ts_code,degree,weighted_degree,pagerank,eigenvector_centrality,betweenness_approx,clustering_coefficient,kcore_number,community_id,community_size,bridge_score,neighbor_style_dispersion,neighbor_avg_pct_chg,neighbor_avg_roe,semantic_industry_consistency
000001.SZ,9.433391,9.433391,9.920954e-05,0.00018804062,0.35708305,0.48735633,1,26,39,0.8,0.0,0.25564998,3.73937,0.2
000002.SZ,45.425453,45.425453,0.0003427806,0.00018804062,0.4099997,0.20612721,1,91,229,0.7948718,0.0,-0.9203629,-16.902975,0.20512821
000006.SZ,11.124883,11.124883,0.00011070084,0.00018804062,0.3874997,0.31182796,1,13,40,0.7419355,0.0,-1.3009,-22.902052,0.2580645
000007.SZ,19.34803,19.34803,0.00015601251,0.00018804062,0.39083302,0.3108108,1,91,229,0.6486486,0.0,-1.2751055,-25.704613,0.35135135
000008.SZ,23.953176,23.953176,0.00017871076,0.00018804062,0.38666636,0.3857143,1,91,229,1.0,0.0,-1.5325888,-27.61802,0.0
000009.SZ,17.068327,17.068327,0.00016216414,0.00018804062,0.37083304,0.17923187,1,95,151,0.65789473,0.0,-0.48953417,4.645392,0.34210527
000010.SZ,24.000092,24.000092,0.00018840726,0.00018804062,0.39583302,0.26204082,1,69,305,0.62,0.0,-1.183772,-18.627926,0.38
000011.SZ,7.4232903,7.4232903,8.3054816e-05,0.00018804062,0.3724997,0.16344085,1,21,149,0.9677419,0.0,-0.14863548,-11.389041,0.032258064
000012.SZ,17.486296,17.486296,0.00017004617,0.00018804062,0.36916637,0.1391129,1,91,229,0.375,0.0,-1.2304593,-2.9717746,0.625
000014.SZ,20.925064,20.925064,0.00017144262,0.00018804062,0.39499968,0.38257575,1,69,305,0.7878788,0.0,-1.5902029,-22.042688,0.21212122
000016.SZ,25.602015,25.602015,0.0001855055,0.00018804062,0.398333,0.35227272,1,91,229,0.7878788,0.0,-1.0463576,-30.706066,0.21212122
000017.SZ,13.134136,13.134136,0.00012709755,0.00018804062,0.3874997,0.23174603,1,91,229,0.8055556,0.0,-1.2731862,13.136239,0.19444445
000019.SZ,10.009709,10.009709,0.00010731814,0.00018804062,0.37833303,0.29677418,1,27,217,0.9677419,0.0,-0.1943129,8.184826,0.032258064
000020.SZ,14.481112,14.481112,0.00014289898,0.00018804062,0.39999968,0.18218623,1,27,217,0.7948718,0.0,-2.109141,-10.799752,0.20512821
000021.SZ,10.379044,10.379044,0.000115070645,0.00018804062,0.37166637,0.14920636,1,23,94,0.9444444,0.0,-1.9344553,1.3961481,0.055555556
000025.SZ,10.022222,10.022222,0.00011291605,0.00018804062,0.36916637,0.26436782,1,93,192,0.96666664,0.0,-0.8215301,7.151999,0.033333335
000026.SZ,7.8234215,7.8234215,9.073578e-05,0.00018804062,0.37166637,0.22528736,1,91,229,0.9,0.0,-1.1700699,5.6033335,0.1
000027.SZ,9.667629,9.667629,0.00011148739,0.00018804062,0.35791638,0.40229884,1,29,12,0.96666664,0.0,2.0413933,7.5722127,0.033333335
000028.SZ,12.263866,12.263866,0.00013363866,0.00018804062,0.3491664,0.32473117,1,21,149,0.9354839,0.0,-0.8990129,2.609132,0.06451613
000029.SZ,16.037518,16.037518,0.00015689399,0.00018804062,0.36166638,0.25604838,1,90,27,0.28125,0.0,-1.1355032,0.18423498,0.71875
000030.SZ,14.101415,14.101415,0.00014655344,0.00018804062,0.36291638,0.13798009,1,91,229,0.7105263,0.0,-1.5803815,0.548585,0.28947368
000031.SZ,17.013353,17.013353,0.00016484341,0.00018804062,0.37916636,0.11764706,1,80,208,0.4117647,0.0,-0.9174794,-5.1803255,0.5882353
000032.SZ,15.210552,15.210552,0.00014945897,0.00018804062,0.39499968,0.1876877,1,91,229,0.5945946,0.0,-1.0070001,-10.66107,0.4054054
000034.SZ,13.101437,13.101437,0.00013447736,0.00018804062,0.35874972,0.08045977,1,33,251,0.6,0.0,-1.2431368,2.3175964,0.4
000035.SZ,16.956137,16.956137,0.00016432557,0.00018804062,0.37833303,0.112375535,1,33,251,0.47368422,0.0,-0.11000791,2.009882,0.5263158
000036.SZ,16.308645,16.308645,0.0001614821,0.00018804062,0.36583304,0.24621212,1,51,81,0.33333334,0.0,-1.6018606,1.2013183,0.6666667
000037.SZ,44.76212,44.76212,0.0003672304,0.00018804062,0.40749967,0.18466572,1,91,229,0.7741935,0.0,0.17545378,9.576091,0.22580644
000039.SZ,14.556115,14.556115,0.00014015422,0.00018804062,0.3774997,0.14772727,1,77,117,0.54545456,0.0,-1.5397576,-1.6457117,0.45454547
000042.SZ,30.510698,30.510698,0.0002344645,0.00018804062,0.39333302,0.25,1,94,65,0.8367347,0.0,-2.071947,-20.176268,0.1632653
000045.SZ,13.810384,13.810384,0.00014037167,0.00018804062,0.36416638,0.17424242,1,91,229,0.5151515,0.0,-1.8386636,-2.6629333,0.4848485
000048.SZ,15.091568,15.091568,0.00014770417,0.00018804062,0.3799997,0.21008404,1,6,36,0.85714287,0.0,-1.34456,4.2083282,0.14285715
000049.SZ,15.061494,15.061494,0.00015142444,0.00018804062,0.35624972,0.24537815,1,43,94,0.4,0.0,-0.44724,3.2961543,0.6
000050.SZ,12.364875,12.364875,0.00012928198,0.00018804062,0.36583304,0.1882353,1,1,211,0.74285716,0.0,-2.6228514,-4.4411645,0.25714287
000055.SZ,15.946682,15.946682,0.00013979906,0.00018804062,0.39916635,0.28876245,1,22,208,0.9736842,0.0,-1.3052368,-24.004387,0.02631579
000056.SZ,36.14141,36.14141,0.00027482916,0.00018804062,0.40166637,0.23182957,1,5,286,0.9649123,0.0,-1.3804528,-13.4471245,0.03508772
000058.SZ,8.076746,8.076746,9.781769e-05,0.00018804062,0.3624997,0.20645161,1,91,229,0.83870965,0.0,0.012174183,1.0020101,0.16129032
000059.SZ,18.44414,18.44414,0.00016101605,0.00018804062,0.38416636,0.26923078,1,59,157,0.9,0.0,-0.72689253,-24.904032,0.1
000060.SZ,12.693965,12.693965,0.00013501593,0.00018804062,0.36666638,0.14314516,1,15,191,0.78125,0.0,-2.4883437,6.411472,0.21875
000061.SZ,18.89935,18.89935,0.00018082075,0.00018804062,0.36583304,0.23333333,1,74,159,0.33333334,0.0,-0.20965834,3.4001303,0.6666667
000062.SZ,11.514865,11.514865,0.00012491812,0.00018804062,0.36666638,0.17424242,1,57,68,0.969697,0.0,-1.3088757,4.333633,0.030303031
000063.SZ,12.674801,12.674801,0.00012475302,0.00018804062,0.37083304,0.07126437,1,93,192,0.73333335,0.0,-2.05751,1.9039966,0.26666668
000065.SZ,14.042548,14.042548,0.00014403366,0.00018804062,0.3674997,0.12903225,1,52,65,0.516129,0.0,-1.7080162,1.9548783,0.48387095
000066.SZ,10.953,10.953,0.00011329277,0.00018804062,0.398333,0.10344828,1,21,149,0.8666667,0.0,-1.5823268,-11.308432,0.13333334
000068.SZ,21.339897,21.339897,0.00017673362,0.00018804062,0.3924997,0.24541062,1,33,251,0.65217394,0.0,-1.6838892,-21.887577,0.3478261
000069.SZ,32.254578,32.254578,0.00024407926,0.00018804062,0.39499968,0.21938775,1,21,149,0.877551,0.0,-1.1762816,-20.028261,0.12244898
000070.SZ,29.907959,29.907959,0.00020505511,0.00018804062,0.39333302,0.36486486,1,91,229,0.6486486,0.0,-1.8298216,-29.243992,0.35135135
000078.SZ,15.276736,15.276736,0.00014416254,0.00018804062,0.39499968,0.16785206,1,52,65,0.7894737,0.0,-0.44966844,-11.743252,0.21052632
000088.SZ,16.983982,16.983982,0.0001638124,0.00018804062,0.38583302,0.21483943,1,90,27,0.60465115,0.0,-0.7758209,6.3759246,0.39534885
000089.SZ,17.997805,17.997805,0.0001704469,0.00018804062,0.3649997,0.3205645,1,94,65,0.21875,0.0,-1.724572,1.1307166,0.78125
000090.SZ,14.862188,14.862188,0.00014225925,0.00018804062,0.3849997,0.20766129,1,94,65,0.625,0.0,-1.3246562,-10.174606,0.375
000096.SZ,15.970952,15.970952,0.0001610661,0.00018804062,0.35874972,0.14838709,1,91,229,0.38709676,0.0,-0.9448,3.3188581,0.61290324
000099.SZ,14.714123,14.714123,0.00015009154,0.00018804062,0.3662497,0.14408602,1,77,117,0.7096774,0.0,-1.8438355,5.0129375,0.29032257
000100.SZ,14.424793,14.424793,0.00014625186,0.00018804062,0.36333305,0.15966387,1,94,65,0.71428573,0.0,-1.8525399,-0.3670464,0.2857143
000151.SZ,56.614864,56.614864,0.00048725522,0.00018804062,0.46166632,0.10181818,1,22,208,0.8693182,0.0,-0.7355177,14.836913,0.13068181
000153.SZ,16.979982,16.979982,0.00016027477,0.00018804062,0.36833304,0.11034483,1,21,149,0.6666667,0.0,-0.58439,0.6233293,0.33333334
000155.SZ,13.485313,13.485313,0.00013790341,0.00018804062,0.36333305,0.15719697,1,12,252,0.36363637,0.0,1.0095667,0.6220879,0.6363636
000156.SZ,14.209082,14.209082,0.00014323027,0.00018804062,0.3699997,0.10967742,1,74,159,0.83870965,0.0,-0.8307516,0.34366423,0.16129032
000157.SZ,17.90322,17.90322,0.00017220982,0.00018804062,0.36583304,0.16042781,1,100,10,0.7941176,0.0,-1.4101821,2.4296875,0.20588236
000158.SZ,27.593874,27.593874,0.00021044373,0.00018804062,0.38083303,0.2508711,1,5,286,0.5952381,0.0,0.61350477,0.84949046,0.4047619
000159.SZ,9.156596,9.156596,0.00010422557,0.00018804062,0.36166638,0.19569893,1,33,251,0.83870965,0.0,-0.7375935,-1.8481194,0.16129032
000166.SZ,9.686749,9.686749,0.00010287074,0.00018804062,0.34874973,0.4,1,57,68,0.9,0.0,-0.067229986,6.526862,0.1
000301.SZ,14.357626,14.357626,0.00014342327,0.00018804062,0.38333303,0.18145162,1,87,102,0.625,0.0,-0.3359719,-9.868563,0.375
000333.SZ,18.85023,18.85023,0.00017171534,0.00018804062,0.35791638,0.22580644,1,1,211,0.58064514,0.0,-0.5460065,3.8411016,0.41935483
000338.SZ,9.861216,9.861216,0.00010850122,0.00018804062,0.3749997,0.18151261,1,74,159,0.94285715,0.0,-2.0415657,8.357507,0.057142857
000400.SZ,7.4373302,7.4373302,9.113822e-05,0.00018804062,0.34999973,0.37241378,1,91,229,0.93333334,0.0,-1.2824334,5.4337597,0.06666667
000401.SZ,11.747564,11.747564,0.0001281619,0.00018804062,0.36166638,0.22528736,1,7,111,0.76666665,0.0,-0.89399654,-0.22967993,0.23333333
000402.SZ,15.638905,15.638905,0.00013883311,0.00018804062,0.39166635,0.33015874,1,19,162,0.6666667,0.0,-1.6654305,-23.479351,0.33333334
000403.SZ,12.39116,12.39116,0.00012445649,0.00018804062,0.38583302,0.22988506,1,77,117,0.5,0.0,-1.1443,5.1593413,0.5
000404.SZ,14.672094,14.672094,0.00014385904,0.00018804062,0.38916636,0.15873016,1,74,159,0.75,0.0,-0.9045778,1.4079145,0.25
000407.SZ,13.308967,13.308967,0.00013748698,0.00018804062,0.3649997,0.21290323,1,33,251,0.87096775,0.0,-0.87364846,6.4871,0.12903225
000408.SZ,16.84078,16.84078,0.00015252037,0.00018804062,0.3924997,0.32307693,1,5,286,0.725,0.0,-1.6637751,13.48528,0.275
000409.SZ,8.249014,8.249014,9.363269e-05,0.00018804062,0.35499972,0.13103448,1,90,27,0.9,0.0,-0.8563067,-3.163139,0.1
000410.SZ,7.802089,7.802089,9.1339774e-05,0.00018804062,0.38833302,0.28045976,1,94,65,0.8333333,0.0,-1.5560735,-13.868522,0.16666667
000411.SZ,12.614691,12.614691,0.00013725883,0.00018804062,0.34874973,0.29924244,1,91,229,0.7878788,0.0,-1.4821485,3.2484245,0.21212122
000415.SZ,10.660032,10.660032,0.00010746518,0.00018804062,0.38083303,0.27272728,1,91,229,0.75757575,0.0,-0.496,-28.66096,0.24242425
000417.SZ,15.473731,15.473731,0.00015987293,0.00018804062,0.35208303,0.24777183,1,87,102,0.44117647,0.0,-0.52950007,4.3730736,0.5588235
000419.SZ,15.274124,15.274124,0.00015875691,0.00018804062,0.3599997,0.2215909,1,91,229,0.75757575,0.0,-0.7507031,2.9369879,0.24242425
000420.SZ,7.644178,7.644178,8.850089e-05,0.00018804062,0.39666635,0.26666668,1,15,191,0.9032258,0.0,-1.6294419,-12.821547,0.09677419
000421.SZ,12.193164,12.193164,0.00013209737,0.00018804062,0.3724997,0.28045976,1,12,252,0.6,0.0,-0.9324533,-4.521362,0.4
000422.SZ,16.502123,16.502123,0.0001569807,0.00018804062,0.38666636,0.15151516,1,5,286,0.3030303,0.0,-0.08972731,1.4322357,0.6969697
000423.SZ,17.10199,17.10199,0.00014821801,0.00018804062,0.3749997,0.570115,1,74,159,0.8333333,0.0,-0.63,19.160013,0.16666667
000425.SZ,9.117615,9.117615,0.00010589929,0.00018804062,0.35833305,0.2505747,1,76,26,0.8666667,0.0,-1.5912099,10.183161,0.13333334
000426.SZ,19.895723,19.895723,0.00017412375,0.00018804062,0.3924997,0.3257468,1,91,229,0.8684211,0.0,-0.94795007,16.091763,0.13157895
000428.SZ,23.278502,23.278502,0.00018686747,0.00018804062,0.3899997,0.35151514,1,91,229,0.5777778,0.0,-1.6621113,-22.944376,0.42222223
000429.SZ,19.889866,19.889866,0.0001809628,0.00018804062,0.38666636,0.29714286,1,20,96,0.88,0.0,-0.07195602,12.754935,0.12
000498.SZ,12.140437,12.140437,0.0001312722,0.00018804062,0.3649997,0.30537635,1,21,149,0.83870965,0.0,-0.5478356,4.3258967,0.16129032
000501.SZ,13.556275,13.556275,0.00014419663,0.00018804062,0.36166638,0.11742424,1,91,229,0.6969697,0.0,-0.61626965,2.0166948,0.3030303
000503.SZ,27.091076,27.091076,0.00020961551,0.00018804062,0.39333302,0.2775842,1,40,114,0.88095236,0.0,-1.8836572,-20.229914,0.11904762
000505.SZ,15.480815,15.480815,0.0001406624,0.00018804062,0.39499968,0.3213213,1,7,111,0.7297297,0.0,-1.0903217,-23.936205,0.27027026
000506.SZ,21.036264,21.036264,0.0001743711,0.00018804062,0.39583302,0.3092437,1,27,217,0.7714286,0.0,-1.7406256,16.187717,0.22857143
000507.SZ,18.189348,18.189348,0.0001756921,0.00018804062,0.3549997,0.29924244,1,74,159,0.33333334,0.0,0.4491061,3.6557608,0.6666667
000509.SZ,29.26464,29.26464,0.00021425587,0.00018804062,0.39083302,0.29758453,1,94,65,0.6304348,0.0,-1.5853349,-20.786322,0.36956522
000510.SZ,18.476637,18.476637,0.00015608498,0.00018804062,0.398333,0.22702104,1,69,305,0.74418604,0.0,-0.74411386,-19.338198,0.25581396
000513.SZ,15.408714,15.408714,0.00013836935,0.00018804062,0.38083303,0.51209676,1,15,191,0.65625,0.0,-1.1720812,18.133305,0.34375
000514.SZ,18.103256,18.103256,0.0001514588,0.00018804062,0.36666638,0.22537112,1,12,252,0.6923077,0.0,-1.1848205,-0.8321779,0.30769232
000516.SZ,16.623789,16.623789,0.00014577074,0.00018804062,0.39083302,0.31010452,1,91,229,0.8333333,0.0,-0.89866674,-24.93771,0.16666667
000517.SZ,10.430204,10.430204,0.00010767445,0.00018804062,0.38333303,0.20320855,1,40,114,0.88235295,0.0,-0.43192646,-15.592544,0.11764706
000519.SZ,10.587485,10.587485,0.00011331511,0.00018804062,0.38416636,0.21609196,1,91,229,0.6333333,0.0,-1.2695735,-12.026088,0.36666667
000520.SZ,24.186726,24.186726,0.0001951279,0.00018804062,0.40499967,0.25443262,1,94,65,0.6458333,0.0,-1.355175,-18.743708,0.35416666
000521.SZ,10.800759,10.800759,0.00011175315,0.00018804062,0.38083303,0.16091955,1,91,229,0.56666666,0.0,-0.9013267,-17.636633,0.43333334
000523.SZ,14.212608,14.212608,0.00014943215,0.00018804062,0.36541638,0.21149425,1,12,252,0.56666666,0.0,-0.61543,3.0823855,0.43333334
000524.SZ,10.170322,10.170322,0.00011161094,0.00018804062,0.36583304,0.10804598,1,89,72,0.8333333,0.0,-0.79456335,3.650382,0.16666667
000525.SZ,16.576612,16.576612,0.00014689511,0.00018804062,0.3849997,0.30317461,1,94,65,0.7777778,0.0,-1.444489,-25.887856,0.22222222
000526.SZ,13.560075,13.560075,0.00012972478,0.00018804062,0.3874997,0.2973485,1,19,162,0.72727275,0.0,-1.3801181,17.193895,0.27272728
000528.SZ,16.701483,16.701483,0.00016540378,0.00018804062,0.35208306,0.23295455,1,53,16,0.57575756,0.0,-1.3828697,6.488087,0.42424244
000529.SZ,6.515207,6.515207,8.405407e-05,0.00018804062,0.36791638,0.28275862,1,91,229,0.96666664,0.0,-0.17846331,-0.013455963,0.033333335
000530.SZ,16.392479,16.392479,0.00016341367,0.00018804062,0.3454164,0.3368984,1,15,191,0.32352942,0.0,-0.81023824,4.517594,0.6764706
000531.SZ,14.09992,14.09992,0.00014444861,0.00018804062,0.37083304,0.1969697,1,59,157,0.75757575,0.0,0.6585849,4.9687757,0.24242425
000532.SZ,16.252113,16.252113,0.00014855067,0.00018804062,0.3899997,0.3211876,1,5,286,0.61538464,0.0,-1.0431153,14.667127,0.3846154
000533.SZ,17.768124,17.768124,0.00016261508,0.00018804062,0.39083302,0.17878787,1,57,68,0.9111111,0.0,-1.312929,11.691783,0.08888889
000534.SZ,13.855494,13.855494,0.00012819328,0.00018804062,0.38166636,0.31612903,1,19,162,0.7419355,0.0,-1.5947839,13.607318,0.2580645
000536.SZ,362.01035,362.01035,0.0024356511,0.00018804062,0.5324996,0.06291854,1,77,117,0.9550562,0.0,-1.4426309,-14.849848,0.04494382
000537.SZ,9.212009,9.212009,0.00010360427,0.00018804062,0.3799997,0.22758621,1,91,229,0.93333334,0.0,2.0890203,5.574819,0.06666667
000538.SZ,10.753371,10.753371,0.00010727368,0.00018804062,0.38666636,0.4408602,1,5,286,0.8064516,0.0,-0.73826456,19.4552,0.19354838
000539.SZ,16.2455,16.2455,0.00015927418,0.00018804062,0.38166636,0.13063063,1,69,305,0.7567568,0.0,1.494027,-3.3845391,0.24324325
000541.SZ,20.346645,20.346645,0.00018150864,0.00018804062,0.400833,0.20672269,1,22,208,0.34285715,0.0,-0.68088293,0.76117754,0.6571429
000543.SZ,15.005696,15.005696,0.00014934814,0.00018804062,0.37916636,0.1969697,1,24,84,0.93939394,0.0,0.4395848,4.5327125,0.060606062
000544.SZ,17.485237,17.485237,0.000177515,0.00018804062,0.35208303,0.12280702,1,12,252,0.43589744,0.0,-1.2577742,1.8952558,0.5641026
000545.SZ,26.181227,26.181227,0.00020072496,0.00018804062,0.39416635,0.31923077,1,77,117,0.6,0.0,-1.3299825,-24.087349,0.4
000546.SZ,14.101753,14.101753,0.00013628499,0.00018804062,0.39583302,0.2405303,1,80,208,0.93939394,0.0,-1.0814091,-10.284923,0.060606062
000547.SZ,23.989534,23.989534,0.00018682118,0.00018804062,0.40249968,0.30197445,1,77,117,0.5,0.0,-1.2095476,-22.640667,0.5
000548.SZ,15.70809,15.70809,0.00016055808,0.00018804062,0.36166638,0.24705882,1,51,81,0.5714286,0.0,-0.5674,4.292714,0.42857143
000550.SZ,10.142377,10.142377,0.000111401045,0.00018804062,0.36916637,0.22068965,1,74,159,0.8666667,0.0,-0.5975767,5.970571,0.13333334
000551.SZ,14.560824,14.560824,0.00013931985,0.00018804062,0.39083302,0.16989248,1,74,159,0.516129,0.0,-0.62936133,9.598744,0.48387095
000552.SZ,18.074444,18.074444,0.00017365548,0.00018804062,0.38666636,0.23885918,1,89,72,0.5588235,0.0,-0.3486235,-2.4736838,0.44117647
000553.SZ,17.02329,17.02329,0.00016979942,0.00018804062,0.3824997,0.13213213,1,91,229,0.6486486,0.0,-0.67971355,-6.0032244,0.35135135
000554.SZ,14.088695,14.088695,0.00014202142,0.00018804062,0.3849997,0.21269841,1,80,208,0.8055556,0.0,-1.5116,9.255001,0.19444445
000555.SZ,8.146322,8.146322,9.0508045e-05,0.00018804062,0.36166638,0.15632184,1,95,151,1.0,0.0,-1.5089133,1.0175267,0.0
000557.SZ,13.191088,13.191088,0.00013864078,0.00018804062,0.3799997,0.12688172,1,32,38,0.87096775,0.0,-0.9035708,5.438743,0.12903225
000558.SZ,14.412898,14.412898,0.00014015021,0.00018804062,0.38166636,0.32258064,1,15,191,0.375,0.0,-1.3138938,-9.88138,0.625
000559.SZ,8.485618,8.485618,0.000100390374,0.00018804062,0.37416637,0.18716578,1,77,117,0.9117647,0.0,-1.1096117,11.691467,0.0882353
000560.SZ,11.893657,11.893657,0.00012200006,0.00018804062,0.3874997,0.19959678,1,33,251,0.625,0.0,-0.9632437,-17.861973,0.375
000561.SZ,12.217792,12.217792,0.00011619559,0.00018804062,0.403333,0.27477476,1,77,117,0.8918919,0.0,-1.4371758,-21.498964,0.10810811
000563.SZ,15.825566,15.825566,0.00015499149,0.00018804062,0.38166636,0.32459676,1,91,229,0.40625,0.0,-1.3454094,2.991512,0.59375
000564.SZ,9.977604,9.977604,0.000111831614,0.00018804062,0.36458305,0.13763441,1,80,208,0.7096774,0.0,-0.19795805,-3.0352082,0.29032257
000565.SZ,13.81394,13.81394,0.000120160206,0.00018804062,0.3799997,0.38319328,1,91,229,0.9142857,0.0,-0.9812401,0.8516601,0.08571429
000566.SZ,152.71188,152.71188,0.0009093027,0.00018804062,0.42499965,0.26505423,1,89,72,0.9727273,0.0,-1.7501097,-23.920683,0.027272727
000567.SZ,13.656689,13.656689,0.00013180557,0.00018804062,0.37916636,0.4114114,1,91,229,0.8378378,0.0,-0.9296054,11.328886,0.16216215
000568.SZ,213.58226,213.58226,0.0016743718,0.00018804062,0.5091663,0.05855538,1,57,68,0.98054475,0.0,-0.9456348,10.948211,0.019455252
000570.SZ,9.533325,9.533325,0.00010644084,0.00018804062,0.36166638,0.1697479,1,69,305,0.94285715,0.0,-2.30666,6.5977435,0.057142857
000571.SZ,74.15769,74.15769,0.00045665057,0.00018804062,0.400833,0.31911165,1,12,252,0.66101694,0.0,-0.7527169,-22.090021,0.33898306
000572.SZ,13.829418,13.829418,0.00011755552,0.00018804062,0.38583302,0.47356322,1,91,229,0.8666667,0.0,-0.89900327,-31.126526,0.13333334
000573.SZ,17.073866,17.073866,0.00015955117,0.00018804062,0.36583304,0.3598485,1,34,43,0.18181819,0.0,-0.46917582,2.0370867,0.8181818
000576.SZ,9.9964695,9.9964695,0.00010534491,0.00018804062,0.3749997,0.21839081,1,5,286,0.6333333,0.0,-1.4374766,8.216513,0.36666667
000581.SZ,8.093302,8.093302,9.510988e-05,0.00018804062,0.36958304,0.19128788,1,5,286,0.90909094,0.0,-1.4804301,9.675801,0.09090909
000582.SZ,10.81047,10.81047,0.00011831816,0.00018804062,0.34958306,0.2045977,1,80,208,0.8666667,0.0,-0.7714699,2.5768178,0.13333334
000586.SZ,14.075561,14.075561,0.00012485085,0.00018804062,0.3874997,0.2651515,1,74,159,0.90909094,0.0,-1.4047334,-8.975373,0.09090909
000589.SZ,14.597895,14.597895,0.00015142838,0.00018804062,0.35833305,0.14838709,1,89,72,0.7741935,0.0,-1.1683484,5.569684,0.22580644
000590.SZ,21.808979,21.808979,0.00017958593,0.00018804062,0.40916634,0.28017718,1,5,286,0.8372093,0.0,-1.455614,-18.617235,0.1627907
000591.SZ,12.239548,12.239548,0.00012682678,0.00018804062,0.3554164,0.31264368,1,94,65,0.46666667,0.0,-0.23983675,2.1232936,0.53333336
000592.SZ,15.147579,15.147579,0.0001444935,0.00018804062,0.38583302,0.1655914,1,52,65,0.5483871,0.0,-0.8086258,-8.540125,0.4516129
000593.SZ,100.54329,100.54329,0.00067309727,0.00018804062,0.410833,0.21270812,1,53,16,0.8715596,0.0,-1.5944806,1.9278073,0.12844037
000596.SZ,13.962915,13.962915,0.00012356364,0.00018804062,0.37916636,0.60860217,1,93,192,0.9032258,0.0,0.62073874,17.779512,0.09677419
000597.SZ,17.753511,17.753511,0.00017036436,0.00018804062,0.3699997,0.17701149,1,24,84,0.4,0.0,-1.5355033,2.4454494,0.6
000598.SZ,10.502397,10.502397,0.00011543823,0.00018804062,0.38666636,0.2631579,1,91,229,0.94736844,0.0,-0.15058689,10.780916,0.05263158
000599.SZ,19.102186,19.102186,0.00016091247,0.00018804062,0.39499968,0.3423077,1,77,117,0.625,0.0,-1.5175775,-25.44119,0.375
000600.SZ,13.326226,13.326226,0.00014008993,0.00018804062,0.3637497,0.20454545,1,13,40,0.93939394,0.0,1.0637758,5.5988727,0.060606062
000601.SZ,18.929716,18.929716,0.00016828053,0.00018804062,0.37083304,0.2914634,1,34,43,0.58536583,0.0,-0.004582952,3.3261015,0.41463414
000603.SZ,17.152197,17.152197,0.00016093707,0.00018804062,0.39333302,0.17211948,1,12,252,0.57894737,0.0,-0.6363368,12.601392,0.42105263
000605.SZ,8.734521,8.734521,0.00010307822,0.00018804062,0.3566664,0.3125,1,21,149,0.875,0.0,-0.5859906,2.3214593,0.125
000607.SZ,13.108851,13.108851,0.0001222757,0.00018804062,0.3874997,0.41505376,1,53,16,0.61290324,0.0,-1.1514646,-25.20949,0.38709676
000610.SZ,31.373034,31.373034,0.00022234749,0.00018804062,0.3924997,0.2959596,1,77,117,0.5555556,0.0,-0.9284532,-22.019571,0.44444445
000612.SZ,13.098386,13.098386,0.00012803187,0.00018804062,0.38666636,0.39314517,1,24,84,0.9375,0.0,-1.1682281,19.772486,0.0625
000617.SZ,17.91895,17.91895,0.0001715336,0.00018804062,0.3699997,0.23333333,1,74,159,0.2777778,0.0,-1.0072112,3.9692392,0.7222222
000619.SZ,13.431205,13.431205,0.0001330028,0.00018804062,0.38833302,0.15966387,1,94,65,0.8,0.0,-1.81598,-16.940758,0.2
000620.SZ,22.84484,22.84484,0.00018483851,0.00018804062,0.39583302,0.3128964,1,91,229,0.90909094,0.0,-0.8292773,-19.920261,0.09090909
000623.SZ,17.566425,17.566425,0.00016082457,0.00018804062,0.39916635,0.21414141,1,24,84,0.75555557,0.0,-0.92818433,10.454483,0.24444444
000625.SZ,12.945651,12.945651,0.00013343256,0.00018804062,0.37916636,0.13563219,1,91,229,0.56666666,0.0,-0.44131005,-0.38059542,0.43333334
000626.SZ,16.582857,16.582857,0.00016600799,0.00018804062,0.38583302,0.2087087,1,91,229,0.5135135,0.0,-2.0934868,-1.1660045,0.4864865
000628.SZ,14.261206,14.261206,0.0001285411,0.00018804062,0.38583302,0.23674242,1,32,38,0.8787879,0.0,-0.33889097,-13.797998,0.121212125
000629.SZ,8.506821,8.506821,9.009271e-05,0.00018804062,0.3849997,0.20645161,1,40,114,0.87096775,0.0,-2.090713,-13.846361,0.12903225
000630.SZ,14.128318,14.128318,0.00014732647,0.00018804062,0.3554164,0.18064517,1,91,229,0.87096775,0.0,-1.8410805,7.2674923,0.12903225
000631.SZ,12.466308,12.466308,0.0001311464,0.00018804062,0.36291638,0.11942959,1,69,305,0.7058824,0.0,-0.7543206,-1.8590175,0.29411766
000632.SZ,23.875296,23.875296,0.00019712264,0.00018804062,0.39499968,0.32179487,1,11,17,0.6,0.0,-0.89484245,-14.714279,0.4
000633.SZ,18.054045,18.054045,0.00016145445,0.00018804062,0.40999967,0.18351063,1,12,252,0.6666667,0.0,-0.86138123,-9.027838,0.33333334
000635.SZ,19.344479,19.344479,0.00015854789,0.00018804062,0.39333302,0.40336135,1,80,208,0.7714286,0.0,-1.66358,-28.25766,0.22857143
000636.SZ,12.512161,12.512161,0.00013387516,0.00018804062,0.36541638,0.1827957,1,57,68,0.7419355,0.0,-1.9665871,4.627946,0.2580645
000637.SZ,18.372915,18.372915,0.00015451161,0.00018804062,0.3899997,0.3240418,1,1,211,0.95238096,0.0,-1.1785976,-25.773516,0.04761905
000639.SZ,15.326128,15.326128,0.00015678619,0.00018804062,0.36583304,0.14314516,1,74,159,0.71875,0.0,-0.63128126,2.0498755,0.28125
000650.SZ,17.041922,17.041922,0.00016260125,0.00018804062,0.37791637,0.25201613,1,74,159,0.1875,0.0,-1.1867907,6.6928225,0.8125
000651.SZ,9.241905,9.241905,9.997717e-05,0.00018804062,0.38833302,0.3218391,1,91,229,0.6666667,0.0,-0.31924668,18.241566,0.33333334
000652.SZ,13.743829,13.743829,0.0001367565,0.00018804062,0.3874997,0.23481782,1,2,80,0.7948718,0.0,-0.7589127,-19.789625,0.20512821
000655.SZ,16.770002,16.770002,0.00016508003,0.00018804062,0.36666638,0.16781609,1,74,159,0.8333333,0.0,-0.44378334,2.6317444,0.16666667
000657.SZ,17.320585,17.320585,0.00016198492,0.00018804062,0.37833303,0.23755334,1,15,191,0.47368422,0.0,-1.7406948,10.778526,0.5263158
000659.SZ,37.28615,37.28615,0.00026113406,0.00018804062,0.398333,0.1865828,1,93,192,0.7407407,0.0,-1.76075,-17.009361,0.25925925
000661.SZ,15.339351,15.339351,0.00014369444,0.00018804062,0.3774997,0.17267267,1,15,191,0.6216216,0.0,-1.2350785,-3.765114,0.3783784
000663.SZ,8.40854,8.40854,8.8578505e-05,0.00018804062,0.38166636,0.37011495,1,33,251,0.9,0.0,-2.1499834,-22.023306,0.1
000665.SZ,14.105367,14.105367,0.00011848723,0.00018804062,0.39583302,0.49596775,1,27,217,0.75,0.0,-1.4596281,-31.223217,0.25
000670.SZ,40.03081,40.03081,0.00028008313,0.00018804062,0.39499968,0.18859649,1,12,252,0.5614035,0.0,-1.4086176,-16.422096,0.4385965
000672.SZ,13.965996,13.965996,0.0001496235,0.00018804062,0.34999973,0.19569893,1,19,162,0.38709676,0.0,-1.6088903,3.2030098,0.61290324
000676.SZ,15.3021755,15.3021755,0.00015404134,0.00018804062,0.37708303,0.20766129,1,51,81,0.40625,0.0,-1.1197188,3.0640938,0.59375
000677.SZ,18.117458,18.117458,0.00015778314,0.00018804062,0.38916636,0.28106853,1,74,159,0.54761904,0.0,0.13812381,3.0580692,0.45238096
000678.SZ,18.84881,18.84881,0.00016591206,0.00018804062,0.408333,0.23902439,1,91,229,0.36585367,0.0,-0.663878,-18.042383,0.63414633
000679.SZ,38.287064,38.287064,0.00026115653,0.00018804062,0.39583302,0.2857143,1,74,159,0.90697676,0.0,-1.7990187,-24.138538,0.093023255
000680.SZ,11.123751,11.123751,0.000116117764,0.00018804062,0.3874997,0.34117648,1,20,96,0.8857143,0.0,-0.6748857,19.530338,0.114285715
000681.SZ,10.447287,10.447287,0.00011533483,0.00018804062,0.36708304,0.14022988,1,2,80,0.9,0.0,-0.8526667,0.3676306,0.1
000682.SZ,15.487391,15.487391,0.00015982853,0.00018804062,0.36333305,0.17619048,1,100,10,0.75,0.0,-1.2158278,4.149589,0.25
000683.SZ,11.002983,11.002983,0.00011795478,0.00018804062,0.37916636,0.10107527,1,21,149,0.87096775,0.0,-0.8649613,0.70791024,0.12903225
000685.SZ,15.557006,15.557006,0.00015844991,0.00018804062,0.36124972,0.13630229,1,77,117,0.7948718,0.0,-0.6639308,-0.042914897,0.20512821
000686.SZ,17.541931,17.541931,0.00016358495,0.00018804062,0.36083305,0.21212122,1,61,124,0.36363637,0.0,-1.4082121,3.6935153,0.6363636
000688.SZ,15.468003,15.468003,0.00014019411,0.00018804062,0.36666638,0.2761905,1,12,252,0.8333333,0.0,-2.0472612,11.940034,0.16666667
000690.SZ,17.400213,17.400213,0.00016587439,0.00018804062,0.3849997,0.19871795,1,74,159,0.75,0.0,-1.3285725,8.5744,0.25
000692.SZ,66.680305,66.680305,0.00050479855,0.00018804062,0.44749966,0.13369128,1,59,157,0.86,0.0,-0.9795706,-11.445468,0.14
000695.SZ,59.839134,59.839134,0.0003935127,0.00018804062,0.40833303,0.25407925,1,87,102,0.8787879,0.0,-1.7882273,-23.22322,0.121212125
000700.SZ,12.54791,12.54791,0.00013042496,0.00018804062,0.38083303,0.1954023,1,5,286,0.73333335,0.0,-1.6610466,6.232071,0.26666668
000701.SZ,9.244352,9.244352,9.550578e-05,0.00018804062,0.38416636,0.33333334,1,91,229,0.9354839,0.0,-0.78875154,-25.989609,0.06451613
000702.SZ,13.271343,13.271343,0.00012400716,0.00018804062,0.41166633,0.25714287,1,5,286,0.6857143,0.0,-1.5826459,-21.375893,0.31428573
000703.SZ,7.570542,7.570542,8.988094e-05,0.00018804062,0.35874972,0.23678161,1,59,157,0.8666667,0.0,-0.35317335,-1.4985667,0.13333334
000705.SZ,16.44952,16.44952,0.00016369655,0.00018804062,0.35333306,0.1952381,1,19,162,0.9444444,0.0,-0.9005056,3.6800718,0.055555556
000707.SZ,10.608665,10.608665,0.000115621806,0.00018804062,0.39333302,0.14712644,1,15,191,0.6333333,0.0,-0.8029566,-3.1586058,0.36666667
000708.SZ,12.697057,12.697057,0.00013118701,0.00018804062,0.35458305,0.18390805,1,21,149,0.56666666,0.0,-1.0210668,1.6155535,0.43333334
000709.SZ,9.613215,9.613215,0.00010182362,0.00018804062,0.3824997,0.2983871,1,102,50,0.8125,0.0,-0.4314438,-14.703762,0.1875
000710.SZ,14.547278,14.547278,0.00013866421,0.00018804062,0.38833302,0.24420677,1,74,159,0.4117647,0.0,-1.2642324,-6.6190157,0.5882353
000712.SZ,14.451137,14.451137,0.00013958926,0.00018804062,0.36041638,0.17011495,1,77,117,0.36666667,0.0,-1.5839,2.0249765,0.6333333
000713.SZ,13.346808,13.346808,0.00012681488,0.00018804062,0.39583302,0.27327326,1,13,40,0.9459459,0.0,-1.2466621,-22.813766,0.054054055
000715.SZ,15.973491,15.973491,0.00014559868,0.00018804062,0.3899997,0.25238097,1,77,117,0.5,0.0,-0.64056104,2.7954354,0.5
000716.SZ,19.349892,19.349892,0.00018040776,0.00018804062,0.37666637,0.17478992,1,77,117,0.4857143,0.0,-0.2964114,-0.85098225,0.51428574
000717.SZ,9.10736,9.10736,9.35004e-05,0.00018804062,0.38333303,0.39310345,1,74,159,0.8666667,0.0,-0.9441966,-31.161085,0.13333334
000718.SZ,16.319506,16.319506,0.00016254469,0.00018804062,0.35791638,0.18571429,1,15,191,0.33333334,0.0,-1.7537166,4.273128,0.6666667
000719.SZ,18.423763,18.423763,0.00017802953,0.00018804062,0.38083303,0.21666667,1,80,208,0.6,0.0,-1.0527551,7.6310883,0.4
000720.SZ,11.903447,11.903447,0.000116525945,0.00018804062,0.4049997,0.21975806,1,36,1,1.0,0.0,-0.6187719,-10.547953,0.0
000721.SZ,31.285091,31.285091,0.00022007794,0.00018804062,0.38583302,0.3562753,1,43,94,0.5641026,0.0,-1.3394538,-25.63294,0.43589744
000722.SZ,16.581093,16.581093,0.00015363973,0.00018804062,0.38583302,0.2551282,1,87,102,0.8,0.0,-1.0139724,4.9890995,0.2
000723.SZ,15.722849,15.722849,0.00014289023,0.00018804062,0.39499968,0.2645074,1,90,27,0.71794873,0.0,-1.2325821,-20.82535,0.2820513
000725.SZ,14.665705,14.665705,0.00014939476,0.00018804062,0.36666638,0.15294118,1,15,191,0.62857145,0.0,-2.2582543,5.186233,0.37142858
000726.SZ,17.422783,17.422783,0.00016829696,0.00018804062,0.34958306,0.24193548,1,74,159,0.53125,0.0,-1.3306906,3.8650467,0.46875
000727.SZ,23.037918,23.037918,0.00018975459,0.00018804062,0.39166635,0.24659865,1,74,159,0.6530612,0.0,-1.6685694,-19.772097,0.3469388
000728.SZ,15.573065,15.573065,0.00015267992,0.00018804062,0.35583305,0.14314516,1,7,111,0.5,0.0,-1.4476345,2.2472506,0.5
000729.SZ,14.282057,14.282057,0.00014165012,0.00018804062,0.3849997,0.2795699,1,21,149,0.8064516,0.0,-0.9356903,13.8961315,0.19354838
000731.SZ,14.1715555,14.1715555,0.00014099687,0.00018804062,0.37749973,0.13563219,1,102,50,0.6333333,0.0,-1.46071,2.3447287,0.36666667
000733.SZ,9.437639,9.437639,0.00010499873,0.00018804062,0.3649997,0.15268818,1,15,191,0.9354839,0.0,-2.0896742,-0.42539605,0.06451613
000735.SZ,9.03824,9.03824,0.00010676828,0.00018804062,0.35249972,0.27741936,1,76,26,0.8064516,0.0,-1.6452516,1.1575807,0.19354838
000737.SZ,9.005205,9.005205,0.000105512816,0.00018804062,0.36458305,0.22365591,1,27,217,0.83870965,0.0,-2.754335,10.618918,0.16129032
000738.SZ,11.713566,11.713566,0.0001249009,0.00018804062,0.35374972,0.27462122,1,74,159,0.6969697,0.0,-0.69082123,2.8345997,0.3030303
000739.SZ,15.955409,15.955409,0.00015860672,0.00018804062,0.36124972,0.11092437,1,91,229,0.51428574,0.0,-0.8582399,2.7688594,0.4857143
000750.SZ,17.444952,17.444952,0.00017147372,0.00018804062,0.3504164,0.31428573,1,30,30,0.4,0.0,-0.66073143,3.5477514,0.6
000751.SZ,43.151146,43.151146,0.00036021756,0.00018804062,0.43166634,0.14525993,1,24,84,0.95412844,0.0,0.033112817,2.3887038,0.04587156
000753.SZ,11.340893,11.340893,0.00012432528,0.00018804062,0.37583303,0.27586207,1,27,217,0.76666665,0.0,-0.93874663,-8.448586,0.23333333
000755.SZ,18.616917,18.616917,0.00018071668,0.00018804062,0.37666637,0.1891892,1,91,229,0.7894737,0.0,-0.74906045,6.3693633,0.21052632
000756.SZ,10.619859,10.619859,0.00011369265,0.00018804062,0.36791638,0.13636364,1,32,38,0.90909094,0.0,-1.3960667,3.4379578,0.09090909
000757.SZ,11.086665,11.086665,0.00012042288,0.00018804062,0.35374972,0.089655176,1,87,102,0.73333335,0.0,-1.1350434,1.6521633,0.26666668
000758.SZ,8.377727,8.377727,9.9653706e-05,0.00018804062,0.3724997,0.16774194,1,22,208,0.83870965,0.0,-2.1613452,6.2324944,0.16129032
000759.SZ,48.73301,48.73301,0.00035448512,0.00018804062,0.40999967,0.23783784,1,102,50,0.74666667,0.0,-0.8350867,-17.893702,0.25333333
000761.SZ,34.286728,34.286728,0.00026737235,0.00018804062,0.398333,0.19014084,1,34,43,0.8472222,0.0,-1.0848279,-13.391709,0.15277778
000762.SZ,13.0940075,13.0940075,0.000121912984,0.00018804062,0.39583302,0.28907564,1,15,191,0.8,0.0,-2.5661285,-19.534021,0.2
000766.SZ,22.67158,22.67158,0.00017765602,0.00018804062,0.3874997,0.21718931,1,96,56,0.88095236,0.0,-1.1375523,-0.5456662,0.11904762
000767.SZ,15.242156,15.242156,0.0001516788,0.00018804062,0.3774997,0.1659919,1,43,94,0.74358976,0.0,1.3985846,-0.13542224,0.25641027
000768.SZ,12.56916,12.56916,0.0001337363,0.00018804062,0.3849997,0.16098484,1,13,40,0.969697,0.0,-0.6546182,1.0231701,0.030303031
000776.SZ,13.1469,13.1469,0.00013241809,0.00018804062,0.34374973,0.28817204,1,74,159,0.7096774,0.0,-0.05421937,7.5910234,0.29032257
000777.SZ,12.374846,12.374846,0.00012695088,0.00018804062,0.36083305,0.120430104,1,5,286,0.58064514,0.0,-1.8702452,3.8066375,0.41935483
000778.SZ,11.833892,11.833892,0.00012195487,0.00018804062,0.36333305,0.14408602,1,22,208,0.61290324,0.0,-1.3572227,-2.7360785,0.38709676
000779.SZ,14.723086,14.723086,0.00015385904,0.00018804062,0.35958305,0.23674242,1,89,72,0.8787879,0.0,-0.8134363,2.9026682,0.121212125
000782.SZ,17.888256,17.888256,0.00015352803,0.00018804062,0.39916638,0.2923077,1,12,252,0.625,0.0,-1.0975225,-23.862705,0.375
000783.SZ,17.35191,17.35191,0.00016400365,0.00018804062,0.3529164,0.25079367,1,102,50,0.44444445,0.0,-1.2018443,2.975745,0.5555556
000785.SZ,20.494204,20.494204,0.00018950306,0.00018804062,0.36583304,0.23123123,1,74,159,0.27027026,0.0,-0.21945134,1.8778268,0.7297297
000786.SZ,12.578346,12.578346,0.0001251996,0.00018804062,0.3899997,0.24126984,1,34,43,0.8055556,0.0,-1.6347082,13.566644,0.19444445
000788.SZ,9.6001,9.6001,0.000103027225,0.00018804062,0.39333302,0.105747126,1,71,1,1.0,0.0,-1.5751598,4.1703377,0.0
000789.SZ,10.736008,10.736008,0.00011712809,0.00018804062,0.37708303,0.291954,1,91,229,0.8,0.0,-1.0542434,-2.7180593,0.2
000790.SZ,93.03143,93.03143,0.0006623723,0.00018804062,0.45249963,0.14060558,1,12,252,0.8074534,0.0,-1.3862553,-10.797954,0.19254659
000791.SZ,12.568554,12.568554,0.00012201408,0.00018804062,0.39666635,0.3529412,1,80,208,0.82857144,0.0,-0.23365708,18.88215,0.17142858
000792.SZ,22.817528,22.817528,0.0001949593,0.00018804062,0.39083302,0.27378437,1,74,159,0.59090906,0.0,-0.7610819,13.062518,0.4090909
000795.SZ,14.275175,14.275175,0.00015111695,0.00018804062,0.36541638,0.26209676,1,27,217,0.75,0.0,-2.4840562,6.341737,0.25
000796.SZ,9.291993,9.291993,9.180409e-05,0.00018804062,0.38083303,0.49655172,1,74,159,0.8333333,0.0,-1.9783232,-36.214478,0.16666667
000797.SZ,12.800162,12.800162,0.00012252008,0.00018804062,0.39416635,0.27651516,1,74,159,0.6666667,0.0,-0.602903,-25.069746,0.33333334
000798.SZ,10.25717,10.25717,0.00010581156,0.00018804062,0.36833304,0.34408602,1,12,252,0.67741936,0.0,-1.1391289,17.022472,0.32258064
000799.SZ,17.565163,17.565163,0.0001636504,0.00018804062,0.36208305,0.27096775,1,77,117,0.32258064,0.0,-1.3018677,0.16827065,0.67741936
000800.SZ,15.072935,15.072935,0.00015664627,0.00018804062,0.37041637,0.25,1,89,72,0.875,0.0,-0.88229066,2.7891662,0.125
000801.SZ,19.78007,19.78007,0.00018133786,0.00018804062,0.3554164,0.40106952,1,102,50,0.11764706,0.0,-0.5232472,1.8172418,0.88235295
000802.SZ,379.75464,379.75464,0.0026746185,0.00018804062,0.5533329,0.04613326,1,14,83,0.9749632,0.0,-1.2788749,-10.427406,0.02503682
000803.SZ,8.230154,8.230154,9.6685486e-05,0.00018804062,0.36166638,0.19784947,1,74,159,0.9677419,0.0,-0.3637032,1.9135741,0.032258064
000807.SZ,23.97452,23.97452,0.00021647086,0.00018804062,0.40916634,0.19798793,1,21,149,0.90140843,0.0,-1.0795268,13.743581,0.09859155
000809.SZ,15.964465,15.964465,0.00014666659,0.00018804062,0.38916636,0.22198732,1,59,157,0.75,0.0,-1.0849863,-11.664526,0.25
000810.SZ,11.426807,11.426807,0.0001161907,0.00018804062,0.38666636,0.2580645,1,102,50,0.75,0.0,0.0325031,-12.23397,0.25
000811.SZ,11.658444,11.658444,0.00012604533,0.00018804062,0.3699997,0.21609196,1,2,80,0.6333333,0.0,-1.1774867,7.6154675,0.36666667
000812.SZ,11.758235,11.758235,0.0001249704,0.00018804062,0.36124972,0.23106061,1,69,305,0.8484849,0.0,-1.129515,3.0610485,0.15151516
000813.SZ,21.641674,21.641674,0.00018434027,0.00018804062,0.38083303,0.25410628,1,12,252,0.5,0.0,-1.3362392,-6.930683,0.5
000815.SZ,13.953921,13.953921,0.00012963732,0.00018804062,0.39333302,0.23361345,1,21,149,0.82857144,0.0,-1.4901229,1.5521548,0.17142858
000816.SZ,11.796954,11.796954,0.0001296718,0.00018804062,0.35708305,0.14838709,1,12,252,0.6451613,0.0,-1.7204256,6.241968,0.3548387
000818.SZ,21.206709,21.206709,0.0001926015,0.00018804062,0.36166638,0.25555557,1,77,117,0.22222222,0.0,-0.8386445,2.5628667,0.7777778
000819.SZ,14.792868,14.792868,0.00014495447,0.00018804062,0.38583302,0.24301076,1,15,191,0.7741935,0.0,-0.29845485,-4.701544,0.22580644
000822.SZ,28.289324,28.289324,0.00021163728,0.00018804062,0.38916636,0.35135135,1,30,30,0.84210527,0.0,-0.7597842,-26.613234,0.15789473
000823.SZ,15.166515,15.166515,0.00015467757,0.00018804062,0.37416637,0.21269841,1,17,17,0.75,0.0,-1.4619279,4.36044,0.25
000825.SZ,14.71588,14.71588,0.0001513389,0.00018804062,0.35874972,0.17849462,1,101,3,0.9354839,0.0,-1.1533903,-1.4528002,0.06451613
000826.SZ,57.47157,57.47157,0.00037129805,0.00018804062,0.400833,0.30273223,1,91,229,0.8360656,0.0,-1.7348477,-20.81149,0.16393442
000828.SZ,15.473017,15.473017,0.00014772556,0.00018804062,0.38916636,0.33001107,1,27,217,0.8372093,0.0,-0.58196735,12.526068,0.1627907
000829.SZ,18.07254,18.07254,0.00016160795,0.00018804062,0.39916635,0.34412956,1,34,43,0.33333334,0.0,-1.2941924,-7.8991175,0.6666667
000830.SZ,7.4119563,7.4119563,9.162658e-05,0.00018804062,0.37458304,0.18064517,1,80,208,0.83870965,0.0,0.24343547,2.8155951,0.16129032
000831.SZ,19.37237,19.37237,0.00016336201,0.00018804062,0.37916636,0.24268293,1,95,151,0.8780488,0.0,-1.3713927,3.8790975,0.12195122
000833.SZ,14.818046,14.818046,0.00014388913,0.00018804062,0.38916636,0.24738675,1,91,229,0.8095238,0.0,-1.5079451,12.4887495,0.1904762
000837.SZ,6.8525696,6.8525696,8.394051e-05,0.00018804062,0.3624997,0.2091954,1,51,81,0.96666664,0.0,-1.5925134,2.0991971,0.033333335
000838.SZ,16.42613,16.42613,0.00014665187,0.00018804062,0.39749968,0.24363233,1,74,159,0.76744187,0.0,-1.1515883,-22.131838,0.23255815
000839.SZ,7.5997367,7.5997367,7.800875e-05,0.00018804062,0.38583302,0.43678162,1,91,229,0.8666667,0.0,-1.20171,-33.500134,0.13333334
000848.SZ,12.058677,12.058677,0.00011592283,0.00018804062,0.37916636,0.5241379,1,52,65,0.96666664,0.0,-1.3758199,20.233694,0.033333335
000850.SZ,10.989659,10.989659,0.000119216886,0.00018804062,0.35249972,0.19784947,1,19,162,0.7419355,0.0,-0.62048715,3.819742,0.2580645
000852.SZ,13.841267,13.841267,0.00012588735,0.00018804062,0.36333305,0.29411766,1,20,96,0.61764705,0.0,-0.6484559,-1.5711908,0.38235295
000856.SZ,10.825775,10.825775,0.00011770121,0.00018804062,0.3674997,0.10695187,1,12,252,0.64705884,0.0,-2.1581619,3.8492136,0.3529412
000858.SZ,23.20253,23.20253,0.00020129596,0.00018804062,0.39166635,0.32346722,1,33,251,0.75,0.0,-1.024675,14.109034,0.25
000859.SZ,11.090017,11.090017,0.000111369474,0.00018804062,0.39666635,0.33650795,1,19,162,0.9722222,0.0,-2.097678,-23.612314,0.027777778
000860.SZ,7.433648,7.433648,8.542066e-05,0.00018804062,0.39666635,0.1908046,1,89,72,0.96666664,0.0,1.2801967,-0.6522512,0.033333335
000862.SZ,12.389732,12.389732,0.00012060021,0.00018804062,0.37083304,0.27272728,1,15,191,0.93939394,0.0,1.3161302,2.1529303,0.060606062
000863.SZ,16.727833,16.727833,0.00016769426,0.00018804062,0.3662497,0.07017544,1,13,40,0.9230769,0.0,-0.7780744,0.63355625,0.07692308
000868.SZ,15.794076,15.794076,0.00013529851,0.00018804062,0.39666635,0.36302522,1,5,286,0.74285716,0.0,-0.9687972,-31.606142,0.25714287
000869.SZ,15.197809,15.197809,0.00014812636,0.00018804062,0.36999974,0.17849462,1,15,191,0.41935483,0.0,-1.6042031,1.0275064,0.58064514
000875.SZ,14.48722,14.48722,0.00014470366,0.00018804062,0.3516664,0.19354838,1,93,192,0.58064514,0.0,0.960213,2.3045807,0.41935483
000876.SZ,19.421335,19.421335,0.00018459908,0.00018804062,0.36124972,0.30756304,1,74,159,0.37142858,0.0,-0.9343971,3.4149427,0.62857145
000877.SZ,21.45301,21.45301,0.00019090861,0.00018804062,0.39833304,0.26847664,1,51,81,0.5192308,0.0,-1.0681307,-14.271733,0.48076922
000878.SZ,15.570138,15.570138,0.00015846561,0.00018804062,0.36208305,0.18560606,1,21,149,0.8181818,0.0,-2.003109,7.2719107,0.18181819
000880.SZ,15.761218,15.761218,0.00014542344,0.00018804062,0.39999968,0.18253969,1,59,157,0.8333333,0.0,-0.82873607,7.839119,0.16666667
000881.SZ,12.196202,12.196202,0.000121347635,0.00018804062,0.38916636,0.13709678,1,15,191,0.5,0.0,-0.5949969,-10.544896,0.5
000882.SZ,12.056267,12.056267,0.000114399045,0.00018804062,0.37666637,0.29915968,1,74,159,0.82857144,0.0,-1.4895458,-16.19865,0.17142858
000883.SZ,13.575073,13.575073,0.00013982371,0.00018804062,0.36541638,0.16091955,1,74,159,0.9,0.0,0.8701266,0.6084406,0.1
000885.SZ,9.949986,9.949986,0.00010869769,0.00018804062,0.36458305,0.14022988,1,5,286,0.76666665,0.0,-0.7165633,3.636077,0.23333333
000886.SZ,18.850422,18.850422,0.00016821283,0.00018804062,0.37583303,0.22222222,1,91,229,0.67391306,0.0,-0.6605718,2.760502,0.32608697
000887.SZ,20.061056,20.061056,0.00018772183,0.00018804062,0.35916638,0.09625668,1,89,72,0.7058824,0.0,-1.3786175,2.1054854,0.29411766
000888.SZ,13.335468,13.335468,0.00013214484,0.00018804062,0.3799997,0.43968254,1,27,217,0.6944444,0.0,-0.9048695,16.028496,0.30555555
000889.SZ,133.16571,133.16571,0.00093012274,0.00018804062,0.47833297,0.08063669,1,87,102,0.9058296,0.0,-0.9466443,-4.5622144,0.09417041
000890.SZ,248.70049,248.70049,0.0016309576,0.00018804062,0.5116663,0.069239,1,5,286,0.8796296,0.0,-1.0617645,-8.018333,0.12037037
000892.SZ,15.836051,15.836051,0.00013975475,0.00018804062,0.37833303,0.25873017,1,5,286,0.7777778,0.0,-1.2297444,-18.104553,0.22222222
000893.SZ,18.76527,18.76527,0.00016411087,0.00018804062,0.3874997,0.3838384,1,34,43,0.44444445,0.0,-0.40303558,12.329137,0.5555556
000895.SZ,23.82281,23.82281,0.00020750683,0.00018804062,0.403333,0.18518518,1,6,36,0.72727275,0.0,-1.3366783,12.876139,0.27272728
000897.SZ,13.824933,13.824933,0.00014041,0.00018804062,0.36166638,0.12698413,1,34,43,0.6388889,0.0,-0.99654454,0.25361118,0.3611111
000898.SZ,16.179712,16.179712,0.00014124662,0.00018804062,0.39666635,0.33738193,1,77,117,0.6666667,0.0,-0.72111017,-23.563679,0.33333334
000899.SZ,14.5660515,14.5660515,0.00014463454,0.00018804062,0.38083303,0.23106061,1,91,229,0.42424244,0.0,-0.8942636,3.5757394,0.57575756
000900.SZ,9.3282,9.3282,0.00011277379,0.00018804062,0.35916638,0.33978495,1,80,208,0.87096775,0.0,-0.54275805,5.9091425,0.12903225
000901.SZ,12.598452,12.598452,0.00012542859,0.00018804062,0.37833303,0.23991935,1,34,43,0.375,0.0,-1.4844875,6.4030476,0.625
000902.SZ,13.415603,13.415603,0.00012964991,0.00018804062,0.38916636,0.1942959,1,77,117,0.5882353,0.0,-1.2659295,11.737562,0.4117647
000905.SZ,16.228397,16.228397,0.00016361992,0.00018804062,0.35208306,0.23809524,1,43,94,0.6111111,0.0,0.33096108,2.4423363,0.3888889
000906.SZ,16.5722,16.5722,0.00016455096,0.00018804062,0.38666636,0.14053427,1,87,102,0.97619045,0.0,-0.8173334,0.018660715,0.023809524
000910.SZ,18.676525,18.676525,0.00017950886,0.00018804062,0.3529164,0.1996435,1,74,159,0.2647059,0.0,-1.1796911,3.7518442,0.7352941
000911.SZ,27.920782,27.920782,0.00020519359,0.00018804062,0.40416634,0.27382055,1,5,286,0.63829786,0.0,-1.2951554,-20.827093,0.3617021
000912.SZ,9.22575,9.22575,9.362523e-05,0.00018804062,0.39333302,0.33793104,1,95,151,1.0,0.0,-0.97147,-0.67181987,0.0
000913.SZ,16.997736,16.997736,0.00015788422,0.00018804062,0.4024997,0.23678647,1,91,229,0.70454544,0.0,-1.1958727,15.343514,0.29545453
000915.SZ,168.85915,168.85915,0.0013359417,0.00018804062,0.48499963,0.069258034,1,77,117,0.94074076,0.0,-0.8517445,9.357024,0.05925926
000917.SZ,21.329153,21.329153,0.00020282448,0.00018804062,0.3529164,0.38825756,1,51,81,0.121212125,0.0,-1.3260181,3.6947696,0.8787879
000919.SZ,15.419424,15.419424,0.00015633115,0.00018804062,0.36416638,0.19310345,1,94,65,0.8333333,0.0,-1.1186867,5.411532,0.16666667
000920.SZ,13.956428,13.956428,0.00014488943,0.00018804062,0.3737497,0.15864527,1,80,208,0.5294118,0.0,-1.7145264,2.7919,0.47058824
000921.SZ,13.299997,13.299997,0.00013608269,0.00018804062,0.3849997,0.3210084,1,76,26,0.8857143,0.0,-0.1384886,18.796223,0.114285715
000922.SZ,13.602106,13.602106,0.00014278598,0.00018804062,0.36916637,0.30317461,1,52,65,0.7777778,0.0,-1.5741389,5.762472,0.22222222
000923.SZ,11.469031,11.469031,0.000119573066,0.00018804062,0.3774997,0.32007575,1,87,102,0.8787879,0.0,-1.6823152,12.783862,0.121212125
000925.SZ,12.481978,12.481978,0.000120215795,0.00018804062,0.39499968,0.26984128,1,59,157,0.7777778,0.0,0.23866384,-6.518471,0.22222222
000926.SZ,24.728472,24.728472,0.00019605004,0.00018804062,0.39166635,0.28846154,1,15,191,0.875,0.0,-1.3528001,-21.761747,0.125
000927.SZ,15.387381,15.387381,0.00015745891,0.00018804062,0.35249972,0.27620968,1,43,94,0.625,0.0,0.21309689,2.9100125,0.375
000928.SZ,15.935935,15.935935,0.00016055639,0.00018804062,0.39333302,0.14022988,1,91,229,0.36666667,0.0,-0.9283866,1.0687207,0.6333333
000930.SZ,18.423054,18.423054,0.00017761608,0.00018804062,0.36458305,0.31907308,1,74,159,0.3529412,0.0,-0.35630882,1.1746358,0.64705884
000931.SZ,17.981369,17.981369,0.00016891937,0.00018804062,0.37166637,0.17204301,1,77,117,0.29032257,0.0,-1.4406484,4.7315793,0.7096774
000932.SZ,12.075121,12.075121,0.00012953968,0.00018804062,0.35874972,0.19310345,1,91,229,0.7,0.0,-0.5515133,-2.5331266,0.3
000933.SZ,17.496546,17.496546,0.00017061661,0.00018804062,0.38833302,0.20243903,1,89,72,0.6585366,0.0,-1.0781122,7.9196057,0.34146342
000935.SZ,13.386753,13.386753,0.00013661839,0.00018804062,0.3699997,0.2405303,1,15,191,0.5151515,0.0,-1.5456182,7.811614,0.4848485
000936.SZ,15.16591,15.16591,0.0001526888,0.00018804062,0.37333304,0.109848484,1,80,208,0.7878788,0.0,-0.5536121,3.4462667,0.21212122
000937.SZ,12.317755,12.317755,0.0001285355,0.00018804062,0.36583304,0.20229885,1,77,117,0.6666667,0.0,0.84254324,0.86505,0.33333334
000938.SZ,18.526173,18.526173,0.0001711306,0.00018804062,0.3799997,0.2840909,1,94,65,0.33333334,0.0,-1.6823152,6.8698673,0.6666667
000948.SZ,13.910723,13.910723,0.00014067367,0.00018804062,0.3624997,0.071969695,1,57,68,0.72727275,0.0,-0.6658273,2.8048363,0.27272728
000949.SZ,9.416525,9.416525,0.000108327426,0.00018804062,0.36416638,0.21935484,1,12,252,0.67741936,0.0,-0.9821515,2.686616,0.32258064
000950.SZ,14.735707,14.735707,0.0001546502,0.00018804062,0.35666636,0.1733871,1,33,251,0.75,0.0,-1.1391156,0.7953062,0.25
000951.SZ,14.2326975,14.2326975,0.00014406015,0.00018804062,0.38833302,0.24761905,1,2,80,0.44444445,0.0,-0.5425972,10.889512,0.5555556
000952.SZ,16.111744,16.111744,0.0001368575,0.00018804062,0.39166635,0.40719697,1,27,217,0.7878788,0.0,-1.3111454,-29.990862,0.21212122
000953.SZ,16.753016,16.753016,0.00014918981,0.00018804062,0.39583302,0.18658537,1,15,191,0.6097561,0.0,-1.5095023,6.6072397,0.3902439
000955.SZ,115.58666,115.58666,0.0008086767,0.00018804062,0.44916633,0.14313886,1,5,286,0.90697676,0.0,-1.1775448,0.81312966,0.093023255
000957.SZ,7.160083,7.160083,8.690045e-05,0.00018804062,0.38083303,0.2091954,1,12,252,0.9,0.0,-0.9657466,11.908157,0.1
000958.SZ,9.666568,9.666568,0.00011313225,0.00018804062,0.34999973,0.20362903,1,76,26,0.8125,0.0,-0.90418756,5.0731688,0.1875
000959.SZ,19.074762,19.074762,0.00018401483,0.00018804062,0.34374973,0.17983194,1,12,252,0.2857143,0.0,-1.4687058,0.7014886,0.71428573
000960.SZ,16.39356,16.39356,0.0001605459,0.00018804062,0.3799997,0.13257575,1,14,83,0.93939394,0.0,-1.8863546,6.745061,0.060606062
000962.SZ,14.458183,14.458183,0.0001459124,0.00018804062,0.39333302,0.17815126,1,19,162,0.54285717,0.0,-1.9585342,10.753538,0.45714286
000963.SZ,17.205761,17.205761,0.00016195676,0.00018804062,0.38333303,0.19569893,1,19,162,0.8064516,0.0,-1.2826128,11.670917,0.19354838
000965.SZ,15.544829,15.544829,0.00015498602,0.00018804062,0.35791638,0.16031747,1,74,159,0.44444445,0.0,-1.145125,-0.8081555,0.5555556
000966.SZ,14.263132,14.263132,0.00014803602,0.00018804062,0.36041638,0.2651515,1,33,251,0.8787879,0.0,1.0991726,4.6164675,0.121212125
000967.SZ,10.535053,10.535053,0.00011733853,0.00018804062,0.3529164,0.22068965,1,91,229,0.56666666,0.0,-1.6557766,1.9731536,0.43333334
000968.SZ,5.5640054,5.5640054,7.040715e-05,0.00018804062,0.3799997,0.4091954,1,57,68,0.96666664,0.0,1.5553399,10.79541,0.033333335
000969.SZ,16.863512,16.863512,0.00016564707,0.00018804062,0.3662497,0.19318181,1,74,159,0.6969697,0.0,-0.8152666,4.8634925,0.3030303
000970.SZ,16.536629,16.536629,0.00016768827,0.00018804062,0.35791638,0.13445379,1,15,191,0.5714286,0.0,-2.1289313,3.9861972,0.42857143
000973.SZ,15.001137,15.001137,0.00013164946,0.00018804062,0.39499968,0.27564102,1,43,94,0.85,0.0,-1.0352075,-0.34444466,0.15
000975.SZ,12.155546,12.155546,0.00012144424,0.00018804062,0.3824997,0.4172043,1,12,252,0.7741935,0.0,-1.1138808,17.429138,0.22580644
000977.SZ,15.901841,15.901841,0.0001580032,0.00018804062,0.35499972,0.21925133,1,5,286,0.9117647,0.0,-1.475053,1.6522502,0.0882353
000978.SZ,12.31771,12.31771,0.00012044041,0.00018804062,0.37333304,0.24242425,1,32,38,0.75757575,0.0,-0.20086066,2.0473485,0.24242425
000980.SZ,196.39098,196.39098,0.0011926169,0.00018804062,0.45499966,0.17855854,1,74,159,0.9221557,0.0,-1.4983778,-19.58186,0.077844314
000981.SZ,25.653074,25.653074,0.00021395304,0.00018804062,0.39166635,0.24784313,1,87,102,0.60784316,0.0,-1.5665648,14.455204,0.39215687
000983.SZ,16.048145,16.048145,0.0001575662,0.00018804062,0.36583304,0.4091954,1,32,38,0.36666667,0.0,0.6255133,2.8220332,0.6333333
000985.SZ,9.6361065,9.6361065,0.00010834841,0.00018804062,0.36166638,0.24301076,1,33,251,0.83870965,0.0,0.07176453,0.41967082,0.16129032
000987.SZ,21.228325,21.228325,0.00020423633,0.00018804062,0.36916637,0.18316373,1,33,251,0.78723407,0.0,-0.7034915,6.4415317,0.21276596
000988.SZ,15.730479,15.730479,0.00014781526,0.00018804062,0.3874997,0.20647773,1,87,102,0.5897436,0.0,-2.3873384,13.980024,0.41025642
000989.SZ,14.33805,14.33805,0.00013992324,0.00018804062,0.38166636,0.3075269,1,90,27,0.516129,0.0,-0.8425129,9.031687,0.48387095
000990.SZ,13.630187,13.630187,0.0001353556,0.00018804062,0.38416636,0.21746881,1,5,286,0.7941176,0.0,-0.5606912,0.72422653,0.20588236
000993.SZ,10.777814,10.777814,0.00011459458,0.00018804062,0.36458305,0.14623655,1,43,94,0.83870965,0.0,1.3428354,7.810942,0.16129032
000995.SZ,20.559984,20.559984,0.00016025326,0.00018804062,0.39916635,0.2739496,1,15,191,0.6571429,0.0,-1.2308484,-22.603405,0.34285715
000997.SZ,12.439309,12.439309,0.00012295047,0.00018804062,0.3849997,0.28225806,1,87,102,0.78125,0.0,-1.0788312,14.876225,0.21875
000998.SZ,9.329526,9.329526,0.00011005853,0.00018804062,0.3774997,0.21290323,1,1,211,0.9677419,0.0,0.9747418,0.20230065,0.032258064
000999.SZ,15.710796,15.710796,0.00014210964,0.00018804062,0.38916636,0.36638656,1,77,117,0.6857143,0.0,-0.80376005,16.278133,0.31428573
001201.SZ,18.625732,18.625732,0.00017906816,0.00018804062,0.35374972,0.3015873,1,74,159,0.3888889,0.0,-1.0912471,2.030475,0.6111111
001202.SZ,12.031232,12.031232,0.00012443175,0.00018804062,0.36916637,0.20430107,1,74,159,0.7096774,0.0,-1.2346162,3.8182247,0.29032257
001203.SZ,12.224321,12.224321,0.000119529504,0.00018804062,0.3824997,0.21969697,1,74,159,0.8484849,0.0,-0.85784245,13.04235,0.15151516
001205.SZ,16.621967,16.621967,0.0001660122,0.00018804062,0.36041638,0.14117648,1,12,252,0.51428574,0.0,-1.3477116,4.0158715,0.4857143
001206.SZ,15.210281,15.210281,0.00015266401,0.00018804062,0.39166635,0.14789917,1,91,229,0.71428573,0.0,-1.5278286,8.571917,0.2857143
001207.SZ,12.635942,12.635942,0.00013015221,0.00018804062,0.35958305,0.2091954,1,77,117,0.53333336,0.0,-0.88985,4.8626566,0.46666667
001208.SZ,18.901506,18.901506,0.00018258933,0.00018804062,0.36958304,0.27226892,1,51,81,0.22857143,0.0,-0.80558294,4.058802,0.7714286
001209.SZ,11.278317,11.278317,0.00012133995,0.00018804062,0.34833306,0.18168168,1,32,38,0.7837838,0.0,-0.84942436,1.4285376,0.21621622
001210.SZ,19.781145,19.781145,0.00018519025,0.00018804062,0.3649997,0.08095238,1,69,305,0.75,0.0,-1.3232917,2.5028489,0.25
001211.SZ,17.356174,17.356174,0.00017162063,0.00018804062,0.35333306,0.17741935,1,18,1,1.0,0.0,-0.8902063,5.179552,0.0
001212.SZ,16.94762,16.94762,0.00016786518,0.00018804062,0.35583305,0.22459893,1,7,111,0.44117647,0.0,-1.515603,3.4913146,0.5588235
001213.SZ,15.759584,15.759584,0.00016028371,0.00018804062,0.36583304,0.16330644,1,6,36,0.59375,0.0,-1.5383093,4.9478426,0.40625
001215.SZ,15.268027,15.268027,0.0001544201,0.00018804062,0.3562497,0.28225806,1,74,159,0.5,0.0,-0.86429065,3.2196908,0.5
001216.SZ,13.479733,13.479733,0.00013319329,0.00018804062,0.39333302,0.32798573,1,33,251,0.7941176,0.0,-1.0514117,15.265088,0.20588236
001217.SZ,14.811791,14.811791,0.00015168922,0.00018804062,0.35791638,0.31048387,1,91,229,0.5,0.0,-0.25012502,2.1488862,0.5
001218.SZ,11.60975,11.60975,0.00012703797,0.00018804062,0.37208304,0.086021505,1,80,208,0.58064514,0.0,-0.119341925,5.353819,0.41935483
001219.SZ,12.840185,12.840185,0.00012515568,0.00018804062,0.39083305,0.4688057,1,1,211,0.9705882,0.0,-0.3674147,18.343485,0.029411765
001220.SZ,21.727747,21.727747,0.00019036175,0.00018804062,0.403333,0.23219241,1,32,38,0.5744681,0.0,-1.2462233,12.329076,0.42553192
001221.SZ,19.618792,19.618792,0.00016820927,0.00018804062,0.39333302,0.2388664,1,15,191,0.71794873,0.0,-1.2837769,16.602364,0.2820513
001222.SZ,12.408464,12.408464,0.00012706405,0.00018804062,0.37916636,0.24182077,1,91,229,0.7631579,0.0,-0.73149467,14.364192,0.23684211
001223.SZ,18.852776,18.852776,0.000179474,0.00018804062,0.3662497,0.07459678,1,96,56,0.9375,0.0,-1.5786093,3.8803277,0.0625
001225.SZ,18.074627,18.074627,0.00018084733,0.00018804062,0.34999973,0.22150537,1,12,252,0.12903225,0.0,-1.4079806,2.5303645,0.87096775
001226.SZ,10.3065195,10.3065195,0.00011399346,0.00018804062,0.3504164,0.18850575,1,15,191,0.76666665,0.0,-1.9803766,6.458483,0.23333333
001227.SZ,9.941517,9.941517,0.00010289384,0.00018804062,0.3516664,0.6781609,1,77,117,0.9,0.0,1.45794,8.30934,0.1
001228.SZ,12.764119,12.764119,0.00012735362,0.00018804062,0.37166637,0.27477476,1,34,43,0.43243244,0.0,-0.9372513,4.0333543,0.5675676
001229.SZ,12.817585,12.817585,0.00012438576,0.00018804062,0.37916636,0.3205645,1,59,157,0.84375,0.0,-0.9537219,9.959019,0.15625
001230.SZ,14.7244835,14.7244835,0.00015115525,0.00018804062,0.37291637,0.14015152,1,43,94,0.75757575,0.0,-0.6358818,2.9690735,0.24242425
001231.SZ,9.65133,9.65133,0.00011051885,0.00018804062,0.35083306,0.33333334,1,12,252,0.83870965,0.0,-1.0485549,2.948355,0.16129032
001233.SZ,32.717434,32.717434,0.0002699084,0.00018804062,0.40749967,0.2027972,1,15,191,0.8636364,0.0,-1.0185636,15.973161,0.13636364
001234.SZ,13.761925,13.761925,0.00013775393,0.00018804062,0.36666638,0.17992425,1,30,30,0.6969697,0.0,-2.070815,6.517308,0.3030303
001236.SZ,81.08504,81.08504,0.0005723196,0.00018804062,0.41416633,0.15929204,1,26,39,0.877193,0.0,-0.7903694,1.8777481,0.12280702
001238.SZ,9.972587,9.972587,0.000111276706,0.00018804062,0.3662497,0.27586207,1,76,26,0.8333333,0.0,-1.3495767,3.2093062,0.16666667
001239.SZ,11.728969,11.728969,0.00012725653,0.00018804062,0.3541664,0.17011495,1,20,96,0.6,0.0,-1.7935799,3.0955467,0.4
001255.SZ,14.610756,14.610756,0.00013179299,0.00018804062,0.37916636,0.20731707,1,91,229,0.75609756,0.0,-1.3344903,-0.47656742,0.24390244
001256.SZ,18.25802,18.25802,0.0001749198,0.00018804062,0.37833303,0.375,1,51,81,0.1875,0.0,-1.69625,4.9436235,0.8125
001257.SZ,88.90793,88.90793,0.00069706346,0.00018804062,0.450833,0.12215409,1,94,65,0.94505495,0.0,-0.6602412,9.067504,0.054945055
001258.SZ,16.615726,16.615726,0.00016417968,0.00018804062,0.34999973,0.21904762,1,74,159,0.3611111,0.0,1.2594056,5.5521903,0.6388889
001259.SZ,22.474562,22.474562,0.00018708128,0.00018804062,0.39166635,0.23875181,1,77,117,0.5660377,0.0,-0.75403774,2.2461286,0.43396226
001260.SZ,10.688088,10.688088,0.00011670575,0.00018804062,0.36166638,0.16781609,1,21,149,0.8333333,0.0,-1.7825199,6.1887803,0.16666667
001266.SZ,10.56199,10.56199,0.00011492101,0.00018804062,0.35916638,0.2651515,1,26,39,0.75757575,0.0,-1.6639092,0.85553616,0.24242425
001267.SZ,23.835976,23.835976,0.00018885054,0.00018804062,0.40499967,0.26180837,1,26,39,0.5897436,0.0,-0.0015897017,1.0133463,0.41025642
001268.SZ,19.851593,19.851593,0.0001898574,0.00018804062,0.37416637,0.17948718,1,74,159,0.5897436,0.0,-0.8907693,4.593549,0.41025642
001269.SZ,18.441984,18.441984,0.0001598868,0.00018804062,0.39499968,0.2948718,1,21,149,0.9,0.0,-1.271875,-22.050966,0.1
001277.SZ,17.100279,17.100279,0.00015970581,0.00018804062,0.36333305,0.1816092,1,77,117,0.26666668,0.0,-0.8879332,5.571356,0.73333335
001278.SZ,17.27531,17.27531,0.00015786677,0.00018804062,0.39666635,0.26876876,1,94,65,0.43243244,0.0,-1.2785107,-16.250277,0.5675676
001279.SZ,6.3282604,6.3282604,8.307341e-05,0.00018804062,0.35916638,0.19784947,1,76,26,0.9354839,0.0,-1.1651773,3.0468774,0.06451613
001280.SZ,14.848272,14.848272,0.00013998781,0.00018804062,0.3799997,0.27027026,1,76,26,0.92105263,0.0,-2.7230318,16.114843,0.078947365
001282.SZ,20.043013,20.043013,0.0001799489,0.00018804062,0.38333303,0.2929293,1,102,50,0.4888889,0.0,-0.41679996,9.449368,0.51111114
001283.SZ,12.767834,12.767834,0.00012738582,0.00018804062,0.39749968,0.16330644,1,5,286,0.625,0.0,-1.6760532,6.359551,0.375
001285.SZ,16.282976,16.282976,0.00016053689,0.00018804062,0.39083302,0.20499109,1,91,229,0.7941176,0.0,-1.6863322,9.063123,0.20588236
001286.SZ,15.546765,15.546765,0.00016161015,0.00018804062,0.35749972,0.1936937,1,91,229,0.7027027,0.0,0.35681084,7.1900544,0.2972973
001287.SZ,12.7861595,12.7861595,0.00013297956,0.00018804062,0.36166638,0.24242425,1,26,39,0.7058824,0.0,-0.14754121,5.708821,0.29411766
001288.SZ,11.276957,11.276957,0.000119948156,0.00018804062,0.36458305,0.1632184,1,100,10,0.76666665,0.0,-0.81198007,3.8855557,0.23333333
001289.SZ,12.725219,12.725219,0.00013584948,0.00018804062,0.35083306,0.15483871,1,5,286,0.87096775,0.0,1.217642,4.0445614,0.12903225
001296.SZ,14.134265,14.134265,0.00014316059,0.00018804062,0.3749997,0.1724138,1,21,149,0.6666667,0.0,-2.3012068,2.2697804,0.33333334
001298.SZ,12.379954,12.379954,0.0001290049,0.00018804062,0.36916637,0.1996435,1,52,65,0.85294116,0.0,-2.2070322,3.6080532,0.14705883
001299.SZ,17.212997,17.212997,0.00016244486,0.00018804062,0.3849997,0.12477718,1,77,117,0.7647059,0.0,-1.0653824,6.2731304,0.23529412
001300.SZ,9.219867,9.219867,0.000105321604,0.00018804062,0.38416636,0.26666668,1,69,305,0.9677419,0.0,-1.2039484,-6.063435,0.032258064
001301.SZ,9.136774,9.136774,9.658708e-05,0.00018804062,0.39666635,0.24431819,1,91,229,0.90909094,0.0,-1.4844607,15.93723,0.09090909
001306.SZ,12.213642,12.213642,0.00012817158,0.00018804062,0.3799997,0.291954,1,0,1,1.0,0.0,-1.92662,-3.4385989,0.0
001308.SZ,16.894077,16.894077,0.00016398936,0.00018804062,0.3566664,0.16516517,1,90,27,0.7027027,0.0,-0.9410162,0.652614,0.2972973
001309.SZ,93.59403,93.59403,0.00067815336,0.00018804062,0.43749964,0.15498497,1,57,68,0.93939394,0.0,-2.0262823,12.8171625,0.060606062
001311.SZ,11.462482,11.462482,0.00012517569,0.00018804062,0.37083304,0.16129032,1,74,159,0.6451613,0.0,-1.8096871,7.1665564,0.3548387
001312.SZ,77.29055,77.29055,0.0006156416,0.00018804062,0.44999966,0.12603365,1,40,114,0.86904764,0.0,-0.49403632,9.4332905,0.13095239
001313.SZ,24.255285,24.255285,0.00019269132,0.00018804062,0.37166637,0.28769657,1,34,43,0.5106383,0.0,-1.1920766,2.2348182,0.4893617
001314.SZ,15.761819,15.761819,0.00014588873,0.00018804062,0.38583302,0.23174603,1,22,208,0.9722222,0.0,-1.7166585,-2.024239,0.027777778
001316.SZ,14.035132,14.035132,0.00013427559,0.00018804062,0.38833302,0.3033033,1,102,50,0.9189189,0.0,-0.49077028,15.255179,0.08108108
001317.SZ,15.189728,15.189728,0.00015574518,0.00018804062,0.3874997,0.15483871,1,12,252,0.3548387,0.0,-0.7950645,-3.7541072,0.6451613
001318.SZ,14.356999,14.356999,0.00013966783,0.00018804062,0.38833302,0.14285715,1,69,305,0.7222222,0.0,-1.9869082,6.630963,0.2777778
001319.SZ,13.106913,13.106913,0.00013812892,0.00018804062,0.36958304,0.12873563,1,91,229,0.6666667,0.0,-1.3981599,7.439662,0.33333334
001322.SZ,9.8950615,9.8950615,0.00011319142,0.00018804062,0.3749997,0.12873563,1,80,208,0.9,0.0,-1.0843201,0.987934,0.1
001323.SZ,18.739834,18.739834,0.00017327846,0.00018804062,0.37916636,0.18151261,1,69,305,0.31428573,0.0,-1.5828857,7.210859,0.6857143
001324.SZ,15.586891,15.586891,0.00015116401,0.00018804062,0.35583305,0.23870967,1,22,208,0.3548387,0.0,-1.0782323,2.953618,0.6451613
001325.SZ,30.599194,30.599194,0.00026086523,0.00018804062,0.39416635,0.22211538,1,94,65,0.8923077,0.0,0.053695366,7.8266926,0.10769231
001326.SZ,13.886924,13.886924,0.00014635305,0.00018804062,0.36291638,0.23655914,1,56,1,1.0,0.0,-1.0215161,3.4049547,0.0
001328.SZ,14.517745,14.517745,0.0001366691,0.00018804062,0.38916636,0.34684685,1,15,191,0.7837838,0.0,-0.84594595,16.09837,0.21621622
001330.SZ,62.80024,62.80024,0.00045795413,0.00018804062,0.445833,0.17076463,1,20,96,0.9655172,0.0,-1.3332337,-11.547169,0.03448276
001331.SZ,118.60642,118.60642,0.0008280502,0.00018804062,0.45999965,0.14227273,1,15,191,0.9431818,0.0,-1.1876642,1.2151909,0.056818184
001332.SZ,10.507859,10.507859,0.000112318296,0.00018804062,0.39166635,0.13333334,1,12,252,0.8333333,0.0,-1.0247267,9.178334,0.16666667
001333.SZ,15.038436,15.038436,0.00014907529,0.00018804062,0.36416638,0.14772727,1,12,252,0.42424244,0.0,-1.7170606,0.48614988,0.57575756
001335.SZ,14.593173,14.593173,0.00015178086,0.00018804062,0.3624997,0.14408602,1,80,208,0.7096774,0.0,-1.3835579,3.5995286,0.29032257
001336.SZ,13.344077,13.344077,0.00013829113,0.00018804062,0.39416635,0.18951613,1,91,229,0.59375,0.0,-1.8877094,0.107444495,0.40625
001337.SZ,175.26537,175.26537,0.0013231048,0.00018804062,0.49916628,0.09567766,1,34,43,0.95726496,0.0,-1.3256575,17.478323,0.042735044
001338.SZ,16.25374,16.25374,0.00016500938,0.00018804062,0.35791638,0.17815126,1,12,252,0.4,0.0,-0.9914343,1.9673772,0.6
001339.SZ,12.976089,12.976089,0.00013306753,0.00018804062,0.37583303,0.1733871,1,30,30,0.78125,0.0,-1.8511187,10.002113,0.21875
001356.SZ,20.655909,20.655909,0.00018938756,0.00018804062,0.35083306,0.19569893,1,24,84,0.9677419,0.0,-0.18209673,2.526513,0.032258064
001358.SZ,9.767388,9.767388,0.000111413254,0.00018804062,0.35833305,0.14193548,1,91,229,0.87096775,0.0,-0.5893516,4.612965,0.12903225
001359.SZ,16.623814,16.623814,0.00015472209,0.00018804062,0.3874997,0.23809524,1,102,50,0.64285713,0.0,-1.340957,11.1670065,0.35714287
001360.SZ,9.093853,9.093853,0.00010394893,0.00018804062,0.37041637,0.20766129,1,15,191,0.84375,0.0,-1.1449125,3.5582843,0.15625
001366.SZ,11.7170515,11.7170515,0.00012276004,0.00018804062,0.40166634,0.22580644,1,94,65,0.87096775,0.0,-1.7774452,-9.410836,0.12903225
001367.SZ,19.922132,19.922132,0.00017683367,0.00018804062,0.39916635,0.23044397,1,77,117,0.6363636,0.0,-1.3636886,8.857721,0.36363637
001368.SZ,6.6294675,6.6294675,8.3449784e-05,0.00018804062,0.38333303,0.37419355,1,5,286,0.9032258,0.0,-1.0438873,9.301691,0.09677419
001369.SZ,12.962792,12.962792,0.00013090581,0.00018804062,0.38708302,0.21680672,1,33,251,0.62857145,0.0,-1.9217229,12.7543745,0.37142858
001373.SZ,8.775055,8.775055,9.146516e-05,0.00018804062,0.38666636,0.23295455,1,77,117,0.8484849,0.0,-2.5530577,-13.75138,0.15151516
001376.SZ,13.9692,13.9692,0.00013765998,0.00018804062,0.3899997,0.25225225,1,20,96,0.7567568,0.0,-1.1975324,13.192887,0.24324325
001378.SZ,9.680656,9.680656,0.00010946594,0.00018804062,0.36333305,0.21609196,1,80,208,0.73333335,0.0,-2.607447,2.0858502,0.26666668
001379.SZ,12.003035,12.003035,0.00012847173,0.00018804062,0.35749972,0.09885058,1,80,208,0.93333334,0.0,-1.9820633,6.2772903,0.06666667
001380.SZ,16.327116,16.327116,0.0001520437,0.00018804062,0.400833,0.28292683,1,21,149,0.8292683,0.0,-1.2981975,15.710484,0.17073171
001382.SZ,12.4004135,12.4004135,0.00012919342,0.00018804062,0.400833,0.12310606,1,1,211,0.90909094,0.0,-2.199885,6.719322,0.09090909
001386.SZ,12.559001,12.559001,0.00012815242,0.00018804062,0.39083302,0.20672269,1,27,217,0.82857144,0.0,-1.2134484,12.33399,0.17142858
001387.SZ,19.659092,19.659092,0.00018193915,0.00018804062,0.35374972,0.375,1,102,50,0.1875,0.0,-0.17680627,1.9542663,0.8125
001388.SZ,17.0043,17.0043,0.0001658336,0.00018804062,0.37291637,0.17619048,1,69,305,0.6944444,0.0,-0.7720056,3.4910834,0.30555555
001389.SZ,29.863176,29.863176,0.00025018034,0.00018804062,0.38916636,0.20676692,1,74,159,0.8596491,0.0,-1.7678385,15.24621,0.14035088
001390.SZ,12.161365,12.161365,0.000121197256,0.00018804062,0.39749968,0.2888889,1,27,217,0.9166667,0.0,-1.2363417,16.603945,0.083333336
001391.SZ,14.009754,14.009754,0.00013952138,0.00018804062,0.3924997,0.1659919,1,80,208,0.8717949,0.0,-1.8146771,12.614723,0.12820514
001395.SZ,15.635491,15.635491,0.00014751527,0.00018804062,0.39333302,0.31538463,1,94,65,0.8,0.0,-1.0286474,15.913076,0.2
001396.SZ,21.592598,21.592598,0.000190283,0.00018804062,0.39166635,0.22363946,1,77,117,0.6938776,0.0,-1.6120102,12.466606,0.30612245
001400.SZ,22.2002,22.2002,0.00019182036,0.00018804062,0.39083302,0.1919192,1,74,159,0.6666667,0.0,-1.7875712,11.861668,0.33333334
001696.SZ,11.12597,11.12597,0.00011591444,0.00018804062,0.3699997,0.15483871,1,95,151,0.9354839,0.0,-1.3067225,7.1642733,0.06451613
001872.SZ,15.578766,15.578766,0.00015318369,0.00018804062,0.3749997,0.20242915,1,57,68,0.7948718,0.0,-0.55003077,9.77173,0.20512821
001896.SZ,19.06257,19.06257,0.00017442784,0.00018804062,0.39916635,0.13795918,1,91,229,0.92,0.0,0.30399403,4.1364336,0.08
001914.SZ,19.207724,19.207724,0.00017760452,0.00018804062,0.36916637,0.3939394,1,32,38,0.3030303,0.0,-0.42161822,4.079624,0.6969697
001965.SZ,10.15896,10.15896,0.000115786315,0.00018804062,0.3849997,0.3548387,1,32,38,0.96875,0.0,-0.23240311,9.301992,0.03125
001979.SZ,16.303995,16.303995,0.00015730935,0.00018804062,0.37166637,0.12096774,1,57,68,0.6875,0.0,-2.0894406,-4.4834776,0.3125
002001.SZ,25.346478,25.346478,0.00021885986,0.00018804062,0.39166635,0.22278665,1,74,159,0.754717,0.0,-1.0286565,12.25854,0.24528302
002003.SZ,15.354796,15.354796,0.00014119795,0.00018804062,0.39083302,0.32658568,1,27,217,0.7692308,0.0,-1.2299511,14.338333,0.23076923
002004.SZ,13.054195,13.054195,0.00012875332,0.00018804062,0.3799997,0.12903225,1,57,68,0.7741935,0.0,-1.9260097,2.9239852,0.22580644
002006.SZ,14.657325,14.657325,0.00015079716,0.00018804062,0.37916636,0.104166664,1,12,252,0.6060606,0.0,-1.4571759,2.6135912,0.3939394
002007.SZ,10.6434555,10.6434555,0.000105603955,0.00018804062,0.37666637,0.44367817,1,13,40,0.8666667,0.0,-0.9974867,16.57004,0.13333334
002008.SZ,18.978155,18.978155,0.00018130206,0.00018804062,0.3674997,0.10795455,1,52,65,0.8181818,0.0,-1.7189062,3.4745543,0.18181819
002009.SZ,14.075363,14.075363,0.00013786658,0.00018804062,0.40666634,0.11587302,1,34,43,0.6666667,0.0,-1.0403278,0.7809088,0.33333334
002010.SZ,10.880096,10.880096,0.00011832733,0.00018804062,0.3516664,0.12903225,1,91,229,0.6875,0.0,-1.9003532,2.2167625,0.3125
002011.SZ,18.427681,18.427681,0.00017581668,0.00018804062,0.3849997,0.16638656,1,6,36,0.6857143,0.0,-1.4619373,6.568273,0.31428573
002012.SZ,10.542216,10.542216,0.000115788156,0.00018804062,0.37541637,0.18620689,1,13,40,0.9,0.0,-0.67379344,1.5245832,0.1
002014.SZ,14.066832,14.066832,0.00014457537,0.00018804062,0.39916635,0.15630253,1,87,102,0.7714286,0.0,-1.5412031,9.214816,0.22857143
002015.SZ,17.275686,17.275686,0.00016655649,0.00018804062,0.37416637,0.23536585,1,91,229,0.5365854,0.0,-0.52912927,6.2595334,0.46341464
002016.SZ,13.810518,13.810518,0.00014101728,0.00018804062,0.37333304,0.10241821,1,15,191,0.7894737,0.0,-0.93413174,-1.7468027,0.21052632
002017.SZ,12.50302,12.50302,0.00013119298,0.00018804062,0.37416637,0.111827955,1,5,286,0.7419355,0.0,-1.3571419,2.8415697,0.2580645
002019.SZ,14.702464,14.702464,0.00014955376,0.00018804062,0.3799997,0.13333334,1,91,229,0.4,0.0,-1.09404,8.1805935,0.6
002020.SZ,15.956412,15.956412,0.00015041776,0.00018804062,0.38083303,0.21839081,1,94,65,0.7,0.0,-1.0091733,8.336704,0.3
002021.SZ,12.757706,12.757706,0.00013178156,0.00018804062,0.3899997,0.23908046,1,1,211,1.0,0.0,-1.7745068,-0.7564731,0.0
002022.SZ,43.720276,43.720276,0.0003287792,0.00018804062,0.42333302,0.17183544,1,1,211,0.7625,0.0,-1.4826537,-11.68273,0.2375
002023.SZ,11.06586,11.06586,0.00012020187,0.00018804062,0.35749972,0.24242425,1,91,229,0.88235295,0.0,-0.5951029,3.7916265,0.11764706
002025.SZ,16.99759,16.99759,0.00016776028,0.00018804062,0.35916638,0.12689394,1,33,251,0.36363637,0.0,-3.1064034,3.6553514,0.6363636
002026.SZ,14.966583,14.966583,0.00015068112,0.00018804062,0.3649997,0.13548388,1,87,102,0.4516129,0.0,-1.7155259,3.440757,0.5483871
002027.SZ,166.22855,166.22855,0.0012769483,0.00018804062,0.49249962,0.0916117,1,32,38,0.9640884,0.0,-0.81044674,13.711008,0.0359116
002028.SZ,16.283821,16.283821,0.00014403663,0.00018804062,0.3924997,0.31854838,1,91,229,0.84375,0.0,-1.0677156,19.119282,0.15625
002029.SZ,12.704488,12.704488,0.00013191879,0.00018804062,0.35749972,0.14962122,1,91,229,0.57575756,0.0,-0.7552182,-1.4846238,0.42424244
002030.SZ,13.914182,13.914182,0.00012715341,0.00018804062,0.37583303,0.29545453,1,15,191,0.75757575,0.0,-1.8344605,-14.256706,0.24242425
002031.SZ,15.403352,15.403352,0.00014259203,0.00018804062,0.403333,0.2972973,1,7,111,0.7027027,0.0,-1.8433918,-22.304047,0.2972973
002032.SZ,63.102745,63.102745,0.0005351604,0.00018804062,0.4641663,0.101604275,1,91,229,0.8351064,0.0,-0.9023207,14.459914,0.16489361
002033.SZ,35.32167,35.32167,0.000295498,0.00018804062,0.40916634,0.22732322,1,77,117,0.8648649,0.0,-0.35065812,7.4792867,0.13513513
002034.SZ,11.5624895,11.5624895,0.000118611744,0.00018804062,0.38666636,0.3042017,1,15,191,0.82857144,0.0,-0.17553428,13.892602,0.17142858
002035.SZ,11.051915,11.051915,0.00011816726,0.00018804062,0.3799997,0.26666668,1,80,208,0.7419355,0.0,-0.652471,11.001081,0.2580645
002036.SZ,10.109698,10.109698,0.00010501573,0.00018804062,0.38083303,0.22150537,1,91,229,0.9354839,0.0,-2.550397,-2.951081,0.06451613
002037.SZ,16.056879,16.056879,0.00015371907,0.00018804062,0.38166636,0.24705882,1,21,149,0.74285716,0.0,-1.26118,-14.857024,0.25714287
002038.SZ,15.997352,15.997352,0.00015252655,0.00018804062,0.3824997,0.16091955,1,5,286,0.4,0.0,-0.79906005,2.6154878,0.6
002039.SZ,19.352005,19.352005,0.00016990068,0.00018804062,0.39083302,0.26859903,1,91,229,0.8695652,0.0,-1.3242521,12.23964,0.13043478
002040.SZ,14.457949,14.457949,0.00014389493,0.00018804062,0.3799997,0.22816399,1,70,1,1.0,0.0,-0.5971412,7.2629046,0.0
002041.SZ,9.171559,9.171559,0.00010459083,0.00018804062,0.36291638,0.21609196,1,69,305,0.8666667,0.0,0.59604657,3.0166433,0.13333334
002042.SZ,12.326555,12.326555,0.00012675268,0.00018804062,0.38166636,0.18939394,1,1,211,0.7878788,0.0,-1.0626091,-9.462502,0.21212122
002043.SZ,18.91093,18.91093,0.00017352903,0.00018804062,0.39999968,0.17391305,1,69,305,0.7173913,0.0,-0.7109023,14.490144,0.2826087
002044.SZ,12.80254,12.80254,0.00013952027,0.00018804062,0.35833305,0.24827586,1,27,217,0.43333334,0.0,-0.9147967,0.6792074,0.56666666
002045.SZ,18.430683,18.430683,0.00017301406,0.00018804062,0.38916636,0.1590909,1,80,208,0.75757575,0.0,-0.6627424,-4.719312,0.24242425
002046.SZ,11.533386,11.533386,0.00012128662,0.00018804062,0.403333,0.20229885,1,57,68,0.8333333,0.0,-2.37262,3.369339,0.16666667
002048.SZ,8.261079,8.261079,9.53584e-05,0.00018804062,0.36458305,0.15632184,1,32,38,1.0,0.0,-1.8877267,8.452433,0.0
002049.SZ,13.649281,13.649281,0.00013004369,0.00018804062,0.38333303,0.41344538,1,53,16,0.71428573,0.0,-0.6016771,15.653102,0.2857143
002050.SZ,15.451346,15.451346,0.00014214165,0.00018804062,0.400833,0.29018492,1,93,192,0.7368421,0.0,-1.4686552,16.759274,0.2631579
002051.SZ,12.210727,12.210727,0.0001272983,0.00018804062,0.39416635,0.16774194,1,22,208,0.5483871,0.0,-1.8895419,3.7619832,0.4516129
002052.SZ,113.60993,113.60993,0.0008519776,0.00018804062,0.46999964,0.10176665,1,27,217,0.9282297,0.0,-1.8001168,16.796959,0.07177033
002053.SZ,15.163291,15.163291,0.00015184385,0.00018804062,0.36333305,0.16098484,1,43,94,0.7878788,0.0,-0.13202731,4.054341,0.21212122
002054.SZ,15.853593,15.853593,0.00015806423,0.00018804062,0.3529164,0.19128788,1,21,149,0.6060606,0.0,-0.31355157,1.2368819,0.3939394
002056.SZ,19.109257,19.109257,0.00017599112,0.00018804062,0.3649997,0.43870968,1,32,38,0.29032257,0.0,-0.34094515,4.018071,0.7096774
002057.SZ,12.88775,12.88775,0.0001381274,0.00018804062,0.35624972,0.2027027,1,34,43,0.8648649,0.0,-0.8946027,3.570312,0.13513513
002059.SZ,171.79285,171.79285,0.0012378923,0.00018804062,0.49583295,0.07148555,1,15,191,0.97151,0.0,-1.2490208,-8.821471,0.02849003
002060.SZ,12.330176,12.330176,0.0001289182,0.00018804062,0.35833305,0.1827957,1,19,162,0.7419355,0.0,0.73372585,3.3878064,0.2580645
002061.SZ,12.374112,12.374112,0.0001333506,0.00018804062,0.37833303,0.29655173,1,13,40,0.76666665,0.0,-0.87815666,1.4251977,0.23333333
002062.SZ,13.041688,13.041688,0.00013636696,0.00018804062,0.3624997,0.2594697,1,43,94,0.5151515,0.0,-0.69071215,3.4612153,0.4848485
002063.SZ,9.702295,9.702295,0.000105399275,0.00018804062,0.35458305,0.07586207,1,12,252,0.8333333,0.0,-1.8492868,0.024906628,0.16666667
002064.SZ,15.709648,15.709648,0.00014760614,0.00018804062,0.3674997,0.4173387,1,34,43,0.1875,0.0,-1.04275,4.3099174,0.8125
002065.SZ,17.03957,17.03957,0.00016561498,0.00018804062,0.38333303,0.111827955,1,52,65,0.516129,0.0,-0.47309998,1.8571638,0.48387095
002066.SZ,16.847296,16.847296,0.00015319849,0.00018804062,0.39166635,0.25581396,1,34,43,0.53488374,0.0,-1.2112511,-12.352127,0.4651163
002067.SZ,18.588245,18.588245,0.00017914071,0.00018804062,0.36083305,0.22521009,1,43,94,0.5714286,0.0,-0.97574854,3.4742599,0.42857143
002068.SZ,18.585873,18.585873,0.00015956831,0.00018804062,0.3899997,0.32222223,1,5,286,0.8611111,0.0,-1.2694556,-27.493452,0.1388889
002069.SZ,40.97164,40.97164,0.0002957674,0.00018804062,0.39333302,0.20871143,1,93,192,0.82758623,0.0,-1.8502294,-4.1788316,0.1724138
002072.SZ,20.345972,20.345972,0.00018590254,0.00018804062,0.38833302,0.13846155,1,69,305,0.45,0.0,-1.3104302,-1.8744831,0.55
002073.SZ,17.360722,17.360722,0.00016700427,0.00018804062,0.36458305,0.14616756,1,69,305,0.7058824,0.0,-1.4571147,1.6273459,0.29411766
002074.SZ,12.171122,12.171122,0.0001288291,0.00018804062,0.36333305,0.10483871,1,91,229,0.78125,0.0,-2.5721908,3.5215507,0.21875
002075.SZ,15.148764,15.148764,0.00015015551,0.00018804062,0.35958305,0.12096774,1,20,96,0.4375,0.0,-1.2910719,4.063147,0.5625
002077.SZ,16.860664,16.860664,0.00016689433,0.00018804062,0.3699997,0.13825758,1,12,252,0.36363637,0.0,-1.3599546,2.4048545,0.6363636
002078.SZ,9.910046,9.910046,0.0001068643,0.00018804062,0.39416635,0.22580644,1,1,211,0.75,0.0,-0.86309063,13.459031,0.25
002079.SZ,11.066918,11.066918,0.00011603218,0.00018804062,0.3787497,0.171123,1,1,211,0.9117647,0.0,-1.6971,0.08723792,0.0882353
002080.SZ,17.094528,17.094528,0.00016217434,0.00018804062,0.36416638,0.15508021,1,12,252,0.29411766,0.0,-0.21488823,1.8678029,0.7058824
002081.SZ,14.23347,14.23347,0.00013794085,0.00018804062,0.37291637,0.18951613,1,51,81,0.65625,0.0,-0.014156312,2.4421363,0.34375
002082.SZ,17.157116,17.157116,0.00016411771,0.00018804062,0.37333304,0.16781609,1,5,286,0.5,0.0,-1.06454,-1.9193789,0.5
002083.SZ,16.244106,16.244106,0.00015858936,0.00018804062,0.36166638,0.1733871,1,74,159,0.71875,0.0,-0.69299054,3.5046186,0.28125
002084.SZ,17.221682,17.221682,0.00015720178,0.00018804062,0.39749968,0.26578072,1,94,65,0.76744187,0.0,-1.5051861,-20.340723,0.23255815
002085.SZ,17.74773,17.74773,0.00017881418,0.00018804062,0.36291638,0.15864527,1,12,252,0.2647059,0.0,-1.2734354,5.1958737,0.7352941
002086.SZ,19.756214,19.756214,0.00016343386,0.00018804062,0.39416635,0.32539684,1,27,217,0.8888889,0.0,-1.3320584,-22.325819,0.11111111
002088.SZ,16.003786,16.003786,0.00016164321,0.00018804062,0.36666638,0.14717741,1,1,211,0.875,0.0,-1.3368406,3.366625,0.125
002090.SZ,12.907178,12.907178,0.00013331423,0.00018804062,0.3674997,0.22016807,1,15,191,0.71428573,0.0,-0.8568429,3.2918255,0.2857143
002091.SZ,6.5142264,6.5142264,7.9033736e-05,0.00018804062,0.37333304,0.15172414,1,59,157,0.96666664,0.0,-0.32233328,4.1879344,0.033333335
002092.SZ,15.049425,15.049425,0.00015212655,0.00018804062,0.3687497,0.34274194,1,30,30,0.40625,0.0,-0.4456062,5.1386786,0.59375
002093.SZ,19.083233,19.083233,0.00018090042,0.00018804062,0.37833303,0.22916667,1,15,191,0.24242425,0.0,-1.5152757,6.553252,0.75757575
002094.SZ,8.326357,8.326357,9.681607e-05,0.00018804062,0.36166638,0.1816092,1,74,159,0.7,0.0,-0.83638996,1.7748398,0.3
002095.SZ,14.063963,14.063963,0.000142726,0.00018804062,0.38833302,0.16989248,1,87,102,0.516129,0.0,-2.3859289,-4.7154474,0.48387095
002096.SZ,11.290133,11.290133,0.00011906109,0.00018804062,0.38583302,0.31092438,1,57,68,0.8857143,0.0,-1.36594,16.707478,0.114285715
002097.SZ,18.022722,18.022722,0.00017349805,0.00018804062,0.36583304,0.18360071,1,21,149,0.5588235,0.0,-2.0208178,2.0892036,0.44117647
002098.SZ,10.050056,10.050056,0.000103698636,0.00018804062,0.38666636,0.516129,1,20,96,0.7419355,0.0,-1.1153548,18.37311,0.2580645
002099.SZ,13.497372,13.497372,0.00013576786,0.00018804062,0.35916638,0.14393939,1,77,117,0.6969697,0.0,-2.150612,2.3047938,0.3030303
002100.SZ,14.9995575,14.9995575,0.00014629275,0.00018804062,0.3662497,0.1391129,1,93,192,0.71875,0.0,-2.2101655,0.29431254,0.28125
002101.SZ,13.289217,13.289217,0.00013975547,0.00018804062,0.35583305,0.13636364,1,34,43,0.75757575,0.0,-1.5255789,4.9890304,0.24242425
002102.SZ,14.331391,14.331391,0.00014622348,0.00018804062,0.37583303,0.078431375,1,91,229,0.5588235,0.0,-1.0639441,5.038083,0.44117647
002103.SZ,9.904893,9.904893,0.00010825496,0.00018804062,0.38666636,0.315508,1,1,211,0.9705882,0.0,-0.5881177,17.609497,0.029411765
002104.SZ,7.710537,7.710537,8.528992e-05,0.00018804062,0.37666637,0.23010753,1,74,159,0.9032258,0.0,-0.93160963,0.85911036,0.09677419
002105.SZ,14.074553,14.074553,0.00013743408,0.00018804062,0.39666635,0.1764706,1,65,1,1.0,0.0,-1.2021059,-15.916864,0.0
002106.SZ,15.835563,15.835563,0.00015478529,0.00018804062,0.36083305,0.13277312,1,91,229,0.71428573,0.0,-2.2145803,3.2271714,0.2857143
002107.SZ,9.830999,9.830999,9.9292476e-05,0.00018804062,0.39083302,0.4064516,1,12,252,0.9032258,0.0,-0.7729516,16.02107,0.09677419
002108.SZ,17.929214,17.929214,0.00017904051,0.00018804062,0.3662497,0.110516936,1,91,229,0.47058824,0.0,-1.416997,3.1062262,0.5294118
002109.SZ,20.103941,20.103941,0.00016895689,0.00018804062,0.40166637,0.26955602,1,15,191,0.8181818,0.0,-0.8823364,-19.569002,0.18181819
002110.SZ,12.716803,12.716803,0.00013025968,0.00018804062,0.37916636,0.2137931,1,84,2,1.0,0.0,-1.0935702,-14.453723,0.0
002111.SZ,18.517496,18.517496,0.00017996502,0.00018804062,0.35499972,0.14285715,1,69,305,0.6388889,0.0,-0.68333614,5.449964,0.3611111
002112.SZ,19.008924,19.008924,0.00017976292,0.00018804062,0.37916636,0.15079366,1,25,2,0.9722222,0.0,-0.5895361,4.298,0.027777778
002114.SZ,14.858792,14.858792,0.00013101194,0.00018804062,0.39583302,0.38655463,1,27,217,0.74285716,0.0,-1.5095116,-28.857697,0.25714287
002115.SZ,10.336634,10.336634,0.000112089845,0.00018804062,0.38166636,0.26021504,1,91,229,0.7741935,0.0,-1.4180645,-8.492557,0.22580644
002116.SZ,18.8781,18.8781,0.00018277629,0.00018804062,0.3812497,0.16463415,1,25,2,0.9756098,0.0,-1.4109854,5.3139505,0.024390243
002117.SZ,14.099425,14.099425,0.00014178158,0.00018804062,0.38666636,0.25846702,1,22,208,0.6764706,0.0,-1.208109,13.323866,0.32352942
002119.SZ,13.850472,13.850472,0.00013997516,0.00018804062,0.3787497,0.10344828,1,5,286,0.73333335,0.0,-1.7191167,-0.5590101,0.26666668
002120.SZ,8.350063,8.350063,9.823072e-05,0.00018804062,0.35208306,0.13118279,1,2,80,0.8064516,0.0,-1.0853741,1.7445418,0.19354838
002121.SZ,42.042847,42.042847,0.000284654,0.00018804062,0.39083302,0.31304348,1,91,229,0.5869565,0.0,-1.4068346,-21.520018,0.41304347
002123.SZ,15.6922,15.6922,0.00014878249,0.00018804062,0.38833302,0.20952381,1,12,252,0.33333334,0.0,-1.3046973,-10.811551,0.6666667
002124.SZ,19.000824,19.000824,0.00017553466,0.00018804062,0.3799997,0.1632653,1,1,211,0.8367347,0.0,0.45831835,6.830977,0.1632653
002125.SZ,16.428865,16.428865,0.00016375526,0.00018804062,0.3749997,0.15079366,1,91,229,0.7777778,0.0,-1.5003252,3.6030965,0.22222222
002126.SZ,9.599946,9.599946,0.00010081141,0.00018804062,0.3799997,0.26008064,1,33,251,0.9375,0.0,-0.788928,18.448029,0.0625
002127.SZ,11.569323,11.569323,0.00012198444,0.00018804062,0.35833305,0.13333334,1,12,252,0.67741936,0.0,-0.7627517,1.3392233,0.32258064
002128.SZ,19.978386,19.978386,0.00017712258,0.00018804062,0.40249968,0.29855072,1,15,191,0.6086956,0.0,-1.0263063,14.908814,0.39130434
002129.SZ,27.192719,27.192719,0.00020561105,0.00018804062,0.39583302,0.30769232,1,12,252,0.7,0.0,-1.288265,-25.818005,0.3
002130.SZ,18.00044,18.00044,0.00016132617,0.00018804062,0.40749967,0.2173913,1,57,68,0.7173913,0.0,-0.28975,14.930149,0.2826087
002131.SZ,15.303652,15.303652,0.00015064736,0.00018804062,0.35999972,0.23387097,1,94,65,0.53125,0.0,-2.0364969,4.944665,0.46875
002132.SZ,12.89101,12.89101,0.0001203444,0.00018804062,0.38333303,0.28739497,1,91,229,0.82857144,0.0,-0.7179343,3.1240056,0.17142858
002133.SZ,8.701045,8.701045,0.00010026076,0.00018804062,0.35791638,0.15483871,1,69,305,0.9354839,0.0,-0.7901161,-5.2951746,0.06451613
002134.SZ,20.447796,20.447796,0.00018557049,0.00018804062,0.3812497,0.16231884,1,74,159,0.5652174,0.0,-0.693837,3.9338806,0.4347826
002135.SZ,17.797768,17.797768,0.00016899797,0.00018804062,0.39083302,0.15462185,1,21,149,0.7714286,0.0,-0.84827995,-0.62744665,0.22857143
002136.SZ,17.12549,17.12549,0.00016292479,0.00018804062,0.35708305,0.2,1,21,149,0.48387095,0.0,-1.5252677,-0.74707365,0.516129
002137.SZ,11.18858,11.18858,0.00012358226,0.00018804062,0.3479164,0.18548387,1,12,252,0.625,0.0,-2.3931563,2.7007158,0.375
002138.SZ,17.228914,17.228914,0.0001608807,0.00018804062,0.39749968,0.22074468,1,27,217,0.7708333,0.0,-1.5116583,13.420822,0.22916667
002139.SZ,18.40482,18.40482,0.00017329627,0.00018804062,0.3541664,0.124624625,1,22,208,0.4864865,0.0,-2.6330378,3.7182853,0.5135135
002140.SZ,18.694721,18.694721,0.00017556325,0.00018804062,0.39666635,0.12063492,1,52,65,0.5555556,0.0,-1.0342695,0.5704486,0.44444445
002141.SZ,21.041044,21.041044,0.00019092529,0.00018804062,0.3624997,0.3262032,1,77,117,0.20588236,0.0,-0.8299999,3.823435,0.7941176
002142.SZ,33.706886,33.706886,0.00029167603,0.00018804062,0.3812497,0.3135907,1,69,305,0.7258065,0.0,0.36293876,7.5803246,0.27419356
002144.SZ,8.520439,8.520439,0.0001007881,0.00018804062,0.36333305,0.2983871,1,87,102,0.90625,0.0,-1.2330812,3.5623312,0.09375
002145.SZ,10.941181,10.941181,0.00011527826,0.00018804062,0.36166638,0.105747126,1,43,94,0.73333335,0.0,-1.14057,-0.9952146,0.26666668
002146.SZ,25.366787,25.366787,0.00021058353,0.00018804062,0.39083302,0.22807017,1,43,94,0.6034483,0.0,-1.2226552,-17.521227,0.39655173
002148.SZ,10.607403,10.607403,0.00011561899,0.00018804062,0.36916637,0.13763441,1,27,217,0.8064516,0.0,-1.0111871,-0.61568207,0.19354838
002149.SZ,20.850496,20.850496,0.00017201052,0.00018804062,0.39333302,0.27027026,1,74,159,0.57894737,0.0,-0.80707884,-0.42013043,0.42105263
002150.SZ,9.529383,9.529383,0.00010933818,0.00018804062,0.3662497,0.1391129,1,5,286,0.9375,0.0,-3.0532346,4.6017265,0.0625
002151.SZ,12.435007,12.435007,0.00011461894,0.00018804062,0.38916636,0.38655463,1,80,208,0.85714287,0.0,-2.2837284,-20.23203,0.14285715
002152.SZ,14.552178,14.552178,0.00014537724,0.00018804062,0.37166637,0.23790322,1,34,43,0.46875,0.0,-1.2242906,2.921533,0.53125
002153.SZ,13.72646,13.72646,0.00013177437,0.00018804062,0.3749997,0.32258064,1,74,159,0.48387095,0.0,-1.8071257,-11.748839,0.516129
002154.SZ,13.198744,13.198744,0.00013430322,0.00018804062,0.37416637,0.23865546,1,87,102,0.85714287,0.0,-1.0080487,11.140808,0.14285715
002155.SZ,26.065348,26.065348,0.00023245718,0.00018804062,0.41499966,0.14748508,1,15,191,0.7826087,0.0,-1.3976493,12.4201975,0.2173913
002156.SZ,14.903821,14.903821,0.00014493082,0.00018804062,0.36916637,0.16989248,1,77,117,0.4516129,0.0,-2.2242098,0.2665392,0.5483871
002157.SZ,17.87982,17.87982,0.00017112911,0.00018804062,0.3566664,0.21033868,1,19,162,0.7941176,0.0,-0.9226676,0.8309505,0.20588236
002158.SZ,12.743243,12.743243,0.00013010157,0.00018804062,0.39083302,0.3068182,1,43,94,0.75757575,0.0,-0.44847268,12.437449,0.24242425
002159.SZ,16.919579,16.919579,0.00015495975,0.00018804062,0.38666636,0.3628205,1,27,217,0.75,0.0,-0.16177748,15.135237,0.25
002160.SZ,12.437729,12.437729,0.0001352832,0.00018804062,0.36083305,0.24537815,1,89,72,0.85714287,0.0,-1.6520886,4.92981,0.14285715
002161.SZ,9.707017,9.707017,0.000102926606,0.00018804062,0.3874997,0.3901515,1,59,157,0.8787879,0.0,-0.6307121,17.849506,0.121212125
002162.SZ,12.523015,12.523015,0.000120296645,0.00018804062,0.36416638,0.31016043,1,15,191,0.7352941,0.0,-1.1098676,1.6790206,0.2647059
002163.SZ,37.094315,37.094315,0.0002432273,0.00018804062,0.38916636,0.39136302,1,94,65,0.974359,0.0,-1.742669,-29.471098,0.025641026
002164.SZ,13.264294,13.264294,0.00013777595,0.00018804062,0.36291638,0.07954545,1,91,229,0.54545456,0.0,-1.3617878,3.0233328,0.45454547
002165.SZ,15.773976,15.773976,0.00015664022,0.00018804062,0.38666636,0.22103387,1,51,81,0.44117647,0.0,-0.37547055,-3.9195063,0.5588235
002166.SZ,14.871296,14.871296,0.00014783199,0.00018804062,0.36416638,0.17142858,1,91,229,0.4722222,0.0,-0.5879749,2.2146335,0.5277778
002167.SZ,17.471983,17.471983,0.00017266693,0.00018804062,0.36541638,0.1534091,1,74,159,0.72727275,0.0,-2.0734515,4.34559,0.27272728
002169.SZ,12.005086,12.005086,0.0001305835,0.00018804062,0.37666637,0.18319328,1,27,217,0.85714287,0.0,-0.97894573,2.4094174,0.14285715
002170.SZ,26.084145,26.084145,0.00022343724,0.00018804062,0.40666634,0.28860936,1,15,191,0.46296296,0.0,-1.134813,13.8913145,0.537037
002171.SZ,17.812168,17.812168,0.00017778983,0.00018804062,0.3491664,0.1764706,1,12,252,0.34285715,0.0,-1.781757,3.699657,0.6571429
002172.SZ,22.677402,22.677402,0.00019518763,0.00018804062,0.3849997,0.18142235,1,69,305,0.8113208,0.0,-1.7455943,11.996825,0.18867925
002173.SZ,12.11563,12.11563,0.00012583433,0.00018804062,0.38166636,0.18620689,1,15,191,0.76666665,0.0,-0.00022330284,-0.016202664,0.23333333
002174.SZ,14.235617,14.235617,0.00014897285,0.00018804062,0.3537497,0.109848484,1,12,252,0.54545456,0.0,-1.2273757,4.6144004,0.45454547
002175.SZ,17.9525,17.9525,0.00017303546,0.00018804062,0.35249972,0.32903227,1,77,117,0.12903225,0.0,-1.5023353,1.893129,0.87096775
002176.SZ,16.956142,16.956142,0.00015567116,0.00018804062,0.41083303,0.214539,1,80,208,0.7916667,0.0,-0.19575834,-14.930644,0.20833333
002177.SZ,17.02711,17.02711,0.00014206993,0.00018804062,0.3849997,0.28907564,1,19,162,0.74285716,0.0,-1.6059145,2.025297,0.25714287
002178.SZ,19.728983,19.728983,0.0001701781,0.00018804062,0.38708302,0.27021042,1,2,80,0.5116279,0.0,-0.76586974,3.2787604,0.4883721
002179.SZ,14.539753,14.539753,0.00014758267,0.00018804062,0.36666638,0.2072072,1,74,159,0.5135135,0.0,-1.154708,2.5225298,0.4864865
002180.SZ,19.252218,19.252218,0.00018014656,0.00018804062,0.37833303,0.17613636,1,21,149,0.57575756,0.0,-1.8421272,-6.1038375,0.42424244
002181.SZ,12.984588,12.984588,0.00013501242,0.00018804062,0.38166636,0.23790322,1,91,229,0.5,0.0,-0.35516563,1.4007664,0.5
002182.SZ,17.807648,17.807648,0.00017439092,0.00018804062,0.36958304,0.18371212,1,5,286,0.7878788,0.0,-1.1778151,2.6981716,0.21212122
002183.SZ,17.384878,17.384878,0.00016553605,0.00018804062,0.38833302,0.15294118,1,52,65,0.5714286,0.0,-0.9399714,-7.043216,0.42857143
002184.SZ,17.00454,17.00454,0.0001648231,0.00018804062,0.37041637,0.1344697,1,87,102,0.6363636,0.0,-1.1392365,0.37486166,0.36363637
002185.SZ,13.470722,13.470722,0.00014079752,0.00018804062,0.36083305,0.13978495,1,32,38,0.83870965,0.0,-1.898039,3.2591965,0.16129032
002186.SZ,18.235718,18.235718,0.00016691754,0.00018804062,0.38083303,0.18794326,1,94,65,0.8125,0.0,-1.0970229,3.0852273,0.1875
002187.SZ,15.524597,15.524597,0.00015680809,0.00018804062,0.3799997,0.1579832,1,12,252,0.34285715,0.0,-0.9036457,-3.9203813,0.6571429
002188.SZ,12.380287,12.380287,0.00012824585,0.00018804062,0.38666636,0.15632184,1,87,102,0.7,0.0,-1.2888867,6.341512,0.3
002189.SZ,31.127941,31.127941,0.00022735303,0.00018804062,0.39666635,0.21369103,1,93,192,0.87234044,0.0,-1.5814129,-21.044504,0.12765957
002190.SZ,9.900856,9.900856,0.00010981686,0.00018804062,0.37166637,0.17011495,1,43,94,0.8,0.0,-1.2599503,3.7388506,0.2
002191.SZ,11.485129,11.485129,0.00012251303,0.00018804062,0.35833305,0.2924731,1,59,157,0.87096775,0.0,-1.6958644,3.4767132,0.12903225
002192.SZ,18.085278,18.085278,0.00017057371,0.00018804062,0.38333303,0.1897436,1,20,96,0.475,0.0,-1.8504727,7.6358576,0.525
002193.SZ,24.330322,24.330322,0.00019007736,0.00018804062,0.3924997,0.26341462,1,13,40,0.902439,0.0,-1.4381194,-23.275444,0.09756097
002194.SZ,21.914577,21.914577,0.00019620862,0.00018804062,0.39333302,0.2054902,1,27,217,0.8235294,0.0,-0.55063915,1.1382122,0.1764706
002195.SZ,20.203842,20.203842,0.00017362394,0.00018804062,0.37583303,0.20766129,1,61,124,0.53125,0.0,-1.0224031,-1.261864,0.46875
002196.SZ,21.53621,21.53621,0.00020072518,0.00018804062,0.3699997,0.20731707,1,69,305,0.34146342,0.0,-0.8895512,3.101095,0.6585366
002197.SZ,18.546663,18.546663,0.00017629423,0.00018804062,0.35124972,0.26881722,1,74,159,0.06451613,0.0,-0.9971032,2.4409513,0.9354839
002198.SZ,20.067112,20.067112,0.00018004199,0.00018804062,0.3774997,0.17931035,1,22,208,0.06666667,0.0,-1.8068066,3.2798886,0.93333334
002201.SZ,35.634605,35.634605,0.00029441822,0.00018804062,0.41666633,0.21107595,1,34,43,0.7375,0.0,0.44220495,6.0576544,0.2625
002202.SZ,13.417643,13.417643,0.00014041484,0.00018804062,0.3566664,0.2045977,1,17,17,0.6333333,0.0,-0.63196665,4.495525,0.36666667
002203.SZ,9.213981,9.213981,0.0001075837,0.00018804062,0.3541664,0.2,1,74,159,0.93333334,0.0,-2.1115532,6.8557334,0.06666667
002204.SZ,13.484577,13.484577,0.0001393385,0.00018804062,0.37083304,0.10537634,1,57,68,0.87096775,0.0,-2.015368,2.7815557,0.12903225
002205.SZ,25.904854,25.904854,0.00020058357,0.00018804062,0.39333302,0.3197279,1,102,50,0.46938777,0.0,-1.4129552,-20.195337,0.53061223
002206.SZ,15.140628,15.140628,0.00015231357,0.00018804062,0.38666636,0.13068181,1,87,102,0.6969697,0.0,-1.1462182,10.483928,0.3030303
002207.SZ,208.6004,208.6004,0.0013211942,0.00018804062,0.48333296,0.106868066,1,43,94,0.9411765,0.0,-1.3331406,-12.85122,0.05882353
002208.SZ,21.363775,21.363775,0.00020744155,0.00018804062,0.38333303,0.20769231,1,95,151,0.65,0.0,-1.0405625,-2.955855,0.35
002209.SZ,20.047935,20.047935,0.00019355242,0.00018804062,0.34833306,0.4117647,1,30,30,0.2647059,0.0,-1.0381676,4.3761563,0.7352941
002210.SZ,19.335915,19.335915,0.00015774491,0.00018804062,0.38666636,0.29411766,1,5,286,0.9117647,0.0,-0.5001735,0.5388475,0.0882353
002212.SZ,19.774103,19.774103,0.00016721705,0.00018804062,0.37666637,0.21862349,1,91,229,0.61538464,0.0,-1.4081589,-3.0254784,0.3846154
002213.SZ,16.733751,16.733751,0.00013866574,0.00018804062,0.403333,0.3407258,1,76,26,0.90625,0.0,-0.18678445,-26.74471,0.09375
002215.SZ,18.581255,18.581255,0.00017810846,0.00018804062,0.39583302,0.10252101,1,96,56,0.6,0.0,-0.49881712,5.797666,0.4
002216.SZ,16.318104,16.318104,0.00015425803,0.00018804062,0.38333303,0.14285715,1,22,208,0.75,0.0,-0.4567611,3.2737706,0.25
002217.SZ,31.934551,31.934551,0.00023176004,0.00018804062,0.39083302,0.22812846,1,12,252,0.74418604,0.0,-0.9075791,0.92338604,0.25581396
002218.SZ,14.280287,14.280287,0.00013017209,0.00018804062,0.38916636,0.27738264,1,43,94,0.7105263,0.0,-0.7909842,-17.700115,0.28947368
002219.SZ,9.871792,9.871792,9.825563e-05,0.00018804062,0.3774997,0.27327326,1,74,159,0.9189189,0.0,-0.44383514,1.3631214,0.08108108
002221.SZ,16.812325,16.812325,0.00016722573,0.00018804062,0.36208305,0.15508021,1,91,229,0.32352942,0.0,-0.43184122,-0.3416853,0.6764706
002222.SZ,27.179815,27.179815,0.00022150623,0.00018804062,0.38583302,0.24705882,1,91,229,0.88235295,0.0,-1.8708726,9.9638405,0.11764706
002223.SZ,19.25638,19.25638,0.00017312457,0.00018804062,0.3924997,0.25667828,1,51,81,0.6666667,0.0,-0.095916666,12.358339,0.33333334
002224.SZ,13.704547,13.704547,0.00012288107,0.00018804062,0.37333304,0.34402853,1,15,191,0.7941176,0.0,-1.402197,0.8117029,0.20588236
002225.SZ,8.893164,8.893164,0.00010510898,0.00018804062,0.35624972,0.2321839,1,91,229,0.9,0.0,-1.7908168,3.78848,0.1
002226.SZ,21.514044,21.514044,0.00020995003,0.00018804062,0.36124972,0.18634424,1,95,151,0.68421054,0.0,-0.9051264,3.69675,0.31578946
002227.SZ,15.034934,15.034934,0.0001328001,0.00018804062,0.38916636,0.34402853,1,74,159,0.7941176,0.0,-1.2864943,-19.47695,0.20588236
002228.SZ,12.313912,12.313912,0.00013261318,0.00018804062,0.3624997,0.29462364,1,32,38,0.6451613,0.0,-1.4453386,5.8950343,0.3548387
002229.SZ,24.940588,24.940588,0.00019241856,0.00018804062,0.40666634,0.2857143,1,77,117,0.46938777,0.0,-1.4395716,-21.79354,0.53061223
002230.SZ,14.376456,14.376456,0.0001390925,0.00018804062,0.38333303,0.15402299,1,74,159,0.8333333,0.0,-1.13032,-12.856966,0.16666667
002232.SZ,12.291226,12.291226,0.00012984952,0.00018804062,0.36208305,0.11494253,1,27,217,0.36666667,0.0,-1.0457834,3.8091366,0.6333333
002233.SZ,17.408787,17.408787,0.00017089113,0.00018804062,0.36833304,0.2,1,5,286,0.8857143,0.0,-1.1312515,1.8853065,0.114285715
002234.SZ,19.716143,19.716143,0.00017124416,0.00018804062,0.39166635,0.26565656,1,27,217,0.62222224,0.0,-1.5741935,-19.225393,0.37777779
002235.SZ,147.21211,147.21211,0.0009901333,0.00018804062,0.458333,0.15453345,1,32,38,0.8974359,0.0,-1.2270019,1.3262149,0.102564104
002236.SZ,16.687536,16.687536,0.00016078747,0.00018804062,0.35624972,0.10685484,1,1,211,0.65625,0.0,-1.3299563,2.4506974,0.34375
002237.SZ,8.225668,8.225668,9.4181545e-05,0.00018804062,0.3849997,0.06896552,1,14,83,0.9,0.0,-2.5440204,7.338756,0.1
002238.SZ,18.800222,18.800222,0.00015925482,0.00018804062,0.39499968,0.3319838,1,32,38,0.64102566,0.0,-1.4778103,-22.933718,0.35897437
002239.SZ,13.866262,13.866262,0.00014361893,0.00018804062,0.36416638,0.14623655,1,15,191,0.61290324,0.0,-1.6804707,3.9624264,0.38709676
002240.SZ,12.403089,12.403089,0.0001106345,0.00018804062,0.39083302,0.4576613,1,33,251,0.875,0.0,-1.7235407,-30.72016,0.125
002241.SZ,16.627192,16.627192,0.00016624125,0.00018804062,0.36666638,0.100995734,1,57,68,0.7894737,0.0,-2.0579395,5.0877256,0.21052632
002242.SZ,14.789826,14.789826,0.00014482017,0.00018804062,0.3674997,0.11827957,1,5,286,0.67741936,0.0,-1.4419869,3.2771504,0.32258064
002243.SZ,8.361826,8.361826,0.000102258746,0.00018804062,0.3624997,0.22983871,1,80,208,0.8125,0.0,-0.33960626,3.115225,0.1875
002244.SZ,15.164769,15.164769,0.00015657043,0.00018804062,0.37333304,0.22857143,1,27,217,0.5,0.0,-1.5575557,0.11237265,0.5
002245.SZ,19.335293,19.335293,0.00018011765,0.00018804062,0.36458305,0.19886364,1,12,252,0.21212122,0.0,-0.44603333,-1.2930391,0.7878788
002246.SZ,9.146488,9.146488,0.000102115126,0.00018804062,0.38416636,0.16330644,1,50,1,1.0,0.0,-1.852803,7.5221424,0.0
002247.SZ,13.330969,13.330969,0.00013655727,0.00018804062,0.37458304,0.14973262,1,12,252,0.5588235,0.0,-1.8169235,-0.751523,0.44117647
002248.SZ,24.206297,24.206297,0.00019572793,0.00018804062,0.37583303,0.18846154,1,15,191,0.65,0.0,-1.74049,7.294333,0.35
002249.SZ,8.965343,8.965343,0.000105711544,0.00018804062,0.38916636,0.39314517,1,74,159,0.9375,0.0,-1.7088844,9.69039,0.0625
002250.SZ,13.865532,13.865532,0.00014461514,0.00018804062,0.3529164,0.14962122,1,15,191,0.6666667,0.0,-0.6937031,3.7938392,0.33333334
002251.SZ,17.262142,17.262142,0.00016791296,0.00018804062,0.3649997,0.14973262,1,94,65,0.6764706,0.0,-0.6532354,-1.184255,0.32352942
002252.SZ,14.0780945,14.0780945,0.00014338594,0.00018804062,0.37333304,0.22150537,1,27,217,0.41935483,0.0,-1.572155,6.609715,0.58064514
002254.SZ,15.456698,15.456698,0.0001536744,0.00018804062,0.36916637,0.125,1,20,96,0.6666667,0.0,-1.2842,4.547176,0.33333334
002255.SZ,13.8951845,13.8951845,0.00013956963,0.00018804062,0.39916635,0.22727273,1,89,72,0.8181818,0.0,-0.2395515,13.275125,0.18181819
002256.SZ,11.941406,11.941406,0.00011794861,0.00018804062,0.38916636,0.2651515,1,12,252,0.6666667,0.0,-0.08586657,-2.5127504,0.33333334
002258.SZ,10.459417,10.459417,0.000117233394,0.00018804062,0.3504164,0.26236558,1,24,84,0.9677419,0.0,-1.1222613,1.719646,0.032258064
002259.SZ,30.510069,30.510069,0.00026314138,0.00018804062,0.410833,0.15277778,1,27,217,0.8888889,0.0,-0.71908146,16.015276,0.11111111
002261.SZ,16.566284,16.566284,0.00014251337,0.00018804062,0.38833302,0.26559713,1,5,286,0.9117647,0.0,-1.8834058,-8.556885,0.0882353
002262.SZ,22.097847,22.097847,0.00019016064,0.00018804062,0.405833,0.24927536,1,33,251,0.7826087,0.0,-1.175165,10.707326,0.2173913
002263.SZ,31.926699,31.926699,0.00027532518,0.00018804062,0.40166634,0.13829114,1,87,102,0.6375,0.0,-1.0645925,1.3590494,0.3625
002264.SZ,16.184887,16.184887,0.00016009931,0.00018804062,0.36583304,0.1344697,1,74,159,0.75757575,0.0,-1.2767788,0.1609038,0.24242425
002265.SZ,6.3999963,6.3999963,8.108471e-05,0.00018804062,0.36666638,0.20215054,1,77,117,0.9354839,0.0,-1.8747581,9.260779,0.06451613
002266.SZ,17.22377,17.22377,0.0001646658,0.00018804062,0.37166637,0.14962122,1,61,124,0.6060606,0.0,-0.56805146,4.9734044,0.3939394
002267.SZ,17.361118,17.361118,0.00017439773,0.00018804062,0.36041638,0.17137097,1,69,305,0.71875,0.0,0.005918756,5.7491813,0.28125
002268.SZ,25.308525,25.308525,0.00020165501,0.00018804062,0.39499968,0.21515152,1,69,305,0.5777778,0.0,-2.0947177,-11.299087,0.42222223
002269.SZ,30.895443,30.895443,0.00021833187,0.00018804062,0.39499968,0.24473976,1,74,159,0.81395346,0.0,-1.2754629,-21.994362,0.18604651
002270.SZ,23.383223,23.383223,0.00019342026,0.00018804062,0.40499967,0.2706131,1,61,124,0.65909094,0.0,-0.8844251,14.75271,0.3409091
002271.SZ,12.395448,12.395448,0.00013157923,0.00018804062,0.38416636,0.16935484,1,51,81,0.71875,0.0,-0.8435625,-2.795096,0.28125
002272.SZ,14.447148,14.447148,0.00012684712,0.00018804062,0.40416634,0.2857143,1,91,229,0.8888889,0.0,-1.3047279,-20.187737,0.11111111
002273.SZ,7.105369,7.105369,8.400353e-05,0.00018804062,0.35916638,0.1724138,1,27,217,0.8666667,0.0,-3.4769332,3.3049333,0.13333334
002274.SZ,19.865091,19.865091,0.00018119252,0.00018804062,0.38166636,0.16984127,1,19,162,0.6388889,0.0,-0.17145275,-4.3942785,0.3611111
002275.SZ,19.765701,19.765701,0.00017220431,0.00018804062,0.38583302,0.3682927,1,53,16,0.68292683,0.0,-0.8689218,14.0617695,0.31707317
002276.SZ,11.661526,11.661526,0.00012424382,0.00018804062,0.3762497,0.17943548,1,15,191,0.6875,0.0,-1.3410594,3.4345498,0.3125
002277.SZ,14.607191,14.607191,0.00014480743,0.00018804062,0.37166637,0.1344697,1,21,149,0.8787879,0.0,-0.9138575,-2.1351662,0.121212125
002278.SZ,11.62319,11.62319,0.00011497264,0.00018804062,0.38833302,0.29462364,1,33,251,0.8064516,0.0,-1.3463515,7.337835,0.19354838
002279.SZ,13.085802,13.085802,0.00012543281,0.00018804062,0.38583302,0.33793104,1,91,229,0.76666665,0.0,-2.4684968,-19.240997,0.23333333
002281.SZ,10.551666,10.551666,0.00010056718,0.00018804062,0.39999968,0.2735632,1,1,211,0.8666667,0.0,-1.6898302,-2.9083636,0.13333334
002282.SZ,13.118337,13.118337,0.00013520877,0.00018804062,0.36708304,0.1908046,1,12,252,0.43333334,0.0,-1.8822867,-1.3046428,0.56666666
002283.SZ,14.018387,14.018387,0.00014031962,0.00018804062,0.37083304,0.09072581,1,80,208,0.6875,0.0,-2.6010375,6.8375206,0.3125
002284.SZ,12.078925,12.078925,0.00012586836,0.00018804062,0.38458303,0.18064517,1,24,84,0.9032258,0.0,-0.8807613,15.470185,0.09677419
002285.SZ,35.187023,35.187023,0.0002712196,0.00018804062,0.41249967,0.20337301,1,77,117,0.796875,0.0,-1.0919578,-13.8401575,0.203125
002286.SZ,17.833744,17.833744,0.00017058157,0.00018804062,0.35083306,0.32147938,1,15,191,0.36842105,0.0,-0.8149447,3.7746265,0.6315789
002287.SZ,15.592875,15.592875,0.0001417984,0.00018804062,0.3824997,0.48172042,1,24,84,0.83870965,0.0,-0.5095645,16.251556,0.16129032
002290.SZ,20.217989,20.217989,0.0001727305,0.00018804062,0.38083303,0.26585367,1,12,252,0.6097561,0.0,-1.2806683,13.868051,0.3902439
002291.SZ,23.427225,23.427225,0.00019435737,0.00018804062,0.39666635,0.25,1,74,159,0.5102041,0.0,-1.0370347,-17.159634,0.48979592
002292.SZ,14.654505,14.654505,0.00014472657,0.00018804062,0.37166637,0.20645161,1,74,159,0.2580645,0.0,-0.9658357,-1.3799772,0.7419355
002293.SZ,11.7910795,11.7910795,0.0001206768,0.00018804062,0.35749972,0.17419355,1,21,149,0.67741936,0.0,-2.114513,0.10142963,0.32258064
002294.SZ,16.68804,16.68804,0.00015967902,0.00018804062,0.38083303,0.16989248,1,87,102,0.29032257,0.0,-1.5685097,1.7111182,0.7096774
002295.SZ,9.329473,9.329473,0.00010502206,0.00018804062,0.35958305,0.2413793,1,5,286,0.9,0.0,-2.05374,5.9417934,0.1
002296.SZ,19.2726,19.2726,0.00018132887,0.00018804062,0.3799997,0.14717741,1,23,94,0.71875,0.0,-1.8157095,3.234712,0.28125
002297.SZ,23.596521,23.596521,0.00020240592,0.00018804062,0.40333304,0.22117648,1,74,159,0.64705884,0.0,-0.17430982,1.8132918,0.3529412
002298.SZ,14.508253,14.508253,0.00014589824,0.00018804062,0.3491664,0.10752688,1,52,65,0.7096774,0.0,-1.093716,2.7004516,0.29032257
002299.SZ,13.183194,13.183194,0.0001325564,0.00018804062,0.37166637,0.13763441,1,5,286,0.9354839,0.0,-1.5979775,-4.752505,0.06451613
002300.SZ,17.635075,17.635075,0.00016314368,0.00018804062,0.37916636,0.14935988,1,15,191,0.55263156,0.0,-0.9624447,0.108243965,0.4473684
002301.SZ,11.581354,11.581354,0.00012726375,0.00018804062,0.35624972,0.22988506,1,89,72,0.8,0.0,-1.9674267,3.586013,0.2
002302.SZ,18.955431,18.955431,0.00017502501,0.00018804062,0.38916636,0.23650794,1,91,229,0.6111111,0.0,-1.7951251,-7.1627536,0.3888889
002303.SZ,8.087933,8.087933,9.948777e-05,0.00018804062,0.35958305,0.35053763,1,91,229,0.9032258,0.0,-1.371487,4.1546264,0.09677419
002304.SZ,14.153485,14.153485,0.0001313584,0.00018804062,0.3774997,0.5060484,1,77,117,0.75,0.0,-0.4722937,16.19936,0.25
002307.SZ,16.0953,16.0953,0.00014113894,0.00018804062,0.3899997,0.31260505,1,87,102,0.94285715,0.0,-1.1741772,-26.901638,0.057142857
002309.SZ,20.095299,20.095299,0.00016680385,0.00018804062,0.39749968,0.25243902,1,80,208,0.9512195,0.0,-0.99030733,-19.780582,0.048780486
002310.SZ,14.667249,14.667249,0.00012542812,0.00018804062,0.38833302,0.35285285,1,77,117,0.8648649,0.0,-0.72141093,-26.61187,0.13513513
002311.SZ,17.72755,17.72755,0.00016907437,0.00018804062,0.38416636,0.14081997,1,77,117,0.5,0.0,-1.0000118,8.4471655,0.5
002312.SZ,9.329812,9.329812,0.000105304985,0.00018804062,0.36458305,0.089655176,1,87,102,0.73333335,0.0,-1.0772702,2.0112932,0.26666668
002313.SZ,148.11235,148.11235,0.0009091007,0.00018804062,0.43499964,0.20286837,1,90,27,0.8787879,0.0,-1.9048151,-17.157082,0.121212125
002314.SZ,18.565964,18.565964,0.00018115407,0.00018804062,0.37541637,0.11269841,1,91,229,0.7777778,0.0,-1.2930915,2.8787136,0.22222222
002315.SZ,18.733177,18.733177,0.00016314378,0.00018804062,0.38833302,0.32698414,1,12,252,0.6388889,0.0,-0.92694175,14.502421,0.3611111
002316.SZ,25.121227,25.121227,0.00020653597,0.00018804062,0.39583302,0.15911193,1,94,65,0.7446808,0.0,-2.171185,6.472498,0.25531915
002317.SZ,13.188577,13.188577,0.00013002718,0.00018804062,0.3866664,0.291954,1,69,305,0.6666667,0.0,-0.9731502,13.766606,0.33333334
002318.SZ,11.945571,11.945571,0.0001169966,0.00018804062,0.398333,0.31907308,1,10,1,1.0,0.0,-0.6752677,17.471146,0.0
002319.SZ,19.71284,19.71284,0.00016896181,0.00018804062,0.39499968,0.2152341,1,12,252,0.6296296,0.0,-1.8194351,-18.851961,0.37037036
002320.SZ,17.29102,17.29102,0.00015703023,0.00018804062,0.39749968,0.33395004,1,34,43,0.5744681,0.0,-0.9336595,14.580423,0.42553192
002321.SZ,10.276599,10.276599,0.00010794335,0.00018804062,0.38333303,0.12096774,1,93,192,0.9375,0.0,-1.7750189,-19.21363,0.0625
002322.SZ,18.037937,18.037937,0.00016252669,0.00018804062,0.38083303,0.27307692,1,12,252,0.45,0.0,-1.1774625,7.541671,0.55
002323.SZ,29.644806,29.644806,0.00022619372,0.00018804062,0.40916634,0.19004525,1,24,84,0.9230769,0.0,-0.91194236,-18.015179,0.07692308
002324.SZ,14.086966,14.086966,0.00014851523,0.00018804062,0.35791638,0.227957,1,95,151,0.6451613,0.0,-0.9518419,3.8123627,0.3548387
002326.SZ,11.659194,11.659194,0.000109997534,0.00018804062,0.39166635,0.35037878,1,1,211,0.93939394,0.0,-1.762503,-27.69502,0.060606062
002327.SZ,13.350144,13.350144,0.00013655721,0.00018804062,0.38083303,0.20229885,1,51,81,0.53333336,0.0,-1.2690634,8.293149,0.46666667
002328.SZ,19.970701,19.970701,0.00018409865,0.00018804062,0.38666636,0.2248062,1,87,102,0.55813956,0.0,-1.2031488,9.431113,0.44186047
002329.SZ,17.347502,17.347502,0.0001674744,0.00018804062,0.37583303,0.1764706,1,5,286,0.61764705,0.0,-1.3443117,1.407863,0.38235295
002330.SZ,10.109533,10.109533,0.0001139793,0.00018804062,0.3837497,0.21839081,1,12,252,0.93333334,0.0,-1.1461067,-3.5098987,0.06666667
002331.SZ,21.46511,21.46511,0.0001648818,0.00018804062,0.39499968,0.42068964,1,12,252,0.93333334,0.0,-1.68883,-34.489067,0.06666667
002332.SZ,18.641273,18.641273,0.00017056719,0.00018804062,0.38166636,0.25384617,1,74,159,0.4,0.0,-0.9117476,8.419806,0.6
002333.SZ,7.699848,7.699848,9.310997e-05,0.00018804062,0.37833303,0.23870967,1,91,229,0.87096775,0.0,-1.6624357,1.511236,0.12903225
002334.SZ,12.089062,12.089062,0.00012724176,0.00018804062,0.3774997,0.2,1,12,252,0.6857143,0.0,-1.2010458,0.017273098,0.31428573
002335.SZ,20.70817,20.70817,0.0001936419,0.00018804062,0.35458305,0.18888889,1,33,251,0.22222222,0.0,-1.6915333,3.9596682,0.7777778
002337.SZ,18.658457,18.658457,0.00017603449,0.00018804062,0.35833305,0.11664296,1,24,84,0.6052632,0.0,-1.8772788,2.3427525,0.39473686
002338.SZ,11.801019,11.801019,0.00011930031,0.00018804062,0.3924997,0.18776672,1,12,252,0.81578946,0.0,-2.1032553,7.196045,0.18421052
002339.SZ,10.554242,10.554242,0.00010509062,0.00018804062,0.38833302,0.36666667,1,74,159,0.9166667,0.0,-1.3126721,-26.643194,0.083333336
002340.SZ,12.038895,12.038895,0.00012525229,0.00018804062,0.36333305,0.17983194,1,87,102,0.85714287,0.0,-2.1981113,1.4327943,0.14285715
002342.SZ,73.65843,73.65843,0.0005384531,0.00018804062,0.44666633,0.1414527,1,34,43,0.9015151,0.0,-0.50859916,2.7276492,0.09848485
002343.SZ,11.878657,11.878657,0.000118682845,0.00018804062,0.39583302,0.28219697,1,87,102,0.8787879,0.0,-0.89004546,-21.717474,0.121212125
002344.SZ,17.471401,17.471401,0.00016784755,0.00018804062,0.3699997,0.33522728,1,32,38,0.42424244,0.0,-0.6029364,1.5638642,0.57575756
002345.SZ,15.497944,15.497944,0.0001527701,0.00018804062,0.3874997,0.25042018,1,74,159,0.4857143,0.0,-0.6650258,10.315681,0.51428574
002346.SZ,17.243633,17.243633,0.00016055492,0.00018804062,0.38916636,0.22812846,1,21,149,0.8604651,0.0,-0.79640466,13.883483,0.13953489
002347.SZ,16.963926,16.963926,0.00014503566,0.00018804062,0.39666638,0.37460318,1,103,2,0.9722222,0.0,-1.3385417,-29.415697,0.027777778
002348.SZ,24.084652,24.084652,0.00019193681,0.00018804062,0.39083302,0.24,1,1,211,0.82,0.0,-1.7051761,-18.252615,0.18
002349.SZ,15.886625,15.886625,0.000151632,0.00018804062,0.3749997,0.4159159,1,30,30,0.45945945,0.0,-0.8172379,13.719437,0.5405405
002350.SZ,14.904927,14.904927,0.00015176316,0.00018804062,0.37541637,0.20320855,1,22,208,0.85294116,0.0,-0.36674404,6.289934,0.14705883
002351.SZ,17.34258,17.34258,0.00015897409,0.00018804062,0.405833,0.3485064,1,59,157,0.65789473,0.0,-1.200563,16.736942,0.34210527
002352.SZ,19.16292,19.16292,0.00018214551,0.00018804062,0.35208306,0.16287878,1,12,252,0.121212125,0.0,-1.1427243,0.469197,0.8787879
002353.SZ,7.723131,7.723131,8.440681e-05,0.00018804062,0.398333,0.4172043,1,5,286,0.9032258,0.0,-1.2945966,21.297867,0.09677419
002354.SZ,16.751268,16.751268,0.00015263115,0.00018804062,0.39499968,0.34423897,1,34,43,0.31578946,0.0,-1.0030552,-5.4577374,0.68421054
002355.SZ,22.736868,22.736868,0.00017709073,0.00018804062,0.3874997,0.33809525,1,74,159,0.9722222,0.0,-1.2579223,-25.90338,0.027777778
002356.SZ,14.794351,14.794351,0.00015511224,0.00018804062,0.36708304,0.22379032,1,57,68,0.84375,0.0,-0.9257531,2.426504,0.15625
002357.SZ,16.052523,16.052523,0.00015876253,0.00018804062,0.37833303,0.12903225,1,89,72,0.75,0.0,-1.2798781,9.555065,0.25
002358.SZ,12.86897,12.86897,0.00013220368,0.00018804062,0.36416638,0.18548387,1,93,192,0.78125,0.0,-1.449753,5.1380534,0.21875
002360.SZ,15.4995985,15.4995985,0.00014695473,0.00018804062,0.3874997,0.20793651,1,12,252,0.6111111,0.0,0.06434994,-1.3360019,0.3888889
002361.SZ,47.74126,47.74126,0.00036208893,0.00018804062,0.42416635,0.19401589,1,20,96,0.8924731,0.0,-0.0570753,1.9704783,0.10752688
002362.SZ,18.530098,18.530098,0.00014443723,0.00018804062,0.3924997,0.47311828,1,12,252,0.87096775,0.0,-1.9139031,-32.879143,0.12903225
002363.SZ,11.939074,11.939074,0.00012359768,0.00018804062,0.36666638,0.18850575,1,74,159,0.56666666,0.0,-1.7066998,5.033096,0.43333334
002364.SZ,18.80052,18.80052,0.0001714934,0.00018804062,0.408333,0.14893617,1,33,251,0.5625,0.0,-1.2922271,3.593364,0.4375
002365.SZ,15.99256,15.99256,0.00016370341,0.00018804062,0.36958304,0.11363637,1,29,12,0.93939394,0.0,-1.7653244,5.225885,0.060606062
002366.SZ,14.50042,14.50042,0.00014019161,0.00018804062,0.38666636,0.20793651,1,12,252,0.5,0.0,-1.4023416,-8.995831,0.5
002367.SZ,12.744753,12.744753,0.00013199789,0.00018804062,0.36333305,0.1816092,1,34,43,0.56666666,0.0,-1.1241267,3.7139354,0.43333334
002368.SZ,16.196045,16.196045,0.00015477349,0.00018804062,0.3624997,0.3632184,1,32,38,0.4,0.0,-1.0312401,2.3601868,0.6
002369.SZ,36.50307,36.50307,0.00026361592,0.00018804062,0.403333,0.2668831,1,91,229,0.60714287,0.0,-1.8434374,-17.99051,0.39285713
002370.SZ,17.008736,17.008736,0.00015709967,0.00018804062,0.39666635,0.22179487,1,23,94,0.85,0.0,-1.7387425,15.056806,0.15
002371.SZ,19.763685,19.763685,0.00017577203,0.00018804062,0.37333304,0.22857143,1,77,117,0.30555555,0.0,-1.4684082,4.9441857,0.6944444
002372.SZ,20.350056,20.350056,0.00017849413,0.00018804062,0.40166634,0.25882354,1,15,191,0.5294118,0.0,-1.0647941,12.917271,0.47058824
002373.SZ,10.451978,10.451978,0.000110593675,0.00018804062,0.35749972,0.059770115,1,1,211,0.8666667,0.0,-1.1066266,1.8482953,0.13333334
002374.SZ,28.852285,28.852285,0.00021582625,0.00018804062,0.38916636,0.36437246,1,74,159,0.64102566,0.0,-1.5300001,-24.607494,0.35897437
002375.SZ,15.086285,15.086285,0.00014580892,0.00018804062,0.3724997,0.14252874,1,95,151,0.8333333,0.0,-1.9795167,-2.4861069,0.16666667
002376.SZ,18.23992,18.23992,0.00017134642,0.00018804062,0.37541637,0.17943548,1,94,65,0.75,0.0,-1.5147593,0.012441158,0.25
002377.SZ,17.782965,17.782965,0.0001671154,0.00018804062,0.3674997,0.13613446,1,61,124,0.6857143,0.0,-1.30354,1.7034118,0.31428573
002378.SZ,16.950928,16.950928,0.0001489766,0.00018804062,0.38916636,0.3168168,1,21,149,0.9459459,0.0,-1.5063541,11.629099,0.054054055
002379.SZ,79.36635,79.36635,0.00067178404,0.00018804062,0.4841663,0.077385895,1,69,305,0.92116183,0.0,-1.0778158,14.442091,0.07883818
002380.SZ,7.624416,7.624416,8.624396e-05,0.00018804062,0.36541638,0.11954023,1,33,251,0.9,0.0,-1.0881766,-2.1341026,0.1
002381.SZ,20.61402,20.61402,0.00018111395,0.00018804062,0.36416638,0.43010753,1,11,17,0.48387095,0.0,-1.7698741,1.6916748,0.516129
002382.SZ,20.025045,20.025045,0.00018666874,0.00018804062,0.37291637,0.12298387,1,1,211,0.71875,0.0,-0.73537505,5.5866017,0.28125
002383.SZ,16.327978,16.327978,0.00016181402,0.00018804062,0.37541637,0.1277311,1,5,286,0.62857145,0.0,-2.4556973,0.5739893,0.37142858
002384.SZ,15.152577,15.152577,0.00013422397,0.00018804062,0.40499967,0.1565452,1,91,229,0.7948718,0.0,-0.8649461,0.30480614,0.20512821
002385.SZ,17.38712,17.38712,0.0001686842,0.00018804062,0.3466664,0.16755792,1,12,252,0.23529412,0.0,-1.6598324,3.1768324,0.7647059
002386.SZ,17.099102,17.099102,0.00016829946,0.00018804062,0.38333303,0.16129032,1,74,159,0.84375,0.0,-0.82624066,1.3741975,0.15625
002387.SZ,33.251793,33.251793,0.00024772243,0.00018804062,0.39666635,0.32839963,1,11,17,0.65957445,0.0,-1.6709107,-20.368206,0.34042552
002388.SZ,16.519804,16.519804,0.00015947773,0.00018804062,0.35999972,0.1780303,1,40,114,0.3939394,0.0,-1.3020364,1.4583702,0.6060606
002389.SZ,20.040558,20.040558,0.00015737765,0.00018804062,0.36583304,0.36363637,1,15,191,0.85294116,0.0,-1.0136206,3.0410235,0.14705883
002390.SZ,15.017975,15.017975,0.00015520173,0.00018804062,0.3516664,0.21935484,1,27,217,0.3548387,0.0,-1.0539258,4.9399657,0.6451613
002391.SZ,10.458882,10.458882,0.00011428403,0.00018804062,0.36166638,0.23674242,1,27,217,0.7878788,0.0,-0.25232124,2.0807679,0.21212122
002392.SZ,10.448509,10.448509,0.000115803305,0.00018804062,0.37666637,0.14838709,1,13,40,0.9032258,0.0,-0.99333555,1.00722,0.09677419
002393.SZ,16.103775,16.103775,0.00014790664,0.00018804062,0.38666636,0.31475028,1,34,43,0.6666667,0.0,-0.7397072,12.865667,0.33333334
002394.SZ,19.907808,19.907808,0.00018536448,0.00018804062,0.36333305,0.24324325,1,93,192,0.43243244,0.0,-1.5258971,4.7766447,0.5675676
002395.SZ,17.22475,17.22475,0.00016470908,0.00018804062,0.39749968,0.12857144,1,33,251,0.3888889,0.0,-1.3356887,5.964441,0.6111111
002396.SZ,13.857783,13.857783,0.00013758607,0.00018804062,0.37541637,0.11491936,1,57,68,0.75,0.0,-2.9415874,4.176952,0.25
002397.SZ,14.705733,14.705733,0.00015181208,0.00018804062,0.3541664,0.13793103,1,91,229,0.6,0.0,-0.79014665,4.061444,0.4
002398.SZ,19.601025,19.601025,0.00018423742,0.00018804062,0.36916637,0.18412699,1,77,117,0.44444445,0.0,-0.27149996,4.0823555,0.5555556
002399.SZ,11.66764,11.66764,0.00012166193,0.00018804062,0.38416636,0.11264368,1,91,229,0.46666667,0.0,-2.1114933,2.5656762,0.53333336
002400.SZ,10.394133,10.394133,0.00011161382,0.00018804062,0.36458305,0.16532259,1,13,40,0.96875,0.0,0.1496625,-1.1161532,0.03125
002401.SZ,8.0062475,8.0062475,9.355173e-05,0.00018804062,0.35374972,0.13978495,1,80,208,0.9354839,0.0,-1.5667032,0.6407,0.06451613
002402.SZ,16.186546,16.186546,0.00015762697,0.00018804062,0.3774997,0.067226894,1,15,191,0.8,0.0,-1.4388828,5.2814984,0.2
002403.SZ,15.267311,15.267311,0.00014820877,0.00018804062,0.398333,0.16507937,1,91,229,0.75,0.0,-1.3178887,-13.295012,0.25
002404.SZ,15.4868145,15.4868145,0.00015506557,0.00018804062,0.38333303,0.15714286,1,27,217,0.6944444,0.0,-0.96353614,2.868905,0.30555555
002405.SZ,20.632696,20.632696,0.0001742862,0.00018804062,0.39166635,0.27131784,1,12,252,0.4883721,0.0,-1.6090093,-16.645765,0.5116279
002406.SZ,15.14509,15.14509,0.00014687087,0.00018804062,0.36583304,0.34879032,1,34,43,0.25,0.0,-1.1884594,2.102358,0.75
002407.SZ,19.466475,19.466475,0.00018656097,0.00018804062,0.3774997,0.26381463,1,77,117,0.3529412,0.0,-1.2412558,1.4012918,0.64705884
002408.SZ,20.48463,20.48463,0.00019515067,0.00018804062,0.34833306,0.23361345,1,15,191,0.31428573,0.0,-1.7076372,3.4474196,0.6857143
002409.SZ,17.961317,17.961317,0.0001755522,0.00018804062,0.37833303,0.07311828,1,19,162,0.61290324,0.0,-2.4992518,3.754329,0.38709676
002410.SZ,14.430428,14.430428,0.00014134616,0.00018804062,0.3874997,0.23529412,1,91,229,0.7352941,0.0,-1.2062825,10.335625,0.2647059
002412.SZ,14.148498,14.148498,0.00013481943,0.00018804062,0.3724997,0.35053763,1,102,50,0.48387095,0.0,-1.8116161,7.0573516,0.516129
002413.SZ,18.136988,18.136988,0.00016443449,0.00018804062,0.40416634,0.17487922,1,91,229,0.6304348,0.0,-1.5679326,-8.664702,0.36956522
002414.SZ,19.175379,19.175379,0.00017969531,0.00018804062,0.37833303,0.24598931,1,15,191,0.3529412,0.0,-2.025206,2.240212,0.64705884
002415.SZ,16.395271,16.395271,0.00014867402,0.00018804062,0.408333,0.32380953,1,13,40,0.7777778,0.0,-1.0566082,13.676815,0.22222222
002416.SZ,5.393771,5.393771,7.267174e-05,0.00018804062,0.37333304,0.101149425,1,80,208,0.9,0.0,-0.48061672,9.034427,0.1
002418.SZ,35.11975,35.11975,0.00029946674,0.00018804062,0.40166634,0.19351852,1,90,27,0.91358024,0.0,0.28581354,0.07109553,0.086419754
002419.SZ,20.296831,20.296831,0.00018733015,0.00018804062,0.36666638,0.16500711,1,91,229,0.7631579,0.0,-1.6814605,-3.5028253,0.23684211
002420.SZ,11.187019,11.187019,0.00012143018,0.00018804062,0.38166636,0.14438502,1,27,217,0.9411765,0.0,-1.800397,3.8347034,0.05882353
002421.SZ,19.855146,19.855146,0.00015981113,0.00018804062,0.40499967,0.4234234,1,59,157,0.8108108,0.0,-1.6066135,-27.095745,0.1891892
002422.SZ,13.335051,13.335051,0.00013113691,0.00018804062,0.3824997,0.18548387,1,77,117,0.8125,0.0,-1.3796625,9.104368,0.1875
002423.SZ,14.909271,14.909271,0.00015043058,0.00018804062,0.36208305,0.18318318,1,75,1,1.0,0.0,-0.7724298,4.9678454,0.0
002425.SZ,16.089943,16.089943,0.00014389069,0.00018804062,0.38666636,0.24324325,1,91,229,0.8947368,0.0,-1.2244737,-14.507236,0.10526316
002426.SZ,15.580328,15.580328,0.00015158973,0.00018804062,0.39333302,0.16666667,1,91,229,0.4722222,0.0,-1.6877528,-10.362543,0.5277778
002427.SZ,18.04083,18.04083,0.00017735122,0.00018804062,0.36791638,0.10960961,1,91,229,0.4864865,0.0,-1.9442241,3.9233382,0.5135135
002428.SZ,271.64825,271.64825,0.001873185,0.00018804062,0.5216663,0.055535473,1,59,157,0.95348835,0.0,-1.698517,3.9510634,0.046511628
002429.SZ,19.97291,19.97291,0.00017425379,0.00018804062,0.37333304,0.43346775,1,11,17,0.5,0.0,-1.8391751,5.9925776,0.5
002430.SZ,12.700792,12.700792,0.00012898845,0.00018804062,0.35083306,0.10537634,1,77,117,0.61290324,0.0,-0.2645,1.2003103,0.38709676
002431.SZ,25.391672,25.391672,0.00019278392,0.00018804062,0.39666635,0.3933934,1,76,26,0.8648649,0.0,-1.3885813,-29.34985,0.13513513
002432.SZ,16.4995,16.4995,0.000150387,0.00018804062,0.39666635,0.2846154,1,77,117,0.55,0.0,-1.1643724,11.724859,0.45
002434.SZ,9.0015545,9.0015545,0.00010149201,0.00018804062,0.37333304,0.13333334,1,7,111,0.87096775,0.0,-1.2513323,8.463793,0.12903225
002436.SZ,17.615828,17.615828,0.00016649043,0.00018804062,0.3849997,0.13658537,1,57,68,0.80487806,0.0,-1.6613926,-5.245335,0.19512194
002437.SZ,20.417595,20.417595,0.00019064866,0.00018804062,0.38416636,0.12280702,1,91,229,0.6666667,0.0,-1.3160717,7.405099,0.33333334
002438.SZ,15.20256,15.20256,0.00015794598,0.00018804062,0.37333304,0.0984127,1,91,229,0.75,0.0,-2.1400945,2.7373643,0.25
002439.SZ,17.558567,17.558567,0.000152267,0.00018804062,0.38833302,0.33511585,1,93,192,0.85294116,0.0,-1.7295766,-15.490259,0.14705883
002440.SZ,9.424179,9.424179,0.00010884693,0.00018804062,0.34958306,0.15862069,1,76,26,0.8,0.0,-0.42257008,2.7215266,0.2
002441.SZ,18.0454,18.0454,0.00016962907,0.00018804062,0.3924997,0.2087087,1,33,251,0.5405405,0.0,-1.8110919,1.2797283,0.45945945
002442.SZ,8.051797,8.051797,9.887851e-05,0.00018804062,0.34874973,0.19770116,1,76,26,0.8,0.0,-1.77897,5.302573,0.2
002443.SZ,14.232263,14.232263,0.000138033,0.00018804062,0.38333303,0.21587302,1,91,229,0.8611111,0.0,-0.7292972,6.8499,0.1388889
002444.SZ,15.341212,15.341212,0.00014535431,0.00018804062,0.39749968,0.25604552,1,91,229,0.8684211,0.0,-1.2354211,14.58362,0.13157895
002445.SZ,13.024931,13.024931,0.000137239,0.00018804062,0.35999972,0.11587302,1,80,208,0.9166667,0.0,-2.0001082,5.2768416,0.083333336
002446.SZ,11.767056,11.767056,0.00012151966,0.00018804062,0.36541638,0.18003565,1,59,157,0.7647059,0.0,-1.5369647,-0.67695695,0.23529412
002448.SZ,11.81003,11.81003,0.00011535211,0.00018804062,0.3724997,0.44731182,1,91,229,0.83870965,0.0,-1.7899742,13.50641,0.16129032
002449.SZ,15.14418,15.14418,0.0001538949,0.00018804062,0.37166637,0.13547237,1,91,229,0.38235295,0.0,-2.1453497,2.4529672,0.61764705
002451.SZ,14.785686,14.785686,0.00013458852,0.00018804062,0.38416636,0.23292683,1,12,252,0.68292683,0.0,-0.8804414,1.7863853,0.31707317
002452.SZ,14.032178,14.032178,0.00014344527,0.00018804062,0.3874997,0.15714286,1,91,229,0.4722222,0.0,-0.5906945,5.347552,0.5277778
002453.SZ,21.18652,21.18652,0.0001641944,0.00018804062,0.3849997,0.3951613,1,22,208,0.8125,0.0,-1.6283531,-28.48011,0.1875
002454.SZ,9.955876,9.955876,0.000109788656,0.00018804062,0.36833304,0.19770116,1,22,208,0.9,0.0,-1.3724899,7.7283187,0.1
002455.SZ,65.26633,65.26633,0.00049860653,0.00018804062,0.4391663,0.11484674,1,12,252,0.9517241,0.0,0.1700442,2.4776607,0.048275862
002456.SZ,20.820948,20.820948,0.00016661394,0.00018804062,0.3787497,0.27807486,1,12,252,0.64705884,0.0,-0.28194413,0.96769994,0.3529412
002457.SZ,11.194436,11.194436,0.0001196084,0.00018804062,0.37666637,0.10967742,1,69,305,0.9354839,0.0,-0.8524677,0.7792747,0.06451613
002458.SZ,16.093884,16.093884,0.0001581737,0.00018804062,0.35916638,0.23655914,1,77,117,0.4516129,0.0,-1.1167163,2.1928098,0.5483871
002459.SZ,18.466352,18.466352,0.00015658482,0.00018804062,0.39416635,0.297561,1,91,229,0.6097561,0.0,-0.59229267,-23.443789,0.3902439
002460.SZ,14.221759,14.221759,0.00014465074,0.00018804062,0.3799997,0.13548388,1,57,68,0.8064516,0.0,-0.99505806,2.6782703,0.19354838
002461.SZ,11.189337,11.189337,0.000113306894,0.00018804062,0.39166635,0.2580645,1,74,159,0.6451613,0.0,-0.9182096,11.334194,0.3548387
002462.SZ,13.029367,13.029367,0.00013928369,0.00018804062,0.3491664,0.26666668,1,57,68,1.0,0.0,-1.1150095,1.733668,0.0
002463.SZ,17.62555,17.62555,0.00016855156,0.00018804062,0.3724997,0.17770036,1,77,117,0.5952381,0.0,-2.2853856,5.361327,0.4047619
002465.SZ,14.029772,14.029772,0.00012397645,0.00018804062,0.38916636,0.50107527,1,7,111,0.87096775,0.0,-2.0754068,-30.9132,0.12903225
002466.SZ,13.083549,13.083549,0.0001323833,0.00018804062,0.39416638,0.1391129,1,91,229,0.53125,0.0,-1.6356812,3.3594759,0.46875
002467.SZ,26.102299,26.102299,0.0002045007,0.00018804062,0.403333,0.24545455,1,91,229,0.73333335,0.0,-1.5522265,-17.74226,0.26666668
002468.SZ,11.403897,11.403897,0.00012379864,0.00018804062,0.35124972,0.18850575,1,89,72,0.8333333,0.0,-1.1001866,6.085509,0.16666667
002469.SZ,13.040986,13.040986,0.00013865286,0.00018804062,0.39499968,0.090322584,1,80,208,0.67741936,0.0,-1.6073385,1.2326864,0.32258064
002470.SZ,15.508921,15.508921,0.00014995449,0.00018804062,0.38333303,0.16098484,1,87,102,0.7878788,0.0,-0.34127283,1.1614673,0.21212122
002471.SZ,17.528545,17.528545,0.00016378553,0.00018804062,0.398333,0.16521738,1,87,102,0.6304348,0.0,-0.79580224,-5.029985,0.36956522
002472.SZ,15.829729,15.829729,0.00015824739,0.00018804062,0.3724997,0.16781609,1,19,162,0.56666666,0.0,-1.0661734,6.2235947,0.43333334
002474.SZ,12.679189,12.679189,0.00012596296,0.00018804062,0.39583302,0.25591397,1,32,38,0.83870965,0.0,-1.690587,-22.391596,0.16129032
002475.SZ,12.157137,12.157137,0.00012270236,0.00018804062,0.38833302,0.22539683,1,91,229,0.75,0.0,-1.2507529,17.469866,0.25
002476.SZ,13.065764,13.065764,0.00013898475,0.00018804062,0.35499972,0.23991935,1,91,229,0.65625,0.0,-0.2166313,1.9653436,0.34375
002478.SZ,13.675399,13.675399,0.0001427102,0.00018804062,0.3674997,0.1724138,1,27,217,0.8666667,0.0,-1.4777865,4.87884,0.13333334
002479.SZ,16.272705,16.272705,0.00015537239,0.00018804062,0.36666638,0.35650623,1,34,43,0.23529412,0.0,-0.6412912,3.3692224,0.7647059
002480.SZ,19.186247,19.186247,0.00016710046,0.00018804062,0.39999968,0.22929293,1,27,217,0.84444445,0.0,-1.2658513,-20.665302,0.15555556
002481.SZ,10.350669,10.350669,0.000111447676,0.00018804062,0.3699997,0.13333334,1,80,208,0.76666665,0.0,-0.11154329,0.4739572,0.23333333
002482.SZ,21.050648,21.050648,0.00015677496,0.00018804062,0.3924997,0.4294355,1,1,211,0.875,0.0,-1.997853,-34.65823,0.125
002483.SZ,18.407537,18.407537,0.00017028,0.00018804062,0.36041638,0.49885058,1,34,43,0.06666667,0.0,-1.3780731,2.0282652,0.93333334
002484.SZ,13.642256,13.642256,0.00013146446,0.00018804062,0.39416635,0.24603175,1,22,208,0.5277778,0.0,-1.7391553,12.029063,0.4722222
002486.SZ,12.684542,12.684542,0.0001280326,0.00018804062,0.36416638,0.10887097,1,57,68,0.6875,0.0,-0.32814687,4.7388906,0.3125
002487.SZ,16.33045,16.33045,0.00015446151,0.00018804062,0.40333304,0.22299652,1,91,229,0.5952381,0.0,-0.7721476,8.435772,0.4047619
002488.SZ,16.150791,16.150791,0.00015506642,0.00018804062,0.36916637,0.16816817,1,22,208,0.6216216,0.0,-0.72184867,4.5447397,0.3783784
002489.SZ,12.034821,12.034821,0.00012965171,0.00018804062,0.35458305,0.21609196,1,91,229,0.56666666,0.0,-0.71716,5.02571,0.43333334
002490.SZ,164.42737,164.42737,0.0011069113,0.00018804062,0.45666632,0.107109,1,21,149,0.9620853,0.0,-1.5807574,1.8603921,0.037914693
002491.SZ,145.00331,145.00331,0.0009788547,0.00018804062,0.45666632,0.12226792,1,74,159,0.85405403,0.0,-1.3927836,1.6166639,0.14594595
002492.SZ,14.767936,14.767936,0.00014144887,0.00018804062,0.38333303,0.30440968,1,76,26,0.81578946,0.0,-2.0951684,-13.385794,0.18421052
002493.SZ,16.28724,16.28724,0.00016184458,0.00018804062,0.36083305,0.17137097,1,90,27,0.75,0.0,-0.57995003,0.5344319,0.25
002494.SZ,16.04467,16.04467,0.0001601873,0.00018804062,0.3724997,0.12310606,1,74,159,0.45454547,0.0,-0.38598788,5.1628914,0.54545456
002495.SZ,15.626709,15.626709,0.00015675284,0.00018804062,0.35791638,0.15725806,1,91,229,0.625,0.0,-0.7088907,4.8567843,0.375
002497.SZ,15.1018715,15.1018715,0.00015478315,0.00018804062,0.35833305,0.08912656,1,91,229,0.5588235,0.0,-1.5932765,1.8079406,0.44117647
002498.SZ,20.199339,20.199339,0.00019123482,0.00018804062,0.36833304,0.27177176,1,94,65,0.4054054,0.0,-1.6816188,2.0190322,0.5945946
002500.SZ,18.293842,18.293842,0.00017827786,0.00018804062,0.36208305,0.10634921,1,33,251,0.6111111,0.0,-1.3263721,3.301353,0.3888889
002501.SZ,40.76233,40.76233,0.00027955076,0.00018804062,0.398333,0.26615646,1,77,117,0.6530612,0.0,-1.6403285,-19.782476,0.3469388
002506.SZ,29.317636,29.317636,0.00021763674,0.00018804062,0.38666636,0.30545875,1,21,149,0.54761904,0.0,-0.8704238,-22.863482,0.45238096
002507.SZ,18.504515,18.504515,0.00016689717,0.00018804062,0.3874997,0.30048308,1,12,252,0.5217391,0.0,-0.2751587,12.160406,0.47826087
002508.SZ,11.322938,11.322938,0.00011110632,0.00018804062,0.38333303,0.4798387,1,15,191,0.75,0.0,-0.77800936,15.349055,0.25
002510.SZ,11.043686,11.043686,0.000118942786,0.00018804062,0.35749972,0.11494253,1,91,229,0.96666664,0.0,-0.76211333,4.0744405,0.033333335
002511.SZ,8.773516,8.773516,0.000101811376,0.00018804062,0.3799997,0.30574712,1,32,38,0.9,0.0,-0.79222,12.517614,0.1
002513.SZ,206.51974,206.51974,0.001264594,0.00018804062,0.45749962,0.14664292,1,77,117,0.93782383,0.0,-1.5799658,-19.292933,0.062176164
002514.SZ,33.722984,33.722984,0.00023174158,0.00018804062,0.3899997,0.3697479,1,15,191,0.9142857,0.0,-1.3198315,-28.42929,0.08571429
002515.SZ,13.25114,13.25114,0.00013487515,0.00018804062,0.38083303,0.14838709,1,33,251,0.61290324,0.0,-0.08164511,1.4910911,0.38709676
002516.SZ,14.559107,14.559107,0.00015097884,0.00018804062,0.36833304,0.15927419,1,91,229,0.59375,0.0,-1.2866969,5.787709,0.40625
002517.SZ,48.618443,48.618443,0.00039680864,0.00018804062,0.413333,0.2089955,1,91,229,0.9137931,0.0,-0.6139611,10.770783,0.0862069
002518.SZ,17.1389,17.1389,0.00016681959,0.00018804062,0.35999972,0.33033034,1,15,191,0.2972973,0.0,-1.0555595,4.8134317,0.7027027
002519.SZ,15.224857,15.224857,0.00013999791,0.00018804062,0.38833302,0.3159664,1,24,84,0.71428573,0.0,-2.231143,-20.739367,0.2857143
002520.SZ,39.41775,39.41775,0.00026835027,0.00018804062,0.39166635,0.28484848,1,1,211,0.95555556,0.0,-1.7986935,-25.857447,0.044444446
002521.SZ,13.007405,13.007405,0.00013742295,0.00018804062,0.36833304,0.15172414,1,33,251,0.76666665,0.0,-1.3664533,4.6187735,0.23333333
002522.SZ,11.337824,11.337824,0.00012314087,0.00018804062,0.36583304,0.1908046,1,87,102,0.73333335,0.0,-3.1145465,2.9811754,0.26666668
002523.SZ,14.806476,14.806476,0.00014844946,0.00018804062,0.37083304,0.10080645,1,21,149,0.84375,0.0,-1.3993,3.2028852,0.15625
002524.SZ,20.113092,20.113092,0.00016168508,0.00018804062,0.39916635,0.2808081,1,27,217,0.7777778,0.0,-1.1743199,-22.519215,0.22222222
002526.SZ,13.378993,13.378993,0.00014069433,0.00018804062,0.35916638,0.09677419,1,27,217,0.625,0.0,-1.2332032,3.8726623,0.375
002527.SZ,85.328415,85.328415,0.00059962244,0.00018804062,0.42749965,0.1637741,1,43,94,0.9586777,0.0,-1.0438488,1.5157555,0.041322313
002530.SZ,10.799877,10.799877,0.000115876814,0.00018804062,0.36416638,0.1344697,1,32,38,0.7878788,0.0,-2.0480154,4.205043,0.21212122
002531.SZ,13.953891,13.953891,0.00013558449,0.00018804062,0.39166635,0.17815126,1,80,208,0.54285717,0.0,-0.62085706,-15.09601,0.45714286
002532.SZ,15.037363,15.037363,0.00014792403,0.00018804062,0.39749968,0.271777,1,80,208,0.78571427,0.0,-0.8622381,15.709888,0.21428572
002533.SZ,9.476794,9.476794,0.00010117899,0.00018804062,0.39749968,0.27272728,1,13,40,0.9117647,0.0,-1.5618942,17.77111,0.0882353
002534.SZ,14.756018,14.756018,0.00014215827,0.00018804062,0.3899997,0.21935484,1,77,117,0.3548387,0.0,-1.1284807,3.556331,0.6451613
002535.SZ,17.195822,17.195822,0.00016299951,0.00018804062,0.37916636,0.09475806,1,93,192,0.84375,0.0,-1.8240999,1.3668706,0.15625
002536.SZ,14.256526,14.256526,0.0001420423,0.00018804062,0.3849997,0.09475806,1,15,191,0.6875,0.0,-1.981853,0.15636063,0.3125
002537.SZ,13.20729,13.20729,0.00013641019,0.00018804062,0.36416638,0.14193548,1,91,229,0.4516129,0.0,-1.3977226,5.0248423,0.5483871
002539.SZ,18.276428,18.276428,0.00018063451,0.00018804062,0.35874972,0.26381463,1,91,229,0.44117647,0.0,-1.606891,2.0121675,0.5588235
002540.SZ,16.24158,16.24158,0.00016714784,0.00018804062,0.35499972,0.18318318,1,12,252,0.43243244,0.0,-1.7464297,4.6027513,0.5675676
002541.SZ,12.63763,12.63763,0.00013500437,0.00018804062,0.3924997,0.1827957,1,94,65,0.5483871,0.0,-1.8032225,5.002708,0.4516129
002542.SZ,448.45187,448.45187,0.0031764177,0.00018804062,0.57666624,0.036910713,1,13,40,0.98880595,0.0,-1.320439,-9.74372,0.01119403
002543.SZ,7.9202337,7.9202337,9.130791e-05,0.00018804062,0.38916636,0.3816092,1,91,229,0.8333333,0.0,-0.6109633,19.063993,0.16666667
002544.SZ,94.04372,94.04372,0.00066359155,0.00018804062,0.43333298,0.1426431,1,57,68,0.92253524,0.0,-1.1687028,1.565876,0.07746479
002545.SZ,14.399344,14.399344,0.00014351001,0.00018804062,0.39416635,0.21075268,1,33,251,0.41935483,0.0,-1.1747161,9.685893,0.58064514
002546.SZ,17.70325,17.70325,0.00017492354,0.00018804062,0.35583305,0.3560606,1,30,30,0.33333334,0.0,-0.8563,5.7386045,0.6666667
002547.SZ,13.997004,13.997004,0.000120388504,0.00018804062,0.3999997,0.36185384,1,77,117,0.7941176,0.0,-1.3590912,-24.25593,0.20588236
002548.SZ,11.230106,11.230106,0.000107695494,0.00018804062,0.38833302,0.4302521,1,94,65,0.85714287,0.0,-1.7344713,-30.38939,0.14285715
002549.SZ,14.533293,14.533293,0.000144256,0.00018804062,0.3849997,0.23172906,1,95,151,0.8235294,0.0,-0.93858236,3.272603,0.1764706
002550.SZ,20.498327,20.498327,0.00017697923,0.00018804062,0.39083302,0.27796236,1,1,211,0.95348835,0.0,-1.4632441,13.958665,0.046511628
002551.SZ,12.08072,12.08072,0.0001246459,0.00018804062,0.37916636,0.09892473,1,40,114,0.58064514,0.0,-2.8986902,2.4296858,0.41935483
002552.SZ,13.379999,13.379999,0.00013954159,0.00018804062,0.36166638,0.1590909,1,89,72,0.75757575,0.0,-1.9139061,6.7589717,0.24242425
002553.SZ,65.257034,65.257034,0.0005314686,0.00018804062,0.4441663,0.11179245,1,5,286,0.825,0.0,-1.4028137,13.219127,0.175
002554.SZ,15.56701,15.56701,0.00015388362,0.00018804062,0.3824997,0.18494624,1,80,208,0.7741935,0.0,-0.04419678,-1.2803477,0.22580644
002555.SZ,23.673258,23.673258,0.00020200158,0.00018804062,0.3899997,0.28282827,1,77,117,0.82222223,0.0,-0.938071,12.924044,0.17777778
002556.SZ,9.302727,9.302727,0.00010628446,0.00018804062,0.35958305,0.11954023,1,33,251,0.73333335,0.0,-0.65454006,-1.5700835,0.26666668
002557.SZ,15.8774805,15.8774805,0.00016213095,0.00018804062,0.35124972,0.22638147,1,12,252,0.32352942,0.0,-0.6850411,2.6203814,0.6764706
002558.SZ,29.528843,29.528843,0.0002566568,0.00018804062,0.41333303,0.24210526,1,91,229,0.7894737,0.0,-1.2808644,8.602424,0.21052632
002559.SZ,13.729363,13.729363,0.0001462155,0.00018804062,0.36666638,0.15508021,1,91,229,0.5588235,0.0,-1.1946765,3.2867963,0.44117647
002560.SZ,40.196815,40.196815,0.00034523706,0.00018804062,0.413333,0.1379386,1,95,151,0.9583333,0.0,0.31593123,5.246525,0.041666668
002561.SZ,16.610636,16.610636,0.00015612964,0.00018804062,0.3774997,0.11904762,1,52,65,0.8333333,0.0,-1.0096805,-5.6103935,0.16666667
002562.SZ,7.8387895,7.8387895,9.531499e-05,0.00018804062,0.34749973,0.3770115,1,13,40,1.0,0.0,-0.80518657,6.09801,0.0
002563.SZ,10.000304,10.000304,0.00011447576,0.00018804062,0.34874973,0.23225807,1,76,26,0.8064516,0.0,-0.6040806,1.3695904,0.19354838
002564.SZ,38.362324,38.362324,0.0002975803,0.00018804062,0.40166634,0.24785165,1,34,43,0.67164177,0.0,-1.4455477,10.507083,0.3283582
002565.SZ,44.12026,44.12026,0.00034670735,0.00018804062,0.43499967,0.16017316,1,77,117,0.8888889,0.0,-0.49335653,0.9823293,0.11111111
002566.SZ,21.39218,21.39218,0.00019824234,0.00018804062,0.36083305,0.2984127,1,74,159,0.3611111,0.0,-1.3198471,1.7743639,0.6388889
002567.SZ,9.177915,9.177915,9.098968e-05,0.00018804062,0.3874997,0.46666667,1,76,26,0.9677419,0.0,-1.5303003,-32.462578,0.032258064
002568.SZ,12.022755,12.022755,0.00011403967,0.00018804062,0.38999972,0.51724136,1,74,159,1.0,0.0,0.09549,15.543923,0.0
002570.SZ,10.332611,10.332611,0.000118197015,0.00018804062,0.35249972,0.25747126,1,27,217,0.8666667,0.0,-0.44226328,3.11476,0.13333334
002571.SZ,19.390131,19.390131,0.00016760275,0.00018804062,0.41166633,0.21258503,1,57,68,0.6938776,0.0,-1.1158817,-18.556526,0.30612245
002572.SZ,15.709588,15.709588,0.00015453476,0.00018804062,0.38333303,0.18095239,1,12,252,0.44444445,0.0,-1.2375695,8.891743,0.5555556
002573.SZ,10.6318865,10.6318865,0.00012036397,0.00018804062,0.35916638,0.2228164,1,87,102,0.9117647,0.0,-0.47640586,2.9525764,0.0882353
002574.SZ,11.113893,11.113893,0.00010862411,0.00018804062,0.3899997,0.32605043,1,91,229,0.7714286,0.0,-1.06032,-27.90532,0.22857143
002575.SZ,19.731195,19.731195,0.00018153395,0.00018804062,0.400833,0.25551683,1,32,38,0.45238096,0.0,-0.7913667,-3.4954364,0.54761904
002576.SZ,11.893732,11.893732,0.00012899331,0.00018804062,0.3699997,0.41935483,1,20,96,0.8125,0.0,-1.7468032,5.536215,0.1875
002577.SZ,15.676918,15.676918,0.00014220407,0.00018804062,0.3774997,0.29587483,1,57,68,0.7894737,0.0,-1.1698343,2.0841842,0.21052632
002578.SZ,21.44924,21.44924,0.00019630585,0.00018804062,0.3491664,0.25555557,1,77,117,0.33333334,0.0,-1.0679084,3.182986,0.6666667
002579.SZ,16.952816,16.952816,0.00015924094,0.00018804062,0.37416637,0.12948719,1,43,94,0.825,0.0,-1.3035151,1.2315,0.175
002580.SZ,27.584784,27.584784,0.00023744763,0.00018804062,0.40249968,0.20923437,1,33,251,0.6101695,0.0,-0.6438814,6.9294868,0.3898305
002582.SZ,17.037966,17.037966,0.00016509977,0.00018804062,0.37041637,0.21774194,1,94,65,0.53125,0.0,-1.1929001,4.9508476,0.46875
002583.SZ,22.890184,22.890184,0.00018524706,0.00018804062,0.39666635,0.2414966,1,15,191,0.5714286,0.0,-2.2240202,-18.323793,0.42857143
002584.SZ,14.148284,14.148284,0.00013624011,0.00018804062,0.38166636,0.23351158,1,74,159,0.8235294,0.0,-2.004856,-17.950317,0.1764706
002585.SZ,15.014552,15.014552,0.00014475358,0.00018804062,0.38916636,0.1920635,1,74,159,0.8333333,0.0,-2.194764,-13.31574,0.16666667
002587.SZ,16.706516,16.706516,0.00016510951,0.00018804062,0.34749973,0.26008064,1,77,117,0.4375,0.0,-1.6161001,2.3752751,0.5625
002588.SZ,15.493165,15.493165,0.00015798147,0.00018804062,0.3649997,0.11034483,1,29,12,0.8,0.0,-0.26796332,6.2566304,0.2
002589.SZ,17.46975,17.46975,0.00016888542,0.00018804062,0.3624997,0.13229018,1,91,229,0.4473684,0.0,-1.088871,3.546508,0.55263156
002590.SZ,17.412947,17.412947,0.00016864802,0.00018804062,0.36041638,0.34252873,1,74,159,0.3,0.0,-1.2955601,5.6153083,0.7
002591.SZ,17.266487,17.266487,0.00017077805,0.00018804062,0.36708304,0.10795455,1,87,102,0.54545456,0.0,-0.9083697,2.0441127,0.45454547
002593.SZ,14.021274,14.021274,0.00014210356,0.00018804062,0.36666638,0.15053764,1,12,252,0.48387095,0.0,-0.8577581,1.5320709,0.516129
002594.SZ,12.686278,12.686278,0.00013390122,0.00018804062,0.3849997,0.2159091,1,91,229,0.54545456,0.0,-0.5952303,10.76897,0.45454547
002595.SZ,24.9279,24.9279,0.00021353053,0.00018804062,0.41166633,0.22117795,1,5,286,0.7894737,0.0,-1.2577561,14.902936,0.21052632
002596.SZ,20.680693,20.680693,0.00015377263,0.00018804062,0.39666635,0.43137255,1,91,229,0.9117647,0.0,-1.0167383,-31.61233,0.0882353
002597.SZ,13.05183,13.05183,0.0001431269,0.00018804062,0.35833305,0.23863636,1,51,81,0.8787879,0.0,-1.5391454,6.2932544,0.121212125
002599.SZ,11.269802,11.269802,0.00012202613,0.00018804062,0.35749972,0.090322584,1,5,286,0.8064516,0.0,-0.9710355,3.3574224,0.19354838
002600.SZ,11.953807,11.953807,0.00012860977,0.00018804062,0.37666637,0.14126985,1,69,305,0.8333333,0.0,-1.6634526,3.9734077,0.16666667
002601.SZ,15.933477,15.933477,0.00016240908,0.00018804062,0.35791638,0.13793103,1,21,149,0.46666667,0.0,-1.1627165,1.34779,0.53333336
002602.SZ,18.603743,18.603743,0.00016184125,0.00018804062,0.38333303,0.36638656,1,77,117,0.74285716,0.0,-0.8042857,16.674957,0.25714287
002603.SZ,16.971344,16.971344,0.0001561158,0.00018804062,0.3924997,0.30121815,1,57,68,0.7906977,0.0,-0.88794655,14.574878,0.20930232
002605.SZ,11.491955,11.491955,0.000113308655,0.00018804062,0.37916636,0.4344086,1,27,217,0.9032258,0.0,-0.46419352,17.492937,0.09677419
002606.SZ,19.730722,19.730722,0.00018693318,0.00018804062,0.36583304,0.38502672,1,30,30,0.29411766,0.0,-1.6992558,2.1629505,0.7058824
002607.SZ,17.225405,17.225405,0.00015424978,0.00018804062,0.38083303,0.20952381,1,91,229,0.8611111,0.0,-1.710689,8.634238,0.1388889
002608.SZ,17.217937,17.217937,0.00017401844,0.00018804062,0.37166637,0.18893388,1,91,229,0.71794873,0.0,0.11459737,4.6950517,0.2820513
002609.SZ,10.801813,10.801813,0.000119840304,0.00018804062,0.35874972,0.14942528,1,76,26,0.76666665,0.0,-1.6871866,1.0896533,0.23333333
002611.SZ,18.586926,18.586926,0.00016958588,0.00018804062,0.40916634,0.20930232,1,90,27,0.6511628,0.0,-0.63138604,7.857673,0.3488372
002612.SZ,16.75899,16.75899,0.00015043003,0.00018804062,0.38916636,0.36186185,1,57,68,0.972973,0.0,-0.2974568,16.5731,0.027027028
002613.SZ,10.30274,10.30274,0.0001121033,0.00018804062,0.37333304,0.14942528,1,100,10,0.73333335,0.0,-0.8572633,1.2171596,0.26666668
002614.SZ,10.309338,10.309338,0.00011075296,0.00018804062,0.37666637,0.17419355,1,90,27,0.61290324,0.0,-1.587158,-6.6387444,0.38709676
002615.SZ,12.220856,12.220856,0.00012808222,0.00018804062,0.36333305,0.10752688,1,91,229,0.83870965,0.0,-2.0700548,3.748746,0.16129032
002616.SZ,16.867352,16.867352,0.00017065115,0.00018804062,0.35499972,0.13793103,1,91,229,0.46666667,0.0,-1.76555,3.5824695,0.53333336
002617.SZ,20.193521,20.193521,0.00017804829,0.00018804062,0.3674997,0.43218392,1,11,17,0.46666667,0.0,-0.19348669,-0.99887276,0.53333336
002622.SZ,18.10362,18.10362,0.00016052606,0.00018804062,0.38916636,0.269103,1,34,43,0.4883721,0.0,-1.308814,-12.303187,0.5116279
002623.SZ,16.63226,16.63226,0.00016403885,0.00018804062,0.39083302,0.20840336,1,5,286,0.7714286,0.0,-0.81002855,-11.191557,0.22857143
002624.SZ,11.042381,11.042381,0.00010686442,0.00018804062,0.38333303,0.31653225,1,19,162,0.84375,0.0,-1.2607656,16.509695,0.15625
002625.SZ,17.694868,17.694868,0.0001650902,0.00018804062,0.39083302,0.14204545,1,5,286,0.54545456,0.0,-0.7977546,5.705876,0.45454547
002626.SZ,9.898469,9.898469,0.000108794375,0.00018804062,0.38583302,0.26612905,1,87,102,0.90625,0.0,-0.9908843,10.549303,0.09375
002627.SZ,15.050341,15.050341,0.00015037716,0.00018804062,0.36916637,0.09677419,1,33,251,0.7096774,0.0,-2.0276644,1.6767322,0.29032257
002628.SZ,13.319687,13.319687,0.00013095255,0.00018804062,0.39333305,0.22822823,1,21,149,0.8648649,0.0,-1.1585838,-18.6375,0.13513513
002629.SZ,61.101086,61.101086,0.00043918387,0.00018804062,0.42166632,0.23882784,1,1,211,0.94505495,0.0,-1.2008253,11.111821,0.054945055
002631.SZ,21.751678,21.751678,0.00018287518,0.00018804062,0.3924997,0.24744898,1,91,229,0.79591835,0.0,-1.998002,-17.027098,0.20408164
002632.SZ,10.664999,10.664999,0.000115127834,0.00018804062,0.3554164,0.21609196,1,33,251,0.8666667,0.0,-1.9539897,2.4096901,0.13333334
002633.SZ,10.409125,10.409125,9.952819e-05,0.00018804062,0.3724997,0.30113637,1,12,252,0.8181818,0.0,-1.1450878,1.2509514,0.18181819
002634.SZ,51.051903,51.051903,0.0003932262,0.00018804062,0.43749967,0.14,1,21,149,0.91,0.0,-0.93789095,-8.075456,0.09
002635.SZ,9.488673,9.488673,0.00010902408,0.00018804062,0.36958304,0.09848485,1,19,162,0.90909094,0.0,-2.350903,4.735633,0.09090909
002636.SZ,18.686739,18.686739,0.00017852418,0.00018804062,0.3749997,0.10897436,1,95,151,0.95,0.0,-0.6985701,3.0639675,0.05
002637.SZ,10.669501,10.669501,0.00011984248,0.00018804062,0.36583304,0.14393939,1,76,26,0.8181818,0.0,-0.73886967,1.9395491,0.18181819
002638.SZ,83.48448,83.48448,0.0006190325,0.00018804062,0.448333,0.12314702,1,27,217,0.95348835,0.0,-1.7309762,-7.795855,0.046511628
002639.SZ,12.144222,12.144222,0.00010915333,0.00018804062,0.38166636,0.42613637,1,91,229,0.93939394,0.0,-0.6410092,2.506223,0.060606062
002640.SZ,33.85157,33.85157,0.00022864438,0.00018804062,0.39666635,0.35704124,1,5,286,0.92105263,0.0,-1.0921133,-31.143814,0.078947365
002641.SZ,8.412008,8.412008,9.883472e-05,0.00018804062,0.37333304,0.15698925,1,91,229,0.9354839,0.0,-0.43299025,1.8744652,0.06451613
002642.SZ,14.769331,14.769331,0.00014734112,0.00018804062,0.38083303,0.15402299,1,96,56,0.93333334,0.0,-0.9158833,4.8305583,0.06666667
002643.SZ,19.44172,19.44172,0.00017688093,0.00018804062,0.3674997,0.2420168,1,77,117,0.31428573,0.0,-1.2138772,3.3577313,0.6857143
002644.SZ,15.284403,15.284403,0.0001494893,0.00018804062,0.3649997,0.103225805,1,91,229,0.87096775,0.0,-0.28019997,0.62933487,0.12903225
002645.SZ,13.464729,13.464729,0.0001393226,0.00018804062,0.37916636,0.1764706,1,91,229,0.61764705,0.0,-0.067505896,8.7401905,0.38235295
002646.SZ,15.31082,15.31082,0.00013000552,0.00018804062,0.3687497,0.3068182,1,43,94,0.7878788,0.0,-0.8593879,0.99148476,0.21212122
002648.SZ,11.583799,11.583799,0.00012367676,0.00018804062,0.37083304,0.17011495,1,12,252,0.7,0.0,-0.44761002,0.8332155,0.3
002649.SZ,9.67765,9.67765,0.00010813583,0.00018804062,0.35458305,0.07586207,1,91,229,0.8666667,0.0,-0.84411657,1.0775791,0.13333334
002651.SZ,16.182947,16.182947,0.0001583533,0.00018804062,0.36083305,0.08172043,1,5,286,0.7741935,0.0,-0.9952418,1.7080839,0.22580644
002652.SZ,20.382694,20.382694,0.00017135561,0.00018804062,0.403333,0.2562442,1,21,149,0.87234044,0.0,-1.7719746,-22.715233,0.12765957
002653.SZ,19.126707,19.126707,0.0001702996,0.00018804062,0.40499967,0.17946346,1,27,217,0.70212764,0.0,-2.1172426,4.276644,0.29787233
002654.SZ,8.532435,8.532435,8.6220985e-05,0.00018804062,0.39583302,0.26881722,1,43,94,0.87096775,0.0,-0.47933868,-19.231083,0.12903225
002655.SZ,22.34971,22.34971,0.00020355548,0.00018804062,0.39166635,0.23366556,1,51,81,0.37209302,0.0,-1.2795862,-4.285244,0.627907
002657.SZ,16.95577,16.95577,0.00014578245,0.00018804062,0.39499968,0.33650795,1,77,117,0.8888889,0.0,-1.5937582,-21.645613,0.11111111
002658.SZ,20.539803,20.539803,0.00019216743,0.00018804062,0.36333305,0.1875,1,24,84,0.6666667,0.0,-1.5508546,3.2591166,0.33333334
002659.SZ,15.124419,15.124419,0.0001474395,0.00018804062,0.35916638,0.070564516,1,61,124,0.75,0.0,-1.0913688,2.4488456,0.25
002660.SZ,31.588856,31.588856,0.00024652318,0.00018804062,0.39999968,0.24156862,1,89,72,0.8039216,0.0,-1.4044079,-16.026112,0.19607843
002661.SZ,15.304519,15.304519,0.00015337292,0.00018804062,0.36541638,0.20499109,1,59,157,0.7058824,0.0,-0.57869405,3.3122234,0.29411766
002662.SZ,9.442364,9.442364,0.000104592255,0.00018804062,0.36833304,0.15268818,1,12,252,0.9032258,0.0,-1.8147097,7.2084193,0.09677419
002663.SZ,13.734184,13.734184,0.00013965245,0.00018804062,0.38583302,0.2344086,1,27,217,0.38709676,0.0,-1.3424518,-13.03896,0.61290324
002664.SZ,8.500096,8.500096,0.00010108465,0.00018804062,0.3649997,0.18850575,1,74,159,0.8333333,0.0,-1.5920066,6.4983287,0.16666667
002666.SZ,12.432698,12.432698,0.00013085282,0.00018804062,0.36458305,0.084033616,1,22,208,0.82857144,0.0,0.1041629,3.7130685,0.17142858
002667.SZ,24.269794,24.269794,0.00018829017,0.00018804062,0.39666635,0.21818182,1,1,211,0.9111111,0.0,-0.7442311,-20.500748,0.08888889
002668.SZ,20.101978,20.101978,0.00018422226,0.00018804062,0.3554164,0.33548388,1,77,117,0.12903225,0.0,-0.67349035,3.0246649,0.87096775
002669.SZ,12.239881,12.239881,0.00013128611,0.00018804062,0.35458305,0.19310345,1,27,217,0.43333334,0.0,-0.8930567,4.09813,0.56666666
002670.SZ,20.254644,20.254644,0.00018867731,0.00018804062,0.3566664,0.16856061,1,69,305,0.42424244,0.0,-1.6034455,5.053266,0.57575756
002671.SZ,17.471338,17.471338,0.00017109081,0.00018804062,0.3662497,0.17741935,1,87,102,0.375,0.0,-1.3161187,2.6120267,0.625
002672.SZ,40.08915,40.08915,0.00030494633,0.00018804062,0.4199997,0.18807018,1,59,157,0.84210527,0.0,-0.88271064,-14.819259,0.15789473
002673.SZ,17.574814,17.574814,0.00017439046,0.00018804062,0.36708304,0.2042042,1,89,72,0.8648649,0.0,-1.1885108,3.464162,0.13513513
002674.SZ,12.229249,12.229249,0.00013387803,0.00018804062,0.36791638,0.22068965,1,19,162,0.8666667,0.0,-1.1928667,3.4170732,0.13333334
002675.SZ,16.549324,16.549324,0.00016279418,0.00018804062,0.3799997,0.16399287,1,91,229,0.5588235,0.0,-1.653297,6.80515,0.44117647
002676.SZ,13.171764,13.171764,0.00013580848,0.00018804062,0.3699997,0.14193548,1,90,27,0.67741936,0.0,-0.45298713,4.076043,0.32258064
002677.SZ,7.6128974,7.6128974,8.342436e-05,0.00018804062,0.36166638,0.3483871,1,87,102,0.87096775,0.0,-1.4245551,0.7312516,0.12903225
002678.SZ,31.556295,31.556295,0.00025385933,0.00018804062,0.408333,0.1984127,1,12,252,0.796875,0.0,-1.7559891,-11.498276,0.203125
002679.SZ,14.528877,14.528877,0.00013748417,0.00018804062,0.38833302,0.37701613,1,19,162,0.90625,0.0,-1.0618,-25.399185,0.09375
002681.SZ,22.418087,22.418087,0.00020190739,0.00018804062,0.37416637,0.085020244,1,23,94,0.5897436,0.0,-1.4816564,2.9135299,0.41025642
002682.SZ,16.019838,16.019838,0.00014409843,0.00018804062,0.398333,0.30440968,1,7,111,0.7631579,0.0,-1.0731211,-26.258133,0.23684211
002683.SZ,12.686771,12.686771,0.00012544382,0.00018804062,0.38416636,0.25042018,1,22,208,0.62857145,0.0,-1.2523029,13.710023,0.37142858
002685.SZ,16.465685,16.465685,0.00016054274,0.00018804062,0.3749997,0.11290322,1,1,211,0.78125,0.0,-1.8445718,3.9770243,0.21875
002686.SZ,14.653212,14.653212,0.00014051753,0.00018804062,0.37333304,0.19838056,1,57,68,0.7692308,0.0,-0.8777103,3.0379896,0.23076923
002687.SZ,12.481003,12.481003,0.00013367679,0.00018804062,0.35874972,0.17045455,1,19,162,0.72727275,0.0,-0.45038486,2.4454956,0.27272728
002688.SZ,13.519229,13.519229,0.00014025485,0.00018804062,0.3724997,0.13793103,1,20,96,0.8,0.0,-0.69701666,6.280132,0.2
002690.SZ,81.13334,81.13334,0.00064520683,0.00018804062,0.44749963,0.13075538,1,20,96,0.95767194,0.0,-1.0577084,14.62253,0.04232804
002691.SZ,15.29392,15.29392,0.00013421683,0.00018804062,0.39916635,0.31016043,1,77,117,0.9411765,0.0,-1.5107145,-19.209139,0.05882353
002692.SZ,10.06362,10.06362,0.000110474735,0.00018804062,0.37333304,0.20967741,1,91,229,0.8125,0.0,-1.2843969,2.7677612,0.1875
002694.SZ,264.90186,264.90186,0.0017729367,0.00018804062,0.5141663,0.08932129,1,33,251,0.92408377,0.0,-1.52831,-18.06877,0.07591623
002695.SZ,8.3721,8.3721,9.8015735e-05,0.00018804062,0.37166637,0.19354838,1,12,252,0.7741935,0.0,-0.68937737,7.5415335,0.22580644
002696.SZ,16.577374,16.577374,0.00016145165,0.00018804062,0.35791638,0.1655914,1,12,252,0.16129032,0.0,-1.5336065,1.3708296,0.83870965
002697.SZ,9.18047,9.18047,9.85919e-05,0.00018804062,0.3899997,0.29892474,1,74,159,0.8064516,0.0,-0.25471935,13.534,0.19354838
002698.SZ,17.407856,17.407856,0.00016589515,0.00018804062,0.37916636,0.23863636,1,7,111,0.36363637,0.0,-1.8143454,6.3368917,0.6363636
002700.SZ,13.61759,13.61759,0.00014572105,0.00018804062,0.35333306,0.26325756,1,95,151,0.72727275,0.0,0.34543332,5.429239,0.27272728
002701.SZ,8.516549,8.516549,9.512253e-05,0.00018804062,0.37833303,0.26209676,1,13,40,0.96875,0.0,-0.12780628,15.213493,0.03125
002702.SZ,13.299334,13.299334,0.00013359322,0.00018804062,0.38833302,0.2973485,1,95,151,0.90909094,0.0,-1.1602091,-13.061475,0.09090909
002703.SZ,19.00227,19.00227,0.00017208203,0.00018804062,0.39916635,0.12804878,1,5,286,0.75609756,0.0,-1.6646829,9.155565,0.24390244
002705.SZ,7.084946,7.084946,8.230015e-05,0.00018804062,0.39083302,0.35685483,1,76,26,0.96875,0.0,-1.2532219,17.484402,0.03125
002706.SZ,20.775063,20.775063,0.00018909737,0.00018804062,0.3566664,0.17564103,1,54,1,1.0,0.0,-1.0559425,1.8402478,0.0
002707.SZ,8.826502,8.826502,9.746445e-05,0.00018804062,0.37333304,0.30967742,1,27,217,0.7419355,0.0,-1.1129936,15.249862,0.2580645
002708.SZ,15.325657,15.325657,0.00015296788,0.00018804062,0.36541638,0.14838709,1,7,111,0.4516129,0.0,-1.8110389,2.7751484,0.5483871
002709.SZ,15.830124,15.830124,0.00015387301,0.00018804062,0.37916636,0.18319328,1,53,16,0.74285716,0.0,-1.6125201,6.5702252,0.25714287
002712.SZ,13.714626,13.714626,0.00014048562,0.00018804062,0.38833302,0.23790322,1,19,162,0.5625,0.0,-0.8872875,-8.6730995,0.4375
002714.SZ,14.365431,14.365431,0.00014280592,0.00018804062,0.38416636,0.30952382,1,91,229,0.5555556,0.0,-0.9191028,-14.47134,0.44444445
002715.SZ,19.780016,19.780016,0.00018949539,0.00018804062,0.34874973,0.40860215,1,51,81,0.06451613,0.0,-1.755032,2.9902806,0.9354839
002716.SZ,17.997778,17.997778,0.0001666617,0.00018804062,0.3874997,0.19396052,1,19,162,0.5714286,0.0,-1.7730762,10.404124,0.42857143
002718.SZ,24.584845,24.584845,0.00019100164,0.00018804062,0.39166635,0.27474746,1,22,208,0.73333335,0.0,-0.8846578,2.6364532,0.26666668
002719.SZ,19.477255,19.477255,0.00015690262,0.00018804062,0.39666635,0.33183184,1,94,65,0.7567568,0.0,-1.5128514,-27.07293,0.24324325
002721.SZ,18.368845,18.368845,0.00017459001,0.00018804062,0.3699997,0.2015873,1,77,117,0.44444445,0.0,-1.250825,4.6389832,0.5555556
002722.SZ,16.036764,16.036764,0.00015996747,0.00018804062,0.37083304,0.12655972,1,80,208,0.5882353,0.0,-1.9521677,4.231375,0.4117647
002723.SZ,16.06051,16.06051,0.00014761752,0.00018804062,0.400833,0.29965156,1,64,1,1.0,0.0,-1.2513857,-22.882812,0.0
002724.SZ,17.227436,17.227436,0.0001709129,0.00018804062,0.36083305,0.17613636,1,20,96,0.45454547,0.0,-0.4841727,3.5550396,0.54545456
002725.SZ,8.701132,8.701132,8.983527e-05,0.00018804062,0.36666638,0.36363637,1,5,286,0.88235295,0.0,-0.6143588,3.1114502,0.11764706
002726.SZ,14.218811,14.218811,0.00012505698,0.00018804062,0.39166635,0.33712122,1,21,149,0.969697,0.0,-0.8572151,-29.873753,0.030303031
002727.SZ,10.976432,10.976432,0.00012158486,0.00018804062,0.35124972,0.23908046,1,43,94,0.56666666,0.0,0.55398005,6.1499996,0.43333334
002728.SZ,16.352654,16.352654,0.00015569844,0.00018804062,0.39166635,0.13548388,1,12,252,0.38709676,0.0,-1.2404644,1.7706704,0.61290324
002729.SZ,19.34391,19.34391,0.00018327526,0.00018804062,0.37333304,0.12655972,1,74,159,0.64705884,0.0,-0.42209125,4.7412915,0.3529412
002730.SZ,17.252829,17.252829,0.00016491348,0.00018804062,0.36583304,0.30476192,1,32,38,0.3888889,0.0,-0.57109445,3.4068193,0.6111111
002732.SZ,13.997219,13.997219,0.00014421192,0.00018804062,0.36458305,0.17137097,1,59,157,0.625,0.0,-0.48139066,2.2550774,0.375
002733.SZ,15.55261,15.55261,0.00015560247,0.00018804062,0.35999972,0.26666668,1,74,159,0.38709676,0.0,-1.2145612,3.9379096,0.61290324
002734.SZ,11.990077,11.990077,0.00012279044,0.00018804062,0.39666635,0.23186344,1,95,151,0.8684211,0.0,-1.7765054,14.302781,0.13157895
002735.SZ,9.209866,9.209866,9.856167e-05,0.00018804062,0.38333303,0.23790322,1,74,159,0.96875,0.0,-1.1055813,-20.59075,0.03125
002736.SZ,13.621083,13.621083,0.00014143079,0.00018804062,0.3466664,0.22068965,1,12,252,0.4,0.0,-0.7683801,5.874257,0.6
002737.SZ,15.488296,15.488296,0.00014863868,0.00018804062,0.37083304,0.16774194,1,77,117,0.58064514,0.0,-1.6528805,-5.1003475,0.41935483
002738.SZ,15.146038,15.146038,0.00014969599,0.00018804062,0.3749997,0.29677418,1,32,38,0.4516129,0.0,-1.5590869,4.2562547,0.5483871
002739.SZ,12.400123,12.400123,0.00012839383,0.00018804062,0.39333302,0.2045977,1,95,151,0.76666665,0.0,-0.77487004,-0.4054456,0.23333333
002741.SZ,12.390212,12.390212,0.0001329834,0.00018804062,0.36583304,0.18716578,1,12,252,0.7058824,0.0,-0.94832647,5.9230175,0.29411766
002743.SZ,19.610033,19.610033,0.00018682535,0.00018804062,0.3849997,0.25075075,1,77,117,0.35135135,0.0,-0.8167865,3.753879,0.6486486
002745.SZ,17.332384,17.332384,0.00017221268,0.00018804062,0.35958305,0.14717741,1,94,65,0.6875,0.0,-2.0396688,2.4638438,0.3125
002746.SZ,9.860723,9.860723,0.00011122076,0.00018804062,0.3637497,0.26436782,1,43,94,0.8,0.0,-1.5016633,-0.15230933,0.2
002747.SZ,18.340899,18.340899,0.0001552497,0.00018804062,0.39999968,0.23044397,1,87,102,0.5681818,0.0,-1.2885841,-0.39165497,0.4318182
002748.SZ,7.040825,7.040825,8.452487e-05,0.00018804062,0.3699997,0.18620689,1,2,80,0.96666664,0.0,-0.62388,4.1420674,0.033333335
002749.SZ,15.5560255,15.5560255,0.00014333906,0.00018804062,0.38666636,0.3319838,1,76,26,0.94871795,0.0,-1.0063306,15.16396,0.051282052
002752.SZ,11.006203,11.006203,0.00012237807,0.00018804062,0.35958305,0.14015152,1,19,162,1.0,0.0,0.34206668,4.5801163,0.0
002753.SZ,19.445107,19.445107,0.00018331133,0.00018804062,0.3649997,0.101604275,1,23,94,0.5882353,0.0,-1.0606823,5.2437477,0.4117647
002755.SZ,12.99382,12.99382,0.0001276427,0.00018804062,0.3799997,0.4064516,1,91,229,0.7419355,0.0,-1.0506227,14.648342,0.2580645
002756.SZ,13.01805,13.01805,0.0001353932,0.00018804062,0.3566664,0.1816092,1,80,208,0.46666667,0.0,-2.3697667,4.292844,0.53333336
002757.SZ,19.323153,19.323153,0.0001791738,0.00018804062,0.35916638,0.21401516,1,61,124,0.21212122,0.0,-1.0299757,1.6756067,0.7878788
002758.SZ,11.872663,11.872663,0.00012734151,0.00018804062,0.35916638,0.121839084,1,14,83,0.9,0.0,-0.7320667,4.550866,0.1
002759.SZ,18.790966,18.790966,0.00017288027,0.00018804062,0.3662497,0.17468806,1,21,149,0.5588235,0.0,-1.7092619,-1.3488845,0.44117647
002760.SZ,9.234587,9.234587,0.000104617015,0.00018804062,0.3799997,0.13793103,1,100,10,0.8666667,0.0,-1.8522035,1.7294472,0.13333334
002761.SZ,16.723879,16.723879,0.00016169137,0.00018804062,0.405833,0.15535446,1,77,117,0.7692308,0.0,-0.25158077,-8.669692,0.23076923
002763.SZ,10.551983,10.551983,0.000111921465,0.00018804062,0.37583303,0.2672269,1,15,191,0.7714286,0.0,-1.4778687,12.6063385,0.22857143
002765.SZ,10.638377,10.638377,0.00011428121,0.00018804062,0.3824997,0.11494253,1,80,208,0.93333334,0.0,-1.1964601,5.7261996,0.06666667
002766.SZ,20.372183,20.372183,0.00018242605,0.00018804062,0.3949997,0.16464646,1,17,17,0.7777778,0.0,-1.7106447,-8.59992,0.22222222
002767.SZ,18.051926,18.051926,0.00017633002,0.00018804062,0.35791638,0.15483871,1,17,17,0.6451613,0.0,-0.59518063,6.8231196,0.3548387
002768.SZ,14.645486,14.645486,0.00015011935,0.00018804062,0.3624997,0.18709677,1,14,83,0.61290324,0.0,-1.2111226,5.2503457,0.38709676
002769.SZ,17.380121,17.380121,0.00017358267,0.00018804062,0.3529164,0.3326613,1,91,229,0.3125,0.0,-1.0171969,2.6452222,0.6875
002771.SZ,31.832014,31.832014,0.00025140852,0.00018804062,0.41666633,0.22307692,1,21,149,0.7692308,0.0,-1.0504923,-13.081512,0.23076923
002772.SZ,15.537353,15.537353,0.0001561868,0.00018804062,0.36166638,0.12310606,1,21,149,0.6969697,0.0,0.059903014,4.3485208,0.3030303
002773.SZ,32.10401,32.10401,0.00027327932,0.00018804062,0.39749968,0.22594595,1,21,149,0.84,0.0,-1.168636,9.599697,0.16
002774.SZ,14.325781,14.325781,0.00014520591,0.00018804062,0.36666638,0.14942528,1,33,251,0.6333333,0.0,-1.5476168,5.193317,0.36666667
002775.SZ,12.103935,12.103935,0.00012212682,0.00018804062,0.40166637,0.085057475,1,87,102,0.8333333,0.0,-0.7880166,-1.5258478,0.16666667
002777.SZ,19.300188,19.300188,0.00018608458,0.00018804062,0.36458305,0.15151516,1,33,251,0.24242425,0.0,-0.87096363,5.132038,0.75757575
002778.SZ,14.204521,14.204521,0.00013530397,0.00018804062,0.39499968,0.24174175,1,95,151,0.9189189,0.0,-1.0478351,17.58755,0.08108108
002779.SZ,24.506151,24.506151,0.00020483509,0.00018804062,0.3774997,0.32525253,1,74,159,0.4888889,0.0,-1.3922311,12.2337265,0.51111114
002780.SZ,19.441725,19.441725,0.00017218335,0.00018804062,0.36083305,0.31612903,1,77,117,0.19354838,0.0,-1.2784452,-2.8595896,0.8064516
002782.SZ,15.2657585,15.2657585,0.00015010411,0.00018804062,0.37333304,0.16302522,1,91,229,0.42857143,0.0,-1.1000428,6.730384,0.5714286
002783.SZ,14.3506975,14.3506975,0.00014727414,0.00018804062,0.36416638,0.12688172,1,69,305,0.61290324,0.0,-1.1245679,4.3145933,0.38709676
002785.SZ,16.634697,16.634697,0.00015693472,0.00018804062,0.39416635,0.1664296,1,5,286,0.7894737,0.0,-1.056371,-10.735862,0.21052632
002786.SZ,16.20147,16.20147,0.00013507709,0.00018804062,0.38416636,0.35966387,1,74,159,0.62857145,0.0,-1.7809972,-27.218494,0.37142858
002787.SZ,11.434219,11.434219,0.000119898395,0.00018804062,0.38833302,0.18412699,1,27,217,0.7222222,0.0,-0.36066392,-0.7513799,0.2777778
002788.SZ,14.526262,14.526262,0.00014610586,0.00018804062,0.39333302,0.20476191,1,27,217,0.75,0.0,-0.17537504,-4.868246,0.25
002790.SZ,9.736188,9.736188,0.000108702174,0.00018804062,0.35708305,0.12903225,1,69,305,0.9354839,0.0,-2.0484066,3.3988519,0.06451613
002791.SZ,16.983889,16.983889,0.00015953078,0.00018804062,0.405833,0.27665317,1,32,38,0.51282054,0.0,-0.9513104,-1.8798525,0.4871795
002792.SZ,141.76236,141.76236,0.0009517753,0.00018804062,0.46083298,0.13084416,1,69,305,0.9318182,0.0,-1.6203061,1.5350629,0.06818182
002793.SZ,9.215217,9.215217,9.3676936e-05,0.00018804062,0.38166636,0.18850575,1,77,117,0.8666667,0.0,-2.14764,-10.121408,0.13333334
002795.SZ,32.64451,32.64451,0.00023652102,0.00018804062,0.405833,0.22410148,1,57,68,0.8636364,0.0,-1.1842068,-22.128193,0.13636364
002796.SZ,75.78265,75.78265,0.0005241478,0.00018804062,0.420833,0.19996266,1,77,117,0.8557692,0.0,-1.951001,2.0055692,0.14423077
002797.SZ,14.056164,14.056164,0.00014400382,0.00018804062,0.3566664,0.1908046,1,19,162,0.5,0.0,-0.9262501,3.8904908,0.5
002798.SZ,16.52029,16.52029,0.00015772831,0.00018804062,0.40666634,0.19327731,1,5,286,0.51428574,0.0,-0.54700863,-12.069936,0.4857143
002799.SZ,13.501801,13.501801,0.00013833474,0.00018804062,0.38166636,0.22727273,1,87,102,0.6363636,0.0,-2.326676,-2.4687304,0.36363637
002800.SZ,18.314049,18.314049,0.0001744723,0.00018804062,0.35999972,0.3707665,1,32,38,0.29411766,0.0,-0.71712065,3.4769468,0.7058824
002801.SZ,21.305765,21.305765,0.00018590386,0.00018804062,0.40666634,0.23918368,1,32,38,0.88,0.0,-1.485952,12.068992,0.12
002802.SZ,18.129232,18.129232,0.0001655464,0.00018804062,0.37833303,0.2635659,1,26,39,0.6511628,0.0,-0.015497662,6.8184986,0.3488372
002803.SZ,16.09129,16.09129,0.00015325866,0.00018804062,0.3899997,0.1764706,1,69,305,0.5882353,0.0,-1.6747266,10.467747,0.4117647
002805.SZ,25.973684,25.973684,0.00019711399,0.00018804062,0.40416634,0.3211876,1,20,96,0.61538464,0.0,-1.407877,-24.857338,0.3846154
002806.SZ,11.949589,11.949589,0.00012930631,0.00018804062,0.35541636,0.111827955,1,69,305,0.7096774,0.0,-1.2506806,8.127784,0.29032257
002807.SZ,12.84387,12.84387,0.00012762562,0.00018804062,0.3566664,0.41129032,1,27,217,0.78125,0.0,-0.084018774,7.8773623,0.21875
002809.SZ,24.79546,24.79546,0.00018799723,0.00018804062,0.3816664,0.26024956,1,13,40,0.9117647,0.0,-0.879803,0.5899793,0.0882353
002810.SZ,14.154087,14.154087,0.0001436541,0.00018804062,0.3824997,0.15719697,1,53,16,0.6666667,0.0,-0.38443935,2.424746,0.33333334
002811.SZ,15.159967,15.159967,0.00014757754,0.00018804062,0.38333303,0.20430107,1,1,211,0.48387095,0.0,-0.92223555,7.419402,0.516129
002812.SZ,19.928637,19.928637,0.00018978793,0.00018804062,0.36458305,0.3042017,1,74,159,0.37142858,0.0,-1.3388256,2.5183544,0.62857145
002813.SZ,33.752956,33.752956,0.0002373741,0.00018804062,0.39916635,0.3031359,1,13,40,0.9047619,0.0,-1.3842119,-26.625166,0.0952381
002815.SZ,14.271383,14.271383,0.00014904332,0.00018804062,0.36083305,0.13015874,1,21,149,0.9444444,0.0,-1.5999722,3.8290071,0.055555556
002817.SZ,10.655021,10.655021,0.00011278673,0.00018804062,0.3554164,0.10967742,1,20,96,0.83870965,0.0,-0.69157743,2.8694355,0.16129032
002818.SZ,16.373228,16.373228,0.00014656578,0.00018804062,0.3824997,0.31863442,1,93,192,0.8684211,0.0,-0.6438132,12.492243,0.13157895
002819.SZ,19.775139,19.775139,0.00017790213,0.00018804062,0.38916636,0.1534091,1,69,305,0.27272728,0.0,-1.2970637,-2.244302,0.72727275
002820.SZ,13.379833,13.379833,0.000128131,0.00018804062,0.39333302,0.28235295,1,91,229,0.82857144,0.0,-1.0565343,-9.713987,0.17142858
002821.SZ,17.51837,17.51837,0.00016764183,0.00018804062,0.38083303,0.09625668,1,12,252,0.7352941,0.0,-1.5980941,7.110933,0.2647059
002823.SZ,15.307946,15.307946,0.00015411574,0.00018804062,0.405833,0.20673636,1,87,102,0.61904764,0.0,-1.856262,4.6051764,0.3809524
002824.SZ,8.207778,8.207778,9.6986085e-05,0.00018804062,0.36916637,0.27094474,1,2,80,1.0,0.0,-0.57121766,6.2343636,0.0
002825.SZ,10.169369,10.169369,0.000113389826,0.00018804062,0.36291638,0.2689655,1,80,208,0.6666667,0.0,-1.6520798,3.9923434,0.33333334
002826.SZ,19.184116,19.184116,0.00016998476,0.00018804062,0.3874997,0.32658568,1,43,94,0.84615386,0.0,-1.183823,14.154421,0.15384616
002827.SZ,13.832677,13.832677,0.00013481018,0.00018804062,0.38166636,0.29411766,1,69,305,0.61764705,0.0,-0.85793537,18.985455,0.38235295
002828.SZ,15.490433,15.490433,0.0001413955,0.00018804062,0.37916636,0.18360071,1,14,83,0.9117647,0.0,-1.2080059,1.5722059,0.0882353
002829.SZ,12.6678705,12.6678705,0.00013118844,0.00018804062,0.36583304,0.064367816,1,69,305,0.8666667,0.0,-2.1263165,4.03976,0.13333334
002830.SZ,19.046597,19.046597,0.0001818655,0.00018804062,0.37083304,0.2358871,1,15,191,0.1875,0.0,-1.18685,3.102385,0.8125
002831.SZ,14.282299,14.282299,0.00014346075,0.00018804062,0.38166636,0.1981982,1,59,157,0.8378378,0.0,-1.4925053,3.8006518,0.16216215
002832.SZ,12.821659,12.821659,0.00012192614,0.00018804062,0.37666637,0.486631,1,27,217,0.9705882,0.0,-0.4186559,16.636116,0.029411765
002833.SZ,12.182073,12.182073,0.00011959687,0.00018804062,0.38916636,0.3376344,1,59,157,0.9354839,0.0,-0.9534581,16.445148,0.06451613
002835.SZ,10.412539,10.412539,0.00010480139,0.00018804062,0.39833304,0.4173387,1,59,157,0.96875,0.0,-0.88525313,15.276262,0.03125
002836.SZ,11.574754,11.574754,0.00011663067,0.00018804062,0.39166635,0.26990554,1,5,286,0.9230769,0.0,-1.1453153,15.920994,0.07692308
002837.SZ,24.265907,24.265907,0.00019534353,0.00018804062,0.3899997,0.315508,1,87,102,0.9117647,0.0,-2.017841,11.492275,0.0882353
002838.SZ,19.730104,19.730104,0.00018347973,0.00018804062,0.35874972,0.1565452,1,12,252,0.35897437,0.0,-1.5542461,0.2991567,0.64102566
002839.SZ,29.482826,29.482826,0.00025779902,0.00018804062,0.37166637,0.32704404,1,43,94,0.5740741,0.0,0.16019814,6.346221,0.42592594
002840.SZ,15.460424,15.460424,0.0001506745,0.00018804062,0.37416637,0.19569893,1,80,208,0.5483871,0.0,-1.719403,1.2393364,0.4516129
002841.SZ,17.026573,17.026573,0.00016138343,0.00018804062,0.37916636,0.08669355,1,15,191,0.71875,0.0,-1.9256874,0.7224258,0.28125
002842.SZ,23.151821,23.151821,0.00020449971,0.00018804062,0.39583302,0.21088435,1,20,96,0.79591835,0.0,-1.9669693,11.885127,0.20408164
002843.SZ,13.969997,13.969997,0.00013854261,0.00018804062,0.38833302,0.15172414,1,33,251,0.7,0.0,-1.2059766,1.8312404,0.3
002845.SZ,7.6932235,7.6932235,8.990252e-05,0.00018804062,0.3749997,0.22580644,1,40,114,0.9677419,0.0,-2.7293324,-5.977676,0.032258064
002846.SZ,15.289695,15.289695,0.00014347793,0.00018804062,0.38166636,0.20336135,1,74,159,0.6,0.0,-0.6094343,-3.767736,0.4
002847.SZ,54.00011,54.00011,0.0004499633,0.00018804062,0.44333297,0.121212125,1,33,251,0.8263889,0.0,-1.1284972,15.812868,0.1736111
002849.SZ,12.799953,12.799953,0.00013169888,0.00018804062,0.3624997,0.08467742,1,12,252,0.46875,0.0,-1.6881438,2.764025,0.53125
002850.SZ,15.213686,15.213686,0.00014675419,0.00018804062,0.40166634,0.1952381,1,33,251,0.5555556,0.0,-0.9910806,12.566386,0.44444445
002851.SZ,15.934518,15.934518,0.00015139191,0.00018804062,0.37083304,0.2789916,1,94,65,0.45714286,0.0,-0.26446283,2.9578743,0.54285717
002852.SZ,19.948597,19.948597,0.00018735375,0.00018804062,0.37166637,0.29871976,1,94,65,0.34210527,0.0,-1.0978025,2.9951177,0.65789473
002853.SZ,15.473691,15.473691,0.00015695878,0.00018804062,0.36083305,0.1942959,1,94,65,0.7352941,0.0,-1.3807383,2.8234856,0.2647059
002855.SZ,134.93817,134.93817,0.0009735063,0.00018804062,0.48333296,0.096673004,1,94,65,0.9573643,0.0,-1.3204086,-13.091733,0.04263566
002856.SZ,38.457787,38.457787,0.0002617495,0.00018804062,0.39999968,0.34268293,1,26,39,0.8292683,0.0,-0.95645124,-25.343342,0.17073171
002857.SZ,15.996748,15.996748,0.00014111242,0.00018804062,0.39333302,0.3213213,1,91,229,0.5675676,0.0,-1.3725649,-26.363594,0.43243244
002858.SZ,13.611679,13.611679,0.0001370649,0.00018804062,0.38583302,0.35053763,1,32,38,0.29032257,0.0,-0.7757452,6.8034725,0.7096774
002859.SZ,17.830648,17.830648,0.00017040153,0.00018804062,0.37333304,0.36174244,1,32,38,0.24242425,0.0,-0.8259061,5.614097,0.75757575
002860.SZ,11.30461,11.30461,0.00012319445,0.00018804062,0.39833304,0.22782259,1,94,65,0.6875,0.0,-1.1942,5.938207,0.3125
002861.SZ,13.629345,13.629345,0.00012607602,0.00018804062,0.39416635,0.17290552,1,77,117,0.5882353,0.0,-1.7420855,-11.091559,0.4117647
002862.SZ,22.247574,22.247574,0.00018104055,0.00018804062,0.40416634,0.25959596,1,5,286,0.7111111,0.0,-1.6507555,-19.453117,0.2888889
002863.SZ,10.850412,10.850412,0.00011793542,0.00018804062,0.35249972,0.23908046,1,22,208,0.73333335,0.0,-1.7882801,4.60818,0.26666668
002864.SZ,14.895666,14.895666,0.00015139685,0.00018804062,0.37416637,0.16129032,1,12,252,0.46875,0.0,-1.0887438,6.2102203,0.53125
002865.SZ,16.585463,16.585463,0.00015685815,0.00018804062,0.39499968,0.11724138,1,69,305,0.76666665,0.0,-0.9666566,-3.6141891,0.23333333
002866.SZ,24.260454,24.260454,0.00021269049,0.00018804062,0.398333,0.20163265,1,15,191,0.78,0.0,0.23776005,2.0365686,0.22
002867.SZ,14.097883,14.097883,0.0001375969,0.00018804062,0.39416635,0.2952381,1,95,151,0.7777778,0.0,-1.0088556,16.664139,0.22222222
002869.SZ,10.362568,10.362568,0.00010090187,0.00018804062,0.3874997,0.21212122,1,1,211,0.85294116,0.0,-1.8292058,-11.503328,0.14705883
002870.SZ,13.605751,13.605751,0.00013484058,0.00018804062,0.37166637,0.17849462,1,74,159,0.516129,0.0,-1.0943226,4.9459662,0.48387095
002871.SZ,13.474689,13.474689,0.00012922382,0.00018804062,0.39666635,0.35268816,1,52,65,0.7741935,0.0,-1.4268806,14.754402,0.22580644
002873.SZ,9.817245,9.817245,0.00010069657,0.00018804062,0.3724997,0.19354838,1,5,286,1.0,0.0,-1.5098646,-5.2596507,0.0
002875.SZ,18.856007,18.856007,0.00015586654,0.00018804062,0.39666635,0.24512196,1,33,251,0.902439,0.0,-1.2619389,-23.21814,0.09756097
002876.SZ,18.12946,18.12946,0.00017232433,0.00018804062,0.3566664,0.11269841,1,93,192,0.7777778,0.0,-2.0678248,2.2279165,0.22222222
002877.SZ,14.643728,14.643728,0.00013203555,0.00018804062,0.37416637,0.3376344,1,57,68,0.87096775,0.0,-1.4136453,2.3097775,0.12903225
002878.SZ,20.472015,20.472015,0.00018639519,0.00018804062,0.38166636,0.16134454,1,1,211,0.6857143,0.0,-0.9478114,2.0822513,0.31428573
002879.SZ,14.703354,14.703354,0.00014773071,0.00018804062,0.37583303,0.11764706,1,19,162,0.7714286,0.0,-1.7528143,4.185154,0.22857143
002880.SZ,15.853677,15.853677,0.00015267424,0.00018804062,0.39083302,0.19354838,1,59,157,0.6875,0.0,-1.4315062,8.128164,0.3125
002881.SZ,16.92364,16.92364,0.0001682931,0.00018804062,0.36124972,0.30040324,1,43,94,0.34375,0.0,-0.1764063,3.307553,0.65625
002882.SZ,15.895002,15.895002,0.00015552105,0.00018804062,0.3712497,0.122994654,1,69,305,0.7647059,0.0,-0.9906559,6.2195954,0.23529412
002883.SZ,16.613089,16.613089,0.00015162624,0.00018804062,0.39499968,0.23467231,1,80,208,0.72727275,0.0,-1.8263205,-14.120652,0.27272728
002884.SZ,21.014866,21.014866,0.00018711915,0.00018804062,0.40666634,0.24754098,1,27,217,0.9508197,0.0,-1.2401557,13.869645,0.04918033
002885.SZ,22.770006,22.770006,0.00019247636,0.00018804062,0.400833,0.18571429,1,77,117,0.66071427,0.0,-0.5677215,1.3046482,0.3392857
002886.SZ,16.945494,16.945494,0.00016150493,0.00018804062,0.3874997,0.17992425,1,22,208,0.7878788,0.0,-0.9967272,2.1360242,0.21212122
002887.SZ,11.4095125,11.4095125,0.00012405227,0.00018804062,0.36291638,0.1139785,1,69,305,0.83870965,0.0,-0.83411604,-0.08734456,0.16129032
002888.SZ,13.583585,13.583585,0.0001393645,0.00018804062,0.37333304,0.11954023,1,5,286,0.56666666,0.0,-0.6215667,4.8417187,0.43333334
002889.SZ,14.519728,14.519728,0.00014526068,0.00018804062,0.35833305,0.110887095,1,69,305,0.8125,0.0,-1.3009782,3.2247782,0.1875
002890.SZ,13.064142,13.064142,0.00013457316,0.00018804062,0.35874972,0.13563219,1,91,229,0.5,0.0,-1.6167,3.109796,0.5
002891.SZ,17.392029,17.392029,0.00016467537,0.00018804062,0.37416637,0.2976827,1,93,192,0.23529412,0.0,-2.2147322,5.4541316,0.7647059
002892.SZ,9.388575,9.388575,0.00010964819,0.00018804062,0.37083304,0.46666667,1,21,149,1.0,0.0,-1.9418199,7.0560584,0.0
002893.SZ,12.956566,12.956566,0.00013298713,0.00018804062,0.3649997,0.16344085,1,69,305,0.83870965,0.0,0.23827735,0.046872478,0.16129032
002895.SZ,17.025877,17.025877,0.00015849088,0.00018804062,0.39916635,0.25470653,1,29,12,0.8604651,0.0,-0.8962441,16.23645,0.13953489
002896.SZ,10.203198,10.203198,0.000104016195,0.00018804062,0.38416636,0.28387097,1,93,192,0.8064516,0.0,-1.7799999,9.659133,0.19354838
002897.SZ,15.833027,15.833027,0.00015156709,0.00018804062,0.37666637,0.07311828,1,19,162,0.7741935,0.0,-0.9256032,2.4872632,0.22580644
002899.SZ,15.228053,15.228053,0.00015202598,0.00018804062,0.35499972,0.1394958,1,15,191,0.8857143,0.0,-0.5581572,2.0863972,0.114285715
002900.SZ,19.852547,19.852547,0.00016115977,0.00018804062,0.3899997,0.39919356,1,69,305,0.84375,0.0,-1.673197,-25.80436,0.15625
002901.SZ,19.634928,19.634928,0.00017261131,0.00018804062,0.3874997,0.24841438,1,29,12,0.97727275,0.0,-0.94362277,12.071631,0.022727273
002902.SZ,62.6786,62.6786,0.00047972144,0.00018804062,0.45999965,0.13301842,1,15,191,0.9246575,0.0,0.18201366,-6.7630377,0.07534247
002903.SZ,19.841795,19.841795,0.00018684375,0.00018804062,0.37083304,0.30124778,1,7,111,0.29411766,0.0,-1.9963942,3.2202594,0.7058824
002905.SZ,60.53535,60.53535,0.00044576183,0.00018804062,0.41499966,0.23697479,1,5,286,0.9647059,0.0,-1.8436446,13.279882,0.03529412
002906.SZ,16.09514,16.09514,0.00015604078,0.00018804062,0.37083304,0.32473117,1,74,159,0.41935483,0.0,-1.106971,7.748552,0.58064514
002907.SZ,16.151054,16.151054,0.00015941054,0.00018804062,0.36833304,0.29032257,1,74,159,0.4516129,0.0,-1.2514806,6.1440816,0.5483871
002908.SZ,11.55705,11.55705,0.00012170177,0.00018804062,0.36083305,0.10804598,1,9,1,1.0,0.0,-1.3260701,1.3436501,0.0
002909.SZ,16.177156,16.177156,0.00015470042,0.00018804062,0.37666637,0.31016043,1,94,65,0.4117647,0.0,-1.1152412,-9.531282,0.5882353
002910.SZ,13.92946,13.92946,0.00013429312,0.00018804062,0.3824997,0.2852853,1,26,39,0.5675676,0.0,0.18470547,-16.573172,0.43243244
002911.SZ,14.759039,14.759039,0.00015055206,0.00018804062,0.37333304,0.19569893,1,74,159,0.5483871,0.0,-0.33506128,5.8511233,0.4516129
002912.SZ,11.2164135,11.2164135,0.00011954734,0.00018804062,0.3849997,0.1968254,1,26,39,0.8611111,0.0,-1.5432,3.6180964,0.1388889
002913.SZ,17.227291,17.227291,0.00016938729,0.00018804062,0.3491664,0.26190478,1,26,39,0.3888889,0.0,-0.021541689,5.8060083,0.6111111
002915.SZ,17.485737,17.485737,0.00016502781,0.00018804062,0.3624997,0.14414415,1,74,159,0.6216216,0.0,-0.7212622,1.954689,0.3783784
002916.SZ,15.126406,15.126406,0.00014290767,0.00018804062,0.39666635,0.31578946,1,102,50,1.0,0.0,-1.2057788,16.676249,0.0
002917.SZ,18.280664,18.280664,0.0001744891,0.00018804062,0.3724997,0.2302521,1,94,65,0.45714286,0.0,-1.7693369,3.9164991,0.54285717
002918.SZ,15.6728525,15.6728525,0.0001559589,0.00018804062,0.34999973,0.24810606,1,26,39,0.54545456,0.0,1.0817059,4.9488964,0.45454547
002919.SZ,15.094201,15.094201,0.00014979135,0.00018804062,0.36083305,0.24798387,1,26,39,0.46875,0.0,0.37681562,6.306505,0.53125
002920.SZ,15.334661,15.334661,0.00014667134,0.00018804062,0.39416635,0.23573573,1,74,159,0.8648649,0.0,-0.76914865,15.899655,0.13513513
002921.SZ,13.807315,13.807315,0.00014341938,0.00018804062,0.36083305,0.13709678,1,91,229,0.34375,0.0,-1.366375,1.4328463,0.65625
002922.SZ,11.637577,11.637577,0.00012338818,0.00018804062,0.36583304,0.1733871,1,48,1,1.0,0.0,-1.5787406,5.3343344,0.0
002923.SZ,12.931134,12.931134,0.00012058655,0.00018804062,0.38916636,0.4344086,1,69,305,0.87096775,0.0,-1.7957389,-28.305464,0.12903225
002925.SZ,17.917355,17.917355,0.00016754608,0.00018804062,0.38916636,0.17992425,1,24,84,0.75757575,0.0,-1.0148878,7.1104755,0.24242425
002926.SZ,16.393488,16.393488,0.0001606784,0.00018804062,0.3429164,0.19607843,1,85,6,0.85294116,0.0,-1.2372293,4.031674,0.14705883
002927.SZ,15.49015,15.49015,0.000154172,0.00018804062,0.37791637,0.16366367,1,33,251,0.7297297,0.0,-1.5151488,1.8786465,0.27027026
002928.SZ,10.680936,10.680936,0.00011571542,0.00018804062,0.38666636,0.1371795,1,33,251,0.775,0.0,-0.5830201,13.660535,0.225
002929.SZ,15.518139,15.518139,0.00015543969,0.00018804062,0.38583302,0.2027027,1,27,217,0.5675676,0.0,-1.6540462,-6.321374,0.43243244
002930.SZ,18.423136,18.423136,0.00017269119,0.00018804062,0.3824997,0.21512605,1,74,159,0.31428573,0.0,-0.24818857,-0.48621032,0.6857143
002932.SZ,21.323143,21.323143,0.00018611617,0.00018804062,0.36833304,0.18492177,1,61,124,0.4473684,0.0,-1.76465,0.59837365,0.55263156
002933.SZ,14.23074,14.23074,0.00014505844,0.00018804062,0.3516664,0.24395162,1,43,94,0.4375,0.0,-0.18843761,2.8943248,0.5625
002935.SZ,10.527207,10.527207,0.000114102484,0.00018804062,0.37666637,0.17540322,1,5,286,0.75,0.0,-2.325303,-0.8219744,0.25
002936.SZ,16.928465,16.928465,0.0001632834,0.00018804062,0.36666638,0.34046346,1,91,229,0.5,0.0,-0.18086472,2.1103451,0.5
002937.SZ,19.314003,19.314003,0.00018321164,0.00018804062,0.3699997,0.19128788,1,69,305,0.57575756,0.0,-1.6441181,4.121608,0.42424244
002938.SZ,11.397714,11.397714,0.00011993931,0.00018804062,0.398333,0.1997301,1,33,251,1.0,0.0,-2.01791,12.549959,0.0
002939.SZ,13.26615,13.26615,0.00013999821,0.00018804062,0.3566664,0.34469697,1,40,114,0.90909094,0.0,-0.9261364,6.2079453,0.09090909
002940.SZ,14.672634,14.672634,0.00014604081,0.00018804062,0.38083303,0.20645161,1,91,229,0.83870965,0.0,-1.7043711,10.563037,0.16129032
002941.SZ,17.220219,17.220219,0.00016870318,0.00018804062,0.35624972,0.14920636,1,5,286,0.6111111,0.0,-0.7510139,3.243392,0.3888889
002942.SZ,17.4106,17.4106,0.00017336737,0.00018804062,0.35333306,0.15165165,1,69,305,0.5945946,0.0,-0.66938114,5.3882837,0.4054054
002943.SZ,13.92728,13.92728,0.00012584843,0.00018804062,0.40416634,0.23492064,1,43,94,0.8055556,0.0,-0.5556722,-17.9166,0.19444445
002945.SZ,8.092616,8.092616,9.60393e-05,0.00018804062,0.35499972,0.4229885,1,74,159,0.93333334,0.0,-1.0558033,6.0432496,0.06666667
002946.SZ,13.964577,13.964577,0.00013587902,0.00018804062,0.39583305,0.27563027,1,1,211,0.8857143,0.0,-0.11973998,19.04727,0.114285715
002947.SZ,23.02471,23.02471,0.0001971528,0.00018804062,0.38583302,0.20721555,1,19,162,0.82978725,0.0,-2.0682278,12.212072,0.17021276
002948.SZ,18.733118,18.733118,0.00017205293,0.00018804062,0.3541664,0.3029872,1,69,305,0.36842105,0.0,-0.31494737,5.9536266,0.6315789
002949.SZ,12.831697,12.831697,0.00013645433,0.00018804062,0.35916638,0.14714715,1,98,2,1.0,0.0,-0.5007189,3.744981,0.0
002950.SZ,13.741993,13.741993,0.0001337492,0.00018804062,0.38833302,0.16806723,1,40,114,0.51428574,0.0,-1.1832286,9.934216,0.4857143
002951.SZ,25.844181,25.844181,0.00019753186,0.00018804062,0.37541637,0.35115865,1,59,157,0.7647059,0.0,-1.0654999,1.6206236,0.23529412
002952.SZ,14.496683,14.496683,0.00013208002,0.00018804062,0.37666637,0.2936508,1,93,192,0.9166667,0.0,-1.2309167,0.95012784,0.083333336
002953.SZ,14.440724,14.440724,0.00014594184,0.00018804062,0.38333303,0.14973262,1,5,286,0.88235295,0.0,-1.2027587,4.5268884,0.11764706
002955.SZ,14.107277,14.107277,0.0001474324,0.00018804062,0.3516664,0.11612903,1,68,6,0.9354839,0.0,-1.7737323,2.282197,0.06451613
002956.SZ,18.341269,18.341269,0.00017336018,0.00018804062,0.3874997,0.11269841,1,14,83,0.9166667,0.0,-1.2525722,4.769471,0.083333336
002957.SZ,9.484301,9.484301,0.00010450752,0.00018804062,0.37666637,0.29946524,1,22,208,0.85294116,0.0,-2.466741,8.411657,0.14705883
002958.SZ,13.5230875,13.5230875,0.00013210437,0.00018804062,0.3566664,0.48817205,1,59,157,0.9677419,0.0,0.5400194,6.63119,0.032258064
002959.SZ,17.989666,17.989666,0.00017143135,0.00018804062,0.38416636,0.11746032,1,74,159,0.7777778,0.0,-0.33659717,6.758581,0.22222222
002960.SZ,12.886757,12.886757,0.00013429466,0.00018804062,0.36666638,0.14482759,1,57,68,0.6333333,0.0,-1.4417268,5.782002,0.36666667
002961.SZ,13.163324,13.163324,0.00013264541,0.00018804062,0.3541664,0.26507938,1,14,83,0.8888889,0.0,-0.37516388,8.3981495,0.11111111
002962.SZ,17.653097,17.653097,0.0001640619,0.00018804062,0.38166636,0.14709851,1,96,56,0.8974359,0.0,-1.5908026,3.1751463,0.102564104
002963.SZ,13.889672,13.889672,0.00013565837,0.00018804062,0.40583304,0.2016129,1,91,229,0.71875,0.0,-1.0799562,-13.131814,0.28125
002965.SZ,19.235031,19.235031,0.00017860062,0.00018804062,0.35333306,0.2795699,1,22,208,0.19354838,0.0,-1.5077516,3.4386675,0.8064516
002966.SZ,33.787018,33.787018,0.00029427683,0.00018804062,0.3774997,0.30860403,1,1,211,0.89705884,0.0,0.14800298,7.3524904,0.10294118
002967.SZ,19.131567,19.131567,0.00018185498,0.00018804062,0.3849997,0.15609756,1,69,305,0.5365854,0.0,-0.79304874,4.3985147,0.46341464
002968.SZ,12.6717615,12.6717615,0.00012880538,0.00018804062,0.39166635,0.2,1,1,211,0.7,0.0,-0.89266676,8.264138,0.3
002969.SZ,18.127922,18.127922,0.00017932178,0.00018804062,0.3541664,0.22222222,1,26,39,0.5,0.0,0.07040835,6.1138105,0.5
002970.SZ,21.689974,21.689974,0.00018599561,0.00018804062,0.40416634,0.24734694,1,32,38,0.66,0.0,-1.124056,13.07759,0.34
002971.SZ,18.924845,18.924845,0.00018208774,0.00018804062,0.35916638,0.34274194,1,26,39,0.25,0.0,0.52259064,5.2032876,0.75
002972.SZ,16.915625,16.915625,0.00016168422,0.00018804062,0.38583302,0.18003565,1,94,65,0.64705884,0.0,-0.24848829,4.345789,0.3529412
002973.SZ,16.30528,16.30528,0.00016524114,0.00018804062,0.36083305,0.11260504,1,77,117,0.8857143,0.0,-0.57864,4.990966,0.114285715
002975.SZ,15.095264,15.095264,0.0001422966,0.00018804062,0.3799997,0.3117409,1,4,1,1.0,0.0,-1.7918692,10.383617,0.0
002976.SZ,16.84631,16.84631,0.00014692756,0.00018804062,0.3699997,0.2809524,1,27,217,0.6388889,0.0,-0.5287111,1.3885472,0.3611111
002978.SZ,17.17918,17.17918,0.0001644538,0.00018804062,0.3874997,0.22648084,1,91,229,0.71428573,0.0,-1.2572381,9.632731,0.2857143
002979.SZ,15.712805,15.712805,0.000155262,0.00018804062,0.39083302,0.19786096,1,95,151,0.7058824,0.0,-1.4684057,11.011189,0.29411766
002980.SZ,39.316837,39.316837,0.0003196015,0.00018804062,0.42249966,0.17278871,1,20,96,0.8192771,0.0,-0.063095175,2.5268097,0.18072289
002981.SZ,6.711406,6.711406,8.397983e-05,0.00018804062,0.3624997,0.19784947,1,87,102,0.9677419,0.0,-2.0411289,2.8521519,0.032258064
002982.SZ,10.717513,10.717513,0.00011247826,0.00018804062,0.38583302,0.27272728,1,67,1,1.0,0.0,-0.90081173,-0.16405869,0.0
002983.SZ,13.105196,13.105196,0.00013430309,0.00018804062,0.3541664,0.16733871,1,33,251,0.71875,0.0,-3.1755,4.36333,0.28125
002984.SZ,19.842882,19.842882,0.00019241766,0.00018804062,0.37166637,0.14864865,1,1,211,0.8648649,0.0,-0.9526162,5.7882314,0.13513513
002985.SZ,17.038261,17.038261,0.00016563604,0.00018804062,0.39083302,0.1827957,1,33,251,0.38709676,0.0,-1.4827837,8.281574,0.61290324
002986.SZ,11.136817,11.136817,0.00011707672,0.00018804062,0.3774997,0.26612905,1,12,252,0.6875,0.0,-1.0981781,-16.651136,0.3125
002987.SZ,16.80637,16.80637,0.00015651368,0.00018804062,0.3799997,0.16129032,1,93,192,0.6451613,0.0,-1.495861,4.589632,0.3548387
002988.SZ,18.801514,18.801514,0.00018863843,0.00018804062,0.36708304,0.12012012,1,91,229,0.7027027,0.0,-1.5667703,5.646778,0.2972973
002989.SZ,21.298351,21.298351,0.00017597714,0.00018804062,0.39416635,0.2627551,1,69,305,0.5102041,0.0,-1.5083673,-15.90729,0.48979592
002990.SZ,18.005108,18.005108,0.00016083964,0.00018804062,0.38999972,0.21022068,1,24,84,0.85714287,0.0,-0.7418073,6.502723,0.14285715
002991.SZ,15.421255,15.421255,0.00015500635,0.00018804062,0.35249972,0.14393939,1,74,159,0.8181818,0.0,-0.6350031,3.0328624,0.18181819
002992.SZ,17.800833,17.800833,0.00014615207,0.00018804062,0.39166635,0.27979797,1,5,286,0.62222224,0.0,-1.940271,-23.70714,0.37777779
002993.SZ,9.953844,9.953844,0.000110709196,0.00018804062,0.3649997,0.15238096,1,21,149,0.8611111,0.0,-2.1159196,5.115237,0.1388889
002995.SZ,16.011148,16.011148,0.00014964091,0.00018804062,0.39583305,0.13968255,1,69,305,0.9444444,0.0,-0.2665417,-11.912303,0.055555556
002996.SZ,11.799612,11.799612,0.00012952404,0.00018804062,0.37416637,0.19433199,1,21,149,0.8974359,0.0,-2.1526127,5.456819,0.102564104
002997.SZ,11.791387,11.791387,0.00012106558,0.00018804062,0.3899997,0.2782258,1,91,229,0.65625,0.0,-0.29696563,17.967468,0.34375
002998.SZ,10.713428,10.713428,0.000119912525,0.00018804062,0.3662497,0.20967741,1,20,96,0.71875,0.0,-1.1448219,4.8289404,0.28125
002999.SZ,5.9734273,5.9734273,7.207237e-05,0.00018804062,0.38416636,0.29655173,1,57,68,0.96666664,0.0,-0.46546662,-19.857178,0.033333335
003000.SZ,6.2150397,6.2150397,7.9658996e-05,0.00018804062,0.3699997,0.26436782,1,13,40,1.0,0.0,-1.00941,8.798063,0.0
003001.SZ,19.076145,19.076145,0.00018221147,0.00018804062,0.37416637,0.18018018,1,52,65,0.8648649,0.0,-1.5069296,3.7876954,0.13513513
003002.SZ,13.71805,13.71805,0.00013424087,0.00018804062,0.39416635,0.24444444,1,1,211,0.8055556,0.0,-0.7018417,14.195472,0.19444445
003003.SZ,10.798854,10.798854,0.000120142824,0.00018804062,0.3516664,0.12413793,1,89,72,0.8333333,0.0,-1.4538066,2.61733,0.16666667
003005.SZ,15.581209,15.581209,0.00014331979,0.00018804062,0.37083304,0.35873017,1,15,191,0.5277778,0.0,-0.8990861,-8.160142,0.4722222
003006.SZ,16.161867,16.161867,0.0001555499,0.00018804062,0.38583302,0.27373737,1,27,217,0.5777778,0.0,-0.6112623,11.447048,0.42222223
003007.SZ,16.44172,16.44172,0.00013768915,0.00018804062,0.39916635,0.32386363,1,93,192,0.90909094,0.0,-1.1979697,-26.812326,0.09090909
003008.SZ,16.620829,16.620829,0.00016252299,0.00018804062,0.36291638,0.20768137,1,24,84,0.55263156,0.0,-1.4080604,2.9549026,0.4473684
003009.SZ,13.271518,13.271518,0.00011621243,0.00018804062,0.38666636,0.47782257,1,40,114,0.8125,0.0,-1.6774969,-32.68979,0.1875
003010.SZ,16.829777,16.829777,0.0001480481,0.00018804062,0.3899997,0.28067228,1,77,117,0.8857143,0.0,-1.308297,17.428078,0.114285715
003011.SZ,14.129226,14.129226,0.00013998622,0.00018804062,0.3624997,0.1733871,1,22,208,0.59375,0.0,-0.7583,2.1944425,0.40625
003012.SZ,17.113245,17.113245,0.00016671779,0.00018804062,0.35583305,0.22521009,1,40,114,0.31428573,0.0,-0.92756,1.7198657,0.6857143
003013.SZ,12.569684,12.569684,0.00012332654,0.00018804062,0.3899997,0.3918919,1,5,286,0.8648649,0.0,-0.4743622,17.453093,0.13513513
003015.SZ,13.399068,13.399068,0.00013453473,0.00018804062,0.38333303,0.21774194,1,69,305,0.59375,0.0,-1.6574938,12.991032,0.40625
003016.SZ,15.108822,15.108822,0.00014663186,0.00018804062,0.3774997,0.23333333,1,15,191,0.8333333,0.0,-1.1859443,-5.719824,0.16666667
003017.SZ,10.989988,10.989988,0.00011857738,0.00018804062,0.3674997,0.13793103,1,1,211,0.7,0.0,-0.95708,7.542332,0.3
003018.SZ,14.787818,14.787818,0.0001431242,0.00018804062,0.38166636,0.15294118,1,20,96,0.5714286,0.0,-1.5212458,6.601744,0.42857143
003019.SZ,17.628326,17.628326,0.00017163846,0.00018804062,0.37583303,0.16042781,1,95,151,0.6764706,0.0,-0.83700293,6.4813194,0.32352942
003020.SZ,14.4990015,14.4990015,0.00013995863,0.00018804062,0.37166637,0.29425287,1,102,50,0.4,0.0,-1.38283,7.832351,0.6
003021.SZ,17.312178,17.312178,0.00017351603,0.00018804062,0.35708305,0.2793651,1,91,229,0.9722222,0.0,-1.0451584,5.8819366,0.027777778
003022.SZ,19.765438,19.765438,0.00018941752,0.00018804062,0.34583306,0.21033868,1,21,149,0.7647059,0.0,-1.2230675,2.1519794,0.23529412
003023.SZ,7.237226,7.237226,8.937243e-05,0.00018804062,0.3799997,0.1908046,1,91,229,0.8666667,0.0,0.45801002,6.706152,0.13333334
003025.SZ,16.868763,16.868763,0.00016268251,0.00018804062,0.3874997,0.2057057,1,94,65,0.5945946,0.0,-0.93444043,9.977602,0.4054054
003026.SZ,22.320627,22.320627,0.00019878276,0.00018804062,0.36916637,0.4034091,1,32,38,0.36363637,0.0,-0.7593364,5.0958967,0.6363636
003027.SZ,27.507671,27.507671,0.00024139642,0.00018804062,0.3849997,0.19711539,1,74,159,0.5692308,0.0,0.6715138,4.931049,0.43076923
003028.SZ,18.880438,18.880438,0.00017434914,0.00018804062,0.36333305,0.24242425,1,32,38,0.61764705,0.0,-0.45362645,4.4226856,0.38235295
003029.SZ,16.367971,16.367971,0.00013693978,0.00018804062,0.38416636,0.39772728,1,74,159,0.8181818,0.0,-1.638894,-24.452888,0.18181819
003030.SZ,16.75551,16.75551,0.00016722037,0.00018804062,0.36458305,0.36363637,1,30,30,0.3529412,0.0,-0.73646766,4.9460707,0.64705884
003031.SZ,12.186852,12.186852,0.00011860156,0.00018804062,0.39166635,0.23106061,1,59,157,0.93939394,0.0,-2.300797,13.113203,0.060606062
003033.SZ,7.8704524,7.8704524,8.655514e-05,0.00018804062,0.398333,0.46451613,1,33,251,0.9032258,0.0,-0.38506773,22.615582,0.09677419
003035.SZ,13.569748,13.569748,0.00013750023,0.00018804062,0.35499972,0.16774194,1,59,157,0.9354839,0.0,0.43527737,4.420417,0.06451613
003036.SZ,10.655039,10.655039,0.00010966499,0.00018804062,0.39166635,0.17701149,1,74,159,0.9,0.0,-1.3358268,-1.3153508,0.1
003037.SZ,14.906416,14.906416,0.00014672535,0.00018804062,0.35916638,0.19153225,1,43,94,0.625,0.0,0.5829657,-0.9633844,0.375
003038.SZ,9.843513,9.843513,0.00010770296,0.00018804062,0.40749967,0.28403363,1,59,157,0.85714287,0.0,-1.7996916,-6.024435,0.14285715
003039.SZ,15.526254,15.526254,0.00014443079,0.00018804062,0.403333,0.15396826,1,33,251,0.7222222,0.0,-1.812078,6.5346384,0.2777778
003040.SZ,38.46317,38.46317,0.0002840271,0.00018804062,0.38416636,0.2909861,1,74,159,0.7241379,0.0,-0.840419,1.2550982,0.27586207
003042.SZ,14.98009,14.98009,0.00014884518,0.00018804062,0.38083303,0.20483641,1,100,10,0.7631579,0.0,-1.2099344,-14.791471,0.23684211
003043.SZ,13.813927,13.813927,0.00014007448,0.00018804062,0.35749972,0.10967742,1,80,208,0.7419355,0.0,-2.536126,4.7280574,0.2580645
003816.SZ,16.75194,16.75194,0.00015849213,0.00018804062,0.36833304,0.20689656,1,1,211,0.6666667,0.0,-1.0173668,3.6900122,0.33333334
300001.SZ,12.819169,12.819169,0.00013187704,0.00018804062,0.37416637,0.2,1,93,192,0.9142857,0.0,-1.1925628,11.33967,0.08571429
300002.SZ,14.807735,14.807735,0.000139,0.00018804062,0.38666636,0.38487396,1,19,162,0.74285716,0.0,-1.0172771,15.235948,0.25714287
300003.SZ,9.122098,9.122098,0.000103107195,0.00018804062,0.35624972,0.110887095,1,59,157,0.96875,0.0,-1.3085063,4.8454437,0.03125
300004.SZ,14.829324,14.829324,0.0001510011,0.00018804062,0.36083305,0.09425288,1,91,229,0.4,0.0,-1.1338468,2.7034385,0.6
300005.SZ,13.973068,13.973068,0.00013241018,0.00018804062,0.38916636,0.19139785,1,1,211,0.67741936,0.0,-1.3762356,3.2314856,0.32258064
300006.SZ,11.127441,11.127441,0.00010584954,0.00018804062,0.38666636,0.39784947,1,15,191,0.9032258,0.0,-1.7363291,-18.111017,0.09677419
300007.SZ,13.602556,13.602556,0.00014251588,0.00018804062,0.35999972,0.051612902,1,2,80,0.87096775,0.0,-1.4844065,6.4218607,0.12903225
300008.SZ,15.866455,15.866455,0.00015180289,0.00018804062,0.3774997,0.1889483,1,5,286,0.5882353,0.0,-1.0006323,11.493199,0.4117647
300009.SZ,19.023693,19.023693,0.00016282898,0.00018804062,0.37916636,0.41075268,1,19,162,0.9032258,0.0,-1.2445871,17.02822,0.09677419
300010.SZ,14.293896,14.293896,0.0001400493,0.00018804062,0.38083303,0.14408602,1,15,191,0.4516129,0.0,-0.63083875,6.893151,0.5483871
300011.SZ,17.59853,17.59853,0.00017716268,0.00018804062,0.3624997,0.15524194,1,27,217,0.59375,0.0,-1.3872812,4.743831,0.40625
300012.SZ,11.919293,11.919293,0.00012982468,0.00018804062,0.35624972,0.26704547,1,7,111,0.8181818,0.0,-0.89417887,2.3926487,0.18181819
300013.SZ,17.055586,17.055586,0.00015637292,0.00018804062,0.40999967,0.18776672,1,22,208,0.68421054,0.0,-2.7791474,-7.4349365,0.31578946
300014.SZ,17.234657,17.234657,0.00015944026,0.00018804062,0.36916637,0.16302522,1,5,286,0.4857143,0.0,-1.1943487,-0.98918456,0.51428574
300015.SZ,18.713333,18.713333,0.00016532085,0.00018804062,0.39083302,0.24444444,1,69,305,0.73913044,0.0,-0.8350216,12.623351,0.26086956
300016.SZ,15.439343,15.439343,0.00014937222,0.00018804062,0.36416638,0.28387097,1,15,191,0.38709676,0.0,-0.9049806,5.5467916,0.61290324
300017.SZ,11.470481,11.470481,0.000118401804,0.00018804062,0.3724997,0.4091954,1,77,117,0.76666665,0.0,-2.0281167,12.332966,0.23333333
300018.SZ,18.616669,18.616669,0.00017138128,0.00018804062,0.38916636,0.16932625,1,33,251,0.6458333,0.0,-1.8086958,4.4151554,0.35416666
300019.SZ,14.182843,14.182843,0.00014332919,0.00018804062,0.3637497,0.13978495,1,12,252,0.38709676,0.0,-1.3017839,0.95021284,0.61290324
300021.SZ,5.105523,5.105523,6.7716726e-05,0.00018804062,0.3824997,0.2551724,1,6,36,0.9,0.0,-1.15251,-24.706354,0.1
300022.SZ,14.193539,14.193539,0.00013946413,0.00018804062,0.39499968,0.2159091,1,27,217,0.72727275,0.0,-1.4867637,-13.98834,0.27272728
300024.SZ,11.096025,11.096025,0.000105759296,0.00018804062,0.3899997,0.4233871,1,95,151,0.9375,0.0,-1.6202905,-31.416285,0.0625
300025.SZ,31.17239,31.17239,0.00023457978,0.00018804062,0.39499968,0.25757575,1,74,159,0.7777778,0.0,-1.2528288,-22.276224,0.22222222
300026.SZ,20.357035,20.357035,0.00017140286,0.00018804062,0.3699997,0.2914634,1,77,117,0.6097561,0.0,-1.5412635,1.6367414,0.3902439
300027.SZ,38.74985,38.74985,0.0002723179,0.00018804062,0.39916635,0.24734043,1,33,251,0.5833333,0.0,-1.2030605,-22.017227,0.41666666
300030.SZ,16.153955,16.153955,0.00016351107,0.00018804062,0.37416637,0.17478992,1,27,217,0.4857143,0.0,-0.8836228,4.749808,0.51428574
300031.SZ,13.35974,13.35974,0.0001330719,0.00018804062,0.36666638,0.13103448,1,19,162,0.7,0.0,-0.7921701,4.5290675,0.3
300032.SZ,9.671472,9.671472,0.00011272397,0.00018804062,0.36499974,0.15927419,1,21,149,0.90625,0.0,-1.7512,3.7090442,0.09375
300033.SZ,52.61011,52.61011,0.0003995731,0.00018804062,0.40749967,0.11460476,1,5,286,0.91566265,0.0,-1.389076,4.660537,0.084337346
300034.SZ,13.253007,13.253007,0.00013432516,0.00018804062,0.35749972,0.13118279,1,22,208,0.41935483,0.0,-0.621371,1.1323388,0.58064514
300035.SZ,19.09016,19.09016,0.0001845766,0.00018804062,0.3724997,0.105882354,1,15,191,0.4,0.0,-2.0965173,4.4417114,0.6
300036.SZ,15.983069,15.983069,0.00016228866,0.00018804062,0.3516664,0.14623655,1,12,252,0.3548387,0.0,-1.8486549,2.267719,0.6451613
300037.SZ,15.001202,15.001202,0.00015428064,0.00018804062,0.3699997,0.10887097,1,5,286,0.875,0.0,-1.1550782,2.6828718,0.125
300039.SZ,20.569784,20.569784,0.00018836134,0.00018804062,0.39583302,0.1712627,1,5,286,0.8490566,0.0,-1.6166228,7.7049737,0.1509434
300040.SZ,16.875477,16.875477,0.00015828903,0.00018804062,0.3849997,0.1904762,1,52,65,0.9302326,0.0,1.2680697,2.8812907,0.069767445
300041.SZ,18.311502,18.311502,0.00017971848,0.00018804062,0.36458305,0.15719697,1,21,149,0.75757575,0.0,-1.6010213,3.9707065,0.24242425
300042.SZ,22.356953,22.356953,0.00018853672,0.00018804062,0.39166635,0.23265307,1,21,149,0.66,0.0,-1.3334559,0.29589638,0.34
300043.SZ,22.129906,22.129906,0.00019574279,0.00018804062,0.39333302,0.23058824,1,5,286,0.8627451,0.0,-0.43565878,12.4441185,0.13725491
300045.SZ,20.927685,20.927685,0.00017286182,0.00018804062,0.39499968,0.2993197,1,102,50,0.53061223,0.0,-1.0624348,-19.400204,0.46938777
300046.SZ,12.045927,12.045927,0.0001270679,0.00018804062,0.36583304,0.17931035,1,27,217,0.6333333,0.0,-1.59662,2.8035767,0.36666667
300047.SZ,12.460645,12.460645,0.00012978002,0.00018804062,0.37333304,0.06451613,1,5,286,0.71875,0.0,-1.2362595,-1.8560684,0.28125
300048.SZ,15.733443,15.733443,0.00014485646,0.00018804062,0.3749997,0.22332859,1,22,208,0.7368421,0.0,-0.24688423,0.7189843,0.2631579
300049.SZ,18.409142,18.409142,0.0001638239,0.00018804062,0.41083303,0.21775898,1,5,286,0.77272725,0.0,-1.2306432,10.737753,0.22727273
300050.SZ,11.960254,11.960254,0.00011569194,0.00018804062,0.38583302,0.32263815,1,80,208,0.7941176,0.0,-0.95643526,0.19180286,0.20588236
300051.SZ,290.48038,290.48038,0.0018139167,0.00018804062,0.5133329,0.10293356,1,91,229,0.9377049,0.0,-1.7070292,-16.305605,0.062295083
300053.SZ,83.67463,83.67463,0.00059017085,0.00018804062,0.43999964,0.19758858,1,43,94,0.9296875,0.0,-1.3699914,-10.621977,0.0703125
300054.SZ,16.137617,16.137617,0.00014969152,0.00018804062,0.3874997,0.24174175,1,12,252,0.6486486,0.0,-1.3456974,16.014874,0.35135135
300055.SZ,13.307493,13.307493,0.00012144038,0.00018804062,0.39666635,0.34761906,1,22,208,0.8333333,0.0,-1.0425222,-23.094246,0.16666667
300056.SZ,35.792442,35.792442,0.0002452243,0.00018804062,0.39583302,0.2834008,1,69,305,0.6923077,0.0,-0.8844769,-25.039494,0.30769232
300057.SZ,12.770591,12.770591,0.00012466368,0.00018804062,0.40249968,0.23333333,1,59,157,0.75,0.0,-0.9210916,-7.3805866,0.25
300058.SZ,34.265274,34.265274,0.00027898067,0.00018804062,0.41416633,0.18403116,1,27,217,0.96202534,0.0,0.72419995,0.012210242,0.03797468
300059.SZ,39.759655,39.759655,0.0003511614,0.00018804062,0.41749966,0.13192461,1,27,217,0.89320385,0.0,-0.47583786,9.253024,0.106796116
300061.SZ,20.221195,20.221195,0.00015200485,0.00018804062,0.38833302,0.35966387,1,12,252,0.82857144,0.0,-1.2365,-29.25701,0.17142858
300062.SZ,15.180103,15.180103,0.00015136204,0.00018804062,0.35499972,0.14314516,1,23,94,0.625,0.0,-0.47032806,4.0829706,0.375
300063.SZ,15.823425,15.823425,0.00015217636,0.00018804062,0.37666637,0.22184874,1,95,151,0.62857145,0.0,-0.71622574,6.9014764,0.37142858
300065.SZ,128.90942,128.90942,0.0008531888,0.00018804062,0.44249967,0.16446038,1,69,305,0.8175676,0.0,-1.7332075,2.3237576,0.18243243
300066.SZ,17.32728,17.32728,0.00016433706,0.00018804062,0.36666638,0.16129032,1,33,251,0.40625,0.0,-2.0781593,2.5514383,0.59375
300067.SZ,18.357779,18.357779,0.00017827345,0.00018804062,0.36541638,0.2820513,1,43,94,0.46153846,0.0,-0.6401923,2.5470357,0.53846157
300068.SZ,18.597229,18.597229,0.00017377142,0.00018804062,0.39416635,0.14444445,1,24,84,0.7777778,0.0,-0.56176114,-4.209086,0.22222222
300069.SZ,12.848187,12.848187,0.00012061285,0.00018804062,0.405833,0.17417417,1,33,251,0.8378378,0.0,-1.7876539,-3.2017286,0.16216215
300070.SZ,12.7848215,12.7848215,0.00013499666,0.00018804062,0.36374974,0.1277311,1,21,149,0.9142857,0.0,-0.4302429,4.9919744,0.08571429
300071.SZ,45.252834,45.252834,0.00030051285,0.00018804062,0.39416635,0.32738096,1,34,43,0.59183675,0.0,-1.207349,-20.853413,0.40816328
300072.SZ,11.765367,11.765367,0.00012503617,0.00018804062,0.37916636,0.111827955,1,91,229,0.7741935,0.0,-0.216771,2.468811,0.22580644
300073.SZ,9.312082,9.312082,0.00010357931,0.00018804062,0.37708303,0.22916667,1,52,65,1.0,0.0,-2.4820607,1.868482,0.0
300074.SZ,16.933514,16.933514,0.00014955844,0.00018804062,0.39666635,0.2982456,1,21,149,0.71794873,0.0,-1.9299874,-17.977919,0.2820513
300075.SZ,24.340195,24.340195,0.00018927586,0.00018804062,0.3874997,0.3499289,1,59,157,0.7105263,0.0,-2.1214,-20.090914,0.28947368
300076.SZ,24.766035,24.766035,0.00020542066,0.00018804062,0.40249968,0.18432511,1,19,162,0.6981132,0.0,-1.6289774,-8.611067,0.3018868
300077.SZ,17.904837,17.904837,0.00013972002,0.00018804062,0.38916636,0.372043,1,33,251,0.8064516,0.0,-1.9159775,-31.431198,0.19354838
300078.SZ,12.919692,12.919692,0.00012276092,0.00018804062,0.38666636,0.11034483,1,12,252,0.56666666,0.0,-1.34316,-5.750838,0.43333334
300079.SZ,11.015112,11.015112,0.000115328956,0.00018804062,0.3699997,0.12258065,1,27,217,0.58064514,0.0,-2.2732868,-1.527209,0.41935483
300080.SZ,14.425937,14.425937,0.0001313381,0.00018804062,0.38333303,0.35462186,1,5,286,0.85714287,0.0,-1.0903114,-24.850576,0.14285715
300082.SZ,13.624714,13.624714,0.0001375345,0.00018804062,0.40916634,0.15719697,1,89,72,0.90909094,0.0,-0.3415576,0.14961688,0.09090909
300083.SZ,15.426004,15.426004,0.00015676137,0.00018804062,0.36458305,0.19073084,1,5,286,0.64705884,0.0,-1.5496323,3.6268764,0.3529412
300084.SZ,15.613404,15.613404,0.0001400383,0.00018804062,0.39083302,0.33428165,1,34,43,0.81578946,0.0,-1.9794631,-21.00818,0.18421052
300085.SZ,52.507133,52.507133,0.00034404433,0.00018804062,0.40666634,0.33276835,1,59,157,0.9166667,0.0,-1.8913933,-20.15323,0.083333336
300086.SZ,20.508844,20.508844,0.00016666412,0.00018804062,0.38916636,0.34234235,1,2,80,0.8378378,0.0,-2.2628295,-22.42484,0.16216215
300087.SZ,18.116627,18.116627,0.00015312903,0.00018804062,0.39749968,0.26248547,1,5,286,0.88095236,0.0,-0.92255956,-23.240788,0.11904762
300088.SZ,19.75836,19.75836,0.00018591428,0.00018804062,0.35249972,0.18487395,1,24,84,0.34285715,0.0,-1.6959258,0.8179401,0.6571429
300092.SZ,11.063106,11.063106,0.00012218405,0.00018804062,0.36333305,0.16098484,1,59,157,0.8787879,0.0,-1.2624848,5.2585607,0.121212125
300094.SZ,165.38564,165.38564,0.0012126337,0.00018804062,0.500833,0.07032701,1,33,251,0.92156863,0.0,-1.2119027,-10.888177,0.078431375
300095.SZ,13.276628,13.276628,0.00014045749,0.00018804062,0.35958305,0.13725491,1,95,151,0.8235294,0.0,-1.3782206,3.865312,0.1764706
300097.SZ,416.4796,416.4796,0.0028317778,0.00018804062,0.5508329,0.054558467,1,14,83,0.9744409,0.0,-1.4715235,-12.830014,0.025559105
300098.SZ,16.995808,16.995808,0.00015782601,0.00018804062,0.37583303,0.22528736,1,19,162,0.3,0.0,-1.3670535,-7.6396832,0.7
300099.SZ,12.493652,12.493652,0.00013019623,0.00018804062,0.3874997,0.11336032,1,31,1,1.0,0.0,-0.51677185,3.9144893,0.0
300100.SZ,12.651482,12.651482,0.00012168264,0.00018804062,0.3849997,0.2739496,1,102,50,0.85714287,0.0,-0.7478772,13.741654,0.14285715
300101.SZ,10.729676,10.729676,0.00011426482,0.00018804062,0.38666636,0.10344828,1,1,211,0.8666667,0.0,-1.8860301,6.7955904,0.13333334
300102.SZ,12.907296,12.907296,0.000119795535,0.00018804062,0.39166635,0.25320056,1,80,208,0.8947368,0.0,-0.77704996,-4.177333,0.10526316
300103.SZ,24.90411,24.90411,0.00019416094,0.00018804062,0.39583302,0.2982456,1,5,286,0.7692308,0.0,-1.442995,-22.50682,0.23076923
300105.SZ,10.143094,10.143094,0.000101178055,0.00018804062,0.39416635,0.27272728,1,27,217,0.88235295,0.0,-2.102462,-19.251945,0.11764706
300106.SZ,15.948918,15.948918,0.00013664228,0.00018804062,0.39416635,0.29946524,1,20,96,0.7352941,0.0,0.026673488,-25.511683,0.2647059
300107.SZ,19.143925,19.143925,0.00017686567,0.00018804062,0.400833,0.11968085,1,5,286,0.875,0.0,-1.2515501,-2.7792654,0.125
300109.SZ,17.063063,17.063063,0.0001635866,0.00018804062,0.38583302,0.11895161,1,24,84,0.8125,0.0,-0.8431281,6.34595,0.1875
300110.SZ,15.081557,15.081557,0.00015171706,0.00018804062,0.35458305,0.101149425,1,43,94,0.53333336,0.0,-1.2772566,1.6981099,0.46666667
300111.SZ,16.55084,16.55084,0.00015300166,0.00018804062,0.3899997,0.17931035,1,74,159,0.73333335,0.0,-1.9228467,-11.98491,0.26666668
300112.SZ,11.117223,11.117223,0.0001168378,0.00018804062,0.3649997,0.04367816,1,59,157,0.9,0.0,-2.6405234,0.8844108,0.1
300113.SZ,19.221237,19.221237,0.0001671615,0.00018804062,0.39666635,0.26381463,1,91,229,0.7941176,0.0,-1.0048472,15.03963,0.20588236
300115.SZ,14.2787485,14.2787485,0.000146709,0.00018804062,0.37166637,0.12298387,1,33,251,0.65625,0.0,-2.566422,1.1179512,0.34375
300118.SZ,20.194284,20.194284,0.0001733252,0.00018804062,0.403333,0.22980392,1,12,252,0.4509804,0.0,-0.94975686,-18.886206,0.54901963
300119.SZ,17.201107,17.201107,0.00016306994,0.00018804062,0.38666636,0.1657754,1,69,305,0.5882353,0.0,-1.337647,6.641482,0.4117647
300120.SZ,14.804627,14.804627,0.00015500441,0.00018804062,0.3624997,0.11586453,1,20,96,0.6764706,0.0,-1.8150324,1.4012029,0.32352942
300121.SZ,11.360775,11.360775,0.00012187022,0.00018804062,0.35499972,0.15268818,1,94,65,0.7096774,0.0,-1.4225613,3.6063097,0.29032257
300122.SZ,13.4053545,13.4053545,0.00012243941,0.00018804062,0.39166635,0.44153225,1,43,94,0.78125,0.0,-1.1460688,-23.81493,0.21875
300123.SZ,446.74783,446.74783,0.0030615334,0.00018804062,0.5508329,0.047343794,1,27,217,0.94949496,0.0,-1.3851717,-12.235168,0.05050505
300124.SZ,13.954177,13.954177,0.0001372108,0.00018804062,0.39333302,0.22072072,1,80,208,0.6216216,0.0,-1.3169999,12.463273,0.3783784
300126.SZ,16.512321,16.512321,0.00015869293,0.00018804062,0.3899997,0.121212125,1,33,251,0.8181818,0.0,-1.8413879,-4.009149,0.18181819
300127.SZ,14.841922,14.841922,0.00014058476,0.00018804062,0.39666635,0.2788051,1,91,229,0.9736842,0.0,-2.1343555,16.429348,0.02631579
300128.SZ,21.263985,21.263985,0.00015631264,0.00018804062,0.39416635,0.3815126,1,33,251,0.74285716,0.0,-2.0457141,-27.637735,0.25714287
300129.SZ,13.219166,13.219166,0.00012885276,0.00018804062,0.405833,0.17267267,1,5,286,0.6486486,0.0,-1.3029325,-5.1244965,0.35135135
300130.SZ,16.987627,16.987627,0.00015796993,0.00018804062,0.38416636,0.17867868,1,69,305,0.6216216,0.0,-1.6207026,7.238264,0.3783784
300131.SZ,19.799673,19.799673,0.00015982185,0.00018804062,0.39499968,0.26984128,1,1,211,0.8611111,0.0,-0.7882527,-1.231188,0.1388889
300132.SZ,14.737195,14.737195,0.00014991603,0.00018804062,0.3554164,0.1632184,1,40,114,0.53333336,0.0,-1.11671,3.8978133,0.46666667
300133.SZ,16.60745,16.60745,0.00015422999,0.00018804062,0.41499966,0.16500553,1,5,286,0.8604651,0.0,-0.09421394,2.8545506,0.13953489
300134.SZ,10.305265,10.305265,9.958425e-05,0.00018804062,0.39083302,0.36989248,1,27,217,0.8064516,0.0,-3.2078164,-25.823338,0.19354838
300135.SZ,19.105913,19.105913,0.00015576949,0.00018804062,0.35916638,0.29075631,1,12,252,0.85714287,0.0,-1.0087857,1.6120542,0.14285715
300136.SZ,15.821513,15.821513,0.00014355608,0.00018804062,0.39083302,0.16869096,1,14,83,0.82051283,0.0,-0.7397641,-1.7760217,0.17948718
300137.SZ,17.343018,17.343018,0.00017030514,0.00018804062,0.36166638,0.14962122,1,89,72,0.7878788,0.0,-1.0495031,2.0695274,0.21212122
300138.SZ,14.127063,14.127063,0.00014537916,0.00018804062,0.36458305,0.13306452,1,7,111,0.59375,0.0,-1.1685593,5.903824,0.40625
300139.SZ,20.89003,20.89003,0.00018001304,0.00018804062,0.39749968,0.21717171,1,59,157,0.75555557,0.0,-1.9253246,9.723493,0.24444444
300140.SZ,16.560156,16.560156,0.00016521277,0.00018804062,0.35791638,0.1882353,1,95,151,0.5714286,0.0,0.16701147,4.5182886,0.42857143
300141.SZ,18.6179,18.6179,0.0001784226,0.00018804062,0.39666638,0.16025642,1,7,111,0.875,0.0,-1.5561526,-4.4606752,0.125
300142.SZ,14.085113,14.085113,0.00013887936,0.00018804062,0.3674997,0.18716578,1,57,68,0.7941176,0.0,-1.1938912,-1.6640443,0.20588236
300143.SZ,13.126315,13.126315,0.00013166117,0.00018804062,0.3649997,0.1827957,1,1,211,0.67741936,0.0,-0.7305388,2.2900565,0.32258064
300144.SZ,15.375155,15.375155,0.00014001995,0.00018804062,0.3874997,0.45454547,1,76,26,0.969697,0.0,-0.8500212,15.654645,0.030303031
300145.SZ,11.36681,11.36681,0.00012238913,0.00018804062,0.36333305,0.20362903,1,59,157,0.75,0.0,-1.6134375,7.1135693,0.25
300146.SZ,17.490242,17.490242,0.00016418143,0.00018804062,0.38166636,0.16816817,1,1,211,0.8378378,0.0,-0.6899649,7.795288,0.16216215
300148.SZ,15.25548,15.25548,0.00015247396,0.00018804062,0.400833,0.12903225,1,69,305,0.6451613,0.0,-0.7443484,5.2156076,0.3548387
300149.SZ,13.474417,13.474417,0.00013954827,0.00018804062,0.3649997,0.10080645,1,33,251,0.8125,0.0,-1.394725,3.4195437,0.1875
300150.SZ,11.578545,11.578545,0.00012275926,0.00018804062,0.35583305,0.04637097,1,21,149,0.78125,0.0,-1.0149562,2.1226938,0.21875
300151.SZ,9.973972,9.973972,0.00010812925,0.00018804062,0.37083304,0.09072581,1,19,162,0.9375,0.0,-1.6345345,4.7900257,0.0625
300153.SZ,10.089581,10.089581,0.00010618323,0.00018804062,0.3849997,0.19784947,1,5,286,0.9032258,0.0,-1.3212485,0.5589973,0.09677419
300154.SZ,9.123869,9.123869,0.00010258743,0.00018804062,0.3566664,0.24086021,1,12,252,0.83870965,0.0,-1.5715129,6.144605,0.16129032
300155.SZ,19.265251,19.265251,0.00016664341,0.00018804062,0.38999972,0.3,1,91,229,0.8292683,0.0,-1.4435561,-11.4543,0.17073171
300157.SZ,18.64999,18.64999,0.00017343729,0.00018804062,0.40416634,0.19758673,1,33,251,0.86538464,0.0,-0.6077788,18.335955,0.13461539
300158.SZ,15.34048,15.34048,0.00013431098,0.00018804062,0.39666635,0.40860215,1,59,157,0.9032258,0.0,-1.7108095,-20.906548,0.09677419
300160.SZ,17.117445,17.117445,0.00016766567,0.00018804062,0.35624972,0.1942959,1,15,191,0.44117647,0.0,-2.0501766,4.664103,0.5588235
300161.SZ,19.611492,19.611492,0.00018462879,0.00018804062,0.37166637,0.23573573,1,77,117,0.4864865,0.0,-1.9290324,-4.825584,0.5135135
300162.SZ,17.08541,17.08541,0.00016667943,0.00018804062,0.35749972,0.12063492,1,74,159,0.7222222,0.0,-2.4878886,3.8386497,0.2777778
300163.SZ,27.69697,27.69697,0.00024320891,0.00018804062,0.403333,0.18679331,1,30,30,0.70149255,0.0,-1.2753835,11.830246,0.29850745
300164.SZ,24.991018,24.991018,0.00021184165,0.00018804062,0.39916638,0.20979592,1,19,162,0.74,0.0,-0.58589,1.4051604,0.26
300165.SZ,16.57367,16.57367,0.00015824992,0.00018804062,0.35833305,0.11724138,1,14,83,0.8333333,0.0,-0.8183067,5.6722136,0.16666667
300166.SZ,13.820607,13.820607,0.000127837,0.00018804062,0.39916635,0.26008064,1,80,208,0.9375,0.0,-1.119975,-14.313609,0.0625
300168.SZ,26.645906,26.645906,0.00020183653,0.00018804062,0.39083302,0.30634278,1,69,305,0.6666667,0.0,-1.5469335,-26.244598,0.33333334
300169.SZ,37.544353,37.544353,0.00028185302,0.00018804062,0.39416635,0.21683227,1,15,191,0.7288136,0.0,-1.2376187,-18.465233,0.27118644
300170.SZ,9.766557,9.766557,0.00011112075,0.00018804062,0.35208306,0.17204301,1,24,84,1.0,0.0,-1.1407322,1.9977481,0.0
300171.SZ,11.760662,11.760662,0.00012766459,0.00018804062,0.35958305,0.19153225,1,27,217,0.625,0.0,-1.7556094,1.6607406,0.375
300172.SZ,10.642053,10.642053,0.00011792339,0.00018804062,0.35999972,0.14962122,1,12,252,0.6666667,0.0,-1.4832363,3.7132273,0.33333334
300174.SZ,11.360813,11.360813,0.00012505808,0.00018804062,0.36458305,0.2015873,1,69,305,0.7777778,0.0,-0.4600166,3.5380304,0.22222222
300176.SZ,14.918071,14.918071,0.00014522868,0.00018804062,0.38916636,0.07816092,1,24,84,0.93333334,0.0,-1.6223767,4.261871,0.06666667
300177.SZ,13.958239,13.958239,0.00012791717,0.00018804062,0.39583302,0.34252873,1,1,211,0.73333335,0.0,-1.5731567,-25.3893,0.26666668
300179.SZ,16.143072,16.143072,0.0001557078,0.00018804062,0.38916636,0.22857143,1,53,16,0.6,0.0,-0.8586771,1.6985629,0.4
300180.SZ,116.582985,116.582985,0.0008216172,0.00018804062,0.44999966,0.1345156,1,22,208,0.85714287,0.0,-1.2535093,1.4247558,0.14285715
300181.SZ,22.083298,22.083298,0.00018743164,0.00018804062,0.39333302,0.24841438,1,14,83,0.8863636,0.0,-0.9677363,12.830069,0.11363637
300182.SZ,15.939776,15.939776,0.00015376387,0.00018804062,0.38416636,0.12903225,1,74,159,0.7096774,0.0,0.19406131,0.34999433,0.29032257
300183.SZ,19.194857,19.194857,0.00015832159,0.00018804062,0.37166637,0.31729054,1,79,1,1.0,0.0,-1.4132648,1.7610459,0.0
300184.SZ,14.262302,14.262302,0.00014370232,0.00018804062,0.3874997,0.1889483,1,59,157,0.7058824,0.0,-0.26648527,5.655295,0.29411766
300185.SZ,9.665588,9.665588,0.000111323454,0.00018804062,0.35374972,0.21935484,1,27,217,0.8064516,0.0,-1.8192225,3.2255678,0.19354838
300187.SZ,12.151627,12.151627,0.00012597608,0.00018804062,0.36291638,0.17204301,1,16,2,1.0,0.0,-1.6744808,0.2133045,0.0
300188.SZ,24.252216,24.252216,0.00019221967,0.00018804062,0.40666634,0.32290184,1,2,80,0.92105263,0.0,-2.2326264,-18.317148,0.078947365
300189.SZ,9.934041,9.934041,0.00010533968,0.00018804062,0.38666636,0.20454545,1,5,286,0.7878788,0.0,0.35468793,-11.320299,0.21212122
300190.SZ,16.221125,16.221125,0.0001395216,0.00018804062,0.38166636,0.39831933,1,93,192,0.94285715,0.0,-1.0368913,-28.496084,0.057142857
300191.SZ,15.709684,15.709684,0.00013803013,0.00018804062,0.398333,0.22222222,1,12,252,0.6756757,0.0,-0.2168405,-1.1512232,0.3243243
300192.SZ,10.515374,10.515374,0.00010566509,0.00018804062,0.39166635,0.3935484,1,93,192,0.8064516,0.0,-1.3801355,18.321058,0.19354838
300193.SZ,8.970707,8.970707,0.00010278027,0.00018804062,0.37166637,0.25378788,1,57,68,0.8787879,0.0,-1.9179062,3.1675427,0.121212125
300194.SZ,11.630338,11.630338,0.00011979071,0.00018804062,0.39333302,0.121839084,1,5,286,0.8666667,0.0,-1.3591332,-0.93603444,0.13333334
300195.SZ,14.388175,14.388175,0.00014044045,0.00018804062,0.400833,0.15698925,1,59,157,0.4516129,0.0,-1.6617678,-0.4897833,0.5483871
300196.SZ,19.782045,19.782045,0.00017749627,0.00018804062,0.39499968,0.22619048,1,59,157,0.877551,0.0,-0.9305877,8.420542,0.12244898
300197.SZ,296.80914,296.80914,0.0020943573,0.00018804062,0.5374996,0.05467773,1,57,68,0.99068904,0.0,-1.1438315,-11.310793,0.009310987
300199.SZ,29.24508,29.24508,0.0002322412,0.00018804062,0.37916636,0.23670213,1,19,162,0.7083333,0.0,-1.0734249,9.2853,0.29166666
300200.SZ,13.000181,13.000181,0.00013574325,0.00018804062,0.35916638,0.12413793,1,12,252,0.53333336,0.0,-0.5218266,1.4629873,0.46666667
300201.SZ,19.373167,19.373167,0.00017663515,0.00018804062,0.40999967,0.21352658,1,91,229,0.7173913,0.0,-1.7415565,15.331814,0.2826087
300203.SZ,13.692249,13.692249,0.0001272562,0.00018804062,0.38666636,0.36541888,1,5,286,0.88235295,0.0,-1.6368206,-29.112383,0.11764706
300204.SZ,22.583958,22.583958,0.00017988062,0.00018804062,0.38916636,0.22332859,1,15,191,0.6052632,0.0,-1.5371711,-16.681229,0.39473686
300206.SZ,15.592956,15.592956,0.00014056459,0.00018804062,0.3899997,0.3901515,1,15,191,0.8484849,0.0,-1.0138183,14.436967,0.15151516
300207.SZ,11.389914,11.389914,0.00012227215,0.00018804062,0.36041638,0.23674242,1,69,305,1.0,0.0,-2.71543,4.4398704,0.0
300209.SZ,19.20955,19.20955,0.00016323637,0.00018804062,0.40249968,0.21262458,1,91,229,0.627907,0.0,-0.7577954,-16.503666,0.37209302
300210.SZ,19.442427,19.442427,0.00015433245,0.00018804062,0.3924997,0.33333334,1,91,229,0.7837838,0.0,-2.519265,-27.351019,0.21621622
300212.SZ,66.14274,66.14274,0.00043600786,0.00018804062,0.413333,0.26811594,1,59,157,0.942029,0.0,-1.5628797,-27.185068,0.057971016
300213.SZ,14.436541,14.436541,0.0001436987,0.00018804062,0.36083305,0.11724138,1,24,84,0.8,0.0,-1.7051834,3.9959333,0.2
300214.SZ,10.606964,10.606964,0.00011740296,0.00018804062,0.37416637,0.1966967,1,7,111,0.8648649,0.0,0.14492702,2.1941593,0.13513513
300215.SZ,18.761822,18.761822,0.0001823314,0.00018804062,0.36666638,0.13513513,1,5,286,0.8918919,0.0,-0.9567919,3.5816262,0.10810811
300217.SZ,18.382338,18.382338,0.00017534042,0.00018804062,0.35916638,0.071301244,1,93,192,0.7352941,0.0,-1.2547677,1.8763999,0.2647059
300218.SZ,12.623567,12.623567,0.00013550496,0.00018804062,0.37833303,0.26451612,1,69,305,0.8064516,0.0,-0.63886124,3.0900104,0.19354838
300219.SZ,19.41904,19.41904,0.00018502877,0.00018804062,0.35583305,0.112299465,1,69,305,0.5294118,0.0,-1.6543559,2.6014676,0.47058824
300220.SZ,174.65485,174.65485,0.0011792614,0.00018804062,0.46083295,0.093788564,1,33,251,0.91855204,0.0,-1.6122316,3.9929533,0.08144797
300221.SZ,18.329668,18.329668,0.00017430361,0.00018804062,0.3637497,0.10810811,1,15,191,0.8108108,0.0,-1.4126539,5.109211,0.1891892
300222.SZ,17.438334,17.438334,0.000169254,0.00018804062,0.3674997,0.18538325,1,69,305,0.44117647,0.0,-2.0702205,1.2778213,0.5588235
300223.SZ,13.112736,13.112736,0.00013325001,0.00018804062,0.36333305,0.09677419,1,61,124,0.875,0.0,-1.5071125,1.5350688,0.125
300224.SZ,10.255223,10.255223,0.00011240518,0.00018804062,0.37833303,0.20860215,1,40,114,0.7419355,0.0,-2.4922454,0.9343529,0.2580645
300226.SZ,17.42215,17.42215,0.00016963796,0.00018804062,0.36916637,0.15396826,1,15,191,0.33333334,0.0,-1.5986638,4.920072,0.6666667
300227.SZ,19.937838,19.937838,0.00016196865,0.00018804062,0.40249968,0.39215687,1,15,191,0.9117647,0.0,-1.5927649,-29.801046,0.0882353
300228.SZ,13.933802,13.933802,0.00013844097,0.00018804062,0.39083302,0.14112903,1,69,305,0.59375,0.0,-0.6062062,9.4723625,0.40625
300229.SZ,26.271727,26.271727,0.00020778015,0.00018804062,0.38333303,0.32804877,1,80,208,0.85365856,0.0,-1.6932611,-10.668481,0.14634146
300230.SZ,20.55562,20.55562,0.0001898565,0.00018804062,0.35708305,0.13371266,1,1,211,0.68421054,0.0,-0.80705255,2.2468998,0.31578946
300231.SZ,10.82552,10.82552,0.00011275168,0.00018804062,0.3774997,0.09677419,1,5,286,0.9032258,0.0,-0.17103224,-0.6212031,0.09677419
300232.SZ,15.811384,15.811384,0.00015583388,0.00018804062,0.39083302,0.2513369,1,19,162,0.88235295,0.0,-1.7460676,-14.457668,0.11764706
300233.SZ,12.516918,12.516918,0.00012105511,0.00018804062,0.3849997,0.15698925,1,33,251,0.7741935,0.0,-1.3124934,-3.1993744,0.22580644
300234.SZ,15.218461,15.218461,0.00015374199,0.00018804062,0.3662497,0.122689076,1,93,192,0.8,0.0,-1.3461628,2.7599,0.2
300235.SZ,17.363771,17.363771,0.00016738121,0.00018804062,0.3924997,0.13513513,1,96,56,0.7837838,0.0,-1.8365352,6.8319116,0.21621622
300236.SZ,12.111713,12.111713,0.00012833675,0.00018804062,0.35999972,0.16935484,1,69,305,0.78125,0.0,-0.7240969,6.4466276,0.21875
300238.SZ,12.333395,12.333395,0.00012431853,0.00018804062,0.37999973,0.12941177,1,59,157,0.85714287,0.0,-1.6051544,5.9488897,0.14285715
300239.SZ,9.753998,9.753998,0.00010305563,0.00018804062,0.3624997,0.13333334,1,20,96,0.6333333,0.0,-2.4361165,0.21436717,0.36666667
300240.SZ,31.50514,31.50514,0.00023760076,0.00018804062,0.38083303,0.19712071,1,33,251,0.8372093,0.0,-0.9120698,1.1414325,0.1627907
300241.SZ,12.970481,12.970481,0.00013285837,0.00018804062,0.36583304,0.11586453,1,69,305,0.7941176,0.0,-2.9215384,2.2673824,0.20588236
300242.SZ,22.192617,22.192617,0.00016701927,0.00018804062,0.39999968,0.38655463,1,74,159,0.82857144,0.0,-1.4502201,-28.605413,0.17142858
300243.SZ,14.832445,14.832445,0.00014145726,0.00018804062,0.398333,0.20731707,1,15,191,0.8780488,0.0,-1.1195366,-0.14767306,0.12195122
300244.SZ,16.188475,16.188475,0.0001551722,0.00018804062,0.40583304,0.11494253,1,14,83,0.6666667,0.0,-1.6105936,1.5586659,0.33333334
300245.SZ,12.168404,12.168404,0.00011472008,0.00018804062,0.39083302,0.27629232,1,40,114,0.8235294,0.0,-1.9065471,-17.366825,0.1764706
300246.SZ,10.716016,10.716016,0.00011336696,0.00018804062,0.3899997,0.1724138,1,85,6,0.8333333,0.0,-1.4493535,-3.7605143,0.16666667
300247.SZ,17.336351,17.336351,0.00016131999,0.00018804062,0.3774997,0.15725806,1,93,192,0.75,0.0,-2.1289592,5.051417,0.25
300248.SZ,17.255556,17.255556,0.00016673564,0.00018804062,0.36916637,0.23723723,1,43,94,0.2972973,0.0,-0.40630808,-0.5697051,0.7027027
300249.SZ,24.284424,24.284424,0.00018860263,0.00018804062,0.400833,0.18816067,1,15,191,0.77272725,0.0,-1.7819115,-14.293156,0.22727273
300250.SZ,15.244474,15.244474,0.0001473693,0.00018804062,0.38416636,0.15508021,1,69,305,0.47058824,0.0,-1.7852088,-10.588599,0.5294118
300251.SZ,25.88064,25.88064,0.0002161441,0.00018804062,0.4199997,0.34470248,1,12,252,0.7358491,0.0,-0.49958867,10.635661,0.26415095
300252.SZ,22.035198,22.035198,0.00017680672,0.00018804062,0.38666636,0.2857143,1,87,102,0.54761904,0.0,-0.93118334,0.030635687,0.45238096
300253.SZ,16.675436,16.675436,0.00016563428,0.00018804062,0.36208305,0.13190731,1,2,80,0.61764705,0.0,-1.6821,3.5867207,0.38235295
300254.SZ,10.298734,10.298734,0.00010273671,0.00018804062,0.3924997,0.24193548,1,14,83,0.90625,0.0,-1.2253563,11.059732,0.09375
300255.SZ,21.716673,21.716673,0.00016380394,0.00018804062,0.38666636,0.38636363,1,12,252,0.6969697,0.0,-1.5248183,-31.565355,0.3030303
300256.SZ,16.176197,16.176197,0.00015188898,0.00018804062,0.3899997,0.20967741,1,21,149,0.625,0.0,-2.1131,-12.214861,0.375
300257.SZ,17.776789,17.776789,0.00017378475,0.00018804062,0.3566664,0.13825758,1,12,252,0.3030303,0.0,-1.2439425,5.2673273,0.6969697
300258.SZ,16.405245,16.405245,0.00015994477,0.00018804062,0.36166638,0.0625,1,19,162,0.875,0.0,-1.1370218,3.727069,0.125
300259.SZ,13.905005,13.905005,0.00014534403,0.00018804062,0.3624997,0.089655176,1,22,208,0.96666664,0.0,-1.6144935,2.5932698,0.033333335
300260.SZ,11.050675,11.050675,0.00011521105,0.00018804062,0.38583302,0.10227273,1,59,157,0.8484849,0.0,-1.3355546,3.945975,0.15151516
300261.SZ,10.927854,10.927854,0.00011673296,0.00018804062,0.36416638,0.15053764,1,95,151,0.87096775,0.0,-0.8892549,6.1276,0.12903225
300263.SZ,20.00006,20.00006,0.00018865522,0.00018804062,0.36124972,0.13798009,1,89,72,0.65789473,0.0,-1.2836212,5.5073204,0.34210527
300264.SZ,143.61203,143.61203,0.00086227246,0.00018804062,0.42166632,0.25382262,1,1,211,0.9357798,0.0,-1.6662503,-20.237968,0.06422018
300265.SZ,23.31257,23.31257,0.00019576307,0.00018804062,0.40499967,0.14804064,1,33,251,0.6603774,0.0,-1.3120152,-0.50763905,0.33962265
300266.SZ,59.04755,59.04755,0.00038594383,0.00018804062,0.41916633,0.2639423,1,24,84,0.8769231,0.0,-1.5298924,-17.128296,0.12307692
300267.SZ,19.56586,19.56586,0.00016068193,0.00018804062,0.39166635,0.24751067,1,40,114,0.7894737,0.0,-2.2104185,-18.560837,0.21052632
300269.SZ,68.69523,68.69523,0.0004944175,0.00018804062,0.4366663,0.15329671,1,52,65,0.8952381,0.0,-1.5463676,6.1676183,0.104761906
300270.SZ,17.75641,17.75641,0.00016917034,0.00018804062,0.35583305,0.13636364,1,24,84,0.45454547,0.0,-1.4033091,1.8692763,0.54545456
300271.SZ,15.725654,15.725654,0.0001413142,0.00018804062,0.40249968,0.24358974,1,59,157,0.7,0.0,-1.8339599,-13.351782,0.3
300272.SZ,15.457188,15.457188,0.00015049505,0.00018804062,0.38833302,0.13809524,1,22,208,0.75,0.0,-1.6993945,9.802785,0.25
300274.SZ,22.358719,22.358719,0.00019449778,0.00018804062,0.40416634,0.2117347,1,59,157,0.8979592,0.0,-0.5296204,15.732362,0.10204082
300275.SZ,11.199273,11.199273,0.000117399184,0.00018804062,0.38166636,0.14623655,1,5,286,0.7741935,0.0,-1.8315483,-0.5164516,0.22580644
300276.SZ,14.576998,14.576998,0.00014660816,0.00018804062,0.36208305,0.24946237,1,53,16,0.5483871,0.0,-1.3854582,2.8739486,0.4516129
300277.SZ,96.1243,96.1243,0.00065159856,0.00018804062,0.45249966,0.14111713,1,5,286,0.7734375,0.0,-1.1431696,-0.3311895,0.2265625
300278.SZ,22.124166,22.124166,0.00018597486,0.00018804062,0.36541638,0.18775511,1,5,286,0.9,0.0,-0.8638561,1.8695979,0.1
300279.SZ,19.481407,19.481407,0.00018406166,0.00018804062,0.35958305,0.35079366,1,102,50,0.25,0.0,-0.8379972,1.7037841,0.75
300281.SZ,13.825942,13.825942,0.00014267814,0.00018804062,0.3566664,0.26666668,1,91,229,0.38709676,0.0,-1.9321483,0.82518387,0.61290324
300283.SZ,13.613774,13.613774,0.00013131517,0.00018804062,0.3899997,0.17045455,1,22,208,0.6363636,0.0,-0.15164246,-2.4338443,0.36363637
300284.SZ,20.60711,20.60711,0.00019125894,0.00018804062,0.39416635,0.1051051,1,93,192,0.7297297,0.0,-1.0187675,3.8224294,0.27027026
300285.SZ,12.277638,12.277638,0.00012871051,0.00018804062,0.38916636,0.23697479,1,89,72,0.8857143,0.0,-1.1580398,16.333057,0.114285715
300286.SZ,15.532129,15.532129,0.00015710822,0.00018804062,0.3566664,0.13068181,1,12,252,0.42424244,0.0,-1.403297,3.1546547,0.57575756
300287.SZ,25.578691,25.578691,0.00020641371,0.00018804062,0.39916635,0.21843252,1,15,191,0.6792453,0.0,-1.4212112,-18.292593,0.3207547
300288.SZ,15.02692,15.02692,0.00015148535,0.00018804062,0.37041637,0.06271777,1,87,102,0.95238096,0.0,-1.2754,2.921245,0.04761905
300289.SZ,12.571311,12.571311,0.000117559655,0.00018804062,0.38916636,0.38494623,1,69,305,0.8064516,0.0,-1.3998837,-12.617473,0.19354838
300290.SZ,20.827383,20.827383,0.00017724083,0.00018804062,0.40249968,0.17481203,1,12,252,0.64912283,0.0,-1.4092876,-17.178736,0.3508772
300291.SZ,19.32343,19.32343,0.00016215963,0.00018804062,0.39333302,0.25487804,1,59,157,0.85365856,0.0,-1.7682171,-15.67317,0.14634146
300292.SZ,19.460888,19.460888,0.00017404047,0.00018804062,0.39333302,0.14401859,1,94,65,0.8095238,0.0,-0.15735476,-1.0990087,0.1904762
300293.SZ,17.790377,17.790377,0.00016815835,0.00018804062,0.39916635,0.101149425,1,1,211,0.8333333,0.0,-1.7036765,-2.8491106,0.16666667
300294.SZ,9.717483,9.717483,0.00010446301,0.00018804062,0.36333305,0.2321839,1,2,80,0.9,0.0,-1.4800166,-2.7126868,0.1
300296.SZ,16.859865,16.859865,0.000171077,0.00018804062,0.35499972,0.15555556,1,87,102,0.5277778,0.0,-2.7697055,4.2171917,0.4722222
300298.SZ,7.628437,7.628437,8.9649824e-05,0.00018804062,0.3554164,0.21572581,1,59,157,1.0,0.0,-1.2764437,4.481185,0.0
300299.SZ,16.343948,16.343948,0.0001512781,0.00018804062,0.39083302,0.19770116,1,5,286,0.6,0.0,-0.89816326,-13.853475,0.4
300300.SZ,42.695496,42.695496,0.00029515344,0.00018804062,0.40749967,0.1743393,1,15,191,0.89855075,0.0,-1.0817292,-12.170731,0.10144927
300302.SZ,13.907561,13.907561,0.00013424095,0.00018804062,0.398333,0.15686275,1,15,191,0.64705884,0.0,-1.6351147,-15.303684,0.3529412
300303.SZ,15.556092,15.556092,0.00014679931,0.00018804062,0.37916636,0.1891892,1,69,305,0.9189189,0.0,-2.4843163,10.195382,0.08108108
300304.SZ,12.188801,12.188801,0.000115464536,0.00018804062,0.38333303,0.48045978,1,91,229,0.93333334,0.0,-1.1195666,20.669039,0.06666667
300305.SZ,18.810965,18.810965,0.0001651654,0.00018804062,0.40499967,0.21333334,1,12,252,0.50980395,0.0,-1.771643,-13.086474,0.49019608
300306.SZ,14.649861,14.649861,0.00014852962,0.00018804062,0.35833305,0.11494253,1,89,72,0.5,0.0,-1.4975702,3.2517867,0.5
300307.SZ,16.271793,16.271793,0.00015891562,0.00018804062,0.3554164,0.17634408,1,89,72,0.7741935,0.0,-1.7084098,2.852146,0.22580644
300308.SZ,50.80569,50.80569,0.00037947748,0.00018804062,0.40666634,0.25938967,1,33,251,0.8055556,0.0,-2.2451696,13.347536,0.19444445
300310.SZ,12.846713,12.846713,0.00011954498,0.00018804062,0.38916636,0.32857144,1,59,157,0.8611111,0.0,-0.41819453,-1.4848962,0.1388889
300314.SZ,14.59344,14.59344,0.00014325154,0.00018804062,0.37583303,0.10084034,1,80,208,0.51428574,0.0,-0.3818314,0.8104016,0.4857143
300315.SZ,9.570565,9.570565,9.976452e-05,0.00018804062,0.38166636,0.20855615,1,93,192,0.9117647,0.0,-1.5838089,0.90568995,0.0882353
300316.SZ,6.187379,6.187379,7.9047866e-05,0.00018804062,0.35833305,0.16551724,1,12,252,0.9,0.0,-1.1366966,0.3092187,0.1
300317.SZ,12.239722,12.239722,0.00011996335,0.00018804062,0.40666634,0.29946524,1,57,68,0.9117647,0.0,-0.8162853,-17.705154,0.0882353
300318.SZ,12.511028,12.511028,0.000115334115,0.00018804062,0.40166634,0.32258064,1,101,3,0.96875,0.0,-1.762275,-22.117163,0.03125
300319.SZ,7.3854527,7.3854527,8.965636e-05,0.00018804062,0.36416638,0.21839081,1,74,159,0.9,0.0,-1.44291,5.9075727,0.1
300320.SZ,16.001871,16.001871,0.00015710786,0.00018804062,0.35791638,0.121212125,1,69,305,0.7878788,0.0,-1.6496544,2.4289155,0.21212122
300321.SZ,15.780604,15.780604,0.00014189782,0.00018804062,0.38583302,0.24268293,1,13,40,1.0,0.0,-0.811361,3.4529278,0.0
300322.SZ,18.236856,18.236856,0.00015925043,0.00018804062,0.40249968,0.17073171,1,89,72,0.7619048,0.0,-1.7604072,3.2984378,0.23809524
300323.SZ,19.74256,19.74256,0.00018280717,0.00018804062,0.38666636,0.18253969,1,51,81,0.44444445,0.0,-1.6819472,-1.6260734,0.5555556
300324.SZ,14.673026,14.673026,0.00013893335,0.00018804062,0.38833302,0.26136363,1,51,81,0.6666667,0.0,-1.5260637,-16.77698,0.33333334
300327.SZ,11.837584,11.837584,0.00011588699,0.00018804062,0.3899997,0.12473118,1,6,36,0.7741935,0.0,-2.1420515,1.6185024,0.22580644
300328.SZ,16.594278,16.594278,0.00014708003,0.00018804062,0.39583302,0.2902439,1,59,157,0.75609756,0.0,-1.7660414,-22.428856,0.24390244
300329.SZ,25.894651,25.894651,0.00019847014,0.00018804062,0.39333302,0.31721196,1,102,50,0.8947368,0.0,-2.0332737,-23.69087,0.10526316
300331.SZ,15.003213,15.003213,0.00014134281,0.00018804062,0.39333302,0.17290552,1,59,157,0.61764705,0.0,-1.2126265,-5.00356,0.38235295
300332.SZ,13.348538,13.348538,0.0001368461,0.00018804062,0.34958306,0.2580645,1,19,162,0.61290324,0.0,-0.070658095,4.899783,0.38709676
300333.SZ,14.961026,14.961026,0.00014981187,0.00018804062,0.3749997,0.18371212,1,20,96,0.6363636,0.0,-1.2107605,-5.6393204,0.36363637
300334.SZ,11.7700815,11.7700815,0.00012735742,0.00018804062,0.3624997,0.11895161,1,94,65,0.84375,0.0,-0.71011245,4.0328436,0.15625
300335.SZ,13.321319,13.321319,0.00013686126,0.00018804062,0.36666638,0.17634408,1,14,83,0.61290324,0.0,0.32310653,2.773249,0.38709676
300337.SZ,15.081785,15.081785,0.00014841928,0.00018804062,0.39166635,0.14126985,1,1,211,0.6944444,0.0,-1.5433972,-8.316024,0.30555555
300339.SZ,15.74698,15.74698,0.00014305953,0.00018804062,0.39083302,0.21062802,1,43,94,0.8913044,0.0,-0.40095434,1.2903591,0.10869565
300340.SZ,205.44681,205.44681,0.0012675998,0.00018804062,0.46333295,0.1299934,1,33,251,0.91457283,0.0,-1.7920281,-17.597221,0.085427135
300341.SZ,12.641658,12.641658,0.00013635829,0.00018804062,0.37166637,0.18951613,1,76,26,0.75,0.0,-1.4456251,8.219949,0.25
300342.SZ,208.87595,208.87595,0.0014248019,0.00018804062,0.49833295,0.079334125,1,32,38,0.9285714,0.0,-1.6038867,2.6667914,0.071428575
300345.SZ,23.63225,23.63225,0.00018577448,0.00018804062,0.398333,0.2752613,1,21,149,0.7380952,0.0,-1.4684596,-23.119202,0.26190478
300346.SZ,9.682732,9.682732,9.792123e-05,0.00018804062,0.3799997,0.32954547,1,5,286,0.93939394,0.0,-1.0914848,15.938715,0.060606062
300347.SZ,14.081727,14.081727,0.00014427169,0.00018804062,0.3529164,0.11742424,1,12,252,0.5151515,0.0,-1.3301606,2.212423,0.4848485
300348.SZ,22.2431,22.2431,0.00018184762,0.00018804062,0.38083303,0.23894557,1,23,94,0.5714286,0.0,-1.7054286,1.2534299,0.42857143
300349.SZ,10.475176,10.475176,0.00011376422,0.00018804062,0.3541664,0.09195402,1,87,102,0.7,0.0,-0.9977467,4.5314856,0.3
300350.SZ,12.112465,12.112465,0.0001296311,0.00018804062,0.35749972,0.1139785,1,35,1,1.0,0.0,-1.7010484,3.9074032,0.0
300351.SZ,10.33829,10.33829,0.00011328491,0.00018804062,0.3541664,0.22528736,1,96,56,0.96666664,0.0,-0.54718995,2.935193,0.033333335
300352.SZ,46.116524,46.116524,0.00033285667,0.00018804062,0.415833,0.28985506,1,21,149,0.87142855,0.0,-2.0003855,-11.884002,0.12857144
300353.SZ,19.301374,19.301374,0.00016296549,0.00018804062,0.39416635,0.23292683,1,40,114,0.73170733,0.0,-2.3859024,-20.423006,0.2682927
300354.SZ,17.71098,17.71098,0.00015283462,0.00018804062,0.39499968,0.38850576,1,80,208,0.8333333,0.0,-1.5542399,16.86244,0.16666667
300355.SZ,19.194082,19.194082,0.00017718323,0.00018804062,0.38083303,0.23010753,1,93,192,0.2580645,0.0,-1.599158,1.503516,0.7419355
300357.SZ,58.076027,58.076027,0.00048128393,0.00018804062,0.43249968,0.14396285,1,12,252,0.8496732,0.0,-1.1273588,7.3279223,0.1503268
300358.SZ,13.279303,13.279303,0.00013796153,0.00018804062,0.35791638,0.227957,1,33,251,0.58064514,0.0,-1.3217065,3.4669511,0.41935483
300359.SZ,18.685379,18.685379,0.00015399691,0.00018804062,0.39083302,0.3764706,1,87,102,0.82857144,0.0,-1.6886343,-24.806808,0.17142858
300360.SZ,15.042833,15.042833,0.00014041255,0.00018804062,0.398333,0.34566146,1,29,12,0.8947368,0.0,-0.5502974,15.473678,0.10526316
300363.SZ,10.387806,10.387806,0.0001150953,0.00018804062,0.35916638,0.16989248,1,5,286,0.87096775,0.0,-1.9995612,1.8902164,0.12903225
300364.SZ,39.609795,39.609795,0.00026896855,0.00018804062,0.39583302,0.29608127,1,23,94,0.9622642,0.0,-1.3421528,-16.723911,0.03773585
300365.SZ,19.938702,19.938702,0.00016124107,0.00018804062,0.3924997,0.34920636,1,5,286,0.8333333,0.0,-1.2547472,-24.115643,0.16666667
300368.SZ,41.782013,41.782013,0.00028158553,0.00018804062,0.39749968,0.2890071,1,22,208,0.5625,0.0,-1.7083645,-22.076029,0.4375
300369.SZ,20.285658,20.285658,0.00018000008,0.00018804062,0.36166638,0.2215909,1,22,208,0.18181819,0.0,-1.1276304,2.6188774,0.8181818
300370.SZ,27.74008,27.74008,0.00021334882,0.00018804062,0.403333,0.31207728,1,24,84,0.5869565,0.0,-1.4559001,-22.52183,0.41304347
300371.SZ,8.592124,8.592124,9.212683e-05,0.00018804062,0.38333303,0.44731182,1,74,159,0.9354839,0.0,-1.4177613,14.513287,0.06451613
300373.SZ,14.969663,14.969663,0.00015176121,0.00018804062,0.3674997,0.13445379,1,15,191,0.6,0.0,-1.7416912,4.6274395,0.4
300374.SZ,18.994514,18.994514,0.00016106314,0.00018804062,0.400833,0.26480836,1,15,191,0.9047619,0.0,-1.4010713,-23.862602,0.0952381
300375.SZ,16.38709,16.38709,0.00016635406,0.00018804062,0.3649997,0.11931818,1,22,208,0.90909094,0.0,-1.5882728,6.449892,0.09090909
300376.SZ,12.641305,12.641305,0.00013588124,0.00018804062,0.35499972,0.14717741,1,40,114,0.6875,0.0,-0.8770781,5.7761564,0.3125
300377.SZ,7.776798,7.776798,8.511015e-05,0.00018804062,0.37416637,0.14516129,1,12,252,0.90625,0.0,-1.8981874,-4.3894024,0.09375
300378.SZ,15.101149,15.101149,0.00015047548,0.00018804062,0.38916636,0.2091954,1,87,102,0.76666665,0.0,-1.2126597,8.281519,0.23333333
300380.SZ,17.519844,17.519844,0.00016813578,0.00018804062,0.37083304,0.116935484,1,1,211,0.71875,0.0,-1.0539187,-2.086392,0.28125
300381.SZ,20.429073,20.429073,0.00017416493,0.00018804062,0.37416637,0.23333333,1,51,81,0.73333335,0.0,-1.4719023,1.54378,0.26666668
300382.SZ,18.117546,18.117546,0.0001687386,0.00018804062,0.39583302,0.09677419,1,69,305,0.8125,0.0,-1.5506313,-4.309988,0.1875
300383.SZ,15.63894,15.63894,0.00015106452,0.00018804062,0.37833303,0.18003565,1,1,211,0.7647059,0.0,-0.85830003,1.8759753,0.23529412
300384.SZ,13.217954,13.217954,0.000131545,0.00018804062,0.39166635,0.29545453,1,33,251,0.8484849,0.0,-0.915503,13.6138315,0.15151516
300385.SZ,334.09402,334.09402,0.0021089124,0.00018804062,0.52833295,0.08341897,1,33,251,0.8842105,0.0,-1.6314447,-16.196688,0.11578947
300386.SZ,16.781729,16.781729,0.00015042668,0.00018804062,0.38416636,0.2972973,1,33,251,0.84210527,0.0,-1.1765684,-10.068251,0.15789473
300387.SZ,9.07105,9.07105,0.0001032203,0.00018804062,0.35749972,0.12643678,1,61,124,0.96666664,0.0,-0.27046672,4.42522,0.033333335
300388.SZ,19.608913,19.608913,0.00018267747,0.00018804062,0.35791638,0.1875,1,40,114,0.42424244,0.0,-1.4870728,2.1166697,0.57575756
300389.SZ,14.420868,14.420868,0.00014058854,0.00018804062,0.3762497,0.20768137,1,59,157,0.92105263,0.0,-0.77652365,15.270801,0.078947365
300390.SZ,16.319376,16.319376,0.0001549619,0.00018804062,0.3874997,0.12912913,1,24,84,0.7027027,0.0,-2.1003537,3.3487735,0.2972973
300393.SZ,20.54889,20.54889,0.00017327524,0.00018804062,0.40166634,0.24841438,1,15,191,0.79545456,0.0,-1.3261635,-22.144905,0.20454545
300394.SZ,58.699524,58.699524,0.00043348945,0.00018804062,0.41666633,0.20074907,1,23,94,0.98888886,0.0,-2.5514653,9.225503,0.011111111
300395.SZ,13.779309,13.779309,0.00012922882,0.00018804062,0.39916635,0.22994652,1,14,83,0.9411765,0.0,-2.2769473,9.159905,0.05882353
300396.SZ,16.506845,16.506845,0.00014563027,0.00018804062,0.39583302,0.27260458,1,12,252,0.51282054,0.0,-2.2689002,-18.120724,0.4871795
300397.SZ,16.084057,16.084057,0.00013689397,0.00018804062,0.39416635,0.43548387,1,85,6,0.875,0.0,-2.0114188,-28.845636,0.125
300398.SZ,16.991045,16.991045,0.00016339884,0.00018804062,0.3799997,0.12903225,1,1,211,0.875,0.0,-1.5421219,8.848813,0.125
300399.SZ,12.715417,12.715417,0.00012811559,0.00018804062,0.39749968,0.1417004,1,33,251,0.84615386,0.0,-1.4131101,-7.8528867,0.15384616
300400.SZ,17.831913,17.831913,0.00016350405,0.00018804062,0.40249968,0.2030303,1,40,114,0.6,0.0,-2.1195178,11.887023,0.4
300401.SZ,16.682825,16.682825,0.00015762444,0.00018804062,0.37333304,0.18181819,1,24,84,0.5882353,0.0,-1.5062381,11.667323,0.4117647
300402.SZ,11.965036,11.965036,0.00012873914,0.00018804062,0.35749972,0.12413793,1,53,16,0.93333334,0.0,-2.16722,4.0354433,0.06666667
300403.SZ,17.2906,17.2906,0.00016159803,0.00018804062,0.413333,0.22109158,1,94,65,0.80851066,0.0,-1.5715638,12.697359,0.19148937
300404.SZ,17.286583,17.286583,0.00015032518,0.00018804062,0.36416638,0.25910932,1,76,26,0.94871795,0.0,-1.4722745,0.5818717,0.051282052
300405.SZ,16.871328,16.871328,0.00015564497,0.00018804062,0.3924997,0.18758434,1,69,305,0.7948718,0.0,-1.6491461,-17.126215,0.20512821
300406.SZ,15.333007,15.333007,0.00014098099,0.00018804062,0.38833302,0.38991597,1,1,211,0.9142857,0.0,-0.9751914,12.273398,0.08571429
300407.SZ,15.079853,15.079853,0.00015025637,0.00018804062,0.35874972,0.20840336,1,1,211,0.7714286,0.0,-1.0731657,2.8041632,0.22857143
300408.SZ,15.221143,15.221143,0.00014313236,0.00018804062,0.39916635,0.35135135,1,33,251,0.8108108,0.0,-1.4880701,16.756424,0.1891892
300409.SZ,11.497253,11.497253,0.00011985246,0.00018804062,0.37333307,0.18181819,1,80,208,0.7647059,0.0,-2.2884176,-0.3595825,0.23529412
300410.SZ,18.2292,18.2292,0.00016530478,0.00018804062,0.39333302,0.22571693,1,21,149,0.7446808,0.0,-1.6531701,11.861745,0.25531915
300411.SZ,19.75624,19.75624,0.0001616915,0.00018804062,0.37166637,0.33781514,1,43,94,0.74285716,0.0,-0.33565435,0.18618579,0.25714287
300412.SZ,14.068395,14.068395,0.0001414399,0.00018804062,0.37416637,0.14408602,1,1,211,0.6451613,0.0,-1.0930226,2.5136166,0.3548387
300413.SZ,13.627476,13.627476,0.00013755746,0.00018804062,0.3541664,0.17741935,1,90,27,0.53125,0.0,-0.86057806,0.41770983,0.46875
300414.SZ,17.19547,17.19547,0.00015998399,0.00018804062,0.35999972,0.2691622,1,93,192,0.29411766,0.0,-1.9907885,1.7713088,0.7058824
300415.SZ,21.080618,21.080618,0.00018632172,0.00018804062,0.40166634,0.20212767,1,89,72,0.7083333,0.0,-0.714777,14.46754,0.29166666
300416.SZ,12.102359,12.102359,0.00013130941,0.00018804062,0.35958305,0.22983871,1,57,68,0.78125,0.0,-0.8439188,4.309725,0.21875
300417.SZ,14.366158,14.366158,0.00014047151,0.00018804062,0.36083305,0.2229885,1,15,191,0.33333334,0.0,-1.5048367,-0.9023333,0.6666667
300418.SZ,20.746923,20.746923,0.0001740711,0.00018804062,0.39333302,0.24541062,1,15,191,0.8043478,0.0,-1.7356261,-10.843669,0.19565217
300420.SZ,11.651013,11.651013,0.00012462915,0.00018804062,0.36333305,0.21111111,1,1,211,0.9444444,0.0,-1.0690277,5.7098527,0.055555556
300421.SZ,16.45671,16.45671,0.00016147505,0.00018804062,0.34708306,0.2228164,1,15,191,0.3529412,0.0,-1.7236735,3.970727,0.64705884
300422.SZ,20.82361,20.82361,0.00017376714,0.00018804062,0.40249968,0.24545455,1,69,305,0.8666667,0.0,-1.1636089,-21.921959,0.13333334
300423.SZ,12.325112,12.325112,0.00012845159,0.00018804062,0.35958305,0.17540322,1,33,251,0.90625,0.0,-1.428975,5.588841,0.09375
300424.SZ,17.518633,17.518633,0.00017419549,0.00018804062,0.35874972,0.14717741,1,33,251,0.53125,0.0,-0.7236594,5.562247,0.46875
300425.SZ,18.513851,18.513851,0.00017721145,0.00018804062,0.36833304,0.0960961,1,93,192,0.8378378,0.0,-0.91206753,3.233672,0.16216215
300426.SZ,560.0119,560.0119,0.0036759737,0.00018804062,0.5683329,0.0473194,1,27,217,0.9612299,0.0,-1.5414697,-13.970276,0.038770054
300427.SZ,17.117579,17.117579,0.00016418938,0.00018804062,0.3737497,0.101604275,1,5,286,0.61764705,0.0,-0.43021768,-0.85515165,0.38235295
300428.SZ,15.464962,15.464962,0.00015715224,0.00018804062,0.36791638,0.22537878,1,69,305,0.6969697,0.0,-1.9971001,8.759802,0.3030303
300429.SZ,10.25274,10.25274,0.00011163053,0.00018804062,0.36708304,0.20833333,1,27,217,0.8787879,0.0,-1.7231032,4.2174273,0.121212125
300430.SZ,15.517779,15.517779,0.00015201417,0.00018804062,0.37583303,0.11261261,1,5,286,0.7297297,0.0,-1.319654,4.0303073,0.27027026
300432.SZ,16.769903,16.769903,0.00016424232,0.00018804062,0.37833303,0.10241821,1,33,251,0.7894737,0.0,-1.6705105,7.1577797,0.21052632
300433.SZ,16.99841,16.99841,0.00016257682,0.00018804062,0.3662497,0.066287875,1,1,211,0.7878788,0.0,-1.4674,3.8165715,0.21212122
300434.SZ,17.725689,17.725689,0.00016815058,0.00018804062,0.39416635,0.14919356,1,95,151,0.75,0.0,-1.8034656,5.0985074,0.25
300435.SZ,15.61797,15.61797,0.00014819491,0.00018804062,0.40249968,0.23205128,1,80,208,0.8,0.0,-0.71145743,16.419489,0.2
300436.SZ,60.778244,60.778244,0.00040302513,0.00018804062,0.405833,0.21288411,1,22,208,0.7567568,0.0,-2.0862527,-14.280255,0.24324325
300437.SZ,10.074799,10.074799,0.00010260537,0.00018804062,0.39583302,0.30588236,1,21,149,0.9714286,0.0,-1.3468829,-23.430214,0.028571429
300438.SZ,14.509586,14.509586,0.00014371584,0.00018804062,0.3849997,0.17468806,1,27,217,0.7352941,0.0,-1.2934442,-10.177758,0.2647059
300439.SZ,15.749974,15.749974,0.00015468977,0.00018804062,0.3612497,0.11264368,1,15,191,0.36666667,0.0,-1.7933198,2.6928332,0.6333333
300440.SZ,17.8398,17.8398,0.00017442711,0.00018804062,0.35999972,0.11962834,1,12,252,0.47619048,0.0,-1.239712,1.4280668,0.52380955
300441.SZ,15.293751,15.293751,0.00015465467,0.00018804062,0.35999972,0.15915915,1,1,211,0.8108108,0.0,-1.514046,4.5572996,0.1891892
300442.SZ,22.230104,22.230104,0.00018959286,0.00018804062,0.39916635,0.23925668,1,19,162,0.95238096,0.0,-0.79398817,17.178112,0.04761905
300443.SZ,16.720064,16.720064,0.00016581926,0.00018804062,0.37416637,0.12298387,1,5,286,0.78125,0.0,-1.52635,4.210636,0.21875
300444.SZ,16.394817,16.394817,0.00015574966,0.00018804062,0.39166635,0.14789917,1,77,117,0.6,0.0,-0.51702857,5.8273234,0.4
300445.SZ,14.129297,14.129297,0.00013624088,0.00018804062,0.38916636,0.38991597,1,69,305,0.9142857,0.0,-1.2783772,16.295109,0.08571429
300446.SZ,17.65374,17.65374,0.00016956645,0.00018804062,0.39499968,0.15483871,1,52,65,0.8064516,0.0,-0.8065388,8.825524,0.19354838
300447.SZ,15.030665,15.030665,0.0001465099,0.00018804062,0.37666637,0.11724138,1,40,114,0.7,0.0,-0.9250267,0.46333995,0.3
300448.SZ,18.256088,18.256088,0.00016693429,0.00018804062,0.39583302,0.13951735,1,19,162,0.9230769,0.0,-1.4917767,-8.077668,0.07692308
300449.SZ,29.068611,29.068611,0.00022022071,0.00018804062,0.40166634,0.2521739,1,6,36,0.76086956,0.0,-1.520498,-20.312237,0.23913044
300450.SZ,11.178594,11.178594,0.00011906859,0.00018804062,0.3637497,0.22580644,1,87,102,0.75,0.0,-1.8673344,7.337201,0.25
300451.SZ,23.492874,23.492874,0.00019036113,0.00018804062,0.39583302,0.34030196,1,94,65,0.5714286,0.0,-2.0298524,-16.161373,0.42857143
300452.SZ,22.069626,22.069626,0.00019374152,0.00018804062,0.39749968,0.23428571,1,94,65,0.6,0.0,-1.4425201,11.773738,0.4
300453.SZ,10.5760565,10.5760565,0.00010388948,0.00018804062,0.3899997,0.455914,1,5,286,0.83870965,0.0,-1.2709452,19.922441,0.16129032
300454.SZ,15.66907,15.66907,0.00015287862,0.00018804062,0.34749973,0.24367817,1,26,39,0.33333334,0.0,0.48682338,2.2252898,0.6666667
300455.SZ,24.173544,24.173544,0.00018992978,0.00018804062,0.398333,0.35458937,1,102,50,0.45652175,0.0,-1.2590848,-20.05411,0.54347825
300456.SZ,50.712147,50.712147,0.00040557625,0.00018804062,0.4466663,0.11589164,1,57,68,0.86440676,0.0,-0.68154395,-3.909696,0.13559322
300457.SZ,10.508479,10.508479,0.000115779716,0.00018804062,0.3516664,0.25287357,1,87,102,0.8333333,0.0,-2.91335,2.9881785,0.16666667
300458.SZ,10.907629,10.907629,0.000107363456,0.00018804062,0.38083303,0.33103448,1,1,211,0.8333333,0.0,-3.3477466,15.172469,0.16666667
300459.SZ,17.782148,17.782148,0.00016789134,0.00018804062,0.38416636,0.13277312,1,66,1,1.0,0.0,-1.8542258,-3.4405916,0.0
300461.SZ,15.314294,15.314294,0.00012938729,0.00018804062,0.39583302,0.29924244,1,23,94,0.8787879,0.0,-0.6545212,-20.856762,0.121212125
300463.SZ,16.790834,16.790834,0.00015998866,0.00018804062,0.37416637,0.15524194,1,5,286,0.625,0.0,-1.2938344,-0.12946558,0.375
300464.SZ,25.8372,25.8372,0.00019862952,0.00018804062,0.38583302,0.30064756,1,51,81,0.5744681,0.0,-1.5388256,-21.161024,0.42553192
300465.SZ,13.935959,13.935959,0.00013903862,0.00018804062,0.37791637,0.085057475,1,21,149,0.76666665,0.0,-1.2425066,3.00008,0.23333333
300466.SZ,12.03626,12.03626,0.00012793722,0.00018804062,0.35624972,0.13650794,1,27,217,0.6944444,0.0,-2.6448054,2.8862746,0.30555555
300467.SZ,13.761967,13.761967,0.00012152878,0.00018804062,0.39749968,0.28877005,1,91,229,0.7647059,0.0,-0.8410412,2.424719,0.23529412
300468.SZ,12.366745,12.366745,0.00011960208,0.00018804062,0.3849997,0.18709677,1,21,149,0.83870965,0.0,-1.9855387,5.827745,0.16129032
300469.SZ,48.793884,48.793884,0.00032455302,0.00018804062,0.40916634,0.32861954,1,13,40,0.96363634,0.0,-1.5848727,-21.564573,0.036363635
300470.SZ,16.725908,16.725908,0.00016778373,0.00018804062,0.35916638,0.10634921,1,27,217,0.7777778,0.0,-2.0166972,4.858694,0.22222222
300471.SZ,20.011555,20.011555,0.00017834592,0.00018804062,0.3824997,0.16666667,1,5,286,0.42424244,0.0,-0.85990006,-2.1982772,0.57575756
300473.SZ,16.099257,16.099257,0.00015692438,0.00018804062,0.3624997,0.12258065,1,80,208,0.4516129,0.0,-0.8062968,2.4637325,0.5483871
300474.SZ,19.457932,19.457932,0.00018196568,0.00018804062,0.3849997,0.11260504,1,52,65,0.5714286,0.0,-1.70518,-1.9599857,0.42857143
300475.SZ,19.94666,19.94666,0.00017288022,0.00018804062,0.38666636,0.23717949,1,15,191,0.85,0.0,-1.4104599,11.691981,0.15
300476.SZ,34.65527,34.65527,0.00028754794,0.00018804062,0.42999965,0.17693694,1,27,217,0.74666667,0.0,-1.0813279,15.89589,0.25333333
300478.SZ,43.42759,43.42759,0.00029322764,0.00018804062,0.40416634,0.31058824,1,15,191,0.9019608,0.0,-1.1207942,-18.99278,0.09803922
300479.SZ,15.4726515,15.4726515,0.00015042222,0.00018804062,0.35833305,0.19959678,1,102,50,0.4375,0.0,-1.2020469,2.7522905,0.5625
300480.SZ,16.382977,16.382977,0.00016187533,0.00018804062,0.37416637,0.13765182,1,24,84,0.9230769,0.0,-1.2618538,5.847384,0.07692308
300481.SZ,9.738554,9.738554,0.000107955406,0.00018804062,0.36083305,0.2229885,1,69,305,0.93333334,0.0,0.2723867,5.511133,0.06666667
300482.SZ,17.705044,17.705044,0.00016352526,0.00018804062,0.3737497,0.120430104,1,95,151,0.7096774,0.0,-1.9036356,-2.8868318,0.29032257
300483.SZ,11.624467,11.624467,0.00011931683,0.00018804062,0.37916636,0.2957958,1,5,286,0.8108108,0.0,-0.09466214,11.65264,0.1891892
300484.SZ,16.65331,16.65331,0.000172807,0.00018804062,0.35749972,0.19914651,1,27,217,0.47368422,0.0,-1.8527498,4.8754783,0.5263158
300485.SZ,13.760849,13.760849,0.00012789236,0.00018804062,0.3774997,0.24731183,1,5,286,0.87096775,0.0,-1.2590742,3.0961568,0.12903225
300486.SZ,16.0099,16.0099,0.00015537,0.00018804062,0.38333303,0.09447415,1,40,114,0.7352941,0.0,-1.5294089,0.2881043,0.2647059
300487.SZ,16.471193,16.471193,0.00014537679,0.00018804062,0.39749968,0.4375,1,20,96,0.96875,0.0,-0.9718563,18.049604,0.03125
300488.SZ,10.978265,10.978265,0.00011193289,0.00018804062,0.37666637,0.35795453,1,12,252,0.8181818,0.0,-0.47653332,13.965037,0.18181819
300489.SZ,20.480719,20.480719,0.00015058942,0.00018804062,0.3874997,0.44758064,1,40,114,0.96875,0.0,-2.2429094,-29.661098,0.03125
300490.SZ,18.57459,18.57459,0.0001693106,0.00018804062,0.40749967,0.1785384,1,14,83,0.7234042,0.0,-0.11798088,0.36202917,0.27659574
300491.SZ,13.503758,13.503758,0.00014032723,0.00018804062,0.37083304,0.15462185,1,59,157,0.6,0.0,-1.2880828,2.6074574,0.4
300492.SZ,140.7766,140.7766,0.001039325,0.00018804062,0.4691663,0.08452586,1,23,94,0.9121339,0.0,-1.9102627,14.384973,0.087866105
300493.SZ,11.993804,11.993804,0.00012650342,0.00018804062,0.35916638,0.19758065,1,24,84,0.78125,0.0,-1.7162219,4.711978,0.21875
300494.SZ,10.097895,10.097895,0.00010835695,0.00018804062,0.37166637,0.14942528,1,43,94,0.76666665,0.0,-0.8823901,7.814473,0.23333333
300496.SZ,11.944099,11.944099,0.00012660601,0.00018804062,0.36583304,0.22179487,1,22,208,0.875,0.0,-1.498785,-0.9762327,0.125
300497.SZ,15.587369,15.587369,0.00015214705,0.00018804062,0.39333302,0.09469697,1,15,191,0.7878788,0.0,-1.3306394,-9.946218,0.21212122
300498.SZ,17.079786,17.079786,0.00016265138,0.00018804062,0.38583302,0.25525525,1,7,111,0.6486486,0.0,-1.178162,-5.529486,0.35135135
300499.SZ,116.11618,116.11618,0.000770504,0.00018804062,0.42916635,0.18011811,1,89,72,0.8984375,0.0,-1.7633241,2.11416,0.1015625
300500.SZ,12.105204,12.105204,0.00012445511,0.00018804062,0.36791638,0.20476191,1,69,305,0.7777778,0.0,-0.40375838,3.553996,0.22222222
300501.SZ,15.606808,15.606808,0.00015831228,0.00018804062,0.38416636,0.21290323,1,17,17,0.5483871,0.0,-1.3981903,-2.8859136,0.4516129
300502.SZ,206.85619,206.85619,0.0015304937,0.00018804062,0.50833297,0.06527391,1,97,1,1.0,0.0,-2.0240648,14.966363,0.0
300503.SZ,18.369947,18.369947,0.00016572466,0.00018804062,0.39916635,0.18353577,1,24,84,0.7948718,0.0,-0.8319743,11.120061,0.20512821
300504.SZ,14.182934,14.182934,0.00013664007,0.00018804062,0.39166635,0.16470589,1,59,157,0.74285716,0.0,-1.0465429,-10.28394,0.25714287
300505.SZ,12.64,12.64,0.00013051384,0.00018804062,0.3699997,0.17931035,1,59,157,0.8666667,0.0,0.22292665,3.0634036,0.13333334
300507.SZ,13.664096,13.664096,0.00013592449,0.00018804062,0.38083303,0.08275862,1,61,124,0.7,0.0,-1.8325164,7.586334,0.3
300508.SZ,11.538509,11.538509,0.000109841094,0.00018804062,0.38583302,0.3901515,1,69,305,0.8484849,0.0,-2.0516365,-15.585083,0.15151516
300509.SZ,7.4162126,7.4162126,8.578411e-05,0.00018804062,0.38166636,0.2731183,1,19,162,0.9354839,0.0,-1.8601419,17.846182,0.06451613
300510.SZ,18.234959,18.234959,0.0001810313,0.00018804062,0.38583302,0.22475107,1,95,151,0.7105263,0.0,-1.453629,-2.4233177,0.28947368
300511.SZ,13.928625,13.928625,0.00013050022,0.00018804062,0.39416635,0.22972973,1,90,27,0.6756757,0.0,-0.9298676,-17.493319,0.3243243
300512.SZ,20.059408,20.059408,0.00019328708,0.00018804062,0.36124972,0.34384385,1,30,30,0.3783784,0.0,-1.4622515,3.6408856,0.6216216
300513.SZ,15.919822,15.919822,0.00014447977,0.00018804062,0.38916636,0.28792912,1,26,39,0.81395346,0.0,-1.096093,-22.68701,0.18604651
300514.SZ,9.813606,9.813606,0.00010536493,0.00018804062,0.3774997,0.2,1,87,102,0.8,0.0,-2.486963,9.736575,0.2
300515.SZ,20.04674,20.04674,0.00019016702,0.00018804062,0.38416636,0.19159664,1,5,286,0.74285716,0.0,-1.2242886,3.6748588,0.25714287
300516.SZ,16.653273,16.653273,0.00014438485,0.00018804062,0.37833303,0.24358974,1,69,305,0.825,0.0,-0.87114,2.040055,0.175
300517.SZ,45.61638,45.61638,0.00033847397,0.00018804062,0.3974997,0.26387537,1,27,217,0.89873415,0.0,-1.0796101,1.1693101,0.101265825
300518.SZ,18.398924,18.398924,0.00016289685,0.00018804062,0.39666635,0.26849896,1,19,162,0.70454544,0.0,-1.6278908,-16.319277,0.29545453
300519.SZ,10.513893,10.513893,0.00011436285,0.00018804062,0.38833302,0.15632184,1,16,2,1.0,0.0,-1.3357167,5.3457994,0.0
300520.SZ,13.404987,13.404987,0.00011513486,0.00018804062,0.39333302,0.4275862,1,27,217,0.73333335,0.0,-1.5977402,-34.865864,0.26666668
300521.SZ,17.85427,17.85427,0.00015674077,0.00018804062,0.40916634,0.22424242,1,13,40,0.8888889,0.0,-1.927238,-12.797771,0.11111111
300522.SZ,14.253623,14.253623,0.00014004263,0.00018804062,0.35999972,0.32263815,1,15,191,0.4117647,0.0,-1.2602706,3.8612473,0.5882353
300523.SZ,26.777205,26.777205,0.00021387212,0.00018804062,0.403333,0.16688311,1,22,208,0.91071427,0.0,-1.3784589,-17.419895,0.08928572
300525.SZ,14.340566,14.340566,0.00014142744,0.00018804062,0.37166637,0.2731183,1,27,217,0.5483871,0.0,-1.4588355,-5.5804415,0.4516129
300528.SZ,15.756105,15.756105,0.00013182299,0.00018804062,0.39166635,0.4092742,1,29,12,0.96875,0.0,-1.5249937,-29.595898,0.03125
300529.SZ,17.79795,17.79795,0.0001566482,0.00018804062,0.39249972,0.38264582,1,59,157,0.68421054,0.0,-1.1191738,14.721813,0.31578946
300530.SZ,403.23688,403.23688,0.0025535824,0.00018804062,0.5224996,0.07504083,1,1,211,0.9444444,0.0,-1.5941048,-17.475777,0.055555556
300531.SZ,10.387647,10.387647,0.000112545305,0.00018804062,0.36333305,0.07956989,1,5,286,0.7741935,0.0,-2.0593193,3.6503742,0.22580644
300532.SZ,12.529231,12.529231,0.00013189319,0.00018804062,0.3637497,0.13513513,1,6,36,0.7368421,0.0,-1.8905395,3.64097,0.2631579
300533.SZ,127.86348,127.86348,0.0009747141,0.00018804062,0.46833298,0.0943581,1,23,94,0.91935486,0.0,-1.1208327,14.290709,0.08064516
300534.SZ,17.649168,17.649168,0.0001662015,0.00018804062,0.39583302,0.083333336,1,14,83,0.8181818,0.0,-0.4717849,5.702941,0.18181819
300535.SZ,13.950031,13.950031,0.00014304467,0.00018804062,0.3516664,0.13257575,1,1,211,0.7878788,0.0,-1.1758758,2.8008938,0.21212122
300536.SZ,56.33249,56.33249,0.00040458963,0.00018804062,0.4174997,0.24049248,1,69,305,0.8604651,0.0,-2.1821325,-12.6781,0.13953489
300537.SZ,20.430517,20.430517,0.00019229132,0.00018804062,0.36666638,0.13663663,1,74,159,0.4054054,0.0,-0.7380919,3.8273745,0.5945946
300538.SZ,11.586571,11.586571,0.00012406132,0.00018804062,0.36624974,0.2505747,1,91,229,0.8666667,0.0,-1.7902665,3.2966766,0.13333334
300539.SZ,16.703379,16.703379,0.00016644078,0.00018804062,0.36583304,0.21008404,1,69,305,0.6857143,0.0,-0.9241999,5.141226,0.31428573
300540.SZ,14.918585,14.918585,0.00013688809,0.00018804062,0.38833302,0.21568628,1,57,68,0.88235295,0.0,-1.9303647,9.541315,0.11764706
300541.SZ,9.322149,9.322149,0.00010305862,0.00018804062,0.3787497,0.23968254,1,61,124,0.9444444,0.0,-1.5004972,-2.681685,0.055555556
300542.SZ,12.016209,12.016209,0.00011018752,0.00018804062,0.38916636,0.4344086,1,15,191,0.8064516,0.0,-1.4751356,-34.189507,0.19354838
300543.SZ,11.715684,11.715684,0.00012468084,0.00018804062,0.38416636,0.21746881,1,93,192,0.9117647,0.0,-0.8204382,7.390174,0.0882353
300545.SZ,8.33326,8.33326,9.6091186e-05,0.00018804062,0.35208306,0.21505377,1,14,83,0.9677419,0.0,-2.7803488,0.11764855,0.032258064
300546.SZ,8.212603,8.212603,9.571759e-05,0.00018804062,0.3724997,0.14482759,1,43,94,0.96666664,0.0,-1.8905332,2.1179397,0.033333335
300547.SZ,16.238836,16.238836,0.0001499869,0.00018804062,0.3724997,0.22580644,1,23,94,0.6451613,0.0,-2.4415548,11.093401,0.3548387
300548.SZ,120.77298,120.77298,0.00087961735,0.00018804062,0.45499963,0.119142085,1,1,211,0.9411765,0.0,-2.4123642,12.811223,0.05882353
300549.SZ,18.81605,18.81605,0.00016306147,0.00018804062,0.37416637,0.30338165,1,7,111,0.6956522,0.0,-1.3195326,2.8477476,0.3043478
300550.SZ,17.604298,17.604298,0.00016628615,0.00018804062,0.35124972,0.16989248,1,40,114,0.38709676,0.0,-1.9760063,1.2382354,0.61290324
300551.SZ,202.30496,202.30496,0.0014418348,0.00018804062,0.51583296,0.0692721,1,91,229,0.93193716,0.0,-1.4101167,-8.725058,0.06806283
300552.SZ,13.086319,13.086319,0.00012991631,0.00018804062,0.3924997,0.2159091,1,5,286,0.72727275,0.0,-0.33920908,-13.882433,0.27272728
300553.SZ,13.292447,13.292447,0.00012827571,0.00018804062,0.39083302,0.16984127,1,27,217,0.7777778,0.0,-1.4400945,1.2381167,0.22222222
300554.SZ,65.624565,65.624565,0.0004887161,0.00018804062,0.43666634,0.14514285,1,59,157,0.9047619,0.0,-1.8357373,-10.339439,0.0952381
300556.SZ,26.39181,26.39181,0.0002023667,0.00018804062,0.38833302,0.31578946,1,12,252,0.68421054,0.0,-1.6446816,-24.995161,0.31578946
300557.SZ,12.6630945,12.6630945,0.00013383263,0.00018804062,0.3699997,0.052419353,1,40,114,0.9375,0.0,-1.8359406,3.6906655,0.0625
300558.SZ,14.095651,14.095651,0.00013879499,0.00018804062,0.39333302,0.17137097,1,5,286,0.90625,0.0,-0.6773781,12.543332,0.09375
300559.SZ,10.660182,10.660182,0.00010591066,0.00018804062,0.39499968,0.24597701,1,19,162,0.8666667,0.0,-1.8080734,-11.9847555,0.13333334
300560.SZ,7.3170004,7.3170004,8.9689776e-05,0.00018804062,0.36541638,0.24367817,1,5,286,0.93333334,0.0,-1.2020632,1.2183586,0.06666667
300562.SZ,17.730043,17.730043,0.00017277236,0.00018804062,0.38083303,0.07954545,1,12,252,0.21212122,0.0,-1.081709,2.8366625,0.7878788
300563.SZ,11.084171,11.084171,0.00012057407,0.00018804062,0.37416637,0.089655176,1,33,251,0.76666665,0.0,-1.7553998,4.675404,0.23333333
300564.SZ,11.03331,11.03331,0.00011237054,0.00018804062,0.408333,0.1981982,1,22,208,0.8108108,0.0,-1.0997783,-4.6841354,0.1891892
300565.SZ,14.394927,14.394927,0.0001198152,0.00018804062,0.403333,0.37096775,1,43,94,0.875,0.0,-1.4468688,-31.614325,0.125
300566.SZ,11.005729,11.005729,0.00011801035,0.00018804062,0.35499972,0.14623655,1,1,211,0.87096775,0.0,-2.6143224,1.1439941,0.12903225
300567.SZ,17.998838,17.998838,0.00017189114,0.00018804062,0.36916637,0.28629032,1,94,65,0.3125,0.0,-2.3550813,-0.10480189,0.6875
300568.SZ,22.132494,22.132494,0.0001884593,0.00018804062,0.38333303,0.21003401,1,2,80,0.63265306,0.0,-0.7455653,2.8087327,0.36734694
300569.SZ,13.298187,13.298187,0.00014098,0.00018804062,0.35499972,0.15322581,1,94,65,0.53125,0.0,-0.86889064,2.8712,0.46875
300570.SZ,47.117004,47.117004,0.00037236465,0.00018804062,0.418333,0.20560224,1,40,114,0.88235295,0.0,-1.8549024,12.189394,0.11764706
300571.SZ,18.853834,18.853834,0.00017351443,0.00018804062,0.39333302,0.17478992,1,5,286,0.51428574,0.0,-1.1680741,-1.4408808,0.4857143
300572.SZ,15.35224,15.35224,0.00014602889,0.00018804062,0.38666636,0.20377868,1,33,251,0.61538464,0.0,-2.1203153,-7.430011,0.3846154
300573.SZ,227.6058,227.6058,0.001742105,0.00018804062,0.5116663,0.067792796,1,24,84,0.96881497,0.0,-1.1795927,13.706149,0.031185031
300575.SZ,14.378816,14.378816,0.0001309295,0.00018804062,0.38916636,0.3512605,1,74,159,0.7714286,0.0,-1.5797143,-27.264597,0.22857143
300576.SZ,14.074788,14.074788,0.00014243914,0.00018804062,0.3824997,0.16031747,1,1,211,0.8333333,0.0,-2.1146724,8.369834,0.16666667
300577.SZ,9.531133,9.531133,0.00010770783,0.00018804062,0.38333303,0.25747126,1,19,162,0.9,0.0,-1.0155532,14.655884,0.1
300578.SZ,17.855703,17.855703,0.00016841631,0.00018804062,0.39499968,0.17825311,1,5,286,0.3529412,0.0,-0.62005883,1.2025512,0.64705884
300579.SZ,25.57637,25.57637,0.00020044652,0.00018804062,0.40916634,0.23311749,1,80,208,0.59574467,0.0,-2.0263596,-20.588284,0.40425533
300580.SZ,15.239732,15.239732,0.00015229799,0.00018804062,0.38166636,0.08045977,1,68,6,0.93333334,0.0,-1.0919567,4.0779305,0.06666667
300581.SZ,22.497301,22.497301,0.00017697942,0.00018804062,0.39499968,0.36363637,1,15,191,0.7941176,0.0,-1.9583031,-18.840906,0.20588236
300582.SZ,13.244379,13.244379,0.00012443564,0.00018804062,0.38416636,0.34117648,1,80,208,0.7714286,0.0,-1.7725629,-25.896189,0.22857143
300583.SZ,16.884054,16.884054,0.00016025499,0.00018804062,0.38166636,0.11408199,1,5,286,0.8235294,0.0,-1.2550354,-7.347707,0.1764706
300584.SZ,16.506117,16.506117,0.0001610518,0.00018804062,0.3749997,0.15079366,1,21,149,0.5,0.0,-1.8572055,3.125174,0.5
300585.SZ,20.38474,20.38474,0.00016516665,0.00018804062,0.40749967,0.30634278,1,52,65,0.74358976,0.0,-1.4509513,-21.964394,0.25641027
300586.SZ,14.3324795,14.3324795,0.00014821863,0.00018804062,0.36291638,0.18655463,1,5,286,0.7714286,0.0,-1.8893001,2.4894342,0.22857143
300587.SZ,15.120192,15.120192,0.00014589287,0.00018804062,0.38583302,0.1891892,1,12,252,0.5405405,0.0,-1.588773,-14.672872,0.45945945
300588.SZ,27.02633,27.02633,0.00019603141,0.00018804062,0.39166635,0.2968961,1,40,114,0.6923077,0.0,-2.0226204,-26.205715,0.30769232
300589.SZ,17.048632,17.048632,0.00014570009,0.00018804062,0.40166634,0.2846154,1,27,217,0.575,0.0,-0.029362464,-24.713755,0.425
300590.SZ,17.39596,17.39596,0.00016450354,0.00018804062,0.3812497,0.2775208,1,43,94,0.59574467,0.0,-0.79585534,7.2119136,0.40425533
300591.SZ,25.155954,25.155954,0.00018932961,0.00018804062,0.398333,0.27317074,1,27,217,0.68292683,0.0,-1.5159073,-24.15478,0.31707317
300592.SZ,14.493684,14.493684,0.00014568795,0.00018804062,0.36833304,0.11827957,1,59,157,0.7741935,0.0,-1.7377032,0.57417876,0.22580644
300593.SZ,17.075905,17.075905,0.00016114602,0.00018804062,0.39583302,0.18936877,1,27,217,0.41860464,0.0,-1.6984279,-12.565593,0.5813953
300594.SZ,10.464171,10.464171,0.000111953,0.00018804062,0.38083303,0.18924731,1,12,252,0.7741935,0.0,-1.0797129,-1.5188763,0.22580644
300595.SZ,20.27752,20.27752,0.00018629771,0.00018804062,0.36333305,0.17045455,1,1,211,0.6666667,0.0,-1.3358787,2.3982427,0.33333334
300596.SZ,17.451578,17.451578,0.00017242976,0.00018804062,0.35833305,0.10037879,1,95,151,0.6666667,0.0,-1.3511939,4.2985606,0.33333334
300597.SZ,12.24581,12.24581,0.00012172454,0.00018804062,0.39666635,0.2857143,1,22,208,0.8857143,0.0,-1.3689601,-20.463747,0.114285715
300598.SZ,16.866243,16.866243,0.00015554814,0.00018804062,0.38916636,0.26559713,1,96,56,0.7941176,0.0,-0.6512795,-17.99804,0.20588236
300599.SZ,17.896542,17.896542,0.00016805746,0.00018804062,0.37083304,0.15686275,1,22,208,0.29411766,0.0,-1.9839236,-0.5362381,0.7058824
300600.SZ,8.833852,8.833852,9.33423e-05,0.00018804062,0.38916636,0.2413793,1,6,36,1.0,0.0,-1.0539033,-11.417891,0.0
300601.SZ,11.563915,11.563915,0.000115138566,0.00018804062,0.36916637,0.26612905,1,5,286,0.84375,0.0,-1.7048845,-6.3022113,0.15625
300602.SZ,14.877498,14.877498,0.00015120827,0.00018804062,0.36333305,0.078431375,1,95,151,0.9117647,0.0,-1.4050912,7.4697227,0.0882353
300603.SZ,20.375618,20.375618,0.00017514311,0.00018804062,0.405833,0.20663266,1,33,251,0.5714286,0.0,-1.9091632,-11.315771,0.42857143
300604.SZ,23.99376,23.99376,0.00019672205,0.00018804062,0.398333,0.2512195,1,33,251,0.70731705,0.0,-2.429966,12.214404,0.29268292
300605.SZ,11.647982,11.647982,0.000116469055,0.00018804062,0.3724997,0.08045977,1,69,305,0.53333336,0.0,-1.3260232,4.633529,0.46666667
300606.SZ,9.158648,9.158648,9.747363e-05,0.00018804062,0.40166634,0.24242425,1,33,251,0.88235295,0.0,-1.3921353,-0.47095674,0.11764706
300607.SZ,12.600574,12.600574,0.00012734665,0.00018804062,0.3874997,0.18003565,1,5,286,0.88235295,0.0,-0.53964704,-3.692155,0.11764706
300608.SZ,24.54789,24.54789,0.00019894436,0.00018804062,0.39666635,0.29661837,1,51,81,0.65217394,0.0,-0.8877478,-20.073833,0.3478261
300609.SZ,17.212048,17.212048,0.00015332448,0.00018804062,0.38583302,0.3072546,1,69,305,0.68421054,0.0,-1.3835078,-11.664032,0.31578946
300610.SZ,9.667801,9.667801,0.000111645226,0.00018804062,0.37916636,0.18181819,1,27,217,0.90909094,0.0,-0.36216363,0.14229195,0.09090909
300611.SZ,19.92499,19.92499,0.00018237505,0.00018804062,0.37416637,0.13104838,1,80,208,0.40625,0.0,-1.5644562,3.1543112,0.59375
300612.SZ,25.192303,25.192303,0.00020326248,0.00018804062,0.40666634,0.20074005,1,85,6,0.9148936,0.0,-1.4524128,-17.227186,0.08510638
300613.SZ,12.038303,12.038303,0.00012603337,0.00018804062,0.39416635,0.10804598,1,87,102,0.76666665,0.0,-1.8029866,9.573835,0.23333333
300614.SZ,15.252143,15.252143,0.00013648481,0.00018804062,0.3899997,0.32539684,1,12,252,0.6666667,0.0,-1.2114667,-23.898476,0.33333334
300615.SZ,10.492684,10.492684,0.00010041472,0.00018804062,0.400833,0.38324422,1,33,251,0.9705882,0.0,-1.6804998,-27.545576,0.029411765
300616.SZ,20.875977,20.875977,0.00019767902,0.00018804062,0.37916636,0.14982578,1,12,252,0.30952382,0.0,-1.1642762,-0.23173457,0.6904762
300617.SZ,11.877579,11.877579,0.00012715043,0.00018804062,0.3637497,0.1969697,1,61,124,0.8181818,0.0,-2.2407637,6.4316483,0.18181819
300618.SZ,10.945018,10.945018,0.00012105356,0.00018804062,0.3799997,0.1954023,1,27,217,0.6666667,0.0,-2.1243033,-0.5873852,0.33333334
300619.SZ,10.951797,10.951797,0.000107348176,0.00018804062,0.38083303,0.33781514,1,5,286,0.94285715,0.0,-0.92999727,-5.426504,0.057142857
300620.SZ,24.112822,24.112822,0.00018977218,0.00018804062,0.398333,0.16943522,1,27,217,0.7906977,0.0,-1.3155464,-1.026291,0.20930232
300621.SZ,40.105747,40.105747,0.0003073225,0.00018804062,0.4049997,0.20245615,1,19,162,0.8552632,0.0,-1.1410989,-15.4906025,0.14473684
300622.SZ,18.25007,18.25007,0.00017497638,0.00018804062,0.38083303,0.14772727,1,1,211,0.72727275,0.0,-1.3546697,6.0532794,0.27272728
300623.SZ,19.545698,19.545698,0.00018599728,0.00018804062,0.35374972,0.24369748,1,43,94,0.4,0.0,0.32898855,2.6994827,0.6
300624.SZ,19.8249,19.8249,0.00015929094,0.00018804062,0.3849997,0.22048365,1,5,286,0.7368421,0.0,-1.9409051,-16.442722,0.2631579
300625.SZ,19.683733,19.683733,0.000182787,0.00018804062,0.3699997,0.17417417,1,23,94,0.5945946,0.0,-1.4362864,1.8197261,0.4054054
300626.SZ,11.303327,11.303327,0.00012327451,0.00018804062,0.3687497,0.3244207,1,59,157,0.7941176,0.0,-1.74785,2.963,0.20588236
300627.SZ,22.092215,22.092215,0.000191717,0.00018804062,0.39083302,0.3293247,1,15,191,0.5744681,0.0,-1.0783,14.288399,0.42553192
300628.SZ,14.475317,14.475317,0.00013529984,0.00018804062,0.3924997,0.4159159,1,59,157,0.7297297,0.0,-1.4413297,13.207846,0.27027026
300629.SZ,11.668209,11.668209,0.00010954333,0.00018804062,0.3874997,0.29924244,1,5,286,0.7878788,0.0,-1.1664727,2.9963517,0.21212122
300631.SZ,13.43875,13.43875,0.00014158417,0.00018804062,0.3824997,0.1590909,1,5,286,0.8484849,0.0,-0.85772735,2.534358,0.15151516
300632.SZ,16.386126,16.386126,0.00016717725,0.00018804062,0.36166638,0.21176471,1,27,217,0.42857143,0.0,-2.4173114,3.2960117,0.5714286
300633.SZ,14.390695,14.390695,0.00014599823,0.00018804062,0.3749997,0.16399287,1,20,96,0.47058824,0.0,-2.0595703,6.3285403,0.5294118
300634.SZ,8.171743,8.171743,8.8698565e-05,0.00018804062,0.3849997,0.32698414,1,59,157,1.0,0.0,-1.2519777,14.592085,0.0
300635.SZ,13.857085,13.857085,0.000144121,0.00018804062,0.3924997,0.18018018,1,1,211,0.8918919,0.0,-0.31226486,-0.758172,0.10810811
300636.SZ,13.020463,13.020463,0.00013547542,0.00018804062,0.36416638,0.110516936,1,57,68,0.85294116,0.0,-1.934606,1.6909292,0.14705883
300637.SZ,9.916039,9.916039,0.000111665206,0.00018804062,0.3724997,0.16733871,1,59,157,0.90625,0.0,-0.81811875,4.6589003,0.09375
300638.SZ,10.474681,10.474681,0.000112726586,0.00018804062,0.37333304,0.12873563,1,14,83,0.9,0.0,-1.4655598,-2.5312457,0.1
300639.SZ,18.15586,18.15586,0.0001545866,0.00018804062,0.3874997,0.3314394,1,61,124,0.8787879,0.0,-1.886103,-14.595014,0.121212125
300640.SZ,18.120281,18.120281,0.00016637806,0.00018804062,0.38166636,0.14616756,1,5,286,0.38235295,0.0,-0.7296794,3.345564,0.61764705
300641.SZ,68.96574,68.96574,0.0005715368,0.00018804062,0.45416632,0.11657356,1,51,81,0.8833333,0.0,-1.3622501,12.174447,0.11666667
300642.SZ,16.432823,16.432823,0.00015366984,0.00018804062,0.38916636,0.1827957,1,33,251,0.38709676,0.0,-1.6528031,-4.2070475,0.61290324
300643.SZ,17.895336,17.895336,0.00016747612,0.00018804062,0.38583302,0.17634408,1,33,251,0.41935483,0.0,-1.9617192,8.631337,0.58064514
300644.SZ,16.51476,16.51476,0.00016274065,0.00018804062,0.38416636,0.1891892,1,51,81,0.5135135,0.0,-2.1005461,5.344365,0.4864865
300645.SZ,13.683956,13.683956,0.00013793008,0.00018804062,0.38249972,0.09269162,1,20,96,0.7058824,0.0,-1.6771324,3.4378736,0.29411766
300647.SZ,14.580187,14.580187,0.00013888009,0.00018804062,0.40499967,0.17290552,1,95,151,0.9117647,0.0,-1.5896267,-16.83345,0.0882353
300648.SZ,16.254229,16.254229,0.00015725319,0.00018804062,0.39583302,0.1565452,1,20,96,0.71794873,0.0,-1.9324899,-12.294274,0.2820513
300649.SZ,17.638386,17.638386,0.00016268723,0.00018804062,0.38916636,0.16216215,1,87,102,0.8947368,0.0,-0.37163684,-3.2767963,0.10526316
300650.SZ,12.859036,12.859036,0.00013132629,0.00018804062,0.36666638,0.16330644,1,51,81,0.75,0.0,-1.2384313,6.1041317,0.25
300651.SZ,12.041156,12.041156,0.00012372488,0.00018804062,0.38166636,0.2537112,1,21,149,0.8974359,0.0,-1.8223667,8.179809,0.102564104
300652.SZ,15.214101,15.214101,0.00015187822,0.00018804062,0.3874997,0.1997301,1,22,208,0.74358976,0.0,-1.588941,13.223193,0.25641027
300653.SZ,22.569872,22.569872,0.00021453427,0.00018804062,0.37333304,0.12669684,1,12,252,0.71153843,0.0,-1.2132155,3.516952,0.28846154
300654.SZ,15.142999,15.142999,0.00015434987,0.00018804062,0.36291638,0.12096774,1,52,65,0.8125,0.0,-0.9947969,5.1553564,0.1875
300655.SZ,21.566996,21.566996,0.00018846744,0.00018804062,0.3674997,0.41290322,1,11,17,0.48387095,0.0,-1.3840998,0.91763586,0.516129
300656.SZ,19.683327,19.683327,0.0001701941,0.00018804062,0.398333,0.21808511,1,13,40,0.875,0.0,-1.6489334,-14.185123,0.125
300657.SZ,17.260015,17.260015,0.00014729597,0.00018804062,0.400833,0.17139001,1,15,191,0.7692308,0.0,-1.2911359,2.4691093,0.23076923
300658.SZ,15.970481,15.970481,0.00015071737,0.00018804062,0.39499968,0.17478992,1,22,208,0.62857145,0.0,-0.7806571,0.16250841,0.37142858
300659.SZ,17.30019,17.30019,0.00014493355,0.00018804062,0.39333302,0.3063063,1,33,251,0.7567568,0.0,-1.8256404,-18.519789,0.24324325
300660.SZ,9.2540245,9.2540245,0.000109275425,0.00018804062,0.37166637,0.48965517,1,69,305,0.8333333,0.0,-1.8641499,8.01205,0.16666667
300661.SZ,12.552077,12.552077,0.00012029587,0.00018804062,0.39083302,0.25376344,1,24,84,0.83870965,0.0,-3.053332,16.37111,0.16129032
300662.SZ,10.81037,10.81037,0.00011446689,0.00018804062,0.3824997,0.26325756,1,80,208,0.7878788,0.0,-1.1578788,15.015224,0.21212122
300663.SZ,16.741776,16.741776,0.00015728199,0.00018804062,0.39333302,0.14193548,1,15,191,0.7096774,0.0,-0.93061286,-6.423742,0.29032257
300664.SZ,18.091898,18.091898,0.00017491663,0.00018804062,0.35624972,0.1397436,1,69,305,0.55,0.0,-0.52679,4.256687,0.45
300665.SZ,19.29401,19.29401,0.00016401453,0.00018804062,0.3874997,0.32439023,1,21,149,0.8292683,0.0,-0.7204268,-24.81384,0.17073171
300666.SZ,13.5090275,13.5090275,0.00013417378,0.00018804062,0.38083303,0.21774194,1,15,191,0.65625,0.0,-2.2976031,12.956369,0.34375
300667.SZ,9.045759,9.045759,0.00010071533,0.00018804062,0.36416638,0.078431375,1,33,251,0.9117647,0.0,-1.757253,3.6479223,0.0882353
300668.SZ,29.118206,29.118206,0.00022660475,0.00018804062,0.38583302,0.21552975,1,19,162,0.6792453,0.0,-0.58374715,2.5953813,0.3207547
300669.SZ,17.832342,17.832342,0.00015918097,0.00018804062,0.3824997,0.17198068,1,5,286,0.6956522,0.0,-0.87759787,2.693189,0.3043478
300670.SZ,25.027222,25.027222,0.00019995727,0.00018804062,0.39999968,0.2522449,1,21,149,0.82,0.0,-1.6000081,-19.119146,0.18
300671.SZ,19.41505,19.41505,0.00015572575,0.00018804062,0.39666635,0.32222223,1,80,208,0.9444444,0.0,-1.9146277,-26.71793,0.055555556
300672.SZ,25.961742,25.961742,0.00019198348,0.00018804062,0.3874997,0.41935483,1,91,229,0.87096775,0.0,-0.12410646,1.5047805,0.12903225
300673.SZ,9.408254,9.408254,0.0001049945,0.00018804062,0.36416638,0.14942528,1,15,191,0.8333333,0.0,-1.5298232,4.4347796,0.16666667
300674.SZ,14.601665,14.601665,0.00014490187,0.00018804062,0.39083302,0.054924242,1,24,84,0.969697,0.0,-1.6012061,4.491848,0.030303031
300675.SZ,22.623049,22.623049,0.0001794579,0.00018804062,0.40416634,0.26248547,1,27,217,0.8095238,0.0,-1.2773548,-20.845415,0.1904762
300676.SZ,11.084605,11.084605,0.00011365542,0.00018804062,0.37749973,0.35172415,1,19,162,0.93333334,0.0,-1.4750366,-10.234652,0.06666667
300677.SZ,10.8482065,10.8482065,0.000117748554,0.00018804062,0.35624972,0.14482759,1,2,80,0.6666667,0.0,-1.3067534,3.9800498,0.33333334
300678.SZ,16.837076,16.837076,0.00013720468,0.00018804062,0.38083303,0.38064516,1,51,81,0.83870965,0.0,-0.2662709,1.179058,0.16129032
300679.SZ,14.313562,14.313562,0.00014578224,0.00018804062,0.38083303,0.17424242,1,27,217,0.7878788,0.0,-1.5137788,5.5064034,0.21212122
300680.SZ,10.6644335,10.6644335,0.00011666903,0.00018804062,0.3712497,0.15402299,1,59,157,0.96666664,0.0,-1.0111333,11.006056,0.033333335
300681.SZ,18.6915,18.6915,0.00018064768,0.00018804062,0.36291638,0.14516129,1,5,286,0.625,0.0,-1.2865875,4.610534,0.375
300682.SZ,13.996512,13.996512,0.0001415877,0.00018804062,0.35833305,0.09892473,1,69,305,0.83870965,0.0,-0.9236033,0.09068775,0.16129032
300683.SZ,25.07637,25.07637,0.00020047168,0.00018804062,0.3874997,0.2585034,1,93,192,0.5510204,0.0,-1.8499572,-13.36425,0.4489796
300684.SZ,17.11576,17.11576,0.00015668022,0.00018804062,0.39583302,0.17073171,1,1,211,0.75609756,0.0,-1.6440291,14.35386,0.24390244
300685.SZ,58.060745,58.060745,0.00047364816,0.00018804062,0.415833,0.18495062,1,7,111,0.94160587,0.0,-0.82206345,9.434667,0.05839416
300686.SZ,13.599848,13.599848,0.000121974685,0.00018804062,0.39499968,0.33901516,1,27,217,0.6060606,0.0,-0.3506,-25.589134,0.3939394
300687.SZ,14.324313,14.324313,0.0001395318,0.00018804062,0.3649997,0.0625,1,52,65,0.75,0.0,-0.63480943,0.23121566,0.25
300688.SZ,24.066458,24.066458,0.0001769155,0.00018804062,0.39333302,0.38104838,1,15,191,0.96875,0.0,-1.708853,-23.28841,0.03125
300689.SZ,12.615892,12.615892,0.00012091902,0.00018804062,0.39416635,0.24537815,1,80,208,0.8,0.0,-1.0664229,2.045253,0.2
300690.SZ,10.430202,10.430202,0.00011391607,0.00018804062,0.35749972,0.20967741,1,80,208,0.71875,0.0,-1.986178,1.415678,0.28125
300691.SZ,12.702799,12.702799,0.00013248574,0.00018804062,0.35958305,0.14252874,1,12,252,0.53333336,0.0,-1.6845434,2.156,0.46666667
300692.SZ,17.368296,17.368296,0.00016626524,0.00018804062,0.37916636,0.13940255,1,69,305,0.5,0.0,-0.6733553,2.9588149,0.5
300693.SZ,17.000551,17.000551,0.00015160986,0.00018804062,0.38833302,0.26050422,1,19,162,0.9714286,0.0,-1.5743656,17.140533,0.028571429
300694.SZ,14.768125,14.768125,0.00014661918,0.00018804062,0.3566664,0.13333334,1,40,114,0.43333334,0.0,-1.8502834,4.9668503,0.56666666
300695.SZ,17.857058,17.857058,0.0001609343,0.00018804062,0.39666635,0.2682927,1,1,211,0.78571427,0.0,-1.0592953,14.17798,0.21428572
300696.SZ,12.3087225,12.3087225,0.00012323938,0.00018804062,0.38333303,0.25555557,1,5,286,0.8333333,0.0,-1.3623722,1.8213861,0.16666667
300697.SZ,9.483758,9.483758,0.000109318724,0.00018804062,0.35791638,0.16989248,1,33,251,0.8064516,0.0,-2.2894902,8.89758,0.19354838
300698.SZ,17.734049,17.734049,0.00016546954,0.00018804062,0.38166636,0.14717741,1,1,211,0.78125,0.0,-0.82877505,-3.261139,0.21875
300699.SZ,11.105244,11.105244,0.00011352162,0.00018804062,0.39416635,0.3137255,1,55,1,1.0,0.0,-0.79838824,17.345644,0.0
300700.SZ,23.148605,23.148605,0.00018630236,0.00018804062,0.398333,0.24584718,1,49,1,1.0,0.0,-2.3692026,-20.96528,0.0
300701.SZ,18.192123,18.192123,0.000169567,0.00018804062,0.37541637,0.16806723,1,22,208,0.62857145,0.0,-1.3797885,5.787717,0.37142858
300702.SZ,12.264615,12.264615,0.00012233474,0.00018804062,0.37416637,0.15913978,1,69,305,0.6451613,0.0,-0.11630645,6.024667,0.3548387
300703.SZ,21.492313,21.492313,0.00019764232,0.00018804062,0.38333303,0.12762763,1,19,162,0.7837838,0.0,-0.8368,2.530456,0.21621622
300705.SZ,21.997524,21.997524,0.0001934048,0.00018804062,0.38999972,0.3128964,1,17,17,0.72727275,0.0,-0.6810591,14.026868,0.27272728
300706.SZ,13.249415,13.249415,0.0001147133,0.00018804062,0.3899997,0.3407258,1,13,40,0.84375,0.0,-1.3590562,-29.864206,0.15625
300707.SZ,11.690313,11.690313,0.00012383428,0.00018804062,0.35791638,0.14022988,1,74,159,0.7,0.0,-1.4798902,7.963509,0.3
300708.SZ,13.6818695,13.6818695,0.00013842453,0.00018804062,0.3649997,0.13903743,1,22,208,0.7647059,0.0,-2.450559,2.399032,0.23529412
300709.SZ,21.584663,21.584663,0.00020585522,0.00018804062,0.35833305,0.14224751,1,33,251,0.5,0.0,-1.2355815,4.595247,0.5
300710.SZ,15.570638,15.570638,0.00014071752,0.00018804062,0.40499967,0.26990554,1,59,157,0.94871795,0.0,-1.8524796,-19.530508,0.051282052
300711.SZ,14.562932,14.562932,0.0001357922,0.00018804062,0.3799997,0.37815127,1,19,162,0.8857143,0.0,-0.79352,14.567082,0.114285715
300712.SZ,9.34915,9.34915,0.00010562847,0.00018804062,0.38333303,0.30846775,1,5,286,0.875,0.0,-1.4916781,-1.3627384,0.125
300713.SZ,14.3717165,14.3717165,0.000121719444,0.00018804062,0.3924997,0.45042017,1,22,208,0.8857143,0.0,-1.3612458,-31.417582,0.114285715
300715.SZ,20.842297,20.842297,0.00019600928,0.00018804062,0.37208304,0.11596639,1,69,305,0.6857143,0.0,-0.7371171,2.7235887,0.31428573
300717.SZ,17.82011,17.82011,0.00018009098,0.00018804062,0.35916638,0.15714286,1,87,102,0.44444445,0.0,-1.7350945,2.822189,0.5555556
300718.SZ,18.187832,18.187832,0.00015986674,0.00018804062,0.39583302,0.16188714,1,69,305,0.65957445,0.0,-1.6041044,11.408877,0.34042552
300719.SZ,20.387701,20.387701,0.00017310424,0.00018804062,0.3874997,0.13574661,1,5,286,0.8269231,0.0,-1.2927884,1.6061751,0.17307693
300720.SZ,26.70612,26.70612,0.00020948093,0.00018804062,0.39166635,0.1959596,1,24,84,0.9111111,0.0,-1.6414756,4.8917656,0.08888889
300721.SZ,20.321913,20.321913,0.00017402427,0.00018804062,0.398333,0.21816169,1,87,102,0.55813956,0.0,-1.5506371,-13.414863,0.44186047
300722.SZ,15.012348,15.012348,0.00014015044,0.00018804062,0.39416635,0.27731094,1,27,217,0.6857143,0.0,-1.1482886,16.125795,0.31428573
300723.SZ,23.058199,23.058199,0.00018940234,0.00018804062,0.39416635,0.2310204,1,91,229,0.8,0.0,-1.3759362,-16.582485,0.2
300724.SZ,16.21821,16.21821,0.0001504112,0.00018804062,0.39083302,0.2789916,1,80,208,0.8857143,0.0,-1.3356199,17.607353,0.114285715
300725.SZ,17.617249,17.617249,0.00016763064,0.00018804062,0.3566664,0.28030303,1,93,192,0.27272728,0.0,-1.4381577,3.2896624,0.72727275
300726.SZ,17.176218,17.176218,0.00015961497,0.00018804062,0.38166636,0.17478992,1,6,36,0.8,0.0,-0.74329716,10.026997,0.2
300727.SZ,12.309339,12.309339,0.00012755884,0.00018804062,0.40916637,0.13103448,1,94,65,0.8333333,0.0,-1.6170866,2.9628532,0.16666667
300729.SZ,18.492931,18.492931,0.00017526236,0.00018804062,0.34833306,0.15508021,1,22,208,0.3529412,0.0,-1.5982294,3.2165203,0.64705884
300730.SZ,28.366428,28.366428,0.00020639908,0.00018804062,0.398333,0.39037433,1,15,191,0.61764705,0.0,-2.126597,-29.701653,0.38235295
300731.SZ,17.035383,17.035383,0.00015632166,0.00018804062,0.3799997,0.14935988,1,90,27,0.7894737,0.0,-1.0727211,1.5913979,0.21052632
300732.SZ,12.433712,12.433712,0.00013405933,0.00018804062,0.39083302,0.18709677,1,80,208,0.9032258,0.0,-1.053413,-0.24232908,0.09677419
300733.SZ,10.259166,10.259166,0.00011349564,0.00018804062,0.36333305,0.10967742,1,1,211,0.83870965,0.0,-2.033061,6.551633,0.16129032
300735.SZ,10.798204,10.798204,0.00011879424,0.00018804062,0.36541638,0.1462185,1,21,149,0.94285715,0.0,-2.6889312,4.146626,0.057142857
300736.SZ,69.44599,69.44599,0.00047549637,0.00018804062,0.4366663,0.16538462,1,15,191,0.8952381,0.0,-1.768939,-11.296693,0.104761906
300737.SZ,9.8119,9.8119,0.00010514997,0.00018804062,0.38666636,0.315508,1,5,286,0.7647059,0.0,-1.1451294,-24.470793,0.23529412
300738.SZ,15.479464,15.479464,0.00014464809,0.00018804062,0.3924997,0.12912913,1,93,192,0.7567568,0.0,-0.3399514,3.5917053,0.24324325
300739.SZ,14.604953,14.604953,0.00014645158,0.00018804062,0.36833304,0.12477718,1,74,159,0.7352941,0.0,-1.3760912,4.4591794,0.2647059
300740.SZ,12.870129,12.870129,0.0001323013,0.00018804062,0.37333304,0.20454545,1,59,157,0.6363636,0.0,-0.25366968,8.788313,0.36363637
300741.SZ,17.443466,17.443466,0.00017150471,0.00018804062,0.3504164,0.17923187,1,12,252,0.36842105,0.0,-1.1887211,3.768492,0.6315789
300743.SZ,14.533721,14.533721,0.00014174372,0.00018804062,0.39333302,0.1277311,1,59,157,0.74285716,0.0,-1.1639715,0.5016205,0.25714287
300745.SZ,10.056454,10.056454,0.00010149894,0.00018804062,0.38916636,0.37142858,1,21,149,1.0,0.0,-1.3752999,-25.153107,0.0
300746.SZ,12.380064,12.380064,0.00012870165,0.00018804062,0.36124972,0.1733871,1,77,117,0.78125,0.0,-0.2542344,2.8976498,0.21875
300747.SZ,13.749737,13.749737,0.00014399989,0.00018804062,0.39666635,0.13103448,1,91,229,0.7,0.0,-1.7360867,1.9731997,0.3
300748.SZ,11.142527,11.142527,0.00012089789,0.00018804062,0.37333304,0.17540322,1,43,94,0.8125,0.0,-2.2959595,9.435477,0.1875
300749.SZ,17.56033,17.56033,0.00017213145,0.00018804062,0.3774997,0.16869096,1,91,229,0.5897436,0.0,-0.56036407,-2.700675,0.41025642
300750.SZ,17.515385,17.515385,0.00016818655,0.00018804062,0.35333306,0.2867868,1,15,191,0.43243244,0.0,-1.6167758,4.285438,0.5675676
300751.SZ,13.601203,13.601203,0.00013876341,0.00018804062,0.37416637,0.11264368,1,20,96,0.8,0.0,-1.86974,6.796598,0.2
300752.SZ,14.056859,14.056859,0.00014196766,0.00018804062,0.35916638,0.12310606,1,15,191,0.75757575,0.0,-1.8074638,2.5063124,0.24242425
300753.SZ,19.659481,19.659481,0.00017835366,0.00018804062,0.37333304,0.25959596,1,77,117,0.4888889,0.0,-1.9773,-6.808774,0.51111114
300755.SZ,16.730536,16.730536,0.00015163721,0.00018804062,0.39333302,0.2369338,1,5,286,0.8095238,0.0,-1.1775167,-20.527853,0.1904762
300756.SZ,9.663076,9.663076,0.000106134416,0.00018804062,0.3687497,0.09677419,1,20,96,0.90625,0.0,-2.6938968,3.5944476,0.09375
300757.SZ,30.33142,30.33142,0.00021713373,0.00018804062,0.3924997,0.26868686,1,22,208,0.6,0.0,-1.62904,-20.647545,0.4
300758.SZ,19.490952,19.490952,0.00018167563,0.00018804062,0.36166638,0.17069702,1,12,252,0.28947368,0.0,-0.7958553,3.1736553,0.7105263
300759.SZ,18.916111,18.916111,0.00017856745,0.00018804062,0.37916636,0.14438502,1,69,305,0.29411766,0.0,-0.97724116,7.1408167,0.7058824
300760.SZ,24.411308,24.411308,0.00020514899,0.00018804062,0.39333302,0.26456985,1,22,208,0.87234044,0.0,-0.9818,14.150042,0.12765957
300761.SZ,8.730269,8.730269,0.000102886755,0.00018804062,0.36583304,0.25977013,1,5,286,0.93333334,0.0,-1.5247867,0.5746159,0.06666667
300762.SZ,16.24227,16.24227,0.00013613238,0.00018804062,0.39416635,0.30476192,1,43,94,0.8611111,0.0,-1.1658083,-23.979252,0.1388889
300763.SZ,15.113684,15.113684,0.0001468709,0.00018804062,0.3649997,0.18064517,1,22,208,0.48387095,0.0,-1.309558,6.8526144,0.516129
300765.SZ,25.01947,25.01947,0.0001858677,0.00018804062,0.405833,0.33109245,1,59,157,0.6571429,0.0,-1.1790428,-29.415733,0.34285715
300766.SZ,16.496258,16.496258,0.00013627778,0.00018804062,0.40166634,0.32954547,1,69,305,0.6363636,0.0,-1.3862727,-17.487345,0.36363637
300767.SZ,20.3186,20.3186,0.00019319021,0.00018804062,0.3441664,0.23423423,1,7,111,0.43243244,0.0,-1.6572056,3.8499703,0.5675676
300768.SZ,15.318438,15.318438,0.00014810041,0.00018804062,0.37833303,0.2580645,1,40,114,0.4516129,0.0,-0.8626549,8.145706,0.5483871
300769.SZ,17.834892,17.834892,0.00015050868,0.00018804062,0.39416635,0.31721196,1,33,251,0.7894737,0.0,-1.0672133,-26.595383,0.21052632
300770.SZ,17.052671,17.052671,0.00014950546,0.00018804062,0.3874997,0.38502672,1,33,251,0.85294116,0.0,-0.78876466,16.441662,0.14705883
300771.SZ,10.111203,10.111203,0.000109728026,0.00018804062,0.3816664,0.11596639,1,59,157,0.85714287,0.0,-1.3457056,4.1460657,0.14285715
300772.SZ,17.85558,17.85558,0.0001672301,0.00018804062,0.35249972,0.13368984,1,12,252,0.23529412,0.0,-0.50836766,0.8435646,0.7647059
300773.SZ,16.690327,16.690327,0.00015926386,0.00018804062,0.38416636,0.107563026,1,23,94,0.71428573,0.0,-1.0914942,6.273432,0.2857143
300774.SZ,21.602474,21.602474,0.00020062235,0.00018804062,0.3624997,0.1126597,1,23,94,0.6666667,0.0,-1.1234405,4.3139997,0.33333334
300775.SZ,8.230964,8.230964,9.321754e-05,0.00018804062,0.38333303,0.21568628,1,43,94,0.8235294,0.0,-0.7232089,7.146197,0.1764706
300776.SZ,13.396771,13.396771,0.00012816733,0.00018804062,0.38333303,0.30846775,1,1,211,0.75,0.0,-2.9349499,16.966278,0.25
300777.SZ,18.336653,18.336653,0.00017363716,0.00018804062,0.3566664,0.21176471,1,40,114,0.22857143,0.0,-1.1967458,2.7856402,0.7714286
300778.SZ,14.038063,14.038063,0.00013367721,0.00018804062,0.38833302,0.23333333,1,5,286,0.8055556,0.0,-1.4671028,-11.959507,0.19444445
300779.SZ,16.699688,16.699688,0.00015740897,0.00018804062,0.3674997,0.3244207,1,102,50,0.2647059,0.0,-0.33541468,2.1399772,0.7352941
300780.SZ,15.996718,15.996718,0.00015225665,0.00018804062,0.40749967,0.15458937,1,27,217,0.6956522,0.0,-1.3306805,-9.0983095,0.3043478
300781.SZ,16.736208,16.736208,0.00016142624,0.00018804062,0.35583305,0.15322581,1,12,252,0.28125,0.0,-0.77485627,0.3917687,0.71875
300782.SZ,13.154231,13.154231,0.00012642062,0.00018804062,0.3924997,0.22150537,1,20,96,0.516129,0.0,-1.0295775,-14.586256,0.48387095
300783.SZ,15.714412,15.714412,0.00015855812,0.00018804062,0.3566664,0.1942959,1,27,217,0.38235295,0.0,-0.59163827,4.8967566,0.61764705
300784.SZ,15.097758,15.097758,0.0001501655,0.00018804062,0.37333304,0.16399287,1,51,81,0.5882353,0.0,-2.2927823,5.1327415,0.4117647
300785.SZ,13.833384,13.833384,0.00013773772,0.00018804062,0.40666634,0.10695187,1,22,208,0.88235295,0.0,-0.8460971,-0.1435119,0.11764706
300786.SZ,14.88733,14.88733,0.00014649863,0.00018804062,0.398333,0.23361345,1,24,84,0.9142857,0.0,-0.8280543,-3.9787803,0.08571429
300787.SZ,11.676567,11.676567,0.00012411324,0.00018804062,0.38499972,0.14717741,1,59,157,0.625,0.0,-1.3420093,0.7360606,0.375
300788.SZ,11.415303,11.415303,0.000121879486,0.00018804062,0.3624997,0.28275862,1,89,72,0.9,0.0,-0.47467333,5.5720882,0.1
300789.SZ,13.056398,13.056398,0.0001347289,0.00018804062,0.3824997,0.09677419,1,21,149,0.67741936,0.0,-1.9422517,3.332833,0.32258064
300790.SZ,10.846458,10.846458,0.00011601369,0.00018804062,0.36541638,0.14482759,1,5,286,0.8333333,0.0,-1.4251767,4.400773,0.16666667
300791.SZ,13.795029,13.795029,0.00014159687,0.00018804062,0.38416636,0.19153225,1,2,80,0.5,0.0,-0.5604969,7.6248226,0.5
300792.SZ,15.912456,15.912456,0.00015701298,0.00018804062,0.36833304,0.09982175,1,5,286,0.47058824,0.0,0.00037055157,0.21229514,0.5294118
300793.SZ,16.378164,16.378164,0.00016267448,0.00018804062,0.3724997,0.08912656,1,27,217,0.7058824,0.0,-2.2955678,1.4005053,0.29411766
300795.SZ,22.389688,22.389688,0.00018707,0.00018804062,0.39666635,0.28012684,1,93,192,0.5681818,0.0,-1.088134,13.682602,0.4318182
300796.SZ,102.22568,102.22568,0.000717882,0.00018804062,0.43666634,0.14811985,1,15,191,0.9415584,0.0,-1.027498,1.0936824,0.058441557
300797.SZ,17.965267,17.965267,0.00017732079,0.00018804062,0.3699997,0.114285715,1,27,217,0.6111111,0.0,-0.86832225,3.3930616,0.3888889
300798.SZ,15.370888,15.370888,0.00014874381,0.00018804062,0.38083303,0.17417417,1,21,149,0.7837838,0.0,-1.9543378,-3.1253984,0.21621622
300800.SZ,14.786003,14.786003,0.00014711022,0.00018804062,0.36541638,0.14015152,1,91,229,0.57575756,0.0,-1.6043363,-4.0179696,0.42424244
300801.SZ,15.212582,15.212582,0.00014949584,0.00018804062,0.37916636,0.14920636,1,22,208,0.5833333,0.0,-0.27935278,2.3735943,0.41666666
300802.SZ,12.136339,12.136339,0.00012979076,0.00018804062,0.39333302,0.10804598,1,2,80,0.73333335,0.0,-2.574607,3.3042395,0.26666668
300803.SZ,21.497078,21.497078,0.00017589297,0.00018804062,0.39583302,0.18048781,1,93,192,0.9268293,0.0,-1.3500415,0.47370046,0.07317073
300804.SZ,14.225522,14.225522,0.00014230194,0.00018804062,0.37541637,0.10810811,1,12,252,0.5945946,0.0,0.073567584,0.6448412,0.4054054
300805.SZ,17.628038,17.628038,0.00017028462,0.00018804062,0.36333305,0.10873441,1,14,83,0.64705884,0.0,0.17652653,2.9397235,0.3529412
300806.SZ,20.959826,20.959826,0.00016467385,0.00018804062,0.3824997,0.30952382,1,69,305,0.7777778,0.0,-0.3130972,2.9476,0.22222222
300808.SZ,18.75352,18.75352,0.00016375237,0.00018804062,0.39666635,0.20478724,1,15,191,0.6666667,0.0,-2.1868207,-13.06633,0.33333334
300809.SZ,17.319777,17.319777,0.00016729276,0.00018804062,0.37666637,0.11596639,1,96,56,0.85714287,0.0,-0.9250458,2.583141,0.14285715
300810.SZ,15.930063,15.930063,0.0001389046,0.00018804062,0.398333,0.35135135,1,24,84,0.8947368,0.0,-1.235321,-25.711891,0.10526316
300811.SZ,18.777819,18.777819,0.000180741,0.00018804062,0.35999972,0.2739496,1,51,81,0.2857143,0.0,-1.6438885,3.5881312,0.71428573
300812.SZ,13.700779,13.700779,0.00013557042,0.00018804062,0.39499968,0.17137097,1,12,252,0.5625,0.0,-2.4446437,2.6204584,0.4375
300813.SZ,17.79046,17.79046,0.0001762104,0.00018804062,0.35874972,0.17943548,1,27,217,0.34375,0.0,-1.5871906,1.445775,0.65625
300814.SZ,24.279829,24.279829,0.00019553793,0.00018804062,0.38583302,0.20816326,1,22,208,0.6,0.0,-0.85541207,1.357562,0.4
300815.SZ,19.028324,19.028324,0.00017394483,0.00018804062,0.3849997,0.18181819,1,14,83,0.93939394,0.0,-1.1909333,-0.45654783,0.060606062
300816.SZ,16.692736,16.692736,0.00016080568,0.00018804062,0.36416638,0.16091955,1,24,84,0.23333333,0.0,-1.7731202,6.4693646,0.76666665
300817.SZ,14.923852,14.923852,0.0001539205,0.00018804062,0.37416637,0.12012012,1,95,151,0.8378378,0.0,-1.634338,4.1376595,0.16216215
300818.SZ,13.929307,13.929307,0.00014128431,0.00018804062,0.39416635,0.13118279,1,1,211,0.87096775,0.0,-1.1934613,4.143016,0.12903225
300819.SZ,13.568552,13.568552,0.00013428152,0.00018804062,0.38916636,0.17211948,1,58,1,1.0,0.0,-2.0926816,9.7268305,0.0
300820.SZ,17.307743,17.307743,0.00016682789,0.00018804062,0.36166638,0.11363637,1,21,149,0.57575756,0.0,-0.85926354,4.348088,0.42424244
300821.SZ,13.392065,13.392065,0.00013934555,0.00018804062,0.36666638,0.12473118,1,7,111,0.67741936,0.0,-0.6468741,4.0624804,0.32258064
300822.SZ,16.796175,16.796175,0.00015689163,0.00018804062,0.36166638,0.14717741,1,22,208,0.25,0.0,-1.1905094,1.3421812,0.75
300823.SZ,7.4442606,7.4442606,8.736347e-05,0.00018804062,0.36541638,0.11491936,1,2,80,0.9375,0.0,-2.313106,5.960313,0.0625
300824.SZ,11.927919,11.927919,0.00012607785,0.00018804062,0.3924997,0.21370968,1,5,286,0.5625,0.0,-0.8407093,10.627392,0.4375
300825.SZ,18.931492,18.931492,0.00016161105,0.00018804062,0.39416635,0.3124274,1,32,38,0.5714286,0.0,-1.1862714,-17.67549,0.42857143
300826.SZ,12.84946,12.84946,0.00013172718,0.00018804062,0.35583305,0.24431819,1,102,50,0.5151515,0.0,-0.9307364,2.6445847,0.4848485
300827.SZ,13.988545,13.988545,0.00013408647,0.00018804062,0.39083302,0.2867868,1,69,305,0.8378378,0.0,-1.0240839,11.76715,0.16216215
300828.SZ,18.164896,18.164896,0.00017369192,0.00018804062,0.37416637,0.12310606,1,21,149,0.6969697,0.0,-0.7249424,4.4932365,0.3030303
300829.SZ,15.397792,15.397792,0.00015499635,0.00018804062,0.35791638,0.22539683,1,80,208,0.8055556,0.0,-0.65851665,5.623774,0.19444445
300830.SZ,14.942513,14.942513,0.00013204545,0.00018804062,0.41416636,0.21904762,1,91,229,0.7222222,0.0,-1.84865,-10.899836,0.2777778
300831.SZ,20.50036,20.50036,0.00017060859,0.00018804062,0.38083303,0.23477298,1,24,84,0.7906977,0.0,-1.9486212,2.3867836,0.20930232
300832.SZ,19.812696,19.812696,0.00017190872,0.00018804062,0.38666636,0.35704124,1,80,208,0.81578946,0.0,-0.93871045,15.349794,0.18421052
300833.SZ,12.619778,12.619778,0.00013089672,0.00018804062,0.36833304,0.3268817,1,87,102,0.8064516,0.0,-1.7390839,12.671082,0.19354838
300834.SZ,13.687583,13.687583,0.00014502688,0.00018804062,0.3637497,0.17943548,1,51,81,0.8125,0.0,-1.8987188,2.990425,0.1875
300835.SZ,13.673843,13.673843,0.00013284544,0.00018804062,0.3824997,0.24561404,1,22,208,0.71794873,0.0,-1.7951846,14.812493,0.2820513
300836.SZ,16.85505,16.85505,0.00016041895,0.00018804062,0.3849997,0.10606061,1,93,192,0.6969697,0.0,-1.5218728,9.680057,0.3030303
300837.SZ,10.798588,10.798588,0.00011931536,0.00018804062,0.36666638,0.17137097,1,21,149,0.875,0.0,-1.5953782,4.0942593,0.125
300838.SZ,15.148345,15.148345,0.00013834925,0.00018804062,0.36833304,0.26742533,1,5,286,0.92105263,0.0,-1.4551737,2.6468763,0.078947365
300839.SZ,17.655657,17.655657,0.00017221698,0.00018804062,0.35916638,0.12655972,1,33,251,0.38235295,0.0,-0.7536235,3.1890764,0.61764705
300840.SZ,15.900114,15.900114,0.00015817158,0.00018804062,0.36083305,0.11942959,1,74,159,0.85294116,0.0,-0.30755293,4.9103456,0.14705883
300841.SZ,23.493305,23.493305,0.00021506027,0.00018804062,0.3799997,0.19726776,1,34,43,0.78688526,0.0,-1.524441,3.0418134,0.21311475
300842.SZ,18.395147,18.395147,0.00015110089,0.00018804062,0.39999968,0.30904183,1,59,157,0.84615386,0.0,-1.0824102,-27.21603,0.15384616
300843.SZ,21.106882,21.106882,0.0001969474,0.00018804062,0.36583304,0.14761905,1,15,191,0.33333334,0.0,-1.3238918,6.5604267,0.6666667
300844.SZ,16.304214,16.304214,0.00014482444,0.00018804062,0.40416634,0.20365854,1,59,157,0.8780488,0.0,-1.5686439,-14.422503,0.12195122
300845.SZ,15.380452,15.380452,0.00015165898,0.00018804062,0.36166638,0.1534091,1,34,43,0.75757575,0.0,-1.722594,0.67302907,0.24242425
300846.SZ,27.625803,27.625803,0.00019936851,0.00018804062,0.39499968,0.2859175,1,5,286,0.6315789,0.0,-1.3860209,-25.045853,0.36842105
300847.SZ,13.128698,13.128698,0.00013256118,0.00018804062,0.37916636,0.06236559,1,69,305,0.6451613,0.0,-1.5724548,4.9286532,0.3548387
300848.SZ,16.06879,16.06879,0.0001629798,0.00018804062,0.36208305,0.12643678,1,93,192,0.73333335,0.0,-0.21745001,3.3331268,0.26666668
300849.SZ,9.435318,9.435318,0.000102748134,0.00018804062,0.39083302,0.20860215,1,13,40,0.83870965,0.0,-1.2956194,-11.461793,0.16129032
300850.SZ,21.151684,21.151684,0.00018253819,0.00018804062,0.3874997,0.38502672,1,11,17,0.5294118,0.0,-1.1227,10.081728,0.47058824
300851.SZ,12.027829,12.027829,0.00012511047,0.00018804062,0.3541664,0.19507575,1,23,94,0.90909094,0.0,-1.4120181,2.317609,0.09090909
300852.SZ,7.486742,7.486742,8.983942e-05,0.00018804062,0.36041638,0.23674242,1,80,208,1.0,0.0,-2.9828877,5.5746245,0.0
300853.SZ,29.6335,29.6335,0.00022380162,0.00018804062,0.398333,0.24444444,1,74,159,0.9130435,0.0,-1.4154782,-19.464397,0.08695652
300854.SZ,11.51988,11.51988,0.00011738528,0.00018804062,0.39833304,0.26726726,1,19,162,0.7567568,0.0,-0.63496757,-15.93384,0.24324325
300855.SZ,15.08072,15.08072,0.00015211852,0.00018804062,0.36166638,0.20504202,1,102,50,0.6571429,0.0,-1.7752486,3.9628518,0.34285715
300856.SZ,15.50928,15.50928,0.00015449508,0.00018804062,0.36124972,0.16989248,1,43,94,0.48387095,0.0,-0.7744614,2.125116,0.516129
300857.SZ,53.520233,53.520233,0.00040525722,0.00018804062,0.420833,0.20664556,1,1,211,0.8625,0.0,-1.9859161,12.869837,0.1375
300858.SZ,45.015766,45.015766,0.00037405288,0.00018804062,0.41916633,0.13084112,1,93,192,0.94392526,0.0,-0.20214574,4.846375,0.056074765
300859.SZ,9.537253,9.537253,9.7705524e-05,0.00018804062,0.38666636,0.51827955,1,6,36,1.0,0.0,-0.7547968,17.819437,0.0
300860.SZ,13.935343,13.935343,0.00014271017,0.00018804062,0.35833305,0.08669355,1,69,305,0.59375,0.0,-0.97,5.200984,0.40625
300861.SZ,19.09383,19.09383,0.00015966706,0.00018804062,0.3899997,0.22183508,1,14,83,0.95238096,0.0,-1.2440238,0.8973123,0.04761905
300862.SZ,18.912024,18.912024,0.00016517527,0.00018804062,0.400833,0.18963923,1,33,251,0.4893617,0.0,-1.9707236,-11.620743,0.5106383
300863.SZ,8.658654,8.658654,9.940977e-05,0.00018804062,0.3637497,0.22379032,1,40,114,0.90625,0.0,-1.7953156,6.6117554,0.09375
300864.SZ,17.994583,17.994583,0.00017329676,0.00018804062,0.3749997,0.2739496,1,7,111,0.37142858,0.0,-1.7789457,7.0347924,0.62857145
300865.SZ,18.562963,18.562963,0.00017345959,0.00018804062,0.38708302,0.091038406,1,33,251,0.5263158,0.0,-0.829208,2.5914397,0.47368422
300866.SZ,18.742159,18.742159,0.00016379103,0.00018804062,0.40166637,0.35735735,1,59,157,0.8378378,0.0,-1.0851892,17.440338,0.16216215
300867.SZ,19.59469,19.59469,0.00018554307,0.00018804062,0.39416635,0.13229018,1,52,65,0.7105263,0.0,-0.5383526,2.6358178,0.28947368
300868.SZ,16.123896,16.123896,0.00015664277,0.00018804062,0.39999968,0.17004049,1,53,16,0.6923077,0.0,-1.8319873,-6.769679,0.30769232
300869.SZ,10.114547,10.114547,0.00011038857,0.00018804062,0.37083304,0.20643939,1,91,229,0.8787879,0.0,-1.9769334,-3.8950412,0.121212125
300870.SZ,19.142988,19.142988,0.00016698339,0.00018804062,0.3899997,0.18666667,1,7,111,0.7254902,0.0,-1.2569921,9.189059,0.27450982
300871.SZ,9.859634,9.859634,0.000101771824,0.00018804062,0.39416635,0.42137095,1,89,72,0.96875,0.0,-0.85144377,18.699802,0.03125
300872.SZ,11.349291,11.349291,0.00012070677,0.00018804062,0.36791638,0.07459678,1,57,68,0.875,0.0,-1.0526407,-1.3373935,0.125
300873.SZ,9.574263,9.574263,0.00010512219,0.00018804062,0.3799997,0.16098484,1,95,151,0.93939394,0.0,-1.0385848,0.03912479,0.060606062
300875.SZ,13.5884,13.5884,0.00013276127,0.00018804062,0.38833302,0.23361345,1,32,38,0.85714287,0.0,-1.4841714,-8.389068,0.14285715
300876.SZ,11.087944,11.087944,0.00011089175,0.00018804062,0.39083302,0.28307256,1,95,151,0.92105263,0.0,-0.9345421,-18.331072,0.078947365
300877.SZ,9.408463,9.408463,0.00011017493,0.00018804062,0.36166638,0.29892474,1,76,26,0.9677419,0.0,-1.093145,4.826448,0.032258064
300878.SZ,25.55782,25.55782,0.00019653776,0.00018804062,0.38666636,0.3815126,1,33,251,0.62857145,0.0,-2.3929741,-23.284718,0.37142858
300879.SZ,14.64277,14.64277,0.0001484141,0.00018804062,0.36583304,0.17011495,1,21,149,0.6333333,0.0,-1.6654401,3.6267538,0.36666667
300880.SZ,18.955044,18.955044,0.00018102513,0.00018804062,0.35708305,0.21022727,1,94,65,0.90909094,0.0,-1.5481424,1.2732096,0.09090909
300881.SZ,17.867373,17.867373,0.00017687117,0.00018804062,0.3674997,0.32222223,1,30,30,0.41666666,0.0,-0.97757506,5.5115123,0.5833333
300882.SZ,15.889899,15.889899,0.00015196305,0.00018804062,0.39333302,0.3219512,1,100,10,0.7804878,0.0,-1.4066194,15.728065,0.2195122
300883.SZ,12.300295,12.300295,0.00013334272,0.00018804062,0.3637497,0.2777778,1,27,217,0.6666667,0.0,-1.6661582,3.8343418,0.33333334
300884.SZ,17.592386,17.592386,0.00016839975,0.00018804062,0.34458306,0.32263815,1,15,191,0.32352942,0.0,-1.0377736,3.2231705,0.6764706
300885.SZ,11.539658,11.539658,0.00012700689,0.00018804062,0.37416637,0.14583333,1,59,157,0.8787879,0.0,-1.8055423,1.2845279,0.121212125
300886.SZ,18.253647,18.253647,0.0001724159,0.00018804062,0.35583302,0.16934046,1,12,252,0.23529412,0.0,-0.7880736,-0.60249054,0.7647059
300887.SZ,21.121675,21.121675,0.00017903962,0.00018804062,0.40499967,0.1967347,1,22,208,0.86,0.0,-1.598656,-12.872226,0.14
300888.SZ,18.643532,18.643532,0.00017640168,0.00018804062,0.35874972,0.16806723,1,33,251,0.25714287,0.0,-0.6216258,2.5247333,0.74285716
300889.SZ,17.029161,17.029161,0.00015856551,0.00018804062,0.3899997,0.16923077,1,51,81,0.8,0.0,-1.8510876,-12.971507,0.2
300890.SZ,34.816685,34.816685,0.00029763585,0.00018804062,0.40666634,0.18512659,1,59,157,0.85,0.0,0.5739638,2.1962197,0.15
300891.SZ,16.744478,16.744478,0.00015841394,0.00018804062,0.3874997,0.14126985,1,1,211,0.8055556,0.0,-1.0178694,-10.150534,0.19444445
300892.SZ,17.348454,17.348454,0.00015077091,0.00018804062,0.37749973,0.26180837,1,27,217,0.7692308,0.0,-1.064377,2.6170306,0.23076923
300893.SZ,16.02615,16.02615,0.00014720208,0.00018804062,0.39916635,0.2837838,1,21,149,0.6486486,0.0,-0.9474972,16.046906,0.35135135
300894.SZ,33.36431,33.36431,0.00025136152,0.00018804062,0.39749968,0.2239819,1,69,305,0.46153846,0.0,-1.86935,-15.5294895,0.53846157
300895.SZ,74.46576,74.46576,0.00056739425,0.00018804062,0.45916632,0.108858295,1,102,50,0.9207317,0.0,-0.5541646,-6.071615,0.07926829
300896.SZ,35.66509,35.66509,0.00031354855,0.00018804062,0.41666633,0.15111974,1,21,149,0.8598131,0.0,-1.7679412,5.5023174,0.14018692
300897.SZ,19.201033,19.201033,0.00018094666,0.00018804062,0.35708305,0.21052632,1,51,81,0.34210527,0.0,-1.4996736,2.733132,0.65789473
300898.SZ,10.736488,10.736488,0.00011032429,0.00018804062,0.39083302,0.27563027,1,87,102,0.9714286,0.0,-1.7424084,15.765958,0.028571429
300900.SZ,17.423967,17.423967,0.000144714,0.00018804062,0.398333,0.25825825,1,12,252,0.7837838,0.0,-0.72267556,-22.282581,0.21621622
300901.SZ,11.070554,11.070554,0.00011563522,0.00018804062,0.400833,0.13015874,1,23,94,0.9722222,0.0,-1.2900918,-2.0878634,0.027777778
300902.SZ,13.9988575,13.9988575,0.00014516369,0.00018804062,0.36416638,0.15913978,1,2,80,0.7419355,0.0,-1.539897,3.6136978,0.2580645
300903.SZ,20.22932,20.22932,0.00016230797,0.00018804062,0.40249968,0.22705314,1,5,286,0.6086956,0.0,-1.1525261,-19.66521,0.39130434
300904.SZ,18.248793,18.248793,0.00015974832,0.00018804062,0.39999968,0.23890063,1,43,94,0.8863636,0.0,-1.4152818,-22.25959,0.11363637
300905.SZ,8.888046,8.888046,9.473415e-05,0.00018804062,0.38083303,0.3957219,1,20,96,0.85294116,0.0,-1.2205882,9.987869,0.14705883
300906.SZ,15.639466,15.639466,0.00014906171,0.00018804062,0.39166635,0.1974359,1,22,208,0.675,0.0,-1.9832424,5.8062506,0.325
300907.SZ,12.247383,12.247383,0.00012784162,0.00018804062,0.3724997,0.35828876,1,52,65,0.7941176,0.0,-1.5983471,6.0218897,0.20588236
300908.SZ,11.987064,11.987064,0.00012463675,0.00018804062,0.39333302,0.17849462,1,33,251,0.58064514,0.0,0.3377096,6.121143,0.41935483
300909.SZ,14.379164,14.379164,0.00014794439,0.00018804062,0.34833306,0.18494624,1,22,208,0.67741936,0.0,-1.1808903,1.397558,0.32258064
300910.SZ,13.618274,13.618274,0.00014053704,0.00018804062,0.37041637,0.101604275,1,33,251,0.61764705,0.0,-1.1241325,4.8552237,0.38235295
300911.SZ,19.429655,19.429655,0.00015950786,0.00018804062,0.38916636,0.32539684,1,1,211,0.8888889,0.0,-1.5891056,-25.686867,0.11111111
300912.SZ,13.668572,13.668572,0.00012179801,0.00018804062,0.39749968,0.36344087,1,22,208,0.7741935,0.0,-1.7639968,-30.747627,0.22580644
300913.SZ,12.433042,12.433042,0.00012483561,0.00018804062,0.39499968,0.23351158,1,87,102,0.7352941,0.0,-2.1316206,16.698965,0.2647059
300915.SZ,17.72908,17.72908,0.00015898184,0.00018804062,0.3724997,0.22832981,1,52,65,1.0,0.0,-0.99129546,2.3768249,0.0
300916.SZ,15.403989,15.403989,0.00015324405,0.00018804062,0.39416635,0.15789473,1,52,65,0.6923077,0.0,-2.1467304,3.464408,0.30769232
300917.SZ,11.530263,11.530263,0.00012046716,0.00018804062,0.38416636,0.2842742,1,33,251,0.6875,0.0,-0.92864066,14.695483,0.3125
300918.SZ,11.429541,11.429541,0.00012786948,0.00018804062,0.35916638,0.25604838,1,13,40,0.78125,0.0,-1.2613811,5.154681,0.21875
300919.SZ,14.671699,14.671699,0.00014349876,0.00018804062,0.37833303,0.20643939,1,40,114,0.42424244,0.0,-1.0549788,0.47668225,0.57575756
300920.SZ,10.660766,10.660766,0.00011632115,0.00018804062,0.37458307,0.25591397,1,59,157,0.7096774,0.0,-1.847184,3.0910196,0.29032257
300921.SZ,16.012068,16.012068,0.00015801171,0.00018804062,0.36458305,0.16042781,1,24,84,0.5,0.0,-0.7597558,3.9779184,0.5
300922.SZ,14.549196,14.549196,0.00014806518,0.00018804062,0.35749972,0.105747126,1,5,286,0.8666667,0.0,-0.35722,3.5810518,0.13333334
300923.SZ,9.99889,9.99889,0.0001100499,0.00018804062,0.3529164,0.22528736,1,13,40,0.8,0.0,-0.90153664,4.4559197,0.2
300925.SZ,14.871113,14.871113,0.00014395425,0.00018804062,0.36083305,0.055913977,1,61,124,0.6451613,0.0,-1.4473193,1.6964678,0.3548387
300926.SZ,20.364307,20.364307,0.00018373103,0.00018804062,0.39333302,0.22534014,1,34,43,0.67346936,0.0,-0.5486796,14.905177,0.3265306
300927.SZ,10.650886,10.650886,0.00010793717,0.00018804062,0.38916636,0.30084035,1,5,286,0.9142857,0.0,0.5022743,-2.8924415,0.08571429
300928.SZ,13.422364,13.422364,0.00012382938,0.00018804062,0.38583302,0.22698413,1,93,192,0.8888889,0.0,-1.5146723,-18.037653,0.11111111
300929.SZ,12.338652,12.338652,0.00013103211,0.00018804062,0.36833304,0.16507937,1,87,102,0.6388889,0.0,-0.8660944,-0.7352391,0.3611111
300930.SZ,11.740965,11.740965,0.0001276832,0.00018804062,0.35791638,0.26021504,1,74,159,0.8064516,0.0,-2.0287483,3.4261932,0.19354838
300931.SZ,16.45591,16.45591,0.00015725369,0.00018804062,0.3874997,0.1697479,1,6,36,0.54285717,0.0,-1.6599143,-3.5133326,0.45714286
300932.SZ,14.145639,14.145639,0.00014706403,0.00018804062,0.35749972,0.25757575,1,80,208,0.8787879,0.0,-0.91971505,3.6930304,0.121212125
300933.SZ,11.011619,11.011619,0.000117038384,0.00018804062,0.37416637,0.2159091,1,30,30,0.7878788,0.0,-1.0426848,2.7541597,0.21212122
300935.SZ,71.47773,71.47773,0.00054764637,0.00018804062,0.43833297,0.13372894,1,27,217,0.9281046,0.0,-1.6407295,-4.3801136,0.07189543
300936.SZ,149.72772,149.72772,0.001001905,0.00018804062,0.4641663,0.14920636,1,57,68,0.9368421,0.0,-1.68773,1.1581316,0.06315789
300937.SZ,16.103798,16.103798,0.00015691444,0.00018804062,0.39333302,0.21337126,1,24,84,0.92105263,0.0,-1.5370948,-6.971082,0.078947365
300938.SZ,16.428679,16.428679,0.00015243804,0.00018804062,0.39083302,0.23414634,1,21,149,0.75609756,0.0,-1.9655927,6.1620455,0.24390244
300939.SZ,9.86161,9.86161,0.00010789522,0.00018804062,0.3554164,0.18346775,1,19,162,0.8125,0.0,-1.837347,0.8064048,0.1875
300940.SZ,8.906814,8.906814,9.916231e-05,0.00018804062,0.38916636,0.19758065,1,2,80,0.96875,0.0,-2.125675,7.209429,0.03125
300941.SZ,11.475994,11.475994,0.00012255106,0.00018804062,0.37708303,0.101604275,1,74,159,1.0,0.0,-0.9894471,1.7718706,0.0
300942.SZ,12.532352,12.532352,0.00013140851,0.00018804062,0.36416638,0.105747126,1,93,192,0.76666665,0.0,-0.8361833,3.7155602,0.23333333
300943.SZ,13.353753,13.353753,0.00013983795,0.00018804062,0.36833304,0.14583333,1,94,65,0.90909094,0.0,-1.6982878,5.1060987,0.09090909
300945.SZ,12.047435,12.047435,0.00012625301,0.00018804062,0.38166636,0.21839081,1,95,151,0.8,0.0,-1.4278233,5.9435735,0.2
300946.SZ,11.682069,11.682069,0.00012584697,0.00018804062,0.36541638,0.09280303,1,5,286,0.8484849,0.0,-1.5174848,4.617519,0.15151516
300947.SZ,8.851129,8.851129,0.00010373127,0.00018804062,0.35999972,0.22528736,1,19,162,0.96666664,0.0,-0.14201003,-1.279342,0.033333335
300948.SZ,20.238382,20.238382,0.00017925046,0.00018804062,0.37041637,0.36344087,1,37,1,1.0,0.0,-0.7329354,0.87059075,0.0
300949.SZ,12.685582,12.685582,0.00011740222,0.00018804062,0.39416635,0.42741936,1,22,208,0.78125,0.0,-2.5065782,-26.63348,0.21875
300950.SZ,14.063391,14.063391,0.00013831176,0.00018804062,0.3874997,0.2631579,1,95,151,0.9230769,0.0,-0.32771796,13.689258,0.07692308
300951.SZ,14.354323,14.354323,0.00014630529,0.00018804062,0.37166637,0.14756097,1,5,286,0.902439,0.0,-1.0039927,3.9299345,0.09756097
300952.SZ,14.05491,14.05491,0.00014570537,0.00018804062,0.35958305,0.1139785,1,12,252,0.61290324,0.0,-2.0977387,2.5423906,0.38709676
300953.SZ,13.013335,13.013335,0.00012809003,0.00018804062,0.37666637,0.25882354,1,21,149,0.82857144,0.0,-2.0039456,13.463747,0.17142858
300955.SZ,16.394873,16.394873,0.00015499993,0.00018804062,0.3924997,0.15873016,1,14,83,0.8611111,0.0,-1.1149862,-13.233331,0.1388889
300956.SZ,22.201181,22.201181,0.00018292233,0.00018804062,0.37916636,0.23809524,1,20,96,0.81395346,0.0,-0.59596056,2.807793,0.18604651
300957.SZ,12.731868,12.731868,0.00012575474,0.00018804062,0.39583302,0.25873017,1,20,96,0.7222222,0.0,-1.0691166,10.9236765,0.2777778
300958.SZ,19.210365,19.210365,0.00016489945,0.00018804062,0.39416635,0.24236818,1,1,211,0.85106385,0.0,-1.6173872,-19.570553,0.14893617
300959.SZ,46.389225,46.389225,0.00036722163,0.00018804062,0.438333,0.14363636,1,72,3,0.98,0.0,-0.75080305,0.49871194,0.02
300960.SZ,17.295372,17.295372,0.00016043342,0.00018804062,0.3649997,0.08387097,1,93,192,0.5483871,0.0,-1.5558935,-2.095997,0.4516129
300961.SZ,15.467351,15.467351,0.00014455689,0.00018804062,0.41416636,0.2,1,93,192,0.95,0.0,-0.647835,-13.65347,0.05
300962.SZ,17.212059,17.212059,0.00015368854,0.00018804062,0.3799997,0.31410256,1,22,208,0.625,0.0,-1.1306574,12.21501,0.375
300963.SZ,14.491308,14.491308,0.00014821586,0.00018804062,0.3724997,0.15927419,1,93,192,0.84375,0.0,-1.5324843,5.530018,0.15625
300964.SZ,18.910238,18.910238,0.00018117574,0.00018804062,0.36666638,0.24596775,1,77,117,0.375,0.0,-0.7651938,3.9313686,0.625
300965.SZ,13.001915,13.001915,0.0001391327,0.00018804062,0.37333304,0.22689076,1,33,251,0.8,0.0,0.13187428,3.095806,0.2
300966.SZ,19.097858,19.097858,0.00017755096,0.00018804062,0.39666635,0.15165165,1,6,36,0.9459459,0.0,-0.9911595,-7.351335,0.054054055
300967.SZ,9.106308,9.106308,0.00010243042,0.00018804062,0.38916636,0.2973485,1,21,149,0.93939394,0.0,-1.3991091,14.362381,0.060606062
300968.SZ,20.20225,20.20225,0.00019047888,0.00018804062,0.37416637,0.099516906,1,69,305,0.7826087,0.0,-1.4710566,5.41922,0.2173913
300969.SZ,11.507321,11.507321,0.00011271104,0.00018804062,0.39083302,0.33870968,1,13,40,0.90625,0.0,-1.9988375,14.648536,0.09375
300970.SZ,28.788307,28.788307,0.0002474099,0.00018804062,0.3874997,0.22797203,1,33,251,0.8030303,0.0,-0.42065144,7.3592505,0.1969697
300971.SZ,20.620562,20.620562,0.00019304558,0.00018804062,0.35916638,0.15079366,1,40,114,0.3888889,0.0,-0.72201943,4.1925197,0.6111111
300972.SZ,104.618286,104.618286,0.0008071686,0.00018804062,0.45999965,0.089552894,1,19,162,0.97196263,0.0,-1.6299121,16.951384,0.028037382
300973.SZ,8.42122,8.42122,9.470695e-05,0.00018804062,0.3849997,0.38709676,1,69,305,0.875,0.0,-0.0637125,16.115887,0.125
300975.SZ,10.515912,10.515912,0.00010942104,0.00018804062,0.3899997,0.24126984,1,12,252,0.8611111,0.0,-0.33870548,3.8135839,0.1388889
300976.SZ,16.992136,16.992136,0.00016387468,0.00018804062,0.39083302,0.11517165,1,22,208,0.6744186,0.0,-1.4937977,6.794156,0.3255814
300977.SZ,9.530607,9.530607,0.00010576821,0.00018804062,0.36541638,0.23351158,1,12,252,0.85294116,0.0,-0.3681883,3.386699,0.14705883
300978.SZ,18.225655,18.225655,0.0001773441,0.00018804062,0.37583303,0.12436975,1,33,251,0.6857143,0.0,-2.0401685,7.06411,0.31428573
300979.SZ,20.036346,20.036346,0.00018084126,0.00018804062,0.403333,0.21256039,1,14,83,0.7173913,0.0,-0.80396956,14.949633,0.2826087
300980.SZ,12.6087475,12.6087475,0.00013530537,0.00018804062,0.3649997,0.2516129,1,33,251,0.8064516,0.0,-1.6925032,5.5899677,0.19354838
300981.SZ,15.201109,15.201109,0.00015536427,0.00018804062,0.36833304,0.08266129,1,89,72,0.59375,0.0,-1.8029313,4.4668612,0.40625
300982.SZ,18.505297,18.505297,0.00015840364,0.00018804062,0.3766664,0.24390244,1,93,192,0.8780488,0.0,-0.88489515,1.9090098,0.12195122
300983.SZ,21.305183,21.305183,0.0001804641,0.00018804062,0.39583302,0.18705674,1,33,251,0.7291667,0.0,-2.2346542,-9.424922,0.27083334
300984.SZ,12.077923,12.077923,0.00012754941,0.00018804062,0.36166638,0.23174603,1,7,111,0.9722222,0.0,-1.8131027,4.2225738,0.027777778
300985.SZ,11.007974,11.007974,0.00012245435,0.00018804062,0.3529164,0.14285715,1,2,80,0.8333333,0.0,-2.4914668,5.4999557,0.16666667
300986.SZ,16.319305,16.319305,0.00016375644,0.00018804062,0.3874997,0.16190477,1,15,191,0.6388889,0.0,-2.0489168,2.364859,0.3611111
300987.SZ,11.326345,11.326345,0.00012383076,0.00018804062,0.3849997,0.105747126,1,69,305,0.8333333,0.0,-0.34197333,4.7223725,0.16666667
300988.SZ,12.259769,12.259769,0.00012960065,0.00018804062,0.39583302,0.13513513,1,12,252,0.8378378,0.0,-1.368292,4.461537,0.16216215
300989.SZ,13.364418,13.364418,0.00014113857,0.00018804062,0.36041638,0.15714286,1,19,162,0.8333333,0.0,-0.052041657,4.6090107,0.16666667
300990.SZ,14.7051325,14.7051325,0.0001356652,0.00018804062,0.38666636,0.1882353,1,69,305,0.82857144,0.0,-2.0614486,14.390378,0.17142858
300991.SZ,14.721776,14.721776,0.00013758149,0.00018804062,0.39333302,0.20107962,1,5,286,0.7692308,0.0,-1.1500999,-17.668247,0.23076923
300992.SZ,10.424199,10.424199,0.00011422851,0.00018804062,0.3624997,0.24369748,1,74,159,0.85714287,0.0,-1.912883,4.4798656,0.14285715
300993.SZ,11.976049,11.976049,0.00011856761,0.00018804062,0.38583302,0.34761906,1,74,159,0.8055556,0.0,-1.140861,14.442722,0.19444445
300994.SZ,17.290785,17.290785,0.00017359288,0.00018804062,0.37416637,0.23707666,1,27,217,0.47058824,0.0,-0.10739119,4.135305,0.5294118
300995.SZ,21.162033,21.162033,0.0001857514,0.00018804062,0.37833303,0.36786786,1,11,17,0.5675676,0.0,-1.6031269,1.1439788,0.43243244
300996.SZ,13.544495,13.544495,0.00013158412,0.00018804062,0.3662497,0.121839084,1,80,208,0.53333336,0.0,-1.4096866,-1.6590043,0.46666667
300997.SZ,10.6480665,10.6480665,0.0001099851,0.00018804062,0.38083303,0.14942528,1,80,208,0.73333335,0.0,-0.45455664,4.770629,0.26666668
300998.SZ,16.461212,16.461212,0.00015536525,0.00018804062,0.3849997,0.16287878,1,69,305,0.6363636,0.0,-1.5716698,-5.2495766,0.36363637
300999.SZ,13.272486,13.272486,0.00014033774,0.00018804062,0.3849997,0.13763441,1,2,80,0.7419355,0.0,0.13509358,3.2204802,0.2580645
301000.SZ,17.970982,17.970982,0.00016732045,0.00018804062,0.39166635,0.31014493,1,43,94,0.5869565,0.0,-0.15136519,14.088155,0.41304347
301001.SZ,9.53295,9.53295,9.9715115e-05,0.00018804062,0.3662497,0.31854838,1,5,286,0.875,0.0,-0.7963313,1.8763813,0.125
301002.SZ,16.887886,16.887886,0.00015985529,0.00018804062,0.38416636,0.22048365,1,74,159,0.47368422,0.0,-0.3932316,-4.390695,0.5263158
301003.SZ,10.209658,10.209658,0.00010619228,0.00018804062,0.38416636,0.28977272,1,2,80,0.93939394,0.0,-0.8558031,5.740844,0.060606062
301004.SZ,20.730894,20.730894,0.00018966729,0.00018804062,0.40416634,0.23058824,1,27,217,0.54901963,0.0,-0.93380785,13.422935,0.4509804
301005.SZ,176.63847,176.63847,0.0011818064,0.00018804062,0.45333296,0.11089578,1,74,159,0.9490741,0.0,-1.8472542,2.8281736,0.050925925
301006.SZ,10.803288,10.803288,0.00011740194,0.00018804062,0.3799997,0.10107527,1,69,305,0.9032258,0.0,-2.4306324,7.1091323,0.09677419
301007.SZ,10.068302,10.068302,0.00011363768,0.00018804062,0.3674997,0.085057475,1,19,162,0.76666665,0.0,-1.3982399,6.253416,0.23333333
301008.SZ,12.793803,12.793803,0.0001356158,0.00018804062,0.37333304,0.20075758,1,80,208,0.6969697,0.0,-1.3681909,5.2462482,0.3030303
301009.SZ,12.933026,12.933026,0.00013409482,0.00018804062,0.3699997,0.22068965,1,90,27,0.6,0.0,-0.95167,4.6676517,0.4
301010.SZ,17.042603,17.042603,0.00016989846,0.00018804062,0.3674997,0.25042018,1,27,217,0.82857144,0.0,0.34821433,3.0740602,0.17142858
301011.SZ,10.585532,10.585532,0.00011730893,0.00018804062,0.38083303,0.23010753,1,19,162,0.87096775,0.0,-0.9329581,4.852637,0.12903225
301012.SZ,19.835587,19.835587,0.0001882914,0.00018804062,0.37916636,0.15504979,1,52,65,0.5263158,0.0,-0.7301421,5.9077816,0.47368422
301013.SZ,24.91417,24.91417,0.00020276217,0.00018804062,0.39499968,0.25411764,1,93,192,0.5294118,0.0,-1.7364453,-16.555382,0.47058824
301015.SZ,18.833761,18.833761,0.00017287576,0.00018804062,0.39916635,0.14242424,1,93,192,0.7111111,0.0,-0.69484216,7.0999804,0.2888889
301016.SZ,18.636602,18.636602,0.00017694522,0.00018804062,0.35958305,0.19318181,1,33,251,0.121212125,0.0,-1.7539728,1.6667001,0.8787879
301017.SZ,16.383072,16.383072,0.00016444964,0.00018804062,0.35374972,0.14022988,1,95,151,0.96666664,0.0,-0.5110467,3.7680297,0.033333335
301018.SZ,15.264849,15.264849,0.00013751327,0.00018804062,0.3924997,0.23809524,1,21,149,0.6666667,0.0,-0.8403,1.9485885,0.33333334
301019.SZ,18.51995,18.51995,0.00017992544,0.00018804062,0.40499967,0.14082503,1,68,6,0.92105263,0.0,-1.410708,5.068584,0.078947365
301020.SZ,14.5704365,14.5704365,0.0001466347,0.00018804062,0.35874972,0.115530305,1,33,251,0.54545456,0.0,-1.3765485,4.796494,0.45454547
301021.SZ,18.254047,18.254047,0.0001744151,0.00018804062,0.37333304,0.115530305,1,14,83,0.6969697,0.0,-1.7636153,3.038235,0.3030303
301022.SZ,11.594759,11.594759,0.00011874295,0.00018804062,0.37916636,0.31932774,1,20,96,0.82857144,0.0,-1.0595857,11.84842,0.17142858
301023.SZ,17.951567,17.951567,0.00017400394,0.00018804062,0.38166636,0.20641026,1,51,81,0.525,0.0,-1.607105,4.805562,0.475
301024.SZ,22.494116,22.494116,0.00018241597,0.00018804062,0.39666635,0.2589372,1,22,208,0.67391306,0.0,-1.9431238,-17.807125,0.32608697
301025.SZ,28.399305,28.399305,0.0002266576,0.00018804062,0.3824997,0.20050125,1,40,114,0.80701756,0.0,-1.1075386,1.4321474,0.19298245
301026.SZ,6.8515162,6.8515162,8.3779305e-05,0.00018804062,0.37833303,0.22068965,1,80,208,1.0,0.0,-3.9401796,8.672148,0.0
301027.SZ,19.265804,19.265804,0.00018295534,0.00018804062,0.36124972,0.23492064,1,77,117,0.44444445,0.0,-1.294511,2.9171057,0.5555556
301028.SZ,22.468864,22.468864,0.00020320162,0.00018804062,0.39333302,0.20092915,1,77,117,0.5,0.0,-1.3153571,5.3546863,0.5
301029.SZ,12.304866,12.304866,0.00011913576,0.00018804062,0.3874997,0.4224599,1,80,208,0.7647059,0.0,-1.5842236,15.00682,0.23529412
301030.SZ,28.128084,28.128084,0.00022030105,0.00018804062,0.40999967,0.18855219,1,5,286,0.6363636,0.0,-0.97873634,-17.509632,0.36363637
301031.SZ,17.080017,17.080017,0.00015628971,0.00018804062,0.38916636,0.19238901,1,74,159,0.84090906,0.0,-1.649166,14.274217,0.1590909
301032.SZ,17.698895,17.698895,0.00017412253,0.00018804062,0.35958305,0.12655972,1,80,208,0.44117647,0.0,-1.5234971,5.803715,0.5588235
301033.SZ,23.201162,23.201162,0.0001992231,0.00018804062,0.3924997,0.22117648,1,23,94,0.8627451,0.0,-1.0525353,12.528096,0.13725491
301035.SZ,15.449161,15.449161,0.00015434437,0.00018804062,0.37916636,0.13813815,1,80,208,0.7837838,0.0,-0.7434864,9.411718,0.21621622
301036.SZ,11.216569,11.216569,0.00012108617,0.00018804062,0.3554164,0.18850575,1,24,84,0.73333335,0.0,-0.82352346,3.07363,0.26666668
301037.SZ,13.472914,13.472914,0.00014103862,0.00018804062,0.36416638,0.22365591,1,27,217,0.7096774,0.0,-1.3088807,3.0100098,0.29032257
301038.SZ,15.040458,15.040458,0.00015370788,0.00018804062,0.37666637,0.13363363,1,5,286,0.5675676,0.0,-0.8459595,-0.049905363,0.43243244
301039.SZ,15.9158535,15.9158535,0.00015763153,0.00018804062,0.36333305,0.27058825,1,43,94,0.4,0.0,-0.9790572,3.3644016,0.6
301040.SZ,21.404467,21.404467,0.00017965448,0.00018804062,0.41416636,0.22530612,1,22,208,0.82,0.0,-1.895654,-17.331627,0.18
301041.SZ,15.379778,15.379778,0.0001520157,0.00018804062,0.38166636,0.15294118,1,14,83,0.74285716,0.0,-0.9116915,3.4610157,0.25714287
301042.SZ,20.30743,20.30743,0.0001681233,0.00018804062,0.3849997,0.23414634,1,27,217,0.6097561,0.0,-0.88650966,1.4648389,0.3902439
301043.SZ,14.109395,14.109395,0.00014216019,0.00018804062,0.3687497,0.1908046,1,6,36,0.6666667,0.0,-1.1206834,1.9444453,0.33333334
301045.SZ,12.301826,12.301826,0.00012670421,0.00018804062,0.37583303,0.13012478,1,93,192,0.9117647,0.0,-2.3112383,-0.42999896,0.0882353
301046.SZ,10.066082,10.066082,0.00011193343,0.00018804062,0.38666636,0.2731183,1,19,162,0.83870965,0.0,-1.6318355,1.1396018,0.16129032
301047.SZ,10.096271,10.096271,0.00010289486,0.00018804062,0.38166636,0.46021506,1,27,217,0.83870965,0.0,-2.3277063,9.71988,0.16129032
301048.SZ,14.385013,14.385013,0.00014542535,0.00018804062,0.35833305,0.115530305,1,19,162,0.6969697,0.0,-1.6329424,4.9995003,0.3030303
301049.SZ,19.74212,19.74212,0.00016636582,0.00018804062,0.39166635,0.3022942,1,91,229,0.6666667,0.0,-1.1983051,-19.576635,0.33333334
301050.SZ,12.350005,12.350005,0.00012972284,0.00018804062,0.36041638,0.09677419,1,59,157,0.625,0.0,-2.511644,-2.858284,0.375
301051.SZ,16.177021,16.177021,0.00015116952,0.00018804062,0.38583302,0.21040975,1,19,162,0.9767442,0.0,-1.2453347,-17.785149,0.023255814
301052.SZ,18.089306,18.089306,0.00017495584,0.00018804062,0.3774997,0.18826135,1,43,94,0.81395346,0.0,-0.551128,-3.9574215,0.18604651
301053.SZ,17.676798,17.676798,0.00017010496,0.00018804062,0.38083303,0.10695187,1,12,252,0.47058824,0.0,-0.57850593,2.678236,0.5294118
301055.SZ,11.049223,11.049223,0.00011670616,0.00018804062,0.37083304,0.110516936,1,15,191,0.7647059,0.0,-1.2970207,4.997011,0.23529412
301056.SZ,17.721075,17.721075,0.00016850825,0.00018804062,0.35458305,0.17983194,1,12,252,0.37142858,0.0,-0.9826171,0.32946858,0.62857145
301057.SZ,13.201041,13.201041,0.00013805475,0.00018804062,0.37916636,0.19128788,1,19,162,0.8484849,0.0,-0.33489695,5.7980843,0.15151516
301058.SZ,12.849129,12.849129,0.00013449552,0.00018804062,0.37416637,0.11742424,1,69,305,0.6666667,0.0,-0.27306366,0.6035533,0.33333334
301059.SZ,14.070922,14.070922,0.00013703885,0.00018804062,0.39166635,0.22048365,1,23,94,0.9736842,0.0,-1.3276632,12.478597,0.02631579
301060.SZ,9.749485,9.749485,0.000108923276,0.00018804062,0.36833304,0.14482759,1,59,157,0.8333333,0.0,-1.8030201,3.3962533,0.16666667
301061.SZ,20.009615,20.009615,0.00018040575,0.00018804062,0.39666635,0.23214285,1,7,111,0.7346939,0.0,-1.0250163,13.411072,0.26530612
301062.SZ,15.755164,15.755164,0.0001517647,0.00018804062,0.38916636,0.29268292,1,59,157,0.6904762,0.0,-1.5293642,-13.872006,0.30952382
301063.SZ,22.519138,22.519138,0.00020896655,0.00018804062,0.3724997,0.11282051,1,14,83,0.825,0.0,-0.8855975,5.493922,0.175
301065.SZ,13.831864,13.831864,0.00013956784,0.00018804062,0.35958305,0.16134454,1,12,252,0.62857145,0.0,-1.7085687,4.3009243,0.37142858
301066.SZ,19.97418,19.97418,0.0001905082,0.00018804062,0.3649997,0.12955466,1,86,4,0.94871795,0.0,-0.7443205,4.509431,0.051282052
301067.SZ,111.7679,111.7679,0.0007810285,0.00018804062,0.44666633,0.1422417,1,93,192,0.93373495,0.0,-1.0389333,1.2024254,0.06626506
301068.SZ,18.956577,18.956577,0.00017012373,0.00018804062,0.400833,0.14438502,1,1,211,0.7647059,0.0,-0.49233228,-8.15368,0.23529412
301069.SZ,10.070775,10.070775,0.00011309448,0.00018804062,0.36583304,0.19354838,1,33,251,0.7741935,0.0,-0.14993873,1.6998181,0.22580644
301070.SZ,129.06717,129.06717,0.00085490604,0.00018804062,0.45416632,0.16903803,1,33,251,0.93333334,0.0,-1.8038759,1.3825558,0.06666667
301071.SZ,16.382881,16.382881,0.00016633776,0.00018804062,0.36916637,0.18494624,1,33,251,0.4516129,0.0,-2.0652776,3.8592834,0.5483871
301072.SZ,15.975881,15.975881,0.00014964906,0.00018804062,0.38666636,0.24301076,1,51,81,0.48387095,0.0,-1.1967453,-12.092037,0.516129
301073.SZ,19.854713,19.854713,0.00018798673,0.00018804062,0.3749997,0.20320855,1,33,251,0.32352942,0.0,-0.2937353,-0.2496521,0.6764706
301075.SZ,32.10924,32.10924,0.0002399622,0.00018804062,0.40416634,0.214539,1,15,191,0.75,0.0,-1.5647688,-20.1001,0.25
301076.SZ,15.7391,15.7391,0.00015375964,0.00018804062,0.35749972,0.18181819,1,1,211,0.7352941,0.0,-1.1287705,3.3655229,0.2647059
301077.SZ,16.84599,16.84599,0.00015510432,0.00018804062,0.400833,0.13492064,1,59,157,0.75,0.0,-1.7600888,6.1915956,0.25
301078.SZ,14.370822,14.370822,0.00015053934,0.00018804062,0.36416638,0.08045977,1,19,162,0.8333333,0.0,-0.91030663,6.6087856,0.16666667
301079.SZ,14.049855,14.049855,0.00012913838,0.00018804062,0.3924997,0.25210086,1,15,191,0.7714286,0.0,-1.6577514,-6.8958745,0.22857143
301080.SZ,21.276236,21.276236,0.00019499676,0.00018804062,0.3899997,0.2568027,1,68,6,0.97959185,0.0,-1.7358979,4.2179747,0.020408163
301081.SZ,19.409279,19.409279,0.00018025386,0.00018804062,0.3749997,0.23423423,1,93,192,0.27027026,0.0,-1.8200376,6.1268888,0.7297297
301082.SZ,11.367722,11.367722,0.000115695766,0.00018804062,0.3899997,0.2976827,1,95,151,0.9411765,0.0,-1.4180795,-23.561966,0.05882353
301083.SZ,12.09407,12.09407,0.00012518841,0.00018804062,0.37083304,0.07862903,1,33,251,0.65625,0.0,-0.60548747,2.4902945,0.34375
301085.SZ,19.442614,19.442614,0.00017470567,0.00018804062,0.3749997,0.14623655,1,24,84,0.8064516,0.0,-0.50742257,-0.29289275,0.19354838
301086.SZ,18.838654,18.838654,0.00017386074,0.00018804062,0.37666637,0.15789473,1,77,117,0.39473686,0.0,-1.3232236,1.8502398,0.6052632
301087.SZ,16.6726,16.6726,0.0001608523,0.00018804062,0.37583303,0.26554623,1,94,65,0.45714286,0.0,-1.3057427,7.89441,0.54285717
301088.SZ,13.489391,13.489391,0.00013625005,0.00018804062,0.36416638,0.2807808,1,34,43,0.4054054,0.0,-0.87068653,4.1452365,0.5945946
301089.SZ,20.173836,20.173836,0.00017572954,0.00018804062,0.413333,0.21554117,1,6,36,0.89361703,0.0,-1.458851,-10.654658,0.10638298
301090.SZ,20.51508,20.51508,0.00018770242,0.00018804062,0.3687497,0.17004049,1,61,124,0.64102566,0.0,-1.8184463,1.7317358,0.35897437
301091.SZ,21.551033,21.551033,0.00019607217,0.00018804062,0.37333304,0.114709854,1,1,211,0.82051283,0.0,-0.4184616,0.6074221,0.17948718
301092.SZ,13.996926,13.996926,0.0001455148,0.00018804062,0.38166636,0.17419355,1,94,65,0.8064516,0.0,-1.9542841,-0.012889035,0.19354838
301093.SZ,11.839047,11.839047,0.00012501051,0.00018804062,0.37083304,0.18538325,1,91,229,0.6764706,0.0,-1.3131323,3.9420223,0.32352942
301095.SZ,11.548449,11.548449,0.000118978205,0.00018804062,0.36041638,0.0625,1,14,83,0.78125,0.0,-2.3947687,0.8251843,0.21875
301096.SZ,15.990818,15.990818,0.00015743103,0.00018804062,0.37041637,0.1882353,1,95,151,0.6,0.0,-1.3043429,-2.933593,0.4
301097.SZ,12.924953,12.924953,0.00013348697,0.00018804062,0.3774997,0.12310606,1,57,68,0.6969697,0.0,-1.8573455,1.8141156,0.3030303
301098.SZ,26.893375,26.893375,0.00020987548,0.00018804062,0.400833,0.31606767,1,80,208,0.6363636,0.0,-1.7562275,-23.687653,0.36363637
301099.SZ,19.264137,19.264137,0.00017869593,0.00018804062,0.37916636,0.18798043,1,43,94,0.7407407,0.0,-0.4970833,8.865853,0.25925925
301100.SZ,19.49566,19.49566,0.00018414763,0.00018804062,0.3899997,0.11627907,1,74,159,0.54545456,0.0,-0.85832727,1.3166956,0.45454547
301101.SZ,9.257163,9.257163,0.00010439676,0.00018804062,0.38166636,0.34402853,1,76,26,0.9411765,0.0,-0.994303,10.320744,0.05882353
301102.SZ,7.624945,7.624945,8.762031e-05,0.00018804062,0.3774997,0.11827957,1,2,80,0.7741935,0.0,0.14861289,-1.6124806,0.22580644
301103.SZ,10.293101,10.293101,0.00010670942,0.00018804062,0.36083305,0.23185484,1,5,286,0.90625,0.0,-0.15797189,1.6303236,0.09375
301105.SZ,9.656927,9.656927,0.00010045141,0.00018804062,0.400833,0.19886364,1,95,151,0.969697,0.0,-1.5178456,-7.7554913,0.030303031
301106.SZ,17.16785,17.16785,0.0001721375,0.00018804062,0.3624997,0.1951952,1,2,80,0.5135135,0.0,-1.3346947,3.7022514,0.4864865
301107.SZ,9.158987,9.158987,0.00010498234,0.00018804062,0.36833304,0.30481285,1,57,68,0.9411765,0.0,-2.0515797,7.3117394,0.05882353
301108.SZ,14.741821,14.741821,0.00014801815,0.00018804062,0.36124972,0.13793103,1,69,305,0.56666666,0.0,-0.78551,4.02332,0.43333334
301109.SZ,19.230892,19.230892,0.00017844154,0.00018804062,0.37541637,0.084033616,1,24,84,0.74285716,0.0,-0.64803994,1.7425247,0.25714287
301110.SZ,19.736584,19.736584,0.00018173574,0.00018804062,0.3866664,0.17547569,1,69,305,0.6818182,0.0,-0.74530226,6.741152,0.3181818
301111.SZ,14.158528,14.158528,0.00013392932,0.00018804062,0.38416636,0.31264368,1,95,151,0.8666667,0.0,-0.7452533,-12.620691,0.13333334
301112.SZ,7.87407,7.87407,8.8443994e-05,0.00018804062,0.37916636,0.14712644,1,5,286,0.8333333,0.0,-1.7251735,-6.3378925,0.16666667
301113.SZ,27.47861,27.47861,0.00021540021,0.00018804062,0.38083303,0.205074,1,12,252,0.77272725,0.0,-1.1605684,1.6347862,0.22727273
301115.SZ,14.589611,14.589611,0.00014906362,0.00018804062,0.36291638,0.16042781,1,5,286,0.7647059,0.0,-1.6682087,2.6328175,0.23529412
301116.SZ,20.966885,20.966885,0.00017594204,0.00018804062,0.39083302,0.2230444,1,12,252,0.72727275,0.0,-1.5650773,-21.68363,0.27272728
301117.SZ,16.298311,16.298311,0.00015368257,0.00018804062,0.37666637,0.16666667,1,21,149,0.7777778,0.0,-1.1511946,3.5510697,0.22222222
301118.SZ,19.595167,19.595167,0.00018354825,0.00018804062,0.37958303,0.1997301,1,1,211,0.41025642,0.0,-0.6460718,3.599865,0.5897436
301119.SZ,10.627168,10.627168,0.000108106455,0.00018804062,0.3924997,0.4509804,1,59,157,0.8235294,0.0,-1.4241793,18.482964,0.1764706
301120.SZ,15.470986,15.470986,0.00015061286,0.00018804062,0.3554164,0.16666667,1,61,124,0.45454547,0.0,-1.3502272,5.507469,0.54545456
301121.SZ,17.570951,17.570951,0.00016638062,0.00018804062,0.38791636,0.11260504,1,1,211,0.6571429,0.0,-1.2818199,5.030215,0.34285715
301122.SZ,28.925352,28.925352,0.00022460305,0.00018804062,0.3699997,0.22828282,1,20,96,0.84444445,0.0,-1.4993844,1.3614112,0.15555556
301123.SZ,12.1108675,12.1108675,0.00012554163,0.00018804062,0.3774997,0.16134454,1,74,159,0.94285715,0.0,-1.962517,1.9805948,0.057142857
301125.SZ,15.047552,15.047552,0.00012807881,0.00018804062,0.3649997,0.3344538,1,20,96,0.8857143,0.0,-1.1038914,1.179323,0.114285715
301126.SZ,16.39534,16.39534,0.0001644481,0.00018804062,0.36791638,0.24324325,1,51,81,0.7837838,0.0,-1.0617352,4.0079513,0.21621622
301127.SZ,8.678328,8.678328,0.00010068482,0.00018804062,0.36541638,0.27083334,1,33,251,0.8787879,0.0,-0.7950182,3.084779,0.121212125
301128.SZ,21.430038,21.430038,0.00017969526,0.00018804062,0.40499967,0.20718816,1,69,305,0.75,0.0,-1.6525364,12.633788,0.25
301129.SZ,22.690475,22.690475,0.00018291369,0.00018804062,0.37666637,0.34566146,1,102,50,0.6052632,0.0,-1.5476578,-11.084596,0.39473686
301130.SZ,18.444609,18.444609,0.00017252388,0.00018804062,0.37416637,0.1919192,1,102,50,0.53333336,0.0,-0.85242665,4.2140512,0.46666667
301131.SZ,18.02276,18.02276,0.0001717379,0.00018804062,0.3637497,0.3138138,1,102,50,0.3243243,0.0,-0.76986754,2.2174547,0.6756757
301132.SZ,21.623487,21.623487,0.00019743093,0.00018804062,0.35874972,0.33483484,1,102,50,0.1891892,0.0,-1.4677838,2.8573196,0.8108108
301133.SZ,18.292343,18.292343,0.00017281176,0.00018804062,0.36541638,0.105882354,1,86,4,0.9714286,0.0,-1.3068572,3.1753714,0.028571429
301135.SZ,14.7135725,14.7135725,0.00015534906,0.00018804062,0.37166637,0.17867868,1,91,229,0.7837838,0.0,-1.6628027,4.128167,0.21621622
301136.SZ,102.84764,102.84764,0.00072932674,0.00018804062,0.43666634,0.14185277,1,80,208,0.89102566,0.0,-1.3942847,0.8333449,0.10897436
301137.SZ,11.948465,11.948465,0.00012717771,0.00018804062,0.36333305,0.09982175,1,69,305,0.8235294,0.0,-2.1187584,8.013638,0.1764706
301138.SZ,16.336168,16.336168,0.00015969505,0.00018804062,0.3749997,0.17424242,1,2,80,0.75757575,0.0,-1.1807879,2.5685837,0.24242425
301139.SZ,10.898641,10.898641,0.00011648257,0.00018804062,0.37583303,0.2344086,1,95,151,0.87096775,0.0,-1.6789645,0.6039515,0.12903225
301141.SZ,16.94357,16.94357,0.0001656958,0.00018804062,0.3624997,0.14444445,1,63,1,1.0,0.0,-0.9880028,4.6093445,0.0
301148.SZ,12.079478,12.079478,0.00012836613,0.00018804062,0.36458305,0.14444445,1,78,1,1.0,0.0,-1.703836,2.1203222,0.0
301149.SZ,18.582878,18.582878,0.00018135479,0.00018804062,0.35999972,0.21471472,1,2,80,0.27027026,0.0,-0.5562108,3.4750836,0.7297297
301150.SZ,19.428448,19.428448,0.000159454,0.00018804062,0.37916636,0.28609985,1,5,286,0.84615386,0.0,-1.3536437,2.1764746,0.15384616
301151.SZ,17.584904,17.584904,0.00017295824,0.00018804062,0.37583303,0.103174604,1,80,208,0.6388889,0.0,-1.4012527,5.072527,0.3611111
301152.SZ,15.235219,15.235219,0.00013724703,0.00018804062,0.39749968,0.23211876,1,80,208,0.6923077,0.0,-1.334218,-22.542229,0.30769232
301153.SZ,14.061783,14.061783,0.00013721723,0.00018804062,0.37083304,0.13492064,1,15,191,0.6111111,0.0,-1.6995722,4.5346184,0.3888889
301155.SZ,18.04584,18.04584,0.00017955182,0.00018804062,0.35749972,0.3015873,1,2,80,0.2777778,0.0,-1.7762,6.115106,0.7222222
301156.SZ,13.07341,13.07341,0.00013655721,0.00018804062,0.3674997,0.27226892,1,21,149,0.9714286,0.0,-1.3499371,5.6654854,0.028571429
301157.SZ,11.995448,11.995448,0.00011792207,0.00018804062,0.3787497,0.24064171,1,21,149,0.85294116,0.0,0.5374589,5.327877,0.14705883
301158.SZ,19.632156,19.632156,0.00018396202,0.00018804062,0.38416636,0.06794872,1,21,149,0.8,0.0,-1.13675,5.317934,0.2
301159.SZ,21.975931,21.975931,0.00017166798,0.00018804062,0.39416635,0.43371212,1,87,102,0.7878788,0.0,-2.464488,-23.589397,0.21212122
301160.SZ,10.889582,10.889582,0.00010973507,0.00018804062,0.39083302,0.37689394,1,20,96,0.90909094,0.0,-1.3524758,17.78654,0.09090909
301161.SZ,18.254517,18.254517,0.00017287351,0.00018804062,0.38083303,0.13940255,1,5,286,0.7105263,0.0,-1.4885842,6.1646247,0.28947368
301162.SZ,15.103695,15.103695,0.00014534434,0.00018804062,0.38666636,0.24268293,1,80,208,0.73170733,0.0,-0.8255634,13.482721,0.2682927
301163.SZ,15.691592,15.691592,0.0001537939,0.00018804062,0.37333304,0.12605043,1,19,162,0.9142857,0.0,-0.8745371,3.5854187,0.08571429
301165.SZ,13.452803,13.452803,0.000126935,0.00018804062,0.37041637,0.33978495,1,27,217,0.58064514,0.0,-1.5899386,-22.537941,0.41935483
301166.SZ,15.82811,15.82811,0.00014697992,0.00018804062,0.37416637,0.13978495,1,20,96,0.7419355,0.0,-1.0924225,-0.2605129,0.2580645
301167.SZ,12.748296,12.748296,0.00013546532,0.00018804062,0.36166638,0.18151261,1,13,40,0.94285715,0.0,-1.3155199,4.03788,0.057142857
301168.SZ,20.42798,20.42798,0.00018790938,0.00018804062,0.36833304,0.28598484,1,91,229,0.72727275,0.0,-1.980103,-2.2967725,0.27272728
301169.SZ,22.912306,22.912306,0.00017847799,0.00018804062,0.3924997,0.36806723,1,14,83,0.6857143,0.0,-1.7525657,-25.583426,0.31428573
301170.SZ,14.085239,14.085239,0.00014053886,0.00018804062,0.38333303,0.07096774,1,69,305,0.6451613,0.0,-0.9873226,8.0885,0.3548387
301171.SZ,14.380717,14.380717,0.0001363035,0.00018804062,0.38333303,0.171123,1,33,251,0.7352941,0.0,-0.5033059,-3.3729439,0.2647059
301172.SZ,12.094434,12.094434,0.00011844707,0.00018804062,0.3849997,0.31264368,1,80,208,0.7,0.0,-1.1488366,1.2241405,0.3
301173.SZ,9.023813,9.023813,0.00010649573,0.00018804062,0.36666638,0.24598931,1,2,80,0.9411765,0.0,-1.4090147,7.605118,0.05882353
301175.SZ,15.124017,15.124017,0.00015051408,0.00018804062,0.37666637,0.17825311,1,2,80,0.5294118,0.0,-1.6358235,8.229492,0.47058824
301176.SZ,12.629372,12.629372,0.00012713001,0.00018804062,0.398333,0.2,1,87,102,0.6857143,0.0,-1.864677,-17.295628,0.31428573
301177.SZ,18.563051,18.563051,0.00017781631,0.00018804062,0.36416638,0.104761906,1,69,305,0.5833333,0.0,-0.9380917,2.0356581,0.41666666
301178.SZ,14.063259,14.063259,0.00012321393,0.00018804062,0.37666637,0.40860215,1,7,111,0.8064516,0.0,-0.40236127,1.9720678,0.19354838
301179.SZ,10.58996,10.58996,0.00011741561,0.00018804062,0.35916638,0.20967741,1,5,286,0.6875,0.0,-0.6515969,5.3129873,0.3125
301180.SZ,12.3876915,12.3876915,0.00013435497,0.00018804062,0.36291638,0.09659091,1,96,56,0.969697,0.0,-1.7651273,6.1935873,0.030303031
301181.SZ,13.801665,13.801665,0.0001345773,0.00018804062,0.39333302,0.25396827,1,5,286,0.8333333,0.0,-1.1864111,13.490437,0.16666667
301182.SZ,20.01502,20.01502,0.0001635338,0.00018804062,0.403333,0.21035941,1,5,286,0.70454544,0.0,-0.92746824,-23.126348,0.29545453
301183.SZ,41.094646,41.094646,0.00033019518,0.00018804062,0.420833,0.14420062,1,68,6,0.97727275,0.0,-1.356133,4.5806456,0.022727273
301185.SZ,19.765982,19.765982,0.00017819303,0.00018804062,0.39749968,0.22365591,1,33,251,0.41935483,0.0,-2.062345,1.4235677,0.58064514
301186.SZ,9.210788,9.210788,0.00010700474,0.00018804062,0.36291638,0.17943548,1,12,252,0.875,0.0,-2.169225,6.163619,0.125
301187.SZ,14.938562,14.938562,0.00015342436,0.00018804062,0.38083303,0.19569893,1,89,72,0.58064514,0.0,-0.36944842,6.5403433,0.41935483
301188.SZ,20.356943,20.356943,0.00019143523,0.00018804062,0.3429164,0.24126984,1,7,111,0.30555555,0.0,-1.7493998,3.9188085,0.6944444
301189.SZ,11.702879,11.702879,0.000106666215,0.00018804062,0.39916638,0.42741936,1,43,94,0.96875,0.0,-1.46725,-24.374964,0.03125
301190.SZ,22.229364,22.229364,0.00020736044,0.00018804062,0.37666637,0.1487805,1,1,211,0.63414633,0.0,-0.43040484,3.8031087,0.36585367
301191.SZ,16.487946,16.487946,0.00015689153,0.00018804062,0.39166635,0.12701613,1,33,251,0.40625,0.0,-1.4992592,-1.2497895,0.59375
301192.SZ,12.841596,12.841596,0.00013191672,0.00018804062,0.3799997,0.08387097,1,1,211,0.6451613,0.0,-0.81205493,5.2541337,0.3548387
301193.SZ,13.467631,13.467631,0.0001284982,0.00018804062,0.39166635,0.25225225,1,100,10,0.8648649,0.0,-0.98905396,-22.210957,0.13513513
301195.SZ,10.677004,10.677004,0.000115663745,0.00018804062,0.36583304,0.122994654,1,91,229,1.0,0.0,-1.8877589,2.9394262,0.0
301196.SZ,15.783556,15.783556,0.00016300255,0.00018804062,0.36208305,0.17936508,1,2,80,0.6666667,0.0,-1.3597027,3.7676837,0.33333334
301197.SZ,16.008278,16.008278,0.00015006147,0.00018804062,0.40916634,0.112299465,1,5,286,0.7352941,0.0,-1.0001411,-5.343419,0.2647059
301198.SZ,11.68144,11.68144,0.00012206727,0.00018804062,0.3824997,0.13104838,1,80,208,0.65625,0.0,-1.2944626,-6.8078747,0.34375
301199.SZ,11.22179,11.22179,0.000121208854,0.00018804062,0.37333304,0.11264368,1,14,83,0.93333334,0.0,-1.6626567,2.3686786,0.06666667
301200.SZ,10.433526,10.433526,0.000114312,0.00018804062,0.3724997,0.088709675,1,47,1,1.0,0.0,-1.9138156,4.1123786,0.0
301201.SZ,9.309001,9.309001,0.000102634585,0.00018804062,0.36166638,0.14838709,1,27,217,0.67741936,0.0,-2.1466095,-0.8723014,0.32258064
301202.SZ,17.363026,17.363026,0.00016893932,0.00018804062,0.36291638,0.18548387,1,15,191,0.5,0.0,-1.6875625,1.3982532,0.5
301203.SZ,14.385737,14.385737,0.00013763958,0.00018804062,0.37666637,0.35396826,1,77,117,0.6666667,0.0,-1.0440028,12.64894,0.33333334
301205.SZ,22.161787,22.161787,0.00017836172,0.00018804062,0.405833,0.16825397,1,19,162,0.6944444,0.0,-1.1446527,3.4994822,0.30555555
301206.SZ,13.402072,13.402072,0.00014245624,0.00018804062,0.35374972,0.26876876,1,90,27,0.8108108,0.0,-0.66848373,4.672638,0.1891892
301207.SZ,18.20522,18.20522,0.00016640646,0.00018804062,0.3774997,0.36349207,1,34,43,0.2777778,0.0,-1.2186973,5.3213835,0.7222222
301208.SZ,14.922735,14.922735,0.00014938044,0.00018804062,0.3674997,0.12310606,1,33,251,0.4848485,0.0,-0.59530306,3.7932928,0.5151515
301209.SZ,9.999805,9.999805,0.00010087757,0.00018804062,0.37916636,0.31016043,1,33,251,0.9117647,0.0,-2.0246942,10.845939,0.0882353
301210.SZ,18.075254,18.075254,0.00017392369,0.00018804062,0.35916638,0.18939394,1,5,286,0.8484849,0.0,-0.36215454,1.9066031,0.15151516
301211.SZ,16.351137,16.351137,0.00016445466,0.00018804062,0.3624997,0.16221035,1,27,217,0.61764705,0.0,-1.6615353,1.5703048,0.38235295
301212.SZ,15.998072,15.998072,0.00016029672,0.00018804062,0.37166637,0.14793742,1,95,151,0.8947368,0.0,-0.94444716,3.249389,0.10526316
301213.SZ,8.968464,8.968464,9.592771e-05,0.00018804062,0.37166637,0.22150537,1,69,305,0.83870965,0.0,-2.5883772,-8.671372,0.16129032
301215.SZ,12.457442,12.457442,0.00012342627,0.00018804062,0.38166636,0.38709676,1,80,208,0.7419355,0.0,-0.7073161,13.265302,0.2580645
301216.SZ,11.690545,11.690545,0.000128117,0.00018804062,0.37833303,0.20564516,1,27,217,0.5625,0.0,-1.4679501,3.8202565,0.4375
301217.SZ,24.554825,24.554825,0.00019515204,0.00018804062,0.39166635,0.26666668,1,90,27,0.5652174,0.0,-0.47331303,0.81142664,0.4347826
301218.SZ,19.647667,19.647667,0.00018322885,0.00018804062,0.3516664,0.18620689,1,69,305,0.46666667,0.0,-0.85248,2.96746,0.53333336
301219.SZ,15.690682,15.690682,0.00015260081,0.00018804062,0.3724997,0.090322584,1,93,192,0.7419355,0.0,-1.629729,3.9323373,0.2580645
301220.SZ,15.90788,15.90788,0.00015915358,0.00018804062,0.36166638,0.15719697,1,1,211,0.57575756,0.0,-0.9914455,7.3177996,0.42424244
301221.SZ,13.863261,13.863261,0.00014150537,0.00018804062,0.35958305,0.116935484,1,12,252,0.46875,0.0,-1.0840906,5.180727,0.53125
301222.SZ,16.182165,16.182165,0.00015578377,0.00018804062,0.3799997,0.11724138,1,96,56,0.8,0.0,-1.4037132,2.459462,0.2
301223.SZ,14.625261,14.625261,0.00014931052,0.00018804062,0.3674997,0.20672269,1,5,286,0.9142857,0.0,-1.1460456,2.8838058,0.08571429
301225.SZ,14.9929905,14.9929905,0.00014701132,0.00018804062,0.3724997,0.22580644,1,15,191,0.40625,0.0,-1.6874937,7.920321,0.59375
301226.SZ,18.70088,18.70088,0.0001801078,0.00018804062,0.36041638,0.17139001,1,12,252,0.41025642,0.0,-1.3350538,3.64679,0.5897436
301227.SZ,17.775686,17.775686,0.00017353808,0.00018804062,0.38166636,0.1533101,1,27,217,0.52380955,0.0,-0.49432382,-2.1934795,0.47619048
301228.SZ,18.569345,18.569345,0.00015060283,0.00018804062,0.39666635,0.31983805,1,80,208,0.8717949,0.0,-1.7930692,-27.483768,0.12820514
301229.SZ,9.645052,9.645052,0.000105750565,0.00018804062,0.39749968,0.1882353,1,21,149,0.85714287,0.0,-1.6685429,8.101331,0.14285715
301230.SZ,6.7628384,6.7628384,8.264819e-05,0.00018804062,0.3799997,0.24301076,1,27,217,0.9354839,0.0,-1.831613,3.7004774,0.06451613
301231.SZ,14.153956,14.153956,0.00014081164,0.00018804062,0.37166637,0.22380953,1,91,229,0.8611111,0.0,-0.8489528,-2.1741245,0.1388889
301232.SZ,24.38348,24.38348,0.0001977575,0.00018804062,0.40166634,0.17568627,1,95,151,0.78431374,0.0,-0.23968042,0.38213214,0.21568628
301233.SZ,14.27125,14.27125,0.00014123495,0.00018804062,0.40499967,0.2012012,1,59,157,0.7837838,0.0,-1.2285323,10.505051,0.21621622
301234.SZ,13.726079,13.726079,0.00014521365,0.00018804062,0.34874973,0.15151516,1,95,151,0.6969697,0.0,-1.1100668,3.9528754,0.3030303
301235.SZ,20.405113,20.405113,0.00018642165,0.00018804062,0.36083305,0.15555556,1,69,305,0.3611111,0.0,-0.72481394,6.4363027,0.6388889
301236.SZ,17.143929,17.143929,0.00017008331,0.00018804062,0.3566664,0.17849462,1,95,151,0.48387095,0.0,0.2655097,4.950216,0.516129
301237.SZ,12.413435,12.413435,0.00012206569,0.00018804062,0.38916636,0.24598931,1,59,157,0.9117647,0.0,-1.6700529,-3.4725137,0.0882353
301238.SZ,14.210206,14.210206,0.00013953877,0.00018804062,0.3724997,0.20168068,1,33,251,0.6,0.0,-1.2748228,2.6093056,0.4
301239.SZ,8.055666,8.055666,9.257143e-05,0.00018804062,0.3774997,0.2045977,1,14,83,0.9,0.0,-1.5148466,-5.8613024,0.1
301246.SZ,23.789154,23.789154,0.00019178311,0.00018804062,0.3874997,0.22323233,1,33,251,0.51111114,0.0,-0.44335556,3.6061177,0.4888889
301248.SZ,71.457405,71.457405,0.0004927556,0.00018804062,0.39999968,0.1985371,1,33,251,0.7386364,0.0,-0.835325,2.0662568,0.26136363
301251.SZ,9.84886,9.84886,0.000109398214,0.00018804062,0.3624997,0.13636364,1,91,229,0.90909094,0.0,-1.7628243,7.793005,0.09090909
301252.SZ,13.649741,13.649741,0.00013979842,0.00018804062,0.3712497,0.16516517,1,7,111,0.8108108,0.0,-1.0898433,3.3880486,0.1891892
301255.SZ,18.892406,18.892406,0.00018363408,0.00018804062,0.36541638,0.118618615,1,95,151,0.9459459,0.0,-1.2288461,4.7170076,0.054054055
301256.SZ,10.263521,10.263521,0.00011439672,0.00018804062,0.3674997,0.13563219,1,32,38,0.8333333,0.0,-0.7512633,-0.16172002,0.16666667
301257.SZ,15.691177,15.691177,0.00015779205,0.00018804062,0.3849997,0.19784947,1,74,159,0.516129,0.0,-0.6185871,7.3506646,0.48387095
301258.SZ,15.129788,15.129788,0.00014960674,0.00018804062,0.36583304,0.11586453,1,91,229,0.6764706,0.0,-0.9817323,1.635289,0.32352942
301259.SZ,18.060524,18.060524,0.0001733243,0.00018804062,0.39249972,0.33613446,1,30,30,0.4,0.0,-1.6253115,-0.037265003,0.6
301260.SZ,15.566486,15.566486,0.00014996872,0.00018804062,0.38833302,0.16666667,1,5,286,0.7297297,0.0,-1.4669677,-11.110314,0.27027026
301261.SZ,14.369993,14.369993,0.00015126995,0.00018804062,0.36333305,0.14603175,1,20,96,0.6111111,0.0,-2.2120333,4.6706834,0.3888889
301262.SZ,14.718257,14.718257,0.00013479135,0.00018804062,0.405833,0.44919786,1,77,117,0.88235295,0.0,-0.9835883,14.505967,0.11764706
301263.SZ,20.624157,20.624157,0.0001776176,0.00018804062,0.38333303,0.17490196,1,21,149,0.8039216,0.0,-0.8167941,3.6901784,0.19607843
301265.SZ,8.5798025,8.5798025,9.8801844e-05,0.00018804062,0.36458305,0.17137097,1,93,192,0.9375,0.0,-0.43394062,1.5664314,0.0625
301266.SZ,12.547425,12.547425,0.00013026694,0.00018804062,0.36416638,0.19770116,1,1,211,0.73333335,0.0,-0.87103665,0.34383997,0.26666668
301267.SZ,11.902415,11.902415,0.000119880635,0.00018804062,0.3799997,0.37387386,1,12,252,0.8108108,0.0,-0.36799997,14.526426,0.1891892
301268.SZ,17.364197,17.364197,0.00016803118,0.00018804062,0.37583303,0.16755792,1,12,252,0.29411766,0.0,-0.77271754,-3.6848624,0.7058824
301269.SZ,40.160645,40.160645,0.00032100367,0.00018804062,0.410833,0.117056854,1,27,217,0.8695652,0.0,-1.6774793,2.2907138,0.13043478
301270.SZ,19.489862,19.489862,0.00018016766,0.00018804062,0.3712497,0.11066127,1,33,251,0.5641026,0.0,-1.5433589,2.0080922,0.43589744
301272.SZ,14.5406685,14.5406685,0.0001448182,0.00018804062,0.36166638,0.22580644,1,5,286,0.7419355,0.0,-2.2105615,2.4850264,0.2580645
301273.SZ,16.611023,16.611023,0.00014939735,0.00018804062,0.39333302,0.2576923,1,52,65,0.9,0.0,-2.37036,-14.372864,0.1
301275.SZ,11.716827,11.716827,0.00012008292,0.00018804062,0.36916637,0.26612905,1,34,43,0.6875,0.0,-1.4843343,3.448228,0.3125
301276.SZ,8.922581,8.922581,0.000103944476,0.00018804062,0.37583303,0.26704547,1,80,208,1.0,0.0,-0.98996365,5.661634,0.0
301277.SZ,13.627243,13.627243,0.0001355302,0.00018804062,0.38416636,0.24621212,1,94,65,0.72727275,0.0,-1.8147575,11.962125,0.27272728
301278.SZ,13.757977,13.757977,0.00012570767,0.00018804062,0.39333302,0.20643939,1,20,96,0.90909094,0.0,-0.5335911,-4.5617223,0.09090909
301279.SZ,15.586546,15.586546,0.00015672784,0.00018804062,0.35708305,0.21169356,1,21,149,0.71875,0.0,-1.5620594,5.241894,0.28125
301280.SZ,14.087021,14.087021,0.00013779404,0.00018804062,0.415833,0.16194332,1,33,251,0.6923077,0.0,-1.5770973,10.180253,0.30769232
301281.SZ,14.955124,14.955124,0.00014465282,0.00018804062,0.38416636,0.110516936,1,74,159,0.8235294,0.0,-1.9494766,0.37768298,0.1764706
301282.SZ,11.839396,11.839396,0.000117613796,0.00018804062,0.37583303,0.23968254,1,12,252,0.8888889,0.0,-0.2577778,7.1594596,0.11111111
301283.SZ,18.423355,18.423355,0.00017852799,0.00018804062,0.37041637,0.41098484,1,30,30,0.27272728,0.0,-1.0709667,6.6771703,0.72727275
301285.SZ,21.985395,21.985395,0.00016401306,0.00018804062,0.39083302,0.39583334,1,80,208,0.8181818,0.0,-1.5991666,-29.839485,0.18181819
301286.SZ,16.267143,16.267143,0.00014805315,0.00018804062,0.3924997,0.25525525,1,13,40,0.9189189,0.0,-1.5422161,16.407005,0.08108108
301287.SZ,8.791563,8.791563,0.00010226354,0.00018804062,0.36958304,0.28735632,1,20,96,0.8333333,0.0,-1.0652001,2.8749099,0.16666667
301289.SZ,11.457498,11.457498,0.00011726461,0.00018804062,0.3799997,0.42602494,1,90,27,0.9117647,0.0,-1.2101443,14.671576,0.0882353
301290.SZ,14.594881,14.594881,0.00013811221,0.00018804062,0.38916636,0.26126125,1,91,229,0.8108108,0.0,-1.3461459,-10.396336,0.1891892
301291.SZ,10.373673,10.373673,0.00011405964,0.00018804062,0.37166637,0.22758621,1,12,252,0.6666667,0.0,-0.53846663,9.570525,0.33333334
301292.SZ,47.56939,47.56939,0.00036543002,0.00018804062,0.413333,0.15721649,1,1,211,0.96907216,0.0,0.50690514,2.8271277,0.030927835
301293.SZ,12.376136,12.376136,0.00012914684,0.00018804062,0.3687497,0.16781609,1,93,192,0.8666667,0.0,-0.30113003,1.933083,0.13333334
301295.SZ,16.262917,16.262917,0.00015643485,0.00018804062,0.39333302,0.14082503,1,91,229,0.81578946,0.0,-0.23703685,1.7587574,0.18421052
301296.SZ,13.804062,13.804062,0.00013896584,0.00018804062,0.3699997,0.20910384,1,23,94,0.68421054,0.0,-1.2924473,4.2140822,0.31578946
301297.SZ,16.75043,16.75043,0.00016127923,0.00018804062,0.39416635,0.10887097,1,5,286,0.8125,0.0,-1.3049469,3.020042,0.1875
301298.SZ,11.9024515,11.9024515,0.0001311093,0.00018804062,0.36291638,0.1942959,1,95,151,0.9411765,0.0,-1.473897,5.402847,0.05882353
301299.SZ,19.224432,19.224432,0.00017283762,0.00018804062,0.39999968,0.20470588,1,1,211,0.88235295,0.0,-0.6963725,11.76822,0.11764706
301300.SZ,17.571247,17.571247,0.00016570915,0.00018804062,0.38749972,0.14616756,1,22,208,0.4117647,0.0,-1.8352382,4.085558,0.5882353
301301.SZ,9.938309,9.938309,0.00010722964,0.00018804062,0.36416638,0.09195402,1,1,211,0.8666667,0.0,-1.0923734,1.6055834,0.13333334
301302.SZ,16.169035,16.169035,0.00015585347,0.00018804062,0.39583302,0.19354838,1,19,162,0.90625,0.0,-3.5908625,-5.107914,0.09375
301303.SZ,19.918917,19.918917,0.00017760557,0.00018804062,0.3687497,0.16934046,1,22,208,0.23529412,0.0,-1.6755352,3.905816,0.7647059
301305.SZ,16.545378,16.545378,0.00016129082,0.00018804062,0.37333304,0.11408199,1,86,4,0.9117647,0.0,-0.41089708,2.6618283,0.0882353
301306.SZ,25.202065,25.202065,0.00019013984,0.00018804062,0.398333,0.33333334,1,59,157,0.6388889,0.0,-1.5597055,-26.609947,0.3611111
301307.SZ,15.522071,15.522071,0.00013663959,0.00018804062,0.398333,0.3092437,1,33,251,0.74285716,0.0,-1.4725742,-26.943583,0.25714287
301308.SZ,14.8206415,14.8206415,0.00012816729,0.00018804062,0.38166636,0.33333334,1,69,305,0.7741935,0.0,-2.159071,11.349182,0.22580644
301309.SZ,14.728979,14.728979,0.0001522646,0.00018804062,0.36083305,0.09090909,1,12,252,0.4117647,0.0,-1.7828559,3.4916646,0.5882353
301310.SZ,13.3041315,13.3041315,0.00013334471,0.00018804062,0.3749997,0.23172906,1,15,191,0.9117647,0.0,0.40119705,7.8545046,0.0882353
301311.SZ,15.225819,15.225819,0.00015079165,0.00018804062,0.3899997,0.1664296,1,80,208,0.81578946,0.0,-1.4699159,-13.0406885,0.18421052
301312.SZ,18.877626,18.877626,0.00016955385,0.00018804062,0.39749968,0.13691027,1,13,40,0.9148936,0.0,-1.8388085,5.9561486,0.08510638
301313.SZ,17.622242,17.622242,0.00014185562,0.00018804062,0.39999968,0.39962122,1,33,251,0.8484849,0.0,-1.6033423,-31.18426,0.15151516
301314.SZ,16.26598,16.26598,0.0001554968,0.00018804062,0.3749997,0.11491936,1,6,36,0.78125,0.0,-0.42949063,4.482078,0.21875
301315.SZ,20.534317,20.534317,0.00018793356,0.00018804062,0.35874972,0.31439394,1,21,149,0.45454547,0.0,-2.1727333,1.4867212,0.54545456
301316.SZ,18.207075,18.207075,0.0001600004,0.00018804062,0.38333303,0.271777,1,53,16,0.6666667,0.0,-1.8156024,9.960752,0.33333334
301317.SZ,71.3063,71.3063,0.00057000195,0.00018804062,0.4491663,0.10644057,1,5,286,0.8993711,0.0,-1.7668152,15.980033,0.10062893
301318.SZ,10.674689,10.674689,0.000114565366,0.00018804062,0.38166636,0.17943548,1,13,40,0.90625,0.0,-1.9347687,4.96658,0.09375
301319.SZ,12.991196,12.991196,0.00012765605,0.00018804062,0.3799997,0.23968254,1,5,286,0.8333333,0.0,-1.2651944,10.765568,0.16666667
301320.SZ,10.37128,10.37128,0.000114688,0.00018804062,0.38083303,0.29462364,1,52,65,0.9032258,0.0,-1.8189323,3.0581152,0.09677419
301321.SZ,12.604132,12.604132,0.00011711524,0.00018804062,0.39416635,0.257468,1,61,124,0.7631579,0.0,-1.4718237,-24.368103,0.23684211
301322.SZ,15.1001,15.1001,0.00015243322,0.00018804062,0.36666638,0.12643678,1,52,65,0.8333333,0.0,-1.1130501,6.0759172,0.16666667
301323.SZ,15.563388,15.563388,0.00016152258,0.00018804062,0.35333306,0.2016129,1,22,208,0.65625,0.0,-2.553319,5.992578,0.34375
301325.SZ,11.946302,11.946302,0.00012524644,0.00018804062,0.35833305,0.22988506,1,14,83,0.93333334,0.0,-2.2315102,2.4524033,0.06666667
301326.SZ,16.753204,16.753204,0.00016462311,0.00018804062,0.36833304,0.15172414,1,87,102,0.6666667,0.0,-1.5020801,-2.7073572,0.33333334
301327.SZ,12.450714,12.450714,0.00013232327,0.00018804062,0.35791638,0.16733871,1,57,68,0.625,0.0,-2.4880624,3.921349,0.375
301328.SZ,16.91531,16.91531,0.00016704881,0.00018804062,0.35499972,0.25042018,1,51,81,0.42857143,0.0,-1.9638716,4.5759144,0.5714286
301329.SZ,11.69098,11.69098,0.00012423299,0.00018804062,0.36166638,0.068817206,1,74,159,0.8064516,0.0,-1.2853742,0.80343616,0.19354838
301330.SZ,16.029793,16.029793,0.00015665192,0.00018804062,0.3899997,0.17983194,1,1,211,0.8,0.0,-1.4957571,10.654512,0.2
301331.SZ,15.79682,15.79682,0.00015409896,0.00018804062,0.36666638,0.13793103,1,33,251,0.3,0.0,-0.56241006,2.920196,0.7
301332.SZ,17.09392,17.09392,0.00016754663,0.00018804062,0.36791638,0.13368984,1,69,305,0.4117647,0.0,0.032023516,5.675691,0.5882353
301333.SZ,18.404448,18.404448,0.00017867875,0.00018804062,0.39583302,0.27327326,1,2,80,0.3243243,0.0,-1.9506084,5.672035,0.6756757
301335.SZ,8.596807,8.596807,0.000101461075,0.00018804062,0.3541664,0.26666668,1,19,162,0.8,0.0,-0.73451,3.2866867,0.2
301336.SZ,14.212179,14.212179,0.00015055439,0.00018804062,0.35791638,0.14204545,1,91,229,0.7878788,0.0,-0.7266151,5.6995106,0.21212122
301337.SZ,14.589315,14.589315,0.00014345333,0.00018804062,0.3774997,0.23529412,1,2,80,0.5714286,0.0,-1.8565656,-2.4213908,0.42857143
301338.SZ,15.251394,15.251394,0.0001375939,0.00018804062,0.38666636,0.3368984,1,34,43,0.5,0.0,-1.79485,8.3390045,0.5
301339.SZ,16.600098,16.600098,0.00015547847,0.00018804062,0.3799997,0.14285715,1,61,124,0.2857143,0.0,-0.8155314,2.2341635,0.71428573
301345.SZ,20.640741,20.640741,0.00017642505,0.00018804062,0.400833,0.22537112,1,15,191,0.9230769,0.0,-1.5662076,13.850906,0.07692308
301348.SZ,13.140324,13.140324,0.00012656309,0.00018804062,0.38916636,0.19663866,1,27,217,0.9142857,0.0,-0.80517423,-11.744065,0.08571429
301349.SZ,13.646555,13.646555,0.00013711725,0.00018804062,0.3749997,0.1462185,1,69,305,0.7714286,0.0,-2.3842227,0.8662977,0.22857143
301353.SZ,11.191301,11.191301,0.00012302205,0.00018804062,0.36541638,0.19073084,1,19,162,0.9117647,0.0,-1.076803,7.6044574,0.0882353
301355.SZ,13.107712,13.107712,0.00012568136,0.00018804062,0.3774997,0.25319397,1,14,83,0.88095236,0.0,-1.1237142,1.8570166,0.11904762
301356.SZ,7.1339145,7.1339145,8.9466106e-05,0.00018804062,0.35624972,0.15719697,1,102,50,0.969697,0.0,-0.68728787,3.6149304,0.030303031
301357.SZ,27.977722,27.977722,0.00021177669,0.00018804062,0.3924997,0.2888889,1,69,305,0.9130435,0.0,-1.1451044,2.3143308,0.08695652
301358.SZ,16.431648,16.431648,0.00016262961,0.00018804062,0.3774997,0.17234848,1,21,149,0.6969697,0.0,-1.4920213,3.4346018,0.3030303
301359.SZ,11.15495,11.15495,0.00012173268,0.00018804062,0.35583305,0.20677362,1,12,252,0.7058824,0.0,-2.5666444,4.8192616,0.29411766
301360.SZ,15.796569,15.796569,0.00015462434,0.00018804062,0.35791638,0.14204545,1,12,252,0.45454547,0.0,-1.0105243,0.11810308,0.54545456
301361.SZ,18.022621,18.022621,0.00016834048,0.00018804062,0.39333302,0.21176471,1,27,217,0.6666667,0.0,-1.4557861,11.143583,0.33333334
301362.SZ,18.132456,18.132456,0.00017251026,0.00018804062,0.3849997,0.11261261,1,12,252,0.6756757,0.0,-0.4755757,3.7286184,0.3243243
301363.SZ,17.32197,17.32197,0.00016289031,0.00018804062,0.38583302,0.17301588,1,95,151,0.8611111,0.0,-0.83488333,9.971874,0.1388889
301365.SZ,21.1192,21.1192,0.00019520424,0.00018804062,0.36833304,0.1308677,1,93,192,0.7105263,0.0,-1.2394395,4.212082,0.28947368
301366.SZ,11.559134,11.559134,0.00011929753,0.00018804062,0.3637497,0.14393939,1,22,208,0.93939394,0.0,-1.2105577,2.1400695,0.060606062
301367.SZ,20.458801,20.458801,0.00019047571,0.00018804062,0.3824997,0.13937283,1,51,81,0.6666667,0.0,-1.3942214,4.925894,0.33333334
301368.SZ,13.525985,13.525985,0.00012638466,0.00018804062,0.39749968,0.24182077,1,22,208,0.92105263,0.0,-1.5376921,-22.26318,0.078947365
301369.SZ,16.867285,16.867285,0.00014901989,0.00018804062,0.38666636,0.22016807,1,40,114,0.54285717,0.0,-0.5044629,1.4847571,0.45714286
301370.SZ,12.206229,12.206229,0.00012442801,0.00018804062,0.3674997,0.1277311,1,93,192,0.7714286,0.0,-1.3447857,6.005331,0.22857143
301371.SZ,19.583014,19.583014,0.0001800135,0.00018804062,0.39416635,0.22962964,1,95,151,0.9818182,0.0,-0.17860353,6.83979,0.018181818
301372.SZ,15.571187,15.571187,0.00015110736,0.00018804062,0.3899997,0.0990991,1,5,286,0.6756757,0.0,-1.0353621,0.060288727,0.3243243
301373.SZ,49.388355,49.388355,0.0004053263,0.00018804062,0.4224997,0.18294308,1,21,149,0.8543689,0.0,-0.56636316,6.6028085,0.14563107
301376.SZ,17.036211,17.036211,0.00017074037,0.00018804062,0.35999972,0.12941177,1,21,149,0.94285715,0.0,-1.10466,1.703977,0.057142857
301377.SZ,31.40034,31.40034,0.00024928234,0.00018804062,0.39416635,0.24659865,1,20,96,0.8367347,0.0,-2.2195652,10.455834,0.1632653
301378.SZ,15.66487,15.66487,0.00013876759,0.00018804062,0.38833302,0.27395412,1,5,286,0.7692308,0.0,-2.3427718,-14.693187,0.23076923
301379.SZ,13.060276,13.060276,0.00013744045,0.00018804062,0.38083303,0.21746881,1,95,151,0.9411765,0.0,-1.9378117,-0.72908884,0.05882353
301380.SZ,6.410593,6.410593,8.161945e-05,0.00018804062,0.3649997,0.2,1,12,252,0.93333334,0.0,-0.64633334,2.8892553,0.06666667
301381.SZ,5.6575146,5.6575146,6.901049e-05,0.00018804062,0.38416636,0.3264368,1,41,2,0.96666664,0.0,-0.38920334,12.25213,0.033333335
301382.SZ,15.508796,15.508796,0.0001528446,0.00018804062,0.38166636,0.16190477,1,51,81,0.44444445,0.0,-0.95896125,7.941909,0.5555556
301383.SZ,19.375463,19.375463,0.0001709459,0.00018804062,0.37666637,0.42068964,1,11,17,0.46666667,0.0,-1.7595199,-0.6022209,0.53333336
301386.SZ,16.423132,16.423132,0.00016093017,0.00018804062,0.37166637,0.21219513,1,74,159,0.4878049,0.0,-0.10339752,4.8220954,0.5121951
301387.SZ,13.109155,13.109155,0.00012345094,0.00018804062,0.37583303,0.4090909,1,27,217,0.8181818,0.0,-0.58289385,2.2451637,0.18181819
301388.SZ,14.910484,14.910484,0.00015486742,0.00018804062,0.35833305,0.19073084,1,89,72,0.7941176,0.0,-1.0553528,4.509421,0.20588236
301389.SZ,15.291614,15.291614,0.0001477106,0.00018804062,0.37333304,0.37878788,1,30,30,0.45454547,0.0,0.008727247,7.6914716,0.54545456
301390.SZ,15.253914,15.253914,0.00015453616,0.00018804062,0.37166637,0.18571429,1,21,149,0.9166667,0.0,-1.3699417,3.2010999,0.083333336
301391.SZ,15.328652,15.328652,0.00014934335,0.00018804062,0.37333304,0.13650794,1,40,114,0.6388889,0.0,-0.8363917,4.4622803,0.3611111
301392.SZ,26.92386,26.92386,0.00020461064,0.00018804062,0.37833303,0.2897898,1,59,157,0.8378378,0.0,-0.7991081,3.726991,0.16216215
301393.SZ,15.172869,15.172869,0.00015336643,0.00018804062,0.3874997,0.25977013,1,27,217,0.3,0.0,-1.43121,5.8361998,0.7
301395.SZ,8.173667,8.173667,9.3033515e-05,0.00018804062,0.37083304,0.16551724,1,12,252,0.8666667,0.0,-1.94006,2.5753598,0.13333334
301396.SZ,127.2875,127.2875,0.0008984079,0.00018804062,0.47583294,0.09933506,1,34,43,0.8894472,0.0,-1.8069955,5.817256,0.110552765
301397.SZ,13.717568,13.717568,0.00013910557,0.00018804062,0.36041638,0.08392603,1,2,80,0.81578946,0.0,-1.3097211,1.9926059,0.18421052
301398.SZ,14.839993,14.839993,0.0001498834,0.00018804062,0.37916636,0.12063492,1,21,149,0.6944444,0.0,-1.4592806,4.0364747,0.30555555
301399.SZ,13.997124,13.997124,0.00013505647,0.00018804062,0.38916636,0.14444445,1,22,208,0.75,0.0,-0.4855389,1.8256323,0.25
301408.SZ,26.533209,26.533209,0.00023408594,0.00018804062,0.39166635,0.20734464,1,43,94,0.73333335,0.0,0.68364495,7.8716416,0.26666668
301413.SZ,13.352402,13.352402,0.00013284075,0.00018804062,0.37083304,0.1139785,1,74,159,0.7419355,0.0,-1.5248967,3.1161253,0.2580645
301418.SZ,13.862848,13.862848,0.0001441431,0.00018804062,0.3662497,0.20265152,1,5,286,0.57575756,0.0,-1.5799758,1.3471491,0.42424244
301419.SZ,14.184675,14.184675,0.00014312012,0.00018804062,0.37583303,0.17137097,1,80,208,0.6875,0.0,-1.8094438,7.731099,0.3125
301421.SZ,16.362196,16.362196,0.00014539635,0.00018804062,0.39416635,0.28609985,1,27,217,0.71794873,0.0,-1.5308822,0.48309034,0.2820513
301428.SZ,21.62691,21.62691,0.00019580683,0.00018804062,0.34583306,0.2777778,1,93,192,0.2777778,0.0,-1.6108556,1.4583777,0.7222222
301429.SZ,14.203608,14.203608,0.00014470048,0.00018804062,0.37791637,0.17424242,1,95,151,0.8787879,0.0,-1.3423092,-1.0178388,0.121212125
301439.SZ,17.572254,17.572254,0.00017052647,0.00018804062,0.3624997,0.18716578,1,13,40,0.9117647,0.0,-1.2951059,3.761021,0.0882353
301446.SZ,10.350839,10.350839,0.00010855916,0.00018804062,0.3874997,0.27816093,1,33,251,0.93333334,0.0,-1.6119434,10.564815,0.06666667
301448.SZ,25.38102,25.38102,0.00019889681,0.00018804062,0.3749997,0.1949495,1,20,96,0.7777778,0.0,-1.11938,0.2004671,0.22222222
301449.SZ,18.775965,18.775965,0.0001716522,0.00018804062,0.38041636,0.2347826,1,1,211,0.84782606,0.0,-2.0704284,10.188214,0.1521739
301456.SZ,10.053294,10.053294,0.00011228376,0.00018804062,0.3554164,0.2344086,1,27,217,0.67741936,0.0,-1.8249161,2.6869195,0.32258064
301458.SZ,18.184422,18.184422,0.00016586833,0.00018804062,0.3874997,0.12051282,1,23,94,0.7,0.0,-1.3955824,9.652928,0.3
301459.SZ,13.439419,13.439419,0.00014347867,0.00018804062,0.35208306,0.20454545,1,27,217,0.6060606,0.0,-1.5872122,5.0883546,0.3939394
301468.SZ,15.282307,15.282307,0.0001477053,0.00018804062,0.39333305,0.15789473,1,30,30,0.74358976,0.0,-0.3693051,3.524264,0.25641027
301469.SZ,18.15813,18.15813,0.00017397825,0.00018804062,0.37916636,0.14015152,1,96,56,0.90909094,0.0,-1.7614788,3.8993948,0.09090909
301479.SZ,16.447048,16.447048,0.00015694826,0.00018804062,0.37416637,0.15329768,1,12,252,0.5,0.0,-1.2260325,-2.3600814,0.5
301486.SZ,18.95944,18.95944,0.00016397172,0.00018804062,0.39249972,0.16829269,1,95,151,0.9512195,0.0,-1.3986707,4.3953724,0.048780486
301487.SZ,13.870663,13.870663,0.00012386164,0.00018804062,0.3849997,0.31907308,1,5,286,0.9705882,0.0,-0.74029124,1.8579912,0.029411765
301488.SZ,15.999458,15.999458,0.00015167469,0.00018804062,0.39666635,0.13360325,1,19,162,0.84615386,0.0,-1.5872642,-9.560388,0.15384616
301489.SZ,16.133125,16.133125,0.0001455961,0.00018804062,0.39749968,0.21585366,1,33,251,0.7804878,0.0,-1.5667853,9.593033,0.2195122
301491.SZ,18.590075,18.590075,0.00017736632,0.00018804062,0.3516664,0.12063492,1,89,72,0.6944444,0.0,-1.7084471,4.773035,0.30555555
301498.SZ,15.134486,15.134486,0.00014360454,0.00018804062,0.3649997,0.14712644,1,61,124,0.4,0.0,-1.3243234,2.3833542,0.6
301499.SZ,12.004778,12.004778,0.0001274696,0.00018804062,0.36124972,0.11586453,1,23,94,0.88235295,0.0,-1.1836883,4.9363203,0.11764706
301500.SZ,13.579068,13.579068,0.00013754073,0.00018804062,0.3799997,0.15462185,1,33,251,0.82857144,0.0,-0.6654601,8.295011,0.17142858
301501.SZ,13.299747,13.299747,0.00012917063,0.00018804062,0.398333,0.26726726,1,12,252,0.6756757,0.0,-0.9917946,16.135334,0.3243243
301502.SZ,17.431534,17.431534,0.00016921615,0.00018804062,0.36458305,0.15714286,1,24,84,0.9722222,0.0,-0.8714111,4.7806444,0.027777778
301503.SZ,15.664428,15.664428,0.00015514866,0.00018804062,0.37083304,0.13445379,1,22,208,0.62857145,0.0,-2.7342885,0.3515835,0.37142858
301505.SZ,18.609089,18.609089,0.00017953121,0.00018804062,0.37041637,0.13090418,1,33,251,0.2820513,0.0,-1.8663436,4.612612,0.71794873
301507.SZ,14.090857,14.090857,0.00013770873,0.00018804062,0.3841664,0.3244207,1,91,229,0.8235294,0.0,-0.6750677,12.237146,0.1764706
301508.SZ,18.374863,18.374863,0.00017420383,0.00018804062,0.38166636,0.120910384,1,69,305,0.7368421,0.0,-1.3218712,7.0735354,0.2631579
301509.SZ,13.628619,13.628619,0.0001397201,0.00018804062,0.39499968,0.1966967,1,80,208,0.8918919,0.0,-1.7479514,7.753112,0.10810811
301510.SZ,16.510372,16.510372,0.00016269364,0.00018804062,0.35999972,0.1536273,1,12,252,0.2631579,0.0,-1.257542,1.2021557,0.7368421
301511.SZ,135.89342,135.89342,0.00091799576,0.00018804062,0.43416634,0.14508945,1,76,26,0.96385545,0.0,-1.6245592,1.791298,0.036144577
301512.SZ,20.421402,20.421402,0.0001736258,0.00018804062,0.40916637,0.22612245,1,21,149,0.76,0.0,-1.751004,-13.144753,0.24
301513.SZ,75.46444,75.46444,0.0005987271,0.00018804062,0.43583298,0.12861869,1,53,16,0.92948717,0.0,0.07995062,9.835425,0.070512824
301515.SZ,16.686459,16.686459,0.00016498244,0.00018804062,0.38583302,0.07308378,1,91,229,0.85294116,0.0,-1.1005471,0.5407764,0.14705883
301516.SZ,15.717356,15.717356,0.00015287555,0.00018804062,0.39916635,0.17770036,1,27,217,0.6666667,0.0,-0.3806309,-9.547981,0.33333334
301517.SZ,10.165598,10.165598,0.00010095613,0.00018804062,0.3874997,0.33901516,1,20,96,0.90909094,0.0,-1.1241636,-24.981964,0.09090909
301518.SZ,10.7311325,10.7311325,0.00011396892,0.00018804062,0.37583303,0.16366367,1,95,151,1.0,0.0,-0.64709455,0.085195504,0.0
301519.SZ,16.34224,16.34224,0.00016115642,0.00018804062,0.3749997,0.14795008,1,7,111,0.5882353,0.0,-1.0715853,-0.101707585,0.4117647
301520.SZ,15.337267,15.337267,0.00014967789,0.00018804062,0.38166636,0.08739496,1,5,286,0.74285716,0.0,-1.7444,1.7174828,0.25714287
301522.SZ,13.962837,13.962837,0.00014378036,0.00018804062,0.3649997,0.19786096,1,5,286,0.61764705,0.0,-0.8322441,2.025545,0.38235295
301525.SZ,16.369192,16.369192,0.0001552761,0.00018804062,0.35624972,0.2807808,1,34,43,0.4054054,0.0,-0.4615054,0.041588746,0.5945946
301526.SZ,19.316086,19.316086,0.00016622606,0.00018804062,0.40166634,0.2,1,40,114,0.7804878,0.0,-0.21664865,-0.9083855,0.2195122
301528.SZ,17.97942,17.97942,0.0001697149,0.00018804062,0.37416637,0.06477733,1,80,208,0.82051283,0.0,-1.5539436,-1.9093814,0.17948718
301529.SZ,13.297548,13.297548,0.00013534937,0.00018804062,0.38833302,0.20199147,1,13,40,0.81578946,0.0,-2.604387,12.031451,0.18421052
301533.SZ,13.663543,13.663543,0.00014073553,0.00018804062,0.36041638,0.09425288,1,96,56,0.93333334,0.0,-0.7964,5.85514,0.06666667
301535.SZ,14.872517,14.872517,0.00015275506,0.00018804062,0.36166638,0.11596639,1,5,286,0.62857145,0.0,-0.7201343,4.810226,0.37142858
301536.SZ,12.387751,12.387751,0.00011884805,0.00018804062,0.3874997,0.3044355,1,5,286,0.8125,0.0,-2.0946531,15.341284,0.1875
301538.SZ,17.872587,17.872587,0.00016266642,0.00018804062,0.39749968,0.26024362,1,19,162,0.88372093,0.0,-1.0448909,13.673433,0.11627907
301539.SZ,8.780743,8.780743,0.0001026096,0.00018804062,0.36583304,0.2689655,1,93,192,0.96666664,0.0,-1.0459567,6.469742,0.033333335
301548.SZ,15.976983,15.976983,0.00015055042,0.00018804062,0.38166636,0.27642277,1,95,151,0.5952381,0.0,-1.7562547,10.607069,0.4047619
301550.SZ,21.051203,21.051203,0.0001783309,0.00018804062,0.40249968,0.16134752,1,93,192,0.8125,0.0,-2.0719938,7.9577575,0.1875
301551.SZ,15.284124,15.284124,0.00014187928,0.00018804062,0.38916636,0.41889483,1,95,151,0.9705882,0.0,-0.7944324,15.697679,0.029411765
301552.SZ,16.87825,16.87825,0.00015191585,0.00018804062,0.39333302,0.21370499,1,90,27,0.78571427,0.0,-2.2375596,13.973037,0.21428572
301555.SZ,8.882865,8.882865,0.000101936144,0.00018804062,0.3674997,0.2091954,1,27,217,0.76666665,0.0,-2.0015566,4.276313,0.23333333
301556.SZ,13.551488,13.551488,0.00012894053,0.00018804062,0.38833302,0.18618618,1,27,217,0.8648649,0.0,-1.836373,12.695732,0.13513513
301557.SZ,16.86253,16.86253,0.0001636013,0.00018804062,0.3866664,0.18003565,1,1,211,0.7352941,0.0,-1.1876118,5.105266,0.2647059
301558.SZ,99.13101,99.13101,0.00069536903,0.00018804062,0.43749967,0.16753669,1,69,305,0.91608393,0.0,-1.3551531,0.7875441,0.08391608
301559.SZ,9.549457,9.549457,0.000107391505,0.00018804062,0.35583305,0.14285715,1,21,149,0.9444444,0.0,-2.3016,3.013706,0.055555556
301560.SZ,22.652834,22.652834,0.00020658513,0.00018804062,0.38916636,0.15366001,1,89,72,0.7758621,0.0,-0.53128797,10.091842,0.22413793
301563.SZ,14.820077,14.820077,0.00014653783,0.00018804062,0.38083303,0.12944524,1,38,1,1.0,0.0,-2.810208,10.309281,0.0
301565.SZ,10.208591,10.208591,0.00011121185,0.00018804062,0.37916636,0.2137931,1,95,151,0.96666664,0.0,-3.0331903,4.228612,0.033333335
301566.SZ,20.18435,20.18435,0.00017979949,0.00018804062,0.398333,0.20744681,1,51,81,0.7708333,0.0,-0.9580563,10.828149,0.22916667
301567.SZ,12.419838,12.419838,0.00013020643,0.00018804062,0.36458305,0.122994654,1,80,208,0.7647059,0.0,-1.0593206,2.7204266,0.23529412
301568.SZ,17.724426,17.724426,0.00016210615,0.00018804062,0.39499968,0.22435898,1,89,72,0.9,0.0,-1.9577649,15.210864,0.1
301571.SZ,13.307275,13.307275,0.00013431371,0.00018804062,0.3699997,0.12834224,1,12,252,0.5294118,0.0,-1.4661735,2.8695753,0.47058824
301575.SZ,12.937844,12.937844,0.00013329458,0.00018804062,0.39083302,0.15151516,1,1,211,0.93939394,0.0,-1.4623514,10.681516,0.060606062
301577.SZ,16.302296,16.302296,0.0001571562,0.00018804062,0.3787497,0.16091955,1,5,286,0.8333333,0.0,-0.16608334,0.597454,0.16666667
301578.SZ,14.402815,14.402815,0.00014338888,0.00018804062,0.36916637,0.11612903,1,96,56,0.7741935,0.0,-1.4887353,3.9381855,0.22580644
301580.SZ,10.5881,10.5881,0.00010675104,0.00018804062,0.3849997,0.3419355,1,20,96,0.8064516,0.0,-1.802961,17.54768,0.19354838
301581.SZ,17.3998,17.3998,0.00016773304,0.00018804062,0.3774997,0.15396826,1,33,251,0.3611111,0.0,-1.4468806,5.743868,0.6388889
301584.SZ,17.617968,17.617968,0.00016873128,0.00018804062,0.39333302,0.1695122,1,33,251,0.4390244,0.0,-1.3838634,-3.384152,0.5609756
301585.SZ,15.250001,15.250001,0.00015425889,0.00018804062,0.3674997,0.13068181,1,19,162,0.8181818,0.0,-0.8965697,5.215767,0.18181819
301586.SZ,19.385141,19.385141,0.00018234018,0.00018804062,0.38166636,0.14439946,1,22,208,0.30769232,0.0,-0.6625077,3.1525915,0.6923077
301587.SZ,15.786874,15.786874,0.00015394113,0.00018804062,0.36333305,0.14795008,1,23,94,0.38235295,0.0,-2.045847,3.4524283,0.61764705
301588.SZ,25.462254,25.462254,0.0002222063,0.00018804062,0.39999968,0.17481203,1,69,305,0.68421054,0.0,0.57765436,4.3944883,0.31578946
301589.SZ,17.68474,17.68474,0.00016046182,0.00018804062,0.3899997,0.27560976,1,89,72,0.8292683,0.0,-0.46758047,14.721427,0.17073171
301590.SZ,10.086222,10.086222,0.000109458706,0.00018804062,0.37166637,0.16287878,1,1,211,0.90909094,0.0,-2.0471606,5.1148906,0.09090909
301591.SZ,12.6172495,12.6172495,0.0001288259,0.00018804062,0.38583302,0.2788051,1,91,229,0.8684211,0.0,-1.4208263,13.454684,0.13157895
301592.SZ,17.942513,17.942513,0.00015391347,0.00018804062,0.398333,0.21616162,1,69,305,0.73333335,0.0,-2.0398064,-15.498001,0.26666668
301595.SZ,17.728704,17.728704,0.0001734596,0.00018804062,0.37166637,0.17460318,1,27,217,0.4722222,0.0,-0.7104584,1.793485,0.5277778
301596.SZ,18.193079,18.193079,0.00017173993,0.00018804062,0.398333,0.13333334,1,5,286,0.73333335,0.0,-1.3474287,11.095017,0.26666668
301598.SZ,10.965062,10.965062,0.00011380161,0.00018804062,0.39333302,0.2968961,1,87,102,0.9230769,0.0,-1.7497152,16.552675,0.07692308
301600.SZ,13.039747,13.039747,0.000125135,0.00018804062,0.39916635,0.28024194,1,5,286,0.84375,0.0,-2.0006375,16.146254,0.15625
301601.SZ,12.924325,12.924325,0.00013916053,0.00018804062,0.36124972,0.15238096,1,5,286,0.6944444,0.0,-0.99087214,3.3693063,0.30555555
301602.SZ,16.161999,16.161999,0.00014981834,0.00018804062,0.38583302,0.33873144,1,34,43,0.8717949,0.0,-1.0328436,13.656255,0.12820514
301603.SZ,12.790873,12.790873,0.000121288205,0.00018804062,0.36833304,0.4224599,1,95,151,0.9705882,0.0,-1.9183736,13.994605,0.029411765
301606.SZ,16.199228,16.199228,0.00014126218,0.00018804062,0.3924997,0.42992425,1,41,2,0.969697,0.0,-0.6251939,20.51954,0.030303031
301607.SZ,15.992278,15.992278,0.00015464656,0.00018804062,0.3874997,0.16194332,1,15,191,0.6666667,0.0,-1.8671845,13.351213,0.33333334
301608.SZ,16.156511,16.156511,0.000157088,0.00018804062,0.39749968,0.07777778,1,96,56,0.9444444,0.0,-0.69191384,7.1827493,0.055555556
301609.SZ,14.312384,14.312384,0.00013852512,0.00018804062,0.3924997,0.2388664,1,2,80,0.82051283,0.0,-1.7269819,16.495096,0.17948718
301611.SZ,51.398903,51.398903,0.00038482246,0.00018804062,0.418333,0.25801802,1,11,17,0.7866667,0.0,-2.1543064,8.896859,0.21333334
301613.SZ,11.633438,11.633438,0.00011751891,0.00018804062,0.400833,0.22820513,1,59,157,0.775,0.0,-0.72932,14.8793,0.225
301616.SZ,21.358276,21.358276,0.00019074419,0.00018804062,0.400833,0.25061226,1,51,81,0.56,0.0,-1.5475762,13.127114,0.44
301617.SZ,16.888475,16.888475,0.00016498535,0.00018804062,0.3924997,0.15641026,1,52,65,0.6,0.0,-2.2560802,4.6340995,0.4
301618.SZ,15.667204,15.667204,0.00015655544,0.00018804062,0.34708306,0.2869875,1,15,191,0.47058824,0.0,0.27190882,4.4742002,0.5294118
301622.SZ,18.837685,18.837685,0.00017889432,0.00018804062,0.3749997,0.2517781,1,7,111,0.31578946,0.0,-2.184737,-0.16083485,0.68421054
301626.SZ,17.964697,17.964697,0.00015339979,0.00018804062,0.39333302,0.27738264,1,89,72,0.8684211,0.0,-2.5522158,8.862239,0.13157895
301628.SZ,18.37221,18.37221,0.00017696989,0.00018804062,0.37333304,0.114709854,1,1,211,0.84615386,0.0,-1.7755538,7.909562,0.15384616
301629.SZ,16.117027,16.117027,0.00013326529,0.00018804062,0.38583302,0.31907308,1,15,191,0.9705882,0.0,-1.36655,3.8012283,0.029411765
301630.SZ,15.224426,15.224426,0.00014577969,0.00018804062,0.37083304,0.31294453,1,13,40,0.7631579,0.0,-1.8075395,12.084852,0.23684211
301631.SZ,19.448843,19.448843,0.00018245044,0.00018804062,0.38666636,0.11111111,1,95,151,0.8888889,0.0,-0.6939166,4.446413,0.11111111
301632.SZ,8.396151,8.396151,9.918218e-05,0.00018804062,0.3624997,0.3181818,1,13,40,0.969697,0.0,-1.0715303,2.0639124,0.030303031
301633.SZ,18.074078,18.074078,0.00017459715,0.00018804062,0.3712497,0.13798009,1,5,286,0.7105263,0.0,-1.0749184,5.8172493,0.28947368
301636.SZ,16.781311,16.781311,0.00015666576,0.00018804062,0.38083303,0.23361522,1,40,114,0.65909094,0.0,-0.5770705,10.286384,0.3409091
301638.SZ,23.143522,23.143522,0.00019750537,0.00018804062,0.38833302,0.23215686,1,102,50,0.5686275,0.0,-1.5692801,5.95763,0.43137255
301656.SZ,14.827396,14.827396,0.00014863687,0.00018804062,0.3824997,0.16825397,1,80,208,0.8055556,0.0,-1.8707665,14.195133,0.19444445
301658.SZ,8.765124,8.765124,9.913792e-05,0.00018804062,0.38166636,0.24596775,1,21,149,0.90625,0.0,-0.7726875,7.1671653,0.09375
301662.SZ,12.5603895,12.5603895,0.000120782526,0.00018804062,0.40166634,0.30364373,1,12,252,0.82051283,0.0,-1.504682,-22.162785,0.17948718
301665.SZ,16.274633,16.274633,0.00015827185,0.00018804062,0.39916635,0.18571429,1,6,36,0.8611111,0.0,-1.2740362,10.539651,0.1388889
301666.SZ,369.42282,369.42282,0.0024348053,0.00018804062,0.5474996,0.048533924,1,95,151,0.9838384,0.0,-1.2951623,-9.6074505,0.016161617
301667.SZ,40.900185,40.900185,0.00032832258,0.00018804062,0.413333,0.18879856,1,11,17,0.80487806,0.0,-0.93350863,6.8211975,0.19512194
301668.SZ,13.079239,13.079239,0.00012654926,0.00018804062,0.40166634,0.28070176,1,1,211,0.8974359,0.0,-1.3274152,15.908977,0.102564104
301678.SZ,12.255193,12.255193,0.00012596905,0.00018804062,0.38666636,0.10537634,1,80,208,0.67741936,0.0,-1.9025773,-0.91933167,0.32258064
301680.SZ,33.373863,33.373863,0.00028065222,0.00018804062,0.408333,0.18393327,1,12,252,0.7647059,0.0,-1.4333427,13.984183,0.23529412
301682.SZ,12.983484,12.983484,0.00012221296,0.00018804062,0.37333304,0.36742425,1,7,111,0.90909094,0.0,-1.710091,13.868347,0.09090909
301683.SZ,105.11194,105.11194,0.0008299829,0.00018804062,0.46249965,0.09300699,1,95,151,0.9276018,0.0,-0.6072814,9.42024,0.07239819
301687.SZ,22.159273,22.159273,0.0001924778,0.00018804062,0.3899997,0.22222222,1,24,84,0.8695652,0.0,-1.9173541,11.406989,0.13043478
301696.SZ,233.92772,233.92772,0.0017898771,0.00018804062,0.5316663,0.043779816,1,1,211,0.9190871,0.0,-1.2015921,11.945956,0.080912866
302132.SZ,12.514552,12.514552,0.000121593446,0.00018804062,0.3849997,0.21463415,1,59,157,0.85365856,0.0,-1.972917,14.235262,0.14634146
600000.SH,14.645905,14.645905,0.0001429798,0.00018804062,0.35083306,0.28787878,1,7,111,0.54545456,0.0,-0.6566849,7.102418,0.45454547
600004.SH,5.7276993,5.7276993,7.19139e-05,0.00018804062,0.38333303,0.32873562,1,69,305,0.9,0.0,-0.79627675,15.085636,0.1
600006.SH,16.565496,16.565496,0.00014635151,0.00018804062,0.40499967,0.25243902,1,96,56,0.902439,0.0,-1.3040901,-19.121561,0.09756097
600007.SH,20.103128,20.103128,0.0001726094,0.00018804062,0.39083302,0.30121952,1,61,124,0.75609756,0.0,-0.8383951,13.575021,0.24390244
600008.SH,12.778182,12.778182,0.00013636707,0.00018804062,0.35999972,0.23328592,1,22,208,0.81578946,0.0,-0.8393026,3.9222975,0.18421052
600009.SH,11.322205,11.322205,0.00012165661,0.00018804062,0.35458305,0.10344828,1,52,65,0.8666667,0.0,-1.1090467,5.9247885,0.13333334
600010.SH,13.546329,13.546329,0.00012693161,0.00018804062,0.36166638,0.23193277,1,23,94,0.71428573,0.0,-1.4118772,1.6891714,0.2857143
600011.SH,16.967335,16.967335,0.00016715302,0.00018804062,0.35874972,0.17267267,1,93,192,0.8648649,0.0,-0.19630809,4.461543,0.13513513
600012.SH,19.555607,19.555607,0.00018395856,0.00018804062,0.3824997,0.16173361,1,52,65,0.6818182,0.0,-0.3211591,9.777448,0.3181818
600015.SH,12.867501,12.867501,0.00012797784,0.00018804062,0.35791638,0.39717743,1,13,40,0.875,0.0,-0.016540647,8.3804,0.125
600016.SH,17.573217,17.573217,0.00017023223,0.00018804062,0.35499972,0.2045977,1,21,149,0.5,0.0,-0.90573335,4.4852366,0.5
600017.SH,15.340849,15.340849,0.00015327948,0.00018804062,0.3541664,0.23484848,1,22,208,0.6666667,0.0,-0.23279999,4.824802,0.33333334
600018.SH,11.47082,11.47082,0.00011553593,0.00018804062,0.38583302,0.32222223,1,12,252,0.8333333,0.0,-0.5309751,16.731522,0.16666667
600019.SH,13.997502,13.997502,0.00014196406,0.00018804062,0.35999972,0.10537634,1,69,305,0.7096774,0.0,-0.790029,2.209699,0.29032257
600020.SH,8.992796,8.992796,0.00010933985,0.00018804062,0.35499972,0.41075268,1,76,26,0.9677419,0.0,0.11317099,6.124671,0.032258064
600021.SH,21.357893,21.357893,0.00020064451,0.00018804062,0.35374972,0.3133998,1,102,50,0.3255814,0.0,-0.03979535,5.092874,0.6744186
600022.SH,16.521955,16.521955,0.00015621494,0.00018804062,0.38166636,0.14285715,1,19,162,0.8333333,0.0,-0.61785007,-10.487925,0.16666667
600023.SH,18.49376,18.49376,0.00017988229,0.00018804062,0.3699997,0.14444445,1,33,251,0.3611111,0.0,0.061058357,4.2860584,0.6388889
600025.SH,10.627134,10.627134,0.0001083505,0.00018804062,0.38083303,0.4402852,1,15,191,0.7941176,0.0,-0.21630299,14.318718,0.20588236
600026.SH,19.005568,19.005568,0.00018382874,0.00018804062,0.36916637,0.13015874,1,57,68,0.9444444,0.0,-1.1317,2.144775,0.055555556
600027.SH,17.926414,17.926414,0.00017888943,0.00018804062,0.35374972,0.24603175,1,95,151,0.6666667,0.0,0.564625,6.2093806,0.33333334
600028.SH,12.755668,12.755668,0.00013465034,0.00018804062,0.35958305,0.2,1,27,217,0.48387095,0.0,-1.081329,2.444272,0.516129
600029.SH,7.2102494,7.2102494,8.320661e-05,0.00018804062,0.3824997,0.3125,1,24,84,0.90625,0.0,-0.5207844,-18.919687,0.09375
600030.SH,9.560338,9.560338,0.000100987745,0.00018804062,0.34958306,0.35698923,1,19,162,0.9032258,0.0,-0.33246776,7.717803,0.09677419
600031.SH,12.804895,12.804895,0.00013354205,0.00018804062,0.398333,0.20336135,1,59,157,0.54285717,0.0,-1.424757,3.8931532,0.45714286
600032.SH,11.726291,11.726291,0.00012453673,0.00018804062,0.3529164,0.12643678,1,69,305,0.9,0.0,1.47336,3.0694532,0.1
600033.SH,16.397629,16.397629,0.0001546999,0.00018804062,0.38416636,0.337763,1,24,84,0.7906977,0.0,-0.40017438,13.098139,0.20930232
600035.SH,13.599606,13.599606,0.00015029684,0.00018804062,0.36291638,0.24039829,1,91,229,0.65789473,0.0,-0.24696842,5.8039284,0.34210527
600036.SH,34.56431,34.56431,0.000301221,0.00018804062,0.3737497,0.2850076,1,77,117,0.6849315,0.0,-0.22429861,7.120954,0.31506848
600037.SH,10.551467,10.551467,0.00010434666,0.00018804062,0.3699997,0.375,1,2,80,0.90909094,0.0,-0.9089364,-0.06547874,0.09090909
600038.SH,17.162546,17.162546,0.00016503231,0.00018804062,0.38583302,0.15647227,1,24,84,0.5263158,0.0,-0.6144764,3.1859047,0.47368422
600039.SH,12.8405485,12.8405485,0.00013981997,0.00018804062,0.3541664,0.26881722,1,27,217,0.58064514,0.0,-1.0454032,4.66098,0.41935483
600048.SH,13.154222,13.154222,0.00013619786,0.00018804062,0.36166638,0.118618615,1,12,252,0.5945946,0.0,-0.64161354,-3.5300372,0.4054054
600050.SH,12.399494,12.399494,0.0001346729,0.00018804062,0.35708305,0.13978495,1,27,217,0.48387095,0.0,-1.0299484,5.235689,0.516129
600051.SH,10.156081,10.156081,0.000112785776,0.00018804062,0.36166638,0.21149425,1,15,191,0.8666667,0.0,-1.06561,-1.7781799,0.13333334
600052.SH,16.99997,16.99997,0.00016821176,0.00018804062,0.3624997,0.2620321,1,26,39,0.3529412,0.0,0.35829702,3.5554824,0.64705884
600053.SH,19.760036,19.760036,0.00016940794,0.00018804062,0.37583303,0.2414175,1,80,208,0.7209302,0.0,-1.740393,-8.553915,0.27906978
600054.SH,13.869032,13.869032,0.00013545131,0.00018804062,0.3774997,0.27462122,1,20,96,0.6060606,0.0,-0.5798727,8.459751,0.3939394
600055.SH,17.935114,17.935114,0.0001578411,0.00018804062,0.39416635,0.28536585,1,26,39,0.68292683,0.0,-1.0064708,-16.40347,0.31707317
600056.SH,12.808297,12.808297,0.00013309882,0.00018804062,0.34833306,0.36290324,1,103,2,0.96875,0.0,-0.84281254,0.10508454,0.03125
600057.SH,12.37654,12.37654,0.0001315085,0.00018804062,0.34958306,0.2,1,24,84,0.6333333,0.0,-0.9580166,3.0175333,0.36666667
600058.SH,19.938622,19.938622,0.00016604789,0.00018804062,0.36916637,0.2292683,1,52,65,0.9268293,0.0,-0.8504634,0.5040297,0.07317073
600059.SH,9.48071,9.48071,0.00010593538,0.00018804062,0.37166637,0.08045977,1,93,192,0.93333334,0.0,-0.62352,3.0300624,0.06666667
600060.SH,12.300401,12.300401,0.00012784744,0.00018804062,0.37916636,0.22782259,1,59,157,0.84375,0.0,-0.029246867,11.641869,0.15625
600061.SH,39.584156,39.584156,0.00035302047,0.00018804062,0.38333303,0.1364047,1,33,251,0.86585367,0.0,-0.79864633,5.077446,0.13414635
600062.SH,19.852076,19.852076,0.00017328798,0.00018804062,0.38916636,0.30021143,1,61,124,0.59090906,0.0,-1.569025,13.127478,0.4090909
600063.SH,16.465918,16.465918,0.00015818716,0.00018804062,0.3774997,0.14957984,1,69,305,0.7714286,0.0,-1.4467685,3.620902,0.22857143
600064.SH,10.664878,10.664878,0.000116072995,0.00018804062,0.37083304,0.13333334,1,14,83,0.9444444,0.0,-0.7377694,-3.8645308,0.055555556
600066.SH,67.295845,67.295845,0.0005698421,0.00018804062,0.4616663,0.10716363,1,69,305,0.8923077,0.0,-0.78971434,15.712635,0.10769231
600067.SH,11.753677,11.753677,0.00012484106,0.00018804062,0.37416637,0.16399287,1,5,286,0.85294116,0.0,-1.1401383,3.6333902,0.14705883
600071.SH,12.303417,12.303417,0.00012055004,0.00018804062,0.37999967,0.24798387,1,52,65,0.9375,0.0,-1.3452531,10.6260605,0.0625
600072.SH,18.654821,18.654821,0.00015244019,0.00018804062,0.40499967,0.30634278,1,33,251,0.84615386,0.0,-1.7876258,-26.806215,0.15384616
600073.SH,13.303135,13.303135,0.00012639156,0.00018804062,0.39583302,0.3138138,1,59,157,0.9189189,0.0,-1.180292,-25.246422,0.08108108
600075.SH,11.884465,11.884465,0.000121260346,0.00018804062,0.3899997,0.20504202,1,19,162,0.9714286,0.0,-0.90422297,-13.772997,0.028571429
600076.SH,19.478878,19.478878,0.00016198824,0.00018804062,0.38583302,0.2942943,1,59,157,0.8648649,0.0,-1.6592137,-16.732462,0.13513513
600078.SH,26.6587,26.6587,0.0002005883,0.00018804062,0.3849997,0.3083779,1,12,252,0.85294116,0.0,-0.3319529,0.9315441,0.14705883
600080.SH,18.176653,18.176653,0.00016706706,0.00018804062,0.37958303,0.14772727,1,5,286,0.57575756,0.0,-1.4902576,1.2837981,0.42424244
600081.SH,15.188096,15.188096,0.00014513904,0.00018804062,0.38166636,0.16134454,1,69,305,0.74285716,0.0,-1.1506743,4.59322,0.25714287
600082.SH,15.068331,15.068331,0.00014769993,0.00018804062,0.37416637,0.07586207,1,22,208,0.8333333,0.0,-0.23701993,0.07512735,0.16666667
600084.SH,24.317896,24.317896,0.0002001066,0.00018804062,0.37583303,0.20489796,1,95,151,0.92,0.0,-1.7881761,2.0121737,0.08
600085.SH,14.215242,14.215242,0.00014084834,0.00018804062,0.37583303,0.28520498,1,26,39,0.5,0.0,-0.16691469,12.731728,0.5
600088.SH,18.575478,18.575478,0.00017930102,0.00018804062,0.37666637,0.23707666,1,26,39,0.44117647,0.0,0.57687944,0.12942423,0.5588235
600089.SH,16.435541,16.435541,0.00016682739,0.00018804062,0.35249972,0.15714286,1,26,39,0.6111111,0.0,-0.21071671,6.546213,0.3888889
600094.SH,13.814461,13.814461,0.00014232821,0.00018804062,0.35208306,0.21212122,1,26,39,0.5,0.0,0.8059147,1.0311182,0.5
600095.SH,13.754999,13.754999,0.00013706359,0.00018804062,0.34749973,0.36895162,1,53,16,0.59375,0.0,-0.011406243,7.255869,0.40625
600096.SH,18.829355,18.829355,0.00017309141,0.00018804062,0.39166635,0.20351526,1,26,39,0.63829786,0.0,-0.03014043,14.87687,0.3617021
600097.SH,12.215625,12.215625,0.00012728534,0.00018804062,0.37083304,0.29655173,1,30,30,0.4,0.0,-0.55673677,5.3468776,0.6
600098.SH,14.437527,14.437527,0.00014983278,0.00018804062,0.3504164,0.21746881,1,26,39,0.61764705,0.0,1.9075679,6.6247506,0.38235295
600099.SH,14.21288,14.21288,0.00014788183,0.00018804062,0.35958305,0.13563219,1,80,208,0.43333334,0.0,-1.3785566,3.2521465,0.56666666
600100.SH,12.331496,12.331496,0.00013191739,0.00018804062,0.3662497,0.08467742,1,21,149,0.9375,0.0,-1.7492532,3.0017376,0.0625
600101.SH,21.50844,21.50844,0.00019329331,0.00018804062,0.35916638,0.15789473,1,69,305,0.35897437,0.0,-0.27217695,1.4803692,0.64102566
600103.SH,27.693533,27.693533,0.00023623914,0.00018804062,0.39749968,0.19016394,1,93,192,0.9672131,0.0,-0.96659017,1.3515027,0.032786883
600104.SH,8.90494,8.90494,0.0001023021,0.00018804062,0.3737497,0.17011495,1,80,208,0.8,0.0,-1.1768434,-4.8686447,0.2
600105.SH,31.302261,31.302261,0.0002384812,0.00018804062,0.39416635,0.22959183,1,52,65,0.7346939,0.0,-1.3558857,3.1594937,0.26530612
600106.SH,27.141527,27.141527,0.00024972676,0.00018804062,0.39583302,0.20246421,1,26,39,0.8333333,0.0,-0.7449154,6.5925303,0.16666667
600108.SH,14.64043,14.64043,0.00014647002,0.00018804062,0.4074997,0.14260249,1,19,162,0.9117647,0.0,0.014808886,1.6081614,0.0882353
600109.SH,14.907768,14.907768,0.00015260266,0.00018804062,0.35499972,0.22103387,1,74,159,0.7352941,0.0,-1.2226559,4.114097,0.2647059
600110.SH,12.517136,12.517136,0.00011977512,0.00018804062,0.3874997,0.27563027,1,13,40,0.9714286,0.0,-0.7925914,-5.036981,0.028571429
600111.SH,11.844357,11.844357,0.00012087489,0.00018804062,0.3774997,0.17540322,1,23,94,0.84375,0.0,-2.2337687,13.472189,0.15625
600113.SH,21.143612,21.143612,0.00019859216,0.00018804062,0.3491664,0.17777778,1,12,252,0.22222222,0.0,-0.46228898,1.5064638,0.7777778
600114.SH,15.337114,15.337114,0.00014807661,0.00018804062,0.40666634,0.2060606,1,27,217,0.7111111,0.0,-1.2537156,14.950753,0.2888889
600115.SH,19.399546,19.399546,0.00016124018,0.00018804062,0.398333,0.21987315,1,40,114,0.8636364,0.0,-1.3062205,-22.211763,0.13636364
600116.SH,11.043459,11.043459,0.00011555882,0.00018804062,0.35374972,0.16551724,1,5,286,0.9,0.0,0.72681004,1.3236234,0.1
600117.SH,19.927711,19.927711,0.00016691543,0.00018804062,0.39416635,0.28017718,1,59,157,0.9302326,0.0,-1.2015349,-21.137526,0.069767445
600118.SH,168.6998,168.6998,0.0011143326,0.00018804062,0.4491663,0.14192688,1,27,217,0.9292929,0.0,-1.7984236,1.3762646,0.07070707
600119.SH,18.243032,18.243032,0.00014117482,0.00018804062,0.38583302,0.32388663,1,20,96,0.82051283,0.0,-1.5628692,-26.739809,0.17948718
600120.SH,15.317481,15.317481,0.00015526549,0.00018804062,0.3799997,0.20128205,1,2,80,0.8,0.0,-0.48165497,7.4817047,0.2
600121.SH,32.070763,32.070763,0.00023438926,0.00018804062,0.400833,0.26744187,1,1,211,0.84090906,0.0,-1.2651842,-23.560936,0.1590909
600123.SH,19.480955,19.480955,0.00017437828,0.00018804062,0.37833303,0.20512821,1,43,94,0.71153843,0.0,0.2832231,1.9552557,0.28846154
600125.SH,11.290576,11.290576,0.00012331671,0.00018804062,0.37166637,0.2159091,1,22,208,0.90909094,0.0,-0.7063637,9.148407,0.09090909
600126.SH,125.52046,125.52046,0.0008582993,0.00018804062,0.44999963,0.1321963,1,93,192,0.9235294,0.0,-1.1776165,1.012987,0.07647059
600127.SH,30.863062,30.863062,0.0002289461,0.00018804062,0.3787497,0.28846154,1,14,83,0.925,0.0,-0.15188742,2.2907073,0.075
600128.SH,11.160396,11.160396,0.00011876349,0.00018804062,0.38666636,0.2045977,1,19,162,0.8333333,0.0,-0.89937997,-7.321101,0.16666667
600129.SH,9.295123,9.295123,0.00010093084,0.00018804062,0.37916636,0.090322584,1,59,157,0.9032258,0.0,-0.6100193,4.978926,0.09677419
600131.SH,10.576655,10.576655,0.00011278745,0.00018804062,0.36416635,0.13725491,1,95,151,0.8235294,0.0,-1.0904677,2.7231998,0.1764706
600132.SH,86.75963,86.75963,0.00067560177,0.00018804062,0.4541663,0.11810927,1,52,65,0.9558011,0.0,-1.3741293,18.312143,0.044198897
600133.SH,12.321087,12.321087,0.00012804997,0.00018804062,0.36124972,0.12643678,1,22,208,0.76666665,0.0,-0.9316166,-1.7484992,0.23333333
600135.SH,18.249113,18.249113,0.00017565415,0.00018804062,0.3849997,0.17948718,1,40,114,0.51282054,0.0,-2.0448177,-2.5471523,0.4871795
600137.SH,15.305626,15.305626,0.00015180548,0.00018804062,0.37916636,0.14285715,1,52,65,0.9166667,0.0,-0.57453895,0.30141836,0.083333336
600138.SH,16.148066,16.148066,0.00015290611,0.00018804062,0.3849997,0.11612903,1,52,65,0.7096774,0.0,-0.5576,1.9455439,0.29032257
600141.SH,17.334654,17.334654,0.00016417692,0.00018804062,0.3774997,0.17741935,1,22,208,0.4375,0.0,-1.6299405,3.9696102,0.5625
600143.SH,19.272749,19.272749,0.0001783782,0.00018804062,0.36958304,0.13360325,1,93,192,0.6923077,0.0,-1.9603,2.6477742,0.30769232
600148.SH,19.594221,19.594221,0.00018457425,0.00018804062,0.35874972,0.3086771,1,15,191,0.34210527,0.0,-0.84895265,3.7547655,0.65789473
600149.SH,16.726385,16.726385,0.00016046205,0.00018804062,0.37666637,0.17825311,1,22,208,0.61764705,0.0,-1.7038735,10.994004,0.38235295
600150.SH,13.307972,13.307972,0.00013918975,0.00018804062,0.36041638,0.15402299,1,95,151,0.7,0.0,-0.25897333,6.0903487,0.3
600151.SH,19.843695,19.843695,0.00016340229,0.00018804062,0.420833,0.1959596,1,93,192,0.8888889,0.0,-1.2925978,-19.00702,0.11111111
600152.SH,23.007421,23.007421,0.00018929479,0.00018804062,0.413333,0.17420815,1,93,192,0.84615386,0.0,-1.7964655,-8.5370245,0.15384616
600153.SH,10.624252,10.624252,0.000113831455,0.00018804062,0.38083303,0.26666668,1,59,157,0.8333333,0.0,-1.1188474,-15.24093,0.16666667
600155.SH,15.286257,15.286257,0.00014580152,0.00018804062,0.37083304,0.12643678,1,93,192,0.53333336,0.0,-1.4062399,4.2083883,0.46666667
600156.SH,33.668068,33.668068,0.00026456575,0.00018804062,0.415833,0.18594594,1,93,192,0.8933333,0.0,-0.8654546,-10.536082,0.10666667
600157.SH,18.48749,18.48749,0.00017728141,0.00018804062,0.36833304,0.25975975,1,74,159,0.27027026,0.0,0.30803248,3.0255544,0.7297297
600158.SH,20.813206,20.813206,0.00017829292,0.00018804062,0.38166636,0.22125603,1,26,39,0.65217394,0.0,0.2464587,3.23605,0.3478261
600159.SH,23.853691,23.853691,0.00018626855,0.00018804062,0.38916636,0.34262484,1,102,50,0.6904762,0.0,-1.4475191,-23.277143,0.30952382
600160.SH,16.986975,16.986975,0.000155034,0.00018804062,0.38916636,0.30904183,1,15,191,0.64102566,0.0,-1.1813821,15.930544,0.35897437
600161.SH,16.90428,16.90428,0.00015408633,0.00018804062,0.3874997,0.37411097,1,51,81,0.65789473,0.0,-0.7879842,14.912959,0.34210527
600162.SH,13.520806,13.520806,0.00013086697,0.00018804062,0.4024997,0.2302521,1,5,286,0.74285716,0.0,-1.2020258,-19.427664,0.25714287
600163.SH,21.42992,21.42992,0.00019307711,0.00018804062,0.3749997,0.2897898,1,93,192,0.24324325,0.0,-0.8951621,4.691478,0.7567568
600166.SH,10.702002,10.702002,0.00011357387,0.00018804062,0.3749997,0.18390805,1,1,211,0.8666667,0.0,-0.37844336,5.4170127,0.13333334
600167.SH,9.907382,9.907382,0.000107807246,0.00018804062,0.37916636,0.15862069,1,27,217,0.8,0.0,-0.6272,4.7152233,0.2
600168.SH,13.924098,13.924098,0.00014809525,0.00018804062,0.36416638,0.23573573,1,27,217,0.6216216,0.0,-0.76819736,2.812181,0.3783784
600170.SH,16.661379,16.661379,0.00016193576,0.00018804062,0.37916636,0.16221035,1,12,252,0.32352942,0.0,-1.3487442,-2.504899,0.6764706
600171.SH,13.253686,13.253686,0.00013767839,0.00018804062,0.3899997,0.10516934,1,5,286,0.7647059,0.0,-1.7073911,1.3726814,0.23529412
600172.SH,310.64783,310.64783,0.0020321764,0.00018804062,0.5266663,0.08012959,1,40,114,0.9705882,0.0,-1.5571836,-16.85643,0.029411765
600173.SH,7.8415365,7.8415365,8.169914e-05,0.00018804062,0.38583302,0.38680926,1,15,191,0.9705882,0.0,-1.3011323,-30.608276,0.029411765
600176.SH,17.250965,17.250965,0.00016951267,0.00018804062,0.39416635,0.09848485,1,5,286,0.6363636,0.0,-0.19562124,8.253633,0.36363637
600177.SH,13.89497,13.89497,0.00014101726,0.00018804062,0.3799997,0.23205128,1,5,286,0.725,0.0,-0.9466425,11.118502,0.275
600178.SH,15.913576,15.913576,0.0001425432,0.00018804062,0.3762497,0.19379845,1,43,94,0.7906977,0.0,-1.2116627,2.5119536,0.20930232
600179.SH,15.783289,15.783289,0.00015477331,0.00018804062,0.39166635,0.13963965,1,23,94,0.8108108,0.0,-1.5137948,8.9120455,0.1891892
600180.SH,21.442886,21.442886,0.00020439834,0.00018804062,0.36041638,0.2820513,1,51,81,0.275,0.0,-1.5912476,3.225525,0.725
600182.SH,12.251901,12.251901,0.00013288102,0.00018804062,0.35083306,0.2451613,1,87,102,0.8064516,0.0,-0.6325355,4.490145,0.19354838
600183.SH,15.777951,15.777951,0.00014730635,0.00018804062,0.39166635,0.2982456,1,2,80,0.71794873,0.0,-1.2688847,16.06702,0.2820513
600184.SH,11.363535,11.363535,0.00011498599,0.00018804062,0.3849997,0.20476191,1,27,217,0.6111111,0.0,-1.105289,-2.7899563,0.3888889
600185.SH,41.224392,41.224392,0.00026223954,0.00018804062,0.3874997,0.41025642,1,5,286,0.94871795,0.0,-1.8853308,-29.57837,0.051282052
600186.SH,20.304811,20.304811,0.00017586804,0.00018804062,0.3874997,0.33333334,1,5,286,0.7837838,0.0,-2.699292,13.727414,0.21621622
600187.SH,19.577656,19.577656,0.00018349884,0.00018804062,0.36666638,0.12857144,1,40,114,0.4722222,0.0,-0.6663778,1.1769222,0.5277778
600188.SH,16.800003,16.800003,0.00015766239,0.00018804062,0.35958305,0.34469697,1,102,50,0.27272728,0.0,-0.1766758,0.7299976,0.72727275
600189.SH,11.026905,11.026905,0.00010629171,0.00018804062,0.3699997,0.35913977,1,20,96,0.7741935,0.0,-1.1564742,1.9275224,0.22580644
600191.SH,12.902467,12.902467,0.00013624357,0.00018804062,0.35749972,0.19569893,1,27,217,0.41935483,0.0,-0.27520317,2.8716805,0.58064514
600192.SH,18.756277,18.756277,0.00015670317,0.00018804062,0.39833304,0.28589743,1,80,208,0.85,0.0,-1.4693074,-23.719007,0.15
600195.SH,17.143919,17.143919,0.00017111588,0.00018804062,0.36416638,0.27272728,1,2,80,0.2647059,0.0,-1.2181706,6.5432224,0.7352941
600196.SH,16.934128,16.934128,0.00015922745,0.00018804062,0.3824997,0.14717741,1,23,94,0.5625,0.0,-1.8655344,7.044452,0.4375
600197.SH,12.5406885,12.5406885,0.00012659453,0.00018804062,0.37333304,0.1733871,1,93,192,0.59375,0.0,0.9553157,7.5566387,0.40625
600198.SH,35.109024,35.109024,0.0002442507,0.00018804062,0.3924997,0.3118393,1,27,217,0.79545456,0.0,-1.5139569,-22.656708,0.20454545
600199.SH,14.254983,14.254983,0.0001324683,0.00018804062,0.398333,0.315508,1,1,211,0.9411765,0.0,-2.0200002,-18.140121,0.05882353
600201.SH,13.311864,13.311864,0.00013475424,0.00018804062,0.36416638,0.09892473,1,6,36,0.8064516,0.0,-1.4945904,3.0776677,0.19354838
600202.SH,10.288523,10.288523,9.995387e-05,0.00018804062,0.400833,0.3778966,1,59,157,0.7941176,0.0,-0.7551176,-27.826826,0.20588236
600203.SH,13.868568,13.868568,0.0001386555,0.00018804062,0.39666635,0.14935988,1,22,208,0.81578946,0.0,-1.348813,-1.0418987,0.18421052
600206.SH,17.25127,17.25127,0.00016491867,0.00018804062,0.36208305,0.109848484,1,33,251,0.4848485,0.0,-2.0106575,6.8958807,0.5151515
600207.SH,31.699232,31.699232,0.0002393768,0.00018804062,0.40249968,0.23529412,1,80,208,0.74509805,0.0,-1.461808,-18.84643,0.25490198
600208.SH,15.379603,15.379603,0.00015912212,0.00018804062,0.35833305,0.16666667,1,89,72,0.8108108,0.0,-0.4212919,-0.5629454,0.1891892
600210.SH,14.529464,14.529464,0.00014288313,0.00018804062,0.38833302,0.1697479,1,59,157,0.71428573,0.0,-0.8319486,12.91365,0.2857143
600211.SH,107.57927,107.57927,0.0008403989,0.00018804062,0.45249966,0.118639864,1,52,65,0.92436975,0.0,-0.6169945,11.237923,0.075630255
600212.SH,13.208057,13.208057,0.00012525156,0.00018804062,0.39166635,0.23123123,1,33,251,0.8108108,0.0,-1.0765514,-19.653887,0.1891892
600215.SH,20.373575,20.373575,0.00018187692,0.00018804062,0.39416635,0.15679443,1,22,208,0.78571427,0.0,-1.5946833,-7.4183097,0.21428572
600216.SH,19.278461,19.278461,0.00017940065,0.00018804062,0.39916635,0.118618615,1,1,211,0.7297297,0.0,-1.6303189,7.1362996,0.27027026
600217.SH,23.057335,23.057335,0.00019262782,0.00018804062,0.408333,0.17795919,1,33,251,0.62,0.0,-1.095284,-17.091467,0.38
600218.SH,19.325119,19.325119,0.00019046334,0.00018804062,0.36166638,0.060728744,1,59,157,0.974359,0.0,-1.5644436,4.90548,0.025641026
600219.SH,22.798885,22.798885,0.00021174856,0.00018804062,0.37333304,0.09634146,1,93,192,0.70731705,0.0,-1.6472244,2.446337,0.29268292
600221.SH,19.981876,19.981876,0.00018128355,0.00018804062,0.38083303,0.18079096,1,30,30,0.81666666,0.0,-0.903755,12.99437,0.18333334
600222.SH,18.790154,18.790154,0.00017758552,0.00018804062,0.36041638,0.2840909,1,94,65,0.3939394,0.0,-1.8572425,1.1022825,0.6060606
600223.SH,11.704413,11.704413,0.00012267873,0.00018804062,0.3749997,0.21572581,1,102,50,0.6875,0.0,-0.32195312,8.19935,0.3125
600226.SH,13.600512,13.600512,0.00013741435,0.00018804062,0.37541637,0.15483871,1,1,211,0.67741936,0.0,-0.069874145,4.7931952,0.32258064
600227.SH,30.90669,30.90669,0.00025967773,0.00018804062,0.42083302,0.17508772,1,80,208,0.80263156,0.0,-0.7848921,-6.3349123,0.19736843
600229.SH,12.501974,12.501974,0.00013189895,0.00018804062,0.35499972,0.26666668,1,87,102,0.9,0.0,-0.02768999,3.3808832,0.1
600230.SH,13.533562,13.533562,0.00014517312,0.00018804062,0.35499972,0.11264368,1,33,251,0.43333334,0.0,-0.82239336,4.703426,0.56666666
600231.SH,28.784689,28.784689,0.00022411579,0.00018804062,0.39333302,0.28392157,1,80,208,0.92156863,0.0,-0.86582357,-20.759699,0.078431375
600232.SH,12.886491,12.886491,0.00013235262,0.00018804062,0.37166637,0.16091955,1,80,208,0.6333333,0.0,-2.27528,1.6758903,0.36666667
600233.SH,10.346529,10.346529,0.00011435367,0.00018804062,0.35624972,0.17540322,1,20,96,0.65625,0.0,-0.6710375,3.8966906,0.34375
600234.SH,14.220334,14.220334,0.00013859164,0.00018804062,0.39083302,0.28030303,1,2,80,0.5151515,0.0,-1.6719999,9.626952,0.4848485
600235.SH,15.733139,15.733139,0.0001538482,0.00018804062,0.3599997,0.12701613,1,15,191,0.625,0.0,-0.6827031,2.1557589,0.375
600236.SH,12.534636,12.534636,0.0001323261,0.00018804062,0.36833304,0.14942528,1,87,102,0.8666667,0.0,0.2868067,7.896416,0.13333334
600237.SH,11.698827,11.698827,0.00012843197,0.00018804062,0.37291637,0.23908046,1,22,208,0.7,0.0,-1.55077,6.3624887,0.3
600239.SH,14.517084,14.517084,0.00014728276,0.00018804062,0.36833304,0.1139785,1,6,36,0.83870965,0.0,-1.8349258,1.0097892,0.16129032
600241.SH,16.388565,16.388565,0.00014834612,0.00018804062,0.39416635,0.29445234,1,95,151,0.94736844,0.0,-2.3340263,-20.64357,0.05263158
600246.SH,15.029299,15.029299,0.0001529825,0.00018804062,0.35749972,0.10338681,1,80,208,0.47058824,0.0,-1.2681471,-0.70298016,0.5294118
600248.SH,12.728151,12.728151,0.00013019334,0.00018804062,0.39749968,0.19027483,1,15,191,0.8863636,0.0,-0.26565683,-10.173165,0.11363637
600249.SH,11.667367,11.667367,0.0001150169,0.00018804062,0.37083304,0.33109245,1,69,305,0.8,0.0,-0.89823705,2.3283484,0.2
600250.SH,10.636792,10.636792,0.00010270394,0.00018804062,0.3762497,0.45362905,1,20,96,0.90625,0.0,-0.27994376,1.2088094,0.09375
600251.SH,15.694951,15.694951,0.00015387623,0.00018804062,0.37416637,0.10967742,1,23,94,0.5483871,0.0,-1.6716678,8.67782,0.4516129
600252.SH,14.915248,14.915248,0.00012395035,0.00018804062,0.38916636,0.43145162,1,69,305,0.90625,0.0,-1.5652375,-22.257256,0.09375
600255.SH,14.487412,14.487412,0.0001465416,0.00018804062,0.3554164,0.16856061,1,12,252,0.42424244,0.0,-1.3241667,1.9463642,0.57575756
600256.SH,17.446676,17.446676,0.0001736698,0.00018804062,0.35833305,0.20643939,1,51,81,0.3030303,0.0,-1.2894394,4.303176,0.6969697
600257.SH,20.498222,20.498222,0.00017683527,0.00018804062,0.37083304,0.2173913,1,27,217,0.54347825,0.0,-0.8513391,3.2036936,0.45652175
600258.SH,9.713252,9.713252,0.000107567466,0.00018804062,0.3799997,0.29425287,1,59,157,0.93333334,0.0,-0.77385,12.677954,0.06666667
600259.SH,10.002983,10.002983,9.980299e-05,0.00018804062,0.39333302,0.35227272,1,27,217,0.8787879,0.0,-1.7454848,1.6461217,0.121212125
600261.SH,13.237849,13.237849,0.00014350859,0.00018804062,0.38416636,0.21609196,1,19,162,0.76666665,0.0,-1.5088133,3.2192953,0.23333333
600262.SH,18.195185,18.195185,0.00017911206,0.00018804062,0.3749997,0.14439946,1,14,83,0.5897436,0.0,-0.25205892,8.836907,0.41025642
600266.SH,12.695306,12.695306,0.00012278781,0.00018804062,0.39666635,0.26136363,1,27,217,0.6969697,0.0,-0.20517878,-22.222118,0.3030303
600267.SH,12.270153,12.270153,0.000128291,0.00018804062,0.3849997,0.15151516,1,91,229,0.8787879,0.0,-1.1240939,3.667579,0.121212125
600268.SH,12.702244,12.702244,0.00012532211,0.00018804062,0.40916634,0.25,1,27,217,0.7,0.0,-1.327285,14.958621,0.3
600269.SH,10.047187,10.047187,0.00011800881,0.00018804062,0.38083303,0.36174244,1,27,217,0.8484849,0.0,-0.38469696,7.8037176,0.15151516
600271.SH,18.112679,18.112679,0.00016376245,0.00018804062,0.398333,0.17171717,1,80,208,0.8,0.0,-1.9479712,-12.543204,0.2
600272.SH,11.688166,11.688166,0.00012892879,0.00018804062,0.3516664,0.3655914,1,102,50,0.9032258,0.0,-0.5892871,3.461426,0.09677419
600273.SH,13.276026,13.276026,0.00013521449,0.00018804062,0.3899997,0.16349207,1,15,191,0.7222222,0.0,-0.7143583,8.608041,0.2777778
600276.SH,28.948135,28.948135,0.0002584138,0.00018804062,0.405833,0.17253838,1,27,217,0.91463417,0.0,-1.8360951,6.2370625,0.085365854
600278.SH,10.213616,10.213616,0.000111780144,0.00018804062,0.37833303,0.2045977,1,43,94,0.9,0.0,-0.6427433,-8.443239,0.1
600279.SH,16.675928,16.675928,0.00016376148,0.00018804062,0.35499972,0.15151516,1,1,211,0.9705882,0.0,-0.37015292,3.7991464,0.029411765
600280.SH,20.087206,20.087206,0.00018521877,0.00018804062,0.3712497,0.10796221,1,1,211,0.71794873,0.0,-1.200613,0.7307858,0.2820513
600281.SH,93.01495,93.01495,0.0006913331,0.00018804062,0.42999968,0.11567329,1,69,305,0.9205298,0.0,-1.9835165,12.488488,0.0794702
600282.SH,16.538519,16.538519,0.00016509254,0.00018804062,0.35874972,0.09677419,1,1,211,0.6875,0.0,-1.1370811,-1.2864912,0.3125
600283.SH,16.612553,16.612553,0.00016461508,0.00018804062,0.3624997,0.1754386,1,33,251,0.51282054,0.0,-0.4938872,0.6468668,0.4871795
600284.SH,8.991034,8.991034,0.0001054058,0.00018804062,0.3799997,0.4045977,1,5,286,0.93333334,0.0,-0.7987433,0.54357135,0.06666667
600285.SH,20.550982,20.550982,0.00017556829,0.00018804062,0.38166636,0.35561877,1,93,192,0.8947368,0.0,-0.24767895,16.612776,0.10526316
600287.SH,17.38075,17.38075,0.00017606396,0.00018804062,0.36291638,0.110887095,1,14,83,0.875,0.0,-1.5553219,5.3858,0.125
600288.SH,10.368854,10.368854,0.00011247701,0.00018804062,0.36666638,0.057471264,1,5,286,0.6666667,0.0,-1.6917232,-2.12722,0.33333334
600292.SH,18.66477,18.66477,0.00017999101,0.00018804062,0.37166637,0.3368984,1,51,81,0.2647059,0.0,-1.6663677,1.9294004,0.7352941
600293.SH,11.756093,11.756093,0.00011234455,0.00018804062,0.3899997,0.32007575,1,21,149,0.8181818,0.0,-1.4866152,-24.392843,0.18181819
600295.SH,13.208141,13.208141,0.00013810374,0.00018804062,0.3924997,0.24946237,1,100,10,0.7096774,0.0,-0.5019516,14.020346,0.29032257
600298.SH,11.562415,11.562415,0.00011953348,0.00018804062,0.40249968,0.27226892,1,91,229,0.94285715,0.0,-0.2845657,13.954469,0.057142857
600299.SH,10.587193,10.587193,0.00011719599,0.00018804062,0.36333305,0.33548388,1,15,191,0.9032258,0.0,-1.1812354,6.6629024,0.09677419
600300.SH,19.274462,19.274462,0.00017925103,0.00018804062,0.37416637,0.24193548,1,19,162,0.5625,0.0,-0.46974376,5.220052,0.4375
600301.SH,23.004782,23.004782,0.00019688928,0.00018804062,0.39583302,0.18871415,1,22,208,0.9361702,0.0,-1.9589467,13.849358,0.06382979
600302.SH,19.933455,19.933455,0.00016839756,0.00018804062,0.40499967,0.33838382,1,30,30,0.64444447,0.0,-1.4642735,-19.353401,0.35555556
600303.SH,28.863667,28.863667,0.00021778964,0.00018804062,0.40166634,0.269103,1,15,191,0.8372093,0.0,-0.8424349,-22.629223,0.1627907
600305.SH,10.504651,10.504651,0.00011678796,0.00018804062,0.37666637,0.17931035,1,33,251,0.6666667,0.0,-0.5237,7.8989615,0.33333334
600307.SH,22.359358,22.359358,0.00018070833,0.00018804062,0.39416635,0.32051283,1,5,286,0.85,0.0,-1.1201451,-26.814453,0.15
600308.SH,12.844969,12.844969,0.00012762278,0.00018804062,0.3849997,0.22132254,1,80,208,0.6923077,0.0,-0.58341795,-15.4825,0.30769232
600309.SH,17.05738,17.05738,0.0001735142,0.00018804062,0.35124972,0.29637095,1,2,80,0.34375,0.0,-0.7306938,4.525156,0.65625
600310.SH,21.130856,21.130856,0.00018213662,0.00018804062,0.3974997,0.16578014,1,2,80,0.8958333,0.0,-0.28700623,-12.213585,0.104166664
600312.SH,16.958227,16.958227,0.00016788929,0.00018804062,0.34958306,0.29924244,1,77,117,0.45454547,0.0,-1.3401726,2.9897366,0.54545456
600313.SH,15.528823,15.528823,0.00014918268,0.00018804062,0.3699997,0.1889483,1,24,84,0.61764705,0.0,-0.46206763,1.3837852,0.38235295
600315.SH,18.017855,18.017855,0.00018228947,0.00018804062,0.35874972,0.25668448,1,27,217,0.3529412,0.0,-1.0298204,3.2772384,0.64705884
600316.SH,23.301807,23.301807,0.00018797407,0.00018804062,0.37833303,0.22832981,1,27,217,0.72727275,0.0,0.23789997,2.5089796,0.27272728
600318.SH,18.172762,18.172762,0.00017405639,0.00018804062,0.39749968,0.1897436,1,95,151,0.875,0.0,-0.44926748,5.632249,0.125
600319.SH,22.354023,22.354023,0.00017608568,0.00018804062,0.39583302,0.25656566,1,80,208,0.7111111,0.0,-0.8102222,-22.58136,0.2888889
600320.SH,12.879468,12.879468,0.00013609826,0.00018804062,0.3699997,0.11666667,1,80,208,0.675,0.0,-0.47475252,2.7127175,0.325
600322.SH,34.329292,34.329292,0.00028092257,0.00018804062,0.4149997,0.12277682,1,1,211,0.95238096,0.0,-0.95858693,-7.140385,0.04761905
600325.SH,12.401984,12.401984,0.00012911015,0.00018804062,0.37583306,0.09747899,1,52,65,0.85714287,0.0,-0.56308866,-0.46478048,0.14285715
600326.SH,9.679298,9.679298,0.00010721414,0.00018804062,0.38583302,0.37011495,1,12,252,0.8333333,0.0,-0.52622336,-17.038412,0.16666667
600327.SH,21.167215,21.167215,0.00019358953,0.00018804062,0.3924997,0.10512821,1,21,149,0.75,0.0,-0.31738752,-4.719513,0.25
600328.SH,107.119865,107.119865,0.00075803197,0.00018804062,0.44166633,0.12538777,1,69,305,0.92814374,0.0,-0.9228055,1.2717437,0.07185629
600329.SH,251.3611,251.3611,0.0019472962,0.00018804062,0.5216663,0.054389205,1,93,192,0.9447323,0.0,-0.9322414,14.190382,0.055267703
600330.SH,155.34612,155.34612,0.0010749372,0.00018804062,0.47999963,0.08627344,1,21,149,0.9162996,0.0,-1.4298149,1.9296021,0.08370044
600331.SH,18.440012,18.440012,0.00015473359,0.00018804062,0.400833,0.24031007,1,1,211,0.88372093,0.0,-2.0572138,-20.207779,0.11627907
600332.SH,13.113613,13.113613,0.00013482363,0.00018804062,0.35749972,0.055555556,1,69,305,0.8055556,0.0,-1.4162195,4.045667,0.19444445
600333.SH,16.559738,16.559738,0.00015970726,0.00018804062,0.3899997,0.12415654,1,93,192,0.6923077,0.0,-1.0982717,-6.1323557,0.30769232
600335.SH,11.37149,11.37149,0.00012031172,0.00018804062,0.38416636,0.19139785,1,19,162,0.8064516,0.0,-0.9417871,-11.02589,0.19354838
600336.SH,15.754258,15.754258,0.00013896616,0.00018804062,0.38666636,0.34234235,1,80,208,0.7297297,0.0,-0.6809271,-28.921423,0.27027026
600337.SH,16.627895,16.627895,0.0001480343,0.00018804062,0.38916636,0.31497586,1,43,94,0.6304348,0.0,-1.3984697,-21.536165,0.36956522
600338.SH,14.258876,14.258876,0.00013743252,0.00018804062,0.41083303,0.23707666,1,33,251,0.9117647,0.0,-1.1528794,9.047349,0.0882353
600339.SH,8.837878,8.837878,9.625874e-05,0.00018804062,0.37833303,0.2451613,1,23,94,1.0,0.0,-0.17134841,-22.49509,0.0
600340.SH,24.981033,24.981033,0.00020351587,0.00018804062,0.40166637,0.22619048,1,14,83,0.81632656,0.0,-1.1685367,-12.869477,0.18367347
600343.SH,26.86178,26.86178,0.00020236266,0.00018804062,0.39166635,0.26364693,1,12,252,0.7380952,0.0,-1.6890477,-23.609518,0.26190478
600345.SH,11.506822,11.506822,0.000118411044,0.00018804062,0.37666637,0.15862069,1,22,208,0.8,0.0,-1.0419966,0.5886974,0.2
600346.SH,14.626318,14.626318,0.00014790715,0.00018804062,0.35916638,0.13306452,1,74,159,0.90625,0.0,-0.56285,1.5202532,0.09375
600348.SH,10.556053,10.556053,0.00011737853,0.00018804062,0.34999973,0.21149425,1,22,208,0.8666667,0.0,1.29344,-0.011631966,0.13333334
600350.SH,16.198418,16.198418,0.00015876959,0.00018804062,0.36083305,0.28879893,1,102,50,0.46153846,0.0,-0.64543587,3.4956043,0.53846157
600351.SH,14.129773,14.129773,0.00013802011,0.00018804062,0.37416637,0.23295455,1,12,252,0.3939394,0.0,-0.6859152,9.59257,0.6060606
600352.SH,15.986238,15.986238,0.00015857437,0.00018804062,0.35249972,0.13068181,1,93,192,0.8484849,0.0,-0.31640604,2.3258092,0.15151516
600353.SH,9.566447,9.566447,0.00010327695,0.00018804062,0.37166637,0.25378788,1,33,251,0.75757575,0.0,-1.9870911,5.746529,0.24242425
600354.SH,9.065243,9.065243,9.536923e-05,0.00018804062,0.39083302,0.34789917,1,5,286,0.9142857,0.0,0.046505705,16.136923,0.08571429
600356.SH,9.567778,9.567778,0.00010955952,0.00018804062,0.3899997,0.22068965,1,52,65,0.8666667,0.0,-0.6348366,5.5173583,0.13333334
600359.SH,20.55587,20.55587,0.00019339826,0.00018804062,0.35999972,0.26050422,1,7,111,0.5714286,0.0,-0.61426574,4.368466,0.42857143
600361.SH,12.355375,12.355375,0.00013181643,0.00018804062,0.36833304,0.19251336,1,29,12,0.9117647,0.0,-1.7901882,5.0707107,0.0882353
600362.SH,16.218016,16.218016,0.00016343867,0.00018804062,0.36333305,0.12689394,1,15,191,0.54545456,0.0,-1.6233304,4.6603775,0.45454547
600363.SH,13.195833,13.195833,0.00014071821,0.00018804062,0.3774997,0.12912913,1,59,157,0.7297297,0.0,-2.1273217,5.6396527,0.27027026
600366.SH,18.980446,18.980446,0.00017506923,0.00018804062,0.3849997,0.17567568,1,61,124,0.43243244,0.0,-2.080881,2.1927767,0.5675676
600367.SH,16.187712,16.187712,0.00016261628,0.00018804062,0.38083303,0.20512821,1,2,80,0.575,0.0,-1.4175099,8.9596615,0.425
600368.SH,18.141924,18.141924,0.00017376555,0.00018804062,0.38166636,0.17864694,1,74,159,0.54545456,0.0,-0.5184046,6.3159184,0.45454547
600369.SH,19.827871,19.827871,0.00018570753,0.00018804062,0.37416637,0.16585366,1,52,65,0.63414633,0.0,-1.054678,6.317126,0.36585367
600370.SH,14.796283,14.796283,0.00013343565,0.00018804062,0.3874997,0.30156472,1,33,251,0.7105263,0.0,-1.1088239,-24.98505,0.28947368
600371.SH,19.592539,19.592539,0.00016930787,0.00018804062,0.38083303,0.2627197,1,21,149,0.7234042,0.0,-1.1432213,2.132032,0.27659574
600372.SH,13.983143,13.983143,0.00014432274,0.00018804062,0.36416638,0.20168068,1,23,94,0.85714287,0.0,-0.52567434,3.1479456,0.14285715
600373.SH,10.0519285,10.0519285,0.00010978122,0.00018804062,0.35499972,0.32413793,1,27,217,0.8,0.0,-0.88660663,3.1512733,0.2
600375.SH,12.445828,12.445828,0.00013173828,0.00018804062,0.3799997,0.2045977,1,33,251,0.56666666,0.0,-0.8033234,-0.95800424,0.43333334
600376.SH,27.960495,27.960495,0.00020823731,0.00018804062,0.39666635,0.3022942,1,20,96,0.71794873,0.0,-1.6073744,-25.729654,0.2820513
600377.SH,9.578466,9.578466,0.00010862269,0.00018804062,0.39083302,0.36031747,1,5,286,0.9166667,0.0,-0.08870558,12.31197,0.083333336
600378.SH,6.5842175,6.5842175,8.0742786e-05,0.00018804062,0.36666638,0.08735632,1,12,252,0.9,0.0,-0.7189967,5.1978397,0.1
600379.SH,20.865381,20.865381,0.000193345,0.00018804062,0.37083304,0.11806543,1,12,252,0.36842105,0.0,-0.98712367,1.4994227,0.6315789
600380.SH,15.260222,15.260222,0.00014150818,0.00018804062,0.38416636,0.35555556,1,14,83,0.9444444,0.0,-0.5416582,15.306232,0.055555556
600382.SH,14.798607,14.798607,0.00014142241,0.00018804062,0.3749997,0.25668448,1,12,252,0.5294118,0.0,-0.63708234,12.022551,0.47058824
600383.SH,26.697134,26.697134,0.00020966497,0.00018804062,0.39916635,0.2780127,1,33,251,0.5681818,0.0,-0.8516386,-22.345055,0.4318182
600386.SH,10.471027,10.471027,0.00011158338,0.00018804062,0.3816664,0.32903227,1,5,286,0.87096775,0.0,-1.0010192,-22.497292,0.12903225
600388.SH,22.365274,22.365274,0.00020616244,0.00018804062,0.38166636,0.091767885,1,33,251,0.7948718,0.0,-1.5387565,3.7539196,0.20512821
600389.SH,9.18353,9.18353,0.00010746686,0.00018804062,0.3724997,0.31628788,1,61,124,0.90909094,0.0,-0.9798152,8.768869,0.09090909
600390.SH,13.0368185,13.0368185,0.0001365397,0.00018804062,0.35791638,0.18181819,1,80,208,0.6969697,0.0,-0.24243638,3.4226606,0.3030303
600391.SH,14.870006,14.870006,0.00014410258,0.00018804062,0.39416635,0.14709851,1,80,208,0.8974359,0.0,0.10607183,0.7140973,0.102564104
600392.SH,20.232992,20.232992,0.00017568476,0.00018804062,0.37416637,0.4092742,1,11,17,0.5,0.0,-2.0953062,4.678254,0.5
600395.SH,14.382319,14.382319,0.00014674291,0.00018804062,0.35624972,0.21149425,1,5,286,0.73333335,0.0,0.06301996,2.1742187,0.26666668
600396.SH,40.07017,40.07017,0.00032426242,0.00018804062,0.40999967,0.1956696,1,19,162,0.9770115,0.0,1.4577136,0.9971488,0.022988506
600397.SH,61.098618,61.098618,0.00038461311,0.00018804062,0.40416634,0.32914045,1,91,229,0.9444444,0.0,-1.0129889,-21.382734,0.055555556
600398.SH,13.134729,13.134729,0.00013038897,0.00018804062,0.38166636,0.31721196,1,69,305,0.8684211,0.0,-0.032394737,15.965583,0.13157895
600399.SH,19.435034,19.435034,0.00016240704,0.00018804062,0.39083302,0.2928475,1,96,56,0.974359,0.0,-1.4889307,-22.63914,0.025641026
600400.SH,15.661836,15.661836,0.00013794636,0.00018804062,0.398333,0.28846154,1,95,151,0.925,0.0,-1.7792027,-19.284206,0.075
600403.SH,69.08923,69.08923,0.0005208655,0.00018804062,0.44999966,0.11788471,1,80,208,0.96407187,0.0,-0.5620976,-10.670714,0.035928145
600405.SH,142.64879,142.64879,0.00096520747,0.00018804062,0.4641663,0.14833057,1,5,286,0.9368932,0.0,-1.2918019,-21.231712,0.0631068
600406.SH,8.580068,8.580068,9.926686e-05,0.00018804062,0.35833305,0.3326613,1,93,192,0.90625,0.0,-1.2277125,5.1826186,0.09375
600408.SH,17.25127,17.25127,0.00015048003,0.00018804062,0.38666636,0.4,1,14,83,0.75,0.0,-1.2125362,-27.480833,0.25
600409.SH,16.031813,16.031813,0.00015960344,0.00018804062,0.35749972,0.16755792,1,1,211,0.85294116,0.0,-1.3829501,2.6985488,0.14705883
600410.SH,12.214395,12.214395,0.00012084804,0.00018804062,0.38333303,0.2809524,1,7,111,0.8055556,0.0,-0.82227784,9.678799,0.19444445
600415.SH,10.222884,10.222884,0.00011505886,0.00018804062,0.36083305,0.23225807,1,5,286,0.7741935,0.0,0.23205806,0.3180556,0.22580644
600416.SH,14.578696,14.578696,0.00014800376,0.00018804062,0.3762497,0.22475107,1,69,305,0.7105263,0.0,-1.8218789,4.819454,0.28947368
600418.SH,26.833937,26.833937,0.00021044737,0.00018804062,0.408333,0.23619847,1,77,117,0.5740741,0.0,-0.98592955,-18.419064,0.42592594
600419.SH,13.776,13.776,0.00014256968,0.00018804062,0.35874972,0.16477273,1,12,252,0.6060606,0.0,-1.0176151,2.5455391,0.3939394
600420.SH,7.220055,7.220055,8.018734e-05,0.00018804062,0.3849997,0.21022727,1,89,72,0.969697,0.0,-1.7111423,1.6255318,0.030303031
600422.SH,20.011667,20.011667,0.00018698763,0.00018804062,0.36333305,0.08143939,1,23,94,0.72727275,0.0,-0.86,3.6215947,0.27272728
600423.SH,16.744205,16.744205,0.00014960108,0.00018804062,0.39083302,0.21352658,1,23,94,0.8695652,0.0,-0.4712631,2.349327,0.13043478
600425.SH,18.76782,18.76782,0.00018640855,0.00018804062,0.35874972,0.28734,1,43,94,0.42105263,0.0,0.2554711,3.7220998,0.57894737
600426.SH,20.92479,20.92479,0.00019021049,0.00018804062,0.36333305,0.20504202,1,12,252,0.14285715,0.0,-1.17076,0.04000037,0.85714287
600428.SH,9.019693,9.019693,0.0001043169,0.00018804062,0.3699997,0.3268817,1,89,72,1.0,0.0,-1.011829,13.568672,0.0
600429.SH,13.303782,13.303782,0.00013798081,0.00018804062,0.36124972,0.22150537,1,40,114,0.6451613,0.0,-0.86856455,5.7658777,0.3548387
600433.SH,16.006691,16.006691,0.00014322114,0.00018804062,0.39166635,0.3,1,21,149,0.925,0.0,-1.7280824,-21.78418,0.075
600435.SH,12.692106,12.692106,0.00012766641,0.00018804062,0.36916637,0.16781609,1,33,251,0.56666666,0.0,-1.3397566,-0.23192593,0.43333334
600436.SH,20.849457,20.849457,0.00018173039,0.00018804062,0.41999966,0.2358927,1,33,251,0.7234042,0.0,-1.2205424,13.552368,0.27659574
600438.SH,16.241955,16.241955,0.00014150562,0.00018804062,0.39333302,0.3210084,1,59,157,0.82857144,0.0,-0.7964171,-27.874584,0.17142858
600439.SH,12.819807,12.819807,0.00013375533,0.00018804062,0.36208305,0.17011495,1,80,208,0.6,0.0,-1.0641334,6.910497,0.4
600444.SH,12.8804865,12.8804865,0.00013460261,0.00018804062,0.3724997,0.12802276,1,40,114,0.7368421,0.0,-2.0214183,4.669086,0.2631579
600446.SH,17.572,17.572,0.00016503426,0.00018804062,0.38166636,0.14920636,1,7,111,0.30555555,0.0,-1.3830916,-4.725878,0.6944444
600448.SH,21.12724,21.12724,0.00016972395,0.00018804062,0.39666635,0.34084085,1,21,149,0.7837838,0.0,-1.2192404,-26.043167,0.21621622
600449.SH,13.15961,13.15961,0.00013719077,0.00018804062,0.3541664,0.25287357,1,102,50,0.6,0.0,-1.2037467,2.8122466,0.4
600452.SH,14.145629,14.145629,0.00014538098,0.00018804062,0.3674997,0.2091954,1,74,159,0.5,0.0,0.72758,4.078492,0.5
600455.SH,13.213601,13.213601,0.00012834487,0.00018804062,0.39333302,0.35037878,1,59,157,0.8787879,0.0,-0.59920305,18.484966,0.121212125
600456.SH,12.129901,12.129901,0.00012595345,0.00018804062,0.39083302,0.17011495,1,1,211,0.93333334,0.0,-2.5105667,7.3652773,0.06666667
600458.SH,16.361477,16.361477,0.00016474686,0.00018804062,0.35708305,0.15329768,1,43,94,0.5,0.0,-0.77230585,2.633359,0.5
600459.SH,11.24215,11.24215,0.00012380378,0.00018804062,0.36666638,0.15483871,1,102,50,0.9354839,0.0,-3.7258096,6.5664277,0.06451613
600460.SH,20.65733,20.65733,0.00017920566,0.00018804062,0.37166637,0.45806453,1,11,17,0.48387095,0.0,-1.8084935,-0.08238969,0.516129
600461.SH,16.45653,16.45653,0.00015973285,0.00018804062,0.39916638,0.14634146,1,21,149,0.63414633,0.0,-1.1500806,7.3601575,0.36585367
600463.SH,18.794394,18.794394,0.00015495272,0.00018804062,0.3899997,0.3371266,1,8,1,1.0,0.0,-1.4122316,-25.216635,0.0
600467.SH,14.858072,14.858072,0.00015154605,0.00018804062,0.38083303,0.11724138,1,80,208,0.4,0.0,-1.2287031,-2.0998218,0.6
600468.SH,17.833935,17.833935,0.0001752309,0.00018804062,0.35624972,0.24598931,1,21,149,0.38235295,0.0,-0.82122946,4.1511583,0.61764705
600469.SH,8.771959,8.771959,0.00010262269,0.00018804062,0.36333305,0.26451612,1,7,111,0.9032258,0.0,-1.3964033,7.295331,0.09677419
600470.SH,21.441717,21.441717,0.0001768508,0.00018804062,0.39749968,0.3952381,1,95,151,0.9444444,0.0,-1.317614,-28.436144,0.055555556
600475.SH,15.865996,15.865996,0.0001595943,0.00018804062,0.35749972,0.18360071,1,27,217,0.3529412,0.0,-1.0225265,3.2443147,0.64705884
600476.SH,25.986958,25.986958,0.00019295694,0.00018804062,0.3899997,0.31983805,1,5,286,0.8974359,0.0,-1.6175948,-26.260206,0.102564104
600477.SH,9.818175,9.818175,0.000110844754,0.00018804062,0.39499968,0.25287357,1,59,157,0.9,0.0,-1.31034,0.09771727,0.1
600478.SH,9.152372,9.152372,0.00010382711,0.00018804062,0.35708305,0.22916667,1,27,217,0.8787879,0.0,-2.9447846,4.021778,0.121212125
600479.SH,15.771776,15.771776,0.00015655742,0.00018804062,0.3874997,0.18346775,1,2,80,0.875,0.0,-1.019125,10.159359,0.125
600480.SH,16.301704,16.301704,0.00016203345,0.00018804062,0.3724997,0.12415654,1,5,286,0.6666667,0.0,-0.56791794,4.851018,0.33333334
600481.SH,19.834974,19.834974,0.00016978483,0.00018804062,0.40166634,0.29678848,1,5,286,0.88372093,0.0,-1.5864744,-22.424019,0.11627907
600482.SH,7.086671,7.086671,8.713416e-05,0.00018804062,0.35874972,0.25747126,1,40,114,0.93333334,0.0,-1.37746,2.0495038,0.06666667
600483.SH,17.018158,17.018158,0.0001656636,0.00018804062,0.37583303,0.15725806,1,69,305,0.5,0.0,-0.24630937,2.190404,0.5
600486.SH,20.560968,20.560968,0.00019411273,0.00018804062,0.3724997,0.23535353,1,15,191,0.37777779,0.0,-1.4431334,4.9380136,0.62222224
600487.SH,12.685647,12.685647,0.00012813509,0.00018804062,0.3799997,0.23351158,1,69,305,0.8235294,0.0,-0.827903,10.684456,0.1764706
600488.SH,24.08103,24.08103,0.00019448223,0.00018804062,0.39916635,0.18039216,1,5,286,0.627451,0.0,-0.9049726,1.006253,0.37254903
600489.SH,15.578012,15.578012,0.00015179487,0.00018804062,0.38666636,0.1969697,1,21,149,0.72727275,0.0,-1.768618,10.5679455,0.27272728
600490.SH,19.533993,19.533993,0.00018856236,0.00018804062,0.35333306,0.1952381,1,21,149,0.33333334,0.0,-1.3667861,3.092364,0.6666667
600491.SH,8.280323,8.280323,8.87863e-05,0.00018804062,0.3874997,0.31034482,1,52,65,0.93333334,0.0,-1.1989133,-25.998316,0.06666667
600493.SH,13.561844,13.561844,0.00012948179,0.00018804062,0.3824997,0.20365854,1,33,251,0.8780488,0.0,-1.2885562,0.89553463,0.12195122
600495.SH,19.395298,19.395298,0.00017909415,0.00018804062,0.3674997,0.18634424,1,22,208,0.31578946,0.0,-2.0680213,3.6720333,0.68421054
600496.SH,13.1680975,13.1680975,0.00013838006,0.00018804062,0.3674997,0.13333334,1,91,229,0.6333333,0.0,-1.2604966,2.3560905,0.36666667
600497.SH,11.277466,11.277466,0.00012563051,0.00018804062,0.36541638,0.15053764,1,22,208,0.7419355,0.0,-2.4265096,10.132135,0.2580645
600498.SH,17.625994,17.625994,0.0001642171,0.00018804062,0.3824997,0.07096774,1,96,56,0.9354839,0.0,-0.86796135,2.6521673,0.06451613
600499.SH,17.6206,17.6206,0.00017026872,0.00018804062,0.39166635,0.15315315,1,85,6,0.8648649,0.0,-1.2295649,9.585115,0.13513513
600500.SH,21.569658,21.569658,0.00018171906,0.00018804062,0.40166634,0.19796485,1,59,157,0.85106385,0.0,-1.1019001,-19.369802,0.14893617
600501.SH,21.46234,21.46234,0.00018243173,0.00018804062,0.400833,0.21480407,1,40,114,0.49056605,0.0,-1.0377452,-16.613384,0.509434
600502.SH,15.644857,15.644857,0.00016019674,0.00018804062,0.3799997,0.13363363,1,52,65,0.7837838,0.0,-0.42748383,3.3209596,0.21621622
600503.SH,17.778938,17.778938,0.00016663098,0.00018804062,0.35749972,0.14304993,1,12,252,0.33333334,0.0,-1.3176,0.44334352,0.6666667
600505.SH,19.38492,19.38492,0.00016978267,0.00018804062,0.3874997,0.19148937,1,69,305,0.6458333,0.0,-0.2707542,2.9748833,0.35416666
600506.SH,19.092276,19.092276,0.00018250801,0.00018804062,0.38333303,0.10384069,1,14,83,0.8684211,0.0,-0.31398425,4.833549,0.13157895
600507.SH,12.568972,12.568972,0.0001314904,0.00018804062,0.37583303,0.1724138,1,1,211,0.8333333,0.0,-0.8536001,8.62743,0.16666667
600508.SH,15.629544,15.629544,0.00016325832,0.00018804062,0.3624997,0.17943548,1,22,208,0.78125,0.0,-0.4850656,1.2205844,0.21875
600509.SH,14.856258,14.856258,0.00014895179,0.00018804062,0.38583302,0.19607843,1,80,208,0.7647059,0.0,0.23992348,3.3625417,0.23529412
600510.SH,11.117439,11.117439,0.000116024865,0.00018804062,0.3649997,0.16042781,1,40,114,0.85294116,0.0,-1.3997,-4.6860547,0.14705883
600511.SH,15.1948,15.1948,0.0001503578,0.00018804062,0.3637497,0.23361345,1,61,124,0.6571429,0.0,-0.8591972,2.7778547,0.34285715
600512.SH,9.623874,9.623874,0.000111484595,0.00018804062,0.3799997,0.34252873,1,33,251,1.0,0.0,-0.59966666,-0.4885783,0.0
600513.SH,14.006355,14.006355,0.00012700955,0.00018804062,0.39416635,0.37254903,1,33,251,0.7352941,0.0,-1.47385,-29.946882,0.2647059
600515.SH,17.98917,17.98917,0.000170915,0.00018804062,0.35999972,0.1733871,1,19,162,0.6875,0.0,-1.4572594,2.4787593,0.3125
600516.SH,18.814566,18.814566,0.00016158349,0.00018804062,0.36666638,0.25384617,1,7,111,0.775,0.0,-0.97327745,2.45977,0.225
600517.SH,19.51944,19.51944,0.00018795906,0.00018804062,0.3624997,0.23707666,1,7,111,0.2647059,0.0,-1.6004617,4.636425,0.7352941
600518.SH,107.608665,107.608665,0.00076060876,0.00018804062,0.440833,0.14019541,1,80,208,0.9263804,0.0,-1.1969332,1.1832638,0.073619634
600519.SH,341.64847,341.64847,0.002671391,0.00018804062,0.5499996,0.036275588,1,69,305,0.9309927,0.0,-1.1122108,12.114402,0.06900726
600520.SH,21.87341,21.87341,0.0001732734,0.00018804062,0.3899997,0.31039137,1,69,305,0.6666667,0.0,-1.7503257,3.8302617,0.33333334
600521.SH,9.29883,9.29883,0.000101566395,0.00018804062,0.3899997,0.14314516,1,22,208,0.9375,0.0,-1.5356469,1.5991416,0.0625
600522.SH,13.276636,13.276636,0.00013162997,0.00018804062,0.36166638,0.13793103,1,22,208,0.53333336,0.0,-1.6092366,2.52007,0.46666667
600523.SH,9.90088,9.90088,0.000112815025,0.00018804062,0.37666637,0.21008404,1,5,286,0.82857144,0.0,-1.7500257,7.8971725,0.17142858
600526.SH,18.626032,18.626032,0.000177517,0.00018804062,0.37541637,0.123123124,1,15,191,0.8108108,0.0,-1.5151405,1.8109428,0.1891892
600527.SH,16.439125,16.439125,0.00016399026,0.00018804062,0.37583303,0.19159664,1,74,159,0.62857145,0.0,-0.06574854,3.7979114,0.37142858
600528.SH,12.441756,12.441756,0.0001314806,0.00018804062,0.3541664,0.23697479,1,34,43,0.85714287,0.0,-1.5863827,2.672023,0.14285715
600529.SH,18.994286,18.994286,0.0001756653,0.00018804062,0.39083302,0.10606061,1,23,94,0.75757575,0.0,-1.2474636,7.013008,0.24242425
600530.SH,18.79374,18.79374,0.00017634417,0.00018804062,0.37833303,0.13655761,1,69,305,0.6052632,0.0,-0.6234921,-3.6975713,0.39473686
600531.SH,18.802305,18.802305,0.00017836466,0.00018804062,0.37333304,0.13229018,1,33,251,0.4473684,0.0,-1.3231343,6.6691737,0.55263156
600533.SH,17.839022,17.839022,0.00016937265,0.00018804062,0.37208304,0.14962122,1,33,251,0.45454547,0.0,-0.86892724,-1.1248869,0.54545456
600535.SH,14.127245,14.127245,0.00013474621,0.00018804062,0.3874997,0.4717742,1,15,191,0.90625,0.0,-0.65959376,17.989653,0.09375
600536.SH,16.021955,16.021955,0.00015041245,0.00018804062,0.37666637,0.394958,1,30,30,0.42857143,0.0,-1.6334314,-14.033426,0.5714286
600537.SH,46.38309,46.38309,0.00031951265,0.00018804062,0.40666637,0.21147542,1,91,229,0.6557377,0.0,-0.38035086,-18.815182,0.3442623
600538.SH,25.202002,25.202002,0.0002077191,0.00018804062,0.40666637,0.19865319,1,87,102,0.8545455,0.0,-1.2059563,-13.06693,0.14545454
600539.SH,17.140339,17.140339,0.00014456046,0.00018804062,0.38916636,0.32436976,1,20,96,0.9142857,0.0,-1.3772401,-27.850168,0.08571429
600540.SH,16.18875,16.18875,0.000139143,0.00018804062,0.39999968,0.3108108,1,2,80,0.7297297,0.0,-1.0673326,-25.887787,0.27027026
600543.SH,19.97112,19.97112,0.0001694163,0.00018804062,0.39499968,0.28541225,1,90,27,0.72727275,0.0,-1.6977181,-15.804069,0.27272728
600545.SH,14.494745,14.494745,0.000130453,0.00018804062,0.39166635,0.36825398,1,5,286,0.8611111,0.0,-1.3571248,-27.123802,0.1388889
600546.SH,17.507563,17.507563,0.00016925472,0.00018804062,0.36791638,0.14126985,1,57,68,0.5277778,0.0,-0.15342505,3.7585602,0.4722222
600547.SH,16.043774,16.043774,0.00015751246,0.00018804062,0.37416637,0.060215052,1,57,68,0.83870965,0.0,-1.706487,5.229061,0.16129032
600548.SH,22.345778,22.345778,0.00020742168,0.00018804062,0.35999972,0.17317073,1,69,305,0.5365854,0.0,-0.8567488,4.0354977,0.46341464
600549.SH,16.266872,16.266872,0.00015975055,0.00018804062,0.36916637,0.06451613,1,69,305,0.59375,0.0,-1.4774969,6.056343,0.40625
600550.SH,59.35028,59.35028,0.0004493718,0.00018804062,0.42499968,0.16170213,1,95,151,0.9263158,0.0,-1.5760758,11.416243,0.07368421
600551.SH,17.350357,17.350357,0.00016791599,0.00018804062,0.3649997,0.22222222,1,91,229,0.3243243,0.0,-0.44243246,-2.50677,0.6756757
600552.SH,15.24073,15.24073,0.00015059182,0.00018804062,0.34958306,0.13968255,1,12,252,0.3611111,0.0,-1.3191779,1.0921054,0.6388889
600556.SH,14.380177,14.380177,0.00013454906,0.00018804062,0.36666638,0.2920635,1,74,159,0.9722222,0.0,-1.4268835,0.33527783,0.027777778
600557.SH,17.318794,17.318794,0.00016450352,0.00018804062,0.3799997,0.12878788,1,17,17,0.6666667,0.0,-1.4975668,4.4942465,0.33333334
600558.SH,14.844242,14.844242,0.00014701871,0.00018804062,0.38166636,0.16934046,1,21,149,0.7058824,0.0,-1.8250589,7.127287,0.29411766
600559.SH,15.966042,15.966042,0.00015198848,0.00018804062,0.38916636,0.2809524,1,93,192,0.8055556,0.0,0.09966388,11.333473,0.19444445
600560.SH,10.999486,10.999486,0.00012081084,0.00018804062,0.35999972,0.125,1,5,286,0.7878788,0.0,-0.6125667,4.5824,0.21212122
600561.SH,19.660238,19.660238,0.00018632176,0.00018804062,0.37416637,0.0984127,1,69,305,0.8055556,0.0,-0.90792775,2.804389,0.19444445
600562.SH,14.131143,14.131143,0.000138932,0.00018804062,0.3824997,0.26890758,1,27,217,0.71428573,0.0,-1.2240456,12.46169,0.2857143
600563.SH,20.558496,20.558496,0.00017970723,0.00018804062,0.403333,0.29634145,1,69,305,0.70731705,0.0,-1.8047147,17.577457,0.29268292
600566.SH,20.246431,20.246431,0.00017875063,0.00018804062,0.38666636,0.24637681,1,93,192,0.9130435,0.0,-1.381313,10.46117,0.08695652
600567.SH,9.091269,9.091269,9.803684e-05,0.00018804062,0.3899997,0.31653225,1,2,80,0.9375,0.0,0.024262547,-22.7762,0.0625
600569.SH,18.437994,18.437994,0.00015773169,0.00018804062,0.38916636,0.30128205,1,15,191,0.725,0.0,-1.5460474,-25.984028,0.275
600570.SH,18.902939,18.902939,0.00016854552,0.00018804062,0.38666636,0.2934662,1,7,111,0.627907,0.0,-0.9963791,12.806473,0.37209302
600571.SH,14.022332,14.022332,0.00014202879,0.00018804062,0.3774997,0.09090909,1,91,229,0.6666667,0.0,-1.2309818,1.3212607,0.33333334
600572.SH,11.148026,11.148026,0.00011425093,0.00018804062,0.38666636,0.35650623,1,5,286,0.9411765,0.0,-0.5161853,14.618683,0.05882353
600573.SH,19.130339,19.130339,0.00017609392,0.00018804062,0.35999972,0.16733871,1,69,305,0.625,0.0,-1.3236468,4.018259,0.375
600575.SH,15.697881,15.697881,0.00015511416,0.00018804062,0.35708305,0.08712121,1,93,192,0.7878788,0.0,0.21644855,0.6092254,0.21212122
600576.SH,11.291377,11.291377,0.00011866607,0.00018804062,0.37416637,0.26451612,1,87,102,0.83870965,0.0,-0.9592582,8.568816,0.16129032
600577.SH,20.02616,20.02616,0.00019045861,0.00018804062,0.36958304,0.08907563,1,19,162,0.74285716,0.0,-0.48050576,4.5787797,0.25714287
600578.SH,11.3117695,11.3117695,0.00012202009,0.00018804062,0.36166638,0.2580645,1,93,192,0.96875,0.0,0.65592194,8.637169,0.03125
600579.SH,15.937516,15.937516,0.00015430526,0.00018804062,0.39083302,0.100995734,1,95,151,0.84210527,0.0,-1.1537421,-7.071126,0.15789473
600580.SH,19.908863,19.908863,0.0001817169,0.00018804062,0.3674997,0.24466571,1,61,124,0.28947368,0.0,-1.4072553,3.589342,0.7105263
600582.SH,13.942983,13.942983,0.00013882367,0.00018804062,0.405833,0.13655761,1,1,211,0.8947368,0.0,-1.1084948,12.517115,0.10526316
600583.SH,13.722383,13.722383,0.00013466856,0.00018804062,0.3974997,0.15402299,1,69,305,0.7,0.0,-0.37059003,2.364115,0.3
600584.SH,17.469753,17.469753,0.00016580518,0.00018804062,0.3749997,0.13368984,1,1,211,0.5882353,0.0,-1.8616765,2.6028996,0.4117647
600585.SH,9.183406,9.183406,0.00010406481,0.00018804062,0.37833303,0.2137931,1,20,96,0.8,0.0,-0.020109963,0.6407521,0.2
600586.SH,13.899262,13.899262,0.00012926762,0.00018804062,0.39666635,0.34984985,1,43,94,0.8108108,0.0,-1.0539918,-24.469793,0.1891892
600587.SH,10.879064,10.879064,0.00011755793,0.00018804062,0.3624997,0.10967742,1,12,252,0.7419355,0.0,-1.1187258,2.1688063,0.2580645
600588.SH,20.982145,20.982145,0.00017249376,0.00018804062,0.38916636,0.34984985,1,5,286,0.6486486,0.0,-1.9611028,-25.958975,0.35135135
600589.SH,24.193436,24.193436,0.0001816498,0.00018804062,0.39333302,0.23589744,1,40,114,0.8,0.0,-1.5961176,-17.705229,0.2
600590.SH,17.893929,17.893929,0.00016804643,0.00018804062,0.3749997,0.21008404,1,51,81,0.4,0.0,-0.5175343,3.237137,0.6
600592.SH,20.228823,20.228823,0.00018973839,0.00018804062,0.35333306,0.27820513,1,102,50,0.35,0.0,-1.5356725,2.4126682,0.65
600593.SH,25.145496,25.145496,0.00020885856,0.00018804062,0.38666636,0.26352942,1,102,50,0.5294118,0.0,-1.433639,10.237292,0.47058824
600594.SH,19.816353,19.816353,0.00017925623,0.00018804062,0.3762497,0.22857143,1,77,117,0.42857143,0.0,-1.2779658,-0.9310274,0.5714286
600595.SH,17.419395,17.419395,0.00017275325,0.00018804062,0.3624997,0.34285715,1,30,30,0.3888889,0.0,-1.4280696,4.748878,0.6111111
600596.SH,14.568146,14.568146,0.00014896288,0.00018804062,0.36333305,0.29411766,1,91,229,0.5882353,0.0,-1.459,1.0491124,0.4117647
600597.SH,13.036787,13.036787,0.00013149256,0.00018804062,0.40249968,0.1764706,1,69,305,0.7941176,0.0,-0.4264382,-7.4866266,0.20588236
600598.SH,16.687841,16.687841,0.00015184032,0.00018804062,0.39083302,0.29871976,1,93,192,0.7894737,0.0,-0.82909477,15.495439,0.21052632
600600.SH,20.035809,20.035809,0.00018152698,0.00018804062,0.3924997,0.32057822,1,2,80,0.46938777,0.0,-1.1039429,13.980983,0.53061223
600601.SH,14.934704,14.934704,0.00014413492,0.00018804062,0.37541637,0.22857143,1,57,68,0.6944444,0.0,-1.300986,15.0169325,0.30555555
600602.SH,11.6823,11.6823,0.00012314759,0.00018804062,0.35999972,0.12310606,1,21,149,0.6060606,0.0,-1.7783211,1.8025999,0.3939394
600603.SH,11.500508,11.500508,0.0001283956,0.00018804062,0.34999973,0.19128788,1,19,162,0.8484849,0.0,-0.23679097,4.6762156,0.15151516
600604.SH,18.743214,18.743214,0.00016163934,0.00018804062,0.400833,0.25252524,1,12,252,0.5777778,0.0,-1.3416777,-19.047733,0.42222223
600605.SH,11.622384,11.622384,0.00012367545,0.00018804062,0.36333305,0.18346775,1,5,286,0.75,0.0,-0.21893749,1.9640499,0.25
600606.SH,20.997593,20.997593,0.00018642397,0.00018804062,0.398333,0.24039133,1,2,80,0.5925926,0.0,-0.97687966,-16.651981,0.4074074
600609.SH,17.186977,17.186977,0.00016012286,0.00018804062,0.39499968,0.16724738,1,80,208,0.78571427,0.0,-0.8102952,15.933492,0.21428572
600610.SH,110.84324,110.84324,0.00081924925,0.00018804062,0.4516663,0.10700937,1,57,68,0.95187163,0.0,-1.7034634,13.050608,0.04812834
600611.SH,15.107914,15.107914,0.00015202783,0.00018804062,0.3541664,0.17613636,1,7,111,0.6060606,0.0,-1.1238031,2.9486213,0.3939394
600612.SH,15.34697,15.34697,0.00015357754,0.00018804062,0.38833302,0.17142858,1,87,102,0.6571429,0.0,-0.33421713,7.890964,0.34285715
600613.SH,12.289694,12.289694,0.00012306328,0.00018804062,0.37833303,0.12655972,1,27,217,0.85294116,0.0,-1.8203411,-2.3219967,0.14705883
600615.SH,12.425942,12.425942,0.00012370663,0.00018804062,0.3749997,0.24774775,1,93,192,0.9459459,0.0,-1.390819,2.2327297,0.054054055
600616.SH,110.01453,110.01453,0.0007827903,0.00018804062,0.435833,0.124794744,1,43,94,0.94857144,0.0,-1.3764708,1.4006703,0.05142857
600617.SH,20.285841,20.285841,0.00018563302,0.00018804062,0.39499968,0.13842747,1,19,162,0.76744187,0.0,-1.157707,-8.605143,0.23255815
600618.SH,14.318781,14.318781,0.00014629532,0.00018804062,0.36416638,0.13257575,1,15,191,0.75757575,0.0,-0.5721576,1.4582272,0.24242425
600619.SH,13.3044,13.3044,0.00013274375,0.00018804062,0.36416638,0.14081997,1,23,94,0.85294116,0.0,-2.036341,4.601182,0.14705883
600620.SH,16.165726,16.165726,0.00016612573,0.00018804062,0.35499972,0.17424242,1,12,252,0.3939394,0.0,-1.3074092,2.1136184,0.6060606
600621.SH,15.636904,15.636904,0.00015347796,0.00018804062,0.3554164,0.18709677,1,40,114,0.3548387,0.0,-0.9172387,5.3129034,0.6451613
600622.SH,54.063503,54.063503,0.00038537235,0.00018804062,0.40416637,0.25625977,1,80,208,0.875,0.0,-1.5375195,-19.125767,0.125
600623.SH,12.117371,12.117371,0.00013221582,0.00018804062,0.36583304,0.13825758,1,91,229,0.8181818,0.0,0.39269096,3.0391302,0.18181819
600626.SH,13.832795,13.832795,0.00013893038,0.00018804062,0.39166635,0.0855615,1,80,208,0.7352941,0.0,-1.241903,-0.90278316,0.2647059
600628.SH,19.765305,19.765305,0.00018153172,0.00018804062,0.35791638,0.22638147,1,61,124,0.32352942,0.0,-1.6529323,4.751124,0.6764706
600629.SH,11.085024,11.085024,0.000113423266,0.00018804062,0.37083304,0.18991597,1,40,114,0.7714286,0.0,-1.0282772,3.4341342,0.22857143
600630.SH,19.182697,19.182697,0.00018066456,0.00018804062,0.35499972,0.12955466,1,93,192,0.5897436,0.0,-1.4321077,2.126576,0.41025642
600633.SH,18.247011,18.247011,0.00017350027,0.00018804062,0.38333303,0.121212125,1,1,211,0.64705884,0.0,-0.85822934,4.936966,0.3529412
600635.SH,13.295298,13.295298,0.00013983101,0.00018804062,0.36666638,0.21969697,1,12,252,0.6969697,0.0,0.051215142,5.962445,0.3030303
600637.SH,9.82671,9.82671,0.0001083479,0.00018804062,0.36208305,0.09195402,1,33,251,0.6666667,0.0,-0.72171336,0.9711899,0.33333334
600638.SH,7.5530157,7.5530157,8.666617e-05,0.00018804062,0.35499972,0.17613636,1,59,157,0.90909094,0.0,-0.7288788,-8.07865,0.09090909
600639.SH,15.524814,15.524814,0.00015180845,0.00018804062,0.3799997,0.14252874,1,52,65,0.8666667,0.0,-0.7454167,0.66089123,0.13333334
600640.SH,21.520452,21.520452,0.00017693616,0.00018804062,0.3699997,0.2555102,1,22,208,0.46,0.0,-1.307732,-0.135588,0.54
600641.SH,16.722946,16.722946,0.00015480586,0.00018804062,0.39333302,0.13445379,1,69,305,0.8,0.0,-1.5981516,-6.060338,0.2
600642.SH,13.736444,13.736444,0.00013968216,0.00018804062,0.3674997,0.20215054,1,21,149,0.9354839,0.0,1.1497872,5.8916802,0.06451613
600643.SH,8.124714,8.124714,9.749603e-05,0.00018804062,0.3504164,0.25747126,1,12,252,0.8333333,0.0,-0.8283933,5.7499323,0.16666667
600644.SH,11.402857,11.402857,0.00010695341,0.00018804062,0.37833303,0.3764706,1,93,192,0.85714287,0.0,0.8713541,3.383374,0.14285715
600645.SH,9.021072,9.021072,0.00010154861,0.00018804062,0.36166638,0.10537634,1,91,229,0.9677419,0.0,-1.4722902,2.3791485,0.032258064
600648.SH,10.321497,10.321497,0.00011110043,0.00018804062,0.3712497,0.096551724,1,19,162,0.96666664,0.0,-0.51882,0.8794187,0.033333335
600649.SH,16.611076,16.611076,0.0001615241,0.00018804062,0.37166637,0.09280303,1,22,208,0.8181818,0.0,-0.6592516,-0.8075465,0.18181819
600650.SH,7.3687296,7.3687296,9.439848e-05,0.00018804062,0.35583305,0.31264368,1,12,252,0.9,0.0,-0.08493665,4.8495665,0.1
600651.SH,15.822286,15.822286,0.00015105835,0.00018804062,0.3824997,0.17777778,1,68,6,0.8888889,0.0,-1.6401583,2.1321862,0.11111111
600653.SH,18.761417,18.761417,0.00015775918,0.00018804062,0.36958304,0.28235295,1,80,208,0.7714286,0.0,-1.0423514,1.7637429,0.22857143
600654.SH,8.408245,8.408245,8.58565e-05,0.00018804062,0.3899997,0.2172043,1,15,191,0.9354839,0.0,-0.43853554,-4.668095,0.06451613
600655.SH,16.272951,16.272951,0.00015906955,0.00018804062,0.36583304,0.21925133,1,21,149,0.5294118,0.0,-0.97683233,-1.8912374,0.47058824
600657.SH,76.74242,76.74242,0.0005488189,0.00018804062,0.43999964,0.1607658,1,1,211,0.9354839,0.0,-1.191605,-13.103853,0.06451613
600658.SH,18.624548,18.624548,0.00015523261,0.00018804062,0.39166635,0.32253712,1,80,208,0.64102566,0.0,-1.3997152,-23.21601,0.35897437
600660.SH,12.859471,12.859471,0.0001381923,0.00018804062,0.36833304,0.19607843,1,19,162,0.85294116,0.0,-1.504656,4.302003,0.14705883
600661.SH,15.111203,15.111203,0.00014792918,0.00018804062,0.35124972,0.2798574,1,43,94,0.3529412,0.0,-0.45674708,4.209716,0.64705884
600662.SH,10.979866,10.979866,0.00011648108,0.00018804062,0.38833302,0.21169356,1,2,80,0.90625,0.0,-1.0534812,11.570528,0.09375
600663.SH,13.998935,13.998935,0.00014099026,0.00018804062,0.34999973,0.08735632,1,93,192,0.6666667,0.0,0.013159999,0.37110642,0.33333334
600664.SH,15.069086,15.069086,0.00014548804,0.00018804062,0.36958304,0.09677419,1,93,192,0.48387095,0.0,-0.99767417,2.5452611,0.516129
600665.SH,15.609746,15.609746,0.00014223903,0.00018804062,0.3849997,0.29102564,1,20,96,0.7,0.0,-1.3048,-25.981634,0.3
600666.SH,19.803741,19.803741,0.00016760835,0.00018804062,0.3924997,0.21906117,1,20,96,0.92105263,0.0,-2.2982657,12.478258,0.078947365
600667.SH,11.4274845,11.4274845,0.00012256045,0.00018804062,0.39083302,0.1764706,1,95,151,0.88235295,0.0,0.048202958,3.4667056,0.11764706
600668.SH,10.747055,10.747055,0.00011526638,0.00018804062,0.3799997,0.28817204,1,59,157,0.9354839,0.0,-0.825342,7.7146416,0.06451613
600671.SH,42.02769,42.02769,0.00031964938,0.00018804062,0.39749968,0.28344792,1,27,217,0.83870965,0.0,-1.8096209,14.216929,0.16129032
600673.SH,17.94345,17.94345,0.00015908273,0.00018804062,0.38583302,0.19767442,1,69,305,0.72727275,0.0,-1.0649453,3.628557,0.27272728
600674.SH,16.856127,16.856127,0.00015371968,0.00018804062,0.3849997,0.32447398,1,27,217,0.5813953,0.0,-0.24919537,13.332999,0.41860464
600675.SH,18.670774,18.670774,0.00017376503,0.00018804062,0.3849997,0.15465465,1,69,305,0.5945946,0.0,-1.1280864,-2.2142136,0.4054054
600676.SH,16.699448,16.699448,0.00014962467,0.00018804062,0.39166635,0.30499324,1,80,208,0.61538464,0.0,-1.5013257,-21.916718,0.3846154
600678.SH,15.511251,15.511251,0.00014104448,0.00018804062,0.405833,0.18655463,1,20,96,0.9714286,0.0,-0.96691144,5.1686893,0.028571429
600679.SH,9.369712,9.369712,0.00010500308,0.00018804062,0.37833303,0.19569893,1,80,208,0.7741935,0.0,-1.6070162,8.98327,0.22580644
600681.SH,12.439129,12.439129,0.00013435177,0.00018804062,0.35999972,0.28739497,1,26,39,0.85714287,0.0,0.39942285,7.097059,0.14285715
600682.SH,16.086,16.086,0.00016209362,0.00018804062,0.36666638,0.17613636,1,5,286,0.6969697,0.0,-0.30676365,2.6047304,0.3030303
600683.SH,19.487984,19.487984,0.00015439412,0.00018804062,0.39083302,0.36936936,1,19,162,1.0,0.0,-1.4968218,-28.751167,0.0
600684.SH,15.353278,15.353278,0.00015407628,0.00018804062,0.39083302,0.17992425,1,96,56,0.8484849,0.0,-0.8664182,8.696844,0.15151516
600685.SH,16.098608,16.098608,0.00015419417,0.00018804062,0.35999972,0.19354838,1,12,252,0.2580645,0.0,-0.37752256,-1.1690671,0.7419355
600686.SH,9.33565,9.33565,0.00010439557,0.00018804062,0.37583303,0.17701149,1,33,251,0.6666667,0.0,-1.0799667,2.4982615,0.33333334
600688.SH,16.793625,16.793625,0.00015068948,0.00018804062,0.39666635,0.21987315,1,52,65,0.95454544,0.0,-0.97141135,-17.790564,0.045454547
600689.SH,9.08837,9.08837,0.000103566694,0.00018804062,0.38666636,0.2850575,1,2,80,0.93333334,0.0,-0.52941334,-1.3778894,0.06666667
600690.SH,10.902408,10.902408,0.000111621586,0.00018804062,0.39416635,0.32386363,1,27,217,0.6969697,0.0,0.15391515,17.27037,0.3030303
600691.SH,19.45343,19.45343,0.00015892004,0.00018804062,0.39583302,0.3394958,1,23,94,0.8,0.0,-1.3357229,-28.629635,0.2
600692.SH,13.307594,13.307594,0.00013470184,0.00018804062,0.3649997,0.10887097,1,93,192,0.9375,0.0,-1.4409595,-1.5343838,0.0625
600693.SH,18.170366,18.170366,0.00017128792,0.00018804062,0.36333305,0.10634921,1,95,151,0.8611111,0.0,-0.7363445,-1.0108266,0.1388889
600694.SH,11.559211,11.559211,0.0001263106,0.00018804062,0.3504164,0.23106061,1,5,286,0.8181818,0.0,-0.39037877,2.1267123,0.18181819
600697.SH,15.838631,15.838631,0.00016124177,0.00018804062,0.37333304,0.17496444,1,87,102,0.5263158,0.0,-0.72446847,-1.2326763,0.47368422
600698.SH,132.19325,132.19325,0.00091360015,0.00018804062,0.46833298,0.1304272,1,1,211,0.9139785,0.0,-1.1060817,1.223342,0.086021505
600699.SH,18.263506,18.263506,0.00017610949,0.00018804062,0.37666637,0.11740891,1,95,151,0.82051283,0.0,-1.2545897,5.463292,0.17948718
600702.SH,15.533274,15.533274,0.00015386986,0.00018804062,0.3699997,0.19153225,1,69,305,0.65625,0.0,0.3171094,7.401397,0.34375
600703.SH,27.646658,27.646658,0.00021217568,0.00018804062,0.38416636,0.22801933,1,12,252,0.6956522,0.0,-0.9806675,2.9006329,0.3043478
600704.SH,21.551653,21.551653,0.00020034425,0.00018804062,0.36791638,0.1564482,1,23,94,0.5,0.0,-1.2569205,6.0506663,0.5
600706.SH,17.322733,17.322733,0.00016275613,0.00018804062,0.39166635,0.11111111,1,1,211,0.5833333,0.0,-0.63233614,-4.7795734,0.41666666
600707.SH,14.901245,14.901245,0.0001481977,0.00018804062,0.37416637,0.110516936,1,69,305,0.88235295,0.0,-2.119585,1.6790448,0.11764706
600708.SH,17.190895,17.190895,0.0001542233,0.00018804062,0.3924997,0.23536585,1,14,83,0.85365856,0.0,-0.49800244,-21.685507,0.14634146
600710.SH,15.990404,15.990404,0.00015719038,0.00018804062,0.38791636,0.19027483,1,33,251,0.6818182,0.0,-1.1556067,13.139844,0.3181818
600711.SH,7.8635354,7.8635354,9.2159506e-05,0.00018804062,0.35708305,0.20689656,1,20,96,0.8333333,0.0,-1.0048001,5.5956964,0.16666667
600712.SH,20.128046,20.128046,0.00018379177,0.00018804062,0.3849997,0.18272425,1,12,252,0.4883721,0.0,-1.1183232,-10.326315,0.5116279
600713.SH,11.873562,11.873562,0.00013041083,0.00018804062,0.34708306,0.37701613,1,27,217,0.90625,0.0,-0.7073219,3.713025,0.09375
600714.SH,12.968756,12.968756,0.00013600112,0.00018804062,0.37916636,0.14516129,1,91,229,0.71875,0.0,-0.48251247,2.9747345,0.28125
600715.SH,19.6802,19.6802,0.0001650894,0.00018804062,0.403333,0.24202128,1,74,159,0.7291667,0.0,-1.371152,-19.007364,0.27083334
600716.SH,23.214281,23.214281,0.00018558226,0.00018804062,0.39333302,0.29018492,1,12,252,0.7631579,0.0,-1.5848395,-17.919779,0.23684211
600717.SH,12.557961,12.557961,0.00013292357,0.00018804062,0.3699997,0.19139785,1,59,157,0.9032258,0.0,-1.1192807,6.416098,0.09677419
600718.SH,18.132832,18.132832,0.00016964169,0.00018804062,0.39166635,0.20107962,1,77,117,0.4871795,0.0,-1.077659,-5.82952,0.51282054
600719.SH,25.291367,25.291367,0.0001970208,0.00018804062,0.39916635,0.2769556,1,94,65,0.77272725,0.0,-1.3909771,-22.669222,0.22727273
600720.SH,19.853691,19.853691,0.00018980344,0.00018804062,0.37166637,0.12846069,1,74,159,0.74418604,0.0,-0.8340652,3.2080352,0.25581396
600721.SH,20.37691,20.37691,0.00019296216,0.00018804062,0.38833302,0.25375375,1,51,81,0.4054054,0.0,-1.7698703,3.9180474,0.5945946
600722.SH,14.145395,14.145395,0.00013681223,0.00018804062,0.39916635,0.23044097,1,91,229,0.7631579,0.0,-2.1479998,7.170043,0.23684211
600724.SH,9.405809,9.405809,0.00010624865,0.00018804062,0.38333303,0.1632184,1,27,217,0.8333333,0.0,-1.7181933,7.768318,0.16666667
600725.SH,25.067677,25.067677,0.00019761786,0.00018804062,0.39833304,0.22938776,1,7,111,0.68,0.0,-1.351018,-17.40445,0.32
600726.SH,11.009643,11.009643,0.00011532559,0.00018804062,0.3874997,0.26726726,1,46,1,1.0,0.0,0.89087296,12.738929,0.0
600727.SH,12.167347,12.167347,0.00012690139,0.00018804062,0.39166635,0.125,1,91,229,0.6363636,0.0,-1.5306606,-6.8937607,0.36363637
600728.SH,13.251806,13.251806,0.00013458235,0.00018804062,0.35916638,0.13903743,1,5,286,0.8235294,0.0,-0.18014708,1.2928998,0.1764706
600729.SH,12.266343,12.266343,0.00013728415,0.00018804062,0.3724997,0.23790322,1,80,208,0.8125,0.0,-0.74714684,7.915199,0.1875
600730.SH,18.270199,18.270199,0.00015170936,0.00018804062,0.38333303,0.24324325,1,2,80,0.65789473,0.0,-0.8060342,1.6519816,0.34210527
600731.SH,11.9393215,11.9393215,0.00012941712,0.00018804062,0.3699997,0.18487395,1,19,162,1.0,0.0,-1.406683,3.197729,0.0
600732.SH,21.868494,21.868494,0.0001776514,0.00018804062,0.39749968,0.23510204,1,61,124,0.56,0.0,-1.528802,-19.463163,0.44
600733.SH,197.17593,197.17593,0.0014349984,0.00018804062,0.51833296,0.06453575,1,1,211,0.9512195,0.0,-1.2897359,-10.911714,0.048780486
600734.SH,42.373417,42.373417,0.00029679548,0.00018804062,0.4174997,0.27142859,1,80,208,0.78571427,0.0,-1.5768964,-19.001356,0.21428572
600736.SH,17.928337,17.928337,0.00017458445,0.00018804062,0.3649997,0.114285715,1,57,68,0.45714286,0.0,-1.8609656,3.4582973,0.54285717
600737.SH,16.029753,16.029753,0.00016102461,0.00018804062,0.36041638,0.17045455,1,87,102,0.6363636,0.0,-0.610303,3.0278945,0.36363637
600738.SH,10.996785,10.996785,0.0001103169,0.00018804062,0.37666637,0.35135135,1,27,217,0.9459459,0.0,-0.33904597,13.883312,0.054054055
600739.SH,15.922438,15.922438,0.00016033887,0.00018804062,0.3662497,0.33333334,1,43,94,0.38709676,0.0,0.036761314,-0.08042895,0.61290324
600740.SH,9.715177,9.715177,0.000104307524,0.00018804062,0.37916636,0.2413793,1,12,252,0.6,0.0,-0.63718665,-15.89354,0.4
600741.SH,16.254251,16.254251,0.00016641038,0.00018804062,0.38416636,0.20673636,1,27,217,0.5714286,0.0,-1.1796668,6.423022,0.42857143
600742.SH,20.721312,20.721312,0.00019388324,0.00018804062,0.3624997,0.21538462,1,93,192,0.325,0.0,-1.7095301,5.2947354,0.675
600743.SH,23.00863,23.00863,0.00017656988,0.00018804062,0.39999968,0.32435897,1,15,191,0.825,0.0,-1.416565,-28.60111,0.175
600744.SH,20.529509,20.529509,0.00017763881,0.00018804062,0.4024997,0.16979592,1,95,151,0.84,0.0,-0.18142603,-6.810321,0.16
600745.SH,17.892706,17.892706,0.00017081722,0.00018804062,0.3649997,0.09269162,1,93,192,0.5294118,0.0,-1.6932734,4.7538,0.47058824
600746.SH,11.874904,11.874904,0.00012820466,0.00018804062,0.35791638,0.13068181,1,26,39,0.75757575,0.0,0.7059757,1.4125422,0.24242425
600748.SH,15.591414,15.591414,0.00014232859,0.00018804062,0.38583302,0.2974359,1,102,50,0.5,0.0,-1.23852,-16.660702,0.5
600749.SH,14.411412,14.411412,0.000139923,0.00018804062,0.38666636,0.16399287,1,102,50,0.61764705,0.0,-0.6137236,5.1070166,0.38235295
600750.SH,22.92215,22.92215,0.00019714986,0.00018804062,0.38416636,0.36219513,1,42,3,0.9512195,0.0,-0.033546377,16.892534,0.048780486
600751.SH,11.982289,11.982289,0.00013024214,0.00018804062,0.35583305,0.21212122,1,42,3,0.93939394,0.0,-0.4822788,6.958106,0.060606062
600754.SH,15.383089,15.383089,0.00015347825,0.00018804062,0.3479164,0.27586207,1,26,39,0.43333334,0.0,0.58725667,3.7516098,0.56666666
600755.SH,14.787052,14.787052,0.00014912515,0.00018804062,0.3824997,0.16302522,1,15,191,0.7714286,0.0,-1.2048715,1.6766402,0.22857143
600756.SH,15.595604,15.595604,0.00012851585,0.00018804062,0.3899997,0.44886363,1,95,151,0.8787879,0.0,-1.8781818,-28.787764,0.121212125
600757.SH,18.002121,18.002121,0.00017585412,0.00018804062,0.37083304,0.19495799,1,33,251,0.37142858,0.0,-1.9396114,6.2449503,0.62857145
600758.SH,13.710981,13.710981,0.00012818258,0.00018804062,0.41833302,0.25641027,1,80,208,0.82051283,0.0,-0.717518,-16.068373,0.17948718
600759.SH,9.370523,9.370523,9.9408564e-05,0.00018804062,0.37916636,0.31724137,1,22,208,0.9,0.0,1.1959666,6.1362486,0.1
600760.SH,16.077034,16.077034,0.00015329932,0.00018804062,0.38333303,0.14102565,1,52,65,0.625,0.0,-0.80110997,8.255859,0.375
600761.SH,15.27275,15.27275,0.00015087883,0.00018804062,0.39666635,0.25236169,1,5,286,0.6923077,0.0,-1.1509923,12.004362,0.30769232
600763.SH,12.700931,12.700931,0.00013514885,0.00018804062,0.37583303,0.1816092,1,95,151,0.7,0.0,-0.4260433,7.0987153,0.3
600764.SH,18.678137,18.678137,0.00017004793,0.00018804062,0.35333306,0.10795455,1,93,192,0.6666667,0.0,-0.29543638,2.8273745,0.33333334
600765.SH,10.7449255,10.7449255,0.00011722185,0.00018804062,0.35458305,0.21176471,1,69,305,0.8,0.0,-0.9711142,2.0570145,0.2
600768.SH,17.731974,17.731974,0.00016608837,0.00018804062,0.3874997,0.123755336,1,69,305,0.55263156,0.0,-1.7287817,6.2775717,0.4473684
600769.SH,80.570526,80.570526,0.00058539945,0.00018804062,0.42416632,0.18817905,1,33,251,0.88135594,0.0,-1.7811779,11.341662,0.118644066
600770.SH,13.569364,13.569364,0.00014284687,0.00018804062,0.35708305,0.23908046,1,69,305,0.6333333,0.0,-0.96429,1.7695432,0.36666667
600771.SH,12.172242,12.172242,0.00012209552,0.00018804062,0.38416636,0.31060606,1,69,305,0.72727275,0.0,-0.8250243,11.718657,0.27272728
600773.SH,27.211788,27.211788,0.00020388264,0.00018804062,0.40499967,0.25900117,1,24,84,0.8333333,0.0,-1.6697644,-21.428684,0.16666667
600774.SH,19.831379,19.831379,0.00018440896,0.00018804062,0.38333303,0.11025641,1,14,83,0.75,0.0,-1.2551124,-0.4135417,0.25
600775.SH,28.652578,28.652578,0.00020805356,0.00018804062,0.37416637,0.37254903,1,90,27,0.7352941,0.0,-0.8646089,2.650544,0.2647059
600776.SH,10.829923,10.829923,0.000111064226,0.00018804062,0.39083302,0.25189394,1,5,286,0.6969697,0.0,-2.1339302,15.470526,0.3030303
600778.SH,20.153076,20.153076,0.00019176381,0.00018804062,0.36083305,0.242741,1,77,117,0.42857143,0.0,-1.4095024,2.585533,0.5714286
600779.SH,21.932568,21.932568,0.00018625644,0.00018804062,0.37833303,0.43361345,1,11,17,0.54285717,0.0,-0.53272283,10.10851,0.45714286
600780.SH,10.222729,10.222729,0.00011335361,0.00018804062,0.35458305,0.29677418,1,26,39,0.7419355,0.0,1.7293484,6.800474,0.2580645
600782.SH,13.997775,13.997775,0.00013553418,0.00018804062,0.38333303,0.25462306,1,26,39,0.6315789,0.0,-0.38754213,-15.487387,0.36842105
600783.SH,14.890551,14.890551,0.00014902456,0.00018804062,0.38041636,0.2,1,27,217,0.8333333,0.0,-1.4094636,9.998272,0.16666667
600784.SH,14.567337,14.567337,0.00014507909,0.00018804062,0.3712497,0.15268818,1,80,208,0.5483871,0.0,-1.1637354,4.035844,0.4516129
600785.SH,13.684624,13.684624,0.000143939,0.00018804062,0.3554164,0.29637095,1,53,16,0.65625,0.0,-0.895828,2.4293318,0.34375
600787.SH,14.680224,14.680224,0.00015024931,0.00018804062,0.35833305,0.083333336,1,23,94,0.75757575,0.0,-1.244406,2.9838758,0.24242425
600789.SH,11.824661,11.824661,0.00012400842,0.00018804062,0.39499968,0.115530305,1,6,36,0.969697,0.0,-1.3780817,0.38436255,0.030303031
600790.SH,7.691695,7.691695,8.7253124e-05,0.00018804062,0.38416636,0.32413793,1,20,96,0.93333334,0.0,-0.6249966,-19.323416,0.06666667
600791.SH,27.964432,27.964432,0.00021630389,0.00018804062,0.39166635,0.22292103,1,12,252,0.6111111,0.0,-0.89330363,-18.660063,0.3888889
600792.SH,18.465448,18.465448,0.00015424623,0.00018804062,0.3824997,0.44959676,1,20,96,0.78125,0.0,-0.17160624,-31.886185,0.21875
600793.SH,14.723032,14.723032,0.00013737533,0.00018804062,0.37666637,0.24696356,1,2,80,0.82051283,0.0,-1.3894514,13.797671,0.17948718
600794.SH,14.892056,14.892056,0.00014284576,0.00018804062,0.36833304,0.13174604,1,12,252,0.6666667,0.0,-1.4133527,-4.3083706,0.33333334
600795.SH,14.383931,14.383931,0.0001515841,0.00018804062,0.35708305,0.21780303,1,22,208,0.8181818,0.0,0.91497874,6.3562365,0.18181819
600796.SH,10.708698,10.708698,0.00011958212,0.00018804062,0.35499972,0.25210086,1,19,162,0.8,0.0,-0.94521147,4.9440227,0.2
600797.SH,18.266354,18.266354,0.00015449508,0.00018804062,0.36916637,0.2802276,1,57,68,0.7631579,0.0,-0.9011684,1.8613,0.23684211
600798.SH,14.9432,14.9432,0.00015259939,0.00018804062,0.35499972,0.14516129,1,19,162,0.875,0.0,-1.8444438,5.601801,0.125
600800.SH,73.68812,73.68812,0.0005535615,0.00018804062,0.450833,0.14176057,1,27,217,0.88535035,0.0,-0.6116369,-11.09312,0.11464968
600801.SH,15.510449,15.510449,0.00015302662,0.00018804062,0.35874972,0.19556452,1,69,305,0.59375,0.0,-0.59189063,-0.43202496,0.40625
600802.SH,20.522112,20.522112,0.00017264042,0.00018804062,0.398333,0.2627197,1,12,252,0.65957445,0.0,-0.88726604,-19.809458,0.34042552
600803.SH,17.41688,17.41688,0.00016555112,0.00018804062,0.38416636,0.2195122,1,93,192,0.5609756,0.0,-0.7568927,12.602757,0.4390244
600805.SH,11.2077465,11.2077465,0.00012361031,0.00018804062,0.37583303,0.3218391,1,94,65,0.8333333,0.0,-0.8479465,-8.488291,0.16666667
600807.SH,200.79814,200.79814,0.0012081851,0.00018804062,0.45833296,0.18420303,1,74,159,0.95238096,0.0,-1.6407394,-22.167568,0.04761905
600808.SH,10.686445,10.686445,0.000111174726,0.00018804062,0.37583303,0.31494254,1,23,94,0.8666667,0.0,-1.1839333,-15.228601,0.13333334
600809.SH,212.27817,212.27817,0.0016445187,0.00018804062,0.5191663,0.06537926,1,2,80,0.975,0.0,-0.96275264,14.023652,0.025
600810.SH,15.470412,15.470412,0.00015264898,0.00018804062,0.39999968,0.1664296,1,59,157,0.6052632,0.0,-0.83472365,-9.488524,0.39473686
600812.SH,11.565769,11.565769,0.00012348092,0.00018804062,0.36291638,0.08669355,1,20,96,0.90625,0.0,-1.6779624,4.720957,0.09375
600814.SH,14.093586,14.093586,0.0001358152,0.00018804062,0.38166636,0.24761905,1,22,208,0.75,0.0,-0.27937222,10.250908,0.25
600815.SH,23.61938,23.61938,0.00020045419,0.00018804062,0.405833,0.17710438,1,33,251,0.5090909,0.0,-1.0531617,-4.9706125,0.4909091
600816.SH,9.144685,9.144685,0.00010080238,0.00018804062,0.35333306,0.2045977,1,27,217,0.8333333,0.0,-1.2162433,5.292488,0.16666667
600817.SH,13.942999,13.942999,0.000140838,0.00018804062,0.39333305,0.2012012,1,69,305,0.7567568,0.0,-0.839346,13.970075,0.24324325
600818.SH,13.417728,13.417728,0.00012497662,0.00018804062,0.39083302,0.30252102,1,15,191,0.71428573,0.0,-2.1456373,-24.837873,0.2857143
600819.SH,13.037613,13.037613,0.00013779128,0.00018804062,0.37333304,0.096551724,1,89,72,0.7,0.0,-0.67937,4.2254868,0.3
600820.SH,20.610062,20.610062,0.0001914132,0.00018804062,0.36083305,0.15315315,1,24,84,0.5945946,0.0,-1.2351217,1.7631,0.4054054
600821.SH,26.32047,26.32047,0.00022689546,0.00018804062,0.398333,0.18644068,1,12,252,0.76666665,0.0,1.6667817,1.3990211,0.23333333
600822.SH,14.159309,14.159309,0.00014326737,0.00018804062,0.35791638,0.20430107,1,21,149,0.5483871,0.0,-1.6344484,1.1733161,0.4516129
600824.SH,11.61381,11.61381,0.0001250383,0.00018804062,0.37166637,0.25201613,1,80,208,0.78125,0.0,-0.86123437,2.5449877,0.21875
600825.SH,16.531425,16.531425,0.00016089085,0.00018804062,0.36666638,0.14603175,1,93,192,0.6111111,0.0,-1.2392027,3.2491002,0.3888889
600826.SH,7.24443,7.24443,9.1022535e-05,0.00018804062,0.35333306,0.26236558,1,21,149,0.83870965,0.0,-0.4553,4.671029,0.16129032
600827.SH,15.014067,15.014067,0.000153839,0.00018804062,0.36166638,0.19786096,1,27,217,0.61764705,0.0,0.05257059,-1.3666401,0.38235295
600828.SH,19.115446,19.115446,0.00017381941,0.00018804062,0.38083303,0.10384069,1,1,211,0.68421054,0.0,-1.2716869,-5.915939,0.31578946
600829.SH,9.860987,9.860987,0.000110904104,0.00018804062,0.37333304,0.42540324,1,59,157,0.84375,0.0,-0.7221937,-4.9412727,0.15625
600830.SH,11.500777,11.500777,0.00012161987,0.00018804062,0.3724997,0.19153225,1,59,157,0.65625,0.0,-0.56745625,2.2165897,0.34375
600831.SH,31.801916,31.801916,0.0002408838,0.00018804062,0.40333304,0.2677305,1,27,217,0.6458333,0.0,-1.2428166,-20.845491,0.35416666
600833.SH,7.8764706,7.8764706,9.5174524e-05,0.00018804062,0.3541664,0.25287357,1,59,157,0.8,0.0,-0.17971672,4.8421936,0.2
600834.SH,9.573269,9.573269,0.00011021257,0.00018804062,0.35874972,0.2,1,22,208,0.93333334,0.0,-0.3737333,5.71832,0.06666667
600835.SH,15.674074,15.674074,0.00015503832,0.00018804062,0.3899997,0.14193548,1,59,157,0.87096775,0.0,-0.8885484,0.11437222,0.12903225
600838.SH,17.801645,17.801645,0.00017744904,0.00018804062,0.35499972,0.16785206,1,89,72,0.6315789,0.0,-1.2712342,4.6169343,0.36842105
600839.SH,11.796287,11.796287,0.00012033822,0.00018804062,0.35874972,0.12643678,1,43,94,0.6333333,0.0,-0.6443367,2.812537,0.36666667
600841.SH,131.244,131.244,0.0010897894,0.00018804062,0.5149996,0.04491692,1,69,305,0.8957219,0.0,-1.191856,13.644376,0.10427807
600843.SH,11.343349,11.343349,0.00011873738,0.00018804062,0.39583302,0.20689656,1,33,251,0.9,0.0,-1.12274,-6.830014,0.1
600844.SH,54.40719,54.40719,0.0003670835,0.00018804062,0.41333303,0.18672033,1,69,305,0.8169014,0.0,-1.1643605,-15.093621,0.18309858
600845.SH,7.5193934,7.5193934,8.8214394e-05,0.00018804062,0.35958302,0.15294118,1,40,114,0.9714286,0.0,-1.8423113,0.28656283,0.028571429
600846.SH,18.915993,18.915993,0.00017340988,0.00018804062,0.3687497,0.10873441,1,23,94,0.5294118,0.0,-1.3684559,4.002636,0.47058824
600847.SH,15.803822,15.803822,0.00014554868,0.00018804062,0.38916636,0.23536585,1,26,39,0.75609756,0.0,-0.8905243,-14.996906,0.24390244
600848.SH,22.721458,22.721458,0.00021197315,0.00018804062,0.35249972,0.36666667,1,51,81,0.19444445,0.0,-1.349275,3.2070029,0.8055556
600850.SH,17.926523,17.926523,0.000173321,0.00018804062,0.35833305,0.13765182,1,102,50,0.53846157,0.0,-0.82376665,-0.5841251,0.46153846
600851.SH,15.986572,15.986572,0.0001542731,0.00018804062,0.38166636,0.26814517,1,24,84,0.65625,0.0,-0.8892375,9.634018,0.34375
600853.SH,15.547692,15.547692,0.00015720504,0.00018804062,0.36583304,0.17290552,1,5,286,0.7058824,0.0,-0.8665647,5.1963253,0.29411766
600854.SH,17.670555,17.670555,0.00017120515,0.00018804062,0.39833304,0.14518002,1,87,102,0.5,0.0,-0.7484643,6.419789,0.5
600855.SH,18.394419,18.394419,0.00015218958,0.00018804062,0.39333302,0.384127,1,15,191,0.75,0.0,-1.7782944,-30.790506,0.25
600857.SH,14.71652,14.71652,0.00015004072,0.00018804062,0.34708306,0.20499109,1,73,1,1.0,0.0,0.5785823,3.1271648,0.0
600858.SH,9.815641,9.815641,0.00011125313,0.00018804062,0.35791638,0.26814517,1,19,162,0.875,0.0,-0.15732814,0.18615985,0.125
600859.SH,17.023335,17.023335,0.000164335,0.00018804062,0.36916637,0.12012012,1,80,208,0.5675676,0.0,-0.38655674,1.6419599,0.43243244
600860.SH,14.948215,14.948215,0.00013075539,0.00018804062,0.39999968,0.3257468,1,19,162,0.9736842,0.0,-1.858524,-28.335712,0.02631579
600861.SH,12.6427765,12.6427765,0.00012726852,0.00018804062,0.38916636,0.24598931,1,20,96,0.7058824,0.0,-0.93073815,13.9319725,0.29411766
600862.SH,18.006632,18.006632,0.00016331946,0.00018804062,0.39499968,0.27246377,1,93,192,0.8695652,0.0,-0.7578392,14.557773,0.13043478
600863.SH,13.394795,13.394795,0.00013539482,0.00018804062,0.38833302,0.20341393,1,1,211,0.8684211,0.0,-0.047236796,15.158074,0.13157895
600864.SH,10.968878,10.968878,0.00011448839,0.00018804062,0.3516664,0.27126437,1,80,208,0.76666665,0.0,0.51519,1.7510403,0.23333333
600865.SH,19.759842,19.759842,0.00018607326,0.00018804062,0.3774997,0.13860668,1,1,211,0.8490566,0.0,-1.2455492,4.336787,0.1509434
600866.SH,19.275991,19.275991,0.00018373903,0.00018804062,0.3824997,0.087108016,1,5,286,0.88095236,0.0,-1.0192049,3.6005569,0.11904762
600867.SH,63.258877,63.258877,0.00051008054,0.00018804062,0.43249968,0.15955335,1,15,191,0.82051283,0.0,-0.8960974,9.936301,0.17948718
600868.SH,24.306614,24.306614,0.00019573947,0.00018804062,0.3924997,0.2173913,1,22,208,0.65217394,0.0,-1.7157632,-14.346145,0.3478261
600869.SH,14.356357,14.356357,0.00013170755,0.00018804062,0.39333302,0.1921922,1,69,305,0.7297297,0.0,-0.32455948,-1.6212043,0.27027026
600871.SH,14.31322,14.31322,0.0001409651,0.00018804062,0.3824997,0.08266129,1,40,114,0.84375,0.0,-0.466225,1.6507044,0.15625
600872.SH,18.244516,18.244516,0.00016837672,0.00018804062,0.3724997,0.31907308,1,93,192,0.3529412,0.0,-1.0703235,7.2819386,0.64705884
600873.SH,19.069927,19.069927,0.0001742765,0.00018804062,0.415833,0.1882353,1,20,96,0.92156863,0.0,-1.0977391,12.14387,0.078431375
600874.SH,17.559492,17.559492,0.0001683001,0.00018804062,0.36833307,0.16538462,1,22,208,0.6,0.0,-0.8110676,3.9040465,0.4
600875.SH,6.0193715,6.0193715,7.921574e-05,0.00018804062,0.36208305,0.20689656,1,2,80,0.8666667,0.0,-1.0987767,6.4062448,0.13333334
600876.SH,26.829243,26.829243,0.000207333,0.00018804062,0.39416635,0.2473573,1,24,84,0.8636364,0.0,-1.2633477,-22.110914,0.13636364
600877.SH,32.26383,32.26383,0.00024061858,0.00018804062,0.39916638,0.20656028,1,22,208,0.6666667,0.0,-0.6200604,2.1797888,0.33333334
600879.SH,21.281841,21.281841,0.00018570806,0.00018804062,0.38333303,0.21097562,1,40,114,0.31707317,0.0,-0.5940024,1.2335633,0.68292683
600880.SH,15.907453,15.907453,0.00014098822,0.00018804062,0.36916637,0.29149798,1,33,251,0.61538464,0.0,-1.2914001,2.2916462,0.3846154
600881.SH,24.77985,24.77985,0.00019577821,0.00018804062,0.39416635,0.26688814,1,59,157,0.8604651,0.0,-1.4096047,-22.914276,0.13953489
600882.SH,13.269071,13.269071,0.00013549933,0.00018804062,0.35499972,0.23870967,1,30,30,0.7419355,0.0,-0.3494097,2.603245,0.2580645
600883.SH,16.86205,16.86205,0.00016394482,0.00018804062,0.36499968,0.08558559,1,15,191,0.7297297,0.0,0.058391847,2.6173668,0.27027026
600884.SH,11.797716,11.797716,0.000120657605,0.00018804062,0.39208302,0.16638656,1,20,96,0.8,0.0,-0.9771972,-1.9058843,0.2
600885.SH,20.165586,20.165586,0.00018317136,0.00018804062,0.40416637,0.19532429,1,1,211,0.86538464,0.0,-1.4212133,12.95076,0.13461539
600886.SH,13.236883,13.236883,0.00013988825,0.00018804062,0.38416636,0.18371212,1,20,96,0.54545456,0.0,0.27113935,8.0021515,0.45454547
600887.SH,13.549011,13.549011,0.00013680944,0.00018804062,0.38916638,0.22617353,1,19,162,0.7105263,0.0,-1.118692,11.6466675,0.28947368
600888.SH,12.179205,12.179205,0.00012991921,0.00018804062,0.3649997,0.25757575,1,14,83,0.6666667,0.0,-1.7684486,4.93175,0.33333334
600893.SH,14.797941,14.797941,0.00015060557,0.00018804062,0.36333305,0.16134454,1,15,191,0.9714286,0.0,-0.44129997,4.4199743,0.028571429
600894.SH,13.111605,13.111605,0.00013711207,0.00018804062,0.36833304,0.12701613,1,95,151,0.84375,0.0,-1.2172282,3.8328586,0.15625
600895.SH,10.563115,10.563115,0.00011697863,0.00018804062,0.35833305,0.14022988,1,27,217,0.6333333,0.0,0.10534003,3.8472717,0.36666667
600897.SH,14.175157,14.175157,0.00014068763,0.00018804062,0.3824997,0.28030303,1,51,81,0.8787879,0.0,-1.5103334,10.919759,0.121212125
600900.SH,19.483433,19.483433,0.00017471565,0.00018804062,0.38166636,0.32993197,1,15,191,0.5510204,0.0,-0.82564497,12.966798,0.4489796
600901.SH,26.547977,26.547977,0.00024764324,0.00018804062,0.3687497,0.19254659,1,20,96,0.87142855,0.0,-0.6055558,6.2444406,0.12857144
600903.SH,14.112565,14.112565,0.00014290542,0.00018804062,0.3637497,0.23723723,1,69,305,0.7027027,0.0,-0.17387027,4.865894,0.2972973
600905.SH,12.6743965,12.6743965,0.00013159844,0.00018804062,0.38416636,0.18390805,1,59,157,0.8333333,0.0,1.4747233,3.687714,0.16666667
600906.SH,23.24823,23.24823,0.00020468012,0.00018804062,0.3899997,0.17019027,1,69,305,0.4090909,0.0,-1.1872296,2.2201495,0.59090906
600908.SH,36.472057,36.472057,0.00031337864,0.00018804062,0.36666638,0.28105262,1,102,50,0.69736844,0.0,0.07359472,6.916471,0.3026316
600909.SH,14.92928,14.92928,0.0001501812,0.00018804062,0.35874972,0.23529412,1,22,208,0.9117647,0.0,-0.2870706,4.7417884,0.0882353
600916.SH,7.3497744,7.3497744,8.996715e-05,0.00018804062,0.3674997,0.13103448,1,19,162,0.93333334,0.0,-1.2620834,-3.112679,0.06666667
600917.SH,12.41179,12.41179,0.00013337823,0.00018804062,0.36833304,0.26704547,1,52,65,0.8181818,0.0,0.015651507,5.6711693,0.18181819
600918.SH,20.778444,20.778444,0.00019133533,0.00018804062,0.35833305,0.11111111,1,69,305,0.6111111,0.0,-1.1735526,3.2615833,0.3888889
600919.SH,41.549526,41.549526,0.00034662103,0.00018804062,0.3899997,0.20403473,1,93,192,0.8426966,0.0,-0.13346516,5.58488,0.15730338
600925.SH,12.682914,12.682914,0.00012926596,0.00018804062,0.37416637,0.14919356,1,5,286,0.78125,0.0,0.6984406,-2.510673,0.21875
600926.SH,45.04253,45.04253,0.00033088218,0.00018804062,0.39333302,0.19764465,1,40,114,0.8095238,0.0,-1.3051411,4.651436,0.1904762
600927.SH,7.830297,7.830297,9.432151e-05,0.00018804062,0.36041638,0.19569893,1,91,229,0.9032258,0.0,-0.9296,6.948172,0.09677419
600928.SH,19.229237,19.229237,0.00017953114,0.00018804062,0.36041638,0.15220484,1,52,65,0.92105263,0.0,-0.4895132,4.5591164,0.078947365
600929.SH,22.893635,22.893635,0.0002102019,0.00018804062,0.3674997,0.17804877,1,77,117,0.5121951,0.0,-0.8374073,3.2717128,0.4878049
600930.SH,18.286339,18.286339,0.00017711523,0.00018804062,0.36708304,0.14285715,1,14,83,0.6111111,0.0,0.87360835,6.3299737,0.3888889
600933.SH,10.877556,10.877556,0.000119472825,0.00018804062,0.3749997,0.1891892,1,77,117,0.8378378,0.0,-1.1536808,7.9077306,0.16216215
600935.SH,14.557758,14.557758,0.00013748757,0.00018804062,0.38666636,0.1597561,1,69,305,0.8292683,0.0,-1.1612269,-14.415615,0.17073171
600936.SH,13.312253,13.312253,0.00013582248,0.00018804062,0.38166636,0.1590909,1,27,217,0.42424244,0.0,-1.2173516,-2.0893612,0.57575756
600938.SH,21.718357,21.718357,0.00018505659,0.00018804062,0.39583302,0.27878788,1,22,208,0.46666667,0.0,-0.7023067,13.588292,0.53333336
600939.SH,17.154804,17.154804,0.00015679715,0.00018804062,0.39749968,0.2863475,1,59,157,0.75,0.0,-0.71672297,-19.196548,0.25
600941.SH,9.659228,9.659228,0.000109472756,0.00018804062,0.3566664,0.16091955,1,21,149,0.8666667,0.0,-0.55052006,0.20583661,0.13333334
600955.SH,20.379927,20.379927,0.00017206302,0.00018804062,0.400833,0.22294173,1,90,27,0.9148936,0.0,-1.5077682,-18.868301,0.08510638
600956.SH,13.091684,13.091684,0.00013643429,0.00018804062,0.35916638,0.21505377,1,77,117,0.6451613,0.0,1.2350873,2.640129,0.3548387
600959.SH,20.508448,20.508448,0.00018732388,0.00018804062,0.3799997,0.1534091,1,23,94,0.42424244,0.0,-0.91967875,6.5903683,0.57575756
600960.SH,19.59784,19.59784,0.00018948084,0.00018804062,0.3624997,0.13658537,1,12,252,0.34146342,0.0,-1.1133244,4.117528,0.6585366
600961.SH,47.43472,47.43472,0.00038227087,0.00018804062,0.415833,0.22088353,1,21,149,0.86904764,0.0,-1.4967309,12.031209,0.13095239
600962.SH,10.022683,10.022683,0.000110927176,0.00018804062,0.35874972,0.15862069,1,27,217,0.76666665,0.0,-0.41005337,3.5772233,0.23333333
600963.SH,15.223877,15.223877,0.00014798628,0.00018804062,0.38583302,0.23723723,1,33,251,0.5405405,0.0,-0.93821615,-9.8277645,0.45945945
600965.SH,9.217594,9.217594,0.00010379981,0.00018804062,0.36208305,0.16935484,1,30,30,0.875,0.0,-1.2683157,1.2323393,0.125
600966.SH,11.161397,11.161397,0.000116886156,0.00018804062,0.38666636,0.18181819,1,80,208,0.6666667,0.0,-0.21602727,-6.769776,0.33333334
600967.SH,13.85869,13.85869,0.00014035222,0.00018804062,0.34458306,0.13978495,1,12,252,0.3548387,0.0,-1.3258226,0.86871684,0.6451613
600968.SH,15.787049,15.787049,0.00015467596,0.00018804062,0.39166635,0.23863636,1,17,17,0.6363636,0.0,-0.25256667,13.975735,0.36363637
600969.SH,18.580147,18.580147,0.00017880506,0.00018804062,0.3649997,0.22380953,1,40,114,0.2777778,0.0,0.5801472,2.979234,0.7222222
600970.SH,17.348274,17.348274,0.00016424616,0.00018804062,0.37833303,0.11491936,1,22,208,0.59375,0.0,-1.6307812,7.191512,0.40625
600971.SH,15.442365,15.442365,0.0001516664,0.00018804062,0.38833302,0.19838056,1,15,191,0.7692308,0.0,0.025153836,-11.201585,0.23076923
600973.SH,16.540997,16.540997,0.00015866089,0.00018804062,0.38083303,0.18360071,1,12,252,0.47058824,0.0,-2.1484501,-7.433288,0.5294118
600975.SH,13.91285,13.91285,0.00013411087,0.00018804062,0.39333302,0.16410257,1,89,72,0.8,0.0,-1.051425,-6.103467,0.2
600976.SH,16.19712,16.19712,0.00015545773,0.00018804062,0.3737497,0.1655914,1,22,208,0.48387095,0.0,-1.9561712,3.5359018,0.516129
600977.SH,18.156338,18.156338,0.0001713421,0.00018804062,0.38333303,0.121212125,1,17,17,0.85294116,0.0,-1.3839146,-1.6770371,0.14705883
600979.SH,15.737939,15.737939,0.00015132867,0.00018804062,0.37166637,0.22307692,1,74,159,0.825,0.0,1.6075474,4.2974343,0.175
600980.SH,18.267178,18.267178,0.00017839496,0.00018804062,0.36916637,0.14634146,1,17,17,0.71428573,0.0,-1.5923573,5.3929825,0.2857143
600981.SH,11.448241,11.448241,0.0001227064,0.00018804062,0.3924997,0.19959678,1,87,102,0.6875,0.0,-1.0859656,-7.283498,0.3125
600982.SH,14.924318,14.924318,0.00014635875,0.00018804062,0.3699997,0.15686275,1,40,114,0.61764705,0.0,0.2977265,7.257081,0.38235295
600983.SH,13.675051,13.675051,0.0001295918,0.00018804062,0.3899997,0.2798574,1,40,114,0.7647059,0.0,-0.8479501,16.694372,0.23529412
600984.SH,30.059134,30.059134,0.00022908708,0.00018804062,0.40416634,0.20824598,1,59,157,0.8888889,0.0,-2.0941966,-15.98227,0.11111111
600985.SH,14.843536,14.843536,0.00015070254,0.00018804062,0.36958304,0.1724138,1,19,162,0.76666665,0.0,0.12980331,5.5187936,0.23333333
600986.SH,17.498825,17.498825,0.00015269197,0.00018804062,0.38833302,0.20641026,1,12,252,0.775,0.0,-0.42065248,-3.2497315,0.225
600987.SH,16.933485,16.933485,0.00015857481,0.00018804062,0.37416637,0.14453782,1,69,305,0.4857143,0.0,-1.5912857,10.511785,0.51428574
600988.SH,22.362974,22.362974,0.00018842886,0.00018804062,0.39583302,0.35079366,1,27,217,0.8055556,0.0,-1.4901668,18.090479,0.19444445
600989.SH,18.166422,18.166422,0.00016127736,0.00018804062,0.39416635,0.25641027,1,91,229,0.875,0.0,-0.7791475,15.766222,0.125
600990.SH,16.396791,16.396791,0.00013302718,0.00018804062,0.38916636,0.46386555,1,102,50,0.9142857,0.0,-1.8312601,-30.152971,0.08571429
600992.SH,13.086791,13.086791,0.00012486831,0.00018804062,0.39333302,0.23809524,1,77,117,0.78571427,0.0,-1.5755666,-20.502228,0.21428572
600993.SH,17.954222,17.954222,0.00016019409,0.00018804062,0.39666635,0.3097561,1,80,208,0.68292683,0.0,-0.4481171,12.244171,0.31707317
600995.SH,13.6952095,13.6952095,0.00013467642,0.00018804062,0.38583302,0.24324325,1,69,305,0.7567568,0.0,-0.045310795,13.272389,0.24324325
600996.SH,41.07578,41.07578,0.00030491647,0.00018804062,0.41166636,0.21864802,1,12,252,0.75757575,0.0,-1.585241,-14.696935,0.24242425
600997.SH,10.342434,10.342434,0.00011293688,0.00018804062,0.37916636,0.29885057,1,19,162,0.8,0.0,0.44666335,-11.88054,0.2
600998.SH,15.574023,15.574023,0.00014995105,0.00018804062,0.35958305,0.27169275,1,22,208,0.4473684,0.0,-1.0080237,3.3200648,0.55263156
600999.SH,31.465263,31.465263,0.0002830107,0.00018804062,0.35833305,0.16836159,1,69,305,0.6666667,0.0,-1.02867,5.7824254,0.33333334
601000.SH,19.537657,19.537657,0.00017492406,0.00018804062,0.39416635,0.21019608,1,93,192,0.88235295,0.0,-0.95591766,11.807649,0.11764706
601001.SH,16.843027,16.843027,0.00016054853,0.00018804062,0.37833303,0.13333334,1,69,305,0.3888889,0.0,-0.29624447,3.2927418,0.6111111
601002.SH,11.559893,11.559893,0.00012729377,0.00018804062,0.36208305,0.118618615,1,22,208,0.9459459,0.0,-2.099219,4.7651725,0.054054055
601005.SH,16.506525,16.506525,0.00013529923,0.00018804062,0.38833302,0.51325756,1,19,162,1.0,0.0,-1.2163454,-31.608734,0.0
601006.SH,11.252783,11.252783,0.00012481307,0.00018804062,0.3529164,0.26206896,1,6,36,0.9,0.0,-0.51827997,4.215213,0.1
601007.SH,15.536926,15.536926,0.000160064,0.00018804062,0.35333306,0.26236558,1,27,217,0.16129032,0.0,-1.1077162,0.45249993,0.83870965
601008.SH,12.447819,12.447819,0.00013386892,0.00018804062,0.35874972,0.23448277,1,15,191,0.73333335,0.0,-0.21303004,4.6409464,0.26666668
601009.SH,32.372944,32.372944,0.00028163928,0.00018804062,0.36833304,0.3077317,1,43,94,0.73015875,0.0,0.36391434,7.884287,0.26984128
601010.SH,10.043649,10.043649,0.00010911762,0.00018804062,0.36916637,0.30107528,1,87,102,0.7419355,0.0,-1.2217386,-4.8530674,0.2580645
601011.SH,17.833252,17.833252,0.00017043961,0.00018804062,0.3441664,0.45967743,1,15,191,0.0625,0.0,-0.90259063,1.4491631,0.9375
601012.SH,18.114702,18.114702,0.00015829592,0.00018804062,0.39749968,0.26467332,1,69,305,0.74418604,0.0,-0.8982139,-22.044659,0.25581396
601015.SH,13.606851,13.606851,0.00011610622,0.00018804062,0.3874997,0.53103447,1,5,286,0.9,0.0,-0.68182003,-34.926945,0.1
601016.SH,11.415257,11.415257,0.0001155092,0.00018804062,0.37416637,0.32007575,1,80,208,0.8484849,0.0,1.6616575,9.626511,0.15151516
601018.SH,12.216346,12.216346,0.00013176657,0.00018804062,0.38083303,0.291954,1,69,305,0.6,0.0,-0.21934669,7.933386,0.4
601019.SH,10.332348,10.332348,0.00011264421,0.00018804062,0.3899997,0.4064516,1,69,305,0.87096775,0.0,-0.28581932,14.666524,0.12903225
601020.SH,15.555687,15.555687,0.00014089276,0.00018804062,0.398333,0.4173387,1,91,229,0.90625,0.0,-1.1687281,19.62698,0.09375
601021.SH,19.007751,19.007751,0.00017951045,0.00018804062,0.35583305,0.33277312,1,93,192,0.22857143,0.0,-1.6596143,5.691038,0.7714286
601022.SH,16.705992,16.705992,0.00015877008,0.00018804062,0.38833302,0.17948718,1,22,208,0.8,0.0,-1.20628,7.1553025,0.2
601026.SH,16.266253,16.266253,0.00016613,0.00018804062,0.37416637,0.2691622,1,27,217,0.4117647,0.0,-1.7308265,5.69186,0.5882353
601033.SH,20.352213,20.352213,0.00018409062,0.00018804062,0.36666638,0.14126985,1,93,192,0.6666667,0.0,-1.5138195,4.5566077,0.33333334
601038.SH,11.387569,11.387569,0.0001211251,0.00018804062,0.3824997,0.17011495,1,21,149,0.8,0.0,-1.4463801,10.623626,0.2
601058.SH,16.454277,16.454277,0.00016028843,0.00018804062,0.39083302,0.15220484,1,40,114,0.6315789,0.0,-0.5942447,10.916165,0.36842105
601059.SH,16.57165,16.57165,0.00015711437,0.00018804062,0.36833304,0.23697479,1,22,208,0.51428574,0.0,-0.78369135,3.028439,0.4857143
601061.SH,13.633282,13.633282,0.00014034344,0.00018804062,0.3674997,0.18390805,1,14,83,0.9,0.0,-0.65636,4.2688355,0.1
601065.SH,8.761011,8.761011,0.00010133637,0.00018804062,0.38208303,0.13190731,1,74,159,0.9411765,0.0,-0.5094853,4.2041893,0.05882353
601066.SH,15.210175,15.210175,0.00014767189,0.00018804062,0.35749972,0.19354838,1,33,251,0.7096774,0.0,-0.5466613,5.168391,0.29032257
601068.SH,13.396103,13.396103,0.0001438513,0.00018804062,0.38416636,0.22782259,1,2,80,0.78125,0.0,-1.6393812,0.6115216,0.21875
601069.SH,14.762119,14.762119,0.0001512573,0.00018804062,0.37166637,0.077419356,1,95,151,0.83870965,0.0,-1.7579355,8.175852,0.16129032
601077.SH,28.072943,28.072943,0.00024321166,0.00018804062,0.3687497,0.41436866,1,69,305,0.7358491,0.0,0.42975086,6.91566,0.26415095
601083.SH,15.274229,15.274229,0.00013980507,0.00018804062,0.38833302,0.4,1,59,157,0.8611111,0.0,-0.9387862,18.197393,0.1388889
601086.SH,11.824065,11.824065,0.0001252071,0.00018804062,0.35208306,0.15524194,1,1,211,0.53125,0.0,-0.8576343,0.02648437,0.46875
601088.SH,17.697498,17.697498,0.0001600519,0.00018804062,0.40249968,0.2589372,1,89,72,0.84782606,0.0,-0.53274345,13.86328,0.1521739
601089.SH,16.065247,16.065247,0.00014457328,0.00018804062,0.37749973,0.39663866,1,24,84,0.74285716,0.0,-0.7550115,16.269331,0.25714287
601096.SH,10.997182,10.997182,0.00011579777,0.00018804062,0.39583302,0.21075268,1,59,157,0.67741936,0.0,-1.1590742,0.38684836,0.32258064
601098.SH,16.485353,16.485353,0.00016032619,0.00018804062,0.39583302,0.18571429,1,24,84,0.7777778,0.0,-1.1616777,9.580359,0.22222222
601099.SH,11.784488,11.784488,0.0001243526,0.00018804062,0.35333306,0.17011495,1,91,229,0.8,0.0,-1.4142867,4.226324,0.2
601100.SH,18.6728,18.6728,0.000165957,0.00018804062,0.39333302,0.30429733,1,23,94,0.8333333,0.0,-1.0475644,15.66064,0.16666667
601101.SH,12.950636,12.950636,0.0001322501,0.00018804062,0.35749972,0.17741935,1,95,151,0.65625,0.0,0.18059999,-0.4142983,0.34375
601106.SH,12.675491,12.675491,0.00012016174,0.00018804062,0.39166635,0.20769231,1,59,157,0.9,0.0,-0.9007975,-23.512274,0.1
601107.SH,9.756631,9.756631,0.00011567361,0.00018804062,0.35958305,0.37419355,1,33,251,0.87096775,0.0,-0.066909656,5.735828,0.12903225
601108.SH,17.206236,17.206236,0.00016532093,0.00018804062,0.3649997,0.23015873,1,23,94,0.8333333,0.0,-1.1249499,6.207864,0.16666667
601111.SH,14.9638195,14.9638195,0.00014418866,0.00018804062,0.38833302,0.23076923,1,7,111,0.53846157,0.0,-1.3856975,-11.284485,0.46153846
601112.SH,11.787504,11.787504,0.0001157499,0.00018804062,0.39333302,0.2556818,1,95,151,0.8181818,0.0,-1.6439213,17.604042,0.18181819
601113.SH,15.259384,15.259384,0.00015350718,0.00018804062,0.37166637,0.32575756,1,91,229,0.4848485,0.0,-1.1690938,-0.47848457,0.5151515
601116.SH,17.659239,17.659239,0.0001689756,0.00018804062,0.35791638,0.20476191,1,69,305,0.5833333,0.0,-1.473825,2.3615727,0.41666666
601117.SH,20.18176,20.18176,0.00019166704,0.00018804062,0.36791638,0.1277311,1,95,151,0.6857143,0.0,-0.42926285,4.617632,0.31428573
601118.SH,12.188821,12.188821,0.00011996847,0.00018804062,0.38916636,0.26890758,1,22,208,0.8,0.0,-0.32110003,-24.362356,0.2
601121.SH,14.105477,14.105477,0.00014124288,0.00018804062,0.35458305,0.13563219,1,12,252,0.4,0.0,-1.4906167,0.60636014,0.6
601126.SH,18.86902,18.86902,0.00017274971,0.00018804062,0.39666635,0.17777778,1,69,305,0.84782606,0.0,-1.3281566,15.793707,0.1521739
601127.SH,16.334875,16.334875,0.00015771398,0.00018804062,0.37916636,0.17273954,1,69,305,0.7692308,0.0,-0.4530564,14.316696,0.23076923
601128.SH,27.388756,27.388756,0.00023714043,0.00018804062,0.37291637,0.27533194,1,80,208,0.5925926,0.0,-0.25505,4.9913483,0.4074074
601133.SH,10.772459,10.772459,0.00011387848,0.00018804062,0.39166635,0.26386556,1,26,39,0.8857143,0.0,-1.1160029,1.4518416,0.114285715
601136.SH,17.749037,17.749037,0.00017042017,0.00018804062,0.35624972,0.31428573,1,94,65,0.5277778,0.0,-1.7007334,5.0679884,0.4722222
601137.SH,9.67598,9.67598,0.00011291789,0.00018804062,0.3554164,0.3448276,1,91,229,0.96666664,0.0,-2.31377,5.9807005,0.033333335
601138.SH,19.347054,19.347054,0.00017889967,0.00018804062,0.39166635,0.17722474,1,26,39,0.7307692,0.0,-0.75594234,14.036643,0.26923078
601139.SH,20.465391,20.465391,0.00019629118,0.00018804062,0.35499972,0.21414141,1,26,39,0.53333336,0.0,0.4763889,5.9423556,0.46666667
601155.SH,12.852087,12.852087,0.00013037465,0.00018804062,0.37916636,0.16344085,1,69,305,0.83870965,0.0,-0.74679357,-8.724153,0.16129032
601156.SH,17.63719,17.63719,0.00016221144,0.00018804062,0.4049997,0.19387755,1,61,124,0.7755102,0.0,-0.8371082,14.232216,0.2244898
601158.SH,16.498175,16.498175,0.00016695194,0.00018804062,0.36083305,0.15015015,1,87,102,0.5405405,0.0,-0.64784336,2.1909842,0.45945945
601162.SH,14.874371,14.874371,0.00014730492,0.00018804062,0.34874973,0.19153225,1,80,208,0.375,0.0,-1.6923032,2.5615091,0.625
601163.SH,10.967894,10.967894,0.0001204161,0.00018804062,0.3637497,0.26206896,1,12,252,0.8333333,0.0,-1.7202932,5.3848815,0.16666667
601166.SH,15.105897,15.105897,0.00014690928,0.00018804062,0.3774997,0.34789917,1,19,162,0.7714286,0.0,0.32097143,9.1870365,0.22857143
601168.SH,15.981576,15.981576,0.00015259744,0.00018804062,0.39333302,0.20673636,1,59,157,0.97619045,0.0,-1.2552,15.455062,0.023809524
601169.SH,20.88084,20.88084,0.00018962799,0.00018804062,0.3624997,0.4109756,1,69,305,0.58536583,0.0,0.821,6.2163534,0.41463414
601177.SH,12.88953,12.88953,0.00013672617,0.00018804062,0.35499972,0.120910384,1,43,94,0.7105263,0.0,-1.220858,4.2366543,0.28947368
601179.SH,9.873962,9.873962,0.00011211743,0.00018804062,0.35916638,0.26666668,1,57,68,0.9354839,0.0,-1.1280837,6.004055,0.06451613
601186.SH,18.334827,18.334827,0.00018428295,0.00018804062,0.38166636,0.18780488,1,91,229,0.70731705,0.0,-0.89403903,2.6703224,0.29268292
601187.SH,35.382484,35.382484,0.00030100587,0.00018804062,0.38916636,0.2753623,1,21,149,0.95714283,0.0,0.14400142,7.29192,0.042857144
601188.SH,13.716955,13.716955,0.00014499166,0.00018804062,0.36708304,0.24193548,1,15,191,0.8125,0.0,-0.5088,3.5213625,0.1875
601198.SH,20.925919,20.925919,0.00019759592,0.00018804062,0.3554164,0.25365853,1,7,111,0.3902439,0.0,-1.7511561,4.833273,0.6097561
601199.SH,16.596601,16.596601,0.00016619015,0.00018804062,0.35833305,0.11904762,1,95,151,0.6666667,0.0,-0.85770285,6.5188265,0.33333334
601200.SH,11.842852,11.842852,0.00012007236,0.00018804062,0.3799997,0.18145162,1,20,96,0.6875,0.0,-0.8007125,-2.2037768,0.3125
601208.SH,10.946426,10.946426,0.00011793736,0.00018804062,0.38208303,0.20075758,1,27,217,0.75757575,0.0,-2.2527425,0.51987934,0.24242425
601211.SH,31.102165,31.102165,0.0002815182,0.00018804062,0.3712497,0.14590164,1,23,94,0.8196721,0.0,-1.3232738,5.7953486,0.18032786
601212.SH,18.504133,18.504133,0.00017235597,0.00018804062,0.37833303,0.2057057,1,22,208,0.24324325,0.0,-1.5572406,0.9180237,0.7567568
601216.SH,14.255311,14.255311,0.00014372791,0.00018804062,0.3824997,0.18991597,1,27,217,0.82857144,0.0,-0.26471716,5.465705,0.17142858
601218.SH,15.566007,15.566007,0.00015251082,0.00018804062,0.3724997,0.24174175,1,53,16,0.6216216,0.0,-2.0424187,7.601227,0.3783784
601222.SH,15.002291,15.002291,0.00015090482,0.00018804062,0.3637497,0.10227273,1,12,252,0.5151515,0.0,-1.1337061,2.463936,0.4848485
601225.SH,14.831683,14.831683,0.00014021544,0.00018804062,0.39666635,0.27804878,1,59,157,0.8780488,0.0,0.5332829,14.518075,0.12195122
601226.SH,19.142561,19.142561,0.00018340409,0.00018804062,0.3899997,0.18658537,1,51,81,0.46341464,0.0,-0.65451217,1.7691174,0.5365854
601228.SH,19.054531,19.054531,0.00017679982,0.00018804062,0.37166637,0.2117117,1,61,124,0.3243243,0.0,-0.71669734,5.704547,0.6756757
601229.SH,30.759384,30.759384,0.0002704798,0.00018804062,0.3724997,0.35651666,1,27,217,0.88135594,0.0,0.45001522,6.3577046,0.118644066
601231.SH,13.995686,13.995686,0.00014470925,0.00018804062,0.36916637,0.15165165,1,87,102,0.6216216,0.0,-1.9596269,1.4699763,0.3783784
601233.SH,12.4305525,12.4305525,0.00012959272,0.00018804062,0.36333305,0.15268818,1,7,111,0.83870965,0.0,-0.94493866,0.57048243,0.16129032
601236.SH,18.407314,18.407314,0.00017436422,0.00018804062,0.35916635,0.15686275,1,14,83,0.9411765,0.0,-1.7086912,3.4647264,0.05882353
601238.SH,18.583088,18.583088,0.00016288378,0.00018804062,0.38916636,0.28460687,1,19,162,0.6511628,0.0,-1.5265303,-20.751024,0.3488372
601279.SH,19.334007,19.334007,0.00018872126,0.00018804062,0.38166636,0.22051282,1,95,151,0.4,0.0,-0.30223247,0.8069517,0.6
601288.SH,29.220634,29.220634,0.00025543457,0.00018804062,0.3799997,0.3038847,1,95,151,0.98245615,0.0,0.4565579,6.513896,0.01754386
601298.SH,13.374857,13.374857,0.00012677371,0.00018804062,0.38416636,0.35735735,1,43,94,0.8648649,0.0,-0.8940974,15.008002,0.13513513
601311.SH,18.064611,18.064611,0.00017381499,0.00018804062,0.3649997,0.121212125,1,90,27,0.6969697,0.0,-1.3043667,4.534182,0.3030303
601318.SH,12.856068,12.856068,0.00013131146,0.00018804062,0.3516664,0.2551724,1,24,84,0.8,0.0,0.057493344,8.310155,0.2
601319.SH,13.857343,13.857343,0.00014200955,0.00018804062,0.35749972,0.16551724,1,96,56,0.8,0.0,-0.57505673,9.650239,0.2
601326.SH,10.864224,10.864224,0.000110454974,0.00018804062,0.3849997,0.46031746,1,15,191,0.8333333,0.0,-0.7166612,16.607157,0.16666667
601328.SH,14.715028,14.715028,0.00013987732,0.00018804062,0.3649997,0.3825397,1,32,38,0.8888889,0.0,-0.36269438,6.4355383,0.11111111
601330.SH,10.91941,10.91941,0.00011590658,0.00018804062,0.37916636,0.1733871,1,26,39,0.6875,0.0,-1.2842844,2.9172945,0.3125
601333.SH,8.865137,8.865137,0.00010392266,0.00018804062,0.34583306,0.21780303,1,1,211,0.969697,0.0,-0.4190697,4.345733,0.030303031
601336.SH,17.22116,17.22116,0.00016533988,0.00018804062,0.37416637,0.16031747,1,24,84,0.7222222,0.0,-0.24279168,10.617455,0.2777778
601339.SH,15.919528,15.919528,0.0001573004,0.00018804062,0.37583303,0.1764706,1,52,65,0.64705884,0.0,-1.662856,2.3329144,0.3529412
601360.SH,18.387478,18.387478,0.0001571269,0.00018804062,0.3924997,0.22222222,1,69,305,0.8648649,0.0,-1.4825757,-14.241939,0.13513513
601366.SH,14.42754,14.42754,0.0001369263,0.00018804062,0.39166635,0.29512194,1,19,162,0.73170733,0.0,-0.99571216,-20.38856,0.2682927
601368.SH,15.9449,15.9449,0.00015713797,0.00018804062,0.37416637,0.16190477,1,24,84,0.8333333,0.0,-0.71536386,0.6870157,0.16666667
601369.SH,18.594551,18.594551,0.00018475461,0.00018804062,0.36333305,0.13842747,1,52,65,0.6511628,0.0,-1.6736791,3.4981277,0.3488372
601375.SH,20.161951,20.161951,0.00018845183,0.00018804062,0.3724997,0.14864865,1,23,94,0.8378378,0.0,-1.3464892,4.474745,0.16216215
601377.SH,12.401925,12.401925,0.00013214578,0.00018804062,0.3541664,0.2924731,1,1,211,0.87096775,0.0,-1.0605097,6.858393,0.12903225
601388.SH,10.348665,10.348665,0.00011813397,0.00018804062,0.3674997,0.26008064,1,20,96,0.8125,0.0,-1.6363564,6.620539,0.1875
601390.SH,11.211391,11.211391,0.00012373271,0.00018804062,0.36041638,0.3311828,1,89,72,0.9032258,0.0,-0.46699998,2.4723105,0.09677419
601398.SH,33.941708,33.941708,0.00029171613,0.00018804062,0.3724997,0.28403437,1,80,208,0.8358209,0.0,0.057143282,6.759511,0.1641791
601399.SH,9.442447,9.442447,0.00010821603,0.00018804062,0.37833303,0.18371212,1,20,96,0.90909094,0.0,-0.6698061,1.6133206,0.09090909
601456.SH,15.563849,15.563849,0.00015269381,0.00018804062,0.35499972,0.15172414,1,15,191,0.33333334,0.0,-1.2858799,5.041957,0.6666667
601500.SH,15.897114,15.897114,0.00015737326,0.00018804062,0.35874972,0.19959678,1,33,251,0.4375,0.0,-0.5600938,2.644249,0.5625
601512.SH,15.349724,15.349724,0.00015016114,0.00018804062,0.3774997,0.16666667,1,14,83,0.72727275,0.0,-0.68217576,8.2431135,0.27272728
601515.SH,12.931412,12.931412,0.00012441596,0.00018804062,0.38583302,0.2916074,1,80,208,0.84210527,0.0,-2.0992794,-13.848927,0.15789473
601518.SH,16.000065,16.000065,0.00015203576,0.00018804062,0.3849997,0.30021143,1,2,80,0.84090906,0.0,-0.6749795,14.116461,0.1590909
601519.SH,19.087688,19.087688,0.00015625272,0.00018804062,0.38666636,0.20384616,1,96,56,1.0,0.0,-2.11585,-17.994476,0.0
601528.SH,31.092585,31.092585,0.0002710278,0.00018804062,0.3737497,0.30983606,1,33,251,0.8852459,0.0,-0.28935415,5.9073734,0.114754096
601555.SH,15.262352,15.262352,0.00015720077,0.00018804062,0.35208306,0.31451613,1,19,162,0.625,0.0,-0.9677625,4.782306,0.375
601566.SH,12.114826,12.114826,0.00012222413,0.00018804062,0.38416636,0.36302522,1,19,162,0.94285715,0.0,-0.41687143,14.339417,0.057142857
601567.SH,14.34769,14.34769,0.00014447884,0.00018804062,0.40166634,0.14264265,1,91,229,0.7567568,0.0,-1.5080647,9.642713,0.24324325
601568.SH,16.75339,16.75339,0.00015055678,0.00018804062,0.3874997,0.23311749,1,20,96,0.7446808,0.0,-0.59960854,1.3786299,0.25531915
601577.SH,16.273935,16.273935,0.00015587777,0.00018804062,0.37083304,0.35885885,1,15,191,0.972973,0.0,0.2871108,6.0853114,0.027027028
601579.SH,13.2637825,13.2637825,0.00013190466,0.00018804062,0.38333303,0.34469697,1,95,151,0.6666667,0.0,-0.30841208,13.5020485,0.33333334
601588.SH,24.506973,24.506973,0.00017974428,0.00018804062,0.39416635,0.49554366,1,51,81,0.9411765,0.0,-1.8219148,-32.58193,0.05882353
601595.SH,8.088697,8.088697,8.933526e-05,0.00018804062,0.3899997,0.19310345,1,89,72,0.9,0.0,-0.8530467,-3.7163837,0.1
601598.SH,12.583651,12.583651,0.000132088,0.00018804062,0.3874997,0.14438502,1,95,151,0.9117647,0.0,-1.4235559,5.081484,0.0882353
601599.SH,17.736277,17.736277,0.0001726719,0.00018804062,0.35833305,0.14651494,1,23,94,0.7894737,0.0,-1.9709235,3.9736416,0.21052632
601600.SH,16.732052,16.732052,0.00015823726,0.00018804062,0.40749967,0.17073171,1,77,117,0.73170733,0.0,-0.9290196,10.411136,0.2682927
601601.SH,18.441423,18.441423,0.000172771,0.00018804062,0.35749972,0.26666668,1,22,208,0.19354838,0.0,-1.0523258,6.4563584,0.8064516
601606.SH,17.584251,17.584251,0.00015494552,0.00018804062,0.3899997,0.24031007,1,93,192,0.81395346,0.0,-1.6358905,-20.781271,0.18604651
601607.SH,15.544814,15.544814,0.00015579964,0.00018804062,0.33958307,0.2972973,1,15,191,0.5,0.0,-0.8998184,1.7899475,0.5
601608.SH,14.139613,14.139613,0.00014567772,0.00018804062,0.38416636,0.114285715,1,74,159,0.8857143,0.0,-0.90904003,3.6791434,0.114285715
601609.SH,16.240831,16.240831,0.00016008681,0.00018804062,0.35999972,0.18716578,1,22,208,0.7352941,0.0,-2.2256734,5.90305,0.2647059
601611.SH,12.939776,12.939776,0.0001372868,0.00018804062,0.38333303,0.26031747,1,59,157,0.9722222,0.0,-0.2998611,-1.6672928,0.027777778
601615.SH,12.2027,12.2027,0.00013206387,0.00018804062,0.3824997,0.10804598,1,22,208,0.6333333,0.0,-1.8334,1.1878173,0.36666667
601616.SH,16.29986,16.29986,0.00016146335,0.00018804062,0.35833305,0.17936508,1,5,286,0.6388889,0.0,-1.120975,4.6636662,0.3611111
601618.SH,11.8348875,11.8348875,0.00012574473,0.00018804062,0.38666636,0.27094474,1,51,81,0.7352941,0.0,-1.3518031,-5.8514223,0.2647059
601619.SH,12.335492,12.335492,0.00012198645,0.00018804062,0.38333303,0.34126985,1,5,286,0.9166667,0.0,0.5123305,16.797981,0.083333336
601628.SH,18.973045,18.973045,0.00018785517,0.00018804062,0.36041638,0.16366367,1,87,102,0.5135135,0.0,-0.7558758,9.621604,0.4864865
601633.SH,7.785259,7.785259,8.918309e-05,0.00018804062,0.37291637,0.3632184,1,80,208,0.8333333,0.0,-0.5433967,18.298084,0.16666667
601636.SH,12.167075,12.167075,0.00012519004,0.00018804062,0.38416636,0.22528736,1,33,251,0.73333335,0.0,-0.6815933,-12.518235,0.26666668
601658.SH,12.095402,12.095402,0.00012307036,0.00018804062,0.35374972,0.48735633,1,33,251,0.73333335,0.0,0.51963,8.315427,0.26666668
601665.SH,23.400934,23.400934,0.00021070114,0.00018804062,0.35208306,0.45479083,1,43,94,0.7948718,0.0,0.35115385,7.1315904,0.20512821
601666.SH,8.465389,8.465389,9.860105e-05,0.00018804062,0.3749997,0.25977013,1,92,1,1.0,0.0,1.0795933,-6.777791,0.0
601668.SH,17.385355,17.385355,0.00016759841,0.00018804062,0.3649997,0.23010753,1,40,114,0.19354838,0.0,-1.8866354,1.9771352,0.8064516
601669.SH,15.222881,15.222881,0.00015809553,0.00018804062,0.38666636,0.27177176,1,27,217,0.4864865,0.0,-0.76931894,-0.6017145,0.5135135
601677.SH,12.348495,12.348495,0.00013325355,0.00018804062,0.36708304,0.20504202,1,80,208,0.8,0.0,-1.885597,5.068656,0.2
601678.SH,18.762228,18.762228,0.00017726656,0.00018804062,0.36958304,0.17717718,1,77,117,0.4864865,0.0,-0.69892156,3.4571311,0.5135135
601686.SH,14.929419,14.929419,0.0001497486,0.00018804062,0.3674997,0.116935484,1,74,159,0.625,0.0,-0.9008625,5.7870836,0.375
601688.SH,18.900106,18.900106,0.00018160613,0.00018804062,0.35208306,0.22184874,1,26,39,0.4857143,0.0,0.18690293,5.34724,0.51428574
601689.SH,17.971771,17.971771,0.00017276996,0.00018804062,0.37166637,0.27731094,1,77,117,0.4,0.0,-0.8249514,5.7599716,0.6
601696.SH,10.851604,10.851604,0.000118055694,0.00018804062,0.35249972,0.37298387,1,19,162,0.84375,0.0,-0.6209469,6.157544,0.15625
601698.SH,18.367807,18.367807,0.00015895166,0.00018804062,0.3924997,0.1597561,1,93,192,0.8292683,0.0,-1.4615024,0.92130774,0.17073171
601699.SH,14.216964,14.216964,0.00014907813,0.00018804062,0.35916638,0.2,1,1,211,0.93333334,0.0,0.28589335,4.21236,0.06666667
601700.SH,18.257792,18.257792,0.00014736471,0.00018804062,0.39499968,0.4063492,1,1,211,0.8611111,0.0,-1.304725,-26.821507,0.1388889
601702.SH,16.780422,16.780422,0.00015348812,0.00018804062,0.3924997,0.20897436,1,1,211,0.9,0.0,-1.605485,12.936361,0.1
601717.SH,16.042109,16.042109,0.00015450148,0.00018804062,0.398333,0.18085106,1,2,80,0.8125,0.0,-0.25709584,14.4646635,0.1875
601718.SH,9.955676,9.955676,0.0001054351,0.00018804062,0.38583302,0.17290552,1,19,162,0.85294116,0.0,-0.7249765,-13.986696,0.14705883
601727.SH,11.850819,11.850819,0.00012719946,0.00018804062,0.3749997,0.18390805,1,27,217,0.46666667,0.0,-0.57751334,1.562246,0.53333336
601728.SH,15.319967,15.319967,0.00015520258,0.00018804062,0.36291638,0.15322581,1,21,149,0.59375,0.0,-0.9002313,3.9052205,0.40625
601766.SH,15.964294,15.964294,0.00015948442,0.00018804062,0.3541664,0.2015873,1,15,191,0.44444445,0.0,-1.7801028,3.1449363,0.5555556
601777.SH,21.130154,21.130154,0.00017730199,0.00018804062,0.37416637,0.18989898,1,5,286,0.75555557,0.0,-1.420969,3.4252286,0.24444444
601778.SH,30.900667,30.900667,0.00026798336,0.00018804062,0.38666636,0.1597893,1,74,159,0.8235294,0.0,1.6035618,5.020382,0.1764706
601788.SH,14.393256,14.393256,0.00014552123,0.00018804062,0.35333306,0.2344086,1,77,117,0.6451613,0.0,-0.9583291,5.3847227,0.3548387
601789.SH,12.824826,12.824826,0.00013393494,0.00018804062,0.39166635,0.15126051,1,27,217,0.51428574,0.0,0.029899979,1.9634964,0.4857143
601798.SH,14.332621,14.332621,0.00014588449,0.00018804062,0.34999973,0.2420168,1,77,117,0.4857143,0.0,-1.6576486,3.1789145,0.51428574
601799.SH,13.182318,13.182318,0.00012985208,0.00018804062,0.39499968,0.21621622,1,43,94,0.7631579,0.0,-0.87986326,16.599533,0.23684211
601800.SH,17.032919,17.032919,0.00016349254,0.00018804062,0.39416638,0.20793651,1,93,192,0.8055556,0.0,-0.4879861,-1.9924957,0.19444445
601801.SH,19.099857,19.099857,0.00018234049,0.00018804062,0.37916636,0.14444445,1,23,94,0.41666666,0.0,-1.1739944,4.86495,0.5833333
601808.SH,10.168875,10.168875,0.000108569846,0.00018804062,0.3824997,0.10804598,1,22,208,0.76666665,0.0,0.49640664,-1.1225325,0.23333333
601811.SH,12.335693,12.335693,0.00012701633,0.00018804062,0.40041634,0.35887095,1,96,56,0.9375,0.0,-0.8689375,13.49194,0.0625
601816.SH,15.374809,15.374809,0.00015332893,0.00018804062,0.3924997,0.1902834,1,33,251,0.71794873,0.0,-0.928259,10.286859,0.2820513
601818.SH,13.924234,13.924234,0.00013732225,0.00018804062,0.35833305,0.30252102,1,93,192,0.82857144,0.0,-0.28867427,8.401451,0.17142858
601825.SH,35.141193,35.141193,0.00030589354,0.00018804062,0.3762497,0.26378378,1,1,211,0.9066667,0.0,0.011388054,7.8199944,0.093333334
601827.SH,16.093075,16.093075,0.0001560776,0.00018804062,0.38166636,0.16470589,1,22,208,0.54285717,0.0,-1.0377086,10.321618,0.45714286
601828.SH,353.66388,353.66388,0.0024559118,0.00018804062,0.5341663,0.054021284,1,69,305,0.92657346,0.0,-1.2910321,-10.988224,0.073426574
601838.SH,38.42323,38.42323,0.00033187147,0.00018804062,0.38333303,0.24569945,1,19,162,0.8607595,0.0,0.3420342,8.4755335,0.1392405
601857.SH,10.523539,10.523539,0.000107715154,0.00018804062,0.3924997,0.20677362,1,1,211,0.9117647,0.0,-0.7869295,10.257363,0.0882353
601858.SH,13.727752,13.727752,0.00014578331,0.00018804062,0.35749972,0.23387097,1,22,208,0.75,0.0,-1.0736562,2.7537625,0.25
601860.SH,19.14628,19.14628,0.00017596538,0.00018804062,0.36166638,0.17137097,1,23,94,0.90625,0.0,-0.4069156,8.653993,0.09375
601865.SH,14.211938,14.211938,0.00014445464,0.00018804062,0.3874997,0.20320855,1,14,83,0.7058824,0.0,-0.8740823,-0.66627485,0.29411766
601866.SH,11.836035,11.836035,0.00012944399,0.00018804062,0.35374972,0.2,1,59,157,0.9677419,0.0,-1.6561257,5.654513,0.032258064
601868.SH,20.06901,20.06901,0.0001896582,0.00018804062,0.37916636,0.27125505,1,43,94,0.64102566,0.0,-1.0162847,3.791421,0.35897437
601869.SH,19.330687,19.330687,0.00015952344,0.00018804062,0.39083302,0.28163993,1,69,305,0.8235294,0.0,-1.9729617,8.759443,0.1764706
601872.SH,13.887789,13.887789,0.00013481441,0.00018804062,0.38833302,0.25384617,1,23,94,0.9,0.0,-1.0991675,14.91436,0.1
601877.SH,14.191004,14.191004,0.00014412912,0.00018804062,0.36041638,0.2869875,1,69,305,0.8235294,0.0,-1.97655,5.3897676,0.1764706
601878.SH,16.355518,16.355518,0.0001649559,0.00018804062,0.35749972,0.19159664,1,27,217,0.45714286,0.0,-0.86623144,4.517411,0.54285717
601880.SH,10.482037,10.482037,0.000115748655,0.00018804062,0.3541664,0.22068965,1,80,208,0.9,0.0,-0.49113667,5.993864,0.1
601881.SH,19.335726,19.335726,0.00018007826,0.00018804062,0.36083305,0.2215909,1,57,68,0.45454547,0.0,-1.0928546,4.28684,0.54545456
601882.SH,19.615747,19.615747,0.00017975087,0.00018804062,0.3699997,0.3117409,1,102,50,0.30769232,0.0,-0.87731797,4.033507,0.6923077
601886.SH,17.043783,17.043783,0.00016644782,0.00018804062,0.36291638,0.13793103,1,80,208,0.76666665,0.0,-1.6920898,0.7011,0.23333333
601888.SH,18.333654,18.333654,0.00017196061,0.00018804062,0.37416637,0.23448277,1,24,84,0.26666668,0.0,-1.6714733,3.5553932,0.73333335
601890.SH,13.941095,13.941095,0.00014000978,0.00018804062,0.3662497,0.30114943,1,51,81,0.4,0.0,-0.6920999,5.3431287,0.6
601898.SH,11.412587,11.412587,0.00011916924,0.00018804062,0.39916635,0.22689076,1,94,65,0.74285716,0.0,0.018200003,11.016753,0.25714287
601899.SH,17.461567,17.461567,0.00015930821,0.00018804062,0.40249968,0.2231884,1,2,80,0.6086956,0.0,-0.63365,14.322347,0.39130434
601900.SH,10.500315,10.500315,0.00010818003,0.00018804062,0.39291635,0.49621212,1,12,252,0.7878788,0.0,-0.5815212,19.824572,0.21212122
601901.SH,13.007016,13.007016,0.00013262827,0.00018804062,0.35749972,0.22365591,1,24,84,0.9677419,0.0,-1.0585966,4.369542,0.032258064
601908.SH,10.781459,10.781459,0.00010961234,0.00018804062,0.3899997,0.33870968,1,80,208,0.75,0.0,-0.90761554,-25.615034,0.25
601916.SH,12.473905,12.473905,0.0001261936,0.00018804062,0.3541664,0.34712642,1,19,162,0.73333335,0.0,0.51450336,8.156592,0.26666668
601918.SH,10.76899,10.76899,0.00011177291,0.00018804062,0.3924997,0.2621849,1,19,162,0.85714287,0.0,1.1280459,12.7439375,0.14285715
601919.SH,10.82406,10.82406,0.000114665665,0.00018804062,0.39583302,0.3003003,1,21,149,0.9459459,0.0,-0.67001075,16.497894,0.054054055
601921.SH,9.572773,9.572773,0.000105403975,0.00018804062,0.39583302,0.445977,1,80,208,0.93333334,0.0,-0.96327007,16.161957,0.06666667
601928.SH,15.234098,15.234098,0.00014872693,0.00018804062,0.3899997,0.20265152,1,61,124,0.54545456,0.0,-1.2611727,9.252037,0.45454547
601929.SH,18.05708,18.05708,0.0001556582,0.00018804062,0.39749968,0.2804878,1,22,208,0.902439,0.0,-1.5104562,-21.15991,0.09756097
601933.SH,35.6742,35.6742,0.00024475617,0.00018804062,0.39416635,0.2653846,1,61,124,0.825,0.0,-1.6335999,-24.765148,0.175
601939.SH,30.552732,30.552732,0.0002671433,0.00018804062,0.36291638,0.36879018,1,69,305,0.7457627,0.0,0.09695253,6.9882097,0.2542373
601949.SH,11.618543,11.618543,0.00012447436,0.00018804062,0.35916638,0.2689655,1,22,208,0.76666665,0.0,-0.69646,2.6865869,0.23333333
601952.SH,7.887681,7.887681,9.203679e-05,0.00018804062,0.37458304,0.21505377,1,33,251,0.7096774,0.0,0.70778394,0.43377617,0.29032257
601956.SH,7.8477864,7.8477864,9.3155104e-05,0.00018804062,0.37083304,0.29032257,1,33,251,0.9375,0.0,-1.0451156,6.654256,0.0625
601958.SH,23.735382,23.735382,0.0001990066,0.00018804062,0.39333302,0.27567068,1,61,124,0.68085104,0.0,-1.0018808,12.725567,0.31914893
601963.SH,31.743505,31.743505,0.0002753084,0.00018804062,0.3737497,0.3487013,1,69,305,0.66071427,0.0,0.707434,6.7459426,0.3392857
601965.SH,15.049386,15.049386,0.00014027796,0.00018804062,0.39666635,0.32605043,1,95,151,0.9142857,0.0,-1.0443686,15.920208,0.08571429
601966.SH,18.308191,18.308191,0.00018107405,0.00018804062,0.3541664,0.13333334,1,7,111,0.6666667,0.0,-0.8506916,3.7633946,0.33333334
601968.SH,14.404222,14.404222,0.00014523973,0.00018804062,0.34749973,0.08266129,1,7,111,0.78125,0.0,-1.2186438,2.0442748,0.21875
601969.SH,18.220924,18.220924,0.00017398465,0.00018804062,0.38041636,0.14516129,1,1,211,0.5,0.0,-1.1545718,5.9406843,0.5
601975.SH,18.867935,18.867935,0.00017799844,0.00018804062,0.39333302,0.2192691,1,43,94,0.627907,0.0,-1.0573047,9.218118,0.37209302
601985.SH,9.244157,9.244157,0.00010325811,0.00018804062,0.35499972,0.17011495,1,15,191,0.76666665,0.0,-0.5265166,7.6319246,0.23333333
601988.SH,19.910795,19.910795,0.00018214184,0.00018804062,0.36666638,0.36231884,1,69,305,0.73913044,0.0,-0.20806089,5.748348,0.26086956
601990.SH,19.522806,19.522806,0.00018975307,0.00018804062,0.3637497,0.21262458,1,27,217,0.39534885,0.0,-0.8694349,3.7257988,0.60465115
601991.SH,13.905537,13.905537,0.00014361342,0.00018804062,0.3649997,0.26559713,1,59,157,0.7941176,0.0,0.5510176,6.5069118,0.20588236
601992.SH,16.972143,16.972143,0.00015211261,0.00018804062,0.39416635,0.27820513,1,87,102,0.875,0.0,-1.28169,-23.514418,0.125
601995.SH,17.235973,17.235973,0.00016810873,0.00018804062,0.3441664,0.2172043,1,57,68,0.4516129,0.0,-1.0934548,4.8814836,0.5483871
601996.SH,15.623662,15.623662,0.00014557572,0.00018804062,0.3849997,0.18468468,1,80,208,0.8918919,0.0,-0.27574053,-13.402964,0.10810811
601997.SH,10.688561,10.688561,0.00011067956,0.00018804062,0.35208306,0.594697,1,69,305,0.7878788,0.0,1.030503,7.990839,0.21212122
601998.SH,15.798197,15.798197,0.00014642651,0.00018804062,0.37916636,0.30583215,1,5,286,0.7894737,0.0,-0.6242868,5.6502867,0.21052632
601999.SH,13.726127,13.726127,0.00014103192,0.00018804062,0.36583304,0.21746032,1,27,217,0.6388889,0.0,-1.3395278,3.4198472,0.3611111
603000.SH,16.53949,16.53949,0.00015964927,0.00018804062,0.3624997,0.1733871,1,22,208,0.5,0.0,-1.4363,2.6067903,0.5
603001.SH,16.638319,16.638319,0.0001476331,0.00018804062,0.39333302,0.33015874,1,61,124,0.8333333,0.0,-2.0346115,-18.3436,0.16666667
603002.SH,20.560778,20.560778,0.000172811,0.00018804062,0.37916636,0.23404256,1,22,208,0.6041667,0.0,-0.559427,2.3624125,0.39583334
603004.SH,16.962162,16.962162,0.00016188846,0.00018804062,0.38583302,0.16464238,1,22,208,0.53846157,0.0,-1.4117025,9.176595,0.46153846
603005.SH,19.906261,19.906261,0.00017708796,0.00018804062,0.39333302,0.18730159,1,61,124,0.5555556,0.0,-2.3619225,4.461134,0.44444445
603006.SH,22.04441,22.04441,0.00021181762,0.00018804062,0.37583303,0.1468599,1,95,151,0.6304348,0.0,-0.99373037,4.5472627,0.36956522
603008.SH,18.242954,18.242954,0.00017531896,0.00018804062,0.36333305,0.14844805,1,40,114,0.46153846,0.0,-1.0455718,4.723917,0.53846157
603009.SH,14.001165,14.001165,0.00014261153,0.00018804062,0.37833303,0.15789473,1,61,124,0.71794873,0.0,-1.9368076,6.7706604,0.2820513
603010.SH,30.946943,30.946943,0.00023212914,0.00018804062,0.39333302,0.20629047,1,69,305,0.89361703,0.0,-1.3171576,-19.450026,0.10638298
603011.SH,17.55412,17.55412,0.00016284818,0.00018804062,0.39916635,0.11408199,1,1,211,0.8235294,0.0,-2.199906,-4.9493737,0.1764706
603012.SH,14.777956,14.777956,0.00015306185,0.00018804062,0.35999972,0.13968255,1,33,251,0.5833333,0.0,-1.4584833,5.1117887,0.41666666
603013.SH,15.565118,15.565118,0.00015007326,0.00018804062,0.39166635,0.1823461,1,96,56,0.9047619,0.0,-1.6858381,11.463712,0.0952381
603014.SH,16.085926,16.085926,0.000154675,0.00018804062,0.3799997,0.18716578,1,33,251,0.5588235,0.0,-1.4122795,5.754344,0.44117647
603015.SH,12.867247,12.867247,0.00013592739,0.00018804062,0.36791638,0.24598931,1,80,208,0.88235295,0.0,-2.3014822,4.4162517,0.11764706
603016.SH,9.090643,9.090643,0.000102769336,0.00018804062,0.3774997,0.35632184,1,59,157,0.96666664,0.0,-0.85273,7.7408304,0.033333335
603017.SH,14.436726,14.436726,0.00014072306,0.00018804062,0.36958304,0.19358975,1,59,157,0.875,0.0,0.1887525,6.08327,0.125
603018.SH,12.352426,12.352426,0.00013159377,0.00018804062,0.36666638,0.1920635,1,51,81,0.8611111,0.0,-0.7736638,2.306753,0.1388889
603019.SH,17.982147,17.982147,0.0001731296,0.00018804062,0.37833303,0.13650794,1,33,251,0.8055556,0.0,-2.0741055,7.2335534,0.19444445
603020.SH,18.489716,18.489716,0.00018114664,0.00018804062,0.35916638,0.21564482,1,7,111,0.45454547,0.0,-1.4676204,5.848111,0.54545456
603022.SH,15.16551,15.16551,0.00015302778,0.00018804062,0.35999972,0.10037879,1,33,251,0.6363636,0.0,-0.8189484,5.0330772,0.36363637
603023.SH,38.478477,38.478477,0.00029189192,0.00018804062,0.3774997,0.14930555,1,23,94,0.828125,0.0,-1.4784062,3.2129078,0.171875
603025.SH,21.229517,21.229517,0.00019863494,0.00018804062,0.3874997,0.13900135,1,14,83,0.6923077,0.0,-0.23415126,4.4148545,0.30769232
603026.SH,124.797134,124.797134,0.00084128877,0.00018804062,0.43499967,0.15500413,1,40,114,0.90384614,0.0,-1.6413711,1.1422436,0.09615385
603027.SH,8.333281,8.333281,9.2330614e-05,0.00018804062,0.38333303,0.43678162,1,61,124,0.8,0.0,-0.18689671,14.767846,0.2
603028.SH,18.20505,18.20505,0.00015556646,0.00018804062,0.39999968,0.1989899,1,7,111,0.8666667,0.0,-1.6430959,-21.42687,0.13333334
603029.SH,14.3476715,14.3476715,0.00014652904,0.00018804062,0.36124972,0.13103448,1,7,111,0.9,0.0,-0.56825334,6.226967,0.1
603030.SH,13.419303,13.419303,0.000116985415,0.00018804062,0.39416635,0.45454547,1,59,157,0.90909094,0.0,-1.3098938,-34.44772,0.09090909
603031.SH,19.666306,19.666306,0.00017151148,0.00018804062,0.39083302,0.26364478,1,12,252,0.5531915,0.0,-0.9948107,14.238336,0.44680852
603032.SH,11.274632,11.274632,0.0001198109,0.00018804062,0.3554164,0.27126437,1,33,251,0.76666665,0.0,-2.97382,3.0390933,0.23333333
603033.SH,10.885292,10.885292,0.000105595056,0.00018804062,0.38916636,0.342246,1,95,151,0.9411765,0.0,-1.8167441,-27.452822,0.05882353
603035.SH,21.802443,21.802443,0.00020129782,0.00018804062,0.38166636,0.1268556,1,69,305,0.35897437,0.0,-1.1973026,3.1822047,0.64102566
603036.SH,14.4021435,14.4021435,0.00013901267,0.00018804062,0.39166635,0.29634145,1,95,151,1.0,0.0,-1.1703268,13.815709,0.0
603037.SH,18.979742,18.979742,0.00018364828,0.00018804062,0.37416637,0.13229018,1,33,251,0.2631579,0.0,-1.5691657,4.769726,0.7368421
603038.SH,14.874663,14.874663,0.0001527437,0.00018804062,0.37291637,0.16302522,1,96,56,0.82857144,0.0,-0.88641137,4.9692135,0.17142858
603039.SH,16.297997,16.297997,0.00014802125,0.00018804062,0.39083302,0.27563027,1,1,211,0.9142857,0.0,-1.0255629,16.239735,0.08571429
603040.SH,18.734774,18.734774,0.00016653347,0.00018804062,0.398333,0.31152204,1,23,94,1.0,0.0,-1.4561553,14.584273,0.0
603041.SH,12.554891,12.554891,0.0001326693,0.00018804062,0.35458305,0.11827957,1,7,111,0.87096775,0.0,-0.7138032,4.9944096,0.12903225
603042.SH,11.303912,11.303912,0.00010179408,0.00018804062,0.39499968,0.43678162,1,12,252,0.93333334,0.0,-1.3925133,-28.177849,0.06666667
603043.SH,14.48794,14.48794,0.00014195246,0.00018804062,0.38583302,0.25042018,1,33,251,0.71428573,0.0,-0.74301434,12.548691,0.2857143
603045.SH,9.287825,9.287825,0.000105377396,0.00018804062,0.3699997,0.30114943,1,59,157,0.8,0.0,-2.21243,5.6253057,0.2
603048.SH,13.192137,13.192137,0.00014204037,0.00018804062,0.36416638,0.1579832,1,95,151,0.9142857,0.0,-1.0028658,4.7471166,0.08571429
603049.SH,15.795355,15.795355,0.0001565322,0.00018804062,0.38083303,0.20265152,1,5,286,0.57575756,0.0,-1.830994,4.4235444,0.42424244
603050.SH,15.5648775,15.5648775,0.00015251238,0.00018804062,0.38333303,0.15789473,1,22,208,0.6666667,0.0,-1.9812385,11.100893,0.33333334
603051.SH,15.113662,15.113662,0.0001504529,0.00018804062,0.36958304,0.12643678,1,6,36,0.5,0.0,-1.3188099,5.294035,0.5
603052.SH,27.289164,27.289164,0.00022052463,0.00018804062,0.39583302,0.1735827,1,51,81,0.6779661,0.0,-1.3991848,2.1266577,0.3220339
603053.SH,13.363621,13.363621,0.00014452377,0.00018804062,0.36333305,0.19886364,1,80,208,0.8787879,0.0,0.043339416,3.7028635,0.121212125
603055.SH,10.553845,10.553845,0.00011645959,0.00018804062,0.38416636,0.25846702,1,87,102,0.85294116,0.0,-1.1096264,9.413658,0.14705883
603057.SH,11.768086,11.768086,0.00012271052,0.00018804062,0.3824997,0.21212122,1,59,157,0.7878788,0.0,-0.076084845,14.906199,0.21212122
603058.SH,15.275725,15.275725,0.00015397526,0.00018804062,0.3824997,0.22332859,1,69,305,0.65789473,0.0,-1.4163395,2.2014678,0.34210527
603059.SH,9.13809,9.13809,0.0001042962,0.00018804062,0.38416636,0.18620689,1,5,286,0.7,0.0,-0.79029334,11.5124655,0.3
603060.SH,19.436348,19.436348,0.00018181975,0.00018804062,0.40249968,0.15256411,1,1,211,0.6,0.0,-0.98269,-1.8186871,0.4
603061.SH,21.166208,21.166208,0.00019507697,0.00018804062,0.38666636,0.21486643,1,95,151,0.54761904,0.0,-0.7496476,5.9024973,0.45238096
603062.SH,15.718704,15.718704,0.00015329383,0.00018804062,0.39416635,0.13371266,1,6,36,0.84210527,0.0,-1.3642025,12.059515,0.15789473
603063.SH,11.171878,11.171878,0.00012187323,0.00018804062,0.3566664,0.19758065,1,80,208,0.90625,0.0,-1.7446812,2.5329468,0.09375
603065.SH,16.078594,16.078594,0.00015812935,0.00018804062,0.35749972,0.12415654,1,22,208,0.5641026,0.0,-1.2782667,3.4637823,0.43589744
603066.SH,14.499303,14.499303,0.00013303419,0.00018804062,0.36333305,0.25238097,1,40,114,0.6944444,0.0,-1.1972528,2.3904502,0.30555555
603067.SH,10.733456,10.733456,0.000111043155,0.00018804062,0.39749968,0.2936508,1,33,251,0.9166667,0.0,-1.3364694,17.33711,0.083333336
603068.SH,12.056819,12.056819,0.00011993249,0.00018804062,0.37541637,0.22475107,1,39,1,1.0,0.0,-1.4863421,1.7111816,0.0
603069.SH,16.530771,16.530771,0.00014566172,0.00018804062,0.39416635,0.24390244,1,52,65,0.78571427,0.0,-1.1379095,-22.628513,0.21428572
603070.SH,13.199289,13.199289,0.00013351599,0.00018804062,0.36541638,0.19886364,1,43,94,0.8484849,0.0,-1.6763848,1.1097715,0.15151516
603071.SH,19.06648,19.06648,0.00018336214,0.00018804062,0.37083304,0.25825825,1,43,94,0.5405405,0.0,-0.34485406,4.07476,0.45945945
603072.SH,11.553944,11.553944,0.00012634239,0.00018804062,0.36166638,0.19758065,1,6,36,0.9375,0.0,-2.394256,6.8279896,0.0625
603073.SH,10.048612,10.048612,0.00011500539,0.00018804062,0.35499972,0.25378788,1,33,251,0.6969697,0.0,-1.1326847,4.144636,0.3030303
603075.SH,14.818151,14.818151,0.00014128824,0.00018804062,0.408333,0.2551282,1,69,305,0.775,0.0,-0.86858004,14.772238,0.225
603076.SH,18.854277,18.854277,0.00017154569,0.00018804062,0.3824997,0.17825311,1,22,208,0.6764706,0.0,-1.3796823,3.7290366,0.32352942
603077.SH,11.76094,11.76094,0.0001240101,0.00018804062,0.35916638,0.17011495,1,1,211,0.73333335,0.0,-0.9687401,3.4569864,0.26666668
603078.SH,15.076294,15.076294,0.00015023974,0.00018804062,0.35499972,0.12310606,1,14,83,0.8484849,0.0,-0.89055747,4.2051153,0.15151516
603079.SH,11.49947,11.49947,0.00012468071,0.00018804062,0.3529164,0.2935606,1,7,111,0.8181818,0.0,-0.64586353,5.4173875,0.18181819
603080.SH,11.428263,11.428263,0.00011706954,0.00018804062,0.39583302,0.3292683,1,51,81,0.902439,0.0,-0.7613073,16.444157,0.09756097
603081.SH,11.227236,11.227236,0.00011934692,0.00018804062,0.3749997,0.09848485,1,22,208,0.8181818,0.0,-1.306303,1.2394915,0.18181819
603082.SH,9.176207,9.176207,0.00010217911,0.00018804062,0.3824997,0.14252874,1,43,94,1.0,0.0,-2.353687,3.7413568,0.0
603083.SH,14.48147,14.48147,0.00012908278,0.00018804062,0.39499968,0.22016807,1,40,114,0.82857144,0.0,-0.77571714,-1.5940394,0.17142858
603085.SH,24.043596,24.043596,0.00019529677,0.00018804062,0.39166635,0.19060284,1,69,305,0.625,0.0,-0.81558543,2.9874659,0.375
603086.SH,16.305025,16.305025,0.00016215487,0.00018804062,0.3491664,0.17496444,1,7,111,0.8947368,0.0,-1.0988238,1.9377394,0.10526316
603087.SH,16.902527,16.902527,0.00015710844,0.00018804062,0.39499968,0.22638147,1,69,305,0.88235295,0.0,-1.5071058,5.816012,0.11764706
603088.SH,19.627758,19.627758,0.00018578596,0.00018804062,0.37583303,0.26876876,1,7,111,0.3783784,0.0,-1.7983757,5.8895464,0.6216216
603089.SH,19.49404,19.49404,0.00018104822,0.00018804062,0.38666636,0.103846155,1,22,208,0.525,0.0,-1.0073725,6.117263,0.475
603090.SH,22.961943,22.961943,0.00020315344,0.00018804062,0.39333302,0.14705883,1,69,305,0.53846157,0.0,-1.0915711,9.305388,0.46153846
603091.SH,20.238432,20.238432,0.00018980147,0.00018804062,0.38416636,0.17537747,1,40,114,0.42857143,0.0,-1.1574453,7.275199,0.5714286
603092.SH,22.519192,22.519192,0.00019525414,0.00018804062,0.39166635,0.2871795,1,69,305,0.85,0.0,-2.06868,13.532544,0.15
603093.SH,31.085016,31.085016,0.0002809549,0.00018804062,0.37166637,0.15027589,1,40,114,0.6962025,0.0,-0.53811395,6.3426027,0.30379745
603095.SH,17.751379,17.751379,0.00016900008,0.00018804062,0.3624997,0.12310606,1,40,114,0.6363636,0.0,-1.4784393,3.9595077,0.36363637
603096.SH,13.769716,13.769716,0.00013825292,0.00018804062,0.3899997,0.20142603,1,61,124,0.7647059,0.0,-0.4447441,4.8219934,0.23529412
603097.SH,12.084131,12.084131,0.00013059494,0.00018804062,0.36083305,0.18145162,1,33,251,0.71875,0.0,-0.6684406,5.9066515,0.28125
603098.SH,14.010025,14.010025,0.00014209874,0.00018804062,0.37666637,0.17204301,1,69,305,0.83870965,0.0,-2.0225644,6.632203,0.16129032
603099.SH,15.083609,15.083609,0.00014657015,0.00018804062,0.37333304,0.27620968,1,7,111,0.6875,0.0,-1.9489751,13.949015,0.3125
603100.SH,16.729355,16.729355,0.00015670413,0.00018804062,0.39666635,0.22352941,1,7,111,0.4,0.0,-1.1138285,8.175243,0.6
603101.SH,9.523176,9.523176,0.000108979795,0.00018804062,0.35416636,0.22068965,1,33,251,0.8333333,0.0,-0.61377007,3.0677495,0.16666667
603102.SH,17.743763,17.743763,0.00017025248,0.00018804062,0.37833303,0.16825397,1,7,111,0.5833333,0.0,-0.6541166,7.610868,0.41666666
603103.SH,9.638065,9.638065,9.585028e-05,0.00018804062,0.37083304,0.3954023,1,95,151,0.8666667,0.0,-1.0221434,14.888822,0.13333334
603105.SH,10.399334,10.399334,0.000104909166,0.00018804062,0.39083302,0.29032257,1,33,251,0.875,0.0,-1.0940626,16.127817,0.125
603106.SH,10.271522,10.271522,0.00011163148,0.00018804062,0.3874997,0.10793651,1,80,208,0.8055556,0.0,-1.5947667,0.9146722,0.19444445
603107.SH,12.761286,12.761286,0.00013451821,0.00018804062,0.37583303,0.16869096,1,87,102,0.7692308,0.0,-1.7649436,9.204461,0.23076923
603108.SH,10.428897,10.428897,0.000115568175,0.00018804062,0.37416637,0.38064516,1,21,149,0.8064516,0.0,-0.93494517,-3.686482,0.19354838
603109.SH,15.375355,15.375355,0.0001575646,0.00018804062,0.36708304,0.14714715,1,21,149,0.6216216,0.0,-1.3231568,3.501159,0.3783784
603110.SH,28.20102,28.20102,0.00022048628,0.00018804062,0.39333302,0.21019608,1,23,94,0.9019608,0.0,-0.75202143,2.1191256,0.09803922
603111.SH,15.132992,15.132992,0.00014858556,0.00018804062,0.39416635,0.15915915,1,14,83,0.7837838,0.0,-1.2665485,0.62986875,0.21621622
603112.SH,14.200654,14.200654,0.00014750013,0.00018804062,0.36916637,0.21680672,1,59,157,0.74285716,0.0,-1.425917,2.666092,0.25714287
603113.SH,15.681254,15.681254,0.00014681528,0.00018804062,0.400833,0.2,1,93,192,0.525,0.0,-0.8939824,0.8790864,0.475
603115.SH,16.24494,16.24494,0.00016167207,0.00018804062,0.39333302,0.15897436,1,74,159,0.775,0.0,-1.52424,2.0589836,0.225
603116.SH,13.768614,13.768614,0.00013595255,0.00018804062,0.38083303,0.16507937,1,15,191,0.6944444,0.0,-1.6813028,-6.993904,0.30555555
603117.SH,14.520647,14.520647,0.00013669074,0.00018804062,0.37166637,0.23333333,1,59,157,0.95,0.0,-1.4750626,3.3289714,0.05
603118.SH,15.515234,15.515234,0.00015020427,0.00018804062,0.3874997,0.12298387,1,1,211,0.71875,0.0,-1.2215095,-2.3835585,0.28125
603119.SH,14.677248,14.677248,0.00013497134,0.00018804062,0.38416636,0.2628205,1,59,157,0.975,0.0,-2.282735,14.11044,0.025
603120.SH,18.701653,18.701653,0.00018353383,0.00018804062,0.35916638,0.17560975,1,43,94,0.46341464,0.0,-0.893356,3.708573,0.5365854
603121.SH,15.526129,15.526129,0.0001488103,0.00018804062,0.37666637,0.14844805,1,95,151,0.9230769,0.0,-1.3336847,3.595174,0.07692308
603122.SH,15.630214,15.630214,0.00014900292,0.00018804062,0.39916635,0.23030303,1,14,83,0.75555557,0.0,-1.0043734,-14.393145,0.24444444
603123.SH,17.814013,17.814013,0.0001707303,0.00018804062,0.40166634,0.073573574,1,69,305,0.5945946,0.0,-0.98900276,-1.9886562,0.4054054
603124.SH,17.89143,17.89143,0.00017566301,0.00018804062,0.37416637,0.14304993,1,22,208,0.71794873,0.0,-1.3353512,8.712183,0.2820513
603125.SH,16.907307,16.907307,0.00016009473,0.00018804062,0.39333302,0.090243906,1,69,305,0.70731705,0.0,-1.6024731,6.8379383,0.29268292
603126.SH,11.952003,11.952003,0.00011302486,0.00018804062,0.36791638,0.28907564,1,80,208,0.85714287,0.0,-1.0607429,2.1298103,0.14285715
603127.SH,11.785361,11.785361,0.00012919868,0.00018804062,0.36833304,0.18181819,1,91,229,0.7647059,0.0,-1.8751999,4.6184354,0.23529412
603128.SH,16.611536,16.611536,0.00016220637,0.00018804062,0.37833303,0.15165165,1,33,251,0.5405405,0.0,-1.5757568,0.90146834,0.45945945
603129.SH,12.657095,12.657095,0.000119662654,0.00018804062,0.39166635,0.42424244,1,69,305,0.8787879,0.0,0.042654544,20.25113,0.121212125
603130.SH,12.950205,12.950205,0.00013959873,0.00018804062,0.35999972,0.23174603,1,42,3,0.9444444,0.0,-1.025836,5.0937386,0.055555556
603131.SH,17.164566,17.164566,0.0001740865,0.00018804062,0.3662497,0.16349207,1,62,1,1.0,0.0,-1.0924693,6.1836267,0.0
603132.SH,12.346607,12.346607,0.00012786573,0.00018804062,0.3899997,0.2057057,1,87,102,0.7837838,0.0,-1.2135891,10.623876,0.21621622
603135.SH,15.954725,15.954725,0.0001605864,0.00018804062,0.3566664,0.09159159,1,27,217,0.8108108,0.0,-1.2877351,4.010646,0.1891892
603136.SH,16.611397,16.611397,0.00015651697,0.00018804062,0.37583303,0.19556452,1,19,162,0.59375,0.0,-0.65886253,7.7339745,0.40625
603137.SH,9.1899805,9.1899805,8.9867346e-05,0.00018804062,0.39166635,0.42424244,1,20,96,1.0,0.0,-1.0715758,-31.016706,0.0
603138.SH,17.226707,17.226707,0.00015359062,0.00018804062,0.39499968,0.23809524,1,12,252,0.78571427,0.0,-2.0122547,-18.413395,0.21428572
603139.SH,27.666727,27.666727,0.0002086377,0.00018804062,0.39416635,0.31118494,1,22,208,0.55813956,0.0,-1.5810722,-22.181652,0.44186047
603150.SH,11.90534,11.90534,0.00012913778,0.00018804062,0.3724997,0.25,1,69,305,0.78125,0.0,-1.4213468,2.7862225,0.21875
603151.SH,20.066322,20.066322,0.00019008847,0.00018804062,0.35791638,0.2984127,1,77,117,0.33333334,0.0,-1.4936693,2.4195387,0.6666667
603153.SH,16.782063,16.782063,0.00016732748,0.00018804062,0.3724997,0.11764706,1,69,305,0.9142857,0.0,-0.87582284,5.1330614,0.08571429
603155.SH,12.009818,12.009818,0.00012781942,0.00018804062,0.35833305,0.15725806,1,1,211,0.9375,0.0,-1.3553219,3.4587033,0.0625
603156.SH,17.775822,17.775822,0.00016082615,0.00018804062,0.39749968,0.3085366,1,80,208,0.63414633,0.0,-1.3694123,15.170314,0.36585367
603158.SH,8.116892,8.116892,9.747317e-05,0.00018804062,0.37291637,0.28219697,1,2,80,0.93939394,0.0,-2.4602182,10.090299,0.060606062
603159.SH,20.80907,20.80907,0.00017697037,0.00018804062,0.37916636,0.21184088,1,27,217,0.65957445,0.0,-1.1742383,1.7763574,0.34042552
603160.SH,13.88794,13.88794,0.0001344643,0.00018804062,0.39999968,0.20672269,1,52,65,0.8,0.0,0.44247714,10.5681505,0.2
603161.SH,15.389424,15.389424,0.00015366227,0.00018804062,0.37083304,0.10391363,1,69,305,0.6666667,0.0,-1.5279335,6.748909,0.33333334
603162.SH,11.550227,11.550227,0.00012554057,0.00018804062,0.3566664,0.20689656,1,7,111,0.8333333,0.0,-1.49919,6.118539,0.16666667
603163.SH,10.356779,10.356779,0.00010619989,0.00018804062,0.39166635,0.35630253,1,51,81,0.94285715,0.0,-1.1466657,17.04727,0.057142857
603165.SH,15.475913,15.475913,0.0001557041,0.00018804062,0.37583303,0.13257575,1,1,211,0.6969697,0.0,-0.8167273,4.5181684,0.3030303
603166.SH,12.674404,12.674404,0.0001294641,0.00018804062,0.39583302,0.3063063,1,33,251,0.7567568,0.0,-1.374508,16.506474,0.24324325
603167.SH,14.372632,14.372632,0.00013837776,0.00018804062,0.38583302,0.27260458,1,22,208,0.6666667,0.0,-1.2343563,13.677828,0.33333334
603168.SH,27.392494,27.392494,0.00020876144,0.00018804062,0.39583302,0.33997154,1,51,81,0.7894737,0.0,-1.4729447,-20.238117,0.21052632
603169.SH,18.065098,18.065098,0.00014714914,0.00018804062,0.400833,0.32222223,1,12,252,0.8888889,0.0,-1.1357889,-27.775822,0.11111111
603170.SH,17.093605,17.093605,0.0001571604,0.00018804062,0.3874997,0.33101046,1,14,83,0.6666667,0.0,-0.58087385,15.634062,0.33333334
603171.SH,15.751108,15.751108,0.00014934833,0.00018804062,0.37833303,0.17741935,1,24,84,0.5,0.0,-2.1483374,-7.2226295,0.5
603172.SH,16.74067,16.74067,0.00016735894,0.00018804062,0.3662497,0.19159664,1,27,217,0.4,0.0,-0.6643771,3.270713,0.6
603173.SH,14.7191725,14.7191725,0.00013804321,0.00018804062,0.398333,0.20819491,1,33,251,0.6976744,0.0,-0.6997722,14.386646,0.30232558
603175.SH,12.998785,12.998785,0.000119294105,0.00018804062,0.39416635,0.24798387,1,52,65,0.90625,0.0,-1.816125,8.65742,0.09375
603176.SH,10.848003,10.848003,0.00011575348,0.00018804062,0.38416636,0.27126437,1,69,305,0.8666667,0.0,-0.32148665,-6.6131406,0.13333334
603177.SH,14.494781,14.494781,0.0001433483,0.00018804062,0.38083303,0.12413793,1,22,208,0.56666666,0.0,-0.74605334,0.3146906,0.43333334
603178.SH,21.558304,21.558304,0.0001864764,0.00018804062,0.41666633,0.19060284,1,69,305,0.7083333,0.0,-1.5007,-9.250136,0.29166666
603179.SH,9.945389,9.945389,0.00011238463,0.00018804062,0.37083304,0.20967741,1,19,162,0.9375,0.0,-1.7407563,6.4689045,0.0625
603180.SH,15.387061,15.387061,0.00015173221,0.00018804062,0.36583304,0.22580644,1,61,124,0.84375,0.0,-0.86219686,3.000852,0.15625
603181.SH,10.297556,10.297556,0.00011567257,0.00018804062,0.36416638,0.22948718,1,51,81,0.975,0.0,0.23836248,2.0131774,0.025
603182.SH,9.655311,9.655311,0.000105852305,0.00018804062,0.38583302,0.20215054,1,93,192,0.9677419,0.0,-0.32082585,13.666557,0.032258064
603183.SH,12.539022,12.539022,0.00013522399,0.00018804062,0.36291638,0.22698413,1,59,157,0.9722222,0.0,-0.6896362,3.1740832,0.027777778
603185.SH,13.467105,13.467105,0.00013705375,0.00018804062,0.36583304,0.16935484,1,87,102,0.40625,0.0,-1.7662656,0.45798922,0.59375
603186.SH,12.002278,12.002278,0.00012220356,0.00018804062,0.38166636,0.24827586,1,74,159,0.8,0.0,-0.71674675,-11.638964,0.2
603187.SH,13.8985815,13.8985815,0.00014492084,0.00018804062,0.35208306,0.19354838,1,95,151,0.6875,0.0,-1.5624875,5.5798373,0.3125
603188.SH,12.054249,12.054249,0.00013175415,0.00018804062,0.34749973,0.2091954,1,27,217,0.53333336,0.0,-0.55666,3.1068966,0.46666667
603189.SH,24.664768,24.664768,0.00019535731,0.00018804062,0.37916636,0.1888298,1,22,208,0.6666667,0.0,-0.99940205,1.0283457,0.33333334
603190.SH,15.942323,15.942323,0.00016348819,0.00018804062,0.36083305,0.14015152,1,89,72,0.75757575,0.0,-1.5716666,5.815724,0.24242425
603191.SH,13.044633,13.044633,0.00013630792,0.00018804062,0.3554164,0.1780303,1,15,191,0.54545456,0.0,-1.7942,6.6299047,0.45454547
603192.SH,10.973341,10.973341,0.00012325255,0.00018804062,0.3624997,0.14482759,1,19,162,0.8333333,0.0,-1.0633234,3.7791564,0.16666667
603193.SH,19.02935,19.02935,0.00016613718,0.00018804062,0.3849997,0.2794872,1,5,286,0.85,0.0,-1.5149174,15.34908,0.15
603194.SH,14.369489,14.369489,0.00013466878,0.00018804062,0.39916635,0.32582584,1,22,208,0.7837838,0.0,-0.76167834,17.39566,0.21621622
603195.SH,16.492023,16.492023,0.00014676861,0.00018804062,0.3924997,0.37254903,1,59,157,0.9411765,0.0,-1.1463794,17.238977,0.05882353
603196.SH,21.60235,21.60235,0.00017178278,0.00018804062,0.37916636,0.24751067,1,96,56,0.94736844,0.0,-0.77578956,1.2207315,0.05263158
603197.SH,17.79518,17.79518,0.00016911744,0.00018804062,0.3749997,0.12179487,1,1,211,0.775,0.0,-1.0009224,4.16,0.225
603198.SH,18.470158,18.470158,0.00016549123,0.00018804062,0.38916636,0.3207317,1,80,208,0.8780488,0.0,-0.9756317,13.474649,0.12195122
603199.SH,19.463224,19.463224,0.00017033717,0.00018804062,0.39166635,0.31010452,1,22,208,0.71428573,0.0,-0.8918786,13.84865,0.2857143
603200.SH,14.947898,14.947898,0.00014228691,0.00018804062,0.39916638,0.18170732,1,80,208,0.9268293,0.0,-1.8945,12.144276,0.07317073
603201.SH,12.612647,12.612647,0.0001285999,0.00018804062,0.400833,0.24506389,1,20,96,0.9285714,0.0,-1.1936667,16.800001,0.071428575
603202.SH,73.36793,73.36793,0.00060919166,0.00018804062,0.4616663,0.0946226,1,1,211,0.9114583,0.0,-1.0216979,15.483541,0.088541664
603203.SH,16.4679,16.4679,0.00015123466,0.00018804062,0.39666635,0.31585366,1,15,191,0.73170733,0.0,-1.6724513,16.019098,0.2682927
603205.SH,13.622061,13.622061,0.00013961691,0.00018804062,0.36583304,0.09469697,1,27,217,0.8787879,0.0,-0.9970939,3.0567532,0.121212125
603206.SH,12.069324,12.069324,0.00012773059,0.00018804062,0.3874997,0.17741935,1,80,208,0.71875,0.0,-1.8859625,-2.7737617,0.28125
603207.SH,21.694696,21.694696,0.00018840202,0.00018804062,0.38583302,0.32692307,1,20,96,0.7,0.0,-1.0935725,14.560455,0.3
603208.SH,21.785889,21.785889,0.0001813024,0.00018804062,0.39583302,0.26086956,1,87,102,0.65217394,0.0,-1.1714784,-21.652313,0.3478261
603209.SH,10.745363,10.745363,0.00011702997,0.00018804062,0.3687497,0.24827586,1,43,94,0.8,0.0,-1.7863201,4.6295986,0.2
603210.SH,12.817454,12.817454,0.00013700887,0.00018804062,0.36958304,0.16221035,1,21,149,0.9705882,0.0,-1.7566677,6.829646,0.029411765
603211.SH,18.076143,18.076143,0.00017295814,0.00018804062,0.36124972,0.16707318,1,80,208,0.5121951,0.0,-1.5813781,3.2662413,0.4878049
603212.SH,16.975077,16.975077,0.00015516495,0.00018804062,0.400833,0.21483943,1,12,252,0.6511628,0.0,-1.178886,-11.240411,0.3488372
603213.SH,13.916048,13.916048,0.00013665073,0.00018804062,0.36541638,0.14616756,1,40,114,0.8235294,0.0,-1.1478529,0.32002935,0.1764706
603214.SH,5.2621555,5.2621555,7.150465e-05,0.00018804062,0.38666636,0.34252873,1,13,40,1.0,0.0,-0.33337003,19.179651,0.0
603215.SH,18.04065,18.04065,0.00016506562,0.00018804062,0.3724997,0.13650794,1,93,192,0.8611111,0.0,-0.5751777,-0.4744416,0.1388889
603216.SH,15.324617,15.324617,0.00015546568,0.00018804062,0.38166636,0.17983194,1,80,208,0.62857145,0.0,-1.3025429,-0.055672064,0.37142858
603217.SH,13.760832,13.760832,0.00014385427,0.00018804062,0.3624997,0.16349207,1,19,162,0.6944444,0.0,-1.3866,1.1096425,0.30555555
603218.SH,16.9556,16.9556,0.00017179508,0.00018804062,0.35749972,0.18412699,1,27,217,0.2777778,0.0,-1.206047,3.9133215,0.7222222
603219.SH,13.9716,13.9716,0.0001442361,0.00018804062,0.36583304,0.15927419,1,40,114,0.65625,0.0,-0.8700156,5.4101644,0.34375
603220.SH,42.73666,42.73666,0.00035294308,0.00018804062,0.415833,0.17152104,1,20,96,0.94174755,0.0,1.2105476,2.2754369,0.058252428
603221.SH,8.392153,8.392153,9.774904e-05,0.00018804062,0.36416638,0.16666667,1,20,96,0.8484849,0.0,-0.63530004,1.5802575,0.15151516
603222.SH,15.097344,15.097344,0.00013798289,0.00018804062,0.39583302,0.2780027,1,33,251,0.71794873,0.0,-2.1582692,-21.45935,0.2820513
603223.SH,11.147029,11.147029,0.00011803587,0.00018804062,0.36458305,0.1875,1,12,252,0.75,0.0,-0.5243312,1.2772374,0.25
603225.SH,12.806983,12.806983,0.00013213925,0.00018804062,0.3649997,0.16330644,1,59,157,0.75,0.0,-0.944625,2.5723906,0.25
603226.SH,26.99066,26.99066,0.00020881233,0.00018804062,0.40916634,0.22775264,1,22,208,0.5769231,0.0,-1.7631673,-15.603812,0.42307693
603227.SH,9.304333,9.304333,0.00010600778,0.00018804062,0.36124972,0.13333334,1,15,191,0.8333333,0.0,-1.5969666,3.606284,0.16666667
603228.SH,8.455372,8.455372,9.755553e-05,0.00018804062,0.3674997,0.103225805,1,20,96,0.83870965,0.0,-2.5854838,5.009547,0.16129032
603229.SH,18.50683,18.50683,0.00016809937,0.00018804062,0.39083302,0.22132254,1,19,162,0.7948718,0.0,-0.95739746,11.446628,0.20512821
603230.SH,17.270267,17.270267,0.00016850121,0.00018804062,0.37166637,0.21269841,1,33,251,0.4722222,0.0,-0.11129165,1.3908906,0.5277778
603231.SH,10.328556,10.328556,0.00011098309,0.00018804062,0.38583302,0.21774194,1,51,81,0.8125,0.0,-0.722625,12.02837,0.1875
603232.SH,20.287502,20.287502,0.00017041486,0.00018804062,0.408333,0.17019027,1,59,157,0.8636364,0.0,-1.5306112,-6.653588,0.13636364
603233.SH,9.821138,9.821138,0.00010704356,0.00018804062,0.3824997,0.25977013,1,5,286,0.9,0.0,0.32592,17.680523,0.1
603235.SH,17.606998,17.606998,0.0001641712,0.00018804062,0.3924997,0.213732,1,5,286,0.7906977,0.0,-0.379386,10.879382,0.20930232
603236.SH,15.164898,15.164898,0.00014797368,0.00018804062,0.3824997,0.107563026,1,14,83,0.6571429,0.0,-1.219283,11.7656145,0.34285715
603237.SH,8.792936,8.792936,9.8480254e-05,0.00018804062,0.3849997,0.37967914,1,80,208,0.9411765,0.0,-0.4065559,14.431496,0.05882353
603238.SH,14.162066,14.162066,0.00014834387,0.00018804062,0.36124972,0.21022727,1,95,151,0.75757575,0.0,-0.054436337,5.640964,0.24242425
603239.SH,21.931288,21.931288,0.00019416133,0.00018804062,0.400833,0.2172549,1,5,286,0.8039216,0.0,-1.6725528,14.4712,0.19607843
603248.SH,11.9928255,11.9928255,0.00011779824,0.00018804062,0.38916636,0.24777183,1,95,151,0.9411765,0.0,0.8329794,0.043090932,0.05882353
603255.SH,16.13902,16.13902,0.00015935826,0.00018804062,0.3674997,0.1021021,1,69,305,0.5675676,0.0,-0.5945162,3.4848459,0.43243244
603256.SH,41.132656,41.132656,0.00030889097,0.00018804062,0.40166634,0.26045197,1,93,192,0.9166667,0.0,-1.9530517,8.801451,0.083333336
603257.SH,11.208092,11.208092,0.00012263774,0.00018804062,0.35791638,0.19507575,1,7,111,0.75757575,0.0,-0.9057061,5.069006,0.24242425
603258.SH,32.518547,32.518547,0.00025472543,0.00018804062,0.39666635,0.2693989,1,14,83,0.8032787,0.0,-1.6556623,-10.423604,0.19672132
603259.SH,155.99907,155.99907,0.0012410484,0.00018804062,0.5091663,0.068237364,1,30,30,0.9676617,0.0,-1.1847389,14.211434,0.03233831
603260.SH,19.202217,19.202217,0.00016732415,0.00018804062,0.39416638,0.27906978,1,80,208,0.5681818,0.0,-1.1987773,-20.586317,0.4318182
603262.SH,13.001892,13.001892,0.00012676477,0.00018804062,0.39499968,0.2874494,1,26,39,0.7692308,0.0,-0.80560017,13.114268,0.23076923
603266.SH,15.311499,15.311499,0.00015235618,0.00018804062,0.39499968,0.15238096,1,69,305,0.6388889,0.0,-1.8824639,4.5233455,0.3611111
603267.SH,11.139121,11.139121,0.00012191563,0.00018804062,0.38416636,0.16666667,1,95,151,0.8181818,0.0,-2.4221668,3.9572115,0.18181819
603269.SH,18.927786,18.927786,0.00018634036,0.00018804062,0.37833303,0.092460886,1,21,149,0.94736844,0.0,-0.9143185,4.0246005,0.05263158
603270.SH,14.694077,14.694077,0.0001494196,0.00018804062,0.37166637,0.09388336,1,1,211,0.94736844,0.0,-1.4902315,5.505525,0.05263158
603271.SH,17.335056,17.335056,0.00016522409,0.00018804062,0.39666635,0.17547569,1,80,208,0.6363636,0.0,-0.89642507,11.033123,0.36363637
603272.SH,17.451387,17.451387,0.00016461844,0.00018804062,0.3674997,0.2792793,1,93,192,0.24324325,0.0,-0.92901087,2.0781503,0.7567568
603273.SH,12.872943,12.872943,0.00013026466,0.00018804062,0.3637497,0.16287878,1,5,286,0.72727275,0.0,-1.5849909,5.038973,0.27272728
603275.SH,10.440111,10.440111,0.00011614778,0.00018804062,0.35499972,0.29590017,1,80,208,0.85294116,0.0,-1.8117031,4.753435,0.14705883
603276.SH,15.406768,15.406768,0.00015455874,0.00018804062,0.37333304,0.13124274,1,21,149,0.7619048,0.0,-0.4240524,4.6377525,0.23809524
603277.SH,11.276335,11.276335,0.0001232851,0.00018804062,0.35374972,0.14838709,1,13,40,0.87096775,0.0,-1.0562742,5.113006,0.12903225
603278.SH,15.034087,15.034087,0.00014090112,0.00018804062,0.40916634,0.18536586,1,24,84,0.7804878,0.0,-0.047795106,-2.0350142,0.2195122
603279.SH,11.767428,11.767428,0.00012673286,0.00018804062,0.3699997,0.16470589,1,87,102,0.9142857,0.0,-1.4128087,6.6190968,0.08571429
603280.SH,18.533508,18.533508,0.00018567556,0.00018804062,0.35916638,0.20476191,1,27,217,0.22222222,0.0,-1.354961,5.988144,0.7777778
603281.SH,20.590206,20.590206,0.0001892485,0.00018804062,0.35458305,0.22072072,1,93,192,0.35135135,0.0,-1.6768054,3.3822868,0.6486486
603282.SH,8.466179,8.466179,9.854676e-05,0.00018804062,0.37291637,0.24827586,1,19,162,0.93333334,0.0,-1.7220967,-0.57616276,0.06666667
603283.SH,17.891912,17.891912,0.0001758582,0.00018804062,0.3924997,0.22222222,1,27,217,0.5869565,0.0,-1.1791196,10.417799,0.41304347
603284.SH,15.700372,15.700372,0.00014401878,0.00018804062,0.38916636,0.3015873,1,33,251,0.6666667,0.0,-1.886986,11.012425,0.33333334
603285.SH,19.77845,19.77845,0.00017835034,0.00018804062,0.38416636,0.19981499,1,40,114,0.70212764,0.0,-1.0982873,8.9213,0.29787233
603286.SH,18.134138,18.134138,0.00015707996,0.00018804062,0.40166634,0.19387755,1,95,151,0.877551,0.0,-1.1587123,-18.831009,0.12244898
603288.SH,23.719387,23.719387,0.00019992825,0.00018804062,0.40249968,0.2155102,1,12,252,0.5,0.0,-1.0090901,9.958126,0.5
603289.SH,16.411322,16.411322,0.00016530487,0.00018804062,0.37416637,0.07394958,1,1,211,0.82857144,0.0,-1.6461945,4.317586,0.17142858
603290.SH,14.473745,14.473745,0.00014449887,0.00018804062,0.38333303,0.17234848,1,95,151,0.8484849,0.0,-2.3105242,3.7100325,0.15151516
603291.SH,15.412824,15.412824,0.00014465474,0.00018804062,0.36208305,0.13781513,1,61,124,0.5714286,0.0,-1.3235315,2.5314293,0.42857143
603293.SH,26.925793,26.925793,0.0002381828,0.00018804062,0.39333302,0.20387174,1,59,157,0.87931037,0.0,0.8732604,4.8118067,0.12068965
603296.SH,19.499744,19.499744,0.00018418761,0.00018804062,0.38416636,0.10336818,1,22,208,0.8333333,0.0,-1.2355715,5.2258873,0.16666667
603297.SH,18.643482,18.643482,0.00017581096,0.00018804062,0.40041634,0.11932773,1,1,211,0.74285716,0.0,-1.5443258,6.5252523,0.25714287
603298.SH,19.765013,19.765013,0.00017948593,0.00018804062,0.39999968,0.19592199,1,12,252,0.6458333,0.0,-1.0592437,14.933037,0.35416666
603299.SH,7.351815,7.351815,8.5156935e-05,0.00018804062,0.38833302,0.36134455,1,33,251,0.94285715,0.0,-0.58818287,15.363426,0.057142857
603300.SH,13.894146,13.894146,0.00014719756,0.00018804062,0.36166638,0.13257575,1,96,56,0.8787879,0.0,-1.6705182,8.2675295,0.121212125
603301.SH,16.232674,16.232674,0.00016199726,0.00018804062,0.36916637,0.10873441,1,27,217,0.5,0.0,-1.0498381,5.392945,0.5
603303.SH,18.261616,18.261616,0.00017375975,0.00018804062,0.36416638,0.11664296,1,93,192,0.68421054,0.0,-1.3419553,1.2914499,0.31578946
603305.SH,12.879032,12.879032,0.00013719518,0.00018804062,0.36291638,0.18618618,1,21,149,0.7837838,0.0,-1.6323406,6.200953,0.21621622
603306.SH,13.801084,13.801084,0.0001340158,0.00018804062,0.39416635,0.18076923,1,51,81,0.8,0.0,-2.56719,8.351871,0.2
603307.SH,12.408052,12.408052,0.00013000815,0.00018804062,0.37583303,0.11827957,1,19,162,0.7741935,0.0,-1.200829,7.2245283,0.22580644
603308.SH,12.584319,12.584319,0.00012342469,0.00018804062,0.38833302,0.18717949,1,87,102,0.925,0.0,-1.99033,8.658556,0.075
603309.SH,14.371361,14.371361,0.0001452416,0.00018804062,0.35583305,0.08387097,1,93,192,0.8064516,0.0,-0.7138967,6.441955,0.19354838
603310.SH,12.42619,12.42619,0.00013358702,0.00018804062,0.35083306,0.07526882,1,91,229,0.87096775,0.0,-1.208442,3.431761,0.12903225
603311.SH,14.875353,14.875353,0.00014865675,0.00018804062,0.36916637,0.15864527,1,80,208,0.64705884,0.0,-0.9963206,5.8064556,0.3529412
603312.SH,15.1385765,15.1385765,0.00014467305,0.00018804062,0.38583302,0.20769231,1,90,27,0.675,0.0,-0.5410325,13.362195,0.325
603313.SH,14.630295,14.630295,0.00015069012,0.00018804062,0.35874972,0.15686275,1,27,217,0.44117647,0.0,-1.1445765,5.4984407,0.5588235
603315.SH,13.293649,13.293649,0.00014034554,0.00018804062,0.3874997,0.10967742,1,19,162,0.7741935,0.0,-1.8241905,1.3702621,0.22580644
603316.SH,23.392046,23.392046,0.00018159847,0.00018804062,0.398333,0.31443995,1,22,208,0.5641026,0.0,-2.1755438,-24.607525,0.43589744
603317.SH,13.641576,13.641576,0.00012908933,0.00018804062,0.38416636,0.47058824,1,51,81,0.9411765,0.0,-0.52502054,18.06996,0.05882353
603318.SH,13.692821,13.692821,0.00014107848,0.00018804062,0.38666636,0.20855615,1,80,208,0.7647059,0.0,-0.22450294,-0.8952213,0.23529412
603319.SH,17.70555,17.70555,0.00017270808,0.00018804062,0.37958303,0.17813765,1,74,159,0.6923077,0.0,-1.4806,3.3221724,0.30769232
603320.SH,15.665083,15.665083,0.00015889689,0.00018804062,0.3649997,0.25075075,1,57,68,0.7297297,0.0,-1.7391514,4.835697,0.27027026
603321.SH,9.2290125,9.2290125,0.00010602488,0.00018804062,0.3624997,0.13103448,1,5,286,0.93333334,0.0,-1.3505766,4.938742,0.06666667
603322.SH,21.52552,21.52552,0.00018486296,0.00018804062,0.38416636,0.2705314,1,26,39,0.6956522,0.0,-0.7097848,13.279635,0.3043478
603323.SH,27.119213,27.119213,0.00024104693,0.00018804062,0.36124972,0.46879536,1,59,157,0.9811321,0.0,0.62958866,8.002831,0.018867925
603324.SH,15.01517,15.01517,0.00014987162,0.00018804062,0.39083302,0.17468806,1,22,208,0.7352941,0.0,-1.6358147,3.381964,0.2647059
603325.SH,19.815414,19.815414,0.0001826602,0.00018804062,0.39333302,0.1649245,1,77,117,0.5714286,0.0,-0.57322854,5.09678,0.42857143
603326.SH,16.17324,16.17324,0.00015019524,0.00018804062,0.3874997,0.27073172,1,77,117,0.70731705,0.0,-0.079107374,12.257069,0.29268292
603327.SH,14.661429,14.661429,0.00014879923,0.00018804062,0.37083304,0.13813815,1,5,286,0.8378378,0.0,-1.2415109,5.5516863,0.16216215
603328.SH,16.163544,16.163544,0.00015415864,0.00018804062,0.39166635,0.16477273,1,80,208,0.36363637,0.0,-1.6228757,6.724508,0.6363636
603329.SH,9.249724,9.249724,0.00010705506,0.00018804062,0.35624972,0.24798387,1,93,192,0.90625,0.0,-1.3773,3.8240438,0.09375
603330.SH,15.523715,15.523715,0.00016102295,0.00018804062,0.37208304,0.17478992,1,5,286,0.7714286,0.0,-2.0579114,2.8031628,0.22857143
603331.SH,15.3161545,15.3161545,0.00015560816,0.00018804062,0.36708304,0.21587302,1,95,151,0.5833333,0.0,-1.1259695,5.866969,0.41666666
603332.SH,15.538962,15.538962,0.00015433879,0.00018804062,0.38416636,0.16500711,1,27,217,0.6315789,0.0,-1.73235,6.1063952,0.36842105
603333.SH,8.8711405,8.8711405,9.516076e-05,0.00018804062,0.403333,0.1981982,1,95,151,0.9189189,0.0,-1.0377163,-10.289175,0.08108108
603334.SH,14.423122,14.423122,0.00014560208,0.00018804062,0.38166636,0.15864527,1,80,208,0.47058824,0.0,-1.3493853,10.079489,0.5294118
603335.SH,18.166128,18.166128,0.00016772473,0.00018804062,0.37916636,0.13205129,1,69,305,0.525,0.0,-0.9165001,6.011774,0.475
603336.SH,15.352283,15.352283,0.00012372565,0.00018804062,0.3749997,0.36742425,1,1,211,0.90909094,0.0,-0.09376364,1.5843517,0.09090909
603337.SH,21.304857,21.304857,0.00018366791,0.00018804062,0.40166634,0.2857143,1,22,208,0.76,0.0,-1.25171,13.676652,0.24
603338.SH,19.529013,19.529013,0.00017429354,0.00018804062,0.40416634,0.28102836,1,51,81,0.6041667,0.0,-1.2473834,14.875214,0.39583334
603339.SH,18.10612,18.10612,0.00017886524,0.00018804062,0.3566664,0.13725491,1,7,111,0.64705884,0.0,-1.4248558,4.572997,0.3529412
603341.SH,11.005712,11.005712,0.00011981587,0.00018804062,0.37333304,0.22672065,1,7,111,0.9230769,0.0,-2.2891307,0.3133059,0.07692308
603344.SH,17.606316,17.606316,0.00017134196,0.00018804062,0.3687497,0.16470589,1,61,124,0.8,0.0,-2.0872002,6.77409,0.2
603345.SH,12.31177,12.31177,0.00012663657,0.00018804062,0.38666636,0.26742533,1,7,111,0.7894737,0.0,-1.1584605,13.960541,0.21052632
603348.SH,9.03681,9.03681,9.387566e-05,0.00018804062,0.37333304,0.27453768,1,7,111,0.94736844,0.0,-1.6036423,3.6774628,0.05263158
603350.SH,9.84681,9.84681,0.00011430945,0.00018804062,0.36666638,0.4229885,1,95,151,0.96666664,0.0,-1.3906802,6.872588,0.033333335
603351.SH,12.513967,12.513967,0.00012757693,0.00018804062,0.37583303,0.15120968,1,61,124,0.8125,0.0,-1.1678188,5.167033,0.1875
603352.SH,12.208659,12.208659,0.00013230837,0.00018804062,0.3649997,0.16366367,1,33,251,0.8918919,0.0,-1.9390403,6.848979,0.10810811
603353.SH,22.056866,22.056866,0.0001736183,0.00018804062,0.3674997,0.2777778,1,1,211,0.9722222,0.0,-1.0276666,0.84279215,0.027777778
603355.SH,11.319841,11.319841,0.00012296514,0.00018804062,0.38583302,0.16129032,1,5,286,0.67741936,0.0,0.02447096,11.766875,0.32258064
603356.SH,20.230026,20.230026,0.00016413938,0.00018804062,0.39666635,0.31764707,1,69,305,0.85714287,0.0,-0.8946486,-28.760387,0.14285715
603357.SH,12.187037,12.187037,0.00012374678,0.00018804062,0.39166635,0.16025642,1,12,252,0.8,0.0,-0.6041525,7.746665,0.2
603358.SH,14.264259,14.264259,0.00014687538,0.00018804062,0.3749997,0.17460318,1,7,111,0.7777778,0.0,-1.7514389,7.004217,0.22222222
603359.SH,12.405007,12.405007,0.00011382845,0.00018804062,0.39416635,0.37849462,1,61,124,0.7096774,0.0,-1.9009452,-22.6886,0.29032257
603360.SH,19.248146,19.248146,0.00018313092,0.00018804062,0.38583302,0.12896407,1,1,211,0.59090906,0.0,-1.8337251,6.8191905,0.4090909
603363.SH,13.856543,13.856543,0.0001406174,0.00018804062,0.3529164,0.20677362,1,77,117,0.47058824,0.0,-0.6420736,1.5621824,0.5294118
603365.SH,18.228981,18.228981,0.00016877113,0.00018804062,0.3824997,0.25882354,1,93,192,0.4,0.0,-1.2204227,6.5338984,0.6
603366.SH,9.928903,9.928903,0.00010989986,0.00018804062,0.37666637,0.21149425,1,19,162,0.7,0.0,-1.3503034,-8.747182,0.3
603367.SH,15.470615,15.470615,0.00015425963,0.00018804062,0.39083302,0.1904762,1,87,102,0.6666667,0.0,-1.3158804,8.139925,0.33333334
603368.SH,14.602766,14.602766,0.00015060764,0.00018804062,0.3624997,0.23361345,1,69,305,0.62857145,0.0,-0.6616628,3.1174417,0.37142858
603369.SH,20.771523,20.771523,0.00017939831,0.00018804062,0.38833302,0.3089431,1,59,157,0.85714287,0.0,-0.28158098,13.241866,0.14285715
603370.SH,13.692266,13.692266,0.00013835773,0.00018804062,0.398333,0.26707318,1,33,251,0.68292683,0.0,-0.6716903,16.13841,0.31707317
603373.SH,9.828695,9.828695,0.00010885464,0.00018804062,0.37583303,0.18709677,1,22,208,0.6451613,0.0,-0.81736135,8.079598,0.3548387
603375.SH,14.042526,14.042526,0.00014628824,0.00018804062,0.37666637,0.11764706,1,5,286,0.7058824,0.0,-0.8050442,3.134879,0.29411766
603376.SH,14.3073435,14.3073435,0.00014567166,0.00018804062,0.3824997,0.17267267,1,21,149,0.8918919,0.0,-1.1138757,14.664058,0.10810811
603378.SH,34.286736,34.286736,0.00025888867,0.00018804062,0.40916637,0.211655,1,83,1,1.0,0.0,-1.5190563,-14.611039,0.0
603379.SH,36.829998,36.829998,0.00031274016,0.00018804062,0.43416634,0.15312947,1,21,149,0.95652175,0.0,-0.77152824,11.609585,0.04347826
603380.SH,15.302459,15.302459,0.00014853576,0.00018804062,0.39083302,0.21022068,1,102,50,0.78571427,0.0,-1.5749834,14.896672,0.21428572
603381.SH,13.647055,13.647055,0.0001239907,0.00018804062,0.39499968,0.35585585,1,94,65,0.8918919,0.0,-0.85080004,-26.64846,0.10810811
603382.SH,13.31111,13.31111,0.00013737429,0.00018804062,0.37416637,0.17468806,1,22,208,0.8235294,0.0,-1.3070234,4.5689754,0.1764706
603383.SH,14.896525,14.896525,0.00014675794,0.00018804062,0.37833303,0.1657754,1,43,94,0.7647059,0.0,-0.924597,5.5374665,0.23529412
603385.SH,11.077671,11.077671,0.00011880445,0.00018804062,0.3674997,0.08735632,1,74,159,0.8,0.0,-1.6866966,1.9682866,0.2
603386.SH,8.953538,8.953538,0.00010243512,0.00018804062,0.3637497,0.2159091,1,21,149,0.969697,0.0,-1.6282455,5.985335,0.030303031
603387.SH,16.878,16.878,0.00016304746,0.00018804062,0.37583303,0.125,1,59,157,0.90909094,0.0,-1.2024424,7.999138,0.09090909
603390.SH,17.636696,17.636696,0.00017271862,0.00018804062,0.35916638,0.1462185,1,40,114,0.4,0.0,-1.5783371,4.9254026,0.6
603391.SH,18.36552,18.36552,0.00017323336,0.00018804062,0.3899997,0.13445379,1,33,251,0.85714287,0.0,-0.7587829,7.0681853,0.14285715
603392.SH,15.230349,15.230349,0.00013093643,0.00018804062,0.38416636,0.4064516,1,43,94,0.87096775,0.0,-1.5705452,-17.457705,0.12903225
603393.SH,11.797259,11.797259,0.00012698743,0.00018804062,0.36333305,0.32258064,1,17,17,0.8125,0.0,0.91569996,8.033188,0.1875
603395.SH,13.819377,13.819377,0.00013902351,0.00018804062,0.3774997,0.15508021,1,96,56,0.88235295,0.0,-0.14212646,5.2802825,0.11764706
603396.SH,13.463252,13.463252,0.00013584398,0.00018804062,0.38583302,0.16781609,1,1,211,0.6,0.0,-2.04688,1.1259085,0.4
603399.SH,16.60363,16.60363,0.00014181649,0.00018804062,0.39749968,0.27564102,1,43,94,0.725,0.0,-1.3758225,-23.280727,0.275
603400.SH,9.035398,9.035398,0.00010297633,0.00018804062,0.36166638,0.1210084,1,69,305,0.9142857,0.0,-1.4618744,2.6915162,0.08571429
603402.SH,56.068634,56.068634,0.00044462847,0.00018804062,0.42749968,0.19775112,1,33,251,0.86206895,0.0,-1.5307752,12.516651,0.13793103
603406.SH,15.782348,15.782348,0.00014836805,0.00018804062,0.39749968,0.20897436,1,61,124,0.65,0.0,-1.888355,13.204386,0.35
603408.SH,17.146023,17.146023,0.00016776119,0.00018804062,0.35083306,0.20766129,1,51,81,0.3125,0.0,-0.7554313,2.7279248,0.6875
603409.SH,13.188728,13.188728,0.00012931396,0.00018804062,0.39583302,0.31428573,1,89,72,0.82857144,0.0,-1.18204,16.974117,0.17142858
603416.SH,15.439117,15.439117,0.00015018141,0.00018804062,0.3849997,0.19073084,1,12,252,0.7058824,0.0,-0.97948533,9.381308,0.29411766
603418.SH,19.812635,19.812635,0.00018425101,0.00018804062,0.3749997,0.21321322,1,7,111,0.4864865,0.0,-1.5100647,5.099061,0.5135135
603421.SH,26.461098,26.461098,0.00020003301,0.00018804062,0.39333302,0.36349207,1,7,111,0.8888889,0.0,-2.2152889,-26.03476,0.11111111
603439.SH,17.758554,17.758554,0.00016616093,0.00018804062,0.38083303,0.11764706,1,69,305,0.45714286,0.0,-0.98181427,5.750845,0.54285717
603444.SH,263.88266,263.88266,0.002038532,0.00018804062,0.5274996,0.050452095,1,24,84,0.9574468,0.0,-1.1509767,12.543326,0.04255319
603456.SH,20.475552,20.475552,0.00019366649,0.00018804062,0.38583305,0.109311745,1,52,65,0.6666667,0.0,-1.1559538,6.336131,0.33333334
603458.SH,28.481638,28.481638,0.00022218941,0.00018804062,0.40249968,0.23896104,1,61,124,0.53571427,0.0,-1.5046017,-15.7899,0.4642857
603459.SH,98.393875,98.393875,0.000767015,0.00018804062,0.46416628,0.09961741,1,96,56,0.9902439,0.0,-1.0855956,11.057857,0.009756098
603466.SH,13.659486,13.659486,0.00013734917,0.00018804062,0.37166637,0.14583333,1,95,151,0.8787879,0.0,1.4325727,3.3758514,0.121212125
603477.SH,20.254593,20.254593,0.000194565,0.00018804062,0.3566664,0.25825825,1,95,151,0.5135135,0.0,-0.17920266,4.933173,0.4864865
603486.SH,15.2973995,15.2973995,0.00014266484,0.00018804062,0.39416635,0.32658568,1,5,286,0.84615386,0.0,0.27133077,17.043943,0.15384616
603488.SH,20.98534,20.98534,0.00017830556,0.00018804062,0.39333302,0.24418604,1,40,114,0.65909094,0.0,-1.2648114,-15.720004,0.3409091
603489.SH,12.007283,12.007283,0.00012687828,0.00018804062,0.3866664,0.3697479,1,69,305,0.74285716,0.0,-1.4835972,5.2975984,0.25714287
603496.SH,16.865223,16.865223,0.00014907874,0.00018804062,0.38916638,0.2798574,1,95,151,0.88235295,0.0,-0.40891767,-0.406337,0.11764706
603499.SH,20.249136,20.249136,0.00019359346,0.00018804062,0.38166636,0.14169571,1,61,124,0.7619048,0.0,-1.5267476,7.961193,0.23809524
603500.SH,18.156849,18.156849,0.00017642033,0.00018804062,0.39999968,0.14839424,1,33,251,0.4651163,0.0,-1.2089931,5.641907,0.53488374
603501.SH,17.715412,17.715412,0.00016587511,0.00018804062,0.39583302,0.13508065,1,69,305,0.65625,0.0,-1.323097,6.661647,0.34375
603505.SH,15.047656,15.047656,0.00014819672,0.00018804062,0.3749997,0.20499109,1,14,83,0.8235294,0.0,-1.6585823,12.80187,0.1764706
603506.SH,12.276034,12.276034,0.00012689819,0.00018804062,0.38166636,0.20645161,1,60,1,1.0,0.0,-0.94476765,8.548933,0.0
603507.SH,14.664269,14.664269,0.00014704418,0.00018804062,0.3774997,0.15329768,1,77,117,0.64705884,0.0,-0.4253265,1.389527,0.3529412
603508.SH,18.849089,18.849089,0.00016875911,0.00018804062,0.38416636,0.29445234,1,5,286,0.92105263,0.0,-1.021071,14.68445,0.078947365
603511.SH,17.677496,17.677496,0.00016962073,0.00018804062,0.35791638,0.12912913,1,33,251,0.4054054,0.0,-0.776246,3.2462509,0.5945946
603515.SH,16.267227,16.267227,0.0001580369,0.00018804062,0.39083305,0.16216215,1,19,162,0.8684211,0.0,-1.6199079,9.791089,0.13157895
603516.SH,179.65854,179.65854,0.0012258614,0.00018804062,0.46333298,0.09406426,1,96,56,0.9596774,0.0,-1.8487718,1.5684037,0.04032258
603518.SH,13.052334,13.052334,0.00013173754,0.00018804062,0.38333303,0.29615384,1,91,229,0.75,0.0,-0.71490246,12.243729,0.25
603519.SH,16.146067,16.146067,0.00015398583,0.00018804062,0.398333,0.1659919,1,21,149,0.6666667,0.0,-1.1915333,10.832712,0.33333334
603520.SH,15.099317,15.099317,0.00014939414,0.00018804062,0.35624972,0.13306452,1,51,81,0.71875,0.0,-1.068475,3.360625,0.28125
603527.SH,18.633991,18.633991,0.00017875293,0.00018804062,0.36458305,0.12539683,1,89,72,0.75,0.0,-1.5451361,6.3745275,0.25
603528.SH,9.243229,9.243229,9.324192e-05,0.00018804062,0.38166636,0.35115865,1,27,217,0.9117647,0.0,-1.7613823,-14.610117,0.0882353
603529.SH,17.446716,17.446716,0.00017101351,0.00018804062,0.36833304,0.14583333,1,80,208,0.33333334,0.0,-1.0010514,3.8883038,0.6666667
603530.SH,23.258821,23.258821,0.00019609815,0.00018804062,0.39999968,0.25897437,1,91,229,0.825,0.0,-1.1637424,17.278402,0.175
603533.SH,18.396822,18.396822,0.00015703094,0.00018804062,0.39916635,0.25101215,1,14,83,0.974359,0.0,-1.945141,-15.441135,0.025641026
603535.SH,9.818438,9.818438,0.000108304885,0.00018804062,0.35916638,0.12643678,1,69,305,0.93333334,0.0,-0.91151994,4.1461606,0.06666667
603536.SH,20.833584,20.833584,0.0001751377,0.00018804062,0.40166634,0.24468085,1,27,217,0.7083333,0.0,-0.8576312,-20.586214,0.29166666
603538.SH,28.639486,28.639486,0.00024187799,0.00018804062,0.398333,0.15480769,1,77,117,0.73846155,0.0,-0.13131852,5.7021275,0.26153848
603551.SH,20.301031,20.301031,0.00018478147,0.00018804062,0.38583302,0.2777778,1,77,117,0.3611111,0.0,-1.3862972,8.719952,0.6388889
603556.SH,18.36097,18.36097,0.00017340462,0.00018804062,0.35333306,0.25490198,1,15,191,0.3529412,0.0,-2.3509414,2.1915126,0.64705884
603558.SH,13.674683,13.674683,0.00014067661,0.00018804062,0.3554164,0.21401516,1,51,81,0.6969697,0.0,-0.9698848,5.240503,0.3030303
603565.SH,13.046079,13.046079,0.00013004176,0.00018804062,0.398333,0.2746032,1,69,305,0.8888889,0.0,-0.82859445,17.299788,0.11111111
603566.SH,16.722038,16.722038,0.00016539724,0.00018804062,0.3799997,0.2347084,1,27,217,0.47368422,0.0,-1.3332342,6.6924872,0.5263158
603567.SH,15.618605,15.618605,0.00013428209,0.00018804062,0.38833302,0.3419355,1,69,305,0.7419355,0.0,-1.7395291,-20.57742,0.2580645
603568.SH,18.077606,18.077606,0.00016000294,0.00018804062,0.39499968,0.25158563,1,22,208,0.6818182,0.0,-0.8582228,13.264145,0.3181818
603569.SH,14.828293,14.828293,0.00014776323,0.00018804062,0.38083303,0.13174604,1,7,111,0.7777778,0.0,-0.7872111,-11.266799,0.22222222
603577.SH,15.492204,15.492204,0.00015487292,0.00018804062,0.36958304,0.13903743,1,6,36,0.7647059,0.0,-0.9429264,3.719132,0.23529412
603578.SH,11.639658,11.639658,0.00011454267,0.00018804062,0.39249972,0.3198198,1,33,251,0.7567568,0.0,-1.5199217,-24.809446,0.24324325
603579.SH,15.404765,15.404765,0.00014630995,0.00018804062,0.37833303,0.21839081,1,22,208,0.2,0.0,-1.2703767,4.084327,0.8
603583.SH,17.259964,17.259964,0.00016552529,0.00018804062,0.36416638,0.22072072,1,7,111,0.5945946,0.0,-2.2732244,3.150473,0.4054054
603585.SH,11.197458,11.197458,0.00012437667,0.00018804062,0.3541664,0.29166666,1,95,151,0.90909094,0.0,-0.6944636,6.0494576,0.09090909
603586.SH,10.365204,10.365204,0.00011259227,0.00018804062,0.37416637,0.16666667,1,61,124,0.8648649,0.0,-1.2131431,6.4412947,0.13513513
603587.SH,16.598469,16.598469,0.000153627,0.00018804062,0.38666636,0.26132405,1,7,111,0.5952381,0.0,-1.391819,10.317468,0.4047619
603588.SH,18.771582,18.771582,0.00017851045,0.00018804062,0.36416638,0.10810811,1,22,208,0.7027027,0.0,-1.0066704,4.368576,0.2972973
603589.SH,16.048111,16.048111,0.00015303133,0.00018804062,0.37833303,0.21568628,1,22,208,0.5588235,0.0,-0.68009704,6.6482115,0.44117647
603590.SH,28.293438,28.293438,0.00025909438,0.00018804062,0.39416635,0.14793679,1,33,251,0.7794118,0.0,-2.1397805,2.772904,0.22058824
603596.SH,22.10869,22.10869,0.00020725353,0.00018804062,0.38083303,0.12684989,1,19,162,0.70454544,0.0,-0.8970136,7.3420925,0.29545453
603598.SH,21.113997,21.113997,0.00017081709,0.00018804062,0.403333,0.20483641,1,51,81,0.81578946,0.0,-1.9288605,-1.4492292,0.18421052
603599.SH,18.346384,18.346384,0.00017488263,0.00018804062,0.35624972,0.15769231,1,22,208,0.5,0.0,-1.2372825,4.6483316,0.5
603600.SH,12.433445,12.433445,0.00012904342,0.00018804062,0.36124972,0.18145162,1,22,208,0.78125,0.0,-1.6888657,4.254053,0.21875
603601.SH,16.363949,16.363949,0.00013455203,0.00018804062,0.3849997,0.3951613,1,6,36,0.875,0.0,-0.006821826,2.8612342,0.125
603602.SH,11.908344,11.908344,0.00012317662,0.00018804062,0.36333305,0.19507575,1,7,111,0.57575756,0.0,-0.46469986,0.6844726,0.42424244
603605.SH,13.789581,13.789581,0.00013197104,0.00018804062,0.38583302,0.32605043,1,24,84,0.8,0.0,-0.6255371,12.599501,0.2
603606.SH,17.830477,17.830477,0.00016547783,0.00018804062,0.35499972,0.16532259,1,69,305,0.40625,0.0,-1.0456126,5.2312593,0.59375
603607.SH,19.700315,19.700315,0.00018086225,0.00018804062,0.35749972,0.13781513,1,69,305,0.4,0.0,-0.9959771,2.7337658,0.6
603608.SH,19.48833,19.48833,0.00018178204,0.00018804062,0.37166637,0.114285715,1,1,211,0.7777778,0.0,-1.6576113,0.8799259,0.22222222
603609.SH,16.07707,16.07707,0.00015425181,0.00018804062,0.36708304,0.18939394,1,22,208,0.4848485,0.0,-2.3156788,-2.0436025,0.5151515
603610.SH,8.200865,8.200865,0.00010040485,0.00018804062,0.3554164,0.19128788,1,61,124,0.90909094,0.0,-0.58962125,4.3511634,0.09090909
603611.SH,11.063295,11.063295,0.00012014134,0.00018804062,0.38083306,0.20362903,1,96,56,0.90625,0.0,-1.6999657,11.484194,0.09375
603612.SH,11.456832,11.456832,0.00012150123,0.00018804062,0.39499968,0.18390805,1,69,305,0.8333333,0.0,-0.88151,0.87749714,0.16666667
603613.SH,15.980995,15.980995,0.00015281413,0.00018804062,0.40499967,0.14285715,1,14,83,0.6571429,0.0,-1.1078857,4.3511643,0.34285715
603615.SH,27.079227,27.079227,0.00021483113,0.00018804062,0.38499972,0.1844898,1,1,211,0.7,0.0,-1.6793419,1.7809744,0.3
603616.SH,18.444124,18.444124,0.00017111129,0.00018804062,0.37166637,0.15686275,1,69,305,0.5294118,0.0,-0.97352356,0.5623512,0.47058824
603617.SH,20.511475,20.511475,0.00018990903,0.00018804062,0.36958304,0.13363363,1,93,192,0.7837838,0.0,-1.7797756,3.768467,0.21621622
603618.SH,14.404872,14.404872,0.0001319202,0.00018804062,0.39499968,0.20512821,1,15,191,0.8974359,0.0,0.2626436,-4.7765512,0.102564104
603619.SH,12.88575,12.88575,0.0001261093,0.00018804062,0.38916636,0.18371212,1,23,94,0.93939394,0.0,-1.4627331,14.335753,0.060606062
603626.SH,19.558577,19.558577,0.00017271467,0.00018804062,0.3924997,0.18393235,1,93,192,0.5,0.0,-1.4308956,11.050712,0.5
603628.SH,9.777692,9.777692,0.000108451815,0.00018804062,0.36041638,0.1908046,1,12,252,0.8,0.0,-1.2728233,-1.5184168,0.2
603629.SH,20.706818,20.706818,0.0001766554,0.00018804062,0.41416633,0.16425121,1,43,94,0.6956522,0.0,-2.0048783,5.3005157,0.3043478
603630.SH,15.585922,15.585922,0.00015773575,0.00018804062,0.36166638,0.17045455,1,27,217,0.45454547,0.0,-0.44182724,-0.014384839,0.54545456
603633.SH,10.109207,10.109207,0.00011028312,0.00018804062,0.3799997,0.19318181,1,93,192,0.8484849,0.0,-1.2990364,2.3795793,0.15151516
603636.SH,15.969748,15.969748,0.00014344628,0.00018804062,0.39166635,0.2916074,1,69,305,0.92105263,0.0,-1.0657736,-24.561878,0.078947365
603637.SH,12.245985,12.245985,0.00012809428,0.00018804062,0.39083302,0.1733871,1,27,217,0.65625,0.0,-1.6484938,7.717826,0.34375
603638.SH,16.765585,16.765585,0.00016295498,0.00018804062,0.3541664,0.17943548,1,23,94,0.65625,0.0,-2.2207875,4.6323185,0.34375
603639.SH,15.678345,15.678345,0.0001594431,0.00018804062,0.36916637,0.1695122,1,22,208,0.80487806,0.0,-1.158361,1.7914007,0.19512194
603648.SH,13.172517,13.172517,0.00013773973,0.00018804062,0.35624972,0.12698413,1,59,157,0.8055556,0.0,-1.6951112,3.1930144,0.19444445
603650.SH,11.63331,11.63331,0.0001225282,0.00018804062,0.36333305,0.16344085,1,23,94,0.87096775,0.0,-1.5650065,7.6218,0.12903225
603655.SH,14.115146,14.115146,0.00013947321,0.00018804062,0.39583302,0.16707318,1,29,12,0.85365856,0.0,-1.8913512,11.690868,0.14634146
603656.SH,17.645866,17.645866,0.00017626313,0.00018804062,0.36166638,0.11904762,1,15,191,0.6944444,0.0,-1.0007945,4.469017,0.30555555
603657.SH,15.676817,15.676817,0.0001514701,0.00018804062,0.39416635,0.15789473,1,59,157,0.5,0.0,-1.3771921,-7.509148,0.5
603658.SH,19.428537,19.428537,0.0001788614,0.00018804062,0.37416637,0.12903225,1,93,192,0.6875,0.0,-1.7891376,3.9753144,0.3125
603659.SH,11.566888,11.566888,0.00012296945,0.00018804062,0.37708303,0.19318181,1,15,191,0.72727275,0.0,-2.3541062,3.1065094,0.27272728
603660.SH,47.803146,47.803146,0.00034548526,0.00018804062,0.413333,0.20842105,1,87,102,0.69736844,0.0,-1.9438143,-16.288162,0.3026316
603661.SH,12.164929,12.164929,0.00013199105,0.00018804062,0.35791638,0.17634408,1,27,217,0.8064516,0.0,-0.94529027,5.798883,0.19354838
603662.SH,12.147497,12.147497,0.00012009451,0.00018804062,0.38833302,0.31182796,1,40,114,0.516129,0.0,-0.64148396,14.523915,0.48387095
603663.SH,12.967826,12.967826,0.00011945888,0.00018804062,0.39666635,0.25675675,1,19,162,0.972973,0.0,-1.2806838,8.596648,0.027027028
603665.SH,7.4376373,7.4376373,8.873061e-05,0.00018804062,0.3624997,0.20967741,1,95,151,0.96875,0.0,-1.0373406,10.9481945,0.03125
603666.SH,11.82936,11.82936,0.000119898126,0.00018804062,0.3924997,0.31439394,1,33,251,0.75757575,0.0,-2.4288578,-16.154497,0.24242425
603667.SH,16.204443,16.204443,0.00015197934,0.00018804062,0.39333302,0.13356562,1,95,151,0.8095238,0.0,-0.66282135,3.4860146,0.1904762
603668.SH,6.703351,6.703351,7.582148e-05,0.00018804062,0.36833304,0.35887095,1,69,305,0.9375,0.0,-0.8756875,1.8712499,0.0625
603669.SH,14.830178,14.830178,0.00013337056,0.00018804062,0.39666635,0.31907308,1,61,124,0.7941176,0.0,-1.8634794,-18.6126,0.20588236
603676.SH,17.596699,17.596699,0.00015374336,0.00018804062,0.38333303,0.4117647,1,95,151,0.85294116,0.0,-1.0009295,15.873537,0.14705883
603677.SH,10.062648,10.062648,0.000112153786,0.00018804062,0.37083304,0.23529412,1,12,252,0.88235295,0.0,-1.0238676,5.056141,0.11764706
603678.SH,13.701204,13.701204,0.00013445457,0.00018804062,0.36833304,0.10873441,1,22,208,0.5588235,0.0,-1.8391764,2.4882526,0.44117647
603679.SH,16.651001,16.651001,0.00014869752,0.00018804062,0.39666635,0.24506389,1,69,305,0.78571427,0.0,-1.7499477,-20.842155,0.21428572
603680.SH,10.680145,10.680145,0.00011112719,0.00018804062,0.3824997,0.27327326,1,5,286,0.8918919,0.0,-1.1588863,10.847647,0.10810811
603681.SH,21.415861,21.415861,0.00019410904,0.00018804062,0.37666637,0.17468806,1,22,208,0.44117647,0.0,-1.3802706,4.682367,0.5588235
603682.SH,23.158371,23.158371,0.00019803521,0.00018804062,0.40166634,0.2047138,1,95,151,0.8181818,0.0,-0.74424905,-17.048546,0.18181819
603683.SH,17.340536,17.340536,0.00016471595,0.00018804062,0.38583305,0.07956989,1,1,211,0.48387095,0.0,-1.4062806,2.951951,0.516129
603685.SH,10.443794,10.443794,0.00010256187,0.00018804062,0.36666638,0.29924244,1,61,124,0.8787879,0.0,-1.0910909,1.7431545,0.121212125
603686.SH,10.689658,10.689658,0.00011592512,0.00018804062,0.36583304,0.14408602,1,19,162,0.9032258,0.0,-1.2440937,-3.0192122,0.09677419
603687.SH,19.280052,19.280052,0.00018103102,0.00018804062,0.37833303,0.19703978,1,7,111,0.5106383,0.0,-1.0634127,4.4325366,0.4893617
603688.SH,9.980828,9.980828,0.00010421243,0.00018804062,0.38333303,0.2321839,1,12,252,0.8333333,0.0,-1.8992168,0.1851898,0.16666667
603689.SH,11.837164,11.837164,0.00012771915,0.00018804062,0.36416638,0.3092437,1,40,114,0.7714286,0.0,1.0237542,5.4090385,0.22857143
603690.SH,12.052555,12.052555,0.00012407264,0.00018804062,0.36833304,0.1724138,1,61,124,0.6666667,0.0,-1.71081,7.3324385,0.33333334
603693.SH,20.198053,20.198053,0.00019017029,0.00018804062,0.37083304,0.16516517,1,40,114,0.5135135,0.0,0.70127577,4.694588,0.4864865
603696.SH,18.08847,18.08847,0.00017404738,0.00018804062,0.35083306,0.15126051,1,12,252,0.25714287,0.0,-1.0684686,2.0885742,0.74285716
603697.SH,10.772292,10.772292,0.0001110616,0.00018804062,0.3874997,0.38991597,1,22,208,0.94285715,0.0,-1.0905972,17.335901,0.057142857
603698.SH,13.241736,13.241736,0.0001346561,0.00018804062,0.38916636,0.14789917,1,93,192,0.8,0.0,-1.336577,9.094817,0.2
603699.SH,64.63938,64.63938,0.0005311235,0.00018804062,0.45166633,0.10784728,1,22,208,0.9053255,0.0,-1.2530681,16.365028,0.09467456
603700.SH,19.763206,19.763206,0.00018369521,0.00018804062,0.38416636,0.08095238,1,14,83,1.0,0.0,-1.4890279,2.557841,0.0
603701.SH,26.7159,26.7159,0.00021261141,0.00018804062,0.40666634,0.18116882,1,61,124,0.5535714,0.0,-1.2778947,1.8789607,0.44642857
603703.SH,10.171845,10.171845,0.00011045774,0.00018804062,0.37083304,0.21975806,1,27,217,0.75,0.0,-3.0364687,1.92079,0.25
603706.SH,13.556165,13.556165,0.00013524595,0.00018804062,0.3924997,0.31578946,1,69,305,0.81578946,0.0,-0.49207366,16.521225,0.18421052
603707.SH,14.874724,14.874724,0.00014379283,0.00018804062,0.39583302,0.14962122,1,33,251,0.6969697,0.0,-1.4112666,0.7806896,0.3030303
603708.SH,10.546528,10.546528,0.0001169245,0.00018804062,0.35499972,0.09274194,1,12,252,0.75,0.0,-0.85165,-0.4331404,0.25
603709.SH,20.472202,20.472202,0.00018392203,0.00018804062,0.3749997,0.17417417,1,5,286,0.3243243,0.0,-0.7572405,-0.65350175,0.6756757
603711.SH,17.312468,17.312468,0.00015842482,0.00018804062,0.3674997,0.28024194,1,102,50,0.4375,0.0,-0.54562503,-4.263029,0.5625
603712.SH,20.684036,20.684036,0.00017076923,0.00018804062,0.39583302,0.21816169,1,1,211,0.8604651,0.0,-1.2478303,-20.377728,0.13953489
603713.SH,14.25081,14.25081,0.00014351621,0.00018804062,0.37333304,0.08076923,1,12,252,0.6,0.0,-1.0474601,5.620947,0.4
603716.SH,20.302025,20.302025,0.00017929837,0.00018804062,0.40416634,0.22206096,1,1,211,0.6792453,0.0,-1.0443867,-13.934009,0.3207547
603717.SH,16.64833,16.64833,0.00016098913,0.00018804062,0.3824997,0.21763869,1,7,111,0.55263156,0.0,-1.3734316,0.8404641,0.4473684
603718.SH,18.754787,18.754787,0.00017684398,0.00018804062,0.36916637,0.22475107,1,7,111,0.34210527,0.0,-1.384605,2.9669824,0.65789473
603719.SH,20.333342,20.333342,0.00017680027,0.00018804062,0.3899997,0.21461609,1,22,208,0.4893617,0.0,-1.4146023,-12.4241295,0.5106383
603722.SH,18.918844,18.918844,0.00017486933,0.00018804062,0.38666636,0.14102565,1,61,124,0.85,0.0,-1.5360425,-2.2738895,0.15
603725.SH,8.620007,8.620007,0.00010175887,0.00018804062,0.35333306,0.14408602,1,59,157,1.0,0.0,-1.2714355,2.0390258,0.0
603726.SH,17.0266,17.0266,0.00016598818,0.00018804062,0.38166636,0.15714286,1,12,252,0.41666666,0.0,-1.8736445,4.7812443,0.5833333
603727.SH,16.336138,16.336138,0.00015152534,0.00018804062,0.39416635,0.21862349,1,12,252,0.7948718,0.0,-0.9467565,-12.203089,0.20512821
603728.SH,15.981137,15.981137,0.00015164299,0.00018804062,0.38833302,0.17948718,1,1,211,0.82051283,0.0,-1.269,3.3855476,0.17948718
603729.SH,26.8688,26.8688,0.00020744122,0.00018804062,0.408333,0.2632979,1,93,192,0.5416667,0.0,-0.7953312,-18.613237,0.45833334
603730.SH,22.442091,22.442091,0.0002085584,0.00018804062,0.37416637,0.13630229,1,14,83,0.7692308,0.0,-0.6579795,3.4525256,0.23076923
603733.SH,16.579044,16.579044,0.00016277729,0.00018804062,0.3649997,0.16733871,1,95,151,0.90625,0.0,-1.1004094,4.710519,0.09375
603737.SH,16.158947,16.158947,0.00014622294,0.00018804062,0.3824997,0.20673636,1,7,111,0.6666667,0.0,-1.6237166,14.13471,0.33333334
603738.SH,25.414953,25.414953,0.00021450131,0.00018804062,0.40499967,0.24579124,1,40,114,0.90909094,0.0,-1.0955654,0.52384263,0.09090909
603739.SH,15.512526,15.512526,0.00015453146,0.00018804062,0.35916638,0.18151261,1,15,191,0.71428573,0.0,-1.5769513,4.683054,0.2857143
603755.SH,14.643476,14.643476,0.00014225634,0.00018804062,0.39583302,0.26507938,1,6,36,0.75,0.0,-0.6607833,11.319868,0.25
603757.SH,20.766403,20.766403,0.00019722019,0.00018804062,0.3749997,0.1406423,1,33,251,0.37209302,0.0,-1.776272,2.6557665,0.627907
603758.SH,11.323871,11.323871,0.00012416054,0.00018804062,0.37041637,0.19146341,1,20,96,0.9268293,0.0,-1.4612194,5.352526,0.07317073
603759.SH,18.308687,18.308687,0.00018096565,0.00018804062,0.35624972,0.1423077,1,7,111,0.475,0.0,-1.359085,4.747905,0.525
603766.SH,19.94881,19.94881,0.0001824478,0.00018804062,0.3924997,0.1683278,1,40,114,0.627907,0.0,-1.370951,10.8377285,0.37209302
603767.SH,15.140589,15.140589,0.00015355027,0.00018804062,0.3724997,0.14761905,1,14,83,0.8611111,0.0,-1.7373917,5.6031637,0.1388889
603768.SH,12.837142,12.837142,0.00012493778,0.00018804062,0.39583302,0.23589744,1,52,65,0.825,0.0,-1.461845,-21.326788,0.175
603773.SH,21.15761,21.15761,0.0001689865,0.00018804062,0.405833,0.27564102,1,33,251,0.75,0.0,-2.1931274,-21.165854,0.25
603776.SH,17.007366,17.007366,0.00016131767,0.00018804062,0.3824997,0.16516517,1,40,114,0.4864865,0.0,-1.2464595,-2.8126915,0.5135135
603777.SH,12.649488,12.649488,0.00011618735,0.00018804062,0.39166635,0.3815126,1,93,192,0.9142857,0.0,-0.9952515,-29.037668,0.08571429
603778.SH,62.19843,62.19843,0.00043724876,0.00018804062,0.443333,0.18465273,1,22,208,0.875,0.0,-1.3240961,-10.609542,0.125
603779.SH,9.067477,9.067477,9.463314e-05,0.00018804062,0.38583302,0.33103448,1,69,305,0.8,0.0,-1.4126734,-20.342802,0.2
603786.SH,19.469366,19.469366,0.00017988018,0.00018804062,0.39083302,0.17996454,1,89,72,0.9375,0.0,-1.2987771,14.577258,0.0625
603787.SH,12.922225,12.922225,0.00012908268,0.00018804062,0.38833302,0.15862069,1,61,124,0.6666667,0.0,-0.3929266,5.44559,0.33333334
603788.SH,17.835571,17.835571,0.00016863194,0.00018804062,0.38666636,0.10128205,1,69,305,0.65,0.0,-1.4905275,7.8375955,0.35
603790.SH,18.525887,18.525887,0.00017409613,0.00018804062,0.36666638,0.09982175,1,5,286,0.9411765,0.0,-0.12214708,4.36474,0.05882353
603797.SH,12.675952,12.675952,0.0001333429,0.00018804062,0.35791638,0.11746032,1,23,94,0.9166667,0.0,-0.11781115,2.1180172,0.083333336
603798.SH,18.107533,18.107533,0.00017423352,0.00018804062,0.35583305,0.2789916,1,51,81,0.34285715,0.0,-0.9393886,3.564017,0.6571429
603799.SH,18.375849,18.375849,0.00017610671,0.00018804062,0.36791638,0.16098484,1,6,36,0.6666667,0.0,-2.0132303,3.288914,0.33333334
603800.SH,20.258812,20.258812,0.00018721563,0.00018804062,0.3674997,0.14634146,1,22,208,0.4878049,0.0,-1.2674562,6.071723,0.5121951
603801.SH,16.299456,16.299456,0.00016148498,0.00018804062,0.36124972,0.13513513,1,7,111,0.7567568,0.0,-0.9195945,0.18849736,0.24324325
603803.SH,19.810522,19.810522,0.00017038386,0.00018804062,0.3874997,0.2057057,1,61,124,0.4864865,0.0,-0.655127,-5.4065256,0.5135135
603806.SH,6.8432374,6.8432374,8.506054e-05,0.00018804062,0.35749972,0.21609196,1,22,208,0.93333334,0.0,-0.98222995,-3.7276535,0.06666667
603808.SH,18.646626,18.646626,0.0001791074,0.00018804062,0.38083303,0.25889048,1,43,94,0.6052632,0.0,-1.201763,6.81698,0.39473686
603809.SH,21.61233,21.61233,0.0002031269,0.00018804062,0.3749997,0.16373728,1,1,211,0.78723407,0.0,-1.7129639,4.4036527,0.21276596
603810.SH,20.31411,20.31411,0.0001964427,0.00018804062,0.3624997,0.1242741,1,89,72,0.78571427,0.0,-1.3281453,4.5821095,0.21428572
603811.SH,18.72624,18.72624,0.00016460368,0.00018804062,0.38833302,0.31923077,1,61,124,0.575,0.0,-1.1812575,12.108447,0.425
603815.SH,13.312282,13.312282,0.00013274107,0.00018804062,0.37583303,0.14126985,1,57,68,0.7777778,0.0,-0.88271964,5.8362875,0.22222222
603816.SH,18.484491,18.484491,0.00017312371,0.00018804062,0.400833,0.20833333,1,69,305,0.6938776,0.0,-0.75749177,14.517968,0.30612245
603817.SH,17.660917,17.660917,0.00018092123,0.00018804062,0.3637497,0.19269103,1,27,217,0.4651163,0.0,-0.45615813,4.8729877,0.53488374
603818.SH,20.228956,20.228956,0.00019191715,0.00018804062,0.34499973,0.3798799,1,15,191,0.27027026,0.0,-1.1570297,4.618935,0.7297297
603819.SH,12.793199,12.793199,0.0001390257,0.00018804062,0.35583305,0.30846775,1,80,208,0.71875,0.0,-1.907525,4.7590613,0.28125
603823.SH,20.30531,20.30531,0.00019550185,0.00018804062,0.35874972,0.28734,1,30,30,0.47368422,0.0,-0.80491316,5.5082626,0.5263158
603826.SH,18.039574,18.039574,0.0001744443,0.00018804062,0.38333303,0.26190478,1,2,80,0.2777778,0.0,-1.6231055,6.0473275,0.7222222
603829.SH,9.477495,9.477495,0.00010601346,0.00018804062,0.3554164,0.36551723,1,15,191,0.9,0.0,-0.8420699,2.0794742,0.1
603833.SH,8.956734,8.956734,0.00010034685,0.00018804062,0.37833303,0.28965518,1,69,305,0.8333333,0.0,-1.12372,8.220433,0.16666667
603836.SH,18.364851,18.364851,0.00017958318,0.00018804062,0.36124972,0.15555556,1,19,162,0.8333333,0.0,-1.5068667,3.618964,0.16666667
603839.SH,17.14703,17.14703,0.00016004052,0.00018804062,0.38333303,0.123809524,1,6,36,0.6388889,0.0,-1.6261804,3.1976423,0.3611111
603848.SH,18.020082,18.020082,0.00017279753,0.00018804062,0.38416636,0.16666667,1,87,102,0.4722222,0.0,-0.485575,4.8466177,0.5277778
603855.SH,16.530394,16.530394,0.00015745999,0.00018804062,0.38333306,0.20853658,1,12,252,0.6585366,0.0,-1.1958536,11.763402,0.34146342
603856.SH,13.2592535,13.2592535,0.00013682997,0.00018804062,0.38083303,0.12310606,1,93,192,0.8484849,0.0,-1.1185758,2.7462764,0.15151516
603858.SH,63.75607,63.75607,0.0004572823,0.00018804062,0.40583304,0.17531557,1,89,72,0.9354839,0.0,-1.4847527,1.7613903,0.06451613
603859.SH,14.138579,14.138579,0.00013532194,0.00018804062,0.39083302,0.22972973,1,22,208,0.8108108,0.0,-1.1059215,11.205773,0.1891892
603860.SH,13.704894,13.704894,0.00013761492,0.00018804062,0.3724997,0.18634424,1,69,305,0.7105263,0.0,-1.2661369,9.618667,0.28947368
603861.SH,13.267764,13.267764,0.00014008135,0.00018804062,0.36083305,0.21746881,1,40,114,0.7647059,0.0,-1.741544,5.9652,0.23529412
603863.SH,23.500555,23.500555,0.00017686073,0.00018804062,0.40666634,0.2788051,1,1,211,0.84210527,0.0,-0.8625736,-25.780401,0.15789473
603866.SH,14.755043,14.755043,0.00015005142,0.00018804062,0.37583303,0.16666667,1,95,151,0.75757575,0.0,-0.2163576,4.390438,0.24242425
603867.SH,17.582312,17.582312,0.00017126571,0.00018804062,0.37583303,0.091767885,1,23,94,0.6923077,0.0,-0.75301796,7.2404227,0.30769232
603868.SH,17.301718,17.301718,0.00015178189,0.00018804062,0.39166635,0.36806723,1,69,305,0.6571429,0.0,-0.8500429,13.68796,0.34285715
603871.SH,15.461293,15.461293,0.00014618711,0.00018804062,0.39666635,0.23205128,1,1,211,0.75,0.0,-0.46145505,14.56088,0.25
603876.SH,16.594357,16.594357,0.00016174719,0.00018804062,0.37166637,0.12550607,1,40,114,0.4871795,0.0,-2.211859,3.528795,0.51282054
603877.SH,16.077417,16.077417,0.00015814583,0.00018804062,0.35083306,0.16042781,1,7,111,0.4117647,0.0,-1.0081854,5.151653,0.5882353
603878.SH,13.069135,13.069135,0.00013130074,0.00018804062,0.38166636,0.2850575,1,7,111,0.6333333,0.0,-0.6869766,-8.173962,0.36666667
603879.SH,35.608707,35.608707,0.00027908207,0.00018804062,0.42916635,0.1388889,1,1,211,0.6849315,0.0,-1.6042192,-13.426552,0.31506848
603880.SH,19.046782,19.046782,0.00015985798,0.00018804062,0.40166634,0.20598006,1,95,151,0.81395346,0.0,-1.6718466,-21.303003,0.18604651
603881.SH,17.554182,17.554182,0.00017042655,0.00018804062,0.36791638,0.1882353,1,5,286,0.74285716,0.0,0.14796004,1.8745404,0.25714287
603882.SH,14.743398,14.743398,0.00014379107,0.00018804062,0.38333303,0.21505377,1,69,305,0.67741936,0.0,-1.6651548,-9.0702915,0.32258064
603883.SH,19.025879,19.025879,0.00017860596,0.00018804062,0.35833305,0.29924244,1,7,111,0.24242425,0.0,-0.9237667,3.1856487,0.75757575
603885.SH,17.20164,17.20164,0.00017100511,0.00018804062,0.35749972,0.16733871,1,51,81,0.4375,0.0,-1.0933406,5.581192,0.5625
603886.SH,19.322254,19.322254,0.00017959716,0.00018804062,0.38041636,0.20336135,1,19,162,0.51428574,0.0,-0.68485713,7.7531476,0.4857143
603887.SH,11.27106,11.27106,0.00011808699,0.00018804062,0.37916636,0.104166664,1,1,211,1.0,0.0,-0.6484092,-5.8978887,0.0
603888.SH,14.477623,14.477623,0.00014352013,0.00018804062,0.39999968,0.14919356,1,14,83,0.90625,0.0,-1.3650687,7.8488345,0.09375
603889.SH,19.007015,19.007015,0.00017493153,0.00018804062,0.3824997,0.21727395,1,72,3,0.94871795,0.0,-1.400741,4.530455,0.051282052
603890.SH,12.35782,12.35782,0.00012256399,0.00018804062,0.3749997,0.27311522,1,59,157,0.94736844,0.0,-1.0688788,11.970319,0.05263158
603893.SH,20.261953,20.261953,0.00018036591,0.00018804062,0.37583303,0.2,1,19,162,0.93333334,0.0,-2.0835798,9.086136,0.06666667
603895.SH,19.564896,19.564896,0.00017186276,0.00018804062,0.3899997,0.15818687,1,40,114,0.65957445,0.0,-1.3810384,8.838408,0.34042552
603896.SH,10.693894,10.693894,0.00010896691,0.00018804062,0.38083303,0.32258064,1,69,305,0.84375,0.0,-1.5460093,8.090874,0.15625
603897.SH,16.494053,16.494053,0.00016400061,0.00018804062,0.3624997,0.11363637,1,43,94,0.5151515,0.0,-1.356006,3.607402,0.4848485
603898.SH,18.87772,18.87772,0.00017664177,0.00018804062,0.37166637,0.18318318,1,24,84,0.7837838,0.0,-1.0206405,4.04343,0.21621622
603899.SH,13.404566,13.404566,0.0001311154,0.00018804062,0.398333,0.27327326,1,61,124,0.8918919,0.0,-0.84332967,15.501128,0.10810811
603900.SH,10.912765,10.912765,0.00011582099,0.00018804062,0.36333305,0.14252874,1,1,211,0.8333333,0.0,-1.3211067,1.1491638,0.16666667
603901.SH,13.172834,13.172834,0.00013769101,0.00018804062,0.36916637,0.11494253,1,1,211,0.8,0.0,-1.9536002,5.5671234,0.2
603903.SH,12.628567,12.628567,0.0001373944,0.00018804062,0.36083305,0.17478992,1,96,56,0.85714287,0.0,-1.2601743,6.2649145,0.14285715
603906.SH,22.364265,22.364265,0.00019092878,0.00018804062,0.400833,0.17271408,1,22,208,0.8301887,0.0,-0.5892924,-7.15139,0.16981132
603908.SH,9.041235,9.041235,0.00010463529,0.00018804062,0.35458305,0.15725806,1,7,111,0.96875,0.0,-0.41310003,2.6185112,0.03125
603909.SH,13.461607,13.461607,0.00013937757,0.00018804062,0.3749997,0.19772404,1,69,305,0.7105263,0.0,-0.58521587,5.307498,0.28947368
603912.SH,11.753198,11.753198,0.00011117081,0.00018804062,0.39083302,0.30659536,1,96,56,0.9411765,0.0,-1.5671796,-16.216867,0.05882353
603915.SH,14.317715,14.317715,0.00014751968,0.00018804062,0.36916637,0.090756305,1,94,65,0.74285716,0.0,-2.1371455,1.6362972,0.25714287
603916.SH,21.347797,21.347797,0.00020446954,0.00018804062,0.36083305,0.13240418,1,1,211,0.71428573,0.0,-0.81837153,3.3284383,0.2857143
603917.SH,16.431513,16.431513,0.00016556958,0.00018804062,0.37458304,0.12762763,1,27,217,0.6486486,0.0,-2.132708,3.5985277,0.35135135
603918.SH,13.371853,13.371853,0.00011742833,0.00018804062,0.3874997,0.45989305,1,2,80,1.0,0.0,-2.3749561,-28.003382,0.0
603919.SH,11.00641,11.00641,0.00011254712,0.00018804062,0.3849997,0.4581105,1,69,305,0.7647059,0.0,0.3339206,15.563701,0.23529412
603920.SH,13.433442,13.433442,0.00013336726,0.00018804062,0.3799997,0.1952381,1,57,68,0.8333333,0.0,-2.5829723,11.92246,0.16666667
603922.SH,16.311861,16.311861,0.00016302735,0.00018804062,0.38833302,0.09615385,1,15,191,0.7,0.0,-0.77751005,4.1674128,0.3
603926.SH,14.2167635,14.2167635,0.00014819794,0.00018804062,0.36791638,0.1402439,1,27,217,0.68292683,0.0,-1.4852903,4.248932,0.31707317
603927.SH,19.205109,19.205109,0.00017737181,0.00018804062,0.3687497,0.16302522,1,22,208,0.7714286,0.0,-1.4319714,1.5687704,0.22857143
603928.SH,10.545451,10.545451,0.00011645578,0.00018804062,0.3799997,0.16344085,1,5,286,0.7096774,0.0,-2.1121387,6.676159,0.29032257
603929.SH,63.11512,63.11512,0.00050720177,0.00018804062,0.45249963,0.13679342,1,80,208,0.9357143,0.0,-1.4686993,17.550486,0.06428572
603931.SH,15.081053,15.081053,0.0001479077,0.00018804062,0.3749997,0.11931818,1,93,192,0.6363636,0.0,0.052518193,5.9858804,0.36363637
603933.SH,13.446553,13.446553,0.00013514677,0.00018804062,0.38166636,0.1997301,1,91,229,0.94871795,0.0,-1.1155077,3.4975617,0.051282052
603936.SH,12.565238,12.565238,0.00012990514,0.00018804062,0.37166637,0.17992425,1,5,286,0.75757575,0.0,-2.216921,2.8489022,0.24242425
603937.SH,11.06565,11.06565,0.00012066806,0.00018804062,0.3899997,0.27272728,1,1,211,0.93939394,0.0,-1.5878453,3.371496,0.060606062
603938.SH,10.583926,10.583926,0.000113211936,0.00018804062,0.37666637,0.17468806,1,69,305,0.7941176,0.0,1.0672648,0.22312231,0.20588236
603939.SH,18.803192,18.803192,0.00018267299,0.00018804062,0.38333303,0.12698413,1,23,94,0.9166667,0.0,-0.17914444,8.968952,0.083333336
603948.SH,18.645634,18.645634,0.00017972311,0.00018804062,0.39166635,0.1030303,1,80,208,0.6666667,0.0,-1.6279266,4.7275586,0.33333334
603949.SH,18.594831,18.594831,0.00017849881,0.00018804062,0.3924997,0.14285715,1,40,114,0.45238096,0.0,-1.1861596,9.273165,0.54761904
603950.SH,14.328344,14.328344,0.00014246564,0.00018804062,0.400833,0.16282052,1,2,80,0.95,0.0,-0.904955,13.2708645,0.05
603955.SH,17.547129,17.547129,0.00014459401,0.00018804062,0.39916635,0.5356322,1,104,1,1.0,0.0,-2.2262,-27.570076,0.0
603956.SH,17.885387,17.885387,0.00016786685,0.00018804062,0.39333302,0.1120108,1,69,305,0.6666667,0.0,-0.8684001,-7.275636,0.33333334
603958.SH,12.483199,12.483199,0.000110595865,0.00018804062,0.38916636,0.31904763,1,33,251,0.7222222,0.0,-1.5953584,-28.874763,0.2777778
603959.SH,183.10765,183.10765,0.0011140704,0.00018804062,0.455833,0.169385,1,69,305,0.91463417,0.0,-1.4040157,-18.137415,0.085365854
603960.SH,15.700101,15.700101,0.00016035525,0.00018804062,0.36583304,0.112299465,1,80,208,0.4117647,0.0,-1.4497794,4.5672584,0.5882353
603966.SH,14.977353,14.977353,0.00015404017,0.00018804062,0.38666636,0.17886178,1,81,1,1.0,0.0,-1.0282905,9.94354,0.0
603967.SH,16.787563,16.787563,0.00016222443,0.00018804062,0.38916636,0.1417004,1,57,68,0.5641026,0.0,-1.1499026,6.215733,0.43589744
603968.SH,15.679917,15.679917,0.00015868456,0.00018804062,0.38166636,0.18414634,1,87,102,0.70731705,0.0,-1.4579513,-0.8051234,0.29268292
603969.SH,12.461407,12.461407,0.00012401755,0.00018804062,0.400833,0.2617354,1,5,286,0.7894737,0.0,-0.95358425,17.708677,0.21052632
603970.SH,18.52845,18.52845,0.0001830176,0.00018804062,0.3662497,0.16957027,1,1,211,0.8333333,0.0,-1.2075595,4.155723,0.16666667
603976.SH,12.157154,12.157154,0.00012633303,0.00018804062,0.3699997,0.14717741,1,77,117,0.71875,0.0,-1.2885499,4.4654064,0.28125
603977.SH,12.073117,12.073117,0.00012791985,0.00018804062,0.3566664,0.12873563,1,93,192,0.76666665,0.0,-1.7689232,4.9139404,0.23333333
603978.SH,14.095442,14.095442,0.00013602649,0.00018804062,0.38583302,0.19772404,1,21,149,0.7894737,0.0,-1.4775949,-15.60331,0.21052632
603979.SH,20.630592,20.630592,0.00018211271,0.00018804062,0.405833,0.22901961,1,96,56,0.8039216,0.0,-1.3243489,14.08997,0.19607843
603980.SH,15.483826,15.483826,0.00015349034,0.00018804062,0.36333305,0.13118279,1,1,211,0.7419355,0.0,-0.9899226,1.1727871,0.2580645
603982.SH,19.90685,19.90685,0.00017501153,0.00018804062,0.39749968,0.20244898,1,7,111,0.92,0.0,-1.374182,-16.894608,0.08
603983.SH,16.367699,16.367699,0.00014998956,0.00018804062,0.38666636,0.23873875,1,61,124,0.7567568,0.0,-1.3377703,10.481444,0.24324325
603985.SH,20.020945,20.020945,0.00019211642,0.00018804062,0.3724997,0.15897436,1,33,251,0.475,0.0,-0.50706995,2.2558951,0.525
603986.SH,17.580173,17.580173,0.00016214096,0.00018804062,0.37708303,0.15483871,1,61,124,0.58064514,0.0,-2.0045388,5.2932115,0.41935483
603987.SH,11.089148,11.089148,0.00011359303,0.00018804062,0.39416635,0.2513369,1,7,111,0.7058824,0.0,-1.0977294,10.919544,0.29411766
603988.SH,9.951984,9.951984,0.00011474368,0.00018804062,0.35333306,0.42988506,1,33,251,0.76666665,0.0,-1.9112967,6.4284763,0.23333333
603989.SH,12.724439,12.724439,0.00013053502,0.00018804062,0.35874972,0.18850575,1,6,36,0.9,0.0,-1.5350766,4.943073,0.1
603990.SH,10.457172,10.457172,0.00010857958,0.00018804062,0.3649997,0.10037879,1,5,286,0.969697,0.0,-1.1819395,-0.53000915,0.030303031
603991.SH,20.358381,20.358381,0.00016218763,0.00018804062,0.39916635,0.34126985,1,33,251,0.6944444,0.0,-1.5274556,-25.937527,0.30555555
603992.SH,19.68317,19.68317,0.00018403314,0.00018804062,0.37041637,0.1780303,1,14,83,0.8787879,0.0,-0.8785939,4.2461815,0.121212125
603993.SH,23.220793,23.220793,0.00020829502,0.00018804062,0.405833,0.24242425,1,95,151,0.96363634,0.0,-1.0562836,15.72034,0.036363635
603995.SH,12.250378,12.250378,0.00012457879,0.00018804062,0.37833303,0.16091955,1,93,192,0.8,0.0,-1.0159299,7.6115417,0.2
603997.SH,12.946054,12.946054,0.00013547941,0.00018804062,0.3724997,0.14795008,1,69,305,0.7058824,0.0,-1.5160207,6.3826604,0.29411766
603998.SH,17.596695,17.596695,0.00015505902,0.00018804062,0.400833,0.31578946,1,40,114,0.81578946,0.0,-0.4802921,12.707035,0.18421052
603999.SH,16.806892,16.806892,0.0001636532,0.00018804062,0.3554164,0.19838056,1,12,252,0.41025642,0.0,-0.14377178,0.1758493,0.5897436
605001.SH,19.99617,19.99617,0.00018676753,0.00018804062,0.35916638,0.15249662,1,93,192,0.61538464,0.0,-0.86018205,4.662773,0.3846154
605003.SH,8.497428,8.497428,9.9154e-05,0.00018804062,0.3637497,0.15913978,1,91,229,0.8064516,0.0,-0.6460613,1.0267097,0.19354838
605005.SH,16.680916,16.680916,0.00016202676,0.00018804062,0.38666636,0.20910384,1,51,81,0.5,0.0,-1.4808788,5.951618,0.5
605006.SH,13.015285,13.015285,0.00012151447,0.00018804062,0.39083302,0.20454545,1,27,217,0.6666667,0.0,-0.7027788,-16.499292,0.33333334
605007.SH,14.328335,14.328335,0.0001415859,0.00018804062,0.35833305,0.15483871,1,23,94,0.61290324,0.0,-1.2936484,1.2805312,0.38709676
605008.SH,28.17777,28.17777,0.00021636087,0.00018804062,0.37916636,0.23333333,1,27,217,0.8,0.0,-0.9705224,2.3067625,0.2
605009.SH,6.73514,6.73514,8.197751e-05,0.00018804062,0.38416636,0.41609195,1,6,36,0.93333334,0.0,-0.9955933,16.424877,0.06666667
605011.SH,16.903858,16.903858,0.00015767221,0.00018804062,0.38333303,0.13368984,1,23,94,0.47058824,0.0,-1.0743117,1.0646182,0.5294118
605016.SH,17.6031,17.6031,0.00015552179,0.00018804062,0.39499968,0.35243902,1,91,229,0.9268293,0.0,-1.299956,15.586737,0.07317073
605018.SH,13.746998,13.746998,0.00014303172,0.00018804062,0.36083305,0.18468468,1,5,286,0.7567568,0.0,-0.58693254,4.053755,0.24324325
605020.SH,15.51288,15.51288,0.00015274684,0.00018804062,0.36124972,0.13548388,1,93,192,0.5483871,0.0,-1.6661676,3.980141,0.4516129
605028.SH,15.277588,15.277588,0.00014087283,0.00018804062,0.3824997,0.4117647,1,5,286,0.85294116,0.0,-0.29465878,16.817114,0.14705883
605033.SH,14.089666,14.089666,0.00014878032,0.00018804062,0.35708305,0.2042042,1,101,3,0.972973,0.0,-0.9177378,2.2285762,0.027027028
605050.SH,11.931755,11.931755,0.00013311315,0.00018804062,0.35958305,0.20833333,1,33,251,0.8181818,0.0,-1.411506,4.2458,0.18181819
605055.SH,12.982454,12.982454,0.000120680415,0.00018804062,0.39166635,0.25555557,1,20,96,0.8333333,0.0,-1.7090944,-22.255095,0.16666667
605056.SH,13.236816,13.236816,0.000129227,0.00018804062,0.3849997,0.23015873,1,40,114,0.9444444,0.0,-0.854925,16.872734,0.055555556
605058.SH,17.2959,17.2959,0.00016637213,0.00018804062,0.36458305,0.09090909,1,5,286,0.85294116,0.0,-1.1810058,5.3338933,0.14705883
605060.SH,16.050093,16.050093,0.00015631817,0.00018804062,0.39166635,0.15098722,1,69,305,0.7619048,0.0,-1.0540549,10.488399,0.23809524
605066.SH,12.188782,12.188782,0.00012774055,0.00018804062,0.36124972,0.25882354,1,91,229,0.85714287,0.0,-0.78725713,3.3393033,0.14285715
605068.SH,8.625239,8.625239,8.901581e-05,0.00018804062,0.38916636,0.29445234,1,1,211,0.92105263,0.0,-1.2886474,1.8425636,0.078947365
605069.SH,25.493977,25.493977,0.00019423955,0.00018804062,0.39999968,0.2792683,1,5,286,0.6097561,0.0,-1.6114342,-24.205067,0.3902439
605077.SH,11.162253,11.162253,0.00012592226,0.00018804062,0.36916637,0.31451613,1,19,162,0.90625,0.0,-1.3500844,6.6012893,0.09375
605080.SH,15.720221,15.720221,0.00015495098,0.00018804062,0.3874997,0.21052632,1,51,81,0.8717949,0.0,-0.99947435,9.870002,0.12820514
605086.SH,9.300442,9.300442,0.00010065021,0.00018804062,0.3899997,0.32263815,1,27,217,0.9411765,0.0,-2.1565616,5.861381,0.05882353
605088.SH,11.45281,11.45281,0.00012615602,0.00018804062,0.3674997,0.21592443,1,69,305,0.8717949,0.0,-1.6558896,7.660548,0.12820514
605089.SH,14.90602,14.90602,0.00015185215,0.00018804062,0.35583305,0.16806723,1,7,111,0.6571429,0.0,-0.8831914,2.920557,0.34285715
605090.SH,20.020506,20.020506,0.00019563777,0.00018804062,0.37916636,0.17439024,1,2,80,0.5609756,0.0,-0.7689732,7.4267826,0.4390244
605098.SH,78.78968,78.78968,0.00061377086,0.00018804062,0.44416633,0.13519655,1,12,252,0.9263804,0.0,-0.6466859,15.316493,0.073619634
605099.SH,18.619587,18.619587,0.00017067399,0.00018804062,0.3899997,0.26215646,1,87,102,0.8181818,0.0,-1.5165341,15.143891,0.18181819
605100.SH,15.241385,15.241385,0.00013973864,0.00018804062,0.37416637,0.20853658,1,93,192,0.73170733,0.0,-1.4569293,2.7455244,0.2682927
605108.SH,4.38327,4.38327,6.353488e-05,0.00018804062,0.36333305,0.09885058,1,19,162,0.96666664,0.0,-0.48803666,2.440802,0.033333335
605111.SH,15.905463,15.905463,0.00015367073,0.00018804062,0.39749968,0.1942959,1,23,94,0.85294116,0.0,-1.4701322,10.405433,0.14705883
605116.SH,25.569515,25.569515,0.00021732342,0.00018804062,0.39916635,0.21750842,1,6,36,0.76363635,0.0,-1.1339781,12.212601,0.23636363
605117.SH,57.456554,57.456554,0.00045641794,0.00018804062,0.4416663,0.18412699,1,27,217,0.9047619,0.0,-1.5109563,18.620989,0.0952381
605118.SH,19.280388,19.280388,0.0001663035,0.00018804062,0.39416635,0.2423077,1,19,162,1.0,0.0,-1.0641276,14.544775,0.0
605122.SH,12.474571,12.474571,0.00012297957,0.00018804062,0.3849997,0.24955437,1,33,251,0.6764706,0.0,-1.2276587,-20.115288,0.32352942
605123.SH,12.414525,12.414525,0.00012901382,0.00018804062,0.36708304,0.19772404,1,12,252,0.6315789,0.0,-0.30050528,3.691584,0.36842105
605128.SH,14.583692,14.583692,0.00015127337,0.00018804062,0.38083303,0.15789473,1,12,252,0.7948718,0.0,-1.5957539,7.0209727,0.20512821
605133.SH,12.225367,12.225367,0.00013021826,0.00018804062,0.37083304,0.16957027,1,93,192,0.85714287,0.0,-1.0142214,6.8703165,0.14285715
605136.SH,14.518069,14.518069,0.00014024066,0.00018804062,0.37666637,0.20320855,1,27,217,0.7647059,0.0,-1.123897,-10.1067095,0.23529412
605138.SH,18.010597,18.010597,0.00017745655,0.00018804062,0.35999972,0.09530583,1,15,191,0.65789473,0.0,-0.9200501,5.530116,0.34210527
605151.SH,21.568686,21.568686,0.00019804497,0.00018804062,0.36916637,0.15256411,1,19,162,0.75,0.0,-1.2536299,3.0665004,0.25
605155.SH,14.462748,14.462748,0.0001414884,0.00018804062,0.37916636,0.2358871,1,14,83,0.84375,0.0,-0.65871567,11.464644,0.15625
605158.SH,21.131847,21.131847,0.00019891835,0.00018804062,0.35791638,0.21727395,1,1,211,0.5897436,0.0,-1.345772,3.6038384,0.41025642
605162.SH,13.63231,13.63231,0.00013429369,0.00018804062,0.39166635,0.18560606,1,33,251,0.93939394,0.0,-2.126706,8.478883,0.060606062
605166.SH,9.227724,9.227724,0.00010612259,0.00018804062,0.36166638,0.22528736,1,33,251,0.6666667,0.0,-0.59239334,4.896783,0.33333334
605167.SH,8.594603,8.594603,9.451707e-05,0.00018804062,0.3924997,0.30107528,1,20,96,0.9354839,0.0,-0.96015155,15.116702,0.06451613
605168.SH,9.916125,9.916125,0.000106947526,0.00018804062,0.36791638,0.18924731,1,2,80,0.8064516,0.0,-0.1479839,-2.0556197,0.19354838
605169.SH,12.937389,12.937389,0.00013640668,0.00018804062,0.35916638,0.22348484,1,1,211,0.8484849,0.0,0.28039396,4.8558726,0.15151516
605177.SH,17.547232,17.547232,0.00015874892,0.00018804062,0.38416636,0.16927454,1,61,124,0.47368422,0.0,-1.8736789,-6.426663,0.5263158
605178.SH,46.50437,46.50437,0.00034502512,0.00018804062,0.413333,0.18932968,1,19,162,0.94186044,0.0,-2.037443,-12.815293,0.058139537
605179.SH,13.801777,13.801777,0.00014194334,0.00018804062,0.36041638,0.16781609,1,95,151,0.9,0.0,-1.0858066,5.128669,0.1
605180.SH,17.961842,17.961842,0.00017597602,0.00018804062,0.3774997,0.15238096,1,19,162,0.8333333,0.0,-1.6785887,5.074217,0.16666667
605183.SH,17.240572,17.240572,0.00015590535,0.00018804062,0.38916636,0.27195123,1,1,211,0.902439,0.0,-0.6084951,15.377824,0.09756097
605186.SH,12.084771,12.084771,0.000116629926,0.00018804062,0.37166637,0.28739497,1,5,286,0.7714286,0.0,-1.49228,1.2634803,0.22857143
605188.SH,14.299234,14.299234,0.00012982126,0.00018804062,0.38083303,0.22267206,1,21,149,0.74358976,0.0,-0.40216154,2.394158,0.25641027
605189.SH,16.032553,16.032553,0.00015830906,0.00018804062,0.36166638,0.0984127,1,57,68,0.7777778,0.0,-1.7512194,1.7015805,0.22222222
605196.SH,14.094733,14.094733,0.00013875682,0.00018804062,0.37833303,0.21568628,1,93,192,0.5,0.0,-1.7551794,6.9774766,0.5
605198.SH,18.353237,18.353237,0.00016898486,0.00018804062,0.398333,0.16565657,1,89,72,0.73333335,0.0,-1.6671356,12.796037,0.26666668
605208.SH,12.531023,12.531023,0.00013332938,0.00018804062,0.37583303,0.2,1,87,102,0.75,0.0,-1.4658889,2.181582,0.25
605218.SH,15.503188,15.503188,0.00015775746,0.00018804062,0.36916637,0.18655463,1,5,286,0.9142857,0.0,-1.7022371,-1.3311795,0.08571429
605222.SH,15.850894,15.850894,0.0001570908,0.00018804062,0.3687497,0.14285715,1,87,102,0.5714286,0.0,-2.3408883,2.5306537,0.42857143
605228.SH,13.751031,13.751031,0.00013796717,0.00018804062,0.36541638,0.15079366,1,21,149,0.8333333,0.0,-1.8722167,5.285645,0.16666667
605255.SH,17.819117,17.819117,0.00015152429,0.00018804062,0.40249968,0.25825825,1,22,208,0.972973,0.0,-1.1455756,4.994359,0.027027028
605258.SH,9.860943,9.860943,0.0001121203,0.00018804062,0.35999972,0.19139785,1,5,286,0.7741935,0.0,-2.8170197,7.3966694,0.22580644
605259.SH,16.997631,16.997631,0.00016451032,0.00018804062,0.39583302,0.15789473,1,59,157,0.92105263,0.0,-1.2380842,12.942178,0.078947365
605266.SH,16.190445,16.190445,0.00016080975,0.00018804062,0.34999973,0.17471264,1,40,114,0.4,0.0,-0.38671336,4.233997,0.6
605268.SH,10.300569,10.300569,0.00011535644,0.00018804062,0.36083305,0.2137931,1,27,217,0.6333333,0.0,-1.2807701,3.5401633,0.36666667
605277.SH,10.441115,10.441115,0.000113290764,0.00018804062,0.3749997,0.15864527,1,69,305,0.7941176,0.0,-2.616797,1.0649917,0.20588236
605286.SH,15.065249,15.065249,0.00015053706,0.00018804062,0.37833303,0.15078236,1,21,149,0.7368421,0.0,-1.02475,11.715094,0.2631579
605287.SH,10.858207,10.858207,0.000113677015,0.00018804062,0.3874997,0.11954023,1,15,191,0.93333334,0.0,-1.3528632,-9.320877,0.06666667
605288.SH,10.568158,10.568158,0.00011722053,0.00018804062,0.35791638,0.31182796,1,22,208,0.87096775,0.0,-2.2356937,5.5597644,0.12903225
605289.SH,15.187256,15.187256,0.00014530434,0.00018804062,0.39749968,0.21341464,1,40,114,0.7804878,0.0,-1.5948073,10.187615,0.2195122
605296.SH,19.179342,19.179342,0.00018130256,0.00018804062,0.37916636,0.07957958,1,1,211,0.6756757,0.0,-1.6496514,4.9272904,0.3243243
605298.SH,16.614513,16.614513,0.00015559506,0.00018804062,0.38083303,0.12145749,1,80,208,0.7692308,0.0,-1.8311435,5.1026797,0.23076923
605299.SH,14.12179,14.12179,0.00014546631,0.00018804062,0.36166638,0.21512605,1,90,27,0.62857145,0.0,-0.7855829,-0.46791655,0.37142858
605300.SH,16.126099,16.126099,0.00016038661,0.00018804062,0.37416637,0.14583333,1,23,94,0.75757575,0.0,-0.8736909,5.2462087,0.24242425
605303.SH,22.517708,22.517708,0.00018080483,0.00018804062,0.39416635,0.30384615,1,80,208,0.55,0.0,-1.6841049,-21.855665,0.45
605305.SH,19.698935,19.698935,0.00017555174,0.00018804062,0.3924997,0.2794872,1,23,94,0.9,0.0,-1.7048925,16.426838,0.1
605318.SH,22.087395,22.087395,0.00018404309,0.00018804062,0.41749966,0.18181819,1,69,305,0.6909091,0.0,-2.0335946,-12.910776,0.3090909
605319.SH,14.568385,14.568385,0.00014433649,0.00018804062,0.38666636,0.18414634,1,7,111,0.58536583,0.0,-1.3287,12.306856,0.41463414
605333.SH,10.285726,10.285726,0.00011221263,0.00018804062,0.38083303,0.1904762,1,33,251,0.8333333,0.0,-1.0394416,11.388524,0.16666667
605336.SH,16.383522,16.383522,0.00014416478,0.00018804062,0.38666636,0.24608819,1,93,192,0.81578946,0.0,-1.4442238,-11.2897215,0.18421052
605337.SH,19.392944,19.392944,0.00018510383,0.00018804062,0.3724997,0.13257575,1,80,208,0.36363637,0.0,-1.6662605,3.1459625,0.6363636
605338.SH,8.381789,8.381789,0.000100105106,0.00018804062,0.35958305,0.27586207,1,12,252,0.96666664,0.0,-0.22160332,3.7378106,0.033333335
605339.SH,8.457337,8.457337,9.61648e-05,0.00018804062,0.37416637,0.19770116,1,20,96,0.8666667,0.0,-0.54640996,2.6302152,0.13333334
605358.SH,12.554188,12.554188,0.00012136964,0.00018804062,0.398333,0.32007575,1,30,30,0.6666667,0.0,-1.3161757,-15.582409,0.33333334
605365.SH,4.8932176,4.8932176,6.834854e-05,0.00018804062,0.3649997,0.17011495,1,40,114,0.96666664,0.0,-0.9314734,4.9814534,0.033333335
605366.SH,15.671519,15.671519,0.00014005174,0.00018804062,0.39999968,0.31587303,1,40,114,0.75,0.0,-0.9999222,-25.617195,0.25
605368.SH,16.78411,16.78411,0.00016927668,0.00018804062,0.3529164,0.19831933,1,51,81,0.4,0.0,-0.40095997,6.1335797,0.6
605369.SH,16.317133,16.317133,0.00016110724,0.00018804062,0.35999972,0.10887097,1,40,114,0.59375,0.0,-1.9743218,5.3024178,0.40625
605376.SH,20.762854,20.762854,0.00017806352,0.00018804062,0.3874997,0.22621565,1,80,208,0.5681818,0.0,-2.3328497,11.7255745,0.4318182
605377.SH,8.332283,8.332283,9.673754e-05,0.00018804062,0.37333304,0.24597701,1,80,208,0.8333333,0.0,-0.90110326,2.1180701,0.16666667
605378.SH,10.936667,10.936667,0.00011882953,0.00018804062,0.3662497,0.089655176,1,22,208,0.76666665,0.0,-1.8077966,3.2695334,0.23333333
605388.SH,19.021776,19.021776,0.00017779201,0.00018804062,0.37333304,0.1322537,1,40,114,0.5897436,0.0,-1.1102847,3.0557735,0.41025642
605389.SH,14.156279,14.156279,0.00014253045,0.00018804062,0.37166637,0.16989248,1,80,208,0.67741936,0.0,-1.1098969,5.9038835,0.32258064
605398.SH,21.864712,21.864712,0.00017916925,0.00018804062,0.37333304,0.20905924,1,69,305,0.7619048,0.0,-1.1589975,2.5285954,0.23809524
605399.SH,16.542168,16.542168,0.00015683495,0.00018804062,0.38916636,0.1882353,1,33,251,0.37142858,0.0,-1.8292829,-7.365461,0.62857145
605488.SH,19.169453,19.169453,0.00017616112,0.00018804062,0.37791637,0.19630156,1,61,124,0.34210527,0.0,-1.6064737,2.3148925,0.65789473
605499.SH,65.66174,65.66174,0.0005423374,0.00018804062,0.45249966,0.105397366,1,93,192,0.93406594,0.0,-0.8000989,17.09701,0.06593407
605500.SH,14.344237,14.344237,0.00013981672,0.00018804062,0.3849997,0.20564516,1,22,208,0.53125,0.0,-0.6609844,2.5597322,0.46875
605507.SH,16.685719,16.685719,0.00015978298,0.00018804062,0.3624997,0.10606061,1,24,84,0.6060606,0.0,-0.58752424,2.1367292,0.3939394
605555.SH,12.352326,12.352326,0.00013304794,0.00018804062,0.3687497,0.116935484,1,7,111,0.71875,0.0,-0.277175,6.099962,0.28125
605566.SH,15.277905,15.277905,0.00015298132,0.00018804062,0.35749972,0.17142858,1,5,286,0.74285716,0.0,-0.059774373,4.624234,0.25714287
605567.SH,16.763283,16.763283,0.00016885842,0.00018804062,0.36041638,0.16399287,1,5,286,0.61764705,0.0,0.1577559,3.195656,0.38235295
605577.SH,14.3253765,14.3253765,0.00013923131,0.00018804062,0.3824997,0.2777778,1,12,252,0.5,0.0,-1.2001306,9.338223,0.5
605580.SH,13.793943,13.793943,0.00013429413,0.00018804062,0.39499968,0.25320056,1,7,111,0.7631579,0.0,-0.65281576,17.02557,0.23684211
605588.SH,13.336276,13.336276,0.000117432755,0.00018804062,0.3899997,0.35227272,1,69,305,0.969697,0.0,-0.9489908,-30.492203,0.030303031
605589.SH,8.127132,8.127132,9.254024e-05,0.00018804062,0.3799997,0.23448277,1,59,157,0.9,0.0,-2.7509434,8.932175,0.1
605598.SH,9.855968,9.855968,0.00010782461,0.00018804062,0.39583302,0.25668448,1,12,252,0.85294116,0.0,-2.017791,1.8779775,0.14705883
605599.SH,17.674246,17.674246,0.0001663199,0.00018804062,0.39666635,0.11587302,1,1,211,0.6111111,0.0,-1.0150833,6.016863,0.3888889
688001.SH,18.835531,18.835531,0.00017881696,0.00018804062,0.35999972,0.0855615,1,93,192,0.5,0.0,-0.49865887,4.4178524,0.5
688002.SH,12.514817,12.514817,0.00011498401,0.00018804062,0.38916636,0.29411766,1,69,305,0.85714287,0.0,-1.1305544,15.606407,0.14285715
688003.SH,16.081799,16.081799,0.00015350463,0.00018804062,0.38333303,0.1882353,1,51,81,0.4857143,0.0,-1.4651372,-7.3258686,0.51428574
688004.SH,20.001575,20.001575,0.0001728412,0.00018804062,0.3874997,0.20906568,1,69,305,0.68085104,0.0,-1.135515,-7.8591366,0.31914893
688005.SH,12.424336,12.424336,0.0001207413,0.00018804062,0.403333,0.27327326,1,19,162,0.8918919,0.0,-1.1095108,-23.70351,0.10810811
688006.SH,12.672352,12.672352,0.0001348616,0.00018804062,0.35499972,0.20564516,1,95,151,0.8125,0.0,-2.7465158,3.8704686,0.1875
688007.SH,12.623919,12.623919,0.00011555564,0.00018804062,0.39416635,0.38636363,1,74,159,0.8484849,0.0,-2.0407696,-24.127993,0.15151516
688008.SH,20.828829,20.828829,0.00017373006,0.00018804062,0.40166637,0.32222223,1,1,211,0.75,0.0,-1.2276444,13.229638,0.25
688009.SH,9.199119,9.199119,0.00010551591,0.00018804062,0.3479164,0.3407258,1,21,149,1.0,0.0,-1.0739657,2.414744,0.0
688010.SH,17.24503,17.24503,0.00014947944,0.00018804062,0.38041636,0.2195122,1,96,56,0.95238096,0.0,-1.2739525,1.4827739,0.04761905
688011.SH,18.852766,18.852766,0.0001550737,0.00018804062,0.39749968,0.28076923,1,20,96,0.85,0.0,-1.7262726,-13.137064,0.15
688012.SH,10.665059,10.665059,0.000105344014,0.00018804062,0.38416636,0.31194296,1,12,252,0.85294116,0.0,-1.257094,16.005867,0.14705883
688013.SH,17.182528,17.182528,0.00015327966,0.00018804062,0.38583302,0.44886363,1,95,151,0.93939394,0.0,-0.94394237,16.809883,0.060606062
688015.SH,17.709354,17.709354,0.00017438883,0.00018804062,0.34999973,0.24603175,1,15,191,0.3611111,0.0,-1.4359277,4.6184807,0.6388889
688016.SH,23.489628,23.489628,0.00020224151,0.00018804062,0.3874997,0.24914967,1,27,217,0.81632656,0.0,-1.2663838,13.126124,0.18367347
688017.SH,18.529985,18.529985,0.00017264367,0.00018804062,0.38333303,0.18655463,1,33,251,0.31428573,0.0,-1.6678457,0.817827,0.6857143
688018.SH,8.206243,8.206243,8.927735e-05,0.00018804062,0.403333,0.14795008,1,12,252,0.9117647,0.0,-1.7075588,2.6355774,0.0882353
688019.SH,25.891655,25.891655,0.000214615,0.00018804062,0.39999968,0.22028986,1,61,124,0.54347825,0.0,-1.0868804,12.40234,0.45652175
688020.SH,17.566584,17.566584,0.00014990731,0.00018804062,0.40166634,0.27665317,1,40,114,0.7948718,0.0,-1.2301743,-20.993307,0.20512821
688021.SH,19.71787,19.71787,0.00018918785,0.00018804062,0.35999972,0.20853658,1,43,94,0.73170733,0.0,-1.3667024,5.214227,0.2682927
688022.SH,16.821922,16.821922,0.00016487538,0.00018804062,0.36291635,0.071428575,1,29,12,0.9166667,0.0,-0.25612217,3.2448473,0.083333336
688023.SH,16.323528,16.323528,0.00015619164,0.00018804062,0.3774997,0.13118279,1,24,84,0.6451613,0.0,-2.1414032,-3.9157283,0.3548387
688025.SH,14.318402,14.318402,0.00013022128,0.00018804062,0.3849997,0.29545453,1,44,1,1.0,0.0,-2.2704878,16.3452,0.0
688026.SH,14.0794115,14.0794115,0.00014190529,0.00018804062,0.36166638,0.10634921,1,69,305,0.9166667,0.0,-0.9152278,5.0563555,0.083333336
688027.SH,167.14542,167.14542,0.0011403452,0.00018804062,0.45999965,0.105224185,1,95,151,0.9230769,0.0,-1.651352,1.4962418,0.07692308
688028.SH,12.163174,12.163174,0.00012280917,0.00018804062,0.40916634,0.18371212,1,96,56,0.969697,0.0,-1.5948151,4.304283,0.030303031
688029.SH,22.538183,22.538183,0.00019139568,0.00018804062,0.38583302,0.32469934,1,61,124,0.4893617,0.0,-1.3759958,12.888988,0.5106383
688030.SH,25.785528,25.785528,0.00019655259,0.00018804062,0.408333,0.2794872,1,22,208,0.55,0.0,-1.6467301,-20.218613,0.45
688031.SH,61.73981,61.73981,0.00043158737,0.00018804062,0.42499968,0.18726592,1,22,208,0.84444445,0.0,-1.7110043,-13.506968,0.15555556
688032.SH,15.604395,15.604395,0.00014958985,0.00018804062,0.3749997,0.16042781,1,1,211,0.7352941,0.0,-1.2257088,-2.75017,0.2647059
688033.SH,26.38033,26.38033,0.00020794856,0.00018804062,0.400833,0.24163266,1,7,111,0.84,0.0,-1.389946,-16.547783,0.16
688035.SH,8.135175,8.135175,9.481497e-05,0.00018804062,0.3649997,0.23655914,1,51,81,0.9677419,0.0,0.07434516,4.3405967,0.032258064
688036.SH,12.724325,12.724325,0.00012766947,0.00018804062,0.38749972,0.10804598,1,69,305,0.6666667,0.0,-0.98265,7.448159,0.33333334
688037.SH,17.343187,17.343187,0.00014504803,0.00018804062,0.38333303,0.32436976,1,96,56,0.9142857,0.0,-1.0406429,1.3470913,0.08571429
688038.SH,13.626287,13.626287,0.00013869793,0.00018804062,0.39333302,0.13012478,1,87,102,0.61764705,0.0,-0.8418471,-4.736204,0.38235295
688039.SH,20.027018,20.027018,0.0001663706,0.00018804062,0.39083302,0.34684685,1,61,124,0.7297297,0.0,-2.0321112,-21.12464,0.27027026
688041.SH,30.033045,30.033045,0.00024213169,0.00018804062,0.3924997,0.22619048,1,7,111,0.54385966,0.0,-2.6011524,8.006808,0.45614034
688045.SH,18.459879,18.459879,0.0001762058,0.00018804062,0.36083305,0.19886364,1,69,305,0.57575756,0.0,-1.0761878,3.7659695,0.42424244
688046.SH,18.694536,18.694536,0.00017445485,0.00018804062,0.3799997,0.17496444,1,61,124,0.4473684,0.0,-1.8460844,5.7139845,0.55263156
688047.SH,75.54812,75.54812,0.00051894295,0.00018804062,0.43249965,0.18857357,1,69,305,0.8269231,0.0,-1.9977837,-12.713297,0.17307693
688048.SH,187.53645,187.53645,0.0012653713,0.00018804062,0.47583297,0.09302472,1,93,192,0.9126984,0.0,-1.8478448,2.0650759,0.08730159
688049.SH,17.717747,17.717747,0.00016656272,0.00018804062,0.37333304,0.2042042,1,12,252,0.45945945,0.0,-1.882611,8.372522,0.5405405
688050.SH,13.751761,13.751761,0.0001308634,0.00018804062,0.38333303,0.36806723,1,59,157,0.85714287,0.0,-1.0379455,14.014689,0.14285715
688051.SH,35.896828,35.896828,0.00027134427,0.00018804062,0.398333,0.23787259,1,2,80,0.8305085,0.0,-1.9437966,-16.877909,0.16949153
688052.SH,16.263428,16.263428,0.00015243479,0.00018804062,0.38833302,0.22857143,1,33,251,0.51428574,0.0,-1.4087799,-10.901475,0.4857143
688055.SH,20.591198,20.591198,0.00018636756,0.00018804062,0.39499968,0.27464008,1,51,81,0.37209302,0.0,-1.4704652,-8.708901,0.627907
688056.SH,15.77324,15.77324,0.0001536253,0.00018804062,0.36958304,0.09269162,1,19,162,0.6764706,0.0,-1.5108411,4.9867353,0.32352942
688057.SH,10.28149,10.28149,0.000110422814,0.00018804062,0.38416636,0.24444444,1,21,149,0.8611111,0.0,-1.7525916,6.40814,0.1388889
688058.SH,88.26005,88.26005,0.00066556747,0.00018804062,0.44749963,0.12506494,1,52,65,0.89204544,0.0,-1.5672323,-4.3660736,0.10795455
688059.SH,17.652184,17.652184,0.00016671955,0.00018804062,0.39333302,0.15256411,1,93,192,0.875,0.0,-1.1026125,10.611453,0.125
688060.SH,20.50543,20.50543,0.00018883943,0.00018804062,0.3866664,0.13513513,1,5,286,0.7368421,0.0,-1.1093947,2.0378084,0.2631579
688061.SH,13.207716,13.207716,0.00013109915,0.00018804062,0.398333,0.21587302,1,5,286,0.7777778,0.0,-1.812564,-11.911918,0.22222222
688062.SH,455.97382,455.97382,0.0029059362,0.00018804062,0.5291663,0.06997127,1,14,83,0.9799599,0.0,-1.6505697,-15.492932,0.02004008
688063.SH,19.756903,19.756903,0.00018877188,0.00018804062,0.36541638,0.20952381,1,21,149,0.41666666,0.0,-1.3316972,3.6864307,0.5833333
688065.SH,14.13543,14.13543,0.00014590059,0.00018804062,0.35958305,0.09530583,1,27,217,0.7894737,0.0,-1.345521,2.3915157,0.21052632
688066.SH,129.38191,129.38191,0.00086672115,0.00018804062,0.4441663,0.17214158,1,14,83,0.9350649,0.0,-1.2871695,-18.566898,0.064935066
688067.SH,17.675392,17.675392,0.0001678162,0.00018804062,0.3774997,0.103225805,1,93,192,0.6451613,0.0,-1.4123291,6.118329,0.3548387
688068.SH,18.452568,18.452568,0.00015326175,0.00018804062,0.38666636,0.2672065,1,19,162,0.7948718,0.0,-1.1950256,-13.873086,0.20512821
688069.SH,18.508286,18.508286,0.00017372753,0.00018804062,0.38166636,0.12564103,1,12,252,0.325,0.0,-0.687705,1.6459455,0.675
688070.SH,17.988272,17.988272,0.00016096904,0.00018804062,0.3774997,0.23048781,1,43,94,0.7804878,0.0,-0.9232781,3.263549,0.2195122
688071.SH,18.327265,18.327265,0.00015813636,0.00018804062,0.39499968,0.27567068,1,12,252,0.5744681,0.0,-1.2434574,-21.132748,0.42553192
688072.SH,19.481827,19.481827,0.00017156989,0.00018804062,0.3799997,0.22515856,1,74,159,0.79545456,0.0,-1.6428024,11.667606,0.20454545
688073.SH,13.0450535,13.0450535,0.00013313275,0.00018804062,0.38416636,0.26276276,1,80,208,0.8378378,0.0,-1.1594783,13.697088,0.16216215
688075.SH,20.465862,20.465862,0.00018883243,0.00018804062,0.36666638,0.14920636,1,33,251,0.4722222,0.0,-1.6008499,-0.8869567,0.5277778
688077.SH,10.419632,10.419632,0.000115725605,0.00018804062,0.34874973,0.21370968,1,12,252,0.84375,0.0,-2.2998376,3.7753592,0.15625
688078.SH,19.950567,19.950567,0.00018311579,0.00018804062,0.37083304,0.13333334,1,23,94,0.6666667,0.0,-1.7401109,3.0478737,0.33333334
688079.SH,22.217045,22.217045,0.00017771032,0.00018804062,0.39666635,0.27685493,1,23,94,0.88372093,0.0,-1.7178698,-23.99968,0.11627907
688080.SH,16.835096,16.835096,0.0001541247,0.00018804062,0.39333302,0.25101215,1,59,157,0.8974359,0.0,-1.5786358,15.423935,0.102564104
688081.SH,21.41717,21.41717,0.00016263731,0.00018804062,0.38583302,0.31746033,1,59,157,0.8333333,0.0,-2.5354528,-21.676765,0.16666667
688082.SH,15.044519,15.044519,0.00013924402,0.00018804062,0.38333303,0.34234235,1,1,211,0.8108108,0.0,-0.6281298,16.188774,0.1891892
688083.SH,23.852337,23.852337,0.00021383591,0.00018804062,0.38166636,0.2012987,1,15,191,0.58928573,0.0,-1.6979071,1.1654036,0.4107143
688084.SH,17.752453,17.752453,0.00017728485,0.00018804062,0.36416638,0.2119488,1,27,217,0.5,0.0,-0.67255527,2.3068895,0.5
688085.SH,15.115147,15.115147,0.00015077149,0.00018804062,0.37333304,0.3409091,1,30,30,0.42424244,0.0,-0.6564606,6.8162713,0.57575756
688087.SH,18.205633,18.205633,0.00017529134,0.00018804062,0.36708304,0.12012012,1,7,111,0.7027027,0.0,-1.9213783,2.8130026,0.2972973
688088.SH,25.812216,25.812216,0.00022396735,0.00018804062,0.39583302,0.20634921,1,96,56,0.90625,0.0,-1.1319125,9.559912,0.09375
688089.SH,17.939203,17.939203,0.0001672176,0.00018804062,0.39083302,0.23381643,1,95,151,0.8913044,0.0,-1.4121522,10.588158,0.10869565
688090.SH,21.82338,21.82338,0.00017298476,0.00018804062,0.3887497,0.31016043,1,95,151,0.8235294,0.0,-0.4491294,0.6563146,0.1764706
688091.SH,19.158268,19.158268,0.00017386784,0.00018804062,0.3849997,0.21343537,1,96,56,0.85714287,0.0,-1.2588388,8.789814,0.14285715
688092.SH,14.063784,14.063784,0.00014629199,0.00018804062,0.36833304,0.1308677,1,61,124,0.84210527,0.0,-2.2412183,4.5107527,0.15789473
688093.SH,13.397092,13.397092,0.00013473831,0.00018804062,0.37833303,0.2788051,1,33,251,0.81578946,0.0,-1.4246895,9.419684,0.18421052
688095.SH,19.595827,19.595827,0.00017271971,0.00018804062,0.39333302,0.21040975,1,33,251,0.6976744,0.0,-2.0198534,-5.867575,0.30232558
688096.SH,16.181356,16.181356,0.00015866516,0.00018804062,0.3699997,0.14651494,1,61,124,0.57894737,0.0,-0.9564052,2.162829,0.42105263
688097.SH,15.274286,15.274286,0.00015465058,0.00018804062,0.3824997,0.10080645,1,89,72,0.53125,0.0,-2.2998748,1.7856537,0.46875
688098.SH,11.734253,11.734253,0.00011655907,0.00018804062,0.37333304,0.3083779,1,84,2,1.0,0.0,-1.4182205,-9.144593,0.0
688099.SH,15.610838,15.610838,0.00014611428,0.00018804062,0.39666635,0.33461538,1,7,111,0.85,0.0,-1.055305,15.854566,0.15
688100.SH,13.627158,13.627158,0.00012265245,0.00018804062,0.39416635,0.3939394,1,95,151,0.93939394,0.0,-1.0392606,16.75881,0.060606062
688101.SH,12.283026,12.283026,0.00012200646,0.00018804062,0.39083302,0.32859176,1,93,192,0.94736844,0.0,-1.1129949,16.366983,0.05263158
688102.SH,12.190357,12.190357,0.00011260218,0.00018804062,0.38166636,0.37611407,1,22,208,0.9411765,0.0,-2.3545146,10.959352,0.05882353
688103.SH,11.818686,11.818686,0.00012144416,0.00018804062,0.36333305,0.18951613,1,22,208,0.96875,0.0,-1.0994375,3.2536268,0.03125
688105.SH,14.161063,14.161063,0.00013605344,0.00018804062,0.35999972,0.2923387,1,27,217,0.78125,0.0,-1.7689906,-6.8029237,0.21875
688106.SH,12.078463,12.078463,0.00011707635,0.00018804062,0.39166635,0.2027027,1,57,68,0.8648649,0.0,-0.1425325,0.2573453,0.13513513
688107.SH,49.80842,49.80842,0.00036793284,0.00018804062,0.44166633,0.15189256,1,22,208,0.84615386,0.0,-1.6138945,-10.388182,0.15384616
688108.SH,9.356869,9.356869,9.624315e-05,0.00018804062,0.38416636,0.30846775,1,51,81,0.96875,0.0,-1.6843656,15.088194,0.03125
688109.SH,12.825267,12.825267,0.00012307284,0.00018804062,0.3849997,0.28219697,1,40,114,0.8181818,0.0,-1.7463667,13.989883,0.18181819
688110.SH,17.178852,17.178852,0.0001380172,0.00018804062,0.408333,0.3608871,1,23,94,1.0,0.0,-1.6689407,-24.517431,0.0
688111.SH,20.734148,20.734148,0.00017730621,0.00018804062,0.40666634,0.27260458,1,96,56,0.8974359,0.0,-0.62355125,15.364504,0.102564104
688112.SH,15.097094,15.097094,0.00014344954,0.00018804062,0.37916636,0.26024956,1,23,94,0.9411765,0.0,-0.66451764,12.911403,0.05882353
688113.SH,11.032845,11.032845,0.00011343196,0.00018804062,0.38166636,0.36541888,1,52,65,0.9117647,0.0,-0.625247,16.19217,0.0882353
688114.SH,21.54761,21.54761,0.00019489408,0.00018804062,0.37833303,0.25825825,1,51,81,0.2972973,0.0,-1.2054297,-0.07879966,0.7027027
688115.SH,12.597458,12.597458,0.00012121974,0.00018804062,0.38333303,0.30588236,1,43,94,0.8857143,0.0,-1.5590885,-11.422244,0.114285715
688116.SH,16.893791,16.893791,0.0001653263,0.00018804062,0.36333305,0.121212125,1,15,191,0.3529412,0.0,-0.92540586,3.2821853,0.64705884
688117.SH,19.327456,19.327456,0.00017116187,0.00018804062,0.39999968,0.24949495,1,69,305,0.5555556,0.0,-0.28270447,12.350824,0.44444445
688118.SH,21.917646,21.917646,0.00018656597,0.00018804062,0.400833,0.1961147,1,86,4,0.9574468,0.0,-1.6856043,-9.357124,0.04255319
688119.SH,10.054872,10.054872,0.000114815026,0.00018804062,0.35999972,0.23870967,1,2,80,0.9354839,0.0,-0.93228716,2.4888163,0.06451613
688120.SH,16.219662,16.219662,0.00014764028,0.00018804062,0.40749967,0.26713124,1,80,208,0.64285713,0.0,-1.4494452,15.153134,0.35714287
688121.SH,21.472202,21.472202,0.000198617,0.00018804062,0.35958305,0.11951219,1,69,305,0.5121951,0.0,-0.43576586,4.6359515,0.4878049
688122.SH,18.88557,18.88557,0.00018376211,0.00018804062,0.38916636,0.14714715,1,15,191,0.3783784,0.0,-0.7757135,4.6500487,0.6216216
688123.SH,22.591307,22.591307,0.00019206114,0.00018804062,0.39999968,0.20744681,1,23,94,0.8125,0.0,-1.3514291,13.879486,0.1875
688125.SH,20.655325,20.655325,0.00017195406,0.00018804062,0.39749968,0.2020202,1,5,286,0.7777778,0.0,-1.6375178,-15.291129,0.22222222
688126.SH,27.459812,27.459812,0.00021521874,0.00018804062,0.398333,0.2557652,1,93,192,0.5185185,0.0,-2.0153778,-14.464395,0.4814815
688127.SH,19.304916,19.304916,0.00016494113,0.00018804062,0.40416634,0.24561404,1,33,251,0.7692308,0.0,-1.6382742,14.77478,0.23076923
688128.SH,11.827846,11.827846,0.0001261377,0.00018804062,0.3849997,0.12477718,1,33,251,0.8235294,0.0,-1.1117853,9.345812,0.1764706
688129.SH,10.186917,10.186917,0.000112981186,0.00018804062,0.38916636,0.1954023,1,69,305,0.7,0.0,-1.1045568,5.22126,0.3
688130.SH,14.690784,14.690784,0.00013106583,0.00018804062,0.37833303,0.33613446,1,27,217,0.8,0.0,-1.67502,-12.984935,0.2
688131.SH,14.570047,14.570047,0.00014627623,0.00018804062,0.37583303,0.13012478,1,74,159,0.6764706,0.0,-0.86842346,4.3952017,0.32352942
688132.SH,22.73921,22.73921,0.00018806316,0.00018804062,0.3849997,0.22960994,1,19,162,0.7291667,0.0,-2.153271,-9.909631,0.27083334
688133.SH,12.614165,12.614165,0.00013244241,0.00018804062,0.36083305,0.15238096,1,77,117,0.7777778,0.0,-0.12150833,0.032417174,0.22222222
688135.SH,12.528836,12.528836,0.00013057776,0.00018804062,0.37541637,0.15172414,1,5,286,0.7,0.0,-2.0933836,-3.5563543,0.3
688136.SH,14.802212,14.802212,0.00014172557,0.00018804062,0.38583302,0.25,1,91,229,0.45454547,0.0,-1.2464576,1.333755,0.54545456
688137.SH,17.126808,17.126808,0.0001466633,0.00018804062,0.38583302,0.34759358,1,24,84,0.8235294,0.0,-1.4453324,-13.68591,0.1764706
688138.SH,15.803911,15.803911,0.00015714637,0.00018804062,0.3699997,0.10887097,1,7,111,0.5625,0.0,-1.7201688,4.0082927,0.4375
688139.SH,20.236263,20.236263,0.00018683952,0.00018804062,0.3566664,0.18145162,1,69,305,0.21875,0.0,-1.5156313,5.359844,0.78125
688141.SH,37.69553,37.69553,0.00025248967,0.00018804062,0.3899997,0.2897436,1,93,192,0.875,0.0,-1.5257524,-24.71878,0.125
688143.SH,21.493217,21.493217,0.00017791372,0.00018804062,0.38833302,0.23921569,1,7,111,0.5686275,0.0,-1.7510489,1.6081823,0.43137255
688146.SH,12.749994,12.749994,0.00012251336,0.00018804062,0.39416635,0.25591397,1,69,305,0.83870965,0.0,0.010022501,4.299821,0.16129032
688147.SH,16.062618,16.062618,0.00015341457,0.00018804062,0.37333304,0.123123124,1,96,56,0.7297297,0.0,-1.4084026,11.566001,0.27027026
688148.SH,18.068794,18.068794,0.00014487971,0.00018804062,0.3824997,0.34759358,1,1,211,0.9117647,0.0,-0.5223236,1.5459559,0.0882353
688150.SH,17.3634,17.3634,0.00015404112,0.00018804062,0.3924997,0.3123123,1,1,211,0.8648649,0.0,-0.72839993,14.901955,0.13513513
688151.SH,16.290232,16.290232,0.00015252293,0.00018804062,0.3724997,0.15508021,1,23,94,0.47058824,0.0,-2.1135294,4.3467503,0.5294118
688152.SH,15.802839,15.802839,0.00014013976,0.00018804062,0.3899997,0.31269842,1,40,114,0.75,0.0,-1.1903917,-11.812029,0.25
688153.SH,17.698896,17.698896,0.00016545942,0.00018804062,0.37166637,0.14864865,1,61,124,0.43243244,0.0,-1.5837027,4.5584135,0.5675676
688155.SH,12.11901,12.11901,0.00011899723,0.00018804062,0.39499968,0.2762763,1,40,114,0.8918919,0.0,-0.8668757,15.61403,0.10810811
688156.SH,16.577269,16.577269,0.00015554612,0.00018804062,0.3849997,0.21621622,1,61,124,0.4473684,0.0,-1.8809633,-6.9270005,0.55263156
688157.SH,10.178028,10.178028,0.00010794956,0.00018804062,0.3649997,0.28024194,1,7,111,0.75,0.0,-1.376797,3.4683313,0.25
688158.SH,16.786894,16.786894,0.00015190605,0.00018804062,0.39333302,0.18353577,1,89,72,0.82051283,0.0,-0.72001034,-3.284978,0.17948718
688159.SH,15.46526,15.46526,0.00015195302,0.00018804062,0.36833304,0.17613636,1,95,151,0.6969697,0.0,-0.49459696,5.222569,0.3030303
688160.SH,23.673101,23.673101,0.00020705641,0.00018804062,0.37416637,0.24390244,1,61,124,0.34146342,0.0,-1.721956,1.5958911,0.6585366
688161.SH,18.236494,18.236494,0.00017061188,0.00018804062,0.3774997,0.16031747,1,5,286,0.8611111,0.0,-1.2429833,8.112137,0.1388889
688162.SH,17.185453,17.185453,0.00016614808,0.00018804062,0.38333303,0.10660661,1,93,192,0.7027027,0.0,-1.7361485,-0.15343451,0.2972973
688163.SH,19.55437,19.55437,0.0001770614,0.00018804062,0.40499967,0.24784313,1,2,80,0.8039216,0.0,-1.5985156,7.72244,0.19607843
688165.SH,83.27847,83.27847,0.00061174564,0.00018804062,0.44583297,0.10668127,1,40,114,0.90361446,0.0,-1.5190748,-10.685447,0.09638554
688166.SH,18.590004,18.590004,0.00015801474,0.00018804062,0.39166635,0.22307692,1,93,192,0.85,0.0,-0.82755005,3.2319565,0.15
688167.SH,13.697199,13.697199,0.00012092205,0.00018804062,0.39583302,0.32459676,1,5,286,0.84375,0.0,-1.4777813,-21.291952,0.15625
688168.SH,16.827856,16.827856,0.0001589484,0.00018804062,0.35124972,0.07816092,1,22,208,0.56666666,0.0,-0.24891661,-1.0352894,0.43333334
688169.SH,15.276197,15.276197,0.00015419655,0.00018804062,0.39416638,0.15647227,1,80,208,0.7631579,0.0,-0.6669157,9.623616,0.23684211
688170.SH,7.9592814,7.9592814,8.108133e-05,0.00018804062,0.408333,0.26206896,1,80,208,1.0,0.0,-1.6689867,-14.8936205,0.0
688171.SH,14.92822,14.92822,0.00013772052,0.00018804062,0.37333304,0.25604552,1,20,96,0.57894737,0.0,-0.7924736,1.7173579,0.42105263
688172.SH,16.808094,16.808094,0.00016095437,0.00018804062,0.38041636,0.17004049,1,12,252,0.51282054,0.0,-1.2653359,-1.1295719,0.4871795
688173.SH,22.31935,22.31935,0.00018925565,0.00018804062,0.4174997,0.20483091,1,21,149,0.9347826,0.0,-1.8380436,-15.050545,0.06521739
688175.SH,15.272684,15.272684,0.00014181243,0.00018804062,0.38833302,0.25487804,1,33,251,0.75609756,0.0,-1.3676072,-9.831927,0.24390244
688176.SH,173.06049,173.06049,0.0012475776,0.00018804062,0.49249962,0.084431075,1,59,157,0.9614148,0.0,-1.5329967,-6.5686264,0.03858521
688177.SH,51.739685,51.739685,0.00034212344,0.00018804062,0.41166633,0.22250639,1,59,157,0.95652175,0.0,-2.2192838,-18.135038,0.04347826
688178.SH,13.337667,13.337667,0.00012713608,0.00018804062,0.39749968,0.26045883,1,27,217,0.64102566,0.0,-0.9331128,-19.091862,0.35897437
688179.SH,12.989152,12.989152,0.00013252863,0.00018804062,0.3899997,0.20341393,1,87,102,0.8947368,0.0,-0.69604206,12.00058,0.10526316
688180.SH,23.48669,23.48669,0.0001777818,0.00018804062,0.38708302,0.4034091,1,40,114,0.90909094,0.0,-2.0614212,-22.584902,0.09090909
688181.SH,17.940405,17.940405,0.00017000496,0.00018804062,0.39583302,0.114709854,1,69,305,0.46153846,0.0,-1.6558051,3.2026715,0.53846157
688182.SH,16.572401,16.572401,0.00015595993,0.00018804062,0.37416637,0.10080645,1,33,251,0.75,0.0,-1.6227249,3.8004322,0.25
688183.SH,19.41031,19.41031,0.0001629383,0.00018804062,0.39083302,0.29411766,1,93,192,0.85294116,0.0,-1.3168707,16.21257,0.14705883
688185.SH,25.16522,25.16522,0.0002063044,0.00018804062,0.37416637,0.18401207,1,69,305,0.5192308,0.0,-0.8686539,2.734998,0.48076922
688186.SH,20.82362,20.82362,0.00019444653,0.00018804062,0.35749972,0.21621622,1,40,114,0.21621622,0.0,-1.2030513,4.0688806,0.7837838
688187.SH,22.351051,22.351051,0.00020345236,0.00018804062,0.36583304,0.12307692,1,93,192,0.575,0.0,-1.1235874,4.5823197,0.425
688188.SH,196.67532,196.67532,0.0015353656,0.00018804062,0.50999963,0.06406612,1,40,114,0.96162045,0.0,-1.1021441,10.879837,0.03837953
688189.SH,25.417511,25.417511,0.00019533883,0.00018804062,0.3924997,0.31764707,1,5,286,0.9142857,0.0,-1.7765714,-18.570152,0.08571429
688190.SH,11.205887,11.205887,0.00011429449,0.00018804062,0.3874997,0.38146168,1,57,68,0.9705882,0.0,-1.5451353,16.232498,0.029411765
688191.SH,19.010893,19.010893,0.00018192118,0.00018804062,0.36124972,0.23897582,1,102,50,0.4473684,0.0,-0.8708974,4.9955096,0.55263156
688192.SH,328.64346,328.64346,0.002215491,0.00018804062,0.5116663,0.07025533,1,52,65,0.97104675,0.0,-1.5773077,-11.42992,0.02895323
688193.SH,11.355901,11.355901,0.00011394376,0.00018804062,0.37166637,0.17741935,1,80,208,0.78125,0.0,-1.6036313,-0.94404995,0.21875
688195.SH,77.417656,77.417656,0.0005536894,0.00018804062,0.42749965,0.16796339,1,40,114,0.93043476,0.0,-2.079786,6.889863,0.069565214
688196.SH,21.097801,21.097801,0.00019721709,0.00018804062,0.37291637,0.08717949,1,21,149,0.825,0.0,-1.340325,2.8150125,0.175
688197.SH,153.13907,153.13907,0.0011150078,0.00018804062,0.47833297,0.08025951,1,57,68,0.97472924,0.0,-1.5610882,-5.22474,0.025270758
688198.SH,25.791513,25.791513,0.00022102852,0.00018804062,0.39499968,0.24746008,1,19,162,0.7358491,0.0,-1.3129019,11.8786335,0.26415095
688199.SH,12.158968,12.158968,0.00013284171,0.00018804062,0.35708305,0.16194332,1,30,30,0.7948718,0.0,-0.51099735,4.396064,0.20512821
688200.SH,24.774286,24.774286,0.00020517225,0.00018804062,0.42166632,0.2631976,1,61,124,0.5,0.0,-1.3490499,9.646377,0.5
688201.SH,18.452438,18.452438,0.00016079252,0.00018804062,0.39416635,0.25,1,61,124,0.4878049,0.0,-1.780205,-8.531294,0.5121951
688202.SH,12.645599,12.645599,0.00011183408,0.00018804062,0.39916635,0.36898395,1,61,124,0.9117647,0.0,-1.8718234,-25.61877,0.0882353
688203.SH,12.90615,12.90615,0.00013043942,0.00018804062,0.3724997,0.2057057,1,5,286,0.8378378,0.0,-1.0811352,2.3577461,0.16216215
688205.SH,25.08647,25.08647,0.00019375244,0.00018804062,0.39499968,0.25581396,1,22,208,0.59090906,0.0,-1.1874772,2.562922,0.4090909
688206.SH,19.945795,19.945795,0.00017723949,0.00018804062,0.39083302,0.16214179,1,17,17,0.9807692,0.0,-2.041183,2.7118306,0.01923077
688207.SH,35.4018,35.4018,0.00027379807,0.00018804062,0.39333302,0.2626728,1,12,252,0.7777778,0.0,-1.7859665,-9.252476,0.22222222
688208.SH,19.715702,19.715702,0.0001698113,0.00018804062,0.39499968,0.2972973,1,12,252,0.7567568,0.0,-0.41799462,15.797829,0.24324325
688209.SH,13.247067,13.247067,0.00013709572,0.00018804062,0.3824997,0.21401516,1,33,251,0.6060606,0.0,-1.3682969,2.507681,0.3939394
688210.SH,18.918121,18.918121,0.00017500897,0.00018804062,0.37083304,0.13495277,1,61,124,0.53846157,0.0,-1.7482771,2.5124006,0.46153846
688211.SH,16.44942,16.44942,0.00015854875,0.00018804062,0.38916636,0.17478992,1,12,252,0.6,0.0,-1.18028,-5.709928,0.4
688212.SH,18.737043,18.737043,0.00016041432,0.00018804062,0.3874997,0.18717949,1,89,72,0.85,0.0,-1.7700325,-9.876218,0.15
688213.SH,14.564197,14.564197,0.00013830503,0.00018804062,0.39416635,0.30659536,1,96,56,0.8235294,0.0,-0.9490941,19.860382,0.1764706
688215.SH,17.615932,17.615932,0.00016360974,0.00018804062,0.3949997,0.17619048,1,24,84,0.8055556,0.0,-1.3027501,-2.2053947,0.19444445
688216.SH,18.853493,18.853493,0.00015776388,0.00018804062,0.3899997,0.32317072,1,7,111,0.902439,0.0,-1.7973852,-23.722076,0.09756097
688217.SH,33.57244,33.57244,0.000275541,0.00018804062,0.405833,0.21232876,1,5,286,0.84931505,0.0,-1.1740726,-6.368449,0.15068494
688218.SH,20.361341,20.361341,0.00016959771,0.00018804062,0.39749968,0.25809437,1,69,305,0.5744681,0.0,-1.3108894,-18.75297,0.42553192
688219.SH,18.813854,18.813854,0.00017705708,0.00018804062,0.38083303,0.17435898,1,77,117,0.525,0.0,-0.9768351,4.2438016,0.475
688220.SH,12.978497,12.978497,0.00011254734,0.00018804062,0.39333302,0.38324422,1,23,94,0.9411765,0.0,-1.5801324,-26.508373,0.05882353
688221.SH,33.187817,33.187817,0.00024424866,0.00018804062,0.39166635,0.31717172,1,15,191,0.62222224,0.0,-1.7907265,-19.774775,0.37777779
688222.SH,15.506186,15.506186,0.0001484299,0.00018804062,0.3799997,0.2869875,1,93,192,0.4117647,0.0,-1.4570737,9.705902,0.5882353
688223.SH,22.527395,22.527395,0.00018646513,0.00018804062,0.38916636,0.3135985,1,43,94,0.5319149,0.0,-1.3496171,-21.230875,0.4680851
688225.SH,18.88765,18.88765,0.0001581299,0.00018804062,0.39499968,0.29014844,1,1,211,0.7948718,0.0,-1.2743462,-25.355673,0.20512821
688226.SH,14.57902,14.57902,0.00013079397,0.00018804062,0.39333302,0.284127,1,93,192,0.8055556,0.0,-0.53239995,2.4404352,0.19444445
688227.SH,20.941427,20.941427,0.00017425677,0.00018804062,0.39333302,0.23333333,1,15,191,0.75555557,0.0,-0.71129555,-15.964838,0.24444444
688228.SH,12.64739,12.64739,0.0001282855,0.00018804062,0.38333303,0.14114115,1,19,162,0.9189189,0.0,-1.6347622,-5.020472,0.08108108
688229.SH,25.035946,25.035946,0.00019294515,0.00018804062,0.398333,0.24506389,1,33,251,0.85714287,0.0,-1.7350262,-13.610097,0.14285715
688230.SH,15.045809,15.045809,0.00014925853,0.00018804062,0.37166637,0.19886364,1,95,151,0.90909094,0.0,-1.9573152,1.3300848,0.09090909
688231.SH,11.2781105,11.2781105,0.0001253013,0.00018804062,0.3554164,0.28172043,1,93,192,0.9032258,0.0,-2.738255,4.4682584,0.09677419
688232.SH,14.862852,14.862852,0.00014277929,0.00018804062,0.3724997,0.13068181,1,93,192,0.8787879,0.0,-2.0364547,0.901506,0.121212125
688233.SH,14.431427,14.431427,0.00013903205,0.00018804062,0.397083,0.2215909,1,93,192,0.8787879,0.0,-2.029603,12.585533,0.121212125
688234.SH,12.477244,12.477244,0.000115786694,0.00018804062,0.39749968,0.375,1,5,286,0.8125,0.0,-1.7070158,-26.997475,0.1875
688235.SH,17.884426,17.884426,0.00016301064,0.00018804062,0.39916635,0.12145749,1,19,162,0.82051283,0.0,-1.4188077,4.5386724,0.17948718
688236.SH,14.500484,14.500484,0.0001354193,0.00018804062,0.3799997,0.44385028,1,1,211,0.9705882,0.0,-0.7245529,16.48912,0.029411765
688237.SH,21.184132,21.184132,0.00018982626,0.00018804062,0.38166636,0.12684989,1,23,94,0.77272725,0.0,-1.5044613,2.6769376,0.22727273
688238.SH,50.26328,50.26328,0.00037915268,0.00018804062,0.41416633,0.17302631,1,93,192,0.8541667,0.0,-1.8217239,-9.974019,0.14583333
688239.SH,10.802819,10.802819,0.00012106339,0.00018804062,0.35624972,0.23790322,1,20,96,0.71875,0.0,0.07622503,3.1659906,0.28125
688244.SH,19.141336,19.141336,0.00016060757,0.00018804062,0.39083302,0.33109245,1,80,208,0.85714287,0.0,-1.4882057,-15.340709,0.14285715
688246.SH,19.447844,19.447844,0.00015043738,0.00018804062,0.3899997,0.3901515,1,93,192,0.969697,0.0,-1.7799485,-27.425041,0.030303031
688247.SH,9.736764,9.736764,0.00010528382,0.00018804062,0.39416635,0.15151516,1,91,229,0.8235294,0.0,-1.5261852,2.315866,0.1764706
688248.SH,16.58885,16.58885,0.00015404607,0.00018804062,0.39666635,0.19203414,1,93,192,0.81578946,0.0,-0.7190736,10.823843,0.18421052
688249.SH,15.2731,15.2731,0.00015096855,0.00018804062,0.35958305,0.085057475,1,1,211,0.93333334,0.0,-2.2589502,2.8421996,0.06666667
688251.SH,15.070154,15.070154,0.00014507686,0.00018804062,0.3724997,0.13547237,1,90,27,0.61764705,0.0,-1.5530939,-1.1339847,0.38235295
688252.SH,10.544089,10.544089,0.00011277101,0.00018804062,0.3874997,0.14789917,1,93,192,0.8857143,0.0,-1.2521743,2.812635,0.114285715
688253.SH,28.775362,28.775362,0.00024753084,0.00018804062,0.410833,0.19461697,1,23,94,0.7714286,0.0,-1.7081928,8.284975,0.22857143
688255.SH,20.104397,20.104397,0.00018752577,0.00018804062,0.38333303,0.10227273,1,1,211,0.7878788,0.0,-0.9872909,0.7838732,0.21212122
688256.SH,201.20224,201.20224,0.0014927795,0.00018804062,0.5066663,0.06609918,1,74,159,0.91642654,0.0,-1.9765377,13.462763,0.08357349
688257.SH,14.125182,14.125182,0.00014090486,0.00018804062,0.38083303,0.17678812,1,43,94,0.84615386,0.0,-1.4203385,11.284124,0.15384616
688258.SH,16.732872,16.732872,0.00015139268,0.00018804062,0.37916636,0.24893314,1,19,162,0.7894737,0.0,-1.8855289,11.634494,0.21052632
688259.SH,13.001823,13.001823,0.00013290635,0.00018804062,0.37666637,0.13109244,1,27,217,0.62857145,0.0,-1.5735029,3.6097376,0.37142858
688260.SH,333.08502,333.08502,0.0021325464,0.00018804062,0.5266663,0.07847297,1,61,124,0.9427861,0.0,-1.5885614,-17.233458,0.05721393
688261.SH,12.559623,12.559623,0.00012720047,0.00018804062,0.3774997,0.19310345,1,89,72,0.76666665,0.0,-2.1015732,2.4604366,0.23333333
688262.SH,25.451618,25.451618,0.00020000097,0.00018804062,0.403333,0.24545455,1,22,208,0.5555556,0.0,-1.7263578,-14.828494,0.44444445
688265.SH,16.236837,16.236837,0.00015000202,0.00018804062,0.38583302,0.17117117,1,61,124,0.5135135,0.0,-1.3283217,1.6424371,0.4864865
688266.SH,34.63662,34.63662,0.00024822028,0.00018804062,0.38666636,0.23809524,1,89,72,0.9183673,0.0,-2.1954,-18.957243,0.08163265
688267.SH,14.223048,14.223048,0.00013911862,0.00018804062,0.37666637,0.22267206,1,12,252,0.74358976,0.0,-0.9714256,11.456489,0.25641027
688268.SH,16.807606,16.807606,0.00015550817,0.00018804062,0.39499968,0.17923187,1,61,124,0.47368422,0.0,-0.536479,7.8702393,0.5263158
688269.SH,11.679868,11.679868,0.00012285523,0.00018804062,0.37583303,0.1876877,1,69,305,0.7837838,0.0,-0.4295703,-1.5951602,0.21621622
688270.SH,14.482693,14.482693,0.00012868053,0.00018804062,0.40499967,0.23123123,1,95,151,0.972973,0.0,-1.8847246,7.021054,0.027027028
688271.SH,10.978602,10.978602,0.00011665788,0.00018804062,0.36416638,0.18181819,1,7,111,0.7878788,0.0,-2.1249728,3.604929,0.21212122
688272.SH,21.555422,21.555422,0.00017411097,0.00018804062,0.39666635,0.23030303,1,12,252,0.75555557,0.0,-1.5791289,-19.400974,0.24444444
688273.SH,15.791015,15.791015,0.00015496898,0.00018804062,0.36791638,0.14438502,1,1,211,0.85294116,0.0,-1.3310558,5.6567087,0.14705883
688275.SH,17.438618,17.438618,0.00015178866,0.00018804062,0.403333,0.2543554,1,61,124,0.7380952,0.0,-1.3468072,-20.414927,0.26190478
688276.SH,13.411185,13.411185,0.00012549023,0.00018804062,0.37083304,0.3827957,1,96,56,0.9032258,0.0,-1.6553258,-11.171589,0.09677419
688277.SH,29.426258,29.426258,0.00022690091,0.00018804062,0.39416635,0.31037414,1,12,252,0.79591835,0.0,-1.3561959,-12.229809,0.20408164
688278.SH,249.26091,249.26091,0.0019253842,0.00018804062,0.52583295,0.05574269,1,61,124,0.9511344,0.0,-1.1545129,13.040479,0.04886562
688279.SH,13.73057,13.73057,0.00013421336,0.00018804062,0.37916636,0.28342247,1,93,192,0.8235294,0.0,-1.3562088,11.986341,0.1764706
688280.SH,18.282917,18.282917,0.00017771013,0.00018804062,0.3899997,0.106852494,1,57,68,0.61904764,0.0,-1.3314714,6.119729,0.3809524
688281.SH,13.595097,13.595097,0.00014259349,0.00018804062,0.38166636,0.17045455,1,51,81,0.6363636,0.0,-0.92517877,6.24706,0.36363637
688282.SH,12.91028,12.91028,0.00012961065,0.00018804062,0.38083303,0.17849462,1,19,162,0.6451613,0.0,-1.0617839,-6.007782,0.3548387
688283.SH,14.774388,14.774388,0.00014846348,0.00018804062,0.36041638,0.08467742,1,19,162,0.78125,0.0,-1.7595937,4.6246843,0.21875
688285.SH,14.6172085,14.6172085,0.00014471821,0.00018804062,0.35749972,0.16470589,1,1,211,0.6857143,0.0,-0.95963144,0.98051167,0.31428573
688286.SH,9.983385,9.983385,0.000107825974,0.00018804062,0.38583302,0.16781609,1,93,192,0.8333333,0.0,-1.1686265,1.5759488,0.16666667
688288.SH,14.158212,14.158212,0.00014334286,0.00018804062,0.37833303,0.09848485,1,22,208,0.6666667,0.0,-2.0298514,3.749106,0.33333334
688289.SH,13.31488,13.31488,0.00013800939,0.00018804062,0.36166638,0.19786096,1,61,124,0.8235294,0.0,-1.4825646,3.996691,0.1764706
688290.SH,17.101301,17.101301,0.00016167977,0.00018804062,0.37916636,0.121212125,1,80,208,0.64705884,0.0,-2.3654442,-1.2612936,0.3529412
688291.SH,16.559795,16.559795,0.00016579119,0.00018804062,0.37166637,0.2119488,1,27,217,0.4473684,0.0,-1.6419604,5.259757,0.55263156
688292.SH,14.81574,14.81574,0.0001462934,0.00018804062,0.3799997,0.1942959,1,2,80,0.61764705,0.0,-1.3347058,-5.9173803,0.38235295
688293.SH,20.5502,20.5502,0.00017974325,0.00018804062,0.3712497,0.37310606,1,11,17,0.5151515,0.0,-1.4948605,-1.2905358,0.4848485
688295.SH,24.55635,24.55635,0.00020125408,0.00018804062,0.42166632,0.17710438,1,95,151,0.8727273,0.0,-0.8370237,1.6335567,0.12727273
688296.SH,20.55035,20.55035,0.00017098669,0.00018804062,0.39333302,0.2410148,1,22,208,0.72727275,0.0,-2.0213206,-18.084831,0.27272728
688297.SH,14.04234,14.04234,0.00013188398,0.00018804062,0.3649997,0.21568628,1,96,56,0.88235295,0.0,-1.4863824,1.4707793,0.11764706
688298.SH,18.42834,18.42834,0.00015528541,0.00018804062,0.3799997,0.31904763,1,12,252,0.5277778,0.0,-1.5757972,-14.070088,0.4722222
688299.SH,12.855794,12.855794,0.00011783796,0.00018804062,0.3849997,0.37815127,1,14,83,0.8,0.0,-1.9581228,-27.774288,0.2
688300.SH,23.012379,23.012379,0.00020114862,0.00018804062,0.40916634,0.19326241,1,14,83,1.0,0.0,-2.1986687,13.18978,0.0
688301.SH,12.230635,12.230635,0.000118213204,0.00018804062,0.38083303,0.3560606,1,24,84,0.7878788,0.0,-0.5830364,13.439798,0.21212122
688302.SH,67.337364,67.337364,0.00050445064,0.00018804062,0.41666633,0.19765428,1,19,162,0.93495935,0.0,-1.5592284,-5.8275137,0.06504065
688303.SH,18.548243,18.548243,0.00016489232,0.00018804062,0.39916635,0.16811594,1,14,83,0.82608694,0.0,-1.0061804,-8.922067,0.17391305
688305.SH,12.444367,12.444367,0.00012643242,0.00018804062,0.36583304,0.18709677,1,93,192,0.87096775,0.0,-1.1524582,2.4473295,0.12903225
688306.SH,26.650898,26.650898,0.00020371508,0.00018804062,0.3849997,0.22475107,1,2,80,0.84210527,0.0,-0.9625422,-0.3277232,0.15789473
688307.SH,8.402004,8.402004,9.239262e-05,0.00018804062,0.38666636,0.2,1,21,149,0.8666667,0.0,-1.9805334,4.3938622,0.13333334
688308.SH,18.23238,18.23238,0.00017821575,0.00018804062,0.38333303,0.11382114,1,100,10,0.8333333,0.0,-0.37593094,3.9058545,0.16666667
688309.SH,20.504509,20.504509,0.00018546899,0.00018804062,0.3749997,0.22063492,1,23,94,0.41666666,0.0,-1.3252473,3.8409052,0.5833333
688310.SH,16.025135,16.025135,0.00015374995,0.00018804062,0.38083303,0.16477273,1,6,36,0.8484849,0.0,-1.7524849,5.0436864,0.15151516
688311.SH,8.385189,8.385189,9.54682e-05,0.00018804062,0.3674997,0.23174603,1,5,286,0.8888889,0.0,-2.38935,-0.70574164,0.11111111
688312.SH,18.517225,18.517225,0.00017216684,0.00018804062,0.38416636,0.13963965,1,80,208,0.5945946,0.0,-1.8658648,6.2061033,0.4054054
688313.SH,42.689407,42.689407,0.0003154514,0.00018804062,0.403333,0.23553477,1,22,208,0.69491524,0.0,-2.7154965,7.87859,0.30508474
688314.SH,25.414927,25.414927,0.00021058765,0.00018804062,0.38916636,0.30367348,1,61,124,0.48,0.0,-1.013848,11.990986,0.52
688315.SH,16.987541,16.987541,0.00016097301,0.00018804062,0.38083306,0.20967741,1,22,208,0.40625,0.0,-1.7628781,5.911953,0.59375
688316.SH,207.98717,207.98717,0.0012734703,0.00018804062,0.47083297,0.15063263,1,7,111,0.9375,0.0,-1.7277266,-17.34647,0.0625
688317.SH,15.826974,15.826974,0.00013923284,0.00018804062,0.38166636,0.47956988,1,61,124,0.9032258,0.0,-1.4912031,-13.399472,0.09677419
688318.SH,36.47291,36.47291,0.00031118054,0.00018804062,0.415833,0.18256235,1,33,251,0.9223301,0.0,-1.4927233,6.7377167,0.0776699
688319.SH,24.175457,24.175457,0.00019805349,0.00018804062,0.40416634,0.20135747,1,7,111,0.53846157,0.0,-1.5435346,-0.23085451,0.46153846
688320.SH,20.15818,20.15818,0.00016922675,0.00018804062,0.39083302,0.25346902,1,61,124,0.63829786,0.0,-1.5909894,-17.221186,0.3617021
688321.SH,18.427937,18.427937,0.00017455191,0.00018804062,0.38666636,0.07777778,1,69,305,0.7222222,0.0,-0.4306333,-1.5757456,0.2777778
688322.SH,10.384677,10.384677,0.0001010233,0.00018804062,0.39416635,0.25882354,1,61,124,0.8857143,0.0,-2.2292514,5.8514547,0.114285715
688323.SH,13.801397,13.801397,0.00012105667,0.00018804062,0.398333,0.35650623,1,33,251,0.7941176,0.0,-2.4858587,-28.763504,0.20588236
688325.SH,13.631531,13.631531,0.0001377092,0.00018804062,0.3799997,0.22916667,1,87,102,0.7878788,0.0,-0.9182727,6.4816422,0.21212122
688326.SH,19.408863,19.408863,0.00018096105,0.00018804062,0.40666637,0.10227273,1,96,56,0.90909094,0.0,-1.3899696,2.4217968,0.09090909
688327.SH,24.36025,24.36025,0.00018356818,0.00018804062,0.40166634,0.30384615,1,61,124,0.65,0.0,-1.5205151,-21.465008,0.35
688328.SH,14.530355,14.530355,0.00014487136,0.00018804062,0.38583302,0.115615614,1,7,111,0.7027027,0.0,-1.5993865,7.1518297,0.2972973
688329.SH,16.346231,16.346231,0.00015494238,0.00018804062,0.35458305,0.14112903,1,61,124,0.59375,0.0,-2.0227625,2.644069,0.40625
688330.SH,25.14739,25.14739,0.00020998764,0.00018804062,0.40499967,0.2580392,1,61,124,0.64705884,0.0,-0.93708426,13.53167,0.3529412
688331.SH,33.669006,33.669006,0.00026944352,0.00018804062,0.39916635,0.18221153,1,22,208,0.7076923,0.0,-1.4572061,10.255399,0.2923077
688332.SH,164.41383,164.41383,0.0013294161,0.00018804062,0.5324996,0.044600584,1,22,208,0.9110629,0.0,-1.274074,12.661825,0.0889371
688333.SH,12.326777,12.326777,0.00012917462,0.00018804062,0.37166637,0.2062589,1,89,72,0.81578946,0.0,-1.0843265,5.6711235,0.18421052
688334.SH,18.796038,18.796038,0.00016637889,0.00018804062,0.40416637,0.25161886,1,22,208,0.7659575,0.0,-0.81624687,10.807575,0.23404256
688335.SH,14.791586,14.791586,0.00013121818,0.00018804062,0.3749997,0.27051282,1,27,217,0.85,0.0,-0.9732901,2.471624,0.15
688336.SH,356.66382,356.66382,0.0027976616,0.00018804062,0.56666625,0.032453388,1,5,286,0.93020594,0.0,-1.1671754,11.44314,0.06979405
688337.SH,16.193525,16.193525,0.00015922805,0.00018804062,0.35583305,0.21746881,1,15,191,0.4117647,0.0,-1.9449972,2.5460236,0.5882353
688338.SH,10.168206,10.168206,0.00010456993,0.00018804062,0.38083303,0.3529412,1,51,81,0.9411765,0.0,-1.1272354,9.45591,0.05882353
688339.SH,31.44265,31.44265,0.0002390476,0.00018804062,0.39916635,0.2917647,1,34,43,0.88235295,0.0,-1.9834764,-17.094997,0.11764706
688343.SH,20.225801,20.225801,0.00016392591,0.00018804062,0.40416637,0.31025642,1,5,286,0.725,0.0,-1.598815,-22.818817,0.275
688345.SH,12.297528,12.297528,0.00013160927,0.00018804062,0.35458305,0.16989248,1,20,96,0.67741936,0.0,-2.2986677,4.1700873,0.32258064
688347.SH,19.98298,19.98298,0.00016484088,0.00018804062,0.38666636,0.2653846,1,12,252,0.6,0.0,-1.0518725,2.21697,0.4
688348.SH,16.987082,16.987082,0.00016187305,0.00018804062,0.36833304,0.17204301,1,24,84,0.48387095,0.0,-1.0848806,4.607374,0.516129
688349.SH,9.796699,9.796699,0.00010490662,0.00018804062,0.38583302,0.24827586,1,22,208,0.93333334,0.0,-0.99584997,-24.585972,0.06666667
688350.SH,12.032145,12.032145,0.0001275159,0.00018804062,0.35999972,0.1657754,1,14,83,0.7352941,0.0,0.13262944,3.144823,0.2647059
688351.SH,14.929298,14.929298,0.00015050311,0.00018804062,0.37416637,0.10037879,1,14,83,0.8484849,0.0,-1.5518665,2.8846457,0.15151516
688352.SH,13.41392,13.41392,0.00013713486,0.00018804062,0.3649997,0.21609196,1,17,17,0.73333335,0.0,-2.2033198,5.539137,0.26666668
688353.SH,119.111855,119.111855,0.00082121446,0.00018804062,0.453333,0.15520564,1,40,114,0.94827586,0.0,-1.244726,0.83016545,0.05172414
688355.SH,15.835977,15.835977,0.00015484134,0.00018804062,0.3637497,0.11806543,1,22,208,0.81578946,0.0,-1.6052027,2.9855447,0.18421052
688356.SH,17.055233,17.055233,0.00016485137,0.00018804062,0.3849997,0.14367,1,2,80,0.84210527,0.0,-1.1489158,7.0449724,0.15789473
688357.SH,19.270124,19.270124,0.00017696676,0.00018804062,0.36083305,0.12539683,1,93,192,0.5555556,0.0,-1.5890833,3.426528,0.44444445
688358.SH,16.66746,16.66746,0.00015883565,0.00018804062,0.38833302,0.13903743,1,33,251,0.5588235,0.0,-1.305297,3.2385266,0.44117647
688359.SH,21.178837,21.178837,0.0001652922,0.00018804062,0.39916635,0.2682927,1,5,286,0.8292683,0.0,-1.6748024,-22.691336,0.17073171
688360.SH,15.110322,15.110322,0.00015120525,0.00018804062,0.3674997,0.14264265,1,69,305,0.7567568,0.0,-2.3262486,6.58266,0.24324325
688361.SH,33.566715,33.566715,0.00025182214,0.00018804062,0.39583302,0.18962584,1,93,192,0.63265306,0.0,-0.64493674,2.6148183,0.36734694
688362.SH,11.185636,11.185636,0.00010625409,0.00018804062,0.3924997,0.32954547,1,93,192,0.90909094,0.0,-1.4516089,-28.426996,0.09090909
688363.SH,15.430685,15.430685,0.00014692462,0.00018804062,0.36416638,0.19770116,1,19,162,0.6666667,0.0,-0.95299,8.442455,0.33333334
688365.SH,15.761973,15.761973,0.0001446361,0.00018804062,0.38083303,0.19568151,1,5,286,0.84615386,0.0,-1.451118,-12.618978,0.15384616
688366.SH,9.882592,9.882592,0.00010460049,0.00018804062,0.3699997,0.36895162,1,2,80,1.0,0.0,-1.7177125,9.709051,0.0
688367.SH,18.241179,18.241179,0.00015654418,0.00018804062,0.38583302,0.23219241,1,7,111,0.78723407,0.0,-0.7376893,0.64759576,0.21276596
688368.SH,10.480152,10.480152,0.00011478734,0.00018804062,0.36541638,0.17849462,1,61,124,0.87096775,0.0,-0.50174195,0.34583557,0.12903225
688369.SH,25.24314,25.24314,0.00018844174,0.00018804062,0.39166635,0.36898395,1,93,192,0.9117647,0.0,-2.1609087,-27.402239,0.0882353
688370.SH,14.226835,14.226835,0.000141913,0.00018804062,0.3649997,0.13781513,1,93,192,0.8,0.0,-0.4357314,3.3682916,0.2
688371.SH,12.301118,12.301118,0.00012243833,0.00018804062,0.38416636,0.110887095,1,61,124,0.75,0.0,-0.31489998,3.3796313,0.25
688372.SH,20.638262,20.638262,0.00019090106,0.00018804062,0.37416637,0.2012012,1,24,84,0.4054054,0.0,-2.241846,5.2647724,0.5945946
688373.SH,350.0321,350.0321,0.002352859,0.00018804062,0.51833296,0.06754608,1,69,305,0.9136842,0.0,-1.4463342,-12.177866,0.08631579
688375.SH,15.800086,15.800086,0.00015225179,0.00018804062,0.3774997,0.18560606,1,33,251,0.4848485,0.0,-1.8744241,10.082595,0.5151515
688376.SH,9.574413,9.574413,0.00010886338,0.00018804062,0.3624997,0.26436782,1,19,162,0.9,0.0,-2.57289,2.2301836,0.1
688377.SH,13.79562,13.79562,0.00013946029,0.00018804062,0.39666635,0.101604275,1,61,124,0.7647059,0.0,-1.1698352,5.643575,0.23529412
688378.SH,16.955858,16.955858,0.00016345279,0.00018804062,0.38333303,0.12298387,1,89,72,0.6875,0.0,-1.3958657,5.6983027,0.3125
688379.SH,14.323552,14.323552,0.00013900528,0.00018804062,0.3849997,0.1402439,1,40,114,0.68292683,0.0,-2.0198805,13.366315,0.31707317
688380.SH,19.096046,19.096046,0.00017861855,0.00018804062,0.39499968,0.10516934,1,95,151,0.8235294,0.0,-1.8086325,5.8534117,0.1764706
688381.SH,14.355567,14.355567,0.00013247051,0.00018804062,0.39083302,0.18168168,1,22,208,0.7027027,0.0,-2.0486,-7.357191,0.2972973
688382.SH,188.20854,188.20854,0.0013577341,0.00018804062,0.49749961,0.06642374,1,1,211,0.9764706,0.0,-1.6566644,-5.4350724,0.023529412
688383.SH,18.220661,18.220661,0.0001694189,0.00018804062,0.3799997,0.11746032,1,24,84,0.5,0.0,-1.8590361,-1.6818216,0.5
688385.SH,13.677046,13.677046,0.00012834872,0.00018804062,0.38916636,0.22988506,1,40,114,0.56666666,0.0,-2.1318567,5.20817,0.43333334
688386.SH,17.534327,17.534327,0.00016174676,0.00018804062,0.39249972,0.17948718,1,1,211,0.675,0.0,-0.8870425,8.25947,0.325
688387.SH,15.804408,15.804408,0.00013506756,0.00018804062,0.39666635,0.36186185,1,51,81,0.7027027,0.0,-1.3645756,-27.61452,0.2972973
688388.SH,16.871044,16.871044,0.00015100327,0.00018804062,0.37666637,0.2752613,1,14,83,0.9047619,0.0,-0.42276904,2.0998833,0.0952381
688389.SH,17.663862,17.663862,0.00017477239,0.00018804062,0.3566664,0.16302522,1,57,68,0.9142857,0.0,-1.4259943,4.7849197,0.08571429
688390.SH,14.272587,14.272587,0.00013969553,0.00018804062,0.3837497,0.20860215,1,24,84,0.516129,0.0,-1.2292033,-7.3984485,0.48387095
688391.SH,12.702045,12.702045,0.0001362014,0.00018804062,0.36541638,0.125,1,80,208,0.7878788,0.0,-0.96296364,2.599979,0.21212122
688392.SH,12.217799,12.217799,0.00012253667,0.00018804062,0.3899997,0.2631579,1,95,151,0.7631579,0.0,-1.8025342,14.023271,0.23684211
688393.SH,14.594204,14.594204,0.00013334904,0.00018804062,0.37833303,0.31060606,1,69,305,0.72727275,0.0,-1.5821576,-8.518667,0.27272728
688395.SH,14.630354,14.630354,0.00015004302,0.00018804062,0.35999972,0.22857143,1,95,151,0.9444444,0.0,-2.3774307,5.1663404,0.055555556
688396.SH,12.577984,12.577984,0.00012633546,0.00018804062,0.36416635,0.085057475,1,2,80,0.8,0.0,-2.644547,-1.1739357,0.2
688398.SH,17.689154,17.689154,0.00017296684,0.00018804062,0.3674997,0.13107823,1,69,305,0.8181818,0.0,-0.9412954,4.333266,0.18181819
688399.SH,18.25087,18.25087,0.00016365583,0.00018804062,0.3849997,0.17923187,1,80,208,0.5,0.0,-1.9398129,-4.5302663,0.5
688400.SH,10.107987,10.107987,0.000110569534,0.00018804062,0.38416636,0.13903743,1,89,72,0.8235294,0.0,-2.3487413,7.253563,0.1764706
688401.SH,13.737043,13.737043,0.00013003241,0.00018804062,0.3849997,0.24242425,1,2,80,0.969697,0.0,-2.409039,15.834392,0.030303031
688403.SH,12.805644,12.805644,0.0001307899,0.00018804062,0.36208305,0.2,1,69,305,0.6,0.0,-1.9391534,3.4458869,0.4
688408.SH,13.312185,13.312185,0.00013767123,0.00018804062,0.36916637,0.15322581,1,33,251,0.84375,0.0,-0.17449996,-0.61590576,0.15625
688409.SH,11.611346,11.611346,0.00012290996,0.00018804062,0.3624997,0.14717741,1,96,56,0.96875,0.0,-1.9861686,3.3264132,0.03125
688410.SH,19.239193,19.239193,0.0001793045,0.00018804062,0.38333303,0.13940255,1,23,94,0.7105263,0.0,-1.1662737,7.427292,0.28947368
688411.SH,15.8716135,15.8716135,0.00015932138,0.00018804062,0.37666637,0.19838056,1,2,80,0.53846157,0.0,-0.84976155,11.119193,0.46153846
688416.SH,20.349474,20.349474,0.00017066416,0.00018804062,0.40166634,0.25551683,1,77,117,0.8095238,0.0,-2.0123832,-17.512278,0.1904762
688418.SH,16.76805,16.76805,0.00014162071,0.00018804062,0.39666635,0.2369338,1,59,157,0.9047619,0.0,-1.8551692,-23.120125,0.0952381
688419.SH,18.06736,18.06736,0.00017172522,0.00018804062,0.38083303,0.2556818,1,43,94,0.21212122,0.0,-0.23196064,2.6926744,0.7878788
688420.SH,13.756841,13.756841,0.0001386237,0.00018804062,0.3724997,0.14793742,1,61,124,0.81578946,0.0,-1.3633026,2.5114896,0.18421052
688425.SH,15.343866,15.343866,0.00015276634,0.00018804062,0.38583302,0.1697479,1,14,83,0.74285716,0.0,-1.8575369,2.8498645,0.25714287
688426.SH,20.606346,20.606346,0.00016760519,0.00018804062,0.38916636,0.34117648,1,80,208,0.8,0.0,-1.8149972,-16.10413,0.2
688428.SH,14.789836,14.789836,0.00013712845,0.00018804062,0.3874997,0.32976827,1,14,83,0.9705882,0.0,-0.5937559,12.725914,0.029411765
688429.SH,23.886694,23.886694,0.00018651244,0.00018804062,0.39166635,0.31848854,1,12,252,0.64102566,0.0,-1.4518512,-25.573996,0.35897437
688432.SH,20.393034,20.393034,0.00018890982,0.00018804062,0.3799997,0.08522727,1,23,94,0.7878788,0.0,-1.0731182,5.947602,0.21212122
688433.SH,22.733944,22.733944,0.00018963352,0.00018804062,0.3924997,0.17714286,1,19,162,0.8,0.0,-1.3654538,1.7050785,0.2
688435.SH,26.501375,26.501375,0.00022498328,0.00018804062,0.39666635,0.18744513,1,5,286,0.86764705,0.0,-1.5228425,-6.3237414,0.13235295
688439.SH,10.093335,10.093335,0.0001097465,0.00018804062,0.3624997,0.16638656,1,1,211,0.94285715,0.0,-2.1735172,1.871897,0.057142857
688443.SH,88.06171,88.06171,0.0006359214,0.00018804062,0.44249967,0.173659,1,89,72,0.9862069,0.0,-1.7670739,-7.5914617,0.013793103
688448.SH,20.679026,20.679026,0.00017376726,0.00018804062,0.37833303,0.19183673,1,23,94,0.94,0.0,-1.745618,4.0040007,0.06
688449.SH,16.610325,16.610325,0.00015551625,0.00018804062,0.38833302,0.13781513,1,59,157,0.82857144,0.0,-2.1610856,8.542341,0.17142858
688450.SH,22.758383,22.758383,0.00018871724,0.00018804062,0.39333302,0.20833333,1,93,192,0.6875,0.0,-1.924275,-9.958453,0.3125
688455.SH,16.317438,16.317438,0.00014024875,0.00018804062,0.40749967,0.37237236,1,2,80,0.6486486,0.0,-1.2634946,-26.926928,0.35135135
688456.SH,11.717386,11.717386,0.00012441403,0.00018804062,0.3637497,0.24731183,1,23,94,0.7741935,0.0,-1.3203839,4.4463663,0.22580644
688458.SH,17.986023,17.986023,0.00017127288,0.00018804062,0.35916638,0.104166664,1,22,208,0.72727275,0.0,-0.993606,3.0322666,0.27272728
688459.SH,16.026339,16.026339,0.00015895678,0.00018804062,0.35583305,0.22267206,1,19,162,0.61538464,0.0,-0.89031535,2.6017566,0.3846154
688466.SH,12.388474,12.388474,0.00012932411,0.00018804062,0.36291638,0.14761905,1,19,162,0.8055556,0.0,-0.17551391,2.3990777,0.19444445
688468.SH,14.020746,14.020746,0.00014003068,0.00018804062,0.37583303,0.14838709,1,93,192,0.83870965,0.0,-0.86172897,6.825292,0.16129032
688469.SH,16.002655,16.002655,0.0001390794,0.00018804062,0.3899997,0.34759358,1,80,208,0.88235295,0.0,-1.3956354,-26.791626,0.11764706
688472.SH,11.668584,11.668584,0.00012175618,0.00018804062,0.37666637,0.049242426,1,82,1,1.0,0.0,-1.8771545,-4.2535133,0.0
688475.SH,16.228659,16.228659,0.00015682484,0.00018804062,0.37416637,0.11363637,1,1,211,0.7878788,0.0,-2.402697,5.132414,0.21212122
688478.SH,19.751003,19.751003,0.00018065317,0.00018804062,0.37583303,0.10960961,1,52,65,0.8108108,0.0,-1.1128216,-1.501588,0.1891892
688479.SH,18.317883,18.317883,0.00016951213,0.00018804062,0.38083303,0.18560606,1,69,305,0.45454547,0.0,-1.1710545,3.1667023,0.54545456
688480.SH,12.966939,12.966939,0.0001333629,0.00018804062,0.36916637,0.1632184,1,12,252,0.5,0.0,-1.23676,-1.701374,0.5
688484.SH,15.990543,15.990543,0.00016458902,0.00018804062,0.36416638,0.20672269,1,27,217,0.4,0.0,-1.1813198,3.8022087,0.6
688485.SH,19.273594,19.273594,0.00017185119,0.00018804062,0.40166634,0.17575757,1,43,94,0.56363636,0.0,-2.1992836,-7.1618824,0.43636364
688486.SH,9.546806,9.546806,0.00010048593,0.00018804062,0.37916636,0.39037433,1,21,149,0.9117647,0.0,-0.5641735,9.190652,0.0882353
688488.SH,18.893385,18.893385,0.0001734902,0.00018804062,0.3824997,0.19838056,1,27,217,0.53846157,0.0,-1.8227973,-5.896402,0.46153846
688489.SH,15.313754,15.313754,0.00014046518,0.00018804062,0.38833302,0.3,1,80,208,0.8611111,0.0,-1.6124167,-10.984113,0.1388889
688496.SH,15.010873,15.010873,0.00013632534,0.00018804062,0.38166636,0.25714287,1,19,162,0.8,0.0,-1.62568,-18.110416,0.2
688498.SH,79.40623,79.40623,0.00058055756,0.00018804062,0.43916634,0.13129771,1,5,286,0.96183205,0.0,-2.2790468,6.924269,0.03816794
688499.SH,9.9290905,9.9290905,0.00010824935,0.00018804062,0.35916638,0.25287357,1,52,65,0.8666667,0.0,-2.9017437,5.3861165,0.13333334
688500.SH,18.363548,18.363548,0.00016392765,0.00018804062,0.3924997,0.23461539,1,80,208,0.575,0.0,-1.8992851,-15.03536,0.425
688501.SH,15.992924,15.992924,0.00015470671,0.00018804062,0.38416636,0.13492064,1,12,252,0.75,0.0,-0.83608603,11.403712,0.25
688502.SH,23.707975,23.707975,0.0001897004,0.00018804062,0.3924997,0.23344947,1,21,149,0.7380952,0.0,-0.82616186,2.2665832,0.26190478
688503.SH,13.821974,13.821974,0.00013953577,0.00018804062,0.37333304,0.14603175,1,96,56,0.9722222,0.0,-0.36941946,6.880237,0.027777778
688505.SH,36.513355,36.513355,0.00029791612,0.00018804062,0.410833,0.15731874,1,69,305,0.872093,0.0,-1.4647477,-5.4000587,0.12790698
688506.SH,23.666065,23.666065,0.00017529824,0.00018804062,0.39583302,0.33783785,1,5,286,0.9189189,0.0,-1.7081082,-20.411173,0.08108108
688507.SH,23.780695,23.780695,0.00019141594,0.00018804062,0.38833302,0.2672065,1,69,305,0.6666667,0.0,-1.8713205,-9.3253565,0.33333334
688508.SH,17.674688,17.674688,0.0001685781,0.00018804062,0.37083304,0.077651516,1,80,208,0.7878788,0.0,-1.5476302,3.07947,0.21212122
688509.SH,18.41708,18.41708,0.0001593083,0.00018804062,0.39749968,0.24848485,1,93,192,0.75555557,0.0,-1.4029999,-20.410816,0.24444444
688510.SH,12.369349,12.369349,0.00013311354,0.00018804062,0.35624972,0.23492064,1,40,114,0.8055556,0.0,-0.18122223,4.008936,0.19444445
688512.SH,17.904425,17.904425,0.00015258002,0.00018804062,0.3924997,0.30769232,1,1,211,0.875,0.0,-1.6981075,-19.887089,0.125
688513.SH,13.265746,13.265746,0.00013250846,0.00018804062,0.3624997,0.13978495,1,12,252,0.61290324,0.0,-1.4380969,3.2136924,0.38709676
688515.SH,20.524988,20.524988,0.00016988334,0.00018804062,0.39333305,0.27477476,1,33,251,0.8108108,0.0,-2.0111406,-16.500702,0.1891892
688516.SH,13.407132,13.407132,0.0001372348,0.00018804062,0.38916636,0.19310345,1,1,211,0.56666666,0.0,-1.9226435,11.029327,0.43333334
688517.SH,12.370379,12.370379,0.0001283944,0.00018804062,0.37166637,0.21212122,1,40,114,0.88235295,0.0,0.2916824,1.6683028,0.11764706
688518.SH,12.180942,12.180942,0.00012989616,0.00018804062,0.36791638,0.07816092,1,33,251,0.6666667,0.0,-1.7467167,2.0986834,0.33333334
688519.SH,15.40274,15.40274,0.00014550747,0.00018804062,0.36833304,0.17424242,1,22,208,0.54545456,0.0,-1.4798667,9.154939,0.45454547
688520.SH,244.9232,244.9232,0.0015236615,0.00018804062,0.47083297,0.11189488,1,69,305,0.8713693,0.0,-1.7051597,-16.557213,0.12863071
688521.SH,36.47092,36.47092,0.00024401426,0.00018804062,0.39083302,0.33681765,1,59,157,0.85714287,0.0,-1.8071073,-22.479605,0.14285715
688522.SH,15.372803,15.372803,0.00015134203,0.00018804062,0.37416637,0.18618618,1,52,65,0.7027027,0.0,-1.7960782,2.2774167,0.2972973
688523.SH,24.905432,24.905432,0.00019354121,0.00018804062,0.38291636,0.3228228,1,21,149,0.7027027,0.0,-1.1551216,1.6611594,0.2972973
688525.SH,31.47799,31.47799,0.00025675734,0.00018804062,0.400833,0.20847458,1,15,191,0.8833333,0.0,-1.5438483,15.680387,0.11666667
688526.SH,21.35555,21.35555,0.00018750597,0.00018804062,0.38999972,0.27659574,1,22,208,0.7708333,0.0,-1.1668541,12.425769,0.22916667
688528.SH,22.929562,22.929562,0.00018467808,0.00018804062,0.38916636,0.33536586,1,77,117,0.68292683,0.0,-2.1440465,-21.977732,0.31707317
688529.SH,350.6971,350.6971,0.0024975915,0.00018804062,0.5533329,0.045135293,1,59,157,0.9518072,0.0,-1.2680035,-10.439067,0.04819277
688530.SH,42.83754,42.83754,0.00034557286,0.00018804062,0.43749964,0.16949496,1,76,26,0.99,0.0,0.2364229,-3.851529,0.01
688533.SH,15.686773,15.686773,0.00015670591,0.00018804062,0.38583302,0.14935988,1,69,305,0.68421054,0.0,-0.83322376,5.4580674,0.31578946
688535.SH,17.19909,17.19909,0.00014712448,0.00018804062,0.38416636,0.2874494,1,21,149,0.82051283,0.0,-1.7110153,0.028387608,0.17948718
688536.SH,14.079867,14.079867,0.00013845488,0.00018804062,0.37791637,0.13903743,1,69,305,0.61764705,0.0,-1.0461205,1.9357529,0.38235295
688538.SH,21.512201,21.512201,0.00017346097,0.00018804062,0.39083302,0.31983805,1,24,84,0.7692308,0.0,-1.4328231,-25.580488,0.23076923
688539.SH,8.2933,8.2933,9.5941694e-05,0.00018804062,0.37583303,0.37011495,1,95,151,1.0,0.0,-1.6615167,10.836146,0.0
688543.SH,13.646321,13.646321,0.00013313803,0.00018804062,0.39499968,0.2809524,1,33,251,0.7222222,0.0,-1.5872585,15.458381,0.2777778
688545.SH,21.96757,21.96757,0.00020357747,0.00018804062,0.35624972,0.2597561,1,69,305,0.46341464,0.0,-0.6478951,4.02999,0.5365854
688548.SH,16.00317,16.00317,0.0001570448,0.00018804062,0.36958304,0.14264265,1,22,208,0.972973,0.0,-1.1939433,2.195736,0.027027028
688549.SH,9.488449,9.488449,0.00010841656,0.00018804062,0.3724997,0.24395162,1,80,208,0.90625,0.0,-0.41190308,3.8977966,0.09375
688550.SH,15.381796,15.381796,0.0001488,0.00018804062,0.3799997,0.28292683,1,12,252,0.75609756,0.0,-0.5179,13.584034,0.24390244
688551.SH,15.405683,15.405683,0.00015198234,0.00018804062,0.36416638,0.18003565,1,40,114,0.44117647,0.0,-0.86029994,3.6375742,0.5588235
688552.SH,15.62049,15.62049,0.0001497509,0.00018804062,0.39333302,0.18207681,1,33,251,0.65789473,0.0,-2.361213,-8.494922,0.34210527
688553.SH,22.378868,22.378868,0.00019002112,0.00018804062,0.403333,0.18408881,1,22,208,0.7659575,0.0,-1.020851,-6.6384077,0.23404256
688556.SH,12.195371,12.195371,0.00013214497,0.00018804062,0.39416635,0.14204545,1,51,81,0.72727275,0.0,-1.609203,1.375915,0.27272728
688557.SH,14.168785,14.168785,0.00014420172,0.00018804062,0.3712497,0.15873016,1,33,251,0.6944444,0.0,-1.5918472,3.8302383,0.30555555
688558.SH,15.017027,15.017027,0.00015018856,0.00018804062,0.39583302,0.1996997,1,3,1,1.0,0.0,-1.8991054,7.2183204,0.0
688559.SH,26.535246,26.535246,0.00019332739,0.00018804062,0.39749968,0.39037433,1,69,305,0.85294116,0.0,-1.3794264,-30.914612,0.14705883
688560.SH,16.868626,16.868626,0.00015815182,0.00018804062,0.38583302,0.13732004,1,74,159,0.8372093,0.0,-1.1175698,-6.9861875,0.1627907
688561.SH,14.987306,14.987306,0.00012595298,0.00018804062,0.38333303,0.4275862,1,69,305,0.73333335,0.0,-2.1617234,-26.420437,0.26666668
688562.SH,15.792485,15.792485,0.00015494852,0.00018804062,0.37666637,0.10960961,1,93,192,0.7837838,0.0,-1.2211999,1.484618,0.21621622
688563.SH,15.257881,15.257881,0.00015331863,0.00018804062,0.35874972,0.24021593,1,24,84,0.8717949,0.0,-1.327787,3.0463743,0.12820514
688565.SH,14.022939,14.022939,0.00014235254,0.00018804062,0.3554164,0.19327731,1,43,94,0.4857143,0.0,-1.1671284,3.1867146,0.51428574
688566.SH,29.132362,29.132362,0.0002550446,0.00018804062,0.39999968,0.1915493,1,33,251,0.8028169,0.0,-1.3325253,8.262528,0.1971831
688567.SH,18.443607,18.443607,0.00017384256,0.00018804062,0.37833303,0.19163293,1,15,191,0.4871795,0.0,-1.434018,-4.0062613,0.51282054
688568.SH,99.503075,99.503075,0.000685415,0.00018804062,0.433333,0.14449972,1,12,252,0.9111111,0.0,-1.2022498,0.876603,0.08888889
688569.SH,15.306047,15.306047,0.00015357998,0.00018804062,0.36666638,0.16755792,1,52,65,0.9117647,0.0,-1.1164057,3.019246,0.0882353
688570.SH,9.490107,9.490107,0.00010972598,0.00018804062,0.35624972,0.37903225,1,21,149,0.9375,0.0,-2.00635,5.0017247,0.0625
688571.SH,12.6428585,12.6428585,0.00013277723,0.00018804062,0.37166637,0.15524194,1,20,96,0.875,0.0,-0.7279625,5.675906,0.125
688573.SH,38.09442,38.09442,0.0002697379,0.00018804062,0.400833,0.35671192,1,20,96,0.9230769,0.0,-2.4538383,-19.290075,0.07692308
688575.SH,17.37186,17.37186,0.00016257532,0.00018804062,0.3737497,0.17741935,1,77,117,0.46875,0.0,-1.0476093,1.5204031,0.53125
688576.SH,21.384312,21.384312,0.00020209166,0.00018804062,0.36333305,0.13663663,1,17,17,0.6486486,0.0,-0.6762298,4.9439406,0.35135135
688577.SH,7.7152557,7.7152557,9.170641e-05,0.00018804062,0.35624972,0.17701149,1,19,162,1.0,0.0,-2.0925732,1.9321741,0.0
688578.SH,326.82193,326.82193,0.0025572535,0.00018804062,0.54583293,0.037841033,1,94,65,0.9769526,0.0,-1.118406,11.782553,0.023047375
688579.SH,12.101346,12.101346,0.0001264379,0.00018804062,0.3541664,0.09579832,1,102,50,0.6857143,0.0,-1.1065371,2.55836,0.31428573
688580.SH,14.12421,14.12421,0.00013285894,0.00018804062,0.38333303,0.3414305,1,77,117,0.8974359,0.0,-1.6700385,12.7672,0.102564104
688581.SH,20.112425,20.112425,0.00017957097,0.00018804062,0.38416636,0.27373737,1,93,192,0.75555557,0.0,-1.3152156,13.289464,0.24444444
688582.SH,62.023987,62.023987,0.0005119216,0.00018804062,0.4416663,0.10893311,1,15,191,0.9085366,0.0,-1.4926019,7.4649568,0.09146342
688583.SH,20.04114,20.04114,0.0001807116,0.00018804062,0.39416635,0.27484143,1,17,17,0.72727275,0.0,-1.6126863,13.600034,0.27272728
688584.SH,10.397514,10.397514,0.00011086421,0.00018804062,0.37083304,0.076612905,1,87,102,0.84375,0.0,-2.7764125,1.433485,0.15625
688585.SH,103.67654,103.67654,0.0007173176,0.00018804062,0.42916632,0.12705605,1,69,305,0.8951049,0.0,-1.6797551,3.6533945,0.10489511
688586.SH,7.399996,7.399996,8.993873e-05,0.00018804062,0.3624997,0.2869875,1,89,72,1.0,0.0,-0.0241853,4.0535407,0.0
688588.SH,20.551086,20.551086,0.00018701167,0.00018804062,0.35624972,0.115530305,1,89,72,0.57575756,0.0,-1.5526029,2.1912153,0.42424244
688589.SH,8.868423,8.868423,9.4699986e-05,0.00018804062,0.39749968,0.14252874,1,12,252,0.9,0.0,-1.95669,1.8874182,0.1
688590.SH,11.010097,11.010097,0.00011707598,0.00018804062,0.36416638,0.07954545,1,33,251,0.75757575,0.0,-1.4460393,1.4186001,0.24242425
688591.SH,7.5244355,7.5244355,8.45653e-05,0.00018804062,0.3874997,0.13548388,1,80,208,0.9677419,0.0,-1.8688741,0.36637688,0.032258064
688592.SH,10.145226,10.145226,9.816757e-05,0.00018804062,0.38916636,0.29946524,1,80,208,0.85294116,0.0,-1.5939058,-14.720139,0.14705883
688593.SH,129.10457,129.10457,0.0008957148,0.00018804062,0.46499965,0.13029827,1,7,111,0.9489796,0.0,-1.4481505,0.9144625,0.05102041
688595.SH,21.522644,21.522644,0.00017346861,0.00018804062,0.39999968,0.23636363,1,33,251,0.7111111,0.0,-1.3435867,-23.037348,0.2888889
688596.SH,15.979304,15.979304,0.00015844875,0.00018804062,0.39333302,0.122689076,1,80,208,0.71428573,0.0,-1.8482316,-5.90356,0.2857143
688597.SH,19.01854,19.01854,0.00017925234,0.00018804062,0.35583305,0.10873441,1,93,192,0.5,0.0,-1.2647883,2.7663972,0.5
688598.SH,20.065947,20.065947,0.00017200162,0.00018804062,0.40166634,0.22764228,1,5,286,0.8095238,0.0,-1.7555025,-13.504481,0.1904762
688599.SH,22.127718,22.127718,0.00018546497,0.00018804062,0.39999968,0.24057971,1,1,211,0.5869565,0.0,-0.99235433,-21.275099,0.41304347
688600.SH,16.350698,16.350698,0.00016287042,0.00018804062,0.3624997,0.076576576,1,51,81,0.7567568,0.0,-0.8793811,3.2854211,0.24324325
688601.SH,16.848206,16.848206,0.0001622866,0.00018804062,0.37083304,0.21176471,1,43,94,0.31428573,0.0,-1.2495056,0.48243985,0.6857143
688602.SH,12.518674,12.518674,0.00013330187,0.00018804062,0.37541637,0.124624625,1,7,111,0.8648649,0.0,-0.18481618,2.612827,0.13513513
688603.SH,14.921977,14.921977,0.00014483185,0.00018804062,0.39999968,0.1882353,1,14,83,0.6571429,0.0,-2.2523487,6.459989,0.34285715
688605.SH,15.177488,15.177488,0.00014336768,0.00018804062,0.38708302,0.24871795,1,21,149,0.7,0.0,-2.3076074,14.830852,0.3
688606.SH,14.296069,14.296069,0.00014304972,0.00018804062,0.3762497,0.13306452,1,12,252,0.4375,0.0,-1.4814999,0.24763125,0.5625
688607.SH,18.19735,18.19735,0.00017189658,0.00018804062,0.37708303,0.1417004,1,1,211,0.7692308,0.0,-0.9882718,-2.4265401,0.23076923
688608.SH,15.893863,15.893863,0.00015292362,0.00018804062,0.38416636,0.12701613,1,93,192,0.5625,0.0,-1.4687843,7.999524,0.4375
688609.SH,21.867884,21.867884,0.00018067638,0.00018804062,0.39666635,0.23404256,1,23,94,0.6875,0.0,-1.5378624,-20.901838,0.3125
688610.SH,11.98406,11.98406,0.00012739714,0.00018804062,0.36291638,0.13825758,1,1,211,0.75757575,0.0,-1.7763758,2.1647332,0.24242425
688611.SH,13.126681,13.126681,0.00012302946,0.00018804062,0.37583303,0.21621622,1,20,96,0.7894737,0.0,-1.7041603,-15.107041,0.21052632
688612.SH,17.009277,17.009277,0.00017175396,0.00018804062,0.34499973,0.18003565,1,12,252,0.23529412,0.0,-1.0469999,3.104494,0.7647059
688613.SH,13.408388,13.408388,0.0001332025,0.00018804062,0.38166636,0.13492064,1,5,286,0.6388889,0.0,-1.3242251,0.8902088,0.3611111
688615.SH,18.859089,18.859089,0.00016380701,0.00018804062,0.39916635,0.37121212,1,89,72,0.8181818,0.0,-1.4095092,16.808905,0.18181819
688616.SH,8.468886,8.468886,9.2493625e-05,0.00018804062,0.37833303,0.25747126,1,40,114,0.76666665,0.0,-2.2168067,10.718372,0.23333333
688617.SH,226.05591,226.05591,0.001736132,0.00018804062,0.51333296,0.066365264,1,69,305,0.9516129,0.0,-1.2751245,14.087425,0.048387095
688618.SH,16.715654,16.715654,0.0001634848,0.00018804062,0.37333304,0.20075758,1,34,43,0.6060606,0.0,-1.9773426,4.1226883,0.3939394
688619.SH,148.41159,148.41159,0.0010608784,0.00018804062,0.47499964,0.097535454,1,12,252,0.8962963,0.0,-1.3921119,-8.9784565,0.1037037
688620.SH,10.553539,10.553539,0.00010245939,0.00018804062,0.3924997,0.3655303,1,2,80,0.75757575,0.0,-1.5030394,-21.537296,0.24242425
688621.SH,11.32653,11.32653,0.000110763765,0.00018804062,0.38999972,0.36507937,1,69,305,0.8888889,0.0,-1.0370415,16.021236,0.11111111
688622.SH,26.51583,26.51583,0.0002003529,0.00018804062,0.39916635,0.23809524,1,27,217,0.7209302,0.0,-2.2241092,-22.141068,0.27906978
688623.SH,6.7564793,6.7564793,8.220812e-05,0.00018804062,0.38333303,0.18620689,1,15,191,0.96666664,0.0,-3.2118232,1.213784,0.033333335
688625.SH,14.241558,14.241558,0.00013670653,0.00018804062,0.3874997,0.27027026,1,5,286,0.6756757,0.0,-1.0151243,16.098513,0.3243243
688626.SH,10.1447115,10.1447115,0.000111191825,0.00018804062,0.3762497,0.16042781,1,15,191,0.88235295,0.0,-1.8367324,-0.3428643,0.11764706
688627.SH,16.996647,16.996647,0.00014565221,0.00018804062,0.38583302,0.21997301,1,95,151,0.84615386,0.0,-1.1296359,2.3512638,0.15384616
688628.SH,17.176334,17.176334,0.00016294328,0.00018804062,0.39458302,0.12063492,1,5,286,0.7777778,0.0,-1.3809724,9.336372,0.22222222
688629.SH,100.44964,100.44964,0.0007321901,0.00018804062,0.44916633,0.13081823,1,21,149,0.89171976,0.0,-2.1090317,12.402692,0.10828026
688630.SH,18.989094,18.989094,0.00016856732,0.00018804062,0.400833,0.22259136,1,74,159,0.6511628,0.0,-1.127693,12.838118,0.3488372
688631.SH,16.865671,16.865671,0.0001520551,0.00018804062,0.38916636,0.1697479,1,69,305,0.5714286,0.0,-1.8230513,-11.236745,0.42857143
688633.SH,16.455399,16.455399,0.00016598521,0.00018804062,0.36166638,0.07957958,1,19,162,0.9189189,0.0,-1.5475595,4.4260945,0.08108108
688636.SH,13.751119,13.751119,0.00013790952,0.00018804062,0.35999972,0.14957984,1,33,251,0.82857144,0.0,-1.9446516,1.1804487,0.17142858
688638.SH,20.368933,20.368933,0.00016819456,0.00018804062,0.39916635,0.28985506,1,80,208,0.7173913,0.0,-1.7139871,-21.981356,0.2826087
688639.SH,14.045303,14.045303,0.00014607259,0.00018804062,0.35708305,0.25714287,1,33,251,0.82857144,0.0,-0.90075994,5.0570436,0.17142858
688648.SH,113.23341,113.23341,0.0009340881,0.00018804062,0.50833297,0.054691933,1,23,94,0.9667674,0.0,-1.2666428,14.081162,0.03323263
688651.SH,21.561058,21.561058,0.00017663196,0.00018804062,0.38666636,0.28165007,1,95,151,0.94736844,0.0,-1.6214342,-11.432528,0.05263158
688652.SH,13.521477,13.521477,0.00013469422,0.00018804062,0.37666637,0.13978495,1,40,114,0.67741936,0.0,-2.1669645,5.3096914,0.32258064
688653.SH,15.083752,15.083752,0.00014448294,0.00018804062,0.3849997,0.18991597,1,93,192,0.85714287,0.0,-2.123883,-7.95922,0.14285715
688655.SH,18.579535,18.579535,0.00016274687,0.00018804062,0.40166634,0.13589744,1,22,208,0.75,0.0,-0.44880754,-14.025427,0.25
688656.SH,20.999403,20.999403,0.0001848891,0.00018804062,0.38583302,0.21775898,1,1,211,0.70454544,0.0,-1.6943909,3.520768,0.29545453
688657.SH,24.297798,24.297798,0.00022066978,0.00018804062,0.39333302,0.11803278,1,12,252,0.6885246,0.0,-1.710941,2.9346178,0.3114754
688658.SH,20.859776,20.859776,0.00017395423,0.00018804062,0.40249968,0.2637681,1,32,38,0.7173913,0.0,-1.2334152,-14.532495,0.2826087
688659.SH,15.5473585,15.5473585,0.00015278264,0.00018804062,0.36124972,0.11586453,1,94,65,0.7058824,0.0,-1.4191382,-0.23737851,0.29411766
688660.SH,16.750105,16.750105,0.00014793126,0.00018804062,0.39749968,0.31428573,1,87,102,0.8611111,0.0,-1.3362361,-26.868814,0.1388889
688661.SH,23.288555,23.288555,0.00018401718,0.00018804062,0.413333,0.23577236,1,69,305,0.5952381,0.0,-0.7726881,2.0911257,0.4047619
688662.SH,14.052026,14.052026,0.00014223026,0.00018804062,0.38416636,0.14453782,1,27,217,0.85714287,0.0,-1.8579714,5.070833,0.14285715
688663.SH,12.390017,12.390017,0.000131044,0.00018804062,0.35999972,0.22537878,1,93,192,0.93939394,0.0,-1.2028211,5.6521626,0.060606062
688665.SH,14.477643,14.477643,0.0001380669,0.00018804062,0.38666636,0.27051282,1,33,251,0.825,0.0,-1.0026249,14.704363,0.175
688667.SH,18.598972,18.598972,0.00017026214,0.00018804062,0.3749997,0.20142603,1,61,124,0.3529412,0.0,-1.5884882,3.2112708,0.64705884
688668.SH,15.778561,15.778561,0.00014376795,0.00018804062,0.3799997,0.22816399,1,22,208,0.7352941,0.0,-2.2453384,6.468197,0.2647059
688669.SH,11.933714,11.933714,0.00012927018,0.00018804062,0.36333305,0.24596775,1,95,151,0.90625,0.0,-1.8173594,4.995281,0.09375
688670.SH,109.427055,109.427055,0.00079160684,0.00018804062,0.46749964,0.13291205,1,22,208,0.93401015,0.0,-1.7596802,-7.008665,0.065989845
688671.SH,21.059048,21.059048,0.00017766547,0.00018804062,0.40666637,0.22727273,1,96,56,0.95555556,0.0,-1.5701199,-14.781697,0.044444446
688676.SH,9.727546,9.727546,0.0001009637,0.00018804062,0.37916636,0.35462186,1,12,252,0.9142857,0.0,-1.6303656,19.164474,0.08571429
688677.SH,19.602955,19.602955,0.00016753224,0.00018804062,0.403333,0.2369338,1,61,124,0.6904762,0.0,-1.9598999,12.07551,0.30952382
688678.SH,8.596542,8.596542,9.729136e-05,0.00018804062,0.3849997,0.12063492,1,40,114,0.8611111,0.0,-1.7341111,1.5886284,0.1388889
688679.SH,18.125553,18.125553,0.00016690113,0.00018804062,0.3924997,0.19487908,1,61,124,0.39473686,0.0,-1.2412131,-6.761036,0.6052632
688680.SH,48.667095,48.667095,0.0003671638,0.00018804062,0.41166633,0.16403508,1,7,111,0.8020833,0.0,-1.0952458,-12.085579,0.19791667
688681.SH,13.19008,13.19008,0.00013534396,0.00018804062,0.37833303,0.19327731,1,69,305,0.6,0.0,-1.880183,5.0370007,0.4
688682.SH,18.501713,18.501713,0.00017471502,0.00018804062,0.36583304,0.09309309,1,33,251,0.7567568,0.0,-1.6810352,0.99897087,0.24324325
688683.SH,13.145688,13.145688,0.00013552242,0.00018804062,0.36791638,0.120430104,1,51,81,0.87096775,0.0,-1.0229386,4.218887,0.12903225
688685.SH,17.252542,17.252542,0.00015804764,0.00018804062,0.3874997,0.16168328,1,33,251,0.5813953,0.0,-0.1909,1.9933403,0.41860464
688686.SH,16.878242,16.878242,0.00015915584,0.00018804062,0.41249967,0.13277312,1,5,286,0.7714286,0.0,-0.99397147,4.2558117,0.22857143
688687.SH,9.685874,9.685874,9.599695e-05,0.00018804062,0.37833303,0.45075756,1,95,151,1.0,0.0,-1.538697,12.895886,0.0
688689.SH,10.997705,10.997705,0.000115712806,0.00018804062,0.38166636,0.22068965,1,27,217,0.73333335,0.0,-2.7139332,4.461034,0.26666668
688690.SH,14.107654,14.107654,0.00013495835,0.00018804062,0.3849997,0.33738193,1,1,211,0.8974359,0.0,-1.8117487,14.730938,0.102564104
688691.SH,20.97975,20.97975,0.00016674814,0.00018804062,0.408333,0.30583215,1,5,286,0.68421054,0.0,-0.80770534,-24.977764,0.31578946
688692.SH,41.451637,41.451637,0.00034320808,0.00018804062,0.41749966,0.1765201,1,80,208,0.8469388,0.0,-1.4839543,8.988092,0.15306123
688693.SH,30.51301,30.51301,0.00024110224,0.00018804062,0.418333,0.1835008,1,95,151,0.88709676,0.0,-1.3717469,-13.295452,0.11290322
688695.SH,22.276009,22.276009,0.00018420082,0.00018804062,0.3849997,0.26456985,1,23,94,0.68085104,0.0,-1.0614468,-9.393077,0.31914893
688696.SH,16.139421,16.139421,0.00016023597,0.00018804062,0.35916638,0.17634408,1,21,149,0.38709676,0.0,-0.7352258,4.8167176,0.61290324
688697.SH,11.410833,11.410833,0.00011518536,0.00018804062,0.38833302,0.30084035,1,21,149,0.8,0.0,-1.0957657,16.370537,0.2
688698.SH,12.615661,12.615661,0.00012607762,0.00018804062,0.398333,0.29419702,1,52,65,0.974359,0.0,-1.5210896,15.9634905,0.025641026
688699.SH,8.143359,8.143359,8.591437e-05,0.00018804062,0.39041635,0.42540324,1,40,114,0.96875,0.0,-2.2444468,-20.54279,0.03125
688700.SH,11.054753,11.054753,0.000118613476,0.00018804062,0.3849997,0.15329768,1,14,83,0.9705882,0.0,-1.8292089,7.297795,0.029411765
688701.SH,36.959473,36.959473,0.00026523284,0.00018804062,0.400833,0.26595744,1,93,192,0.8541667,0.0,-1.6781148,-19.95018,0.14583333
688702.SH,28.705595,28.705595,0.0002090374,0.00018804062,0.39416635,0.25853658,1,77,117,0.8292683,0.0,-2.1957464,-18.086346,0.17073171
688707.SH,19.785774,19.785774,0.00016479987,0.00018804062,0.398333,0.27260458,1,93,192,0.7948718,0.0,-1.4823565,-18.560184,0.20512821
688708.SH,20.908396,20.908396,0.00018547683,0.00018804062,0.39166635,0.19591837,1,23,94,0.72,0.0,-1.059518,9.780555,0.28
688709.SH,17.159494,17.159494,0.00016225819,0.00018804062,0.37583303,0.101604275,1,1,211,0.7647059,0.0,-1.7111882,3.9353888,0.23529412
688710.SH,12.542899,12.542899,0.00012747492,0.00018804062,0.39333302,0.16638656,1,93,192,0.74285716,0.0,-2.0202286,-5.3772864,0.25714287
688711.SH,17.331537,17.331537,0.00016645978,0.00018804062,0.37916636,0.10420168,1,93,192,0.71428573,0.0,-0.34252566,5.576005,0.2857143
688712.SH,10.640828,10.640828,0.00010389241,0.00018804062,0.39583302,0.29435483,1,21,149,0.96875,0.0,-2.455675,14.811106,0.03125
688716.SH,10.767695,10.767695,0.000106249245,0.00018804062,0.37416637,0.33511585,1,43,94,0.9411765,0.0,-1.737947,1.8705882,0.05882353
688717.SH,12.292478,12.292478,0.00012806962,0.00018804062,0.3824997,0.08275862,1,96,56,0.9,0.0,-0.85406667,6.2944355,0.1
688718.SH,16.66844,16.66844,0.00016423056,0.00018804062,0.3687497,0.13825758,1,93,192,0.8181818,0.0,-2.2202272,4.6111817,0.18181819
688719.SH,19.490328,19.490328,0.00017799794,0.00018804062,0.36666638,0.171123,1,23,94,0.61764705,0.0,-1.9071149,2.721693,0.38235295
688720.SH,16.20822,16.20822,0.0001573265,0.00018804062,0.3624997,0.09090909,1,40,114,0.4848485,0.0,-2.2389421,2.3599908,0.5151515
688721.SH,18.22279,18.22279,0.0001683851,0.00018804062,0.3674997,0.15120968,1,89,72,0.59375,0.0,-1.8864405,4.2395844,0.40625
688722.SH,18.582212,18.582212,0.0001740364,0.00018804062,0.38166636,0.1036036,1,1,211,0.8918919,0.0,-1.4381757,6.8771296,0.10810811
688726.SH,13.521809,13.521809,0.0001326304,0.00018804062,0.38916636,0.17936508,1,5,286,0.8888889,0.0,-2.082739,15.719608,0.11111111
688727.SH,18.67051,18.67051,0.00017408068,0.00018804062,0.3924997,0.14789917,1,74,159,0.37142858,0.0,-0.76306564,2.531586,0.62857145
688728.SH,17.973532,17.973532,0.00014819592,0.00018804062,0.37166637,0.25714287,1,5,286,0.9166667,0.0,-0.17055829,1.2236501,0.083333336
688729.SH,10.506774,10.506774,0.000114973205,0.00018804062,0.3674997,0.1632184,1,91,229,0.96666664,0.0,-1.29587,7.1372595,0.033333335
688733.SH,14.629715,14.629715,0.00014729255,0.00018804062,0.38666636,0.09274194,1,33,251,0.46875,0.0,-0.8112812,1.9906657,0.53125
688737.SH,13.83354,13.83354,0.0001320311,0.00018804062,0.39416635,0.20128205,1,12,252,0.775,0.0,-1.0350549,-17.173063,0.225
688739.SH,14.526457,14.526457,0.00014288217,0.00018804062,0.37666637,0.21795918,1,69,305,0.96,0.0,-1.9821199,-0.4484442,0.04
688750.SH,10.696965,10.696965,0.00011629845,0.00018804062,0.36791638,0.1816092,1,7,111,0.8333333,0.0,-3.4121964,7.684459,0.16666667
688755.SH,9.112651,9.112651,0.00010488757,0.00018804062,0.36541638,0.2344086,1,61,124,0.9032258,0.0,-1.7667518,5.4112053,0.09677419
688757.SH,16.702295,16.702295,0.00015735783,0.00018804062,0.37583303,0.15128206,1,61,124,0.825,0.0,-1.140015,8.453265,0.175
688758.SH,19.722906,19.722906,0.00018168055,0.00018804062,0.3899997,0.14169571,1,23,94,0.95238096,0.0,-1.4741693,5.898446,0.04761905
688759.SH,30.909166,30.909166,0.00022706049,0.00018804062,0.40416634,0.17971015,1,23,94,0.9782609,0.0,-1.8941782,-22.720343,0.02173913
688765.SH,84.27255,84.27255,0.0006047562,0.00018804062,0.43333298,0.18788448,1,96,56,0.971223,0.0,-1.7170445,-7.7896614,0.02877698
688766.SH,17.822851,17.822851,0.00015298749,0.00018804062,0.40166634,0.2248062,1,59,157,0.90697676,0.0,-2.0862978,7.8599806,0.093023255
688767.SH,11.124144,11.124144,0.00011228722,0.00018804062,0.38083303,0.1816092,1,33,251,0.6333333,0.0,-1.0521367,-7.2998056,0.36666667
688768.SH,15.845628,15.845628,0.00015644325,0.00018804062,0.3649997,0.09047619,1,7,111,0.8611111,0.0,-1.5006444,2.7670264,0.1388889
688772.SH,8.306291,8.306291,9.713565e-05,0.00018804062,0.35374972,0.291954,1,33,251,0.9,0.0,-3.1998332,3.4994135,0.1
688775.SH,20.096231,20.096231,0.00017194395,0.00018804062,0.38666636,0.23145072,1,1,211,0.7906977,0.0,-1.1374208,14.581845,0.20930232
688776.SH,20.298033,20.298033,0.00018716742,0.00018804062,0.36916637,0.16984127,1,19,162,0.6388889,0.0,-1.3094001,2.4556913,0.3611111
688777.SH,15.699822,15.699822,0.0001570927,0.00018804062,0.3554164,0.15555556,1,45,1,1.0,0.0,-1.9178249,3.3784137,0.0
688778.SH,12.692138,12.692138,0.00013016985,0.00018804062,0.3924997,0.13709678,1,23,94,0.71875,0.0,-1.7504562,2.2732763,0.28125
688779.SH,18.457735,18.457735,0.00017447819,0.00018804062,0.398333,0.12912913,1,22,208,0.8108108,0.0,-1.3120404,-1.7823969,0.1891892
688781.SH,45.188965,45.188965,0.00033182494,0.00018804062,0.40916634,0.19856459,1,20,96,0.8961039,0.0,-1.7559688,-13.058107,0.103896104
688783.SH,17.539656,17.539656,0.00015416538,0.00018804062,0.39916635,0.2031746,1,23,94,0.6111111,0.0,-2.1166196,-15.220803,0.3888889
688785.SH,20.067902,20.067902,0.00017007822,0.00018804062,0.39083302,0.34581104,1,5,286,0.7352941,0.0,-1.7457412,17.292177,0.2647059
688786.SH,20.868364,20.868364,0.00019443993,0.00018804062,0.3566664,0.16666667,1,1,211,0.725,0.0,-0.792995,2.45219,0.275
688787.SH,23.215708,23.215708,0.00018810939,0.00018804062,0.39749968,0.15843137,1,93,192,0.74509805,0.0,-1.0448745,1.5638727,0.25490198
688788.SH,104.39005,104.39005,0.0007708613,0.00018804062,0.46499965,0.110903874,1,80,208,0.89756095,0.0,-1.7431635,-6.002094,0.10243902
688789.SH,19.009684,19.009684,0.00016969716,0.00018804062,0.39749968,0.28181818,1,33,251,0.7777778,0.0,-1.3651353,14.722517,0.22222222
688790.SH,18.278748,18.278748,0.00017015143,0.00018804062,0.3824997,0.18360071,1,69,305,0.23529412,0.0,-1.6288177,-1.6705041,0.7647059
688793.SH,24.729923,24.729923,0.00019268015,0.00018804062,0.39083302,0.28224102,1,93,192,0.6136364,0.0,-1.5561773,-19.963213,0.38636363
688795.SH,353.57748,353.57748,0.0023400013,0.00018804062,0.52583295,0.070855364,1,95,151,0.98275864,0.0,-1.6943307,-11.33919,0.01724138
688796.SH,22.133167,22.133167,0.00018400996,0.00018804062,0.3924997,0.21151717,1,93,192,0.6976744,0.0,-2.1533303,9.438155,0.30232558
688798.SH,14.93014,14.93014,0.00014787333,0.00018804062,0.398333,0.09090909,1,95,151,0.8787879,0.0,-0.89402115,-0.2588916,0.121212125
688799.SH,15.57136,15.57136,0.00015296716,0.00018804062,0.36416638,0.101149425,1,5,286,0.8,0.0,-0.7699668,-2.674822,0.2
688800.SH,16.916155,16.916155,0.00016310942,0.00018804062,0.36083305,0.17142858,1,43,94,0.44444445,0.0,-1.4227278,7.6046557,0.5555556
688802.SH,45.91054,45.91054,0.00033810374,0.00018804062,0.42416632,0.17345679,1,12,252,0.72839504,0.0,-1.7431803,-11.467766,0.27160493
688805.SH,21.560308,21.560308,0.00020012564,0.00018804062,0.38083303,0.2230444,1,51,81,0.3409091,0.0,-1.7717208,5.012406,0.65909094
688807.SH,28.609026,28.609026,0.00023415075,0.00018804062,0.39749968,0.1946128,1,24,84,0.94545454,0.0,-1.5166928,7.2345963,0.054545455
688809.SH,117.092995,117.092995,0.0008977933,0.00018804062,0.46583295,0.097355194,1,22,208,0.97863245,0.0,-1.9432073,13.918076,0.021367522
688811.SH,39.81339,39.81339,0.00032299876,0.00018804062,0.4124997,0.2024556,1,22,208,0.75,0.0,-0.028240984,6.53452,0.25
688813.SH,75.949905,75.949905,0.0006087985,0.00018804062,0.4466663,0.102173746,1,5,286,0.90797544,0.0,-0.034188394,9.1558895,0.09202454
688816.SH,20.948212,20.948212,0.00018465529,0.00018804062,0.40416634,0.20578231,1,1,211,0.6938776,0.0,-1.3262694,12.9964485,0.30612245
688818.SH,22.27663,22.27663,0.0001776096,0.00018804062,0.410833,0.18205129,1,27,217,0.775,0.0,-1.7864399,5.284383,0.225
688819.SH,17.026007,17.026007,0.00015906354,0.00018804062,0.3662497,0.10606061,1,23,94,0.72727275,0.0,-0.8293182,0.13837658,0.27272728
688820.SH,18.260122,18.260122,0.00015927659,0.00018804062,0.39166638,0.27682927,1,12,252,0.902439,0.0,-2.1843438,7.748178,0.09756097
688981.SH,14.453537,14.453537,0.00013943674,0.00018804062,0.3674997,0.16781609,1,7,111,0.8333333,0.0,-1.8084466,0.80480903,0.16666667
689009.SH,16.881395,16.881395,0.00015757667,0.00018804062,0.398333,0.3263647,1,5,286,0.97619045,0.0,-0.74994755,18.752834,0.023809524
920000.BJ,14.856454,14.856454,0.00014542928,0.00018804062,0.3874997,0.19507575,1,5,286,0.6363636,0.0,-1.6296514,11.82777,0.36363637
920001.BJ,12.462674,12.462674,0.00012362751,0.00018804062,0.3899997,0.19914651,1,1,211,0.8684211,0.0,-1.7568318,-13.598574,0.13157895
920002.BJ,8.704892,8.704892,9.8156735e-05,0.00018804062,0.3824997,0.23697479,1,57,68,1.0,0.0,-1.9433686,10.902997,0.0
920003.BJ,46.408848,46.408848,0.0003873743,0.00018804062,0.42416632,0.15188584,1,93,192,0.9174312,0.0,0.4501138,5.919849,0.08256881
920005.BJ,17.395536,17.395536,0.00016316601,0.00018804062,0.39041635,0.14920636,1,17,17,0.8611111,0.0,-1.7233194,7.07942,0.1388889
920006.BJ,12.465606,12.465606,0.00012772228,0.00018804062,0.3699997,0.19630156,1,19,162,0.84210527,0.0,-0.2454921,4.3473864,0.15789473
920007.BJ,14.715218,14.715218,0.000136833,0.00018804062,0.38916636,0.19630156,1,22,208,0.7368421,0.0,-0.8175974,14.300866,0.2631579
920008.BJ,18.67792,18.67792,0.0001776796,0.00018804062,0.3637497,0.12280702,1,21,149,0.64102566,0.0,-2.0416946,1.7636793,0.35897437
920009.BJ,133.19286,133.19286,0.0010557747,0.00018804062,0.4666663,0.09016458,1,15,191,0.95625,0.0,-0.8392731,9.43992,0.04375
920010.BJ,16.864246,16.864246,0.00016760027,0.00018804062,0.36541638,0.14935988,1,15,191,0.68421054,0.0,0.18417369,4.5473785,0.31578946
920011.BJ,29.692497,29.692497,0.00024358399,0.00018804062,0.39333302,0.26734006,1,5,286,0.6909091,0.0,-1.1856619,10.890685,0.3090909
920012.BJ,54.89793,54.89793,0.00043822746,0.00018804062,0.42499965,0.19266056,1,61,124,0.8440367,0.0,0.42237157,7.5311003,0.1559633
920014.BJ,9.676877,9.676877,0.000110153065,0.00018804062,0.3712497,0.33978495,1,95,151,0.9032258,0.0,0.88714194,7.349328,0.09677419
920015.BJ,11.811514,11.811514,0.00011823037,0.00018804062,0.39333302,0.34475806,1,7,111,0.78125,0.0,-1.5024531,19.314568,0.21875
920016.BJ,15.443914,15.443914,0.00015452378,0.00018804062,0.36583304,0.18181819,1,22,208,0.75757575,0.0,-1.2377454,5.021656,0.24242425
920017.BJ,17.500473,17.500473,0.00016188275,0.00018804062,0.3774997,0.1954023,1,33,251,0.26666668,0.0,-0.14487666,3.6716926,0.73333335
920018.BJ,15.576573,15.576573,0.00015195196,0.00018804062,0.3787497,0.17936508,1,40,114,0.6388889,0.0,-0.7607166,10.542733,0.3611111
920019.BJ,19.320452,19.320452,0.00017823213,0.00018804062,0.37208304,0.1902834,1,22,208,0.7692308,0.0,-1.3586078,5.0085206,0.23076923
920020.BJ,20.50301,20.50301,0.00018471129,0.00018804062,0.40666637,0.16063349,1,61,124,0.8076923,0.0,-0.97439414,13.130552,0.1923077
920021.BJ,17.560228,17.560228,0.0001664295,0.00018804062,0.3874997,0.17613636,1,28,1,1.0,0.0,-0.8457758,5.3383503,0.0
920022.BJ,17.020905,17.020905,0.00015844732,0.00018804062,0.413333,0.21616162,1,1,211,0.93333334,0.0,-1.4811444,16.18866,0.06666667
920023.BJ,15.44425,15.44425,0.00014839642,0.00018804062,0.38666636,0.16551724,1,61,124,0.93333334,0.0,-0.6246399,2.203406,0.06666667
920026.BJ,13.807897,13.807897,0.0001351782,0.00018804062,0.38833302,0.34848484,1,33,251,0.72727275,0.0,-0.9314696,17.240288,0.27272728
920027.BJ,11.869641,11.869641,0.00012973862,0.00018804062,0.3529164,0.27629232,1,5,286,0.8235294,0.0,-0.94658816,2.381347,0.1764706
920028.BJ,20.599749,20.599749,0.00018722418,0.00018804062,0.39583302,0.24163266,1,95,151,0.62,0.0,-0.99397993,11.816119,0.38
920029.BJ,16.883806,16.883806,0.00014931396,0.00018804062,0.38166636,0.45833334,1,74,159,0.93939394,0.0,-1.7345817,17.035048,0.060606062
920030.BJ,14.128327,14.128327,0.00013294962,0.00018804062,0.39333302,0.22857143,1,22,208,0.54285717,0.0,-0.6456029,-13.9703245,0.45714286
920033.BJ,11.475015,11.475015,0.00012149026,0.00018804062,0.37416637,0.1139785,1,61,124,0.7096774,0.0,-1.558658,3.876939,0.29032257
920035.BJ,13.312941,13.312941,0.00012813846,0.00018804062,0.39499968,0.25396827,1,59,157,0.8333333,0.0,-1.1660914,14.765527,0.16666667
920036.BJ,74.13008,74.13008,0.0005829941,0.00018804062,0.43749964,0.13238151,1,93,192,0.9652778,0.0,-1.226707,11.689721,0.034722224
920037.BJ,47.589386,47.589386,0.0003871061,0.00018804062,0.43499967,0.15018688,1,80,208,0.79816514,0.0,-1.571015,13.557928,0.20183486
920039.BJ,7.2031593,7.2031593,8.6324726e-05,0.00018804062,0.37333304,0.28275862,1,93,192,0.9,0.0,-1.0278133,5.0968204,0.1
920045.BJ,147.71877,147.71877,0.0010867614,0.00018804062,0.49583295,0.082964145,1,69,305,0.936255,0.0,-1.9590024,13.253344,0.06374502
920046.BJ,14.721015,14.721015,0.0001419086,0.00018804062,0.400833,0.11932773,1,93,192,0.8,0.0,-0.3583999,1.2741771,0.2
920047.BJ,41.97079,41.97079,0.00029977525,0.00018804062,0.408333,0.23611923,1,24,84,0.9322034,0.0,-1.843605,-14.872581,0.06779661
920050.BJ,18.009573,18.009573,0.00017334994,0.00018804062,0.37333304,0.098790325,1,33,251,0.34375,0.0,-1.018753,6.4032097,0.65625
920055.BJ,17.89828,17.89828,0.00016886377,0.00018804062,0.400833,0.19918367,1,5,286,0.82,0.0,-1.473756,12.868628,0.18
920056.BJ,14.311104,14.311104,0.00014216952,0.00018804062,0.3874997,0.25052854,1,5,286,0.75,0.0,-2.0961637,14.620162,0.25
920057.BJ,15.056967,15.056967,0.00015303904,0.00018804062,0.3924997,0.17849462,1,80,208,0.61290324,0.0,-1.3754935,-0.7562078,0.38709676
920058.BJ,14.94876,14.94876,0.00014610862,0.00018804062,0.3724997,0.21111111,1,80,208,0.7222222,0.0,-1.1308917,13.050039,0.2777778
920060.BJ,18.12148,18.12148,0.00016840396,0.00018804062,0.37583303,0.16806723,1,77,117,0.4,0.0,-0.66931987,5.692442,0.6
920061.BJ,11.883332,11.883332,0.00010999522,0.00018804062,0.37291637,0.36185384,1,23,94,0.9411765,0.0,-1.303553,2.3243296,0.05882353
920062.BJ,12.170838,12.170838,0.0001304013,0.00018804062,0.35583305,0.16129032,1,80,208,0.87096775,0.0,-1.4534419,4.2124777,0.12903225
920066.BJ,14.636087,14.636087,0.00015179034,0.00018804062,0.36333305,0.21176471,1,5,286,0.6857143,0.0,-1.49672,4.3266163,0.31428573
920068.BJ,17.104282,17.104282,0.0001561817,0.00018804062,0.400833,0.20341393,1,6,36,0.7368421,0.0,-1.9911212,12.0427065,0.2631579
920069.BJ,21.56319,21.56319,0.0001874018,0.00018804062,0.3874997,0.2293869,1,6,36,0.70454544,0.0,-1.8384091,13.273545,0.29545453
920075.BJ,12.421815,12.421815,0.00013276536,0.00018804062,0.35916638,0.2689394,1,96,56,0.969697,0.0,-1.2430907,4.0019183,0.030303031
920076.BJ,8.86907,8.86907,0.000105968145,0.00018804062,0.3649997,0.23790322,1,2,80,0.84375,0.0,-1.1482999,5.194958,0.15625
920077.BJ,20.044662,20.044662,0.0001780394,0.00018804062,0.3774997,0.3778966,1,11,17,0.5294118,0.0,-0.8924235,3.1773376,0.47058824
920078.BJ,36.167435,36.167435,0.00031188203,0.00018804062,0.3999997,0.16840418,1,5,286,0.9770115,0.0,0.32697695,5.502479,0.022988506
920080.BJ,20.999084,20.999084,0.00019642233,0.00018804062,0.3724997,0.07948718,1,15,191,0.675,0.0,-1.6358925,4.6605725,0.325
920082.BJ,13.29823,13.29823,0.00013987647,0.00018804062,0.36666638,0.14761905,1,80,208,0.7222222,0.0,-2.2979195,5.3164625,0.2777778
920086.BJ,23.04105,23.04105,0.0002082514,0.00018804062,0.39916635,0.14882033,1,80,208,0.67241377,0.0,-0.94775,11.682112,0.3275862
920087.BJ,15.277753,15.277753,0.00014472818,0.00018804062,0.39416635,0.2,1,80,208,0.6111111,0.0,-1.5409862,-13.567609,0.3888889
920088.BJ,35.85935,35.85935,0.00029958977,0.00018804062,0.41249967,0.18209876,1,93,192,0.8765432,0.0,-0.17706172,5.3919406,0.12345679
920089.BJ,14.320572,14.320572,0.00014203091,0.00018804062,0.3874997,0.16464238,1,40,114,0.8717949,0.0,-1.334764,13.869892,0.12820514
920091.BJ,16.942463,16.942463,0.0001520021,0.00018804062,0.40166634,0.1683278,1,2,80,0.81395346,0.0,-1.5864673,13.32801,0.18604651
920092.BJ,23.763689,23.763689,0.00018868833,0.00018804062,0.39666638,0.28017718,1,1,211,0.8604651,0.0,-1.5736464,-20.61103,0.13953489
920098.BJ,13.307023,13.307023,0.00013820452,0.00018804062,0.36166638,0.15719697,1,21,149,0.90909094,0.0,-1.9016938,5.107276,0.09090909
920099.BJ,17.93883,17.93883,0.00017986925,0.00018804062,0.37833303,0.15020408,1,15,191,0.94,0.0,-0.70348597,4.442736,0.06
920100.BJ,14.978568,14.978568,0.00014673236,0.00018804062,0.40416637,0.16507937,1,91,229,0.8333333,0.0,-1.1946692,11.598553,0.16666667
920101.BJ,16.223005,16.223005,0.00015609416,0.00018804062,0.3924997,0.11092437,1,87,102,0.7714286,0.0,-1.7488399,4.185468,0.22857143
920106.BJ,99.67909,99.67909,0.0007966518,0.00018804062,0.4691663,0.11727376,1,27,217,0.95726496,0.0,-1.36705,15.184147,0.042735044
920108.BJ,18.815338,18.815338,0.00018311468,0.00018804062,0.36416638,0.16500711,1,15,191,0.7105263,0.0,-0.7040474,4.423944,0.28947368
920110.BJ,21.107447,21.107447,0.00018278752,0.00018804062,0.40666634,0.26117647,1,61,124,0.54901963,0.0,-0.9273411,12.53756,0.4509804
920111.BJ,33.071423,33.071423,0.00027517247,0.00018804062,0.410833,0.22436135,1,61,124,0.8108108,0.0,-0.4423338,8.979359,0.1891892
920112.BJ,28.418379,28.418379,0.00024279802,0.00018804062,0.41916636,0.16935818,1,69,305,0.78571427,0.0,-1.2949628,11.747404,0.21428572
920116.BJ,46.55349,46.55349,0.00035208612,0.00018804062,0.403333,0.23726708,1,93,192,0.9,0.0,-2.071813,12.513112,0.1
920118.BJ,21.147245,21.147245,0.00019044823,0.00018804062,0.36958304,0.22372372,1,72,3,0.9459459,0.0,-1.2577351,2.448495,0.054054055
920119.BJ,20.628063,20.628063,0.00017452944,0.00018804062,0.40749967,0.23434344,1,22,208,0.6666667,0.0,-1.4199512,13.100397,0.33333334
920121.BJ,21.136461,21.136461,0.00018570076,0.00018804062,0.39999968,0.25024155,1,61,124,0.7173913,0.0,-1.1895435,14.227494,0.2826087
920122.BJ,11.013714,11.013714,0.00012132005,0.00018804062,0.37833303,0.24955437,1,61,124,0.88235295,0.0,-0.4692882,5.280447,0.11764706
920123.BJ,16.510914,16.510914,0.00016314421,0.00018804062,0.37083304,0.15913978,1,61,124,0.9032258,0.0,-0.8842323,5.392725,0.09677419
920124.BJ,18.040983,18.040983,0.00016603227,0.00018804062,0.38833302,0.20476191,1,61,124,0.3888889,0.0,-2.1177945,2.9963439,0.6111111
920128.BJ,13.768433,13.768433,0.00014375767,0.00018804062,0.35249972,0.22528736,1,19,162,0.73333335,0.0,-1.4897567,6.6134825,0.26666668
920130.BJ,13.548076,13.548076,0.00013156775,0.00018804062,0.38583305,0.26126125,1,87,102,0.8648649,0.0,-1.8610325,-12.600363,0.13513513
920132.BJ,14.400032,14.400032,0.00014609405,0.00018804062,0.35499972,0.16091955,1,33,251,0.76666665,0.0,-0.68849665,6.000227,0.23333333
920139.BJ,16.507666,16.507666,0.00014850525,0.00018804062,0.39583302,0.2578397,1,12,252,0.64285713,0.0,-2.2134547,-17.11115,0.35714287
920145.BJ,15.259536,15.259536,0.0001370575,0.00018804062,0.405833,0.21585366,1,69,305,0.75609756,0.0,-1.5770097,-10.385757,0.24390244
920146.BJ,18.257908,18.257908,0.00017176304,0.00018804062,0.400833,0.08235294,1,5,286,0.74285716,0.0,-0.9412543,-4.928881,0.25714287
920149.BJ,23.667755,23.667755,0.00018845039,0.00018804062,0.39416635,0.24756098,1,27,217,0.68292683,0.0,-1.5118048,-23.826359,0.31707317
920152.BJ,22.037983,22.037983,0.00017680318,0.00018804062,0.39749968,0.24506389,1,12,252,0.71428573,0.0,-1.7893476,-23.220741,0.2857143
920158.BJ,14.179781,14.179781,0.00013393958,0.00018804062,0.3874997,0.25490198,1,27,217,0.9117647,0.0,-1.6222736,15.952728,0.0882353
920159.BJ,71.468376,71.468376,0.0005732665,0.00018804062,0.44083297,0.11317981,1,7,111,0.93630576,0.0,-0.06090515,8.867575,0.06369427
920160.BJ,20.20267,20.20267,0.00017624522,0.00018804062,0.3924997,0.32658568,1,19,162,0.84615386,0.0,-1.3744205,16.008244,0.15384616
920163.BJ,12.759482,12.759482,0.00013206074,0.00018804062,0.38583302,0.15913978,1,69,305,0.7096774,0.0,-1.7097386,10.389843,0.29032257
920166.BJ,20.968033,20.968033,0.00017925602,0.00018804062,0.38666636,0.329849,1,15,191,0.71428573,0.0,-0.8467333,15.850539,0.2857143
920167.BJ,19.248138,19.248138,0.00018294073,0.00018804062,0.38083303,0.16806723,1,24,84,0.4,0.0,-1.3247029,1.5508682,0.6
920168.BJ,19.48173,19.48173,0.00018360931,0.00018804062,0.3849997,0.12944524,1,22,208,0.5263158,0.0,-1.2731684,5.702933,0.47368422
920169.BJ,15.540749,15.540749,0.0001537437,0.00018804062,0.39458302,0.15448658,1,12,252,0.80851066,0.0,-2.0191765,11.600027,0.19148937
920171.BJ,20.312786,20.312786,0.00017730339,0.00018804062,0.39083302,0.19007687,1,20,96,0.7962963,0.0,-0.30669263,1.5875554,0.2037037
920174.BJ,11.351157,11.351157,0.00012284853,0.00018804062,0.35791638,0.18951613,1,80,208,0.9375,0.0,-1.8900094,8.154897,0.0625
920175.BJ,20.188356,20.188356,0.00015759491,0.00018804062,0.398333,0.4858871,1,20,96,0.9375,0.0,-2.4611907,-29.361511,0.0625
920177.BJ,129.2065,129.2065,0.0010130209,0.00018804062,0.48249963,0.06954437,1,6,36,0.9713262,0.0,-0.67276746,10.274184,0.028673835
920179.BJ,13.049162,13.049162,0.0001277362,0.00018804062,0.38416636,0.24242425,1,22,208,0.8484849,0.0,-0.563209,4.6057053,0.15151516
920180.BJ,19.2287,19.2287,0.00016814326,0.00018804062,0.39583302,0.31794873,1,69,305,0.8,0.0,-0.9454676,15.243248,0.2
920181.BJ,117.012054,117.012054,0.00092358654,0.00018804062,0.4866663,0.0729949,1,19,162,0.96511626,0.0,-1.0115826,10.041623,0.034883723
920183.BJ,169.49168,169.49168,0.0012999843,0.00018804062,0.500833,0.082943,1,14,83,0.97214484,0.0,-1.4976827,14.647291,0.027855154
920184.BJ,14.033809,14.033809,0.00014098633,0.00018804062,0.365833,0.14396456,1,40,114,0.95348835,0.0,-1.4754231,1.8673164,0.046511628
920185.BJ,11.138296,11.138296,0.00011686985,0.00018804062,0.3824997,0.18487395,1,59,157,0.9142857,0.0,-1.8088114,1.3395548,0.08571429
920187.BJ,18.382288,18.382288,0.00016878081,0.00018804062,0.40916634,0.18686868,1,1,211,0.75555557,0.0,-0.94712895,12.762997,0.24444444
920188.BJ,32.87388,32.87388,0.00026891395,0.00018804062,0.40166634,0.2361111,1,1,211,0.875,0.0,-1.8658235,13.292797,0.125
920190.BJ,18.44532,18.44532,0.00017544106,0.00018804062,0.35999972,0.1277311,1,19,162,0.62857145,0.0,-1.0213143,2.2567859,0.37142858
920191.BJ,61.324306,61.324306,0.00048799362,0.00018804062,0.425833,0.18223141,1,15,191,0.892562,0.0,0.2937348,8.924873,0.10743801
920195.BJ,13.945991,13.945991,0.00014126717,0.00018804062,0.38916636,0.14603175,1,93,192,0.8333333,0.0,-0.89740276,8.838732,0.16666667
920198.BJ,31.247543,31.247543,0.00023637047,0.00018804062,0.400833,0.21411765,1,61,124,0.84313726,0.0,-1.7958373,-14.448834,0.15686275
920199.BJ,18.42651,18.42651,0.00015185276,0.00018804062,0.3866664,0.2942943,1,24,84,0.6486486,0.0,-1.2967838,1.2070454,0.35135135
920204.BJ,14.959212,14.959212,0.00014993483,0.00018804062,0.3541664,0.09475806,1,69,305,0.71875,0.0,-1.780425,4.0991206,0.28125
920207.BJ,144.48251,144.48251,0.0009573016,0.00018804062,0.45249966,0.1553322,1,80,208,0.95238096,0.0,-1.5811088,1.259462,0.04761905
920208.BJ,13.0703745,13.0703745,0.00013719696,0.00018804062,0.37833303,0.15873016,1,94,65,0.75,0.0,-1.1175,1.89941,0.25
920212.BJ,17.798841,17.798841,0.00016609693,0.00018804062,0.36166638,0.23870967,1,22,208,0.22580644,0.0,-1.8542613,3.38835,0.7741935
920221.BJ,15.23371,15.23371,0.00014402156,0.00018804062,0.38916636,0.2621849,1,61,124,0.51428574,0.0,-1.0008144,12.876557,0.4857143
920223.BJ,20.726439,20.726439,0.00016878833,0.00018804062,0.3924997,0.23698781,1,96,56,0.9302326,0.0,-1.6131998,-22.702536,0.069767445
920225.BJ,19.999556,19.999556,0.00018756751,0.00018804062,0.39416635,0.1979798,1,89,72,0.82222223,0.0,-1.2558843,10.425729,0.17777778
920227.BJ,18.039118,18.039118,0.00015799474,0.00018804062,0.38666636,0.3205575,1,61,124,0.61904764,0.0,-1.0795906,12.203446,0.3809524
920230.BJ,14.963557,14.963557,0.00014696304,0.00018804062,0.3674997,0.10084034,1,22,208,0.71428573,0.0,-1.5995772,2.800723,0.2857143
920237.BJ,12.217074,12.217074,0.00013101641,0.00018804062,0.36333305,0.19128788,1,14,83,0.8181818,0.0,-2.9584575,3.994436,0.18181819
920239.BJ,16.099628,16.099628,0.00015104732,0.00018804062,0.38833302,0.14114115,1,61,124,0.7027027,0.0,-1.4625974,8.909502,0.2972973
920242.BJ,15.495044,15.495044,0.00014337334,0.00018804062,0.39166635,0.36185384,1,89,72,0.85294116,0.0,-1.0175499,17.126907,0.14705883
920245.BJ,14.088109,14.088109,0.0001423631,0.00018804062,0.35083306,0.15632184,1,12,252,0.5,0.0,-1.5015835,3.5968864,0.5
920247.BJ,12.382238,12.382238,0.00012962402,0.00018804062,0.38666636,0.23423423,1,27,217,0.7837838,0.0,-1.5694431,14.172218,0.21621622
920249.BJ,14.679577,14.679577,0.0001378108,0.00018804062,0.39666635,0.2087087,1,80,208,0.7567568,0.0,-0.03737575,-5.6865983,0.24324325
920252.BJ,19.752048,19.752048,0.00018472991,0.00018804062,0.3749997,0.103846155,1,1,211,0.65,0.0,-1.4546125,3.461755,0.35
920260.BJ,13.416433,13.416433,0.00013754584,0.00018804062,0.38166636,0.0990991,1,69,305,0.7027027,0.0,-2.1483243,4.0114903,0.2972973
920261.BJ,12.497745,12.497745,0.00013050933,0.00018804062,0.3824997,0.13508065,1,19,162,0.9375,0.0,-1.1399595,11.420517,0.0625
920262.BJ,12.842887,12.842887,0.0001366072,0.00018804062,0.36458305,0.09885058,1,29,12,0.7,0.0,-0.7459333,3.847507,0.3
920263.BJ,12.926079,12.926079,0.00013485445,0.00018804062,0.38583302,0.14252874,1,94,65,0.46666667,0.0,-1.33655,1.7546128,0.53333336
920266.BJ,16.633564,16.633564,0.00014744568,0.00018804062,0.3899997,0.26585695,1,5,286,0.9230769,0.0,-1.5098436,-11.222467,0.07692308
920267.BJ,14.9923115,14.9923115,0.00014952236,0.00018804062,0.38166636,0.14509246,1,1,211,0.7631579,0.0,-2.359855,-0.27700892,0.23684211
920270.BJ,12.967323,12.967323,0.00012712201,0.00018804062,0.400833,0.2780027,1,5,286,0.7948718,0.0,-1.0026922,13.823406,0.20512821
920271.BJ,16.404821,16.404821,0.00014768212,0.00018804062,0.38583302,0.4344086,1,7,111,0.7419355,0.0,-1.4690161,19.943398,0.2580645
920273.BJ,11.674687,11.674687,0.00012259043,0.00018804062,0.39583302,0.25210086,1,87,102,0.8857143,0.0,-1.7225486,15.205914,0.114285715
920274.BJ,10.85678,10.85678,0.00011331166,0.00018804062,0.35124972,0.10967742,1,59,157,0.83870965,0.0,-1.2119066,2.1144614,0.16129032
920275.BJ,6.8601785,6.8601785,7.6996024e-05,0.00018804062,0.37333304,0.37931034,1,5,286,0.96666664,0.0,-1.7072934,2.3261263,0.033333335
920278.BJ,15.159416,15.159416,0.00015389665,0.00018804062,0.37583303,0.14509246,1,23,94,0.81578946,0.0,-1.4842869,4.915512,0.18421052
920284.BJ,13.614576,13.614576,0.00013401988,0.00018804062,0.3849997,0.22988506,1,69,305,0.6,0.0,-1.7307832,-19.966198,0.4
920299.BJ,11.939956,11.939956,0.00012448126,0.00018804062,0.37083304,0.24242425,1,69,305,0.7941176,0.0,-1.0628853,3.4823675,0.20588236
920300.BJ,16.221731,16.221731,0.00013518568,0.00018804062,0.39583302,0.33738193,1,7,111,0.94871795,0.0,-1.7144924,-20.987108,0.051282052
920304.BJ,13.909056,13.909056,0.00014150915,0.00018804062,0.36666638,0.17741935,1,20,96,0.71875,0.0,-0.6032906,4.914706,0.28125
920339.BJ,15.722546,15.722546,0.00015947204,0.00018804062,0.3674997,0.18371212,1,95,151,0.8484849,0.0,-1.9793576,2.7607968,0.15151516
920344.BJ,21.196548,21.196548,0.00017742057,0.00018804062,0.39416635,0.19613527,1,93,192,0.5869565,0.0,-0.7957391,3.6848273,0.41304347
920346.BJ,22.413204,22.413204,0.00020386204,0.00018804062,0.3849997,0.15252525,1,23,94,0.6,0.0,-2.1933732,5.099976,0.4
920351.BJ,16.877546,16.877546,0.00016066161,0.00018804062,0.38416636,0.14603175,1,61,124,0.4722222,0.0,-1.6895862,1.000809,0.5277778
920357.BJ,13.545531,13.545531,0.00013119461,0.00018804062,0.398333,0.19601329,1,33,251,0.9767442,0.0,-2.4576607,15.263873,0.023255814
920363.BJ,10.237317,10.237317,9.94654e-05,0.00018804062,0.3874997,0.3892473,1,2,80,0.83870965,0.0,-1.2030872,-1.9456159,0.16129032
920367.BJ,11.196694,11.196694,0.000117476244,0.00018804062,0.36416638,0.08901515,1,23,94,0.90909094,0.0,-1.6021606,3.932429,0.09090909
920368.BJ,19.217123,19.217123,0.00017976105,0.00018804062,0.36833304,0.30634922,1,93,192,0.25,0.0,-1.6355057,4.5302873,0.75
920370.BJ,16.592218,16.592218,0.00014841591,0.00018804062,0.39333302,0.26180837,1,99,1,1.0,0.0,-1.6606308,-18.130396,0.0
920371.BJ,16.66449,16.66449,0.00015846133,0.00018804062,0.403333,0.14035088,1,69,305,0.7948718,0.0,-0.85890764,10.934932,0.20512821
920374.BJ,13.794006,13.794006,0.00013622006,0.00018804062,0.36666638,0.09885058,1,93,192,0.93333334,0.0,-2.2734332,2.1270933,0.06666667
920375.BJ,11.872978,11.872978,0.00012641,0.00018804062,0.35833305,0.23484848,1,5,286,0.75757575,0.0,-0.9845091,3.9869366,0.24242425
920378.BJ,14.150042,14.150042,0.00015148298,0.00018804062,0.38083303,0.23215686,1,93,192,0.9607843,0.0,-1.1479547,7.244236,0.039215688
920392.BJ,20.01296,20.01296,0.0001892656,0.00018804062,0.35333306,0.13292684,1,40,114,0.6585366,0.0,-1.6151341,2.3236048,0.34146342
920394.BJ,11.218556,11.218556,0.00012052923,0.00018804062,0.403333,0.17701149,1,5,286,0.8333333,0.0,-1.6905668,6.372495,0.16666667
920395.BJ,23.386677,23.386677,0.00019787117,0.00018804062,0.398333,0.24363233,1,95,151,0.8604651,0.0,-0.86728597,13.385658,0.13953489
920396.BJ,16.938139,16.938139,0.00016158502,0.00018804062,0.36041638,0.10967742,1,15,191,0.7096774,0.0,-0.6801258,2.5964878,0.29032257
920402.BJ,22.270346,22.270346,0.00019339341,0.00018804062,0.40499967,0.14285715,1,29,12,0.96428573,0.0,-1.0097214,-11.658905,0.035714287
920403.BJ,16.025158,16.025158,0.00015426266,0.00018804062,0.39999968,0.18468468,1,96,56,0.8918919,0.0,-0.9655783,-10.39122,0.10810811
920405.BJ,13.108082,13.108082,0.00013848356,0.00018804062,0.35874972,0.2920635,1,24,84,0.6944444,0.0,-2.4354806,3.9123056,0.30555555
920407.BJ,11.7729,11.7729,0.00012218292,0.00018804062,0.37583303,0.12258065,1,7,111,0.87096775,0.0,-1.4085481,4.503717,0.12903225
920414.BJ,22.700045,22.700045,0.00018618832,0.00018804062,0.405833,0.25791857,1,61,124,0.48076922,0.0,-1.8524405,-14.988595,0.5192308
920415.BJ,16.30467,16.30467,0.00016147495,0.00018804062,0.36833304,0.1764706,1,89,72,0.7058824,0.0,-1.3363293,4.812838,0.29411766
920418.BJ,20.173008,20.173008,0.00018177039,0.00018804062,0.39916635,0.2224736,1,22,208,0.86538464,0.0,-1.3024884,13.468542,0.13461539
920419.BJ,17.76861,17.76861,0.00017620805,0.00018804062,0.37333304,0.11742424,1,89,72,0.45454547,0.0,-2.1648302,4.639408,0.54545456
920422.BJ,16.680794,16.680794,0.00017039607,0.00018804062,0.3674997,0.23123123,1,69,305,0.8108108,0.0,-0.7900702,1.9825194,0.1891892
920425.BJ,17.827217,17.827217,0.00016331013,0.00018804062,0.39083302,0.28239202,1,14,83,0.88372093,0.0,-1.0863628,13.152731,0.11627907
920427.BJ,8.522259,8.522259,9.775175e-05,0.00018804062,0.39083302,0.25287357,1,40,114,0.8333333,0.0,-0.76512665,-2.352036,0.16666667
920429.BJ,14.780184,14.780184,0.00014832638,0.00018804062,0.36833304,0.11491936,1,61,124,0.8125,0.0,-0.9317906,4.3653502,0.1875
920433.BJ,27.729439,27.729439,0.00021669165,0.00018804062,0.400833,0.24606845,1,22,208,0.61702126,0.0,-2.017732,-12.134824,0.38297874
920436.BJ,18.00051,18.00051,0.00016154398,0.00018804062,0.39499968,0.18571429,1,1,211,0.7222222,0.0,-0.77024174,-12.518481,0.2777778
920438.BJ,12.595526,12.595526,0.0001284843,0.00018804062,0.36916637,0.15913978,1,95,151,1.0,0.0,-2.3560486,5.128265,0.0
920445.BJ,8.14392,8.14392,9.587226e-05,0.00018804062,0.37833303,0.21149425,1,95,151,1.0,0.0,-1.2841034,4.927098,0.0
920454.BJ,16.816021,16.816021,0.00015882646,0.00018804062,0.40249968,0.16281222,1,22,208,0.7446808,0.0,-1.7264171,8.168637,0.25531915
920455.BJ,14.376531,14.376531,0.00014257869,0.00018804062,0.398333,0.2489796,1,27,217,1.0,0.0,-1.4945819,11.311915,0.0
920469.BJ,13.225426,13.225426,0.00013624658,0.00018804062,0.3924997,0.19786096,1,61,124,0.8235294,0.0,-1.8939117,0.9049158,0.1764706
920471.BJ,19.842154,19.842154,0.00018988203,0.00018804062,0.40499967,0.1378446,1,80,208,0.80701756,0.0,-1.4428632,-2.7721314,0.19298245
920475.BJ,19.838902,19.838902,0.00018837945,0.00018804062,0.39666635,0.14040405,1,40,114,0.62222224,0.0,-1.58132,-1.31321,0.37777779
920476.BJ,16.380033,16.380033,0.00015424851,0.00018804062,0.400833,0.21585366,1,1,211,0.6585366,0.0,-1.5287778,8.479087,0.34146342
920478.BJ,9.727476,9.727476,0.00010009231,0.00018804062,0.39166635,0.41666666,1,19,162,1.0,0.0,-1.1720847,17.401634,0.0
920489.BJ,13.577568,13.577568,0.00014058911,0.00018804062,0.3674997,0.18468468,1,27,217,0.6216216,0.0,0.1310487,2.080341,0.3783784
920491.BJ,9.157539,9.157539,9.850973e-05,0.00018804062,0.38666636,0.45454547,1,22,208,0.8484849,0.0,-1.0801576,17.109566,0.15151516
920493.BJ,26.043217,26.043217,0.00019765914,0.00018804062,0.38833302,0.22386679,1,19,162,0.9787234,0.0,-0.8256277,1.0533365,0.021276595
920496.BJ,10.831682,10.831682,0.00011947733,0.00018804062,0.3624997,0.20362903,1,19,162,0.96875,0.0,-1.076603,7.927175,0.03125
920504.BJ,15.249694,15.249694,0.00015226846,0.00018804062,0.3774997,0.22184874,1,33,251,0.7714286,0.0,-1.7488428,7.740769,0.22857143
920505.BJ,14.219291,14.219291,0.00014944222,0.00018804062,0.36416638,0.16057585,1,5,286,0.88372093,0.0,-1.8817418,2.6076565,0.11627907
920508.BJ,21.51836,21.51836,0.00017978088,0.00018804062,0.38083303,0.21632653,1,23,94,0.72,0.0,-1.3942741,2.0540283,0.28
920509.BJ,14.870653,14.870653,0.00014432255,0.00018804062,0.3924997,0.17179488,1,5,286,0.8,0.0,-1.41026,5.7458324,0.2
920510.BJ,18.234484,18.234484,0.00017345215,0.00018804062,0.40416634,0.13423832,1,15,191,0.8269231,0.0,-2.040304,-5.1687155,0.17307693
920519.BJ,12.424454,12.424454,0.00013540192,0.00018804062,0.36833304,0.14082503,1,5,286,0.94736844,0.0,-0.44820002,0.8563926,0.05263158
920522.BJ,21.309496,21.309496,0.00018682255,0.00018804062,0.37083304,0.38655463,1,11,17,0.54285717,0.0,-2.0379543,0.26945218,0.45714286
920523.BJ,21.369236,21.369236,0.0001795185,0.00018804062,0.40083304,0.2857143,1,105,1,1.0,0.0,-1.4011405,13.535431,0.0
920526.BJ,18.505848,18.505848,0.0001729067,0.00018804062,0.38666636,0.17073171,1,7,111,0.5609756,0.0,-1.5241244,5.871972,0.4390244
920527.BJ,6.9308734,6.9308734,8.575795e-05,0.00018804062,0.35249972,0.28045976,1,89,72,0.9,0.0,-1.1365533,2.9997,0.1
920533.BJ,17.875484,17.875484,0.00017074814,0.00018804062,0.37833303,0.13798009,1,96,56,0.92105263,0.0,-1.5354263,7.2889156,0.078947365
920541.BJ,13.310776,13.310776,0.00014069697,0.00018804062,0.35708305,0.16755792,1,87,102,0.9117647,0.0,-1.064453,4.0998673,0.0882353
920547.BJ,17.145124,17.145124,0.00015826388,0.00018804062,0.39083302,0.15927419,1,69,305,0.34375,0.0,-1.6024219,6.114886,0.65625
920553.BJ,9.209641,9.209641,0.00010197497,0.00018804062,0.38666636,0.29885057,1,96,56,0.9,0.0,-1.22058,13.496114,0.1
920556.BJ,11.539692,11.539692,0.00012503433,0.00018804062,0.35791638,0.09425288,1,95,151,0.9,0.0,-2.4685235,4.9511437,0.1
920564.BJ,20.709242,20.709242,0.00017769393,0.00018804062,0.42499965,0.11904762,1,61,124,0.64912283,0.0,-1.2011317,-1.4525741,0.3508772
920566.BJ,15.856483,15.856483,0.00014732635,0.00018804062,0.3824997,0.37619048,1,89,72,0.6666667,0.0,-1.263025,14.694526,0.33333334
920570.BJ,15.886437,15.886437,0.0001586383,0.00018804062,0.3824997,0.14285715,1,1,211,0.5555556,0.0,-2.187936,6.6222816,0.44444445
920571.BJ,15.392515,15.392515,0.00015751671,0.00018804062,0.36499968,0.18939394,1,85,6,0.8484849,0.0,0.021090962,6.805887,0.15151516
920575.BJ,372.5072,372.5072,0.0025429053,0.00018804062,0.5349996,0.06076696,1,61,124,0.9557522,0.0,-1.3329612,-13.017903,0.044247787
920576.BJ,21.707747,21.707747,0.00017853569,0.00018804062,0.39416635,0.18509804,1,96,56,0.9019608,0.0,-1.4170432,3.764997,0.09803922
920578.BJ,15.714204,15.714204,0.00015499235,0.00018804062,0.38416636,0.12689394,1,1,211,0.45454547,0.0,-2.124079,1.5287927,0.54545456
920579.BJ,16.707281,16.707281,0.00014594158,0.00018804062,0.39416635,0.33033034,1,33,251,0.6756757,0.0,-1.616873,-25.860834,0.3243243
920580.BJ,13.447322,13.447322,0.00014442806,0.00018804062,0.39083302,0.15524194,1,33,251,0.6875,0.0,-2.167244,7.8751683,0.3125
920592.BJ,27.432844,27.432844,0.00021582928,0.00018804062,0.398333,0.24489796,1,33,251,0.5714286,0.0,-1.5954878,-16.714825,0.42857143
920593.BJ,16.361366,16.361366,0.00016100978,0.00018804062,0.3674997,0.15053764,1,12,252,0.67741936,0.0,-1.1839063,2.542584,0.32258064
920599.BJ,19.297688,19.297688,0.00017641959,0.00018804062,0.40166634,0.2832653,1,14,83,0.92,0.0,-0.898716,16.479593,0.08
920608.BJ,11.517938,11.517938,0.000121246645,0.00018804062,0.38333303,0.22528736,1,74,159,0.8333333,0.0,-0.85740334,11.263543,0.16666667
920627.BJ,9.84096,9.84096,0.00010967041,0.00018804062,0.37833303,0.08275862,1,91,229,0.8666667,0.0,-2.0518267,2.197114,0.13333334
920634.BJ,8.486988,8.486988,0.00010117618,0.00018804062,0.36708307,0.121839084,1,20,96,0.8666667,0.0,-2.978137,8.61174,0.13333334
920639.BJ,12.980863,12.980863,0.00013773165,0.00018804062,0.36833304,0.18346775,1,59,157,0.9375,0.0,-2.2822,5.4133873,0.0625
920640.BJ,11.90624,11.90624,0.000121180296,0.00018804062,0.3824997,0.13118279,1,21,149,0.83870965,0.0,-1.9794549,7.2506814,0.16129032
920641.BJ,13.276935,13.276935,0.00013862149,0.00018804062,0.36041638,0.15172414,1,95,151,0.8666667,0.0,-1.4668,3.6212,0.13333334
920642.BJ,18.20283,18.20283,0.00015668692,0.00018804062,0.3924997,0.29014844,1,61,124,0.9230769,0.0,-1.2681282,-23.493944,0.07692308
920651.BJ,15.168794,15.168794,0.00013872863,0.00018804062,0.40499967,0.35885885,1,27,217,0.9189189,0.0,-1.8130378,14.630676,0.08108108
920656.BJ,10.9589615,10.9589615,0.0001055904,0.00018804062,0.3899997,0.49462366,1,98,2,1.0,0.0,-0.579729,18.545498,0.0
920662.BJ,16.634172,16.634172,0.00017015667,0.00018804062,0.36333305,0.17417417,1,19,162,0.9189189,0.0,-1.0810188,5.2000647,0.08108108
920663.BJ,18.061176,18.061176,0.00015466442,0.00018804062,0.40166634,0.3086771,1,57,68,0.94736844,0.0,-1.763205,15.259198,0.05263158
920665.BJ,8.324496,8.324496,9.825259e-05,0.00018804062,0.37666637,0.23678161,1,43,94,1.0,0.0,-1.67915,5.6944685,0.0
920670.BJ,9.861834,9.861834,0.000104025356,0.00018804062,0.39166635,0.15931721,1,20,96,0.9736842,0.0,-1.6712871,4.433739,0.02631579
920675.BJ,18.985546,18.985546,0.00018034125,0.00018804062,0.3774997,0.115615614,1,24,84,0.7567568,0.0,-2.0865211,2.4862485,0.24324325
920679.BJ,12.215975,12.215975,0.0001275549,0.00018804062,0.36166638,0.08907563,1,12,252,0.5714286,0.0,-1.8013257,3.5392973,0.42857143
920682.BJ,10.102449,10.102449,0.000112606846,0.00018804062,0.3712497,0.23863636,1,33,251,0.8787879,0.0,-2.1160758,4.913856,0.121212125
920685.BJ,11.82367,11.82367,0.00011691462,0.00018804062,0.37833303,0.44827586,1,69,305,0.8333333,0.0,-1.5758201,12.456914,0.16666667
920689.BJ,20.775694,20.775694,0.00019878146,0.00018804062,0.37583303,0.23346828,1,95,151,0.53846157,0.0,-0.38080513,7.8346677,0.46153846
920690.BJ,15.988311,15.988311,0.00015607379,0.00018804062,0.38833302,0.16666667,1,95,151,0.8333333,0.0,-1.5663916,9.566608,0.16666667
920693.BJ,19.096554,19.096554,0.00015846005,0.00018804062,0.3799997,0.24182077,1,69,305,0.7368421,0.0,-0.59809744,1.7172107,0.2631579
920694.BJ,19.225626,19.225626,0.00018150291,0.00018804062,0.39333302,0.11025641,1,80,208,0.8,0.0,-1.8257824,8.474924,0.2
920699.BJ,22.038012,22.038012,0.00019782741,0.00018804062,0.41166633,0.19393939,1,21,149,0.8363636,0.0,-1.6893252,13.549261,0.16363636
920701.BJ,11.710688,11.710688,0.00012693676,0.00018804062,0.36916637,0.14117648,1,24,84,0.8,0.0,-1.5318457,4.9620757,0.2
920703.BJ,10.219563,10.219563,0.00010370192,0.00018804062,0.3874997,0.37142858,1,5,286,0.7714286,0.0,-0.3730143,16.217905,0.22857143
920706.BJ,12.525421,12.525421,0.00013215226,0.00018804062,0.37291637,0.17137097,1,69,305,0.78125,0.0,-1.6917126,7.9469924,0.21875
920717.BJ,9.9526005,9.9526005,9.885591e-05,0.00018804062,0.3749997,0.37310925,1,19,162,0.9142857,0.0,-1.825423,2.7980485,0.08571429
920718.BJ,14.012365,14.012365,0.00014401936,0.00018804062,0.38166636,0.18353577,1,95,151,0.9230769,0.0,-0.8191975,6.2292066,0.07692308
920719.BJ,32.5657,32.5657,0.0002470674,0.00018804062,0.42166632,0.26127818,1,7,111,0.98245615,0.0,-1.4464335,-16.928026,0.01754386
920720.BJ,10.132941,10.132941,0.00011544417,0.00018804062,0.36333305,0.24624625,1,2,80,0.972973,0.0,-2.4403162,5.2380614,0.027027028
920725.BJ,12.156423,12.156423,0.00011939905,0.00018804062,0.39333302,0.25975975,1,80,208,0.7567568,0.0,-1.7722378,-14.710053,0.24324325
920726.BJ,7.625653,7.625653,8.8946064e-05,0.00018804062,0.36958304,0.31954023,1,95,151,0.96666664,0.0,-0.13438997,11.121291,0.033333335
920729.BJ,11.036946,11.036946,0.0001164717,0.00018804062,0.38166636,0.29590017,1,20,96,0.85294116,0.0,-0.8109559,12.08305,0.14705883
920735.BJ,87.73413,87.73413,0.0007012958,0.00018804062,0.44166633,0.12994975,1,69,305,0.925,0.0,-0.61834097,10.326519,0.075
920748.BJ,27.630104,27.630104,0.00019842687,0.00018804062,0.38916636,0.4752688,1,69,305,0.7419355,0.0,-1.3224903,-31.949022,0.2580645
920751.BJ,18.15558,18.15558,0.00016683248,0.00018804062,0.39999968,0.2357488,1,1,211,0.8913044,0.0,-0.7983218,12.9811,0.10869565
920753.BJ,17.829964,17.829964,0.00016727159,0.00018804062,0.37083304,0.16785206,1,93,192,0.6052632,0.0,-0.93719214,7.4300675,0.39473686
920765.BJ,9.789984,9.789984,0.00010990275,0.00018804062,0.37541637,0.24946237,1,87,102,0.87096775,0.0,-1.8930774,-8.253557,0.12903225
920768.BJ,13.294753,13.294753,0.00013796236,0.00018804062,0.3712497,0.171123,1,80,208,0.6764706,0.0,-1.1539736,4.70344,0.32352942
920770.BJ,16.65762,16.65762,0.00015896908,0.00018804062,0.38416636,0.1827957,1,1,211,0.7741935,0.0,-1.3124193,9.4225025,0.22580644
920779.BJ,21.19832,21.19832,0.0001857276,0.00018804062,0.38916636,0.21187943,1,17,17,0.875,0.0,-1.198225,12.701613,0.125
920781.BJ,21.669756,21.669756,0.00019576271,0.00018804062,0.38166636,0.22759601,1,77,117,0.42105263,0.0,-1.1094948,1.0765482,0.57894737
920786.BJ,13.612513,13.612513,0.00014122728,0.00018804062,0.35708305,0.21370968,1,59,157,0.96875,0.0,-1.8004687,4.6139374,0.03125
920790.BJ,20.199457,20.199457,0.0001843338,0.00018804062,0.35333306,0.2580645,1,69,305,0.12903225,0.0,-0.19710325,3.5438035,0.87096775
920792.BJ,15.561732,15.561732,0.00015764734,0.00018804062,0.3637497,0.16532259,1,1,211,0.8125,0.0,-1.3064783,4.446533,0.1875
920799.BJ,14.626359,14.626359,0.00013407593,0.00018804062,0.37416637,0.31060606,1,12,252,0.6969697,0.0,-2.197994,14.18565,0.3030303
920802.BJ,11.512776,11.512776,0.00012111515,0.00018804062,0.39333302,0.14022988,1,43,94,0.8333333,0.0,-1.1858801,2.8946502,0.16666667
920806.BJ,13.554084,13.554084,0.00013452616,0.00018804062,0.35499972,0.055172414,1,74,159,0.6666667,0.0,-0.9641701,2.2777033,0.33333334
920807.BJ,16.028969,16.028969,0.00015565804,0.00018804062,0.3824997,0.22379032,1,80,208,0.59375,0.0,-1.6073813,-2.8523493,0.40625
920808.BJ,22.915085,22.915085,0.00018660001,0.00018804062,0.3899997,0.18715394,1,69,305,0.6976744,0.0,-0.7779116,4.8484116,0.30232558
920809.BJ,18.268854,18.268854,0.00014994966,0.00018804062,0.39333302,0.34444445,1,69,305,0.8055556,0.0,-1.7740889,-27.853428,0.19444445
920810.BJ,23.484495,23.484495,0.00018836831,0.00018804062,0.38166636,0.19163764,1,93,192,0.8333333,0.0,-1.8555094,2.7139525,0.16666667
920819.BJ,18.998924,18.998924,0.00017802954,0.00018804062,0.3924997,0.16558743,1,5,286,0.89361703,0.0,-0.7763766,-4.329617,0.10638298
920821.BJ,13.030821,13.030821,0.00013566158,0.00018804062,0.3849997,0.18716578,1,95,151,0.8235294,0.0,-1.9095589,3.9695587,0.1764706
920826.BJ,16.23595,16.23595,0.00016282921,0.00018804062,0.3874997,0.14224751,1,19,162,0.92105263,0.0,-0.90307635,8.784767,0.078947365
920832.BJ,9.659011,9.659011,0.000105508705,0.00018804062,0.38166636,0.2045977,1,15,191,0.8,0.0,-2.7895732,-8.588506,0.2
920833.BJ,10.872424,10.872424,0.00011398322,0.00018804062,0.35583305,0.1827957,1,1,211,0.8064516,0.0,-2.2602904,3.6440487,0.19354838
920834.BJ,16.42858,16.42858,0.00015378554,0.00018804062,0.39583302,0.24252492,1,22,208,0.8372093,0.0,-1.233065,14.332947,0.1627907
920837.BJ,13.23643,13.23643,0.00012774902,0.00018804062,0.39416635,0.30322582,1,61,124,0.61290324,0.0,-1.3612581,13.196653,0.38709676
920839.BJ,20.429544,20.429544,0.00017677646,0.00018804062,0.40249968,0.23091787,1,96,56,0.8695652,0.0,-0.98953694,14.0448,0.13043478
920855.BJ,12.433182,12.433182,0.00012939883,0.00018804062,0.36291638,0.08266129,1,61,124,0.71875,0.0,-2.3026874,4.5375876,0.28125
920856.BJ,15.170123,15.170123,0.00014777065,0.00018804062,0.3699997,0.13118279,1,93,192,0.516129,0.0,-1.9196516,2.9856906,0.48387095
920857.BJ,14.265796,14.265796,0.00013858319,0.00018804062,0.38833302,0.19354838,1,57,68,0.875,0.0,-0.96986246,-13.6933775,0.125
920866.BJ,13.468547,13.468547,0.00013851303,0.00018804062,0.36666638,0.17234848,1,1,211,0.7878788,0.0,-0.7834121,5.016868,0.21212122
920870.BJ,19.643557,19.643557,0.00017969887,0.00018804062,0.3774997,0.19487908,1,22,208,0.42105263,0.0,-1.5386184,1.7322968,0.57894737
920871.BJ,20.538149,20.538149,0.00018538116,0.00018804062,0.36041638,0.22150537,1,23,94,0.22580644,0.0,-1.6758611,3.8131726,0.7741935
920873.BJ,33.415817,33.415817,0.00025889312,0.00018804062,0.40499967,0.22141561,1,23,94,0.6551724,0.0,-1.8496414,-11.886923,0.3448276
920876.BJ,11.558468,11.558468,0.00012418536,0.00018804062,0.36916637,0.1394958,1,87,102,0.82857144,0.0,-2.2208798,3.9188952,0.17142858
920879.BJ,15.434301,15.434301,0.00014217653,0.00018804062,0.40916634,0.342246,1,14,83,0.85294116,0.0,-1.2001264,15.372377,0.14705883
920885.BJ,16.023867,16.023867,0.0001562087,0.00018804062,0.400833,0.15795587,1,93,192,0.9285714,0.0,-2.4857857,10.796753,0.071428575
920892.BJ,16.193632,16.193632,0.00014592991,0.00018804062,0.39166635,0.29149798,1,5,286,0.8974359,0.0,-0.55272055,16.299467,0.102564104
920895.BJ,11.381135,11.381135,0.000116790376,0.00018804062,0.3774997,0.17471264,1,15,191,0.73333335,0.0,-1.9079534,-7.2253127,0.26666668
920896.BJ,18.83598,18.83598,0.00017990563,0.00018804062,0.40749967,0.16168328,1,80,208,0.6511628,0.0,-1.5897093,10.952644,0.3488372
920906.BJ,18.647789,18.647789,0.00018412739,0.00018804062,0.38208303,0.17607974,1,33,251,0.5813953,0.0,-1.3348465,6.1697617,0.41860464
920914.BJ,17.091179,17.091179,0.00016967417,0.00018804062,0.36458305,0.11596639,1,5,286,0.6857143,0.0,-2.08574,4.3286357,0.31428573
920924.BJ,15.877602,15.877602,0.00016097014,0.00018804062,0.37916636,0.12436975,1,1,211,0.5714286,0.0,-1.6757743,0.34545317,0.42857143
920925.BJ,15.35879,15.35879,0.00015855322,0.00018804062,0.36416638,0.24102564,1,27,217,0.575,0.0,-1.2783476,6.705139,0.425
920926.BJ,11.46198,11.46198,0.00012325372,0.00018804062,0.403333,0.1391129,1,69,305,0.71875,0.0,-0.40431875,7.757174,0.28125
920931.BJ,16.564272,16.564272,0.00016987491,0.00018804062,0.3899997,0.15602838,1,80,208,0.7916667,0.0,-1.1754271,4.1373324,0.20833333
920932.BJ,21.468424,21.468424,0.00019965191,0.00018804062,0.36124972,0.08392603,1,69,305,0.7105263,0.0,-1.4301972,0.98545253,0.28947368
920942.BJ,15.151283,15.151283,0.00015027463,0.00018804062,0.36666638,0.19556452,1,19,162,0.5,0.0,-1.5385938,6.04134,0.5
920943.BJ,18.10319,18.10319,0.0001794284,0.00018804062,0.36916637,0.1505102,1,93,192,0.75510204,0.0,-1.8059325,5.8679214,0.24489796
920946.BJ,19.046396,19.046396,0.00017420549,0.00018804062,0.39166635,0.23673469,1,80,208,0.86,0.0,-1.7682959,12.424465,0.14
920950.BJ,17.950798,17.950798,0.00016682521,0.00018804062,0.39333302,0.26857144,1,1,211,0.78,0.0,-1.1294659,14.180122,0.22
920953.BJ,19.07811,19.07811,0.00017560381,0.00018804062,0.39499968,0.18798043,1,19,162,0.962963,0.0,-1.3326224,11.708703,0.037037037
920957.BJ,24.361502,24.361502,0.000226663,0.00018804062,0.36666638,0.14220779,1,80,208,0.60714287,0.0,-1.5581285,2.6147876,0.39285713
920961.BJ,31.935741,31.935741,0.00024478184,0.00018804062,0.38333303,0.15476191,1,69,305,0.6666667,0.0,-1.145672,2.6637528,0.33333334
920964.BJ,6.7153096,6.7153096,7.7934004e-05,0.00018804062,0.38833302,0.37634408,1,20,96,0.9677419,0.0,-1.3769289,-29.513271,0.032258064
920970.BJ,11.392751,11.392751,0.000108766566,0.00018804062,0.39583302,0.33015874,1,87,102,0.7777778,0.0,-1.9597195,-22.674376,0.22222222
920971.BJ,12.592978,12.592978,0.00012760643,0.00018804062,0.39999968,0.1724138,1,61,124,0.76666665,0.0,-1.7985466,5.676171,0.23333333
920974.BJ,19.284996,19.284996,0.00018696919,0.00018804062,0.37833303,0.1214539,1,61,124,0.5625,0.0,-1.517548,1.8994561,0.4375
920976.BJ,26.122837,26.122837,0.000213995,0.00018804062,0.39499968,0.22251773,1,69,305,0.6666667,0.0,-1.3529917,14.33319,0.33333334
920978.BJ,25.105633,25.105633,0.00022519298,0.00018804062,0.41583303,0.15188763,1,22,208,0.9558824,0.0,-0.97749263,12.472047,0.04411765
920981.BJ,37.88776,37.88776,0.0003025361,0.00018804062,0.418333,0.18734568,1,61,124,0.9259259,0.0,-0.39819387,-1.4305077,0.074074075
920982.BJ,275.26147,275.26147,0.0021103716,0.00018804062,0.5341663,0.053366207,1,61,124,0.96345514,0.0,-1.2697222,13.275626,0.036544852
920985.BJ,26.201757,26.201757,0.00020134433,0.00018804062,0.405833,0.32225913,1,61,124,0.60465115,0.0,-1.7358723,-23.507456,0.39534885
920992.BJ,13.311217,13.311217,0.00013570781,0.00018804062,0.3699997,0.13968255,1,7,111,0.6944444,0.0,-2.0179808,2.4257584,0.30555555
