record_id,stock_code,stock_name,asof_date,cluster_id,cluster_distance
f28b37e410e91cba67ee44b2,000001.SZ,平安银行,2024-06-30,1,0.9308416843414307
2dea52419497494e3eef3e55,000002.SZ,万科Ａ,2024-06-30,1,0.9468994140625
af5793e2de7f474fa97a1423,000004.SZ,*ST国华,2024-06-30,1,0.9071924090385437
8014f5f3c51ecc864f8fc328,000006.SZ,深振业Ａ,2024-06-30,5,0.6685695052146912
9099af5cfd533c6f9f238f86,000007.SZ,全新好,2024-06-30,1,0.995895504951477
f03aa6d63a6fc2477cbd9a34,000008.SZ,神州高铁,2024-06-30,1,0.9500846266746521
1c905394b642b4e24793dbd8,000009.SZ,中国宝安,2024-06-30,0,0.8520647287368774
8951c0aca9ea44f6e3e115d3,000010.SZ,美丽生态,2024-06-30,1,0.8990446925163269
73448fc77cdaef5b4bd5edea,000011.SZ,深物业A,2024-06-30,1,0.9635317325592041
7fff06a537b980155f908aee,000012.SZ,南玻Ａ,2024-06-15,2,0.9844769239425659
c4000ab4c04b96032aae4c38,000014.SZ,沙河股份,2024-06-30,1,0.9589726328849792
cee56bdafbd718ee6c9d66ef,000016.SZ,深康佳Ａ,2024-06-30,1,1.011498212814331
01d4957b819702b93ff9fc8f,000017.SZ,深中华A,2024-06-30,1,1.0189423561096191
0425a3501cc2040d1d44f3ee,000019.SZ,深粮控股,2024-06-30,1,0.976148247718811
d816eeb452973f29dbef96b8,000020.SZ,深华发Ａ,2024-06-30,4,0.9100058674812317
4ed57bef3ad34c62da495c38,000021.SZ,深科技,2024-06-30,4,0.8105391263961792
2dabeea54e4560da2868e7d6,000025.SZ,特力Ａ,2024-06-15,1,0.9719014763832092
b10893ad8eccee6d9dc0e1d7,000026.SZ,飞亚达,2024-06-30,1,1.0315660238265991
4b435def86626774d67aa49b,000027.SZ,深圳能源,2024-06-15,1,0.9423141479492188
a8d7456c4394390460df0144,000028.SZ,国药一致,2024-06-30,1,0.9422967433929443
8438101de2099c12a07a9f2a,000029.SZ,深深房Ａ,2024-06-30,5,0.6689927577972412
6396be9ae4c1dbf1bfcda3e3,000030.SZ,富奥股份,2024-06-15,4,0.9528557062149048
004d46b929a97f9ea5dd2310,000031.SZ,大悦城,2024-06-30,1,0.9468150734901428
a059a4ca774761098dd3aec9,000032.SZ,深桑达Ａ,2024-06-30,1,0.9185656309127808
2429bea8707227689c177727,000034.SZ,神州数码,2024-06-15,1,0.9168752431869507
e7af61ccba63514386e9a3d3,000035.SZ,中国天楹,2024-06-15,1,0.9161613583564758
b74a87fbb445abd5519838fe,000036.SZ,华联控股,2024-06-30,1,0.988531231880188
a5cf3af142151cc0d6a88dcc,000037.SZ,深南电A,2024-06-15,1,0.9590846300125122
b1c51d31820773d9d0073b59,000039.SZ,中集集团,2024-06-30,1,1.0249611139297485
013686ebd976fb96726960ec,000042.SZ,中洲控股,2024-06-15,1,0.9585914015769958
49e3c868855faabf94ebb783,000045.SZ,深纺织Ａ,2024-06-30,4,0.8356645703315735
d437e449ce3a91702d538b6c,000048.SZ,京基智农,2024-06-30,1,0.9817066192626953
981beb9c3d076ece4bd9c611,000049.SZ,德赛电池,2024-06-15,0,0.9000699520111084
a9eaac431311ea76ec7a8fc4,000050.SZ,深天马Ａ,2024-06-30,4,0.8037784099578857
6c9cca62d2760214c358f513,000055.SZ,方大集团,2024-06-30,1,1.0316380262374878
d4eccac1653566b95e625214,000056.SZ,皇庭国际,2024-06-30,1,1.0128973722457886
be141ee74b2b80d2ab3b378d,000058.SZ,深赛格,2024-06-15,1,1.0026154518127441
b3de9089ee95af61f383da89,000059.SZ,华锦股份,2024-06-30,2,0.9950308799743652
ceef8a32e1bb95ea958f0704,000060.SZ,中金岭南,2024-06-15,2,0.9996981024742126
d6283e40ce5d08573dc073e0,000061.SZ,农产品,2024-06-30,1,0.9662899374961853
c5f4e50e4ff2e7036ef19b28,000062.SZ,深圳华强,2024-06-30,1,1.008344054222107
6d9a52dbe4b3afffdaa1a176,000063.SZ,中兴通讯,2024-04-05,1,0.9680569767951965
23af6a34cad27f544219f298,000065.SZ,北方国际,2024-06-15,1,0.906862735748291
ceb3cc7134dbee14f085beb6,000066.SZ,中国长城,2024-06-30,1,0.9637764096260071
e20819b23a20b4acbeb9eea9,000068.SZ,华控赛格,2024-06-30,1,0.9269723892211914
0bf2f6a43fbbcd9bd7ab2d12,000069.SZ,华侨城Ａ,2024-06-30,1,0.9555637240409851
8eb63219293d38cd99dba969,000070.SZ,特发信息,2024-06-30,1,0.9828463792800903
978ab717b8258090134d5ac2,000078.SZ,海王生物,2024-06-15,1,0.9600087404251099
0036b02d8d18b6b4d2280de6,000088.SZ,盐田港,2024-06-15,1,0.9794774651527405
53ffed6e67665a80434a1d5b,000089.SZ,深圳机场,2024-06-15,1,0.9960333108901978
d4ad04c471d8e0d6b0fcb1d3,000090.SZ,天健集团,2024-06-30,1,0.9166299104690552
260203de93d7ec8ce6f89cb7,000096.SZ,广聚能源,2024-06-30,1,1.0019184350967407
e6c94ebdb4566358f0f51594,000099.SZ,中信海直,2024-06-30,1,0.9937475323677063
4920e247e3238dd106967156,000100.SZ,TCL科技,2024-06-30,4,0.8428021669387817
d5c7ece49ad804e56d17b052,000151.SZ,中成股份,2024-06-30,1,0.9700433015823364
564e71c8de1d1f55505d9cde,000153.SZ,丰原药业,2024-06-15,3,0.816891074180603
d78627f4eb38a525ef00c901,000155.SZ,川能动力,2024-06-30,2,1.0171382427215576
caef968484f110dc359f61ed,000156.SZ,华数传媒,2024-06-30,1,0.9332199692726135
c88a67b0c0735df4e553106b,000157.SZ,中联重科,2024-06-30,2,1.0347989797592163
10731562c0eaa2580a76dc71,000158.SZ,常山北明,2024-06-30,1,0.8954676389694214
395b84a26be44b1160c3afd7,000159.SZ,国际实业,2024-06-30,1,1.0135496854782104
f87e43b2acf5e5f8ca2d6af0,000301.SZ,东方盛虹,2024-06-30,2,0.9446675777435303
45cde3ec731017cff899260b,000400.SZ,许继电气,2024-06-30,0,0.8807802796363831
eb2e10165bc1d6c5ddd6eda8,000401.SZ,金隅冀东,2024-06-30,2,0.9978285431861877
0ae155369be722bfa117a4d6,000402.SZ,金融街,2024-06-15,1,0.9506859183311462
7313949c2452b9c195d2c218,000403.SZ,派林生物,2024-06-15,3,0.8948239684104919
53627ea319ad92f9bbe6eb84,000404.SZ,长虹华意,2024-06-15,2,0.9839586019515991
07b34dcfa6b8257c575ee8c7,000407.SZ,胜利股份,2024-06-30,1,0.9561756253242493
9af557ec417a7935c16f50e4,000408.SZ,藏格矿业,2024-06-30,2,1.009466528892517
9647578f27e7cc251add7017,000409.SZ,云鼎科技,2024-06-30,1,0.9534833431243896
d39434a849383c2b2c12dd00,000410.SZ,沈阳机床,2024-06-15,4,0.9890902638435364
ae6bff60caa558329bcaa389,000411.SZ,英特集团,2024-06-30,1,0.944552481174469
389832e9603f5ef9eb9d1a2f,000415.SZ,渤海租赁,2024-06-30,1,0.9749928712844849
c0c79068f2ccee237255fa77,000417.SZ,合肥百货,2024-06-15,1,1.0104541778564453
850d2616c80b0f6b977a9153,000419.SZ,通程控股,2024-06-30,1,0.9402350783348083
f278b3b9c59d24ce1a93e3e2,000420.SZ,吉林化纤,2024-06-30,2,0.9614315629005432
63b6eb5bea9052903bb6c85b,000421.SZ,南京公用,2024-06-30,1,0.9227354526519775
18fe5cc0f9a443d70defaf46,000422.SZ,湖北宜化,2024-06-15,2,0.9727304577827454
fc8c5e76454091b4b0c33802,000423.SZ,东阿阿胶,2024-06-15,3,0.8650600910186768
570ca44ed89f28164e947b23,000425.SZ,徐工机械,2024-06-15,2,1.014278531074524
3a6697ee5ca0e3cc22170b91,000426.SZ,兴业银锡,2024-06-15,2,1.0080056190490723
73a061105cdbbfc0c826bc28,000428.SZ,华天酒店,2024-06-30,1,0.9829841256141663
a2af15ad9876693b109325ff,000429.SZ,粤高速Ａ,2024-06-30,1,0.9532470107078552
012452616298dd8d5aefcb55,000430.SZ,ST张家界,2024-06-30,1,0.9644483327865601
ea728a0aefb74a93aa558d7d,000488.SZ,ST晨鸣,2024-06-30,2,0.9622215032577515
deb52299cf1ac589a8ac6af5,000498.SZ,山东路桥,2024-06-30,1,0.920190155506134
fab0915315ce4c8c99f7cb7f,000501.SZ,武商集团,2024-06-30,1,0.9409475922584534
ad2c8e4f1a267145e64517bd,000503.SZ,国新健康,2024-06-30,1,0.8846170902252197
e107911cfeacb041b60805de,000504.SZ,*ST生物,2024-06-30,3,0.9454638957977295
de545764d46df4aad5b7adbb,000505.SZ,京粮控股,2024-06-30,3,1.0001111030578613
a7608a62c5ae40a3c13d4228,000506.SZ,招金黄金,2024-06-15,1,1.0235551595687866
4fece5721c848946ac0067e4,000507.SZ,珠海港,2024-06-30,1,0.9680662155151367
5f52b21d80b9d46594a1b921,000509.SZ,华塑控股,2024-06-30,1,0.994121789932251
37a0d05564a58bca77c3faca,000510.SZ,新金路,2024-06-30,2,0.866340696811676
fd28837752d2d70f7a885043,000513.SZ,丽珠集团,2024-06-30,3,0.8282709717750549
c0e2bf86fa3724bcb03e2c1e,000514.SZ,渝开发,2024-06-30,5,0.7014302611351013
a8b19304680972aff1a6b4c6,000516.SZ,国际医学,2024-06-30,1,0.9322999119758606
66c868e2d15d916338ca375e,000517.SZ,荣安地产,2024-06-30,5,0.6703749895095825
92d9242bee3fa9a2b22f167b,001872.SZ,招商港口,2024-06-15,1,0.9758748412132263
3a2f8096a5f4729474cfbdfa,001914.SZ,招商积余,2024-06-30,1,0.9652549624443054
9d634e60cb41589098af9cd7,000518.SZ,*ST四环,2024-06-30,3,0.9190009236335754
840f43c6b652c2fff872eeb3,000519.SZ,中兵红箭,2024-06-30,4,0.9682397246360779
2248f31563f75d633dc77a0b,000520.SZ,凤凰航运,2024-06-15,1,0.9784972667694092
850dfea08d968e875c0da00f,000521.SZ,长虹美菱,2024-06-30,1,1.002089262008667
4b699bab5361513466c79b0e,000523.SZ,红棉股份,2024-06-15,2,0.9494565725326538
42e03807a2454c68fd9dcd8f,000524.SZ,岭南控股,2024-06-30,1,0.9803470969200134
b1503072d008f2f9bb67ab6f,000525.SZ,红太阳,2024-06-15,3,0.9489657282829285
b022e24215aa361548c3f16e,000526.SZ,学大教育,2024-06-30,1,0.9310535788536072
0925266662bd88a988d8669f,000528.SZ,柳工,2024-06-30,2,1.0185073614120483
2b88de4e000d2b618de0bb9d,000529.SZ,广弘控股,2024-06-30,3,0.9623187780380249
ba1cf2f34931c4e1b20dc451,000530.SZ,冰山冷热,2024-06-15,2,1.0197471380233765
41236f7f9090ee15486027a3,000531.SZ,穗恒运Ａ,2024-06-30,1,0.9710758328437805
7da1db71c41accef5fb68e07,000532.SZ,华金资本,2024-06-30,1,0.9798029661178589
d6a5fbc3ef855a8d4a21a685,000533.SZ,顺钠股份,2024-06-15,0,0.8098462224006653
0bec57bd113793c762e252de,000534.SZ,万泽股份,2024-06-30,2,0.958784818649292
436fd30a621304bbea35640b,000536.SZ,华映科技,2024-06-30,4,0.8938324451446533
e46638390c5c371c3a7871aa,000537.SZ,绿发电力,2024-06-15,1,0.9766944646835327
796f38b07f19adfbf3a03bf0,000538.SZ,云南白药,2024-06-15,3,0.972515344619751
8f0cfb46b16c2bb54089a989,000539.SZ,粤电力Ａ,2024-06-30,1,0.9545942544937134
cadb5e79bc4fdb1b243a0779,000541.SZ,佛山照明,2024-06-30,4,0.9920440316200256
536f4cad91ae284b072130f8,000543.SZ,皖能电力,2024-06-30,1,0.9538660645484924
521f6b89d914f4c88733b183,000544.SZ,中原环保,2024-06-30,1,0.9218084812164307
83ffc66f5c6f108bc223b70e,000545.SZ,金浦钛业,2024-06-15,2,0.9119971990585327
cd3798929d3b6afd93015b85,000546.SZ,金圆股份,2024-06-30,2,0.9887193441390991
e35cba1c953108fe8605c934,000547.SZ,航天发展,2024-06-15,1,1.014232873916626
2eeb90c1501447a235258793,000548.SZ,湖南投资,2024-06-15,1,0.9556161165237427
18cde3367b159f56e1526d24,000550.SZ,江铃汽车,2024-06-15,1,1.0086461305618286
501074286c5da9c1151ac4ad,000551.SZ,创元科技,2024-06-30,4,0.8488188982009888
3f8f4eac5404506ab0698ab6,000552.SZ,甘肃能化,2024-06-15,1,1.0055896043777466
fc63d00a29f9d676fbcb0212,000553.SZ,安道麦A,2024-06-15,3,0.9565483927726746
b71dc35a80c7eb91fccbe315,000554.SZ,泰山石油,2024-06-15,1,1.0020332336425781
625f5b1d78623f8ebd7d6bf5,000555.SZ,神州信息,2024-06-15,1,0.8910506367683411
e2281f1882dade5529480dd2,000557.SZ,西部创业,2024-06-30,1,1.004278540611267
77af31ae1bf55fbc2e1558ac,000558.SZ,天府文旅,2024-06-15,1,0.9609829187393188
a510ce79ed51356cadf90302,000559.SZ,万向钱潮,2024-06-15,4,0.8616805076599121
89580f70c6b6188fd8518945,000560.SZ,我爱我家,2024-06-30,1,0.9767375588417053
d5e6e449f594fa026123b8f8,000561.SZ,烽火电子,2024-06-30,1,1.0204740762710571
d698ead407f1ab302048b650,000563.SZ,陕国投Ａ,2024-06-30,1,0.9588178992271423
061f6b1e0741bf5bd66a3d6e,000564.SZ,供销大集,2024-06-30,1,0.9517122507095337
987d0d443d744dcc5e3e0186,000565.SZ,渝三峡Ａ,2024-06-30,2,0.9599028825759888
7373f92bdc3c3d36c94f93f3,000566.SZ,海南海药,2024-06-30,3,0.904536783695221
8db6e892848b40415fa95478,000567.SZ,海德股份,2024-06-30,1,0.9807992577552795
460bcbb32ccabb6a5c831fa6,000568.SZ,泸州老窖,2024-06-15,1,0.9957197308540344
600e5c856be007d7243593c9,000570.SZ,苏常柴Ａ,2024-06-15,2,1.0267248153686523
a4deb84c78205a349f4d0b9c,000571.SZ,新大洲A,2024-06-30,2,1.0273383855819702
2e5763d1e872ada9690a9f0b,000572.SZ,海马汽车,2024-06-30,1,1.0021958351135254
0623e5455d91217d4fd37865,000573.SZ,粤宏远Ａ,2024-06-30,5,0.7002701759338379
2fb8a8ba90cc6085aa014b78,000576.SZ,甘化科工,2024-06-30,0,0.925134539604187
00f35ed8684c18b98abb785a,000581.SZ,威孚高科,2024-06-30,4,0.8446969389915466
3f01635f31432b8416111bc0,000582.SZ,北部湾港,2024-06-30,1,0.9860298037528992
5f755af0583fc9d5de55d1bb,000586.SZ,汇源通信,2024-06-15,1,0.9138089418411255
9d883f3967cf69f85c21df36,000589.SZ,贵州轮胎,2024-06-15,2,0.9838356971740723
a4595703884715e9f6b498df,000590.SZ,古汉医药,2024-06-30,3,1.0337568521499634
ed741f70572f2aebe3c12441,000591.SZ,太阳能,2024-06-15,1,0.9824779033660889
c48c02cf131767b1dd7db832,000592.SZ,平潭发展,2024-06-30,1,1.014172077178955
2655576ff4fb8cff26e64a48,000593.SZ,德龙汇能,2024-06-15,1,1.0163936614990234
a304446df7a4406104376465,000595.SZ,*ST宝实,2024-06-30,1,1.043123722076416
3378224440f6603dce00ed0f,000596.SZ,古井贡酒,2024-06-30,1,1.000518798828125
b7834e1f533ae2c05610cbd1,000597.SZ,东北制药,2024-06-30,3,0.8597794771194458
20313c05097df3ab46685fe8,000598.SZ,兴蓉环境,2024-06-30,1,0.9716554284095764
65ddf0737698e7737c7e2163,000599.SZ,青岛双星,2024-06-15,2,0.9776932001113892
748cd834a9f59b747d740df5,000600.SZ,建投能源,2024-06-15,1,0.9647367000579834
a875985a5dda30248ddb1a05,000601.SZ,韶能股份,2024-06-30,2,0.9936070442199707
4f60ffd1bc0d44fa2bc7629f,000603.SZ,盛达资源,2024-06-30,2,1.005137324333191
f4950e5a58a673fc2a023e6b,000605.SZ,渤海股份,2024-06-15,1,0.9612118601799011
757141893b52330eace2f9b8,000607.SZ,华媒控股,2024-06-30,1,0.9182069301605225
d887cc483615f29ffc78590a,000608.SZ,*ST阳光,2024-06-30,5,0.9160870313644409
80b9b4d14542781cd7c8eb6a,000609.SZ,ST中迪,2024-06-30,5,0.5700780153274536
bfa9f5fc0f1c4e570d46fcc1,000610.SZ,西安旅游,2024-06-15,1,0.9814034700393677
d9cd7080360af23b04b0a98c,000612.SZ,焦作万方,2024-06-30,2,0.9642303586006165
767c239702b24b9bcf1dc546,000615.SZ,*ST美谷,2024-03-15,3,0.9001819491386414
95bf45af877f6bbafd582bb1,000617.SZ,中油资本,2024-06-30,1,0.9751458764076233
3a095470d02ec8b76123f1c5,000619.SZ,海螺新材,2024-06-30,2,0.9583991765975952
6fc4fef1fb5dfc78637cbcb4,000620.SZ,盈新发展,2024-06-15,1,1.0029336214065552
98f7332f1760d4945cdc4602,000623.SZ,吉林敖东,2024-06-30,3,0.9118671417236328
08a4c768f5aa4eb6ce918534,000625.SZ,长安汽车,2024-06-30,1,1.0017622709274292
c300bb643896e706ae07625c,000626.SZ,远大控股,2024-06-30,1,0.9994401335716248
dc52b2c8f3bb088a17ebf94f,000628.SZ,高新发展,2024-06-30,1,0.9960899353027344
2f4fffabc1e8bea9de7be6ce,000629.SZ,钒钛股份,2024-06-30,2,0.9429136514663696
3e3ebe7d179e618886450003,000630.SZ,铜陵有色,2024-06-15,2,0.9900396466255188
2eabd47378ef80d0742ab70a,000631.SZ,顺发恒能,2024-06-30,1,0.975621223449707
da2b5fca174f374fd580edad,000632.SZ,三木集团,2024-06-15,1,0.9915487170219421
4d1547a96492c38cd456b744,000633.SZ,合金投资,2024-06-15,2,0.966070294380188
ee622f9cc9795ff42102e99f,000635.SZ,英力特,2024-06-15,2,0.9640641212463379
42d6cedd4183f0259c07bbac,000636.SZ,风华高科,2024-06-30,4,0.7801731824874878
6f4c1e9312e60cd01b3193f2,000637.SZ,茂化实华,2024-04-05,2,0.9791582226753235
ee58861c0ecc17232c238b7c,000638.SZ,*ST万方,2024-06-30,1,0.9493333697319031
d1774f80518fa89eea0cbb19,000639.SZ,西王食品,2024-06-15,3,0.9298499226570129
e12195e38e4a29532cd5e812,000650.SZ,仁和药业,2024-06-15,3,0.8976877927780151
db9c19b1c3c12e231682b457,000651.SZ,格力电器,2024-06-30,2,1.0282022953033447
3554988c931a19966414bebd,000652.SZ,泰达股份,2024-06-15,1,0.9986310005187988
e94d0c2215bfe0e1240ebe3c,000655.SZ,金岭矿业,2024-06-30,2,0.990312933921814
5199fd005d67f49377b76749,000656.SZ,*ST金科,2024-04-05,1,0.9641246795654297
a7bbf37f14d35812135e8cd1,000657.SZ,中钨高新,2024-06-15,2,0.9795358777046204
bfad62c0c7225bc3601c2ede,000659.SZ,珠海中富,2024-06-15,2,0.9581944346427917
6f03edff9ce5621f21e572b0,000663.SZ,永安林业,2024-06-15,2,1.0228571891784668
dae22676123aa4fe1ac9a8af,000665.SZ,湖北广电,2024-04-05,1,0.929121196269989
05ec4eccdbe5368073af45bf,000668.SZ,*ST荣控,2024-04-05,1,0.9955324530601501
1aab0c6ed2681fdb5034f284,000669.SZ,ST金鸿,2024-06-30,1,1.0048365592956543
f7c8d04a085472e1bf1d5969,000670.SZ,盈方微,2024-06-30,4,0.9067267179489136
69272c0b2b6571a177c2a166,000661.SZ,长春高新,2024-03-15,3,0.8728787302970886
2dd7bfc787936b95d7f00332,000672.SZ,上峰水泥,2024-06-30,2,0.9910265207290649
ee37d878fee1c20dff208fc7,000676.SZ,智度股份,2024-06-30,1,0.9266660809516907
8e0130c63c57290867e8b852,000677.SZ,恒天海龙,2024-06-30,2,0.9338756799697876
00605aa542e493b9198e9731,000678.SZ,襄阳轴承,2024-06-15,4,0.9670746922492981
ab496b72acbe3f982923f3e9,000679.SZ,大连友谊,2024-06-30,1,0.9691038131713867
90d5fe6794a975a18201cfb9,000680.SZ,山推股份,2024-06-15,2,0.9952278137207031
885921fcd380c506a1e534b3,000681.SZ,视觉中国,2024-06-30,1,0.9370103478431702
28f0275d0009feb19b7aafbe,000682.SZ,东方电子,2024-06-15,0,0.8684785962104797
48005a43e1cc68de871df7c9,000683.SZ,博源化工,2024-06-15,2,0.9423642158508301
ce4d9b699eec5bf84e37fe9e,000685.SZ,中山公用,2024-06-30,1,0.9651461839675903
09a636cb91370d9182cbf2e2,000686.SZ,东北证券,2024-06-15,1,0.9463543891906738
191a3211d0b1a6483ebd185d,000688.SZ,国城矿业,2024-06-15,2,1.0027320384979248
7331e49d11a583777f17e3b3,000690.SZ,宝新能源,2024-06-15,1,0.9783585071563721
d1057933c0c7f31109a812f7,000691.SZ,*ST亚太,2024-06-30,1,1.024706244468689
1b62066d846c27c82b1ba27e,000692.SZ,惠天热电,2024-06-30,1,0.9522934556007385
8157b4da5e461987fb42f3f0,000695.SZ,滨海能源,2024-06-15,1,0.9837177991867065
b52c8fe593a2f34ee0fc9769,000697.SZ,ST炼石,2024-06-30,2,0.9825419187545776
71e4733d036db426c3e39dfd,000698.SZ,ST沈化,2024-06-15,2,0.9868736267089844
51f1e0ee3c1d6df3f1bbc5f2,000700.SZ,模塑科技,2024-06-15,4,0.9211825728416443
46de5da65c3afdada5f18525,000701.SZ,厦门信达,2024-06-30,1,0.9849821925163269
cbe22abd12d4dcee4203411f,000702.SZ,正虹科技,2024-06-15,3,1.0136069059371948
4d7d62d7f036eac49de41f6b,000703.SZ,恒逸石化,2024-06-30,2,0.9718776345252991
d1495253b7cd7583ef330a30,000705.SZ,浙江震元,2024-06-30,3,0.9447344541549683
68e4a49c8098aee1a3a03532,000707.SZ,双环科技,2024-06-30,2,0.8841572403907776
6da0efdb1d6b50f608ca3d72,000708.SZ,中信特钢,2024-06-30,2,0.9899517297744751
46bd16d8a21e81dcb336d604,000709.SZ,河钢股份,2024-06-30,2,0.9641154408454895
dad37285a7633af43f02d73a,000710.SZ,贝瑞基因,2024-06-30,3,0.9371702075004578
1987f1ad05d8a6edf41d663a,000711.SZ,ST京蓝,2024-06-30,1,0.9647707939147949
46ac01976630e18d9d57ad80,000712.SZ,锦龙股份,2024-06-30,1,0.9655395150184631
797546154b1cb30da14a7e77,000713.SZ,国投丰乐,2024-06-15,1,1.0149301290512085
820721cc376f7165983e4c15,000715.SZ,中兴商业,2024-06-30,1,0.9629814028739929
2d023bb73963d0617f8be618,000716.SZ,黑芝麻,2024-06-30,3,0.9545207023620605
16d75b624f0111208ad08300,000717.SZ,中南股份,2024-06-30,2,0.9671862125396729
6f69716c3316a521fdf2e515,000718.SZ,苏宁环球,2024-06-30,5,0.725723385810852
a1059a0b489dd54440ea3c51,000719.SZ,中原传媒,2024-06-30,1,0.9625258445739746
498c6483c64d6b24f574c642,000720.SZ,新能泰山,2024-06-30,0,1.0019500255584717
dc6146bedc413ff3ef032c0c,000721.SZ,西安饮食,2024-06-30,1,0.9888076782226562
b7bd7e9f0c65a8050baa17a3,000722.SZ,湖南发展,2024-06-30,1,1.015286922454834
e1809f8d3cc66c3a7aea3034,000723.SZ,美锦能源,2024-06-15,2,1.020283579826355
eeabf4207f341a3a77c929fb,000726.SZ,鲁泰Ａ,2024-06-30,2,0.9742172956466675
77bc072b65506487b59381c3,000727.SZ,冠捷科技,2024-06-15,4,0.8974448442459106
9500f197e0e16ef3a4f5181a,000728.SZ,国元证券,2024-06-30,1,0.9340565204620361
772d0e707723ee90bf047d4f,000729.SZ,燕京啤酒,2024-06-15,1,1.014857530593872
95800f8338862a03993b15de,000731.SZ,四川美丰,2024-06-30,2,0.9705580472946167
98d81ce6fdafe30fd9dcf7ec,000733.SZ,振华科技,2024-06-30,4,0.9638962149620056
1e132138c4a94900cf5bd9f3,000735.SZ,罗牛山,2024-06-15,1,0.9968673586845398
11aeff750eba90583c2865be,000736.SZ,*ST中地,2024-06-30,1,0.9953815937042236
cacb727c862a9e9c230aa4a3,000737.SZ,北方铜业,2024-06-15,2,0.995247483253479
00e29fff2f869a5c43d66931,001696.SZ,宗申动力,2024-06-30,4,1.038616418838501
8d2e6f324495729960bac983,000725.SZ,京东方Ａ,2024-06-15,4,0.8303330540657043
c2f2c04f429177b9f6ddb3db,000738.SZ,航发控制,2024-06-30,4,1.0222244262695312
d36c90c02c99f43d46b779e3,000739.SZ,普洛药业,2024-06-15,3,0.7791836857795715
0b243241f84352f961724476,000750.SZ,国海证券,2024-06-30,1,0.9526787400245667
8be54bf35472d2445905f20a,000751.SZ,锌业股份,2024-06-30,2,0.984803318977356
87dfb3357277ba190d61f81a,000752.SZ,ST西发,2024-06-30,1,1.0246939659118652
aa36c8aade29156fe9b408e3,000753.SZ,漳州发展,2024-06-30,1,0.9552576541900635
4566e7dc02ca76417a0d6cd7,000755.SZ,山西高速,2024-06-15,1,0.9696006178855896
01e290aba409c6013f9e0c1a,000756.SZ,新华制药,2024-06-15,3,0.789637565612793
17c13e78e7fee159dbf5f716,000757.SZ,浩物股份,2024-06-30,1,0.9866988062858582
a7977e1964b4acc8ff7f14ce,000758.SZ,中色股份,2024-06-30,2,0.9991075992584229
9bf85d6d6fd1c86851bec07c,000759.SZ,中百集团,2024-06-30,1,0.9932618737220764
66429c73085ab5dadeac5f19,000761.SZ,本钢板材,2024-06-30,2,0.9631065130233765
e061454acf7f8600317fd0f8,000762.SZ,西藏矿业,2024-06-15,2,0.9905833601951599
e2eaafcb648d44f6694f16b2,000766.SZ,通化金马,2024-06-15,3,0.8723970055580139
c14c3b1b6dc0efcd68789d1c,000767.SZ,晋控电力,2024-06-15,1,0.9928811192512512
df7dca466e83506bf3ba2c38,000768.SZ,中航西飞,2024-06-30,2,1.026291012763977
2c7e1f4ad09e08e4dea7dbb5,000776.SZ,广发证券,2024-06-30,1,0.9257287383079529
91761319ad15ecc457d5eed0,000777.SZ,中核科技,2024-06-15,4,0.9910150170326233
6e9c705b02e54c9965a3695d,000778.SZ,新兴铸管,2024-06-30,2,0.970582127571106
869863ce81cb60d5950c6900,000779.SZ,甘咨询,2024-06-15,1,0.9459004998207092
717a948484d31ca09dc75082,000782.SZ,恒申新材,2024-06-15,1,0.9519423842430115
a4b0f4c58fc516d471ba1f37,000783.SZ,长江证券,2024-06-15,1,0.9338666200637817
bfcbe9d60eb7c94e7673d7b9,000785.SZ,居然智家,2024-06-30,1,0.9529412388801575
85bd4a5ebe55062f65538ecb,000786.SZ,北新建材,2024-06-30,2,0.9840247631072998
95f4d5ca3f98ad5143069101,000788.SZ,北大医药,2024-06-15,3,0.8408335447311401
a1108e15f5c3c0af586baf4b,000789.SZ,万年青,2024-06-30,2,0.9893210530281067
aa685efff02fe657d96c2a17,000790.SZ,华神科技,2024-06-30,3,0.8980113863945007
beaae5e5ac7f1a5e27de8ac0,000791.SZ,甘肃能源,2024-06-30,1,0.9804576635360718
9495e61ee954ec856152e704,000792.SZ,盐湖股份,2024-06-15,2,1.0071169137954712
d232a42e2ba1b396ac37acad,000793.SZ,*ST华闻,2024-06-30,1,0.9589675068855286
f179380d19ec3494a8eebeda,000795.SZ,英洛华,2024-06-15,2,0.9981456398963928
d5972af57d7ba3de0dacb4a7,000796.SZ,凯撒旅业,2024-06-30,1,0.9864740967750549
9c8269366cce60321e86ba2f,000797.SZ,中国武夷,2024-06-15,1,0.9537062644958496
68330ad7a55986a3be33a79f,000798.SZ,中水渔业,2024-06-15,1,1.0156879425048828
22ca0e55236c282dd0ec9c50,000799.SZ,酒鬼酒,2024-06-15,1,0.9935609698295593
1b2bbaa5cc70acae478fae4c,000800.SZ,一汽解放,2024-06-30,1,1.022615671157837
d2010e305d7be1d6d98e9c19,000801.SZ,四川九洲,2024-06-30,1,0.9902966022491455
5037048bb7986b141c43ba09,000802.SZ,北京文化,2024-06-15,1,0.9518360495567322
f5e0bc1fd5d37cda3ed7b953,000803.SZ,山高环能,2024-06-15,1,0.9449039101600647
2eb6bc760e7e68014690ca43,000807.SZ,云铝股份,2024-06-30,2,0.977142333984375
8245fafe5a1d34ad72b8772f,000809.SZ,和展能源,2024-06-15,1,0.9497798681259155
5e7a2e759617e2a5bb0c9f4f,000810.SZ,创维数字,2024-06-30,1,0.9753221869468689
baa9fc0634a417c0de795c39,000811.SZ,冰轮环境,2024-06-15,2,0.9972250461578369
8c3f27b9fc264c0e3c8644aa,000812.SZ,陕西金叶,2024-06-30,1,0.9978362917900085
d80a5ccb9b7ad74ce1de5805,000813.SZ,德展健康,2024-06-15,3,0.8738281726837158
e11e785a2da1c50652204cc9,000815.SZ,美利云,2024-06-30,1,0.9828125834465027
337a0856d71422756d5ead2a,000816.SZ,智慧农业,2024-06-15,1,1.0209847688674927
cf591f3ea6a797220695c280,000818.SZ,航锦科技,2024-06-30,2,0.9409543871879578
32d5c19756f9a274d5132074,000819.SZ,岳阳兴长,2024-06-15,2,1.0157591104507446
d155d0467fd631584a6d68bc,000820.SZ,*ST节能,2024-06-30,2,1.0312901735305786
505c050c865e7e765e97dd70,000821.SZ,ST京机,2024-06-15,0,0.882415771484375
295aef03fbb4ffe70e29379a,000822.SZ,山东海化,2024-06-15,2,0.857559859752655
1b84bd4cda130f2691b37e3d,000823.SZ,超声电子,2024-06-15,4,0.7749524712562561
59db836986a8c68b9da95e77,000825.SZ,太钢不锈,2024-06-30,2,0.9958627820014954
d44594c2a47e92d28c295e37,000826.SZ,启迪环境,2024-06-30,1,0.917875349521637
95599f9746b4f2b798083514,000828.SZ,东莞控股,2024-06-30,1,0.9575011730194092
7788e55fdb7cddb93cf3aa33,000829.SZ,天音控股,2024-06-30,1,0.9809675812721252
ae0b029942feec4de6313d7f,000830.SZ,鲁西化工,2024-06-30,2,0.8715131282806396
48365b23f740c93e6e2d336d,000831.SZ,中国稀土,2024-06-15,2,0.9682028889656067
44bd370726bbe4a6f72a3085,000833.SZ,粤桂股份,2024-06-30,1,1.0064362287521362
47cb8811e0f96863cbcb0236,000837.SZ,秦川机床,2024-06-15,4,0.9944698810577393
6ab1bac020507b5a576d357e,000838.SZ,财信发展,2024-06-30,5,0.6307680606842041
7674bba58e638f307155ad9a,000839.SZ,国安股份,2024-06-15,1,1.025940179824829
5490203472587c8b96894cce,000848.SZ,承德露露,2024-06-15,1,1.0110102891921997
e998172c079511aa1e91ca9c,000850.SZ,华茂股份,2024-06-30,2,0.9732679724693298
c7195e723ac67d09c3322546,000852.SZ,石化机械,2024-06-15,2,1.022703766822815
fb6ba32971217ba1cddbd0c2,000856.SZ,冀东装备,2024-06-30,2,0.9876943230628967
47c66e631e289be552beb6be,000858.SZ,五粮液,2024-06-30,1,0.9998005032539368
5f0c10bfb0fcfd4941cf008b,000859.SZ,国风新材,2024-06-30,2,0.9173479080200195
ee2faf8e7da1271b8c68f38f,000860.SZ,顺鑫农业,2024-06-30,1,1.000244140625
84cd02e5716c99809953284a,000862.SZ,银星能源,2024-06-30,1,0.9869371652603149
746bb0ca47223c7f2c4f0b65,000863.SZ,三湘印象,2024-06-15,5,0.5841540098190308
f3fafc2cd32e892182f8a343,000868.SZ,安凯客车,2024-06-15,1,0.9948210120201111
bb1d78935523aada88fb56dc,000869.SZ,张裕Ａ,2024-06-15,1,1.0031923055648804
54085865bc863163f73f02f5,000875.SZ,电投绿能,2024-06-15,1,0.9718720316886902
706b3afb6032d187c1fcb3f5,000876.SZ,新希望,2024-06-30,1,0.9941678047180176
a6ef7e3f38bc6feba45bc74b,000877.SZ,天山股份,2024-06-30,2,1.0039691925048828
5ceaba7b05684579b3212bdf,000878.SZ,云南铜业,2024-06-15,2,1.023759126663208
c279dff6d8df0dd07c638c19,000880.SZ,潍柴重机,2024-06-15,0,0.9593477845191956
ef73a175f0704f9d0f6c57e9,000881.SZ,中广核技,2024-06-30,2,0.9745497107505798
0a90470669289717956b130d,000882.SZ,华联股份,2024-06-30,1,0.9666361212730408
befbbf1b0ff62c5fa47f1864,000883.SZ,湖北能源,2024-06-15,1,0.989569365978241
6994477a451efead684ff61f,000885.SZ,城发环境,2024-06-15,1,0.9216405749320984
4dbec6999cc5abe045c17dae,000886.SZ,海南高速,2024-06-15,5,0.8347539901733398
0a4d2f8195528b7bef5376bd,000887.SZ,中鼎股份,2024-06-15,4,0.8869973421096802
481362026fcbaf3a6772960a,000888.SZ,峨眉山Ａ,2024-06-15,1,0.966231107711792
66444ab1c23d9aeb7123c7c3,000889.SZ,中嘉博创,2024-06-30,1,0.9152340888977051
c6c34be4a2fd67f060318575,000890.SZ,法尔胜,2024-06-30,2,0.9569551944732666
ebdd730c27f4a1e39db40401,000892.SZ,欢瑞世纪,2024-06-30,1,0.9689419269561768
54039c43eb119f97e6d45fb9,000893.SZ,亚钾国际,2024-06-30,2,0.9935464262962341
0f3906378967618e58e8f7d4,000895.SZ,双汇发展,2024-06-30,3,0.9537892937660217
2654ddc0136d9e629a346e95,000897.SZ,津滨发展,2024-06-30,5,0.7030852437019348
e369b33ef9b32b4ebacc846f,000898.SZ,鞍钢股份,2024-06-15,2,0.9679133892059326
0b196ad8f6a7fbef8d21b0cf,000899.SZ,赣能股份,2024-06-30,1,0.970413863658905
c206ac6e8203be7e5bb300ce,000900.SZ,现代投资,2024-06-15,1,0.9600654244422913
f349e5813cc2854fb8564232,000901.SZ,航天科技,2024-06-30,4,1.0279501676559448
4f200599a8a2871ab216427d,000902.SZ,新洋丰,2024-06-30,2,0.9875973463058472
871cec2872a00bad53c8a05c,000903.SZ,ST云动,2024-06-15,4,0.9796105027198792
4f50c6fce703b2033b1b1372,001896.SZ,豫能控股,2024-06-30,1,0.9678686857223511
8761a28f7e22c44add4123f2,000905.SZ,厦门港务,2024-06-30,1,0.9811689853668213
8ceab3e0ace374d2e44deff1,000906.SZ,浙商中拓,2024-06-15,1,0.9689648151397705
c57d7c15ee6f7104670791c3,000908.SZ,ST景峰,2024-06-30,3,0.8347923755645752
1f4e9e4369e87a3ebd75da18,000909.SZ,*ST数源,2024-06-30,5,0.700782299041748
8d9eec1bea89fba2c036aceb,000910.SZ,大亚圣象,2024-06-30,2,0.9811452627182007
0bff0f10a1a8a5d293fcadbf,000911.SZ,广农糖业,2024-06-30,3,0.9878153800964355
ef5c5ed464eb86a4ea347c15,000912.SZ,泸天化,2024-06-30,2,0.9668010473251343
852609270b4dd31b98ab0c74,000913.SZ,钱江摩托,2024-06-15,1,1.0258594751358032
f70abc13ebc31d01d04df4e8,000915.SZ,华特达因,2024-06-30,3,0.791479766368866
c35d2151b0df55f9b245d7e2,000917.SZ,电广传媒,2024-06-30,1,0.95677250623703
eba9abdc08497e8dcad98315,000919.SZ,金陵药业,2024-06-15,3,0.7901643514633179
b72f2fa38e7f04b3385ac9ed,000920.SZ,沃顿科技,2024-06-15,2,0.9807901382446289
64fed62906775a33a1381b29,000921.SZ,海信家电,2024-06-30,1,0.9923808574676514
1785ec5051debbba61c93a8a,000922.SZ,佳电股份,2024-06-15,0,0.9121352434158325
b9b09e48d9f4fa8279ee6ee1,000923.SZ,河钢资源,2024-06-15,2,0.9892874360084534
b90a385c9612183f58fe3242,000925.SZ,众合科技,2024-06-15,1,0.9639771580696106
ba29bff1335a59c266cbcd33,000926.SZ,福星股份,2024-06-30,5,0.5913440585136414
6b28e4603c52ec7a58c2d52d,000927.SZ,中国铁物,2024-06-15,1,0.9781877398490906
097531b4a0b0d57a74fd698c,000928.SZ,中钢国际,2024-06-30,1,1.0023258924484253
c7698f4a82c067162ecef420,000929.SZ,*ST兰黄,2024-06-30,2,1.0030872821807861
3ded14e196bf6c5d5a765ccc,000930.SZ,中粮科技,2024-06-15,2,0.9720929265022278
23b8212d2b5e2beff4fd464d,000931.SZ,中关村,2024-06-15,3,0.9328575134277344
42fb1e5b7174956626c1a207,000932.SZ,华菱钢铁,2024-06-30,2,0.9683417677879333
872f6bf9629bc9b232b8dd8a,000933.SZ,神火股份,2024-06-15,2,0.981605589389801
88da23d11342d5f2c8f2b2bf,000935.SZ,四川双马,2024-06-15,2,0.9917916655540466
25a8866edef0a8d0215a4a1b,000936.SZ,华西股份,2024-06-15,2,0.9464840888977051
a03e414ff8e85a16475b6c79,000937.SZ,冀中能源,2024-06-15,2,1.0125138759613037
a83d42b0ecb4140db4a7b4f3,000938.SZ,紫光股份,2024-06-15,1,0.9686265587806702
919851082e9009125b1b2059,000948.SZ,南天信息,2024-06-30,1,0.9348999261856079
a6b3b8f7c32675867be42e9f,000949.SZ,新乡化纤,2024-06-30,2,0.9511821866035461
2aada6be21591142e0cb9cbc,000950.SZ,重药控股,2024-06-30,1,0.9633522033691406
7b0fba64f17ea7495ec79090,000951.SZ,中国重汽,2024-06-30,1,1.018977165222168
bb10f25862c87266bb07e5d9,000952.SZ,广济药业,2024-06-30,3,0.877921998500824
c5ba88579e0b2a3785bd954d,000953.SZ,河化股份,2024-06-15,2,0.9785935282707214
68caa716c36ea7d097e44b35,000955.SZ,欣龙控股,2024-06-15,2,0.9797284603118896
39a669278090620832011cb0,000957.SZ,中通客车,2024-06-15,1,0.9971923828125
d2b386dfc801dd1bfaa8c8c2,000958.SZ,电投产融,2024-06-30,1,0.9767453670501709
6fa0802e3fec645023a8379b,000959.SZ,首钢股份,2024-06-30,2,0.9615060687065125
5732d0268a35b820c0bcb2a7,000960.SZ,锡业股份,2024-06-30,2,0.9750857949256897
fb426a666a2c0f3cfdc18875,000962.SZ,东方钽业,2024-06-15,2,0.9782286882400513
06f3be9396ce9283cf43657b,000963.SZ,华东医药,2024-06-30,3,0.7811873555183411
60ab016ca5d9203bbafbceaa,000965.SZ,天保基建,2024-06-30,5,0.714859127998352
b3c3e813dcf80c1cae24b359,000966.SZ,长源电力,2024-06-30,1,0.9705179333686829
ea30e8747b354992ab38f6bb,000967.SZ,盈峰环境,2024-06-30,1,0.9437395930290222
2563ca200be88e8705fe342d,000968.SZ,蓝焰控股,2024-06-30,1,1.0008118152618408
b1fd182b8a8df784cc2e1b02,000969.SZ,安泰科技,2024-06-30,2,0.942125678062439
22a072aced2c18f31ea404b8,000970.SZ,中科三环,2024-06-15,2,0.9582251906394958
f50880b9f6ae5c6f60518d0a,000972.SZ,*ST中基,2024-06-30,3,0.963850736618042
802a61c0d92d3d6df6ad3e81,000973.SZ,佛塑科技,2024-06-15,2,0.9315626621246338
350d75f9f2d233a013c5541c,000975.SZ,山金国际,2024-06-15,2,1.02495539188385
d9cf8ac9b0d182c6279512a7,000977.SZ,浪潮信息,2024-06-15,1,0.9987784028053284
e4e29d78bcb399249c41e6a1,000978.SZ,桂林旅游,2024-06-30,1,0.9692099690437317
0ca5266bbaffe71281cbb795,000980.SZ,众泰汽车,2024-06-30,1,1.0176682472229004
2e53edbeb1aa7fc9ccffc1d8,000981.SZ,山子高科,2024-06-30,4,1.0097169876098633
f5f61366da1c67ba9b761a9a,000983.SZ,山西焦煤,2024-06-15,2,1.0145671367645264
96a8f409b4be60f77d076801,000985.SZ,大庆华科,2024-06-15,2,0.9348998069763184
9804c5e4ca0ef40318d13ad1,000987.SZ,越秀资本,2024-06-30,1,0.976944625377655
e9ddc657e6be31457a05bd05,000988.SZ,华工科技,2024-06-30,4,0.8716800212860107
8893e7a42848b2bba8d12879,000989.SZ,九芝堂,2024-06-15,3,0.8738390207290649
e81ae219d9ac5747b614bdf9,000990.SZ,诚志股份,2024-06-30,2,0.8887515068054199
06c43438378972f5c7659828,000993.SZ,闽东电力,2024-06-15,1,0.9743221998214722
3ba7aa1bc72f54f83f8c42f2,000995.SZ,皇台酒业,2024-06-30,1,1.015052318572998
cd96b1bf1bd16ba68e403b40,000997.SZ,新大陆,2024-06-15,1,0.9622065424919128
01c6a65f257dc83371dca030,000998.SZ,隆平高科,2024-06-30,1,1.0109987258911133
ef0eb75f72801a6a4a5c2fcd,000999.SZ,华润三九,2024-06-30,3,0.8722114562988281
79a006702b947c16b0f7d719,002001.SZ,新和成,2024-06-30,2,0.9148861169815063
02106563903e2d9fb5198e8c,002181.SZ,粤传媒,2024-06-30,1,0.9358965158462524
00a658c21fcdd53ad183a410,600000.SH,浦发银行,2024-06-30,1,0.929214596748352
c4b30d94e6551f5c9e0d367b,600004.SH,白云机场,2024-04-05,1,0.99720299243927
7702a39dd117c85afa9308a7,600006.SH,东风股份,2024-04-05,2,1.0184295177459717
828d734f25a29d4fc92b2598,600007.SH,中国国贸,2024-03-25,1,0.9662995338439941
5f40b87c6faf2eb1554dc7b8,600008.SH,首创环保,2024-06-15,1,0.9649620652198792
60381f20bc171997c66657e6,600009.SH,上海机场,2024-06-30,1,0.9961149096488953
5e1d5bd6d2d4acc43be60452,600010.SH,包钢股份,2024-06-30,2,0.9889390468597412
0ecbd7e94a6a602f43fd6606,600011.SH,华能国际,2024-04-05,1,0.950922966003418
f10e621fff3b040f1089eb23,600012.SH,皖通高速,2024-03-25,1,0.9648591876029968
b44404ca30cdab984d2711ea,600015.SH,华夏银行,2024-06-30,1,0.9311837553977966
b8dd86e5020ecb5dbcf868e3,600016.SH,民生银行,2024-06-30,1,0.9237099885940552
eaf1a79df148e8d14de98156,600019.SH,宝钢股份,2024-03-15,2,0.9523300528526306
ad57e2ea8e7f980a3ca0ab7e,600020.SH,中原高速,2024-03-25,1,0.969869077205658
81cf4329dfab0ebaf5c6bbca,600021.SH,上海电力,2024-04-05,1,0.9518499374389648
9ff20bb8049538e43d910e0b,600026.SH,中远海能,2024-06-30,1,0.9872460961341858
08fbf6a89d235cb4e7cc9c09,600028.SH,中国石化,2024-06-30,1,0.9976596236228943
f3037a8024b46f050ab688d4,600029.SH,南方航空,2024-06-30,1,0.9857774972915649
5499bc759c2794bf06b069dc,600030.SH,中信证券,2024-04-05,1,0.9227548837661743
5631385230d025237b0cec38,600031.SH,三一重工,2024-04-05,2,1.0244699716567993
4a6890849cc88e4a0a688a2e,600033.SH,福建高速,2024-06-15,1,0.9589409828186035
99dd1d16dbfb8831fbb8c981,600035.SH,楚天高速,2024-06-30,1,0.9569666981697083
b44f3e8811f9f33dfb6bd67c,600036.SH,招商银行,2024-03-15,1,0.9242703914642334
632a10f2dd620666d3da08b1,600037.SH,歌华有线,2024-04-05,1,0.9195684790611267
ab263043446e0c4dca8c169c,600038.SH,中直股份,2024-06-15,1,1.0159950256347656
1e2a4f3dac82a1561b29ebe1,600039.SH,四川路桥,2024-06-30,1,0.9106157422065735
00e9e7b41aaa235de278dbb0,600050.SH,中国联通,2024-06-15,1,0.9914604425430298
d996bbf0c617f57da93049fe,600051.SH,宁波联合,2024-04-05,1,0.9717516303062439
533984551b92ad7082f27f9e,600052.SH,东望时代,2024-06-30,2,0.9789091944694519
4e022a2063c31b7338f08a44,600053.SH,九鼎投资,2024-06-15,1,0.9759419560432434
59b9dd01c03b5a8770dd4a66,600054.SH,黄山旅游,2024-06-15,1,0.959180474281311
55b80468fcd64753b88a650e,600056.SH,中国医药,2024-06-30,1,0.9678023457527161
2dddd2b67180f16d8355493b,600057.SH,厦门象屿,2024-04-05,1,0.9577267169952393
55452048d03ec8fa9323c9b2,600058.SH,五矿发展,2024-06-30,1,0.998292863368988
4fbeb47646f7b6d065ca228b,600055.SH,万东医疗,2024-07-01,3,0.9475334882736206
6d5b40938282afa1a210d034,600059.SH,古越龙山,2024-06-15,1,1.0146675109863281
f9b4a033eabf661c8c9bd3a3,600060.SH,海信视像,2024-04-05,1,0.9881309866905212
0ddbcc80d77ebb043f0c06e6,600061.SH,国投资本,2024-04-05,1,0.9362857341766357
4b4c8871ee09d2a686e5c1a5,600062.SH,华润双鹤,2024-04-05,3,0.793018639087677
57d9c18149b8c293f0cd8f6d,600063.SH,皖维高新,2024-04-05,2,0.9430313110351562
fa5314f9c7b250a303669d28,600064.SH,南京高科,2024-03-25,1,0.9775654077529907
922d6bfa4a246bcf28139c51,600066.SH,宇通客车,2024-06-15,1,0.9965304732322693
476efaeda0347bfb6df74c01,600067.SH,冠城新材,2024-06-15,0,0.8838908672332764
96093a9328187f55ac321ec3,600071.SH,凤凰光学,2024-06-30,4,0.8651618957519531
7d1f22635d2a28a653afeb81,600072.SH,中船科技,2024-06-30,0,0.8957857489585876
5d61a33fbe0603d73465af91,600073.SH,光明肉业,2024-06-15,3,0.9531934261322021
97f8d786b1cf5de3c0fb3e8b,600075.SH,新疆天业,2024-03-15,2,0.9480953216552734
aba2a3f102e47e1e0a042613,600076.SH,康欣新材,2024-06-15,2,0.9397985935211182
9c6965ac3080eee3f82b63fa,600078.SH,澄星股份,2024-04-05,2,0.907403290271759
744ccdcc0a851e7165dd8b32,600079.SH,ST人福,2024-04-05,3,0.8141341209411621
7fac715c7d06acd6b237ccea,600080.SH,金花股份,2024-06-15,3,0.8891849517822266
c0e4a7949e0941157673152d,600081.SH,东风科技,2024-06-30,4,0.8661635518074036
e0b26fdb29e49e05b6f73bd3,600082.SH,海泰发展,2024-04-05,1,0.9794775247573853
ce0fde542311068ec8a65134,600084.SH,中信尼雅,2024-06-15,1,1.0156744718551636
cfabc8546ca60af71b67b68f,600085.SH,同仁堂,2024-06-15,3,0.8875822424888611
c7558af96725777b6a8945b1,600088.SH,中视传媒,2024-06-15,1,0.9401113390922546
06ca2442a0b63cc145182f3c,600089.SH,特变电工,2024-06-30,0,0.9390776753425598
2eb6a72e88b0d08b48d2a2fc,600094.SH,大名城,2024-06-30,5,0.5250771045684814
949437ecdf81c6988b3eed43,600095.SH,湘财股份,2024-06-30,1,0.9518252611160278
b4201c5f68370112b1d3c856,600096.SH,云天化,2024-03-15,2,0.9924455285072327
d4774f2311398a4b9722bea5,600097.SH,开创国际,2024-06-30,1,1.0165584087371826
f8860d45312f0c4566aae0ec,600098.SH,广州发展,2024-06-30,1,0.9918117523193359
4e2b4939f3685983abb562cb,600099.SH,林海股份,2024-06-15,1,1.0105997323989868
1aa918744b083e167a4d4d98,600100.SH,同方股份,2024-06-30,1,0.9342634081840515
94d7972014254ecf2f371b76,600101.SH,明星电力,2024-06-30,1,1.0107167959213257
0f181afe1ee9dc0dd012372a,600103.SH,青山纸业,2024-06-15,2,0.9640796780586243
ff4d169a14382ec8889cd778,600104.SH,上汽集团,2024-03-25,1,0.9947605729103088
6e9fa1656fc2d1ca7968d442,600105.SH,永鼎股份,2024-06-30,4,0.9157540798187256
c2d6a04f2616d56b3593a6c4,600106.SH,重庆路桥,2024-04-05,1,0.9591320753097534
236e3e5c492701d02b11ef5a,600107.SH,ST尔雅,2024-04-05,4,0.9559465050697327
b01cb230f5b003b69122a2fa,600108.SH,亚盛集团,2024-04-05,1,1.0130480527877808
103d0e71909c213f219c442a,600109.SH,国金证券,2024-06-30,1,0.9338940978050232
a42cf7862238b19d450f402b,600110.SH,诺德股份,2024-06-15,0,0.9483321309089661
1c41b2d6eca13b8880722dd3,600111.SH,北方稀土,2024-06-30,2,0.9697574973106384
06f05269f9edfdbbca9c8fda,600113.SH,浙江东日,2024-06-15,5,0.6365270614624023
b8ee4fa728ccb7632d87bc27,600114.SH,东睦股份,2024-06-30,4,0.8808287978172302
f450a96e86db35370a687b05,600115.SH,中国东航,2024-04-05,1,0.9833682179450989
2cd291fcedb2a40034f769a0,600116.SH,三峡水利,2024-06-30,1,0.9717491865158081
c795abbdeeac7f91f4ac774f,600117.SH,西宁特钢,2024-06-15,2,1.0021477937698364
112e2615fad95ead19441109,600118.SH,中国卫星,2024-06-15,1,0.9576584696769714
d3393808f69aa8eb79300492,600119.SH,长江投资,2024-06-30,1,0.9375357627868652
c470cbe961bb78ffcc0dd90e,600120.SH,浙江东方,2024-06-30,1,0.9717425107955933
18b6b7a6f3e6d41bd99ce1df,600121.SH,郑州煤电,2024-06-30,1,0.998859167098999
e2d3b33a47b884a206ff6b63,600123.SH,兰花科创,2024-04-05,2,1.0031203031539917
becca01afa61924a169ad878,600125.SH,铁龙物流,2024-06-30,1,1.0048435926437378
7b8a8494d43ac066bb787eaf,600126.SH,杭钢股份,2024-03-25,1,1.0069032907485962
3c1813e11dd5260728c47e99,600127.SH,金健米业,2024-06-15,1,1.0058552026748657
0a852589287289b58dcb0a71,600128.SH,苏豪弘业,2024-03-25,1,0.9876521825790405
67ced0b159f53578fc337397,600129.SH,太极集团,2024-06-30,3,0.9078518748283386
408f618ebc67c56771c402a7,600130.SH,*ST波导,2024-04-05,4,0.9901764988899231
68194546f2c886a37a28f15f,600131.SH,国网信通,2024-06-15,1,0.9319099187850952
c5ebf2e5f7f5cc3a46c79969,600132.SH,重庆啤酒,2024-07-01,1,1.0165916681289673
31a2f7c5cf8f216ef58b75df,600133.SH,东湖高新,2024-06-15,1,0.9679996967315674
8d73f36af02630dc206f3d62,600135.SH,乐凯胶片,2024-06-30,2,0.951213002204895
07c44b1e1ad777d947cf651b,600136.SH,ST明诚,2024-06-30,1,0.9877608418464661
3e036e4456b89ea6d19afeb3,600137.SH,浪莎股份,2024-06-30,1,0.9807789325714111
771f24388c92073f4a6a1c90,600138.SH,中青旅,2024-04-05,1,0.9480604529380798
06379aaa15c596e7541cf177,600141.SH,兴发集团,2024-06-30,2,0.9447266459465027
527651d04861ebe9f55fc56e,600148.SH,长春一东,2024-06-15,4,0.9674972891807556
f1e5a2e1a3848f93b047148f,600149.SH,廊坊发展,2024-06-30,1,0.9821828007698059
e02fc52c6add7bcf9b79f161,600150.SH,中国船舶,2024-06-15,1,1.0269858837127686
a0d9f2c38c01fc2fa412fe8e,600151.SH,航天机电,2024-06-30,4,0.8464893102645874
16f4a4b58cee28ac8a982a01,600152.SH,维科技术,2024-06-15,0,0.7707897424697876
2ff851225a22a57cf573edcc,600153.SH,建发股份,2024-06-30,1,0.9581684470176697
60c6a70624f9b93d55ecf63d,600155.SH,华创云信,2024-07-01,1,0.9365290403366089
3e3ea5edbf6c1eb40546897f,600156.SH,华升股份,2024-06-30,2,0.9831017851829529
881d9370536de43d2d1390a3,600157.SH,永泰能源,2024-06-30,1,0.9936070442199707
aed0d17d4e950e406eb4afe3,600158.SH,中体产业,2024-06-30,1,0.936091959476471
e47669e7482814fd5d0575f6,600159.SH,大龙地产,2024-06-30,5,0.6660789847373962
fb970a4259e9e805641ac2b1,600160.SH,巨化股份,2024-06-30,2,0.8409653902053833
55bff5a23aabc561f7194394,600161.SH,天坛生物,2024-03-15,3,0.8057137727737427
c2cbca36a8faf1e785270f37,600162.SH,香江控股,2024-06-30,1,0.9600649476051331
25c9768a7b7edf3015e7f0f9,600163.SH,中闽能源,2024-06-30,1,0.9680578112602234
ccc06e01eb4e9bd16cda0562,600165.SH,ST宁科,2024-06-30,2,0.9695336818695068
b39e28123c4eca17aa10d926,600166.SH,福田汽车,2024-06-30,1,0.996394157409668
1d99b8505cf891a7c9c019d9,600167.SH,联美控股,2024-06-30,1,1.0173020362854004
52ffabbd10b91c1fad4d7717,600168.SH,武汉控股,2024-06-30,1,0.9660966992378235
2411ffd821046eef5a8e5828,600169.SH,ST太重,2024-04-05,2,1.009229302406311
e31e1baca10121e3a317a61c,600170.SH,上海建工,2024-06-30,1,0.9272478222846985
ee033c34158cd814f90ab290,600171.SH,上海贝岭,2024-06-30,4,0.8710152506828308
5bd601404324beb7f0ffcd70,600172.SH,黄河旋风,2024-06-15,2,0.963654637336731
41516e45f9d9a41cda9a6e73,600173.SH,卧龙新能,2024-06-15,4,1.000380039215088
7743cf082251124380d6d68a,600176.SH,中国巨石,2024-06-30,2,0.9576378464698792
6e44818d068c0e90b26b628d,600177.SH,雅戈尔,2024-06-30,1,0.9669494032859802
869a9caa1b6fca7940b8ff8b,600178.SH,东安动力,2024-06-30,4,0.99312424659729
84264c3eb62f622867deffab,600179.SH,安通控股,2024-06-30,1,0.9775550365447998
acfbc2a37759e291aaebceee,600180.SH,瑞茂通,2024-06-30,1,0.9691176414489746
1c39069e78837b4c705780c8,600182.SH,S佳通,2024-06-30,2,1.0004973411560059
79c96fbbf9d8e99f4f57c363,600183.SH,生益科技,2024-06-30,4,0.8270173668861389
6e450ceb26b7ec8d335c7bb8,600184.SH,光电股份,2024-06-15,4,0.9828514456748962
4fe9b6f6078c3b6029463875,600185.SH,珠免集团,2024-06-30,1,0.9897615313529968
a278f861163b7ec979965646,600186.SH,莲花控股,2024-06-30,3,0.9442114233970642
fc7673c5843df934ee6023ec,600187.SH,国中水务,2024-06-30,1,0.9759593605995178
1fb191f42b7dfb6535368e1f,600188.SH,兖矿能源,2024-06-30,1,1.0113794803619385
5baf85e619358187690db6c5,600189.SH,泉阳泉,2024-07-01,1,1.0122092962265015
87d2350e874cd5393fc043e8,600191.SH,华资实业,2024-06-30,3,0.9907973408699036
92f4a91086c830c0f4b2596e,600192.SH,长城电工,2024-06-30,0,1.0141093730926514
dbefe2f50a51134d930a25b8,600193.SH,*ST创兴,2024-06-30,1,0.9811458587646484
f1804fbaef25ee8e443851e6,600195.SH,中牧股份,2024-06-15,3,0.9736143350601196
ab82c1c47d8665ca478b404d,600196.SH,复星医药,2024-04-05,3,0.8503526449203491
0cb0103b118d2092aaba0b0e,600197.SH,伊力特,2024-06-30,1,1.0022379159927368
eb5300687c3436bb210102bb,600198.SH,大唐电信,2024-06-30,1,0.9649014472961426
c9f1545cce70c25b7f047c7d,600199.SH,金种子酒,2024-06-30,1,1.006649374961853
9c354a47b1bdae43ab1e5951,600201.SH,生物股份,2024-06-30,3,1.0000931024551392
ea020c3c7f2f3aed8561a499,600202.SH,哈空调,2024-06-15,2,1.0135836601257324
15b772c94d04ee95a563e03e,600203.SH,福日电子,2024-06-30,4,0.8991565108299255
dbd5dfd33098035533bcf46e,600206.SH,有研新材,2024-04-05,4,0.9054827094078064
83a527123bcd6fab16abaab7,600207.SH,安彩高科,2024-03-15,0,0.892914354801178
6f337d778963d5110aca6d01,600208.SH,衢州发展,2024-06-15,1,0.944629430770874
e89df58e135e6e69a40a0dce,600210.SH,紫江企业,2024-06-30,2,0.9424977898597717
783e9a1ce319d592e9e0febe,600211.SH,西藏药业,2024-06-15,3,0.92396479845047
7651f9bff463e1d22b5059fd,600212.SH,绿能慧充,2024-06-30,0,0.8225195407867432
d4fc416337dcd6c5fec20e7d,600215.SH,派斯林,2024-07-01,4,0.9759238362312317
526506fe444dcd7e6f675c16,600216.SH,浙江医药,2024-04-05,3,0.7759335041046143
ca655baed97003930526f627,600217.SH,中再资环,2024-06-30,1,0.9985523223876953
b556dabcaf5796f962140fd7,600218.SH,全柴动力,2024-06-15,4,0.9929831624031067
925a2041316e8896bf787482,600219.SH,南山铝业,2024-06-15,2,0.9543282985687256
b171c718037a18ccc88dd7e6,600221.SH,海航控股,2024-06-30,1,0.987938404083252
7b28624234c4a48f9317bb71,600222.SH,太龙药业,2024-06-15,3,0.8765732645988464
03395c074ff53f25616c0941,600223.SH,福瑞达,2024-06-15,3,1.0036978721618652
9978136f31b04297b82ee561,600226.SH,亨通股份,2024-06-15,2,1.0342702865600586
72d29e4b6f50c840bc5eda32,600227.SH,赤天化,2024-06-15,2,1.0046437978744507
af6240c32c9dd7f44d94288a,600228.SH,*ST返利,2024-06-30,1,0.9462307095527649
eddef2ec49bf9183cd93b6d8,600229.SH,城市传媒,2024-06-30,1,0.9445479512214661
4b555fb31b4e8c47f5262423,600230.SH,沧州大化,2024-06-15,2,0.886201024055481
0655f63275005e9887b50fc0,600231.SH,凌钢股份,2024-06-15,2,0.9794676899909973
9e7c83a9c7be430fc3a39b5f,600232.SH,金鹰股份,2024-04-05,2,0.9967939853668213
5583f36bdc788c03caca4616,600233.SH,圆通速递,2024-06-15,1,0.9363473057746887
8c616a021972be3c95d5165e,600234.SH,科新发展,2024-06-15,1,0.9887050986289978
8cd61fa34ac993d10c0d9b72,600235.SH,民丰特纸,2024-06-15,2,0.9373801946640015
ddd7b5284fd913e62854ab96,600236.SH,桂冠电力,2024-06-15,1,0.9861727356910706
1e609db142c9c3122fea55c7,600237.SH,铜峰电子,2024-06-15,4,0.8417446613311768
a0948bfd2f0258b98a638607,600238.SH,*ST椰岛,2024-06-30,1,1.0091686248779297
7ccb9fe21e5caf28b0902f43,600239.SH,云南城投,2024-06-30,5,0.7519654631614685
775c875dac565d4318ede354,600241.SH,时代万恒,2024-06-30,2,1.007028579711914
d3c89f6ed56a47ebbbc5d9bf,600243.SH,*ST海华,2024-04-05,2,1.0074083805084229
caefacb56185af5848784e00,600246.SH,万通发展,2024-07-01,5,0.6382044553756714
c8de87f1305ea3092b39acb7,600248.SH,陕建股份,2024-06-30,1,0.917168915271759
7f17b3c56f48f54557ccca4f,600249.SH,两面针,2024-04-05,1,1.0041707754135132
370dcc66269cd470421a22cc,600250.SH,南京商旅,2024-06-30,1,0.9573924541473389
2ec08e941ad9d3c47a9f7d13,600251.SH,冠农股份,2024-03-15,2,0.996132493019104
15249546fdb7e1c9578503c1,600252.SH,中恒集团,2024-06-30,3,0.9165048003196716
651edc25a44c07443dd30592,600255.SH,鑫科材料,2024-06-30,2,0.9338822364807129
dd53d52d4493e520aa98af9e,600256.SH,广汇能源,2024-04-05,1,1.0001018047332764
c9d52eae851c64c9e1be8139,600257.SH,大湖股份,2024-04-05,1,1.0134989023208618
b2957521f577673ae4036528,600258.SH,首旅酒店,2024-06-30,1,0.9743820428848267
0c3b08e47c43ee3453b19d38,600259.SH,中稀有色,2024-06-15,2,1.0051156282424927
6f181bbe64b9d1adda937e08,600261.SH,阳光照明,2024-06-30,2,1.033693552017212
6443a1bb0ac1b0311fdc057e,600262.SH,北方股份,2024-06-15,2,1.0270074605941772
d53b5946803e9aff5d0d646f,600265.SH,ST景谷,2024-06-30,2,1.0203571319580078
419e7ca5007a66e107cdedb3,600266.SH,城建发展,2024-06-30,5,0.5038205981254578
08a6fbe4958c480b4ca90f35,600267.SH,海正药业,2024-06-15,3,0.8206204771995544
c1d7ae35a1d974c5d2edeed1,600268.SH,国电南自,2024-06-15,0,0.7979316711425781
b9e39a06944209f60ed727ba,600269.SH,赣粤高速,2024-04-05,1,0.9721217751502991
32dddaa1bc7b10022564ddaf,600271.SH,航天信息,2024-06-30,1,0.8849021196365356
fc15b5d00c71ae48300988e2,600272.SH,开开实业,2024-06-30,3,0.9452274441719055
76dc847695994916ab64121c,600273.SH,嘉化能源,2024-06-15,2,0.8452596664428711
d183ab863f627bc2b94400fe,600276.SH,恒瑞医药,2024-06-30,3,0.7914606332778931
0e657e1617981d5670c4bdb3,600278.SH,东方创业,2024-06-15,1,0.9880630970001221
a196c52a4d2ea24fe1e50b1f,600279.SH,重庆港,2024-06-30,1,0.9860468506813049
e07057699f31c342fd870219,600280.SH,中央商场,2024-06-15,1,0.9350239634513855
c0b6eaca0179135f98aac62a,600281.SH,华阳新材,2024-06-15,2,0.9463319778442383
73e18f46d3e1d92d8d042b0b,600282.SH,南钢股份,2024-06-30,2,0.9540630578994751
9d3fc8a7c5ee2ae145902926,600283.SH,钱江水利,2024-04-05,1,0.9615945219993591
95797b1497da5f5b00f6819c,600284.SH,浦东建设,2024-06-30,1,0.8836017847061157
c5c1be3f8550139d83506131,600285.SH,羚锐制药,2024-06-15,3,0.8778016567230225
690ccc1af6ce5471634ad7fb,600287.SH,苏豪时尚,2024-06-15,1,0.9844781756401062
5716a9c024ee5aec031506fe,600288.SH,大恒科技,2024-06-30,4,0.926848292350769
195b6752b2dcef1fc35a2a5e,600289.SH,ST信通,2024-06-30,1,0.9347111582756042
af2240f4f07100784da8a9d9,600292.SH,电投水电,2024-06-15,1,0.9750452041625977
de81d0e60ff7971597353bdf,600293.SH,三峡新材,2024-06-15,2,0.9765980839729309
b0365e51eb82e6eed445689a,600295.SH,鄂尔多斯,2024-04-05,2,1.0130003690719604
6aa656e39e8c7e9bfcd1ee45,600298.SH,安琪酵母,2024-06-30,3,0.8944107294082642
26155d8db8856e98a714c5c1,600299.SH,安迪苏,2024-06-15,3,1.0086373090744019
b83b0237b2e3da71ca01e6ba,600300.SH,维维股份,2024-06-30,1,1.0179903507232666
23a6d08bd9d02fc963eeeef3,600301.SH,华锡有色,2024-06-15,2,1.0235183238983154
31a3c786134df8662716d1fe,600302.SH,标准股份,2024-06-15,4,1.0173749923706055
87a59bcb380df78ff7bb4a29,600303.SH,曙光股份,2024-06-30,1,1.0108567476272583
48d8ff62f46d3ba4f1fb5b82,600305.SH,恒顺醋业,2024-06-15,3,0.9490766525268555
c2f82447fd125432a8d0485b,600307.SH,酒钢宏兴,2024-06-15,2,0.9743994474411011
407368fd9398ee1d007d5e18,600308.SH,华泰股份,2024-06-15,2,0.9622452855110168
767a08de550ee28e9c1014eb,600309.SH,万华化学,2024-06-15,2,0.8732306361198425
3d61640f0ef2bd30b3e4aea1,600310.SH,广西能源,2024-06-30,1,0.9921711683273315
d62678cf85f500e6090c19e3,600312.SH,平高电气,2024-06-15,0,0.8055087327957153
9aee6bd9284e368020f968f8,600313.SH,农发种业,2024-06-15,1,1.0019824504852295
89234b945c87787294ce6aeb,600315.SH,上海家化,2024-06-30,1,0.9963251948356628
bb667fb2ce1ed9b0b5bfb8f5,600316.SH,洪都航空,2024-06-15,1,1.0151844024658203
ac79c2e6b73387bf39ed6bf6,600318.SH,新力金融,2024-06-30,1,0.9756682515144348
8b695bc701403b92e6ffae5a,600319.SH,亚星化学,2024-06-15,2,0.837068498134613
2d20c4530b317106e3934ac9,600320.SH,振华重工,2024-06-15,0,1.0067849159240723
a43136af84dbe3070bbf0aaf,600322.SH,津投城开,2024-06-15,5,0.6994374990463257
494b331f91606826ce810742,600323.SH,瀚蓝环境,2024-06-15,1,0.9038514494895935
5bcb9f287c87a2305e0e3020,600325.SH,华发股份,2024-06-30,5,0.5300717353820801
ebea9040d91cf20535bfd170,600326.SH,西藏天路,2024-06-15,2,1.0153850317001343
0903468cdb07e8c99b9584e2,600327.SH,大东方,2024-06-15,1,0.962714433670044
3bb7f35ac036a9d1bdcf24d4,600328.SH,中盐化工,2024-06-15,2,0.9388790130615234
010fe72a81df38828356ca57,600329.SH,达仁堂,2024-06-15,3,0.8939546942710876
5b5c5e80581fc1d1362f422a,600330.SH,天通股份,2024-06-15,4,0.8365383148193359
31192ffa449cbaf8e9fcc08f,600331.SH,宏达股份,2024-06-30,2,0.9751402139663696
5e2ae22161f4bc31e3160e8c,600332.SH,白云山,2024-06-15,3,0.8697168231010437
f60ff2e1ef7ac45a959a98ce,600333.SH,长春燃气,2024-06-15,1,0.9545061588287354
8141c18c5ece80f56ec67caa,600335.SH,国机汽车,2024-06-15,1,0.9911540746688843
df8b49e84bc235365477ea28,600336.SH,澳柯玛,2024-06-15,1,0.9900555610656738
166f43098ed55b40f5b5b7d2,600337.SH,美克家居,2024-06-15,1,0.9901578426361084
4251de9af2583e25359f4665,600338.SH,西藏珠峰,2024-06-30,2,1.0147278308868408
a2d5eb229061684174a68ef8,600339.SH,中油工程,2024-06-15,1,0.9859083890914917
c7e5ecc10a3b9d0126a49903,600340.SH,华夏幸福,2024-06-30,1,0.9658566117286682
9b41c58c2f4b2d2dfd39e52a,600343.SH,航天动力,2024-06-15,4,0.9891158938407898
2d8c3ec83a0e2d2f5f262582,600345.SH,长江通信,2024-06-15,1,0.9646680951118469
6b68c8bb128bd221d526aceb,600346.SH,恒力石化,2024-06-30,2,0.9825661778450012
036917e1114b546bab91ed3d,600348.SH,华阳股份,2024-06-30,2,1.004804015159607
237c8b320a3c0fcc15f29f4c,600350.SH,山东高速,2024-04-05,1,0.9615614414215088
dcc3540e19bb6ff0898a45f6,600351.SH,亚宝药业,2024-06-30,3,0.9126968383789062
05bd92d685699fbd56f0fcb7,600352.SH,浙江龙盛,2024-06-15,2,0.9303068518638611
7008e6bf0b569c81dc29364a,600353.SH,旭光电子,2024-06-15,4,0.8333534598350525
68bd8374907dfca4b1fb3c37,600354.SH,敦煌种业,2024-06-15,1,1.0160716772079468
958b0d3bcb67580d5fbacf9c,600355.SH,*ST精伦,2024-06-30,1,0.9937431812286377
5999221c7f7419e32376f44a,600356.SH,恒丰纸业,2024-06-15,2,0.9741168022155762
2b5c10b15890ff39204f6155,600358.SH,ST联合,2024-06-15,1,0.9716472625732422
fa3f4c87909e172b84b8c5c2,600359.SH,新农开发,2024-06-15,2,1.0159883499145508
4afa080f2a5c9c6c7e2a85f3,600360.SH,*ST华微,2024-06-30,4,0.9091294407844543
3ee2e5e7afdd5a3be0cfbabd,600361.SH,创新新材,2024-06-15,2,0.9567907452583313
24c83555da9e546e03c85329,600362.SH,江西铜业,2024-06-15,2,0.9960654973983765
2fa4d792b4cae8e7e2741575,600363.SH,联创光电,2024-06-15,4,0.8607266545295715
0c4ee9c5fe6b3bec12dd1efa,600365.SH,ST通葡,2024-06-15,1,0.9900026321411133
fa82c61613e8602fc1235998,600366.SH,宁波韵升,2024-06-15,2,0.9557002782821655
89308f3d3735def9dca925a9,600367.SH,红星发展,2024-06-15,2,0.9246915578842163
53ff95aeb593b0924a1f20b7,600368.SH,五洲交通,2024-06-15,1,0.9805507659912109
e82ed66e50b80d7ea5870b0e,600369.SH,西南证券,2024-06-30,1,0.9390956163406372
ff6658478bdd9f9bb8b78097,600370.SH,三房巷,2024-06-30,2,0.8413774371147156
49f97622bb3088b4ddfd6847,600371.SH,万向德农,2024-06-15,1,1.0165036916732788
9dde09869eef0ecdbbe52c44,600372.SH,中航机载,2024-06-30,4,1.0003588199615479
6109e24bf8696828a071eb11,600373.SH,中文传媒,2024-06-15,1,0.972048819065094
bee1806a08fe3f1e3d83a6c7,600375.SH,汉马科技,2024-06-15,1,1.0347015857696533
237ecb7b6e02a70217984243,600376.SH,首开股份,2024-06-30,5,0.5182573795318604
9498baec170d9ee77544c24e,600377.SH,宁沪高速,2024-06-15,1,0.9702333807945251
a201ce4baec06c713fc2bfd9,600378.SH,昊华科技,2024-06-30,2,0.8686056733131409
661f402e25c0fe460c7ee070,600379.SH,宝光股份,2024-06-15,0,0.8222780227661133
7b4fd944732160f7b6511300,600380.SH,健康元,2024-07-01,3,0.7876501679420471
8723f0eb50f0c94b33de697e,600381.SH,*ST春天,2024-04-05,3,1.012623906135559
a7e43c6473be174a8ede5626,600382.SH,广东明珠,2024-04-05,1,0.9782331585884094
d4e914833fb2aa090d419249,600383.SH,金地集团,2024-06-30,1,0.9617048501968384
7df9fdebd0eeaa4dc5b71afb,600386.SH,北巴传媒,2024-06-30,1,0.967411994934082
7b756a1b29b5aa668104e078,600388.SH,龙净环保,2024-06-15,2,1.0031147003173828
05a2796209f918ba312c293a,600389.SH,江山股份,2024-06-15,2,0.9707470536231995
aa88df95d0d942ddb392d40d,600390.SH,五矿资本,2024-06-30,1,0.9776440262794495
001cc31013f3989516aac2cd,600391.SH,航发科技,2024-06-30,4,1.0053261518478394
d07b1ff6ce5f1443e612ccf2,600392.SH,盛和资源,2024-06-30,2,0.9575982689857483
8d065903acc5f437380ebe08,600395.SH,盘江股份,2024-06-15,1,1.0208665132522583
4112a1a472367e0152f243be,600396.SH,华电辽能,2024-06-15,1,0.958694338798523
063eb0dd1a3cb6b1b9b569e1,600397.SH,江钨装备,2024-06-15,4,0.9445041418075562
d8a756d530868693042b98dd,600398.SH,海澜之家,2024-06-15,1,0.9529402256011963
4a4fa681e54d2d30d59dcd39,600399.SH,抚顺特钢,2024-06-15,2,0.9936964511871338
a81db504118f3f0941df1517,600400.SH,红豆股份,2024-06-30,1,0.970855712890625
88fa611b37f25c8766db55d9,600403.SH,大有能源,2024-06-15,2,1.0113701820373535
9c651c86aff22e0779f1a33d,600405.SH,动力源,2024-06-15,0,0.7585463523864746
1c420f980410e9563f6d5033,600406.SH,国电南瑞,2024-06-15,0,0.9400457143783569
f825b13adc8f4d8dafed2836,600408.SH,安泰集团,2024-06-15,2,1.0087238550186157
5e59bc9fa3d2c9f98e57bc2d,600409.SH,三友化工,2024-04-05,2,0.9467463493347168
3d275af7ca538957818a0399,600410.SH,华胜天成,2024-06-30,1,0.8863151669502258
e3ff49c924a73743c4f7b517,600415.SH,小商品城,2026-03-13,1,1.0085505247116089
d00c02a117cbfd8b26c8bb4c,600416.SH,湘电股份,2024-03-25,0,0.7793234586715698
6dd073ed3f9937a41002e664,600418.SH,江淮汽车,2024-06-30,1,1.0138088464736938
52a8d4fe0bfc649a9f1b2ec4,600419.SH,天润乳业,2024-06-30,1,1.0023361444473267
30364993b9a358f984758ef3,600420.SH,国药现代,2024-06-30,3,0.7792735695838928
c2b38ffce28d8bab6ec82356,600421.SH,*ST华嵘,2024-06-30,1,1.0159451961517334
6f1ff07e17af97a4d08ae4c0,600422.SH,昆药集团,2024-06-15,3,0.9150019884109497
f46aa5f94da81a1c1d9e58c1,600423.SH,柳化股份,2024-06-15,2,0.974522054195404
1d86b0b2e2cdd39344e8eef3,600425.SH,青松建化,2024-06-15,2,0.990866482257843
baf09080c18eae94cba12760,600426.SH,华鲁恒升,2024-06-30,2,0.9441189169883728
84aff9ae20c0a70c8a23ac48,600428.SH,中远海特,2024-06-15,1,0.9961286783218384
aa7a03d49c52f67b99443890,600429.SH,三元股份,2024-06-30,1,0.9926451444625854
13b83ea7c650899a71d5c10c,600433.SH,冠豪高新,2024-06-15,2,0.9569628238677979
ac44d539aac8f773ef6fe38a,600435.SH,北方导航,2024-04-05,4,0.9931345582008362
4092558c9cbbe39ad4cc3d77,600436.SH,片仔癀,2024-06-15,3,0.8737982511520386
94468182e3d1c972a0c43ac8,600438.SH,通威股份,2024-06-30,2,0.9765397310256958
59943c02c2cb4d5f19020469,600439.SH,瑞贝卡,2024-06-15,1,1.0038686990737915
b8aeee1259633c0315d66cc8,600444.SH,国机通用,2024-06-30,2,0.9620184898376465
6764d6ea5f18837516b16701,600446.SH,金证股份,2024-06-30,1,0.9102783203125
03b43ae2a9ecafc466db243e,600448.SH,华纺股份,2024-06-15,2,0.9559752345085144
3665c4e610ebffd0c355359f,600449.SH,宁夏建材,2024-06-30,2,1.0120059251785278
df9e9a322c732e1e167681ff,600452.SH,涪陵电力,2024-06-30,1,0.9882197976112366
c06c58905b97b69de2ca53d1,600455.SH,博通股份,2024-06-15,1,1.034601092338562
2caeda3adf6e214f1ff7bf2c,600456.SH,宝钛股份,2024-03-15,2,0.950524628162384
e18cbb5f0291572dc9a35f6e,600458.SH,时代新材,2024-06-30,2,0.9438508749008179
e2908724f25ad9d287c9a2da,600459.SH,贵研铂业,2024-06-30,2,0.9600720405578613
3674781a668733a3eb369ccc,600460.SH,士兰微,2024-06-30,4,0.9053406715393066
c33b1f0b75adde1296fe26e6,600461.SH,洪城环境,2024-06-30,1,0.9671189188957214
16444976d4c4635895212152,600463.SH,空港股份,2024-06-30,1,0.9651548266410828
be1408dd85fa6d07df20ff7a,600467.SH,好当家,2024-06-15,1,1.0128602981567383
bc552ba1592f3842d1e34b22,600468.SH,百利电气,2024-06-15,0,0.8441159129142761
0783f153f9d842f359a879ab,600469.SH,风神股份,2024-06-15,2,0.9559016823768616
227274e704d5a10460b2b0bb,600470.SH,六国化工,2024-06-15,2,0.959967315196991
9e7bdbed77dc1fe04829923e,600475.SH,华光环能,2024-06-15,0,0.8484336137771606
67dc14230bf5fb43dbc50657,600476.SH,湘邮科技,2024-06-15,1,0.8900814652442932
3a374c6ba80c76a8c96da02c,600477.SH,杭萧钢构,2024-06-15,1,1.0193408727645874
2a09becb8508aa27533eb589,600478.SH,科力远,2024-06-30,0,0.8006636500358582
c62c82401ec1263c93d010f0,600479.SH,千金药业,2024-06-15,3,0.8734618425369263
57fdf4b9ebfbe26cc6f2ffc9,600480.SH,凌云股份,2024-06-15,4,0.9352704286575317
d50fe8b3d62e01bb06397edb,600481.SH,双良节能,2024-06-30,0,0.8229793906211853
cb33c627e225bfdd202add4f,600483.SH,福能股份,2024-06-15,1,0.9832233190536499
a5e69667bd4c8df4d5945447,600486.SH,扬农化工,2024-06-15,3,0.9589053988456726
31702a0a6d361ee45101456a,600487.SH,亨通光电,2024-06-30,0,1.0262458324432373
a6feedd3131403e7a7fba8f8,600488.SH,津药药业,2024-06-15,3,0.8505194187164307
7f2cca5ddef1e379ebd6df35,600489.SH,中金黄金,2024-06-15,2,1.0228707790374756
8e6ab3cfcee0190ecc0dde64,600490.SH,鹏欣资源,2024-06-30,2,0.9976056218147278
3245b59c414992e09055ee48,600491.SH,龙元建设,2024-06-30,1,0.8971434235572815
bb68e1d98ef8391159c32cf5,600493.SH,凤竹纺织,2024-06-15,2,0.954579770565033
7a22553621d272127a012bf5,600495.SH,晋西车轴,2024-06-15,2,1.0132789611816406
8cf4ca81d18fde8800b2bb23,600496.SH,精工钢构,2024-06-15,2,1.0148462057113647
672c7ab4456ca93a2ad1da37,600497.SH,驰宏锌锗,2024-06-30,2,0.9946684837341309
86e7e9b879404975fd44f1fa,600498.SH,烽火通信,2024-06-15,1,0.9924063682556152
da14243edb89c883347376ae,600499.SH,科达制造,2024-06-15,2,0.9846243858337402
05dd9c0c80e32e21242e515a,600500.SH,中化国际,2024-06-30,2,0.9148175716400146
f297d6d99015a7380b3ab3af,600501.SH,航天晨光,2024-06-30,4,0.9752333164215088
371cd2ed386e87c3eed6572e,600502.SH,安徽建工,2024-06-15,1,0.919909656047821
2f0558c1a9f0fd830ef2383b,600503.SH,华丽家族,2024-06-30,5,0.5248740911483765
224a86965ff217f3d87a84b2,600505.SH,西昌电力,2024-06-15,1,1.0163711309432983
700da4146803598cc3c8f13e,600506.SH,统一股份,2024-06-15,2,0.9969844222068787
8a7c4cee47507a6c579d83e8,600507.SH,方大特钢,2024-06-30,2,0.9943968653678894
5e20a0b21958e56b9de72f02,600508.SH,上海能源,2024-06-15,2,1.0159893035888672
c66d45f2c426d56e78369a8c,600509.SH,天富能源,2024-06-30,1,0.9578248262405396
ffc598263b19cdf7254fe349,600510.SH,黑牡丹,2024-06-30,2,1.0051378011703491
8db9d40af785d6d06897efea,600511.SH,国药股份,2024-04-05,1,0.9524956345558167
e684b0c18835879c7413f338,600512.SH,腾达建设,2024-06-15,1,0.8894950747489929
d078bd69c764ab0e8c2e3d12,600513.SH,联环药业,2024-06-15,3,0.816848635673523
b6ea5cb9fe24902aece722e1,600515.SH,海南机场,2024-06-30,1,0.9991687536239624
2c4229b0f1b33a4a2911b8d2,600516.SH,方大炭素,2024-06-15,2,0.963398277759552
359a61e1363559df3add7d15,600517.SH,国网英大,2024-06-30,1,0.972620964050293
18aca1e382f1a60a67c23f92,600518.SH,康美药业,2024-06-30,3,0.8999168276786804
2e82b73596b33b12600214cf,600519.SH,贵州茅台,2024-03-15,1,1.0065791606903076
a27fb9deaa8539ece8b8614b,600520.SH,三佳科技,2024-06-15,4,0.8508425951004028
54f8d431522d0549ab684516,600521.SH,华海药业,2024-06-30,3,0.8198208212852478
e67286ca81d9e3adf80deda4,600522.SH,中天科技,2024-06-15,0,1.0291216373443604
73aa985fc3f8b6c15f37a7ff,600523.SH,贵航股份,2024-06-15,4,0.9892542362213135
8a74e068c5b4c867c7d72ff7,600525.SH,ST长园,2024-06-30,0,0.7708345651626587
99d5058dc7e6bc50bf6f868f,600526.SH,菲达环保,2024-06-30,2,1.0144691467285156
0c2371e8200e0f853bbe4530,600527.SH,江南高纤,2024-06-15,2,0.9452010989189148
8f53e9a9431ce8d8e73d3ddc,600528.SH,中铁工业,2024-06-30,1,1.0174283981323242
d807422c2af6daa41724d0cd,600529.SH,山东药玻,2024-06-15,3,0.9183194637298584
b57dd5df6d81bbeabfcb1d9f,600530.SH,交大昂立,2024-06-30,3,0.8890987634658813
2caacaefd4e560cd507fa661,600531.SH,豫光金铅,2024-06-15,2,0.9859418272972107
d4ae27c416a4ea66164b0a36,600533.SH,栖霞建设,2024-06-15,1,1.018568515777588
69be36d6e61da4867f544297,600535.SH,天士力,2024-06-30,3,0.8884730935096741
98d733a04d0d110bb7ddc4dd,600536.SH,中国软件,2024-06-15,1,0.8800170421600342
2c40adc71e9e7d397d954b4c,600537.SH,亿晶光电,2024-06-30,2,1.03751802444458
bc0a1d2fe6c31462449cc730,600538.SH,国发股份,2024-06-30,3,0.9888123869895935
566fd73b95834fa07a99a4f1,600539.SH,狮头股份,2024-06-15,2,0.9973143935203552
7d317f8b74b43ef4b9fdc3c4,600540.SH,新赛股份,2024-06-15,2,1.0093379020690918
708cf580d9985cf9e4c2aa25,600543.SH,莫高股份,2024-06-15,1,1.0160939693450928
ad31e3e5857a22c0824cfc1c,600545.SH,卓郎智能,2024-06-30,2,1.0257102251052856
689ff303d9a45307ad30fc42,600546.SH,山煤国际,2024-06-30,1,1.0124810934066772
ebed92852737d3c9816bf88a,600547.SH,山东黄金,2024-06-30,2,1.020519495010376
8070866153c262c92cf2204c,600548.SH,深高速,2024-03-20,1,0.9740706086158752
0c9d4d84af06b877d1f08b7b,600549.SH,厦门钨业,2024-06-30,2,0.9549415707588196
b7477c72bb2b1efa3cfdfedf,600550.SH,保变电气,2024-06-15,0,0.8602809906005859
7f706c1251b55b7719b45588,600551.SH,时代出版,2024-06-30,1,0.9651004672050476
a7d90926a1b9c332c9f4f654,600552.SH,凯盛科技,2024-06-30,4,0.8808702230453491
4ffc61ca52cee035c8c73213,600556.SH,天下秀,2024-06-15,1,0.9601373672485352
4bf43135f7a3ec72673bd3a0,600557.SH,康缘药业,2024-06-15,3,0.847467303276062
4b741da4a4db97629fe0b581,600558.SH,大西洋,2024-06-15,2,0.9721328616142273
3e389f3f791b4a32ef4d0ec0,600559.SH,老白干酒,2024-06-30,1,1.002758264541626
2e72e788b73627b282cfe6da,600560.SH,金自天正,2024-06-15,0,0.7768204212188721
7907182703086322d0e8df71,600561.SH,江西长运,2024-06-30,1,0.9846462607383728
93ddc885f7ce00f9ac53f57c,600562.SH,国睿科技,2024-06-30,1,1.002104640007019
95825954d1869b1727c17ef8,600563.SH,法拉电子,2024-06-30,4,0.8473083972930908
6da426917506b1656bda72cd,600566.SH,济川药业,2024-03-20,3,0.8713113069534302
2777a40eeb2224e218822794,600567.SH,山鹰国际,2024-06-15,2,0.9769125580787659
961e6b186eddcc883324cd35,600568.SH,ST中珠,2024-06-30,3,0.9428808689117432
834208f1c61f4bfdc09ec34b,600569.SH,安阳钢铁,2024-06-30,2,0.9702497124671936
f0620e96e1343bb039a001c4,600570.SH,恒生电子,2024-06-15,1,0.894519031047821
04fb04519812b8a456d53e7c,600571.SH,信雅达,2024-06-30,1,0.8940487504005432
3d217819710a35458385bd3a,600572.SH,康恩贝,2024-06-30,3,0.8620753288269043
c4df1325cdc6c7b12bc3bb44,600573.SH,惠泉啤酒,2024-06-15,1,1.018566370010376
0d85b4e84b1738222eeaf671,600575.SH,淮河能源,2024-06-30,1,0.9909823536872864
25136e1dc3993cccb42e67ba,600576.SH,祥源文旅,2024-03-28,1,0.9509853720664978
bbaee2edd711fdd85f0c785e,600577.SH,精达股份,2024-06-30,0,0.846616804599762
03fd7694ea53a57d3e639579,600578.SH,京能电力,2024-06-15,1,0.9615688920021057
7e08c0fed7cc2ac242da0451,600579.SH,中化装备,2024-06-15,2,0.9897307753562927
d1b625a8551bff457f2f7249,600580.SH,卧龙电驱,2024-06-30,0,0.6632341742515564
c3af27ddef714a4262690b47,600581.SH,*ST八钢,2024-04-05,2,0.9701927304267883
28aed4f967a26f94c40e5582,600582.SH,天地科技,2024-06-30,0,1.0128374099731445
9e96b13cac600360c7f0eb78,600583.SH,海油工程,2024-04-05,1,1.0008246898651123
98453000f300d745bcee332f,600584.SH,长电科技,2024-03-15,4,0.8385843634605408
ac6613c82887ad2abf859083,600585.SH,海螺水泥,2024-03-15,2,0.9881752133369446
f7bbfa7af2b38ed02e5c976a,600586.SH,金晶科技,2024-06-15,2,0.9720999598503113
d63e7d6632a952d1867fd68f,600588.SH,用友网络,2024-03-15,1,0.8995177149772644
71ce058f6c57ed49594dec39,600589.SH,大位科技,2024-06-15,1,0.9712947607040405
f433097e9657aa47cfab8628,600590.SH,泰豪科技,2024-06-30,4,0.9908304214477539
64ed74625488165eece1a1c9,600592.SH,龙溪股份,2024-06-15,4,0.9204450249671936
796a55c657e2c8449a945bbe,600593.SH,大连圣亚,2024-06-15,1,0.9693610668182373
6c90bc5074b9d03c985e2bca,600594.SH,益佰制药,2024-06-15,3,0.9221609234809875
b67988385f5298b6fb3f4b9c,600595.SH,中孚实业,2024-06-15,2,0.9627808928489685
968c76f9360b830a6921b9b3,600615.SH,鑫源智造,2024-06-15,1,1.0095257759094238
b95e680b1fdb2ef1843a9f70,600587.SH,新华医疗,2024-04-05,3,0.9552567005157471
dd40079f4f637a1a7911dfb0,600596.SH,新安股份,2024-06-30,2,0.8265562653541565
483277f13f124af32330d7ef,600597.SH,光明乳业,2024-04-05,1,0.9940716624259949
e210cd7280c61e43518e0c65,600598.SH,北大荒,2024-04-05,1,0.9884656071662903
d629e329a96dd1d0c4a1bf39,600599.SH,*ST熊猫,2024-06-30,1,0.9560311436653137
dfc7e5d462feb2ddfd5c251d,600600.SH,青岛啤酒,2024-06-15,1,1.0050312280654907
752f6670cdb0337329ab996d,600601.SH,方正科技,2024-06-30,4,0.8284369707107544
5c2883e81603caa8dabdfbe1,600602.SH,云赛智联,2024-06-30,1,0.8584892153739929
d0851928dbbd284283bae330,600603.SH,广汇物流,2024-06-30,5,0.9929242730140686
7bd4733ddfb2ab0af9d0ecb4,600604.SH,市北高新,2024-04-05,1,0.9654186367988586
80b05f334b1c2cdb13cb2288,600605.SH,汇通能源,2024-06-30,1,0.9873345494270325
b21652b4dbfc1c65bcdf6337,600606.SH,绿地控股,2024-06-30,1,0.9555554986000061
7b7080044911121b9334444d,600608.SH,*ST沪科,2024-03-20,1,1.0066934823989868
b1c043aec8e8351e0a485de1,600609.SH,金杯汽车,2024-06-30,2,1.0384734869003296
c9cff05d1215d87b9f9b990c,600610.SH,中毅达,2024-06-30,2,0.9359422922134399
976dbb04489ecc3d7ccd7481,600611.SH,大众交通,2024-03-25,1,0.9818059206008911
251ca0d8223d924a07e85c8d,600612.SH,老凤祥,2024-06-30,1,0.9622543454170227
62f29319a68df012b3e62cc6,600613.SH,神奇制药,2024-06-15,3,0.8485828638076782
d42f9123dba844d7b19afb6f,600616.SH,金枫酒业,2024-06-15,1,1.0192668437957764
c6d02c3a7bbee9cf2ee427d8,600617.SH,国新能源,2024-06-30,1,1.0051207542419434
5140664ca1ec3ae486ad1e50,600618.SH,氯碱化工,2024-06-15,2,0.8614270687103271
cbb9339042df6ffe8c49fb8b,600619.SH,海立股份,2024-04-05,4,0.9224948883056641
8e47bd2e2c80e53f05c7ef70,600620.SH,天宸股份,2024-06-30,1,0.9514461159706116
805aee9223f6fcc5881cc8ad,600621.SH,华鑫股份,2024-06-30,1,0.9191683530807495
86233f36ecbfd86db1135da1,600622.SH,光大嘉宝,2024-06-30,5,0.553519606590271
8e8fe1b0c6b5cb4d4bd7ee74,600623.SH,华谊集团,2024-06-30,2,0.8722189664840698
bb661620305cfc00138ff631,600624.SH,ST复华,2024-06-30,1,0.9597017765045166
28c42c97936b64fd56a76f79,600626.SH,申达股份,2024-06-30,4,0.8891687989234924
3b7d0c2b4e31dcc83dacbb6e,600628.SH,新世界,2024-04-05,1,0.9584879875183105
b953c6ac7970e552df342880,600629.SH,华建集团,2024-06-15,1,0.8917366862297058
cb5175ebd7259e0f8ca29161,600630.SH,龙头股份,2024-06-15,1,0.9825624227523804
61340b04cf3633aa55505fef,600633.SH,浙数文化,2024-06-30,1,0.9077680110931396
a925fe8b6dbb9abcfc1e1df9,600635.SH,大众公用,2024-03-15,1,0.9661504626274109
959b8214991a15d1941403b0,600636.SH,*ST国化,2024-04-05,1,1.0283503532409668
15e00aca07955105498139a8,600637.SH,东方明珠,2024-06-15,1,0.9451296329498291
cc980fc7ca181a9e9c077576,600638.SH,新黄浦,2024-06-15,5,0.6725949048995972
9b72f7fc97cfc73d792d6bf4,600639.SH,浦东金桥,2024-06-15,1,0.9816275835037231
6bb82e995da5e3a557a0236f,600640.SH,国脉文化,2024-06-15,1,0.9593039155006409
5203807c55afdaffc34a5986,600641.SH,先导基电,2024-06-15,1,1.0057971477508545
5ed9fedb9e80f9be737fd62c,600642.SH,申能股份,2024-03-25,1,0.9998944401741028
d86d95f67d956cdd200c6a0a,600643.SH,爱建集团,2024-06-30,1,0.9564629197120667
c808c0a8309293a476bff440,600644.SH,乐山电力,2024-04-05,1,0.9631441235542297
c432ff73da19a41281852c61,600645.SH,中源协和,2024-06-15,3,0.8843468427658081
67b3b74ed3aca262da405b47,600648.SH,外高桥,2024-04-05,1,0.9827733039855957
c3d8ac4d3082188c5aab109d,600649.SH,城投控股,2024-06-30,5,0.6411537528038025
50e3cc3a01730b0e06865bf2,600650.SH,锦江在线,2024-04-05,1,0.9800866842269897
ba721cf70cee51c5949cb30c,600651.SH,飞乐音响,2024-06-30,4,1.0250885486602783
53cf1eef5eb05914e91cafb5,600653.SH,申华控股,2024-06-30,1,1.017274022102356
6b9e3b0868525abb5db5075b,600654.SH,中安科,2024-06-15,1,0.9419886469841003
2cc0bab066afba8224bd2bf2,600655.SH,豫园股份,2024-04-05,1,0.9547151923179626
b55116f4ec25482df4621eae,600657.SH,信达地产,2024-06-30,1,0.9553372263908386
5c432345113cc3ac30e1f940,600658.SH,电子城,2024-04-05,1,0.9727773666381836
37fcfed0b3c19cc2a7f02a92,600660.SH,福耀玻璃,2024-06-30,4,0.9166465401649475
3875558d1958da6a4524cf41,600661.SH,昂立教育,2024-06-30,1,0.9207847118377686
3e723414a2f46879cb3d6965,600662.SH,外服控股,2024-06-30,1,0.9219622015953064
322b5e40d00fcd1470b8256a,600663.SH,陆家嘴,2024-06-30,1,0.9701129794120789
54d48ff1ffdf21084928b4d9,600664.SH,哈药股份,2024-06-15,3,0.892189085483551
7ceb2c69ef13ef4de61931ac,600665.SH,天地源,2024-06-30,1,0.9647916555404663
3dc554d728ef6324f6db8a8f,600666.SH,奥瑞德,2024-06-30,4,0.9735239744186401
9a2acabd97aae208b2bc2484,600667.SH,太极实业,2024-04-05,4,0.858501136302948
eeb8233c39c63450c8287f6f,600668.SH,尖峰集团,2024-03-25,2,1.0061278343200684
9e38e58661658ae600fac143,600671.SH,天目药业,2024-06-15,3,0.8462323546409607
d6d14509c695ea710ac43299,600673.SH,东阳光,2024-06-15,2,0.9928227066993713
cfb6062f0be95b5fc30bac5f,600674.SH,川投能源,2024-06-30,1,0.9802801012992859
341e253dad08bbf4a51be349,600675.SH,中华企业,2024-04-05,5,0.49364808201789856
64beef9b76d1b3a15905731a,600676.SH,交运股份,2024-06-30,1,0.9686428308486938
07729b5518a29d06f773443b,600678.SH,四川金顶,2024-06-30,2,0.9774154424667358
7369b13ff692416689f15255,600679.SH,上海凤凰,2024-06-15,1,1.0192850828170776
a4ef9f16ead810595bb3c7fe,600681.SH,百川能源,2024-06-30,1,0.9447999596595764
51e65ec651bc42f8550923ac,600682.SH,南京新百,2024-06-15,3,0.9257510900497437
ee3d23cbad4f6dfccb2bda7c,600683.SH,京投发展,2024-06-15,5,0.5071735382080078
fd0a1c7e45a3b7b6717d3192,600684.SH,珠江股份,2024-06-30,5,0.6700583100318909
8dbd52908ee90fc69b8a4ca6,600685.SH,中船防务,2024-06-30,1,1.0207486152648926
714cf402c5035805fa623250,600686.SH,金龙汽车,2024-06-15,1,1.0212233066558838
3eecc3ede7750d716a479551,600688.SH,上海石化,2024-06-30,2,0.995611846446991
1f70d1bb4f49e1074d92cdf4,600689.SH,上海三毛,2024-04-05,2,0.9865497350692749
0096dbf967862d1b8a1bd860,600690.SH,海尔智家,2024-06-30,1,0.9655892252922058
68217164ee896666fdaebade,600691.SH,潞安化工科技有限公司,2024-06-15,2,1.0261807441711426
8b0897d0fe13e7bbe8d4ba0b,600692.SH,亚通股份,2024-06-30,5,0.5194371938705444
704e8777bb9d5440686dfdc9,600693.SH,东百集团,2024-06-15,1,0.9383909702301025
b6342d8e2d559f75e54137db,600694.SH,大商股份,2024-06-15,1,0.9525110125541687
b78a57170f1954af40f2e132,600696.SH,*ST岩石,2024-06-30,1,0.9905362129211426
6078347c15140132aabdea6e,600697.SH,欧亚集团,2024-06-30,1,0.9543966054916382
d7e95077290d7498d3802258,600698.SH,湖南天雁,2024-04-05,4,0.9120408892631531
757962b7482e68c92e2d87ed,600699.SH,均胜电子,2024-06-30,4,0.8475668430328369
1471905f3dd2961964d7074d,600702.SH,舍得酒业,2024-06-30,1,0.9999334812164307
b06cbb48315afdfd14b0dd99,600703.SH,三安光电,2024-06-15,4,0.8633081316947937
e8f9cd9faeee3c391acdc2e2,600704.SH,物产中大,2024-06-30,1,0.9629066586494446
85926f79617e96d2972070b4,600706.SH,曲江文旅,2024-06-30,1,0.9597572684288025
f3725e7085a8540ef98ecc41,600707.SH,彩虹股份,2024-06-30,4,0.9505699276924133
d16cf14f8d2417dece2012c2,600708.SH,光明地产,2024-06-30,1,0.951815128326416
96df08fda3dda1814aa40d86,600710.SH,苏美达,2024-06-30,1,0.9965039491653442
67b474388712692821030a56,600711.SH,盛屯矿业,2024-06-30,2,0.9672438502311707
f8b7402874aa066d6a681d20,600712.SH,南宁百货,2024-06-30,1,0.9761910438537598
d37800009512b921b82cdcdf,600713.SH,南京医药,2024-04-05,1,0.9607401490211487
0a8d12da56a43a76d06e438d,600714.SH,金瑞矿业,2024-06-15,2,0.9829001426696777
571956490146b390e44907a7,600715.SH,文投控股,2024-06-30,1,0.9475117921829224
fbe7b822703a2d3c955a5a7c,600716.SH,凤凰股份,2024-06-30,5,0.5154815912246704
43582840d0775e9b6b1147f3,600717.SH,天津港,2024-06-30,1,0.9905345439910889
c266faf9cf83023e57f535b5,600718.SH,东软集团,2024-06-15,1,0.9323924779891968
0ada346d3929d1a1dc0c16f0,600719.SH,大连热电,2024-06-15,1,0.9629838466644287
7c3860c14e0f8f4e00549bd1,600720.SH,中交设计,2024-06-15,1,0.9492189288139343
ba20863b9beea124f98b7dfe,600721.SH,百花医药,2024-06-15,3,0.9371910691261292
c557cedb2cdd8dbe5c054cf6,600722.SH,金牛化工,2024-06-15,2,0.895835280418396
fdb695c09b6b1b29e770e3c6,600724.SH,宁波富达,2024-04-05,1,0.9936680793762207
073f240e14e472c5a7190d97,600725.SH,云维股份,2024-06-30,2,1.002427339553833
06313d559f82d96473f28e28,600726.SH,华电能源,2024-06-15,1,0.9739618897438049
e4bbed1850f1b6c3e49c46bc,600727.SH,鲁北化工,2024-04-05,2,0.863487720489502
dd18f93af7d16b4af35fbbc0,600728.SH,佳都科技,2024-06-15,1,0.8846012949943542
24fb982e8c7f30f02dacae3e,600729.SH,重庆百货,2024-06-30,1,0.9626099467277527
c6f287fd5b2395166508b454,600730.SH,中国高科,2024-06-15,1,0.9299092292785645
8815e115d6cd2b9c321c34da,600731.SH,湖南海利,2024-04-05,3,0.9669415354728699
0e8edce25f5274fd600c3cab,600732.SH,爱旭股份,2024-06-15,0,0.8114088177680969
d224e314affc41cd8727ee97,600733.SH,北汽蓝谷,2024-06-15,1,0.9976411461830139
489e545e25d19d3a588c82f2,600734.SH,实达集团,2024-06-15,1,0.9767789244651794
097321ea2d967fe4299c10be,600735.SH,ST新华锦,2024-06-30,1,1.0014805793762207
40ece1f07883b91d0aef0663,600736.SH,苏州高新,2024-06-30,1,0.9775482416152954
a74606a4b20000a52c4b65bd,600737.SH,中粮糖业,2024-06-15,3,0.9968515038490295
f47f870fb481452ae185e94d,600738.SH,丽尚国潮,2024-06-30,1,0.9628533124923706
b216d0df70227f7834ad9d13,600739.SH,辽宁成大,2024-06-30,3,0.9641256928443909
2c788ab39d631e51f2df9e49,600740.SH,山西焦化,2024-06-30,2,1.0097098350524902
9ce03a2c80ae79a73cda91c4,600741.SH,华域汽车,2024-06-30,4,0.9007205963134766
21e7cfe79be88d748241af8f,600742.SH,富维股份,2024-06-30,4,0.9915463328361511
e884cbf699ccdf5a8f1cd9fe,600743.SH,华远控股,2024-06-15,5,0.9166576862335205
2b449e793f2d5c6f16bd56bd,600744.SH,华银电力,2024-06-30,1,0.9628840088844299
2e6fb514314a0156fddef0d8,600745.SH,闻泰科技,2024-06-30,4,0.9811282753944397
4127a227a464e9ed3f97a814,600746.SH,江苏索普,2024-04-05,2,0.8513987064361572
197597187b51d36496644f5d,600748.SH,上实发展,2024-06-30,1,0.9501951336860657
7a5213fab460d1e894f4340b,600749.SH,西藏旅游,2024-06-30,1,0.9771540760993958
4e9f2a00feedad491c35f6b0,600750.SH,华润江中,2024-06-15,3,0.9012188911437988
21135b2f1bf487578d35849f,600751.SH,海航科技,2024-06-30,1,1.022352933883667
fb7ed9354efe6fba62b05856,600753.SH,*ST海钦,2024-06-30,1,0.9933966994285583
9d2a934d72ca3af61316051e,600754.SH,锦江酒店,2024-06-15,1,0.9765021204948425
a0d629f4ad4a92288c2c83f2,600755.SH,厦门国贸,2024-03-20,1,0.9655595421791077
116e2baf130b0686149e9545,600756.SH,浪潮软件,2024-04-05,1,0.8780393004417419
4d9d7c3ab0d96f2f3964d91a,600757.SH,长江传媒,2024-06-30,1,0.9734711647033691
71b5308d840e3322d394b83a,600758.SH,辽宁能源,2024-04-05,1,0.9923227429389954
603a42959ffcdba4c38769a6,600759.SH,洲际油气,2024-06-30,1,1.0024051666259766
2812de56bd7d54624405edac,600760.SH,中航沈飞,2024-06-30,1,1.0061558485031128
1d54b6b6857b21cb04372dd4,600761.SH,安徽合力,2024-06-30,1,1.0326883792877197
d6828927ce0a9b40ec3c5859,600763.SH,通策医疗,2024-06-30,1,0.921038031578064
9f464d5613b25b73e5b2d618,600764.SH,中国海防,2024-06-15,1,1.0162616968154907
6f2052fb8dcaf01b3b031ade,600765.SH,中航重机,2024-06-30,2,1.0180050134658813
f98305cb7418ca554e3e099d,600768.SH,宁波富邦,2024-06-15,2,0.9442120790481567
20de4467e1a9f920df513517,600769.SH,祥龙电业,2024-06-30,1,0.9674041271209717
1268b8469fefd6d1ec980ec3,600770.SH,综艺股份,2024-04-05,1,1.0245513916015625
e66b2084992a3e091375efbb,600771.SH,广誉远,2024-06-30,3,0.9241355657577515
c627c842d62415c97fa7f7a4,600773.SH,西藏城投,2024-06-15,5,0.8126358985900879
b7e8af90abd2be700e66c6bb,600774.SH,汉商集团,2024-06-15,1,0.9141110777854919
ef005346379e83f7ecbc04b2,600775.SH,南京熊猫,2024-06-30,1,0.9370285272598267
2397c38ab9707bc01df91cf6,600776.SH,东方通信,2024-04-05,1,0.9681872725486755
1d0424f2dd739c255550bbc1,600777.SH,*ST新潮,2024-04-05,1,1.0029916763305664
7dcfbd2487e053ea2981ce31,600778.SH,友好集团,2024-04-05,1,0.9564905166625977
af3afec74f8dc94f4d73a560,600779.SH,水井坊,2024-06-30,1,0.9913896918296814
3c29c152dd640985bb261e4f,600780.SH,通宝能源,2024-06-15,1,0.9814046025276184
43b5161b6e37cef97de8db0c,600782.SH,新钢股份,2024-06-30,2,0.9614756107330322
dccd42c4f3b19a7b28fe90cd,600783.SH,鲁信创投,2024-06-15,1,0.9806936383247375
5a836ef80a4082eb97cfc691,600784.SH,鲁银投资,2024-03-25,2,0.9940817952156067
8eb14ffac2091f7ea86e7bdb,600785.SH,新华百货,2024-06-30,1,0.9868248105049133
01b024a67e46588e43186d9e,600787.SH,中储股份,2024-06-15,1,0.9698118567466736
8c3b0cde42fab9f42132c090,600789.SH,鲁抗医药,2024-06-15,3,0.7974346876144409
8e98c656aeb7c7f7eff5368b,600790.SH,轻纺城,2024-06-15,1,1.0105364322662354
d39943296706507836f92f58,600791.SH,京能置业,2024-06-30,1,0.9877089858055115
1aa3e76d52ec3c5ed198fcf3,600792.SH,云煤能源,2024-06-30,2,1.0116759538650513
6d09c84dde345f87ddc48f79,600793.SH,宜宾纸业,2024-04-05,2,0.9776211380958557
48434dae5fafc4e158f8a7ed,600794.SH,保税科技,2024-06-30,1,0.969594419002533
6aec26491a5e0a92728ad192,600795.SH,国电电力,2024-06-30,1,0.9542945027351379
08a4d71148f0b94e443bfa43,600796.SH,钱江生化,2024-06-15,3,0.9518408179283142
6b9ffb2b73889f6b2408b610,600797.SH,浙大网新,2024-06-30,1,0.877912163734436
8fac6dbbf790dcb9e87f3420,600798.SH,宁波海运,2024-06-15,1,0.9892194867134094
66b796420e87a8d62a4a428c,600800.SH,渤海化学,2024-04-05,2,0.9121695756912231
481d83d76acacdc4b24e8946,600801.SH,华新建材,2024-06-15,2,0.9890640377998352
f503c1a2320675485deb1ff5,600802.SH,福建水泥,2024-06-30,2,0.9781816601753235
8f913ea2e738b24536ed9896,600803.SH,新奥股份,2024-06-30,1,0.9673937559127808
a860814ae278e90d9e56dd67,600805.SH,悦达投资,2024-06-30,1,1.0245298147201538
b856126838ec654c976fdde7,600807.SH,济高发展,2024-06-15,1,0.9241244196891785
4f2a6a3c0d96c5e50d2eadb9,600808.SH,马钢股份,2024-06-30,2,0.9597815275192261
16b485531f20f4d2fb5d2666,600810.SH,神马股份,2024-04-05,2,0.9389024972915649
ef09da9d058dcab2d9467b5b,600812.SH,华北制药,2024-06-15,3,0.8432188034057617
3efd335ccb0ee8b3553dbc1c,600814.SH,杭州解百,2024-04-05,1,0.9337776303291321
3d8b77a6e7813fa634724a10,600815.SH,厦工股份,2024-06-30,2,1.0054527521133423
2a69b763de6c52f6dc0f363c,600816.SH,建元信托,2024-06-30,1,0.9572374224662781
ad0ccaaa8abc1535b6a6b126,600817.SH,宇通重工,2024-06-30,1,0.9932146668434143
30d4ff307d1a60b8ea879da5,600818.SH,中路股份,2024-06-30,2,1.0257099866867065
1a3be31375828ca904733705,600819.SH,耀皮玻璃,2024-06-15,2,0.9789430499076843
7f559430036ee3aa757c5090,600820.SH,隧道股份,2024-06-30,1,0.9216443300247192
c5abd03c5cc2922c6658e02f,600821.SH,金开新能,2024-06-30,1,0.9712211489677429
a1940adf9d47c8e3f7ac3045,600822.SH,上海物贸,2024-06-15,1,1.0041409730911255
954f02c1bed39b29c8038b9d,600824.SH,益民集团,2024-06-30,1,0.9593466520309448
66c22707594cd9347902e4f9,600825.SH,新华传媒,2024-06-30,1,0.93496173620224
f932500e26be6d76a6995af4,600826.SH,兰生股份,2024-06-30,1,0.9518700242042542
eb015347961accb27c01cf74,600827.SH,百联股份,2024-06-30,1,0.9805241227149963
3515b723be856f1988758f43,600828.SH,茂业商业,2024-06-30,1,0.9500952363014221
3ba8de693750c93319a262d5,600829.SH,人民同泰,2024-06-15,1,0.9632478356361389
cc5b2da9b5c06c5ab3432e77,600830.SH,香溢融通,2024-06-15,1,0.9677545428276062
dc2b5600cf955e6ff2ddb426,600831.SH,广电网络,2024-06-15,1,0.9380189180374146
4c4c00c05444c38f0deb47dc,600833.SH,第一医药,2024-06-15,1,0.9434623718261719
55d76077adb5d5d863e737e6,600834.SH,申通地铁,2024-06-15,1,0.9860783815383911
98f6244dc61b970c6c2aa633,600838.SH,上海九百,2024-06-15,1,0.9391654133796692
730531ef2a8f8ae629ff1733,600844.SH,金煤科技,2024-06-15,1,0.9935733675956726
e7c97bc46f519f7e52daca45,600809.SH,山西汾酒,2024-03-15,1,1.0037916898727417
7dd55746124cc559975efb65,600835.SH,上海机电,2024-04-05,1,0.9991353154182434
64870f5fe2ea4ac3d2527426,600839.SH,四川长虹,2024-04-05,1,0.9985684156417847
fdf81cb27f79ff0876acdf3e,600841.SH,动力新科,2024-06-30,4,0.9067855477333069
9bda0afe41bec5bfc33e7f2a,600843.SH,上工申贝,2024-06-15,4,1.0230538845062256
6bb36b147c87863f03bc99f9,600845.SH,宝信软件,2024-06-30,1,0.9667479991912842
aee950ce7fcf20f720ec11a8,600846.SH,同济科技,2024-06-30,1,0.8820816874504089
0e04bcafc4746b64d6d645a8,600847.SH,万里股份,2024-06-30,0,0.9603947401046753
0dd83b1991b389214c3ef4c0,600848.SH,上海临港,2024-06-30,1,0.972695529460907
11495792880aa3de138bddcb,600850.SH,电科数字,2024-06-30,1,0.8823975920677185
a1724000443a9f1be4838da3,600851.SH,海欣股份,2024-06-30,3,0.8421866297721863
9cdae213a9bc9c6721557b09,600853.SH,龙建股份,2024-06-30,1,0.9510326385498047
25a8fd64dc538f26a49dbf99,600854.SH,春兰股份,2024-06-15,1,0.9875359535217285
b309c81a0380f499d95a1ecb,600855.SH,航天长峰,2024-06-30,1,0.9684393405914307
3c45c6cb62bb546e73346717,600857.SH,宁波中百,2024-06-15,1,0.9664371609687805
2923f16ea4fb2ac086ccf2b8,600858.SH,银座股份,2024-06-30,1,0.959021806716919
67c5c2373e0e36a109664360,600859.SH,王府井,2024-04-05,1,0.9272743463516235
d241be016aedad6b5ad7ec3f,600860.SH,京城股份,2024-07-01,2,0.9601705074310303
08a3b7fad866a6358e0b2bb5,600861.SH,北京人力,2024-06-30,1,0.9194563627243042
b80deabd63a562d9edfa4ab9,600862.SH,中航高科,2024-06-15,2,0.9705244898796082
f7ff3402cee5cada9caadcbe,600863.SH,华能蒙电,2024-06-30,1,0.9846038222312927
9689df566f2fba8d9ebc797b,600864.SH,哈投股份,2024-04-05,1,1.0102633237838745
539f6b530b2110b524deba42,600865.SH,百大集团,2024-06-30,1,1.0152108669281006
87cfc8eacbc60c9f6bea8863,600866.SH,星湖科技,2024-06-15,2,0.9929614663124084
4a962b53113eb7b7b8cc25f9,600867.SH,通化东宝,2024-06-15,3,0.883339524269104
2fa25985aa4159b75af572e3,600868.SH,梅雁吉祥,2024-06-15,1,0.9627400636672974
7591018dd73755555991b862,600869.SH,远东股份,2024-06-30,2,1.023430347442627
f67906a6dbdd5ce6fa0dd35e,600871.SH,石化油服,2024-06-30,1,0.9883301258087158
3589e92a22cc9f3e6c33f801,600872.SH,中炬高新,2024-06-30,3,0.9256009459495544
216da80f81c143417987858b,600873.SH,梅花生物,2024-06-15,3,0.976969838142395
cd587ca8bc6be6e709511ef2,600874.SH,创业环保,2024-06-30,1,0.9282541871070862
6651e7ebc43852f72ab5c3d7,600875.SH,东方电气,2024-06-15,0,0.8345512747764587
7a01f72bdfbcdc41d519eeb6,600876.SH,凯盛新能,2024-06-15,2,0.9786390662193298
299bc666c3222c08e3b6e2af,600877.SH,电科芯片,2024-06-15,4,0.9421659708023071
732cb9b9c62cc1e2a645dcb1,600879.SH,航天电子,2024-06-30,4,0.9908267855644226
21cd28c2751ee5d7cd1587f0,600880.SH,博瑞传播,2024-06-30,1,0.9378352761268616
138d7acc27cb11370b8e84f6,600881.SH,亚泰集团,2024-04-05,1,0.9905266761779785
b711d60edc50957bcf1d5cc6,600882.SH,妙可蓝多,2024-06-30,1,1.0127911567687988
2d37bfe2b81c9b1a2f5bb280,600883.SH,博闻科技,2024-06-30,2,1.0057538747787476
506e9f9bcb3e4a312c70a572,600884.SH,杉杉股份,2024-06-30,0,0.8324177265167236
7d1b165408e9ef82676c8298,600885.SH,宏发股份,2024-06-15,0,0.8035717010498047
8bf4dc40cabd209967cdfcca,600886.SH,国投电力,2024-06-30,1,0.9791218638420105
c7cfe52eca1eb05fea62d611,600887.SH,伊利股份,2024-04-05,1,0.9992755055427551
ec35e4cae649a815ed92a7d0,600888.SH,新疆众和,2024-06-15,2,0.9606074094772339
aeee0434a24687eb54632796,600889.SH,南京化纤,2024-06-15,2,0.9146866798400879
b2b56ee4349e7690b71c0b78,600892.SH,*ST大晟,2024-04-05,1,0.9172687530517578
ad61f251d805f20eac3e7f16,600893.SH,航发动力,2024-06-15,1,1.0325772762298584
79581494cbe27b8420469cd0,600894.SH,广日股份,2024-03-25,1,1.0099377632141113
c9ec9553054b8532f60aa9ab,600895.SH,张江高科,2024-06-30,1,0.9814721941947937
1982a7c088b599d5d7a01500,601607.SH,上海医药,2024-06-30,1,0.973303496837616
d08659333af3e2d9f47034c9,002003.SZ,伟星股份,2024-06-15,2,0.9714546799659729
8f8476e481281ac0b8ca9771,002004.SZ,华邦健康,2024-06-30,3,0.8980575203895569
e78c3acd467735c387d8482b,002005.SZ,ST德豪,2024-06-30,2,1.009596824645996
9b933846b2464d6c53dd37a8,002006.SZ,精工科技,2024-06-30,4,0.8358964920043945
9cddc538493a629ec52d35c6,002007.SZ,华兰生物,2024-06-15,3,0.8674519062042236
ee312350c57bd64d716d0358,002008.SZ,大族激光,2024-06-30,4,0.8113528490066528
616adc27783967e81b7fba46,002009.SZ,天奇股份,2024-06-15,2,1.0025116205215454
0b75ce382e8fa9b463110313,002010.SZ,传化智联,2024-06-30,1,0.9506865739822388
7751a2f1347028ff7ef4c462,002011.SZ,盾安环境,2024-06-30,4,0.9342892169952393
a7f4e85370d8b65ec33fd151,002012.SZ,凯恩股份,2024-06-30,2,0.9368764162063599
9847c1f71c2cca8f3a02188e,002014.SZ,永新股份,2024-06-30,2,0.9304922819137573
ccc87343fa2d9508b67e18ad,002015.SZ,协鑫能科,2024-06-30,1,0.9749720096588135
0268b4a7d4d4442bfc5caa94,002016.SZ,世荣兆业,2024-06-30,5,0.6726643443107605
7eaf827da48838ab0ef51dee,002017.SZ,东信和平,2024-06-30,1,0.9506041407585144
1045ee6c69882d392a2dca1e,002019.SZ,亿帆医药,2024-06-30,3,0.7613916397094727
4ac3bd38a297beccaca3dd17,002020.SZ,京新药业,2024-06-15,3,0.78029865026474
a1fa349fd4eed0d69bfb2844,002021.SZ,中捷资源,2024-06-30,2,1.018084168434143
24d1044b5be8969a9925fb5b,002022.SZ,科华生物,2024-06-30,3,0.8887778520584106
fbeb17915d5d7aaa9ba68c6e,002023.SZ,海特高新,2024-06-15,1,1.0076732635498047
b99494ae76701545bd889a31,002024.SZ,ST易购,2024-03-15,1,1.0101985931396484
f21170ab1f078e4e32c0c4e2,002025.SZ,航天电器,2024-06-15,4,0.9548174738883972
23daba7e6e465cd059ccdeae,002026.SZ,山东威达,2024-06-15,4,0.9107498526573181
8a497e4a40dfc541d6e3cca9,002027.SZ,分众传媒,2024-06-30,1,0.948633074760437
40542cff772fa7ab03ccea23,002028.SZ,思源电气,2024-06-30,0,0.7231788039207458
2927bf3fc290c9fd1a31218d,002029.SZ,七匹狼,2024-06-15,1,0.9704554677009583
d0c28e3a248fa41395d9ad0b,002030.SZ,达安基因,2024-06-15,3,0.9424598813056946
ba364076a05f1d397bacc3b4,002031.SZ,巨轮智能,2024-06-15,4,0.8801984786987305
1371a82bc96497864e494f64,002032.SZ,苏泊尔,2024-06-15,2,1.0149694681167603
97f15e0cf30ce90834417f92,002033.SZ,丽江股份,2024-06-30,1,0.9727364778518677
65c4f6e8e2fecd1a111b8d9a,002034.SZ,旺能环境,2024-06-30,1,0.930508017539978
e115006f475459ca001feb6f,002035.SZ,华帝股份,2024-06-30,1,0.9805020689964294
9ff9d36c3f23ba39225790ae,002036.SZ,联创电子,2024-06-15,4,0.8794995546340942
2d9780527796c1dc4e4db6d9,600897.SH,厦门空港,2024-06-15,1,0.9969006180763245
5da951a738382ad70b77fdca,600900.SH,长江电力,2024-06-30,1,0.9687211513519287
572dc48ab7bfd2ece4cda83a,600960.SH,渤海汽车,2024-06-15,4,0.8746790885925293
4d500f7838d00425449a2c1f,600963.SH,岳阳林纸,2024-06-15,2,0.994753360748291
8ee95d7f67d74962a1cff6b0,600966.SH,博汇纸业,2024-06-30,2,0.9617159962654114
7ee5b7b05a6f2877eda78181,600967.SH,内蒙一机,2024-03-15,1,1.0312573909759521
8ed53bb66a82dcdd77da57b9,600969.SH,郴电国际,2024-06-30,1,0.9684977531433105
1242026e7d2bd20273ba3e9f,600975.SH,新五丰,2024-06-15,1,0.9922320246696472
5892649719cb382e191300b7,600976.SH,健民集团,2024-06-30,3,0.8669381737709045
4d0d77efd9deba8448969d53,600980.SH,北矿科技,2024-06-15,2,0.9605554342269897
b2b5b7724cc12933d87b9a87,600985.SH,淮北矿业,2024-06-15,1,1.0130046606063843
28ce36d312f75904e4cdadcc,600986.SH,浙文互联,2024-06-30,1,0.9104366302490234
da2adb792b884aa23d28f636,600988.SH,赤峰黄金,2024-06-30,1,1.0136213302612305
1ab38ee249e7968ebd8e4ca5,600990.SH,四创电子,2024-06-30,1,0.9753342270851135
9c50ba6e6e5d172f0a14cb70,600992.SH,贵绳股份,2024-06-30,2,0.9933737516403198
4f4041172c6eecb1777b84c5,600993.SH,马应龙,2024-06-15,3,0.8851789236068726
e45706ecbf947cb97cd09e2a,600995.SH,南网储能,2024-06-30,1,1.0023174285888672
6f3996d046fccaf882435525,600997.SH,开滦股份,2024-06-30,2,1.0213044881820679
1928de203afafdf1ee7ab7cf,002037.SZ,保利联合,2024-06-30,2,1.0033713579177856
ff0553ca34ed52b4531d2027,002038.SZ,双鹭药业,2024-06-15,3,0.8075909614562988
725d2839812ecae839127332,002039.SZ,黔源电力,2024-06-15,1,0.9879177212715149
4a4741b567f8b43c717c6092,002040.SZ,南京港,2024-06-15,1,0.9879245758056641
7c9ae93bf2899f70c33e2a26,002041.SZ,登海种业,2024-06-30,1,1.0151066780090332
99a827faee916f6d54017d1d,002042.SZ,华孚时尚,2024-06-30,2,0.9656990170478821
29fe8dbc3a3242c9bdafcfff,002043.SZ,兔宝宝,2024-06-30,2,0.9737364053726196
ea3cbd9e5943412bf314175f,002044.SZ,美年健康,2024-06-30,1,0.8912451267242432
6ffe8a0a61e2c199d3dc00f6,002045.SZ,国光电器,2024-06-15,4,0.8051608204841614
2b8bb5a117546aef2ce56a0f,002046.SZ,国机精工,2024-06-15,4,0.9334718585014343
0a50aa5971f634668a467ca8,002047.SZ,*ST宝鹰,2024-06-30,1,0.9780683517456055
316c652aeb671cf89c8e4c0c,002048.SZ,宁波华翔,2024-06-30,4,0.9302699565887451
4aee93258e2d711b3f7f3763,002049.SZ,紫光国微,2024-06-30,4,0.9557591080665588
44de2fd61441a755764d1cf4,002050.SZ,三花智控,2024-06-30,4,0.9125601649284363
a94e8d37c9dd643263a8ad2c,002051.SZ,中工国际,2024-06-30,1,0.9165312647819519
fab7377d0844ba6ba204e8ae,002052.SZ,同洲电子,2024-06-15,1,0.9707803130149841
dc26b4bf94b0a3bf0bdfc680,002053.SZ,云南能投,2024-06-15,1,0.9823384284973145
cd733a55f7fa54c353bb7f4c,002054.SZ,德美化工,2024-06-15,2,0.9406253695487976
a3ff75abb1dca61eb1f7fd64,002055.SZ,ST得润,2024-06-15,4,0.8084995150566101
73c20ac06a05eef2c728abbb,002056.SZ,横店东磁,2024-07-01,0,0.8558543920516968
76de67804f05431f5cab9805,002057.SZ,中钢天源,2024-06-15,2,0.9583286046981812
278c3fd6e4edb8bd3522c54d,002058.SZ,*ST威尔,2024-06-30,0,0.8212501406669617
5f442a80f5bf07124b329dbd,002059.SZ,云南旅游,2024-06-30,1,0.9639018774032593
a5729117ad8abdac95f61e0e,002060.SZ,广东建工,2024-06-30,1,0.8989899754524231
f9136eafff5efbe20d71bc13,002061.SZ,浙江交科,2024-06-30,1,0.9484549164772034
f9d6266c513e1bb2d2503be5,002062.SZ,宏润建设,2024-06-30,1,0.91405189037323
4a89be91f0076c1f41bfeede,002063.SZ,远光软件,2024-06-15,1,0.9038988947868347
266527df182a6ef91ce9dd36,002064.SZ,华峰化学,2024-06-30,2,0.9423995614051819
d1f1764e5ef8a4c3d5f47874,002065.SZ,东华软件,2024-06-30,1,0.8998504281044006
f0ff67a9746dedc6c08f04bc,300150.SZ,世纪瑞尔,2024-06-15,1,0.9015181660652161
21afa0fd47d77e2614f940d6,600022.SH,山东钢铁,2024-06-30,2,0.95387864112854
f71d949583ead5610c32a62d,600027.SH,华电国际,2024-06-15,1,0.9477943778038025
06ee1e48a59e71a0c3ad64e9,600048.SH,保利发展,2024-03-15,1,0.9502000212669373
4e8f20097d8083ae8758d58c,600143.SH,金发科技,2024-06-30,2,0.9137450456619263
35b3c74df590951234929ba8,600482.SH,中国动力,2024-06-15,2,1.0403529405593872
207dc74b1d0a1f6a6b1e8d45,600961.SH,株冶集团,2024-06-30,2,0.9839305877685547
7e963724a6fb15f2a70584e2,600962.SH,国投中鲁,2024-04-05,2,1.0254895687103271
682d64a290ca60e3f4f16b88,600965.SH,福成股份,2024-03-15,1,0.9909188747406006
b5081ca61bc8c61cbe22b14f,600970.SH,中材国际,2024-03-15,2,0.9849827885627747
9392a4d4434ea1738a2bd0dd,600971.SH,恒源煤电,2024-06-30,1,1.0080891847610474
59df4325a2b14819a09adedb,600973.SH,宝胜股份,2024-06-15,0,0.7161892056465149
bf9b8cbbb4cf1afc80c6d891,600979.SH,广安爱众,2024-06-30,1,0.9563633799552917
6d186b5e27e44f6e647d962d,600981.SH,苏豪汇鸿,2024-06-30,1,0.9852820038795471
483bf872b3d41c973118a79e,600982.SH,宁波能源,2024-06-15,1,0.94822758436203
d130453e88dac820f5a98f68,600983.SH,惠而浦,2024-06-15,1,1.0096858739852905
e3c42ac31feafe75c158f38f,600984.SH,建设机械,2024-06-30,2,1.025225281715393
3eac415afcbaf7cd80e8fc53,600987.SH,航民股份,2024-03-25,2,0.9633445739746094
0de1066e4338e96ec3037e60,601001.SH,晋控煤业,2024-06-30,1,1.0154037475585938
a3e3cef1d1f0cac87e1b47f8,601006.SH,大秦铁路,2024-06-30,1,1.0036089420318604
02826105f53983c6a5837511,601988.SH,中国银行,2024-06-30,1,0.9190972447395325
700d61a110df25a6b8c771ba,002066.SZ,瑞泰科技,2024-06-15,2,0.9674395322799683
39aa24952f5ca04845fd8960,002067.SZ,景兴纸业,2024-06-30,2,0.9547315239906311
be9d99a15c86a05d720387db,002068.SZ,黑猫股份,2024-06-30,2,0.8635213971138
ddf3ecd62d14af298ec9c601,002069.SZ,獐子岛,2024-06-30,1,1.005568265914917
2708a7c91d9d6e01a1b0dc35,002072.SZ,凯瑞德,2024-06-30,1,0.9777433276176453
9a402c3e609c685408c485e9,002073.SZ,软控股份,2024-06-15,4,0.9335857629776001
b3f2b6e3bea93973fbd37c54,002074.SZ,国轩高科,2024-06-30,0,0.8688352108001709
e4115315615ae0c139918dc1,002075.SZ,沙钢股份,2024-06-30,2,0.9962425827980042
6ec13a816cd7ad47a40c73eb,002076.SZ,*ST星光,2024-03-15,1,0.9164966344833374
3f94dff72e6313e996f96eda,002077.SZ,大港股份,2024-06-30,4,0.993495523929596
f6df4472df90d95956d1416c,002078.SZ,太阳纸业,2024-06-30,2,0.9470032453536987
d62438749ad60f59428b7d98,002079.SZ,苏州固锝,2024-06-30,0,0.7233206629753113
d23c6879c0d5c4ae892158d2,002080.SZ,中材科技,2024-06-30,2,0.9714395403862
e95bbb2cb07264ddd7584857,002081.SZ,金螳螂,2024-06-30,1,0.976896345615387
27b7c4c187d27f722c6626cf,002082.SZ,万邦德,2024-06-30,2,0.957084596157074
8113613c4579f7b2c9c0b4cf,002083.SZ,孚日股份,2024-06-15,2,0.9608370065689087
cea38807417efab828b185a4,002084.SZ,海鸥住工,2024-06-15,2,0.9919320344924927
f9e301f85328ddc939fa642f,002085.SZ,万丰奥威,2024-06-30,4,0.8562697768211365
dde392a62f756b626ec4a4e8,002086.SZ,东方海洋,2024-06-15,1,1.032857060432434
8c39390fa97ad224fb437968,002088.SZ,鲁阳节能,2024-06-15,2,0.9463401436805725
94d025775fece689a761d87a,002090.SZ,金智科技,2024-06-30,1,1.0100009441375732
948313e0bf537d7974f97896,002091.SZ,江苏国泰,2024-06-30,1,1.0230952501296997
26aef345cc1a980f125b3ed7,002092.SZ,中泰化学,2024-06-15,2,0.905320942401886
9605358ad8c6f8b424afd2db,002093.SZ,国脉科技,2024-06-15,1,0.9413355588912964
e6095e2884dc8796d843f1ac,002094.SZ,青岛金王,2024-06-30,1,1.0219155550003052
898a1685b8291fc4a73d91ee,002095.SZ,生意宝,2024-06-15,1,0.9467262029647827
1c7f6e72ed7f5c7ea6129126,002096.SZ,易普力,2024-06-30,1,0.9752343893051147
14ce297f4f59e4b3ae666044,002097.SZ,山河智能,2024-06-15,2,1.0414005517959595
da6fc92ed492bf72d443cc75,002098.SZ,浔兴股份,2024-06-30,2,0.958044707775116
c122614c0c777c76d02277c1,002099.SZ,海翔药业,2024-06-15,3,0.8319348096847534
74c930a6c326802cb50f98fa,002100.SZ,天康生物,2024-06-30,1,1.0090399980545044
5c3e97c7bef6c75de39de17b,002101.SZ,广东鸿图,2024-06-15,4,0.8280552625656128
e704cc144d37ebc3f5120854,002102.SZ,能特科技,2024-06-30,3,0.9203147888183594
191eb03cabb8c793c17a125d,002103.SZ,广博股份,2024-06-15,1,1.0118213891983032
091fe7a5f0777ff6d183991c,002104.SZ,恒宝股份,2024-06-30,1,0.9980681538581848
91d19d4056a0108500832678,002105.SZ,信隆健康,2024-06-30,2,1.0334794521331787
57145258d36685000e7e24a9,002110.SZ,三钢闽光,2024-06-30,2,0.968330442905426
7eda9df746d74bfd380dde63,002279.SZ,久其软件,2024-06-30,1,0.8638981580734253
c9c84df1727ffd127bab8ae0,300016.SZ,北陆药业,2024-06-15,3,0.7865604162216187
c298f9a0c8b42a452fa57848,300271.SZ,华宇软件,2024-06-30,1,0.8696402907371521
0fcf5f399c268a82c0165a14,600017.SH,日照港,2024-06-30,1,0.9894753098487854
2d7053c6f9b10eaa34a5f931,600018.SH,上港集团,2024-04-05,1,0.9811516404151917
e863b48851b0312ec5402bbb,601111.SH,中国国航,2024-06-30,1,0.9803649187088013
b6655ce27033cfdaf4749033,601333.SH,广深铁路,2024-06-30,1,0.9919965267181396
8ff2de87892b2acf366f9131,601398.SH,工商银行,2024-06-30,1,0.9240021109580994
9a7fe3ebdf2c0589b5f4ccfd,601588.SH,北辰实业,2024-06-30,5,0.49761947989463806
4a9f997baed74fb09aeb1a4e,601666.SH,平煤股份,2024-03-15,2,1.0151498317718506
9a8f5fa1f2657cf4988682dc,601699.SH,潞安环能,2024-06-30,2,1.0169503688812256
ec7698b3c7e8854e0c7aac4f,601872.SH,招商轮船,2024-06-30,1,0.9888973832130432
70243f189afc6ec8cd2d62b4,601991.SH,大唐发电,2024-06-30,1,0.9567093849182129
ea45f29b21ab0ff57d8a8c3d,000338.SZ,潍柴动力,2024-06-15,4,0.9919368028640747
87c6d9e6f35fe76d13be66dd,002106.SZ,莱宝高科,2024-06-30,4,0.7837762236595154
7062eaf756d593d6144a6bc9,002107.SZ,沃华医药,2024-06-15,3,0.8610095977783203
a3f3b02cee5d4d3c92367830,002108.SZ,沧州明珠,2024-06-30,2,0.9313675165176392
a1d16425bbe00655e334617f,002109.SZ,兴化股份,2024-06-30,2,0.930818498134613
1f2948e9121b8d1d90ee51d1,002111.SZ,威海广泰,2024-06-15,1,1.0041704177856445
f82574f94a02b496677a8c8b,002112.SZ,三变科技,2024-06-15,0,0.7943167090415955
030709533aba025fa45b5b25,002114.SZ,罗平锌电,2024-06-30,2,0.9925485849380493
4b2a0caaddee8ca38774f98c,002115.SZ,三维通信,2024-06-15,1,0.9663310647010803
4ac257541857797df3c45eb2,002116.SZ,中国海诚,2024-06-15,1,0.9841316938400269
be24eb8097a0f0d2b9cd7655,002117.SZ,东港股份,2024-06-30,1,0.9536340236663818
984772ed186d2c84d8424163,002119.SZ,康强电子,2024-06-30,4,0.8068044185638428
d6ab6eeb62c221e85f67929f,002120.SZ,韵达股份,2024-06-30,1,0.9294673800468445
975e7a209e527d791d274b67,002121.SZ,科陆电子,2024-06-30,1,1.0120881795883179
3993ad72121a788e0eb703f9,002122.SZ,ST汇洲,2024-06-30,1,1.027085781097412
cf0a0389217f745de1d8273c,002123.SZ,梦网科技,2024-06-30,1,0.9456394910812378
cf983adb3dd6ccc8ccc7dec2,002124.SZ,天邦食品,2024-06-30,1,0.9936681985855103
e37a54f5fdf810b3c1fd1406,002125.SZ,湘潭电化,2024-06-30,2,0.8759108185768127
f7c6965d220cda424691890d,002126.SZ,银轮股份,2024-06-30,4,0.8380310535430908
994d7f4187c0a11f045fffa8,002127.SZ,南极电商,2024-06-30,1,0.9538769721984863
cb9fc5806b2f0ada7139a9fb,002128.SZ,电投能源,2024-06-30,1,1.0139386653900146
3ad2a256c6ffdd5f3907c60a,002129.SZ,TCL中环,2024-06-30,2,0.9683168530464172
35b72ae520d086a30b4d3238,002130.SZ,沃尔核材,2024-06-30,0,0.7948018312454224
22c783ffd5aca631fc42f27d,002131.SZ,利欧股份,2024-06-30,4,0.9787806272506714
54826333c47b6c8fda6ec3d7,002132.SZ,恒星科技,2024-06-15,2,0.9670051336288452
e377cdece6400ff110277dfd,002133.SZ,广宇集团,2024-06-15,1,1.0176572799682617
122312d7e0cd894b69b1b8b4,002134.SZ,天津普林,2024-06-15,4,0.9037190675735474
0f262b162e275b2992b89eb9,002135.SZ,东南网架,2024-06-15,1,1.0122183561325073
5fc4934097ee19dc5ae8df03,002136.SZ,安纳达,2024-06-15,2,0.855189859867096
e8dbac0e62dd5d46b20a46fe,002137.SZ,实益达,2024-06-15,4,0.8337742686271667
58e9e3027e60288bcc0c0880,002138.SZ,顺络电子,2024-06-30,4,0.7646819353103638
34b97777bcfb7a6752300ae6,002139.SZ,拓邦股份,2024-06-15,4,0.8594752550125122
ba82670a1e0d7b26cf129e34,002140.SZ,东华科技,2024-06-30,1,1.0100836753845215
4412c1f12bc73a825c871840,002141.SZ,贤丰控股,2024-06-30,2,0.966673731803894
5a0727a941815a74d684bbe9,002144.SZ,宏达高科,2024-06-30,2,0.9385247230529785
9b20faeda73ee140375842a0,002170.SZ,芭田股份,2024-06-30,3,0.9899798631668091
31708efce7415082345bfd2a,300318.SZ,博晖创新,2024-06-15,3,0.9038498997688293
8ca37f4f0f0b033398ec1b7e,601002.SH,晋亿实业,2024-06-30,2,0.9546757340431213
6a8bc81700168cab28589620,601003.SH,柳钢股份,2024-06-30,2,0.9756919145584106
192f077197e8cb780ec4bc02,601005.SH,重庆钢铁,2024-06-30,2,0.9782921075820923
15ff54931d3bcc84d50e844a,601007.SH,金陵饭店,2024-06-30,1,0.9814862608909607
0d09b7f03209c5d7d30c43b8,601008.SH,连云港,2024-06-30,1,1.0077399015426636
0b1905610357341624e80ee1,601166.SH,兴业银行,2024-03-15,1,0.9340193867683411
de2692b8e29dd45b481976c0,601168.SH,西部矿业,2024-06-30,2,1.012324333190918
c6eadb97110189f7ef378200,601318.SH,中国平安,2024-04-05,1,0.993560791015625
333c628c48f64046acfceca4,601328.SH,交通银行,2024-06-30,1,0.9265280961990356
f8276d1041dc33aad013c1d0,601600.SH,中国铝业,2024-06-15,2,0.9820113778114319
42b9c070452185fd138986f3,601628.SH,中国人寿,2024-06-30,1,0.9904413819313049
43b00f6c55798d1b297abf25,601919.SH,中远海控,2024-04-05,1,0.9806596636772156
a927bd474fd88333183d94e3,601998.SH,中信银行,2024-06-30,1,0.9249027967453003
764c0b46d3509702e34ebfc7,002142.SZ,宁波银行,2024-06-30,1,0.9323562383651733
29829e96c48fa30484be3e33,002145.SZ,钛能化学,2024-06-15,2,0.9269577860832214
2326eba0bbf2a74fef4f8c50,002146.SZ,荣盛发展,2024-06-30,1,0.9682275056838989
e36628170fbe049a969232bf,002148.SZ,北纬科技,2024-06-30,1,0.9256720542907715
31b09e3aeb3ce5fc852bbc37,002149.SZ,西部材料,2024-06-30,2,0.9445719122886658
2e7c85171698fd5f52ab69c9,002150.SZ,正泰电源,2024-06-15,0,0.9398958683013916
493e7e8783dbe37e986619c9,002151.SZ,北斗星通,2024-06-15,1,0.9986923336982727
f3223831917105dbe140c182,002152.SZ,广电运通,2024-06-30,1,0.9491533637046814
2118df9413583b41ba42f299,002153.SZ,石基信息,2024-06-30,1,0.8762351870536804
f0f7e886a05d32ee5395e0b2,002154.SZ,报喜鸟,2024-06-30,1,0.9596533179283142
05949c914fe534abf95066e8,002155.SZ,湖南黄金,2024-06-30,2,1.0107159614562988
438cded35a6f3604bab5ffc4,002156.SZ,通富微电,2024-06-30,4,0.8126358985900879
c8e3fe442e234ea5116d1a7f,002157.SZ,正邦科技,2024-06-30,3,1.002261996269226
aeb636588bf252293d3f3d0b,002158.SZ,汉钟精机,2024-06-30,4,0.975136935710907
b572d11a9f3d6e32b6845029,002159.SZ,三特索道,2024-06-30,1,0.9843208193778992
acfb07267d577fe632784f8e,002160.SZ,常铝股份,2024-06-15,2,0.9457554817199707
9b6a6a482ffdb099691d2eee,002161.SZ,远望谷,2024-06-15,1,0.9729307293891907
c2af01c509b3d94580d29f6d,002162.SZ,悦心健康,2024-06-30,1,0.9931966066360474
b465463d787a7146bc19fde8,002163.SZ,海南发展,2024-06-15,2,1.0226731300354004
07a7fc06a0c7dd48ffecb622,002164.SZ,宁波东力,2024-06-30,4,0.925578236579895
ef7db55ec1d779dcd6c62b99,002165.SZ,红宝丽,2024-06-30,2,0.8144341111183167
e6d0004887b32e31ee2da854,002166.SZ,莱茵生物,2024-06-15,3,0.9580259919166565
30ebcd6da4c1234cd717bd98,002167.SZ,东方锆业,2024-06-30,2,0.9139075875282288
acf2a2957cf764e77fe3af60,002168.SZ,*ST惠程,2024-06-30,0,0.9093970060348511
7e3d12589cf53f0c7199830b,002169.SZ,智光电气,2024-06-15,0,0.7292160391807556
d25fdad12871d039d506b886,002171.SZ,楚江新材,2024-06-30,2,0.9707658290863037
a689a276787fad6c3f850955,002172.SZ,澳洋健康,2024-06-30,1,0.9009867310523987
49d391baf5929e60542e9047,002173.SZ,创新医疗,2024-06-15,1,0.9118691086769104
0eaa7028d4e00de20c714c7a,002174.SZ,游族网络,2024-06-15,1,0.92848801612854
6bb9d205693d6693f1693b6d,002175.SZ,东方智造,2024-06-15,4,1.0185375213623047
bf7faa59b722b429b08ab546,002176.SZ,江特电机,2024-06-30,4,0.9711023569107056
7a347b2ae40932f047d60784,002177.SZ,御银股份,2024-06-30,1,1.005273461341858
8baf6fb7d0a52df35b52b9b8,002178.SZ,延华智能,2024-06-30,1,0.8677545785903931
e8c5ca9279b4b345b045c65d,002179.SZ,中航光电,2024-06-30,4,0.8706390261650085
210e583be911f8cfab1a4430,002180.SZ,纳思达,2024-06-30,1,1.019895315170288
2d26fc288c72e6ae51d723c5,002182.SZ,宝武镁业,2024-06-15,2,0.9115563631057739
d8e80e3d4cd8e2a800dd20e7,002183.SZ,怡亚通,2024-06-15,1,0.949226438999176
700c5ea43224f4afda4696b5,002184.SZ,海得控制,2024-06-30,4,0.972463846206665
9d8b79d9a8731dec2d0d3acf,002185.SZ,华天科技,2024-06-30,4,0.9644778370857239
3f43340474be9987ba2de318,002188.SZ,中天服务,2024-06-30,1,0.9665663838386536
954a2d896149c156e7258c10,002189.SZ,中光学,2024-06-30,4,0.8974591493606567
2851b8d575d8845e793d8a44,002192.SZ,融捷股份,2024-06-30,2,0.9465469121932983
24660ced1f2526bc7c0636c8,002254.SZ,泰和新材,2024-06-30,2,0.9419097304344177
2c7a574452592f1d71cbbf05,300477.SZ,ST合纵,2024-06-15,0,0.8806539177894592
56d932e51bcee20d2cf39f49,601009.SH,南京银行,2024-06-30,1,0.9338157176971436
76e3db3c1a1afb69730fce6b,601088.SH,中国神华,2024-04-05,1,0.9867293238639832
ba16a613d8fc2498ff2241de,601169.SH,北京银行,2024-06-30,1,0.922586977481842
ababebfeb55e861c61f8cbb5,601808.SH,中海油服,2024-06-30,1,0.979938268661499
73104c32370321de4268fe37,601857.SH,中国石油,2024-06-30,1,0.9847353100776672
d05095be1a51b029a4fd9878,601939.SH,建设银行,2024-06-30,1,0.9204725623130798
bedff35cf7ea3414ba5731c5,002186.SZ,全聚德,2024-06-15,1,0.9888246059417725
4d7c4d95c901c8d05459bc47,002187.SZ,广百股份,2024-06-30,1,0.9376086592674255
b9930c07d2fad7653a56622f,002190.SZ,成飞集成,2024-06-30,4,0.9847140908241272
47b0cc287928f00e298d0534,002191.SZ,劲嘉股份,2024-06-30,2,0.992512047290802
46a91d894353ba2d4191eb4e,002193.SZ,如意集团,2024-06-15,2,0.9536139369010925
fe870c765f099df91fb4cfdf,002194.SZ,武汉凡谷,2024-06-15,4,0.9483158588409424
ed82a7b3999224f733f0e2ed,002195.SZ,岩山科技,2024-06-30,1,0.8959181904792786
7ebcc48ef1f5a206a8a23acc,002196.SZ,方正电机,2024-06-15,4,1.0115338563919067
045cb8799398661896195f09,002197.SZ,证通电子,2024-06-30,1,0.9463993906974792
f4afd4ac5365baa1a475ad2a,002198.SZ,嘉应制药,2024-06-15,3,0.8582263588905334
45a30046861991e66e7b81d2,002199.SZ,*ST东晶,2024-06-30,4,0.7790468335151672
d348fca087a7a57f270a42d7,002200.SZ,*ST交投,2024-06-30,1,0.9413077235221863
d58872d7a03102b6577e9cc8,002201.SZ,九鼎新材,2024-06-30,2,0.9721288681030273
504c7ca5415a65419bfef47a,002202.SZ,金风科技,2024-06-30,0,0.934319257736206
93d23cfa7c1bfcdc0a90f8ce,002203.SZ,海亮股份,2024-06-15,2,0.9756999611854553
c583d8502932fa9d51de2551,002204.SZ,大连重工,2024-06-15,2,0.9851632714271545
6f71f676587ceb7d59c7bc13,002205.SZ,国统股份,2024-06-15,2,1.0107717514038086
557a31646544fac2074196f9,002206.SZ,海利得,2024-06-30,2,0.9292094707489014
24d9f063aec4f2f278f78d80,002207.SZ,准油股份,2024-06-30,1,0.983765184879303
62e14e91ccaebd1b8c7a7402,002208.SZ,合肥城建,2024-06-15,1,1.0172947645187378
91192890b961690370f5b56d,002209.SZ,达意隆,2024-06-15,2,1.0255709886550903
3f480fb6c5a52d84a627cf66,002210.SZ,飞马国际,2024-06-30,1,0.9615236520767212
4067715c7f20d7faab1bdaf3,002211.SZ,ST宏达,2024-06-30,2,1.0163729190826416
51d3da7d0ceb414683b04962,002212.SZ,天融信,2024-06-30,1,0.9117345213890076
059e0069775807e456a9df2f,002213.SZ,大为股份,2024-06-30,4,0.8427921533584595
1afb6ead4b46b0aac3a9ea37,002214.SZ,*ST大立,2024-06-30,4,0.9740766286849976
3470d50144abc92611253a51,002215.SZ,诺普信,2024-06-30,3,0.9534963965415955
e5a25c4c534d1b289759f386,002216.SZ,三全食品,2024-06-30,3,0.9486881494522095
a25f3d5cabd947c9d1546d4d,002217.SZ,合力泰,2024-06-30,4,0.8540019392967224
c26e3a03a366e6293dd4d72c,002218.SZ,拓日新能,2024-06-30,1,1.0119755268096924
9eec49cdb74eb1b3a51327bd,002219.SZ,新里程,2024-06-30,1,1.0156270265579224
cf0c899f20ca58e03d46fd5b,002221.SZ,东华能源,2024-06-15,2,0.9929255247116089
48d49ceb3bdc9e167d232211,002222.SZ,福晶科技,2024-06-15,4,0.9211852550506592
d70c9869d029f4b6707d906a,002223.SZ,鱼跃医疗,2024-06-15,3,0.9412722587585449
15df494a440ceb85a703e319,002224.SZ,三力士,2024-06-15,2,0.9857881665229797
4a1ba7501a1cf857ddf7508a,002225.SZ,濮耐股份,2024-06-30,2,0.9575178027153015
90ea6cca4872099b0074177e,002226.SZ,江南化工,2024-06-30,2,0.9726676344871521
c1d512633e6eca938bf55fa9,002227.SZ,奥特迅,2024-06-15,0,0.7549229264259338
51e913a87a5b128cf09397ef,002228.SZ,合兴包装,2024-06-15,2,0.9878270626068115
dd5f2e646f9bde86a75d4a3e,300213.SZ,佳讯飞鸿,2024-06-30,1,0.9331914186477661
5740909007cb9b992781a248,601099.SH,太平洋,2024-06-30,1,0.9556703567504883
96a7508f7c8cdfa8da644f6d,601186.SH,中国铁建,2024-06-30,1,0.9140063524246216
de19747e2cc97d28a035ceb9,601390.SH,中国中铁,2024-06-30,1,0.9253381490707397
dd19405cab48a1b364713d52,601601.SH,中国太保,2024-06-30,1,0.9915450215339661
606b25dbadf5fea297f5f6e1,601866.SH,中远海发,2024-06-30,1,0.999405026435852
aee7b07b49d60c5a1ea21e35,601898.SH,中煤能源,2024-06-30,1,1.0065094232559204
2002b96447a7f31f6a4f4166,601899.SH,紫金矿业,2024-04-05,2,1.0113447904586792
60f88c3ae53e0667e760fec6,601918.SH,新集能源,2024-06-15,1,1.0095138549804688
0f5b981382769ee0837ca518,601958.SH,金钼股份,2024-06-30,2,0.965981662273407
49e91414243dc9e9d1528386,601999.SH,出版传媒,2024-04-05,1,0.9760497212409973
490e6622df4b199cc79c98ae,002229.SZ,鸿博股份,2024-06-15,1,0.9843356013298035
7102a22a2d8b977bce9715a3,002230.SZ,科大讯飞,2024-06-30,1,0.9026529788970947
956cae4d35652da6c5d3a60d,002232.SZ,启明信息,2024-06-15,1,0.9756157994270325
4ea06b8f207cb47ddf05ce60,002233.SZ,塔牌集团,2024-06-30,2,0.979749858379364
3f547f9bb0df7e5f68d058d1,002234.SZ,民和股份,2024-06-15,3,0.9870181679725647
3a983a00732a0cc17c2dbaa5,002235.SZ,安妮股份,2024-06-30,1,0.9847316145896912
4354b6ece60a88a3330aaa2c,002236.SZ,大华股份,2024-03-25,1,0.9585822820663452
3c70505797432f11815cef34,002237.SZ,恒邦股份,2024-06-15,2,1.002108097076416
2f0a80d45415439ddaf5e96d,002238.SZ,天威视讯,2024-06-30,1,0.9312185645103455
8b621618eda1b01c9dcd2cf5,002239.SZ,奥特佳,2024-06-15,4,0.8730533123016357
9e7cdb4958d2e4768fe1c8df,002240.SZ,盛新锂能,2024-06-30,2,0.9552186131477356
cf65fc458837890c381c1a43,002241.SZ,歌尔股份,2024-06-30,4,0.8316076993942261
6ccc534b82ba883a91e385f0,002242.SZ,九阳股份,2024-06-15,1,1.0154523849487305
aa6b24f98fc0445e00640aea,002243.SZ,力合科创,2024-06-15,1,0.9410037398338318
fe27c3d9d43364391dacf793,002244.SZ,滨江集团,2024-06-15,5,0.5105828642845154
dd7adc74ca1a02e272c76091,002245.SZ,蔚蓝锂芯,2024-06-30,0,0.8153179883956909
20cf5e4877749a69d9f023d4,002246.SZ,北化股份,2024-06-15,2,0.9164749383926392
cf91945fe43553d8c50d28f2,002247.SZ,聚力文化,2024-06-15,2,0.9571790099143982
72068f6996e65b7cd9baf765,002248.SZ,华东数控,2024-06-15,4,1.0073844194412231
d78b0163620bdae36455bc69,002249.SZ,大洋电机,2024-06-15,0,0.7277979850769043
d6051ea01346ca0a06271755,002250.SZ,联化科技,2024-06-30,2,0.8973875045776367
071c883858a3ea51468cbce1,002251.SZ,步步高,2024-06-30,1,0.989840567111969
649dd8c59bc4f6723566b948,002252.SZ,上海莱士,2024-06-15,3,0.8170804381370544
7b4c3413f46e611f4273b54c,002253.SZ,*ST智胜,2024-06-30,4,0.9657893180847168
46b70825d7357a46b2c3a668,002255.SZ,海陆重工,2024-06-15,0,0.9342238903045654
8d3e47dd604f4522024b901b,002256.SZ,兆新股份,2024-06-30,2,0.9925498962402344
33799ec25bbcf7ea9ea49871,002258.SZ,利尔化学,2024-06-30,3,0.9684869050979614
2628e578fd2f3df734fe807a,002259.SZ,升达林业,2024-06-30,1,0.9624935388565063
18a217580d069f1da0719adb,002261.SZ,拓维信息,2024-06-30,1,0.9149685502052307
a799261f60f3d51c86439f96,002262.SZ,恩华药业,2024-06-30,3,0.7754963040351868
5fa24a8b4a8f1c1640b7be68,002263.SZ,大东南,2024-06-15,2,0.919567883014679
4856feaa69ea3351485ca12d,002264.SZ,新华都,2024-06-30,1,1.010359764099121
700d111f41cee992aa053380,002265.SZ,建设工业,2024-06-15,2,1.0287202596664429
d299813fdfcfcc277a1c9113,002266.SZ,浙富控股,2024-06-15,2,0.9463803768157959
e633500b17f6c784b4472750,002267.SZ,陕天然气,2024-04-05,1,1.0013548135757446
09aba4c0f65ab39e483c62d2,002268.SZ,电科网安,2024-06-30,1,0.973795473575592
8482079415ef4fd5aad5d771,002269.SZ,美邦服饰,2024-06-30,1,0.9630230069160461
11442998292ec7b183a153ef,002270.SZ,华明装备,2024-06-15,0,0.7474821209907532
f834f3e6b294beb8ab804cd4,002271.SZ,东方雨虹,2024-06-30,1,1.0136463642120361
636a443c767a1d724fe6e79b,002272.SZ,川润股份,2024-06-15,4,0.9497984647750854
42a837ce1a3ab65822f377bd,002273.SZ,水晶光电,2024-06-15,4,0.8017765879631042
e9c153d8528611bb7f4b6b09,002274.SZ,华昌化工,2024-06-15,2,0.9523483514785767
4ded7fa880fbb2ffe102f7a2,002275.SZ,桂林三金,2024-06-15,3,0.9135115742683411
b80f3f3e79ea32f36d98e628,002276.SZ,万马股份,2024-06-15,0,0.7346217036247253
13b970fc569a1776f84e59bd,002282.SZ,博深股份,2024-06-30,4,0.9689855575561523
06fe4018d9f04740b54ab842,002396.SZ,星网锐捷,2024-06-15,1,0.9873478412628174
a0ddbcc4e725d942ed1b9c54,601107.SH,四川成渝,2024-06-30,1,0.9570831656455994
30a8156c9ec7e26da8cd2a53,601668.SH,中国建筑,2024-06-30,1,0.9037857055664062
1fc45a75804b9fcf8596c815,601766.SH,中国中车,2024-06-30,1,1.0002204179763794
c0b10c8cd39e5acd0f15018e,601788.SH,光大证券,2024-06-30,1,0.9240964651107788
5d629b7b5cbca14e135e4c72,002277.SZ,友阿股份,2024-06-30,1,0.9540479779243469
34eb2fb621deac0219aa4baa,002278.SZ,神开股份,2024-06-15,1,1.0295313596725464
73fd9343984e79f6774bbdb8,002281.SZ,光迅科技,2024-06-30,4,0.9356293082237244
0a0df97912a8f04fffbf21e1,002283.SZ,天润工业,2024-06-15,4,0.8816725015640259
5fd543a4d155c848322c9171,002284.SZ,亚太股份,2024-06-30,4,0.837934672832489
8e07ef36c18f0a6441c95a12,002285.SZ,世联行,2024-06-30,1,0.9725795388221741
900307715119f904d6804fab,002286.SZ,保龄宝,2024-03-25,3,0.8953206539154053
3dab8e46e0bc14b9bdc033e9,002287.SZ,奇正藏药,2024-06-30,3,0.9316743612289429
79d3ca74a971055f02a406af,002289.SZ,*ST宇顺,2024-06-30,4,0.9203291535377502
7cc05862f0880e52c6c8c712,002290.SZ,禾盛新材,2024-06-15,2,0.9425047039985657
36306df50254346b626e6079,002291.SZ,遥望科技,2024-06-30,1,0.945221483707428
ba9b7854293942ac59c2ac6b,002292.SZ,奥飞娱乐,2024-06-30,1,0.9743024110794067
f44a3167bb6ae7177c6b4bef,002293.SZ,罗莱生活,2024-06-30,1,0.9945550560951233
6c8985743aa001e8bb50b7c3,002294.SZ,信立泰,2024-06-30,3,0.8133458495140076
098cd69310b83501ff318005,002295.SZ,精艺股份,2024-06-30,2,0.9762821197509766
a4d07eeb9f36d2162ff48253,002296.SZ,辉煌科技,2024-06-15,1,1.0095795392990112
38575605c4506ee83464315d,002297.SZ,博云新材,2024-06-30,2,0.9770523905754089
6229fd5437b7234cc04fcac4,002298.SZ,中电鑫龙,2024-06-30,1,0.9185588955879211
045fc90713692e56c9dee9f2,002299.SZ,圣农发展,2024-06-15,3,1.0005977153778076
6a393de9b0c6a7c73500eae7,002300.SZ,太阳电缆,2024-06-15,0,0.8220272660255432
58e0f1673f06ac58fab4c6a1,002301.SZ,齐心集团,2024-06-30,1,0.9534754157066345
23fc0553ddec64caaed62c4d,002302.SZ,西部建设,2024-06-30,2,0.9989875555038452
a992beac541a86deacc4132e,002304.SZ,洋河股份,2024-06-30,1,0.9953637719154358
39e92ed3f46a850b03c5160b,002305.SZ,*ST南置,2024-06-15,1,1.0193822383880615
8a4b25bccb5a992754d08804,002306.SZ,*ST云网,2024-06-30,1,0.9825071692466736
88abf1bfed1cddf752c97807,002307.SZ,北新路桥,2024-06-15,1,0.9416160583496094
407266077c4f1dbc4de29610,002315.SZ,焦点科技,2024-06-15,1,0.9560808539390564
4cded7005f6108135958b459,002350.SZ,北京科锐,2024-06-15,0,0.8310004472732544
4d5a9d13a9a01f53e04c5752,002362.SZ,汉王科技,2024-06-15,1,0.9332514405250549
60a03f3e8dd923975f88204f,002365.SZ,永安药业,2024-06-15,3,0.9032284021377563
ee808e4d0bcd7c5c7964517a,002419.SZ,天虹股份,2024-03-15,1,0.9499841928482056
e0626d2f10af5b193ce626e9,002438.SZ,江苏神通,2024-06-15,0,0.9628254771232605
7803d7899443eb773508bc73,002446.SZ,盛路通信,2024-06-15,4,1.011263132095337
a29246b6f8c96a306766b105,002448.SZ,中原内配,2024-06-15,4,0.920737087726593
f855dbd4c48ae66758c7ea07,002461.SZ,珠江啤酒,2024-03-15,1,1.016643762588501
ad57a24ddb2e68ca3ea50fdc,002467.SZ,二六三,2024-06-15,1,0.9106409549713135
e7e31ff1dee235872e69dc1f,002489.SZ,浙江永强,2024-06-15,2,0.9782569408416748
fae33641706b2a5f3f0333be,002490.SZ,山东墨龙,2024-06-15,2,0.9831031560897827
411d6a176200b20c9d10d1bc,002506.SZ,协鑫集成,2024-06-30,0,0.8023210763931274
00d882a542c899dc4e957a47,002599.SZ,盛通股份,2024-06-30,1,0.9699162840843201
5b9bee86f1a9221c3b9c7b01,300002.SZ,神州泰岳,2024-06-15,1,0.9290112257003784
c6aea3960fd828aa363c9af7,300353.SZ,东土科技,2024-06-15,4,0.9853920340538025
05603407596bc822dc36b737,300370.SZ,安控科技,2024-06-15,4,0.9925284385681152
000821d668895aedab67f591,300444.SZ,双杰电气,2024-06-15,0,0.7707341909408569
8997bf65977bda222be83fbf,300445.SZ,康斯特,2024-06-15,4,0.9881119132041931
7177d709abdf318afd84f8a3,600999.SH,招商证券,2024-06-30,1,0.9313289523124695
3c60090b5cff13fb6e608a7e,601126.SH,四方股份,2024-06-30,0,0.8040503263473511
cc14cbe376e6a52402d8d4c7,601633.SH,长城汽车,2024-06-15,1,1.0058863162994385
f3034f0ef891a80797e7d841,601727.SH,上海电气,2024-04-05,0,0.7983366250991821
d7ec55b99f3b5a7266b2a00d,601888.SH,中国中免,2024-06-30,1,0.9869289398193359
85b7ff69c0f367a7348f6b99,002303.SZ,美盈森,2024-06-15,2,1.0109373331069946
d5bb55ded1b089f24d40666c,002309.SZ,中利集团,2024-06-15,0,0.7199306488037109
45eb5739a9c94329620cde21,002310.SZ,东方新能,2024-06-15,2,1.0308468341827393
0aa90d4c2f8cfd62e2a573fe,002311.SZ,海大集团,2024-06-15,1,0.9986703395843506
851f659c4909345afe9bbee8,002312.SZ,川发龙蟒,2024-06-30,2,0.9006445407867432
4582438430f9fbede53aaf7d,002313.SZ,日海智能,2024-06-15,1,0.9602145552635193
beefabeded7cc8cbe647cb53,002314.SZ,南山控股,2024-06-30,5,0.5582433342933655
ae017f1611de8d1c4a765ddc,002316.SZ,亚联发展,2024-06-15,1,0.9509308934211731
70a8e45fdceee40aafffbaeb,002317.SZ,众生药业,2024-06-15,3,0.8488506078720093
343e61cd0eb6d8cb893b588c,002318.SZ,久立特材,2024-06-15,2,0.9883936643600464
2b07f0b520759fc8633d36ce,002319.SZ,乐通股份,2024-06-30,2,0.9680370688438416
0562eceb69b4b2aaa03d877d,002320.SZ,海峡股份,2024-06-15,1,0.9736303687095642
16a39e9ba0eaeedf4c2f3d5e,002321.SZ,华英农业,2024-06-30,3,1.0096850395202637
28805e1c00696ddbeb9ee261,002327.SZ,富安娜,2024-06-30,1,1.0026262998580933
c8f50712a7730a08a1fab8bd,002328.SZ,新朋股份,2024-06-15,4,0.8667476177215576
f72001f4e630e805f8460f68,002331.SZ,皖通科技,2024-06-15,1,0.9126745462417603
a29fae20c29251c906375c16,002356.SZ,赫美集团,2024-06-15,1,0.9991013407707214
fb93798310ae4d6969012256,002474.SZ,榕基软件,2024-06-30,1,0.8893687725067139
c9e2bba9cdcdddc083b81e3d,002523.SZ,天桥起重,2024-06-15,2,0.989577054977417
34764953eaf267aca07a45f4,002756.SZ,永兴材料,2024-06-30,2,0.9205703139305115
835403514fe1e815a4b9255e,300001.SZ,特锐德,2024-06-30,1,0.9929020404815674
e7f66babfb518db2b7e8e88d,300003.SZ,乐普医疗,2024-06-30,3,0.9064452052116394
a0943a00acecb458cc158e45,300004.SZ,南风股份,2024-06-15,0,0.7848989963531494
ead6b9f9b9d653cf3ba9baa0,300005.SZ,探路者,2024-06-15,1,1.0024175643920898
02201e99def755ae609ea1fc,300006.SZ,莱美药业,2024-06-15,3,0.8397744297981262
f177e73aac245aa6713ad3a9,300007.SZ,汉威科技,2024-06-15,4,1.0293161869049072
fdc1cab623f0295b20071ef8,300008.SZ,天海防务,2024-06-15,1,1.0117498636245728
01144075c62a672bb992e9b4,300009.SZ,安科生物,2024-06-15,3,0.8289700150489807
93f1fe2860a0981226a80106,300010.SZ,豆神教育,2024-06-30,1,0.8643863797187805
4ddc7d5fc879faa051d630a6,300011.SZ,鼎汉技术,2024-06-30,4,1.0205107927322388
640644fbd436cac9b83e1776,300012.SZ,华测检测,2024-06-30,1,0.9314470887184143
16dcd8977a1f798681a6fe30,300013.SZ,新宁物流,2024-06-30,1,0.9827167391777039
c88113752efd68582344721b,300014.SZ,亿纬锂能,2024-06-30,0,0.8163135051727295
280a6ad7d33f58d7ca281efc,300015.SZ,爱尔眼科,2024-06-15,1,0.9412378668785095
d9f8a71a222dedefa05bf42c,300017.SZ,网宿科技,2024-06-15,1,0.9137380719184875
20e1411d648c26d1c8817c1b,300018.SZ,中元股份,2024-06-15,0,0.8693840503692627
593253770bf1afe7dc8d646d,300019.SZ,硅宝科技,2024-06-15,2,0.8863178491592407
b631c08f4903612e73cd77d8,300020.SZ,ST银江,2024-06-30,1,0.8583533763885498
d42a9ea6983bdf6779ac3e1d,300021.SZ,大禹节水,2024-06-15,1,0.9684189558029175
47a70660e19d8b0621877e6e,300022.SZ,吉峰科技,2024-06-15,1,0.994301974773407
636875fccae4ec4a2a5e8b27,300024.SZ,机器人,2024-06-15,4,0.9454556703567505
a34562346b57aa9dff853406,300026.SZ,红日药业,2024-06-15,3,0.8906849026679993
be4c738d823c47a57a772498,300027.SZ,华谊兄弟,2024-06-15,1,0.9473761916160583
ab79c4cd6da08c812fea9fd3,300033.SZ,同花顺,2024-06-15,1,0.8829547762870789
afb2e8bf922fae8aab10132c,300071.SZ,福石控股,2024-06-30,1,0.9325641989707947
fd6d7755ff34df6ee1c38e09,601117.SH,中国化学,2024-06-30,1,0.946969211101532
a12ba229879783edf153d1f7,601139.SH,深圳燃气,2024-06-30,1,0.9290745854377747
21fc3096bf0432ce6b791801,601618.SH,中国中冶,2024-06-30,1,0.9982497096061707
e4746883db2a0eff10ceda88,601801.SH,皖新传媒,2024-06-30,1,0.941970705986023
ed89e307978bc9b68db56b1e,601877.SH,正泰电器,2024-06-30,0,0.8708758354187012
f03ffc48e5977d7e3c179982,002322.SZ,理工能科,2024-06-15,1,0.9638615250587463
217b697356deaf41221fdfb8,002323.SZ,雅博股份,2024-06-15,2,0.9981998801231384
8ab8de27ce4af47770720fc5,002324.SZ,普利特,2024-06-15,2,0.9247912168502808
6e144370f1bbfe158dc8f669,002326.SZ,永太科技,2024-06-15,2,0.8721208572387695
b31f9aaed75b337894ca5fde,002329.SZ,皇氏集团,2024-06-30,1,0.9903502464294434
096e49ddcbfb1a125cd18b8b,002330.SZ,得利斯,2024-06-15,3,0.9413591027259827
ddf5b21da51a13c74c52f45a,002332.SZ,仙琚制药,2024-06-15,3,0.7632220387458801
c7af16dc400be3868befb049,002333.SZ,罗普斯金,2024-06-15,2,0.9570487141609192
b788d48243458bc9e369578c,002334.SZ,英威腾,2024-06-15,0,0.6981386542320251
48e5223272fa6cfebdf5a238,002335.SZ,科华数据,2024-06-15,0,0.851116955280304
b1cb16feb4146aa12a2f4682,002337.SZ,赛象科技,2024-06-15,2,1.0115188360214233
cd2e7d7e4f5f3a110c92c49d,002338.SZ,奥普光电,2024-06-15,4,1.003333568572998
a556ef046fe177ec30562b88,002339.SZ,积成电子,2024-06-15,0,0.9359772205352783
0744f15ecf45d42eb811b212,002340.SZ,格林美,2024-06-15,2,0.9507462978363037
41663469be6cf99b560093d2,002342.SZ,巨力索具,2024-06-15,2,0.9869553446769714
5c9f56bfa60dd85d45d73279,002343.SZ,慈文传媒,2024-06-30,1,0.9686310887336731
21f10c28d41b5a918853a756,002344.SZ,海宁皮城,2024-06-15,1,1.0131644010543823
466554d4efcc91751173dc4f,002345.SZ,潮宏基,2024-06-15,1,0.970043420791626
496061f77a1a1cb916e31f7e,002346.SZ,柘中股份,2024-06-30,2,1.009799838066101
ba0428da84455af9fefafdd4,002347.SZ,泰尔股份,2024-06-30,4,0.9458782076835632
665c0466b515281f05643a7d,002348.SZ,高乐股份,2024-06-15,2,1.003669023513794
bdbdae39feb70d26160078af,002349.SZ,精华制药,2024-06-15,3,0.8509784936904907
cbdd773456e005f79d92a709,002351.SZ,漫步者,2024-06-15,1,1.002238154411316
8aedda705f1a314bccf20e75,002352.SZ,顺丰控股,2024-06-15,1,0.9232864379882812
7df0ea50d70a524a5bccbdde,002353.SZ,杰瑞股份,2024-06-15,1,1.0305246114730835
325aedcfa17ca8727dc03cd2,002354.SZ,天娱数科,2024-06-15,1,0.9372079968452454
58e45034bf4be2d2a0577c1a,002355.SZ,兴民智通,2024-06-15,4,0.9638345837593079
e385dbca3fd7a92c10451cd8,002357.SZ,富临运业,2024-06-15,1,0.9829354882240295
cff05b741a1c83d876be0627,002358.SZ,森源电气,2024-06-15,0,0.8548553586006165
3861fe7f2a8181176fb338f4,002370.SZ,亚太药业,2024-06-15,3,0.7824477553367615
dbb174bb2abafb923e27f042,002375.SZ,亚厦股份,2024-06-15,1,0.9676914811134338
7721a5ee9fd0a6ccecd255fe,002381.SZ,双箭股份,2024-06-15,2,0.975193440914154
7c502d5d52542a7fb7a9c70d,002455.SZ,百川股份,2024-06-30,2,0.8277302384376526
cbdcc45bdb3dfc5e47a24251,002538.SZ,ST司尔特,2024-06-15,2,0.9811406135559082
eba0dd1a20285cedef93965a,002549.SZ,凯美特气,2024-06-15,2,0.9571954011917114
a7159030ee9dd95c2338989e,002561.SZ,徐家汇,2024-06-30,1,0.943550169467926
1ec6cef5c1f2e4e7e535eeec,002591.SZ,恒大高新,2024-06-30,2,0.9808275103569031
7921f8357ddccc8ab20c3811,300025.SZ,华星创业,2024-06-15,1,0.9119418859481812
980842f60b8a4cdf482da262,300029.SZ,*ST天龙,2024-06-30,4,0.963229238986969
4f517ac2c3e8a6436ddfaadc,300030.SZ,阳普医疗,2024-06-15,3,0.9150240421295166
eb9b43fc4fb058ad6c76ed4c,300031.SZ,宝通科技,2024-06-30,0,0.9997705221176147
84825d72bef8a0010d55c3cc,300032.SZ,金龙机电,2024-06-15,4,0.7714908719062805
d01850351b1b8911a9416a62,300034.SZ,钢研高纳,2024-06-15,2,0.967025637626648
0bd1f7e44cf83bfcd4c0dd44,300035.SZ,中科电气,2024-06-15,0,0.818804144859314
f4f221accc04154d38065c9b,300036.SZ,超图软件,2024-06-15,1,0.8798838257789612
7a10f476e941b403849ac88a,300037.SZ,新宙邦,2024-06-15,2,0.8826863765716553
10a8469b8e9e2b735683796b,300041.SZ,回天新材,2024-06-30,2,0.882536768913269
934deee022e4283fb81d4cb4,300139.SZ,晓程科技,2024-06-15,1,1.0228623151779175
36c59fd998a130a36f97ba73,300247.SZ,融捷健康,2024-06-15,3,0.9805415272712708
34c0df87acf10c8231786f65,601678.SH,滨化股份,2024-06-15,2,0.8725864887237549
9b1618e8e97091c05e671ef3,002360.SZ,同德化工,2024-06-15,2,0.9870118498802185
5a5db91deeeb09d14f33a8a8,002361.SZ,神剑股份,2024-06-15,2,0.8528112769126892
00e5ba606a3627bb21dc391c,002363.SZ,隆基机械,2024-06-15,4,0.9151837825775146
1e30a32395d2a7b08f8940cf,002364.SZ,中恒电气,2024-06-15,0,0.7641326785087585
fda508883fe2ec55e51bbed4,002366.SZ,融发核电,2024-06-15,0,0.98750901222229
8263d3373f9adb72177fdbe6,002367.SZ,康力电梯,2024-06-15,1,1.0064698457717896
6dd6fab37a37a22b873bfac5,002368.SZ,太极股份,2024-06-15,1,0.8807055354118347
1ba94eea23fd8eb5db4eedfa,002369.SZ,卓翼科技,2024-06-15,4,0.9157437682151794
e02d01378ca38486b229f4cc,002371.SZ,北方华创,2024-06-15,4,0.8890033960342407
88f16df4a7994290a61b945a,002372.SZ,伟星新材,2024-06-30,2,0.9976900815963745
0dfbadbcf9a6013e223c5352,002373.SZ,千方科技,2024-06-15,1,0.9110845923423767
399893d23a0e042c487cc13d,002374.SZ,中锐股份,2024-06-30,2,0.9443997144699097
6e0a9ed6419acd6578be3fea,002376.SZ,新北洋,2024-06-15,1,0.9977174401283264
4ecc8924aba122aecbdce4da,002377.SZ,国创高新,2024-06-15,2,0.9785246253013611
8a0d26cafa0586565df0faa7,002378.SZ,章源钨业,2024-06-15,2,0.9599094986915588
5d385099b090ea253eeb7a77,002379.SZ,宏桥控股,2024-06-15,1,1.007641077041626
8ee272ccd3a2f923d712a7a4,002380.SZ,科远智慧,2024-06-15,1,0.9840700626373291
a572c114fd0d8388e54cd4ee,002382.SZ,蓝帆医疗,2024-06-15,3,0.9106466770172119
4bde90534644886eff25a1a3,002383.SZ,合众思壮,2024-06-15,1,0.9674783945083618
a4cb4440c07a79bc2194fa27,002384.SZ,东山精密,2024-06-15,4,0.7860484719276428
9a9ac3d7e71f0404889ed208,002385.SZ,大北农,2024-06-15,1,1.0152909755706787
15deb081d41243dc24647f6a,002386.SZ,天原股份,2024-06-15,2,0.8795091509819031
62b354badefe0723a48f8190,002392.SZ,北京利尔,2024-06-15,2,0.9618906378746033
c138ce70a3b31650338aac36,002393.SZ,力生制药,2024-06-15,3,0.8493738770484924
09dcadc1a5626f270e7685e1,002394.SZ,联发股份,2024-06-30,2,0.9515209794044495
2065956883d75c5f197ccd55,002397.SZ,梦洁股份,2024-06-15,1,1.0086275339126587
4c8c2b959bae88eb1b378927,002421.SZ,达实智能,2024-06-30,1,0.9210866093635559
1bc199635a5ab0ee6f49b1d8,002566.SZ,益盛药业,2024-06-15,3,0.9072175025939941
1af86a157235ba0dec4867bf,002630.SZ,ST华西,2024-06-15,1,0.9429633617401123
3455e8b2241441cb7d847aa9,300039.SZ,上海凯宝,2024-06-15,3,0.8612394332885742
430b1debb0bd035ce514816a,300040.SZ,九洲集团,2024-06-15,1,1.0291606187820435
7f76a34d92ff72eda6b14b44,300042.SZ,朗科科技,2024-06-15,4,1.0015441179275513
d01c0103d092bc72293b41a8,300043.SZ,星辉娱乐,2024-06-15,1,0.9628533720970154
d6bfc8893da0655f67a7d33b,300044.SZ,ST赛为,2024-06-15,1,0.9335941672325134
7041f65d9913224ba07650c5,300045.SZ,华力创通,2024-06-15,1,1.0071531534194946
11940db3d63f05162c05211d,300046.SZ,台基股份,2024-06-15,4,0.8742802143096924
95335389a9b0ec9ec0a4900b,300047.SZ,天源迪科,2024-06-15,1,0.898171603679657
6503663eb101dbfe219b1d68,300048.SZ,合康新能,2024-06-15,0,0.7105733156204224
43418fe06c4aba66de890a2c,300049.SZ,福瑞股份,2024-06-30,3,0.9864183068275452
60eb7d83f81eaed1957e10a9,300050.SZ,世纪鼎利,2024-06-15,1,0.9218340516090393
7c35245dfe9d1630bbfc6182,300051.SZ,琏升科技,2024-06-30,2,1.0059878826141357
5b7b1dcf3a7252487f1f83d7,300052.SZ,ST中青宝,2024-06-30,1,0.9292975068092346
db2012dc6dccdc450afeec0c,300054.SZ,鼎龙股份,2024-06-15,4,0.9021865725517273
6d01261acadd3a14dd0727ed,300264.SZ,佳创视讯,2024-06-15,1,0.9177568554878235
196bb509ea6b301680c77f50,300277.SZ,汽轮科技,2024-06-15,0,0.9483556747436523
1bdf4d4d851913f664d87e7c,601058.SH,赛轮轮胎,2024-06-15,2,0.9407695531845093
073f2ce33da45fb7de9ca74c,601106.SH,中国一重,2024-06-15,2,0.9965848326683044
5a8703587bff96c94d7283c0,601179.SH,中国西电,2024-06-15,0,0.8831668496131897
098ed204c25fb1e343cc1eb0,601688.SH,华泰证券,2024-06-30,1,0.9220195412635803
01ecb9331fbe65fe7cc1842e,603199.SH,九华旅游,2024-04-05,1,0.9595207571983337
34a35e6ce4e581d9dd038a38,002387.SZ,维信诺,2024-06-15,4,0.8027872443199158
4433724ea5faac3dc6ea7fb1,002388.SZ,新亚制程,2024-06-15,4,0.7824763655662537
99a4484b19c0f274b6ef6b66,002389.SZ,航天彩虹,2024-06-15,1,1.0104775428771973
7839396e4d8d76f44810cc24,002390.SZ,信邦制药,2024-06-15,3,0.9734982848167419
454a1a49b97a44af40bec10c,002391.SZ,长青股份,2024-06-15,3,0.9480643272399902
812d63e3da34aa662abbf16d,002395.SZ,双象股份,2024-06-15,2,0.9133686423301697
81535ef6de171efb5ab3d231,002398.SZ,垒知集团,2024-06-15,2,1.0214576721191406
d63dd9e5aaa3f17524529c2f,002399.SZ,海普瑞,2024-06-15,3,0.7891975045204163
93d124f68592535779deb53e,002400.SZ,省广集团,2024-06-15,1,0.9269553422927856
24840ea10514ecfd82f92d7e,002401.SZ,中远海科,2024-06-15,1,0.8811776041984558
2ca3eb4539659286914e8fda,002402.SZ,和而泰,2024-06-30,4,0.836682140827179
e643ad6f96deaa90fcfb70df,002403.SZ,爱仕达,2024-06-15,2,0.9848920702934265
1a8e8e009feadd4577be2c9e,002404.SZ,嘉欣丝绸,2024-06-15,2,0.9838759899139404
574e2663871231a8db8f82f7,002405.SZ,四维图新,2024-06-30,1,0.9166660308837891
bc6bc1ba3498dc2ce412d341,002406.SZ,远东传动,2024-03-15,4,0.9471482038497925
c1c4f05dfe629b892bc94579,002407.SZ,多氟多,2024-06-15,2,0.8952535390853882
2a5b7d0baceedef6194200fa,002408.SZ,齐翔腾达,2024-06-30,2,0.8560707569122314
5d30d01c4a886df109fcbf85,002409.SZ,雅克科技,2024-06-30,4,0.9270324110984802
e32da640d6ec29b0267e0081,002410.SZ,广联达,2024-06-30,1,0.9100167751312256
e1a13f79fc1587102179c0df,002412.SZ,汉森制药,2024-03-25,3,0.8674156069755554
32ec669d4cbf4665d256b383,002413.SZ,雷科防务,2024-06-15,4,0.986321747303009
786eb142991c41cdac532c4c,002414.SZ,高德红外,2024-06-30,4,0.9652413725852966
44dd24d9a2a7fac1e243eaa7,002415.SZ,海康威视,2024-03-15,1,0.9801921248435974
706e54161f5480f3b737d339,002416.SZ,爱施德,2024-03-15,1,1.008056402206421
120e20eda2c200ba23081024,002418.SZ,康盛股份,2024-06-30,4,0.9370772838592529
e21c48e0f8b942553765af2b,002420.SZ,毅昌科技,2024-06-15,4,0.9369910359382629
4e02b52a517ff594efeb326f,002422.SZ,科伦药业,2024-06-15,3,0.7951855659484863
336d13913d9e28bb0acfebeb,002423.SZ,中粮资本,2024-06-30,1,0.9780600070953369
0a11aefae3ff7b28d6b638d6,002425.SZ,凯撒文化,2024-06-15,1,0.9183059334754944
c2bce0f03290651377d9dd91,002428.SZ,云南锗业,2024-06-15,2,0.987187922000885
f1005a199a8d758b71779107,002442.SZ,龙星科技,2024-06-15,2,0.8722229599952698
967db1e2e8937cb6222fa916,002808.SZ,*ST恒久,2024-06-30,4,0.9650446176528931
70ca6a59b40db3c11076f9a2,300053.SZ,航宇微,2024-06-15,4,0.9717398881912231
1931c6e11845162169325fe2,300055.SZ,万邦达,2024-06-15,1,1.0095187425613403
e6da7b9ab3362e2e15e3d3e8,300056.SZ,中创环保,2024-06-15,2,0.9470167756080627
01c9754522627d63c32c94b8,300057.SZ,万顺新材,2024-06-15,2,0.9571130871772766
9c2a4e9e8db22c7305575cf8,300058.SZ,蓝色光标,2024-06-30,1,0.9305521845817566
ffcdb4559e9d5c7ff64148de,300059.SZ,东方财富,2024-06-30,1,0.9365886449813843
ce1051261e8727a1f65ddd2a,300061.SZ,旗天科技,2024-06-30,1,0.9128681421279907
8b3e0d0be8e9c1988a9176d5,300062.SZ,中能电气,2024-06-15,0,0.8414018750190735
01f47d069a2db003d9b8491f,300063.SZ,天龙集团,2024-06-15,2,0.9742737412452698
bcae2aee0f2fa7590519cbcc,300065.SZ,海兰信,2024-06-15,1,1.0182517766952515
a200ef8f942a52e6396e5f60,300066.SZ,三川智慧,2024-06-15,1,0.9831448197364807
bda93dcf446ffa801d02a4c4,300068.SZ,南都电源,2024-06-15,0,0.8520786762237549
f2f17cbc1b4f04279dc2dba9,300087.SZ,荃银高科,2024-06-15,1,1.0126707553863525
b1ebfc55789efb0c4ed3a97d,300098.SZ,高新兴,2024-06-30,1,1.0137112140655518
cc97d5f9e9770a8da38e88e3,601010.SH,文峰股份,2024-03-15,1,0.9567857980728149
ffc741a774d32f7272db0fc6,601101.SH,昊华能源,2024-06-30,1,1.0035641193389893
a7a8c67cb6b1682c9f04fbb5,601158.SH,重庆水务,2024-04-05,1,0.9686552882194519
6152b96e01603fefc8ad5a97,601369.SH,陕鼓动力,2024-06-15,2,1.011509895324707
f462b14d21bccdf14b25653a,002424.SZ,ST百灵,2024-03-15,3,0.9268078804016113
206234dacc3936f64f91f6af,002426.SZ,胜利精密,2024-06-30,4,0.8025813102722168
b42a213d3aab75cd52b4364c,002427.SZ,尤夫股份,2024-06-30,2,0.9293509721755981
41f286502d441fdd93281885,002429.SZ,兆驰股份,2024-06-30,4,0.9922938346862793
778c6ce83c17820dc89320ef,002430.SZ,杭氧股份,2024-06-15,2,1.0015151500701904
def16c67f362cd709b3c5e0f,002431.SZ,棕榈股份,2024-06-15,1,0.922637403011322
1d86e8a0986583848204bb6f,002432.SZ,九安医疗,2024-03-15,3,0.9649965763092041
2914cee9a582db38eefd8d2a,002434.SZ,万里扬,2024-06-15,4,0.8242709040641785
b21a04f962b020eac1c551cb,002436.SZ,兴森科技,2024-06-15,4,0.805275559425354
ee0ea6210b0a47943d48cc0e,002437.SZ,誉衡药业,2024-06-15,3,0.8974087834358215
86bca748875aede95cfb1ffc,002439.SZ,启明星辰,2024-06-15,1,0.8990837931632996
4430d76ca0f2815ed2334fdb,002440.SZ,闰土股份,2024-06-15,2,0.9424962401390076
f735443602ac9fa9b65b63c2,002441.SZ,众业达,2024-03-25,0,0.9424182176589966
090202a7e62c8515830d2385,002443.SZ,金洲管道,2024-06-15,2,0.9802147746086121
10953fc398e1e81ec1e7561d,002444.SZ,巨星科技,2024-06-15,2,1.0274828672409058
391e21022da353e88fcd145e,002445.SZ,中南文化,2024-06-15,2,0.9819076061248779
c58e0feca560820debd1cd34,002449.SZ,国星光电,2024-06-15,4,0.8432518839836121
dad5ed0c2077b855b75c34fc,002456.SZ,欧菲光,2024-06-30,4,0.8054295778274536
779ff560c74d29533a56b059,002459.SZ,晶澳科技,2024-06-30,0,0.9342361092567444
d1188cd8e4b37884581fa69f,002466.SZ,天齐锂业,2024-03-15,2,0.9581695795059204
a8f8e384f2a80223ceef739b,002469.SZ,三维化学,2024-06-30,2,0.860969603061676
ae0feb61d7cfd753d2aa1afa,002492.SZ,恒基达鑫,2024-06-30,1,0.965192973613739
80f7f62637ce89c90facc9ca,002613.SZ,北玻股份,2024-06-15,4,0.9514041543006897
50c58bf97f525257c9df8984,002622.SZ,皓宸医疗,2024-06-15,1,0.9642741084098816
de89e0575392d16eaae70b24,002644.SZ,佛慈制药,2024-06-15,3,0.9300523400306702
3c049b1c951be9b86bcdd61b,300067.SZ,安诺其,2024-06-15,2,0.9606456756591797
2b9818df91918b94f00e9999,300069.SZ,金利华电,2024-06-15,0,0.9129332304000854
2f2d78b98a85f43ae80c3e8e,300070.SZ,碧水源,2024-06-15,1,0.9905747175216675
bc7f3417962a67983b25a4ed,300072.SZ,海新能科,2024-06-15,2,0.9210239052772522
6de5f0f5fdf2e7904c2b5574,300073.SZ,当升科技,2024-06-15,0,0.8201709389686584
22d2c7d3f7240899079bda1c,300074.SZ,华平股份,2024-06-15,1,0.9202238917350769
e54d6627dfff5986ebdd7a1b,300075.SZ,数字政通,2024-06-15,1,0.8689903020858765
06115a376149ff6546a34968,300076.SZ,GQY视讯,2024-06-15,1,0.9538046717643738
5f6f0f09658dd4aab22873f1,300077.SZ,国民技术,2024-06-15,4,0.8899106979370117
c64c4bed8453ef5c18879358,300078.SZ,思创智联,2024-06-15,1,1.0124247074127197
9b3f8b13d3cbbc6a304a89f9,300079.SZ,数码视讯,2024-06-15,1,0.9447050094604492
51299700db316a72c4217514,300080.SZ,易成新能,2024-06-30,0,0.8741776943206787
a89bfd48a1282b31a1014f43,300082.SZ,奥克股份,2024-06-30,2,0.8882653117179871
a0c8b4340a923cdc08d26f29,300083.SZ,创世纪,2024-06-15,4,0.9689233899116516
3eb8b23060c648b9871ce625,300084.SZ,海默科技,2024-06-15,4,1.0266990661621094
0cfa34035aa35e2cbad6ae36,300086.SZ,康芝药业,2024-06-15,3,0.90132075548172
15e077d73803d4127832d4f0,300101.SZ,振芯科技,2024-06-15,4,0.9990938305854797
fc48783b3df8db1b92ce3779,300105.SZ,龙源技术,2024-06-15,1,1.0089186429977417
8ba00121a8341f1ab2439e7e,300235.SZ,方直科技,2024-06-15,1,0.8930492997169495
72976bc593dfda2c23c6ddc4,300238.SZ,冠昊生物,2024-06-15,3,0.9007434844970703
b217e448d380e34198fe2146,601012.SH,隆基绿能,2024-03-15,0,0.8893869519233704
616f5da098334ff608dd46a3,601118.SH,海南橡胶,2024-04-05,2,1.0088473558425903
8c0b723c36664ebb0db359e6,601188.SH,龙江交通,2024-06-15,1,0.9744725227355957
ff62ccc338086bfbcd8e7897,601518.SH,吉林高速,2024-06-30,1,1.0168249607086182
0ff84400f584795ce006ae44,603002.SH,宏昌电子,2024-06-15,2,0.8547013401985168
9c6d3e2d3efdc59839753f91,002451.SZ,摩恩电气,2024-06-30,0,0.808213472366333
8d102ac2be2b897742252aa7,002452.SZ,长高电新,2024-06-15,0,0.8483396172523499
f916aa8a7523fce73306c807,002453.SZ,华软科技,2024-06-15,1,0.9281351566314697
37512e04972854c3a98202a3,002454.SZ,松芝股份,2024-06-30,4,0.8661673665046692
b52cc35ffb6fc22781d76e5e,002457.SZ,青龙管业,2024-06-15,2,1.0160505771636963
23b1cc4a29de22f5a544835c,002458.SZ,益生股份,2024-03-15,3,0.9870314598083496
0069e9dd73888f5dee0ef42f,002460.SZ,赣锋锂业,2024-06-30,2,0.9694969058036804
cee0bee390f5658aa891963b,002462.SZ,嘉事堂,2024-06-30,1,0.9474912881851196
6d83e8b3b44ee52b8d8010af,002463.SZ,沪电股份,2024-03-15,4,0.8011550903320312
decce198308b7f59b869e569,002465.SZ,海格通信,2024-03-15,1,1.0027046203613281
5d33cc72a36122563e289aa4,002468.SZ,申通快递,2024-03-15,1,0.916805624961853
4411beae24ddacb33af29c97,002470.SZ,金正大,2024-06-15,3,0.9709044098854065
0c4942761106ad82fa0c5fec,002476.SZ,宝莫股份,2024-03-15,2,0.8734512329101562
2baf028dcb70bc849703c329,002484.SZ,江海股份,2024-03-25,4,0.811976432800293
878ee5cd1c95f7ca10242297,002496.SZ,*ST辉丰,2024-03-15,3,0.9648566842079163
c564722ccaf8a40edf487903,002529.SZ,*ST海源,2024-06-30,2,0.9449278712272644
9f03e3f9323ce95d4f054110,300081.SZ,ST恒信,2024-06-15,1,0.9522128701210022
08a6fd35ecbda12e158eb070,300085.SZ,银之杰,2024-06-15,1,0.9022889733314514
a4916df0a78212f43e2bc17d,300088.SZ,长信科技,2024-06-15,4,0.819037675857544
4ebd61dc9371ff3ce28356f4,300091.SZ,*ST金灵,2024-06-30,1,0.995150625705719
cd14135699ff14057a1bbdca,300092.SZ,科新机电,2024-06-15,2,0.9745316505432129
6b2c40c5267c1e7b4b3b0985,300093.SZ,*ST金刚,2024-06-30,2,0.9734225869178772
3b5d1b92d5c6693ad0d921ae,300094.SZ,国联水产,2024-06-15,1,1.0160986185073853
74e6e741a04822e18df8c25a,300095.SZ,华伍股份,2024-06-15,4,0.9240195155143738
b98eb645198f4d01ace122cf,300096.SZ,ST易联众,2024-06-15,1,0.8844560980796814
b4b91c728fca4bc18763105e,300097.SZ,智云股份,2024-06-15,4,0.8887946605682373
04e378f0f67c3710aa3c0f2e,300099.SZ,尤洛卡,2024-06-30,1,1.0048918724060059
6e21c6b4aa2eb622d6370877,300100.SZ,双林股份,2024-06-30,4,0.8176239132881165
6795579d00088d1c36439010,300102.SZ,乾照光电,2024-06-15,4,0.833380937576294
4707b06ec20457c105710a62,300103.SZ,达刚控股,2024-06-15,1,1.0034980773925781
3d4a4a160a5c4473d12c93ec,300106.SZ,西部牧业,2024-06-30,1,0.9910854697227478
1e8767f67a842d44e4c98282,300107.SZ,建新股份,2024-06-15,2,0.8929582834243774
338ee17257afe68066be5b89,300110.SZ,华仁药业,2024-06-15,3,0.7899325489997864
6c19c2ccd2ceecd574b7333a,300124.SZ,汇川技术,2024-03-15,4,0.8935194611549377
f8b037d988320cc66033a136,300126.SZ,锐奇股份,2024-06-15,2,1.0334936380386353
a10eeadbbcb188a668a10681,300152.SZ,ST新动力,2024-06-30,4,0.9824018478393555
b982f63bf17307b7f07529df,300173.SZ,ST福能,2024-06-30,1,1.006610631942749
b852f71a2fea0adc28087e90,300179.SZ,四方达,2024-06-15,2,0.9759926199913025
4e42e1a5cc927a38edb25619,300245.SZ,天玑科技,2024-06-15,1,0.8931061625480652
e467c9656bcc0ba5b0cb4dbc,300253.SZ,卫宁健康,2024-06-15,1,0.8848487138748169
09bf325f852f47b476e61f72,300272.SZ,开能健康,2024-06-15,1,1.0018903017044067
b381f6c679e20a0380242283,300305.SZ,裕兴股份,2024-06-30,2,0.9227576851844788
8023f18eef0ddf6bde6d9fa9,300321.SZ,同大股份,2024-06-15,2,0.918989360332489
4dd900898b60c2ff1c100106,601000.SH,唐山港,2024-06-30,1,0.9938735961914062
16e393f7ef9b6dcc03ee1562,601018.SH,宁波港,2024-04-05,1,0.9800930619239807
65d3c700cc665b2ce93d3e27,601177.SH,杭齿前进,2024-06-15,4,0.8990174531936646
a21eba2c42ffee4343a33f36,601288.SH,农业银行,2024-06-30,1,0.9223971366882324
a58cd7695a7fca7da16bc9c0,601377.SH,兴业证券,2024-03-15,1,0.9304490089416504
b30a4eae01b6df6634e3500d,601717.SH,中创智领,2024-06-15,1,1.0247089862823486
9ee82d45a4ab466182159bba,601718.SH,际华集团,2024-03-25,1,1.0019406080245972
0e2403ca844991f5a7254dac,002471.SZ,中超控股,2024-06-15,0,0.8682110905647278
2180e7c9c18113c2350e7011,002472.SZ,双环传动,2024-06-15,4,0.8462359309196472
8a2b7a1f96138b0cf395fbca,002475.SZ,立讯精密,2024-03-15,4,0.808487057685852
6d509fe6c73275493b8d2a71,002478.SZ,常宝股份,2024-06-15,2,0.9719962477684021
f53dd1f26a2102344afa04af,002479.SZ,富春环保,2024-06-30,1,0.9544470310211182
19ff6a3c58207f1b36eeb6ab,002480.SZ,新筑股份,2024-06-30,1,0.9891411662101746
9cd99904ab770cbc38a2c156,002481.SZ,双塔食品,2024-06-30,3,0.914145827293396
e46688c30c90b5445788fd2b,002482.SZ,广田集团,2024-06-30,1,0.9640712141990662
3e5f97d26bca36c3bf4b7ff9,002483.SZ,润邦股份,2024-06-15,1,1.0113269090652466
e058ace7ebf68bb20c8039f9,002485.SZ,ST雪发,2024-06-30,1,0.9586184620857239
ced3dc3bd522bc8e2f366c80,002486.SZ,嘉麟杰,2024-03-15,2,0.9729946851730347
f9efb15f181b64ef9f220b4f,002487.SZ,大金重工,2024-06-15,0,0.9006904363632202
f382b96356d3672268f90deb,002488.SZ,金固股份,2024-06-15,4,0.9201089143753052
716830853ecc37bab3c60295,002491.SZ,通鼎互联,2024-06-30,1,1.0199012756347656
86a74503ec08c0e7d8d0acc9,002493.SZ,荣盛石化,2024-06-30,2,0.9575358033180237
f857aee40b031f11cf2b65ad,002495.SZ,佳隆股份,2024-06-15,3,0.9354341626167297
166665c8de3b4621681993b7,002497.SZ,雅化集团,2024-06-15,2,0.9725821018218994
f4c5141cf002506a682cdb3f,002500.SZ,山西证券,2024-06-30,1,0.95127272605896
ae49aa98690c46d2512e4625,002518.SZ,科士达,2024-06-15,0,0.8024216890335083
be27db33cc5ec33cc9cae30a,002521.SZ,齐峰新材,2024-06-30,2,0.9472386240959167
37d24fa5e9091d67e512bb4e,002527.SZ,新时达,2024-06-30,4,0.947281539440155
2199bf5fc5acfd7338ce8b41,002530.SZ,金财互联,2024-06-30,4,0.9861500263214111
29d2c8221843b2f34058e6e5,002569.SZ,*ST步森,2024-06-30,1,0.972359836101532
b314f2469269ee2ee477efff,002595.SZ,豪迈科技,2024-06-15,4,0.9066656827926636
c59f060b5f02d0d14e00d33e,002614.SZ,奥佳华,2024-06-30,1,1.0044865608215332
5bfd637b24fa428db8d3e31d,002615.SZ,哈尔斯,2024-06-15,2,0.9872902631759644
60aafca9788def10c3dc704a,300109.SZ,新开源,2024-06-30,2,0.9450521469116211
0eff0533e3d658d01f2f222c,300111.SZ,向日葵,2024-06-30,3,0.9193232655525208
68f7fc8d543d81113185f697,300112.SZ,万讯自控,2024-06-15,4,0.9619052410125732
3dd133d3a2ab85ba26b261d0,300113.SZ,顺网科技,2024-06-30,1,0.9323096871376038
508655ff9690a671187ff2e1,300115.SZ,长盈精密,2024-06-15,4,0.7937337756156921
0d17ea0070b0f58ba2860f50,300118.SZ,东方日升,2024-06-30,0,0.7843177318572998
74edbb4cea22e6ddf48e0d7b,300119.SZ,瑞普生物,2024-06-15,3,0.9729819893836975
81f0aedc1c8c7c471906a61c,300120.SZ,经纬辉开,2024-06-15,4,0.908123791217804
0a3de6091d1b321c52f8c4a2,300121.SZ,阳谷华泰,2024-06-15,2,0.8512124419212341
ce539de53e3dabd4a13a0f49,300122.SZ,智飞生物,2024-06-30,3,0.8934493064880371
16884c9014d6bcbc97c63d26,300123.SZ,亚光科技,2024-06-15,4,0.9572497606277466
6d863f277dc4114354b8330c,300125.SZ,*ST聆达,2024-06-30,0,0.9221053123474121
c0727d09e8e186485f20361e,300127.SZ,银河磁体,2024-06-15,2,0.9794260263442993
8fbd149b06ca01404f994aa2,300128.SZ,锦富技术,2024-06-30,4,0.8181759715080261
61a165b5454ed2772c3f5af8,300129.SZ,泰胜风能,2024-06-30,0,0.841411828994751
1f560945262cb036f3b47b0b,300130.SZ,新国都,2024-06-15,1,0.945210337638855
4d1c5438a519f68e937c6d0f,300133.SZ,华策影视,2024-06-15,1,0.9591474533081055
58b1d5e6ff3ba331d4fa0222,300134.SZ,大富科技,2024-06-15,4,0.8986066579818726
44d37f67d115d99961c27c1a,300135.SZ,宝利国际,2024-06-15,2,0.991283118724823
9ca91e2770519c4c3bbafd05,300329.SZ,海伦钢琴,2024-06-15,1,1.0042600631713867
43626a59499856d2e1ad369e,302132.SZ,中航成飞,2024-06-15,1,1.0329152345657349
a5e26ba2d25df1de2a94784f,600998.SH,九州通,2024-03-25,1,0.9613325595855713
35302b6c8c2dbec43196e2be,601098.SH,中南传媒,2024-06-30,1,0.9603971838951111
06193d506c3dec0136427f25,601818.SH,光大银行,2024-06-30,1,0.9257894158363342
7232c3a0c121b8965f3d66a6,002494.SZ,华斯股份,2024-06-30,2,0.9840101003646851
52991655e3caf02a8ef0323f,002498.SZ,汉缆股份,2024-06-15,0,0.7430402040481567
dbd3706f9d5ceca5ec062ba5,002501.SZ,利源股份,2024-06-30,2,0.9836487770080566
ef404e5716f96e9b2e73bccb,002507.SZ,涪陵榨菜,2024-06-30,3,0.9639264941215515
822481cfe8ae8e9c4ddacb6a,002508.SZ,老板电器,2024-06-15,1,1.0090203285217285
769bcfd2fb79f4680cf34767,002510.SZ,天汽模,2024-06-30,4,0.9451890587806702
c18f21aac9c76f089919290a,002511.SZ,中顺洁柔,2024-06-30,1,0.9985777735710144
4ba02fa507d311dc504b7f01,002512.SZ,ST达华,2024-06-30,1,1.023614764213562
bb378b636af0e216cd868c2b,002513.SZ,蓝丰生化,2024-06-15,2,0.9888753294944763
7ddcdaa874096a0a1bb9cab2,002514.SZ,宝馨科技,2024-06-30,4,0.8495961427688599
7a19685d7254e7c985190165,002515.SZ,金字火腿,2024-06-30,3,0.936458945274353
949b254f759c258a551a5729,002516.SZ,旷达科技,2024-06-30,4,0.9259079098701477
723c254cd1849bd4ccee84d6,002517.SZ,恺英网络,2024-06-30,1,0.9193103909492493
2d2281c1b6f1355413de5832,002519.SZ,银河电子,2024-06-30,4,0.8783049583435059
64240eae7643cd6b7fd5ce9d,002520.SZ,日发精机,2024-06-30,4,0.9929602146148682
3e6a4d6fc1c0a9badcf292ac,002522.SZ,浙江众成,2024-06-15,2,0.9116026163101196
286f79558616d05e28082623,002547.SZ,春兴精工,2024-06-30,4,0.8179867267608643
2106f55a8ee3273d286cd71c,002554.SZ,惠博普,2024-06-30,1,1.0136691331863403
52b0c875e47635cc7245e918,002606.SZ,大连电瓷,2024-06-15,0,0.8389598727226257
09cc801d31cf3ba85bc4f037,002643.SZ,万润股份,2024-06-15,2,0.8613499999046326
8e5e4077bf0a26689dfa3b22,002738.SZ,中矿资源,2024-06-15,2,0.9589381814002991
97c8dd06281e93d3bcab839f,002743.SZ,富煌钢构,2024-06-15,2,1.0197263956069946
7a1db3832e3d7ece925e676f,002805.SZ,丰元股份,2024-06-15,0,0.8437896370887756
c3b3e222cd05c80a5e9b212f,002889.SZ,东方嘉盛,2024-06-30,1,0.9522031545639038
1490b769e907d5981aad0d37,300131.SZ,英唐智控,2024-06-30,4,0.9056231379508972
25314d05a68582b8662fffa7,300132.SZ,青松股份,2024-06-15,2,0.8960986137390137
604b6942eef09f3a0d0f4638,300136.SZ,信维通信,2024-06-30,4,0.7800573706626892
b6f2b3cb4056d6d5abe87347,300137.SZ,先河环保,2024-06-15,1,0.9823275208473206
9fd68ddb4401e24224be6419,300138.SZ,晨光生物,2024-06-15,3,0.9250405430793762
bedf48cd3e03effc2aacff76,300140.SZ,中潜股份,2024-06-30,4,0.9512324929237366
15b51f6874443ac973c40e9d,300141.SZ,和顺电气,2024-06-15,0,0.6912904381752014
d7661aaf8560ace509764a3e,300142.SZ,沃森生物,2024-06-30,3,0.9253567457199097
de8430ccf90d5d01013b7744,300143.SZ,盈康生命,2024-06-15,3,0.9216654896736145
3969487145ed14a91ef7fd48,300144.SZ,宋城演艺,2024-06-30,1,0.9640181064605713
5a5433e4609709f8411c720d,300145.SZ,南方泵业,2024-06-15,4,1.0088071823120117
cc9049f58130e5ec7c586bc5,300146.SZ,汤臣倍健,2024-06-30,3,0.9295529723167419
717a63f5d695198eff9021da,300148.SZ,天舟文化,2024-06-15,1,0.9618777632713318
f321a779869062c1ee485b7b,300149.SZ,睿智医药,2024-06-30,3,0.9154090881347656
05114cf0128df37d3d43136f,300151.SZ,昌红科技,2024-06-15,4,0.8465509414672852
16e6819a174d1167bb821855,300154.SZ,瑞凌股份,2024-06-15,4,0.8896769881248474
0ea7bd3d53df1ab15d75cee4,300155.SZ,安居宝,2024-06-15,1,0.9774942398071289
07ba9addee735b491b60afb6,300157.SZ,新锦动力,2024-06-15,1,1.0113831758499146
20d2e30230c3660623df7e7b,300158.SZ,振东制药,2024-06-15,3,0.8890752792358398
a7ecee293cd869923766e82e,300168.SZ,万达信息,2024-06-30,1,0.8682408928871155
930ebfa3857c68a04de0fb58,300331.SZ,苏大维格,2024-06-15,4,0.7878860831260681
f113eef7b2a839f13eb3f196,300401.SZ,花园生物,2024-06-15,3,0.873075544834137
3704e409e4a161bd65042421,601777.SH,千里科技,2024-06-15,1,1.023498773574829
c8d2508fb0f09c1a1df863fd,601880.SH,辽港股份,2024-06-30,1,0.9951538443565369
11856a89731ac5101541be69,601996.SH,丰林集团,2024-06-30,2,0.9639934301376343
e8a52a4fbc7d6eb1143df283,603167.SH,渤海轮渡,2024-06-15,1,0.9749555587768555
c89547e8c1bef06f77670b8a,002524.SZ,光正眼科,2024-06-15,1,0.952582597732544
10341e9f1fac7dc7760191e6,002526.SZ,山东矿机,2024-06-15,2,0.996677815914154
f54813baa7719282e35f366b,002528.SZ,ST英飞拓,2024-06-30,1,0.917296290397644
62165dfd7b09050e9dcff71c,002531.SZ,天顺风能,2024-06-30,0,0.8359277248382568
bd7777cd7f3288cebb34182e,002532.SZ,天山铝业,2024-06-30,2,0.9770705103874207
10d7facadbce22727a17cc7d,002533.SZ,金杯电工,2024-06-15,0,0.7851162552833557
0762d2cbd7ad853c287171e2,002534.SZ,西子洁能,2024-06-15,0,0.9696943163871765
91a796fe6218f264dfce844f,002535.SZ,林州重机,2024-06-15,2,1.0249110460281372
38a075e49f76b1a399ef4f52,002536.SZ,飞龙股份,2024-06-15,4,0.8910651206970215
871d30fac7c3821eaa7d64c1,002537.SZ,海联金汇,2024-06-30,1,0.9129563570022583
4c86a11fb77bbfe53d1e7c7c,002539.SZ,云图控股,2024-06-30,2,0.9616739749908447
6409be6ef7c36c07fc4547ee,002540.SZ,亚太科技,2024-06-15,2,0.9525575637817383
48cd7563f389b267fcbad173,002541.SZ,鸿路钢构,2024-06-30,2,1.0019303560256958
e417f8f4fc6ce111c72365db,002542.SZ,中化岩土,2024-06-30,1,0.9223698973655701
b672e196ad5322086b6d0670,002544.SZ,普天科技,2024-06-15,1,0.9520460963249207
5cac2fe2b4f14af3622272f1,002545.SZ,东方铁塔,2024-06-15,2,1.002049446105957
87e9f182a6595297ab262366,002550.SZ,千红制药,2024-06-15,3,0.7948176264762878
06b26b228750d709b903b1ce,002551.SZ,尚荣医疗,2024-06-30,1,0.9321901798248291
9af19e9fb1ca64cab031e311,002557.SZ,洽洽食品,2026-03-13,3,0.9585857391357422
5df34a4417e21cc7b03d6ba9,002567.SZ,唐人神,2024-06-15,1,0.9937741756439209
53a9ba66dae829d525d5935c,002570.SZ,贝因美,2024-06-30,1,0.9901214241981506
fec9e7f01eb9ef37c5ddace4,002609.SZ,捷顺科技,2024-06-15,1,0.9214721918106079
b2a2b22c27e1f28ab60a4b92,002702.SZ,海欣食品,2024-06-15,3,0.9523194432258606
79c0f9f586b38bb74c870859,300147.SZ,ST香雪,2024-06-30,3,0.9007052183151245
be5b76d90cfb0757df321129,300153.SZ,科泰电源,2024-06-15,0,0.7828893065452576
1722b16164ae6ee3122f79c8,300159.SZ,*ST新研,2024-06-30,2,1.012858271598816
db1db0279b072e59af805647,300160.SZ,秀强股份,2024-06-30,4,0.9389784932136536
d2bee1a2c18ca7e7b623dca8,300161.SZ,华中数控,2024-06-15,4,0.9971104860305786
7ddf5be1aee51493f463b660,300162.SZ,雷曼光电,2024-06-30,4,0.8642469048500061
521bcb0e7b83fffc6f47f37f,300163.SZ,先锋新材,2024-06-15,2,0.9032694697380066
e47bd6b7ab8634880ef43ada,300164.SZ,通源石油,2024-06-15,1,0.9974818229675293
acd19f5b38914021faaff662,300165.SZ,天瑞仪器,2024-06-15,4,0.9836869835853577
f5af17e2a0abe076fc6608f0,300166.SZ,东方国信,2024-06-30,1,0.8985493779182434
9138eadfc0c42aec87523abc,300167.SZ,ST迪威迅,2024-06-15,1,0.8893045783042908
822208dc4f8ae7f182137d6b,300169.SZ,天晟新材,2024-06-30,2,0.9120528697967529
6723e00c6a4de248086fe366,300170.SZ,汉得信息,2024-06-15,1,0.897031843662262
1485f533c32b3cb130eed152,300171.SZ,东富龙,2024-06-30,3,0.9495476484298706
b58fe8c4deb83a36bedbeee3,300172.SZ,中电环保,2024-06-30,1,0.986395001411438
0fc4f84814f6071b2f643648,300174.SZ,元力股份,2024-06-15,2,0.8516596555709839
03d48f66a670281ef511f01e,300175.SZ,ST朗源,2024-06-30,3,0.9338847994804382
bc63f9782ecb86553cde857c,300176.SZ,鸿特科技,2024-06-30,4,0.8113985061645508
d361f784053e234dbfd8bcb3,300177.SZ,中海达,2024-06-15,1,0.9969989657402039
39858d605fdeec1975e8e611,300180.SZ,华峰超纤,2024-06-30,2,0.9593304991722107
7c24a51cfab7fbdc2e38a0ff,300181.SZ,佐力药业,2024-06-30,3,0.8433607220649719
181e42031e7205813b1e4415,300191.SZ,潜能恒信,2024-06-30,1,0.9799491763114929
550cc03439d2cf78447738aa,300194.SZ,福安药业,2024-06-15,3,0.8426933884620667
b965ccc96bb737004351ed6e,300223.SZ,北京君正,2024-06-15,4,0.8688801527023315
1f382f91da28d0188002ca5e,601116.SH,三江购物,2024-06-15,1,0.9900801181793213
4fe233eae2ba6c5091513507,601890.SH,亚星锚链,2024-06-30,2,1.016303539276123
a694c67e8edd7a4515ea5620,601933.SH,永辉超市,2024-06-15,1,0.9880898594856262
19502b7c43542e9eb64d2b26,002543.SZ,万和电气,2024-06-15,1,1.0085192918777466
88d038ca1b8f0ea520ecd499,002546.SZ,新联电子,2024-06-30,0,0.8575177788734436
28c7456ae103e922deea2159,002548.SZ,金新农,2024-06-15,1,1.0061187744140625
864ee36dcdd01cd9e39513fe,002552.SZ,宝鼎科技,2024-06-30,4,0.8796887397766113
b374297baabf38b2f7487d1e,002553.SZ,南方精工,2024-06-15,4,0.8219738006591797
3432f0575124e58fcaa7f256,002555.SZ,三七互娱,2024-06-15,1,0.9346016049385071
85cd4d80d361aa08e6771115,002556.SZ,辉隆股份,2024-06-30,1,0.9738368988037109
636d385bc2cbfc545262a4a6,002558.SZ,巨人网络,2024-06-15,1,0.9267264008522034
93477a2cd882dbcc2a084b61,002559.SZ,亚威股份,2024-06-30,4,0.9670930504798889
bdc0c42ec8d35f18bca26634,002560.SZ,通达股份,2024-06-30,0,0.8882351517677307
04bf248689ec9aeb538e66ce,002563.SZ,森马服饰,2024-06-15,1,0.9675466418266296
1b5673af90488944cb287a2d,002565.SZ,顺灏股份,2024-06-30,2,0.9756424427032471
6866ee71f8b93cde0279c5b2,002577.SZ,雷柏科技,2024-06-15,1,1.0101683139801025
485667157d15b39f903189d4,002706.SZ,良信股份,2024-06-15,0,0.7076194286346436
950a9e2e885f8fd3d5544821,002769.SZ,普路通,2024-06-30,1,0.9505435824394226
7f592ce1e82bf1d04b4c13a1,300182.SZ,捷成股份,2024-06-15,1,0.9416513442993164
caa8eb036063a780e3cf406b,300183.SZ,东软载波,2024-06-30,4,1.0077037811279297
323102b8c89934350fea6f62,300184.SZ,力源信息,2024-06-30,4,0.9194168448448181
52e234e34d6f38e9d58db475,300185.SZ,通裕重工,2024-06-15,2,0.9738902449607849
bdac3f0b7a9f942720f0bc0b,300187.SZ,永清环保,2024-06-15,1,0.9793633818626404
427586daa38f1a0e5cfe4584,300188.SZ,国投智能,2024-06-15,1,0.9766054749488831
5ad909808b67c542ff689f9f,300189.SZ,神农种业,2024-06-15,1,1.0199140310287476
a0eb0dd29bd11e7375a99878,300190.SZ,维尔利,2024-06-15,1,0.959033727645874
9eb87d099ea91efe93197ff9,300192.SZ,科德教育,2024-06-15,2,0.9660090804100037
3b0daa3aee6ad3d1ce3942f1,300193.SZ,佳士科技,2024-06-15,4,0.8492516279220581
095d500770220f78a804a48a,300195.SZ,长荣股份,2024-06-15,2,1.0226646661758423
79847c52c4a1540aad920378,300196.SZ,长海股份,2024-06-15,2,0.9653598070144653
15c4a6a87a2698aa429f06f4,300197.SZ,节能铁汉,2024-06-15,1,0.9270673394203186
9bcb74cdb3abc5ef0797621b,300198.SZ,ST纳川,2024-06-30,2,0.9697110652923584
2112b11502efd7689e1049c9,300203.SZ,聚光科技,2024-06-15,1,1.0199661254882812
23ef1fe8217ee8125de6051d,300204.SZ,舒泰神,2024-06-15,3,0.812330424785614
1ff80bfb6158d0a1cf0c6006,300205.SZ,*ST天喻,2024-06-30,1,0.9997484087944031
7ae51aec6ccfc6bee0d6d1db,300209.SZ,行云科技,2024-06-15,1,1.002017855644226
c192238bf13255ff564c3647,300211.SZ,*ST亿通,2024-06-30,1,0.9277586936950684
e7020a1c91bd3c5bc3982fe3,300214.SZ,日科化学,2024-06-15,2,0.8585602045059204
445d9d588b7b8ba031aae582,300220.SZ,金运激光,2024-06-15,4,0.8866732120513916
c45fd602155b7475ed30e656,300229.SZ,拓尔思,2024-06-15,1,0.879524290561676
066b3247df92798cc19ee851,300340.SZ,科恒股份,2024-06-15,0,0.8693707585334778
1a3d23156666c3e00534383a,300345.SZ,华民股份,2024-06-30,0,0.8671959638595581
0f2ffcc78b82c02ebb0c0ff0,300375.SZ,鹏翎股份,2024-06-15,4,0.913529098033905
0e8178e7788dbda342dc6efe,601011.SH,宝泰隆,2024-04-05,2,1.003584384918213
a0aee12b77799e65b8f0996e,601137.SH,博威合金,2024-04-05,2,0.9232181906700134
be2404465b095fd092e6d2bc,601199.SH,江南水务,2024-06-30,1,0.9658161997795105
7d4f6b92af45614643dcc3b5,601216.SH,君正集团,2024-06-30,2,0.939679741859436
30a5b77311f68d1276d0bd51,601519.SH,大智慧,2024-06-30,1,0.893329918384552
2a327b386bde0165498610cf,601616.SH,广电电气,2024-06-30,0,0.7210007905960083
9772ae34c296fe0e2fc7f142,601700.SH,风范股份,2024-04-05,0,0.8191316723823547
aadd3d83ce4128b6fe5cc29d,601789.SH,宁波建工,2024-06-30,1,0.8963790535926819
d89d70d63c189cbac35f73b4,601799.SH,星宇股份,2024-06-30,4,0.8623132705688477
87b492eda039dfb4ed8adf5f,601992.SH,金隅集团,2024-06-30,1,0.9995132088661194
71bbabce63b1ddce62f406df,002562.SZ,兄弟科技,2024-06-30,2,0.9142507314682007
9ed75281e287705de7d827dc,002564.SZ,天沃科技,2024-06-30,1,1.0293599367141724
9f71392dc0c80bc8a01bcff3,002568.SZ,百润股份,2024-06-30,1,1.0211331844329834
e35b67744dc6ff53e7ab2e1b,002571.SZ,德力股份,2024-06-15,2,0.9487109184265137
78b5315d18c4bc827ccb7389,002572.SZ,索菲亚,2024-06-30,1,0.9873851537704468
b3a81cf304b949a1ecf42239,002573.SZ,清新环境,2024-06-15,1,0.9751759767532349
79496909020edf2f0e930fba,002574.SZ,明牌珠宝,2024-06-15,1,0.9786372184753418
281825e1eae662450578f6c0,002575.SZ,群兴玩具,2024-06-30,1,1.0170316696166992
070aed5d5ad959283d2b8bc7,002576.SZ,通达动力,2024-06-15,0,0.6805717349052429
1eb788cbc1d20c4d71763f12,002578.SZ,闽发铝业,2024-06-15,2,0.9623758792877197
fe54e5bcf8f31a1f78970903,002579.SZ,中京电子,2024-06-15,4,0.8107511401176453
9b7470441679838fcb68412f,002580.SZ,圣阳股份,2024-06-30,0,0.7791276574134827
217918e1f305abd595549d0c,002581.SZ,ST未名,2024-06-30,3,0.8544163107872009
077fa6a3e280adc6516ff2b1,002582.SZ,好想你,2024-06-30,3,0.9249275922775269
48a1504b4676bb156554a2d0,002583.SZ,海能达,2024-06-30,1,0.9580602645874023
bdbb6fc46c8207f57822cc14,002584.SZ,西陇科学,2024-06-15,2,0.9523893594741821
3c826e47e3c2e5486d35d571,002590.SZ,万安科技,2024-06-15,4,0.852660596370697
e289884ac4d5ac1e740fd090,002592.SZ,ST八菱,2024-06-30,4,0.9576228857040405
9aa53182f6c922077a2521ac,300199.SZ,翰宇药业,2024-06-15,3,0.7953085899353027
4f6a6a82e894ddd53463032c,300200.SZ,高盟新材,2024-06-15,2,0.8660972118377686
2359209aa7074a8abb222bf9,300201.SZ,海伦哲,2024-06-30,1,1.0150997638702393
945c9b39d98bc3df4f69f2e9,300206.SZ,理邦仪器,2024-06-15,3,0.9735759496688843
a6faab0b3ba55c4f46a75f90,300207.SZ,欣旺达,2024-06-15,0,0.8050782084465027
e3cec98664559a4ff638c698,300210.SZ,森远股份,2024-06-15,1,1.0244930982589722
6c83e0556f5f176eb4e3cef0,300212.SZ,易华录,2024-06-30,1,0.8906121253967285
e685105505b80c4a684d98bd,300215.SZ,电科院,2024-06-15,0,0.8898124098777771
ab511ed64481564a510d28e5,300217.SZ,东方电热,2024-06-15,4,0.8977822065353394
ffb0b1523f94557684ecf14f,300218.SZ,安利股份,2024-06-15,2,0.9442283511161804
dfa5b9605c6bf484e0266002,300219.SZ,鸿利智汇,2024-06-30,4,0.7759923934936523
32898b2d7cbbea82ed124239,300221.SZ,银禧科技,2024-06-15,2,0.9361965656280518
17675987ab5e26620cf54725,300222.SZ,科大智能,2024-06-15,0,0.8504811525344849
96c367420d84b4fb2032bc3e,300224.SZ,正海磁材,2024-06-15,2,0.9658368825912476
a374bd69f996295217b4209c,300225.SZ,*ST金泰,2024-06-30,3,1.0059576034545898
a9da1cb25124a3abb4fe5811,300226.SZ,上海钢联,2024-06-15,1,0.9638976454734802
9ecb9e001dc8d2ae01d04420,300227.SZ,光韵达,2024-06-15,4,0.8603000044822693
d36303f29a8e1ceb5ce967e7,300231.SZ,银信科技,2024-06-15,1,0.8703978657722473
5f5bda3c0173a6c4d0d33bad,300240.SZ,飞力达,2024-06-15,1,0.9707216024398804
7b9ebdbe186ba853c19b1892,300249.SZ,依米康,2024-06-15,1,0.9807272553443909
f1bd0364bdde2558856a1bfd,300257.SZ,开山股份,2024-06-15,0,0.9720504879951477
f8b713ca299633752af05eab,300366.SZ,ST创意,2024-06-15,4,1.0126787424087524
128f321170a4d9565d9f0c72,300402.SZ,宝色股份,2024-06-15,4,0.9209247827529907
5aeebdc25c7fb39153f255ad,601113.SH,华鼎股份,2024-06-15,2,0.9523458480834961
d9ddebf2243645a426688f7b,601208.SH,东材科技,2024-06-15,2,0.879269003868103
68cae2c9b9b008ab12889abd,601218.SH,吉鑫科技,2024-06-30,0,0.7355024814605713
ea4c593ed16282372470c421,601222.SH,林洋能源,2024-06-30,1,0.9818739891052246
f60cb1970b43d321314b51ac,601233.SH,桐昆股份,2024-06-30,2,0.9503623247146606
f4f9b1a39b23988caa437d40,601566.SH,九牧王,2024-06-30,1,0.9739101529121399
fe19296f28cf818227c2a7df,601599.SH,浙文影业,2024-06-30,1,0.9619414210319519
b6d8a0b2d5668d0ffeb9ac4c,603006.SH,联明股份,2024-06-30,4,0.9974425435066223
df0436c4fa8c876bd865d9df,603328.SH,依顿电子,2024-06-15,4,0.8005058765411377
789eed93d5c8beaf7c6819dd,002585.SZ,双星新材,2024-06-30,2,0.9139673113822937
5d9add212dcabbf14fee186c,002586.SZ,ST围海,2024-06-30,1,0.896213173866272
7e56ddc4bbf79314be254aaf,002587.SZ,奥拓电子,2024-06-15,4,0.9735190272331238
555b23c8aa087c2c9956f38e,002588.SZ,史丹利,2024-06-30,3,0.9881440997123718
7ecd126fb0d7b301859841ad,002589.SZ,瑞康医药,2024-06-30,1,0.9582542181015015
3df98cfe166217ecd2927550,002593.SZ,日上集团,2024-06-15,2,0.9980220794677734
5284781b5d2e615062383cc3,002594.SZ,比亚迪,2024-06-15,1,1.0247268676757812
4cbe433ed127b804fb4b95f5,002596.SZ,海南瑞泽,2024-06-30,1,1.0204697847366333
71343b2b0b0c1b60eb4bca6f,002597.SZ,金禾实业,2024-06-15,3,0.924646258354187
ad309d50b8517c8a9ae6a0dc,002598.SZ,ST章鼓,2024-06-30,2,0.9852179288864136
f4e5673ea7dd04dc3d09ad95,002600.SZ,领益智造,2024-06-30,4,0.8174965381622314
9f95266c6a1c221094303212,002601.SZ,龙佰集团,2024-06-30,2,0.8928568959236145
9c37e6b0d6403339226a7ec9,002602.SZ,世纪华通,2024-06-15,1,0.9313710331916809
730ed1787fd11c77687cfa4a,002603.SZ,以岭药业,2024-06-15,3,0.8882070779800415
9eeea66892cb631cadfa9abe,002605.SZ,姚记科技,2024-06-30,1,0.9417256712913513
bc5691d14ebb5d0c8ed8f955,002607.SZ,中公教育,2024-06-30,1,0.9312061667442322
2ac5013c012564c0f0cd776c,002608.SZ,江苏国信,2024-06-30,1,0.9533127546310425
8d468d70601e6379339f0a1d,002620.SZ,ST瑞和,2024-06-15,1,0.9660460948944092
b0d6f20933f8c57b73f1790c,002626.SZ,金达威,2024-06-15,3,0.8963138461112976
5551d74280da0cbc6b0c9c68,002627.SZ,三峡旅游,2024-06-15,1,0.957048237323761
e03c381590e701405eb31c6e,002734.SZ,利民股份,2024-06-15,3,0.9514079689979553
1222fe4491c267b4f973d457,002778.SZ,中晟高科,2024-06-30,2,0.9311314225196838
cb7f3fef4fe654d055e3fbe9,002783.SZ,凯龙股份,2024-06-15,2,0.8765356540679932
71ed393cc87e7330ff2d2bb4,002911.SZ,佛燃能源,2024-06-30,1,0.9366556406021118
1cc527e19eeead2d026f9961,300228.SZ,富瑞特装,2024-06-15,2,1.0281293392181396
1996820662a46d211e435b74,300230.SZ,永利股份,2024-06-15,2,0.9620698690414429
5dbbdbce5acf2180545306c5,300232.SZ,洲明科技,2024-06-15,4,0.9418066143989563
e24a6b3b7de88d2858e682e2,300233.SZ,金城医药,2024-06-15,3,0.7794408798217773
ef57624c531aae8d72e495f9,300234.SZ,开尔新材,2024-06-15,2,1.0169754028320312
681945ba4c05bd20c27fb07c,300236.SZ,上海新阳,2024-06-15,4,0.8992293477058411
6dfd6a96b7d9c51b32f222fe,300237.SZ,ST美晨,2024-06-15,2,0.9365845322608948
3d21dcaf1355fc29539044e6,300239.SZ,东宝生物,2024-06-15,3,0.9665427207946777
d96a2c4b42bc3cc66dd43354,300241.SZ,瑞丰光电,2024-06-15,4,0.8208787441253662
0c67f48af8f4e8a06c8bf453,300242.SZ,佳云科技,2024-06-15,1,0.9359825849533081
a0d6bf782606b7e12b09ebb7,300243.SZ,瑞丰高材,2024-06-15,2,0.8564176559448242
f90519cc71c61525ce95e978,300244.SZ,迪安诊断,2024-06-15,3,0.9085641503334045
523a12046357922e89ce45ad,300246.SZ,宝莱特,2024-06-15,3,0.9660159945487976
fec31d3661e6d047db536cc0,300248.SZ,新开普,2024-06-15,1,0.9133220314979553
ce4fd505b3ebe5aba04d83b4,300250.SZ,初灵信息,2024-06-15,1,0.9027905464172363
575d2f6e3631add8dca8ddd8,300251.SZ,光线传媒,2024-06-30,1,0.951168417930603
ada07b853a0beba6c69686fb,300254.SZ,仟源医药,2024-06-15,3,0.8784959316253662
f41dd0033bc1373bda7f48c2,300256.SZ,星星科技,2024-06-15,4,0.8928002715110779
85c4056e105df7a43c8ae8d0,300258.SZ,精锻科技,2024-06-15,4,0.806135356426239
6c69affdca53fcbc45ffba3f,300381.SZ,溢多利,2024-06-30,3,0.8726934194564819
a215ddcfaa65a1c4515b728c,601311.SH,骆驼股份,2024-06-30,0,0.9736549854278564
9c4caf3cbee8cbd1bc9c0188,601567.SH,三星医疗,2024-06-30,1,1.013954997062683
337926b2fb29810d83e7724b,601798.SH,蓝科高新,2024-06-30,2,1.0013507604599
b92cdd85275011de667505d3,601901.SH,方正证券,2024-06-30,1,0.9296174049377441
1bf3e0a052e93e746fbe90d3,603156.SH,养元饮品,2024-06-15,1,1.0087605714797974
f8e0df2cd495ccea2f652025,603456.SH,九洲药业,2024-04-05,3,0.8858032822608948
10ca1d1021aaaecbbb12a5e7,002611.SZ,东方精工,2024-06-15,2,1.0218344926834106
7d9047f170560156e0d42051,002612.SZ,朗姿股份,2024-06-30,1,0.9631226062774658
4525c5584e837711275b4d06,002616.SZ,长青集团,2024-06-30,1,0.9295735955238342
1a9e944ccc48f34db6117a35,002617.SZ,露笑科技,2024-06-30,0,0.7260809540748596
9b29f293c45eeead7a444e52,002623.SZ,亚玛顿,2024-06-30,2,0.9874679446220398
0dca7af831a9f7368cc424ba,002624.SZ,完美世界,2024-06-30,1,0.9257024526596069
1f4ad2e12a0e591bae179f9a,002625.SZ,光启技术,2024-06-15,4,0.9564372897148132
f506297963ba593c22c386a2,002628.SZ,成都路桥,2024-06-30,1,0.9063854217529297
b2a1d698705f05dade4a0496,002629.SZ,仁智股份,2024-06-15,2,1.006375789642334
f0f9b795ade72fc49ea21627,002631.SZ,德尔未来,2024-06-15,2,0.9777612686157227
bf6b89f6476889238fcb9251,002633.SZ,申科股份,2024-06-15,4,0.9203610420227051
694a7cc4a12fbeb6d9604cd3,002634.SZ,棒杰股份,2024-06-15,2,0.9959185719490051
e6ae2ea840231724c3cb3034,002636.SZ,金安国纪,2024-06-15,4,0.9165499806404114
508aa8de3d999b29d26a4e3c,002637.SZ,赞宇科技,2024-06-15,2,0.9815517663955688
bfd26f700743ad3300136aef,002640.SZ,跨境通,2024-06-30,1,0.9731324315071106
573759b50803a180f5cf14b5,002641.SZ,公元股份,2024-06-30,2,0.9675498604774475
74bcffb06bb73447ae4f6c28,002717.SZ,ST岭南,2024-06-30,1,0.9684487581253052
fcb3e0ec07b93f451791d062,002745.SZ,木林森,2024-06-15,4,0.8747655749320984
9bed67ed050bbf2b0a8eae9e,002830.SZ,名雕股份,2024-06-30,1,0.9625436067581177
7a2fb7c18fed716577715fe3,300252.SZ,金信诺,2024-06-15,4,0.8771639466285706
31365d3e438cfe81fbd41e13,300255.SZ,常山药业,2024-06-15,3,0.8564099073410034
3c599a891e67f0e5a7aa33a1,300259.SZ,新天科技,2024-06-15,1,0.9875754714012146
1e0420d7ea12d9efbc54b6d9,300260.SZ,新莱应材,2024-06-15,4,0.9213610291481018
60ff3eb170ffc5106adb050d,300261.SZ,雅本化学,2024-06-15,3,0.9551067352294922
5fc6f516da637407600ccab2,300263.SZ,隆华科技,2024-06-15,4,0.8958963751792908
aa83ec88d44029b95fd2ba9f,300265.SZ,通光线缆,2024-06-15,0,0.7664845585823059
1083c3af0c0aee8a1fe67bdb,300266.SZ,兴源环境,2024-06-15,1,0.9222350716590881
c51608a5b9f0ffe4b726da6a,300267.SZ,尔康制药,2024-06-15,3,0.8409709930419922
61f80424125c0fb09319c9a7,300268.SZ,*ST佳沃,2024-06-30,3,1.0005066394805908
3d19b842af4caca178bdc4f0,300269.SZ,联建光电,2024-06-15,4,0.9260304570198059
b579c00a98051cc1a0866aec,300270.SZ,中威电子,2024-06-15,1,0.9723126292228699
1b94e43328e5da4e0199ff6b,300274.SZ,阳光电源,2024-06-15,0,0.7860341668128967
dde4fe07b5298857673fe87c,300275.SZ,梅安森,2024-06-15,1,1.0169551372528076
0a7fb49c5a79f16e222f5187,300278.SZ,华昌达,2024-06-15,4,0.9291520714759827
84d81b9c8433c27c94a9f3ab,300283.SZ,温州宏丰,2024-06-15,0,0.7279596328735352
1b86455b879dcbfc1e9627be,300284.SZ,苏交科,2024-06-15,1,0.8929370641708374
acd3f830e96a414e27b7be3b,300294.SZ,博雅生物,2024-06-15,3,0.8619414567947388
3436b3b09ab4bb9fdb3c8398,300303.SZ,聚飞光电,2024-06-15,4,0.8002440929412842
06ee94eef4689a1f0aef6802,300729.SZ,乐歌股份,2024-06-15,1,1.007914662361145
d6eb6f12c54d90b228af0cf8,601100.SH,恒立液压,2024-06-30,4,0.9925636053085327
04ce51924c6592bb3cb65cd5,601225.SH,陕西煤业,2024-06-30,1,1.00941801071167
cc4086f7b8f4611ab58d6dfc,601555.SH,东吴证券,2024-06-30,1,0.9251622557640076
0fec388e16283fca11e9f453,601636.SH,旗滨集团,2024-06-30,2,0.9736108183860779
4149da8bd5f489b09af8bdb3,601669.SH,中国电建,2024-06-30,1,0.9166590571403503
14572eda01807824d7bf8bcc,601677.SH,明泰铝业,2024-06-30,2,0.95526522397995
e2879c3993e8f9a3bc8bd8d3,601886.SH,江河集团,2024-06-30,1,0.9609835147857666
20538a0e265e66f6232cbbc6,601908.SH,京运通,2024-06-30,0,0.8829171657562256
5b54adb931622a681fe04595,603197.SH,保隆科技,2024-06-15,4,0.8174389004707336
6218d16ec1b93a39fb245bf4,603518.SH,锦泓集团,2024-06-30,1,0.9668512344360352
3441c2a6d2c62be568c49762,603686.SH,福龙马,2024-06-15,1,0.945279061794281
9218016bc0c801c5bf3f02ed,002632.SZ,道明光学,2024-06-15,2,0.9588543176651001
4836f5b0295d58c5bd2f1baa,002635.SZ,安洁科技,2024-06-15,4,0.7721632719039917
3e5d20c4c92504e45b4aa0f4,002638.SZ,勤上股份,2024-06-15,1,1.0170910358428955
1b4c4dc29137da3f174c922a,002639.SZ,雪人集团,2024-06-15,4,0.9943739175796509
74f299a5cf30b6180b5b6a4d,002642.SZ,荣联科技,2024-06-30,1,0.8949124217033386
26f2598600a25fba1b93d82f,002645.SZ,华宏科技,2024-06-30,2,0.9376285672187805
3bde6415f7e6b10e0c5d29ab,002646.SZ,天佑德酒,2024-06-30,1,1.019270658493042
6dd9fddb02abd4aa2683b651,002647.SZ,*ST仁东,2024-06-30,1,0.9602697491645813
284c2dbc9204fc8e16f7f2fe,002648.SZ,卫星化学,2024-06-15,2,0.8293371796607971
90f0e41ce23eb4925c546426,002649.SZ,博彦科技,2024-06-30,1,0.8642679452896118
0e2002588de4be85f3280baa,002650.SZ,ST加加,2024-06-30,3,0.9448241591453552
b6d065827a53e21064f97169,002651.SZ,利君股份,2024-06-30,2,0.9799368977546692
28c38dd91793f5a3196abd92,002652.SZ,扬子新材,2024-06-15,1,0.9989206194877625
4cad310619b15646652ad7bf,002655.SZ,共达电声,2024-06-15,4,0.8099848031997681
b75ff5908623aa6d823697e9,002656.SZ,*ST摩登,2024-06-30,1,0.966804027557373
a66c1c29ee8b4a93c8628f8d,002662.SZ,峰璟股份,2024-06-15,1,1.0030832290649414
3085b2b38411a274027e6add,002664.SZ,信质集团,2024-06-30,4,0.8205938339233398
2f24801c7730f72b76e9964f,002666.SZ,德联集团,2024-06-30,2,0.9155732989311218
91e608eebe9ac4c1b05dc15e,002667.SZ,威领股份,2024-06-15,2,0.9901733994483948
7c69ab030ff4e4d342440e55,002668.SZ,TCL智家,2024-06-30,1,0.9768218398094177
59274c1dc8f8f5f71574c83b,002673.SZ,西部证券,2024-06-30,1,0.9370844960212708
ff29169dfd7088649993a6b2,002688.SZ,金河生物,2024-06-30,3,0.9984568953514099
a4c3fa73d4aaca3fc8d78d0f,300276.SZ,三丰智能,2024-06-15,4,0.9106950759887695
1ad11eeb235d508398b82140,300279.SZ,和晶科技,2024-06-15,4,0.8111636638641357
a0e4bd177116b2f5d482bb46,300281.SZ,金明精机,2024-06-30,4,0.8848757743835449
5ece659b798172f72c756b4a,300285.SZ,国瓷材料,2024-06-15,2,1.009932518005371
2bd7b5faf46325d131e3afe8,300286.SZ,安科瑞,2024-06-15,1,1.0074796676635742
34e08af3d14fbfc29042e344,300287.SZ,飞利信,2024-06-15,1,0.8650180101394653
7ffaded46ee1c5f08809a46b,300288.SZ,朗玛信息,2024-06-15,1,0.9442169666290283
ea729bc7f1a9ef2179ab262b,300289.SZ,利德曼,2024-06-15,3,0.8197235465049744
e55b798541ecf2a3348238d7,300290.SZ,荣科科技,2024-06-15,1,0.9117598533630371
f13a1acedded637e3f1dbd83,300291.SZ,百纳千成,2024-06-30,1,0.959604799747467
6e35021166465955e6d6697a,300292.SZ,吴通控股,2024-06-15,4,0.9642388820648193
2d0f04b8278e7f0e06763aba,300293.SZ,蓝英装备,2024-06-15,4,0.9625452160835266
0b96e9e3106bbaa963177e74,300295.SZ,三六五网,2024-06-30,1,0.9166582226753235
aa728f85e85128035bdff3a9,300298.SZ,三诺生物,2024-06-15,3,0.9349623322486877
862f50d82b1626eb56946177,300324.SZ,旋极信息,2024-06-15,1,0.966731071472168
c8d7eb6336aa1796d823813f,300350.SZ,华鹏飞,2024-06-15,1,0.9618636965751648
25499089dd9f8adf00c2ff10,300358.SZ,楚天科技,2024-06-15,3,0.949768602848053
f2631c96b959b62b3d5f83c7,300483.SZ,首华燃气,2024-06-30,1,0.9896101355552673
bbda652b0abafc93005fb023,300532.SZ,今天国际,2024-06-15,1,0.9424943923950195
33b60b1abd662f90b4502cde,601336.SH,新华保险,2024-04-05,1,0.995510458946228
1e0e4f4cac91920aa35b0dd6,601360.SH,三六零,2024-06-15,1,0.9361986517906189
5e2cdd6f8bacef62e3acb12a,601368.SH,绿城水务,2024-06-30,1,0.971855103969574
3b2ebce376dc411236b679e5,601800.SH,中国交建,2024-06-30,1,0.9022894501686096
1c4799732bafc6321047069a,601928.SH,凤凰传媒,2024-04-05,1,0.9644310474395752
dd1b0cac171e0441cc43ab83,601929.SH,吉视传媒,2024-06-30,1,0.9481166005134583
58977371414c1feb697a555a,603001.SH,奥康国际,2024-06-15,1,0.976007342338562
11327e7fbeb7fb2fc3e8a3a4,603599.SH,广信股份,2024-06-15,3,0.9608562588691711
e5d5d5dee4ad73f8bdc61e3a,603729.SH,龙韵股份,2024-06-15,1,0.9339234232902527
007966cf2065b886cb03db55,002653.SZ,海思科,2024-06-15,3,0.9165130257606506
709ae139520eab894c05adbe,002654.SZ,万润科技,2024-06-30,4,0.9167245030403137
557b9330c4e7a3c43eaa938c,002657.SZ,中科金财,2024-06-15,1,0.9713994264602661
3264531150b29db95865e558,002658.SZ,雪迪龙,2024-06-15,1,0.9937395453453064
79597b8d3012c4ee4392e63c,002659.SZ,凯文教育,2024-06-30,1,0.9210012555122375
b964daee356e3c341aaec5b6,002660.SZ,茂硕电源,2024-06-15,0,0.7352569699287415
8061b90141b2fb96d4430494,002661.SZ,克明食品,2024-06-30,3,0.949253499507904
d2d9091c5308d77353c1901c,002663.SZ,普邦股份,2024-06-15,1,0.8887718915939331
bddb237f4797c5e922b039b0,002669.SZ,康达新材,2024-06-30,2,0.8658631443977356
aeac39bdf96860c6b30206f4,002670.SZ,国盛证券,2024-06-15,1,0.943245530128479
f8eeac16868eee6668c9bdc0,002671.SZ,龙泉股份,2024-06-30,2,0.9936008453369141
786cf86d90ad91d78a344f9a,002672.SZ,东江环保,2024-06-30,1,0.9797732830047607
a4ea64f894190b2272ab9ff0,002674.SZ,兴业科技,2024-06-15,2,0.9436288475990295
85c5e1bc47ca0824d03cdf6e,002675.SZ,东诚药业,2024-06-15,3,0.8047096133232117
5a3a3ceb61ef8f8c67652fa1,002676.SZ,顺威股份,2024-06-15,2,0.9681423306465149
2423e52c94795d57aeeb12bd,002677.SZ,浙江美大,2024-06-15,1,0.986011803150177
3a229250329dee09549ca266,002685.SZ,华东重机,2024-06-30,1,1.0247981548309326
27bb654076a41cb9906bc5ce,002696.SZ,百洋股份,2024-06-30,3,1.0170561075210571
58c694e0a2b9d62fe631ee42,002799.SZ,环球印务,2024-06-15,2,0.9924980998039246
00ee97088fd499365d908690,300296.SZ,利亚德,2024-06-15,4,0.9598117470741272
fb57f5742be4f7da69d54ddf,300299.SZ,富春股份,2024-06-15,1,0.9340403079986572
9675d8db63feb42f775bde4a,300300.SZ,海峡创新,2024-06-15,1,0.8821236491203308
db11da3c213fb9cf1d33fcd0,300301.SZ,ST长方,2024-06-15,4,0.8989344239234924
585ef671e7a7b445e3a7470a,300302.SZ,同有科技,2024-06-15,1,0.9874864816665649
815b5787b3deb3a2f7ed9802,300304.SZ,云意电气,2024-06-15,4,0.7790814638137817
e1c5119e87fd0d4b7cdbdb61,300306.SZ,远方信息,2024-06-15,4,0.922076404094696
649cee1c3ddbd2269c27aeef,300307.SZ,慈星股份,2024-06-15,2,1.0390472412109375
d554511b4898acaadd69bf67,300308.SZ,中际旭创,2024-06-15,4,0.9486914277076721
b11b1a977ccb1f1524d97255,300310.SZ,宜通世纪,2024-06-30,1,0.9146301746368408
74baa8a0cd9825167ea0a718,300311.SZ,ST任子行,2024-06-30,1,0.8955712914466858
8d915e1949b06f1b70bdc9bb,300313.SZ,*ST天山,2024-06-30,1,0.992320716381073
67754a32235ff56817fa9f50,300314.SZ,戴维医疗,2024-06-15,3,0.956443190574646
8825e4955ef59352fdb953da,300315.SZ,掌趣科技,2024-06-15,1,0.9211549758911133
da25f20bd28c80918c48aed4,300317.SZ,珈伟新能,2024-06-30,0,0.9285173416137695
b65a5bacf7120ff7a8c65fad,300320.SZ,海达股份,2024-06-15,4,0.9926193356513977
b3dfe11ea86b660331d4b9d1,300326.SZ,ST凯利,2024-06-15,2,0.9389175772666931
a34da53990b0f5948a6533d3,300327.SZ,中颖电子,2024-06-15,4,0.8309452533721924
0835824fb339a03ce1bac373,300755.SZ,华致酒行,2024-06-15,1,0.9919177889823914
dd5324f199e8d11b82d5a52d,601038.SH,一拖股份,2024-06-15,1,1.0343999862670898
091c448aef4f7a93e0b94569,601231.SH,环旭电子,2024-06-15,4,0.7979651689529419
03f557c4eba660e6151cc89e,601339.SH,百隆东方,2024-06-30,2,0.9542200565338135
17258e17e0e856f98b056bd6,601388.SH,怡球资源,2024-06-15,2,0.9632247686386108
9104552f8e08e4dd2e1c0416,601515.SH,衢州东峰,2024-06-15,2,0.9530321359634399
201c5c84235fe724ee599b8f,601965.SH,中国汽研,2024-06-30,1,1.003060221672058
c4c22fecc8cb4b086d1dd5a1,603000.SH,人民网,2024-06-15,1,0.9112189412117004
a61326388911711bf6af61d0,603123.SH,翠微股份,2024-06-30,1,0.953470766544342
e6c6335bfe8f39d766d81a7e,603128.SH,华贸物流,2024-06-15,1,0.9425198435783386
eadf068b0cdb0d3d9ccd2843,603333.SH,尚纬股份,2024-06-15,0,0.7735283970832825
1e25c5dc79914b516336a7b8,603359.SH,东珠生态,2024-06-15,1,0.9092376828193665
e46bf318b49a67b5000bee64,603861.SH,白云电器,2024-04-05,0,0.7418431639671326
ad576efb820b85665645dc4a,002678.SZ,珠江钢琴,2024-06-15,1,1.0122703313827515
a8b039239faed9d241aaff06,002679.SZ,福建金森,2024-06-30,1,1.0111571550369263
cf41336065d4044f03352e52,002681.SZ,奋达科技,2024-06-30,4,0.8260329365730286
b6d08514d993b26d64f544c6,002682.SZ,龙洲股份,2024-06-15,1,0.941247820854187
ad5a8fb2ea44f03375d7e63d,002683.SZ,广东宏大,2024-06-15,2,0.9755858778953552
4998124ebae0383ce9c671ef,002686.SZ,亿利达,2024-06-15,0,0.9398350119590759
058d1ff2aaffffcacdab6f85,002687.SZ,乔治白,2024-06-15,1,0.9985352754592896
fb1803bf7669913062f1507c,002689.SZ,ST远智,2024-06-30,1,1.0030105113983154
3ff8f81cf4d838a5e087f47c,002690.SZ,美亚光电,2024-06-15,4,0.9862678050994873
fbdba84bfd6766c4c143812b,002691.SZ,冀凯股份,2024-06-15,2,1.0162971019744873
3347cb18301563173b593104,002692.SZ,远程股份,2024-06-15,0,0.7251483201980591
b358d74df65e3370620a500c,002693.SZ,*ST双成,2024-06-30,3,0.9209107756614685
f4fa856d44120e3eb1c091d6,002694.SZ,顾地科技,2024-06-15,2,0.9720196723937988
b3d4874ae7f8552c6813a62f,002698.SZ,博实股份,2024-06-15,2,1.0269919633865356
e290ac4dbd0c0369d7b91e89,002701.SZ,奥瑞金,2024-06-30,2,0.9643707871437073
63c3b0c42e7605cd0fccc6b4,002752.SZ,昇兴股份,2024-06-15,2,0.9440195560455322
f6d8bdf8f97b1ef85731b3b1,002851.SZ,麦格米特,2024-06-30,0,0.7526153922080994
33feda595b9e58c1c3c5b5ac,300316.SZ,晶盛机电,2024-06-15,4,0.8319895267486572
fabdbed3cd4f754e8887791a,300319.SZ,麦捷科技,2024-06-15,4,0.7607899308204651
feafd03a473a58052177ad1e,300322.SZ,硕贝德,2024-06-15,4,0.7878996133804321
5980a963a9a9075daf86a20e,300323.SZ,华灿光电,2024-06-15,4,0.8709802627563477
e8b0e2c273dd8549701d0095,300328.SZ,宜安科技,2024-06-15,4,0.9239038228988647
9da80616353d22cfa8a0c911,300332.SZ,天壕能源,2024-06-15,1,0.9730937480926514
dc73cb91050bfb5ce2dd751a,300333.SZ,兆日科技,2024-06-30,1,0.9835407137870789
84c3c32260fadfe57ca097c1,300334.SZ,津膜科技,2024-06-15,2,1.0151433944702148
bf1eb7e71de3c39de69e4169,300335.SZ,迪森股份,2024-06-15,1,0.9683153629302979
94d707f7322e98401c6759c2,300337.SZ,银邦股份,2024-06-15,2,0.953482985496521
757a74375eea227e15a8023d,300338.SZ,ST开元,2024-06-30,1,0.935631513595581
fd5fe241978136095d61230f,300339.SZ,润和软件,2024-06-30,1,0.9412488341331482
42d2fca06d278d127653f985,300341.SZ,麦克奥迪,2024-06-15,0,0.9823541641235352
ff9beb0b8875d2b0d083208d,300342.SZ,天银机电,2024-06-15,4,0.9005574584007263
72accb93443b974778a17680,300343.SZ,ST联创,2024-06-15,2,0.8523100018501282
fbbc1ee2fc6cc7f0492609f2,300344.SZ,立方退,2024-06-30,1,1.0313228368759155
99815c8eb306175847461fb3,300346.SZ,南大光电,2024-06-15,4,0.9138412475585938
4f45b256bfe2ae633fedc203,300347.SZ,泰格医药,2024-06-15,3,0.9161301255226135
897c773b3431a66eedcbd9d5,300348.SZ,长亮科技,2024-06-30,1,0.9073333740234375
cc2fa94b90d959ce3148ff95,300349.SZ,金卡智能,2024-06-15,1,0.9745746850967407
34b1ebb9e3a44649a17066f7,300383.SZ,光环新网,2024-06-30,1,0.8818504214286804
54040aa62b5c45a9e955d512,300397.SZ,天和防务,2024-06-15,1,1.0093669891357422
1fb507adf89c88ef1c95cf73,300400.SZ,劲拓股份,2024-06-15,4,0.7967111468315125
c5aa357e4c88fee48f99ce30,300746.SZ,汉嘉数智,2024-06-15,1,0.9181632995605469
c0e1063a13bbd1977bc95645,300887.SZ,谱尼测试,2024-06-15,1,0.9608925580978394
1838feea93d49e78b2853a53,603008.SH,喜临门,2024-06-15,2,1.0043463706970215
cd50c6f8dbd58a8315ea0e16,603077.SH,和邦生物,2024-06-15,2,0.8650600910186768
e3516852b948f27639a95012,603126.SH,中材节能,2024-06-30,1,1.0049997568130493
7a1f38d5ed0d42478a2a6b28,603168.SH,莎普爱思,2024-06-15,3,0.7834916710853577
9a7779b4503cc4e9b7421141,603366.SH,日出东方,2024-04-05,1,0.9817858934402466
bcc2e81c639865bcdb927513,603399.SH,永杉锂业,2024-06-15,2,0.9400854706764221
4bd595e332c623354adbcc14,603766.SH,隆鑫通用,2024-04-05,1,1.0361344814300537
b5da2b63245ea179673a6aab,603993.SH,洛阳钼业,2024-06-30,2,0.9797697067260742
0ebd1e680f42b28bf494e845,001203.SZ,大中矿业,2024-06-15,2,1.0004703998565674
4521fc8456d2e6f732aa7d91,002695.SZ,煌上煌,2024-06-30,3,0.9637655019760132
443a54f9495fb78342b6f06b,002700.SZ,万憬能源,2024-06-15,1,0.9997966289520264
e0ce2e2659f0832140cb8820,002703.SZ,浙江世宝,2024-06-15,4,0.8922121524810791
19c6a4a727fa7af2839f03cf,002708.SZ,光洋股份,2024-06-15,4,0.8099510669708252
ebd3c6f5457c7b18a41a5d3b,002709.SZ,天赐材料,2024-06-30,2,0.8656933903694153
67fa87ec29234a0d50fa73c1,002713.SZ,*ST东易,2024-06-30,1,0.95868319272995
d2363a904c41b42de22f9ea4,002714.SZ,牧原股份,2024-06-15,1,1.0043394565582275
909e5cec8afa9bacf60af02b,002715.SZ,登云股份,2024-06-30,4,0.8744949102401733
2fc5e4066e4ea33c55df5d03,002716.SZ,湖南白银,2024-06-15,2,0.9705079793930054
98f319702205e1cdf78ad442,002718.SZ,友邦吊顶,2024-06-30,1,1.0225496292114258
29bff7d4535391763c47916d,002719.SZ,麦趣尔,2024-06-30,1,1.01064133644104
a9ca08495ac918ff77486ff5,002721.SZ,金一文化,2024-06-30,1,0.9671915769577026
299f4cf110fb95875c4cb662,002722.SZ,物产金轮,2024-06-15,2,0.9730728268623352
e2aac152fb466cb4dc6710dd,002723.SZ,小崧股份,2024-06-15,1,1.018237829208374
9f22bb82836a037baac46dc3,002725.SZ,跃岭股份,2024-06-30,4,0.9378378987312317
d0062d916f8ab013c6454201,002727.SZ,一心堂,2024-06-30,1,0.9769606590270996
0dcae70779a0955f74260faf,002746.SZ,仙坛股份,2024-06-30,1,1.0258387327194214
717237769deb535780b00835,002782.SZ,可立克,2024-06-15,4,0.8262472152709961
2cd83defa77937c91d1dcc1c,002792.SZ,通宇通讯,2024-06-15,4,0.991713285446167
d1b868303b4a134f1e3116ea,002815.SZ,崇达技术,2024-06-30,4,0.7864598035812378
97bf806410d4abc33f2b2061,300351.SZ,永贵电器,2024-06-15,4,0.915440559387207
bc932fc2129c4a18b0414a81,300352.SZ,北信源,2024-06-15,1,0.894319474697113
ef594a2cbb2b6a6e3fabf6ae,300354.SZ,东华测试,2024-06-15,4,0.9374627470970154
67fa388d04d204a609abf6df,300355.SZ,蒙草生态,2024-06-15,1,0.9708898663520813
6633e25a0a42f220ed83b41b,300368.SZ,汇金股份,2024-06-15,1,0.9860357642173767
c580a4e7f13b348788012ec8,300369.SZ,绿盟科技,2024-06-15,1,0.9133297801017761
aabd6b887936c0923a298f5d,300371.SZ,汇中股份,2024-06-15,1,1.0142507553100586
ab824d82b7010bd310c357f0,300382.SZ,斯莱克,2024-06-15,4,0.8746927380561829
e463489eea706f2729a80614,300388.SZ,节能国祯,2024-06-15,1,0.9195618033409119
aa1a2b2eff6bfc6aab61c1ea,300389.SZ,艾比森,2024-06-15,4,0.9530085921287537
3166bfee816b7a46e12ba5a2,300396.SZ,迪瑞医疗,2024-06-15,3,0.9803668856620789
54c337f7854eca8f798b47ed,300507.SZ,苏奥传感,2024-06-15,4,0.8005608916282654
dbae1d28a95afb2fcbb2c280,600917.SH,重庆燃气,2024-06-30,1,0.9445301294326782
cd0874be898d1677f8dbd4a5,601016.SH,节能风电,2024-03-25,1,0.9486575722694397
e4642348d2bf739a22a104b3,601238.SH,广汽集团,2024-06-30,1,1.0012332201004028
bdc3f04d685455478d40e795,601608.SH,中信重工,2024-04-05,0,0.9794524908065796
a51bc917f0d84a2e97df0def,601969.SH,海南矿业,2024-06-30,2,1.0161744356155396
6dd46a337da5d50f514f754b,603009.SH,北特科技,2024-06-30,4,0.8339282274246216
e8f8b066295e3d2ba34fc1e4,603088.SH,宁波精达,2024-06-15,4,0.9784039855003357
49760f29229517c3fbb36dd3,603166.SH,福达股份,2024-06-30,4,0.9740424752235413
d05d1c15de445094ded300a5,603185.SH,弘元绿能,2024-06-30,0,0.8074162602424622
98ab5f7f8e016c9c33f060d3,603288.SH,海天味业,2024-06-30,3,0.9240995645523071
8b4bd0ffeb6997a3c6f908aa,603308.SH,应流股份,2024-06-30,4,0.9450199604034424
972afffd03ed3f309feb1585,603566.SH,普莱柯,2024-06-30,3,0.9672947525978088
143d820330d4aa4e3a512f99,603688.SH,石英股份,2024-06-15,2,0.9737557172775269
d9549677ae19a394c38605f1,603699.SH,纽威股份,2024-06-15,2,0.960726261138916
df730d69ba37a4e796589be1,603777.SH,来伊份,2024-06-15,1,0.9763732552528381
4245fdd526fe7116d1f280a4,603806.SH,福斯特,2024-06-30,2,0.9109255075454712
94949487d42c4704ebd093f5,603989.SH,艾华集团,2024-06-30,4,0.8686756491661072
b826e51700391211959afc48,000333.SZ,美的集团,2024-06-15,1,1.0204122066497803
d5d08ea241e83fdb47bd4429,002697.SZ,红旗连锁,2024-06-30,1,0.989109456539154
c70da55b18857e3850d2720a,002705.SZ,新宝股份,2024-06-30,1,1.0238192081451416
2ef7caa37b8f14dfd08cdb57,002707.SZ,众信旅游,2024-06-30,1,0.977917492389679
dd586ba360c4d614109d9e8c,002712.SZ,思美传媒,2024-06-30,1,0.9289189577102661
ea7f9fa1f04541755ea199b4,002724.SZ,海洋王,2024-06-15,4,0.9960556030273438
1769c978c250daba0b4559cc,002726.SZ,龙大美食,2024-06-30,3,0.9293321967124939
3d3a04738c65cc651f0fbd63,002728.SZ,特一药业,2024-06-30,3,0.8542793989181519
5a559916f0735a6b14df31fc,002748.SZ,世龙实业,2024-06-30,2,0.8848786950111389
d7fd5920b2496e9ba8be2b07,002773.SZ,康弘药业,2024-06-15,3,0.805039644241333
0092eebb23786398dd47c1f0,002801.SZ,微光股份,2024-06-30,0,0.760938286781311
a929bbad54b4572895cebb26,002838.SZ,道恩股份,2024-06-15,2,0.918035626411438
1f056699f358990f94fda165,002843.SZ,泰嘉股份,2024-06-15,2,0.985788881778717
d8e7ad4f44d7538b881c4ca0,002905.SZ,金逸影视,2024-06-30,1,0.9342699646949768
b168339eec4544f1420f9239,300357.SZ,我武生物,2024-06-30,3,0.8061288595199585
279f5c1269d0ada7ce14160a,300359.SZ,全通教育,2024-06-15,1,0.9195295572280884
cd25b67b8350839129bd1653,300360.SZ,炬华科技,2024-06-15,1,0.9993533492088318
5ee7bce20a53c24867751266,300363.SZ,博腾股份,2024-06-15,3,0.9060354232788086
82fca1a52ebcd96bbeb8ae6d,300365.SZ,恒华科技,2024-06-15,1,0.9284680485725403
886c0f6010183021b4ec6d46,300373.SZ,扬杰科技,2024-06-15,4,0.786949098110199
de70496bd4f6c00e9ce17bd0,300376.SZ,易事特,2024-06-15,0,0.7551658749580383
9478646da7222a2c5ff96aa1,300377.SZ,赢时胜,2024-06-15,1,0.8924878239631653
2a2642877bce0fd6a179808f,300378.SZ,鼎捷数智,2024-06-15,1,0.9642667770385742
34da1cad11db136c5430133a,300380.SZ,安硕信息,2024-06-15,1,0.8953531980514526
ab07a2f17eb29c0701e604f6,300385.SZ,雪浪环境,2024-06-15,2,1.0197937488555908
a0c33f6e96b71e13e11c7199,300386.SZ,飞天诚信,2024-06-15,1,0.9532873034477234
7b4b188b394aee233d75bcab,300387.SZ,富邦科技,2024-06-15,1,1.0183049440383911
ac44352f692aec3912be1791,300390.SZ,天华新能,2024-06-15,2,0.9663234949111938
af7da7b0c3bbc8b562727a7b,300399.SZ,天利科技,2024-06-15,1,0.9265180230140686
24d1856aba7d2a079583aef4,300403.SZ,汉宇集团,2024-06-15,4,0.9067089557647705
f989d55e24705b2f09a284ee,300405.SZ,科隆股份,2024-06-15,2,0.9000668525695801
7e3632f86a27b0f0468e6751,300419.SZ,ST浩丰,2024-06-30,1,0.90589439868927
b1622440889fd9db50b97c7a,300476.SZ,胜宏科技,2024-06-15,4,0.7935761213302612
5e6ebc9ec9dc6d4dd1d8eddd,300527.SZ,ST应急,2024-06-15,1,0.9921844601631165
6b9241c749a9356d8ecd58b0,300546.SZ,雄帝科技,2024-06-15,1,0.9514332413673401
4865a8a8430ffa3ebf6f9268,300820.SZ,英杰电气,2024-06-15,0,0.7466968297958374
297492925c5069c7640f6fa9,600023.SH,浙能电力,2024-06-15,1,0.9549902677536011
67e28e11cd6ee7b130621eac,601326.SH,秦港股份,2024-06-30,1,0.9960218071937561
9ac34a3e37336a5725376a10,601579.SH,会稽山,2024-06-30,1,1.0111939907073975
15ad6cbd4e83daaf679e2e51,601865.SH,福莱特,2024-04-05,2,0.9757705330848694
cebf0ecdfb90aff584ebc547,603005.SH,晶方科技,2024-06-15,4,0.8294523358345032
6f5c46f54559bfaf18b96256,603023.SH,威帝股份,2024-06-15,4,0.9810472726821899
49f30fdbe8afbacf2cbaf1fd,603069.SH,海汽集团,2024-06-15,1,0.9875889420509338
c4765037127d9061e10302de,603099.SH,长白山,2024-06-15,1,0.9752931594848633
4a0b4b882ba3e21e5c0f48ff,603100.SH,川仪股份,2024-06-15,4,1.0101152658462524
c4bc8e34475ce8e639ba9a6b,603111.SH,康尼机电,2024-06-15,4,0.9861605167388916
880769229c9c1696a584cfa0,603117.SH,万林物流,2024-06-15,1,0.9710109829902649
5886bf3c12f648ab7ca6d7de,603158.SH,腾龙股份,2024-06-30,4,0.8134419918060303
ee484c5c4838121e03b415c9,603609.SH,禾丰股份,2024-06-30,1,1.0166727304458618
558b2bc4e23f6db712cdfa1f,603979.SH,金诚信,2024-06-15,1,0.9975612163543701
b1307331c45d5217f53dca39,002739.SZ,万达电影,2024-06-30,1,0.9261795282363892
537c8ac9b590b7188a06f5d7,002757.SZ,南兴股份,2024-06-30,4,0.927446722984314
942c015d20161812c9dbd975,002779.SZ,中坚科技,2024-06-15,1,1.0304290056228638
e96e7cac416efd43a6c08563,002796.SZ,世嘉科技,2024-06-15,4,0.9071844220161438
ec4238a4b1a4b5dc8c3c14bd,002798.SZ,帝欧家居,2024-06-15,1,1.0043760538101196
9dad5b63f0c9db1e41a8f7fb,002800.SZ,天顺股份,2024-06-15,1,0.965179443359375
9687d744f142593daa16d4ce,002802.SZ,洪汇新材,2024-06-30,2,0.8264212608337402
11e38eed1c6a8069e8be71ac,300393.SZ,中来股份,2024-06-15,2,0.952568531036377
d1fc32cfb494357a24062729,300409.SZ,道氏技术,2024-06-15,0,0.8406153917312622
4d4a15f42b36911435012346,300411.SZ,金盾股份,2024-06-15,4,0.9281514883041382
eebd5c4765d38ea6d45846cd,300421.SZ,力星股份,2024-06-15,4,0.9358868598937988
147220d0d50775e1a996b108,300430.SZ,诚益通,2024-06-15,3,1.022446870803833
02fb7931c77f6c1bc0a7dc24,300435.SZ,中泰股份,2024-06-15,2,0.9979329109191895
33922bec928d36ffd6321cc2,300436.SZ,广生堂,2024-06-15,3,0.8008016347885132
0bfeb4584e52d48a21eab598,300437.SZ,清水源,2024-06-15,2,0.9568620324134827
015050665e307d4b4f419eb8,300438.SZ,鹏辉能源,2024-06-15,0,0.8278643488883972
dee7b99d2d9af587ad49786c,300467.SZ,迅游科技,2024-06-15,1,0.9224586486816406
620809c4fcb50fdf10af1e03,300475.SZ,香农芯创,2024-06-15,4,0.8586595058441162
7ec40b3f58ca3c3af3e0a12e,300491.SZ,通合科技,2024-06-15,0,0.8239828944206238
e83140a9fcf287d0b74182ef,300501.SZ,海顺新材,2024-06-15,2,0.9721311926841736
070763b633922e5c2d5c66bd,300505.SZ,川金诺,2024-06-15,2,0.9777261018753052
04520f509c1760170c4ae079,300521.SZ,爱司凯,2024-06-30,4,0.9322355389595032
12c007e2c925221c4b477380,300536.SZ,农尚环境,2024-06-15,1,0.9745769500732422
d4e651003e1262e8a0228f35,300579.SZ,数字认证,2024-06-15,1,0.8699941635131836
6a4a96ed2da4bc03346fad2d,300596.SZ,利安隆,2024-06-15,2,0.9058668613433838
66bd5d576a07353728fb7afc,600909.SH,华安证券,2024-06-30,1,0.9343731999397278
169a310d66a4dc862d763ff0,600958.SH,东方证券,2024-06-30,1,0.9280334115028381
ad7b3e280088b6f71bb4300c,601198.SH,东兴证券,2024-06-30,1,0.9162148237228394
17ad5191eed27fc233b15d5c,601211.SH,国泰海通,2024-04-05,1,0.9252755045890808
94c573f966414a99e502ca9b,601226.SH,华电科工,2024-06-30,1,1.0025527477264404
7da8d511fe5913325f33c234,601595.SH,上海电影,2024-06-30,1,0.9368649125099182
228185ba9aeb98118f6cd3d5,601689.SH,拓普集团,2024-03-25,4,0.8705834746360779
4f27a2ea756396df48bc6c06,603010.SH,万盛股份,2024-06-30,2,0.811405599117279
b09d730078ef646952553e8f,603030.SH,全筑股份,2024-06-15,1,0.9679058194160461
7cc44a4e30a1c9234e8f1026,603227.SH,雪峰科技,2024-06-15,2,0.9696802496910095
b7cbe133e1d723826df6a2bd,603309.SH,维力医疗,2024-06-15,3,0.9091171622276306
6b64bbd8fd6728d043468961,603355.SH,莱克电气,2024-06-15,1,1.0244700908660889
c880e668a53c503dd053bb4c,603389.SH,*ST亚振,2024-06-30,1,1.0043330192565918
65b0e9aa9d71f5594105feb7,603611.SH,诺力股份,2024-04-05,0,0.9673774838447571
ebc886950dfc9bf8559bd2fc,603701.SH,德宏股份,2024-06-30,4,0.8243427872657776
ff53d33288ccba1529eadc93,603788.SH,宁波高发,2024-06-30,4,0.8520522713661194
4c610069e6ef677309f599ea,603789.SH,*ST星农,2024-06-15,2,1.004123330116272
f4bce65bd857c5d699cd440e,603818.SH,曲美家居,2024-06-15,1,0.988611102104187
aa6b8616faa99c28c9de9544,603828.SH,ST柯利达,2024-04-05,1,0.9873417615890503
b38d81b4079705f5165f5052,603843.SH,*ST正平,2024-04-05,1,0.9821739196777344
d935b9b6d3212d2890407fb9,603860.SH,中公高科,2024-06-15,1,0.9253796935081482
ea9abf0eff3a7cb12216631d,603889.SH,新澳股份,2024-06-15,2,0.9540598392486572
7692b3fe61e6b6d3e899a5a9,603899.SH,晨光股份,2024-06-15,1,0.9912696480751038
be88cf91303a00484efa10cd,603988.SH,中电电机,2024-06-15,0,0.6644147038459778
cb95f649af5371380f90b116,603997.SH,继峰股份,2024-06-15,4,0.9225502610206604
75ca657e0cc20a3fea508a27,002730.SZ,电光科技,2024-06-15,4,0.9507337212562561
9b4d2622ab180d30a565763d,002732.SZ,燕塘乳业,2024-06-15,1,0.9912468194961548
8087b408259648247bb7888c,002735.SZ,王子新材,2024-06-15,2,0.9526706337928772
9027d3e1be932370cc0d7298,002742.SZ,*ST三圣,2024-06-30,2,0.9800019860267639
7e0ad88a16ff596e3cebc437,002761.SZ,浙江建投,2024-06-30,1,0.9090197682380676
79eb68acf256b84c0fbfa992,002767.SZ,先锋电子,2024-06-15,1,1.016273856163025
c6c182e8ce85535d4c225b33,002768.SZ,国恩股份,2024-06-15,2,0.9175164699554443
950f0a3a883c645dc854cd92,002771.SZ,真视通,2024-06-30,1,0.8688855767250061
5ee5856d665a1531ab387314,002786.SZ,银宝山新,2024-06-30,4,0.8658027052879333
bc302da8d07b5a971bf4fd53,002791.SZ,坚朗五金,2024-06-15,2,1.0096819400787354
7f38e75de484b81774ed0308,002818.SZ,富森美,2024-06-30,1,0.9998292326927185
759d02c54db9d85c91f6b4da,300384.SZ,三联虹普,2024-06-15,2,0.9841826558113098
72e036ff4bf198d3dc143aa4,300398.SZ,飞凯材料,2024-06-15,2,0.8886326551437378
b1df7156bb2a6ec99284225d,300406.SZ,九强生物,2024-06-15,3,0.8740426898002625
24c0d2729afe7fd7816650a3,300415.SZ,伊之密,2024-06-15,4,0.8375331163406372
1476dbb12e6eaf2d5531612f,300417.SZ,南华仪器,2024-06-15,1,1.026702642440796
cb0fcfb363d7c7dd3fd1b191,300441.SZ,鲍斯股份,2024-06-15,4,0.9903202652931213
ee9816ac293b710cfc5613ea,300443.SZ,金雷股份,2024-06-15,0,0.76888507604599
09fd6040c306e724a639ad2d,300448.SZ,浩云科技,2024-06-15,1,0.9141331315040588
5e6cc3530d78f810d2f983a4,300449.SZ,汉邦高科,2024-06-15,1,0.9328308701515198
cbb1654d4233789c570d526a,300452.SZ,山河药辅,2024-06-15,3,0.8865118026733398
6f5d31a6202ddf7cbc36878c,300455.SZ,航天智装,2024-06-15,1,1.0163952112197876
704876aaa4d6dc20a76581c2,300463.SZ,迈克生物,2024-06-15,3,0.9113934636116028
1533ed793ecc58214e5b0757,300511.SZ,雪榕生物,2024-06-30,2,1.014121651649475
ef19fa053e29cfa9aa841610,300513.SZ,恒实科技,2024-06-15,1,1.0175353288650513
df34fd578391dc9da6f35d09,300523.SZ,辰安科技,2024-06-15,1,0.8746131062507629
22c0c153b901e434b70507f4,300530.SZ,领湃科技,2024-06-15,0,0.9270913004875183
db0e4c68a39091f9c62fec93,600959.SH,江苏有线,2024-06-15,1,0.9365045428276062
a6678821404f322d0666b7d3,601021.SH,春秋航空,2024-04-05,1,0.9830455183982849
8dd8a05a50204b1dadde1783,601828.SH,美凯龙,2024-06-30,1,0.975297212600708
a8221d2f3332bc9bb170c50d,603011.SH,合锻智能,2024-06-15,4,0.9060100317001343
0ce57b1b116be2bcdd36450e,603013.SH,亚普股份,2024-06-15,4,0.8950320482254028
0d49ae169373557748202329,603015.SH,弘讯科技,2024-06-15,0,0.7272490859031677
77a2c79441ce986a4f22ad4a,603101.SH,汇嘉时代,2024-06-15,1,0.9495156407356262
15f9beab775b2c1787c8ec70,603116.SH,红蜻蜓,2024-06-30,1,0.9773842692375183
182e8391b2848253009f2ca4,603188.SH,亚邦股份,2024-06-30,2,0.9454755187034607
9c99034ef4579954cba5e784,603318.SH,水发燃气,2024-06-30,1,1.0084666013717651
66bdc181d51cf79cbb6aa2f1,603320.SH,迪贝电气,2024-06-15,0,0.7379467487335205
932f6980609d2a191b1b4ef6,603368.SH,柳药集团,2024-06-30,1,0.9665824770927429
7ea871d7742a51f08f39b808,603369.SH,今世缘,2024-06-30,1,0.9916146993637085
a97a456f51671fa9e7171617,603383.SH,顶点软件,2024-06-15,1,0.9164291024208069
bb3e83914fca6944c01285a3,603528.SH,多伦科技,2024-06-15,1,0.8955175876617432
7b722fc5f1239afeead66ea3,603606.SH,东方电缆,2024-06-15,0,0.75876784324646
096cfa5248c7d921307f2b27,603696.SH,安记食品,2024-06-15,3,0.9194551706314087
2af0b7f22923661973ad42be,603698.SH,航天工程,2024-06-15,2,0.9854714870452881
98e3cac589eb16ea473663a1,603726.SH,朗迪集团,2024-06-15,2,0.9306183457374573
b06950cea435f0077ea900ad,603730.SH,岱美股份,2024-06-15,4,0.9016717076301575
4df4c463d65f5253611230d1,603866.SH,桃李面包,2024-06-15,3,0.9715467095375061
1e5762f55058e7360a81f610,603883.SH,老百姓,2024-06-15,1,0.9508784413337708
c899221791f758f77f60fe40,603959.SH,百利科技,2024-06-15,2,0.9933866262435913
ee84e33804845fb7d09246f7,002729.SZ,好利科技,2024-06-15,4,0.8146989941596985
085f4fca57a44d21f22045db,002733.SZ,雄韬股份,2024-06-15,1,1.0380148887634277
f8cb72ea4bc292e98de11075,002737.SZ,葵花药业,2024-06-15,3,0.9267531633377075
8c45817cfe395aaa55380996,002741.SZ,光华科技,2024-06-30,2,0.9028699398040771
cdb015ec1a61eede8dcddd7a,002747.SZ,埃斯顿,2024-06-15,4,0.8829525113105774
ab9aa26f8f3f9ae1bc3851e6,002749.SZ,国光股份,2024-06-30,3,0.9583708643913269
66c9b226347790db85dcf900,002755.SZ,奥赛康,2024-06-30,3,0.774117112159729
eb0b97e48d8bf6297816eee1,002763.SZ,汇洁股份,2024-06-15,1,0.9810239672660828
40335019e2a78747ef7358b0,002766.SZ,索菱股份,2024-06-15,4,0.8570862412452698
b05d96e51242cad2cf9dbf93,002775.SZ,文科股份,2024-06-30,1,0.8830058574676514
d8ee129c8fe8702c95f8094a,002780.SZ,三夫户外,2024-06-30,1,0.9485343098640442
dfb602dfea915eef4cbb823c,300374.SZ,中铁装配,2024-06-15,1,1.00171959400177
84e2a9b2ad1ad0782c9c9a2f,300407.SZ,凯发电气,2024-06-15,0,0.948373556137085
6ad162e9c8f0739558494df5,300418.SZ,昆仑万维,2024-06-15,1,0.9296385645866394
cf1fdf03392a364eb3650450,300424.SZ,航新科技,2024-06-15,1,0.9802430868148804
182feff234692367aa4942b1,300429.SZ,强力新材,2024-06-15,2,0.9050557613372803
7fe498f1ab16028a13d5651a,300440.SZ,运达科技,2024-06-15,1,1.0063854455947876
7778dd613c957a50e9d1d070,300464.SZ,星徽股份,2024-06-15,1,0.9853960275650024
72903df31d04c0dbaf1b19ee,300465.SZ,高伟达,2024-06-15,1,0.8887423276901245
35c29f7fb70222dd5a015080,300466.SZ,赛摩智能,2024-06-15,0,1.0262744426727295
b9d1e71881b07e93de897169,300469.SZ,信息发展,2024-06-15,1,0.8748551607131958
1f165277f287a6cf7d0ba62e,300479.SZ,神思电子,2024-06-30,1,0.965652346611023
2eb62a25fa06d29fcaddf1ce,300492.SZ,华图山鼎,2024-06-15,1,0.9316754937171936
373993b2930d2a10a5a96f3f,300529.SZ,健帆生物,2024-06-15,3,0.8874635100364685
cf57d5910c558ae862a0058b,300552.SZ,万集科技,2024-06-15,1,0.991422176361084
69c00a39212544ba5408ce0a,601015.SH,陕西黑猫,2024-06-30,2,1.0105748176574707
11ab49a91ce39393e42f32da,601069.SH,西部黄金,2024-06-30,1,1.0175830125808716
0793b14ed90b35e95e0c0876,601512.SH,中新集团,2024-06-30,1,0.980954110622406
dd542e388302f1e089140f42,601811.SH,新华文轩,2024-06-30,1,0.9469264149665833
79b4cddc7e860d946a4a451e,601882.SH,海天精工,2024-06-30,4,0.9860556125640869
95778cdeb05571e688ae3d8f,601968.SH,宝钢包装,2024-06-30,2,0.9430308938026428
d7af31f62dc5af9dc7a737a9,601985.SH,中国核电,2024-03-15,1,0.9643462896347046
29f6832bf4a3350165bbd549,603017.SH,中衡设计,2024-06-15,1,0.913652241230011
b6f33623d96880b5cd9a83f5,603025.SH,大豪科技,2024-06-30,4,1.0210622549057007
6985a6aeb0c3953cab67aca3,603031.SH,安孚科技,2024-04-05,2,1.0167168378829956
90f10508afa23f0e128f7e28,603520.SH,司太立,2024-07-01,3,0.8126653432846069
9796cd53a237a50a3ba7d93e,603567.SH,珍宝岛,2024-06-30,3,0.9240902662277222
b015ddc9c62a3b82ae6e4fe3,603608.SH,天创时尚,2024-06-30,1,0.9624479413032532
d062678f5dea1ab1d5adb98d,603660.SH,苏州科达,2024-06-15,1,0.9328956604003906
7f68d1205157184eb5ce4745,603667.SH,五洲新春,2024-04-05,4,0.8820921778678894
ad71872598240b27c58d47f0,603703.SH,盛洋科技,2024-06-15,4,0.909815788269043
de018f39493427839c741e5e,603779.SH,威龙股份,2024-06-15,1,1.010423183441162
3ad6185537b5b9645c6bf08d,603798.SH,康普顿,2024-06-15,2,1.025956392288208
a46208c09f67b816fdf9f64e,603885.SH,吉祥航空,2024-06-15,1,0.9842156767845154
55821f40ffef3b1228759af4,603901.SH,永创智能,2024-06-15,4,0.9528017044067383
5fe08b7dd1ac190bdf67e040,603909.SH,建发合诚,2024-06-30,1,0.898422122001648
933316f7dc4ad8c7bba2f809,603918.SH,金桥信息,2024-06-15,1,0.8735191226005554
8bdbd182146b86689dc8e4c0,603969.SH,银龙股份,2024-06-30,2,0.9748323559761047
157ffe897c735ff16e669f79,603998.SH,方盛制药,2024-06-15,3,0.8739118576049805
9c2565b399509fbbff828f8e,603999.SH,读者传媒,2024-04-05,1,0.9638006091117859
43bdd16cebdc29997339c577,002760.SZ,凤形股份,2024-06-15,4,0.9507185816764832
259ad8606661b56ef3a23ae9,002762.SZ,*ST金比,2024-06-30,2,0.9457659125328064
e0b355a7ea65d4f7c2f76829,002787.SZ,华源控股,2024-06-15,2,0.9472595453262329
d4c2b0fda57deeeedebaf559,002788.SZ,鹭燕医药,2024-06-30,1,0.9631627202033997
6b05543cd610916bb2b3a222,002789.SZ,*ST建艺,2024-06-30,1,0.9473466277122498
f4d35722c02a086f40a7e604,002793.SZ,罗欣药业,2024-06-15,3,0.7807697057723999
bebbf3e92fe417c882346d96,002806.SZ,华锋股份,2024-06-15,4,0.8059536218643188
cb75c66d118e5318414524c9,002819.SZ,东方中科,2024-06-30,1,0.9917912483215332
82a878463f61a9bb7da7b735,002822.SZ,ST中装,2024-06-15,1,0.9695049524307251
c2a8b4ec88c917e37870b970,300432.SZ,富临精工,2024-06-15,4,0.8437628746032715
b0be4a966fb7b788c9642b51,300471.SZ,厚普股份,2024-06-15,0,1.0068527460098267
fa6fe279f5ccd38c698eb3c8,300472.SZ,*ST新元,2024-06-30,4,0.9296296238899231
b69912668e9d988b42079e8b,300478.SZ,杭州高新,2024-06-15,2,0.9781120419502258
676ecc746181d321e39c2119,300480.SZ,光力科技,2024-06-15,4,0.9746636152267456
c571340e45953ba180fcdc9b,300484.SZ,蓝海华腾,2024-06-15,0,0.7254055142402649
0b44f6febdb640f0824de0a5,300486.SZ,东杰智能,2024-06-15,1,1.0201162099838257
a31dac782f9051a4bd1dab74,300489.SZ,光智科技,2024-06-15,4,0.8284736275672913
3192ce6353e718ccd7de979f,300490.SZ,华自科技,2024-06-15,1,1.0112104415893555
c054cac97eb010cadf312925,300494.SZ,盛天网络,2024-06-15,1,0.9390398263931274
29e83509871c9eef5e4d8a84,300496.SZ,中科创达,2024-06-15,1,0.9656326770782471
8232d1ac48429e91b5347c17,300522.SZ,世名科技,2024-06-15,2,0.9524173140525818
b62bb14efd8032c1e628a6fc,300534.SZ,陇神戎发,2024-06-15,3,0.9255000948905945
2d9aada0a634a9b31e4b3c7a,300535.SZ,达威股份,2024-06-15,2,0.87469083070755
cbd4b74b5c7de93fef1be06e,300547.SZ,川环科技,2024-06-15,4,0.8777783513069153
d1dfbff390cb955f8090e187,300555.SZ,ST路通,2024-06-30,1,1.0123350620269775
57bd35abd4baf7ebba8efb56,300559.SZ,佳发教育,2024-06-15,1,1.0166165828704834
c379f8a92a15fa6f6afc454a,300806.SZ,斯迪克,2024-06-15,4,0.9134751558303833
28a8811f71df4457448b2715,600939.SH,重庆建工,2024-06-15,1,0.9222044944763184
60ea5eca1a255afaacd99942,601500.SH,通用股份,2024-06-30,2,0.9427143335342407
1baf452d78cbe89b5febace3,603012.SH,创力集团,2024-06-15,0,0.9773015379905701
8564232ccf7013198ed74721,603021.SH,ST华鹏,2024-06-30,2,0.9786763787269592
a38fa4462631e54147d7fe1a,603090.SH,宏盛股份,2024-06-15,4,0.8846973180770874
42170f192ce57ff12747ed67,603118.SH,共进股份,2024-06-15,4,1.0026953220367432
2aa67e4dd8848c3f33158660,603160.SH,汇顶科技,2024-06-30,4,0.8766809105873108
ac525e49b9af56d4a1298671,603421.SH,鼎信通讯,2024-06-30,1,0.989070475101471
b9e6c449e193c0c8982e458d,603515.SH,欧普照明,2024-06-15,1,1.0151829719543457
b288ae6af9c7d0354e9057df,603556.SH,海兴电力,2024-06-15,1,0.9913727045059204
d9e6700c7a40f4fc4d602250,603558.SH,健盛集团,2024-06-15,2,0.9944801330566406
e6c8472abc25d74e2e3b6829,603569.SH,长久物流,2024-06-15,1,1.0118622779846191
d82bf31a171b40eff36bc79a,603588.SH,高能环境,2024-06-15,1,0.9274054765701294
d6fc5482cc780742d3713a51,603612.SH,索通发展,2024-06-30,2,0.9393948316574097
f9a4ebbe0b07fa0222efe159,603618.SH,杭电股份,2024-06-15,0,0.7806505560874939
9f4902a3715705df0fdcaf50,603636.SH,南威软件,2024-06-15,1,0.8835721611976624
70759d87f5cb80c95a9c7033,603663.SH,三祥新材,2024-06-15,2,0.9196444153785706
6e011b936ca6411e9e90c5ec,603816.SH,顾家家居,2024-06-15,1,0.9913530349731445
09c708db5c01e769653e35d5,603868.SH,飞科电器,2024-06-15,1,1.006072998046875
ab9e7e15daa8ecfbe477c4a6,603887.SH,城地香江,2024-06-15,1,0.8966450095176697
8a6fc879e2a177e2c39ddc32,603898.SH,好莱客,2024-06-30,1,1.0003358125686646
7e1e509d40142b992d1b252a,603919.SH,金徽酒,2024-06-30,1,1.0100057125091553
fd9b43a7fb0a860e80c6ac26,603986.SH,兆易创新,2024-06-15,4,0.8653125762939453
5f77381149e6502dc7fff02f,002753.SZ,永东股份,2024-06-30,2,0.9225707054138184
da63df3f15aaf55c14e190de,002758.SZ,浙农股份,2024-06-30,1,1.0075676441192627
8cb641e51d2ffdfd58d9f405,002759.SZ,天际股份,2024-06-15,0,0.7879518270492554
88dd5685918794410ad01e5f,002790.SZ,瑞尔特,2024-06-15,2,0.9954141974449158
81ff64aa7f0e6a3d7d1da66f,002795.SZ,永和智控,2024-06-15,4,0.9522815942764282
7f1bb28c1f7547b41d6f1bc5,002797.SZ,第一创业,2024-06-30,1,0.925308346748352
8f742f19b5ad94eb2b73010a,002809.SZ,红墙股份,2024-06-30,2,0.8548784255981445
0cd1f3323e3393fe68bd7ab2,002811.SZ,郑中设计,2024-06-30,1,0.9675613641738892
ce8aed5f496dc57578520423,002817.SZ,黄山胶囊,2024-06-15,3,0.8818086981773376
d2d3fae94e2d8c1841c214cc,002821.SZ,凯莱英,2024-03-15,3,0.9277948141098022
2c2ec87921d07e3e16aa45c6,002832.SZ,比音勒芬,2024-06-15,1,0.9726654887199402
6b6f2e5bbfc023d07a25fa14,002923.SZ,润都股份,2024-06-15,3,0.7862985730171204
3adbe9bc5662c5bc986cb81d,002979.SZ,雷赛智能,2024-06-30,4,0.8395939469337463
a1dd8f73fb703743203014b2,300410.SZ,正业科技,2024-06-15,4,0.8006102442741394
8d009f7af968d641b6d1213e,300414.SZ,中光防雷,2024-06-15,4,0.9321547746658325
365af07a6982791e484c67f2,300425.SZ,中建环能,2024-06-15,1,1.005905032157898
2575fcca240d83c444d779cc,300433.SZ,蓝思科技,2024-06-15,4,0.8469707369804382
0d68a859ba9e8e00e5acd32d,300453.SZ,三鑫医疗,2024-06-15,3,0.9252997040748596
b67440f112ed07dd85f89a24,300460.SZ,ST惠伦,2024-06-15,4,0.7832600474357605
acaa404bc1b86d1e2c10e8c5,300462.SZ,ST华铭,2024-06-15,1,0.9476776719093323
f4644c6b90774cc81cecb10d,300470.SZ,中密控股,2024-06-15,4,0.9379324913024902
c0ebc6d384f8a3e92644102e,300500.SZ,启迪设计,2024-06-15,1,0.9125539064407349
3ceadfa403b4c367bfd600a0,300506.SZ,ST名家汇,2024-06-30,1,0.9113715291023254
1599e6cb9e6531ab1b8233be,300512.SZ,中亚股份,2024-06-15,4,0.9587234854698181
1d35748f8262319bacd53f88,300517.SZ,海波重科,2024-06-30,1,1.001543641090393
969c86a4156d5ebb6bbbe2cc,300518.SZ,新迅达,2024-06-15,4,1.010108470916748
85769c1d945cad5d4c661a94,300519.SZ,新光药业,2024-06-15,3,0.8654059171676636
bce95a3d00896378309091b6,300533.SZ,冰川网络,2024-06-15,1,0.9407877922058105
a313a4005460202cf73f9449,300664.SZ,鹏鹞环保,2024-06-15,1,0.9766401648521423
7b91a4f46e6e5bd8aedf6e73,600936.SH,北投科技,2024-06-15,1,0.9997356534004211
c59f2c1b2b78eae37f8f1a74,601212.SH,白银有色,2024-06-30,2,0.9980528354644775
ae4320eaf2a99937815fcf34,601366.SH,利群股份,2024-06-30,1,0.9625560641288757
60df2ca4d0d1275268762583,601606.SH,长城军工,2024-06-30,4,1.0196493864059448
d32de20fc6568c828cf37445,601900.SH,南方传媒,2024-06-30,1,0.9447118043899536
8100d9f2f4fe2a72e62bd34d,603060.SH,国检集团,2024-06-15,1,0.9140608906745911
0daf7a7b2138a3346a37b838,603159.SH,上海亚虹,2024-07-01,3,0.9769631028175354
fb6c10b0938b5c97f55e5be4,603189.SH,网达软件,2024-06-15,1,0.9229959845542908
c4e7927d676b4e1b4ad7079e,603317.SH,天味食品,2024-06-15,3,0.93032306432724
d3151581ba581ce19814ff4d,603367.SH,辰欣药业,2024-06-15,3,0.7813442945480347
e88a2c2ea9622c83de40b866,603589.SH,口子窖,2024-06-30,1,1.0022543668746948
f9c253b48e6b9a8087e6a7a7,603600.SH,永艺股份,2024-06-15,2,0.9844214916229248
ad7dec412d86a2fc76f5ecf3,603616.SH,韩建河山,2024-06-15,2,1.0144011974334717
fc7b7d81ad469e1f4ef228be,603690.SH,至纯科技,2024-04-05,4,0.8576703071594238
f534b51d5c1a30e29daaf1f8,603718.SH,海利生物,2024-06-15,3,0.9725465774536133
0801605d22670ecb290c2f32,603799.SH,华友钴业,2024-06-15,2,0.9426052570343018
4ac12c0f0a180c456d97746b,603800.SH,洪田股份,2024-06-15,4,0.977702796459198
6d960041c1998a2427a30330,603825.SH,ST华扬,2024-06-15,4,0.981169581413269
fe07387c1fc4a54980d5ee9f,603900.SH,莱绅通灵,2024-06-15,1,0.9801692962646484
26d80332c3373338d43f5db7,603936.SH,博敏电子,2024-06-30,4,0.7882104516029358
6d44a12177266abfdc76ba43,603977.SH,国泰集团,2024-06-15,2,0.9851643443107605
6f42215b3ae58dc198aeccae,002731.SZ,ST萃华,2024-06-30,1,0.9894664883613586
54689221118b48e5c277bb21,002777.SZ,久远银海,2024-06-15,1,0.881342351436615
1bce1d14c4663f6eb1db6dc8,002803.SZ,吉宏股份,2024-06-15,2,1.0106520652770996
be5b230226913408ad609966,002813.SZ,路畅科技,2024-06-15,4,0.8591839075088501
139dd4cd5dab78b12de7b1a7,002820.SZ,桂发祥,2024-06-15,3,0.9784432649612427
862d0497192613330bce23fa,002823.SZ,凯中精密,2024-06-15,4,0.8385310173034668
e05d38a2d37a16420457b363,003016.SZ,欣贺股份,2024-06-30,1,0.9717041254043579
f2476f058bf38892001e9d7f,300364.SZ,中文在线,2024-06-15,1,0.949444591999054
bffffc6cded1b749caddd996,300395.SZ,菲利华,2024-06-15,2,0.9894604086875916
2d1f83d643244e22528db54f,300404.SZ,博济医药,2024-06-15,3,0.8982290029525757
8f107d136d38a84e68a12593,300416.SZ,苏试试验,2024-06-15,4,0.9674628376960754
097ede9623a83151fba5f3fd,300420.SZ,五洋自控,2024-06-15,4,0.8971845507621765
9f3425b2011cc0b7a75bd649,300423.SZ,昇辉科技,2024-06-15,0,0.7979085445404053
019d6bad4fa6fe0a747900db,300442.SZ,润泽科技,2024-06-15,1,0.9739391207695007
6eb8ef3837d0a7c522bfec92,300447.SZ,全信股份,2024-06-15,0,0.8350208401679993
c34ee7760278fc695329bec5,300456.SZ,赛微电子,2024-06-15,4,0.8451414704322815
7ec3129d2757729f449e8a34,300461.SZ,田中精机,2024-06-15,4,0.7926079630851746
cf59e5322c2efb55cf7e99b9,300468.SZ,四方精创,2024-06-15,1,0.8976477384567261
e52da746ae5dee8b72c4fd49,300485.SZ,赛升药业,2024-06-15,3,0.8031519055366516
67eda3f36097e304b9335d4a,300510.SZ,金冠股份,2024-06-15,0,0.9298452138900757
0399750e3b0ca46358ca9725,300516.SZ,久之洋,2024-06-15,4,0.9948717951774597
06531a6dd5482b208f56f9b1,300520.SZ,科大国创,2024-06-15,1,0.9123598337173462
5b33d48ff1206150d053a1c1,300528.SZ,幸福蓝海,2024-06-15,1,0.9421142935752869
d9bbf56020c492a122ada24b,300537.SZ,广信材料,2024-06-15,4,0.965831995010376
5eda2a9e6f59c5027f6f0892,300572.SZ,安车检测,2024-06-15,1,0.9637330770492554
f6b6b162f0df174b2456144d,301130.SZ,西点药业,2024-06-15,3,0.8657926917076111
3c71a2170a34d54851e9ca3f,601086.SH,国芳集团,2024-06-30,1,0.9719330072402954
c45e3535fb06b4cdf241e234,601611.SH,中国核建,2024-06-30,1,0.9421262145042419
9af0f1c0ba89a61e97ba950f,601966.SH,玲珑轮胎,2024-06-30,2,1.0116546154022217
720e05b3e68f7b260769e68c,603018.SH,华设集团,2024-06-30,1,0.88331538438797
582cf7aeba3aa0572bbf37f3,603020.SH,爱普股份,2024-06-15,3,0.907315731048584
0ecf391907a83f4e2da6006b,603022.SH,新通联,2024-06-15,2,0.9874996542930603
74c7774fd757e96f73d20474,603085.SH,天成自控,2024-06-30,4,0.9067320823669434
a6e93b402eb7f4ca07d3d4ff,603108.SH,润达医疗,2024-06-15,1,0.9692838191986084
4c1b8e792f8b9ad519acfdaf,603131.SH,上海沪工,2024-06-15,4,0.8720922470092773
24d1ab0922eb80e90fc37f37,603169.SH,兰石重装,2024-06-30,2,0.9972493648529053
304a8eba29fe310de6931477,603198.SH,迎驾贡酒,2024-06-15,1,1.0114965438842773
4542ae34899655609526ff7d,603222.SH,济民健康,2024-06-15,3,0.9007671475410461
9da59bdb33e48a64d1248beb,603266.SH,天龙股份,2024-06-30,4,0.883488118648529
78e7b5688f4422b7d6ee2aee,603268.SH,*ST松发,2024-06-30,2,1.0119200944900513
19bef2aad1a47e223fef14de,603306.SH,华懋科技,2024-06-15,4,0.8541685342788696
eb518a08092553cfc7b31c5a,603315.SH,福鞍股份,2024-06-15,2,0.959036111831665
69ba00aac09f48a6f69d7295,603338.SH,浙江鼎力,2024-06-15,2,1.0307812690734863
904e21492f7199705bfa017c,603339.SH,四方科技,2024-06-15,4,0.9899023771286011
36d5b978731b8a1f8c19a1bc,603377.SH,ST东时,2024-06-15,1,1.0262014865875244
c5be5a03e47f022b77cc5a5a,603508.SH,思维列控,2024-06-15,1,0.9906802773475647
ce974474378b3d98c29f9e9c,603738.SH,泰晶科技,2024-06-15,4,0.8212016224861145
be2cf196933944f3aec67845,603929.SH,亚翔集成,2024-06-15,1,1.0272598266601562
1754b359c2f94999eafa9672,603939.SH,益丰药房,2024-06-15,1,0.9523690938949585
cd19d98bf42ecba67cc39859,603958.SH,哈森股份,2024-06-15,1,0.9972178936004639
03135a97dc7947e4ac69c52d,002772.SZ,众兴菌业,2024-06-30,2,1.019041895866394
ee15c3928d379bc3cc2fefeb,002812.SZ,恩捷股份,2024-06-30,2,0.9683151245117188
7ce1c275356b8ec26458aacc,002825.SZ,纳尔股份,2024-06-30,2,0.864456832408905
28f5171ace5b8970d8a57d71,002828.SZ,贝肯能源,2024-06-30,1,0.9957733154296875
3624688e10186e3b3605a851,002829.SZ,星网宇达,2024-06-15,4,1.010472059249878
408de34d4915e1d3fedfaf5c,002856.SZ,美芝股份,2024-06-15,1,0.9565371870994568
a86b2921205504ed9bc6a4f9,300412.SZ,迦南科技,2024-06-30,3,0.9463896155357361
e372bfafca5adc6bdffc97bd,300422.SZ,博世科,2024-06-15,1,0.9615910649299622
6ae0cd6b2b413642a39321b7,300473.SZ,德尔股份,2024-06-15,4,0.8948332071304321
0e0e2c1098eba9d313444e49,300474.SZ,景嘉微,2024-06-15,4,0.906159520149231
820b10f33b58d25e3f936937,300497.SZ,富祥药业,2024-06-15,3,0.8425912261009216
c8dc0b0a6a302baef1b2db9f,300499.SZ,高澜股份,2024-06-15,4,0.8858420848846436
4cc7b82c404e2e782bb5ac12,300503.SZ,昊志机电,2024-06-15,4,0.8587567210197449
9377ade8a6386c696cea9630,300508.SZ,维宏股份,2024-06-15,4,0.9644317030906677
537622f264597c7a59cb4dd3,300509.SZ,新美星,2024-06-15,4,0.9569839239120483
3bbfea12ddcbf4f82f83c6a3,300525.SZ,博思软件,2024-06-15,1,0.8808132410049438
c134e5e6aaa85dcc9009ac24,300542.SZ,新晨科技,2024-06-15,1,0.8872027397155762
c064534c0898e17e0d512f86,300543.SZ,朗科智能,2024-06-15,4,0.8126024007797241
312a5e0fb0ce7ac841e88cfd,300545.SZ,联得装备,2024-06-15,4,0.786587119102478
6909b58871c5b2cebdb6679d,300549.SZ,优德精密,2024-06-15,4,0.8111512064933777
63468b2e9717fd59c6651ce5,300586.SZ,美联新材,2024-06-15,2,0.8641440868377686
66286043d4993bd3503c144c,300600.SZ,国瑞科技,2024-06-30,1,1.025018334388733
9e3dcc97567e8ccefdaa7ff5,601127.SH,赛力斯,2024-04-05,1,1.0101661682128906
755d22b94676048d9275004a,603007.SH,*ST花王,2024-06-30,1,0.9103336930274963
3a3f32f706317747654adbe6,603026.SH,石大胜华,2024-06-15,2,0.8843466639518738
e18f9643e29409e55cfc3af2,603027.SH,千禾味业,2024-06-15,3,0.9061782360076904
318c66f3cce751218c450e5f,603028.SH,赛福天,2024-06-15,2,1.0124623775482178
6168beb621f4198b676ea70b,603029.SH,天鹅股份,2024-06-15,2,1.0179795026779175
7dfd8ef0098cd1bbf57e933d,603033.SH,三维股份,2024-06-15,2,0.978693425655365
78049dd7ed612466e9853fd8,603036.SH,如通股份,2024-06-15,4,0.9489877820014954
638df7a4708e31b583a8b479,603043.SH,广州酒家,2024-07-01,3,0.964885950088501
e9148ff790c3853618d43375,603066.SH,音飞储存,2024-06-15,1,1.0031789541244507
18d658687b5139983b69e138,603258.SH,电魂网络,2024-06-15,1,0.9210135340690613
7d36148ba793d273595df13d,603299.SH,苏盐井神,2024-06-15,3,0.9713983535766602
5f9567044b3a8162a8b778d9,603311.SH,金海高科,2024-06-15,2,0.9615667462348938
31f4419ee7cec4b0499cb60d,603313.SH,梦百合,2024-06-15,2,0.9982942938804626
2b33bb9b1d4fbc8845420eb6,603319.SH,美湖股份,2024-06-15,1,1.0072996616363525
46441880e1c6c45495f7d454,603444.SH,吉比特,2024-04-05,1,0.9153850674629211
e6019a9cb9cb23d8aa067fe8,603568.SH,伟明环保,2024-06-30,1,0.9302285313606262
3e3f35373e5cd0c7b2f82b14,603602.SH,纵横通信,2024-06-15,1,0.8993268013000488
745313876c124cb266036dbf,603639.SH,海利尔,2024-06-15,3,0.944256603717804
439e9cdcfe82af9a0561e797,603658.SH,安图生物,2024-06-15,3,0.9389902353286743
a010afbe47e4dc46914f645d,603678.SH,火炬电子,2024-06-15,4,0.8861780166625977
bf429f6994edca25de05d8d9,603819.SH,神力股份,2024-06-30,0,0.6839345693588257
244a27a74afda6b6a74113b5,603822.SH,ST嘉澳,2024-06-15,2,0.8397243022918701
ab74f049fd2582df63404f48,603838.SH,*ST四通,2024-04-05,2,0.9522024393081665
c5e4a729ae0753782429ecef,603859.SH,能科科技,2024-06-15,1,0.9897414445877075
b251d9dcb106d3b6f54e2c5e,603869.SH,ST智知,2024-06-15,1,0.9598094820976257
a35f0d21eb2785e692ce762e,603878.SH,武进不锈,2024-06-15,2,0.9673975110054016
a00e1d1c690d14524616e37b,603987.SH,康德莱,2024-06-15,3,0.9171404242515564
033bfd4b3960eb9cd6672893,002736.SZ,国信证券,2024-06-15,1,0.9220975041389465
0c3037f904d296b55f7907dc,002765.SZ,蓝黛科技,2024-06-30,4,0.9173094630241394
5c215a8774d09f4a1bdae00b,002785.SZ,万里石,2024-06-15,2,1.0047476291656494
19f4bd79484797effadb7003,002810.SZ,山东赫达,2024-06-30,2,0.8668407797813416
b76000afe5692552a8fbd5ec,002816.SZ,*ST和科,2024-06-30,4,0.8788744211196899
2790447ec390b723ec6c5233,002835.SZ,同为股份,2024-06-15,1,1.0064797401428223
7d580025d25335f23a690240,300426.SZ,华智数媒,2024-06-15,1,1.0045732259750366
d4cf02538031744a2744ed8a,300427.SZ,红相股份,2024-06-15,0,0.864395797252655
02548769b5f6a19ba8ac8395,300428.SZ,立中集团,2024-06-15,2,0.9334229230880737
62633f0b7fc96f0c1f19e3a0,300434.SZ,金石亚药,2024-06-15,3,0.8092135190963745
5809158c7de8618d2e8c593f,300439.SZ,美康生物,2024-06-15,3,0.8725852370262146
e457b2700d16745eecdd924d,300446.SZ,航天智造,2024-06-15,4,0.9709732532501221
5315867c74c9a2f4489bd778,300450.SZ,先导智能,2024-06-15,4,0.7846809029579163
374cbf074def75d26a5f3bcb,300457.SZ,赢合科技,2024-06-15,4,0.8438101410865784
6f3e08dc42485830c5de2f0b,300459.SZ,汤姆猫,2024-06-15,1,0.9104325771331787
98a4dfc8157af2787dea3743,300482.SZ,万孚生物,2024-06-15,3,0.9085673093795776
d5a0c110994735a3aee7cd95,300487.SZ,蓝晓科技,2024-06-15,2,0.9206253290176392
46637d5938f8e36892e41810,300488.SZ,恒锋工具,2024-06-15,4,0.8880494236946106
f33e4529d72334d5a307afb0,300493.SZ,润欣科技,2024-06-15,4,0.9262558221817017
225959ad4a6f620c4abfb3c6,300502.SZ,新易盛,2024-06-15,4,0.9526635408401489
09de74da32243f117bf5d50a,300531.SZ,优博讯,2024-06-15,4,0.9992396235466003
d91a33ff78efffcb9b78179a,300539.SZ,横河精密,2024-06-15,4,0.9454872608184814
5f453b87ef8c3e00c55c04ae,300548.SZ,长川科技,2024-06-15,4,0.8937754034996033
9228a92227ef1e3696f1937a,300560.SZ,中富通,2024-06-15,1,0.9227015972137451
fa8598ee63a075256ed2fa02,300561.SZ,*ST汇科,2024-06-30,4,0.9550434350967407
117fc81e96c31eff351e37a2,300564.SZ,筑博设计,2024-06-15,1,0.972417414188385
1969d7fca3af3e0c74c837b0,300570.SZ,太辰光,2024-06-15,4,0.9255710244178772
2c301c5a417e15b671603690,300573.SZ,兴齐眼药,2024-06-15,3,0.8466227054595947
289a1db3170bf87ce1604eee,300665.SZ,飞鹿股份,2024-06-15,2,0.9829800128936768
b08d84a2da0e31a7882bff2f,600977.SH,中国电影,2024-06-15,1,0.9508620500564575
48ed86b825f8514d7bcbf8f2,601878.SH,浙商证券,2024-06-30,1,0.9260106682777405
8eb96f0bb4d5fb4511e9fb1f,603016.SH,新宏泰,2024-06-15,0,0.6814702153205872
dd202c755268c8acb5ce7325,603019.SH,中科曙光,2024-06-15,1,0.9696251749992371
dcddb35caa51e82d4da014c7,603067.SH,振华股份,2024-04-05,2,0.8576904535293579
8830041735e0f308d0983e86,603223.SH,恒通股份,2024-06-15,1,1.014627456665039
9ce3cb0d82a0c11eaabd0161,603300.SH,海南华铁,2024-06-15,2,1.03183913230896
aaed1b2ab914e8de4d19d722,603345.SH,安井食品,2024-04-05,3,0.9539257884025574
4f11f78a781e21f615c6a0b2,603398.SH,*ST沐邦,2024-06-30,0,0.9354377388954163
704e227e28607d36e5a99733,603519.SH,立霸股份,2024-06-30,2,0.9339724779129028
a81c2dd8e0b16f27c7d709ca,603598.SH,引力传媒,2024-06-15,1,0.8967950344085693
fbf62bb2badada23a2b63d57,603601.SH,再升科技,2024-06-30,2,0.9897699952125549
26430ed1ab848338b89fe3be,603628.SH,清源股份,2024-06-15,0,0.8559749126434326
733ac85e8753ec23bc8c5bd6,603682.SH,锦和商管,2024-06-15,1,0.9732035398483276
9f7c69838a62bd366cbb9248,603689.SH,皖天然气,2024-06-15,1,0.948120653629303
f132cc6d6dd34b7762db2510,603737.SH,三棵树,2024-06-15,2,0.9921799898147583
f51515279b0fc23966239960,603778.SH,国晟科技,2024-06-15,1,1.0202932357788086
6336ba4b474013d4fc4fee17,603808.SH,歌力思,2024-06-15,1,0.9696774482727051
3ead776b1564f69698ce51fe,603858.SH,步长制药,2024-06-15,3,0.8467690348625183
497a0a4055a8fc9dbd0dfb94,603886.SH,元祖股份,2024-04-05,3,0.9588882923126221
c76071baf36c94a48c93856a,603968.SH,醋化股份,2024-06-15,2,0.8670470118522644
97e5541fbe546af39d85d829,002807.SZ,江阴银行,2024-06-30,1,0.9290440082550049
7d7295c167bee6af13da2a35,002824.SZ,和胜股份,2024-06-15,4,0.9836159944534302
d843f44cac7bd768147e1110,002836.SZ,新宏泽,2024-06-15,2,0.998170793056488
2a4f0ca64e37a0875685ad43,002839.SZ,张家港行,2024-06-30,1,0.9316315054893494
31f4cb6c9b528b331c673ba3,002842.SZ,翔鹭钨业,2024-06-15,2,0.9317525029182434
ab9b15638f5fdb5f247c27d6,002865.SZ,钧达股份,2024-06-30,0,0.9990879893302917
dec8856bba375427754a8bbe,300394.SZ,天孚通信,2024-06-15,4,0.9013722538948059
abe22c14122ec3819863e643,300408.SZ,三环集团,2024-06-15,4,0.7778116464614868
d9c36ca37521790692752f31,300413.SZ,芒果超媒,2024-06-30,1,0.9499489068984985
c143cd7935e036fc90a62560,300451.SZ,创业慧康,2024-06-15,1,0.887832760810852
4c6a6f6963cb5e7b234da340,300458.SZ,全志科技,2024-06-15,4,0.8806235194206238
2d0fbe8d557b5d2cd138fe63,300481.SZ,濮阳惠成,2024-06-15,2,0.883098304271698
bffaafd38a753e82f627ddf4,300515.SZ,三德科技,2024-06-15,1,1.0283321142196655
c983669c085d7078280f5cc5,300538.SZ,同益股份,2024-06-15,4,0.9703124165534973
3b44fed787c8d1cedd5cae9e,300540.SZ,蜀道装备,2024-06-15,2,1.0157058238983154
a7197b485e52a5e80ffa257b,300541.SZ,先进数通,2024-06-15,1,0.8895480632781982
ad826766d8f98bdc4986358f,300550.SZ,和仁科技,2024-06-15,1,0.9023174047470093
f47b55480749ea5218b2f1b6,300551.SZ,古鳌科技,2024-06-15,1,0.9600801467895508
6fc75e5fc6d0ec3112dc3500,300553.SZ,集智股份,2024-06-15,4,0.8979834318161011
fa0132d08f350489410842d1,300556.SZ,丝路视觉,2024-06-15,1,0.8727209568023682
d9b3dfe3ad764baeaee763a9,300558.SZ,贝达药业,2024-06-15,3,0.7979903817176819
c748ee2c39d9f4fce2f6ab47,300569.SZ,天能重工,2024-06-15,0,0.8083962798118591
08b809f5c53dc8179fc35325,300631.SZ,久吾高科,2024-06-15,2,0.9453730583190918
72123f453cdf320c629aa74e,300847.SZ,中船汉光,2024-06-15,2,1.0112671852111816
fdb34ae9f79567214ce85996,300938.SZ,信测标准,2024-06-15,1,1.0131531953811646
e43c459e793ffc2b450aaafc,600908.SH,无锡银行,2024-06-30,1,0.934619128704071
403ccb81788c30da11d64a2d,600919.SH,江苏银行,2024-03-15,1,0.933528482913971
4e0fbdaa8e6ef1bd26cd8162,600926.SH,杭州银行,2024-04-05,1,0.9360088109970093
933436e2302b0e5fe4f0c0d3,601128.SH,常熟银行,2024-06-30,1,0.9319209456443787
a05fe43c4334fae188bf26f6,601163.SH,三角轮胎,2024-06-30,2,0.93736732006073
8147088ef31d5c5f24efbc21,601229.SH,上海银行,2024-04-05,1,0.9327160716056824
f5b421da3193a06514d91dc3,601858.SH,中国科传,2024-06-15,1,0.9593865275382996
650946b69578d3093e59d650,601997.SH,贵阳银行,2024-06-30,1,0.9566397070884705
3c6310e1de3933a5908ca62d,603035.SH,常熟汽饰,2024-06-15,4,0.895210325717926
9bce90e277a2d405774b6757,603098.SH,森特股份,2024-06-30,1,1.015109896659851
4b7fae4c93de86ff7b36e55e,603186.SH,华正新材,2024-06-30,4,0.8238837718963623
62c663a7881691e4b5532d5f,603203.SH,快克智能,2024-06-15,4,0.7895122766494751
300fb46e40dd317a10830f36,603239.SH,浙江仙通,2024-06-15,4,0.8755021095275879
cc9ddda5956409742ab84179,603322.SH,超讯通信,2024-06-15,1,0.940157949924469
88a6ef7a2c4d10fb1dc6d10c,603323.SH,苏农银行,2024-06-30,1,0.9319148063659668
612b2b95e21766536455fb3b,603416.SH,信捷电气,2024-06-15,4,0.9309108853340149
f3c6fcf4b7b5e740123b7839,603505.SH,金石资源,2024-06-30,2,0.9073969125747681
3de548b1ad8d366cb591b572,603559.SH,ST通脉,2024-06-15,2,1.035263180732727
e8221d0ce32dd6f462426639,603633.SH,徕木股份,2024-06-15,4,0.7894511818885803
2df1fea26b05a35449438b94,603669.SH,灵康药业,2024-06-15,3,0.9096889495849609
f1b1c6d85e10db8bb609bef3,603708.SH,家家悦,2024-04-05,1,0.9927031993865967
9ebf001c57f4bf456a6c7764,603716.SH,塞力医疗,2024-06-30,1,0.9603312015533447
5cb36ae04ec53e67f618dc39,603727.SH,博迈科,2024-06-15,1,1.019794225692749
a278dec01e4bb53ad6d9021d,603888.SH,新华网,2024-06-15,1,0.9064317941665649
243ad5be0304acefe140443c,603983.SH,丸美生物,2024-07-01,1,1.0014699697494507
c4526b6bdb528f63f173bf84,002831.SZ,裕同科技,2024-06-30,2,1.0137252807617188
6c32e20bbd59b654c58e2e90,002833.SZ,弘亚数控,2024-06-15,4,0.8869708776473999
9ad2f0895f81adf9a0bb3ca3,002837.SZ,英维克,2024-06-15,4,0.9245539307594299
8ab39c88a46e600c424994e1,002840.SZ,华统股份,2024-06-15,3,0.9579902291297913
ee1d39425403b0e9b10431af,002841.SZ,视源股份,2024-06-30,1,0.9925962090492249
038406abae313411442eec4e,002845.SZ,同兴达,2024-06-15,4,0.8018867373466492
7ec344d9071d0a973a2211c0,002848.SZ,*ST高斯,2024-06-30,2,1.0384682416915894
e33516b3fb86ebb623afe7d7,002857.SZ,三晖电气,2024-06-15,1,1.0250791311264038
f2f389f7667b012c4baf9b47,002858.SZ,力盛体育,2024-06-15,1,0.9404814839363098
f749006a0b8748b1758c0b23,002960.SZ,青鸟消防,2024-06-15,4,1.0154297351837158
63164953d9fcb60633b5d502,300504.SZ,天邑股份,2024-06-15,1,1.0020455121994019
a3aefebb2344f85b6a3d536b,300557.SZ,理工光科,2024-06-15,1,1.0105630159378052
c7d9b506fdd8c30006020b44,300562.SZ,乐心医疗,2024-06-15,3,0.9670243263244629
09e14d26f794b062f0f49d87,300563.SZ,神宇股份,2024-06-15,4,0.8838907480239868
8e8f4618a43a3b5470462fbc,300565.SZ,科信技术,2024-06-15,4,0.9953641295433044
86254ebc3968d60195a70c8d,300566.SZ,激智科技,2024-06-15,4,0.8170584440231323
f16255669fb443f7b2287015,300567.SZ,精测电子,2024-06-15,4,0.89710932970047
1b1dc277a73e196b5d1d32bb,300575.SZ,中旗股份,2024-06-15,3,0.9632716774940491
74de036774852158b922cde9,300582.SZ,英飞特,2024-06-15,4,0.8345518112182617
c60b3d46d03a471dfdbc581a,300587.SZ,天铁科技,2024-06-15,2,1.0074490308761597
7073eee38466eceb5985649b,300615.SZ,欣天科技,2024-06-15,4,0.8606298565864563
45987bb07c21cb9aa1a8f781,300623.SZ,捷捷微电,2024-06-30,4,0.7777134776115417
67f39f08dd3c792cc881a6f4,300624.SZ,万兴科技,2024-06-15,1,0.9597796201705933
3ecb77a0cb9edd310157e1eb,300657.SZ,弘信电子,2024-06-15,4,0.8399580717086792
4942625091ea0f0c9263e0df,300686.SZ,智动力,2024-06-15,4,0.790286123752594
b3b71de8d2900fc5c13ab40b,601020.SH,华钰矿业,2024-06-30,2,1.010636806488037
adf46a6bd202bbffd4d93a26,601838.SH,成都银行,2024-06-30,1,0.9342849850654602
9a7154fda4da5007f6d850e8,601881.SH,中国银河,2024-06-30,1,0.9174375534057617
6ffe78c1839a19af8e6b37b9,603086.SH,先达股份,2024-06-15,3,0.9567549824714661
2c570dfd092cd09475bc38cc,603177.SH,德创环保,2024-06-30,2,1.0015426874160767
d4159556b7a86f0f30760c33,603218.SH,日月股份,2024-06-30,0,0.7662042379379272
e4c951da7101180c22b110c5,603228.SH,景旺电子,2024-06-15,4,0.8165821433067322
f72b908d750213c2902d6eb8,603298.SH,杭叉集团,2024-06-30,1,1.0314021110534668
f7dc4f5e298debdd5137a8d6,603336.SH,宏辉果蔬,2024-06-15,1,0.9619206190109253
5cee78942fdfa59f032b169c,603517.SH,ST绝味,2024-04-05,3,0.9482871890068054
993b6b19e36c80cf651e2f8b,603538.SH,美诺华,2024-07-01,3,0.8308762907981873
fc718dbb4682c4fbce0bb08a,603577.SH,汇金通,2024-06-15,0,0.8304131627082825
9b162ba66727d11a670e4bae,603579.SH,荣泰健康,2024-06-15,1,0.9764379262924194
2ca45c740296a7ad48f400e3,603585.SH,苏利股份,2024-06-15,2,0.9563849568367004
38785199d72859a311e9008e,603637.SH,镇海股份,2024-06-15,2,0.9643070697784424
4a4303efa862cb896f1e0740,603638.SH,艾迪精密,2024-06-15,4,0.9355997443199158
b3be4136436ee0ae2d4497e6,603668.SH,天马科技,2024-06-30,1,1.017765760421753
7a06844bfde09756cb698717,603677.SH,奇精机械,2024-06-15,4,0.9374082684516907
2916a87d736dc5c123bc32b5,603797.SH,联泰环保,2024-06-15,1,0.9008705019950867
82b5063f688f64daa3735495,603823.SH,百合花,2024-06-15,2,0.9409047365188599
5768eae2a709983280f231db,603833.SH,欧派家居,2024-06-15,1,0.9878467917442322
3efd02b0e7fa2cab92054a61,603877.SH,太平鸟,2024-06-15,1,0.9667786955833435
e3e84e70ae50e725308ceaa2,603928.SH,兴业股份,2024-06-15,2,0.8597552180290222
835ed71b2536f8660fb19afb,603966.SH,法兰泰克,2024-04-05,4,0.9018786549568176
053e9383f9a6cba28db6ddb5,603990.SH,麦迪科技,2024-07-01,1,0.9116647243499756
5cdb874497fa91c9ca579c93,000166.SZ,申万宏源,2024-03-15,1,0.9441391229629517
3c306a2b905f2d8e719304c7,002846.SZ,英联股份,2024-06-30,2,0.9407398104667664
564f05aa8d4d0b6648a509ab,002847.SZ,盐津铺子,2024-03-15,3,0.9518083930015564
ab0c05203a87b9a2558c3891,002850.SZ,科达利,2024-06-15,0,0.8247012495994568
4e3a57cef0d891b4e3327759,002853.SZ,皮阿诺,2024-06-15,1,1.004432201385498
9f983149888103d9f08c375e,002855.SZ,捷荣技术,2024-06-15,4,0.8588923811912537
2f31c0d245c69365c9599b5c,002861.SZ,瀛通通讯,2024-06-30,4,0.8417389988899231
05ead034999282ccb385137c,002867.SZ,周大生,2024-06-15,1,0.9683561325073242
88814a1a9bf4ae48f84f1c8a,002953.SZ,日丰股份,2024-06-15,0,0.7548338770866394
4f1bd270840471682e035f71,300568.SZ,星源材质,2024-06-15,2,0.8854222297668457
b945e95762a67340ab0fdb36,300571.SZ,平治信息,2024-06-30,1,0.9131917357444763
162ebbd6fe34115d9fb266f9,300576.SZ,容大感光,2024-06-15,2,0.9632952213287354
945dbb04d75d08fa6900b281,300578.SZ,会畅科技,2024-06-15,1,0.9692864418029785
fb5698751e42322a430a471b,300580.SZ,贝斯特,2024-06-15,4,0.8256760835647583
0e78dcf51f76f301e1d9f5af,300581.SZ,晨曦航空,2024-06-15,4,1.0222965478897095
f37945eeb9a81c8a7c71651b,300592.SZ,华凯易佰,2024-06-30,1,0.9405211806297302
c838035bc332ed9d409e2e41,300597.SZ,吉大通信,2024-06-15,1,0.955787718296051
3d7665b04d6cd160e944342f,300598.SZ,诚迈科技,2024-06-15,1,0.966334342956543
8a31e0aa3f84101aab1582b5,300606.SZ,金太阳,2024-06-15,4,0.8764177560806274
bb933f65af04d48e10335324,300619.SZ,金银河,2024-06-15,4,0.8689748644828796
19ac2ab19db8e259db3d019b,300678.SZ,中科信息,2024-06-15,1,1.0132514238357544
fb001c179c05b3c0c49ea15b,300682.SZ,朗新科技,2024-06-15,1,0.9011974334716797
f8f9fbb752a65f4be4c002b1,300684.SZ,中石科技,2024-06-15,4,0.7726144194602966
5ff1e4f48c53e5b368e43b3f,300987.SZ,川网传媒,2024-06-15,1,0.9188935160636902
dc098f4bdd300ce438ffcb0f,601228.SH,广州港,2024-04-05,1,0.9789858460426331
70cafcf429f3ee09cf5da3dd,601375.SH,中原证券,2024-06-15,1,0.9374289512634277
60f565e1076257eff711f69e,603032.SH,德新科技,2024-06-15,4,0.9246525168418884
70c06facb15d63561e9d1a00,603037.SH,凯众股份,2024-06-15,4,0.8693941831588745
f683678acce1d1b571746ad2,603038.SH,华立股份,2024-06-15,2,0.9304007887840271
a06ba486707e5540fd80b5ea,603039.SH,泛微网络,2024-06-15,1,0.9058431386947632
86413f99eee705bb522f23d5,603040.SH,新坐标,2024-06-15,4,0.8357357978820801
d0bbc3840f0c01332e93a594,603089.SH,正裕工业,2024-06-15,4,0.8347500562667847
8f099e265f4e2c1e5f74accd,603165.SH,荣晟环保,2024-06-30,2,0.9560142755508423
eafd8502ddac47663747e261,603208.SH,江山欧派,2024-06-30,2,0.9780325293540955
5d4342e2fd09582719a8d7dd,603217.SH,元利科技,2024-06-30,2,0.8408858776092529
c05a454a7560dc66c0a47499,603238.SH,诺邦股份,2024-06-15,2,0.9381461143493652
0e6d35cdc6b4c956bc8c93ab,603303.SH,得邦照明,2024-06-15,2,1.026841402053833
3515d75e4b59d869370aca69,603330.SH,天洋新材,2024-06-15,2,0.9318603277206421
ca43814043ad8435b67d1612,603337.SH,杰克科技,2024-06-15,4,1.0218019485473633
ee77fb343597d279a29a830f,603358.SH,华达科技,2024-06-15,4,0.9099594950675964
4bdd72f40168f4df81897d36,603360.SH,百傲化学,2024-06-15,2,0.9621344208717346
b9e2f5d044876aab9e4aead3,603378.SH,亚士创能,2024-06-30,2,0.9796302914619446
3974caf2e67ad629f59feaf4,603615.SH,茶花股份,2024-06-15,2,0.9722685217857361
094f4daaac0a1f8db3801461,603626.SH,科森科技,2024-06-15,4,0.8033114671707153
d2f120e19930cc0d2c6cbe28,603665.SH,康隆达,2024-06-15,2,0.9542868137359619
eb80873dbebb7cd2984c9a29,603811.SH,诚意药业,2024-06-30,3,0.7703296542167664
0b0cfb42d9ea306f85ddc5eb,603817.SH,海峡环保,2024-06-15,1,0.9156949520111084
66749bb90e7928ecf78bc847,603839.SH,安正时尚,2024-06-15,1,0.9602247476577759
1ac4cb50134e473a577cd360,603881.SH,数据港,2024-06-15,1,0.8855707049369812
b552b3b1d2d0e6482dfcedc1,603908.SH,牧高笛,2024-06-15,2,1.0139951705932617
04b4681af35b1c8cd182880c,002774.SZ,快意电梯,2024-06-15,1,0.985749363899231
fe297e7d7fda323cc2f05ad6,002849.SZ,威星智能,2024-06-15,1,0.9925580620765686
693e2bd2529ff3b2857630ef,002852.SZ,道道全,2024-06-30,3,0.9457607865333557
39baf62ae58f78e4a2b3d3fa,002862.SZ,实丰文化,2024-06-15,1,1.0077158212661743
d70bd6b8569701ba7dc451dc,002875.SZ,安奈儿,2024-06-30,1,0.9727624654769897
bd2355b5684d7cd4f2d7c350,002878.SZ,元隆雅图,2024-06-30,1,0.9602556228637695
0da91bcea2bc4339877d7e24,002906.SZ,华阳集团,2024-06-30,4,0.8777557015419006
1cd7b2e22c78b890d5c9901a,002961.SZ,瑞达期货,2024-06-30,1,0.9605493545532227
d19e06005679470f82f526e8,003002.SZ,壶化股份,2024-06-15,2,0.990236222743988
f6da53312887c59746a78d87,300577.SZ,开润股份,2024-06-30,1,1.0181505680084229
d3993c5cfa3c622612e05481,300583.SZ,赛托生物,2024-06-15,3,0.9032591581344604
2b6309f6ccbf00202673fa65,300593.SZ,新雷能,2024-06-15,0,0.7347678542137146
aa8fd9c356188ed3590af1f4,300617.SZ,安靠智电,2024-06-30,0,0.6919695734977722
7a50645d974e1e7543803e20,300629.SZ,新劲刚,2024-06-15,4,0.827299952507019
bd25030fe1b01a63ad7803f0,300647.SZ,超频三,2024-06-15,4,0.9510505795478821
47e7e1d69905fad681380642,300659.SZ,中孚信息,2024-06-15,1,1.024390697479248
52ac146e3c71483fa7e96f2a,300756.SZ,金马游乐,2024-06-15,1,1.0237698554992676
15a29f8a3d598d4cdf78c1e4,300787.SZ,海能实业,2024-06-15,4,0.8824183940887451
2827a1db29ea67b178f4066d,300800.SZ,力合科技,2024-06-15,1,0.9925145506858826
e17188eab4f2f8f70d3e5c54,300865.SZ,大宏立,2024-06-15,2,1.0005210638046265
e4ed5222d9959a5b45b18339,300867.SZ,圣元环保,2024-06-15,1,0.9249913692474365
c4c83d4a4306a1cb0e1e9453,300958.SZ,建工修复,2024-06-15,1,0.9419404864311218
e9f35ec35e75c9f3db902117,600996.SH,贵广网络,2024-06-30,1,0.9508577585220337
f9b79e0d4c99c0aee528d3a1,601952.SH,苏垦农发,2024-06-30,1,0.9866113662719727
ef86bad2b1a08824e3161e69,603041.SH,美思德,2024-06-30,2,0.8213481307029724
c68a31eaac8254345eee687b,603050.SH,科林电气,2024-06-15,0,0.9491211175918579
45445f4a8f48417027ea4d82,603078.SH,江化微,2024-06-15,2,0.9508303999900818
8204599932e33eab031ec7ad,603096.SH,新经典,2024-06-15,1,0.9675620198249817
cb4e341442eabcbfdae16700,603113.SH,金能科技,2024-06-15,2,0.8571516275405884
93d2b895c767fed63ba492f3,603138.SH,海量数据,2024-06-15,1,0.9002562165260315
05c64eeb11704735edc122e9,603178.SH,圣龙股份,2024-04-05,4,0.8363655209541321
c4b9c3e61f90ebbee00c3238,603179.SH,新泉股份,2024-06-15,4,0.8978546857833862
987aba1dc6006bd852f43076,603180.SH,金牌家居,2024-06-15,1,1.0012869834899902
ae26dfd2d5a14423e593010a,603385.SH,惠达卫浴,2024-06-15,2,1.002816915512085
6abdf188a52bde077354f86c,603393.SH,新天然气,2024-06-15,1,0.9738767743110657
7109a3fb04262ea15ea5f60c,603396.SH,金辰股份,2024-06-15,4,0.9254723787307739
474f6f32e1e5940e0e6f8840,603536.SH,惠发食品,2024-06-30,3,0.9263282418251038
a625cf3742e744aa507bf8b0,603630.SH,拉芳家化,2024-06-15,1,0.9947598576545715
2836c9917a807882bc8cca26,603656.SH,泰禾智能,2024-06-15,4,1.0082519054412842
fb7a2f1815a210e79051febd,603758.SH,秦安股份,2024-06-15,4,0.9507027864456177
3ef9026a59a53d2205bdceab,603768.SH,常青股份,2024-06-30,4,0.9425468444824219
1451c92a99c34d033e2fefb1,603787.SH,新日股份,2024-06-15,1,1.0171414613723755
2575d5c1d755257e39f3bc37,603803.SH,瑞斯康达,2024-06-30,1,0.9804085493087769
154dfdb1741402c2a693e87a,603896.SH,寿仙谷,2024-06-30,3,0.9039291739463806
0df7297240f14ca5893d9cd5,603903.SH,中持股份,2024-06-15,1,0.940598726272583
73befab5b7e3aae33641bf26,603906.SH,龙蟠科技,2024-06-30,0,0.7807968854904175
cd38ba31b27c54c475a8255d,603920.SH,世运电路,2024-06-15,4,0.7667405009269714
440b4b9196ba83553cee4e2b,603955.SH,大千生态,2024-06-15,1,0.8947087526321411
d3067d72215615c0f04a9e31,603960.SH,克来机电,2024-06-15,4,0.8171609044075012
ef59f3a062d9098555461397,603991.SH,至正股份,2024-06-15,4,0.9182175993919373
a95cbd9f6fb96c37a025e469,002859.SZ,洁美科技,2024-06-30,4,0.8002343773841858
b84ade96b6d7c5d962858dab,002860.SZ,星帅尔,2024-06-30,4,0.9089685082435608
d214b6a9d10fd0758c8df95e,002863.SZ,今飞凯达,2024-06-15,4,0.8984935879707336
c52ec19b983d74182791446b,002868.SZ,*ST绿康,2024-06-30,3,0.9797041416168213
7b0ed47ee2e1baa31d8f47c9,002869.SZ,金溢科技,2024-06-15,1,0.9588642716407776
47ef7ccda06000ff33374e05,002870.SZ,香山股份,2024-06-30,4,0.8496469855308533
0aa361aa111318336cd85c49,002871.SZ,伟隆股份,2024-06-30,2,0.9764187932014465
541c38672f77856e97ed1637,002872.SZ,ST天圣,2024-06-30,3,0.9535830616950989
7ce86edac335bf61a36fba6e,002876.SZ,三利谱,2024-06-30,4,0.8286309242248535
1463874039d028cef370624c,002882.SZ,金龙羽,2024-06-15,0,0.8094726204872131
ee358da7fe560c31a3fdfadb,002902.SZ,铭普光磁,2024-06-30,4,0.9196674227714539
ccda17170ed90e818b875c30,002926.SZ,华西证券,2024-06-30,1,0.9308256506919861
d8188d3216414f4a1acada18,003020.SZ,立方制药,2024-06-15,3,0.8152257800102234
059bfe23b5c2e3512c4ad621,300585.SZ,奥联电子,2024-06-15,4,0.7953676581382751
759d62e214a71d355aa5eb7e,300588.SZ,熙菱信息,2024-06-15,1,0.9342883229255676
8222d6c6a05e1305c3c3bd8f,300589.SZ,江龙船艇,2024-06-15,1,1.0230088233947754
b8422b0a1bee7088940f3cc7,300590.SZ,移为通信,2024-06-15,1,0.9946932196617126
f2d369c975a6a983bad99cb8,300601.SZ,康泰生物,2024-06-30,3,0.8679270148277283
a99cd0d09fa61c1e8c7773fc,300602.SZ,飞荣达,2024-06-15,4,0.7684081196784973
baa60d97f5a646299674b1cf,300610.SZ,晨化股份,2024-06-15,2,0.8464484810829163
ff3dac0b52aba3c4302a0c40,300612.SZ,宣亚国际,2024-06-30,1,0.9272518754005432
49086743c7b9bb5ef3f1e3ee,300613.SZ,富瀚微,2024-06-15,4,0.891633152961731
093cb94a027c6d19b9ac6ca7,300616.SZ,尚品宅配,2024-06-30,1,0.9734726548194885
e34abd371ccf08e2142df935,300618.SZ,寒锐钴业,2024-06-30,2,0.9576732516288757
a237d021f5f6a9ea6e08731d,300638.SZ,广和通,2024-06-15,4,0.9578008651733398
91b2fc81892e58abb0a38d2c,300645.SZ,正元智慧,2024-06-15,1,0.9051269888877869
175d17c950e8bf669c07b28e,300675.SZ,建科院,2024-06-15,1,0.9220273494720459
b1f2b526b66e1ab8a1452e46,300868.SZ,杰美特,2024-06-15,4,0.9043080806732178
7b52c345e0d48f5ade1972cd,300945.SZ,曼卡龙,2024-06-15,1,0.9696934223175049
3e278511ff43c63ba0c81035,300996.SZ,普联软件,2024-06-30,1,0.885228157043457
06e0b7bb37b878f36695ac62,603058.SH,永吉股份,2024-06-15,2,1.0016783475875854
ec51e231669605086dcc7de2,603081.SH,大丰实业,2024-06-15,1,0.9800832271575928
e869515ac4465aa3b16f1680,603127.SH,昭衍新药,2024-06-15,3,0.8715487122535706
631ab3031f893841063df228,603139.SH,康惠股份,2024-06-15,3,0.9381046295166016
5641b28f0118686f2c6ed0b0,603200.SH,上海洗霸,2024-06-15,1,0.9848203659057617
645fc1a18968ace798978622,603229.SH,奥翔药业,2024-06-15,3,0.7884551882743835
daca2eb36ae44e897d80aa98,603232.SH,格尔软件,2024-06-15,1,0.9244896769523621
06d3ebb5dbed8c123e59bd91,603269.SH,海鸥股份,2024-06-15,2,0.9794061779975891
103b28ddf18cde4937432662,603496.SH,恒为科技,2024-06-30,1,0.9793853759765625
7213ee48e12674577e5c4ce7,603501.SH,豪威集团,2024-06-15,4,0.8955367207527161
771d5f0cd156633a7c3ffedb,603586.SH,金麒麟,2024-06-15,4,0.886596143245697
d5150b0925985de78aca321e,603680.SH,今创集团,2024-06-15,4,0.9951651692390442
b457d40d662b1fe0dd74bed1,603717.SH,天域生物,2024-06-15,1,1.006455898284912
a42911aae82fc874ae1d6262,603721.SH,*ST天择,2024-06-30,2,1.0339370965957642
9d95855c6157b4bae3d0b0da,603728.SH,鸣志电器,2024-06-15,0,0.7699212431907654
a1c7a1b44efed398445ae33b,603776.SH,永安行,2024-06-30,1,0.9869410395622253
95b224aa18e06585375e6175,603826.SH,坤彩科技,2024-06-15,2,0.9366825819015503
7718b273592ec64e091531cb,603855.SH,华荣股份,2024-06-15,4,0.9858682155609131
8568e03ed4a616b332e32b85,603879.SH,永悦科技,2024-06-15,2,0.9445680975914001
f3c20edcf922b4184ee89d9e,603926.SH,铁流股份,2024-06-15,4,0.9549055695533752
3c2435d799ec3ee116725d12,001332.SZ,锡装股份,2024-06-15,0,0.9541511535644531
a020b6775cd1eb042843f6c7,002866.SZ,传艺科技,2024-06-30,4,0.9302086234092712
a53fac2a424d7c5b7216d4a7,002877.SZ,智能自控,2024-06-15,4,0.9322502017021179
4803758b7a718d8c4a8a6d7a,002879.SZ,长缆科技,2024-06-15,0,0.8494048714637756
aa9b5eb36ffe4400a33c1f35,002880.SZ,卫光生物,2024-06-15,3,0.8274412751197815
4e03ab540e0be18113a7eb9f,002884.SZ,凌霄泵业,2024-06-15,2,0.95948725938797
e00089c6d8089192c0610c9c,002886.SZ,沃特股份,2024-06-15,2,0.9364795088768005
97e20c0d4ce60c4204aee5b1,002893.SZ,京能热力,2024-06-15,1,0.9274197220802307
51b673a9cf364d91c63905e6,002900.SZ,哈三联,2024-06-30,3,0.8833472728729248
978529a1432598dfd8a29555,002935.SZ,天奥电子,2024-06-15,4,1.01478910446167
41fc2c36d85150f22139621f,002965.SZ,祥鑫科技,2024-06-15,4,0.8235036730766296
fe62b086628fd3e52071570c,003025.SZ,思进智能,2024-06-15,4,0.97906494140625
8f94652dbf9a0e79fa3dbfcb,300498.SZ,温氏股份,2024-06-15,1,0.9931260943412781
9208cc414f579e07071e9c0b,300584.SZ,海辰药业,2024-06-15,3,0.7811646461486816
50faceab4d54323daa30c61a,300591.SZ,万里马,2024-06-15,1,0.9841911196708679
93e3f1d9e443030a2e7d667a,300595.SZ,欧普康视,2024-06-30,3,0.9556179046630859
0fefa94df6d286f9f0365cee,300599.SZ,雄塑科技,2024-06-15,2,0.9497024416923523
2786da6c3f721b4591d3e81c,300605.SZ,恒锋信息,2024-06-15,1,0.8928523063659668
cb148cad4cb43d66ff966a8f,300608.SZ,思特奇,2024-06-15,1,0.8949303030967712
b027d0dd915c35939e392747,300609.SZ,汇纳科技,2024-06-15,1,0.8924484252929688
534b5f1ec0c59b579348a82a,300611.SZ,美力科技,2024-06-15,4,0.8221256732940674
96a7ff7f9ac7818feff1d675,300622.SZ,博士眼镜,2024-06-15,1,0.9892547130584717
8dd9986dd03bd5928b77bce0,300639.SZ,凯普生物,2024-06-30,3,0.9383662939071655
304ef1283941b8738c0af228,301098.SZ,金埔园林,2024-06-30,1,0.8944365978240967
8c2545979ba90dec11640744,601108.SH,财通证券,2024-06-30,1,0.9192311763763428
1fd467d2239cfc9bbbb4fcf9,601121.SH,宝地矿业,2024-06-30,2,0.9997894763946533
426471e512c7dbe78d3a526f,603042.SH,华脉科技,2024-06-15,4,1.0283633470535278
e320e66200cad638f9267e10,603063.SH,禾望电气,2024-06-15,0,0.7277781367301941
2fcd3461dc4eceac363615c7,603079.SH,圣达生物,2024-06-15,3,0.8916082382202148
55fb59c7ca2e747eb7546c2e,603093.SH,南华期货,2024-06-15,1,0.9743306636810303
a42ab0b9d561ff4611fc7d76,603196.SH,璞源材料,2024-06-15,1,0.9806549549102783
4c30a76a38d1339d644f3fcc,603316.SH,诚邦股份,2024-06-30,1,0.885248601436615
5718623a04c63281b90d88f0,603331.SH,百达精工,2024-06-30,4,0.8539083003997803
307ef06498f225a921c2f2d1,603335.SH,迪生力,2024-06-15,2,0.9257206320762634
59044e5c18408470692fa699,603357.SH,设计总院,2024-06-15,1,0.909943699836731
7f41a39fa9fe6a53b5df0391,603387.SH,基蛋生物,2024-06-15,3,0.8961904644966125
30e3429639d330740ce8c2ef,603488.SH,展鹏科技,2024-06-15,4,0.9986491799354553
e71eae9c8d4764d27db77085,603587.SH,地素时尚,2024-06-30,1,0.9673255085945129
144511cd416fa6394ac7ab01,603619.SH,中曼石油,2024-06-15,1,0.9914840459823608
5ce910225aba395dfd76938b,603679.SH,华体科技,2024-06-15,1,0.9546077251434326
61779eb6c853d26824aee2f6,603711.SH,香飘飘,2024-06-15,1,1.005255937576294
574cd4a0aabf8af863ad5024,603725.SH,天安新材,2024-06-15,2,0.9360582828521729
e514f9f40e038b38ad0d095d,603767.SH,中马传动,2024-06-15,4,0.8404159545898438
0d3ec48c3aed34be128a41f4,603856.SH,东宏股份,2024-06-15,2,0.9320553541183472
0f90672ff852969baac38f6f,603880.SH,南卫股份,2024-06-15,3,0.9044122695922852
a9010554d1e0be68a7daf8c9,603938.SH,三孚股份,2024-06-15,2,0.8825149536132812
8f76b6a17d4c413e6ce70790,603970.SH,中农立华,2024-06-15,1,0.9597159624099731
4c4516974f4c5a7870ac9e9b,603978.SH,深圳新星,2024-06-15,2,0.9261260628700256
7f256876d57a3640b4f90574,603985.SH,恒润股份,2024-06-15,0,0.74139404296875
5c3fc7486259f525db9162a7,605303.SH,园林股份,2024-06-15,1,0.8932009935379028
cccc928b39418901e1abb80c,002883.SZ,中设股份,2024-06-15,1,0.9219664335250854
0cf558a11a6176b9ac53d6c9,300514.SZ,友讯达,2024-06-15,1,1.0164401531219482
19e64ea9326d994ee0bc3232,300603.SZ,立昂技术,2024-06-15,1,0.9770094752311707
aa10d327dd81adf0dfd1a87e,300620.SZ,光库科技,2024-06-15,4,0.8954370617866516
08c013516239587f7bf732ff,300621.SZ,维业股份,2024-06-15,1,0.9513365626335144
3999c4fce305e9b3bdf1e682,300625.SZ,三雄极光,2024-06-15,1,1.01920747756958
e90f291c882a3454795bde9e,300626.SZ,华瑞股份,2024-06-15,0,0.7135677337646484
06c762e028e89ec1489a328e,300627.SZ,华测导航,2024-06-15,1,0.9948123693466187
e1c41242ce6556ffcbb799f6,300628.SZ,亿联网络,2024-06-15,1,0.9912642240524292
340f3a903475972162ce6e5c,300633.SZ,开立医疗,2024-06-15,3,0.9645841717720032
4f08fe37133c85a6bcb104ca,300635.SZ,中达安,2024-06-15,1,0.9713097810745239
b1f5f10f500d8f7c0160e644,300636.SZ,同和药业,2024-06-15,3,0.8808859586715698
7a6bf5dca795b95e682370ea,300637.SZ,扬帆新材,2024-06-15,2,0.8522006869316101
8710dbc7841a53b857e6334d,300643.SZ,万通智控,2024-06-15,4,0.8353981375694275
90feb9b95bf6527d6f9c238f,300648.SZ,星云股份,2024-06-15,0,0.8376957178115845
ed675c433dfa78edebd32fb9,300650.SZ,太龙股份,2024-06-15,1,0.9986185431480408
15f36a81b1400206ba003ab6,300652.SZ,雷迪克,2024-06-15,4,0.8100628852844238
b9c007c85601deef027b7bf2,300653.SZ,正海生物,2024-06-15,3,0.8949233889579773
d5c7cf6694bbc377c3bbfbe9,300661.SZ,圣邦股份,2024-06-30,4,0.8683142066001892
d64faf83a5568fcd80ce5e28,300662.SZ,科锐国际,2024-06-15,1,0.9435651898384094
27b98069495929c2bd8388d3,300663.SZ,科蓝软件,2024-06-15,1,0.891223132610321
c2becab4e469dd763dc50b75,300670.SZ,大烨智能,2024-06-30,0,0.8185197114944458
7e37d1297e99e9b2cfe70447,300676.SZ,华大基因,2024-06-30,3,0.9778526425361633
bbcd52e9974cfc933f320420,300685.SZ,艾德生物,2024-06-15,3,0.9020121693611145
2cceac5acbcbfe41bf19a88b,300695.SZ,兆丰股份,2024-06-15,4,0.8456458449363708
d43e2af87d602f97d0d08054,300699.SZ,光威复材,2024-06-30,2,0.9556180238723755
95d852b23da1ab92075fa316,300700.SZ,岱勒新材,2024-06-15,2,0.9682751297950745
46ccb0e684b6a51264169e97,300701.SZ,森霸传感,2024-06-15,4,0.8772151470184326
8536ea6fed3a708dc8c783ca,300708.SZ,聚灿光电,2024-06-15,4,0.8109180927276611
a5535f2597591f650a5aa53d,300767.SZ,震安科技,2024-06-15,2,1.0213512182235718
5303fa6c730e1cd1c969a2e3,300801.SZ,泰和科技,2024-06-15,2,0.8825298547744751
85dd441a2e13fa9855ac4161,300837.SZ,浙矿股份,2024-06-15,2,0.9676770567893982
6ef59bf9078cbd27c8cf66ad,300908.SZ,仲景食品,2024-06-15,3,0.9295117855072021
91d67444ec30840e0f0a3874,300953.SZ,震裕科技,2024-06-15,0,0.7809826135635376
91720474277089f94a65e87d,300963.SZ,中洲特材,2024-06-30,2,0.9276452660560608
8db3436f3456880954c6db9c,301153.SZ,中科江南,2024-06-15,1,0.8790910243988037
1be7f1f47181f8eea35250bd,301208.SZ,中亦科技,2024-06-15,1,0.9050574898719788
a46d7b8b33add8d5bc9739d8,301286.SZ,侨源股份,2024-06-15,2,0.935740053653717
d77c87814510e1b3f569d4f2,601019.SH,山东出版,2024-06-30,1,0.9682323932647705
60f90c21630662a3397f5b47,601155.SH,新城控股,2024-04-05,5,0.524676501750946
0adf934913836ff385f75f23,603055.SH,台华新材,2024-06-15,2,0.9392199516296387
d301234e0b89bfc14c52b867,603110.SH,东方材料,2024-06-15,2,0.9595305323600769
d3ac202b9b7787cfe398ec47,603226.SH,菲林格尔,2024-06-15,2,0.9836275577545166
564ff27b7b69adef05d6c80e,603233.SH,大参林,2024-06-30,1,0.9451603293418884
e5d180b3473115173a714cd9,603289.SH,泰瑞机器,2024-06-15,4,0.8400974869728088
04cd72d2fa395a05c78e66cf,603535.SH,嘉诚国际,2024-06-15,1,0.947300910949707
02cf66333031685524dcfd61,603648.SH,畅联股份,2024-06-15,1,0.9719844460487366
a10873a55078ebca863ee4d9,603683.SH,晶华新材,2024-06-15,2,0.8922418355941772
dfeb41e05a1fa7504b1fe9f2,603916.SH,苏博特,2024-04-05,2,0.8600983023643494
e075ba4172221fcd201f4b40,603933.SH,睿能科技,2024-07-01,4,0.8491792678833008
b38c4803bb20dc359d5e7910,001979.SZ,招商蛇口,2024-06-30,1,0.9622354507446289
05f84af23d3e1c8a652ea5d1,002826.SZ,易明医药,2024-06-15,3,0.9169387817382812
f9c2017e6b7a741e1820accc,002827.SZ,高争民爆,2024-06-30,2,0.9988603591918945
d5158ec5d8085a36f630d8aa,002885.SZ,京泉华,2024-06-15,4,0.7929095029830933
853e9d81df14899c5e849fe7,002887.SZ,绿茵生态,2024-06-30,1,0.9429183006286621
c0f6dbb27e6356e21794004f,002888.SZ,惠威科技,2024-06-15,4,0.876828134059906
19210b438251e39f21b4971f,002890.SZ,弘宇股份,2024-06-15,2,1.0140594244003296
5929d59f47166c59dd34b2db,002909.SZ,集泰股份,2024-06-30,2,0.8466523885726929
807ab1f05148cae7393e01b9,003006.SZ,百亚股份,2024-06-30,1,1.008360743522644
60f38099bfb9630de655eac3,300554.SZ,三超新材,2024-06-15,2,0.9718670845031738
3bae105ade220a8e7930cdfa,300604.SZ,长川科技,2024-06-15,4,0.8293498754501343
c9fab673b95340e634ec2ec0,300640.SZ,德艺文创,2024-06-15,2,0.9996309280395508
9c6fc03c7495bb01fce51311,300641.SZ,正丹股份,2024-06-15,2,0.8379125595092773
82aa91bb67b93a9514994d9e,300642.SZ,透景生命,2024-06-15,3,0.8951480388641357
0ae326c1381b84514d80f0d9,300649.SZ,杭州园林,2024-06-15,1,0.8867375254631042
9acef7b6f20e011d01f85c86,300651.SZ,金陵体育,2024-06-15,1,0.9906712174415588
5dd0a81b0ea8891ebd87c8c5,300655.SZ,晶瑞电材,2024-07-01,4,0.9048628807067871
9bc1e557dd0d2ab53f0237be,300656.SZ,民德电子,2024-06-30,4,0.9109359979629517
a6daf2052862925ad062db27,300658.SZ,延江股份,2024-06-15,2,0.9676425457000732
e56b39cf3ba881e38ed9acc3,300660.SZ,江苏雷利,2024-06-15,0,0.7799267768859863
118072e6ba031a6d28c64d5b,300666.SZ,江丰电子,2024-06-15,4,0.9067873358726501
76f8f6f3074b290db04770b8,300667.SZ,必创科技,2024-06-15,4,0.9483069777488708
be0146bb29972fba4382d386,300671.SZ,富满微,2024-06-15,4,0.8272653222084045
49230ebbcace44ec685c4197,300680.SZ,隆盛科技,2024-06-30,4,0.8298951983451843
b709319bc2a9ee7490593a5c,300690.SZ,双一科技,2024-06-15,0,0.7825318574905396
fe66ae1a64794795f20baaaa,300693.SZ,盛弘股份,2024-06-15,0,0.7381076216697693
7aae5c58725604c1ace78f5b,300703.SZ,创源股份,2024-06-15,2,1.0006203651428223
8a96539163d62e5f887fd42c,300761.SZ,立华股份,2024-06-15,3,0.9963176846504211
b826305aa6fd6a1d250bc812,300791.SZ,仙乐健康,2024-06-15,3,0.8570758104324341
c0f6c82f369478ceeb833278,300817.SZ,双飞集团,2024-06-15,4,0.8902816772460938
cb2d7652046289e66c1073e2,300888.SZ,稳健医疗,2024-06-30,3,0.894169270992279
e9e526247b13eeb2b9b91ab0,300929.SZ,华骐环保,2024-06-15,1,0.9803120493888855
cdf254ef2823fac92a8629d7,600918.SH,中泰证券,2024-06-30,1,0.9319706559181213
b2af3e6bb4ade9e052525161,601162.SH,天风证券,2024-06-30,1,0.9485933184623718
22e975bd741c59bcbb854d9c,601619.SH,嘉泽新能,2024-06-30,1,0.9892051219940186
cc9919a8cc3447c4eea88121,601949.SH,中国出版,2024-06-30,1,0.9511533975601196
3bceaaf2c5a1b041d15482fb,603136.SH,天目湖,2024-06-30,1,0.9639081358909607
649638e2f5d3be8f4faf5a01,603260.SH,合盛硅业,2024-06-30,2,0.8637274503707886
8141c8ed64a31e3ef2fef328,603286.SH,日盈电子,2024-06-15,4,0.8487155437469482
d7fd99e5d5d8b63f9a41431e,603326.SH,我乐家居,2024-06-30,1,1.0039899349212646
90d8eaa8b3e84672142bb2bc,603329.SH,上海雅仕,2024-06-15,1,0.9573254585266113
45b64de71c33cb4678a08fe6,603458.SH,勘设股份,2024-06-15,1,0.9447269439697266
ea262032aa1a6b1b9f7f0c88,603617.SH,君禾股份,2024-06-15,4,0.9874746203422546
67cb85ed3bbdeee37b60d841,603707.SH,健友股份,2024-06-15,3,0.8114479780197144
fbb4552a693929e0ac471b94,603757.SH,大元泵业,2024-06-15,4,0.8831005692481995
8f06ca0c749ffe03f8ed227f,603801.SH,志邦家居,2024-06-30,1,1.002644419670105
250a576892b32dd3f585e058,603809.SH,豪能股份,2024-06-30,4,0.8551932573318481
3de7232627e47c8bd08aff89,603813.SH,*ST原尚,2024-06-30,1,1.0100555419921875
9fc19e0a254d0e2befa469e8,603882.SH,金域医学,2024-06-30,3,0.8995794057846069
8416fb0b9813f6bd9ae60654,603980.SH,吉华集团,2024-06-15,2,0.9388043880462646
ca0e63fd8b636cc0841cabea,001218.SZ,丽臣实业,2024-06-30,2,0.9454483985900879
03042ce443d1cae29afc5c7a,002881.SZ,美格智能,2024-06-15,4,0.873019278049469
6a4189a1c81b6ee105e5c081,002891.SZ,中宠股份,2024-06-30,1,1.003597617149353
529f99cc48004614cf62b142,002892.SZ,科力尔,2024-06-30,0,0.8483917713165283
caafe0af9c658a7070d75a6c,002895.SZ,川恒股份,2024-06-30,2,0.943776547908783
c4ed08e5436acba8ad6717a7,002897.SZ,意华股份,2024-06-15,4,0.7947736978530884
007176f3a1982718a206d1a7,002898.SZ,*ST赛隆,2024-06-30,3,0.8883023858070374
9d11b0981ef957e2e683471d,002901.SZ,大博医疗,2024-06-30,3,0.967447817325592
6a11c2adab3a800fe8cbbc30,002920.SZ,德赛西威,2024-06-30,4,0.8865746259689331
e40d282d488aee1dd712e1ba,300668.SZ,杰恩设计,2024-06-15,1,0.9691264629364014
693969bc3225137625c12bfa,300669.SZ,沪宁股份,2024-06-15,4,0.9479632377624512
933db6bf72e6c697a7e1ed6d,300672.SZ,国科微,2024-06-15,4,0.9367362260818481
f0db9ae30261d5df1ceeba9f,300677.SZ,英科医疗,2024-06-15,3,0.9342570900917053
b5b86deda32db3a9c1451189,300679.SZ,电连技术,2024-06-15,4,0.7571717500686646
b38aa73ebab33740d9fb63f5,300681.SZ,英搏尔,2024-06-15,4,0.8024726510047913
4ab44337219cb49fc33b7856,300683.SZ,海特生物,2024-06-15,3,0.8490116000175476
bdf48b2e8bc9cc0af1c19db0,300687.SZ,赛意信息,2024-06-15,1,0.9813403487205505
336e699dd76889102f33b71f,300688.SZ,创业黑马,2024-06-15,1,0.9409089684486389
d1411f319a3fcd71266ec980,300689.SZ,澄天伟业,2024-06-15,1,0.9779952168464661
8fa10096f99993726e068028,300691.SZ,联合光电,2024-06-30,4,0.7996872067451477
49ee4997034bfd5b0f73fad5,300706.SZ,阿石创,2024-06-15,4,0.9143545627593994
7b2681d7cfb422bdf7fc2645,300712.SZ,永福股份,2024-06-15,1,0.9562287330627441
a33fc6a1101900a5323caf8f,300723.SZ,一品红,2024-06-15,3,0.776907742023468
875aa01a9f0cf0dd5e047597,301503.SZ,智迪科技,2024-06-15,4,0.9622306227684021
0da9a13b2e523d9b4aadc3eb,600901.SH,江苏金租,2024-06-30,1,0.9745092988014221
3e1be59cd7b019e1404e8798,603076.SH,乐惠国际,2024-06-15,2,0.9502282738685608
66376d6e4ba0ed8846f22ad6,603083.SH,剑桥科技,2024-06-15,4,0.9739725589752197
d90f0e18f4ab487eb7ee7b5a,603087.SH,甘李药业,2024-06-15,3,0.8228917717933655
78e66222ee9cc1acfb9e2f0d,603106.SH,恒银科技,2024-06-30,1,0.98216712474823
2be99a2d492eddedc604b0b5,603129.SH,春风动力,2024-06-30,1,1.028257966041565
31ff3ad757a9aa5f0256e6b1,603181.SH,皇马科技,2024-06-15,2,0.8478015661239624
0de5359eeabef5594253852f,603183.SH,建研院,2024-06-15,1,0.9042534828186035
78ba2b8bf1f11194c560acb4,603283.SH,赛腾股份,2024-06-15,4,0.8001402616500854
ef0ffe8acf705c83b4de43c3,603305.SH,旭升集团,2024-06-15,4,0.8515371680259705
7888d2555ea5264ee792989c,603321.SH,梅轮电梯,2024-06-15,1,0.9995567202568054
75ad096426e3f125a9056ed7,603363.SH,傲农生物,2024-06-15,1,1.0051387548446655
87a23e235e566d18f150826f,603365.SH,水星家纺,2024-06-15,1,0.9948711395263672
dd9ddb50fe11fd085ae20aef,603380.SH,易德龙,2024-06-15,4,0.8443186283111572
236f21329280b07b6ccd2de0,603386.SH,骏亚科技,2024-06-15,4,0.8570623397827148
152e48cef1a14f9e0cb88f5c,603429.SH,*ST集友,2024-06-15,2,0.9958537220954895
79a44124203a8b2ca7a15fbe,603499.SH,翔港科技,2024-06-15,2,0.9633006453514099
ce8b159922795a6e418a6fe0,603500.SH,祥和实业,2024-06-15,2,1.021049976348877
e05b07c2e07a57d963a4f380,603533.SH,掌阅科技,2024-06-15,1,0.9303183555603027
23f6d516c9be4eabb8e5d1c4,603557.SH,ST起步,2024-06-30,1,0.9850030541419983
e7547d0d5057f073a3608862,603595.SH,ST东尼,2024-06-15,4,0.8784362077713013
4a3c5eec4a227947531b68c7,603605.SH,珀莱雅,2024-06-30,1,0.9977903366088867
b06f8ed5c814ddc92ec12803,603659.SH,璞泰来,2024-06-30,2,0.8548979759216309
cce8632f347de3ed854c699f,603922.SH,金鸿顺,2024-06-15,4,0.9172494411468506
d644d5000142f8034389311a,603976.SH,正川股份,2024-06-30,3,0.9722686409950256
08e5c999095ad9fe79667281,605151.SH,西上海,2024-06-30,4,1.0112780332565308
e37288fcf9451b2cb6f52f55,001227.SZ,兰州银行,2024-06-30,1,0.9546207785606384
59db8c4ad5bc18fba36fc51d,002896.SZ,中大力德,2024-06-15,4,0.895859956741333
1f9cef9c2f571e3bc0273183,002899.SZ,英派斯,2024-06-30,1,1.0079129934310913
ea0550a6454493b1d2a803c1,002903.SZ,宇环数控,2024-06-15,4,0.9660311341285706
d72e9aa17e670dd7a0158053,002907.SZ,华森制药,2024-06-15,3,0.8899005055427551
5daad5153575900cdb974bf1,002908.SZ,德生科技,2024-06-30,1,0.8976601958274841
6ed65a4fe2858a27b6e64028,002912.SZ,中新赛克,2024-06-30,1,0.9266215562820435
1f34511d372427c60c8ae74e,002918.SZ,蒙娜丽莎,2024-06-15,2,1.0200597047805786
d12579ae3445241ee1663661,002919.SZ,名臣健康,2024-06-30,1,0.9761797189712524
3710fb962298b126b84ce3b9,002921.SZ,联诚精密,2024-06-15,4,0.9087129235267639
d2d3f6049abb8e354e9560a6,002922.SZ,伊戈尔,2024-06-15,0,0.6934215426445007
5014cfeaab45f4aa6ee66904,002970.SZ,锐明技术,2024-06-30,1,0.9907779097557068
244c237a5647da0b0e52ab52,003033.SZ,征和工业,2024-06-15,4,0.8601500988006592
c3e36c30969ccac7ae0feb19,003036.SZ,泰坦股份,2024-06-15,2,1.0192012786865234
79dbe43065bc51d6d15408df,300692.SZ,中赋科技,2024-06-15,4,0.9749723076820374
f3d33367c4c3b2e92a9773bc,300696.SZ,爱乐达,2024-06-15,4,0.9763796925544739
5bd11d4a015ce080304b1e13,300697.SZ,电工合金,2024-06-15,2,0.982262909412384
ee9d05d59cd4a1cf755cf43f,300702.SZ,天宇股份,2024-06-15,3,0.8354693055152893
f27861cd122267dc985f3066,300709.SZ,精研科技,2024-06-15,4,0.774359405040741
7e00958fb85fde4c1ba4a314,300713.SZ,英可瑞,2024-06-15,0,0.7226957678794861
6ed1e2f115b90293fc058ee5,300717.SZ,华信新材,2024-06-30,4,0.9672410488128662
351a6d7d8e7e31e38d08b54f,300720.SZ,海川智能,2024-06-15,4,0.9629508256912231
26f7e8ce062f711e7d3ae8a1,300730.SZ,科创信息,2024-06-15,1,0.8921763896942139
87501c46faf1b1ee3470dc0a,300743.SZ,天地数码,2024-06-15,2,0.9716752767562866
f74ead522a9ddb5e444cf933,300878.SZ,维康药业,2024-06-15,3,0.8576343059539795
becd118b075a7a0bcb10d1da,300886.SZ,华业香料,2024-06-30,2,0.9055461883544922
4bc9c389dd7f9b22ba1624ac,300949.SZ,奥雅股份,2024-06-15,1,0.887795627117157
ce8aaf90f13e936103ce235d,301026.SZ,浩通科技,2024-06-15,2,0.938325822353363
6a9e80828948e2aa1364112b,301333.SZ,诺思格,2024-06-30,3,0.913386344909668
c2a2b946afe305f4a95508e4,301428.SZ,世纪恒通,2024-06-25,1,0.955784022808075
7834845afe3dda078dac6804,600025.SH,华能水电,2024-06-30,1,0.9882702827453613
878a42323950513c1e54e2c2,600968.SH,海油发展,2024-03-15,1,0.9744478464126587
a5be2cd427a4d736ed11361a,601068.SH,中铝国际,2024-06-30,1,0.9833055734634399
7c9cf0c6c1c83e9a4ecb5030,601330.SH,绿色动力,2024-06-15,1,0.9194242358207703
797c7354657990c9671b0f9a,603103.SH,横店影视,2024-06-15,1,0.9390202760696411
4dacf8fdec1069ca44a7e36d,603214.SH,爱婴室,2024-06-15,1,0.9598874449729919
a6980887a255a487328a0884,603392.SH,万泰生物,2024-06-30,3,0.8503126502037048
079b858caf14e8b5d935ea94,603466.SH,风语筑,2024-06-15,1,0.9731513261795044
5a9c98e96c1b1673f67a554e,603506.SH,南都物业,2024-06-30,1,0.9654576778411865
1b59d0592a5d04c2d1928589,603507.SH,振江股份,2024-06-15,0,0.7281906604766846
582987ecfd4ff451dbb1dd23,603655.SH,朗博科技,2024-06-30,4,0.8690183162689209
874ca19152b1a8ecb9873c8d,603709.SH,中源家居,2024-06-15,2,0.9837520122528076
eb6adeea41f787d9957339f9,603829.SH,洛凯股份,2024-06-15,0,0.7223144769668579
1def68056ce02c6c8f3d0ecd,603893.SH,瑞芯微,2024-06-15,4,0.9451332092285156
0515585fbc42deb13538ba50,603895.SH,天永智能,2024-06-30,4,0.8719004988670349
1f66e85a35e595afcb3c137a,603917.SH,合力科技,2024-06-15,4,0.904088020324707
cbdf6e3c30916ac241a64c3d,603967.SH,中创物流,2024-06-15,1,0.9521315693855286
0000e697b413872372bd1cd3,605006.SH,山东玻纤,2024-06-15,2,0.9572513699531555
c941b04cc0c3e1dec490c870,605108.SH,同庆楼,2024-06-30,1,0.9846153259277344
130619912273c03902137a25,605296.SH,神农集团,2024-06-30,1,1.002280831336975
6ebf11b39dab6b0a4de1f261,002864.SZ,盘龙药业,2024-06-15,3,0.894818902015686
d11b8378cdf4a18f2c5b7a52,002910.SZ,庄园牧场,2024-06-30,1,0.9984456300735474
37973672787fa57063a89af6,002913.SZ,奥士康,2024-06-15,4,0.8592594265937805
23107b181c99e8f764950024,002915.SZ,中欣氟材,2024-06-30,2,0.8336069583892822
7936e9aa9c8062f2ba0e0f88,002917.SZ,金奥博,2024-06-15,2,0.9992762207984924
9426715ae1755aacb069d20c,002925.SZ,盈趣科技,2024-06-15,4,0.9289067983627319
9138a9606e1d71be5413aff5,002936.SZ,郑州银行,2024-06-30,1,0.9432473182678223
6768583547f2cca95189aff1,002939.SZ,长城证券,2024-06-15,1,0.9212505221366882
13619a4fb2604e3fff563703,002945.SZ,华林证券,2024-06-30,1,0.9623831510543823
d61a7b9892529442052d0ae7,002948.SZ,青岛银行,2024-06-30,1,0.9324618577957153
36923c35f629338ef8e51df9,002958.SZ,青农商行,2024-06-30,1,0.9313293695449829
e8e8f664a56c25bab203bdc9,002966.SZ,苏州银行,2024-06-30,1,0.9294838309288025
8bc0faecff1e78b9edbe430c,002999.SZ,天禾股份,2024-06-15,1,1.003244400024414
0999d0880c7812d86a1ada46,300607.SZ,拓斯达,2024-06-30,4,0.8755739331245422
df15f9ef6e3a6bc6d35dc021,300674.SZ,宇信科技,2024-06-30,1,0.8966172337532043
1eae228566d29dc49b5f1b64,300707.SZ,威唐工业,2024-06-15,4,0.8372876048088074
87b15b6e30a62208643642d6,300710.SZ,万隆光电,2024-06-15,1,1.0213724374771118
23868aff99fc3fe077a6d490,300711.SZ,广哈通信,2024-06-15,1,0.9535934329032898
fd8fc609e3e7bb73ddf379de,300718.SZ,长盛轴承,2024-06-30,4,0.8908262252807617
d1bea3095dc8c8326c03b61e,300719.SZ,安达维尔,2024-06-30,4,1.0183141231536865
a06570686955c2a7491703df,300726.SZ,宏达电子,2024-06-15,4,0.8900326490402222
46800e465d00f3f4ff3c1786,300727.SZ,润禾材料,2024-06-15,2,0.8396322131156921
f67f76b0984fb557fd0f842e,300731.SZ,科创新源,2024-06-15,4,0.9856077432632446
2603c9ff701fead4707a5bef,300738.SZ,奥飞数据,2024-06-15,1,0.8820705413818359
3136666422f00ee70d925e8c,300769.SZ,德方纳米,2024-06-15,2,0.8930739760398865
33bf9dcf9bf5b24e7834a63f,300777.SZ,中简科技,2024-06-15,2,0.9654727578163147
2c1a98ffdcb6f633c1425b49,300827.SZ,上能电气,2024-06-15,0,0.6674503087997437
24712a9a02254c5c339678a2,300943.SZ,春晖智控,2024-06-15,4,0.8868793249130249
af9488a36a338715264a0624,301017.SZ,漱玉平民,2024-06-30,1,0.9535316824913025
46596cd29363ff2bd0ed7b5d,301028.SZ,鼎熔岩,2024-06-15,4,0.9347109198570251
5a4c5b35e1229076dc078478,600903.SH,贵州燃气,2024-06-15,1,0.95853590965271
68d3d7abba13b7135b3ddbf9,601456.SH,国联民生,2024-06-15,1,1.0015370845794678
4feacc76cb48a4b8eb748f61,601528.SH,瑞丰银行,2024-06-30,1,0.9286757707595825
848ef0ad1804d0b15893e790,601860.SH,紫金银行,2024-06-30,1,0.932219922542572
dd04f6fbff20c3a5041fb19d,603059.SH,倍加洁,2024-06-15,1,1.017792820930481
2bca6388bf804af62295d3c4,603161.SH,科华控股,2024-06-15,4,0.8751333951950073
fb7b3a8f6f8ef0c54d227439,603278.SH,大业股份,2024-06-15,2,0.9575844407081604
7602d6524db17fb9ca6613a8,603356.SH,华菱精工,2024-06-30,2,0.9836322665214539
7420b638c6d0ed853ecf030f,603578.SH,三星新材,2024-06-15,2,0.9319199323654175
255bd70e143fa17f3f396a9f,603580.SH,*ST艾艾,2024-06-15,2,1.0048054456710815
cbd0b81af672c0f48535763a,603590.SH,康辰药业,2024-06-30,3,0.809778094291687
3e93ed38f35d078cb6fb72ae,603607.SH,京华激光,2024-06-15,2,0.9680484533309937
e52410ccd6bffb66bdee6177,603661.SH,恒林股份,2024-06-30,2,0.9439433217048645
21381dfdf6a1e2eb7a35b17c,603676.SH,卫信康,2024-06-15,3,0.9162567853927612
a4a0176eec723b7c64e07347,603685.SH,晨丰科技,2024-06-15,0,0.7946675419807434
ff6f04b483a7a9d0c0000ec9,603848.SH,好太太,2024-06-15,1,1.0161473751068115
1138c027a2be25de877a2afa,603871.SH,嘉友国际,2024-06-30,1,0.9504163861274719
4a1ab7e4f34b5ec3f0b6471a,603912.SH,佳力图,2024-06-30,4,0.9696794748306274
56d500f0863f9b690d205975,605136.SH,丽人丽妆,2024-06-30,1,0.9860761761665344
1f5379da544a1e54c27873de,605158.SH,华达新材,2024-06-30,2,0.9564943313598633
3c2d89494063df7fed1e3141,002873.SZ,新天药业,2024-06-15,3,0.9249170422554016
e5364594a73e1606f29703dc,002916.SZ,深南电路,2024-06-30,4,0.8022083640098572
384562e363b8a36f90d4a9c5,002928.SZ,华夏航空,2024-06-30,1,0.9897447228431702
7c3f7b5412b5f94d3288c0be,002978.SZ,安宁股份,2024-06-30,2,0.9638296365737915
3012a427b6b7bac0e77a8da2,002981.SZ,朝阳科技,2024-06-30,4,0.8135413527488708
a5e05724ef2ecfbf51257c90,002989.SZ,中天精装,2024-06-15,1,0.9697843790054321
f6a3f2399e3f4fb07dba43e5,002995.SZ,天地在线,2024-06-15,1,0.8993435502052307
769d2e802b00beffd7f6eebc,003003.SZ,天元股份,2024-06-15,2,0.9699262976646423
506efbae040fdc68e05f567c,300632.SZ,光莆股份,2024-06-15,4,0.8856722116470337
b90843bbdc3ac8dbb817f99d,300634.SZ,彩讯股份,2024-06-15,1,0.9711061120033264
469f99374f7037c856c0f53c,300673.SZ,佩蒂股份,2024-06-15,2,1.015527606010437
8e7b5759dba542b68dc5fcc9,300715.SZ,凯伦股份,2024-06-15,2,0.9729357957839966
60c210e369efa494d8568286,300721.SZ,怡达股份,2024-06-15,2,0.8505133390426636
1efd6a85b1bd10218207e22c,300722.SZ,新余国科,2024-06-15,2,1.0399986505508423
e0857e96c3efcff1f2a4b22c,300724.SZ,捷佳伟创,2024-06-15,4,0.8240382075309753
4516c3d34ec31cffed1088a4,300725.SZ,药石科技,2024-06-15,3,0.8848874568939209
43aaefbe275256fee03d166e,300732.SZ,设研院,2024-06-15,1,0.9250155091285706
43bb87985c1186500da00be7,300733.SZ,西菱动力,2024-06-15,4,0.8592845797538757
397f3c2dda69da9a5098e6e3,300735.SZ,光弘科技,2024-06-15,4,0.8091854453086853
989653ee7eb38d3d99d475bb,300737.SZ,科顺股份,2024-06-15,2,0.9959746599197388
24560fd0a353fd98a46dfb1c,300740.SZ,水羊股份,2024-06-30,1,0.9909412860870361
831f474ecfa1eda7f7feebdf,300745.SZ,欣锐科技,2024-06-15,4,0.80715012550354
93f1e1bbc75313394cff0226,300773.SZ,拉卡拉,2024-06-15,1,0.8973992466926575
d37ad370bbff4c1879eb5999,300781.SZ,因赛集团,2024-06-30,1,0.9365646243095398
a4f30adfab7742011849683e,300783.SZ,三只松鼠,2024-06-30,3,0.977731466293335
289a2d703cb1bb612ae1d016,300785.SZ,值得买,2024-06-15,1,0.9260141849517822
afd6e2adc40ed16ec2f363cd,300786.SZ,国林科技,2024-06-15,4,0.9804524183273315
501c09141009898504c25ea8,300807.SZ,天迈科技,2024-06-15,1,0.9647290706634521
b6b6fc8aef4bec4a698d2a55,300810.SZ,中科海讯,2024-06-15,1,1.019713044166565
22641da7dcf9a3ae8c8d7eec,300829.SZ,金丹科技,2024-06-15,3,0.9589014649391174
ab573358603f47d229d814bf,300848.SZ,美瑞新材,2024-06-15,2,0.8529374003410339
36000e9e8324933454acc6d5,300935.SZ,盈建科,2024-06-15,1,0.9252352714538574
479c31ad378beb5d7be45aa1,300936.SZ,中英科技,2024-06-15,4,0.8050814270973206
8e4704126fb3f46d93ae71ce,300962.SZ,中金辐照,2024-06-15,3,0.984419047832489
b78e2bb64c8180e10a1d3245,300968.SZ,格林精密,2024-06-15,4,0.8225076198577881
d9444fdcdb8bfdb9f7f34d31,600928.SH,西安银行,2024-06-30,1,0.9393561482429504
48f85ce122b001b31712e873,601200.SH,上海环境,2024-06-30,1,0.9113578200340271
ff7b8b87ce973d8bd38720d2,601990.SH,南京证券,2024-06-30,1,0.9297418594360352
edf09cb1e4aa3c804f600035,603105.SH,芯能科技,2024-06-30,1,0.9196023941040039
76e936a27f9d2356b3d7ab85,603109.SH,神驰机电,2024-06-15,0,0.9003308415412903
9439f04bc111489f4dd3921f,603225.SH,新凤鸣,2024-06-15,2,0.9474018812179565
2b90fbe4db30ddc0e4636c8f,603379.SH,三美股份,2024-06-30,2,0.854374349117279
16b462bd5aa2afa90783df47,603477.SH,巨星农牧,2024-06-30,1,0.9988853335380554
069e3b7a31552a694a214208,603486.SH,科沃斯,2024-06-15,1,0.9767298698425293
94e820ada1c1916bd54f3279,603596.SH,伯特利,2024-06-15,4,0.8838828802108765
83055e3a3d1b1284df856d6c,603666.SH,亿嘉和,2024-06-15,0,0.9643397331237793
d6022bc9d66a1fcbbdc786c8,603733.SH,仙鹤股份,2024-06-15,2,0.9367507696151733
eef39a19c10410e580f46155,603890.SH,春秋电子,2024-06-15,4,0.8292977809906006
fbcd7ad7fdcfe6349eeb700a,603897.SH,长城科技,2024-06-30,0,0.7266328930854797
05ec9ce92c9c901dd613ea67,603949.SH,雪龙集团,2024-06-15,4,0.8528264760971069
c53c7ef9cc0a8e13954c68db,002927.SZ,泰永长征,2024-06-30,0,0.9219968318939209
b69d62aa969b198969a7723b,002931.SZ,锋龙股份,2024-06-30,4,0.8893831968307495
764021133e49cf453f7c1aad,002942.SZ,新农股份,2024-06-30,3,0.9432601928710938
df13074bb0b3e3317e956935,002992.SZ,宝明科技,2024-06-30,4,0.8256033062934875
d8f88644adb07726ef537f7f,300644.SZ,南京聚隆,2024-06-15,2,0.9336977005004883
3394164771b788f044b7d202,300698.SZ,万马科技,2024-06-15,1,0.9798038601875305
97777703a5cfce4d49cac82c,300739.SZ,明阳电路,2024-06-15,4,0.7741967439651489
9201676a8d0b50c47f507460,300741.SZ,华宝股份,2024-06-15,3,0.9858524799346924
ad7589118bcd53ea8471161b,300747.SZ,锐科激光,2024-06-15,4,0.866059422492981
68544d09b8bc589b410afcd3,300749.SZ,顶固集创,2024-06-15,2,0.9982094764709473
8a22f9e937e9a94c9a35b969,300751.SZ,迈为股份,2024-06-15,4,0.8126007318496704
618108b030c7dffcf3b2efd5,300752.SZ,隆利科技,2024-06-15,4,0.7858787775039673
0a8dd80763e33b4e7be96599,300760.SZ,迈瑞医疗,2024-06-15,3,0.9764865636825562
91649c92ccd00304b557fbb2,300768.SZ,迪普科技,2024-06-30,1,0.9775986075401306
4021fa09081b41d339939b47,300771.SZ,智莱科技,2024-06-15,1,0.9614347219467163
47636f781cd1a27671133bb7,300788.SZ,中信出版,2024-06-15,1,0.9559699296951294
72363765c8977f61bdbf8768,300839.SZ,博汇股份,2024-06-15,2,0.9900218844413757
35c09521148705fe305fe1c5,300849.SZ,锦盛新材,2024-06-15,2,0.9577937126159668
dc92047063001bc68c35e26d,300853.SZ,申昊科技,2024-06-15,1,0.9921075105667114
08d61a239b8b900fdad6a4b9,300883.SZ,龙利得,2024-06-30,2,0.9882500767707825
1ac21f92b7ef2092b6149f80,300894.SZ,火星人,2024-06-15,1,1.0031169652938843
435fcb1466d314e507a06282,300897.SZ,山科智能,2024-06-15,1,0.9985097646713257
d7962eab938415327170f0f5,300899.SZ,*ST凯鑫,2024-06-15,2,0.9918943047523499
8e6cdaa2f5d5c5114286d396,300902.SZ,国安达,2024-06-15,4,0.9346091747283936
df02cdcbc6948f538e03e19b,300915.SZ,海融科技,2024-06-15,2,1.0018510818481445
c651c006acba5f7fb53874e0,301018.SZ,申菱环境,2024-06-15,4,0.8889797329902649
11cc0f3e2a12a9f813be1dd2,301035.SZ,润丰股份,2024-06-15,3,0.9439530372619629
3a7ca54204273318ed5c48f2,301062.SZ,上海艾录,2024-06-30,2,0.9830015897750854
b72282373759b2455e8de0c9,301076.SZ,新瀚新材,2024-06-15,2,0.858269989490509
769e5eb9f689dbbd1e7f904c,301380.SZ,挖金客,2024-06-15,1,0.8743703961372375
8fb40816ceefd752eb11295c,301469.SZ,恒达新材,2024-06-15,2,0.9639342427253723
30a6b570ac5402dcbfb3d8ca,601066.SH,中信建投,2024-06-30,1,0.9187417030334473
6a471befa328a35430c13d99,601869.SH,长飞光纤,2024-06-30,2,0.9974997639656067
eed0fefb5d75a59fc0f38abc,603150.SH,万朗磁塑,2024-06-30,2,0.9638876914978027
b2468ce237591c4a141cd51f,603220.SH,中贝通信,2024-06-15,1,0.9286540150642395
0a29e55a4090fc5105e2f867,603256.SH,宏和科技,2024-06-15,2,0.9809850454330444
1eef13d3f7c43f53f8549d06,603267.SH,鸿远电子,2024-06-15,4,0.860861599445343
a48d04aabd49a420f39b522c,603279.SH,景津装备,2024-06-15,2,0.9542994499206543
f0f334ceac9e1c8ccc4f0f9e,603301.SH,振德医疗,2024-06-15,3,0.9208675026893616
1a2bab2c032a725b89fc738f,603353.SH,和顺石油,2024-06-30,1,1.0008857250213623
87afe6464fa516f0760ceace,603516.SH,淳中科技,2024-06-15,1,0.9742034673690796
6c9a6948f56e00625fe0219f,603693.SH,江苏新能,2024-06-15,1,0.9703726768493652
e7dcba66359e3571037c88ad,603700.SH,宁水集团,2024-06-15,1,1.0047580003738403
41bef235643425c013b0a007,603706.SH,东方环宇,2024-06-15,1,0.9481298923492432
03f651ac83462b8e6fbe5843,603722.SH,阿科力,2024-06-15,2,0.8248366713523865
e2e42f850662c1121c31fd62,603755.SH,日辰股份,2024-06-30,3,0.9413536787033081
81b768273d434688834505e0,603773.SH,沃格光电,2024-06-15,4,0.8809020519256592
caa1c6a4bd8938b06097dbc9,605098.SH,行动教育,2024-06-15,1,0.929093599319458
a0010594403af681d75f718f,605178.SH,时空科技,2024-06-30,1,0.9489357471466064
bb241e786ff895532ff5ed28,605266.SH,健之佳,2024-06-15,1,0.9690576195716858
d47f7ea44343520e141477f9,001210.SZ,金房能源,2024-06-30,1,0.9248256683349609
fdce767dc28524b72beddc7b,002937.SZ,兴瑞科技,2024-06-15,4,0.7799392938613892
dbce5361371fbcc1d127883f,002940.SZ,昂利康,2024-06-30,3,0.7712773680686951
af22a89eb1899b83897f4641,002941.SZ,新疆交建,2024-06-30,1,0.9349393248558044
1ffdc39f636bd7ce3c5cb06d,003010.SZ,若羽臣,2024-06-30,1,0.9094740152359009
c634c9da11f8883ab3307a15,300454.SZ,深信服,2024-06-15,1,0.9191952347755432
f46c702805c2f938aa58c100,300654.SZ,世纪天鸿,2024-06-30,1,1.0233538150787354
b559e681dcc84e3479214c31,300694.SZ,蠡湖股份,2024-06-15,4,0.8365222215652466
a84ca9c6d277f7a435b396ee,300705.SZ,九典制药,2024-06-15,3,0.811112642288208
c0754021c5a4c7da47a63ea9,300748.SZ,金力永磁,2024-06-15,2,0.9610005617141724
9b30ca4cc1884173c189e70f,300753.SZ,爱朋医疗,2024-06-15,3,0.8960199356079102
5e2e65138378545d5689b670,300757.SZ,罗博特科,2024-06-15,4,0.8144505023956299
654c4ed73e5e02639fe73920,300758.SZ,七彩化学,2024-06-15,2,0.9541285037994385
44a5944af37238dbe136c137,300759.SZ,康龙化成,2024-06-15,3,0.8652463555335999
9c937482a1257e506fbb265c,300775.SZ,三角防务,2024-06-15,4,1.0060193538665771
c61ef9a66de1a93299eaf887,300776.SZ,帝尔激光,2024-06-15,4,0.8645440936088562
111dc0eedbc0eb3d11251f87,300811.SZ,铂科新材,2024-06-30,4,0.9586402773857117
cf76d23c2e73af2ba4c3b20e,300818.SZ,耐普矿机,2024-06-15,2,0.9582465291023254
84bb6a5ae898ca135722fb27,300835.SZ,龙磁科技,2024-06-15,2,0.9759821891784668
ca2d7fde5e2380bfd58b29c9,300877.SZ,金春股份,2024-06-15,2,0.96237713098526
c8aac0849fe62922eb6061b8,300896.SZ,爱美客,2024-06-30,3,0.8568653464317322
dddb7d2cc3d76e3c2801c47d,300981.SZ,中红医疗,2024-06-15,3,0.9546002745628357
13d56a125cc77470532a0547,301042.SZ,安联锐视,2024-06-15,1,0.9894169569015503
148d5ce6731c27ba81da2530,301226.SZ,祥明智能,2024-06-15,0,0.7308583855628967
50aad85a1ecf2a928fa60447,301258.SZ,富士莱,2024-06-15,3,0.837806224822998
c03e19b831240a071c017656,301266.SZ,宇邦新材,2024-06-30,0,0.7588016986846924
3ea1a1d6ab0ca8e8dbcdb841,301335.SZ,天元宠物,2024-06-15,2,1.016875147819519
a4d6cd98e1f5c08deb34d56d,301505.SZ,苏州规划,2024-06-15,1,0.8836724162101746
02683fc82d3891c23279f0dc,601236.SH,红塔证券,2024-06-30,1,0.9560942649841309
08529a52c98eae4a7a220e0c,603080.SH,新疆火炬,2024-06-30,1,0.9514933228492737
f40088840eb84d05edefd307,603121.SH,华培动力,2024-06-15,4,0.8579127788543701
46778652c0200513302c2b90,603192.SH,汇得科技,2024-06-15,2,0.8400084376335144
24b01f8bd01023aba97feede,603259.SH,药明康德,2024-06-15,3,0.8815133571624756
53a0b9a1c3958e2742f0d6b3,603277.SH,银都股份,2024-06-15,2,1.0229014158248901
1b169a377e0abb550a4df898,603297.SH,永新光学,2024-06-15,4,0.8423759937286377
d4688e60ecd19ac47549ff0c,603527.SH,众源新材,2024-06-15,2,0.980170488357544
8432afa0812028048bbf7a39,603629.SH,利通电子,2024-06-15,4,0.7911220192909241
7488fabb95649999a5b4c1a4,603650.SH,彤程新材,2024-06-15,2,0.8412593007087708
d2548c4e3eaa4bf8b45d9a81,603657.SH,春光科技,2024-06-15,4,0.9474589824676514
bb7c57ddf581d4b8acd8de38,603662.SH,柯力传感,2024-06-15,4,0.9639544486999512
4a6e10d89852e6a8617521f7,603681.SH,永冠新材,2024-06-30,2,0.863732635974884
9a6233b5ef9b330e271cb41b,603697.SH,有友食品,2024-06-15,3,0.9638158082962036
9c43b17349d5c70bd7a579c6,603713.SH,密尔克卫,2024-06-30,1,0.967731773853302
e372e202ddecf73198eea854,603739.SH,蔚蓝生物,2024-06-15,3,0.9797334671020508
c15bcd3a150ad646780a2d37,603790.SH,雅运股份,2024-06-30,2,0.9506672024726868
1c44c7d750cf0c43b910b15f,603810.SH,丰山集团,2024-06-15,3,0.942426323890686
01531e252c7957889e26c3f2,603876.SH,鼎胜新材,2024-06-30,2,0.9503408074378967
37e7f854f9b87079ec70fa9d,603915.SH,国茂股份,2024-06-30,4,0.8980656862258911
c7ff32d2bc23b2b28746aa92,605088.SH,冠盛股份,2024-06-30,4,0.8829770684242249
38d89a12f9391e2ea9866d30,605183.SH,确成股份,2024-06-30,2,0.8242310881614685
7bd739f66e6accc259aafd7d,001296.SZ,长江材料,2024-06-30,2,0.9650259613990784
0c3bff720ec8d1a7c83df662,001330.SZ,博纳影业,2024-06-30,1,0.9620867967605591
cc2af1aac8f31ee890071ec3,002938.SZ,鹏鼎控股,2024-06-30,4,0.8102856874465942
3f9bdcfa52fca3928e7c4f4a,002943.SZ,宇晶股份,2024-06-15,4,0.9781532287597656
f78a78fa68445b44f0df4918,002946.SZ,新乳业,2024-06-30,1,0.9931132197380066
74189e3cea9b9b8b0d6b51f2,002947.SZ,恒铭达,2024-06-30,4,0.806042492389679
6d41827985704905e368c2f1,002949.SZ,华阳国际,2024-06-30,1,0.96518474817276
f851ba2cade128f4f09851e9,002950.SZ,奥美医疗,2024-06-30,3,0.9317286014556885
cf8c491f7993e88fc7f422bc,002952.SZ,亚世光电,2024-06-15,4,0.8974924087524414
f843678b0013a5e32cd37fbc,002967.SZ,广电计量,2024-06-15,1,0.9803923964500427
7371f4d85f52daad04e61165,002996.SZ,顺博合金,2024-06-15,2,0.9609661102294922
fb8d8284225037b4eb72cbc2,003004.SZ,*ST声迅,2024-06-30,1,0.9117815494537354
914438796e601c1e2e2ed60b,003012.SZ,东鹏控股,2026-04-15,2,1.0269274711608887
684f083712f6aceadf81a150,300594.SZ,朗进科技,2024-06-15,4,0.9806545972824097
395aeb5344cd5f485e8b3313,300716.SZ,ST泉为,2024-06-30,2,0.9231433272361755
3ea750bcdf4e7b272488e7be,300736.SZ,百邦科技,2024-06-15,1,0.9001116156578064
046a55ca112bd837c77e59ca,300750.SZ,宁德时代,2024-06-15,0,0.8209046721458435
ad4b4cbd684d215765b60651,300762.SZ,上海瀚讯,2024-06-15,1,0.9858676195144653
f790f7d6b6dbf8c7fd48c3cc,300763.SZ,锦浪科技,2024-06-15,0,0.7572751045227051
87d1b21ca1906c3896cedcb6,300766.SZ,每日互动,2024-06-15,1,0.9219643473625183
90925957417ce27fc148b6e0,300772.SZ,运达股份,2024-06-15,0,0.8012479543685913
e12fd5b4f381b639d9c6ee69,300778.SZ,新城市,2024-06-15,1,0.8829297423362732
b36f9e1d471b80717241ae30,300780.SZ,德恩精工,2024-06-15,4,0.8872161507606506
2862c5ba86f5b469ae24aef7,300789.SZ,唐源电气,2024-06-15,1,1.0035446882247925
4178e4806b9eb159052fe0f6,300795.SZ,米奥会展,2024-06-15,1,0.9451379179954529
4f5c3ee3c0aa7946a356df32,300803.SZ,指南针,2024-06-15,1,0.8856460452079773
af00d5fd3a463202dc1f2eab,300828.SZ,锐新科技,2024-06-15,4,0.9480031132698059
60cacf4bba623c24a6b83902,300832.SZ,新产业,2024-06-15,3,0.9019709825515747
e12d04c59b62150151b69772,300845.SZ,捷安高科,2024-06-15,1,0.9273852109909058
ada189cf2b3a0f42ac9b24a4,300859.SZ,西域旅游,2024-06-15,1,0.9863412976264954
f8aab16b98ca8350e6cf51b9,300890.SZ,翔丰华,2024-06-15,0,0.8843892216682434
efa3159eebd71eff593b4a98,300960.SZ,通业科技,2024-06-15,1,1.000414252281189
6412b260236cc4a081969772,301191.SZ,菲菱科思,2024-06-15,4,0.9353925585746765
9f67bfab47cc7329e5882de3,301263.SZ,泰恩康,2024-06-15,3,0.9281387329101562
864b5f6ef363fd3a71867499,301419.SZ,阿莱德,2024-06-15,4,0.8855177164077759
1dbd9eb69171a540fb0f559b,301591.SZ,肯特股份,2024-06-15,2,0.9259753823280334
02eea8c4e228a8834099b864,600933.SH,爱柯迪,2024-06-15,4,0.8475416898727417
f58c8e1b2aba8a224570c86a,601187.SH,厦门银行,2024-06-30,1,0.9375225901603699
5688b37411136bc3fe90becc,601298.SH,青岛港,2024-04-05,1,0.9866343140602112
7a38f5c85c801c123616e414,601319.SH,中国人保,2024-06-30,1,0.9893779754638672
f18f7d3061f5d489a43a7567,601577.SH,长沙银行,2024-06-30,1,0.9316127896308899
085469f230ebaf06d01b78c7,601916.SH,浙商银行,2024-06-30,1,0.9307039976119995
7ba9b62aa90a008ba89a14ae,603045.SH,福达合金,2024-06-15,2,0.9353855848312378
f710a70889df2040b7dbcb3b,603068.SH,博通集成,2024-06-15,4,0.8880451321601868
aa0e3a860b3a126f4f2aac9a,603332.SH,苏州龙杰,2024-06-15,2,0.9375571608543396
4f68ceb956f073eaa612e200,603348.SH,文灿股份,2024-06-15,4,0.8791559934616089
f09ae6cca3a5cf59b107f28b,603351.SH,威尔药业,2024-06-30,3,0.869741678237915
e9f9b2d5c45ad4aaf1591881,603583.SH,捷昌驱动,2024-06-15,0,0.7796506285667419
39658bc9b17a967809a263e5,603613.SH,国联股份,2024-06-30,1,0.9418737292289734
a71a98ea5e94406d8b88a222,603937.SH,丽岛新材,2024-06-15,2,0.9465372562408447
e86d174785886dcc17c0397d,001201.SZ,东瑞股份,2024-06-30,1,1.003962516784668
209de2ee6c0a2c55ec42a25a,001236.SZ,弘业期货,2024-06-15,1,0.9760856628417969
d40c80151b60ba92aded77d8,001965.SZ,招商公路,2024-06-30,1,0.96726393699646
3ee32979647aed886537ef52,002929.SZ,润建股份,2024-06-30,1,0.9494842886924744
74b260640288dadb7fdf9168,002930.SZ,宏川智慧,2024-06-15,1,0.9610744714736938
bea7bfab2251cc699d467c4f,002932.SZ,明德生物,2024-06-30,3,0.9283702969551086
1de59c75a7f7eadcdd63053e,002933.SZ,新兴装备,2024-06-15,4,1.0061261653900146
5ec24cd51c8f285e5ae98d5a,002951.SZ,金时科技,2024-06-30,2,0.9516900777816772
6798b6f2015bd2e325484856,002956.SZ,西麦食品,2024-06-15,3,0.9673227667808533
edd018b2e9d95b8af9a32cbe,002957.SZ,科瑞技术,2024-06-30,4,0.8278636932373047
e2d76630bbeb87aa2e2daff2,002962.SZ,五方光电,2024-06-30,4,0.8451374769210815
d115ab6e490824ea1f67505a,002982.SZ,湘佳股份,2024-06-15,1,0.9992314577102661
b5276428b9a3ca669ae40043,002984.SZ,森麒麟,2024-06-15,2,0.9699313044548035
abe12af9fcf649573001a755,300765.SZ,新诺威,2024-06-15,3,0.8712602257728577
907f6998417ecb8c72cd3d00,300770.SZ,新媒股份,2024-06-30,1,0.9372440576553345
eda09b361441e4b6b3bac606,300779.SZ,惠城环保,2024-06-15,2,0.9432040452957153
2a7a4ad731021e411ca201f8,300782.SZ,卓胜微,2024-06-15,4,0.8247236609458923
bc0ef2b905fbf3e47d396376,300792.SZ,壹网壹创,2024-06-15,1,0.9135168790817261
11c1a45cfb4020fadd3ce8cd,300798.SZ,锦鸡股份,2024-06-15,2,0.9494661688804626
849ce575fb2881c6dcfb6e69,300813.SZ,泰林生物,2024-06-15,3,0.9296279549598694
37b8a7fc6768b0fced7f06f1,300823.SZ,建科智能,2024-06-15,1,0.9579923748970032
37b0b109a5dc8a07bde73d3c,300824.SZ,北鼎股份,2024-06-15,1,0.9906532764434814
773d1efbf977aa2008f746ee,300851.SZ,交大思诺,2024-06-15,4,1.0103005170822144
c396408d1c33423d96723495,300912.SZ,凯龙高科,2024-06-30,4,0.9152624011039734
2f85cda5f3e3f4743add88b9,300970.SZ,华绿生物,2024-06-15,2,1.0199180841445923
62717871fc77fd907d5c0e1b,301015.SZ,百洋医药,2024-06-30,1,0.9655649065971375
e0088643d56cfc67910f76af,301168.SZ,通灵股份,2024-06-30,0,0.7216309309005737
a0803a49ef937a4411224919,301302.SZ,华如科技,2024-06-15,1,0.9242797493934631
86e6518c9ba6c4c28e7b7efd,600929.SH,雪天盐业,2024-06-30,3,0.9560280442237854
56c3d3e8fe0655e35bf3b4a7,600989.SH,宝丰能源,2024-06-15,2,0.9684069752693176
9186a13a720008c2602d4c53,601077.SH,渝农商行,2024-06-30,1,0.9465221166610718
79143d4378bbf8c5997f71f3,601138.SH,工业富联,2024-06-15,4,0.9811630845069885
0734dca5078fe26912e6775b,601615.SH,明阳智能,2024-06-30,0,0.7869607210159302
e1b486afcaf963383e2212d6,601698.SH,中国卫通,2024-06-30,1,1.0004899501800537
957e055d7f1c3c87b1cfc498,603115.SH,海星股份,2024-06-30,2,0.9671871066093445
50ea373c838bddb077634c4d,603187.SH,海容冷链,2024-06-30,1,1.0249675512313843
5aab8536f23e1332b7648c6d,603212.SH,赛伍技术,2024-06-30,2,0.937341570854187
21255c5d84aa3422b59efc8f,603236.SH,移远通信,2024-06-15,4,0.9504477977752686
27c189246aae45d4f4bc741a,603327.SH,福蓉科技,2024-06-15,4,0.9136807322502136
9ef26bd1ad42dace3e5d0844,603530.SH,神马电力,2024-07-01,0,0.672549843788147
cc3530932878cfe7f52980a3,603687.SH,大胜达,2024-06-15,2,0.9742776155471802
c444bca95d951d3ce20863f3,603712.SH,七一二,2024-06-15,1,0.996073305606842
4309a91984dd0b25d7fa8295,603786.SH,科博达,2024-06-15,4,0.8308097720146179
f54b39ede8e091fe77d2fccd,603863.SH,松炀资源,2024-06-15,2,0.961041271686554
ec82525a3391f12cc188f5fe,603867.SH,新化股份,2024-06-15,2,0.8384770750999451
c827c167e01c7acda209e16a,603927.SH,中科软,2024-06-15,1,0.8932121992111206
f93d22322c9e04a58f5151b7,603956.SH,威派格,2024-06-30,1,0.9613150358200073
1aee882288367d96c4f032b1,603982.SH,泉峰汽车,2024-06-15,4,0.8369803428649902
dda053b708468fb095a68535,603992.SH,松霖科技,2024-06-15,2,0.984379768371582
33f0d28bd35957da74a5da41,605299.SH,舒华体育,2024-06-30,1,0.9852719902992249
8ff5123b585bd835a4c8be63,002955.SZ,鸿合科技,2024-06-30,1,0.9794777631759644
5a8b36a233ec6a7d1bdced45,002959.SZ,小熊电器,2024-06-15,1,0.9964615106582642
e7772cf901a7296d7e2a667b,002963.SZ,豪尔赛,2024-06-15,1,0.9530758261680603
05ac684fd138d5d5c5d2db99,002968.SZ,新大正,2024-06-30,1,0.9658759236335754
cc53a3307c02dd521e26abe0,002969.SZ,嘉美包装,2024-06-15,2,0.9637529253959656
c282222a096758086c44eb4e,002971.SZ,和远气体,2024-06-15,2,0.9311532974243164
845fb352d8aefb42398c5aab,002972.SZ,科安达,2024-06-15,1,0.9997642636299133
d84223ac672ffd6672f610de,002973.SZ,侨银股份,2024-06-15,1,0.8888123035430908
1dae79f509f21e6b83961541,002977.SZ,天箭科技,2024-06-15,4,0.9984727501869202
08ba39c84cb1b022cb6497ca,002980.SZ,华盛昌,2024-06-15,4,1.0153915882110596
1fbb1d395c050d2e4a6f3ac4,003043.SZ,华亚智能,2024-06-15,4,0.8182809352874756
62fe5d4bd208303837ee5ceb,003816.SZ,中国广核,2024-06-15,1,0.9537461996078491
f8b2fa1e66d6d755b7de65aa,300790.SZ,宇瞳光学,2024-06-15,4,0.8195231556892395
f18a6e17a75632cd70e99801,300793.SZ,佳禾智能,2024-06-15,4,0.9196482300758362
013e60e09f6db3ca4bb57de0,300796.SZ,贝斯美,2024-06-15,3,0.9481470584869385
8417ac0f6196219356509729,300797.SZ,钢研纳克,2024-06-15,4,0.9770820140838623
3a389ff3cae64506f28b61a6,300802.SZ,矩子科技,2024-06-15,4,0.8143599033355713
f21fecea0ab8230d93adcedb,300805.SZ,电声股份,2024-06-15,1,0.9460639357566833
a5e2ae7a3c03ec29b1136a60,300808.SZ,久量股份,2024-06-15,1,1.0316780805587769
5c8eb1d40fd5238c810d6894,300809.SZ,华辰装备,2024-06-15,4,0.9694417119026184
524a46a1cec3e1b4272d7474,300815.SZ,玉禾田,2024-06-15,1,0.8999313116073608
4b0d3d3acb2364f26b03828c,300816.SZ,艾可蓝,2024-06-15,4,0.9106670022010803
8416492de231afb3dae67302,300819.SZ,聚杰微纤,2024-06-15,2,0.9409095644950867
994f0b4062bb054dffa5b960,300825.SZ,阿尔特,2024-06-15,1,1.0158321857452393
4f6a486b86fe8638b780a7a1,300826.SZ,测绘股份,2024-06-15,1,0.8897044658660889
9b8f915072b56950296d207b,300830.SZ,金现代,2024-06-15,1,0.9228647351264954
b3160a21c02fbdd824063103,300858.SZ,科拓生物,2024-06-15,3,0.8652609586715698
43616f88a5fec992537e6426,300860.SZ,锋尚文化,2024-06-15,1,0.9715951681137085
7e9308e5fae1dc363092b551,300869.SZ,康泰医学,2024-06-15,3,1.0006728172302246
658c8f39af32d667044105b5,300898.SZ,熊猫乳品,2024-06-15,2,1.0005710124969482
5fee2e2b01d0699318d16af9,301020.SZ,密封科技,2024-06-15,4,0.8088511824607849
d1a61cab1be302303d0e8824,600956.SH,新天绿能,2024-06-30,1,0.9741016030311584
ac69b4cfe17ddce3e497e4dc,601609.SH,金田股份,2024-06-30,2,0.9732896685600281
61bf540fb3048a52ba973e34,601963.SH,重庆银行,2024-06-15,1,0.9442690014839172
0362ae0bb8aaead22fa8147f,603053.SH,成都燃气,2024-06-15,1,0.9371947646141052
162af9bad89fd5dbe634d130,603195.SH,公牛集团,2024-06-15,1,1.0043690204620361
160c390f69a120e4d6dabad0,603290.SH,斯达半导,2024-06-30,4,0.8175485134124756
c0512d5662b1338628347540,603390.SH,通达电气,2024-06-15,1,0.9480137825012207
ef3dd10a19ed97e88b2ca580,603489.SH,八方股份,2024-06-15,0,0.7319166660308838
5f8cd31c26dffee3f359bb25,603529.SH,爱玛科技,2024-06-15,1,1.009621024131775
c4ac4f9f352b4dbebbc16dd0,603551.SH,奥普科技,2024-06-15,2,1.003112554550171
5cdc38a73a33ba371e24b841,603610.SH,麒盛科技,2024-06-15,1,1.0126279592514038
1a9afa928c7199147ce18e6a,603719.SH,良品铺子,2024-06-15,3,0.9614167213439941
b36e759296a30179058b730b,603815.SH,交建股份,2024-06-15,1,0.9192258715629578
b55ae4902af5b860696d7d25,603948.SH,建业股份,2024-06-15,2,0.827689528465271
c14e3c52225ccbb198b11666,603950.SH,长源东谷,2024-06-30,2,0.9642832279205322
224d4a69bb85a5b1d78af2fd,603995.SH,甬金股份,2024-06-15,2,0.9862936735153198
19cb2f15749c75e4b72c927b,605090.SH,九丰能源,2024-06-30,1,0.9853026270866394
16658dba39e85028fa1fc30c,605339.SH,南侨食品,2024-06-15,3,0.9254124760627747
40af3748349a85e3d9be4986,605368.SH,蓝天燃气,2024-06-30,1,0.9470393061637878
6c6f4f997e2ba445f1cb3f67,001313.SZ,粤海饲料,2024-06-30,3,1.012168526649475
75c163d12c4b936f40361cd3,002975.SZ,博杰股份,2024-06-30,4,0.8351784348487854
865947da79e926e770cc177e,002976.SZ,瑞玛精密,2024-06-15,4,0.7931445240974426
115cbd239d9099ccc15ea9ee,002983.SZ,芯瑞达,2024-06-15,4,0.8602104187011719
484ac0b12b8e18a544237b77,002985.SZ,北摩高科,2024-06-30,2,1.0251444578170776
cd45fcb56de86513e2df685a,002987.SZ,京北方,2024-06-15,1,0.8567834496498108
905dd86ce69bcc7018c8d817,002993.SZ,奥海科技,2024-06-15,4,0.8053867220878601
5b83dc7987c78827dc009580,003008.SZ,开普检测,2024-06-15,1,1.0008233785629272
43c2c0c92329ec6ea1963c70,300812.SZ,易天股份,2024-06-15,4,0.8000797033309937
f1d8f6d352967759c5dae613,300821.SZ,东岳硅材,2024-06-30,2,0.8463426828384399
75c276045a1f302c339e05e8,300822.SZ,贝仕达克,2024-06-15,4,0.8359119892120361
0aafdae469c77e1878eae345,300831.SZ,派瑞股份,2024-06-15,4,0.9114579558372498
0ceaf8015e7bb25190566668,300833.SZ,浩洋股份,2024-06-15,4,0.959479808807373
0d80ea63bf56ac8d5ae662d2,300836.SZ,佰奥智能,2024-06-15,4,0.8012449741363525
a5b5711635ab93ca69bcc3f9,300838.SZ,浙江力诺,2024-06-15,4,0.9257928133010864
fe32ef2f0e129b9e05aa6309,300840.SZ,酷特智能,2024-06-15,1,0.9910648465156555
f41491c2722c69013eaa4ecc,300841.SZ,康华生物,2024-06-15,3,0.8467203974723816
65fcdb4ae967e90b33749ecf,300842.SZ,帝科股份,2024-06-15,0,0.7734750509262085
ff764acbcc14c632a822faab,300843.SZ,胜蓝股份,2024-06-15,4,0.7855380177497864
b783be088e4f4aac7a4ea12d,300861.SZ,美畅股份,2024-06-30,2,0.97847980260849
cfe8a2c10b5910f7c450bbd7,300892.SZ,品渥食品,2024-06-15,1,0.9836527705192566
2bd263d88cad081bfa68d4b8,300928.SZ,华安鑫创,2024-06-15,4,0.9142049551010132
03b6c94a5ca600b192a75d06,601598.SH,中国外运,2024-04-05,1,0.9444042444229126
35c59412cdb56e41f81edf92,601696.SH,中银证券,2024-04-05,1,0.9293500185012817
219436967e9a8e368600f7ab,601702.SH,华峰铝业,2024-06-30,2,0.9593271613121033
5243ffe59e0d2e6a913df2da,601778.SH,晶科科技,2024-06-30,1,0.9832786321640015
8d5d1f91cfe14b714b83fb0e,601827.SH,三峰环境,2024-06-30,1,0.9468241930007935
bfd5ed696a1ba7f827c23897,601975.SH,招商南油,2024-06-30,1,0.9891300201416016
2594bc2ab020a2bf1791624f,603221.SH,爱丽家居,2024-06-30,2,0.939379870891571
151534be512fd86dea68bd5f,603439.SH,三力制药,2024-06-15,3,0.9362867474555969
e56a8eb6798d7bb7937d899b,605111.SH,新洁能,2024-06-30,4,0.8106005787849426
0f880272f3a5a65e4a9cd4b0,605128.SH,上海沿浦,2024-06-15,4,0.9061278104782104
8a275125834b17b3f192b548,605198.SH,安德利,2024-06-15,2,1.0366816520690918
4c37bac5f4e568b024a6b00d,605288.SH,凯迪股份,2024-06-15,0,0.797024130821228
ab51f2d519a5db3e6b9546c9,605289.SH,罗曼股份,2024-06-30,1,0.8908538222312927
bf9592f697874be0fc14310f,605333.SH,沪光股份,2024-06-15,4,0.8915632367134094
563a84523bd9f4dcf09a0dec,605358.SH,立昂微,2024-06-15,4,0.8238920569419861
08dff55efc0b953c732bc15d,688001.SH,华兴源创,2024-06-30,4,0.8066381216049194
ea93c8c1c1e95693c99486b9,688002.SH,睿创微纳,2024-06-30,4,0.915673017501831
bb1d50cb4be31799a438ebb4,688005.SH,容百科技,2024-06-30,0,0.8514950275421143
ae06f75d32224cf539876170,688007.SH,光峰科技,2024-06-30,4,0.8945468664169312
365230cfc3bc095a5b836166,688027.SH,国盾量子,2024-06-15,1,0.9835461974143982
153557b21cf652155c58fa3c,688088.SH,虹软科技,2024-06-30,1,0.9800744652748108
2f8e6da03ac0472495a9d0a7,688099.SH,晶晨股份,2024-06-30,4,0.8852301239967346
1b969dc6ee84ea30346a4680,688116.SH,天奈科技,2024-06-15,2,0.865872323513031
68ce9d27ca39cfa50488db31,688218.SH,江苏北人,2024-06-30,4,0.9632374048233032
b77d051318bf6bd8ab9fb021,688278.SH,特宝生物,2024-06-30,3,0.8275644779205322
b564616f14da6395acb3d676,688321.SH,微芯生物,2024-06-15,3,0.7832083702087402
ca46c53db26fdb70c014bcbc,688499.SH,利元亨,2024-06-30,4,0.813615083694458
b95a829dbe6c06b41b3451db,688526.SH,科前生物,2024-06-30,3,0.9666977524757385
ac74cf505d1986d76185db85,002986.SZ,宇新股份,2024-06-15,2,0.8678941130638123
e336e128277d8e447812b99b,002988.SZ,豪美新材,2024-06-30,2,0.9678611755371094
c10eb8065251b408856612ff,002991.SZ,甘源食品,2024-06-30,3,0.9793606400489807
38c7ad866886a8fe1a047663,300846.SZ,首都在线,2024-06-15,1,0.908227801322937
aabc70dc23ea634548a61702,603095.SH,越剑智能,2024-06-15,2,1.0297092199325562
10556d5d64b857e0f03dd988,603565.SH,中谷物流,2024-06-15,1,0.9787251949310303
3a3c1a892577957375739119,605001.SH,威奥股份,2024-06-30,4,1.0103039741516113
8d5a467f1eafb423a5b9d53f,605008.SH,长鸿高科,2024-06-30,2,0.9689866304397583
a81104d8c75237393e6bf0ec,605100.SH,华丰股份,2024-06-15,4,1.006577968597412
f9cae99acb3d0742eceaca38,605188.SH,国光连锁,2024-06-30,1,0.9949386119842529
e55b38a9a3cc2e44bc3c05d6,688003.SH,天准科技,2024-06-15,4,0.8332715034484863
708614f4d26584faafa29bac,688008.SH,澜起科技,2024-06-30,4,0.8930974006652832
0ed6127ad891c3e90ffa0610,688010.SH,福光股份,2024-06-30,4,0.9017821550369263
664d209aad28e10271dbaefc,688011.SH,新光光电,2024-06-30,4,0.9893901944160461
9df47e8d3a351b0e4a0491cd,688012.SH,中微公司,2024-06-30,4,0.8920741677284241
b30ae43746883b05eb08097c,688015.SH,交控科技,2024-06-30,1,0.9614450335502625
b9f62d1ea189f32186c44fd3,688016.SH,心脉医疗,2024-06-30,3,0.9220320582389832
8498f578ba7225ebf6b84656,688018.SH,乐鑫科技,2024-06-30,4,0.904565155506134
f5b9c5bb6b802e9a5de846f2,688019.SH,安集科技,2024-06-30,4,0.894612193107605
d58ac849fe9359d533efe845,688022.SH,瀚川智能,2024-06-15,4,0.8182451725006104
c4b363ce3687bed2b142d607,688023.SH,安恒信息,2024-06-30,1,0.8989958167076111
bac13d20dda5ef49d9c9e7a0,688028.SH,沃尔德,2024-06-30,4,0.8800474405288696
7899a047a2f6d14265685ebe,688030.SH,山石网科,2024-06-15,1,1.0171031951904297
670c23edb1bb2a9d59951266,688033.SH,天宜新材,2024-06-15,0,0.848803699016571
6a57a039b85963fdf32898fd,688036.SH,传音控股,2024-06-15,1,0.9462625980377197
4088a02c90f6e1a80840c21c,688039.SH,当虹科技,2024-06-15,1,0.9790131449699402
2ec7c7dfd64da95115176959,688057.SH,金达莱,2024-06-15,1,0.9931829571723938
4c436a3811ad73c5d9331e35,688066.SH,航天宏图,2024-06-15,1,0.9059596657752991
5a44cc633766fb64775e1ee6,688068.SH,热景生物,2024-06-15,3,0.8859644532203674
ed258c3f6dc5bdc8c68cadee,688078.SH,龙软科技,2024-03-25,1,0.930809497833252
cadf645f4b5022293289a3a4,688097.SH,博众精工,2024-04-05,4,0.8188262581825256
e8e2be377205141be079d67b,688100.SH,威胜信息,2024-06-30,1,0.9773588180541992
843da5b8ab56a4f9f6bd8e8c,688108.SH,赛诺医疗,2024-06-30,3,0.9509565234184265
d3e3f4bf21d860e389357793,688123.SH,聚辰股份,2024-06-15,4,0.8446518182754517
521d5c5ce3fc5def3d0069b4,688133.SH,泰坦科技,2024-06-30,3,1.0080883502960205
93d6ed92efab7bb890828514,688139.SH,海尔生物,2024-04-05,3,0.9289584755897522
53176d74c7b7e3bdab872609,688158.SH,优刻得-W,2024-06-30,1,0.9234801530838013
8af5676bd2baa68e7d99de96,688166.SH,博瑞医药,2024-03-25,3,0.794870138168335
809ed8ebca870406f2f04e1c,688168.SH,安博通,2024-06-30,1,0.9188979268074036
1a3d8e0d548cddea2fed213a,688169.SH,石头科技,2024-06-30,1,0.9810203909873962
d4eded78876c3529a684c74d,688186.SH,广大特材,2024-06-30,2,0.9976460337638855
e6a8386c6d3e0aef748f5e19,688188.SH,柏楚电子,2024-06-30,4,0.8996675610542297
04337250ee35613fe976225f,688258.SH,卓易信息,2024-06-15,1,0.9407097697257996
04db8af78244c41e75c4bffe,688268.SH,华特气体,2024-06-15,2,0.9140677452087402
73df5fea1629241390f51404,688288.SH,鸿泉技术,2024-06-30,1,1.009249210357666
c571098e6e2efa940d4bfeb1,688333.SH,铂力特,2024-06-30,4,0.9333764314651489
d339bc36a57b971bcff17fee,688363.SH,华熙生物,2024-06-30,3,0.8602543473243713
9a83ae635fac9bd885c2a4e7,688513.SH,苑东生物,2024-06-15,3,0.7989591956138611
4c850dceba6096b2fb32a843,688568.SH,中科星图,2024-06-30,1,0.9019891023635864
bd27fe42098f5a3233bd2d88,688787.SH,海天瑞声,2024-06-15,1,0.9114763140678406
1a867166a487ac66087cf737,003009.SZ,中天火箭,2024-06-15,1,1.0273154973983765
28018fbaf25d7525f649eb81,300850.SZ,新强联,2024-06-15,4,0.9441720843315125
4e8ae0d6a7f9253082da86c6,300862.SZ,蓝盾光电,2024-06-15,1,1.0211478471755981
70e00eaf09f8981936c683f4,301237.SZ,和顺科技,2024-06-15,4,0.9252008199691772
644bdcb32dd3edbba11acbbb,301372.SZ,科净源,2024-06-15,1,0.9617381691932678
8e71787d26beeb32782c4f8b,605050.SH,福然德,2024-06-30,2,1.0038970708847046
54107d817591f0802b83f331,605166.SH,聚合顺,2024-06-30,2,0.9297824501991272
765f95099fc75f3f6280c067,605168.SH,三人行,2024-06-30,1,0.9294463992118835
8ae6af55aede32e4119bd3df,605366.SH,宏柏新材,2024-06-15,2,0.8774107098579407
0834b414f6f5d41d8d8f8a5e,605389.SH,长龄液压,2024-04-05,4,0.9088184833526611
5f8045e8acbc4a03216de4f1,688006.SH,杭可科技,2024-06-15,0,0.7354379892349243
92f39b72ed4bb7365c585657,688009.SH,中国通号,2024-06-30,1,0.9798745512962341
bde4ef97ec56e52d525553f1,688020.SH,方邦股份,2024-06-30,4,0.8218358755111694
b54c5319770226793f741ed6,688021.SH,奥福科技,2024-06-30,4,0.8714686632156372
ba3664f0104de574f636502e,688025.SH,杰普特,2024-06-15,4,0.8189268708229065
1dce84ccf1f78b85dc648100,688029.SH,南微医学,2024-06-30,3,0.9129834771156311
e96f5f73723c4a4b35260f4e,688051.SH,佳华科技,2024-03-20,1,0.9234298467636108
5d98712630681e60a96c1a4a,688058.SH,宝兰德,2024-03-20,1,0.9061228036880493
2c417de1147dd7c3e41f3f5d,688080.SH,映翰通,2024-03-25,4,0.9856678247451782
d52ef12a2b8dee5e02d5a81f,688089.SH,嘉必优,2024-06-30,3,0.8943195939064026
ab4f15eda951b7475755bc9a,688098.SH,申联生物,2024-06-15,3,0.9578642845153809
ec238976256569b281b5dfbe,688101.SH,三达膜,2024-06-30,2,0.9747552275657654
0ca3b79bde7013716e211f12,688111.SH,金山办公,2024-06-30,1,0.8930774331092834
db5123cb3f3f1f06c643812d,688122.SH,西部超导,2024-06-30,2,0.986723005771637
4fdf7eb2ea8bcdf4ef5409f2,688126.SH,沪硅产业,2024-06-30,4,0.907184898853302
b5d630e8843b3772fdaeeabf,688128.SH,中国电研,2024-06-30,4,0.9351301193237305
1e20f85074088aadac85bf08,688159.SH,有方科技,2024-06-30,1,0.9982094764709473
5ce5da9dcaaf0da6ebd170a0,688163.SH,赛伦生物,2024-06-30,3,0.8776805996894836
dde7aff991efe5d8262fab4f,688178.SH,万德斯,2024-06-30,1,0.9446610808372498
714c2db0ae9b98d2ff9b257c,688181.SH,八亿时空,2024-06-30,4,0.926696240901947
597722e6e55cba80bb0e6e50,688196.SH,卓越新能,2024-06-30,2,0.9712751507759094
8df9647bc3dc53c6a5f41e38,688198.SH,佰仁医疗,2024-06-30,3,0.8941327929496765
d6f9e1ee23b83bc68454719f,688199.SH,久日新材,2024-06-30,2,0.9310765862464905
0679d832aa76ebc39978eced,688202.SH,美迪西,2024-04-05,3,0.8870751261711121
744f90c692e88d6602f97377,688233.SH,神工股份,2024-06-15,4,0.95857834815979
f560524e6ca03060f54acad9,688298.SH,东方生物,2024-06-30,3,0.8628513216972351
89374aba9dea19110c8113d6,688299.SH,长阳科技,2024-04-05,4,0.8303160071372986
53f8e2e2e1ba08791ab9e3ee,688300.SH,联瑞新材,2024-06-15,2,0.9651145339012146
a8949fbc94a69211a792bbbb,688310.SH,迈得医疗,2024-06-15,4,0.9442749619483948
2cd45483bf4366308b231f52,688357.SH,建龙微纳,2024-06-15,2,0.8934264779090881
1dab3845a6132f00b8579d29,688358.SH,祥生医疗,2024-06-15,3,0.9443403482437134
010270868ede61532a407f30,688366.SH,昊海生科,2024-06-30,3,0.8751851320266724
c77308c6c85dd89947be810c,688368.SH,晶丰明源,2024-06-30,4,0.8338673114776611
8e7df0cc1791f6a18807a772,688369.SH,致远互联,2024-06-15,1,0.9000778198242188
244a768928fbe732739257c9,688388.SH,嘉元科技,2024-06-15,0,0.865861713886261
b3eaddf1747bc641d8f7141e,688389.SH,普门科技,2024-06-15,3,0.8962684273719788
03e83cb66d3d8e4b39075d7d,688399.SH,硕世生物,2024-06-30,3,0.8949111700057983
08031add03b0d9eaf5851217,688588.SH,凌志软件,2024-06-30,1,0.9022744297981262
a7e9284c1baccef5fc480db3,688656.SH,浩欧博,2024-06-15,3,0.8757660984992981
143f80c5a92d91625b602851,689009.SH,九号公司-WD,2024-03-15,1,1.008560299873352
6f9f34182806c04935995633,002990.SZ,盛视科技,2024-06-15,1,0.9199909567832947
546c16ccf2599eda32923b5b,002997.SZ,瑞鹄模具,2024-06-15,4,0.8906581997871399
bb259a13f1531a74f70056aa,002998.SZ,优彩资源,2024-06-30,2,0.9393372535705566
a61ef3d254e1ec36281e1273,003001.SZ,中岩大地,2024-06-30,1,0.9450783133506775
bbe77562ca2add5f1cd690fa,003013.SZ,地铁设计,2024-06-15,1,0.9004640579223633
d1fa83e2b5ebf1969b995820,003021.SZ,兆威机电,2024-06-15,4,0.7821189761161804
0a1cfac3c13a39d4b487080f,003027.SZ,同兴科技,2024-06-15,4,1.0325727462768555
0e1c3fca58dd570c5cf4abe5,003032.SZ,*ST传智,2024-06-30,1,0.9166734218597412
975d9fe23a4233a5e594843f,300852.SZ,四会富仕,2024-06-15,4,0.7693497538566589
a79c0228ee771eab01bacbd4,300855.SZ,图南股份,2024-06-30,2,0.9412018656730652
3160cd1d3d1e9e591654c1bc,300856.SZ,科思股份,2024-06-15,2,0.9895246028900146
a549d9fef43d1d794a56dc6a,300857.SZ,协创数据,2024-06-15,4,1.0000245571136475
a621ac8f871d8fba80030778,300863.SZ,卡倍亿,2024-06-15,4,0.8270225524902344
0d6b72b428a0d4d8859eef1c,300866.SZ,安克创新,2024-06-15,1,1.0010313987731934
ebe5f0a9ce6b779becd48bbc,300871.SZ,回盛生物,2024-06-30,3,0.960137665271759
fcf67d80a3c83652ce38a4b4,300875.SZ,捷强装备,2024-06-15,4,1.032922625541687
3d38b6aaac520e555657b570,300880.SZ,迦南智能,2024-06-15,1,0.9919640421867371
49c2a1e368bffe0748a93d7b,300885.SZ,海昌新材,2024-06-15,4,0.8992583751678467
55b4cbd6aa247878d597f915,300889.SZ,爱克股份,2024-06-15,0,0.9390556216239929
1561f2438bcf2e55e2988063,300910.SZ,瑞丰新材,2024-06-30,2,0.8953049778938293
605594fa70fc95da997a698c,300978.SZ,东箭科技,2024-06-15,4,0.872883677482605
c37e8859b6b23dd6f2f492ee,301073.SZ,君亭酒店,2024-06-30,1,0.9900875687599182
06d418e54c522c3b15e39a66,301172.SZ,君逸数码,2024-06-15,1,0.8992636203765869
d0c89bd2cbffa123abbc4192,301395.SZ,仁信新材,2024-06-15,2,0.8509695529937744
521e8faff791ece94685f460,601665.SH,齐鲁银行,2024-06-30,1,0.9333764910697937
16a4fb009eeabeac5f17a3bc,603408.SH,建霖家居,2024-06-15,2,0.9837087392807007
36b00095daf137a41c5295fd,605003.SH,众望布艺,2024-06-15,2,0.9594932198524475
474d1eda71401331d770eebb,605009.SH,豪悦护理,2024-06-30,2,0.9896574020385742
dedcb9b525597c457397a1e9,605066.SH,天正电气,2024-06-15,0,0.6808133721351624
c7c1d50fc4a8e78fe4243f39,605099.SH,共创草坪,2024-06-30,2,0.9822368621826172
5f877886f0c2c0ef6db8f509,605116.SH,奥锐特,2024-06-30,3,0.840972900390625
d2cdeb3ffccfb5192f0096e1,605118.SH,力鼎光电,2024-06-15,4,0.8489771485328674
dd9e8620cbbacc1755b3e1a5,605123.SH,派克新材,2024-06-30,2,0.952143132686615
d849eda12464bc27ca5c9847,605169.SH,洪通燃气,2024-06-30,1,0.9551222920417786
1b01833238173394c0132537,605180.SH,华生科技,2024-06-30,2,0.9330379366874695
1bcf2de15906b3c1502293df,605222.SH,起帆电缆,2024-06-15,0,0.8226707577705383
3c33f44bd4e601c0d0806096,605228.SH,神通科技,2024-06-30,4,0.927226722240448
79194306cb761fd637aa4fa9,605318.SH,法狮龙,2024-06-15,2,0.9941216111183167
467ae47dc83478597766e165,605388.SH,均瑶健康,2024-06-30,1,1.0022192001342773
9e4e032f1f9a2fa1397de5d8,605398.SH,新炬网络,2024-06-15,1,0.8983625769615173
afb9b7bcece20ff8ff49812f,605399.SH,晨光新材,2024-06-30,2,0.8703724145889282
ee57f2f775a017c4ccee1979,688026.SH,洁特生物,2024-03-25,3,0.9212450981140137
7673f3596362c14b901e1043,688069.SH,德林海,2024-06-15,1,0.9876301884651184
5c57b91a63f97f1c6cfe45cd,688090.SH,瑞松科技,2024-06-15,4,0.8236557245254517
610458fa5c21d5c113da74d0,688118.SH,普元信息,2024-06-30,1,0.9235151410102844
aa54b10de5e9620447a50a46,688138.SH,清溢光电,2024-06-30,4,0.867872416973114
b2bf1ba105cc7c1f02f3c0f1,688466.SH,金科环境,2024-06-15,1,0.9811887741088867
acc657e4f5f6bef4b7606185,688505.SH,复旦张江,2024-06-30,3,0.7821869850158691
79bd0d99c5e9b1355672c228,688528.SH,秦川物联,2024-06-30,1,1.0079995393753052
8afd92e570df49be81c8fa0e,688599.SH,天合光能,2024-06-30,0,0.8884624242782593
1a74e8817e157b4a74968c1d,003000.SZ,劲仔食品,2024-06-30,3,0.9767158031463623
f86917ce101d25453a8e0c3e,003005.SZ,竞业达,2024-06-15,1,0.8881263732910156
9071769ee018622a1006479a,003007.SZ,直真科技,2024-06-15,1,0.8941605687141418
4dc620131ff6c40a6fceb378,003011.SZ,海象新材,2024-06-30,2,0.9352073669433594
70ed505eb9687ff4a3360a56,003019.SZ,宸展光电,2024-06-30,4,0.892347514629364
e225ebd31d937a16de81ccd7,003022.SZ,联泓新科,2024-06-30,2,0.8253604173660278
69aeda1db9a3644a652f1bf8,003023.SZ,彩虹集团,2024-06-15,1,1.0104371309280396
3ca38b6ed1a21d4396ba2cc2,003026.SZ,中晶科技,2024-06-15,4,0.8799641132354736
149f00672fb069e9f3459f8e,300864.SZ,南大环境,2024-06-15,1,0.9455569386482239
f5f098a8b8585e55b4a1e366,300870.SZ,欧陆通,2024-06-15,0,0.7497438788414001
9e90f79b18ea6e397647aba1,300873.SZ,海晨股份,2024-06-15,1,0.9696208238601685
cb2d8ffe124f8ba8d3a5e62a,300876.SZ,蒙泰高新,2024-06-15,2,0.9353837966918945
c46686d851674618a7c5cced,300891.SZ,惠云钛业,2024-06-15,2,0.8525060415267944
2d385cd5543636187563c22a,300900.SZ,广联航空,2024-06-15,4,1.0153026580810547
21616a74f46a6984f92c9b42,300901.SZ,中胤时尚,2024-06-30,1,0.977018415927887
a4a1f2b7bb8c69bd9a08c450,300909.SZ,汇创达,2024-06-30,4,0.7860930562019348
feaff220682d33fd1f4e1aaa,300922.SZ,天秦装备,2024-06-15,4,1.0006006956100464
8319248eb0d4a9104bee3c67,300927.SZ,江天化学,2024-06-15,2,0.8521484732627869
b8306138cddd6cbf9e73f8fe,300931.SZ,通用电梯,2024-06-15,1,1.0199487209320068
4278d3ba6226c0a8570fcd99,300933.SZ,中辰股份,2024-06-15,0,0.765178918838501
b0dc5f59973fa7a2f0492eb6,300939.SZ,秋田微,2024-06-15,4,0.7920148968696594
8c79217c0f9d671e5f341187,300941.SZ,创识科技,2024-06-30,1,1.0092419385910034
2e81a81ce91c310fbf616b32,300952.SZ,恒辉安防,2024-06-15,2,0.9617602825164795
8aab4aa39a749d61257dfb11,300982.SZ,苏文电能,2024-06-15,1,0.9242929220199585
fed680047aec4d1bbbfe69d2,301007.SZ,德迈仕,2024-06-15,4,0.872315526008606
5dfa2b38c70386be2e23a9c5,301051.SZ,信濠光电,2024-06-15,4,0.8078297972679138
01011ecdafec107c5e464d13,301199.SZ,迈赫股份,2024-06-15,4,0.9011727571487427
864fd9db4d90b4fef9e602b2,301220.SZ,亚香股份,2024-06-15,2,0.9089877605438232
30738accc943b284416b63e3,301418.SZ,协昌科技,2024-06-15,0,0.7307391166687012
8cd58ef5f3d3e36e9f28d412,601568.SH,北元集团,2024-06-30,2,0.9013720154762268
5a92791a9e94d0f7e8c36f44,603102.SH,百合股份,2024-06-30,3,0.8581762909889221
83c46b13aac8e467bf65e8d6,603112.SH,华翔股份,2024-06-30,2,0.9748550653457642
8496de314c431ba3dd397b5d,605007.SH,五洲特纸,2024-06-30,2,0.9482355117797852
d011a7c6f4afa12eca5f8a63,605055.SH,迎丰股份,2024-06-30,2,0.9585402607917786
05c8e36ab7f53e27f8bb22fb,605077.SH,华康股份,2024-06-30,3,0.9116644859313965
b8057b5c654d55593dffaf7c,605122.SH,四方新材,2024-06-30,2,1.0057467222213745
6c15dc08d75024addcf4bb9d,605133.SH,嵘泰股份,2024-06-15,4,0.8291919827461243
6faa8dac814660a0fc503dbd,605177.SH,东亚药业,2024-06-30,3,0.8414897322654724
5055c84fff898033cbe3b281,605186.SH,健麾信息,2024-06-30,1,0.9764339327812195
72674f1c0d5b095c0ff66cdf,605199.SH,ST葫芦娃,2024-06-30,3,0.984205961227417
e6137f9007febe829092c931,605218.SH,伟时电子,2024-06-30,4,0.793932318687439
5fd4190fd88e1ce67b3ba8f9,605255.SH,天普股份,2024-06-30,4,0.8726063370704651
7d53d740feca0e889e9a2f5e,605336.SH,帅丰电器,2024-06-30,1,1.006666898727417
08092011dbf28ae8880968fd,605338.SH,巴比食品,2024-06-30,3,0.9155102968215942
e48668f4aa6b42c08a802df7,605369.SH,拱东医疗,2024-06-15,3,0.8981764316558838
dee9150df92a5f44157df5ec,605377.SH,华旺科技,2024-06-30,2,0.941348135471344
d651655734b055e08d7c0b11,605500.SH,森林包装,2024-06-15,2,0.9853107333183289
87c6b40fafa97d965bec05e9,688228.SH,开普云,2024-03-15,1,0.8936271071434021
71b596b6ce64d57f936683e4,688266.SH,泽璟制药-U,2024-06-30,3,0.8234307765960693
172c7a764b6697d343940493,688365.SH,光云科技,2024-06-30,1,0.9033286571502686
2768361cb39be35ba090fd13,003015.SZ,日久光电,2024-06-15,4,0.7872372269630432
4ed8879fa283274474424007,003017.SZ,大洋生物,2024-06-30,2,0.8447663187980652
89cab80925b398fb511a5d94,003018.SZ,金富科技,2024-06-15,2,0.9429468512535095
d46ceaeb16b7ad0b1d7decfd,003028.SZ,振邦智能,2024-06-15,4,0.8163474202156067
66fd3aeec0516bd019c78be7,003029.SZ,吉大正元,2024-06-15,1,0.945026159286499
f76f64a9c185f149fed54234,300614.SZ,百川畅银,2024-06-30,1,0.9565528035163879
758b6bcf431b6ce13364f133,300872.SZ,天阳科技,2024-06-30,1,0.9632558822631836
4d8708eeaf44a06d65f2a26e,300879.SZ,大叶股份,2024-06-15,2,1.0114250183105469
ec85131c9a03c43616dce323,300881.SZ,盛德鑫泰,2024-06-15,2,0.9808130264282227
f532b0689b4cfbca65907747,300882.SZ,万胜智能,2024-06-15,1,0.9861210584640503
2d493b438211b2fea7f2099f,300893.SZ,松原安全,2024-06-15,4,0.8178316950798035
47214ffada771ee59afbefae,300906.SZ,日月明,2024-06-15,1,1.0079888105392456
ddc7c9bd7ff04c3152291e48,300907.SZ,康平科技,2024-06-15,0,0.7305091619491577
0c72e22893e2cb313f0cb161,300923.SZ,研奥股份,2024-06-15,1,1.0361428260803223
7e161cb4d7b877eb5789f610,300930.SZ,屹通新材,2024-06-15,2,0.9135416746139526
dd9f17868bc51ae1723164a2,300932.SZ,三友联众,2024-06-15,0,0.7055325508117676
a38c76a02ac71d7a30cc8ac1,300942.SZ,易瑞生物,2024-06-15,3,0.9029831290245056
50c0e152951478e936e268e8,301006.SZ,迈拓股份,2024-06-15,4,1.018104910850525
72a28882f6ca1fa4980475fa,301025.SZ,读客文化,2024-06-30,1,0.9601252675056458
05a97d1815e849823191067c,601279.SH,英利汽车,2024-06-30,4,0.9766049981117249
5c424a492f8a690de93994f3,601658.SH,邮储银行,2024-06-30,1,0.9289121031761169
f3f5bdf3057f83a3106f24b3,603155.SH,新亚强,2024-06-15,2,0.8414267301559448
e659e2f72d97d56f58e82f5f,603261.SH,*ST立航,2024-04-05,4,1.0167070627212524
2441c5a58c874cdda988f5ec,603759.SH,海天股份,2024-06-30,1,0.9670448303222656
39f2003b566a1b59b6aa5566,605005.SH,合兴股份,2024-06-30,4,0.8021728992462158
0e09262369a3580846ec630d,605018.SH,长华集团,2024-06-30,4,0.8618102073669434
142727a3468f551e80089716,605058.SH,澳弘电子,2024-06-30,4,0.8002915978431702
6a1a4e2c4fde62904686e7e9,605060.SH,联德股份,2024-06-15,4,0.9300051331520081
54577b3a0402d20403457a3f,605068.SH,明新旭腾,2024-06-30,4,0.9223431944847107
7e9d117ee5af5dce22898217,605069.SH,正和生态,2024-07-01,1,0.8979431390762329
98ab0b5d4ed54a0cdc121db4,605081.SH,*ST太和,2024-06-30,1,1.0231817960739136
b18fd437913caa85e027acdc,605117.SH,德业股份,2024-03-15,0,0.7070083022117615
a99cd07c34f7e905b119c85b,605155.SH,西大门,2024-06-15,2,0.9376938343048096
033b012cffe5f54a039f8644,605179.SH,一鸣食品,2024-06-30,1,0.9836925268173218
d290adc9adbdb6001dab1841,605258.SH,协和电子,2024-06-30,4,0.7493148446083069
811d9f59dd6c1f46118ee801,605268.SH,王力安防,2024-03-25,2,1.0127636194229126
9ed86e6a1d38ea095981fa02,605337.SH,李子园,2024-06-30,1,1.0039591789245605
dbea82f51106dcb6043a967e,688081.SH,兴图新科,2024-06-30,1,0.9277321696281433
5766c88a1cf416213d05113a,688085.SH,三友医疗,2024-06-30,3,0.9242887496948242
986078f5fe7edc8f673599d0,688165.SH,埃夫特-U,2024-06-30,4,0.8843305706977844
d517638df910feb450defac5,688189.SH,南新制药,2024-06-30,3,0.8179499506950378
b4e0c99dd510a62b0d443755,688208.SH,道通科技,2024-06-30,4,0.9775397181510925
0088f449f3b4274fc7f8835c,688360.SH,德马科技,2024-06-15,4,0.9871252775192261
7e7e30a021d1f3b4cb9947a6,688396.SH,华润微,2024-06-15,4,0.8101766705513
625e3a8bc12c0052c577e3b4,688500.SH,慧辰股份,2024-06-30,1,0.9178854823112488
5a56d514acbca3952fce257b,688516.SH,奥特维,2024-06-30,4,0.7970535755157471
dcc4a39ba85276f8585d1568,688518.SH,联赢激光,2024-06-30,4,0.8117402195930481
852ea6d5a01af9b52d643f4e,688566.SH,吉贝尔,2024-06-15,3,0.7810929417610168
474d4ad623e24ec83d92fd11,688579.SH,地纬智能,2024-06-15,1,0.9159975051879883
a954b67c4d50ec9d7e5b2bfa,688622.SH,禾信仪器,2024-06-15,4,1.003211498260498
96bc977defce36eab5165fb8,003030.SZ,祖名股份,2024-06-30,3,0.9132104516029358
dce5e27912072adcb83a1c49,003031.SZ,中瓷电子,2024-06-30,4,0.8659839034080505
6b4538baffb76bce755c348e,003039.SZ,顺控发展,2024-06-30,1,0.9604081511497498
1257248e841678e216d6bef7,300774.SZ,倍杰特,2024-06-15,2,0.9730716347694397
ac76caa68c4f09e4ce5abce5,300884.SZ,狄耐克,2024-06-15,1,0.9788383841514587
7b00f4e2375d9633340810dc,300905.SZ,宝丽迪,2024-06-15,2,0.9377069473266602
426a4e3c862ba37778d84a5e,300913.SZ,兆龙互连,2024-06-15,4,0.8886799216270447
ce733ca3aaac51c94683774b,300917.SZ,特发服务,2024-06-15,1,0.9647136330604553
b4119f169e0890ac2fe9fb3b,300926.SZ,博俊科技,2024-06-30,4,0.8480392694473267
7f26f68d189895e3a4a7fb5b,300937.SZ,药易购,2024-06-15,1,0.9652897715568542
df4d3541690cc1174b66aad6,300999.SZ,金龙鱼,2024-06-30,3,0.9544645547866821
30473964ee43332f5d00b3f4,301010.SZ,晶雪节能,2024-06-15,2,0.9966868758201599
d81b3c2780625d5ac110b4a6,301021.SZ,英诺激光,2024-06-15,4,0.8341308832168579
fd54c730194f4aa6d63e5c1f,301068.SZ,大地海洋,2024-06-15,2,0.9603449106216431
3252c23143f93444077e2a8a,301587.SZ,中瑞股份,2024-06-15,0,0.7327849864959717
370f24d6d00449b21085fc11,600916.SH,中国黄金,2024-06-30,1,0.9626452326774597
2a133d2aed65b1e985d81a33,601156.SH,东航物流,2024-03-15,1,0.9530549645423889
913d88c1e8f1bb8b3c96fd6a,601686.SH,友发集团,2024-06-30,2,0.976689875125885
93bb7c77ee0c3e72037e908e,601825.SH,沪农商行,2024-06-30,1,0.9262905120849609
91f024d2a417dd29b288c49b,603171.SH,税友股份,2024-06-30,1,0.8613594174385071
b902e338853aa6a70137c972,603931.SH,格林达,2024-06-30,2,0.8701722621917725
3f0b39a67e07dec4833a084f,605011.SH,杭州热电,2024-06-30,1,0.97599858045578
f22fcf1bf784b28843e989e3,605162.SH,新中港,2024-06-30,1,0.9767212867736816
32e9893acbc80b66fb5a6e5d,605196.SH,华通线缆,2024-06-30,0,0.8779844641685486
d759615bde076215bf0f23c1,605208.SH,永茂泰,2024-06-30,2,0.9689945578575134
dd8d3251107e2aa8ea5e809a,605277.SH,新亚电子,2024-06-15,4,0.8030441403388977
b52226a9c4534f973daeb674,605286.SH,同力天启,2024-06-15,4,1.0061302185058594
f2156aceaca70652a44807a2,605298.SH,必得科技,2024-06-15,1,1.0185210704803467
c22bfa3a8ee6ffd3b1932a6e,605300.SH,佳禾食品,2024-06-30,2,1.0024913549423218
c062008591f312e2ff6969ce,605305.SH,中际联合,2024-06-15,4,1.025226354598999
df9ac607920b034eaf85dbc8,605319.SH,无锡振华,2024-06-30,4,0.9115726351737976
321dc7959a3529d16b059970,605376.SH,博迁新材,2024-06-15,2,0.9271904230117798
ce98d19deb0498ef4e3da7be,605378.SH,野马电池,2024-06-15,0,0.8957701325416565
1284af6e1a7c79d3951d864c,688037.SH,芯源微,2024-06-15,4,0.8871147632598877
aebf7bc92968f332e6acb75d,688096.SH,京源环保,2024-06-15,1,1.0114367008209229
816d35fde950b12f89556489,688177.SH,百奥泰,2024-06-30,3,0.8119127154350281
3e9fabe8b281c60bc7376d9d,688180.SH,君实生物-U,2024-06-30,3,0.8291130661964417
d0ca28c287fb8f063a9dd5ce,688200.SH,华峰测控,2024-06-30,4,0.8747408986091614
28db2272517a5f3fd18fd52c,688221.SH,前沿生物-U,2024-06-30,3,0.8259179592132568
3e41f7f3ec5a599987b4ffe8,688222.SH,成都先导,2024-03-25,3,0.9219121336936951
bb89dedfac4f2b0120226bf1,688277.SH,天智航-U,2024-06-15,3,0.9728604555130005
c21f099906393cea5e352698,688312.SH,燕麦科技,2024-06-15,4,0.8294440507888794
5ab320cf906c5a3a96685c4e,688318.SH,财富趋势,2024-06-15,1,0.8867531418800354
131c2408111f66c653045c97,688339.SH,亿华通-U,2024-06-30,4,0.971926748752594
f2dacd197d2d5a691a43c169,688377.SH,迪威尔,2024-06-15,4,0.9101464152336121
1f0c50cd01d86446fdf16c29,688398.SH,赛特新材,2024-06-15,2,0.9694187045097351
aa76f9a0b32dbc3b805c7fa7,688488.SH,艾迪药业,2024-06-15,3,0.809715211391449
a1e1185c75bff6e45fad2841,688520.SH,神州细胞,2024-04-05,3,0.8197965025901794
bfafc38e531352963dc41548,688521.SH,芯原股份,2024-06-30,4,0.9802497625350952
98d655d6bb7c81064b3fa5c3,688567.SH,孚能科技,2024-06-30,0,0.8996455669403076
935d2635e702c9e9319375ff,001299.SZ,美能能源,2024-06-30,1,0.9601147174835205
b0cab770f1a18fc2065f764b,300903.SZ,科翔股份,2024-06-15,4,0.7886539697647095
d6c5859229e9dc2bc1579a5f,300911.SZ,亿田智能,2024-06-30,1,1.007629632949829
dbcea3ed481152b6de3ca360,300918.SZ,南山智尚,2024-06-30,2,1.0006654262542725
d661af16f788f3cedd3594b4,300920.SZ,润阳科技,2024-06-15,2,0.9174537062644958
993de4a93f196c042b440588,300921.SZ,南凌科技,2024-06-15,1,0.9253877401351929
1ff2f495483c9876c321d674,300925.SZ,法本信息,2024-06-15,1,0.8785951137542725
f25c8d3e08f99b5f547a42e7,300940.SZ,南极光,2024-06-15,4,0.808853268623352
4376f59c6e4c3e2186911b26,300950.SZ,德固特,2024-06-15,2,0.9672659635543823
2dc95e4e5d263a94124db840,300977.SZ,深圳瑞捷,2024-06-15,1,0.8964446187019348
a4a0ba483d66928a6a0b7194,300986.SZ,志特新材,2024-06-15,2,0.9989734888076782
5cc904faaaeba696af1c204d,301299.SZ,卓创资讯,2024-06-15,1,0.9510849118232727
c9ddbb844c148a1af43a8199,600906.SH,财达证券,2024-06-30,1,0.9361631870269775
45a717162235a106bfcb4297,601816.SH,京沪高铁,2024-06-30,1,1.0063177347183228
c70cd19bf5135fd226cd5863,603324.SH,盛剑科技,2024-06-15,4,0.9533290863037109
bb04536c3355b186c8d80d3e,605016.SH,百龙创园,2024-06-30,3,0.9016771912574768
ecae95353cf7da2ab015c912,605086.SH,龙高股份,2024-06-30,2,0.9636173844337463
d5e4189a670d7e43ee451a36,605287.SH,德才股份,2024-06-30,1,0.9703735709190369
960fd4c8df3a65235e951431,688004.SH,博汇科技,2024-06-15,1,0.903414249420166
5c1457962382a8d3360d6cd0,688050.SH,爱博医疗,2024-03-20,3,0.9177700281143188
f30069a0a0f60f1a6d2efd30,688060.SH,云涌科技,2024-06-30,4,1.0003836154937744
d3808987cb1ac7097d8ad6d2,688065.SH,凯赛生物,2024-04-05,2,0.8675179481506348
c377c98284bc01e857370a3d,688077.SH,大地熊,2024-06-30,2,0.9604067802429199
f16f5e011f5146d0f981dd23,688106.SH,金宏气体,2024-06-30,2,0.8966836333274841
902821999f4caac0f43d98e6,688155.SH,先惠技术,2024-06-30,0,0.800495445728302
2ac0e2fa5f5806c35e8fbac7,688156.SH,路德科技,2024-06-30,3,1.016131043434143
1f6868fcba8ccc6b2095ea59,688157.SH,松井股份,2024-06-30,2,0.9690448045730591
b2d3337b0b3ebfb711f39c8f,688229.SH,博睿数据,2024-06-15,1,0.9184824228286743
4cd5d4c87c07776127832110,688286.SH,敏芯股份,2024-06-30,4,0.8273017406463623
3d556d5eb84432fecfce5e98,688309.SH,恒誉环保,2024-06-15,2,0.9857628345489502
3469567f6268c5f1a49d0a4f,688311.SH,盟升电子,2024-06-30,4,0.9590901732444763
9fcfb00081561238799a960f,688336.SH,三生国健,2024-06-15,3,0.8114888072013855
cd8c3835157ba1bc21040026,688338.SH,赛科希德,2024-06-15,3,0.8813976049423218
7f08a0dc5fbea9bfdfff120b,688356.SH,键凯科技,2024-06-30,3,0.9085096716880798
1f36d8defe159d94b06d03d5,688379.SH,华光新材,2024-06-15,4,0.8810572624206543
37396629d9c4e37b9cb54afc,688390.SH,固德威,2024-06-15,0,0.7356752157211304
7bcd422f4f864ee9d45f5fad,688418.SH,震有科技,2024-03-15,1,0.9862032532691956
519c712b6014b33f8aa86c70,688508.SH,芯朋微,2024-06-30,4,0.8187772035598755
34e18253e8d34ea057346599,688556.SH,高测股份,2024-06-30,4,0.8850223422050476
3b00b1d2070d12799d5dfac8,688558.SH,国盛智科,2024-06-30,4,0.981433093547821
144fd97e40f67a63fc945636,688569.SH,铁科轨道,2024-06-30,1,0.9919592142105103
9c17dc5c3e7623fffba977b9,688577.SH,浙海德曼,2024-06-30,4,0.9778897762298584
85743d64052a4beaf987279f,688580.SH,伟思医疗,2024-06-30,3,0.9401177167892456
feae7b3a138f5ae34563cd75,688585.SH,上纬新材,2024-06-30,2,0.8612571954727173
ada00c84ed377dab1de91068,688586.SH,江航装备,2024-06-15,4,1.0210270881652832
07a3aab7a372ebab34405177,688589.SH,力合微,2024-06-30,4,0.922386884689331
741c2c957264841039b3e2c8,688590.SH,新致软件,2024-06-30,1,0.8910017013549805
3a279fb15808399995d80225,688598.SH,金博股份,2024-03-15,2,0.9616284966468811
04cd40474875ddf1e8c3b307,688600.SH,皖仪科技,2024-06-30,4,0.9872509837150574
4dd6d3a0aff2d613d00d8bbb,688602.SH,康鹏科技,2024-06-30,2,0.8734028935432434
d3efcbbd17f47d7460d07e80,003035.SZ,南网能源,2024-06-30,1,0.9474562406539917
b8f975f30b235ea569b46bea,003037.SZ,三和管桩,2024-06-15,2,0.9902086853981018
b8679f899ebc9f48365b3365,300895.SZ,铜牛信息,2024-06-15,1,0.8561420440673828
9b7217896c7ad5839c1b5ba9,300916.SZ,朗特智能,2024-06-15,4,0.8152912855148315
75a851e1c621804a6790b144,300946.SZ,恒而达,2024-06-15,4,0.9148939251899719
96a25653db67f9d5e1402169,300947.SZ,德必集团,2024-06-15,1,0.973185122013092
a0021d4617820845e82869fd,300948.SZ,冠中生态,2024-06-15,1,0.9623386263847351
d4e96eca63e42afa0209fd0d,300961.SZ,深水海纳,2024-06-15,1,0.9090592861175537
dc80f5068e8a365ae2160bc6,300965.SZ,恒宇信通,2024-06-15,4,1.0008034706115723
c730fe88764a4614713bfe53,300972.SZ,万辰集团,2024-06-15,3,0.9195308089256287
16dfe902eb706c295e3e167c,300998.SZ,宁波方正,2024-06-15,4,0.9239304065704346
8d832320d9b1a415df509318,301024.SZ,霍普股份,2024-06-15,1,0.9077922105789185
6ca2d33a089d87b8c52a2308,301030.SZ,仕净科技,2024-06-30,4,0.9418053030967712
49a8fa5191fb0cf1d13e7971,301081.SZ,严牌股份,2024-06-15,2,0.916462242603302
4cd86ef205ec50cd0605665f,301116.SZ,益客食品,2024-06-15,3,0.9467849135398865
27140377f2006e6929f47dc7,600032.SH,浙江新能,2024-06-30,1,0.9627194404602051
98811691cf264b42131f2793,600905.SH,三峡能源,2024-06-30,1,0.9575717449188232
310a52ae772cfa53d5e07d1e,600935.SH,华塑股份,2024-06-30,2,0.8576688766479492
dd9c5d0af519914bbde33f79,605028.SH,世茂能源,2024-06-15,1,0.9584751129150391
c1c7c184bf3f8e48f4cf8271,605080.SH,浙江自然,2024-06-15,2,0.9585217237472534
765a8e48960b9c4db93243af,605089.SH,味知香,2024-06-30,3,0.9131911396980286
b8ae291b5242dfd77ab79a5d,605589.SH,圣泉集团,2024-06-30,2,0.8261200189590454
be6f913988e6edd3d740e33c,688055.SH,龙腾光电,2024-06-30,4,0.7884977459907532
0a512a5f9af9988b87b0e720,688056.SH,莱伯泰科,2024-06-15,4,1.0201349258422852
23eb5dbdbe2a96881d5c296a,688093.SH,世华科技,2024-06-15,4,0.8457672595977783
93ac97d79fab4349eca97b67,688095.SH,福昕软件,2024-06-30,1,0.9381704330444336
98dc1a7b6bcb2b4a0ea786ca,688127.SH,蓝特光学,2024-06-30,4,0.7796655893325806
a591a759a2f232a6dc157963,688185.SH,康希诺,2024-06-30,3,0.8912568092346191
a9ea27821c4acbeb046cf48b,688215.SH,瑞晟智能,2024-06-30,1,1.0026779174804688
795ee91f06e483bb6b8132e6,688256.SH,寒武纪,2024-06-15,4,0.9608052372932434
e0118f1f293a8ccfdd1f22a4,688289.SH,圣湘生物,2024-06-15,3,0.9040290713310242
40688bc71231f50a411b53c6,688301.SH,奕瑞科技,2024-06-30,4,0.9012988209724426
d29cd69356e6296f7d1fb354,688313.SH,仕佳光子,2024-03-15,4,0.9425756931304932
fc5adbd4cf31b966394760e0,688316.SH,青云科技-U,2024-06-30,1,0.9144390225410461
6a9b93672a2a632aa05c291a,688330.SH,宏力达,2024-06-15,0,0.8571447134017944
f605320b883b3f073fb2f62d,688335.SH,复洁科技,2024-06-15,1,1.0157779455184937
81679d4e9fafdb92bc9bdb22,688378.SH,奥来德,2024-06-15,4,0.9338401556015015
49662f4bbf593a7c3166eac5,688383.SH,新益昌,2024-06-15,4,0.7955590486526489
fce0ced6648e38cc3fad2543,688386.SH,泛亚微透,2024-06-15,4,0.8639429211616516
a2ccc5c05b03c32e6f82abd6,688393.SH,安必平,2024-06-15,3,0.8896437883377075
e4afaf0be772fea6a79e6561,688408.SH,中信博,2024-03-15,0,0.7640606164932251
65c1696d81257cb2c65063eb,688519.SH,南亚新材,2024-06-30,4,0.8177611827850342
ebb60e8552f60e998c2c7296,688550.SH,瑞联新材,2024-06-30,2,0.9381095767021179
5961e4074881dc03d9862a23,688551.SH,科威尔,2024-06-15,4,0.8783588409423828
5fab9bf66eb4c4b63cff68b3,688559.SH,海目星,2024-06-15,4,0.8003144860267639
38fcedab81be8911303cd5b6,688595.SH,芯海科技,2024-06-30,4,0.9050276279449463
a05aef26912172d55e4706d5,688596.SH,正帆科技,2024-06-15,4,0.960453987121582
e91c1fd8e399a3ace2ab7201,688659.SH,元琛科技,2024-06-30,4,0.9462724924087524
9e38a82ce88cdaedbaaeb16b,688777.SH,中控技术,2024-06-15,1,1.0049591064453125
7352168bcebdb611c48533c1,688819.SH,天能股份,2024-04-05,0,0.8051949143409729
f78ea6a757cef609714c5a1d,300919.SZ,中伟新材,2024-06-15,2,0.9739519357681274
9e1330045119b916699a9ef8,300951.SZ,博硕科技,2024-06-30,4,0.7667237520217896
064d53f275acbe6c07194fc2,300955.SZ,嘉亨家化,2024-06-15,2,1.0050559043884277
4349c3a67b03975a6e7567d6,300956.SZ,英力股份,2024-06-15,4,0.8611782193183899
9ef887d32f339e9bc8e45c06,300964.SZ,本川智能,2024-06-15,4,0.7590494155883789
b4a568db239b42f22770f689,300966.SZ,共同药业,2024-06-15,3,0.9016211032867432
97a61004caf342eedc9305cb,300967.SZ,晓鸣股份,2024-06-30,1,1.0169250965118408
a2230721c470f74a3d7acdc6,300973.SZ,立高食品,2024-06-15,3,0.9272502660751343
0240e5bdcd431b4c5b76afee,300975.SZ,商络电子,2024-06-15,4,0.9485616683959961
f66dc83b790c1c527af37c25,300993.SZ,玉马科技,2024-06-15,2,0.9298352599143982
e905cd346f7f385fd4f1ea32,300997.SZ,欢乐家,2024-06-15,1,1.017217755317688
7f04534b3a8998ff607d211b,301000.SZ,肇民科技,2024-06-15,4,0.8359538316726685
6554864e1bc650b415781df9,301002.SZ,崧盛股份,2024-06-15,0,0.8238782286643982
00a8dc72546f5ce47aabcfc7,301011.SZ,华立科技,2024-06-15,1,0.9756638407707214
96796afbd25b171540859ae2,301023.SZ,奕帆传动,2024-06-15,0,0.714252769947052
0a4ed8e334a5a637c5d2594b,301029.SZ,怡合达,2024-06-15,4,0.9704282879829407
9c0c7e1bc9c4530575c55a8d,301036.SZ,双乐股份,2024-06-15,2,0.9388136267662048
faf2b19af2bbff7c5f845bec,301171.SZ,易点天下,2024-06-30,1,0.9488304853439331
58908c684d0579fc9a8b0682,301182.SZ,凯旺科技,2024-06-15,4,0.8430095314979553
47ac4824114476560f7bdd16,301190.SZ,善水科技,2024-06-30,2,0.9661900401115417
ab4262b0a6783f73e8c6caff,605189.SH,富春染织,2024-06-30,2,0.9630098938941956
5141a1481ac32cd6f59f5447,605499.SH,东鹏饮料,2024-06-30,1,1.005124807357788
225c5eff216694bc67529664,688013.SH,天臣医疗,2024-06-15,3,0.9057760238647461
f2339fa7ac1ffef26a98867f,688017.SH,绿的谐波,2024-06-30,4,0.8546029329299927
9fde5f89f07501dc099ea5a2,688070.SH,纵横股份,2024-04-05,1,0.9960823655128479
e290f1ea8e1ca2534f73bd5a,688083.SH,中望软件,2024-06-30,1,0.9953376650810242
7e4f0297b0ce4f3c5c97a1e5,688092.SH,爱科科技,2024-03-25,4,0.8275473117828369
2154f40843fec775e9f48e41,688129.SH,东来技术,2024-03-25,2,0.9871085286140442
3f31764f5d5c67f06b0d237e,688135.SH,利扬芯片,2024-06-15,4,0.913171112537384
5fcbcb96884d3931a644d53b,688160.SH,步科股份,2024-06-30,4,0.9090112447738647
42630487d07e4da48478a0d3,688179.SH,阿拉丁,2024-06-30,3,0.9069236516952515
ec53d7ff0215cd9f79f4a7e6,688195.SH,腾景科技,2024-03-15,4,0.8438498973846436
21275fc039859c1b20dcdd78,688219.SH,会通股份,2024-06-30,2,0.929850161075592
8345e9d6bc550a517be26d29,688308.SH,欧科亿,2024-06-15,4,0.9284710884094238
ed2e4f75cb7f14630a47b119,688328.SH,深科达,2024-06-15,4,0.8041650056838989
8e02888e6a565f82fd3bdd7c,688510.SH,航亚科技,2024-06-30,4,0.9455664157867432
b60edde04a90ec6d695a2c2b,688529.SH,豪森智能,2024-06-30,4,0.9206193089485168
35112ec19b39d2aca206a393,688536.SH,思瑞浦,2024-06-15,4,0.8308622241020203
e427f56ada5c4476f179c310,688557.SH,兰剑智能,2024-06-15,1,1.0055350065231323
f442a135c19f015431f3afba,688575.SH,亚辉龙,2024-06-15,3,0.8904309272766113
e8d5a0cf7e774be0ba7274a2,688578.SH,艾力斯,2024-06-30,3,0.8114123940467834
da48251c5ac8bf9bcfe4e0f4,688581.SH,安杰思,2024-06-30,3,0.9177308678627014
7a0f474aa7b1da7561b530a4,688608.SH,恒玄科技,2024-06-30,4,0.8828558325767517
014115460db5c17e220f318b,688617.SH,惠泰医疗,2024-03-25,3,0.9707228541374207
ccfbefd081cfc6aee053dfeb,688658.SH,悦康药业,2024-06-30,3,0.7879279851913452
a1bf30b926656628e2582d63,688665.SH,四方光电,2024-06-15,4,0.921967089176178
5499c4a4a0fb341e0a3b10a5,688668.SH,鼎通科技,2024-06-30,4,0.8614294528961182
71dc751240fad5955acf3366,688677.SH,海泰新光,2024-03-25,4,0.9768287539482117
ae9e2027b2edd3f659fc1f01,688698.SH,伟创电气,2024-06-30,0,0.7113543748855591
1ed1c14df9bfe6e43020a5b8,688699.SH,明微电子,2024-06-30,4,0.8185344934463501
15c86770178f43811710b2f0,001206.SZ,依依股份,2024-06-30,2,1.0111346244812012
10300c6fc324f9496f7df117,003038.SZ,鑫铂股份,2024-06-15,2,0.9649255275726318
f1ef394d0cf7555ce4b865d6,003040.SZ,楚天龙,2024-06-15,1,0.9700372219085693
2c5d56b9446372dabe018d76,300959.SZ,线上线下,2024-06-15,1,1.000002384185791
2d23d4adfac41c58ed055f13,601399.SH,国机重装,2024-06-15,2,0.983521580696106
1ce6c8e8b7621aa11a6d3062,601995.SH,中金公司,2024-06-30,1,0.9334408640861511
baad35942f62ed8c4af50440,605056.SH,咸亨国际,2024-06-30,1,1.0147907733917236
04c8a1ddaf838cb84e10b461,605507.SH,国邦医药,2024-06-30,3,0.7734264135360718
4fee35a4e746df0a1f7f49ed,688063.SH,派能科技,2024-06-30,0,0.7707018256187439
5ebf51e0ac96be36eb34879f,688067.SH,爱威科技,2024-06-30,3,0.9625904560089111
9386bc452ab5c54cc291cd20,688075.SH,安旭生物,2024-06-15,3,0.8611605167388916
36e3a5a44fb32a738a5fb898,688079.SH,美迪凯,2024-06-30,4,0.7637169361114502
17c92a03f4a2ee97aeff6833,688082.SH,盛美上海,2024-06-15,4,0.84480881690979
945b602366716ed0b7f4e66e,688109.SH,品茗科技,2024-06-30,1,0.9245505332946777
c70de547a5d652163deb588c,688131.SH,皓元医药,2024-06-15,3,0.8222474455833435
f2b990a8f34537be103904d6,688136.SH,科兴制药,2024-06-15,3,0.8078413605690002
46a80db25e9a4e7c456de2c5,688171.SH,纬德信息,2024-06-30,1,0.9916976094245911
520b3a1eaa4d1e4b8160e997,688183.SH,生益电子,2024-06-30,4,0.7933623790740967
5af9f6babf131aafe161835f,688191.SH,智洋创新,2024-03-25,1,0.9373378157615662
be90252e04da908985c2fc3d,688305.SH,科德数控,2024-06-30,4,0.9757177829742432
86e3b1c3874eea215bf16852,688317.SH,之江生物,2024-06-30,3,0.9081811308860779
46de5c4eb4b873b960dad6ce,688329.SH,艾隆科技,2024-06-15,1,0.9893699288368225
9ee2e387c8391074ba4c8981,688350.SH,富淼科技,2024-06-15,2,0.885444164276123
461ec69db56c8a90cdc2c195,688560.SH,明冠新材,2024-06-30,0,0.9066186547279358
c68e39c4403322c60fe0b749,688561.SH,奇安信-U,2024-06-30,1,0.9034034013748169
128237df9a66d2b6d41ebd14,688571.SH,杭华股份,2024-06-30,2,0.980736255645752
07273066ca53edebffdc9d92,688606.SH,奥泰生物,2024-06-30,3,0.8744759559631348
1eafae1e0da7ee35ecaec63d,688607.SH,康众医疗,2024-06-30,4,0.9454987645149231
264b69e84703009fea5b054b,688616.SH,西力科技,2024-03-25,1,0.9922897815704346
3e12db1d33fe919e20758c48,688618.SH,三旺通信,2024-06-30,4,0.9641022086143494
a765180f78ea735be173c8f5,688619.SH,罗普特,2024-06-30,1,0.9458180665969849
34aa6c2b69f9d4e435109283,688626.SH,翔宇医疗,2024-06-30,3,0.95750892162323
7a53122e4d45ad6fcb2f0118,688628.SH,优利德,2024-06-15,4,0.9385956525802612
cea1c543dcf18265aa34dbfb,688630.SH,芯碁微装,2024-06-30,4,0.8508948087692261
f275eb4a498875df63b5cc99,688633.SH,星球石墨,2024-06-15,4,0.9109684824943542
e20cd648e13aec498ea8afac,688636.SH,智明达,2024-06-15,4,0.9101226925849915
2e014f118a9682c830d52cbd,688661.SH,和林微纳,2024-06-30,4,0.7437518239021301
b7b69ec180490470802112f6,688669.SH,聚石化学,2024-06-30,2,0.8501231670379639
8f88bfcfe4a63364b97eee85,688676.SH,金盘科技,2024-06-30,0,0.9291243553161621
0172f1e302f260ce4e77830b,688678.SH,福立旺,2024-06-30,4,0.7937495708465576
a121e5daa8ab8c46d95667b5,688679.SH,通源环境,2024-06-15,1,0.9504817128181458
50d05149112c5e7579462bc5,688680.SH,海优新材,2024-03-25,2,0.9435037970542908
c2162bbc93d9a8d06acebc0b,688686.SH,奥普特,2024-06-30,4,0.8972695469856262
3d77dce7cea4c1fde0daf03b,688687.SH,凯因科技,2024-03-25,3,0.8078355193138123
993119a819e6242e08f531a5,688689.SH,银河微电,2024-06-30,4,0.799972414970398
5f21b80f3971cc239cc64f01,688696.SH,极米科技,2024-06-15,1,1.0098111629486084
f9df1659b14249b665c32543,688739.SH,成大生物,2024-04-05,3,0.8760976195335388
690398f9ff12e7d57eef020f,688779.SH,五矿新能,2024-06-30,0,0.8904873728752136
d2927f0753a36da9f5908bbb,688788.SH,科思科技,2024-06-30,4,0.9891138076782227
a0d06f196cb231329bb3ea32,688981.SH,中芯国际,2024-06-30,4,0.8721307516098022
052e18b1cd43a40611a48bee,001202.SZ,炬申股份,2024-06-30,1,0.9746683835983276
08369b3e99975648b671f58b,001207.SZ,联科科技,2024-06-30,2,0.8311122059822083
55e2cd5d10710d8a816c0381,001215.SZ,千味央厨,2024-06-30,3,0.9472361207008362
c699e2295a8defc7c9adec13,003042.SZ,中农联合,2024-06-15,3,0.9451742172241211
013fbc4e1441c7929733b477,301181.SZ,标榜股份,2024-06-15,4,0.823854386806488
0eb39092c29f06415c5412ba,601921.SH,浙版传媒,2024-06-30,1,0.959543764591217
7fdf99213a68bea659d7aac4,603216.SH,梦天家居,2024-06-30,2,0.9960408210754395
7ee774b3da09027da4fbfcf0,605020.SH,永和股份,2024-06-30,2,0.8404577970504761
a7e353c37e9b2825bc382152,605167.SH,利柏特,2024-06-30,2,1.0137839317321777
6f6d2d54bd6e0fe7fdd8c9a8,605365.SH,立达信,2024-07-01,4,1.0090395212173462
807e90108f05a159b2a6e746,605488.SH,福莱新材,2024-06-15,2,0.922849178314209
599e35c32f64f3ac583b9d72,605566.SH,福莱蒽特,2024-04-05,2,0.9414792060852051
e2eb3f41f664dc8e1e5b3871,688076.SH,ST诺泰,2024-06-15,3,0.8165929317474365
99dd4516493def5a64ab67b1,688112.SH,鼎阳科技,2024-06-30,4,0.9197063446044922
083f52c21bcefa8e6dc4de06,688132.SH,邦彦技术,2024-03-25,1,0.994935929775238
90018c7ff683b42582f4390f,688147.SH,微导纳米,2024-06-30,4,0.872033953666687
2cc7d0c5c2c68ee1f55ff650,688148.SH,芳源股份,2024-06-30,2,0.9371505379676819
b055478864769ce219c2e85c,688161.SH,威高骨科,2024-06-30,3,0.9312744736671448
97c1c4c2ac6748044c902db1,688226.SH,威腾电气,2024-06-15,0,0.755499541759491
188f18c2ad26b17980dddb9e,688239.SH,航宇科技,2024-06-15,4,0.982344925403595
c0bde73ac4b8b3c76c7cd79d,688260.SH,昀冢科技,2024-06-15,4,0.7915605306625366
a3ca187d9d67dcd0a3c318ba,688269.SH,凯立新材,2024-06-30,2,0.9043771624565125
86159146b6183915be291474,688280.SH,精进电动-UW,2024-03-15,4,0.854210615158081
f382116021aa6961f962885f,688314.SH,康拓医疗,2024-06-15,3,0.9748616814613342
f1dc27b2cf90cb176601398a,688315.SH,诺禾致源,2024-06-15,3,0.9156041741371155
d97a0fc215db282eebc20822,688319.SH,欧林生物,2024-06-15,3,0.8530823588371277
c084e6e262f24d4732021f38,688345.SH,博力威,2024-06-15,0,0.8273874521255493
39e28622cbade5915f8bc35c,688395.SH,正弦电气,2024-06-15,4,0.8652123212814331
971f5c177c87c9f0120689a4,688425.SH,铁建重工,2024-06-15,2,1.035401701927185
ba63555dfcc572768b2413aa,688456.SH,有研粉材,2024-06-15,2,0.9809240102767944
c12e028d4aa47e62b7e8b83e,688468.SH,科美诊断,2024-06-15,3,0.8976026773452759
d1968b6ac889e5df7d1f88f7,688501.SH,青达环保,2024-03-15,2,1.0059840679168701
1957f07e0c2ea03caad2b5bf,688517.SH,金冠电气,2024-06-30,0,0.8740866780281067
1504ede711f5d4d92f217148,688533.SH,上声电子,2024-06-15,4,0.8412189483642578
6d3fdf241803550530c22022,688565.SH,力源科技,2024-06-15,2,1.0224767923355103
7d16bdbe1ef99534ff204805,688584.SH,上海合晶,2024-06-15,4,0.8964182734489441
c6e73b3d527ae45d29f4881d,688609.SH,九联科技,2024-03-15,1,0.9860255718231201
b16c30efbe74c34ac8df4210,688611.SH,杭州柯林,2024-03-25,0,0.8095436096191406
0176cd22505f68747d4be84b,688613.SH,奥精医疗,2024-06-30,3,0.9120516777038574
78f834a3930f945e437a5436,688625.SH,呈和科技,2024-06-30,2,0.865379273891449
d1d6ab03665cfe82dd69bee7,688639.SH,华恒生物,2024-07-01,3,0.9000155925750732
92c9b7ce7ab08ad6c7fdc4d8,688660.SH,电气风电,2024-06-30,0,0.8114023208618164
ed57e8739f06810cd201cc93,688662.SH,富信科技,2024-06-30,4,0.8104249238967896
f844aa5627aba550eb94d1a9,688663.SH,新风光,2024-06-15,0,0.7337562441825867
cb2dcb10133874e05a685911,688667.SH,菱电电控,2024-06-30,4,0.877207338809967
075b03597ecd8a68ba027246,688682.SH,霍莱沃,2024-03-25,4,0.9818894863128662
86578086d5571703b052ff00,688683.SH,莱尔科技,2024-06-15,4,0.7854767441749573
bfa1d9a13b0b3d0b1db44bb1,688690.SH,纳微科技,2024-06-30,2,0.9486324191093445
97bd122abef3108beafe0767,688733.SH,壹石通,2024-06-30,2,0.9601976275444031
707c24560e57875f0428eb2b,688789.SH,宏华数科,2024-06-30,4,0.9102197885513306
91bdc5e8f40966c09c024b81,001205.SZ,盛航股份,2024-06-30,1,0.996183454990387
7ed987747dbed445d65ea85e,001208.SZ,华菱线缆,2024-06-30,0,0.7996698021888733
1ead1dd5e7a0144d2d5bddcf,001209.SZ,洪兴股份,2024-06-30,1,0.9775556921958923
716791b4160b374280fe1b14,001211.SZ,双枪科技,2024-06-30,2,0.9933931231498718
531300fb32c9d6965d6c0cea,001212.SZ,中旗新材,2024-06-30,2,0.9624298214912415
7d4b3962a0c2fba4c62d7f13,001213.SZ,中铁特货,2024-06-30,1,1.00116765499115
86b89620bac09987a9d4b073,001217.SZ,华尔泰,2024-06-30,2,0.888964056968689
9a5cd879267b4bbce1328cb1,001219.SZ,青岛食品,2024-06-30,3,0.9352399706840515
74ecbdc08d8fc4a87f4832d6,001269.SZ,欧晶科技,2024-06-30,2,0.9765623211860657
3b86c9bc478baee7afe9714a,001288.SZ,运机集团,2024-06-15,0,0.9826725125312805
8a6aee886704c62f48a48916,300969.SZ,恒帅股份,2024-06-15,4,0.8121118545532227
63d856b599e89d9f1b3b5a60,300976.SZ,达瑞电子,2024-06-15,4,0.7932139039039612
b6e83a4f88303ed745a44d7a,300983.SZ,尤安设计,2024-06-15,1,0.9320074319839478
e7646cfb388287501cd0d2f0,300984.SZ,金沃股份,2024-06-15,4,0.9352317452430725
039df12fa8131451ea52efff,300985.SZ,致远新能,2024-06-30,4,0.9956998229026794
1e3122c2f7aa48d880e7fc98,300995.SZ,奇德新材,2024-06-15,2,0.9455763697624207
2ab630ee280a50400b26fd1a,301016.SZ,雷尔伟,2024-06-15,4,0.9842707514762878
be3648db411dcb3f72d33916,301022.SZ,海泰科,2024-06-15,4,0.8903988599777222
f79640b96bab42d37a5e24c8,301033.SZ,迈普医学,2024-06-15,3,0.9370224475860596
c124a05a975ed0b92c409541,301037.SZ,保立佳,2024-06-30,2,0.9566651582717896
89de0a921cb22845a9de63ac,301052.SZ,果麦文化,2024-06-15,1,0.9588602781295776
a9514b6e95239871430463e1,301069.SZ,凯盛新材,2024-06-30,2,0.8488665223121643
4eb5a566b91680ac8639b6bc,301169.SZ,零点有数,2024-06-15,1,0.9134527444839478
a7970b2f8ee7b39f4bbeef52,600955.SH,维远股份,2024-06-30,2,0.8345320224761963
0d0f2c7c387d4cd30adfd335,603107.SH,上海汽配,2024-06-28,4,0.868131160736084
69f1a43f630b4153c10021f6,603511.SH,爱慕股份,2024-06-30,1,0.9679136872291565
ea9bc9c7512ff36c3ca2785a,603836.SH,海程邦达,2024-06-30,1,0.9546781182289124
a4c224e6c0ba4bf4cd5c3160,605138.SH,盛泰集团,2024-06-30,2,0.9936230182647705
f98324874ed58e808923adee,605259.SH,绿田机械,2024-06-15,2,1.0259147882461548
51ff4c170d659bb88ddb287b,605555.SH,德昌股份,2024-06-30,4,0.9205064177513123
07da9a922561d03a11c31364,605580.SH,恒盛能源,2024-06-30,1,0.9798897504806519
870f2f009f9376fd19763cd9,605588.SH,冠石科技,2024-06-30,4,0.7568163871765137
d556d669e32365abd7b95150,605598.SH,上海港湾,2024-06-15,1,0.9863094091415405
a3ad66ec370f21cfe02b32be,688059.SH,华锐精密,2024-03-15,4,0.9217921495437622
2f5e43ad3e41dff7212026a2,688113.SH,联测科技,2024-06-15,4,0.8688496947288513
f02a4c13f707ff572f4309bc,688117.SH,圣诺生物,2024-06-15,3,0.8764007687568665
bc01c6ebebb405610a6374b6,688182.SH,灿勤科技,2024-06-30,4,0.8808037638664246
47b0fc8806dcbc5c08821a3d,688201.SH,信安世纪,2024-06-30,1,0.9294734001159668
d3893a3520993ee20b34bceb,688216.SH,气派科技,2024-06-30,4,0.8335307836532593
c9b32104e4d2ab5ee9cc8a3d,688217.SH,睿昂基因,2024-06-15,3,0.8772597312927246
9446c9689b10eef63855dce9,688227.SH,品高股份,2024-06-30,1,0.8995920419692993
a90e7c811092312b3a652ce7,688323.SH,瑞华泰,2024-06-15,4,0.9404804706573486
fc3905eb3a69c39eb28f6b72,688355.SH,明志科技,2024-06-15,4,0.9300108551979065
54d404f0d0dd3844d33bb46e,688509.SH,正元地信,2024-06-30,1,0.8587480783462524
655421ca1a8b5bbd677f5170,688681.SH,科汇股份,2024-06-15,0,0.8417750000953674
c2ff800ad426f5281d986c62,688685.SH,迈信林,2024-06-15,4,0.9610031247138977
6479c65463dfbacb5f12292e,688700.SH,东威科技,2024-06-15,4,0.7931663990020752
4d1755485207939f56930600,688786.SH,悦安新材,2024-06-15,2,0.9397828578948975
f5ccadca168353dfd93b7d0b,688793.SH,倍轻松,2024-06-15,1,0.995846152305603
5d36d68375934fe250504097,688799.SH,华纳药厂,2024-06-30,3,0.8041584491729736
83785f106fd0f6358920d9b0,300814.SZ,中富电路,2024-06-15,4,0.8222793936729431
eacaf6ff39990262c4f614d2,300844.SZ,山水比德,2024-06-15,1,0.9074749946594238
539c28829c93c28f17ea0da1,300854.SZ,中兰环保,2024-06-15,1,0.9786167144775391
9e4f7770c641b8234c1600ed,300957.SZ,贝泰妮,2024-06-15,1,1.0030102729797363
3e972e6312dcb470492b5fef,300971.SZ,博亚精工,2024-06-15,4,0.926627516746521
b5df8d6219b1074dad5fc4f1,300979.SZ,华利集团,2024-06-30,1,1.0186344385147095
59bd4356297948e4049edab8,300980.SZ,祥源新材,2024-06-15,2,0.9301981329917908
e3839359f89bcc15f05018fb,300988.SZ,津荣天宇,2024-06-15,4,0.9251483678817749
3355f74ed397947f86f3459e,300989.SZ,蕾奥规划,2024-06-15,1,0.8752456307411194
45a07278df62ba92ffe16850,300990.SZ,同飞股份,2024-06-15,4,0.9142963290214539
d56bd3541fe0cb4e3805d221,300991.SZ,创益通,2024-06-15,4,0.7700206637382507
f7c7ba0f67e81f10e83db3ef,300992.SZ,泰福泵业,2024-06-15,2,0.9693713784217834
99cc828cd9281eec203d6182,301001.SZ,凯淳股份,2024-06-15,1,0.9221104383468628
eda9f3dffc99e80733b66859,301003.SZ,江苏博云,2024-06-15,1,1.0227038860321045
b239100c070151284804afa2,301004.SZ,嘉益股份,2024-06-15,2,0.9453835487365723
d455a8de069c78ffee032c60,301009.SZ,可靠股份,2024-06-15,2,1.0079134702682495
d5f3c431b6a9f26bd08ca519,301013.SZ,利和兴,2024-06-15,4,0.8605669736862183
5d7dfe4304fcf5e90c2ec19f,301019.SZ,宁波色母,2024-06-15,2,0.9212841391563416
6c6230af2ca534761d6d25c0,301027.SZ,华蓝集团,2024-06-30,1,0.935681939125061
ee2ffecd41534468cd5318a2,301031.SZ,中熔电气,2024-06-15,0,0.8354249000549316
879aef1445f0f57472b40b06,301040.SZ,中环海陆,2024-06-30,4,0.9268193244934082
69d1f81bba72bba29d436dd5,301043.SZ,绿岛风,2024-06-30,4,1.010878324508667
ad0819d6956df64090073bd6,301049.SZ,超越科技,2024-06-15,1,1.0052621364593506
eb2a4a954c79d133ffe35337,301055.SZ,张小泉,2024-06-15,2,0.9979343414306641
9131a9be61d608c0fda7b2ae,301059.SZ,金三江,2024-06-15,2,0.8617891669273376
c6bf756d98d63a2da326a09f,301060.SZ,兰卫医学,2024-06-15,1,0.9256425499916077
e0c4e53ea071c3e65167dddb,301061.SZ,匠心家居,2024-06-15,2,1.0172713994979858
7b842c7f3ee8c091aceb9153,301065.SZ,本立科技,2024-06-15,3,0.8792030215263367
1d02596942976dbf2bd89f6a,301066.SZ,万事利,2024-06-30,1,1.0286235809326172
10a48d4d059f0c14d2124faa,301067.SZ,显盈科技,2024-06-30,4,0.8367693424224854
fb1c26eceed1295bab5890c8,301070.SZ,开勒股份,2024-06-15,4,0.9617418050765991
0ee00a0fa71b7f3f1e19e4f4,301072.SZ,中捷精工,2024-06-15,4,0.8610820174217224
ea7ee7222f6bcc8426f81d2d,301077.SZ,星华新材,2024-06-15,2,0.8579397797584534
ff10e3dee66a931cee3de498,301078.SZ,孩子王,2024-06-15,1,0.9810523986816406
898c677eca593c18b1d4d34f,301082.SZ,久盛电气,2024-06-15,0,0.7724133133888245
8e1cfd856917a6fbede18a96,301085.SZ,亚康股份,2024-06-15,1,0.877048671245575
c44fa6cd32a2e04a7829c062,301089.SZ,拓新药业,2024-06-15,3,0.8330353498458862
aadeb05966f313c78ae37f3d,301093.SZ,华兰股份,2024-06-15,3,0.9208493828773499
c957ac8c56680cad2a03255f,301099.SZ,雅创电子,2026-04-15,4,0.9397284388542175
fd905223e58d0a279f9939c9,301108.SZ,洁雅股份,2024-06-15,2,1.0074199438095093
e5f0135ba8fc7b8dfe1b8342,301118.SZ,恒光股份,2024-06-15,2,0.8899374008178711
64cd58964dc9d951f4a8ccd7,301120.SZ,新特电气,2024-06-15,0,0.6963229775428772
2b029e53e0d23044ff316fe8,301129.SZ,瑞纳智能,2024-06-15,1,0.9770900011062622
814a8316f075fa24054cf73f,301152.SZ,天力锂能,2024-06-30,2,0.9633858799934387
af5e59aab2a71ff16c4b4c84,301159.SZ,三维天地,2024-06-15,1,0.9306033849716187
f62808e8ad7428e7b7969359,301185.SZ,鸥玛软件,2024-06-15,1,0.8928852677345276
bf7922042c68f9337e221600,301198.SZ,喜悦智行,2024-06-15,2,1.0183460712432861
aa936b49b2221e45ee340018,301336.SZ,趣睡科技,2024-06-28,1,0.9978962540626526
bc4c316755a88db850c57a7c,688071.SH,华依科技,2024-06-30,4,0.8670664429664612
9292262501dab9be41c1ce36,688728.SH,格科微,2024-06-15,4,0.8537490963935852
d49ac328233cdc1f11988704,300994.SZ,久祺股份,2024-06-30,1,1.023483395576477
499127196d91d2e26ef0caa0,301005.SZ,超捷股份,2024-06-30,4,0.8498998284339905
0f0f1c6b0293a47f2d1142a4,301008.SZ,宏昌科技,2024-06-15,4,0.9237214922904968
661786b6f29fe049ab87ed24,301012.SZ,扬电科技,2024-06-15,0,0.6453112363815308
e33588e8b576a300334f43bf,301032.SZ,新柴股份,2024-06-15,2,1.0051404237747192
618c358adf85c47a37f97105,301038.SZ,深水规院,2024-06-15,1,0.8986383080482483
97bb2800a410ae6b5aa0c5a4,301039.SZ,中集车辆,2024-06-15,1,1.0138885974884033
a4e96411fcc5e3fdce796952,301041.SZ,金百泽,2024-06-15,4,0.8079333901405334
e0c95a37fecf03333f612d86,301050.SZ,雷电微力,2024-06-30,4,0.9685875773429871
a40eff60a0f62b66b3b84089,301053.SZ,远信工业,2024-06-15,2,0.9427242279052734
bd19a5efbeba6bf7db595581,301056.SZ,森赫股份,2024-06-15,1,1.014569640159607
395d03062186440a9c11a5c8,301057.SZ,汇隆新材,2024-06-15,2,0.9456953406333923
2578a79668d440ee6473306a,301058.SZ,中粮科工,2024-06-30,1,0.9417034983634949
d44d944051a611d3d9b7eb0c,301071.SZ,力量钻石,2024-06-30,2,0.9717472195625305
9847240330836b6cad46a962,301079.SZ,邵阳液压,2024-06-30,4,0.9468981027603149
4765f035774986e5cf4335ab,301083.SZ,百胜智能,2024-06-15,1,1.0015113353729248
2953fa1c085cde82372060d4,301087.SZ,可孚医疗,2024-06-15,3,0.943985104560852
46ea5826342ea449299d6234,301088.SZ,戎美股份,2024-06-15,1,0.9742221236228943
b42bd954b97bee4cce62d1f8,301090.SZ,华润材料,2024-06-30,2,0.8404352068901062
b2d96bbef108be998a96b329,301091.SZ,深城交,2024-06-15,1,0.8878053426742554
415c722c1f7f8482e04f22da,301100.SZ,风光股份,2024-06-15,2,0.9014216065406799
a53ef7256dac7af826660e38,301101.SZ,明月镜片,2024-06-30,1,1.0388884544372559
c12e2c1fd826dd2dd6b56414,301103.SZ,何氏眼科,2024-06-15,1,0.9447766542434692
71bb5a4a904184ce8121dcc0,301112.SZ,信邦智能,2024-06-30,4,0.8463555574417114
46f86d7cac7294462f5a5e85,301119.SZ,正强股份,2024-06-15,4,0.8106233477592468
f0beeef4612ad32da2f0a4db,301126.SZ,达嘉维康,2024-06-30,1,0.9547394514083862
234e76ecbafafb916f5b422f,301128.SZ,强瑞技术,2024-06-15,4,0.8071192502975464
3385751c2c95c326f2a98dbf,301133.SZ,金钟股份,2024-06-15,4,0.8934996128082275
7961319f9fbe4c2036801f65,301138.SZ,华研精机,2024-06-15,4,0.9169498085975647
31ddc783e57c8635a39bb295,301149.SZ,隆华新材,2024-06-15,2,0.8641214370727539
831ef23013865da8c8e2f4ce,301166.SZ,优宁维,2024-06-30,3,0.9866452813148499
250dca8a2beea14262274bed,301178.SZ,天亿马,2024-06-30,1,0.8513896465301514
5273a50f761346aa0a57629e,301180.SZ,万祥科技,2024-06-15,4,0.7596168518066406
fbc0bedd3b3f6bb8aea62f09,301186.SZ,超达装备,2024-06-15,4,0.8232117295265198
efef69004d2fbba7ada82d96,301188.SZ,力诺药包,2024-06-15,2,0.9950665235519409
404b32528481a12feadc7e49,301193.SZ,家联科技,2024-06-30,2,0.9617033004760742
cc27741a2fd867a1c0a17285,301231.SZ,荣信文化,2024-06-15,1,0.9709200859069824
3f62be1c3d6a93b67182188e,301234.SZ,五洲医疗,2024-06-15,3,0.9354058504104614
03f1031c8ee16528ce9f67ff,301239.SZ,普瑞眼科,2024-06-15,1,0.942986011505127
568d66e1a0120c2909989f72,301259.SZ,艾布鲁,2024-06-15,1,0.916589081287384
1f0f4a2a815bfe037fbc1d41,301267.SZ,华厦眼科,2024-06-30,1,0.9490001797676086
3a8858ed363c67868ebc6819,301298.SZ,东利机械,2024-06-15,4,0.9160791039466858
db2c776236438520fa528a51,301345.SZ,涛涛车业,2024-06-15,1,1.0359957218170166
ab51081e5085a34ceb438dc9,301362.SZ,民爆光电,2024-06-15,0,0.8880004286766052
7dbf1209e944814c7d13cc45,301370.SZ,国科恒泰,2024-06-30,1,0.9792901277542114
93ad6d42969218ffbb5d0ecd,301398.SZ,星源卓镁,2024-06-15,4,0.8494620323181152
3cca738465144c8068e5b567,688087.SH,英科再生,2024-03-15,2,0.9398343563079834
c3cab1b414cc959deec78935,688232.SH,新点软件,2024-06-30,1,0.8830680251121521
07c0705ee44c475031223bfb,688601.SH,力芯微,2024-06-30,4,0.820257842540741
dedec6a939feb508a78d1e1e,688655.SH,迅捷兴,2024-06-30,4,0.8267264366149902
254b12f4be502543fa0c6916,301045.SZ,天禄科技,2024-06-15,4,0.7606067657470703
c1e9adc18b4d10c76f3d6938,301046.SZ,能辉科技,2024-06-30,1,0.9361156821250916
8ace5a8aab7c1ae0698bf4b8,301047.SZ,义翘神州,2024-06-30,3,0.8972506523132324
d71e9fa59db7c8cdb9d1789f,301048.SZ,金鹰重工,2024-06-15,1,1.0159345865249634
e92ac449858a88faa0aae9c0,301063.SZ,海锅股份,2024-06-15,0,0.7349381446838379
8c1b38eecc0f88945997e0de,301075.SZ,多瑞医药,2024-06-15,3,0.9160857200622559
a31b56f105a0951f6ab8ce90,301080.SZ,百普赛斯,2024-06-30,3,0.9010921120643616
6ab7922937500ded72ecd331,301092.SZ,争光股份,2024-06-15,2,0.8534942269325256
4aa3d342efc0b9b0fed6a827,301102.SZ,兆讯传媒,2024-06-30,1,0.951649010181427
dd7c9cd01008edfc0d0f1caa,301111.SZ,粤万年青,2024-06-15,3,0.901540994644165
7bbb5b221ce91064fb509189,301121.SZ,紫建电子,2024-06-30,0,0.8907873034477234
d707bfa4e746b1f959ac7f82,301123.SZ,奕东电子,2024-06-30,4,0.7913852334022522
4b3a7956ba60f103a87d66da,301131.SZ,聚赛龙,2024-06-15,2,0.9301871061325073
61d8fbbe34af17c58472296b,301148.SZ,嘉戎技术,2024-06-30,1,1.0249202251434326
81571e65e54c7655b24b7e35,301160.SZ,翔楼新材,2024-06-15,2,0.9266228079795837
26e050f622697bb6ee9514c9,301187.SZ,欧圣电气,2024-06-15,4,0.9818344116210938
0ad55493bfbb9b3ca3ae961d,301213.SZ,观想科技,2024-06-30,1,0.9861202239990234
336065a8ef38bc6cd2ff6ba8,301219.SZ,腾远钴业,2024-06-15,2,0.9698278307914734
7d3a61eda6770be2bfabcced,301222.SZ,浙江恒威,2024-06-15,0,0.8684425354003906
7211adf8276b56f25b337b6e,301228.SZ,实朴检测,2024-06-15,1,0.9908337593078613
80d9e64dc4cac72327811fc7,301232.SZ,飞沃科技,2024-06-15,4,0.9164408445358276
2cb72c9d95740a796f533df0,301296.SZ,新巨丰,2024-06-15,2,0.9432845115661621
1f803d8dcddd7559883c0efa,301331.SZ,恩威医药,2024-06-15,3,0.937913179397583
e6a8cc6c5ad7fcee38791346,301665.SZ,泰禾股份,2024-06-15,4,1.016613245010376
2a8b3a9ecc1f48b384538882,603213.SH,镇洋发展,2024-06-15,2,0.8603399991989136
fffed2676d7c5b40c35a4856,605599.SH,菜百股份,2024-06-30,1,0.9591575860977173
56f817052c1fbe18f2adc37c,688038.SH,中科通达,2024-06-30,1,0.9126206040382385
230b03b6a658f14412de1a2a,688091.SH,上海谊众,2024-06-30,3,0.7962144613265991
f075a4084530098785c2ec91,688110.SH,东芯股份,2024-06-30,4,0.8573129177093506
dc8626adefb1a57c1403af29,688246.SH,嘉和美康,2024-03-15,1,0.9078838229179382
18ab0086cce99e0ff60e1464,688276.SH,百克生物,2024-06-30,3,0.8865713477134705
32098d17c93047c966bbfe99,688296.SH,和达科技,2024-06-30,1,0.91092848777771
f42bcd974ccd9491f1bf120d,688303.SH,大全能源,2024-04-05,2,0.9673129916191101
899aca3d061f1f8631357b36,688306.SH,均普智能,2024-06-15,4,0.8625513911247253
e50c86e194a9c728f572b0b5,688359.SH,三孚新科,2024-06-15,2,0.8903595805168152
a21c8ffd2dd1ab535681d6aa,688367.SH,工大高科,2024-06-15,1,1.0228955745697021
95169c84fb94511178e5c45a,688376.SH,美埃科技,2024-06-30,4,0.8854902982711792
3ca65e354dc94aea8c6e1a19,688385.SH,复旦微电,2024-06-30,4,0.8816125988960266
42db0ea8007baedb6b6cca1f,688502.SH,茂莱光学,2024-06-15,4,0.7631574869155884
6cfcea30a423ead8043cda3e,688538.SH,和辉光电-U,2024-06-30,4,0.8300743103027344
ec63d8b4b571ea35bad340f0,688597.SH,煜邦电力,2024-06-30,1,0.970706045627594
aa269a99bd3d08d4d60ca6c8,688621.SH,阳光诺和,2024-06-30,3,0.8821460604667664
2617357a8482ef0d9e721969,688701.SH,卓锦股份,2024-06-30,1,0.9667054414749146
2394812c367ea19a5273cdea,688716.SH,中研股份,2024-03-25,2,0.9419543147087097
5ce0845a6403ba4cc8343e19,688718.SH,唯赛勃,2024-06-30,2,0.9603207111358643
f597a13ca3f808088a62648f,688722.SH,同益中,2024-06-15,2,0.9614611268043518
91bd52d3b370eb4629cba70f,688766.SH,普冉股份,2024-06-30,4,0.8362974524497986
7a3cde1e900d080265707d90,688767.SH,博拓生物,2024-06-15,3,0.8629712462425232
b2b89da2d54e1aed73aa6bfa,688778.SH,厦钨新能,2024-06-30,0,0.889461100101471
b0f7a3dc9cfd43e56950c984,688798.SH,艾为电子,2024-06-30,4,0.850803017616272
e49782109c19de175dbd9312,300834.SZ,星辉环材,2024-06-30,2,0.8526557683944702
f143c7356ba91cf5ad1b8329,301086.SZ,鸿富瀚,2024-06-15,4,0.8002886772155762
2502bd8f6388127eb10266ff,301096.SZ,百诚医药,2024-06-30,3,0.8715991377830505
6e901001da61f3ada5ff521d,301110.SZ,青木科技,2024-06-15,1,0.9136015176773071
4c1ef75a674cba82000c3ebb,301113.SZ,雅艺科技,2024-06-15,2,0.963371217250824
1c8a126740ef836c6bab4955,301117.SZ,佳缘科技,2024-06-15,1,0.9231305122375488
5578ba67ae33faeaf81b237a,301127.SZ,武汉天源环保股份有限公司,2024-06-15,1,0.9501753449440002
4047b25f958cab4bde5edd49,301135.SZ,瑞德智能,2024-06-15,4,0.8311049342155457
fdf7c02d80c971c2f2e0cc3b,301136.SZ,招标股份,2024-06-15,1,0.9068161845207214
a4092ead88923a10172c3584,301139.SZ,元道通信,2024-06-15,1,0.9460223913192749
f6f0d6a9d0638f3026c72904,301150.SZ,中一科技,2024-06-15,0,0.8942293524742126
c27347b3021ab3ea47a1c729,301155.SZ,海力风电,2024-06-30,0,0.8038856983184814
0bb14c8048a32656fa683b54,301158.SZ,德石股份,2024-06-30,4,0.9575884342193604
47fa08746a02ee2b00a83ca2,301162.SZ,国能日新,2024-06-15,1,0.9257688522338867
b6c3c15e571d1bd67d0d4ea1,301167.SZ,建研设计,2024-06-15,1,0.9418297410011292
cc7456fa048f55becaaa90ec,301177.SZ,迪阿股份,2024-06-30,1,0.9670655727386475
b5f16890eef17f64d01f1d7d,301179.SZ,泽宇智能,2024-06-30,1,0.8910847902297974
ba799ebef4f4a0f9ac030851,301189.SZ,奥尼电子,2024-06-15,4,0.9712399840354919
0f8eefe49589aac37e3ecd92,301196.SZ,唯科科技,2024-06-15,4,0.9486954808235168
36b9a9ca0501f5a873aa1c98,301201.SZ,诚达药业,2024-06-30,3,0.8390842080116272
ad5864d3824d4df363b911b8,301207.SZ,华兰疫苗,2024-06-30,3,0.8878856897354126
52fb0426a422124c5a9ae5db,301211.SZ,亨迪药业,2024-06-15,3,0.8064368963241577
22c0b422f627c06aeafa099e,301217.SZ,铜冠铜箔,2024-06-15,4,0.9020814299583435
64bd9ccc7930d1cdf5a6c61b,301233.SZ,盛帮股份,2024-06-15,4,0.8485686182975769
39601960974813832d86f7db,301248.SZ,杰创智能,2024-06-15,1,0.8745741248130798
5d54bc2105b55481059f2816,301257.SZ,普蕊斯,2024-06-15,3,0.9106338024139404
579e788b6bd8c7befae635fd,301265.SZ,华新科技,2024-06-15,4,0.9079589247703552
edf764d3ac076e28ebeb33b7,301338.SZ,凯格精机,2024-06-15,4,0.7850767374038696
7849245f1898a26e71087f72,301339.SZ,通行宝,2024-06-15,1,0.9222167134284973
235b825a12ce826627a89287,301382.SZ,蜂助手,2024-06-15,1,0.9293493032455444
9bdb3a3a231e035b8cf04218,301439.SZ,泓淋电力,2024-06-30,0,0.7529449462890625
60767259cc1044defa648fdf,605033.SH,美邦股份,2024-06-15,3,0.9720556735992432
f2e90fc75c35916cd5d953c7,605567.SH,春雪食品,2024-06-30,3,0.9497119188308716
1824848b82e972ff0e1e1a5a,605577.SH,龙版传媒,2024-06-30,1,0.9706835746765137
ada5d00c84122b71bf5cc212,688114.SH,华大智造,2024-06-30,3,0.970702052116394
21f58e8c0f2bd1a285ffb69a,688120.SH,华海清科,2024-06-30,4,0.9061968326568604
356bbd38242a346609ab308d,688211.SH,中科微至,2024-06-30,4,1.0044125318527222
f666dcf43cbd6f474ccc026e,688255.SH,凯尔达,2024-06-15,4,0.8853054046630859
72f4c69b3a29ac3272589c01,688257.SH,新锐股份,2024-03-15,4,0.8744606971740723
8c59f51f1200bf36a590a53f,688259.SH,创耀科技,2024-06-15,1,1.034630537033081
71a69a7fa69a1b50d8417fb8,688327.SH,云从科技-UW,2024-06-30,1,0.8934640288352966
8dfda4119124e53db29e816a,688343.SH,云天励飞-U,2024-06-15,1,0.9309350848197937
d8c8c146aa319b677e741efb,688486.SH,龙迅股份,2024-03-25,4,0.8784458637237549
b88f784390cb8d26552a3536,688511.SH,*ST天微,2024-06-30,4,0.9256788492202759
3e15bf64c5bc3049c11271a8,688553.SH,汇宇制药-W,2024-04-05,3,0.7966231107711792
29eb0f3daa4bd769a87441ab,688670.SH,金迪克,2024-06-15,3,0.8470686078071594
443d1d82c2ab719ab2930d48,688768.SH,容知日新,2024-06-30,1,1.0085210800170898
92e5ea7d7037e80523889ba4,688772.SH,珠海冠宇,2024-04-05,0,0.8778519630432129
e5cf6ba7140fdd664916fbbc,688775.SH,影石创新,2024-06-15,1,1.0045616626739502
a2fc6dca2b1cbd4b894afae0,688776.SH,国光电气,2024-03-15,4,0.8879884481430054
1d1dee2441836339c0ca062c,001234.SZ,泰慕士,2024-06-15,2,1.0055111646652222
fafdd07ae738d5b882b0f6cb,001317.SZ,三羊马,2024-06-30,1,1.0015649795532227
6dbcb22316e36c1274c00aa7,301106.SZ,骏成科技,2024-06-15,4,0.8060450553894043
d2ba37f8848ddf9232b3bc4b,301109.SZ,军信股份,2024-06-30,1,0.9391622543334961
bf4b259007a52b3660fb3121,301122.SZ,采纳股份,2024-06-15,3,0.9287733435630798
aec9990cfc7f9f60286df8be,301125.SZ,腾亚精工,2024-06-15,4,0.9250145554542542
3de929cda1cab29388751f92,301137.SZ,哈焊华通,2024-06-15,4,0.9331173300743103
b11a8d7d7576aa0e187edb6f,301163.SZ,宏德股份,2024-06-15,0,0.7955605387687683
391a5ceb3d27d564ff7b8f67,301165.SZ,锐捷网络,2024-06-30,1,0.9776284098625183
b75905a14aa8f9a0782a7149,301175.SZ,中科环保,2024-06-15,1,0.9313898682594299
7978ab063b29f216455d2872,301206.SZ,三元生物,2024-06-30,3,0.8911859393119812
26877202b02669d49b7923e9,301212.SZ,联盛化学,2024-06-15,2,0.8477002382278442
655b95b1a824f4dd0d058d5d,301216.SZ,万凯新材,2024-06-15,2,0.8290076851844788
c520cdff380ccd4c79fbe536,301218.SZ,华是科技,2024-06-30,1,0.8624877333641052
5d0a7a995e7f645c778bbd96,301227.SZ,森鹰窗业,2024-06-15,2,0.9987668395042419
4aa5294713c532987c01eab9,301229.SZ,纽泰格,2024-06-15,4,0.8385538458824158
782b41fafe4255fd2d402de7,301238.SZ,瑞泰新材,2024-06-15,2,0.8866922855377197
05485de9783cbeb2b20713ba,301256.SZ,华融化学,2024-06-30,2,0.8738478422164917
2055a198cfaf40c3cfdff585,301268.SZ,铭利达,2024-06-15,4,0.8593360781669617
636fe2961f9df7756de7d9a7,301279.SZ,金道科技,2024-06-15,4,0.9840114712715149
f1897f7535fe9e19c11aef59,301282.SZ,金禄电子,2024-06-30,4,0.7625268697738647
84f26ebf23158696fa16582e,301313.SZ,凡拓数创,2024-06-15,1,0.9793960452079773
e29eaefd47a976ba932487c1,301330.SZ,熵基科技,2024-06-28,1,0.9904361963272095
02389fc6b312a43c9c8347f8,301373.SZ,凌玮科技,2024-06-15,2,0.8474867939949036
c4d8ca14aa6b6db4cb6a40d4,301381.SZ,赛维时代,2024-06-30,1,0.9584096670150757
67074a7b0d1cf7a906feefd9,301500.SZ,飞南资源,2024-06-30,2,0.9788609147071838
84e97d3c83b8e3773f5599dc,601956.SH,东贝集团,2024-06-30,4,0.9820281863212585
b643febe1ef92231d6e97c97,603071.SH,物产环能,2024-06-30,1,1.0072838068008423
4f46678868b211847d78563b,603280.SH,南方路机,2024-06-15,2,0.9930163025856018
ad20cc4285e8dca5411e4f77,603402.SH,陕西旅游,2024-06-15,1,0.9688131213188171
5c65b078dc5409983ea4ba75,688032.SH,禾迈股份,2024-06-15,0,0.7581974864006042
20bc0a5aa5aa41c3d520d716,688062.SH,迈威生物-U,2024-07-01,3,0.8334028124809265
844b741744beb9f8e93bb984,688102.SH,斯瑞新材,2024-06-30,2,0.986353874206543
6cbc6d79b5a6886c535e8b82,688103.SH,国力电子,2024-06-15,4,0.780567467212677
41c83a9e96bace858f1cadb6,688105.SH,诺唯赞,2024-06-30,3,0.9129378795623779
916026d852e229917b32dd8f,688119.SH,中钢洛耐,2024-06-30,2,0.9690483808517456
1ab43effbcf0668d619b5f00,688151.SH,华强科技,2024-06-30,4,1.0251646041870117
e95d1dab6a4a159e01284951,688162.SH,巨一科技,2024-03-25,4,0.8768147230148315
c2a1293ec9ddfaa646fff17c,688187.SH,时代电气,2024-06-30,4,1.0058634281158447
aaf1c6ef0e574a8f44893f58,688210.SH,统联精密,2024-06-15,4,0.8053996562957764
3b3d738c64986d1b8009b27b,688212.SH,澳华内镜,2024-06-30,3,0.9785276651382446
84efd997759d3d9f20b4d406,688220.SH,翱捷科技-U,2024-03-15,4,0.8938952088356018
d7ba2ba9ad479f525b377854,688236.SH,春立医疗,2024-06-15,3,0.929220974445343
f5bfab1d3afe0511b041b62c,688262.SH,国芯科技,2024-06-15,1,1.0382769107818604
6891f27ef3293dbd9ed8cfbd,688265.SH,南模生物,2024-06-15,3,0.9388501644134521
83e9735e9a0a34ffc889a82e,688282.SH,理工导航,2024-03-25,4,0.9716306924819946
35aa90a2078051c47b999282,688285.SH,高铁电气,2024-06-15,1,1.0205814838409424
2022fa27e7ed1abdd373e4ed,688711.SH,宏微科技,2024-06-30,4,0.7970088124275208
15fa8f7d5c1847ec87743bdd,688737.SH,中自科技,2024-06-15,4,0.9361245036125183
ca11a69673b453c5c8a95202,688800.SH,瑞可达,2024-06-15,4,0.7777971625328064
0b3d4b35837a62801b863118,003041.SZ,真爱美家,2024-06-15,2,1.00053071975708
20c25cf79017be9c28fa5f61,301097.SZ,天益医疗,2024-06-15,3,0.9311456084251404
723d00213a1cbd4e76c26896,301107.SZ,瑜欣电子,2024-06-15,4,0.9238764643669128
3219ae7861b56e7d483cca57,301161.SZ,唯万密封,2024-06-15,2,0.9719812273979187
c4cfd11d9b1ef5482b650bff,301183.SZ,东田微,2024-06-15,4,0.8399177193641663
3522dbeed04026ddcfdd6f03,301215.SZ,中汽股份,2024-06-30,1,1.0101770162582397
ecd5516954ce01b6a5c36049,301221.SZ,光庭信息,2024-06-30,4,0.9905518889427185
6d49a16f0de8a90234f6657b,301223.SZ,中荣股份,2024-06-15,2,0.9792544841766357
8b79a642d48d6270e72da55d,301230.SZ,泓博医药,2024-06-15,3,0.8911882042884827
973cfcd3fe53a5e07adb1d43,301235.SZ,华康洁净,2024-06-15,1,1.0098509788513184
aea8c9e39678d6915c7448a7,301236.SZ,软通动力,2024-06-15,1,0.8796588778495789
26b2687c97d4c7e53f2ee221,301262.SZ,海看股份,2024-06-30,1,0.9567375183105469
55a0ae0665281eb60641312a,301270.SZ,汉仪股份,2024-06-15,1,0.9140015840530396
f34a04c54ef600ee760e0188,301276.SZ,嘉曼服饰,2024-06-30,1,0.9557701349258423
9ffad6b20fe5f7f0f3f5396d,301283.SZ,聚胶股份,2024-06-30,2,0.9875243902206421
7c5caeeafea787e3b414dd7c,301293.SZ,三博脑科,2024-06-15,1,0.9201412796974182
72fc22823837ca6f18394568,301300.SZ,远翔新材,2024-06-15,2,0.8570983409881592
9823c37c356d0755ad3978dc,301318.SZ,维海德,2024-06-15,1,1.0058408975601196
be6fecbd7d4bb4a967bd3157,301319.SZ,唯特偶,2024-06-15,4,0.7981259226799011
cd036ae5dfe114b0bb8645b1,301349.SZ,信德新材,2024-06-15,2,0.9004164338111877
77504da9eff76ecc9bd44525,301363.SZ,美好医疗,2024-06-30,4,0.9523075819015503
3e17f66e34419631bf18e6fa,301366.SZ,一博科技,2024-06-15,4,0.8861619234085083
a1af6974875a649e40be4eff,301367.SZ,瑞迈特,2024-06-15,3,0.960373044013977
b32152a3249a71d5e3aa7d24,301468.SZ,博盈特焊,2024-06-30,4,0.9219074845314026
91fc188e2b1af839aebd77d2,600927.SH,永安期货,2024-06-30,1,0.9678270220756531
186a46f7553345dac79476e9,601059.SH,信达证券,2024-06-30,1,0.9154127240180969
8caeaca7e86c828874c451ee,601728.SH,中国电信,2024-06-30,1,0.9876713156700134
404785e987b2288ebb931ba9,603048.SH,浙江黎明,2024-06-15,4,0.8381072282791138
f0ee7ed67a54eb2957dcbe2d,603122.SH,合富中国,2024-06-15,1,0.9748325347900391
dbd2066074c464b167ab7e04,603176.SH,汇通集团,2024-06-15,1,0.9267005920410156
cd3e0f4e4812e6e58915113f,603209.SH,兴通股份,2024-06-15,1,0.9918971061706543
8562899d9cbc28fa09655700,603215.SH,比依股份,2024-06-30,4,1.0203847885131836
7b88106ed5a68340d1e8042d,603230.SH,内蒙新华,2024-06-15,1,0.9669429659843445
ae7bd5f402dfafb61dd17664,688045.SH,必易微,2024-06-15,4,0.8428266644477844
483b84d9c4586fb7d9f6866e,688049.SH,炬芯科技,2024-03-15,4,0.8655107617378235
0f94f36c5c756e58ee82b30b,688107.SH,安路科技,2024-06-30,4,0.9022014141082764
41ac94693474e9f0b9a6fda6,688121.SH,卓然股份,2024-06-30,2,0.941877543926239
97097b71047ac7f930355055,688167.SH,炬光科技,2024-06-30,4,0.8959386944770813
213bedc6b6b5315b2e7a31d1,688190.SH,云路股份,2024-06-30,4,0.9675155878067017
f1939c65cd502684884f02ab,688192.SH,迪哲医药-U,2024-06-15,3,0.8304720520973206
02846c55edcb40261691ee3b,688197.SH,首药控股-U,2024-06-30,3,0.8039412498474121
4a142e4eaebe4d764c882ab7,688225.SH,亚信安全,2024-06-30,1,0.9240396022796631
7762b727bccdc9bae2d306ed,688230.SH,芯导科技,2024-06-15,4,0.8142486214637756
44f6648a539a32d35473c409,688235.SH,百济神州-U,2024-06-15,3,0.8267384767532349
b2391db74d7796a3cf4f4bab,688272.SH,富吉瑞,2024-06-15,4,0.9278066158294678
ef14a059921d2bbbbd2841a2,688281.SH,华秦科技,2024-03-25,4,1.0034515857696533
1e4ac246a809293193270436,688349.SH,三一重能,2024-06-30,0,0.8409366607666016
22ea95729b5b069ddbb7c915,688382.SH,益方生物-U,2024-06-15,3,0.8259083032608032
61f64ab9395808aebaf2945f,688697.SH,纽威数控,2024-03-25,4,0.9819501638412476
50cda8672d33bab780515a2e,688707.SH,振华新材,2024-06-30,2,0.9821867346763611
a585c0c8ec6ab4df1284af15,001258.SZ,立新能源,2024-06-30,1,0.9728089570999146
98506f41c851b6769c2d61d9,001268.SZ,联合精密,2024-06-30,4,0.9198197722434998
ec837c0d289c09f534b1e830,300804.SZ,广康生化,2024-06-15,3,0.9588881134986877
43c9888230d8bf680dbe6af2,301132.SZ,满坤科技,2024-06-15,4,0.8732525110244751
9846ba8beea9314b4af6225d,301156.SZ,美农生物,2024-06-15,3,1.002044916152954
2f386a899264cb7d68ebd106,301157.SZ,华塑科技,2024-06-15,0,0.770088255405426
f86ce05f6199cff32535cab6,301200.SZ,大族数控,2024-06-30,4,0.8045325875282288
23778347d7ad4f35efe85005,301209.SZ,联合化学,2024-06-15,2,0.9481927752494812
8790148031f3f583c9bf10e1,301260.SZ,格力博,2024-06-15,1,1.011149525642395
748c3997e359b7372df3493b,301288.SZ,*ST清研,2024-06-30,4,0.957962691783905
35b9cfdefefd4f0fd7f0103e,301289.SZ,国缆检测,2024-06-15,1,1.0068680047988892
5c7eb68627a96496c3bd9cd4,301308.SZ,江波龙,2024-06-15,4,0.8933942317962646
d58488cad3e6d43db1b27637,301312.SZ,智立方,2024-06-15,4,0.8280970454216003
2ffe13761b77e2103fdde4fb,301314.SZ,科瑞思,2024-06-15,4,0.7655758857727051
fae2c69b2af331f316ea1581,301317.SZ,鑫磊股份,2024-06-15,4,0.9640024900436401
a25f28d65abaf2b0a0aecc01,301320.SZ,豪江智能,2024-06-15,0,0.8361712694168091
b7be23855d4cede0eebd04ab,301322.SZ,绿通科技,2024-06-15,1,1.033629059791565
3dab8caf5a1ac8aee488e897,301326.SZ,捷邦科技,2024-03-25,4,0.7750270962715149
5e6e4eba540fc1cd1fa74383,301328.SZ,维峰电子,2024-06-15,4,0.7638066411018372
f3ee1298158c246f32f2665b,301355.SZ,南王科技,2024-06-15,2,0.9906669855117798
0a4c9a9fbd9c318131c297cc,301357.SZ,北方长龙,2024-06-15,4,0.9817969799041748
3275283b87d4a12450e2b969,301359.SZ,东南电子,2024-06-15,4,0.7743242383003235
20f28bc8efe177dd6fe188fc,301365.SZ,矩阵股份,2024-06-15,1,0.9097400903701782
abe42871c9728700576c90e0,301379.SZ,天山电子,2024-06-30,4,0.9569182395935059
9165b2ad599c025443aef5b0,301399.SZ,英特科技,2024-06-15,4,0.8510026335716248
ff569e697a0b4c676389adc2,301408.SZ,华人健康,2024-06-30,1,0.9443050622940063
6b157dec2915e8a8c0a90c92,301413.SZ,安培龙,2024-06-15,4,0.861905574798584
f619d88ca9e39023cdee94a3,301486.SZ,致尚科技,2024-06-30,4,0.7664842009544373
ebd0d48b3c35c8ab266fec76,603070.SH,万控智造,2024-06-15,0,0.6513375639915466
3720a744a620cf3ffd5d004a,603132.SH,金徽股份,2024-06-30,2,1.005564570426941
4ddaf93f984c4e858e81d424,603182.SH,嘉华股份,2024-06-15,3,0.9059960246086121
44bd770118a9265aca2f7591,603219.SH,富佳股份,2024-06-30,4,0.9924732446670532
658ccdc6d1f7aeefa41b9ca7,603237.SH,五芳斋,2024-06-15,3,0.932229220867157
fa1f95926ed922cb215edd0c,688052.SH,纳芯微,2024-03-15,4,0.7977535128593445
f33d9da4fc9e3e1e2a8863ae,688053.SH,ST思科瑞,2024-06-30,4,0.9445037245750427
4470d4d6f6b5a540f243947f,688150.SH,莱特光电,2024-06-30,4,0.9115440845489502
4c368b98addbc0a1b73113ae,688173.SH,希荻微,2024-06-30,4,0.8225889801979065
9d3a163eb506d915caf28e82,688175.SH,高凌信息,2024-03-20,1,0.9949871301651001
0c9527bd9bdfd752b945674c,688176.SH,亚虹医药-U,2024-06-30,3,0.7981114387512207
c13594013982f2ba5785ebec,688209.SH,英集芯,2024-06-15,4,0.8451520204544067
76bb55a2300ddf72894cd082,688234.SH,天岳先进,2024-06-15,4,0.8949084281921387
a77e3d42ab249310c03aaf31,688237.SH,超卓航科,2024-06-15,2,1.024856448173523
455247a242711e27db5e2905,688238.SH,和元生物,2024-06-30,3,0.9094175696372986
bc725ba7fcf9d758aa79c42d,688247.SH,宣泰医药,2024-03-25,3,0.8371525406837463
9ea5790e60643dec33522a08,688248.SH,南网科技,2024-03-15,0,0.8788402676582336
b00b9e084de8de0140e383ff,688249.SH,晶合集成,2024-03-15,4,0.8812476396560669
58e3434679b49f7869011e4d,688283.SH,坤恒顺维,2024-06-15,4,0.9710390567779541
dc3d3a6bbf078222bcb3792e,688302.SH,海创药业-U,2024-06-15,3,0.8341041207313538
3ea74533dde762f3ede62710,688332.SH,中科蓝讯,2024-06-15,4,0.8766462206840515
0b960f7bce04e402303fcaf9,688337.SH,普源精电,2024-03-25,4,0.9159499406814575
8f14acd6ff1314e7e7c12208,001228.SZ,永泰运,2024-06-30,1,0.9673552513122559
f17d81250c20a1cce3f68c88,001230.SZ,劲旅环境,2024-06-15,1,0.8968456983566284
ff1643426eb5e46430e23e2b,001259.SZ,利仁科技,2024-06-30,1,1.0047425031661987
608cf5284169a9c66493ee31,001266.SZ,宏英智能,2024-06-30,4,0.9378983378410339
7be6fc1076b679ae456009c0,001283.SZ,豪鹏科技,2024-06-30,0,0.8014281392097473
bd9a85e92e8f6ceb857294e2,001298.SZ,好上好,2024-06-30,4,0.9515321254730225
e475e3ac5cd6a6c3679460c3,001308.SZ,康冠科技,2024-06-30,4,0.952996015548706
1e7ca68fe02ef6b8009b9fe5,001309.SZ,德明利,2024-06-15,4,0.85699862241745
a0470171c2d8e82ba9360884,001311.SZ,多利科技,2024-06-30,4,0.8686994314193726
53045111b1df43f5290e3740,001318.SZ,阳光乳业,2024-06-15,1,0.9897089004516602
ff8ae543151bd9f1a3d05cd3,001323.SZ,慕思股份,2024-06-30,1,1.0171217918395996
ff39bbeb6b902bab157324b0,301115.SZ,联检科技,2024-06-15,1,1.0025173425674438
0a09a6ace7dcc51c7d03f740,301195.SZ,北路智控,2024-06-15,1,0.9875550866127014
d264b8048359a439cbb7a95d,301205.SZ,联特科技,2024-06-15,4,0.9644837379455566
bc85143f7e8368892ce11604,301269.SZ,华大九天,2024-06-30,4,0.9954246878623962
8a62ad4e70eb8111e96d6537,301281.SZ,科源制药,2024-06-15,3,0.7841194272041321
a84f7e8983f822a29dcfb683,301309.SZ,万得凯,2024-06-15,2,0.9662790298461914
c50617d51d4e5500d28d0fdc,301311.SZ,昆船智能,2024-06-15,1,1.0298267602920532
80547da402b517e9ed321a40,301327.SZ,华宝新能,2024-06-30,0,0.9368930459022522
ff5f73753192b4552a8f20df,301332.SZ,德尔玛,2024-06-15,1,0.9983596205711365
ff1582f9fd1e1e4860a1610d,301361.SZ,众智科技,2024-06-15,0,0.8127866983413696
4517231d7fcd911b164ad45a,301387.SZ,光大同创,2024-06-15,4,0.7958227396011353
c9fd9c929391ba218b74ac35,301429.SZ,森泰股份,2024-06-15,2,0.9655274748802185
dff37b5510601b4aff2fc92d,301519.SZ,舜禹股份,2024-06-15,1,0.9267857074737549
fb2951db69b756b0805ee132,301551.SZ,无线传媒,2024-06-15,1,0.936015784740448
63d713e69fcb30d4dbf3aa89,301567.SZ,贝隆精密,2024-06-15,4,0.8132193684577942
cab90b2076562e766202baec,603051.SH,鹿山新材,2024-06-30,2,0.9078820943832397
5853d8157d5e0d6985470d28,603325.SH,博隆技术,2024-06-15,2,1.0092570781707764
d73e76a4106742cff23d4d73,603418.SH,友升股份,2024-06-15,4,0.8495970368385315
2b8bd8bfe5b56f31b5faba2b,688048.SH,长光华芯,2024-06-30,4,0.8175360560417175
738e8299bc30f193d4a57746,688153.SH,唯捷创芯,2024-06-30,4,0.926179826259613
779ae9f87811e6fd4245dc06,688170.SH,德龙激光,2024-06-30,4,0.8194087743759155
e8ed9ce0e7441b1679d13ea6,688193.SH,仁度生物,2024-06-15,3,0.8973869681358337
5c0d4118baa94d6c822512f7,688206.SH,概伦电子,2024-03-25,4,0.9595832824707031
e2e54231c6cbbe5321686c64,688207.SH,格灵深瞳,2024-03-25,1,0.917596161365509
0d3145c5420eda7cce5cd08f,688253.SH,英诺特,2024-06-15,3,0.874338686466217
17c3208ffdeb1ffa22692a28,688261.SH,东微半导,2024-06-30,4,0.8041493892669678
f7434fa1a2918a1a0cb823ca,688267.SH,中触媒,2024-06-30,2,0.9043178558349609
0a099bc5b85eb701fc921961,688279.SH,峰岹科技,2024-06-30,4,0.8255650997161865
6c566dba7bb7370a3db4138d,688292.SH,浩瀚深度,2024-06-30,1,1.018778920173645
38bc6f8f606c44a33620594d,688295.SH,中复神鹰,2024-03-20,2,0.9505636096000671
69a66fc3869b4b4e085e9ae5,688320.SH,禾川科技,2024-06-15,4,0.8979839086532593
f1e16e89b2e9271ca96fb115,688325.SH,赛微微电,2024-06-15,4,0.8426500558853149
d11a5df9f5cf2bf8a3457bb2,688331.SH,荣昌生物,2024-06-30,3,0.818830132484436
11f366b8802d8a4a1f8814f3,688362.SH,甬矽电子,2024-06-30,4,0.8319804668426514
652b58174b927d04a177a8a4,688380.SH,中微半导,2024-06-15,4,0.8409550786018372
fe1a73bbc86d0e8700ce6fda,688400.SH,凌云光,2024-06-30,4,0.842811107635498
b3f3724a95157df54b3fea1e,688401.SH,路维光电,2024-06-30,4,0.8603754639625549
e450746efe2855b01acdc416,688522.SH,纳睿雷达,2024-03-20,1,0.9855455756187439
3481874bb0a8dfcce93792a1,688729.SH,屹唐股份,2024-06-15,4,0.8411300182342529
f583fb502f73fe69af480758,001222.SZ,源飞宠物,2024-06-30,1,1.0180449485778809
b0249b17e83b59f3ceb62dda,001226.SZ,拓山重工,2024-06-30,2,0.9784242510795593
4ffda5bad6779bd0348938dc,001231.SZ,农心科技,2024-06-15,3,0.9752786159515381
f30caa69707df20828d04d67,001336.SZ,楚环科技,2024-06-15,2,0.9908142685890198
eb5225e93a4fec0d34dc2696,001338.SZ,永顺泰,2024-06-30,2,1.0126285552978516
b366b8534a635fb3dda2f6ed,300904.SZ,威力传动,2024-06-15,0,0.9924129843711853
61ae39f215bae3421556cba0,301105.SZ,鸿铭股份,2024-06-15,4,0.8795598149299622
101120fcf851c64b607c5b1b,301277.SZ,新天地,2024-06-15,3,0.8797855377197266
f85600412646e38362fbb541,301278.SZ,快可电子,2024-06-15,0,0.7031296491622925
d638a8a4ae56e77665de0c81,301297.SZ,富乐德,2024-06-15,4,0.9375053644180298
9d14f51ab8acf9425775340a,301303.SZ,真兰仪表,2024-06-15,1,1.0247493982315063
8dd553824a2dcf46f5b3bd66,301315.SZ,威士顿,2024-06-15,1,0.9816538095474243
1a2c62ba16f7bba9617f7f3b,301323.SZ,新莱福,2024-06-15,4,0.9880630373954773
f27ac68a969f285e5713b4b2,301337.SZ,亚华电子,2024-06-15,1,0.9613681435585022
63b99e48a34e24981cc6bb39,301360.SZ,荣旗科技,2024-06-15,4,0.8204262852668762
6c7d6eea9c10c32a9e86b8c8,301376.SZ,致欧科技,2024-06-15,1,0.9894880652427673
ea3eebcc3fb7c043825143a9,301377.SZ,鼎泰高科,2024-06-15,4,0.8633648753166199
dd7f01af203693e46de4aa58,301396.SZ,宏景科技,2024-06-15,1,0.8659352660179138
5c87aa55ce22f249a92e4185,301456.SZ,盘古智能,2024-06-15,0,0.7590079307556152
6d20c85eabd4dd89c99ac664,301489.SZ,思泉新材,2024-06-25,4,0.7715960144996643
e02704a23e9def462353e6af,301566.SZ,达利凯普,2024-03-15,4,0.8713827133178711
63451087805686d0736cbdca,603061.SH,金海通,2024-06-15,4,0.9304532408714294
8708e31608b699be5457b15e,603097.SH,江苏华辰,2024-06-15,0,0.6664406657218933
f9c9c81ab55073b7a8e91732,603173.SH,福斯达,2024-06-15,4,0.95745849609375
bdee52de8f711bdac068e203,603272.SH,联翔股份,2024-06-30,2,0.9565799832344055
395b75a2dfb8e505b51f7ca3,688046.SH,药康生物,2024-06-15,3,0.9195989370346069
e1da7aa46f66feba9b1e5ab8,688047.SH,龙芯中科,2024-06-30,4,0.988242506980896
1d40da7e3ce75ea1e8a11057,688115.SH,思林杰,2024-06-30,4,0.8972905874252319
2d90bef591f60d2e594bf3c5,688125.SH,安达智能,2024-06-30,4,0.8197937607765198
c42287f50314b8fc45ac1e17,688213.SH,思特威-W,2024-06-30,4,0.8665351271629333
89ad0196f06efc0b6b022248,688223.SH,晶科能源,2024-06-30,0,0.946963906288147
dd7f313b56c3d20915cd0f20,688231.SH,隆达股份,2024-06-30,2,0.9659104943275452
f4cc58e3d7a7fbfccc7e71bc,688244.SH,永信至诚,2024-03-15,1,0.9060660600662231
aad63d6576393382db12de38,688251.SH,井松智能,2024-06-15,1,1.015015721321106
09edb4f9093d40f5343aef72,688252.SH,天德钰,2024-03-20,4,0.8420764803886414
9f6f4de1c1c0598b0a5d2a43,688270.SH,臻镭科技,2024-06-30,4,0.893489420413971
09dd2600d65d11ebe4421dfc,688273.SH,麦澜德,2024-06-15,3,0.9361621737480164
fcffd63522ad8a6357b5a376,688290.SH,景业智能,2024-06-15,4,0.8510664701461792
a4137a6cff75175aa01f9c0c,688322.SH,奥比中光-UW,2024-06-15,4,0.877363920211792
cbd3d109ce8cae188f1d0392,688326.SH,经纬恒润-W,2024-06-30,4,0.9227992296218872
89dbbc3b485441db47b0e397,688348.SH,昱能科技,2024-06-30,0,0.7167811989784241
814f9d0ee5e40b147f3c2f64,688351.SH,微电生理,2024-06-30,3,0.9634695649147034
a4906ad8f08d94cdf895d417,688353.SH,华盛锂电,2024-06-15,2,0.9090093374252319
c650c03e4ea5ccf98e553f28,688370.SH,丛麟科技,2024-06-15,1,0.9743592739105225
7201945c769854749215bb8f,688420.SH,美腾科技,2024-03-25,4,1.026348352432251
4818fe69eaf12e1f63f8dff6,688455.SH,科捷智能,2024-06-15,1,0.9856743216514587
b38d5d176e1377c13977fc85,688472.SH,阿特斯,2024-03-15,0,0.9186843037605286
a53257241de72a35e1118239,688479.SH,友车科技,2024-06-15,1,0.9569852948188782
35ebe51a3d81f90f96aec805,688485.SH,九州一轨,2024-06-15,4,1.0240576267242432
d018e1f75aebcae2b4a3b9c9,688503.SH,聚和材料,2024-06-15,0,0.8170610666275024
0a0cbba674a9c9850aa048a0,001229.SZ,魅视科技,2024-06-30,4,1.0096752643585205
5f05fbb9fb6b930af667c2f6,001238.SZ,浙江正特,2024-06-15,2,0.9569063782691956
34ac8510d5e2ca3ae7207ddc,001255.SZ,博菲电气,2024-06-30,0,0.6953364610671997
d8ceb4e0c6b6f5ba85377709,001260.SZ,坤泰股份,2024-03-15,4,0.8687414526939392
5b10545c4a4aa6469b083b60,001270.SZ,*ST铖昌,2024-06-30,4,0.8862343430519104
63f6934bc6c2c23844210edd,001300.SZ,三柏硕,2024-06-30,2,0.9927825331687927
364f078c05b21a34c9e2c6ef,001301.SZ,尚太科技,2024-06-30,0,0.9174729585647583
cc4e31c144a461f567a6e3c9,001314.SZ,亿道信息,2024-06-15,4,0.8713033199310303
19781813b946d0765ae2dd3e,001316.SZ,润贝航科,2024-06-30,1,1.030667781829834
c3b9a9292facccae32e176ee,001319.SZ,铭科精技,2024-06-30,4,0.8584492802619934
b1e70bcbc31e4e503b251fb7,001322.SZ,箭牌家居,2024-06-30,1,1.0046061277389526
a2fbe1f95c6f9610efd9a7c6,001331.SZ,胜通能源,2024-06-15,1,0.9644380211830139
f7287012d8f5d7be484c1bad,001339.SZ,智微智能,2024-06-15,4,0.97758948802948
bd825901bea95e7c45e20df0,001366.SZ,播恩集团,2024-04-05,3,1.0150916576385498
ec7c6f8e4db2d26bdfa37fc8,301095.SZ,广立微,2024-06-30,4,0.9464375972747803
4eab1a90cd0da213c86a8ed8,301151.SZ,冠龙节能,2024-06-15,0,0.975396454334259
0dd37ef37da595daef862767,301170.SZ,锡南科技,2024-06-15,4,0.8453171849250793
e558ae9b3b07be9de678f77e,301197.SZ,工大科雅,2024-06-15,1,0.9319848418235779
c7163a753a4eb735bc32325e,301246.SZ,宏源药业,2024-06-15,3,0.8932682871818542
63b2a4fc1aadbc09bc570772,301255.SZ,通力科技,2024-06-15,4,0.8589450716972351
494d72c3e669b9d39578aade,301272.SZ,英华特,2024-06-15,4,0.9223353266716003
b3f000c8efcc8fcb5a3e390e,301273.SZ,瑞晨环保,2024-06-15,4,0.9761256575584412
fbb59b365956d0b9504278ab,301280.SZ,珠城科技,2024-06-15,4,0.7728748321533203
367668b700bdadf5014c2f45,301306.SZ,西测测试,2024-06-30,1,1.0189660787582397
a223177710a8e4d0594afda7,301307.SZ,美利信,2024-06-15,4,0.9290202260017395
d50c392c302fc5f46ddc63ff,301316.SZ,慧博云通,2024-06-15,1,0.8935245871543884
c12585f61bc0bc559253b58c,301329.SZ,信音电子,2024-06-15,4,0.7556030750274658
cbec29eb7f5be4694a1a6a46,301356.SZ,天振股份,2024-06-15,2,0.9365525841712952
d3eb44d51b9e3e8673f419d5,301368.SZ,丰立智能,2024-06-15,4,0.8773141503334045
ef7dbe7a8b7a816f79787055,301369.SZ,联动科技,2024-06-15,4,0.8156910538673401
0852de44bbed4566ad14d498,301386.SZ,未来电器,2024-06-15,0,0.6964858174324036
7cad4558b95f3537153922fc,301388.SZ,欣灵电气,2024-06-15,0,0.7119728922843933
8275fe5bed05a7aa2b88c5ac,301389.SZ,隆扬电子,2024-06-15,4,0.781217634677887
56411548730d56f9880ed159,301397.SZ,溯联股份,2024-06-15,4,0.9121100306510925
b40018fede09c38d8d46d313,301448.SZ,开创电气,2024-06-15,4,0.9407907724380493
1c78cefe4806c0226b3e6dea,301488.SZ,豪恩汽电,2024-06-15,4,0.8217405080795288
0c1b7221579df7f3a507f996,301516.SZ,中远通,2024-06-15,0,0.7383992075920105
d056c8a0267c898dc4ab7ab4,301526.SZ,国际复材,2024-06-15,2,0.9736245274543762
e114bfb9676270a0355f5eff,601089.SH,福元医药,2024-06-30,3,0.7948647737503052
02be49e20382f6a45531a4fd,603057.SH,紫燕食品,2024-06-30,3,0.9606195688247681
60ac161adc0a300cd1effcf4,603151.SH,邦基科技,2024-06-30,3,1.0001271963119507
acc9aa62e7721e07820f0c25,603163.SH,圣晖集成,2024-06-15,1,1.0282821655273438
debec2c65ae2831e9840639b,603170.SH,宝立食品,2024-06-30,3,0.9322106838226318
2b70d3331949b27078e65384,603190.SH,亚通精工,2024-06-30,4,0.903648853302002
47377ad190404690ab139795,603191.SH,望变电气,2024-06-30,0,0.9869867563247681
507203d6ffdb8eb5f9b245d9,603201.SH,常润股份,2024-07-01,4,0.9209148287773132
4d3286d5ba6f5d6f91433aa4,603206.SH,嘉环科技,2024-06-15,1,0.891311764717102
e2ba45f9911319a6aa7176ea,603211.SH,晋拓股份,2024-06-30,4,0.8658739328384399
be7618cd8c4d03a7ad69d8ad,603235.SH,天新药业,2024-06-15,3,0.9097656011581421
898949ebaffa1eebe3e42d2d,603291.SH,联合水务,2024-06-30,1,0.9634608626365662
17627345ffe823fb4831dcc2,001216.SZ,华瓷股份,2024-06-30,2,0.9662918448448181
02ee9df4c288275609dec43d,001333.SZ,光华股份,2024-06-15,2,0.812563955783844
391177a2499438a827d1be21,001400.SZ,江顺科技,2024-06-15,4,0.8764618635177612
d49c86780d1b23598e4a69ff,301176.SZ,逸豪新材,2024-06-30,4,0.9419212937355042
7f254d3c02324c7d249bcbd0,301225.SZ,恒勃股份,2024-06-15,4,0.884280264377594
a75f530d735c13886202e95e,301285.SZ,鸿日达,2024-06-15,4,0.7543790340423584
00de50dd69011b9a2268d1b6,301290.SZ,东星医疗,2024-06-15,3,0.9472958445549011
45258deffc2d8a1147f5a922,301292.SZ,海科新源,2024-06-15,2,0.8840040564537048
35aca45c399791d9280ffb70,301301.SZ,川宁生物,2024-06-30,3,0.9111878871917725
ae58eb8a58bc2eceb8120af9,301305.SZ,朗坤科技,2024-06-15,1,0.9855937957763672
ea36b7b9e47241e6c8d4eb28,301325.SZ,曼恩斯特,2024-06-15,4,0.8217893838882446
bdc41b3f5db12dcc7b799246,301371.SZ,敷尔佳,2024-06-30,1,1.0153013467788696
20570ec16d3e0fba9b553cbf,301378.SZ,通达海,2024-06-15,1,0.8686206340789795
cfc60dc4a6cbbc503316bfa0,301391.SZ,卡莱特,2024-06-15,4,0.9787096977233887
d2a3e1fc57cfed2c3f4dd7dc,301555.SZ,惠柏新材,2024-06-15,2,0.86197829246521
c6ef5be72d1091863df2c2c2,301558.SZ,三态股份,2024-06-30,1,0.9386834502220154
7f30f6fb85e5c512aa956ea2,600941.SH,中国移动,2024-03-25,1,0.9850158095359802
fb13f6094886703c6749bfed,603153.SH,上海建科,2024-06-28,1,0.9795243740081787
70e460932717e38d7cd8d4c7,603255.SH,鼎际得,2024-06-30,2,0.9009211659431458
780465e63610269623a02210,688072.SH,拓荆科技,2024-06-30,4,0.9183067679405212
dad7bc502af8e00b3ca42d85,920010.BJ,凯添燃气,2024-03-15,1,1.017297625541687
03a6913772dcf839786883d3,920021.BJ,流金科技,2024-06-15,1,0.9674407839775085
109653dad2243be3f808f4f3,920039.BJ,国义招标,2024-06-15,1,0.9015987515449524
0e74eea0a8b806b87a06ede0,920077.BJ,吉林碳谷,2024-06-15,2,0.9605523943901062
77451bb1e74d26603eed0c9c,920149.BJ,旭杰科技,2024-06-15,1,0.9336696863174438
0039d6b7baafda13914fe825,920163.BJ,方大新材,2024-06-15,2,0.9518791437149048
04a7a09fcff344bc80139c9c,920167.BJ,同享科技,2024-03-15,2,0.9512016177177429
145b33c23f3869a69f4223dd,920174.BJ,五新隧装,2024-06-15,4,1.007773995399475
1e5b239bd34b6df8547ffc7b,920184.BJ,国源科技,2024-06-15,1,0.8830150961875916
419569ba24b8019286071731,920185.BJ,贝特瑞,2024-06-15,2,0.8949337005615234
50fa4f17a5f0bc2aea460354,920198.BJ,微创光电,2024-06-15,1,0.9974802732467651
8c593a21599a1dc889cb486b,920242.BJ,建邦科技,2024-03-15,4,0.9574482440948486
ccbe6a78601973a829b4a26d,920266.BJ,生物谷,2024-06-15,3,0.9184856414794922
05baa97aea76a92f1e650471,920278.BJ,鹿得医疗,2024-06-15,3,0.9548978209495544
b64f65d7f3ff2c9c04d59a61,920305.BJ,*ST云创,2024-06-15,1,0.875735878944397
b4fadfd7b2b712e6d60bce59,920368.BJ,连城数控,2024-06-15,4,0.903062105178833
1a44449a1d5bf97057024b4e,920370.BJ,新安洁,2024-06-15,1,0.9235466718673706
9f00f19a92f2cb6f3fc8dbb5,920415.BJ,恒拓开源,2024-06-30,1,0.9468188881874084
34ff484d221f1da9d7094a12,920418.BJ,苏轴股份,2024-03-15,4,0.8896870017051697
483d0c25af787bbf32dcd2f9,920445.BJ,龙竹科技,2024-06-15,2,0.9332146644592285
5ff84cb8f7de936be0b1829c,920475.BJ,三友科技,2024-03-15,4,0.9315112829208374
c5de0d6152317ead7e0e0fd7,920489.BJ,佳先股份,2024-03-15,2,0.879299521446228
ae4e0114e090e40352846633,920640.BJ,富士达,2024-06-15,4,0.9441972970962524
3dc13086e1644fdb478de4ee,920682.BJ,球冠电缆,2024-06-15,0,0.7964455485343933
1e579898d409fdd882151a3a,920729.BJ,永顺生物,2024-06-15,3,0.9609878063201904
5b29427c7c9f9ac8bb0277b5,920799.BJ,艾融软件,2024-06-15,1,0.9069626927375793
984382e11582717a9d1bb424,920819.BJ,颖泰生物,2024-06-30,3,0.9765018820762634
7538030e1f9f97abd5b13cc6,920946.BJ,森萱医药,2024-03-15,3,0.9231141209602356
ef84cca8d6598e1f8a5b5ac2,920961.BJ,创远信科,2024-06-30,1,1.0177887678146362
f37b89185db0bc11d6346e87,920964.BJ,润农节水,2024-03-25,1,0.9386334419250488
f2958ccdf9aa7aa82c8f8686,001223.SZ,欧克科技,2024-06-30,4,0.9620042443275452
6cb856d5ff99b37d5e837339,001256.SZ,炜冈科技,2024-06-15,2,1.0258713960647583
e89417d7c8b065f80df7af7a,001376.SZ,百通能源,2024-06-30,1,0.9731695055961609
f85c09135ac6fd68c0bfceb0,301141.SZ,中科磁业,2024-06-15,2,0.9544026255607605
0ae26ee12905563b5e4e6d37,301353.SZ,普莱得,2024-06-15,4,0.8739622831344604
f7cc70e5f6fe0096529600e8,601022.SH,宁波远洋,2024-06-30,1,0.9816601276397705
7020beff269f4fd2feb42af3,601136.SH,首创证券,2024-06-30,1,0.9212011694908142
553800988b4aae02da7a5f63,601868.SH,中国能建,2024-06-30,1,0.9530011415481567
3219530c2adea7078f45e404,603052.SH,可川科技,2024-06-15,4,0.7650436758995056
36e19cfcd9d5031afd95d5ee,603065.SH,宿迁联盛,2024-06-15,2,0.8351666927337646
5b2035e57b2382e0050b005c,603072.SH,天和磁材,2024-06-15,2,0.9761081337928772
7c56e6f275cb8d7e43323f1d,603130.SH,云中马,2024-06-30,2,0.9386525750160217
02528da7c73376e7844378e6,688203.SH,海正生材,2024-06-15,2,0.9272258281707764
c5132f7df0d1d3a09ab554e7,688297.SH,中无人机,2024-06-15,1,1.0098243951797485
a4ed3983dc31e5eecbca620f,688375.SH,国博电子,2024-06-30,4,0.8614255785942078
f13069833ac81ae10910361a,688428.SH,诺诚健华,2024-07-01,3,0.8170953392982483
c73fe818b782ec95fd4e88b4,688615.SH,合合信息,2024-03-20,1,0.9152610898017883
af6177654dea3ac4864ece81,920000.BJ,安徽凤凰,2024-06-15,4,0.9170409440994263
6a262907ac9c85f0ad90e19d,920030.BJ,德众汽车,2024-06-15,1,0.9877771735191345
5d5e9a8e386980daa0f57087,920047.BJ,诺思兰德,2024-03-25,3,0.8423788547515869
4669709faee99a88d0a6ee22,920090.BJ,同辉信息,2024-06-30,1,0.9407848715782166
a10976fd882d81118e3f3aca,920146.BJ,华阳变速,2024-03-15,4,0.9338904023170471
4c910650f3ed8b707aa4f334,920212.BJ,智新电子,2024-06-30,4,0.819647490978241
bf7b25831313734ee7f8e584,920225.BJ,利通科技,2024-06-15,2,1.001017689704895
5a812650c7f10cd024179fa9,920239.BJ,长虹能源,2024-06-15,0,0.8890282511711121
ad9fd67fd8d931f56aee885d,920263.BJ,中航泰达,2024-06-15,1,0.9970632791519165
f0f164303e57508e4f1fb7f0,920275.BJ,驱动力,2024-06-15,3,0.9724287390708923
bd95c9c5c78bf81e9e0c658e,920344.BJ,三元基因,2024-06-15,3,0.8249932527542114
dfe1cd8d1d6eb5ab4523e42b,920396.BJ,常辅股份,2024-06-15,4,0.9409575462341309
6957d41ab031b9cf5ebceeca,920427.BJ,华维设计,2024-03-15,1,0.9384175539016724
70f4aa769049a9aaaf85e3ed,920433.BJ,大唐药业,2024-06-15,3,0.9352433085441589
0e7eb6c8a0a9ea9f58522b90,920508.BJ,殷图网联,2024-06-15,1,0.9610599279403687
fa50071f50f4b33095ac7055,920509.BJ,同惠电子,2024-06-15,4,0.9058036804199219
1fc7b8557f445ca3cf0a06ce,920510.BJ,丰光精密,2024-06-15,4,0.8751317262649536
6194f40c0f4eef75dc788b9f,920523.BJ,德瑞锂电,2024-06-15,0,0.8232068419456482
fed4e91f84e7fcebb9c1f6c0,920553.BJ,凯腾精工,2024-06-15,2,0.9710422158241272
7af708cdc9615d5d2b45b1e3,920566.BJ,梓橦宫,2024-06-15,3,0.8377167582511902
fc74ec89f42a54db36a7add1,920599.BJ,同力股份,2024-06-15,2,1.016165852546692
2cb7d771f392aa0540d6ae14,920642.BJ,通易航天,2024-06-15,4,0.9692524671554565
25e782291a26b8e3a5068d45,920670.BJ,数字人,2024-04-05,1,0.9308096170425415
fdd542bd0c99b76d5e73cd6e,920675.BJ,秉扬科技,2024-06-15,2,0.953434944152832
1277b5899695ec38fbf97523,920726.BJ,朱老六,2024-06-15,3,0.9546113014221191
b40d648f5c33803868ce58e4,920735.BJ,德源药业,2024-06-15,3,0.7924671769142151
e0e2e753b0e62b4e1b77214d,920765.BJ,美之高,2024-04-05,2,0.9817403554916382
b35ef73f013bbbdebbee4029,920768.BJ,拾比佰,2024-03-15,2,0.9530714154243469
d1a73826ba30b114701c6d2f,920826.BJ,盖世食品,2024-06-15,3,0.9674657583236694
238e1ed6e9350700665bbde8,920832.BJ,齐鲁华信,2024-06-15,2,0.8978047370910645
c4a67c1ab883e0d129ca7558,920839.BJ,万通液压,2024-06-15,2,0.983129620552063
8896bbc10e85afe93e21d425,920856.BJ,浩淼科技,2024-03-20,2,0.9713987112045288
987c015111597cc1371dda61,920885.BJ,星辰科技,2024-06-15,4,0.9532848596572876
0881c7876fab0bfb01daf8c5,001225.SZ,和泰机电,2024-06-30,0,0.9254283308982849
0978d8317515794e0b6bf852,001267.SZ,汇绿生态,2024-06-30,1,0.9115111231803894
0f9fa408e606ebba68704b6e,001337.SZ,四川黄金,2024-06-15,2,1.0236036777496338
8050058fba3362cbcecda6c2,001358.SZ,兴欣新材,2024-06-15,2,0.8309144377708435
e68e9e5dac380c37f9969ed4,001368.SZ,通达创智,2024-06-30,4,0.9939905405044556
d9a6efab885e53c7ee1fb655,001388.SZ,信通电子,2024-06-15,0,0.8423022627830505
c99264693f9952f26ae7acc3,301192.SZ,泰祥股份,2024-06-15,4,0.9325382113456726
f9a87bdf9e22539b87585c6a,301202.SZ,朗威股份,2024-06-15,4,0.9908546209335327
51fbdcf75ebd63d0b73326df,301210.SZ,金杨精密,2024-06-15,0,0.7750146389007568
294b60a803fef8e5231a081e,301252.SZ,同星科技,2024-06-15,4,0.8598042726516724
c52e3cc2abe453fd00b12dbf,301287.SZ,康力源,2024-06-15,1,1.0350550413131714
894bb4bc9c122766ce95cbd3,301295.SZ,美硕科技,2024-06-15,0,0.754099428653717
8099af27a95a82c496cb15e0,301321.SZ,翰博高新,2024-06-15,4,0.8400015830993652
0f189a8aa20c970a2a679534,301358.SZ,湖南裕能,2024-06-30,0,0.8726338148117065
049156f345bc619d09a8e19d,301520.SZ,万邦医药,2024-06-15,3,0.9192789196968079
8d531efcbaa54ab2136c5a33,600925.SH,苏能股份,2024-06-30,1,1.0088036060333252
64c581d2f3e007d68482d549,600938.SH,中国海油,2024-06-30,1,0.986390233039856
8a0c2560d542236e3fc9917e,603073.SH,彩蝶实业,2024-06-15,2,0.9415061473846436
1c8eaec8c55f6fabb9d465ec,603281.SH,江瀚新材,2024-06-15,2,0.8717988729476929
7f54eefad19356a1035f0a1f,603307.SH,扬州金泉,2024-06-15,2,0.9995828866958618
1d663c53ffe3e2c3d0bf049d,688035.SH,德邦科技,2024-06-30,4,0.8557223677635193
5c2917193c69cee46dff6c93,688041.SH,海光信息,2024-03-15,4,0.9898582100868225
464d5b86b5c237b5253e333f,688130.SH,晶华微,2024-06-15,4,0.862432599067688
8b5a19726134d699475ffe8b,688205.SH,德科立,2024-03-20,4,0.9743749499320984
0234bc072778e8b6e8e3da5f,688287.SH,*ST观典,2024-06-30,1,0.9717761874198914
9c7530eea7c090c41997ee2d,688291.SH,金橙子,2024-06-30,4,0.948074460029602
6b5fd9bedd4d5cb48d6dac72,688371.SH,菲沃泰,2024-06-15,4,0.8279799818992615
0752d6ccfd4c62bc3f7a8296,688373.SH,盟科药业-U,2024-06-15,3,0.7798957824707031
92e02f6e08ce3e013f75c212,688403.SH,汇成股份,2024-06-30,4,0.855739414691925
374450485c66ff0af47c3cb7,688410.SH,山外山,2024-06-30,3,0.9441341757774353
7d7d391e61537a65a0f2ee12,688416.SH,恒烁股份,2024-06-30,4,0.8941078782081604
f559d1f28f1a80f1b7e68234,688426.SH,康为世纪,2024-03-25,3,0.9181918501853943
e223049812c73d57d44871d4,920089.BJ,禾昌聚合,2024-06-15,2,0.9437116980552673
bc24d52268022db131a98075,920092.BJ,汉鑫科技,2024-06-15,1,0.9371474981307983
91417e8c0e14ab5c0f2be1c4,920145.BJ,恒合股份,2024-03-15,1,0.9897567629814148
b4d7f55792036b1f43d75208,920171.BJ,志晟信息,2024-06-30,1,0.9066577553749084
e2faeef9493878835a31a790,920260.BJ,中寰股份,2024-03-25,0,0.9910351037979126
96d35aadca58fdcc2c9f26b9,920405.BJ,海希通讯,2024-03-15,4,0.9834210276603699
1e5fb988f81b357c7a0a4cba,920419.BJ,路斯股份,2024-03-15,3,1.0102002620697021
c7b8ef7355dd49a7a8193244,920436.BJ,大地电气,2024-03-15,4,0.9051352143287659
9a53f609099dcff9d62165c7,920454.BJ,同心传动,2024-03-15,4,0.9138306379318237
d5d09025326adb5153cc19f9,920533.BJ,骏创科技,2024-06-15,4,0.8806873559951782
1f975b678a849668df9ffe48,920689.BJ,克莱特,2024-04-05,4,0.8905975818634033
e219148b570472fcf3000277,920720.BJ,吉冈精密,2024-06-15,4,0.8977905511856079
0d06a089a5423885b1d2ff90,920873.BJ,中设咨询,2024-06-15,1,0.9326886534690857
80ce90a9b6f3e2fa2b270f9b,920892.BJ,广咨国际,2024-06-15,1,0.898286759853363
c5334fc6a4bb144933fc90d9,920924.BJ,广脉科技,2024-06-30,1,0.9819988012313843
09f5ef9cdbb61ab325ec702a,920925.BJ,锦好医疗,2024-06-30,4,0.9886038899421692
e9a882cda4007df827350842,920932.BJ,科达自控,2024-06-15,1,1.0022071599960327
11d655eb563ac9457d60fc68,920981.BJ,晶赛科技,2024-06-15,4,0.8336052894592285
f7142c9ef854aba63f90572c,001286.SZ,陕西能源,2024-06-30,1,0.9757915735244751
6f4f6882410f3442a9f186f4,001287.SZ,中电港,2024-06-30,4,0.983146607875824
b40c8bf21c8196677a722bb1,301261.SZ,恒工精密,2024-06-30,2,0.951490581035614
8b5e4506f074f6f1b5e382a9,301310.SZ,鑫宏业,2024-06-15,4,0.8258250951766968
370174999b5334dda456d026,301348.SZ,蓝箭电子,2024-06-15,4,0.7925510406494141
e33472f4157758fd34513516,301383.SZ,天键股份,2024-06-15,4,0.8741693496704102
ee3450c995f416ea6a3a205b,301390.SZ,经纬股份,2024-06-15,1,0.9137101173400879
e268f77db76929b5d91af33c,301393.SZ,昊帆生物,2024-06-30,3,0.9484966993331909
9032dcd863ec7448e253e5dd,301510.SZ,固高科技,2024-06-15,4,0.8767212629318237
427c1533843b4291827e2e91,301511.SZ,德福科技,2024-06-15,0,0.9036726355552673
b9aaf0081611150685731c7d,301512.SZ,智信精密,2024-06-15,4,0.7780688405036926
94c403e7c6e5c449dc9cfc38,301515.SZ,港通医疗,2024-06-28,1,1.0028762817382812
adc0ff3bd23dad87cdb6023d,301517.SZ,陕西华达,2024-06-15,4,0.9060992002487183
64ce56c27ec6b11962122060,301525.SZ,儒竞科技,2024-06-15,4,0.9080176949501038
1d4379641d686fdf64586021,301528.SZ,多浦乐,2024-06-15,4,0.9310004711151123
7ddffa4ff022ca5607e983bf,601061.SH,中信金属,2024-03-25,1,1.0051980018615723
a3798a1d4f70454984ad9916,603282.SH,亚光股份,2024-06-15,2,0.9551894664764404
164f83f29b0eb0ec11510d31,603373.SH,安邦护卫,2024-06-15,1,0.9208098649978638
25d3723350aa200144993c34,688031.SH,星环科技-U,2024-04-05,1,0.9348817467689514
d03db26f5b7c7f4b99a9e3c9,688073.SH,毕得医药,2024-04-05,3,0.9144023060798645
ad6893711eabed33873b2334,688184.SH,ST帕瓦,2024-03-25,2,0.9487412571907043
0b57f3417e0df90cd64e848e,688293.SH,奥浦迈,2024-06-15,3,0.8927882313728333
b3fa82857a4530dc410c4fba,688381.SH,帝奥微,2024-06-30,4,0.8425859808921814
e148f149f1dbb7be057ed083,688391.SH,钜泉科技,2024-06-15,4,0.9001696109771729
53d3baf8530600387001e0d7,688409.SH,富创精密,2024-06-30,4,0.9108244180679321
86eb3d06b1b6c6dec7ea232f,688419.SH,耐科装备,2024-03-25,4,0.8299583196640015
785aa5e5261201aac8b49f2a,688439.SH,振华风光,2024-06-15,4,0.9684873223304749
cc83a689225a13e315d281fc,688475.SH,萤石网络,2024-03-25,1,0.9560291171073914
2ef636038fb768ea47727e88,688489.SH,三未信安,2024-03-15,1,1.0167648792266846
97db0c1c98eede2a9215f56d,688506.SH,百利天恒,2024-06-30,3,0.7997596263885498
ad4e59905d9c474c5e1e9d4d,688657.SH,浩辰软件,2024-03-20,1,0.95652174949646
16ec391c1df27f85c060298e,920046.BJ,亿能电力,2024-06-15,0,0.7226047515869141
c7269e59a33f7815b9e3edee,920062.BJ,科润智控,2024-06-30,0,0.967635989189148
b938d842d3c88679d48468dc,920152.BJ,昆工科技,2024-03-15,2,0.9630934596061707
ccbbea5d30d42b0075f54661,920169.BJ,七丰精工,2024-06-15,4,0.9222161173820496
eb4842ad2feb92d5d9ec6645,920179.BJ,凯德石英,2024-06-15,2,0.9782609939575195
b1839f0a48a4fecdf2787849,920204.BJ,沪江材料,2024-06-15,2,0.9291351437568665
89be2f67efb55d4e3811bc7b,920223.BJ,荣亿精密,2024-06-15,4,0.8576163053512573
c3d667046165074d7d9d581e,920245.BJ,威博液压,2024-03-15,4,0.9168100357055664
fc4d1f53a914b123b2b89d96,920299.BJ,灿能电力,2024-06-15,0,0.8623883128166199
fb21dbece10d7f36eced8362,920346.BJ,威贸电子,2024-03-15,4,0.8206538558006287
73dc0536f4c3455b56b2def2,920378.BJ,泰德股份,2024-06-15,4,0.8869707584381104
6d4fc7d1d9ae893cf82271ce,920564.BJ,天润科技,2024-03-20,1,0.9187623262405396
78dfe3b6541c5edc9426afea,920580.BJ,科创新材,2024-06-15,2,0.9609636664390564
7a01609eac64cd40c12888ec,920821.BJ,则成电子,2024-06-15,4,0.7920259237289429
08e1096ac167926b4c930f1c,920834.BJ,三维装备,2024-06-15,1,1.0293774604797363
f2a1b0985ef0b9696af2417a,920857.BJ,泓禧科技,2024-06-15,4,0.8969710469245911
76fee9f3b800c347846c015b,920879.BJ,基康技术,2024-06-15,1,1.00568425655365
edcde3674324aaaaf983e55b,920943.BJ,优机股份,2024-06-15,4,0.9269100427627563
5f6df3718f4da82725a02f78,920970.BJ,大禹生物,2024-06-15,3,1.0165809392929077
8b44df30dbadedf041186de9,001367.SZ,海森药业,2024-06-15,3,0.8215765953063965
e3bda95df10214687b5d01da,301203.SZ,国泰环保,2024-06-15,1,0.9465566873550415
f195811dd1d8c461e699c810,301291.SZ,明阳电气,2024-06-15,0,0.6898379325866699
0811bb57c56a86ae5c1186d9,301392.SZ,汇成真空,2024-06-15,4,0.833914041519165
65e761751bcd1931d2d615d3,301421.SZ,波长光电,2024-06-15,4,0.7886053919792175
09f66f71dc0bfeb8612f600a,301459.SZ,丰茂股份,2024-06-15,4,0.8491183519363403
b2dcc03b888d094fdf1f8da5,301487.SZ,盟固利,2024-06-15,2,0.9293509125709534
3345381b4ea0d1522df892f5,301498.SZ,乖宝宠物,2024-06-30,1,1.010263442993164
3675a46f80319830576de4fa,301499.SZ,维科精密,2024-06-15,4,0.7833266854286194
16f604ed0c45b9f64423baab,301507.SZ,民生健康,2024-06-15,3,0.8843730688095093
e2aea0674e5c762a82d64dbe,301509.SZ,金凯生科,2024-06-15,3,0.9332565069198608
ee24caf1615ddc2de30f187d,301533.SZ,威马农机,2024-06-15,1,1.0235844850540161
f92ad2acc78438be47fdbd33,301548.SZ,崇德科技,2024-06-15,4,0.9225855469703674
35681264b98498fc5d27c43b,301550.SZ,斯菱智驱,2024-06-15,4,0.8075615763664246
ddba5de8b0d5390c7f00c66c,301559.SZ,中集环科,2024-06-15,2,0.9979987144470215
e3a13dd1c8b7f69cbc88c7df,301563.SZ,云汉芯城,2024-06-15,1,1.0201244354248047
4ac258a2ee3feaa98508f923,301577.SZ,美信科技,2024-06-15,4,0.7728069424629211
0a9b10fa882d6667a4cc94df,301578.SZ,辰奕智能,2024-03-15,4,0.980789303779602
27598fb4aa7125ac273a6a06,301589.SZ,诺瓦星云,2024-06-30,4,1.0145926475524902
11ed963fb78153fef06ec60b,301632.SZ,广东建科,2024-04-05,1,0.9634750485420227
0180ce63dd49413960a3d618,601065.SH,江盐集团,2024-03-20,2,0.9568560719490051
dfa3a590c29f7bcb57cfeba8,603125.SH,常青科技,2024-06-15,2,0.8358205556869507
dbb39ce0f1a027e8c2b2dc87,603135.SH,中重科技,2024-06-15,2,0.9808087348937988
c1d7a1762625d85c46e458d8,688061.SH,灿瑞科技,2024-03-15,4,0.8148049712181091
b2a4b8b399c1ebda7e0ecf79,688084.SH,晶品特装,2024-06-30,1,0.9907546043395996
8386bc4807a76ec519ea1f66,688137.SH,近岸蛋白,2024-06-15,3,0.9063470959663391
093fba199d42054604ea0bcf,688143.SH,长盈通,2024-06-30,4,0.9373044967651367
03a7215afa2b749ffe4d4b52,688152.SH,麒麟信安,2024-06-30,1,0.9583147764205933
8caeddfae3179943c68bee90,688271.SH,联影医疗,2024-06-30,3,0.970268189907074
8d9e31417f66858ed4572633,688361.SH,中科飞测,2024-06-30,4,0.8404212594032288
3379f597103de87c24741809,688372.SH,伟测科技,2024-06-15,4,0.9040817618370056
f8116657f338f6902962a9f7,688387.SH,信科移动-U,2024-06-30,1,1.0022337436676025
ed42a72b7e233bff66ae4f6e,688392.SH,骄成超声,2024-06-15,4,0.8008210062980652
403f5d6b1d82debca7ed2481,688432.SH,有研硅,2024-06-15,4,0.9152930974960327
50faaf86326ccabf79c233c5,688435.SH,英方软件,2024-03-15,1,0.9259265065193176
13344577d33a71a24352025a,688448.SH,磁谷科技,2024-03-15,4,0.9200678467750549
a2e1eed1c670e23f181bbdea,688459.SH,哈铁科技,2024-06-15,1,1.0070830583572388
f63357b8e9add683bf408dc7,688480.SH,赛恩斯,2024-03-25,2,1.0026874542236328
44f32f03d51be120ec206560,688496.SH,清越科技,2024-03-25,4,0.7848260402679443
30094dac5cf0f4bfa9891031,688702.SH,盛科通信-U,2024-06-30,4,0.9304316639900208
1484f65bf5fe9927f8586521,920130.BJ,立方控股,2024-06-15,1,1.0198047161102295
5ebf1a6c1a5ed6118d10742e,920267.BJ,鑫汇科,2024-04-05,4,0.8299236297607422
997df1809783d83b155e3d59,920271.BJ,邦德股份,2024-06-15,4,0.8728280067443848
44c3e8f549f74e0df60f7bf6,920395.BJ,朗鸿科技,2024-06-15,4,0.931333065032959
0ddd797c7c71f9eae05420ee,920402.BJ,硅烷科技,2024-03-15,2,0.9245132803916931
c63310033e7f1b44c7fe2ab3,920491.BJ,奥迪威,2024-06-15,4,0.7947990298271179
0daa63057eaa1a61ab058126,920639.BJ,晨光电缆,2024-06-15,0,0.8223500847816467
1d3293921fb3cf49d378d380,920790.BJ,联迪信息,2024-06-15,1,0.8918470740318298
e5473c0e20b0c804e0ec6fe6,920870.BJ,恒进感应,2024-06-15,4,0.9855337142944336
979930ef7e8eefd745c0e82c,920871.BJ,派特尔,2024-06-15,2,0.973077118396759
c01a93f572f2e44bcdd94de0,001278.SZ,一彬科技,2024-06-30,4,0.9170988202095032
394173b3f61367162b25ea11,001282.SZ,三联锻造,2024-06-15,4,0.8982861042022705
626517b68196406cffd98a78,001289.SZ,龙源电力,2024-06-30,1,0.9863163828849792
f3584cf8290670ab2ce26343,001306.SZ,夏厦精密,2024-06-30,4,0.8656575083732605
ca7b73f240f9cf2677185c61,001324.SZ,长青科技,2024-06-15,4,0.9692887663841248
080c5373180ad8973dca730b,001360.SZ,南矿集团,2024-06-15,2,0.9842015504837036
a9cbe538c5c4a7a77e7eb7e6,001373.SZ,翔腾新材,2024-06-15,4,0.9069772362709045
08e9501d242918d6182acbf8,001378.SZ,德冠新材,2024-06-30,2,0.9149846434593201
e8f5bcded7325024cb4a2500,001380.SZ,华纬科技,2024-06-15,4,0.8482714891433716
23b21f79cc8b82347696c2e6,001386.SZ,马可波罗,2024-06-30,2,0.9409587979316711
d37a7c767ede19e8c9d3b855,300784.SZ,利安科技,2024-06-15,1,1.0079536437988281
489071ffe44a7d3454d12d80,301508.SZ,中机认检,2024-06-15,1,0.9662863612174988
07ea0390a51398a19b9deb2b,301518.SZ,长华化学,2024-06-15,2,0.8357433676719666
11f35c9dc137ed32082e063b,301529.SZ,福赛科技,2024-06-15,4,0.9285938739776611
231f5d879ae6bb6536c6ef5e,301535.SZ,浙江华远,2024-06-15,4,0.8413796424865723
3a82c856a3e4dcb10ea52414,301539.SZ,宏鑫科技,2024-06-15,4,0.8440030813217163
619098a2d5fb44396db96b89,301568.SZ,思泰克,2024-06-15,4,0.8632632493972778
e9ecdcbeb08dfac2164be760,301580.SZ,爱迪特,2024-06-15,4,0.986052930355072
28ac20573fa4e1b6a3e4b15a,301588.SZ,美新科技,2024-06-15,2,0.9445239901542664
f82bbc57510d18e6ddbfff7b,301598.SZ,博科测试,2024-06-15,4,0.8868536353111267
a84c457336d69426dd09b41b,601133.SH,柏诚股份,2024-04-05,1,0.9807824492454529
ac1ea98edd8e6684c7a8703e,603120.SH,肯特催化,2024-06-15,2,0.835656464099884
6f4c012545fe640f005cd410,603137.SH,恒尚节能,2024-06-15,1,1.0196161270141602
dfb9541277fa1c42a1ca656d,603172.SH,万丰股份,2024-06-15,2,0.9411886930465698
79570fe36e473a27b6ef7dd4,603193.SH,润本股份,2024-06-30,1,1.003732442855835
c28097e76712d6b81678ac3d,603276.SH,恒兴新材,2024-06-15,2,0.8215067386627197
2c29224304b68b9514426e8b,688141.SH,杰华特,2024-03-15,4,0.8288369178771973
a87ddbd9235a356a565c3821,688172.SH,燕东微,2024-03-25,4,0.8257359266281128
cbed32ac302864e2731ffa8b,688275.SH,万润新能,2024-06-30,0,0.8766219615936279
358776798473c7d97ba3da13,688352.SH,颀中科技,2024-06-30,4,0.8616557121276855
9348937ce6c3eeda95228a76,688478.SH,晶升股份,2024-03-25,4,0.8945474028587341
7c725d2fef15521644f10c1a,688498.SH,源杰科技,2024-06-30,4,0.9282134175300598
cd2d66abcb926f7ae3b9940d,688512.SH,慧智微-U,2024-06-30,4,0.878752589225769
7791bd6b1fe3a152dafcf64b,688525.SH,佰维存储,2024-06-30,4,0.8655293583869934
64de6703ddae808c876cb2f1,688549.SH,中巨芯-U,2024-03-25,4,0.9231469035148621
a6a1f94afd6dbcef45db78ae,688709.SH,成都华微,2024-06-15,4,0.9160987734794617
13d48bfc05ae7d265789e48c,920110.BJ,雷特科技,2024-06-15,0,0.8380762934684753
5891e870c4dc24c62ffb2e14,920122.BJ,中纺标,2024-06-15,1,0.9903576970100403
39ef176629f1544bb50f5b67,920207.BJ,众诚科技,2024-03-15,1,0.8990898728370667
49566840e317b52751d587d1,920230.BJ,欧康医药,2024-06-15,3,0.8909688591957092
2013f658fff0dfb9ab63475d,920261.BJ,一诺威,2024-06-15,2,0.8676192164421082
a923a4b34b7a6c270f8be69f,920270.BJ,天铭科技,2024-06-15,4,0.8771223425865173
5443d3b84c6ad17ff3376dff,920273.BJ,一致魔芋,2024-06-15,3,0.9226057529449463
a366a1fd5a684fe1738dd234,920367.BJ,新赣江,2024-06-15,3,0.8474141359329224
b7849fc27259b95edd0ecefe,920429.BJ,康比特,2024-06-15,3,0.9011439681053162
85e0dde072bee7d50cbe2087,920575.BJ,康乐卫士,2024-06-15,3,0.8548727035522461
c4b1363dfbac18715cbfafb6,920718.BJ,合肥高科,2024-06-15,4,0.9643918871879578
6d0a4304b6acaed28d6c8c72,920725.BJ,惠丰钻石,2024-06-30,2,0.968254566192627
28114811015a46ddde0770b9,920866.BJ,绿亨科技,2024-03-15,3,0.9538055062294006
2fb6c2cb958daf86114aa983,920985.BJ,海泰新能,2024-06-15,0,0.9212844967842102
2ef0e879874c7014f1caa5d6,001326.SZ,联域股份,2024-06-15,0,0.8828541040420532
a2c8cd16a24f42a4a10f8a24,001328.SZ,登康口腔,2024-04-05,1,0.9978023171424866
3b7900c17927be1c12df0fe2,301501.SZ,恒鑫生活,2024-06-15,2,0.9829288125038147
32dd41b50c22e74aeeca8450,301538.SZ,骏鼎达,2024-06-15,4,0.9099539518356323
bf1f9ba6de0cfb3bd0aba4ba,301552.SZ,科力装备,2024-06-15,2,1.0372189283370972
d5eda517f10db4ce7d874f41,301565.SZ,中仑新材,2024-06-15,2,0.9337008595466614
21324691ca89448392b96d81,301571.SZ,国科天成,2024-06-15,4,0.8324403166770935
7db7a6a2f67d3628a5a44dfc,301586.SZ,佳力奇,2024-06-15,4,0.9667896032333374
719546f38d581ad0b2f267af,301596.SZ,瑞迪智驱,2024-06-15,4,0.8852140307426453
5a661800b8af6db36330a3f5,301601.SZ,惠通科技,2024-06-15,4,0.910118579864502
cbf8b515635729a290bd7d1e,301602.SZ,超研股份,2024-04-05,3,0.9611032605171204
7a133d5274caae8ecb0b9261,301606.SZ,绿联科技,2024-06-15,1,1.004371166229248
52a3e2b9557d1a4790f655a8,301607.SZ,富特科技,2024-03-15,4,0.812215268611908
db0bc725357652a4e16a2680,301608.SZ,博实结,2024-06-15,4,0.9262779355049133
1885c8bb87dddaadf5243140,301616.SZ,浙江华业,2024-04-05,4,0.9516421556472778
804d0c8f9cc97b545f85006c,301617.SZ,博苑股份,2024-04-05,2,0.8860329389572144
d2b1a6afc06248d77e068384,301626.SZ,苏州天脉,2024-06-15,4,0.7552559971809387
eeceab9d036bfc4c96226211,301629.SZ,矽电股份,2024-03-15,4,0.8102931976318359
8436793dabbffe9a99afda6c,301658.SZ,首航新能,2024-06-15,0,0.7416447401046753
630bf2d5bce07f5d19fd06cc,603004.SH,鼎龙科技,2024-06-15,2,0.8526283502578735
b85531ff852c4668b9176054,603119.SH,浙江荣泰,2024-06-15,4,0.8027883172035217
ab946602795a30f1e50f7470,603162.SH,海通发展,2024-06-30,1,0.9844139218330383
4bbbd73b07b463673c094e17,688307.SH,中润光学,2024-06-15,4,0.8209587931632996
053dcea01374fda7ad8bcb7d,688458.SH,美芯晟,2024-06-15,4,0.8564561009407043
919f04fdb602d3619bec5895,688535.SH,华海诚科,2024-06-15,4,0.8173018097877502
deb99d47f8d16373fc024fa8,688562.SH,航天软件,2024-06-30,1,0.9422011971473694
5c6fc8ec9277e5ab700d7b18,688620.SH,安凯微,2024-06-30,4,0.8816452622413635
a87423d15f6042f4622c72ab,688627.SH,精智达,2024-03-15,4,0.8144644498825073
b4370e545f8310d833c91c9f,688671.SH,碧兴物联,2024-03-25,1,0.9655512571334839
a36170dc6a0dd92b76f90089,688693.SH,锴威特,2024-06-15,4,0.8035941123962402
05ffc9bbd7a0b5cc23bfdc1b,688708.SH,佳驰科技,2024-03-15,2,0.9597179889678955
e13e6c06953f28eb4012b130,920017.BJ,星昊医药,2024-06-30,3,0.8130985498428345
499810eb35ebf7e859f99d23,920023.BJ,田野股份,2024-06-15,3,0.9675089716911316
99e80750e5d25cab168150ba,920058.BJ,华洋赛车,2024-06-15,1,1.0302362442016602
e7e68f9b0924133819dbaa2c,920237.BJ,力佳科技,2024-06-15,0,0.8835150599479675
8f3cfac18e662b60e6570d29,920247.BJ,华密新材,2024-03-15,2,0.9925262331962585
f9c785c7dfbe82cb9d9303a2,920476.BJ,海能技术,2024-03-15,4,1.0234061479568481
dd65d44c0bfc28b4fb27f951,920556.BJ,雅达股份,2024-03-15,4,1.0044960975646973
b912bd367f6e601cbdb73eb1,920571.BJ,国航远洋,2024-06-15,1,0.9909647703170776
4057ad6cea650b152bc8ba36,920608.BJ,丰安股份,2024-06-15,4,0.9175050258636475
002febaac74fe9b1bba6633f,920627.BJ,力王股份,2024-06-15,0,0.9100863933563232
6c86c7d0e9e22ee0c9ed843c,920662.BJ,方盛股份,2024-03-15,4,0.9402115345001221
2cd47aca4806ca31ae59a00d,920685.BJ,新芝生物,2024-06-15,3,1.0058106184005737
f5e21fbd66841fc959aef7d2,920753.BJ,天纺标,2024-06-15,1,0.9928234219551086
f58c2cf86f3f72a494fe7abb,920876.BJ,慧为智能,2024-06-30,4,0.9213196039199829
80ecc1db8050a209c512a202,920895.BJ,花溪科技,2024-06-15,2,1.026585340499878
c1da214923e90ce00b9ddaba,920914.BJ,远航精密,2024-06-15,4,0.9299816489219666
fb1cc353fd63a816f4c35d40,920971.BJ,天马新材,2024-06-30,2,0.9157758355140686
c0963330a6839b686f79c205,920974.BJ,凯大催化,2024-06-15,2,0.8602662086486816
1a519efadc605abf427edb63,920982.BJ,锦波生物,2024-06-15,3,0.9091317057609558
53b25c6e5fa5352207c6490d,001279.SZ,强邦新材,2024-06-30,2,0.9386289119720459
c1bb88b64cb50ffd18206527,001395.SZ,亚联机械,2024-06-15,1,1.0111294984817505
57955a44c232255c4c14a179,301251.SZ,威尔高,2024-06-15,4,0.8753920793533325
3278082e06d0a03b0c829194,301502.SZ,华阳智能,2024-06-15,0,0.790996789932251
c0a4fd552de9e71037b3c0cf,301536.SZ,星宸科技,2024-06-15,4,0.9212051630020142
4b309d22d903f3756be800a0,301556.SZ,托普云农,2024-06-15,1,0.9182822108268738
6ee51c81a9b344443af68576,301575.SZ,艾芬达,2024-06-15,2,0.9924998879432678
634665d7cdc941182c3da0f7,301603.SZ,乔锋智能,2024-06-15,4,0.9626370668411255
844fd9caafd68ff7ca2cab06,301628.SZ,强达电路,2024-04-05,4,0.7847711443901062
f4bd7cc6d2d514cdb384fec7,301631.SZ,壹连科技,2024-06-15,4,0.7997351288795471
3c9efddb204b2942715e898e,301662.SZ,宏工科技,2024-06-15,4,0.8850993514060974
a00c67bd86cc3a76c6adeef5,301678.SZ,新恒汇,2024-06-15,4,0.8687229752540588
96c3377f1e5be82c843fc424,601096.SH,宏盛华源,2024-06-30,2,1.014109492301941
b70930b12a008319484e0f6a,603075.SH,热威股份,2024-06-15,4,0.8919763565063477
11521d1c108ed445428b88e4,603205.SH,健尔康,2024-04-05,3,0.8826833367347717
0fdac0765ca3c4c717eb55f2,603273.SH,天元智能,2024-06-15,2,0.9515371918678284
6ed171164035118d775cab94,603275.SH,众辰科技,2024-06-15,4,0.9145098924636841
ead830d9350e2772413ec5f7,603310.SH,巍华新材,2024-06-30,2,0.858973503112793
1666697549dfe248f36315d6,603350.SH,安乃达,2024-06-15,0,0.7734477519989014
08a54799da9a0bfbac8230f5,688146.SH,中船特气,2024-06-30,4,0.983275830745697
e596b91ae56522c2a8e61e67,688429.SH,时创能源,2024-03-15,0,0.817551851272583
cc4cd57dc561ab6cc047c442,688443.SH,智翔金泰-U,2024-04-05,3,0.8609910011291504
776e17c8c8fae854fc284907,688484.SH,南芯科技,2024-03-15,4,0.8389071226119995
3a081eb67ec12562e7253a50,688523.SH,航天环宇,2024-06-15,4,0.9988994002342224
c247f840bcd7d823b1ab6ef0,688531.SH,日联科技,2024-06-15,4,0.8058873414993286
7d37934eca743986dd0f367b,688543.SH,国科军工,2024-06-30,4,0.9744380116462708
da6323f022aafa32eb3f14f0,688563.SH,航材股份,2024-06-30,2,0.9663387537002563
5ae244372dc2927baf7fcc27,688570.SH,天玛智控,2024-06-30,4,0.9938691258430481
3112a54edb00f5f7bc84eaac,688576.SH,西山科技,2024-06-30,4,1.0083354711532593
4f8370ce76a4c91faedb9ae2,688582.SH,芯动联科,2024-06-30,4,0.8630855679512024
a653af3288e27b75690db473,688610.SH,埃科光电,2024-06-15,4,0.9136483073234558
7c4cd94d9b93081e39fece8e,688612.SH,威迈斯,2024-03-25,4,0.8171775937080383
a6919318b9f34249cb722420,688623.SH,双元科技,2024-06-15,4,0.8626572489738464
f56bab813cbc88a85af4b613,688631.SH,莱斯信息,2024-03-15,1,0.9204118847846985
d5f1db359aa62b6f7029fc95,688646.SH,ST逸飞,2024-04-05,4,0.8974817395210266
e6ff5d4972e365c384abf429,920087.BJ,秋乐种业,2024-06-15,1,1.0122978687286377
822ff0993fd4230cb4c904f5,920139.BJ,华岭股份,2024-06-28,4,0.9324654340744019
85a5fc44d7c0d70c136e5708,920195.BJ,三祥科技,2024-06-15,4,0.8551493287086487
0ab65dce994fd0e8636304b4,920199.BJ,倍益康,2024-06-15,1,0.9948941469192505
9f5ee6a421e16acae7360248,920252.BJ,天宏锂电,2024-03-20,0,0.86182701587677
c0ec22fe171bb014635834da,920374.BJ,云里物里,2024-06-15,4,0.9871838092803955
21101f06465ce502d594da31,920422.BJ,润普食品,2024-03-25,3,0.9529018402099609
7865b98b8c3dcb4b7582e05b,920527.BJ,夜光明,2024-06-30,2,0.9026515483856201
cae796dfe82977b77ce29cc9,920641.BJ,格利尔,2024-06-15,4,0.9692482352256775
47089e0c3e7928032720bac7,920802.BJ,保丽洁,2024-06-15,2,1.0043604373931885
675e5b90e3038f42b3c70725,920808.BJ,曙光数创,2024-06-15,1,1.0151690244674683
d23aa1f5854d4ed66ed79d92,920855.BJ,浙江大农,2024-06-15,1,1.0301601886749268
54c80dfd6a8522e554169691,920906.BJ,舜宇精工,2024-06-15,4,0.8454391956329346
7c34e090d287372720f41596,920942.BJ,恒立钻具,2024-06-15,2,0.9953988194465637
5b2085d8ff9d52a147b3f3fc,920957.BJ,汉维科技,2024-06-15,2,0.8836680054664612
50d2cf8d33db7261e839a7c2,301446.SZ,福事特,2024-06-15,4,0.958393931388855
95dbade06c9879e8a8353a09,301522.SZ,上大股份,2024-06-15,1,1.0097793340682983
8eecd5f9a7c3d54fde3f8b21,301557.SZ,常友科技,2024-06-28,0,0.7650594115257263
4c41713e840ac114f64e9816,301584.SZ,建发致新,2024-03-20,1,0.9766654372215271
a7a35a841b1a4bf5a6f752bc,301592.SZ,六九一二,2024-06-15,1,1.0040817260742188
8d7bddf459e4586bab7451a8,301611.SZ,珂玛科技,2024-06-15,4,0.866273045539856
35aa9117d6382f42e350bc2c,301618.SZ,长联科技,2026-04-15,2,0.955875813961029
83d482bc95f7760df00946ad,301630.SZ,同宇新材,2024-06-15,2,0.9094878435134888
56d493a31af1aa9627e13694,688433.SH,华曙高科,2024-06-15,4,0.8917970657348633
c881382c6fbf048cca48c34b,688507.SH,索辰科技,2024-06-30,1,1.0057907104492188
a28dd48ddbecfd9c16b784d5,688515.SH,裕太微-U,2024-03-15,4,0.8370653986930847
b8dca8b868314fe6fb24e272,688552.SH,航天南湖,2024-06-15,1,1.0142502784729004
9a7902738b7c9d68177d6040,688573.SH,信宇人,2024-06-15,4,0.8286582231521606
d118f30af8846d2338888ba7,688592.SH,司南导航,2024-06-15,4,0.9793111085891724
59625d806e43c18ac4bdb3a3,688593.SH,新相微,2024-06-15,4,0.8364928960800171
140a6da2f1452eabd3088e4a,688629.SH,华丰科技,2024-03-25,4,0.8515962958335876
b93dffd85b8bdfe10372bb8e,688638.SH,誉辰智能,2024-06-15,4,0.8376994729042053
3a09266a2fa65d0fdea65574,688651.SH,盛邦安全,2024-03-15,1,0.9238364696502686
aa624fac9337dd968e43e964,688692.SH,达梦数据,2024-03-15,1,0.9271014928817749
9f7424d8399537c6688f933b,688695.SH,中创股份,2024-06-15,1,0.941413402557373
e97714e215d630b6d956ca42,688759.SH,必贝特-U,2024-06-15,3,0.8313611745834351
c72db17c40b178744029f6ef,920014.BJ,特瑞斯,2024-06-15,0,0.9984126687049866
f1e6a79361676b20eaf25b14,920033.BJ,康普化学,2024-06-15,2,0.9257156252861023
52bd5540993f0f9087a98a26,920057.BJ,百甲科技,2024-03-28,1,1.0226534605026245
79b04824fec1febdc3894489,920075.BJ,柏星龙,2024-06-15,2,1.0208579301834106
dd35214e39bfddaf1d8a3522,920190.BJ,雷神科技,2024-06-15,1,1.0145137310028076
3e7e48c793946a816399d085,920208.BJ,青矩技术,2024-06-15,1,0.905788004398346
40689d439567032358a9499e,920227.BJ,美登科技,2024-06-15,4,0.9452695846557617
38ab3c4fabaa8af2acbfc543,920249.BJ,利尔达,2024-03-15,4,0.930305540561676
0449df4762e433007b8d8b25,920262.BJ,太湖雪,2024-06-15,2,1.0101805925369263
31044cf66298a23e3c3d12db,920300.BJ,辰光医疗,2024-06-15,4,0.988662600517273
f66ca089b852cf45119d5066,920339.BJ,恒太照明,2024-06-15,2,1.032378911972046
ff0ed4495a66f554acd50da4,920351.BJ,华光源海,2024-06-15,1,0.9590675234794617
793710725b160998c715fef7,920371.BJ,欧福蛋业,2024-06-30,3,0.913930356502533
85576633fcac5b7a42d61019,920392.BJ,佳合科技,2024-06-15,2,1.0220282077789307
24576e6acf2242a5bb92f413,920414.BJ,欧普泰,2024-06-15,4,0.9382529258728027
1742747030d6a045e62f43e1,920478.BJ,峆一药业,2024-03-15,3,0.8398197889328003
32f20edf171194e7722bb12b,920493.BJ,并行科技,2024-06-15,1,0.9668031930923462
565953fcf3a070a925478812,920526.BJ,凯华材料,2024-04-05,2,0.9361328482627869
06ca43c9c178f8a5de184e12,920541.BJ,铁大科技,2024-06-15,1,0.9982019662857056
aaabb6d6bbe0a531ff692542,920579.BJ,机科股份,2024-06-15,4,1.0014994144439697
43f6e08e4fb35a714aeba539,920634.BJ,新威凌,2024-03-15,2,0.9799736738204956
813442322624684dd98dd5ec,920663.BJ,明阳科技,2024-04-05,4,0.8700700998306274
cc2bd9b39e0327e5d9c39271,920748.BJ,路桥信息,2024-06-15,1,0.9364437460899353
23fe85ab0a94359c585a2524,920770.BJ,艾能聚,2024-06-15,1,0.9446166753768921
57a3876baca23975019b1efd,920781.BJ,瑞奇智造,2024-06-15,4,0.9720354080200195
5eb10eeb2a3c611cbb3df517,920792.BJ,东和新材,2024-06-15,2,0.9597321152687073
bbe31f829ba6b4002a506de0,920810.BJ,春光智能,2024-06-15,4,0.938832700252533
87e7cbba8f00829fc765923f,920950.BJ,迅安科技,2024-06-15,4,0.84174644947052
a9b00d1445d1c972e1a98be2,920992.BJ,中科美菱,2024-06-15,3,0.9580975770950317
36d5a4e809556ccf3bea90e1,001221.SZ,悍高集团,2024-06-15,2,0.9624695181846619
b6b87e91b999404f54f0e699,001239.SZ,永达股份,2024-06-28,2,0.9726516008377075
f64fe9686060b7e180509319,001277.SZ,速达股份,2024-06-15,0,1.020020604133606
5496b993f15f9990f22ff5fb,001356.SZ,富岭股份,2024-07-01,2,0.9659599661827087
5b45fa94a631b81e60dfb5c8,001359.SZ,平安电工,2024-06-15,2,0.9585382342338562
f875d2df9d58944b7649ae42,001369.SZ,双欣材料,2024-06-15,2,0.9629251956939697
50fd208542255f0db05b58e9,001379.SZ,腾达科技,2024-06-15,4,0.9271571040153503
482857dc12e062441712f33b,001389.SZ,广合科技,2024-06-15,4,0.825669527053833
9a936412519685c17a49cb5e,001390.SZ,古麒绒材,2024-06-15,2,0.9512130618095398
79855d3337ef53b35bc558c4,301560.SZ,众捷汽车,2024-06-15,4,0.8037389516830444
e39f0f534433929e6dcdf5b3,301600.SZ,慧翰股份,2024-06-15,4,0.9688555002212524
e843afe1d84c137b44b1301c,301622.SZ,英思特,2024-04-05,4,0.991271436214447
98588a65815aeebfa2466628,600930.SH,华电新能,2024-03-25,1,0.9767281413078308
4bd7dd4364f488a2a926a191,603082.SH,北自科技,2024-06-15,1,1.0118550062179565
2dfd6f8e13d7d8ba74a7dbe1,603124.SH,江南新材,2024-06-15,2,0.9833736419677734
4e805267de7088121cb1db5c,603194.SH,中力股份,2024-07-01,2,1.037481427192688
be684257fa953e614d09254d,603207.SH,小方制药,2024-06-15,3,0.8001174926757812
1ddfa9ba22694095b17be355,603231.SH,索宝蛋白,2024-06-15,3,0.9340622425079346
aaa4f42625860c927b05bd9a,603257.SH,中国瑞林,2024-06-15,2,1.0034416913986206
43999342d31a53496744fe8f,603270.SH,金帝股份,2024-06-30,4,0.9032479524612427
c5b9de534da107ba73bd4780,603271.SH,永杰新材,2024-06-15,2,0.9463865756988525
cafea41f50e414354d1d8fca,603285.SH,键邦股份,2024-06-15,2,0.838809072971344
de5fd683ef9b5208fbe417a5,603296.SH,华勤技术,2024-06-15,4,0.8601558208465576
cc07795a45f62be80e5c0f99,603344.SH,星德胜,2024-06-15,0,0.7147766351699829
c3ff6d4e1d17fda49ae94a8b,603375.SH,盛景微,2024-06-15,4,0.946341335773468
36f71d9a93bf86a0c9525793,603391.SH,力聚热能,2024-04-05,2,1.0165876150131226
5a64ca86de97813c1f013d32,603395.SH,红四方,2024-06-15,2,0.9858903288841248
17be6b4a3706408f3e474c96,688334.SH,西高院,2024-06-15,0,0.9338627457618713
ddcd94e5793c73b5d5d450cc,688450.SH,光格科技,2024-03-20,4,1.0131725072860718
5859656ab398b31aa1a6c2c4,688469.SH,芯联集成-U,2024-03-25,4,0.8280657529830933
2079a61db696e50673a993b1,688539.SH,高华科技,2024-06-15,4,0.9084187150001526
2344ad70f8f38f297f1d186c,688591.SH,泰凌微,2024-06-15,4,0.8882103562355042
35abfbada35642c1d6db0465,688603.SH,天承科技,2024-06-15,4,0.9091472029685974
97edc0d7ca9ce55078039f2f,688648.SH,中邮科技,2024-06-15,1,1.008182406425476
117c5af782b283a395930231,688717.SH,艾罗能源,2024-06-15,0,0.8614120483398438
47a0f7a8b1ff64b6e4b0ec24,920001.BJ,纬达光电,2024-06-30,4,0.8288859128952026
bc04ba9b2812e7ffdef635c5,920221.BJ,易实精密,2024-06-15,4,0.8312230706214905
c6d726808a5c7f86fef0018f,920357.BJ,雅葆轩,2024-06-15,4,0.8649864196777344
3ef7b4853f665e0b2355e4fe,920394.BJ,民士达,2024-06-15,2,0.9646491408348083
f8df8f28bac50c9e61160177,920407.BJ,驰诚股份,2024-03-15,4,0.980627179145813
f068ac4adae3a9c9a32ee37c,920425.BJ,乐创技术,2024-03-20,4,0.8902831077575684
17d1d7f170158e7372df412f,920455.BJ,汇隆活塞,2024-06-15,4,0.9496690034866333
d7a88859a17a68367ef8710b,920471.BJ,美邦科技,2024-03-15,2,0.9420220851898193
6dd18dfb61858a7c5bd62243,920505.BJ,九菱科技,2024-06-15,4,0.8919239044189453
818a75c2f4e4b383002728e9,920592.BJ,华信永道,2024-06-15,1,0.8870444297790527
6dedfea9cfe639206cb1012a,920694.BJ,中裕科技,2024-03-15,2,0.9517426490783691
7ba6c4cd71ca59e85eb0e7c2,920779.BJ,武汉蓝电,2024-06-15,4,0.9480652809143066
8a8615be02caeecff6ded234,920786.BJ,骑士乳业,2024-06-15,1,1.003237247467041
754349dd6e0dfa2d5c207a68,920807.BJ,奔朗新材,2024-06-30,4,0.9288949370384216
4e9b006c37d6c1ffdcef3677,920837.BJ,华原股份,2024-06-15,4,0.9705604910850525
12dbe393103c37d335673a83,001335.SZ,信凯科技,2024-06-15,2,0.8700413107872009
0353a363c4aa380cf905334a,001387.SZ,雪祺电气,2024-06-15,2,1.0299357175827026
5ed22b5e157cd8f3cb9f8eec,301458.SZ,钧崴电子,2024-06-15,4,0.7623503804206848
b728d21cd9318eb365b1cadf,301585.SZ,蓝宇股份,2024-06-15,2,0.9568970799446106
1960328fa641d0e5f3682fa3,301590.SZ,优优绿能,2024-06-15,0,0.731618344783783
747e83c8ba99340f91192941,301595.SZ,太力科技,2024-06-15,2,1.0273813009262085
52d8698d3c91217fbc078abb,301613.SZ,新铝时代,2024-06-15,4,0.9280152320861816
89da86260ca113f7901a009f,601033.SH,永兴股份,2024-06-15,2,0.918302059173584
dab97e6acf94b808bfc9e2dc,603062.SH,麦加芯彩,2024-06-15,2,0.9501021504402161
cd2d4d314242f7897db85605,603091.SH,众鑫股份,2024-06-15,2,0.8907876014709473
0432e1e12ea5384b88a80161,688347.SH,华虹公司,2024-06-30,4,0.8405116200447083
b11ebee549ca3112ce422497,688449.SH,联芸科技,2024-03-25,1,1.0404256582260132
c0a082ee99979712daec9603,688530.SH,欧莱新材,2024-06-15,4,0.8951968550682068
c3973d8c955b1b01634aab45,688548.SH,广钢气体,2024-06-30,2,0.9285951852798462
4561e8a39e877ecd8b1b254c,688652.SH,京仪装备,2024-03-25,4,0.832948625087738
4349cefcd62f78ab0c526d8f,688653.SH,康希通信,2024-06-15,4,0.8703895807266235
d5c1f5e081c84ebe98030924,688691.SH,灿芯股份,2024-06-30,4,0.9391612410545349
24fde65b3df27708aebd66db,688710.SH,益诺思,2024-06-15,3,0.9172080159187317
b62b4a5e6f47047e0373f4fe,688719.SH,爱科赛博,2024-03-25,0,0.8789415955543518
75a99cba8094acb12cd98148,688720.SH,艾森股份,2024-06-15,4,0.8519337177276611
09eb3429b20f9e4c1cd53312,688758.SH,赛分科技,2024-06-15,2,0.9449169635772705
024fd80278c12c1c0684a018,688765.SH,禾元生物-U,2024-06-15,3,0.8341516256332397
9ec3d87403565ebb5b4a14ff,920006.BJ,晟楠科技,2024-06-15,4,0.9360857605934143
16ffb42eeccd81ffdc587eea,920016.BJ,中草香料,2024-06-15,2,1.0118625164031982
33a00aebe9f1ba66e5ed562c,920099.BJ,瑞华技术,2024-06-15,1,1.013514518737793
80c5dc14c8dfbe5d89b32eb9,920175.BJ,东方碳素,2024-06-15,2,0.9006721377372742
98a4904726e4702d76e1df0d,920274.BJ,宏裕包材,2024-06-15,2,0.9582158327102661
3dbf7b1cce5c084398b5adef,920284.BJ,灵鸽科技,2024-06-15,4,0.8992910981178284
fd42a2e253e18065e9af0e91,920304.BJ,迪尔化工,2024-06-15,2,0.8803958296775818
e1c08f8fbd3ed3f1100041ba,920375.BJ,派诺科技,2024-06-15,0,0.8260505795478821
7311ab813e2ce79c8432ca8c,920438.BJ,戈碧迦,2024-04-05,4,0.9502180814743042
18011b56b77c514ed2bfe759,920469.BJ,富恒新材,2024-03-15,2,0.950773298740387
908e101d96f645f476db2673,920496.BJ,许昌智能,2024-03-25,0,0.9127330183982849
2733215e166f4a5a80f78767,920504.BJ,博迅生物,2024-04-05,3,0.9058517217636108
3426be95b720b8c232b432d9,920519.BJ,万德股份,2024-06-15,2,0.9290084838867188
6a79ecf4c54df8b939eb5642,920576.BJ,天力复合,2024-03-20,2,0.9494925737380981
707f8d53ab3564bcaa46e98c,920578.BJ,巨能股份,2024-06-15,4,0.9841924905776978
8d774f921101ec26a8957618,920593.BJ,鼎智科技,2024-06-15,4,0.8558403253555298
2f7e28bbd911923c5e60fe0d,920651.BJ,天罡股份,2024-06-15,1,1.0141834020614624
8cdb91d9575059dc682b634e,920699.BJ,海达尔,2024-04-05,4,0.9266856908798218
27b6ef8fffd343d156e0d578,920701.BJ,豪声电子,2024-06-15,4,0.8017387390136719
842d1619df5eb9ea00baa907,920717.BJ,瑞星股份,2024-06-15,1,0.9841527938842773
afe8cde0a83243b87a21f7fe,920719.BJ,宁新新材,2024-06-15,2,0.8957721590995789
f881094f2c3cd334b5b314fb,920751.BJ,惠同新材,2024-06-15,2,0.940019965171814
7a96d43df26c2f88b4e1033b,920809.BJ,安达科技,2024-06-15,2,0.9781241416931152
b303ac82132b9135e892de9a,920896.BJ,旺成科技,2024-03-25,4,0.9365609288215637
3d44bbdefd8e918cdb2e8182,920926.BJ,鸿智科技,2024-03-25,4,0.9749423265457153
dea0b1cbe86f2b4b48ee13db,920953.BJ,国子软件,2024-06-15,1,0.8940549492835999
ba54cdc733dae2c902a010fc,920976.BJ,视声智能,2024-03-15,4,1.005958080291748
8cb14dba4c72bff617618e06,920978.BJ,开特股份,2024-06-15,4,0.8523381948471069
ab9fc8815f5c57fa84a19228,001233.SZ,海安集团,2024-06-15,4,0.9070107936859131
94b52ea46bca1dd4dd368f4a,001325.SZ,元创股份,2024-06-15,2,0.999413013458252
35c013b12d63292e0c15379e,001382.SZ,新亚电缆,2024-06-15,0,0.7978043556213379
28840dae7cc87e25049c55c0,001391.SZ,国货航,2024-06-15,1,0.9504188299179077
10e0cc01d8564e54ad3470d7,001396.SZ,誉帆科技,2024-06-15,1,0.9780498147010803
bebbee7854f2fdb49a0fa814,301173.SZ,毓恬冠佳,2024-06-30,4,0.8474538326263428
7852b1809ed6214d55a19d0f,301479.SZ,弘景光电,2024-06-15,4,0.789198100566864
428e96b3ac7956bab1860cdb,301581.SZ,黄山谷捷,2024-06-15,4,0.8592376708984375
460272d39582a1dd56c5ef8d,301633.SZ,港迪技术,2024-04-05,4,0.9948635101318359
f3796bc4a823c6a6ca0160da,301636.SZ,泽润新能,2024-04-05,1,1.008090615272522
9578c71a22d87773851080b6,301668.SZ,昊创瑞通,2024-06-15,1,1.0040806531906128
0f790ece4a524dd54d600da8,601026.SH,道生天合,2024-06-15,0,0.8184095621109009
b165b36b7f4b01c6ff653a48,601083.SH,锦江航运,2024-06-15,1,0.9765419960021973
9ecd5216dbeb485e2a719608,603049.SH,中策橡胶,2024-03-25,2,0.9759244322776794
1eae0d57c8e5a5fbe1ff7aa4,603210.SH,泰鸿万立,2024-06-28,4,0.8152579665184021
161762350d84702ed909c736,603248.SH,锡华科技,2024-06-15,1,0.9858842492103577
b544165db778fa2f47d87ef4,603262.SH,技源集团,2024-06-15,3,0.9146201610565186
ba2fe248af9a1a3a8d24a630,603312.SH,西典新能,2024-06-30,0,0.7204136252403259
64fd96d128c6d20ebe46846d,603334.SH,丰倍生物,2024-06-15,2,0.9686726331710815
40d6f621f005ea9dff0ae9be,603341.SH,龙旗科技,2024-04-05,4,0.986530601978302
5df9974b58e1c009c0769865,603370.SH,华新精科,2024-06-15,0,0.7272903919219971
10ec283982b95ed4456841f0,603376.SH,大明电子,2024-06-15,4,0.858491837978363
fd0faac9a218d8d1d267267b,603381.SH,永臻股份,2024-06-15,0,0.8247695565223694
1d3e71b97a903047e35f14aa,603400.SH,华之杰,2024-06-15,4,0.8913511633872986
f5ba4e8c18bf749c080ccc98,603406.SH,天富龙,2024-06-15,2,0.9538110494613647
f3bc6a77bc41e854b9c35879,603409.SH,汇通控股,2024-06-15,4,0.8983985185623169
b7b8c90dd7239f55548b58ce,688411.SH,海博思创,2024-06-30,0,0.7990148663520813
7a106827ca266e9732916801,688545.SH,兴福电子,2024-06-15,4,0.907028079032898
183cead8240aeb6fdf29ad9f,688583.SH,思看科技,2024-06-15,4,0.9415871500968933
6bf1ef73a8ccdb0c76bc3981,688605.SH,先锋精科,2024-06-15,4,0.799029529094696
b53b5feabd14233df80d9ac6,688721.SH,龙图光罩,2024-06-30,4,0.8710632920265198
da49a01559d44013b17e262a,688726.SH,拉普拉斯,2024-06-15,4,0.8162572383880615
0dc8870930d6104eec3eedbe,688757.SH,胜科纳米,2024-06-15,4,1.0169850587844849
ce3371cbd90056bbc900a3d5,688796.SH,百奥赛图,2024-06-15,3,0.9482671618461609
f7504328202309aec7f9b64c,920029.BJ,开发科技,2024-06-15,1,1.0063755512237549
18e026e4386a2307b362d285,920060.BJ,万源通,2024-04-05,4,0.8922408223152161
1fd836fcacfc430bec55eb63,920061.BJ,西磁科技,2024-04-05,4,0.8513752818107605
46175de5c59be194e665cab1,920091.BJ,大鹏工业,2024-06-15,1,1.0095404386520386
98a5f1322222544cd64dca68,920132.BJ,泰鹏智能,2024-06-15,1,0.9800680875778198
d0100e757ad68ec4731b0c03,920363.BJ,莱赛激光,2024-06-15,4,0.922954261302948
646573a63f35e564eef4308d,920403.BJ,康农种业,2024-06-15,1,1.0215662717819214
54893ea78f72955fe45b57bb,920522.BJ,纳科诺尔,2024-06-15,4,0.9260305762290955
83d8b222e25f749dcc3398eb,920547.BJ,无锡晶海,2024-06-15,3,0.8719853758811951
ed47129067d86854841a8ea9,920570.BJ,坤博精工,2024-06-15,4,0.902648389339447
0456efc802b741dbf9a41c3c,920656.BJ,海昇药业,2024-04-05,3,0.8423612713813782
13db752a4c822f532e62229c,920665.BJ,科强股份,2024-06-15,2,0.9929876327514648
5b66b32b2a826c7e78d42cd3,920679.BJ,前进科技,2024-04-05,4,0.9905210733413696
87dd1830c48a8f3774e95671,920690.BJ,捷众科技,2024-06-15,4,0.8186600804328918
a18feafa0e7bd3c907c22615,920693.BJ,阿为特,2024-06-15,4,0.9367502927780151
7b8c5ba5e2664e88be820e19,920703.BJ,广厦环能,2024-06-15,2,0.986598789691925
f2df6355a39f3e4f991f0101,001280.SZ,中国铀业,2024-06-30,1,1.003250241279602
bddfca9e6befb99ba66dfa4a,001285.SZ,瑞立科密,2024-06-15,4,0.8512332439422607
cf63dd1ea723a1e68c2bf0ff,301275.SZ,汉朔科技,2024-06-15,1,0.978615403175354
09a1edc785cb67e2aeea39c2,301449.SZ,天溯计量,2024-06-15,1,0.968754768371582
484fc8f074b1aaddee90a089,301491.SZ,汉桑科技,2024-06-28,4,1.0026432275772095
d79b22bf28f237641c029799,301609.SZ,山大电力,2024-04-05,1,1.0243024826049805
fc8bd255ccbfbb9aed1cdad9,301667.SZ,纳百川,2024-06-15,4,0.8068001866340637
bb633eaedc982b3c6ff658ac,301687.SZ,新广益,2024-04-05,4,0.8811972737312317
5ff6fc0bc6d07a8c9d078d0b,603175.SH,超颖电子,2024-06-15,4,0.8427619338035583
9717ed83084093056d1d4c3f,603202.SH,天有为,2024-06-15,4,0.961574375629425
3d00571487de6ff9dae96bae,603382.SH,海阳科技,2024-06-15,2,0.9450865983963013
6932ae72662156faef217480,688727.SH,恒坤新材,2024-06-15,4,0.9125156402587891
ae7dbe0c6e50648c22447d43,688750.SH,金天钛业,2024-06-15,2,0.9632577896118164
58974ff21d643c0a0ac489d7,688755.SH,汉邦科技,2024-06-15,3,0.9570151567459106
d12eb11e603f6a85bd0eded4,688809.SH,强一股份,2024-06-15,1,1.0099855661392212
03be040e15c19d41c4789071,920002.BJ,万达轴承,2024-03-15,4,0.9939075112342834
d0bd00a86ede52267f5025cf,920003.BJ,中诚咨询,2024-06-15,1,0.9216394424438477
c87a8ed32f0f26fb27e71655,920007.BJ,酉立智能,2024-06-15,1,1.0101560354232788
97c808d1ba2c4a54e89e9095,920008.BJ,成电光信,2024-06-15,4,0.9347754716873169
8a4f7de8f1dbba45b2e3693e,920009.BJ,丹娜生物,2024-06-15,3,0.9350049495697021
6cf606c6b981dcce2cc42541,920015.BJ,锦华新材,2024-06-15,2,0.8589164614677429
c80ed70fce8c75339809b9f3,920018.BJ,宏远股份,2024-06-15,0,0.93123859167099
343c8bcbc7ea5455be72059f,920019.BJ,铜冠矿建,2024-06-15,1,0.9773494005203247
6f2d9ecfe19706b9f9bee997,920022.BJ,世昌股份,2024-03-15,3,0.985091507434845
3273e5d63bed3ad3248d56e0,920026.BJ,卓兆点胶,2024-06-15,4,0.859610378742218
5200c79b9c2105d7d85f9a90,920027.BJ,交大铁发,2024-06-15,1,0.9882422685623169
32e2f22ad4a4673bec56fab7,920035.BJ,精创电气,2024-06-15,1,0.9913010001182556
727e7672e2c0af7cc70ff8f3,920037.BJ,广信科技,2024-06-15,0,0.8434277176856995
62acd10aed862cb20e32d3f9,920045.BJ,蘅东光,2024-06-15,1,1.002421259880066
8634093808c9c75fd34bf132,920050.BJ,爱舍伦,2024-06-15,1,1.0086822509765625
a7a613fa4002dd9d1fa88e73,920056.BJ,能之光,2024-06-15,4,0.9439683556556702
76cc04d4e060e4b1e365f630,920066.BJ,科拜尔,2024-04-05,2,1.007502794265747
d3f6749427e6c9bb6b82648d,920068.BJ,天工股份,2024-06-15,2,0.9271253943443298
61172e76ebc5ea831dc27b50,920080.BJ,奥美森,2024-06-15,4,0.8508995771408081
352e5de9d77f4715bc2891d1,920082.BJ,方正阀门,2024-06-15,4,0.9642484784126282
2ec46073f95719777b626b04,920088.BJ,科力股份,2024-06-15,2,1.0373951196670532
1fd0ae680a6c21d55dc832b3,920098.BJ,科隆新材,2024-06-15,2,0.9872556924819946
233d412344c73cc19d39dad0,920100.BJ,三协电机,2024-06-15,0,0.8755611777305603
a3bf745fc74cce07b9227644,920101.BJ,志高机械,2024-06-15,4,0.9700706601142883
5f26206752b0472d9b71512f,920108.BJ,宏海科技,2024-06-15,1,1.0066057443618774
a839d02289061466c8eae2ac,920111.BJ,聚星科技,2024-06-15,1,1.008440613746643
74b7044aaf933be936b170b0,920112.BJ,巴兰仕,2024-06-15,4,0.9392916560173035
a090bb014c13d78b27681aeb,920116.BJ,星图测控,2024-06-15,1,0.936034083366394
378578f3b6f9c3ccc79af5d1,920118.BJ,太湖远大,2024-06-15,2,0.9419018626213074
fb05ad7066051e451cc10e11,920123.BJ,芭薇股份,2024-06-15,1,1.0243669748306274
c7998dd25459f62561cc68cc,920128.BJ,胜业电气,2024-06-15,4,0.8681823015213013
2eb523ea37204cfd6f5042f4,920706.BJ,铁拓机械,2024-06-15,2,0.9957112669944763
3dd5a7e575e8b1933d353dcc,920806.BJ,云星宇,2024-06-30,1,0.8976358771324158
4dd4f258f23b1cfe8ec04e1b,920833.BJ,美心翼申,2024-04-05,4,0.9575497508049011
4537c6ddc8ab933ef7d69d46,920931.BJ,无锡鼎邦,2024-04-05,2,0.9999822974205017
b6c677570f3986603a54a5b2,001220.SZ,世盟股份,2024-06-30,1,0.9403454661369324
bc33aabb6581fbe17dbe2619,001257.SZ,盛龙股份,2026-04-15,2,0.9769999384880066
bb4d44ac6aa2e8420b0f6eda,301638.SZ,南网数字,2024-03-15,1,1.0129547119140625
3c17c6d371032691d71faadc,301656.SZ,联合动力,2024-06-15,4,0.909786581993103
f9ae6923c14804f30b925f0b,301680.SZ,固德电材,2024-04-05,4,0.8280377388000488
295db1429d8fb568392dfb35,301682.SZ,宏明电子,2026-04-15,4,0.8318359851837158
51ccf6b0aa21ce1f1188b2fa,301683.SZ,慧谷新材,2026-04-15,2,0.9429231882095337
5dab393b61292885fff5fed4,301696.SZ,C三瑞,2026-04-15,0,0.8935030698776245
dcdea933d860c2af4e1a065e,601112.SH,振石股份,2024-06-15,2,0.9606347680091858
e62ced8528672039e1e1144f,603014.SH,威高血净,2024-06-15,3,0.9145585298538208
256a19b343ed5ec44870fc15,603092.SH,德力佳,2024-06-15,4,0.940133810043335
9b9ebaa00a736ffa06a8a566,603284.SH,林平发展,2024-06-15,1,1.0090410709381104
d864f49b583b68c649ab7600,603352.SH,至信股份,2024-06-15,4,0.9123544096946716
2397940cda521084417a10a6,603459.SH,C红板,2026-04-15,4,0.86970454454422
32f6637641d7fe729adf65ed,688712.SH,北芯生命-U,2024-03-15,3,0.9611304998397827
be0c8f6b8ef833556d456a4a,688781.SH,视涯科技-UW,2026-04-15,4,0.849681556224823
85505f16a1606b90a20e82ab,688783.SH,西安奕斯伟材料技术股份有限公司,2024-06-15,4,0.9358334541320801
12d1d57a0f0cf10f3952293e,688785.SH,恒运昌,2024-04-05,1,1.0090020895004272
e0a44fe783b225498e3c14e0,688790.SH,昂瑞微-UW,2024-06-30,4,0.8547278642654419
b49160cfabbc2091749e6ebf,688795.SH,摩尔线程-U,2024-04-05,4,0.956416130065918
8c76b8083c7829028243ea78,688802.SH,沐曦股份-U,2024-06-15,4,0.944159746170044
3fc2db93967fe0d5fe97f963,688805.SH,健信超导,2024-06-15,4,0.9967690706253052
4c2ec480864703597b62db26,688807.SH,优迅股份,2024-03-25,1,1.0391051769256592
ea94718ee354f46cd6e40f2c,688813.SH,泰金新能,2026-04-15,4,0.8978769183158875
ab2290d7d892ba9c4631b314,688816.SH,易思维,2024-03-15,4,0.8821731209754944
6cb8bc5a09e6d2da17a8b706,688818.SH,电科蓝天,2024-06-15,4,0.9823541045188904
4d88a12ef9e67b4c46d1e1fe,920005.BJ,鼎佳精密,2024-06-15,4,0.8111958503723145
04bf6a4471eacd466f3de419,920011.BJ,晨光电机,2026-04-15,0,0.7811428904533386
cdb0342fc2a76c0bee23e758,920020.BJ,泰凯英,2024-06-15,2,0.9712749719619751
2e14dc44e13367da72949b30,920028.BJ,新恒泰,2026-04-15,2,0.9256705641746521
a05777d00f9a8732655c9858,920036.BJ,觅睿科技,2024-06-15,4,0.9695271849632263
abd5a8931062ea5551ef8a4e,920055.BJ,隆源股份,2026-04-15,4,0.8490794897079468
9356bf29bc14308c7fd10900,920069.BJ,普昂医疗,2026-04-15,3,0.9487916827201843
6fa501f400f9d03ed1b830c1,920076.BJ,国亮新材,2024-06-15,2,0.9620060920715332
4f1f8de728b12eb39a5a438a,920078.BJ,族兴新材,2026-04-15,2,0.9273290038108826
83134a8949a759dcf10f7299,920086.BJ,科马材料,2024-04-05,4,0.8663784861564636
fbb0d090bda2eedc11d074f4,920106.BJ,林泰新材,2024-04-05,4,0.8787057995796204
fd00d3e0b084f7354aafc7b2,920119.BJ,美德乐,2024-06-15,1,1.0311636924743652
68d65475f939c8bfa116c0e9,920121.BJ,江天科技,2024-06-15,4,0.9346286654472351
f9ce5437f29cddfd62eb5328,920124.BJ,南特科技,2024-06-15,4,0.9969998002052307
866c2787d219ee3337b6027c,920158.BJ,长江能科,2024-06-15,0,0.996881365776062
ad2317a1c93f0bff73f7a837,920159.BJ,农大科技,2024-06-15,3,0.9701814651489258
00fd4217d7202554dfc27e1f,920160.BJ,北矿检测,2024-06-15,1,1.0003241300582886
75a65b2c97e8ca9c659a5d16,920166.BJ,海圣医疗,2024-06-15,3,0.9243801832199097
7c67b40bfc8b40bcb62d88ed,920168.BJ,通宝光电,2024-04-05,4,0.8741476535797119
72c0d3dc074534a649db1624,920180.BJ,爱得科技,2024-06-15,4,0.9182752370834351
75f93d11e607597b1860ed42,920181.BJ,N赛英,2026-04-15,4,0.7800148725509644
d91dd4e2e659e51413d89f10,920183.BJ,海菲曼,2024-06-15,1,1.0225764513015747
e9fb1ea2bc494ece03409341,920187.BJ,通领科技,2024-06-15,4,0.8952848315238953
179a7524da425b5d07deb0eb,920188.BJ,悦龙科技,2026-04-15,2,1.0019645690917969
deac20ec0b8319ca764b0070,688811.SH,N有研,2026-04-15,2,0.9482309222221375
793aaed4758cf706052cc301,920012.BJ,创达新材,2026-04-15,4,0.8344622850418091
