record_id,stock_code,stock_name,asof_date,degree,weighted_degree,component_id,component_size,pagerank
f28b37e410e91cba67ee44b2,000001.SZ,平安银行,2024-06-30,4,2.1219825744628906,0,5406,0.00016189001
2dea52419497494e3eef3e55,000002.SZ,万科Ａ,2024-06-30,10,2.831819534301758,0,5406,0.00022287964
af5793e2de7f474fa97a1423,000004.SZ,*ST国华,2024-06-30,4,0.5240288376808167,0,5406,6.405592e-05
8014f5f3c51ecc864f8fc328,000006.SZ,深振业Ａ,2024-06-30,14,4.540214538574219,0,5406,0.00030291302
9099af5cfd533c6f9f238f86,000007.SZ,全新好,2024-06-30,4,1.0348293781280518,0,5406,0.00019785242
f03aa6d63a6fc2477cbd9a34,000008.SZ,神州高铁,2024-06-30,6,3.743060827255249,0,5406,0.00025695536
1c905394b642b4e24793dbd8,000009.SZ,中国宝安,2024-06-30,3,0.6330742239952087,0,5406,7.46292e-05
8951c0aca9ea44f6e3e115d3,000010.SZ,美丽生态,2024-06-30,2,0.723771333694458,0,5406,7.781072e-05
73448fc77cdaef5b4bd5edea,000011.SZ,深物业A,2024-06-30,9,3.1049275398254395,0,5406,0.00024605333
7fff06a537b980155f908aee,000012.SZ,南玻Ａ,2024-06-15,9,2.0435400009155273,0,5406,0.00018961244
c4000ab4c04b96032aae4c38,000014.SZ,沙河股份,2024-06-30,12,3.5776185989379883,0,5406,0.00024960117
cee56bdafbd718ee6c9d66ef,000016.SZ,深康佳Ａ,2024-06-30,0,0.0,1,1,2.7262813e-05
01d4957b819702b93ff9fc8f,000017.SZ,深中华A,2024-06-30,1,0.1322653740644455,0,5406,3.9659946e-05
0425a3501cc2040d1d44f3ee,000019.SZ,深粮控股,2024-06-30,4,1.6461083889007568,0,5406,0.00015504412
d816eeb452973f29dbef96b8,000020.SZ,深华发Ａ,2024-06-30,6,0.7900841236114502,0,5406,0.00011330548
4ed57bef3ad34c62da495c38,000021.SZ,深科技,2024-06-30,6,0.9720550775527954,0,5406,0.00011901582
2dabeea54e4560da2868e7d6,000025.SZ,特力Ａ,2024-06-15,2,0.25545260310173035,0,5406,5.840135e-05
b10893ad8eccee6d9dc0e1d7,000026.SZ,飞亚达,2024-06-30,0,0.0,2,1,2.7262813e-05
4b435def86626774d67aa49b,000027.SZ,深圳能源,2024-06-15,5,0.8321182131767273,0,5406,9.968135e-05
a8d7456c4394390460df0144,000028.SZ,国药一致,2024-06-30,10,4.159909725189209,0,5406,0.000295375
8438101de2099c12a07a9f2a,000029.SZ,深深房Ａ,2024-06-30,14,4.334105968475342,0,5406,0.0002884627
6396be9ae4c1dbf1bfcda3e3,000030.SZ,富奥股份,2024-06-15,6,1.8311059474945068,0,5406,0.00017049197
004d46b929a97f9ea5dd2310,000031.SZ,大悦城,2024-06-30,12,2.9720520973205566,0,5406,0.0002321239
a059a4ca774761098dd3aec9,000032.SZ,深桑达Ａ,2024-06-30,13,2.74942946434021,0,5406,0.00022537136
2429bea8707227689c177727,000034.SZ,神州数码,2024-06-15,7,1.5600135326385498,0,5406,0.0001485749
e7af61ccba63514386e9a3d3,000035.SZ,中国天楹,2024-06-15,11,4.2178120613098145,0,5406,0.00028881515
b74a87fbb445abd5519838fe,000036.SZ,华联控股,2024-06-30,5,2.362431526184082,0,5406,0.00017777589
a5cf3af142151cc0d6a88dcc,000037.SZ,深南电A,2024-06-15,3,0.40960198640823364,0,5406,6.4606436e-05
b1c51d31820773d9d0073b59,000039.SZ,中集集团,2024-06-30,3,0.6475197076797485,0,5406,0.00011029378
013686ebd976fb96726960ec,000042.SZ,中洲控股,2024-06-15,12,3.143632650375366,0,5406,0.00022475667
49e3c868855faabf94ebb783,000045.SZ,深纺织Ａ,2024-06-30,9,3.8576366901397705,0,5406,0.00027078897
d437e449ce3a91702d538b6c,000048.SZ,京基智农,2024-06-30,5,1.6526873111724854,0,5406,0.00013041348
981beb9c3d076ece4bd9c611,000049.SZ,德赛电池,2024-06-15,11,2.563352346420288,0,5406,0.00025682093
a9eaac431311ea76ec7a8fc4,000050.SZ,深天马Ａ,2024-06-30,9,4.353193759918213,0,5406,0.00029729021
6c9cca62d2760214c358f513,000055.SZ,方大集团,2024-06-30,6,2.38409423828125,0,5406,0.00025414635
d4eccac1653566b95e625214,000056.SZ,皇庭国际,2024-06-30,2,0.22800570726394653,0,5406,0.00012166216
be141ee74b2b80d2ab3b378d,000058.SZ,深赛格,2024-06-15,0,0.0,3,1,2.7262813e-05
b3de9089ee95af61f383da89,000059.SZ,华锦股份,2024-06-30,7,1.552512526512146,0,5406,0.0001527815
ceef8a32e1bb95ea958f0704,000060.SZ,中金岭南,2024-06-15,6,0.968925416469574,0,5406,0.000101622565
d6283e40ce5d08573dc073e0,000061.SZ,农产品,2024-06-30,5,2.302633762359619,0,5406,0.00024611806
c5f4e50e4ff2e7036ef19b28,000062.SZ,深圳华强,2024-06-30,5,1.5861780643463135,0,5406,0.00027608487
6d9a52dbe4b3afffdaa1a176,000063.SZ,中兴通讯,2024-04-05,11,2.1500322818756104,0,5406,0.00021214514
23af6a34cad27f544219f298,000065.SZ,北方国际,2024-06-15,5,1.3254599571228027,0,5406,0.00017400779
ceb3cc7134dbee14f085beb6,000066.SZ,中国长城,2024-06-30,8,1.8734796047210693,0,5406,0.00016683398
e20819b23a20b4acbeb9eea9,000068.SZ,华控赛格,2024-06-30,2,0.4680774211883545,0,5406,7.6077944e-05
0bf2f6a43fbbcd9bd7ab2d12,000069.SZ,华侨城Ａ,2024-06-30,7,1.8805131912231445,0,5406,0.00013637301
8eb63219293d38cd99dba969,000070.SZ,特发信息,2024-06-30,9,1.9974359273910522,0,5406,0.00019722983
978ab717b8258090134d5ac2,000078.SZ,海王生物,2024-06-15,12,3.567657470703125,0,5406,0.00025310516
0036b02d8d18b6b4d2280de6,000088.SZ,盐田港,2024-06-15,8,3.440544366836548,0,5406,0.0002174035
53ffed6e67665a80434a1d5b,000089.SZ,深圳机场,2024-06-15,8,2.928370714187622,0,5406,0.00019091844
d4ad04c471d8e0d6b0fcb1d3,000090.SZ,天健集团,2024-06-30,9,2.8010611534118652,0,5406,0.00022629472
260203de93d7ec8ce6f89cb7,000096.SZ,广聚能源,2024-06-30,6,1.4293479919433594,0,5406,0.00016793473
e6c94ebdb4566358f0f51594,000099.SZ,中信海直,2024-06-30,5,0.6185067892074585,0,5406,8.296386e-05
4920e247e3238dd106967156,000100.SZ,TCL科技,2024-06-30,11,2.4698095321655273,0,5406,0.00020348474
d5c7ece49ad804e56d17b052,000151.SZ,中成股份,2024-06-30,3,0.6810774803161621,0,5406,0.00010349362
564e71c8de1d1f55505d9cde,000153.SZ,丰原药业,2024-06-15,7,1.8539024591445923,0,5406,0.0001770266
d78627f4eb38a525ef00c901,000155.SZ,川能动力,2024-06-30,2,0.285797655582428,0,5406,5.7670335e-05
caef968484f110dc359f61ed,000156.SZ,华数传媒,2024-06-30,8,3.0091400146484375,0,5406,0.00022125816
c88a67b0c0735df4e553106b,000157.SZ,中联重科,2024-06-30,11,2.5303282737731934,0,5406,0.0002900567
10731562c0eaa2580a76dc71,000158.SZ,常山北明,2024-06-30,9,2.2558958530426025,0,5406,0.00018181597
395b84a26be44b1160c3afd7,000159.SZ,国际实业,2024-06-30,3,0.7793183922767639,0,5406,0.00010442724
f87e43b2acf5e5f8ca2d6af0,000301.SZ,东方盛虹,2024-06-30,8,1.9681015014648438,0,5406,0.00017191922
45cde3ec731017cff899260b,000400.SZ,许继电气,2024-06-30,12,4.141417026519775,0,5406,0.00030645018
eb2e10165bc1d6c5ddd6eda8,000401.SZ,金隅冀东,2024-06-30,8,1.5142744779586792,0,5406,0.00015247539
0ae155369be722bfa117a4d6,000402.SZ,金融街,2024-06-15,7,2.530107259750366,0,5406,0.00021041528
7313949c2452b9c195d2c218,000403.SZ,派林生物,2024-06-15,6,4.4063262939453125,0,5406,0.00023138733
53627ea319ad92f9bbe6eb84,000404.SZ,长虹华意,2024-06-15,9,3.6552164554595947,0,5406,0.00028685766
07b34dcfa6b8257c575ee8c7,000407.SZ,胜利股份,2024-06-30,5,1.4275269508361816,0,5406,0.00012451515
9af557ec417a7935c16f50e4,000408.SZ,藏格矿业,2024-06-30,3,1.2878708839416504,0,5406,0.0001390686
9647578f27e7cc251add7017,000409.SZ,云鼎科技,2024-06-30,6,1.6810894012451172,0,5406,0.00014923589
d39434a849383c2b2c12dd00,000410.SZ,沈阳机床,2024-06-15,11,3.1345179080963135,0,5406,0.0002706177
ae6bff60caa558329bcaa389,000411.SZ,英特集团,2024-06-30,2,1.2252395153045654,0,5406,0.00014237441
389832e9603f5ef9eb9d1a2f,000415.SZ,渤海租赁,2024-06-30,1,0.36314404010772705,0,5406,6.5771026e-05
c0c79068f2ccee237255fa77,000417.SZ,合肥百货,2024-06-15,10,2.1380012035369873,0,5406,0.00016187222
850d2616c80b0f6b977a9153,000419.SZ,通程控股,2024-06-30,5,1.259988784790039,0,5406,0.00012570173
f278b3b9c59d24ce1a93e3e2,000420.SZ,吉林化纤,2024-06-30,10,2.870082378387451,0,5406,0.00021402203
63b6eb5bea9052903bb6c85b,000421.SZ,南京公用,2024-06-30,4,1.1836355924606323,0,5406,0.00011580576
18fe5cc0f9a443d70defaf46,000422.SZ,湖北宜化,2024-06-15,8,2.993285894393921,0,5406,0.0002332537
fc8c5e76454091b4b0c33802,000423.SZ,东阿阿胶,2024-06-15,4,1.4521129131317139,0,5406,0.00013623812
570ca44ed89f28164e947b23,000425.SZ,徐工机械,2024-06-15,7,1.787326455116272,0,5406,0.00019344137
3a6697ee5ca0e3cc22170b91,000426.SZ,兴业银锡,2024-06-15,9,2.128359794616699,0,5406,0.0001513003
73a061105cdbbfc0c826bc28,000428.SZ,华天酒店,2024-06-30,9,3.0349178314208984,0,5406,0.0002470291
a2af15ad9876693b109325ff,000429.SZ,粤高速Ａ,2024-06-30,9,2.9259157180786133,0,5406,0.00019710342
012452616298dd8d5aefcb55,000430.SZ,ST张家界,2024-06-30,8,3.3962273597717285,0,5406,0.00022124825
ea728a0aefb74a93aa558d7d,000488.SZ,ST晨鸣,2024-06-30,9,3.946483612060547,0,5406,0.00026423554
deb52299cf1ac589a8ac6af5,000498.SZ,山东路桥,2024-06-30,6,1.5044344663619995,0,5406,0.00016551749
fab0915315ce4c8c99f7cb7f,000501.SZ,武商集团,2024-06-30,11,4.226130962371826,0,5406,0.00027692175
ad2c8e4f1a267145e64517bd,000503.SZ,国新健康,2024-06-30,13,3.2337920665740967,0,5406,0.0002524293
e107911cfeacb041b60805de,000504.SZ,*ST生物,2024-06-30,6,0.9276039600372314,0,5406,0.00014204191
de545764d46df4aad5b7adbb,000505.SZ,京粮控股,2024-06-30,5,1.9889084100723267,0,5406,0.00019386422
a7608a62c5ae40a3c13d4228,000506.SZ,招金黄金,2024-06-15,8,3.6813154220581055,0,5406,0.00022185205
4fece5721c848946ac0067e4,000507.SZ,珠海港,2024-06-30,9,1.855715036392212,0,5406,0.00014030056
5f52b21d80b9d46594a1b921,000509.SZ,华塑控股,2024-06-30,3,0.35054928064346313,0,5406,6.5752974e-05
37a0d05564a58bca77c3faca,000510.SZ,新金路,2024-06-30,8,3.943692445755005,0,5406,0.00027050407
fd28837752d2d70f7a885043,000513.SZ,丽珠集团,2024-06-30,4,0.6376100778579712,0,5406,7.959569e-05
c0e2bf86fa3724bcb03e2c1e,000514.SZ,渝开发,2024-06-30,6,1.8350926637649536,0,5406,0.00014872322
a8b19304680972aff1a6b4c6,000516.SZ,国际医学,2024-06-30,5,2.63875150680542,0,5406,0.00023569023
66c868e2d15d916338ca375e,000517.SZ,荣安地产,2024-06-30,6,1.1962885856628418,0,5406,0.00011248923
92d9242bee3fa9a2b22f167b,001872.SZ,招商港口,2024-06-15,7,2.974714517593384,0,5406,0.00018868562
3a2f8096a5f4729474cfbdfa,001914.SZ,招商积余,2024-06-30,9,2.7976908683776855,0,5406,0.00024674772
9d634e60cb41589098af9cd7,000518.SZ,*ST四环,2024-06-30,9,2.1861634254455566,0,5406,0.00019234701
840f43c6b652c2fff872eeb3,000519.SZ,中兵红箭,2024-06-30,3,0.6250232458114624,0,5406,8.026814e-05
2248f31563f75d633dc77a0b,000520.SZ,凤凰航运,2024-06-15,6,1.777035117149353,0,5406,0.0001734042
850dfea08d968e875c0da00f,000521.SZ,长虹美菱,2024-06-30,7,2.3133976459503174,0,5406,0.00022073773
4b699bab5361513466c79b0e,000523.SZ,红棉股份,2024-06-15,7,1.0794118642807007,0,5406,0.00012226822
42e03807a2454c68fd9dcd8f,000524.SZ,岭南控股,2024-06-30,6,1.3296089172363281,0,5406,0.000121795216
b1503072d008f2f9bb67ab6f,000525.SZ,红太阳,2024-06-15,9,3.005194902420044,0,5406,0.0002041606
b022e24215aa361548c3f16e,000526.SZ,学大教育,2024-06-30,7,2.685276985168457,0,5406,0.00020693228
0925266662bd88a988d8669f,000528.SZ,柳工,2024-06-30,13,3.5405898094177246,0,5406,0.0003499504
2b88de4e000d2b618de0bb9d,000529.SZ,广弘控股,2024-06-30,5,1.8894343376159668,0,5406,0.00019274591
ba1cf2f34931c4e1b20dc451,000530.SZ,冰山冷热,2024-06-15,9,2.8805482387542725,0,5406,0.00026273378
41236f7f9090ee15486027a3,000531.SZ,穗恒运Ａ,2024-06-30,8,1.764864206314087,0,5406,0.0001690293
7da1db71c41accef5fb68e07,000532.SZ,华金资本,2024-06-30,4,0.8793586492538452,0,5406,0.00016635949
d6a5fbc3ef855a8d4a21a685,000533.SZ,顺钠股份,2024-06-15,5,0.8634706735610962,0,5406,8.961745e-05
0bec57bd113793c762e252de,000534.SZ,万泽股份,2024-06-30,10,3.5534095764160156,0,5406,0.00024749915
436fd30a621304bbea35640b,000536.SZ,华映科技,2024-06-30,13,4.32724666595459,0,5406,0.00030059984
e46638390c5c371c3a7871aa,000537.SZ,绿发电力,2024-06-15,10,2.5156078338623047,0,5406,0.0001971129
796f38b07f19adfbf3a03bf0,000538.SZ,云南白药,2024-06-15,6,1.7215722799301147,0,5406,0.00016610509
8f0cfb46b16c2bb54089a989,000539.SZ,粤电力Ａ,2024-06-30,10,3.014437198638916,0,5406,0.00021085786
cadb5e79bc4fdb1b243a0779,000541.SZ,佛山照明,2024-06-30,8,1.8630907535552979,0,5406,0.00017883499
536f4cad91ae284b072130f8,000543.SZ,皖能电力,2024-06-30,9,3.388695240020752,0,5406,0.00023193123
521f6b89d914f4c88733b183,000544.SZ,中原环保,2024-06-30,8,2.7922885417938232,0,5406,0.0002021861
83ffc66f5c6f108bc223b70e,000545.SZ,金浦钛业,2024-06-15,10,3.478614091873169,0,5406,0.00028334057
cd3798929d3b6afd93015b85,000546.SZ,金圆股份,2024-06-30,12,2.4619035720825195,0,5406,0.0002672746
e35cba1c953108fe8605c934,000547.SZ,航天发展,2024-06-15,8,3.0131723880767822,0,5406,0.00025681386
2eeb90c1501447a235258793,000548.SZ,湖南投资,2024-06-15,9,2.60182523727417,0,5406,0.0002132009
18cde3367b159f56e1526d24,000550.SZ,江铃汽车,2024-06-15,8,2.1415905952453613,0,5406,0.00020509225
501074286c5da9c1151ac4ad,000551.SZ,创元科技,2024-06-30,4,0.9176045060157776,0,5406,0.00011121008
3f8f4eac5404506ab0698ab6,000552.SZ,甘肃能化,2024-06-15,7,1.869409441947937,0,5406,0.00015548049
fc63d00a29f9d676fbcb0212,000553.SZ,安道麦A,2024-06-15,8,1.95118248462677,0,5406,0.00015044281
b71dc35a80c7eb91fccbe315,000554.SZ,泰山石油,2024-06-15,2,1.1942707300186157,0,5406,0.00015358228
625f5b1d78623f8ebd7d6bf5,000555.SZ,神州信息,2024-06-15,13,3.8190627098083496,0,5406,0.0002782498
e2281f1882dade5529480dd2,000557.SZ,西部创业,2024-06-30,4,1.332905888557434,0,5406,0.00013646988
77af31ae1bf55fbc2e1558ac,000558.SZ,天府文旅,2024-06-15,13,3.918670415878296,0,5406,0.00025484577
a510ce79ed51356cadf90302,000559.SZ,万向钱潮,2024-06-15,4,0.5803952217102051,0,5406,8.041742e-05
89580f70c6b6188fd8518945,000560.SZ,我爱我家,2024-06-30,2,0.7438890337944031,0,5406,9.56757e-05
d5e6e449f594fa026123b8f8,000561.SZ,烽火电子,2024-06-30,8,2.5469841957092285,0,5406,0.00022634766
d698ead407f1ab302048b650,000563.SZ,陕国投Ａ,2024-06-30,4,0.7695855498313904,0,5406,0.00013780032
061f6b1e0741bf5bd66a3d6e,000564.SZ,供销大集,2024-06-30,3,0.6347054243087769,0,5406,8.043438e-05
987d0d443d744dcc5e3e0186,000565.SZ,渝三峡Ａ,2024-06-30,4,0.6106091141700745,0,5406,9.755776e-05
7373f92bdc3c3d36c94f93f3,000566.SZ,海南海药,2024-06-30,15,3.915264844894409,0,5406,0.00032287306
8db6e892848b40415fa95478,000567.SZ,海德股份,2024-06-30,4,0.8931605219841003,0,5406,0.00017178507
460bcbb32ccabb6a5c831fa6,000568.SZ,泸州老窖,2024-06-15,10,4.179933547973633,0,5406,0.00027531068
600e5c856be007d7243593c9,000570.SZ,苏常柴Ａ,2024-06-15,6,1.8548003435134888,0,5406,0.00020336689
a4deb84c78205a349f4d0b9c,000571.SZ,新大洲A,2024-06-30,0,0.0,4,1,2.7262813e-05
2e5763d1e872ada9690a9f0b,000572.SZ,海马汽车,2024-06-30,8,2.2346410751342773,0,5406,0.00020387364
0623e5455d91217d4fd37865,000573.SZ,粤宏远Ａ,2024-06-30,5,1.2504030466079712,0,5406,0.00012557652
2fb8a8ba90cc6085aa014b78,000576.SZ,甘化科工,2024-06-30,5,1.4182476997375488,0,5406,0.00013642607
00f35ed8684c18b98abb785a,000581.SZ,威孚高科,2024-06-30,9,2.521704912185669,0,5406,0.0002535304
3f01635f31432b8416111bc0,000582.SZ,北部湾港,2024-06-30,8,3.752237319946289,0,5406,0.00022837226
5f755af0583fc9d5de55d1bb,000586.SZ,汇源通信,2024-06-15,9,1.8080551624298096,0,5406,0.00015678584
9d883f3967cf69f85c21df36,000589.SZ,贵州轮胎,2024-06-15,6,3.5523383617401123,0,5406,0.00025917272
a4595703884715e9f6b498df,000590.SZ,古汉医药,2024-06-30,9,1.618748664855957,0,5406,0.00013904944
ed741f70572f2aebe3c12441,000591.SZ,太阳能,2024-06-15,9,2.131225824356079,0,5406,0.00018297251
c48c02cf131767b1dd7db832,000592.SZ,平潭发展,2024-06-30,6,2.3243186473846436,0,5406,0.00020339436
2655576ff4fb8cff26e64a48,000593.SZ,德龙汇能,2024-06-15,7,1.9290142059326172,0,5406,0.00015812958
a304446df7a4406104376465,000595.SZ,*ST宝实,2024-06-30,7,1.3679609298706055,0,5406,0.00015767316
3378224440f6603dce00ed0f,000596.SZ,古井贡酒,2024-06-30,7,2.766425371170044,0,5406,0.00019123248
b7834e1f533ae2c05610cbd1,000597.SZ,东北制药,2024-06-30,5,1.1556519269943237,0,5406,0.00011811916
20313c05097df3ab46685fe8,000598.SZ,兴蓉环境,2024-06-30,4,0.8784662485122681,0,5406,8.658558e-05
65ddf0737698e7737c7e2163,000599.SZ,青岛双星,2024-06-15,4,0.8349395990371704,0,5406,0.00010124576
748cd834a9f59b747d740df5,000600.SZ,建投能源,2024-06-15,9,3.1446714401245117,0,5406,0.00021747107
a875985a5dda30248ddb1a05,000601.SZ,韶能股份,2024-06-30,0,0.0,5,1,2.7262813e-05
4f60ffd1bc0d44fa2bc7629f,000603.SZ,盛达资源,2024-06-30,10,3.4980664253234863,0,5406,0.00022424136
f4950e5a58a673fc2a023e6b,000605.SZ,渤海股份,2024-06-15,9,2.1979780197143555,0,5406,0.00015344637
757141893b52330eace2f9b8,000607.SZ,华媒控股,2024-06-30,5,2.192025899887085,0,5406,0.00016408038
d887cc483615f29ffc78590a,000608.SZ,*ST阳光,2024-06-30,8,1.7505496740341187,0,5406,0.00019906009
80b9b4d14542781cd7c8eb6a,000609.SZ,ST中迪,2024-06-30,6,2.3776752948760986,0,5406,0.00020372597
bfa9f5fc0f1c4e570d46fcc1,000610.SZ,西安旅游,2024-06-15,7,1.5633240938186646,0,5406,0.00012630703
d9cd7080360af23b04b0a98c,000612.SZ,焦作万方,2024-06-30,8,3.342790126800537,0,5406,0.0002798424
767c239702b24b9bcf1dc546,000615.SZ,*ST美谷,2024-03-15,3,1.0550135374069214,0,5406,0.00011467243
95bf45af877f6bbafd582bb1,000617.SZ,中油资本,2024-06-30,0,0.0,6,1,2.7262813e-05
3a095470d02ec8b76123f1c5,000619.SZ,海螺新材,2024-06-30,8,1.7194545269012451,0,5406,0.00018707191
6fc4fef1fb5dfc78637cbcb4,000620.SZ,盈新发展,2024-06-15,0,0.0,7,1,2.7262813e-05
98f7332f1760d4945cdc4602,000623.SZ,吉林敖东,2024-06-30,11,2.915889024734497,0,5406,0.0002561203
08a4c768f5aa4eb6ce918534,000625.SZ,长安汽车,2024-06-30,7,3.613532543182373,0,5406,0.00031145976
c300bb643896e706ae07625c,000626.SZ,远大控股,2024-06-30,8,1.9901305437088013,0,5406,0.0002443136
dc52b2c8f3bb088a17ebf94f,000628.SZ,高新发展,2024-06-30,1,0.14268051087856293,0,5406,9.197616e-05
2f4fffabc1e8bea9de7be6ce,000629.SZ,钒钛股份,2024-06-30,8,2.4869320392608643,0,5406,0.00020986013
3e3ebe7d179e618886450003,000630.SZ,铜陵有色,2024-06-15,11,3.793144464492798,0,5406,0.00025587267
2eabd47378ef80d0742ab70a,000631.SZ,顺发恒能,2024-06-30,6,1.6314668655395508,0,5406,0.00014313952
da2b5fca174f374fd580edad,000632.SZ,三木集团,2024-06-15,5,1.5846812725067139,0,5406,0.0001439813
4d1547a96492c38cd456b744,000633.SZ,合金投资,2024-06-15,7,2.969317674636841,0,5406,0.00020238564
ee622f9cc9795ff42102e99f,000635.SZ,英力特,2024-06-15,9,3.4227209091186523,0,5406,0.00024395931
42d6cedd4183f0259c07bbac,000636.SZ,风华高科,2024-06-30,11,3.7443034648895264,0,5406,0.00028028298
6f4c1e9312e60cd01b3193f2,000637.SZ,茂化实华,2024-04-05,7,3.3338637351989746,0,5406,0.00027078867
ee58861c0ecc17232c238b7c,000638.SZ,*ST万方,2024-06-30,9,2.7474005222320557,0,5406,0.00020967299
d1774f80518fa89eea0cbb19,000639.SZ,西王食品,2024-06-15,4,1.1490355730056763,0,5406,0.00012548489
e12195e38e4a29532cd5e812,000650.SZ,仁和药业,2024-06-15,5,1.4275237321853638,0,5406,0.00014219026
db9c19b1c3c12e231682b457,000651.SZ,格力电器,2024-06-30,8,1.6693342924118042,0,5406,0.00016174467
3554988c931a19966414bebd,000652.SZ,泰达股份,2024-06-15,7,1.5522551536560059,0,5406,0.0001266957
e94d0c2215bfe0e1240ebe3c,000655.SZ,金岭矿业,2024-06-30,4,1.5158814191818237,0,5406,0.00015414863
5199fd005d67f49377b76749,000656.SZ,*ST金科,2024-04-05,13,4.002358913421631,0,5406,0.0002837525
a7bbf37f14d35812135e8cd1,000657.SZ,中钨高新,2024-06-15,9,2.8562397956848145,0,5406,0.00024875093
bfad62c0c7225bc3601c2ede,000659.SZ,珠海中富,2024-06-15,4,0.6910933256149292,0,5406,8.3292485e-05
6f03edff9ce5621f21e572b0,000663.SZ,永安林业,2024-06-15,7,3.238257646560669,0,5406,0.0002690233
dae22676123aa4fe1ac9a8af,000665.SZ,湖北广电,2024-04-05,6,4.24921178817749,0,5406,0.00021747424
05ec4eccdbe5368073af45bf,000668.SZ,*ST荣控,2024-04-05,6,1.20059072971344,0,5406,0.00014276255
1aab0c6ed2681fdb5034f284,000669.SZ,ST金鸿,2024-06-30,10,2.5284690856933594,0,5406,0.0002111672
f7c8d04a085472e1bf1d5969,000670.SZ,盈方微,2024-06-30,10,3.5967886447906494,0,5406,0.000265743
69272c0b2b6571a177c2a166,000661.SZ,长春高新,2024-03-15,4,1.055376410484314,0,5406,0.00012023987
2dd7bfc787936b95d7f00332,000672.SZ,上峰水泥,2024-06-30,9,3.033437967300415,0,5406,0.00024995222
ee37d878fee1c20dff208fc7,000676.SZ,智度股份,2024-06-30,9,2.8665409088134766,0,5406,0.00021362698
8e0130c63c57290867e8b852,000677.SZ,恒天海龙,2024-06-30,8,1.7697551250457764,0,5406,0.00015467538
00605aa542e493b9198e9731,000678.SZ,襄阳轴承,2024-06-15,1,0.16142414510250092,0,5406,4.4305118e-05
ab496b72acbe3f982923f3e9,000679.SZ,大连友谊,2024-06-30,5,0.9686498045921326,0,5406,0.00010384535
90d5fe6794a975a18201cfb9,000680.SZ,山推股份,2024-06-15,5,1.3267297744750977,0,5406,0.00014535229
885921fcd380c506a1e534b3,000681.SZ,视觉中国,2024-06-30,3,0.666702926158905,0,5406,8.322603e-05
28f0275d0009feb19b7aafbe,000682.SZ,东方电子,2024-06-15,7,2.019951820373535,0,5406,0.00017217343
48005a43e1cc68de871df7c9,000683.SZ,博源化工,2024-06-15,8,3.0744588375091553,0,5406,0.00024736373
ce4d9b699eec5bf84e37fe9e,000685.SZ,中山公用,2024-06-30,8,3.52120304107666,0,5406,0.00022455485
09a636cb91370d9182cbf2e2,000686.SZ,东北证券,2024-06-15,8,2.2031469345092773,0,5406,0.00015283294
191a3211d0b1a6483ebd185d,000688.SZ,国城矿业,2024-06-15,11,2.8173701763153076,0,5406,0.00019295013
7331e49d11a583777f17e3b3,000690.SZ,宝新能源,2024-06-15,4,0.8666772842407227,0,5406,8.0799495e-05
d1057933c0c7f31109a812f7,000691.SZ,*ST亚太,2024-06-30,3,1.297440767288208,0,5406,0.00014063517
1b62066d846c27c82b1ba27e,000692.SZ,惠天热电,2024-06-30,10,3.7886922359466553,0,5406,0.00026686356
8157b4da5e461987fb42f3f0,000695.SZ,滨海能源,2024-06-15,4,1.9056973457336426,0,5406,0.00015426536
b52c8fe593a2f34ee0fc9769,000697.SZ,ST炼石,2024-06-30,7,1.7675038576126099,0,5406,0.00014764402
71e4733d036db426c3e39dfd,000698.SZ,ST沈化,2024-06-15,10,2.9564003944396973,0,5406,0.00021143391
51f1e0ee3c1d6df3f1bbc5f2,000700.SZ,模塑科技,2024-06-15,9,3.5063118934631348,0,5406,0.00025786346
46de5da65c3afdada5f18525,000701.SZ,厦门信达,2024-06-30,1,0.11711149662733078,0,5406,4.6921832e-05
cbe22abd12d4dcee4203411f,000702.SZ,正虹科技,2024-06-15,9,2.420264720916748,0,5406,0.00019345904
4d7d62d7f036eac49de41f6b,000703.SZ,恒逸石化,2024-06-30,8,2.7496442794799805,0,5406,0.00022431684
d1495253b7cd7583ef330a30,000705.SZ,浙江震元,2024-06-30,4,1.0739837884902954,0,5406,0.000110511275
68e4a49c8098aee1a3a03532,000707.SZ,双环科技,2024-06-30,12,3.688613176345825,0,5406,0.00027110567
6da0efdb1d6b50f608ca3d72,000708.SZ,中信特钢,2024-06-30,6,1.6575433015823364,0,5406,0.00014638556
46bd16d8a21e81dcb336d604,000709.SZ,河钢股份,2024-06-30,8,2.7099993228912354,0,5406,0.0001800185
dad37285a7633af43f02d73a,000710.SZ,贝瑞基因,2024-06-30,7,1.8492159843444824,0,5406,0.0001755312
1987f1ad05d8a6edf41d663a,000711.SZ,ST京蓝,2024-06-30,3,0.8089975714683533,0,5406,0.00013832837
46ac01976630e18d9d57ad80,000712.SZ,锦龙股份,2024-06-30,1,0.17583231627941132,0,5406,9.55524e-05
797546154b1cb30da14a7e77,000713.SZ,国投丰乐,2024-06-15,6,1.7843518257141113,0,5406,0.00012517814
820721cc376f7165983e4c15,000715.SZ,中兴商业,2024-06-30,9,4.012930393218994,0,5406,0.00024884648
2d023bb73963d0617f8be618,000716.SZ,黑芝麻,2024-06-30,11,2.4580790996551514,0,5406,0.0002149763
16d75b624f0111208ad08300,000717.SZ,中南股份,2024-06-30,8,1.6710125207901,0,5406,0.00015731237
6f69716c3316a521fdf2e515,000718.SZ,苏宁环球,2024-06-30,10,3.355665922164917,0,5406,0.0002338179
a1059a0b489dd54440ea3c51,000719.SZ,中原传媒,2024-06-30,8,3.7887582778930664,0,5406,0.0002255815
498c6483c64d6b24f574c642,000720.SZ,新能泰山,2024-06-30,7,1.7277060747146606,0,5406,0.00016154692
dc6146bedc413ff3ef032c0c,000721.SZ,西安饮食,2024-06-30,5,2.059609889984131,0,5406,0.00019932995
b7bd7e9f0c65a8050baa17a3,000722.SZ,湖南发展,2024-06-30,1,0.10638461261987686,8,3,7.821084e-05
e1809f8d3cc66c3a7aea3034,000723.SZ,美锦能源,2024-06-15,6,0.9154967069625854,0,5406,0.00010234989
eeabf4207f341a3a77c929fb,000726.SZ,鲁泰Ａ,2024-06-30,8,2.7385101318359375,0,5406,0.00022990146
77bc072b65506487b59381c3,000727.SZ,冠捷科技,2024-06-15,7,1.0339254140853882,0,5406,0.00012693448
9500f197e0e16ef3a4f5181a,000728.SZ,国元证券,2024-06-30,9,2.422880172729492,0,5406,0.00017484065
772d0e707723ee90bf047d4f,000729.SZ,燕京啤酒,2024-06-15,7,1.8057177066802979,0,5406,0.00018582545
95800f8338862a03993b15de,000731.SZ,四川美丰,2024-06-30,1,0.14452849328517914,0,5406,5.0371615e-05
98d81ce6fdafe30fd9dcf7ec,000733.SZ,振华科技,2024-06-30,10,3.9456984996795654,0,5406,0.0002815283
1e132138c4a94900cf5bd9f3,000735.SZ,罗牛山,2024-06-15,8,2.0630598068237305,0,5406,0.00015575465
11aeff750eba90583c2865be,000736.SZ,*ST中地,2024-06-30,2,0.2913152873516083,0,5406,6.9317524e-05
cacb727c862a9e9c230aa4a3,000737.SZ,北方铜业,2024-06-15,9,2.764946699142456,0,5406,0.00019831523
00e29fff2f869a5c43d66931,001696.SZ,宗申动力,2024-06-30,8,1.1517642736434937,0,5406,0.00013019194
8d2e6f324495729960bac983,000725.SZ,京东方Ａ,2024-06-15,7,2.2907392978668213,0,5406,0.00017814805
c2f2c04f429177b9f6ddb3db,000738.SZ,航发控制,2024-06-30,5,0.997429370880127,0,5406,0.000114685456
d36c90c02c99f43d46b779e3,000739.SZ,普洛药业,2024-06-15,8,1.5025248527526855,0,5406,0.00014808089
0b243241f84352f961724476,000750.SZ,国海证券,2024-06-30,4,1.409112811088562,0,5406,0.00011497005
8be54bf35472d2445905f20a,000751.SZ,锌业股份,2024-06-30,11,3.8872170448303223,0,5406,0.00026266556
87dfb3357277ba190d61f81a,000752.SZ,ST西发,2024-06-30,6,1.6522732973098755,0,5406,0.00018322005
aa36c8aade29156fe9b408e3,000753.SZ,漳州发展,2024-06-30,0,0.0,9,1,2.7262813e-05
4566e7dc02ca76417a0d6cd7,000755.SZ,山西高速,2024-06-15,8,4.228308200836182,0,5406,0.00026706018
01e290aba409c6013f9e0c1a,000756.SZ,新华制药,2024-06-15,7,1.9493660926818848,0,5406,0.00018696592
17c13e78e7fee159dbf5f716,000757.SZ,浩物股份,2024-06-30,4,2.0334324836730957,0,5406,0.00021961612
a7977e1964b4acc8ff7f14ce,000758.SZ,中色股份,2024-06-30,5,0.6615287065505981,0,5406,9.603332e-05
9bf85d6d6fd1c86851bec07c,000759.SZ,中百集团,2024-06-30,12,3.842376947402954,0,5406,0.0002560019
66429c73085ab5dadeac5f19,000761.SZ,本钢板材,2024-06-30,12,4.184206008911133,0,5406,0.00027118658
e061454acf7f8600317fd0f8,000762.SZ,西藏矿业,2024-06-15,7,2.6319785118103027,0,5406,0.0002279733
e2eaafcb648d44f6694f16b2,000766.SZ,通化金马,2024-06-15,10,3.1353912353515625,0,5406,0.00026908278
c14c3b1b6dc0efcd68789d1c,000767.SZ,晋控电力,2024-06-15,4,0.8792524933815002,0,5406,0.00010044745
df7dca466e83506bf3ba2c38,000768.SZ,中航西飞,2024-06-30,12,3.004974126815796,0,5406,0.00027166752
2c7e1f4ad09e08e4dea7dbb5,000776.SZ,广发证券,2024-06-30,13,3.9843780994415283,0,5406,0.0002875822
91761319ad15ecc457d5eed0,000777.SZ,中核科技,2024-06-15,7,2.308574914932251,0,5406,0.00023366873
6e9c705b02e54c9965a3695d,000778.SZ,新兴铸管,2024-06-30,6,1.579723596572876,0,5406,0.00018925485
869863ce81cb60d5950c6900,000779.SZ,甘咨询,2024-06-15,10,2.574427604675293,0,5406,0.00021290175
717a948484d31ca09dc75082,000782.SZ,恒申新材,2024-06-15,9,3.911742925643921,0,5406,0.00029361324
a4b0f4c58fc516d471ba1f37,000783.SZ,长江证券,2024-06-15,6,3.4330224990844727,0,5406,0.00025537182
bfcbe9d60eb7c94e7673d7b9,000785.SZ,居然智家,2024-06-30,5,1.7186524868011475,0,5406,0.00019732512
85bd4a5ebe55062f65538ecb,000786.SZ,北新建材,2024-06-30,9,1.1444482803344727,0,5406,0.00014273805
95f4d5ca3f98ad5143069101,000788.SZ,北大医药,2024-06-15,10,2.7882347106933594,0,5406,0.00025343226
a1108e15f5c3c0af586baf4b,000789.SZ,万年青,2024-06-30,9,3.9448020458221436,0,5406,0.0002989584
aa685efff02fe657d96c2a17,000790.SZ,华神科技,2024-06-30,1,0.10715048760175705,0,5406,3.824157e-05
beaae5e5ac7f1a5e27de8ac0,000791.SZ,甘肃能源,2024-06-30,14,3.578848361968994,0,5406,0.00024748675
9495e61ee954ec856152e704,000792.SZ,盐湖股份,2024-06-15,6,1.6304659843444824,0,5406,0.00016087084
d232a42e2ba1b396ac37acad,000793.SZ,*ST华闻,2024-06-30,7,2.5753653049468994,0,5406,0.00020389943
f179380d19ec3494a8eebeda,000795.SZ,英洛华,2024-06-15,3,0.45354312658309937,0,5406,6.733066e-05
d5972af57d7ba3de0dacb4a7,000796.SZ,凯撒旅业,2024-06-30,6,1.9873168468475342,0,5406,0.00017850734
9c8269366cce60321e86ba2f,000797.SZ,中国武夷,2024-06-15,1,0.11334798485040665,0,5406,3.6468708e-05
68330ad7a55986a3be33a79f,000798.SZ,中水渔业,2024-06-15,5,2.017997980117798,0,5406,0.00016410409
22ca0e55236c282dd0ec9c50,000799.SZ,酒鬼酒,2024-06-15,9,3.9599344730377197,0,5406,0.00026213363
1b2bbaa5cc70acae478fae4c,000800.SZ,一汽解放,2024-06-30,6,1.8722026348114014,0,5406,0.00018537029
d2010e305d7be1d6d98e9c19,000801.SZ,四川九洲,2024-06-30,1,0.15066519379615784,0,5406,3.9929422e-05
5037048bb7986b141c43ba09,000802.SZ,北京文化,2024-06-15,11,4.202441215515137,0,5406,0.00029786598
f5e0bc1fd5d37cda3ed7b953,000803.SZ,山高环能,2024-06-15,1,0.1171153262257576,0,5406,3.540206e-05
2eb6bc760e7e68014690ca43,000807.SZ,云铝股份,2024-06-30,4,2.298525333404541,0,5406,0.00019676275
8245fafe5a1d34ad72b8772f,000809.SZ,和展能源,2024-06-15,5,1.2272300720214844,0,5406,0.00012538112
5e7a2e759617e2a5bb0c9f4f,000810.SZ,创维数字,2024-06-30,6,2.267064332962036,0,5406,0.00023500076
baa9fc0634a417c0de795c39,000811.SZ,冰轮环境,2024-06-15,5,2.3622493743896484,0,5406,0.00021258606
8c3f27b9fc264c0e3c8644aa,000812.SZ,陕西金叶,2024-06-30,0,0.0,10,1,2.7262813e-05
d80a5ccb9b7ad74ce1de5805,000813.SZ,德展健康,2024-06-15,8,1.6651294231414795,0,5406,0.00016815017
e11e785a2da1c50652204cc9,000815.SZ,美利云,2024-06-30,9,3.030653476715088,0,5406,0.00022833476
337a0856d71422756d5ead2a,000816.SZ,智慧农业,2024-06-15,8,0.982689619064331,0,5406,0.0001382062
cf591f3ea6a797220695c280,000818.SZ,航锦科技,2024-06-30,0,0.0,11,1,2.7262813e-05
32d5c19756f9a274d5132074,000819.SZ,岳阳兴长,2024-06-15,6,0.9466954469680786,0,5406,0.00010700784
d155d0467fd631584a6d68bc,000820.SZ,*ST节能,2024-06-30,10,3.2008635997772217,0,5406,0.0003045638
505c050c865e7e765e97dd70,000821.SZ,ST京机,2024-06-15,9,2.3703184127807617,0,5406,0.0002485361
295aef03fbb4ffe70e29379a,000822.SZ,山东海化,2024-06-15,10,3.53080153465271,0,5406,0.0002643551
1b84bd4cda130f2691b37e3d,000823.SZ,超声电子,2024-06-15,0,0.0,12,1,2.7262813e-05
59db836986a8c68b9da95e77,000825.SZ,太钢不锈,2024-06-30,8,1.7225120067596436,0,5406,0.00015373282
d44594c2a47e92d28c295e37,000826.SZ,启迪环境,2024-06-30,13,4.117983341217041,0,5406,0.0002780092
95599f9746b4f2b798083514,000828.SZ,东莞控股,2024-06-30,4,0.5974946618080139,0,5406,6.795284e-05
7788e55fdb7cddb93cf3aa33,000829.SZ,天音控股,2024-06-30,1,0.5052096843719482,0,5406,9.659754e-05
ae0b029942feec4de6313d7f,000830.SZ,鲁西化工,2024-06-30,5,0.6472855806350708,0,5406,7.225688e-05
48365b23f740c93e6e2d336d,000831.SZ,中国稀土,2024-06-15,5,1.1758475303649902,0,5406,0.0001432749
44bd370726bbe4a6f72a3085,000833.SZ,粤桂股份,2024-06-30,1,0.10838019102811813,0,5406,3.7142614e-05
47cb8811e0f96863cbcb0236,000837.SZ,秦川机床,2024-06-15,14,2.8301260471343994,0,5406,0.00024264606
6ab1bac020507b5a576d357e,000838.SZ,财信发展,2024-06-30,7,1.6921368837356567,0,5406,0.0001391054
7674bba58e638f307155ad9a,000839.SZ,国安股份,2024-06-15,7,2.034299850463867,0,5406,0.00017251445
5490203472587c8b96894cce,000848.SZ,承德露露,2024-06-15,7,3.3718974590301514,0,5406,0.00027712825
e998172c079511aa1e91ca9c,000850.SZ,华茂股份,2024-06-30,10,2.747938871383667,0,5406,0.00022675107
c7195e723ac67d09c3322546,000852.SZ,石化机械,2024-06-15,4,1.3857191801071167,0,5406,0.0001568641
fb6ba32971217ba1cddbd0c2,000856.SZ,冀东装备,2024-06-30,5,1.0894827842712402,0,5406,0.00014880145
47c66e631e289be552beb6be,000858.SZ,五粮液,2024-06-30,7,2.8310437202453613,0,5406,0.00020214767
5f0c10bfb0fcfd4941cf008b,000859.SZ,国风新材,2024-06-30,12,4.306406021118164,0,5406,0.00033696837
ee2faf8e7da1271b8c68f38f,000860.SZ,顺鑫农业,2024-06-30,5,1.1699162721633911,0,5406,0.00011480636
84cd02e5716c99809953284a,000862.SZ,银星能源,2024-06-30,8,2.113865852355957,0,5406,0.00015985235
746bb0ca47223c7f2c4f0b65,000863.SZ,三湘印象,2024-06-15,6,2.4892778396606445,0,5406,0.00017385892
f3fafc2cd32e892182f8a343,000868.SZ,安凯客车,2024-06-15,6,2.517498731613159,0,5406,0.00023774098
bb1d78935523aada88fb56dc,000869.SZ,张裕Ａ,2024-06-15,6,1.6289944648742676,0,5406,0.00016601029
54085865bc863163f73f02f5,000875.SZ,电投绿能,2024-06-15,4,1.096961498260498,0,5406,0.00012238335
706b3afb6032d187c1fcb3f5,000876.SZ,新希望,2024-06-30,9,3.7694733142852783,0,5406,0.0002423157
a6ef7e3f38bc6feba45bc74b,000877.SZ,天山股份,2024-06-30,9,3.7803092002868652,0,5406,0.0002870401
5ceaba7b05684579b3212bdf,000878.SZ,云南铜业,2024-06-15,7,3.5409388542175293,0,5406,0.00024407469
c279dff6d8df0dd07c638c19,000880.SZ,潍柴重机,2024-06-15,6,1.3729133605957031,0,5406,0.00016015426
ef73a175f0704f9d0f6c57e9,000881.SZ,中广核技,2024-06-30,4,0.6162188649177551,0,5406,0.00012781072
0a90470669289717956b130d,000882.SZ,华联股份,2024-06-30,11,2.797513723373413,0,5406,0.00020602586
befbbf1b0ff62c5fa47f1864,000883.SZ,湖北能源,2024-06-15,10,2.519597053527832,0,5406,0.00018490443
6994477a451efead684ff61f,000885.SZ,城发环境,2024-06-15,10,3.0969040393829346,0,5406,0.00023024462
4dbec6999cc5abe045c17dae,000886.SZ,海南高速,2024-06-15,9,3.125953197479248,0,5406,0.0002059462
0a4d2f8195528b7bef5376bd,000887.SZ,中鼎股份,2024-06-15,4,0.8770586252212524,0,5406,9.867417e-05
481362026fcbaf3a6772960a,000888.SZ,峨眉山Ａ,2024-06-15,6,1.7397971153259277,0,5406,0.00014405216
66444ab1c23d9aeb7123c7c3,000889.SZ,中嘉博创,2024-06-30,7,3.90255069732666,0,5406,0.00029253957
c6c34be4a2fd67f060318575,000890.SZ,法尔胜,2024-06-30,7,1.470992922782898,0,5406,0.00017457582
ebdd730c27f4a1e39db40401,000892.SZ,欢瑞世纪,2024-06-30,8,3.8701186180114746,0,5406,0.00025535104
54039c43eb119f97e6d45fb9,000893.SZ,亚钾国际,2024-06-30,0,0.0,13,1,2.7262813e-05
0f3906378967618e58e8f7d4,000895.SZ,双汇发展,2024-06-30,8,2.4456231594085693,0,5406,0.00017515886
2654ddc0136d9e629a346e95,000897.SZ,津滨发展,2024-06-30,6,1.2374820709228516,0,5406,0.0001048401
e369b33ef9b32b4ebacc846f,000898.SZ,鞍钢股份,2024-06-15,9,3.469573974609375,0,5406,0.00022414545
0b196ad8f6a7fbef8d21b0cf,000899.SZ,赣能股份,2024-06-30,11,2.7057149410247803,0,5406,0.0001988701
c206ac6e8203be7e5bb300ce,000900.SZ,现代投资,2024-06-15,10,2.893044948577881,0,5406,0.00020830246
f349e5813cc2854fb8564232,000901.SZ,航天科技,2024-06-30,7,2.605804681777954,0,5406,0.00019626154
4f200599a8a2871ab216427d,000902.SZ,新洋丰,2024-06-30,6,2.556283950805664,0,5406,0.0002222901
871cec2872a00bad53c8a05c,000903.SZ,ST云动,2024-06-15,3,0.6924395561218262,0,5406,7.670861e-05
4f50c6fce703b2033b1b1372,001896.SZ,豫能控股,2024-06-30,13,3.5639688968658447,0,5406,0.00027405427
8761a28f7e22c44add4123f2,000905.SZ,厦门港务,2024-06-30,10,2.0785746574401855,0,5406,0.00014319117
8ceab3e0ace374d2e44deff1,000906.SZ,浙商中拓,2024-06-15,6,1.3497331142425537,0,5406,0.00019843628
c57d7c15ee6f7104670791c3,000908.SZ,ST景峰,2024-06-30,10,2.133836269378662,0,5406,0.00022606195
1f4e9e4369e87a3ebd75da18,000909.SZ,*ST数源,2024-06-30,9,1.8937193155288696,0,5406,0.00019301167
8d9eec1bea89fba2c036aceb,000910.SZ,大亚圣象,2024-06-30,6,1.2632222175598145,0,5406,0.0001296298
0bff0f10a1a8a5d293fcadbf,000911.SZ,广农糖业,2024-06-30,7,1.9806510210037231,0,5406,0.00021241591
ef5c5ed464eb86a4ea347c15,000912.SZ,泸天化,2024-06-30,10,2.939863920211792,0,5406,0.00024747022
852609270b4dd31b98ab0c74,000913.SZ,钱江摩托,2024-06-15,8,1.773427963256836,0,5406,0.00019476617
f70abc13ebc31d01d04df4e8,000915.SZ,华特达因,2024-06-30,8,1.6690958738327026,0,5406,0.00020143217
c35d2151b0df55f9b245d7e2,000917.SZ,电广传媒,2024-06-30,9,2.6581075191497803,0,5406,0.00024028493
eba9abdc08497e8dcad98315,000919.SZ,金陵药业,2024-06-15,2,0.7772670984268188,0,5406,8.947506e-05
b72f2fa38e7f04b3385ac9ed,000920.SZ,沃顿科技,2024-06-15,6,1.757482886314392,0,5406,0.00022409932
64fed62906775a33a1381b29,000921.SZ,海信家电,2024-06-30,7,2.630066156387329,0,5406,0.0002546464
1785ec5051debbba61c93a8a,000922.SZ,佳电股份,2024-06-15,10,2.1071786880493164,0,5406,0.00020885978
b9b09e48d9f4fa8279ee6ee1,000923.SZ,河钢资源,2024-06-15,8,2.2163119316101074,0,5406,0.00016749796
b90a385c9612183f58fe3242,000925.SZ,众合科技,2024-06-15,6,2.4456634521484375,0,5406,0.00019975094
ba29bff1335a59c266cbcd33,000926.SZ,福星股份,2024-06-30,9,1.7415858507156372,0,5406,0.00015151252
6b28e4603c52ec7a58c2d52d,000927.SZ,中国铁物,2024-06-15,2,0.5752727389335632,0,5406,9.716597e-05
097531b4a0b0d57a74fd698c,000928.SZ,中钢国际,2024-06-30,5,1.300885558128357,0,5406,0.00018178977
c7698f4a82c067162ecef420,000929.SZ,*ST兰黄,2024-06-30,9,3.108551502227783,0,5406,0.000229226
3ded14e196bf6c5d5a765ccc,000930.SZ,中粮科技,2024-06-15,2,0.26939451694488525,0,5406,5.2362502e-05
23b8212d2b5e2beff4fd464d,000931.SZ,中关村,2024-06-15,1,0.10847387462854385,0,5406,4.091361e-05
42fb1e5b7174956626c1a207,000932.SZ,华菱钢铁,2024-06-30,5,0.664344072341919,0,5406,7.50306e-05
872f6bf9629bc9b232b8dd8a,000933.SZ,神火股份,2024-06-15,7,2.0700714588165283,0,5406,0.00019791732
88da23d11342d5f2c8f2b2bf,000935.SZ,四川双马,2024-06-15,10,2.4269046783447266,0,5406,0.00019903101
25a8866edef0a8d0215a4a1b,000936.SZ,华西股份,2024-06-15,12,2.2528700828552246,0,5406,0.00018222745
a03e414ff8e85a16475b6c79,000937.SZ,冀中能源,2024-06-15,9,3.542344808578491,0,5406,0.00022476204
a83d42b0ecb4140db4a7b4f3,000938.SZ,紫光股份,2024-06-15,6,0.9647860527038574,0,5406,0.00011757123
919851082e9009125b1b2059,000948.SZ,南天信息,2024-06-30,9,2.693176507949829,0,5406,0.00021027953
a6b3b8f7c32675867be42e9f,000949.SZ,新乡化纤,2024-06-30,9,3.1794519424438477,0,5406,0.00024600074
2aada6be21591142e0cb9cbc,000950.SZ,重药控股,2024-06-30,10,3.8955252170562744,0,5406,0.0002860989
7b0fba64f17ea7495ec79090,000951.SZ,中国重汽,2024-06-30,11,2.7828598022460938,0,5406,0.00027640638
bb10f25862c87266bb07e5d9,000952.SZ,广济药业,2024-06-30,11,3.358773708343506,0,5406,0.00028043866
c5ba88579e0b2a3785bd954d,000953.SZ,河化股份,2024-06-15,7,1.6824172735214233,0,5406,0.00015898171
68caa716c36ea7d097e44b35,000955.SZ,欣龙控股,2024-06-15,10,2.7828619480133057,0,5406,0.00027758395
39a669278090620832011cb0,000957.SZ,中通客车,2024-06-15,7,2.8083791732788086,0,5406,0.00025914973
d2b386dfc801dd1bfaa8c8c2,000958.SZ,电投产融,2024-06-30,0,0.0,14,1,2.7262813e-05
6fa0802e3fec645023a8379b,000959.SZ,首钢股份,2024-06-30,8,2.6632089614868164,0,5406,0.00023575037
5732d0268a35b820c0bcb2a7,000960.SZ,锡业股份,2024-06-30,2,0.6626083850860596,0,5406,9.679909e-05
fb426a666a2c0f3cfdc18875,000962.SZ,东方钽业,2024-06-15,8,1.585073471069336,0,5406,0.00014650122
06f3be9396ce9283cf43657b,000963.SZ,华东医药,2024-06-30,5,1.0943502187728882,0,5406,0.00013067889
60ab016ca5d9203bbafbceaa,000965.SZ,天保基建,2024-06-30,5,1.4424313306808472,0,5406,0.00012577977
b3c3e813dcf80c1cae24b359,000966.SZ,长源电力,2024-06-30,11,3.472562313079834,0,5406,0.00024058428
ea30e8747b354992ab38f6bb,000967.SZ,盈峰环境,2024-06-30,5,1.4683979749679565,0,5406,0.0001713354
2563ca200be88e8705fe342d,000968.SZ,蓝焰控股,2024-06-30,2,0.8880633115768433,0,5406,0.00015560011
b1fd182b8a8df784cc2e1b02,000969.SZ,安泰科技,2024-06-30,13,2.88381028175354,0,5406,0.00024182908
22a072aced2c18f31ea404b8,000970.SZ,中科三环,2024-06-15,8,3.9110240936279297,0,5406,0.00025175637
f50880b9f6ae5c6f60518d0a,000972.SZ,*ST中基,2024-06-30,6,3.6096560955047607,0,5406,0.00026355562
802a61c0d92d3d6df6ad3e81,000973.SZ,佛塑科技,2024-06-15,7,1.3154376745224,0,5406,0.00012186646
350d75f9f2d233a013c5541c,000975.SZ,山金国际,2024-06-15,7,3.8379812240600586,0,5406,0.00022780924
d9cf8ac9b0d182c6279512a7,000977.SZ,浪潮信息,2024-06-15,8,1.6989647150039673,0,5406,0.00020340687
e4e29d78bcb399249c41e6a1,000978.SZ,桂林旅游,2024-06-30,10,4.1710734367370605,0,5406,0.0002582144
0ca5266bbaffe71281cbb795,000980.SZ,众泰汽车,2024-06-30,8,2.148927688598633,0,5406,0.00020078658
2e53edbeb1aa7fc9ccffc1d8,000981.SZ,山子高科,2024-06-30,3,0.6042537689208984,0,5406,9.3024624e-05
f5f61366da1c67ba9b761a9a,000983.SZ,山西焦煤,2024-06-15,7,2.381352424621582,0,5406,0.00015275597
96a8f409b4be60f77d076801,000985.SZ,大庆华科,2024-06-15,2,0.31472450494766235,0,5406,6.3829095e-05
9804c5e4ca0ef40318d13ad1,000987.SZ,越秀资本,2024-06-30,2,0.39893487095832825,0,5406,9.134846e-05
e9ddc657e6be31457a05bd05,000988.SZ,华工科技,2024-06-30,7,1.9222033023834229,0,5406,0.00018728945
8893e7a42848b2bba8d12879,000989.SZ,九芝堂,2024-06-15,15,4.120447158813477,0,5406,0.0003278487
e81ae219d9ac5747b614bdf9,000990.SZ,诚志股份,2024-06-30,6,1.4478055238723755,0,5406,0.0001407808
06c43438378972f5c7659828,000993.SZ,闽东电力,2024-06-15,8,1.9367170333862305,0,5406,0.000153003
3ba7aa1bc72f54f83f8c42f2,000995.SZ,皇台酒业,2024-06-30,9,2.865744113922119,0,5406,0.00019740597
cd96b1bf1bd16ba68e403b40,000997.SZ,新大陆,2024-06-15,10,2.1873652935028076,0,5406,0.00022747167
01c6a65f257dc83371dca030,000998.SZ,隆平高科,2024-06-30,7,3.6622424125671387,0,5406,0.00022578835
ef0eb75f72801a6a4a5c2fcd,000999.SZ,华润三九,2024-06-30,6,1.1733248233795166,0,5406,0.000121654964
79a006702b947c16b0f7d719,002001.SZ,新和成,2024-06-30,3,0.8867368698120117,0,5406,9.800283e-05
02106563903e2d9fb5198e8c,002181.SZ,粤传媒,2024-06-30,8,3.1217777729034424,0,5406,0.00021779742
00a658c21fcdd53ad183a410,600000.SH,浦发银行,2024-06-30,9,3.37502121925354,0,5406,0.00020943295
c4b30d94e6551f5c9e0d367b,600004.SH,白云机场,2024-04-05,9,3.8187427520751953,0,5406,0.00025637506
7702a39dd117c85afa9308a7,600006.SH,东风股份,2024-04-05,10,2.9922995567321777,0,5406,0.00024243197
828d734f25a29d4fc92b2598,600007.SH,中国国贸,2024-03-25,5,1.5987495183944702,0,5406,0.0001349192
5f40b87c6faf2eb1554dc7b8,600008.SH,首创环保,2024-06-15,9,2.667520761489868,0,5406,0.00020053118
60381f20bc171997c66657e6,600009.SH,上海机场,2024-06-30,6,2.765720844268799,0,5406,0.0001814492
5e1d5bd6d2d4acc43be60452,600010.SH,包钢股份,2024-06-30,3,0.35449010133743286,0,5406,5.7718753e-05
0ecbd7e94a6a602f43fd6606,600011.SH,华能国际,2024-04-05,7,2.1583356857299805,0,5406,0.00015812353
f10e621fff3b040f1089eb23,600012.SH,皖通高速,2024-03-25,8,2.3453762531280518,0,5406,0.00016011386
b44404ca30cdab984d2711ea,600015.SH,华夏银行,2024-06-30,7,3.2500030994415283,0,5406,0.00023850049
b8dd86e5020ecb5dbcf868e3,600016.SH,民生银行,2024-06-30,5,2.3282201290130615,0,5406,0.00015848766
eaf1a79df148e8d14de98156,600019.SH,宝钢股份,2024-03-15,8,2.363030195236206,0,5406,0.00019550858
ad57e2ea8e7f980a3ca0ab7e,600020.SH,中原高速,2024-03-25,5,0.8695220947265625,0,5406,8.586747e-05
81cf4329dfab0ebaf5c6bbca,600021.SH,上海电力,2024-04-05,7,2.0103209018707275,0,5406,0.00015390478
9ff20bb8049538e43d910e0b,600026.SH,中远海能,2024-06-30,6,2.5522608757019043,0,5406,0.00023578036
08fbf6a89d235cb4e7cc9c09,600028.SH,中国石化,2024-06-30,4,1.2326550483703613,0,5406,0.00015207783
f3037a8024b46f050ab688d4,600029.SH,南方航空,2024-06-30,11,2.579012870788574,0,5406,0.00018533773
5499bc759c2794bf06b069dc,600030.SH,中信证券,2024-04-05,5,1.2711741924285889,0,5406,0.00011741778
5631385230d025237b0cec38,600031.SH,三一重工,2024-04-05,11,3.2295236587524414,0,5406,0.00033291677
4a6890849cc88e4a0a688a2e,600033.SH,福建高速,2024-06-15,11,4.33396577835083,0,5406,0.0002771655
99dd1d16dbfb8831fbb8c981,600035.SH,楚天高速,2024-06-30,10,3.979992151260376,0,5406,0.00026664764
b44f3e8811f9f33dfb6bd67c,600036.SH,招商银行,2024-03-15,2,0.8051660060882568,0,5406,7.6574004e-05
632a10f2dd620666d3da08b1,600037.SH,歌华有线,2024-04-05,7,4.1493730545043945,0,5406,0.00022143428
ab263043446e0c4dca8c169c,600038.SH,中直股份,2024-06-15,7,1.3093478679656982,0,5406,0.00013582494
1e2a4f3dac82a1561b29ebe1,600039.SH,四川路桥,2024-06-30,5,1.2549139261245728,0,5406,0.00012926263
00e9e7b41aaa235de278dbb0,600050.SH,中国联通,2024-06-15,7,2.473893165588379,0,5406,0.00020315748
d996bbf0c617f57da93049fe,600051.SH,宁波联合,2024-04-05,7,2.017238140106201,0,5406,0.00018488792
533984551b92ad7082f27f9e,600052.SH,东望时代,2024-06-30,7,1.560239315032959,0,5406,0.00017841326
4e022a2063c31b7338f08a44,600053.SH,九鼎投资,2024-06-15,2,0.2708706259727478,0,5406,0.00012376512
59b9dd01c03b5a8770dd4a66,600054.SH,黄山旅游,2024-06-15,9,4.441361427307129,0,5406,0.00026966404
55b80468fcd64753b88a650e,600056.SH,中国医药,2024-06-30,4,1.6433063745498657,0,5406,0.00013918555
2dddd2b67180f16d8355493b,600057.SH,厦门象屿,2024-04-05,6,1.2714557647705078,0,5406,0.00017423717
55452048d03ec8fa9323c9b2,600058.SH,五矿发展,2024-06-30,8,2.446842908859253,0,5406,0.0002921843
4fbeb47646f7b6d065ca228b,600055.SH,万东医疗,2024-07-01,9,2.2657291889190674,0,5406,0.00022911449
6d5b40938282afa1a210d034,600059.SH,古越龙山,2024-06-15,7,2.596351385116577,0,5406,0.00020624661
f9b4a033eabf661c8c9bd3a3,600060.SH,海信视像,2024-04-05,6,1.5570677518844604,0,5406,0.00018409251
0ddbcc80d77ebb043f0c06e6,600061.SH,国投资本,2024-04-05,4,0.9758056402206421,0,5406,0.0001367042
4b4c8871ee09d2a686e5c1a5,600062.SH,华润双鹤,2024-04-05,8,1.2792227268218994,0,5406,0.00013086648
57d9c18149b8c293f0cd8f6d,600063.SH,皖维高新,2024-04-05,8,2.148111581802368,0,5406,0.00018573785
fa5314f9c7b250a303669d28,600064.SH,南京高科,2024-03-25,4,0.7565696835517883,0,5406,0.00010266638
922d6bfa4a246bcf28139c51,600066.SH,宇通客车,2024-06-15,7,2.584127426147461,0,5406,0.00024896636
476efaeda0347bfb6df74c01,600067.SH,冠城新材,2024-06-15,8,3.3514599800109863,0,5406,0.00021353258
96093a9328187f55ac321ec3,600071.SH,凤凰光学,2024-06-30,3,0.6103817224502563,0,5406,6.786509e-05
7d1f22635d2a28a653afeb81,600072.SH,中船科技,2024-06-30,6,2.1604392528533936,0,5406,0.00021833104
5d61a33fbe0603d73465af91,600073.SH,光明肉业,2024-06-15,10,3.285776138305664,0,5406,0.0002291714
97f8d786b1cf5de3c0fb3e8b,600075.SH,新疆天业,2024-03-15,1,0.12145840376615524,0,5406,3.5569232e-05
aba2a3f102e47e1e0a042613,600076.SH,康欣新材,2024-06-15,3,0.685510516166687,0,5406,0.00013386867
9c6965ac3080eee3f82b63fa,600078.SH,澄星股份,2024-04-05,6,2.269758462905884,0,5406,0.00018735003
744ccdcc0a851e7165dd8b32,600079.SH,ST人福,2024-04-05,5,1.244563102722168,0,5406,0.00018425978
7fac715c7d06acd6b237ccea,600080.SH,金花股份,2024-06-15,4,0.5847522020339966,0,5406,8.216828e-05
c0e4a7949e0941157673152d,600081.SH,东风科技,2024-06-30,8,1.818163275718689,0,5406,0.00016267276
e0b26fdb29e49e05b6f73bd3,600082.SH,海泰发展,2024-04-05,8,2.344391345977783,0,5406,0.00025124298
ce0fde542311068ec8a65134,600084.SH,中信尼雅,2024-06-15,5,1.0800144672393799,0,5406,0.00012535583
cfabc8546ca60af71b67b68f,600085.SH,同仁堂,2024-06-15,7,2.9484686851501465,0,5406,0.00024201353
c7558af96725777b6a8945b1,600088.SH,中视传媒,2024-06-15,6,0.8829078078269958,0,5406,8.623001e-05
06ca2442a0b63cc145182f3c,600089.SH,特变电工,2024-06-30,9,2.278414011001587,0,5406,0.00021174306
2eb6a72e88b0d08b48d2a2fc,600094.SH,大名城,2024-06-30,3,0.481268048286438,0,5406,6.215818e-05
949437ecdf81c6988b3eed43,600095.SH,湘财股份,2024-06-30,7,2.163560390472412,0,5406,0.00016677714
b4201c5f68370112b1d3c856,600096.SH,云天化,2024-03-15,7,3.1372876167297363,0,5406,0.00024743637
d4774f2311398a4b9722bea5,600097.SH,开创国际,2024-06-30,7,3.0736074447631836,0,5406,0.00023561486
f8860d45312f0c4566aae0ec,600098.SH,广州发展,2024-06-30,6,2.4117472171783447,0,5406,0.00018476346
4e2b4939f3685983abb562cb,600099.SH,林海股份,2024-06-15,4,1.5735489130020142,0,5406,0.00018426102
1aa918744b083e167a4d4d98,600100.SH,同方股份,2024-06-30,2,0.5514740943908691,0,5406,6.7720866e-05
94d7972014254ecf2f371b76,600101.SH,明星电力,2024-06-30,6,1.6335527896881104,0,5406,0.00015043232
0f181afe1ee9dc0dd012372a,600103.SH,青山纸业,2024-06-15,8,1.5040078163146973,0,5406,0.00012758964
ff4d169a14382ec8889cd778,600104.SH,上汽集团,2024-03-25,11,2.9984915256500244,0,5406,0.0002761862
6e9fa1656fc2d1ca7968d442,600105.SH,永鼎股份,2024-06-30,6,1.4914908409118652,0,5406,0.00016301185
c2d6a04f2616d56b3593a6c4,600106.SH,重庆路桥,2024-04-05,5,1.2627873420715332,0,5406,0.000118894015
236e3e5c492701d02b11ef5a,600107.SH,ST尔雅,2024-04-05,3,1.0247160196304321,0,5406,0.00011971524
b01cb230f5b003b69122a2fa,600108.SH,亚盛集团,2024-04-05,10,3.552499532699585,0,5406,0.00028741677
103d0e71909c213f219c442a,600109.SH,国金证券,2024-06-30,12,2.990835666656494,0,5406,0.00022370962
a42cf7862238b19d450f402b,600110.SH,诺德股份,2024-06-15,9,3.4022176265716553,0,5406,0.00020664009
1c41b2d6eca13b8880722dd3,600111.SH,北方稀土,2024-06-30,6,2.096679449081421,0,5406,0.00024608962
06f05269f9edfdbbca9c8fda,600113.SH,浙江东日,2024-06-15,5,1.5428526401519775,0,5406,0.00017557759
b8ee4fa728ccb7632d87bc27,600114.SH,东睦股份,2024-06-30,8,2.0149755477905273,0,5406,0.00017880998
f450a96e86db35370a687b05,600115.SH,中国东航,2024-04-05,8,4.086683750152588,0,5406,0.00026066526
2cd291fcedb2a40034f769a0,600116.SH,三峡水利,2024-06-30,7,3.079028606414795,0,5406,0.00023131979
c795abbdeeac7f91f4ac774f,600117.SH,西宁特钢,2024-06-15,4,1.4189047813415527,0,5406,0.00013300013
112e2615fad95ead19441109,600118.SH,中国卫星,2024-06-15,6,2.004412889480591,0,5406,0.0001979453
d3393808f69aa8eb79300492,600119.SH,长江投资,2024-06-30,9,2.0545480251312256,0,5406,0.00023344632
c470cbe961bb78ffcc0dd90e,600120.SH,浙江东方,2024-06-30,7,1.00980806350708,0,5406,0.00018206872
18b6b7a6f3e6d41bd99ce1df,600121.SH,郑州煤电,2024-06-30,10,3.4853737354278564,0,5406,0.00023154696
e2d3b33a47b884a206ff6b63,600123.SH,兰花科创,2024-04-05,5,1.293648362159729,0,5406,0.00012130588
becca01afa61924a169ad878,600125.SH,铁龙物流,2024-06-30,4,2.0687196254730225,0,5406,0.00023582266
7b8a8494d43ac066bb787eaf,600126.SH,杭钢股份,2024-03-25,1,0.15533334016799927,0,5406,4.6781446e-05
3c1813e11dd5260728c47e99,600127.SH,金健米业,2024-06-15,6,1.6785653829574585,0,5406,0.00016997692
0a852589287289b58dcb0a71,600128.SH,苏豪弘业,2024-03-25,2,0.6602028608322144,0,5406,8.779024e-05
67ced0b159f53578fc337397,600129.SH,太极集团,2024-06-30,6,1.262963056564331,0,5406,0.0001224073
408f618ebc67c56771c402a7,600130.SH,*ST波导,2024-04-05,2,0.4062322676181793,0,5406,6.290875e-05
68194546f2c886a37a28f15f,600131.SH,国网信通,2024-06-15,10,3.384978771209717,0,5406,0.00030248202
c5ebf2e5f7f5cc3a46c79969,600132.SH,重庆啤酒,2024-07-01,6,1.1774005889892578,0,5406,0.00012989462
31a2f7c5cf8f216ef58b75df,600133.SH,东湖高新,2024-06-15,3,0.8602288365364075,0,5406,0.00014590594
8d73f36af02630dc206f3d62,600135.SH,乐凯胶片,2024-06-30,4,0.8857163190841675,0,5406,9.0663794e-05
07c44b1e1ad777d947cf651b,600136.SH,ST明诚,2024-06-30,7,2.089574098587036,0,5406,0.00016226963
3e036e4456b89ea6d19afeb3,600137.SH,浪莎股份,2024-06-30,4,0.8133436441421509,0,5406,9.091532e-05
771f24388c92073f4a6a1c90,600138.SH,中青旅,2024-04-05,11,2.845787763595581,0,5406,0.00021059597
06379aaa15c596e7541cf177,600141.SH,兴发集团,2024-06-30,10,2.2090883255004883,0,5406,0.0001940548
527651d04861ebe9f55fc56e,600148.SH,长春一东,2024-06-15,6,1.106343150138855,0,5406,0.00017853965
f1e5a2e1a3848f93b047148f,600149.SH,廊坊发展,2024-06-30,12,3.1999993324279785,0,5406,0.00023180465
e02fc52c6add7bcf9b79f161,600150.SH,中国船舶,2024-06-15,6,1.9302396774291992,0,5406,0.00019148369
a0d9f2c38c01fc2fa412fe8e,600151.SH,航天机电,2024-06-30,0,0.0,15,1,2.7262813e-05
16f4a4b58cee28ac8a982a01,600152.SH,维科技术,2024-06-15,8,1.1155757904052734,0,5406,0.00013139342
2ff851225a22a57cf573edcc,600153.SH,建发股份,2024-06-30,9,1.6601163148880005,0,5406,0.00022141583
60c6a70624f9b93d55ecf63d,600155.SH,华创云信,2024-07-01,6,1.1977794170379639,0,5406,0.00012320916
3e3ea5edbf6c1eb40546897f,600156.SH,华升股份,2024-06-30,9,2.7103536128997803,0,5406,0.0002439832
881d9370536de43d2d1390a3,600157.SH,永泰能源,2024-06-30,2,0.27310633659362793,0,5406,5.0138216e-05
aed0d17d4e950e406eb4afe3,600158.SH,中体产业,2024-06-30,1,0.16442370414733887,16,2,0.0001817521
e47669e7482814fd5d0575f6,600159.SH,大龙地产,2024-06-30,12,3.145287036895752,0,5406,0.00023355005
fb970a4259e9e805641ac2b1,600160.SH,巨化股份,2024-06-30,5,2.103116273880005,0,5406,0.00018910605
55bff5a23aabc561f7194394,600161.SH,天坛生物,2024-03-15,6,3.810236930847168,0,5406,0.00020195554
c2cbca36a8faf1e785270f37,600162.SH,香江控股,2024-06-30,9,3.0113561153411865,0,5406,0.00020845256
25c9768a7b7edf3015e7f0f9,600163.SH,中闽能源,2024-06-30,10,2.715522527694702,0,5406,0.0002026541
ccc06e01eb4e9bd16cda0562,600165.SH,ST宁科,2024-06-30,3,0.7379075288772583,0,5406,8.1446684e-05
b39e28123c4eca17aa10d926,600166.SH,福田汽车,2024-06-30,12,2.8482308387756348,0,5406,0.00026186655
1d99b8505cf891a7c9c019d9,600167.SH,联美控股,2024-06-30,5,2.8200535774230957,0,5406,0.0002089867
52ffabbd10b91c1fad4d7717,600168.SH,武汉控股,2024-06-30,11,4.151278018951416,0,5406,0.0002590977
2411ffd821046eef5a8e5828,600169.SH,ST太重,2024-04-05,10,2.189159870147705,0,5406,0.0002367986
e31e1baca10121e3a317a61c,600170.SH,上海建工,2024-06-30,7,1.8960334062576294,0,5406,0.00015084493
ee033c34158cd814f90ab290,600171.SH,上海贝岭,2024-06-30,5,0.9912586212158203,0,5406,0.00010496756
5bd601404324beb7f0ffcd70,600172.SH,黄河旋风,2024-06-15,6,2.0986828804016113,0,5406,0.00018225842
41516e45f9d9a41cda9a6e73,600173.SH,卧龙新能,2024-06-15,6,2.171271562576294,0,5406,0.00017454078
7743cf082251124380d6d68a,600176.SH,中国巨石,2024-06-30,7,3.413154125213623,0,5406,0.00026530886
6e44818d068c0e90b26b628d,600177.SH,雅戈尔,2024-06-30,7,1.9116557836532593,0,5406,0.00015005062
869a9caa1b6fca7940b8ff8b,600178.SH,东安动力,2024-06-30,5,0.6808564066886902,0,5406,9.6577416e-05
84264c3eb62f622867deffab,600179.SH,安通控股,2024-06-30,8,2.157172441482544,0,5406,0.00020216775
acfbc2a37759e291aaebceee,600180.SH,瑞茂通,2024-06-30,3,0.8217388391494751,0,5406,0.00012160072
1c39069e78837b4c705780c8,600182.SH,S佳通,2024-06-30,7,2.5602941513061523,0,5406,0.00021757423
79c96fbbf9d8e99f4f57c363,600183.SH,生益科技,2024-06-30,13,4.3790059089660645,0,5406,0.00032695828
6e450ceb26b7ec8d335c7bb8,600184.SH,光电股份,2024-06-15,6,2.4237306118011475,0,5406,0.000188163
4fe9b6f6078c3b6029463875,600185.SH,珠免集团,2024-06-30,3,1.1547801494598389,0,5406,0.00013122575
a278f861163b7ec979965646,600186.SH,莲花控股,2024-06-30,8,1.3107788562774658,0,5406,0.00013682127
fc7673c5843df934ee6023ec,600187.SH,国中水务,2024-06-30,12,3.7399134635925293,0,5406,0.00023619183
1fb191f42b7dfb6535368e1f,600188.SH,兖矿能源,2024-06-30,12,3.2939465045928955,0,5406,0.00022907516
5baf85e619358187690db6c5,600189.SH,泉阳泉,2024-07-01,2,0.26278647780418396,0,5406,4.9983948e-05
87d2350e874cd5393fc043e8,600191.SH,华资实业,2024-06-30,11,2.9861366748809814,0,5406,0.0002738374
92f4a91086c830c0f4b2596e,600192.SH,长城电工,2024-06-30,5,0.7983554601669312,0,5406,8.683142e-05
dbefe2f50a51134d930a25b8,600193.SH,*ST创兴,2024-06-30,5,1.0141479969024658,0,5406,0.0001012887
f1804fbaef25ee8e443851e6,600195.SH,中牧股份,2024-06-15,9,3.333385944366455,0,5406,0.00023725537
ab82c1c47d8665ca478b404d,600196.SH,复星医药,2024-04-05,3,0.4525572657585144,0,5406,7.052209e-05
0cb0103b118d2092aaba0b0e,600197.SH,伊力特,2024-06-30,6,1.6389906406402588,0,5406,0.00013306578
eb5300687c3436bb210102bb,600198.SH,大唐电信,2024-06-30,8,1.4492530822753906,0,5406,0.00014704019
c9f1545cce70c25b7f047c7d,600199.SH,金种子酒,2024-06-30,6,3.2994062900543213,0,5406,0.00022693095
9c354a47b1bdae43ab1e5951,600201.SH,生物股份,2024-06-30,9,4.1808271408081055,0,5406,0.00027866467
ea020c3c7f2f3aed8561a499,600202.SH,哈空调,2024-06-15,8,1.31966233253479,0,5406,0.0001406511
15b772c94d04ee95a563e03e,600203.SH,福日电子,2024-06-30,5,1.3392317295074463,0,5406,0.00016162267
dbd5dfd33098035533bcf46e,600206.SH,有研新材,2024-04-05,12,2.9820711612701416,0,5406,0.00023090054
83a527123bcd6fab16abaab7,600207.SH,安彩高科,2024-03-15,13,3.34233021736145,0,5406,0.00027826813
6f337d778963d5110aca6d01,600208.SH,衢州发展,2024-06-15,5,1.174161434173584,0,5406,0.0001251782
e89df58e135e6e69a40a0dce,600210.SH,紫江企业,2024-06-30,8,1.463230848312378,0,5406,0.00016352165
783e9a1ce319d592e9e0febe,600211.SH,西藏药业,2024-06-15,8,2.3129806518554688,0,5406,0.00022452525
7651f9bff463e1d22b5059fd,600212.SH,绿能慧充,2024-06-30,4,1.1287992000579834,0,5406,0.0001482503
d4fc416337dcd6c5fec20e7d,600215.SH,派斯林,2024-07-01,5,2.1206088066101074,0,5406,0.00017400616
526506fe444dcd7e6f675c16,600216.SH,浙江医药,2024-04-05,9,2.8171799182891846,0,5406,0.00023779449
ca655baed97003930526f627,600217.SH,中再资环,2024-06-30,3,1.0472893714904785,0,5406,0.00014758104
b556dabcaf5796f962140fd7,600218.SH,全柴动力,2024-06-15,7,2.4848365783691406,0,5406,0.00026731563
925a2041316e8896bf787482,600219.SH,南山铝业,2024-06-15,8,1.471710443496704,0,5406,0.00013226422
b171c718037a18ccc88dd7e6,600221.SH,海航控股,2024-06-30,8,3.300396680831909,0,5406,0.00021124461
7b28624234c4a48f9317bb71,600222.SH,太龙药业,2024-06-15,9,1.9207104444503784,0,5406,0.00018171933
03395c074ff53f25616c0941,600223.SH,福瑞达,2024-06-15,4,1.5883564949035645,0,5406,0.00017299104
9978136f31b04297b82ee561,600226.SH,亨通股份,2024-06-15,6,2.479022979736328,0,5406,0.00022463471
72d29e4b6f50c840bc5eda32,600227.SH,赤天化,2024-06-15,6,1.8411747217178345,0,5406,0.0001718894
af6240c32c9dd7f44d94288a,600228.SH,*ST返利,2024-06-30,6,1.8076398372650146,0,5406,0.00016380836
eddef2ec49bf9183cd93b6d8,600229.SH,城市传媒,2024-06-30,9,2.878920793533325,0,5406,0.0001780951
4b555fb31b4e8c47f5262423,600230.SH,沧州大化,2024-06-15,10,3.160489797592163,0,5406,0.00025836588
0655f63275005e9887b50fc0,600231.SH,凌钢股份,2024-06-15,5,1.4271233081817627,0,5406,0.00013726746
9e7c83a9c7be430fc3a39b5f,600232.SH,金鹰股份,2024-04-05,3,0.376670241355896,0,5406,6.277157e-05
5583f36bdc788c03caca4616,600233.SH,圆通速递,2024-06-15,6,2.384220838546753,0,5406,0.00021805664
8c616a021972be3c95d5165e,600234.SH,科新发展,2024-06-15,4,0.6764326095581055,0,5406,9.4042276e-05
8cd61fa34ac993d10c0d9b72,600235.SH,民丰特纸,2024-06-15,8,2.4095163345336914,0,5406,0.00020649254
ddd7b5284fd913e62854ab96,600236.SH,桂冠电力,2024-06-15,8,2.9767444133758545,0,5406,0.00020955724
1e609db142c9c3122fea55c7,600237.SH,铜峰电子,2024-06-15,8,2.665027618408203,0,5406,0.00020785083
a0948bfd2f0258b98a638607,600238.SH,*ST椰岛,2024-06-30,6,1.4350214004516602,0,5406,0.00014345854
7ccb9fe21e5caf28b0902f43,600239.SH,云南城投,2024-06-30,6,1.5086655616760254,0,5406,0.00013273366
775c875dac565d4318ede354,600241.SH,时代万恒,2024-06-30,8,2.7553226947784424,0,5406,0.00023474106
d3c89f6ed56a47ebbbc5d9bf,600243.SH,*ST海华,2024-04-05,5,1.147687554359436,0,5406,0.00012403999
caefacb56185af5848784e00,600246.SH,万通发展,2024-07-01,4,1.9476282596588135,0,5406,0.00020567993
c8de87f1305ea3092b39acb7,600248.SH,陕建股份,2024-06-30,11,3.9961392879486084,0,5406,0.00029987065
7f17b3c56f48f54557ccca4f,600249.SH,两面针,2024-04-05,4,1.6826307773590088,0,5406,0.00016451762
370dcc66269cd470421a22cc,600250.SH,南京商旅,2024-06-30,6,1.3782703876495361,0,5406,0.000127483
2ec08e941ad9d3c47a9f7d13,600251.SH,冠农股份,2024-03-15,8,3.0354502201080322,0,5406,0.00026291932
15249546fdb7e1c9578503c1,600252.SH,中恒集团,2024-06-30,7,1.8111357688903809,0,5406,0.0001849377
651edc25a44c07443dd30592,600255.SH,鑫科材料,2024-06-30,8,3.7188918590545654,0,5406,0.00025913987
dd53d52d4493e520aa98af9e,600256.SH,广汇能源,2024-04-05,8,2.771406888961792,0,5406,0.00025715874
c9d52eae851c64c9e1be8139,600257.SH,大湖股份,2024-04-05,8,2.662227153778076,0,5406,0.00019748765
b2957521f577673ae4036528,600258.SH,首旅酒店,2024-06-30,9,2.825028657913208,0,5406,0.00024373364
0c3b08e47c43ee3453b19d38,600259.SH,中稀有色,2024-06-15,3,0.9391684532165527,0,5406,9.9761535e-05
6f181bbe64b9d1adda937e08,600261.SH,阳光照明,2024-06-30,11,3.0282416343688965,0,5406,0.00030080456
6443a1bb0ac1b0311fdc057e,600262.SH,北方股份,2024-06-15,5,1.3784475326538086,0,5406,0.00014857312
d53b5946803e9aff5d0d646f,600265.SH,ST景谷,2024-06-30,7,2.6137773990631104,0,5406,0.00022054672
419e7ca5007a66e107cdedb3,600266.SH,城建发展,2024-06-30,7,2.076296329498291,0,5406,0.00016657848
08a6fbe4958c480b4ca90f35,600267.SH,海正药业,2024-06-15,10,1.917327642440796,0,5406,0.00019232345
c1d7ae35a1d974c5d2edeed1,600268.SH,国电南自,2024-06-15,11,3.966456413269043,0,5406,0.0002898156
b9e39a06944209f60ed727ba,600269.SH,赣粤高速,2024-04-05,10,3.9051311016082764,0,5406,0.00025117234
32dddaa1bc7b10022564ddaf,600271.SH,航天信息,2024-06-30,12,2.6946020126342773,0,5406,0.00022961442
fc15b5d00c71ae48300988e2,600272.SH,开开实业,2024-06-30,6,2.3457915782928467,0,5406,0.00019095019
76dc847695994916ab64121c,600273.SH,嘉化能源,2024-06-15,8,1.2734653949737549,0,5406,0.00012381302
d183ab863f627bc2b94400fe,600276.SH,恒瑞医药,2024-06-30,7,1.6776283979415894,0,5406,0.00016631318
0e657e1617981d5670c4bdb3,600278.SH,东方创业,2024-06-15,8,2.8997018337249756,0,5406,0.0002682422
a196c52a4d2ea24fe1e50b1f,600279.SH,重庆港,2024-06-30,9,2.448117733001709,0,5406,0.00016871137
e07057699f31c342fd870219,600280.SH,中央商场,2024-06-15,7,1.697378158569336,0,5406,0.00012667432
c0b6eaca0179135f98aac62a,600281.SH,华阳新材,2024-06-15,10,2.916410446166992,0,5406,0.00028165028
73e18f46d3e1d92d8d042b0b,600282.SH,南钢股份,2024-06-30,8,1.6030938625335693,0,5406,0.00015098914
9d3fc8a7c5ee2ae145902926,600283.SH,钱江水利,2024-04-05,8,2.8435254096984863,0,5406,0.00019954893
95797b1497da5f5b00f6819c,600284.SH,浦东建设,2024-06-30,8,2.051168918609619,0,5406,0.0001743704
c5c1be3f8550139d83506131,600285.SH,羚锐制药,2024-06-15,7,1.1922755241394043,0,5406,0.0001203731
690ccc1af6ce5471634ad7fb,600287.SH,苏豪时尚,2024-06-15,9,3.3276004791259766,0,5406,0.0002313269
5716a9c024ee5aec031506fe,600288.SH,大恒科技,2024-06-30,9,1.7391935586929321,0,5406,0.00018090314
195b6752b2dcef1fc35a2a5e,600289.SH,ST信通,2024-06-30,11,1.9792985916137695,0,5406,0.0002095492
af2240f4f07100784da8a9d9,600292.SH,电投水电,2024-06-15,9,2.9737305641174316,0,5406,0.00021150286
de81d0e60ff7971597353bdf,600293.SH,三峡新材,2024-06-15,3,1.3772974014282227,0,5406,0.00013955412
b0365e51eb82e6eed445689a,600295.SH,鄂尔多斯,2024-04-05,3,0.38657453656196594,0,5406,5.4390068e-05
6aa656e39e8c7e9bfcd1ee45,600298.SH,安琪酵母,2024-06-30,13,3.734143018722534,0,5406,0.00030300423
26155d8db8856e98a714c5c1,600299.SH,安迪苏,2024-06-15,10,1.8056443929672241,0,5406,0.00015375887
b83b0237b2e3da71ca01e6ba,600300.SH,维维股份,2024-06-30,4,0.6125745177268982,0,5406,7.6250224e-05
23a6d08bd9d02fc963eeeef3,600301.SH,华锡有色,2024-06-15,12,3.073347330093384,0,5406,0.00021102084
31a3c786134df8662716d1fe,600302.SH,标准股份,2024-06-15,4,1.183558702468872,0,5406,0.00018098191
87a59bcb380df78ff7bb4a29,600303.SH,曙光股份,2024-06-30,10,1.9019274711608887,0,5406,0.00018994421
48d8ff62f46d3ba4f1fb5b82,600305.SH,恒顺醋业,2024-06-15,6,1.3860228061676025,0,5406,0.00012842892
c2f82447fd125432a8d0485b,600307.SH,酒钢宏兴,2024-06-15,11,3.2615654468536377,0,5406,0.00021779489
407368fd9398ee1d007d5e18,600308.SH,华泰股份,2024-06-15,8,2.2605857849121094,0,5406,0.00016346315
767a08de550ee28e9c1014eb,600309.SH,万华化学,2024-06-15,9,1.6919081211090088,0,5406,0.00015437735
3d61640f0ef2bd30b3e4aea1,600310.SH,广西能源,2024-06-30,11,2.4532551765441895,0,5406,0.00020288782
d62678cf85f500e6090c19e3,600312.SH,平高电气,2024-06-15,6,1.7185184955596924,0,5406,0.00015917316
9aee6bd9284e368020f968f8,600313.SH,农发种业,2024-06-15,10,4.072185516357422,0,5406,0.00025160695
89234b945c87787294ce6aeb,600315.SH,上海家化,2024-06-30,8,3.4312551021575928,0,5406,0.00029210304
bb667fb2ce1ed9b0b5bfb8f5,600316.SH,洪都航空,2024-06-15,6,2.098306894302368,0,5406,0.00020292964
ac79c2e6b73387bf39ed6bf6,600318.SH,新力金融,2024-06-30,2,0.2709893584251404,0,5406,5.9949783e-05
8b695bc701403b92e6ffae5a,600319.SH,亚星化学,2024-06-15,6,2.098829746246338,0,5406,0.00017704163
2d20c4530b317106e3934ac9,600320.SH,振华重工,2024-06-15,7,1.1935384273529053,0,5406,0.00014623103
a43136af84dbe3070bbf0aaf,600322.SH,津投城开,2024-06-15,12,3.909381628036499,0,5406,0.00029135865
494b331f91606826ce810742,600323.SH,瀚蓝环境,2024-06-15,8,2.812711238861084,0,5406,0.00020223414
5bcb9f287c87a2305e0e3020,600325.SH,华发股份,2024-06-30,11,2.935274839401245,0,5406,0.00021543853
ebea9040d91cf20535bfd170,600326.SH,西藏天路,2024-06-15,2,0.268547385931015,0,5406,4.649624e-05
0903468cdb07e8c99b9584e2,600327.SH,大东方,2024-06-15,0,0.0,17,1,2.7262813e-05
3bb7f35ac036a9d1bdcf24d4,600328.SH,中盐化工,2024-06-15,9,3.0752525329589844,0,5406,0.00022494677
010fe72a81df38828356ca57,600329.SH,达仁堂,2024-06-15,12,2.902031660079956,0,5406,0.00023319008
5b5c5e80581fc1d1362f422a,600330.SH,天通股份,2024-06-15,13,3.171931505203247,0,5406,0.0002467091
31192ffa449cbaf8e9fcc08f,600331.SH,宏达股份,2024-06-30,7,1.3638153076171875,0,5406,0.00013350762
5e2ae22161f4bc31e3160e8c,600332.SH,白云山,2024-06-15,9,2.531754732131958,0,5406,0.00021282694
f60ff2e1ef7ac45a959a98ce,600333.SH,长春燃气,2024-06-15,10,3.503980875015259,0,5406,0.00024175824
8141c18c5ece80f56ec67caa,600335.SH,国机汽车,2024-06-15,6,1.2890448570251465,0,5406,0.00016265607
df8b49e84bc235365477ea28,600336.SH,澳柯玛,2024-06-15,6,2.830641269683838,0,5406,0.00026979815
166f43098ed55b40f5b5b7d2,600337.SH,美克家居,2024-06-15,6,2.1921439170837402,0,5406,0.00019440828
4251de9af2583e25359f4665,600338.SH,西藏珠峰,2024-06-30,8,3.0727477073669434,0,5406,0.00020346111
a2d5eb229061684174a68ef8,600339.SH,中油工程,2024-06-15,7,1.3923709392547607,0,5406,0.00018758354
c7e5ecc10a3b9d0126a49903,600340.SH,华夏幸福,2024-06-30,9,3.1206443309783936,0,5406,0.00027725854
9b41c58c2f4b2d2dfd39e52a,600343.SH,航天动力,2024-06-15,3,0.7698332071304321,0,5406,0.000100211284
2d8c3ec83a0e2d2f5f262582,600345.SH,长江通信,2024-06-15,11,3.3960001468658447,0,5406,0.00030375965
6b68c8bb128bd221d526aceb,600346.SH,恒力石化,2024-06-30,8,1.459396481513977,0,5406,0.000136076
036917e1114b546bab91ed3d,600348.SH,华阳股份,2024-06-30,2,0.2017105221748352,0,5406,9.879219e-05
237c8b320a3c0fcc15f29f4c,600350.SH,山东高速,2024-04-05,7,2.445420026779175,0,5406,0.00017385135
dcc3540e19bb6ff0898a45f6,600351.SH,亚宝药业,2024-06-30,12,3.7280073165893555,0,5406,0.0002998644
05bd92d685699fbd56f0fcb7,600352.SH,浙江龙盛,2024-06-15,9,4.135786056518555,0,5406,0.0002766281
7008e6bf0b569c81dc29364a,600353.SH,旭光电子,2024-06-15,9,2.966059923171997,0,5406,0.00022043468
68bd8374907dfca4b1fb3c37,600354.SH,敦煌种业,2024-06-15,9,3.113811731338501,0,5406,0.00019975576
958b0d3bcb67580d5fbacf9c,600355.SH,*ST精伦,2024-06-30,10,2.0487279891967773,0,5406,0.0002001309
5999221c7f7419e32376f44a,600356.SH,恒丰纸业,2024-06-15,12,2.632777690887451,0,5406,0.00022303192
2b5c10b15890ff39204f6155,600358.SH,ST联合,2024-06-15,7,1.2833285331726074,0,5406,0.00012107635
fa3f4c87909e172b84b8c5c2,600359.SH,新农开发,2024-06-15,6,3.17090106010437,0,5406,0.00026594984
4afa080f2a5c9c6c7e2a85f3,600360.SH,*ST华微,2024-06-30,9,4.323960781097412,0,5406,0.00028924426
3ee2e5e7afdd5a3be0cfbabd,600361.SH,创新新材,2024-06-15,11,2.9897453784942627,0,5406,0.00024666463
24c83555da9e546e03c85329,600362.SH,江西铜业,2024-06-15,8,2.2655484676361084,0,5406,0.00015663335
2fa4d792b4cae8e7e2741575,600363.SH,联创光电,2024-06-15,5,1.493050456047058,0,5406,0.00013989826
0c4ee9c5fe6b3bec12dd1efa,600365.SH,ST通葡,2024-06-15,7,1.879143238067627,0,5406,0.00017885269
fa82c61613e8602fc1235998,600366.SH,宁波韵升,2024-06-15,9,4.071547508239746,0,5406,0.00026471925
89308f3d3735def9dca925a9,600367.SH,红星发展,2024-06-15,10,1.6320843696594238,0,5406,0.0001578
53ff95aeb593b0924a1f20b7,600368.SH,五洲交通,2024-06-15,6,2.401761054992676,0,5406,0.00019343448
e82ed66e50b80d7ea5870b0e,600369.SH,西南证券,2024-06-30,10,3.2751259803771973,0,5406,0.00021985918
ff6658478bdd9f9bb8b78097,600370.SH,三房巷,2024-06-30,7,2.139756679534912,0,5406,0.00016777191
49f97622bb3088b4ddfd6847,600371.SH,万向德农,2024-06-15,8,3.64139986038208,0,5406,0.00022576422
9dde09869eef0ecdbbe52c44,600372.SH,中航机载,2024-06-30,12,3.020665168762207,0,5406,0.00026713518
6109e24bf8696828a071eb11,600373.SH,中文传媒,2024-06-15,9,3.9169907569885254,0,5406,0.00022810852
bee1806a08fe3f1e3d83a6c7,600375.SH,汉马科技,2024-06-15,5,1.0869420766830444,0,5406,0.00013825919
237ecb7b6e02a70217984243,600376.SH,首开股份,2024-06-30,14,4.182160377502441,0,5406,0.00029595132
9498baec170d9ee77544c24e,600377.SH,宁沪高速,2024-06-15,9,3.0157599449157715,0,5406,0.00023791536
a201ce4baec06c713fc2bfd9,600378.SH,昊华科技,2024-06-30,9,1.5687775611877441,0,5406,0.00015871928
661f402e25c0fe460c7ee070,600379.SH,宝光股份,2024-06-15,4,1.4104812145233154,0,5406,0.00013354313
7b4fd944732160f7b6511300,600380.SH,健康元,2024-07-01,4,0.8636766672134399,0,5406,0.00012359151
8723f0eb50f0c94b33de697e,600381.SH,*ST春天,2024-04-05,9,2.821072578430176,0,5406,0.00020029489
a7e43c6473be174a8ede5626,600382.SH,广东明珠,2024-04-05,2,0.6790060997009277,0,5406,9.419957e-05
d4e914833fb2aa090d419249,600383.SH,金地集团,2024-06-30,7,1.2284350395202637,0,5406,0.00011051986
7df9fdebd0eeaa4dc5b71afb,600386.SH,北巴传媒,2024-06-30,2,0.6017729043960571,0,5406,0.00015513372
7b756a1b29b5aa668104e078,600388.SH,龙净环保,2024-06-15,11,2.9515862464904785,0,5406,0.00029576613
05a2796209f918ba312c293a,600389.SH,江山股份,2024-06-15,7,1.7353935241699219,0,5406,0.00014666015
aa88df95d0d942ddb392d40d,600390.SH,五矿资本,2024-06-30,1,0.18838904798030853,0,5406,4.9696122e-05
001cc31013f3989516aac2cd,600391.SH,航发科技,2024-06-30,6,1.9209808111190796,0,5406,0.00017804818
d07b1ff6ce5f1443e612ccf2,600392.SH,盛和资源,2024-06-30,3,0.749526858329773,0,5406,0.000106066225
8d065903acc5f437380ebe08,600395.SH,盘江股份,2024-06-15,10,2.219634532928467,0,5406,0.0001516642
4112a1a472367e0152f243be,600396.SH,华电辽能,2024-06-15,11,3.0890464782714844,0,5406,0.00022362299
063eb0dd1a3cb6b1b9b569e1,600397.SH,江钨装备,2024-06-15,3,0.8288038969039917,0,5406,8.980549e-05
d8a756d530868693042b98dd,600398.SH,海澜之家,2024-06-15,8,2.4802439212799072,0,5406,0.00017867444
4a4fa681e54d2d30d59dcd39,600399.SH,抚顺特钢,2024-06-15,13,3.6998677253723145,0,5406,0.00026010151
a81db504118f3f0941df1517,600400.SH,红豆股份,2024-06-30,9,2.6896634101867676,0,5406,0.00019459028
88fa611b37f25c8766db55d9,600403.SH,大有能源,2024-06-15,6,3.7633464336395264,0,5406,0.000227755
9c651c86aff22e0779f1a33d,600405.SH,动力源,2024-06-15,4,1.5803825855255127,0,5406,0.00018350803
1c420f980410e9563f6d5033,600406.SH,国电南瑞,2024-06-15,11,3.6003007888793945,0,5406,0.00027075253
f825b13adc8f4d8dafed2836,600408.SH,安泰集团,2024-06-15,8,3.2067389488220215,0,5406,0.00026774677
5e59bc9fa3d2c9f98e57bc2d,600409.SH,三友化工,2024-04-05,5,1.0317965745925903,0,5406,0.00010620922
3d275af7ca538957818a0399,600410.SH,华胜天成,2024-06-30,14,3.2002346515655518,0,5406,0.00025958612
e3ff49c924a73743c4f7b517,600415.SH,小商品城,2026-03-13,4,1.2156071662902832,0,5406,0.0001489737
d00c02a117cbfd8b26c8bb4c,600416.SH,湘电股份,2024-03-25,5,0.7860072255134583,0,5406,0.000101262245
6dd073ed3f9937a41002e664,600418.SH,江淮汽车,2024-06-30,11,2.2178969383239746,0,5406,0.00023215252
52a8d4fe0bfc649a9f1b2ec4,600419.SH,天润乳业,2024-06-30,7,1.668601393699646,0,5406,0.0001352589
30364993b9a358f984758ef3,600420.SH,国药现代,2024-06-30,9,2.3597798347473145,0,5406,0.00022888908
c2b38ffce28d8bab6ec82356,600421.SH,*ST华嵘,2024-06-30,2,1.1575055122375488,0,5406,0.00014182251
6f1ff07e17af97a4d08ae4c0,600422.SH,昆药集团,2024-06-15,9,2.350874900817871,0,5406,0.00022921694
f46aa5f94da81a1c1d9e58c1,600423.SH,柳化股份,2024-06-15,5,1.7975372076034546,0,5406,0.00016482423
1d86b0b2e2cdd39344e8eef3,600425.SH,青松建化,2024-06-15,9,3.0338294506073,0,5406,0.00026015908
baf09080c18eae94cba12760,600426.SH,华鲁恒升,2024-06-30,7,1.1864783763885498,0,5406,0.0001259028
84aff9ae20c0a70c8a23ac48,600428.SH,中远海特,2024-06-15,2,0.1928531676530838,0,5406,5.7088662e-05
aa7a03d49c52f67b99443890,600429.SH,三元股份,2024-06-30,8,3.5592763423919678,0,5406,0.00024499188
13b83ea7c650899a71d5c10c,600433.SH,冠豪高新,2024-06-15,4,0.9041261672973633,0,5406,9.1972695e-05
ac44d539aac8f773ef6fe38a,600435.SH,北方导航,2024-04-05,12,3.31437087059021,0,5406,0.00025400653
4092558c9cbbe39ad4cc3d77,600436.SH,片仔癀,2024-06-15,4,1.1080169677734375,0,5406,0.00013774124
94468182e3d1c972a0c43ac8,600438.SH,通威股份,2024-06-30,1,0.09096212685108185,0,5406,3.6054844e-05
59943c02c2cb4d5f19020469,600439.SH,瑞贝卡,2024-06-15,2,0.7962323427200317,0,5406,0.00011316456
b8aeee1259633c0315d66cc8,600444.SH,国机通用,2024-06-30,9,2.8531527519226074,0,5406,0.00025700865
6764d6ea5f18837516b16701,600446.SH,金证股份,2024-06-30,6,1.1664490699768066,0,5406,0.00011945495
03b43ae2a9ecafc466db243e,600448.SH,华纺股份,2024-06-15,11,2.891185998916626,0,5406,0.0002450454
3665c4e610ebffd0c355359f,600449.SH,宁夏建材,2024-06-30,9,3.5008416175842285,0,5406,0.00026687962
df9e9a322c732e1e167681ff,600452.SH,涪陵电力,2024-06-30,8,2.490252733230591,0,5406,0.00026420967
c06c58905b97b69de2ca53d1,600455.SH,博通股份,2024-06-15,7,3.6715810298919678,0,5406,0.0002657536
2caeda3adf6e214f1ff7bf2c,600456.SH,宝钛股份,2024-03-15,7,2.9857826232910156,0,5406,0.00023092637
e18cbb5f0291572dc9a35f6e,600458.SH,时代新材,2024-06-30,4,0.6766381859779358,0,5406,8.710529e-05
e2908724f25ad9d287c9a2da,600459.SH,贵研铂业,2024-06-30,3,0.6556134819984436,0,5406,9.736149e-05
3674781a668733a3eb369ccc,600460.SH,士兰微,2024-06-30,6,1.6300721168518066,0,5406,0.00014697811
c33b1f0b75adde1296fe26e6,600461.SH,洪城环境,2024-06-30,10,4.355530738830566,0,5406,0.00026689374
16444976d4c4635895212152,600463.SH,空港股份,2024-06-30,6,1.4191104173660278,0,5406,0.0001770399
be1408dd85fa6d07df20ff7a,600467.SH,好当家,2024-06-15,9,2.9994499683380127,0,5406,0.00023336866
bc552ba1592f3842d1e34b22,600468.SH,百利电气,2024-06-15,12,3.185495138168335,0,5406,0.0002827178
0783f153f9d842f359a879ab,600469.SH,风神股份,2024-06-15,5,3.232604742050171,0,5406,0.00023460611
227274e704d5a10460b2b0bb,600470.SH,六国化工,2024-06-15,10,2.264400005340576,0,5406,0.0001856443
9e7bdbed77dc1fe04829923e,600475.SH,华光环能,2024-06-15,10,2.3689470291137695,0,5406,0.00024070866
67dc14230bf5fb43dbc50657,600476.SH,湘邮科技,2024-06-15,4,0.7733636498451233,0,5406,8.357817e-05
3a374c6ba80c76a8c96da02c,600477.SH,杭萧钢构,2024-06-15,7,1.6822575330734253,0,5406,0.0001643385
2a09becb8508aa27533eb589,600478.SH,科力远,2024-06-30,5,0.9093119502067566,0,5406,0.00011188527
c62c82401ec1263c93d010f0,600479.SH,千金药业,2024-06-15,8,2.5444085597991943,0,5406,0.00020847475
57fdf4b9ebfbe26cc6f2ffc9,600480.SH,凌云股份,2024-06-15,12,2.6463446617126465,0,5406,0.00021604083
d50fe8b3d62e01bb06397edb,600481.SH,双良节能,2024-06-30,5,0.6721983551979065,0,5406,9.783614e-05
cb33c627e225bfdd202add4f,600483.SH,福能股份,2024-06-15,1,0.1785685122013092,0,5406,3.89343e-05
a5e69667bd4c8df4d5945447,600486.SH,扬农化工,2024-06-15,9,2.900383949279785,0,5406,0.00019657846
31702a0a6d361ee45101456a,600487.SH,亨通光电,2024-06-30,9,3.2204957008361816,0,5406,0.0002823694
a6feedd3131403e7a7fba8f8,600488.SH,津药药业,2024-06-15,2,0.337654173374176,0,5406,6.965171e-05
7f2cca5ddef1e379ebd6df35,600489.SH,中金黄金,2024-06-15,9,2.576345920562744,0,5406,0.00016877498
8e6ab3cfcee0190ecc0dde64,600490.SH,鹏欣资源,2024-06-30,7,2.175539970397949,0,5406,0.0001599474
3245b59c414992e09055ee48,600491.SH,龙元建设,2024-06-30,7,1.3618707656860352,0,5406,0.00012593632
bb68e1d98ef8391159c32cf5,600493.SH,凤竹纺织,2024-06-15,10,2.368074655532837,0,5406,0.0002015884
7a22553621d272127a012bf5,600495.SH,晋西车轴,2024-06-15,6,0.7131561040878296,0,5406,9.637287e-05
8cf4ca81d18fde8800b2bb23,600496.SH,精工钢构,2024-06-15,8,3.192124366760254,0,5406,0.0002948262
672c7ab4456ca93a2ad1da37,600497.SH,驰宏锌锗,2024-06-30,4,0.9273306727409363,0,5406,8.277249e-05
86e7e9b879404975fd44f1fa,600498.SH,烽火通信,2024-06-15,12,2.8899426460266113,0,5406,0.00028099006
da14243edb89c883347376ae,600499.SH,科达制造,2024-06-15,2,0.18573731184005737,0,5406,4.4091856e-05
05dd9c0c80e32e21242e515a,600500.SH,中化国际,2024-06-30,3,0.389290452003479,0,5406,6.555501e-05
f297d6d99015a7380b3ab3af,600501.SH,航天晨光,2024-06-30,5,1.2826870679855347,0,5406,0.00018889963
371cd2ed386e87c3eed6572e,600502.SH,安徽建工,2024-06-15,11,4.001681804656982,0,5406,0.00029704813
2f0558c1a9f0fd830ef2383b,600503.SH,华丽家族,2024-06-30,9,2.598115921020508,0,5406,0.00020563682
224a86965ff217f3d87a84b2,600505.SH,西昌电力,2024-06-15,10,2.428086519241333,0,5406,0.0001917724
700da4146803598cc3c8f13e,600506.SH,统一股份,2024-06-15,7,2.133159875869751,0,5406,0.00019171485
8a7c4cee47507a6c579d83e8,600507.SH,方大特钢,2024-06-30,2,0.5064883828163147,0,5406,7.392431e-05
5e20a0b21958e56b9de72f02,600508.SH,上海能源,2024-06-15,2,0.698106050491333,0,5406,8.314093e-05
c66d45f2c426d56e78369a8c,600509.SH,天富能源,2024-06-30,7,2.254199504852295,0,5406,0.00018161983
ffc598263b19cdf7254fe349,600510.SH,黑牡丹,2024-06-30,0,0.0,18,1,2.7262813e-05
8db9d40af785d6d06897efea,600511.SH,国药股份,2024-04-05,9,2.9043827056884766,0,5406,0.00022039117
e684b0c18835879c7413f338,600512.SH,腾达建设,2024-06-15,9,2.549410820007324,0,5406,0.00021399283
d078bd69c764ab0e8c2e3d12,600513.SH,联环药业,2024-06-15,8,2.0282142162323,0,5406,0.00019725758
b6ea5cb9fe24902aece722e1,600515.SH,海南机场,2024-06-30,8,3.448291778564453,0,5406,0.00022421453
2c4229b0f1b33a4a2911b8d2,600516.SH,方大炭素,2024-06-15,10,2.2520601749420166,0,5406,0.00021083697
359a61e1363559df3add7d15,600517.SH,国网英大,2024-06-30,5,0.807119607925415,0,5406,0.00011711142
18aca1e382f1a60a67c23f92,600518.SH,康美药业,2024-06-30,2,0.6960391402244568,0,5406,0.0001443861
2e82b73596b33b12600214cf,600519.SH,贵州茅台,2024-03-15,7,1.4800056219100952,0,5406,0.00012326821
a27fb9deaa8539ece8b8614b,600520.SH,三佳科技,2024-06-15,12,2.9229817390441895,0,5406,0.00023007477
54f8d431522d0549ab684516,600521.SH,华海药业,2024-06-30,5,0.9036140441894531,0,5406,0.00011005403
e67286ca81d9e3adf80deda4,600522.SH,中天科技,2024-06-15,4,1.8512572050094604,0,5406,0.00017197769
73aa985fc3f8b6c15f37a7ff,600523.SH,贵航股份,2024-06-15,1,0.10700888186693192,0,5406,4.194139e-05
8a74e068c5b4c867c7d72ff7,600525.SH,ST长园,2024-06-30,2,0.8059765100479126,0,5406,9.831465e-05
99d5058dc7e6bc50bf6f868f,600526.SH,菲达环保,2024-06-30,8,3.179372787475586,0,5406,0.0002907818
0c2371e8200e0f853bbe4530,600527.SH,江南高纤,2024-06-15,12,3.2581167221069336,0,5406,0.0002518404
8f53e9a9431ce8d8e73d3ddc,600528.SH,中铁工业,2024-06-30,10,2.8435728549957275,0,5406,0.00028654988
d807422c2af6daa41724d0cd,600529.SH,山东药玻,2024-06-15,8,2.6425621509552,0,5406,0.00023262111
b57dd5df6d81bbeabfcb1d9f,600530.SH,交大昂立,2024-06-30,5,1.6686203479766846,0,5406,0.00017565904
2caacaefd4e560cd507fa661,600531.SH,豫光金铅,2024-06-15,9,3.786025047302246,0,5406,0.00026360623
d4ae27c416a4ea66164b0a36,600533.SH,栖霞建设,2024-06-15,9,3.0891051292419434,0,5406,0.00022130308
69be36d6e61da4867f544297,600535.SH,天士力,2024-06-30,4,1.2220209836959839,0,5406,0.00012725386
98d733a04d0d110bb7ddc4dd,600536.SH,中国软件,2024-06-15,15,3.7712831497192383,0,5406,0.0002882273
2c40adc71e9e7d397d954b4c,600537.SH,亿晶光电,2024-06-30,8,2.048750877380371,0,5406,0.0001769494
bc0a1d2fe6c31462449cc730,600538.SH,国发股份,2024-06-30,3,0.46623003482818604,0,5406,7.000288e-05
566fd73b95834fa07a99a4f1,600539.SH,狮头股份,2024-06-15,3,0.563113808631897,0,5406,7.1485236e-05
7d317f8b74b43ef4b9fdc3c4,600540.SH,新赛股份,2024-06-15,5,2.287959337234497,0,5406,0.00021377075
708cf580d9985cf9e4c2aa25,600543.SH,莫高股份,2024-06-15,5,1.0188452005386353,0,5406,0.000117318144
ad31e3e5857a22c0824cfc1c,600545.SH,卓郎智能,2024-06-30,6,1.417002558708191,0,5406,0.00019496161
689ff303d9a45307ad30fc42,600546.SH,山煤国际,2024-06-30,11,3.772352933883667,0,5406,0.00023407767
ebed92852737d3c9816bf88a,600547.SH,山东黄金,2024-06-30,9,4.1897478103637695,0,5406,0.0002488878
8070866153c262c92cf2204c,600548.SH,深高速,2024-03-20,5,1.8826179504394531,0,5406,0.00016391241
0c9d4d84af06b877d1f08b7b,600549.SH,厦门钨业,2024-06-30,8,1.7260609865188599,0,5406,0.00019113926
b7477c72bb2b1efa3cfdfedf,600550.SH,保变电气,2024-06-15,8,2.211876153945923,0,5406,0.00020087334
7f706c1251b55b7719b45588,600551.SH,时代出版,2024-06-30,5,1.5399659872055054,0,5406,0.00010917709
a7d90926a1b9c332c9f4f654,600552.SH,凯盛科技,2024-06-30,4,0.6851064562797546,0,5406,8.0084676e-05
4ffc61ca52cee035c8c73213,600556.SH,天下秀,2024-06-15,5,0.8491005897521973,0,5406,9.566259e-05
4bf43135f7a3ec72673bd3a0,600557.SH,康缘药业,2024-06-15,8,2.5642924308776855,0,5406,0.00024092876
4b741da4a4db97629fe0b581,600558.SH,大西洋,2024-06-15,6,1.6410939693450928,0,5406,0.00016422046
3e389f3f791b4a32ef4d0ec0,600559.SH,老白干酒,2024-06-30,10,3.464813709259033,0,5406,0.00022921128
2e72e788b73627b282cfe6da,600560.SH,金自天正,2024-06-15,8,1.9210633039474487,0,5406,0.0002348882
7907182703086322d0e8df71,600561.SH,江西长运,2024-06-30,7,3.1703364849090576,0,5406,0.00026043673
93ddc885f7ce00f9ac53f57c,600562.SH,国睿科技,2024-06-30,2,0.29668480157852173,0,5406,5.9861766e-05
95825954d1869b1727c17ef8,600563.SH,法拉电子,2024-06-30,7,2.839276075363159,0,5406,0.00021867557
6da426917506b1656bda72cd,600566.SH,济川药业,2024-03-20,11,2.7282848358154297,0,5406,0.00026583511
2777a40eeb2224e218822794,600567.SH,山鹰国际,2024-06-15,10,2.50813889503479,0,5406,0.00019228672
961e6b186eddcc883324cd35,600568.SH,ST中珠,2024-06-30,4,0.6848539710044861,0,5406,0.0001089697
834208f1c61f4bfdc09ec34b,600569.SH,安阳钢铁,2024-06-30,7,0.9797797203063965,0,5406,0.000103072525
f0620e96e1343bb039a001c4,600570.SH,恒生电子,2024-06-15,12,3.1560959815979004,0,5406,0.00027387243
04fb04519812b8a456d53e7c,600571.SH,信雅达,2024-06-30,13,3.8955025672912598,0,5406,0.0002873696
3d217819710a35458385bd3a,600572.SH,康恩贝,2024-06-30,14,3.9012012481689453,0,5406,0.00030029353
c4df1325cdc6c7b12bc3bb44,600573.SH,惠泉啤酒,2024-06-15,9,1.2864344120025635,0,5406,0.00013757595
0d85b4e84b1738222eeaf671,600575.SH,淮河能源,2024-06-30,8,3.275099039077759,0,5406,0.00023463814
25136e1dc3993cccb42e67ba,600576.SH,祥源文旅,2024-03-28,11,4.0443339347839355,0,5406,0.0002557058
bbaee2edd711fdd85f0c785e,600577.SH,精达股份,2024-06-30,8,2.2592618465423584,0,5406,0.00019425074
03fd7694ea53a57d3e639579,600578.SH,京能电力,2024-06-15,10,3.1364996433258057,0,5406,0.00021869154
7e08c0fed7cc2ac242da0451,600579.SH,中化装备,2024-06-15,5,1.841822624206543,0,5406,0.00014837988
d1b625a8551bff457f2f7249,600580.SH,卧龙电驱,2024-06-30,8,2.4920153617858887,0,5406,0.00021883579
c3af27ddef714a4262690b47,600581.SH,*ST八钢,2024-04-05,10,4.22548770904541,0,5406,0.0002721088
28aed4f967a26f94c40e5582,600582.SH,天地科技,2024-06-30,8,1.8696174621582031,0,5406,0.00017171605
9e96b13cac600360c7f0eb78,600583.SH,海油工程,2024-04-05,12,2.1488354206085205,0,5406,0.00022894169
98453000f300d745bcee332f,600584.SH,长电科技,2024-03-15,8,2.684645891189575,0,5406,0.00022035457
ac6613c82887ad2abf859083,600585.SH,海螺水泥,2024-03-15,7,1.7986412048339844,0,5406,0.00015605023
f7bbfa7af2b38ed02e5c976a,600586.SH,金晶科技,2024-06-15,9,3.280642509460449,0,5406,0.0002826389
d63e7d6632a952d1867fd68f,600588.SH,用友网络,2024-03-15,5,1.5426928997039795,0,5406,0.0001756684
71ce058f6c57ed49594dec39,600589.SH,大位科技,2024-06-15,0,0.0,19,1,2.7262813e-05
f433097e9657aa47cfab8628,600590.SH,泰豪科技,2024-06-30,1,0.14789295196533203,0,5406,4.0169107e-05
64ed74625488165eece1a1c9,600592.SH,龙溪股份,2024-06-15,5,0.9316543936729431,0,5406,0.00011074765
796a55c657e2c8449a945bbe,600593.SH,大连圣亚,2024-06-15,0,0.0,20,1,2.7262813e-05
6c90bc5074b9d03c985e2bca,600594.SH,益佰制药,2024-06-15,9,2.1183416843414307,0,5406,0.0002141244
b67988385f5298b6fb3f4b9c,600595.SH,中孚实业,2024-06-15,6,2.8069117069244385,0,5406,0.00023531409
968c76f9360b830a6921b9b3,600615.SH,鑫源智造,2024-06-15,8,2.4000000953674316,21,24,0.00031189018
b95e680b1fdb2ef1843a9f70,600587.SH,新华医疗,2024-04-05,4,0.74704509973526,0,5406,9.088305e-05
dd40079f4f637a1a7911dfb0,600596.SH,新安股份,2024-06-30,4,0.9247584342956543,0,5406,9.3104136e-05
483277f13f124af32330d7ef,600597.SH,光明乳业,2024-04-05,7,2.922551393508911,0,5406,0.00021243194
e210cd7280c61e43518e0c65,600598.SH,北大荒,2024-04-05,9,2.807790756225586,0,5406,0.00022878344
d629e329a96dd1d0c4a1bf39,600599.SH,*ST熊猫,2024-06-30,6,1.482757806777954,0,5406,0.00017846558
dfc7e5d462feb2ddfd5c251d,600600.SH,青岛啤酒,2024-06-15,5,1.5778177976608276,0,5406,0.00016911644
752f6670cdb0337329ab996d,600601.SH,方正科技,2024-06-30,8,1.8038545846939087,0,5406,0.00015102186
5c2883e81603caa8dabdfbe1,600602.SH,云赛智联,2024-06-30,11,3.4239659309387207,0,5406,0.00026745212
d0851928dbbd284283bae330,600603.SH,广汇物流,2024-06-30,5,1.4886120557785034,0,5406,0.00016589792
7bd4733ddfb2ab0af9d0ecb4,600604.SH,市北高新,2024-04-05,2,0.9101547598838806,0,5406,0.00011088265
80b05f334b1c2cdb13cb2288,600605.SH,汇通能源,2024-06-30,10,2.629587173461914,0,5406,0.00019044199
b21652b4dbfc1c65bcdf6337,600606.SH,绿地控股,2024-06-30,8,1.983463168144226,0,5406,0.00018445787
7b7080044911121b9334444d,600608.SH,*ST沪科,2024-03-20,6,1.723392128944397,0,5406,0.00020657701
b1c043aec8e8351e0a485de1,600609.SH,金杯汽车,2024-06-30,4,1.8700186014175415,0,5406,0.00018169724
c9cff05d1215d87b9f9b990c,600610.SH,中毅达,2024-06-30,4,0.8103993535041809,0,5406,9.567608e-05
976dbb04489ecc3d7ccd7481,600611.SH,大众交通,2024-03-25,7,2.868605613708496,0,5406,0.00023023342
251ca0d8223d924a07e85c8d,600612.SH,老凤祥,2024-06-30,10,4.085407257080078,0,5406,0.00025654226
62f29319a68df012b3e62cc6,600613.SH,神奇制药,2024-06-15,12,2.7678520679473877,0,5406,0.00023469934
d42f9123dba844d7b19afb6f,600616.SH,金枫酒业,2024-06-15,9,1.824399471282959,0,5406,0.00016397974
c6d02c3a7bbee9cf2ee427d8,600617.SH,国新能源,2024-06-30,8,2.8794620037078857,0,5406,0.00022949674
5140664ca1ec3ae486ad1e50,600618.SH,氯碱化工,2024-06-15,8,2.8625149726867676,0,5406,0.00021512236
cbb9339042df6ffe8c49fb8b,600619.SH,海立股份,2024-04-05,11,2.1839823722839355,0,5406,0.00020321769
8e47bd2e2c80e53f05c7ef70,600620.SH,天宸股份,2024-06-30,7,3.5387227535247803,0,5406,0.00027782677
805aee9223f6fcc5881cc8ad,600621.SH,华鑫股份,2024-06-30,9,1.8820114135742188,0,5406,0.00014253752
86233f36ecbfd86db1135da1,600622.SH,光大嘉宝,2024-06-30,8,1.342404842376709,0,5406,0.0001268186
8e8fe1b0c6b5cb4d4bd7ee74,600623.SH,华谊集团,2024-06-30,7,1.0243078470230103,0,5406,0.0001027674
bb661620305cfc00138ff631,600624.SH,ST复华,2024-06-30,5,2.792572259902954,0,5406,0.00023469335
28c42c97936b64fd56a76f79,600626.SH,申达股份,2024-06-30,6,1.648421287536621,0,5406,0.00016958461
3b7d0c2b4e31dcc83dacbb6e,600628.SH,新世界,2024-04-05,2,0.5001550316810608,0,5406,6.305082e-05
b953c6ac7970e552df342880,600629.SH,华建集团,2024-06-15,12,2.4260239601135254,0,5406,0.00020860517
cb5175ebd7259e0f8ca29161,600630.SH,龙头股份,2024-06-15,4,0.9612030982971191,0,5406,0.000100328325
61340b04cf3633aa55505fef,600633.SH,浙数文化,2024-06-30,8,2.8936634063720703,0,5406,0.00023774739
a925fe8b6dbb9abcfc1e1df9,600635.SH,大众公用,2024-03-15,5,0.8250448703765869,0,5406,9.863836e-05
959b8214991a15d1941403b0,600636.SH,*ST国化,2024-04-05,3,0.9380593299865723,0,5406,0.00011191636
15e00aca07955105498139a8,600637.SH,东方明珠,2024-06-15,5,1.5906579494476318,0,5406,0.00013363574
cc980fc7ca181a9e9c077576,600638.SH,新黄浦,2024-06-15,15,3.7442498207092285,0,5406,0.00025799987
9b72f7fc97cfc73d792d6bf4,600639.SH,浦东金桥,2024-06-15,5,1.8344273567199707,0,5406,0.00020473324
6bb82e995da5e3a557a0236f,600640.SH,国脉文化,2024-06-15,8,1.6987675428390503,0,5406,0.00015817102
5203807c55afdaffc34a5986,600641.SH,先导基电,2024-06-15,5,0.949999988079071,21,24,0.00017337716
5ed9fedb9e80f9be737fd62c,600642.SH,申能股份,2024-03-25,10,3.290921449661255,0,5406,0.00025038532
d86d95f67d956cdd200c6a0a,600643.SH,爱建集团,2024-06-30,5,1.5777809619903564,0,5406,0.00013135934
c808c0a8309293a476bff440,600644.SH,乐山电力,2024-04-05,10,3.6147053241729736,0,5406,0.00027922457
c432ff73da19a41281852c61,600645.SH,中源协和,2024-06-15,5,1.0365406274795532,0,5406,0.0002025688
67b3b74ed3aca262da405b47,600648.SH,外高桥,2024-04-05,7,1.5820820331573486,0,5406,0.00017930238
c3d8ac4d3082188c5aab109d,600649.SH,城投控股,2024-06-30,8,2.3098955154418945,0,5406,0.00020360498
50e3cc3a01730b0e06865bf2,600650.SH,锦江在线,2024-04-05,7,2.040884256362915,0,5406,0.0001735612
ba721cf70cee51c5949cb30c,600651.SH,飞乐音响,2024-06-30,1,0.11812634766101837,0,5406,3.9528124e-05
53cf1eef5eb05914e91cafb5,600653.SH,申华控股,2024-06-30,2,1.198941946029663,0,5406,0.00013710756
6b9e3b0868525abb5db5075b,600654.SH,中安科,2024-06-15,5,1.8705286979675293,0,5406,0.00013750899
2cc0bab066afba8224bd2bf2,600655.SH,豫园股份,2024-04-05,3,1.324697494506836,0,5406,0.00012202025
b55116f4ec25482df4621eae,600657.SH,信达地产,2024-06-30,5,1.4817819595336914,0,5406,0.0001259292
5c432345113cc3ac30e1f940,600658.SH,电子城,2024-04-05,8,2.3680946826934814,0,5406,0.0002585332
37fcfed0b3c19cc2a7f02a92,600660.SH,福耀玻璃,2024-06-30,3,0.64921635389328,0,5406,8.133157e-05
3875558d1958da6a4524cf41,600661.SH,昂立教育,2024-06-30,7,2.583273410797119,0,5406,0.00019955599
3e723414a2f46879cb3d6965,600662.SH,外服控股,2024-06-30,5,1.6599453687667847,0,5406,0.00019191363
322b5e40d00fcd1470b8256a,600663.SH,陆家嘴,2024-06-30,6,1.9479787349700928,0,5406,0.00016560538
54d48ff1ffdf21084928b4d9,600664.SH,哈药股份,2024-06-15,5,1.346325159072876,0,5406,0.00013033759
7ceb2c69ef13ef4de61931ac,600665.SH,天地源,2024-06-30,6,1.4767552614212036,0,5406,0.00011995981
3dc554d728ef6324f6db8a8f,600666.SH,奥瑞德,2024-06-30,6,1.8974871635437012,0,5406,0.0001625539
9a2acabd97aae208b2bc2484,600667.SH,太极实业,2024-04-05,0,0.0,22,1,2.7262813e-05
eeb8233c39c63450c8287f6f,600668.SH,尖峰集团,2024-03-25,2,0.2429012954235077,0,5406,0.00014295366
9e38e58661658ae600fac143,600671.SH,天目药业,2024-06-15,7,2.047562599182129,0,5406,0.00019349207
d6d14509c695ea710ac43299,600673.SH,东阳光,2024-06-15,0,0.0,23,1,2.7262813e-05
cfb6062f0be95b5fc30bac5f,600674.SH,川投能源,2024-06-30,10,3.3015589714050293,0,5406,0.00022746045
341e253dad08bbf4a51be349,600675.SH,中华企业,2024-04-05,9,3.4141931533813477,0,5406,0.00023990781
64beef9b76d1b3a15905731a,600676.SH,交运股份,2024-06-30,3,1.5372061729431152,0,5406,0.00018418058
07729b5518a29d06f773443b,600678.SH,四川金顶,2024-06-30,8,1.4246798753738403,0,5406,0.0001482351
7369b13ff692416689f15255,600679.SH,上海凤凰,2024-06-15,6,1.9524115324020386,0,5406,0.00021735973
a4ef9f16ead810595bb3c7fe,600681.SH,百川能源,2024-06-30,9,2.525029182434082,0,5406,0.00018306782
51e65ec651bc42f8550923ac,600682.SH,南京新百,2024-06-15,5,0.8281756639480591,0,5406,0.00013294985
ee3d23cbad4f6dfccb2bda7c,600683.SH,京投发展,2024-06-15,4,1.3584779500961304,0,5406,0.00012214862
fd0a1c7e45a3b7b6717d3192,600684.SH,珠江股份,2024-06-30,12,3.74538516998291,0,5406,0.00026274758
8dbd52908ee90fc69b8a4ca6,600685.SH,中船防务,2024-06-30,9,3.1883323192596436,0,5406,0.00030775077
714cf402c5035805fa623250,600686.SH,金龙汽车,2024-06-15,7,2.891918182373047,0,5406,0.00026241655
3eecc3ede7750d716a479551,600688.SH,上海石化,2024-06-30,6,2.541384696960449,0,5406,0.00022331721
1f70d1bb4f49e1074d92cdf4,600689.SH,上海三毛,2024-04-05,4,0.8977879285812378,0,5406,0.00011655964
0096dbf967862d1b8a1bd860,600690.SH,海尔智家,2024-06-30,8,1.9265888929367065,0,5406,0.00018913661
68217164ee896666fdaebade,600691.SH,潞安化工科技有限公司,2024-06-15,1,0.111359141767025,0,5406,7.362233e-05
8b0897d0fe13e7bbe8d4ba0b,600692.SH,亚通股份,2024-06-30,4,1.0639675855636597,0,5406,9.597437e-05
704e8777bb9d5440686dfdc9,600693.SH,东百集团,2024-06-15,6,2.0528905391693115,0,5406,0.00014935377
b6342d8e2d559f75e54137db,600694.SH,大商股份,2024-06-15,11,3.554898500442505,0,5406,0.00023497398
b78a57170f1954af40f2e132,600696.SH,*ST岩石,2024-06-30,10,3.3163702487945557,0,5406,0.00023731099
6078347c15140132aabdea6e,600697.SH,欧亚集团,2024-06-30,12,4.314181327819824,0,5406,0.00028198262
d7e95077290d7498d3802258,600698.SH,湖南天雁,2024-04-05,10,2.65130615234375,0,5406,0.0002512901
757962b7482e68c92e2d87ed,600699.SH,均胜电子,2024-06-30,8,3.2558505535125732,0,5406,0.00024451697
1471905f3dd2961964d7074d,600702.SH,舍得酒业,2024-06-30,10,3.3890421390533447,0,5406,0.0002302379
b06cbb48315afdfd14b0dd99,600703.SH,三安光电,2024-06-15,10,2.4680655002593994,0,5406,0.00020000037
e8f9cd9faeee3c391acdc2e2,600704.SH,物产中大,2024-06-30,7,1.4646029472351074,0,5406,0.00018047959
85926f79617e96d2972070b4,600706.SH,曲江文旅,2024-06-30,10,3.983461856842041,0,5406,0.00025728627
f3725e7085a8540ef98ecc41,600707.SH,彩虹股份,2024-06-30,6,0.8706955909729004,0,5406,9.2625894e-05
d16cf14f8d2417dece2012c2,600708.SH,光明地产,2024-06-30,13,2.7241666316986084,0,5406,0.00019528567
96df08fda3dda1814aa40d86,600710.SH,苏美达,2024-06-30,6,1.266341209411621,0,5406,0.00015460448
67b474388712692821030a56,600711.SH,盛屯矿业,2024-06-30,10,3.1178085803985596,0,5406,0.00024714737
f8b7402874aa066d6a681d20,600712.SH,南宁百货,2024-06-30,6,3.576843738555908,0,5406,0.00022093122
d37800009512b921b82cdcdf,600713.SH,南京医药,2024-04-05,9,2.04600191116333,0,5406,0.00017453409
0a8d12da56a43a76d06e438d,600714.SH,金瑞矿业,2024-06-15,6,1.1671507358551025,0,5406,0.0001387512
571956490146b390e44907a7,600715.SH,文投控股,2024-06-30,10,3.3355801105499268,0,5406,0.00023109477
fbe7b822703a2d3c955a5a7c,600716.SH,凤凰股份,2024-06-30,4,1.1115200519561768,0,5406,9.693367e-05
43582840d0775e9b6b1147f3,600717.SH,天津港,2024-06-30,9,4.175584316253662,0,5406,0.00025030307
c266faf9cf83023e57f535b5,600718.SH,东软集团,2024-06-15,2,0.2772185802459717,0,5406,5.354296e-05
0ada346d3929d1a1dc0c16f0,600719.SH,大连热电,2024-06-15,7,1.9978026151657104,0,5406,0.00015862926
7c3860c14e0f8f4e00549bd1,600720.SH,中交设计,2024-06-15,8,2.4663453102111816,0,5406,0.00021150142
ba20863b9beea124f98b7dfe,600721.SH,百花医药,2024-06-15,8,1.8689950704574585,0,5406,0.00016519034
c557cedb2cdd8dbe5c054cf6,600722.SH,金牛化工,2024-06-15,9,2.6438581943511963,0,5406,0.00023067069
fdb695c09b6b1b29e770e3c6,600724.SH,宁波富达,2024-04-05,1,0.16487646102905273,0,5406,4.0295996e-05
073f240e14e472c5a7190d97,600725.SH,云维股份,2024-06-30,10,3.2354331016540527,0,5406,0.0002713191
06313d559f82d96473f28e28,600726.SH,华电能源,2024-06-15,4,1.1159194707870483,0,5406,0.0001141129
e4bbed1850f1b6c3e49c46bc,600727.SH,鲁北化工,2024-04-05,7,2.1454572677612305,0,5406,0.00018612928
dd18f93af7d16b4af35fbbc0,600728.SH,佳都科技,2024-06-15,4,0.9930970668792725,0,5406,0.00012723565
24fb982e8c7f30f02dacae3e,600729.SH,重庆百货,2024-06-30,9,2.095829486846924,0,5406,0.00016365747
c6f287fd5b2395166508b454,600730.SH,中国高科,2024-06-15,7,2.054346799850464,0,5406,0.00017769955
8815e115d6cd2b9c321c34da,600731.SH,湖南海利,2024-04-05,9,2.5376136302948,0,5406,0.00018006124
0e8edce25f5274fd600c3cab,600732.SH,爱旭股份,2024-06-15,7,3.055910587310791,0,5406,0.00022749213
d224e314affc41cd8727ee97,600733.SH,北汽蓝谷,2024-06-15,8,2.5002694129943848,0,5406,0.000222328
489e545e25d19d3a588c82f2,600734.SH,实达集团,2024-06-15,8,1.6599400043487549,0,5406,0.00017293092
097321ea2d967fe4299c10be,600735.SH,ST新华锦,2024-06-30,4,1.2682561874389648,0,5406,0.00016045274
40ece1f07883b91d0aef0663,600736.SH,苏州高新,2024-06-30,5,1.1597888469696045,0,5406,0.00018761843
a74606a4b20000a52c4b65bd,600737.SH,中粮糖业,2024-06-15,5,2.036726951599121,0,5406,0.00021188923
f47f870fb481452ae185e94d,600738.SH,丽尚国潮,2024-06-30,5,1.274724006652832,0,5406,0.00012304232
b216d0df70227f7834ad9d13,600739.SH,辽宁成大,2024-06-30,0,0.0,24,1,2.7262813e-05
2c788ab39d631e51f2df9e49,600740.SH,山西焦化,2024-06-30,7,2.243621349334717,0,5406,0.0001965814
9ce03a2c80ae79a73cda91c4,600741.SH,华域汽车,2024-06-30,5,1.0957833528518677,0,5406,0.00010751808
21e7cfe79be88d748241af8f,600742.SH,富维股份,2024-06-30,10,2.8676114082336426,0,5406,0.00022257384
e884cbf699ccdf5a8f1cd9fe,600743.SH,华远控股,2024-06-15,4,1.023705244064331,0,5406,0.00021171072
2b449e793f2d5c6f16bd56bd,600744.SH,华银电力,2024-06-30,11,3.543436288833618,0,5406,0.00024390346
2e6fb514314a0156fddef0d8,600745.SH,闻泰科技,2024-06-30,4,0.8433765172958374,0,5406,0.000102766615
4127a227a464e9ed3f97a814,600746.SH,江苏索普,2024-04-05,5,1.1049131155014038,0,5406,0.00011274959
197597187b51d36496644f5d,600748.SH,上实发展,2024-06-30,8,2.9236764907836914,0,5406,0.00020476987
7a5213fab460d1e894f4340b,600749.SH,西藏旅游,2024-06-30,3,1.0784152746200562,0,5406,8.6460226e-05
4e9f2a00feedad491c35f6b0,600750.SH,华润江中,2024-06-15,5,1.9774787425994873,0,5406,0.00018201343
21135b2f1bf487578d35849f,600751.SH,海航科技,2024-06-30,2,0.3003665506839752,0,5406,4.976392e-05
fb7ed9354efe6fba62b05856,600753.SH,*ST海钦,2024-06-30,5,1.9827125072479248,0,5406,0.00017575317
9d2a934d72ca3af61316051e,600754.SH,锦江酒店,2024-06-15,4,1.444152593612671,0,5406,0.000139202
a0d629f4ad4a92288c2c83f2,600755.SH,厦门国贸,2024-03-20,9,3.0235519409179688,0,5406,0.00036558765
116e2baf130b0686149e9545,600756.SH,浪潮软件,2024-04-05,14,3.972503423690796,0,5406,0.00027979596
4d9d7c3ab0d96f2f3964d91a,600757.SH,长江传媒,2024-06-30,9,3.9075677394866943,0,5406,0.00023415976
71b5308d840e3322d394b83a,600758.SH,辽宁能源,2024-04-05,7,1.8599293231964111,0,5406,0.00015816178
603a42959ffcdba4c38769a6,600759.SH,洲际油气,2024-06-30,6,1.7517403364181519,0,5406,0.0001923962
2812de56bd7d54624405edac,600760.SH,中航沈飞,2024-06-30,7,2.305720806121826,0,5406,0.00021670891
1d54b6b6857b21cb04372dd4,600761.SH,安徽合力,2024-06-30,6,1.7298957109451294,0,5406,0.00019781476
d6828927ce0a9b40ec3c5859,600763.SH,通策医疗,2024-06-30,5,1.373575210571289,0,5406,0.00015834376
9f464d5613b25b73e5b2d618,600764.SH,中国海防,2024-06-15,8,3.0294880867004395,0,5406,0.00024573444
6f2052fb8dcaf01b3b031ade,600765.SH,中航重机,2024-06-30,11,2.5961196422576904,0,5406,0.0002339731
f98305cb7418ca554e3e099d,600768.SH,宁波富邦,2024-06-15,8,1.3847287893295288,0,5406,0.00013118364
20de4467e1a9f920df513517,600769.SH,祥龙电业,2024-06-30,6,1.7174718379974365,0,5406,0.00014066693
1268b8469fefd6d1ec980ec3,600770.SH,综艺股份,2024-04-05,5,0.9880874156951904,0,5406,0.00010621004
e66b2084992a3e091375efbb,600771.SH,广誉远,2024-06-30,9,2.6170873641967773,0,5406,0.00021971365
c627c842d62415c97fa7f7a4,600773.SH,西藏城投,2024-06-15,11,3.369021415710449,0,5406,0.00024409272
b7e8af90abd2be700e66c6bb,600774.SH,汉商集团,2024-06-15,0,0.0,25,1,2.7262813e-05
ef005346379e83f7ecbc04b2,600775.SH,南京熊猫,2024-06-30,7,1.5633169412612915,0,5406,0.00015799668
2397c38ab9707bc01df91cf6,600776.SH,东方通信,2024-04-05,12,3.2974774837493896,0,5406,0.00028912912
1d0424f2dd739c255550bbc1,600777.SH,*ST新潮,2024-04-05,5,1.7389001846313477,0,5406,0.00018644863
7dcfbd2487e053ea2981ce31,600778.SH,友好集团,2024-04-05,7,3.233530282974243,0,5406,0.00020353202
af3afec74f8dc94f4d73a560,600779.SH,水井坊,2024-06-30,8,2.6103920936584473,0,5406,0.000185444
3c29c152dd640985bb261e4f,600780.SH,通宝能源,2024-06-15,11,2.069887638092041,0,5406,0.00017515653
43b5161b6e37cef97de8db0c,600782.SH,新钢股份,2024-06-30,8,2.6774749755859375,0,5406,0.00019567089
dccd42c4f3b19a7b28fe90cd,600783.SH,鲁信创投,2024-06-15,3,0.4888743758201599,0,5406,0.00010050976
5a836ef80a4082eb97cfc691,600784.SH,鲁银投资,2024-03-25,0,0.0,26,1,2.7262813e-05
8eb14ffac2091f7ea86e7bdb,600785.SH,新华百货,2024-06-30,8,3.3529579639434814,0,5406,0.00021469843
01b024a67e46588e43186d9e,600787.SH,中储股份,2024-06-15,8,1.7122174501419067,0,5406,0.0002192775
8c3b0cde42fab9f42132c090,600789.SH,鲁抗医药,2024-06-15,6,1.9984757900238037,0,5406,0.00021012966
8e98c656aeb7c7f7eff5368b,600790.SH,轻纺城,2024-06-15,4,0.8699054718017578,0,5406,0.000112630914
d39943296706507836f92f58,600791.SH,京能置业,2024-06-30,4,1.302595853805542,0,5406,0.00011642234
1aa3e76d52ec3c5ed198fcf3,600792.SH,云煤能源,2024-06-30,6,2.768340587615967,0,5406,0.00024032425
6d09c84dde345f87ddc48f79,600793.SH,宜宾纸业,2024-04-05,7,3.3707334995269775,0,5406,0.00022552648
48434dae5fafc4e158f8a7ed,600794.SH,保税科技,2024-06-30,8,2.4018032550811768,0,5406,0.00022973152
6aec26491a5e0a92728ad192,600795.SH,国电电力,2024-06-30,10,3.645267963409424,0,5406,0.00025131612
08a4d71148f0b94e443bfa43,600796.SH,钱江生化,2024-06-15,3,0.7149134874343872,0,5406,0.000114521295
6b9ffb2b73889f6b2408b610,600797.SH,浙大网新,2024-06-30,11,2.890251398086548,0,5406,0.00022248404
8fac6dbbf790dcb9e87f3420,600798.SH,宁波海运,2024-06-15,7,2.5681259632110596,0,5406,0.00021883764
66b796420e87a8d62a4a428c,600800.SH,渤海化学,2024-04-05,11,3.6321098804473877,0,5406,0.0002592367
481d83d76acacdc4b24e8946,600801.SH,华新建材,2024-06-15,9,2.4610655307769775,0,5406,0.00020029611
f503c1a2320675485deb1ff5,600802.SH,福建水泥,2024-06-30,5,1.898533821105957,0,5406,0.00016503458
8f913ea2e738b24536ed9896,600803.SH,新奥股份,2024-06-30,5,0.740032434463501,0,5406,9.054882e-05
a860814ae278e90d9e56dd67,600805.SH,悦达投资,2024-06-30,0,0.0,27,1,2.7262813e-05
b856126838ec654c976fdde7,600807.SH,济高发展,2024-06-15,8,1.987783670425415,0,5406,0.00019852228
4f2a6a3c0d96c5e50d2eadb9,600808.SH,马钢股份,2024-06-30,6,1.4777250289916992,0,5406,0.00013576512
16b485531f20f4d2fb5d2666,600810.SH,神马股份,2024-04-05,8,2.4942164421081543,0,5406,0.00019940782
ef09da9d058dcab2d9467b5b,600812.SH,华北制药,2024-06-15,5,1.097060203552246,0,5406,0.00014199791
3efd335ccb0ee8b3553dbc1c,600814.SH,杭州解百,2024-04-05,8,4.0967488288879395,0,5406,0.00027010168
3d8b77a6e7813fa634724a10,600815.SH,厦工股份,2024-06-30,11,2.194178819656372,0,5406,0.00023255154
2a69b763de6c52f6dc0f363c,600816.SH,建元信托,2024-06-30,5,1.010974645614624,0,5406,0.00016431078
ad0ccaaa8abc1535b6a6b126,600817.SH,宇通重工,2024-06-30,7,1.590831995010376,0,5406,0.00018707752
30d4ff307d1a60b8ea879da5,600818.SH,中路股份,2024-06-30,4,0.4351034164428711,0,5406,8.13346e-05
1a3be31375828ca904733705,600819.SH,耀皮玻璃,2024-06-15,6,1.5392857789993286,0,5406,0.0001587047
7f559430036ee3aa757c5090,600820.SH,隧道股份,2024-06-30,5,0.953383207321167,0,5406,0.00012762727
c5abd03c5cc2922c6658e02f,600821.SH,金开新能,2024-06-30,10,2.532343864440918,0,5406,0.00018622316
a1940adf9d47c8e3f7ac3045,600822.SH,上海物贸,2024-06-15,3,0.9074766635894775,0,5406,0.00012040666
954f02c1bed39b29c8038b9d,600824.SH,益民集团,2024-06-30,0,0.0,28,1,2.7262813e-05
66c22707594cd9347902e4f9,600825.SH,新华传媒,2024-06-30,10,4.249063968658447,0,5406,0.0002702876
f932500e26be6d76a6995af4,600826.SH,兰生股份,2024-06-30,1,0.16660436987876892,0,5406,5.4194115e-05
eb015347961accb27c01cf74,600827.SH,百联股份,2024-06-30,10,4.335000038146973,0,5406,0.00028359203
3515b723be856f1988758f43,600828.SH,茂业商业,2024-06-30,7,2.5826644897460938,0,5406,0.00017328512
3ba8de693750c93319a262d5,600829.SH,人民同泰,2024-06-15,11,2.6627917289733887,0,5406,0.00021526041
cc5b2da9b5c06c5ab3432e77,600830.SH,香溢融通,2024-06-15,1,0.17282827198505402,0,5406,5.3749693e-05
dc2b5600cf955e6ff2ddb426,600831.SH,广电网络,2024-06-15,5,3.9233884811401367,0,5406,0.00020060435
4c4c00c05444c38f0deb47dc,600833.SH,第一医药,2024-06-15,8,3.6964221000671387,0,5406,0.00023986632
55d76077adb5d5d863e737e6,600834.SH,申通地铁,2024-06-15,5,1.0796231031417847,0,5406,0.00015516923
98f6244dc61b970c6c2aa633,600838.SH,上海九百,2024-06-15,10,3.542750597000122,0,5406,0.00024439144
730531ef2a8f8ae629ff1733,600844.SH,金煤科技,2024-06-15,4,1.7999999523162842,21,24,0.00020215461
e7c97bc46f519f7e52daca45,600809.SH,山西汾酒,2024-03-15,11,3.9222941398620605,0,5406,0.0002591523
7dd55746124cc559975efb65,600835.SH,上海机电,2024-04-05,8,3.433485984802246,0,5406,0.0002734191
64870f5fe2ea4ac3d2527426,600839.SH,四川长虹,2024-04-05,1,0.14023959636688232,0,5406,4.3513995e-05
fdf81cb27f79ff0876acdf3e,600841.SH,动力新科,2024-06-30,3,1.3466312885284424,0,5406,0.00014368756
9bda0afe41bec5bfc33e7f2a,600843.SH,上工申贝,2024-06-15,5,1.0200307369232178,0,5406,0.00016068421
6bb36b147c87863f03bc99f9,600845.SH,宝信软件,2024-06-30,5,0.5583454966545105,0,5406,8.265937e-05
aee950ce7fcf20f720ec11a8,600846.SH,同济科技,2024-06-30,14,3.1869969367980957,0,5406,0.00025576897
0e04bcafc4746b64d6d645a8,600847.SH,万里股份,2024-06-30,4,0.43701082468032837,0,5406,7.261679e-05
0dd83b1991b389214c3ef4c0,600848.SH,上海临港,2024-06-30,9,2.8399665355682373,0,5406,0.00030252087
11495792880aa3de138bddcb,600850.SH,电科数字,2024-06-30,8,2.8260843753814697,0,5406,0.00022147008
a1724000443a9f1be4838da3,600851.SH,海欣股份,2024-06-30,2,0.2950708866119385,0,5406,0.00011985859
9cdae213a9bc9c6721557b09,600853.SH,龙建股份,2024-06-30,7,1.2595571279525757,0,5406,0.00011524563
25a8fd64dc538f26a49dbf99,600854.SH,春兰股份,2024-06-15,0,0.0,29,1,2.7262813e-05
b309c81a0380f499d95a1ecb,600855.SH,航天长峰,2024-06-30,8,1.0307742357254028,0,5406,0.00012436855
3c45c6cb62bb546e73346717,600857.SH,宁波中百,2024-06-15,5,2.983367919921875,0,5406,0.00018626345
2923f16ea4fb2ac086ccf2b8,600858.SH,银座股份,2024-06-30,10,2.3019158840179443,0,5406,0.00016102869
67c5c2373e0e36a109664360,600859.SH,王府井,2024-04-05,8,2.1256744861602783,0,5406,0.00018370217
d241be016aedad6b5ad7ec3f,600860.SH,京城股份,2024-07-01,3,0.9000603556632996,0,5406,0.00011308767
08a3b7fad866a6358e0b2bb5,600861.SH,北京人力,2024-06-30,2,1.1691309213638306,0,5406,0.00014829457
b80deabd63a562d9edfa4ab9,600862.SH,中航高科,2024-06-15,6,2.0377492904663086,0,5406,0.00019259063
f7ff3402cee5cada9caadcbe,600863.SH,华能蒙电,2024-06-30,11,2.8685545921325684,0,5406,0.00020095841
9689df566f2fba8d9ebc797b,600864.SH,哈投股份,2024-04-05,2,0.47094255685806274,8,3,0.00026519434
539f6b530b2110b524deba42,600865.SH,百大集团,2024-06-30,6,1.5628161430358887,0,5406,0.0001363186
87cfc8eacbc60c9f6bea8863,600866.SH,星湖科技,2024-06-15,10,2.0854246616363525,0,5406,0.00019549395
4a962b53113eb7b7b8cc25f9,600867.SH,通化东宝,2024-06-15,1,0.7346208691596985,30,2,0.00018175207
2fa25985aa4159b75af572e3,600868.SH,梅雁吉祥,2024-06-15,2,0.28505945205688477,0,5406,4.9037866e-05
7591018dd73755555991b862,600869.SH,远东股份,2024-06-30,3,0.9909033179283142,0,5406,0.000105976236
f67906a6dbdd5ce6fa0dd35e,600871.SH,石化油服,2024-06-30,9,2.9995105266571045,0,5406,0.000284968
3589e92a22cc9f3e6c33f801,600872.SH,中炬高新,2024-06-30,9,3.2924492359161377,0,5406,0.00027218505
216da80f81c143417987858b,600873.SH,梅花生物,2024-06-15,10,2.010202646255493,0,5406,0.00019486861
cd587ca8bc6be6e709511ef2,600874.SH,创业环保,2024-06-30,9,3.7810802459716797,0,5406,0.0002464308
6651e7ebc43852f72ab5c3d7,600875.SH,东方电气,2024-06-15,9,2.8290903568267822,0,5406,0.00026647214
7a01f72bdfbcdc41d519eeb6,600876.SH,凯盛新能,2024-06-15,10,3.9092917442321777,0,5406,0.0003336344
299bc666c3222c08e3b6e2af,600877.SH,电科芯片,2024-06-15,8,1.5721545219421387,0,5406,0.00014701771
732cb9b9c62cc1e2a645dcb1,600879.SH,航天电子,2024-06-30,10,2.840637683868408,0,5406,0.00023185558
21cd28c2751ee5d7cd1587f0,600880.SH,博瑞传播,2024-06-30,6,2.555835723876953,0,5406,0.00020439272
138d7acc27cb11370b8e84f6,600881.SH,亚泰集团,2024-04-05,1,0.13457749783992767,0,5406,9.458494e-05
b711d60edc50957bcf1d5cc6,600882.SH,妙可蓝多,2024-06-30,3,0.6333286762237549,0,5406,8.5517306e-05
2d37bfe2b81c9b1a2f5bb280,600883.SH,博闻科技,2024-06-30,6,1.964560627937317,0,5406,0.00017240617
506e9f9bcb3e4a312c70a572,600884.SH,杉杉股份,2024-06-30,3,0.8579311966896057,0,5406,9.0303154e-05
7d1b165408e9ef82676c8298,600885.SH,宏发股份,2024-06-15,9,2.0790672302246094,0,5406,0.00017537888
8bf4dc40cabd209967cdfcca,600886.SH,国投电力,2024-06-30,11,2.8748483657836914,0,5406,0.00020888065
c7cfe52eca1eb05fea62d611,600887.SH,伊利股份,2024-04-05,8,1.588084101676941,0,5406,0.00014660273
ec35e4cae649a815ed92a7d0,600888.SH,新疆众和,2024-06-15,7,2.3661386966705322,0,5406,0.00017160141
aeee0434a24687eb54632796,600889.SH,南京化纤,2024-06-15,8,2.1069467067718506,0,5406,0.00017022155
b2b56ee4349e7690b71c0b78,600892.SH,*ST大晟,2024-04-05,10,3.4947762489318848,0,5406,0.0002598866
ad61f251d805f20eac3e7f16,600893.SH,航发动力,2024-06-15,7,1.348642110824585,0,5406,0.00013617854
79581494cbe27b8420469cd0,600894.SH,广日股份,2024-03-25,5,1.3411192893981934,0,5406,0.00012573342
c9ec9553054b8532f60aa9ab,600895.SH,张江高科,2024-06-30,5,0.9865109324455261,0,5406,0.00013619394
1982a7c088b599d5d7a01500,601607.SH,上海医药,2024-06-30,5,1.510687232017517,0,5406,0.00012652374
d08659333af3e2d9f47034c9,002003.SZ,伟星股份,2024-06-15,1,0.6580121517181396,0,5406,0.00014200661
8f8476e481281ac0b8ca9771,002004.SZ,华邦健康,2024-06-30,4,0.9917690753936768,0,5406,0.00013856374
e78c3acd467735c387d8482b,002005.SZ,ST德豪,2024-06-30,6,1.0812809467315674,0,5406,0.00012803209
9b933846b2464d6c53dd37a8,002006.SZ,精工科技,2024-06-30,8,1.492185115814209,0,5406,0.0002070582
9cddc538493a629ec52d35c6,002007.SZ,华兰生物,2024-06-15,7,2.480274200439453,0,5406,0.00014365625
ee312350c57bd64d716d0358,002008.SZ,大族激光,2024-06-30,8,3.2627789974212646,0,5406,0.00027010063
616adc27783967e81b7fba46,002009.SZ,天奇股份,2024-06-15,4,0.8656513690948486,0,5406,0.00010748522
0b75ce382e8fa9b463110313,002010.SZ,传化智联,2024-06-30,2,0.5486100912094116,0,5406,6.928511e-05
7751a2f1347028ff7ef4c462,002011.SZ,盾安环境,2024-06-30,7,1.6243950128555298,0,5406,0.00015631723
a7f4e85370d8b65ec33fd151,002012.SZ,凯恩股份,2024-06-30,4,1.5368874073028564,0,5406,0.00014173595
9847c1f71c2cca8f3a02188e,002014.SZ,永新股份,2024-06-30,5,1.937606930732727,0,5406,0.00018860683
ccc87343fa2d9508b67e18ad,002015.SZ,协鑫能科,2024-06-30,0,0.0,31,1,2.7262813e-05
0268b4a7d4d4442bfc5caa94,002016.SZ,世荣兆业,2024-06-30,8,2.0558557510375977,0,5406,0.00016838915
7eaf827da48838ab0ef51dee,002017.SZ,东信和平,2024-06-30,8,1.641229271888733,0,5406,0.00017826434
1045ee6c69882d392a2dca1e,002019.SZ,亿帆医药,2024-06-30,3,0.45102137327194214,0,5406,6.991426e-05
4ac3bd38a297beccaca3dd17,002020.SZ,京新药业,2024-06-15,8,1.5841999053955078,0,5406,0.00016229675
a1fa349fd4eed0d69bfb2844,002021.SZ,中捷资源,2024-06-30,9,1.9318909645080566,0,5406,0.00014625836
24d1044b5be8969a9925fb5b,002022.SZ,科华生物,2024-06-30,6,1.1106326580047607,0,5406,0.00010841447
fbeb17915d5d7aaa9ba68c6e,002023.SZ,海特高新,2024-06-15,6,1.2749965190887451,0,5406,0.00014877219
b99494ae76701545bd889a31,002024.SZ,ST易购,2024-03-15,3,0.43529975414276123,0,5406,8.118288e-05
f21170ab1f078e4e32c0c4e2,002025.SZ,航天电器,2024-06-15,12,3.263457775115967,0,5406,0.00026024104
23daba7e6e465cd059ccdeae,002026.SZ,山东威达,2024-06-15,3,0.3771396279335022,0,5406,5.4929344e-05
8a497e4a40dfc541d6e3cca9,002027.SZ,分众传媒,2024-06-30,4,0.681681215763092,0,5406,8.050216e-05
40542cff772fa7ab03ccea23,002028.SZ,思源电气,2024-06-30,11,3.034188747406006,0,5406,0.0002456869
2927bf3fc290c9fd1a31218d,002029.SZ,七匹狼,2024-06-15,9,4.0565266609191895,0,5406,0.0002908755
d0c28e3a248fa41395d9ad0b,002030.SZ,达安基因,2024-06-15,10,2.2006945610046387,0,5406,0.00018879597
ba364076a05f1d397bacc3b4,002031.SZ,巨轮智能,2024-06-15,4,1.011401891708374,0,5406,0.00012266044
1371a82bc96497864e494f64,002032.SZ,苏泊尔,2024-06-15,8,2.4022293090820312,0,5406,0.0002651812
97f15e0cf30ce90834417f92,002033.SZ,丽江股份,2024-06-30,7,2.558230400085449,0,5406,0.00017373051
65c4f6e8e2fecd1a111b8d9a,002034.SZ,旺能环境,2024-06-30,10,3.8812739849090576,0,5406,0.00026717276
e115006f475459ca001feb6f,002035.SZ,华帝股份,2024-06-30,7,2.762972831726074,0,5406,0.00021839944
9ff9d36c3f23ba39225790ae,002036.SZ,联创电子,2024-06-15,8,4.1990251541137695,0,5406,0.00027777432
2d9780527796c1dc4e4db6d9,600897.SH,厦门空港,2024-06-15,6,3.277031660079956,0,5406,0.0002117136
5da951a738382ad70b77fdca,600900.SH,长江电力,2024-06-30,8,3.290992498397827,0,5406,0.00024157578
572dc48ab7bfd2ece4cda83a,600960.SH,渤海汽车,2024-06-15,16,3.802016258239746,0,5406,0.00028862435
4d500f7838d00425449a2c1f,600963.SH,岳阳林纸,2024-06-15,8,1.9495810270309448,0,5406,0.00016961893
8ee95d7f67d74962a1cff6b0,600966.SH,博汇纸业,2024-06-30,10,3.0583701133728027,0,5406,0.00024610164
7ee5b7b05a6f2877eda78181,600967.SH,内蒙一机,2024-03-15,6,1.046910047531128,0,5406,0.00012183944
8ed53bb66a82dcdd77da57b9,600969.SH,郴电国际,2024-06-30,7,1.986977458000183,0,5406,0.00016488784
1242026e7d2bd20273ba3e9f,600975.SH,新五丰,2024-06-15,15,4.139657497406006,0,5406,0.0002764614
5892649719cb382e191300b7,600976.SH,健民集团,2024-06-30,7,1.09037446975708,0,5406,0.00012665756
4d0d77efd9deba8448969d53,600980.SH,北矿科技,2024-06-15,4,0.8427121639251709,0,5406,0.0001250936
b2b5b7724cc12933d87b9a87,600985.SH,淮北矿业,2024-06-15,6,2.854372978210449,0,5406,0.0001919897
28ce36d312f75904e4cdadcc,600986.SH,浙文互联,2024-06-30,11,3.246703624725342,0,5406,0.00023663322
da2adb792b884aa23d28f636,600988.SH,赤峰黄金,2024-06-30,8,2.5933291912078857,0,5406,0.00017111422
1ab38ee249e7968ebd8e4ca5,600990.SH,四创电子,2024-06-30,4,1.4396193027496338,0,5406,0.00017957979
9c50ba6e6e5d172f0a14cb70,600992.SH,贵绳股份,2024-06-30,6,0.9817465543746948,0,5406,0.00013107312
4f4041172c6eecb1777b84c5,600993.SH,马应龙,2024-06-15,7,1.6453101634979248,0,5406,0.00015511748
e45706ecbf947cb97cd09e2a,600995.SH,南网储能,2024-06-30,5,1.869746446609497,0,5406,0.0001539867
6f3996d046fccaf882435525,600997.SH,开滦股份,2024-06-30,6,2.0783824920654297,0,5406,0.00014791983
1928de203afafdf1ee7ab7cf,002037.SZ,保利联合,2024-06-30,7,3.836778402328491,0,5406,0.00024080949
ff0553ca34ed52b4531d2027,002038.SZ,双鹭药业,2024-06-15,13,3.6517221927642822,0,5406,0.0003315799
725d2839812ecae839127332,002039.SZ,黔源电力,2024-06-15,7,3.4170145988464355,0,5406,0.00023448306
4a4741b567f8b43c717c6092,002040.SZ,南京港,2024-06-15,5,1.358579158782959,0,5406,0.00013345378
7c9ae93bf2899f70c33e2a26,002041.SZ,登海种业,2024-06-30,7,2.750603437423706,0,5406,0.00017790488
99a827faee916f6d54017d1d,002042.SZ,华孚时尚,2024-06-30,6,2.1306686401367188,0,5406,0.00017522574
29fe8dbc3a3242c9bdafcfff,002043.SZ,兔宝宝,2024-06-30,9,2.3343896865844727,0,5406,0.00020840287
ea3cbd9e5943412bf314175f,002044.SZ,美年健康,2024-06-30,6,0.9870416522026062,0,5406,0.00010511698
6ffe8a0a61e2c199d3dc00f6,002045.SZ,国光电器,2024-06-15,5,1.647263526916504,0,5406,0.00017067959
2b8bb5a117546aef2ce56a0f,002046.SZ,国机精工,2024-06-15,8,1.3811461925506592,0,5406,0.00016677009
0a50aa5971f634668a467ca8,002047.SZ,*ST宝鹰,2024-06-30,6,1.5498344898223877,0,5406,0.00014417895
316c652aeb671cf89c8e4c0c,002048.SZ,宁波华翔,2024-06-30,13,3.3609704971313477,0,5406,0.00025192878
4aee93258e2d711b3f7f3763,002049.SZ,紫光国微,2024-06-30,5,1.7210676670074463,0,5406,0.000163961
44de2fd61441a755764d1cf4,002050.SZ,三花智控,2024-06-30,14,3.544482707977295,0,5406,0.000317596
a94e8d37c9dd643263a8ad2c,002051.SZ,中工国际,2024-06-30,10,2.715324640274048,0,5406,0.00029850265
fab7377d0844ba6ba204e8ae,002052.SZ,同洲电子,2024-06-15,7,2.5190181732177734,0,5406,0.00024077602
dc26b4bf94b0a3bf0bdfc680,002053.SZ,云南能投,2024-06-15,0,0.0,32,1,2.7262813e-05
cd733a55f7fa54c353bb7f4c,002054.SZ,德美化工,2024-06-15,9,1.6596598625183105,0,5406,0.00017015233
a3ff75abb1dca61eb1f7fd64,002055.SZ,ST得润,2024-06-15,7,1.7237024307250977,0,5406,0.00015959777
73c20ac06a05eef2c728abbb,002056.SZ,横店东磁,2024-07-01,3,1.098130226135254,0,5406,0.00010873068
76de67804f05431f5cab9805,002057.SZ,中钢天源,2024-06-15,5,1.3134464025497437,0,5406,0.00011616224
278c3fd6e4edb8bd3522c54d,002058.SZ,*ST威尔,2024-06-30,7,2.388382911682129,0,5406,0.0002657879
5f442a80f5bf07124b329dbd,002059.SZ,云南旅游,2024-06-30,6,2.835427761077881,0,5406,0.00019848497
a5729117ad8abdac95f61e0e,002060.SZ,广东建工,2024-06-30,8,4.095999717712402,0,5406,0.00030685944
f9136eafff5efbe20d71bc13,002061.SZ,浙江交科,2024-06-30,3,0.4235231876373291,0,5406,7.426749e-05
f9d6266c513e1bb2d2503be5,002062.SZ,宏润建设,2024-06-30,4,0.6984487771987915,0,5406,9.728222e-05
4a89be91f0076c1f41bfeede,002063.SZ,远光软件,2024-06-15,7,1.0419199466705322,0,5406,0.000115042545
266527df182a6ef91ce9dd36,002064.SZ,华峰化学,2024-06-30,5,1.7390196323394775,0,5406,0.0001645957
d1f1764e5ef8a4c3d5f47874,002065.SZ,东华软件,2024-06-30,11,2.2840185165405273,0,5406,0.00020888988
f0ff67a9746dedc6c08f04bc,300150.SZ,世纪瑞尔,2024-06-15,8,2.2259957790374756,0,5406,0.0001822663
21afa0fd47d77e2614f940d6,600022.SH,山东钢铁,2024-06-30,11,3.6017885208129883,0,5406,0.00024025563
f71d949583ead5610c32a62d,600027.SH,华电国际,2024-06-15,10,3.9243924617767334,0,5406,0.00026866226
06ee1e48a59e71a0c3ad64e9,600048.SH,保利发展,2024-03-15,6,1.7429063320159912,0,5406,0.00014730795
4e8f20097d8083ae8758d58c,600143.SH,金发科技,2024-06-30,9,1.635833501815796,0,5406,0.0001646665
35b3c74df590951234929ba8,600482.SH,中国动力,2024-06-15,11,2.164761781692505,0,5406,0.0002167999
207dc74b1d0a1f6a6b1e8d45,600961.SH,株冶集团,2024-06-30,7,2.2638967037200928,0,5406,0.00016800703
7e963724a6fb15f2a70584e2,600962.SH,国投中鲁,2024-04-05,3,0.7279722094535828,0,5406,8.7449924e-05
682d64a290ca60e3f4f16b88,600965.SH,福成股份,2024-03-15,5,1.8984795808792114,0,5406,0.00016670293
b5081ca61bc8c61cbe22b14f,600970.SH,中材国际,2024-03-15,5,1.0363407135009766,0,5406,0.00014961654
9392a4d4434ea1738a2bd0dd,600971.SH,恒源煤电,2024-06-30,8,3.0238773822784424,0,5406,0.00020271745
59df4325a2b14819a09adedb,600973.SH,宝胜股份,2024-06-15,13,3.0525078773498535,0,5406,0.0002829629
bf9b8cbbb4cf1afc80c6d891,600979.SH,广安爱众,2024-06-30,5,1.2167147397994995,0,5406,0.0001115165
6d186b5e27e44f6e647d962d,600981.SH,苏豪汇鸿,2024-06-30,9,2.3051598072052,0,5406,0.0002599091
483bf872b3d41c973118a79e,600982.SH,宁波能源,2024-06-15,7,1.9693928956985474,0,5406,0.00016140932
d130453e88dac820f5a98f68,600983.SH,惠而浦,2024-06-15,7,1.222252368927002,0,5406,0.00012945117
e3c42ac31feafe75c158f38f,600984.SH,建设机械,2024-06-30,6,0.9959959387779236,0,5406,0.00012148502
3eac415afcbaf7cd80e8fc53,600987.SH,航民股份,2024-03-25,2,0.2814481258392334,0,5406,4.946253e-05
0de1066e4338e96ec3037e60,601001.SH,晋控煤业,2024-06-30,9,2.774078607559204,0,5406,0.00018531847
a3e3cef1d1f0cac87e1b47f8,601006.SH,大秦铁路,2024-06-30,2,0.3465780019760132,0,5406,6.150376e-05
02826105f53983c6a5837511,601988.SH,中国银行,2024-06-30,5,2.033019781112671,0,5406,0.00016126428
700d61a110df25a6b8c771ba,002066.SZ,瑞泰科技,2024-06-15,7,2.9813711643218994,0,5406,0.00019635748
39aa24952f5ca04845fd8960,002067.SZ,景兴纸业,2024-06-30,9,3.390211582183838,0,5406,0.00023017263
be9d99a15c86a05d720387db,002068.SZ,黑猫股份,2024-06-30,9,2.971187114715576,0,5406,0.00024551663
ddf3ecd62d14af298ec9c601,002069.SZ,獐子岛,2024-06-30,7,2.9275918006896973,0,5406,0.0002263374
2708a7c91d9d6e01a1b0dc35,002072.SZ,凯瑞德,2024-06-30,3,0.37216702103614807,0,5406,8.7439206e-05
9a402c3e609c685408c485e9,002073.SZ,软控股份,2024-06-15,5,2.5824427604675293,0,5406,0.00026060487
b3f2b6e3bea93973fbd37c54,002074.SZ,国轩高科,2024-06-30,4,0.7639601826667786,0,5406,9.982555e-05
e4115315615ae0c139918dc1,002075.SZ,沙钢股份,2024-06-30,6,3.2923099994659424,0,5406,0.00021517432
6ec13a816cd7ad47a40c73eb,002076.SZ,*ST星光,2024-03-15,5,1.1618751287460327,0,5406,0.00010801343
3f94dff72e6313e996f96eda,002077.SZ,大港股份,2024-06-30,2,0.20281442999839783,0,5406,5.2115498e-05
f6df4472df90d95956d1416c,002078.SZ,太阳纸业,2024-06-30,10,3.586378812789917,0,5406,0.00024920885
d62438749ad60f59428b7d98,002079.SZ,苏州固锝,2024-06-30,10,3.4175987243652344,0,5406,0.00023464576
d23c6879c0d5c4ae892158d2,002080.SZ,中材科技,2024-06-30,9,1.8527432680130005,0,5406,0.00016405329
e95bbb2cb07264ddd7584857,002081.SZ,金螳螂,2024-06-30,10,2.3498570919036865,0,5406,0.00021674788
27b7c4c187d27f722c6626cf,002082.SZ,万邦德,2024-06-30,4,0.5276620388031006,0,5406,6.865454e-05
8113613c4579f7b2c9c0b4cf,002083.SZ,孚日股份,2024-06-15,6,1.2564185857772827,0,5406,0.0001536144
cea38807417efab828b185a4,002084.SZ,海鸥住工,2024-06-15,8,1.5746749639511108,0,5406,0.00019032092
f9e301f85328ddc939fa642f,002085.SZ,万丰奥威,2024-06-30,6,1.445549726486206,0,5406,0.00012964346
dde392a62f756b626ec4a4e8,002086.SZ,东方海洋,2024-06-15,3,0.34256666898727417,0,5406,5.154199e-05
8c39390fa97ad224fb437968,002088.SZ,鲁阳节能,2024-06-15,6,1.7920836210250854,0,5406,0.00014939261
94d025775fece689a761d87a,002090.SZ,金智科技,2024-06-30,4,0.5947974324226379,0,5406,7.802865e-05
948313e0bf537d7974f97896,002091.SZ,江苏国泰,2024-06-30,0,0.0,33,1,2.7262813e-05
26aef345cc1a980f125b3ed7,002092.SZ,中泰化学,2024-06-15,10,3.9387872219085693,0,5406,0.00028005615
9605358ad8c6f8b424afd2db,002093.SZ,国脉科技,2024-06-15,5,1.1639503240585327,0,5406,0.00012357223
e6095e2884dc8796d843f1ac,002094.SZ,青岛金王,2024-06-30,6,0.7957521080970764,0,5406,0.00014378267
898a1685b8291fc4a73d91ee,002095.SZ,生意宝,2024-06-15,3,0.5526453256607056,0,5406,0.00011940869
1c7f6e72ed7f5c7ea6129126,002096.SZ,易普力,2024-06-30,8,2.0458269119262695,0,5406,0.00015680827
14ce297f4f59e4b3ae666044,002097.SZ,山河智能,2024-06-15,7,1.5236842632293701,0,5406,0.00016183229
da6fc92ed492bf72d443cc75,002098.SZ,浔兴股份,2024-06-30,2,0.764144778251648,0,5406,0.00015676497
c122614c0c777c76d02277c1,002099.SZ,海翔药业,2024-06-15,9,2.154186248779297,0,5406,0.0002068174
74c930a6c326802cb50f98fa,002100.SZ,天康生物,2024-06-30,8,1.5659098625183105,0,5406,0.0001270371
5c3e97c7bef6c75de39de17b,002101.SZ,广东鸿图,2024-06-15,8,1.7884947061538696,0,5406,0.00015750478
e704cc144d37ebc3f5120854,002102.SZ,能特科技,2024-06-30,7,1.5465099811553955,0,5406,0.00015428076
191eb03cabb8c793c17a125d,002103.SZ,广博股份,2024-06-15,3,0.601969301700592,0,5406,0.00013219014
091fe7a5f0777ff6d183991c,002104.SZ,恒宝股份,2024-06-30,13,2.4841699600219727,0,5406,0.00024120694
91d19d4056a0108500832678,002105.SZ,信隆健康,2024-06-30,1,0.16347840428352356,0,5406,5.2566593e-05
57145258d36685000e7e24a9,002110.SZ,三钢闽光,2024-06-30,6,2.534181594848633,0,5406,0.00017122232
7eda9df746d74bfd380dde63,002279.SZ,久其软件,2024-06-30,10,2.9492788314819336,0,5406,0.00023900795
c9c84df1727ffd127bab8ae0,300016.SZ,北陆药业,2024-06-15,4,0.4894115924835205,0,5406,6.78798e-05
c298f9a0c8b42a452fa57848,300271.SZ,华宇软件,2024-06-30,8,2.8529341220855713,0,5406,0.00022574322
0fcf5f399c268a82c0165a14,600017.SH,日照港,2024-06-30,10,4.380101680755615,0,5406,0.00027428727
2d7053c6f9b10eaa34a5f931,600018.SH,上港集团,2024-04-05,12,3.9869275093078613,0,5406,0.00024961802
e863b48851b0312ec5402bbb,601111.SH,中国国航,2024-06-30,8,3.5431501865386963,0,5406,0.00023560783
b6655ce27033cfdaf4749033,601333.SH,广深铁路,2024-06-30,2,0.7155458927154541,0,5406,0.000114419185
8ff2de87892b2acf366f9131,601398.SH,工商银行,2024-06-30,7,2.7178187370300293,0,5406,0.00020669083
9a7fe3ebdf2c0589b5f4ccfd,601588.SH,北辰实业,2024-06-30,12,3.449671983718872,0,5406,0.00026435682
4a9f997baed74fb09aeb1a4e,601666.SH,平煤股份,2024-03-15,6,2.9110474586486816,0,5406,0.00018212675
9a8f5fa1f2657cf4988682dc,601699.SH,潞安环能,2024-06-30,9,4.334826469421387,0,5406,0.00026067093
ec7698b3c7e8854e0c7aac4f,601872.SH,招商轮船,2024-06-30,4,1.715296983718872,0,5406,0.00017108968
70243f189afc6ec8cd2d62b4,601991.SH,大唐发电,2024-06-30,8,2.0709786415100098,0,5406,0.00015333088
ea45f29b21ab0ff57d8a8c3d,000338.SZ,潍柴动力,2024-06-15,6,1.299536943435669,0,5406,0.0001496122
87c6d9e6f35fe76d13be66dd,002106.SZ,莱宝高科,2024-06-30,4,0.8988692164421082,0,5406,9.8337136e-05
7062eaf756d593d6144a6bc9,002107.SZ,沃华医药,2024-06-15,10,2.5169620513916016,0,5406,0.00020446372
a3f3b02cee5d4d3c92367830,002108.SZ,沧州明珠,2024-06-30,1,0.49668610095977783,0,5406,6.664575e-05
a1d16425bbe00655e334617f,002109.SZ,兴化股份,2024-06-30,11,3.4138407707214355,0,5406,0.00027626546
1f2948e9121b8d1d90ee51d1,002111.SZ,威海广泰,2024-06-15,5,1.313842535018921,0,5406,0.00016291646
f82574f94a02b496677a8c8b,002112.SZ,三变科技,2024-06-15,8,2.1826703548431396,0,5406,0.00020416116
030709533aba025fa45b5b25,002114.SZ,罗平锌电,2024-06-30,12,3.8983895778656006,0,5406,0.00026963066
4b2a0caaddee8ca38774f98c,002115.SZ,三维通信,2024-06-15,13,2.470262050628662,0,5406,0.000244327
4ac257541857797df3c45eb2,002116.SZ,中国海诚,2024-06-15,1,0.07869473099708557,0,5406,4.08723e-05
be24eb8097a0f0d2b9cd7655,002117.SZ,东港股份,2024-06-30,3,0.4283067584037781,0,5406,5.916278e-05
984772ed186d2c84d8424163,002119.SZ,康强电子,2024-06-30,11,2.9033327102661133,0,5406,0.0002451337
d6ab6eeb62c221e85f67929f,002120.SZ,韵达股份,2024-06-30,3,1.818068504333496,0,5406,0.00017249607
975e7a209e527d791d274b67,002121.SZ,科陆电子,2024-06-30,9,3.2328686714172363,0,5406,0.00024566206
3993ad72121a788e0eb703f9,002122.SZ,ST汇洲,2024-06-30,9,1.7108832597732544,0,5406,0.00014765753
cf0a0389217f745de1d8273c,002123.SZ,梦网科技,2024-06-30,8,3.8712124824523926,0,5406,0.00029134785
cf983adb3dd6ccc8ccc7dec2,002124.SZ,天邦食品,2024-06-30,11,4.083586692810059,0,5406,0.00026129425
e37a54f5fdf810b3c1fd1406,002125.SZ,湘潭电化,2024-06-30,6,1.774073839187622,0,5406,0.0001525929
f7c6965d220cda424691890d,002126.SZ,银轮股份,2024-06-30,7,1.3919920921325684,0,5406,0.00014017377
994d7f4187c0a11f045fffa8,002127.SZ,南极电商,2024-06-30,2,0.26928192377090454,0,5406,4.653721e-05
cb9fc5806b2f0ada7139a9fb,002128.SZ,电投能源,2024-06-30,7,2.2686479091644287,0,5406,0.00019532487
3ad2a256c6ffdd5f3907c60a,002129.SZ,TCL中环,2024-06-30,7,1.3231920003890991,0,5406,0.00010722782
35b72ae520d086a30b4d3238,002130.SZ,沃尔核材,2024-06-30,3,0.615955114364624,0,5406,7.9916055e-05
22c783ffd5aca631fc42f27d,002131.SZ,利欧股份,2024-06-30,12,2.8761892318725586,0,5406,0.000289151
54826333c47b6c8fda6ec3d7,002132.SZ,恒星科技,2024-06-15,5,1.1787861585617065,0,5406,0.00012724506
e377cdece6400ff110277dfd,002133.SZ,广宇集团,2024-06-15,7,1.2503135204315186,0,5406,0.00012042198
122312d7e0cd894b69b1b8b4,002134.SZ,天津普林,2024-06-15,6,2.0797135829925537,0,5406,0.00016707594
0f262b162e275b2992b89eb9,002135.SZ,东南网架,2024-06-15,7,2.4635610580444336,0,5406,0.00022714677
5fc4934097ee19dc5ae8df03,002136.SZ,安纳达,2024-06-15,8,2.5422492027282715,0,5406,0.00020849824
e8dbac0e62dd5d46b20a46fe,002137.SZ,实益达,2024-06-15,8,1.950039267539978,0,5406,0.00023820775
58e9e3027e60288bcc0c0880,002138.SZ,顺络电子,2024-06-30,8,3.238527297973633,0,5406,0.0002395874
34b97777bcfb7a6752300ae6,002139.SZ,拓邦股份,2024-06-15,4,0.7756670713424683,0,5406,9.555107e-05
ba82670a1e0d7b26cf129e34,002140.SZ,东华科技,2024-06-30,7,1.081561803817749,0,5406,0.00015853242
4412c1f12bc73a825c871840,002141.SZ,贤丰控股,2024-06-30,5,0.7080633640289307,0,5406,0.00011474186
5a0727a941815a74d684bbe9,002144.SZ,宏达高科,2024-06-30,2,0.2604374587535858,0,5406,4.9758775e-05
9b20faeda73ee140375842a0,002170.SZ,芭田股份,2024-06-30,7,2.232790470123291,0,5406,0.00020027116
31708efce7415082345bfd2a,300318.SZ,博晖创新,2024-06-15,9,2.398629903793335,0,5406,0.0001850874
8ca37f4f0f0b033398ec1b7e,601002.SH,晋亿实业,2024-06-30,4,0.8445178270339966,0,5406,0.00011679811
6a8bc81700168cab28589620,601003.SH,柳钢股份,2024-06-30,8,3.3992509841918945,0,5406,0.00021873877
192f077197e8cb780ec4bc02,601005.SH,重庆钢铁,2024-06-30,8,3.2572202682495117,0,5406,0.00021324895
15ff54931d3bcc84d50e844a,601007.SH,金陵饭店,2024-06-30,5,1.9595590829849243,0,5406,0.00017054033
0d09b7f03209c5d7d30c43b8,601008.SH,连云港,2024-06-30,8,3.9345033168792725,0,5406,0.00023271791
0b1905610357341624e80ee1,601166.SH,兴业银行,2024-03-15,9,3.4163520336151123,0,5406,0.00022198397
de2692b8e29dd45b481976c0,601168.SH,西部矿业,2024-06-30,14,3.4023735523223877,0,5406,0.00022617214
c6eadb97110189f7ef378200,601318.SH,中国平安,2024-04-05,6,1.5230984687805176,0,5406,0.00016738693
333c628c48f64046acfceca4,601328.SH,交通银行,2024-06-30,5,2.048596143722534,0,5406,0.00014548164
f8276d1041dc33aad013c1d0,601600.SH,中国铝业,2024-06-15,6,2.1915862560272217,0,5406,0.00019656199
42b9c070452185fd138986f3,601628.SH,中国人寿,2024-06-30,5,1.7075787782669067,0,5406,0.0001857118
43b00f6c55798d1b297abf25,601919.SH,中远海控,2024-04-05,10,3.3357701301574707,0,5406,0.00024089415
a927bd474fd88333183d94e3,601998.SH,中信银行,2024-06-30,8,3.7076101303100586,0,5406,0.00024371728
764c0b46d3509702e34ebfc7,002142.SZ,宁波银行,2024-06-30,11,3.961956024169922,0,5406,0.00023366036
29829e96c48fa30484be3e33,002145.SZ,钛能化学,2024-06-15,8,2.9595158100128174,0,5406,0.00023812693
2326eba0bbf2a74fef4f8c50,002146.SZ,荣盛发展,2024-06-30,7,2.3940329551696777,0,5406,0.00017974939
e36628170fbe049a969232bf,002148.SZ,北纬科技,2024-06-30,9,2.460751533508301,0,5406,0.00019200309
31b09e3aeb3ce5fc852bbc37,002149.SZ,西部材料,2024-06-30,14,3.4914393424987793,0,5406,0.0002790041
2e7c85171698fd5f52ab69c9,002150.SZ,正泰电源,2024-06-15,8,2.532195806503296,0,5406,0.00020570411
493e7e8783dbe37e986619c9,002151.SZ,北斗星通,2024-06-15,6,2.278933525085449,0,5406,0.00020009374
f3223831917105dbe140c182,002152.SZ,广电运通,2024-06-30,3,0.903939425945282,0,5406,0.00011024491
2118df9413583b41ba42f299,002153.SZ,石基信息,2024-06-30,2,0.5141389966011047,0,5406,7.230955e-05
f0f7e886a05d32ee5395e0b2,002154.SZ,报喜鸟,2024-06-30,8,2.736632823944092,0,5406,0.00020293427
05949c914fe534abf95066e8,002155.SZ,湖南黄金,2024-06-30,8,2.1575841903686523,0,5406,0.00016095588
438cded35a6f3604bab5ffc4,002156.SZ,通富微电,2024-06-30,6,3.201399803161621,0,5406,0.0002451667
c8e3fe442e234ea5116d1a7f,002157.SZ,正邦科技,2024-06-30,5,1.3905256986618042,0,5406,0.00012493557
aeb636588bf252293d3f3d0b,002158.SZ,汉钟精机,2024-06-30,7,1.551537275314331,0,5406,0.00017049497
b572d11a9f3d6e32b6845029,002159.SZ,三特索道,2024-06-30,4,1.5333552360534668,0,5406,0.00011783
acfb07267d577fe632784f8e,002160.SZ,常铝股份,2024-06-15,10,4.061792373657227,0,5406,0.00032969122
9b6a6a482ffdb099691d2eee,002161.SZ,远望谷,2024-06-15,3,0.32883840799331665,0,5406,6.406739e-05
c2af01c509b3d94580d29f6d,002162.SZ,悦心健康,2024-06-30,1,0.1607777625322342,0,5406,4.346559e-05
b465463d787a7146bc19fde8,002163.SZ,海南发展,2024-06-15,7,1.1338413953781128,0,5406,0.00013286441
07a7fc06a0c7dd48ffecb622,002164.SZ,宁波东力,2024-06-30,3,0.9392067193984985,0,5406,0.00011772575
ef7db55ec1d779dcd6c62b99,002165.SZ,红宝丽,2024-06-30,14,2.7956748008728027,0,5406,0.0002440173
e6d0004887b32e31ee2da854,002166.SZ,莱茵生物,2024-06-15,8,2.9487252235412598,0,5406,0.00024388905
30ebcd6da4c1234cd717bd98,002167.SZ,东方锆业,2024-06-30,3,0.9171770215034485,0,5406,0.00011614901
acf2a2957cf764e77fe3af60,002168.SZ,*ST惠程,2024-06-30,4,1.0964536666870117,0,5406,0.00012220482
7e3d12589cf53f0c7199830b,002169.SZ,智光电气,2024-06-15,4,0.5954909324645996,0,5406,7.281799e-05
d25fdad12871d039d506b886,002171.SZ,楚江新材,2024-06-30,11,2.5982820987701416,0,5406,0.0002003676
a689a276787fad6c3f850955,002172.SZ,澳洋健康,2024-06-30,6,1.3786518573760986,0,5406,0.00016345538
49d391baf5929e60542e9047,002173.SZ,创新医疗,2024-06-15,6,2.8460516929626465,0,5406,0.0002438044
0eaa7028d4e00de20c714c7a,002174.SZ,游族网络,2024-06-15,9,4.362969398498535,0,5406,0.00030222957
6bb9d205693d6693f1693b6d,002175.SZ,东方智造,2024-06-15,3,0.6790799498558044,0,5406,0.00015186761
bf7faa59b722b429b08ab546,002176.SZ,江特电机,2024-06-30,8,2.3732681274414062,0,5406,0.00020957847
7a347b2ae40932f047d60784,002177.SZ,御银股份,2024-06-30,8,1.9751616716384888,0,5406,0.00020701655
8baf6fb7d0a52df35b52b9b8,002178.SZ,延华智能,2024-06-30,6,1.8418967723846436,0,5406,0.00018270085
e8c5ca9279b4b345b045c65d,002179.SZ,中航光电,2024-06-30,8,2.068990468978882,0,5406,0.00017927734
210e583be911f8cfab1a4430,002180.SZ,纳思达,2024-06-30,1,0.256740927696228,34,2,0.00018175205
2d26fc288c72e6ae51d723c5,002182.SZ,宝武镁业,2024-06-15,6,1.585810899734497,0,5406,0.00015346917
d8e80e3d4cd8e2a800dd20e7,002183.SZ,怡亚通,2024-06-15,4,1.0966026782989502,0,5406,0.00016140351
700c5ea43224f4afda4696b5,002184.SZ,海得控制,2024-06-30,10,1.770921230316162,0,5406,0.00019260024
9d8b79d9a8731dec2d0d3acf,002185.SZ,华天科技,2024-06-30,7,3.326279401779175,0,5406,0.00025784204
3f43340474be9987ba2de318,002188.SZ,中天服务,2024-06-30,5,2.3628320693969727,0,5406,0.00021157524
954a2d896149c156e7258c10,002189.SZ,中光学,2024-06-30,7,1.4093278646469116,0,5406,0.00011194137
2851b8d575d8845e793d8a44,002192.SZ,融捷股份,2024-06-30,6,1.3601479530334473,0,5406,0.00012998575
24660ced1f2526bc7c0636c8,002254.SZ,泰和新材,2024-06-30,2,0.8731805682182312,0,5406,0.00011898937
2c7a574452592f1d71cbbf05,300477.SZ,ST合纵,2024-06-15,9,1.6814022064208984,0,5406,0.00014276807
56d932e51bcee20d2cf39f49,601009.SH,南京银行,2024-06-30,14,2.657301425933838,0,5406,0.00017289474
76e3db3c1a1afb69730fce6b,601088.SH,中国神华,2024-04-05,8,2.2406129837036133,0,5406,0.00020616256
ba16a613d8fc2498ff2241de,601169.SH,北京银行,2024-06-30,9,3.204104423522949,0,5406,0.00019778644
ababebfeb55e861c61f8cbb5,601808.SH,中海油服,2024-06-30,7,2.658407211303711,0,5406,0.0002513639
73104c32370321de4268fe37,601857.SH,中国石油,2024-06-30,5,1.7988239526748657,0,5406,0.00019721565
d05095be1a51b029a4fd9878,601939.SH,建设银行,2024-06-30,10,3.6500344276428223,0,5406,0.00022608311
bedff35cf7ea3414ba5731c5,002186.SZ,全聚德,2024-06-15,4,2.8562889099121094,0,5406,0.00024217024
4d7c4d95c901c8d05459bc47,002187.SZ,广百股份,2024-06-30,11,1.9986400604248047,0,5406,0.00015781514
b9930c07d2fad7653a56622f,002190.SZ,成飞集成,2024-06-30,8,2.1234960556030273,0,5406,0.00018602947
47b0cc287928f00e298d0534,002191.SZ,劲嘉股份,2024-06-30,9,2.923187732696533,0,5406,0.00023251852
46a91d894353ba2d4191eb4e,002193.SZ,如意集团,2024-06-15,8,2.042572498321533,0,5406,0.00016671552
fe870c765f099df91fb4cfdf,002194.SZ,武汉凡谷,2024-06-15,6,0.913292646408081,0,5406,0.0001305611
ed82a7b3999224f733f0e2ed,002195.SZ,岩山科技,2024-06-30,8,1.9026529788970947,0,5406,0.00017630267
7ebcc48ef1f5a206a8a23acc,002196.SZ,方正电机,2024-06-15,12,3.262481927871704,0,5406,0.00027161653
045cb8799398661896195f09,002197.SZ,证通电子,2024-06-30,5,1.2392624616622925,0,5406,0.00012455769
f4afd4ac5365baa1a475ad2a,002198.SZ,嘉应制药,2024-06-15,14,3.5654122829437256,0,5406,0.00029618523
45a30046861991e66e7b81d2,002199.SZ,*ST东晶,2024-06-30,5,2.4583523273468018,0,5406,0.00019829266
d348fca087a7a57f270a42d7,002200.SZ,*ST交投,2024-06-30,3,1.2915712594985962,0,5406,0.00013184524
d58872d7a03102b6577e9cc8,002201.SZ,九鼎新材,2024-06-30,5,1.6471028327941895,0,5406,0.00016433794
504c7ca5415a65419bfef47a,002202.SZ,金风科技,2024-06-30,4,1.725867748260498,0,5406,0.00015903958
93d23cfa7c1bfcdc0a90f8ce,002203.SZ,海亮股份,2024-06-15,3,1.0054585933685303,0,5406,0.000106409534
c583d8502932fa9d51de2551,002204.SZ,大连重工,2024-06-15,4,0.7099515795707703,0,5406,0.00011044694
6f71f676587ceb7d59c7bc13,002205.SZ,国统股份,2024-06-15,6,2.291414499282837,0,5406,0.00021956218
557a31646544fac2074196f9,002206.SZ,海利得,2024-06-30,7,1.7492289543151855,0,5406,0.00015667077
24d9f063aec4f2f278f78d80,002207.SZ,准油股份,2024-06-30,6,2.237246036529541,0,5406,0.00022063623
62e14e91ccaebd1b8c7a7402,002208.SZ,合肥城建,2024-06-15,6,2.3265979290008545,0,5406,0.00017933676
91192890b961690370f5b56d,002209.SZ,达意隆,2024-06-15,11,2.694211721420288,0,5406,0.0003311878
3f480fb6c5a52d84a627cf66,002210.SZ,飞马国际,2024-06-30,7,1.3083988428115845,0,5406,0.00018147507
4067715c7f20d7faab1bdaf3,002211.SZ,ST宏达,2024-06-30,5,1.4368737936019897,0,5406,0.00013331679
51d3da7d0ceb414683b04962,002212.SZ,天融信,2024-06-30,11,2.6434404850006104,0,5406,0.00020337258
059e0069775807e456a9df2f,002213.SZ,大为股份,2024-06-30,12,3.491109848022461,0,5406,0.00027839665
1afb6ead4b46b0aac3a9ea37,002214.SZ,*ST大立,2024-06-30,5,2.926513433456421,0,5406,0.00021126847
3470d50144abc92611253a51,002215.SZ,诺普信,2024-06-30,7,2.982827663421631,0,5406,0.00022154562
e5a25c4c534d1b289759f386,002216.SZ,三全食品,2024-06-30,10,2.5875141620635986,0,5406,0.00021163981
a25f3d5cabd947c9d1546d4d,002217.SZ,合力泰,2024-06-30,8,1.8163553476333618,0,5406,0.00017103538
c26e3a03a366e6293dd4d72c,002218.SZ,拓日新能,2024-06-30,7,1.7468546628952026,0,5406,0.00015630343
9eec49cdb74eb1b3a51327bd,002219.SZ,新里程,2024-06-30,7,3.0010533332824707,0,5406,0.00025377632
cf0c899f20ca58e03d46fd5b,002221.SZ,东华能源,2024-06-15,6,1.6015604734420776,0,5406,0.00015388391
48d49ceb3bdc9e167d232211,002222.SZ,福晶科技,2024-06-15,6,1.7090730667114258,0,5406,0.00015305515
d70c9869d029f4b6707d906a,002223.SZ,鱼跃医疗,2024-06-15,10,3.7895641326904297,0,5406,0.00030985475
15df494a440ceb85a703e319,002224.SZ,三力士,2024-06-15,3,0.8008777499198914,0,5406,9.914246e-05
4a1ba7501a1cf857ddf7508a,002225.SZ,濮耐股份,2024-06-30,7,3.8114964962005615,0,5406,0.00025374195
90ea6cca4872099b0074177e,002226.SZ,江南化工,2024-06-30,6,3.411693811416626,0,5406,0.00021774233
c1d512633e6eca938bf55fa9,002227.SZ,奥特迅,2024-06-15,8,2.194507122039795,0,5406,0.00022412154
51e913a87a5b128cf09397ef,002228.SZ,合兴包装,2024-06-15,9,2.350585460662842,0,5406,0.00020069657
dd5f2e646f9bde86a75d4a3e,300213.SZ,佳讯飞鸿,2024-06-30,7,2.2195050716400146,0,5406,0.00018855183
5740909007cb9b992781a248,601099.SH,太平洋,2024-06-30,12,4.327640533447266,0,5406,0.0002838073
96a7508f7c8cdfa8da644f6d,601186.SH,中国铁建,2024-06-30,8,2.1567604541778564,0,5406,0.00020607968
de19747e2cc97d28a035ceb9,601390.SH,中国中铁,2024-06-30,7,1.5344146490097046,0,5406,0.00018056716
dd19405cab48a1b364713d52,601601.SH,中国太保,2024-06-30,5,2.234192132949829,0,5406,0.00024311876
606b25dbadf5fea297f5f6e1,601866.SH,中远海发,2024-06-30,2,0.6082448959350586,0,5406,7.254627e-05
aee7b07b49d60c5a1ea21e35,601898.SH,中煤能源,2024-06-30,8,3.233266830444336,0,5406,0.00021997346
2002b96447a7f31f6a4f4166,601899.SH,紫金矿业,2024-04-05,16,3.836331844329834,0,5406,0.00023822061
60f88c3ae53e0667e760fec6,601918.SH,新集能源,2024-06-15,6,1.8798929452896118,0,5406,0.0001426534
0f5b981382769ee0837ca518,601958.SH,金钼股份,2024-06-30,10,2.3037467002868652,0,5406,0.00019446373
49e91414243dc9e9d1528386,601999.SH,出版传媒,2024-04-05,7,3.4954071044921875,0,5406,0.0002086786
490e6622df4b199cc79c98ae,002229.SZ,鸿博股份,2024-06-15,1,0.15356406569480896,0,5406,4.8190697e-05
7102a22a2d8b977bce9715a3,002230.SZ,科大讯飞,2024-06-30,0,0.0,35,1,2.7262813e-05
956cae4d35652da6c5d3a60d,002232.SZ,启明信息,2024-06-15,2,0.7252370119094849,0,5406,0.00010611785
4ea06b8f207cb47ddf05ce60,002233.SZ,塔牌集团,2024-06-30,9,3.3252921104431152,0,5406,0.00025915602
3f547f9bb0df7e5f68d058d1,002234.SZ,民和股份,2024-06-15,8,2.708167791366577,0,5406,0.00020387901
3a983a00732a0cc17c2dbaa5,002235.SZ,安妮股份,2024-06-30,7,1.5016045570373535,0,5406,0.00015022975
4354b6ece60a88a3330aaa2c,002236.SZ,大华股份,2024-03-25,4,1.7302335500717163,0,5406,0.00014870903
3c70505797432f11815cef34,002237.SZ,恒邦股份,2024-06-15,10,3.6736371517181396,0,5406,0.00025205518
2f0a80d45415439ddaf5e96d,002238.SZ,天威视讯,2024-06-30,3,1.1856718063354492,0,5406,0.000119692275
8b621618eda1b01c9dcd2cf5,002239.SZ,奥特佳,2024-06-15,7,1.4429957866668701,0,5406,0.00015122881
9e7cdb4958d2e4768fe1c8df,002240.SZ,盛新锂能,2024-06-30,7,2.7909598350524902,0,5406,0.00024481767
cf65fc458837890c381c1a43,002241.SZ,歌尔股份,2024-06-30,3,0.8467230200767517,0,5406,0.00010390184
6ccc534b82ba883a91e385f0,002242.SZ,九阳股份,2024-06-15,4,1.2675195932388306,0,5406,0.00013606885
aa6b24f98fc0445e00640aea,002243.SZ,力合科创,2024-06-15,5,1.3573112487792969,0,5406,0.00019004532
fe27c3d9d43364391dacf793,002244.SZ,滨江集团,2024-06-15,13,4.121978759765625,0,5406,0.00029944972
dd7adc74ca1a02e272c76091,002245.SZ,蔚蓝锂芯,2024-06-30,11,2.861269235610962,0,5406,0.00027031454
20cf5e4877749a69d9f023d4,002246.SZ,北化股份,2024-06-15,2,0.40308982133865356,0,5406,7.341204e-05
cf91945fe43553d8c50d28f2,002247.SZ,聚力文化,2024-06-15,8,1.7148497104644775,0,5406,0.00016249965
72068f6996e65b7cd9baf765,002248.SZ,华东数控,2024-06-15,6,1.9826538562774658,0,5406,0.00017493381
d78b0163620bdae36455bc69,002249.SZ,大洋电机,2024-06-15,7,1.7206863164901733,0,5406,0.00015750737
d6051ea01346ca0a06271755,002250.SZ,联化科技,2024-06-30,7,1.5632219314575195,0,5406,0.00016189719
071c883858a3ea51468cbce1,002251.SZ,步步高,2024-06-30,10,3.1385982036590576,0,5406,0.00022203698
649dd8c59bc4f6723566b948,002252.SZ,上海莱士,2024-06-15,5,3.8188467025756836,0,5406,0.00020048815
7b4c3413f46e611f4273b54c,002253.SZ,*ST智胜,2024-06-30,12,2.619091749191284,0,5406,0.00021856172
46b70825d7357a46b2c3a668,002255.SZ,海陆重工,2024-06-15,9,2.8227040767669678,0,5406,0.00024449878
8d3e47dd604f4522024b901b,002256.SZ,兆新股份,2024-06-30,0,0.0,36,1,2.7262813e-05
33799ec25bbcf7ea9ea49871,002258.SZ,利尔化学,2024-06-30,10,2.1007139682769775,0,5406,0.00016220284
2628e578fd2f3df734fe807a,002259.SZ,升达林业,2024-06-30,9,2.721278190612793,0,5406,0.00020918042
18a217580d069f1da0719adb,002261.SZ,拓维信息,2024-06-30,5,1.4228109121322632,0,5406,0.00013106097
a799261f60f3d51c86439f96,002262.SZ,恩华药业,2024-06-30,12,2.0669915676116943,0,5406,0.00022612317
5fa24a8b4a8f1c1640b7be68,002263.SZ,大东南,2024-06-15,7,1.5741395950317383,0,5406,0.00013582682
4856feaa69ea3351485ca12d,002264.SZ,新华都,2024-06-30,13,3.6568007469177246,0,5406,0.00025050473
700d111f41cee992aa053380,002265.SZ,建设工业,2024-06-15,4,0.48666661977767944,0,5406,8.7564906e-05
d299813fdfcfcc277a1c9113,002266.SZ,浙富控股,2024-06-15,10,2.984327554702759,0,5406,0.00029229923
e633500b17f6c784b4472750,002267.SZ,陕天然气,2024-04-05,3,1.8983502388000488,0,5406,0.00016303829
09aba4c0f65ab39e483c62d2,002268.SZ,电科网安,2024-06-30,7,2.6245081424713135,0,5406,0.00020248268
8482079415ef4fd5aad5d771,002269.SZ,美邦服饰,2024-06-30,10,4.318702220916748,0,5406,0.0002936336
11442998292ec7b183a153ef,002270.SZ,华明装备,2024-06-15,2,0.47865480184555054,0,5406,6.3647916e-05
f834f3e6b294beb8ab804cd4,002271.SZ,东方雨虹,2024-06-30,6,1.9114125967025757,0,5406,0.00020084134
636a443c767a1d724fe6e79b,002272.SZ,川润股份,2024-06-15,6,0.8603870868682861,0,5406,0.000112041846
42a837ce1a3ab65822f377bd,002273.SZ,水晶光电,2024-06-15,9,2.481416702270508,0,5406,0.00018282309
e9c153d8528611bb7f4b6b09,002274.SZ,华昌化工,2024-06-15,3,0.5437478423118591,0,5406,0.000102282786
4ded7fa880fbb2ffe102f7a2,002275.SZ,桂林三金,2024-06-15,11,2.1922760009765625,0,5406,0.00019816458
b80f3f3e79ea32f36d98e628,002276.SZ,万马股份,2024-06-15,4,0.62123703956604,0,5406,7.806165e-05
13b970fc569a1776f84e59bd,002282.SZ,博深股份,2024-06-30,4,0.44076094031333923,0,5406,7.4560056e-05
06fe4018d9f04740b54ab842,002396.SZ,星网锐捷,2024-06-15,6,1.786271333694458,0,5406,0.00021969306
a0ddbcc4e725d942ed1b9c54,601107.SH,四川成渝,2024-06-30,6,1.438675045967102,0,5406,0.0001250616
30a8156c9ec7e26da8cd2a53,601668.SH,中国建筑,2024-06-30,5,1.302979826927185,0,5406,0.00011448468
1fc45a75804b9fcf8596c815,601766.SH,中国中车,2024-06-30,10,2.9281957149505615,0,5406,0.0002978956
c0b10c8cd39e5acd0f15018e,601788.SH,光大证券,2024-06-30,11,2.658496856689453,0,5406,0.00019935207
5d629b7b5cbca14e135e4c72,002277.SZ,友阿股份,2024-06-30,7,1.8539562225341797,0,5406,0.00013825674
34eb2fb621deac0219aa4baa,002278.SZ,神开股份,2024-06-15,8,2.8539931774139404,0,5406,0.00030634215
73fd9343984e79f6774bbdb8,002281.SZ,光迅科技,2024-06-30,9,3.4507505893707275,0,5406,0.00023810855
0a0df97912a8f04fffbf21e1,002283.SZ,天润工业,2024-06-15,5,0.9310221672058105,0,5406,0.00013258893
5fd543a4d155c848322c9171,002284.SZ,亚太股份,2024-06-30,10,2.765385389328003,0,5406,0.00023848318
8e07ef36c18f0a6441c95a12,002285.SZ,世联行,2024-06-30,5,1.2347832918167114,0,5406,0.00013797279
900307715119f904d6804fab,002286.SZ,保龄宝,2024-03-25,6,1.9845691919326782,0,5406,0.00017819062
3dab8e46e0bc14b9bdc033e9,002287.SZ,奇正藏药,2024-06-30,6,2.4290032386779785,0,5406,0.0002370147
79d3ca74a971055f02a406af,002289.SZ,*ST宇顺,2024-06-30,9,3.394287109375,0,5406,0.0002419916
7cc05862f0880e52c6c8c712,002290.SZ,禾盛新材,2024-06-15,4,1.0269259214401245,0,5406,0.00011378696
36306df50254346b626e6079,002291.SZ,遥望科技,2024-06-30,11,3.093477249145508,0,5406,0.00024730896
ba9b7854293942ac59c2ac6b,002292.SZ,奥飞娱乐,2024-06-30,5,1.2261784076690674,0,5406,0.00015543305
f44a3167bb6ae7177c6b4bef,002293.SZ,罗莱生活,2024-06-30,6,1.9039552211761475,0,5406,0.00020194829
6c8985743aa001e8bb50b7c3,002294.SZ,信立泰,2024-06-30,3,0.5245667695999146,0,5406,7.695002e-05
098cd69310b83501ff318005,002295.SZ,精艺股份,2024-06-30,3,0.6284651160240173,0,5406,8.074227e-05
a4d07eeb9f36d2162ff48253,002296.SZ,辉煌科技,2024-06-15,11,3.3113389015197754,0,5406,0.00024495457
38575605c4506ee83464315d,002297.SZ,博云新材,2024-06-30,5,1.984574794769287,0,5406,0.00019283696
6229fd5437b7234cc04fcac4,002298.SZ,中电鑫龙,2024-06-30,11,4.096070289611816,0,5406,0.00027910966
045fc90713692e56c9dee9f2,002299.SZ,圣农发展,2024-06-15,8,2.367971420288086,0,5406,0.00016766296
6a393de9b0c6a7c73500eae7,002300.SZ,太阳电缆,2024-06-15,13,3.3299386501312256,0,5406,0.0002959051
58e0f1673f06ac58fab4c6a1,002301.SZ,齐心集团,2024-06-30,1,0.14368794858455658,0,5406,4.773134e-05
23fc0553ddec64caaed62c4d,002302.SZ,西部建设,2024-06-30,5,1.1708146333694458,0,5406,0.0001243323
a992beac541a86deacc4132e,002304.SZ,洋河股份,2024-06-30,6,2.1827192306518555,0,5406,0.00015586684
39e92ed3f46a850b03c5160b,002305.SZ,*ST南置,2024-06-15,4,2.460064172744751,0,5406,0.00020589196
8a4b25bccb5a992754d08804,002306.SZ,*ST云网,2024-06-30,2,0.31760430335998535,0,5406,5.3552234e-05
88abf1bfed1cddf752c97807,002307.SZ,北新路桥,2024-06-15,9,3.183675765991211,0,5406,0.00024408876
407266077c4f1dbc4de29610,002315.SZ,焦点科技,2024-06-15,2,0.4883497953414917,0,5406,9.7922246e-05
4cded7005f6108135958b459,002350.SZ,北京科锐,2024-06-15,15,3.9314122200012207,0,5406,0.00029676248
4d5a9d13a9a01f53e04c5752,002362.SZ,汉王科技,2024-06-15,3,0.48888808488845825,0,5406,7.5153286e-05
60a03f3e8dd923975f88204f,002365.SZ,永安药业,2024-06-15,5,1.8703008890151978,0,5406,0.00019246404
ee808e4d0bcd7c5c7964517a,002419.SZ,天虹股份,2024-03-15,9,1.8613487482070923,0,5406,0.00014126132
e0626d2f10af5b193ce626e9,002438.SZ,江苏神通,2024-06-15,9,3.32145619392395,0,5406,0.0003075643
7803d7899443eb773508bc73,002446.SZ,盛路通信,2024-06-15,6,1.3187741041183472,0,5406,0.00015432083
a29246b6f8c96a306766b105,002448.SZ,中原内配,2024-06-15,8,2.297208309173584,0,5406,0.00021710845
f855dbd4c48ae66758c7ea07,002461.SZ,珠江啤酒,2024-03-15,5,1.6888962984085083,0,5406,0.00017788676
ad57a24ddb2e68ca3ea50fdc,002467.SZ,二六三,2024-06-15,8,1.948702096939087,0,5406,0.0001772946
e7e31ff1dee235872e69dc1f,002489.SZ,浙江永强,2024-06-15,8,3.082155227661133,0,5406,0.00029400288
fae33641706b2a5f3f0333be,002490.SZ,山东墨龙,2024-06-15,2,0.49922478199005127,0,5406,7.453941e-05
411d6a176200b20c9d10d1bc,002506.SZ,协鑫集成,2024-06-30,9,3.4313364028930664,0,5406,0.0002623271
00d882a542c899dc4e957a47,002599.SZ,盛通股份,2024-06-30,1,0.1452895849943161,0,5406,5.9220747e-05
5b9bee86f1a9221c3b9c7b01,300002.SZ,神州泰岳,2024-06-15,6,1.207474708557129,0,5406,0.00012699602
c6aea3960fd828aa363c9af7,300353.SZ,东土科技,2024-06-15,3,1.2726097106933594,0,5406,0.0001316361
05603407596bc822dc36b737,300370.SZ,安控科技,2024-06-15,12,3.0145466327667236,0,5406,0.00028595576
000821d668895aedab67f591,300444.SZ,双杰电气,2024-06-15,6,1.3445640802383423,0,5406,0.0001184035
8997bf65977bda222be83fbf,300445.SZ,康斯特,2024-06-15,9,2.4488468170166016,0,5406,0.00025982896
7177d709abdf318afd84f8a3,600999.SH,招商证券,2024-06-30,6,2.8751511573791504,0,5406,0.00021200073
3c60090b5cff13fb6e608a7e,601126.SH,四方股份,2024-06-30,7,1.7200835943222046,0,5406,0.00013861046
cc14cbe376e6a52402d8d4c7,601633.SH,长城汽车,2024-06-15,9,2.0933635234832764,0,5406,0.00020315399
f3034f0ef891a80797e7d841,601727.SH,上海电气,2024-04-05,4,1.6938467025756836,0,5406,0.00017595389
d7ec55b99f3b5a7266b2a00d,601888.SH,中国中免,2024-06-30,3,1.5965464115142822,0,5406,0.00017401928
85b7ff69c0f367a7348f6b99,002303.SZ,美盈森,2024-06-15,11,3.100647449493408,0,5406,0.00025979246
d5bb55ded1b089f24d40666c,002309.SZ,中利集团,2024-06-15,6,1.5770882368087769,0,5406,0.00014767428
45eb5739a9c94329620cde21,002310.SZ,东方新能,2024-06-15,4,1.2324780225753784,0,5406,0.00013011252
0aa90d4c2f8cfd62e2a573fe,002311.SZ,海大集团,2024-06-15,4,1.3218473196029663,0,5406,0.00012442184
851f659c4909345afe9bbee8,002312.SZ,川发龙蟒,2024-06-30,7,2.294332981109619,0,5406,0.00021536523
4582438430f9fbede53aaf7d,002313.SZ,日海智能,2024-06-15,5,0.9157854318618774,0,5406,0.00011595547
beefabeded7cc8cbe647cb53,002314.SZ,南山控股,2024-06-30,8,1.2179388999938965,0,5406,0.00011300648
ae017f1611de8d1c4a765ddc,002316.SZ,亚联发展,2024-06-15,9,2.686450719833374,0,5406,0.00019671192
70a8e45fdceee40aafffbaeb,002317.SZ,众生药业,2024-06-15,10,2.6876492500305176,0,5406,0.00023881564
343e61cd0eb6d8cb893b588c,002318.SZ,久立特材,2024-06-15,9,2.999835729598999,0,5406,0.00023955613
2b07f0b520759fc8633d36ce,002319.SZ,乐通股份,2024-06-30,8,2.1936709880828857,0,5406,0.00020500268
0562eceb69b4b2aaa03d877d,002320.SZ,海峡股份,2024-06-15,3,1.2566872835159302,0,5406,0.00013720003
16a39e9ba0eaeedf4c2f3d5e,002321.SZ,华英农业,2024-06-30,6,2.6807940006256104,0,5406,0.0001848854
28805e1c00696ddbeb9ee261,002327.SZ,富安娜,2024-06-30,7,2.101510524749756,0,5406,0.00022018507
c8f50712a7730a08a1fab8bd,002328.SZ,新朋股份,2024-06-15,8,1.6534178256988525,0,5406,0.00014783688
f72001f4e630e805f8460f68,002331.SZ,皖通科技,2024-06-15,7,2.3691837787628174,0,5406,0.00022653428
a29fae20c29251c906375c16,002356.SZ,赫美集团,2024-06-15,8,2.642083168029785,0,5406,0.0001832733
fb93798310ae4d6969012256,002474.SZ,榕基软件,2024-06-30,14,3.6020593643188477,0,5406,0.0002758604
c9e2bba9cdcdddc083b81e3d,002523.SZ,天桥起重,2024-06-15,9,2.1212148666381836,0,5406,0.0002444642
34764953eaf267aca07a45f4,002756.SZ,永兴材料,2024-06-30,7,1.9000824689865112,0,5406,0.0001836112
835403514fe1e815a4b9255e,300001.SZ,特锐德,2024-06-30,5,1.1450132131576538,0,5406,0.00015796232
e7f66babfb518db2b7e8e88d,300003.SZ,乐普医疗,2024-06-30,6,1.3852871656417847,0,5406,0.00013663823
a0943a00acecb458cc158e45,300004.SZ,南风股份,2024-06-15,7,1.0442308187484741,0,5406,0.00013708697
ead6b9f9b9d653cf3ba9baa0,300005.SZ,探路者,2024-06-15,3,1.141080617904663,0,5406,0.00018910786
02201e99def755ae609ea1fc,300006.SZ,莱美药业,2024-06-15,13,3.325470447540283,0,5406,0.00031137312
f177e73aac245aa6713ad3a9,300007.SZ,汉威科技,2024-06-15,4,0.7364580035209656,0,5406,0.00010188488
fdc1cab623f0295b20071ef8,300008.SZ,天海防务,2024-06-15,9,2.6604318618774414,0,5406,0.00026186064
01144075c62a672bb992e9b4,300009.SZ,安科生物,2024-06-15,7,1.0932042598724365,0,5406,0.00012345609
93f1fe2860a0981226a80106,300010.SZ,豆神教育,2024-06-30,9,2.9011435508728027,0,5406,0.00025704893
4ddc7d5fc879faa051d630a6,300011.SZ,鼎汉技术,2024-06-30,4,0.6795304417610168,0,5406,8.441187e-05
640644fbd436cac9b83e1776,300012.SZ,华测检测,2024-06-30,9,2.99639892578125,0,5406,0.0002925102
16dcd8977a1f798681a6fe30,300013.SZ,新宁物流,2024-06-30,6,1.2989575862884521,0,5406,0.00017630403
c88113752efd68582344721b,300014.SZ,亿纬锂能,2024-06-30,9,2.691429853439331,0,5406,0.00026021834
280a6ad7d33f58d7ca281efc,300015.SZ,爱尔眼科,2024-06-15,6,2.067255973815918,0,5406,0.00015899436
d9f8a71a222dedefa05bf42c,300017.SZ,网宿科技,2024-06-15,10,2.8110105991363525,0,5406,0.0002551297
20e1411d648c26d1c8817c1b,300018.SZ,中元股份,2024-06-15,7,1.1870231628417969,0,5406,0.00010615623
593253770bf1afe7dc8d646d,300019.SZ,硅宝科技,2024-06-15,5,2.121572971343994,0,5406,0.00016002111
b631c08f4903612e73cd77d8,300020.SZ,ST银江,2024-06-30,10,2.255220890045166,0,5406,0.00017354853
d42a9ea6983bdf6779ac3e1d,300021.SZ,大禹节水,2024-06-15,2,1.1408032178878784,0,5406,0.00019250276
47a70660e19d8b0621877e6e,300022.SZ,吉峰科技,2024-06-15,3,0.3749321699142456,0,5406,7.266633e-05
636875fccae4ec4a2a5e8b27,300024.SZ,机器人,2024-06-15,8,2.047312021255493,0,5406,0.00017743297
a34562346b57aa9dff853406,300026.SZ,红日药业,2024-06-15,4,0.5234084725379944,0,5406,8.748126e-05
be4c738d823c47a57a772498,300027.SZ,华谊兄弟,2024-06-15,10,3.351501703262329,0,5406,0.0002412274
ab79c4cd6da08c812fea9fd3,300033.SZ,同花顺,2024-06-15,7,3.0812597274780273,0,5406,0.00027430808
afb2e8bf922fae8aab10132c,300071.SZ,福石控股,2024-06-30,5,1.3930381536483765,0,5406,0.00012416983
fd6d7755ff34df6ee1c38e09,601117.SH,中国化学,2024-06-30,3,0.5586071014404297,0,5406,0.000113653594
a12ba229879783edf153d1f7,601139.SH,深圳燃气,2024-06-30,8,2.204265832901001,0,5406,0.00018085001
21fc3096bf0432ce6b791801,601618.SH,中国中冶,2024-06-30,6,1.9318864345550537,0,5406,0.00024043006
e4746883db2a0eff10ceda88,601801.SH,皖新传媒,2024-06-30,6,2.8515982627868652,0,5406,0.00017999264
ed89e307978bc9b68db56b1e,601877.SH,正泰电器,2024-06-30,4,0.529832124710083,0,5406,7.26103e-05
f03ffc48e5977d7e3c179982,002322.SZ,理工能科,2024-06-15,6,1.245537281036377,0,5406,0.00012492748
217b697356deaf41221fdfb8,002323.SZ,雅博股份,2024-06-15,7,1.4186748266220093,0,5406,0.00014690746
8ab8de27ce4af47770720fc5,002324.SZ,普利特,2024-06-15,12,3.8297410011291504,0,5406,0.00030541897
6e144370f1bbfe158dc8f669,002326.SZ,永太科技,2024-06-15,6,2.6118009090423584,0,5406,0.00021554645
b31f9aaed75b337894ca5fde,002329.SZ,皇氏集团,2024-06-30,0,0.0,37,1,2.7262813e-05
096e49ddcbfb1a125cd18b8b,002330.SZ,得利斯,2024-06-15,6,1.9495599269866943,0,5406,0.00015347199
ddf5b21da51a13c74c52f45a,002332.SZ,仙琚制药,2024-06-15,3,0.9398925304412842,0,5406,0.00015531409
c7af16dc400be3868befb049,002333.SZ,罗普斯金,2024-06-15,6,1.1734910011291504,0,5406,0.00012886885
b788d48243458bc9e369578c,002334.SZ,英威腾,2024-06-15,11,2.49169921875,0,5406,0.00020512562
48e5223272fa6cfebdf5a238,002335.SZ,科华数据,2024-06-15,5,1.2494218349456787,0,5406,0.00017049411
b1cb16feb4146aa12a2f4682,002337.SZ,赛象科技,2024-06-15,7,1.8097443580627441,0,5406,0.0001954868
cd2e7d7e4f5f3a110c92c49d,002338.SZ,奥普光电,2024-06-15,6,2.1779768466949463,0,5406,0.00017651952
a556ef046fe177ec30562b88,002339.SZ,积成电子,2024-06-15,7,1.5480092763900757,0,5406,0.00014901343
0744f15ecf45d42eb811b212,002340.SZ,格林美,2024-06-15,7,1.1890490055084229,0,5406,0.00013313488
41663469be6cf99b560093d2,002342.SZ,巨力索具,2024-06-15,5,0.9048339128494263,0,5406,0.000130632
5c9f56bfa60dd85d45d73279,002343.SZ,慈文传媒,2024-06-30,8,2.7687244415283203,0,5406,0.00019307452
21f10c28d41b5a918853a756,002344.SZ,海宁皮城,2024-06-15,5,1.6320545673370361,0,5406,0.00019047142
466554d4efcc91751173dc4f,002345.SZ,潮宏基,2024-06-15,8,3.3705129623413086,0,5406,0.00021306389
496061f77a1a1cb916e31f7e,002346.SZ,柘中股份,2024-06-30,2,1.169082522392273,0,5406,0.00014300722
ba0428da84455af9fefafdd4,002347.SZ,泰尔股份,2024-06-30,3,0.9485681653022766,0,5406,0.00013430798
665c0466b515281f05643a7d,002348.SZ,高乐股份,2024-06-15,4,0.5151970982551575,0,5406,8.611792e-05
bdbdae39feb70d26160078af,002349.SZ,精华制药,2024-06-15,10,1.7909365892410278,0,5406,0.00017750102
cbdd773456e005f79d92a709,002351.SZ,漫步者,2024-06-15,3,1.5876579284667969,0,5406,0.00020584813
8aedda705f1a314bccf20e75,002352.SZ,顺丰控股,2024-06-15,7,1.2831262350082397,0,5406,0.00014165681
7df0ea50d70a524a5bccbdde,002353.SZ,杰瑞股份,2024-06-15,4,0.7709086537361145,0,5406,9.7389246e-05
325aedcfa17ca8727dc03cd2,002354.SZ,天娱数科,2024-06-15,10,2.484699010848999,0,5406,0.00020717563
58e45034bf4be2d2a0577c1a,002355.SZ,兴民智通,2024-06-15,6,2.177371025085449,0,5406,0.00023636152
e385dbca3fd7a92c10451cd8,002357.SZ,富临运业,2024-06-15,9,4.108860015869141,0,5406,0.00030761925
cff05b741a1c83d876be0627,002358.SZ,森源电气,2024-06-15,9,3.4063143730163574,0,5406,0.00026735716
3861fe7f2a8181176fb338f4,002370.SZ,亚太药业,2024-06-15,12,3.9764723777770996,0,5406,0.0003283722
dbb174bb2abafb923e27f042,002375.SZ,亚厦股份,2024-06-15,5,0.7865170836448669,0,5406,0.00010319456
7721a5ee9fd0a6ccecd255fe,002381.SZ,双箭股份,2024-06-15,6,1.5937652587890625,0,5406,0.00025291796
7c502d5d52542a7fb7a9c70d,002455.SZ,百川股份,2024-06-30,6,1.316947340965271,0,5406,0.00014894243
cbdcc45bdb3dfc5e47a24251,002538.SZ,ST司尔特,2024-06-15,8,2.638314962387085,0,5406,0.00022048206
eba0dd1a20285cedef93965a,002549.SZ,凯美特气,2024-06-15,8,2.6177961826324463,0,5406,0.00023843272
a7159030ee9dd95c2338989e,002561.SZ,徐家汇,2024-06-30,8,2.230647325515747,0,5406,0.00016315651
1ec6cef5c1f2e4e7e535eeec,002591.SZ,恒大高新,2024-06-30,4,0.5719113945960999,0,5406,0.00012517476
7921f8357ddccc8ab20c3811,300025.SZ,华星创业,2024-06-15,9,2.188689708709717,0,5406,0.00018195497
980842f60b8a4cdf482da262,300029.SZ,*ST天龙,2024-06-30,2,0.3074100911617279,0,5406,5.1044917e-05
4f517ac2c3e8a6436ddfaadc,300030.SZ,阳普医疗,2024-06-15,4,0.6878107786178589,0,5406,8.022408e-05
eb9b43fc4fb058ad6c76ed4c,300031.SZ,宝通科技,2024-06-30,5,0.7695040702819824,0,5406,0.00014840564
84825d72bef8a0010d55c3cc,300032.SZ,金龙机电,2024-06-15,6,1.3374457359313965,0,5406,0.00014926947
d01850351b1b8911a9416a62,300034.SZ,钢研高纳,2024-06-15,12,3.2482237815856934,0,5406,0.00023152669
0bd1f7e44cf83bfcd4c0dd44,300035.SZ,中科电气,2024-06-15,6,1.009521245956421,0,5406,0.00010784201
f4f221accc04154d38065c9b,300036.SZ,超图软件,2024-06-15,9,1.8975213766098022,0,5406,0.00016701814
7a10f476e941b403849ac88a,300037.SZ,新宙邦,2024-06-15,7,1.2877483367919922,0,5406,0.00013602308
10a8469b8e9e2b735683796b,300041.SZ,回天新材,2024-06-30,9,4.028811454772949,0,5406,0.00029429665
934deee022e4283fb81d4cb4,300139.SZ,晓程科技,2024-06-15,1,0.1209660992026329,0,5406,3.758509e-05
36c59fd998a130a36f97ba73,300247.SZ,融捷健康,2024-06-15,7,1.628625750541687,0,5406,0.00016534887
34c0df87acf10c8231786f65,601678.SH,滨化股份,2024-06-15,11,3.737584114074707,0,5406,0.00028842577
9b1618e8e97091c05e671ef3,002360.SZ,同德化工,2024-06-15,8,3.4408082962036133,0,5406,0.00022221761
5a5db91deeeb09d14f33a8a8,002361.SZ,神剑股份,2024-06-15,7,0.9134528040885925,0,5406,9.569167e-05
00e5ba606a3627bb21dc391c,002363.SZ,隆基机械,2024-06-15,4,1.0891107320785522,0,5406,0.0001490894
1e30a32395d2a7b08f8940cf,002364.SZ,中恒电气,2024-06-15,5,1.1773130893707275,0,5406,0.00015210974
fda508883fe2ec55e51bbed4,002366.SZ,融发核电,2024-06-15,4,0.6554853320121765,0,5406,9.381539e-05
8263d3373f9adb72177fdbe6,002367.SZ,康力电梯,2024-06-15,5,3.4440793991088867,0,5406,0.00026258107
6dd6fab37a37a22b873bfac5,002368.SZ,太极股份,2024-06-15,7,1.425492763519287,0,5406,0.00012846905
1ba94eea23fd8eb5db4eedfa,002369.SZ,卓翼科技,2024-06-15,9,1.929516315460205,0,5406,0.00022348
e02d01378ca38486b229f4cc,002371.SZ,北方华创,2024-06-15,8,2.4998576641082764,0,5406,0.00019812085
88f16df4a7994290a61b945a,002372.SZ,伟星新材,2024-06-30,5,1.8437386751174927,0,5406,0.00017502441
0dfbadbcf9a6013e223c5352,002373.SZ,千方科技,2024-06-15,9,2.3983192443847656,0,5406,0.00024109805
399893d23a0e042c487cc13d,002374.SZ,中锐股份,2024-06-30,10,3.130087375640869,0,5406,0.00025546522
6e0a9ed6419acd6578be3fea,002376.SZ,新北洋,2024-06-15,5,1.055962324142456,0,5406,0.000132955
4ecc8924aba122aecbdce4da,002377.SZ,国创高新,2024-06-15,6,1.1376755237579346,0,5406,0.00016323446
8a0d26cafa0586565df0faa7,002378.SZ,章源钨业,2024-06-15,6,2.885172128677368,0,5406,0.00026583602
5d385099b090ea253eeb7a77,002379.SZ,宏桥控股,2024-06-15,6,2.5249083042144775,0,5406,0.00023686545
8ee272ccd3a2f923d712a7a4,002380.SZ,科远智慧,2024-06-15,10,2.324725866317749,0,5406,0.00026747526
a572c114fd0d8388e54cd4ee,002382.SZ,蓝帆医疗,2024-06-15,9,2.213043451309204,0,5406,0.0002082234
4bde90534644886eff25a1a3,002383.SZ,合众思壮,2024-06-15,7,2.716317653656006,0,5406,0.0002345083
a4cb4440c07a79bc2194fa27,002384.SZ,东山精密,2024-06-15,7,1.690165638923645,0,5406,0.00016991152
9a9ac3d7e71f0404889ed208,002385.SZ,大北农,2024-06-15,5,0.7080263495445251,0,5406,7.5302e-05
15deb081d41243dc24647f6a,002386.SZ,天原股份,2024-06-15,8,1.7766324281692505,0,5406,0.00016126042
62b354badefe0723a48f8190,002392.SZ,北京利尔,2024-06-15,7,3.3801920413970947,0,5406,0.00022257058
c138ce70a3b31650338aac36,002393.SZ,力生制药,2024-06-15,11,3.3667588233947754,0,5406,0.0002995037
09dcadc1a5626f270e7685e1,002394.SZ,联发股份,2024-06-30,9,3.3850865364074707,0,5406,0.00026464154
2065956883d75c5f197ccd55,002397.SZ,梦洁股份,2024-06-15,6,1.6293675899505615,0,5406,0.00019107772
4c8c2b959bae88eb1b378927,002421.SZ,达实智能,2024-06-30,8,2.122882843017578,0,5406,0.00023702868
1bc199635a5ab0ee6f49b1d8,002566.SZ,益盛药业,2024-06-15,9,2.514448642730713,0,5406,0.00022186304
1af86a157235ba0dec4867bf,002630.SZ,ST华西,2024-06-15,5,1.0839881896972656,0,5406,0.00011161407
3455e8b2241441cb7d847aa9,300039.SZ,上海凯宝,2024-06-15,2,0.29295963048934937,0,5406,6.0421648e-05
430b1debb0bd035ce514816a,300040.SZ,九洲集团,2024-06-15,9,1.5352708101272583,0,5406,0.00014695371
7f76a34d92ff72eda6b14b44,300042.SZ,朗科科技,2024-06-15,3,0.9921451210975647,0,5406,0.00011420761
d01c0103d092bc72293b41a8,300043.SZ,星辉娱乐,2024-06-15,0,0.0,38,1,2.7262813e-05
d6bfc8893da0655f67a7d33b,300044.SZ,ST赛为,2024-06-15,5,1.4184541702270508,0,5406,0.0001424185
7041f65d9913224ba07650c5,300045.SZ,华力创通,2024-06-15,9,2.4825339317321777,0,5406,0.00021188603
11940db3d63f05162c05211d,300046.SZ,台基股份,2024-06-15,4,1.294194221496582,0,5406,0.00012970764
95335389a9b0ec9ec0a4900b,300047.SZ,天源迪科,2024-06-15,6,1.3901690244674683,0,5406,0.00012518698
6503663eb101dbfe219b1d68,300048.SZ,合康新能,2024-06-15,9,2.404770851135254,0,5406,0.00020196497
43418fe06c4aba66de890a2c,300049.SZ,福瑞股份,2024-06-30,6,1.1412166357040405,0,5406,0.00010800868
60eb7d83f81eaed1957e10a9,300050.SZ,世纪鼎利,2024-06-15,6,1.2332103252410889,0,5406,0.0001304936
7c35245dfe9d1630bbfc6182,300051.SZ,琏升科技,2024-06-30,5,1.9607315063476562,0,5406,0.00015568789
5b7b1dcf3a7252487f1f83d7,300052.SZ,ST中青宝,2024-06-30,4,1.736615777015686,0,5406,0.00016993767
db2012dc6dccdc450afeec0c,300054.SZ,鼎龙股份,2024-06-15,16,3.645352363586426,0,5406,0.00027902224
6d01261acadd3a14dd0727ed,300264.SZ,佳创视讯,2024-06-15,9,3.3110544681549072,0,5406,0.0003231609
196bb509ea6b301680c77f50,300277.SZ,汽轮科技,2024-06-15,9,2.059105634689331,0,5406,0.00020854612
1bdf4d4d851913f664d87e7c,601058.SH,赛轮轮胎,2024-06-15,8,3.128384590148926,0,5406,0.00023386712
073f2ce33da45fb7de9ca74c,601106.SH,中国一重,2024-06-15,5,1.2118809223175049,0,5406,0.00014196713
5a8703587bff96c94d7283c0,601179.SH,中国西电,2024-06-15,8,2.9979751110076904,0,5406,0.00025925136
098ed204c25fb1e343cc1eb0,601688.SH,华泰证券,2024-06-30,6,1.945263147354126,0,5406,0.00015773252
01ecb9331fbe65fe7cc1842e,603199.SH,九华旅游,2024-04-05,10,3.963409185409546,0,5406,0.00025360004
34a35e6ce4e581d9dd038a38,002387.SZ,维信诺,2024-06-15,7,2.9504234790802,0,5406,0.00021711538
4433724ea5faac3dc6ea7fb1,002388.SZ,新亚制程,2024-06-15,7,1.7345304489135742,0,5406,0.00014813429
99a4484b19c0f274b6ef6b66,002389.SZ,航天彩虹,2024-06-15,6,1.1553982496261597,0,5406,0.00013894231
7839396e4d8d76f44810cc24,002390.SZ,信邦制药,2024-06-15,7,1.2006815671920776,0,5406,0.00013048148
454a1a49b97a44af40bec10c,002391.SZ,长青股份,2024-06-15,10,3.325701951980591,0,5406,0.00022062566
812d63e3da34aa662abbf16d,002395.SZ,双象股份,2024-06-15,6,2.00937557220459,0,5406,0.00017447706
81535ef6de171efb5ab3d231,002398.SZ,垒知集团,2024-06-15,3,0.5595723390579224,0,5406,8.924443e-05
d63dd9e5aaa3f17524529c2f,002399.SZ,海普瑞,2024-06-15,5,1.2682216167449951,0,5406,0.00015472039
93d124f68592535779deb53e,002400.SZ,省广集团,2024-06-15,9,3.019042730331421,0,5406,0.0002270329
24840ea10514ecfd82f92d7e,002401.SZ,中远海科,2024-06-15,4,0.625988245010376,0,5406,8.5566986e-05
2ca3eb4539659286914e8fda,002402.SZ,和而泰,2024-06-30,11,2.4732184410095215,0,5406,0.0002460878
e643ad6f96deaa90fcfb70df,002403.SZ,爱仕达,2024-06-15,3,1.125566005706787,0,5406,0.0001550093
1a8e8e009feadd4577be2c9e,002404.SZ,嘉欣丝绸,2024-06-15,10,2.691117763519287,0,5406,0.00024991605
574e2663871231a8db8f82f7,002405.SZ,四维图新,2024-06-30,1,0.10596807301044464,0,5406,3.8691884e-05
bc6bc1ba3498dc2ce412d341,002406.SZ,远东传动,2024-03-15,5,1.3065768480300903,0,5406,0.00014290406
c1c4f05dfe629b892bc94579,002407.SZ,多氟多,2024-06-15,4,0.997860312461853,0,5406,0.00010353765
2a5b7d0baceedef6194200fa,002408.SZ,齐翔腾达,2024-06-30,9,3.852566719055176,0,5406,0.00032198717
5d30d01c4a886df109fcbf85,002409.SZ,雅克科技,2024-06-30,6,1.3111873865127563,0,5406,0.000121275276
e32da640d6ec29b0267e0081,002410.SZ,广联达,2024-06-30,4,1.0520803928375244,0,5406,0.00015806299
e1a13f79fc1587102179c0df,002412.SZ,汉森制药,2024-03-25,13,3.5113000869750977,0,5406,0.00028063694
32ec669d4cbf4665d256b383,002413.SZ,雷科防务,2024-06-15,13,3.4493625164031982,0,5406,0.00025995733
786eb142991c41cdac532c4c,002414.SZ,高德红外,2024-06-30,9,3.6299235820770264,0,5406,0.00028130595
44dd24d9a2a7fac1e243eaa7,002415.SZ,海康威视,2024-03-15,10,2.8418281078338623,0,5406,0.00023618164
706e54161f5480f3b737d339,002416.SZ,爱施德,2024-03-15,4,1.1415290832519531,0,5406,0.00018430919
120e20eda2c200ba23081024,002418.SZ,康盛股份,2024-06-30,6,1.745357871055603,0,5406,0.00017308505
e21c48e0f8b942553765af2b,002420.SZ,毅昌科技,2024-06-15,3,0.42211276292800903,0,5406,6.576651e-05
4e02b52a517ff594efeb326f,002422.SZ,科伦药业,2024-06-15,6,1.4195137023925781,0,5406,0.00017276955
336d13913d9e28bb0acfebeb,002423.SZ,中粮资本,2024-06-30,4,0.7940300703048706,0,5406,7.951054e-05
0a11aefae3ff7b28d6b638d6,002425.SZ,凯撒文化,2024-06-15,5,2.033193588256836,0,5406,0.00017532987
c2bce0f03290651377d9dd91,002428.SZ,云南锗业,2024-06-15,7,1.5017194747924805,0,5406,0.00013492139
f1005a199a8d758b71779107,002442.SZ,龙星科技,2024-06-15,4,1.5448908805847168,0,5406,0.00013876981
967db1e2e8937cb6222fa916,002808.SZ,*ST恒久,2024-06-30,4,0.5533720254898071,0,5406,7.24845e-05
70ca6a59b40db3c11076f9a2,300053.SZ,航宇微,2024-06-15,8,1.868213415145874,0,5406,0.00018571138
1931c6e11845162169325fe2,300055.SZ,万邦达,2024-06-15,6,0.9663172960281372,0,5406,0.000121565485
e6da7b9ab3362e2e15e3d3e8,300056.SZ,中创环保,2024-06-15,3,1.0555704832077026,0,5406,0.00013374342
01c9754522627d63c32c94b8,300057.SZ,万顺新材,2024-06-15,7,1.2832282781600952,0,5406,0.00011797327
9c2a4e9e8db22c7305575cf8,300058.SZ,蓝色光标,2024-06-30,10,2.8796849250793457,0,5406,0.00020952626
ffcdb4559e9d5c7ff64148de,300059.SZ,东方财富,2024-06-30,4,0.8338058590888977,0,5406,9.0564215e-05
ce1051261e8727a1f65ddd2a,300061.SZ,旗天科技,2024-06-30,4,2.0190722942352295,0,5406,0.00017641872
8b3e0d0be8e9c1988a9176d5,300062.SZ,中能电气,2024-06-15,11,3.116626739501953,0,5406,0.000241748
01f47d069a2db003d9b8491f,300063.SZ,天龙集团,2024-06-15,8,2.386233329772949,0,5406,0.00022857363
bcae2aee0f2fa7590519cbcc,300065.SZ,海兰信,2024-06-15,4,0.6156780123710632,0,5406,7.691106e-05
a200ef8f942a52e6396e5f60,300066.SZ,三川智慧,2024-06-15,8,2.942139148712158,0,5406,0.00019590672
bda93dcf446ffa801d02a4c4,300068.SZ,南都电源,2024-06-15,6,1.4813883304595947,0,5406,0.0001883207
f2f17cbc1b4f04279dc2dba9,300087.SZ,荃银高科,2024-06-15,7,3.6341166496276855,0,5406,0.0002306181
b1ebfc55789efb0c4ed3a97d,300098.SZ,高新兴,2024-06-30,7,2.515883207321167,0,5406,0.00023085643
cc97d5f9e9770a8da38e88e3,601010.SH,文峰股份,2024-03-15,8,1.4417451620101929,0,5406,0.00012935336
ffc741a774d32f7272db0fc6,601101.SH,昊华能源,2024-06-30,7,3.1843924522399902,0,5406,0.00020736914
a7a8c67cb6b1682c9f04fbb5,601158.SH,重庆水务,2024-04-05,10,3.6098854541778564,0,5406,0.00023123146
6152b96e01603fefc8ad5a97,601369.SH,陕鼓动力,2024-06-15,9,2.379112720489502,0,5406,0.00023991792
f462b14d21bccdf14b25653a,002424.SZ,ST百灵,2024-03-15,15,3.284817934036255,0,5406,0.0002743406
206234dacc3936f64f91f6af,002426.SZ,胜利精密,2024-06-30,12,3.01434588432312,0,5406,0.00024714367
b42a213d3aab75cd52b4364c,002427.SZ,尤夫股份,2024-06-30,10,2.985431432723999,0,5406,0.00023451126
41f286502d441fdd93281885,002429.SZ,兆驰股份,2024-06-30,5,1.0395984649658203,0,5406,0.00012130052
778c6ce83c17820dc89320ef,002430.SZ,杭氧股份,2024-06-15,4,0.576477587223053,0,5406,8.304315e-05
def16c67f362cd709b3c5e0f,002431.SZ,棕榈股份,2024-06-15,6,1.7429232597351074,0,5406,0.00014814571
1d86e8a0986583848204bb6f,002432.SZ,九安医疗,2024-03-15,9,3.0866801738739014,0,5406,0.0002528911
2914cee9a582db38eefd8d2a,002434.SZ,万里扬,2024-06-15,5,0.8427176475524902,0,5406,0.00012561712
b21a04f962b020eac1c551cb,002436.SZ,兴森科技,2024-06-15,7,1.3154032230377197,0,5406,0.0001450067
ee0ea6210b0a47943d48cc0e,002437.SZ,誉衡药业,2024-06-15,6,1.1158080101013184,0,5406,0.00012898816
86bca748875aede95cfb1ffc,002439.SZ,启明星辰,2024-06-15,9,4.378927230834961,0,5406,0.00031952633
4430d76ca0f2815ed2334fdb,002440.SZ,闰土股份,2024-06-15,8,3.914443016052246,0,5406,0.00026003146
f735443602ac9fa9b65b63c2,002441.SZ,众业达,2024-03-25,1,0.16653074324131012,0,5406,4.1166524e-05
090202a7e62c8515830d2385,002443.SZ,金洲管道,2024-06-15,2,0.4990367293357849,0,5406,7.791847e-05
10953fc398e1e81ec1e7561d,002444.SZ,巨星科技,2024-06-15,4,0.44275879859924316,0,5406,7.4251235e-05
391e21022da353e88fcd145e,002445.SZ,中南文化,2024-06-15,8,1.866687297821045,0,5406,0.00017827973
c58e0feca560820debd1cd34,002449.SZ,国星光电,2024-06-15,7,2.5461008548736572,0,5406,0.00021425475
dad5ed0c2077b855b75c34fc,002456.SZ,欧菲光,2024-06-30,8,2.5554730892181396,0,5406,0.00019255672
779ff560c74d29533a56b059,002459.SZ,晶澳科技,2024-06-30,10,3.687253952026367,0,5406,0.00026132193
d1188cd8e4b37884581fa69f,002466.SZ,天齐锂业,2024-03-15,3,1.6131243705749512,0,5406,0.00014912843
a8f8e384f2a80223ceef739b,002469.SZ,三维化学,2024-06-30,5,0.9276164174079895,0,5406,0.00013342487
ae0feb61d7cfd753d2aa1afa,002492.SZ,恒基达鑫,2024-06-30,7,2.622816801071167,0,5406,0.00023523023
80f7f62637ce89c90facc9ca,002613.SZ,北玻股份,2024-06-15,7,1.4230918884277344,0,5406,0.000143289
50c58bf97f525257c9df8984,002622.SZ,皓宸医疗,2024-06-15,2,1.0081404447555542,0,5406,0.000120018165
de89e0575392d16eaae70b24,002644.SZ,佛慈制药,2024-06-15,11,2.0333385467529297,0,5406,0.00019430868
3c049b1c951be9b86bcdd61b,300067.SZ,安诺其,2024-06-15,9,2.4851834774017334,0,5406,0.0001990713
2b9818df91918b94f00e9999,300069.SZ,金利华电,2024-06-15,6,1.6114317178726196,0,5406,0.0001538133
2f2d78b98a85f43ae80c3e8e,300070.SZ,碧水源,2024-06-15,6,1.5835721492767334,0,5406,0.00017994254
bc7f3417962a67983b25a4ed,300072.SZ,海新能科,2024-06-15,3,0.8045816421508789,0,5406,0.00011744409
6de5f0f5fdf2e7904c2b5574,300073.SZ,当升科技,2024-06-15,8,3.166861057281494,0,5406,0.00023295077
22d2c7d3f7240899079bda1c,300074.SZ,华平股份,2024-06-15,5,1.2800263166427612,0,5406,0.00012842797
e54d6627dfff5986ebdd7a1b,300075.SZ,数字政通,2024-06-15,10,3.4679410457611084,0,5406,0.00023984443
06115a376149ff6546a34968,300076.SZ,GQY视讯,2024-06-15,4,1.428307294845581,0,5406,0.00014140352
5f6f0f09658dd4aab22873f1,300077.SZ,国民技术,2024-06-15,6,2.5452349185943604,0,5406,0.00022337431
c64c4bed8453ef5c18879358,300078.SZ,思创智联,2024-06-15,2,0.3358503580093384,0,5406,6.732452e-05
9b3f8b13d3cbbc6a304a89f9,300079.SZ,数码视讯,2024-06-15,9,2.7301318645477295,0,5406,0.00025853238
51299700db316a72c4217514,300080.SZ,易成新能,2024-06-30,9,3.2211196422576904,0,5406,0.00023491523
a89bfd48a1282b31a1014f43,300082.SZ,奥克股份,2024-06-30,10,2.3484506607055664,0,5406,0.00020573343
a0c8b4340a923cdc08d26f29,300083.SZ,创世纪,2024-06-15,6,1.3074958324432373,0,5406,0.00014811484
3eb8b23060c648b9871ce625,300084.SZ,海默科技,2024-06-15,6,1.7594285011291504,0,5406,0.00018706819
0cfa34035aa35e2cbad6ae36,300086.SZ,康芝药业,2024-06-15,4,0.8574406504631042,0,5406,0.00012136368
15e077d73803d4127832d4f0,300101.SZ,振芯科技,2024-06-15,8,2.2541792392730713,0,5406,0.00021287319
fc48783b3df8db1b92ce3779,300105.SZ,龙源技术,2024-06-15,2,0.46993154287338257,0,5406,7.487194e-05
8ba00121a8341f1ab2439e7e,300235.SZ,方直科技,2024-06-15,4,0.6173169016838074,0,5406,7.4939126e-05
72976bc593dfda2c23c6ddc4,300238.SZ,冠昊生物,2024-06-15,7,3.4199678897857666,0,5406,0.00028873296
b217e448d380e34198fe2146,601012.SH,隆基绿能,2024-03-15,8,2.3885715007781982,0,5406,0.00018345787
616f5da098334ff608dd46a3,601118.SH,海南橡胶,2024-04-05,1,0.14860063791275024,0,5406,3.9064384e-05
8c0b723c36664ebb0db359e6,601188.SH,龙江交通,2024-06-15,7,2.809128761291504,0,5406,0.00019307222
ff62ccc338086bfbcd8e7897,601518.SH,吉林高速,2024-06-30,9,2.859435558319092,0,5406,0.00022547947
0ff84400f584795ce006ae44,603002.SH,宏昌电子,2024-06-15,8,1.8337918519973755,0,5406,0.0001672976
9c6d3e2d3efdc59839753f91,002451.SZ,摩恩电气,2024-06-30,7,1.5843249559402466,0,5406,0.00014950628
8d102ac2be2b897742252aa7,002452.SZ,长高电新,2024-06-15,9,2.560155153274536,0,5406,0.00022869791
f916aa8a7523fce73306c807,002453.SZ,华软科技,2024-06-15,6,1.3955711126327515,0,5406,0.00014628329
37512e04972854c3a98202a3,002454.SZ,松芝股份,2024-06-30,7,1.7253477573394775,0,5406,0.00017909147
b52cc35ffb6fc22781d76e5e,002457.SZ,青龙管业,2024-06-15,6,2.665367364883423,0,5406,0.00023873667
23b1cc4a29de22f5a544835c,002458.SZ,益生股份,2024-03-15,3,1.461674451828003,0,5406,0.00013863078
0069e9dd73888f5dee0ef42f,002460.SZ,赣锋锂业,2024-06-30,6,2.298588752746582,0,5406,0.00020415173
cee0bee390f5658aa891963b,002462.SZ,嘉事堂,2024-06-30,6,2.0753989219665527,0,5406,0.00016675588
6d83e8b3b44ee52b8d8010af,002463.SZ,沪电股份,2024-03-15,7,1.7810739278793335,0,5406,0.00015754969
decce198308b7f59b869e569,002465.SZ,海格通信,2024-03-15,14,4.156803607940674,0,5406,0.00033065106
5d33cc72a36122563e289aa4,002468.SZ,申通快递,2024-03-15,4,2.249110698699951,0,5406,0.00020919509
4411beae24ddacb33af29c97,002470.SZ,金正大,2024-06-15,7,1.7136452198028564,0,5406,0.00018998675
0c4942761106ad82fa0c5fec,002476.SZ,宝莫股份,2024-03-15,7,1.032086730003357,0,5406,0.00014031834
2baf028dcb70bc849703c329,002484.SZ,江海股份,2024-03-25,6,1.768539547920227,0,5406,0.00015681118
878ee5cd1c95f7ca10242297,002496.SZ,*ST辉丰,2024-03-15,9,2.3792855739593506,0,5406,0.00020200759
c564722ccaf8a40edf487903,002529.SZ,*ST海源,2024-06-30,7,1.8927514553070068,0,5406,0.00018576451
9f03e3f9323ce95d4f054110,300081.SZ,ST恒信,2024-06-15,5,1.0294520854949951,0,5406,0.0001272067
08a6fd35ecbda12e158eb070,300085.SZ,银之杰,2024-06-15,7,1.195835828781128,0,5406,0.0001259317
a4916df0a78212f43e2bc17d,300088.SZ,长信科技,2024-06-15,8,2.1240620613098145,0,5406,0.00018882833
4ebd61dc9371ff3ce28356f4,300091.SZ,*ST金灵,2024-06-30,6,2.2057249546051025,0,5406,0.00014946892
cd14135699ff14057a1bbdca,300092.SZ,科新机电,2024-06-15,9,2.8994154930114746,0,5406,0.00025983175
6b2c40c5267c1e7b4b3b0985,300093.SZ,*ST金刚,2024-06-30,5,2.069146156311035,0,5406,0.00017827423
3b5d1b92d5c6693ad0d921ae,300094.SZ,国联水产,2024-06-15,10,3.9597504138946533,0,5406,0.00030608772
74e6e741a04822e18df8c25a,300095.SZ,华伍股份,2024-06-15,5,0.7965315580368042,0,5406,0.000106205094
b98eb645198f4d01ace122cf,300096.SZ,ST易联众,2024-06-15,8,3.243868827819824,0,5406,0.0002338241
b4b91c728fca4bc18763105e,300097.SZ,智云股份,2024-06-15,9,2.013845205307007,0,5406,0.00017067355
04e378f0f67c3710aa3c0f2e,300099.SZ,尤洛卡,2024-06-30,8,3.8744406700134277,0,5406,0.00030447962
6e21c6b4aa2eb622d6370877,300100.SZ,双林股份,2024-06-30,7,2.0202443599700928,0,5406,0.00017138563
6795579d00088d1c36439010,300102.SZ,乾照光电,2024-06-15,8,2.196255683898926,0,5406,0.0001856958
4707b06ec20457c105710a62,300103.SZ,达刚控股,2024-06-15,4,1.1185276508331299,0,5406,0.00015754573
3d4a4a160a5c4473d12c93ec,300106.SZ,西部牧业,2024-06-30,3,0.9699926972389221,0,5406,9.741872e-05
1e8767f67a842d44e4c98282,300107.SZ,建新股份,2024-06-15,10,2.498215675354004,0,5406,0.00019431177
338ee17257afe68066be5b89,300110.SZ,华仁药业,2024-06-15,1,0.08704710751771927,0,5406,3.60442e-05
6c19c2ccd2ceecd574b7333a,300124.SZ,汇川技术,2024-03-15,6,2.1122806072235107,0,5406,0.00017343057
f8b037d988320cc66033a136,300126.SZ,锐奇股份,2024-06-15,6,1.6180052757263184,0,5406,0.0001877796
a10eeadbbcb188a668a10681,300152.SZ,ST新动力,2024-06-30,5,0.8398848176002502,0,5406,0.00011271429
b982f63bf17307b7f07529df,300173.SZ,ST福能,2024-06-30,13,4.055084705352783,0,5406,0.00027991523
b852f71a2fea0adc28087e90,300179.SZ,四方达,2024-06-15,9,2.179748773574829,0,5406,0.00017365995
4e42e1a5cc927a38edb25619,300245.SZ,天玑科技,2024-06-15,12,3.7945358753204346,0,5406,0.00029796595
e467c9656bcc0ba5b0cb4dbc,300253.SZ,卫宁健康,2024-06-15,8,3.241790294647217,0,5406,0.00023269649
09bf325f852f47b476e61f72,300272.SZ,开能健康,2024-06-15,4,0.5414595603942871,0,5406,9.252454e-05
b381f6c679e20a0380242283,300305.SZ,裕兴股份,2024-06-30,8,2.3939032554626465,0,5406,0.00020134564
8023f18eef0ddf6bde6d9fa9,300321.SZ,同大股份,2024-06-15,9,3.3476719856262207,0,5406,0.0002769365
4dd900898b60c2ff1c100106,601000.SH,唐山港,2024-06-30,5,2.6343371868133545,0,5406,0.00017789574
16e393f7ef9b6dcc03ee1562,601018.SH,宁波港,2024-04-05,8,2.9359192848205566,0,5406,0.00018131472
65d3c700cc665b2ce93d3e27,601177.SH,杭齿前进,2024-06-15,6,1.1779659986495972,0,5406,0.00013831722
a21eba2c42ffee4343a33f36,601288.SH,农业银行,2024-06-30,11,3.9417219161987305,0,5406,0.00023816066
a58cd7695a7fca7da16bc9c0,601377.SH,兴业证券,2024-03-15,10,3.65875506401062,0,5406,0.00023936149
b30a4eae01b6df6634e3500d,601717.SH,中创智领,2024-06-15,9,2.5226831436157227,0,5406,0.00021763195
9ee82d45a4ab466182159bba,601718.SH,际华集团,2024-03-25,2,0.2695799767971039,0,5406,5.392059e-05
0e2403ca844991f5a7254dac,002471.SZ,中超控股,2024-06-15,6,1.1458261013031006,0,5406,0.00011740528
2180e7c9c18113c2350e7011,002472.SZ,双环传动,2024-06-15,11,3.2232792377471924,0,5406,0.00026742363
8a2b7a1f96138b0cf395fbca,002475.SZ,立讯精密,2024-03-15,6,0.8909804224967957,0,5406,0.00010451432
6d509fe6c73275493b8d2a71,002478.SZ,常宝股份,2024-06-15,10,2.947777271270752,0,5406,0.00025395618
f53dd1f26a2102344afa04af,002479.SZ,富春环保,2024-06-30,8,1.929362416267395,0,5406,0.0001519272
19ff6a3c58207f1b36eeb6ab,002480.SZ,新筑股份,2024-06-30,4,0.35373803973197937,0,5406,5.8748556e-05
9cd99904ab770cbc38a2c156,002481.SZ,双塔食品,2024-06-30,6,1.6100938320159912,0,5406,0.00014899683
e46688c30c90b5445788fd2b,002482.SZ,广田集团,2024-06-30,9,1.8611023426055908,0,5406,0.0001813869
3e5f97d26bca36c3bf4b7ff9,002483.SZ,润邦股份,2024-06-15,0,0.0,39,1,2.7262813e-05
e058ace7ebf68bb20c8039f9,002485.SZ,ST雪发,2024-06-30,7,3.4753055572509766,0,5406,0.00023385191
ced3dc3bd522bc8e2f366c80,002486.SZ,嘉麟杰,2024-03-15,6,1.2479345798492432,0,5406,0.00014774813
f9efb15f181b64ef9f220b4f,002487.SZ,大金重工,2024-06-15,5,2.066061496734619,0,5406,0.00019646251
f382b96356d3672268f90deb,002488.SZ,金固股份,2024-06-15,6,2.0433270931243896,0,5406,0.00021451396
716830853ecc37bab3c60295,002491.SZ,通鼎互联,2024-06-30,6,1.1592586040496826,0,5406,0.00012511418
86a74503ec08c0e7d8d0acc9,002493.SZ,荣盛石化,2024-06-30,7,2.640592098236084,0,5406,0.00023147647
f857aee40b031f11cf2b65ad,002495.SZ,佳隆股份,2024-06-15,8,1.7089130878448486,0,5406,0.00017965109
166665c8de3b4621681993b7,002497.SZ,雅化集团,2024-06-15,3,0.5540221333503723,0,5406,7.575536e-05
f4c5141cf002506a682cdb3f,002500.SZ,山西证券,2024-06-30,11,2.9021661281585693,0,5406,0.00020196998
ae49aa98690c46d2512e4625,002518.SZ,科士达,2024-06-15,2,0.44144344329833984,0,5406,7.298334e-05
be27db33cc5ec33cc9cae30a,002521.SZ,齐峰新材,2024-06-30,8,1.930507779121399,0,5406,0.00016664571
37d24fa5e9091d67e512bb4e,002527.SZ,新时达,2024-06-30,5,1.2745240926742554,0,5406,0.000121918085
2199bf5fc5acfd7338ce8b41,002530.SZ,金财互联,2024-06-30,2,0.45242032408714294,0,5406,0.00012467729
29d2c8221843b2f34058e6e5,002569.SZ,*ST步森,2024-06-30,8,2.857649326324463,0,5406,0.00020429381
b314f2469269ee2ee477efff,002595.SZ,豪迈科技,2024-06-15,7,1.1170929670333862,0,5406,0.00013240437
c59f060b5f02d0d14e00d33e,002614.SZ,奥佳华,2024-06-30,8,2.375354766845703,0,5406,0.00023489202
5bfd637b24fa428db8d3e31d,002615.SZ,哈尔斯,2024-06-15,5,1.1539881229400635,0,5406,0.00015082759
60aafca9788def10c3dc704a,300109.SZ,新开源,2024-06-30,1,0.14405609667301178,0,5406,4.0269562e-05
0eff0533e3d658d01f2f222c,300111.SZ,向日葵,2024-06-30,2,0.3825732469558716,0,5406,6.2772946e-05
68f7fc8d543d81113185f697,300112.SZ,万讯自控,2024-06-15,7,1.2822531461715698,0,5406,0.00014825987
3dd133d3a2ab85ba26b261d0,300113.SZ,顺网科技,2024-06-30,3,1.5711382627487183,0,5406,0.00014975214
508655ff9690a671187ff2e1,300115.SZ,长盈精密,2024-06-15,14,3.7376668453216553,0,5406,0.000276258
0d17ea0070b0f58ba2860f50,300118.SZ,东方日升,2024-06-30,9,3.0822250843048096,0,5406,0.00022321787
74edbb4cea22e6ddf48e0d7b,300119.SZ,瑞普生物,2024-06-15,7,2.2335565090179443,0,5406,0.00015618351
81f0aedc1c8c7c471906a61c,300120.SZ,经纬辉开,2024-06-15,10,1.9722424745559692,0,5406,0.0001787796
0a3de6091d1b321c52f8c4a2,300121.SZ,阳谷华泰,2024-06-15,9,2.403244733810425,0,5406,0.00019707474
ce539de53e3dabd4a13a0f49,300122.SZ,智飞生物,2024-06-30,6,2.1292333602905273,0,5406,0.00016415672
16884c9014d6bcbc97c63d26,300123.SZ,亚光科技,2024-06-15,7,1.7367717027664185,0,5406,0.00014906861
6d863f277dc4114354b8330c,300125.SZ,*ST聆达,2024-06-30,0,0.0,40,1,2.7262813e-05
c0727d09e8e186485f20361e,300127.SZ,银河磁体,2024-06-15,7,2.9177660942077637,0,5406,0.00021787098
8fbd149b06ca01404f994aa2,300128.SZ,锦富技术,2024-06-30,9,2.9081759452819824,0,5406,0.00020606471
61a165b5454ed2772c3f5af8,300129.SZ,泰胜风能,2024-06-30,5,2.72440505027771,0,5406,0.0002524653
1f560945262cb036f3b47b0b,300130.SZ,新国都,2024-06-15,7,1.404834508895874,0,5406,0.0001487383
4d1c5438a519f68e937c6d0f,300133.SZ,华策影视,2024-06-15,7,3.892916679382324,0,5406,0.00025579365
58b1d5e6ff3ba331d4fa0222,300134.SZ,大富科技,2024-06-15,1,0.2582676410675049,0,5406,5.1819883e-05
44d37f67d115d99961c27c1a,300135.SZ,宝利国际,2024-06-15,6,0.9177485704421997,0,5406,0.00013840446
9ca91e2770519c4c3bbafd05,300329.SZ,海伦钢琴,2024-06-15,2,0.573132336139679,0,5406,0.00013964972
43626a59499856d2e1ad369e,302132.SZ,中航成飞,2024-06-15,9,2.5575358867645264,0,5406,0.00023048099
a5e26ba2d25df1de2a94784f,600998.SH,九州通,2024-03-25,7,2.1228110790252686,0,5406,0.00016293605
35302b6c8c2dbec43196e2be,601098.SH,中南传媒,2024-06-30,8,2.121960163116455,0,5406,0.00014064574
06193d506c3dec0136427f25,601818.SH,光大银行,2024-06-30,9,3.224755048751831,0,5406,0.00024338359
7232c3a0c121b8965f3d66a6,002494.SZ,华斯股份,2024-06-30,1,0.1586894690990448,0,5406,4.3754484e-05
52991655e3caf02a8ef0323f,002498.SZ,汉缆股份,2024-06-15,9,2.3805408477783203,0,5406,0.00021325043
dbd3706f9d5ceca5ec062ba5,002501.SZ,利源股份,2024-06-30,6,1.8621894121170044,0,5406,0.0001678775
ef404e5716f96e9b2e73bccb,002507.SZ,涪陵榨菜,2024-06-30,5,0.8417912721633911,0,5406,8.856473e-05
822481cfe8ae8e9c4ddacb6a,002508.SZ,老板电器,2024-06-15,8,3.433697462081909,0,5406,0.00026825716
769bcfd2fb79f4680cf34767,002510.SZ,天汽模,2024-06-30,8,1.9728144407272339,0,5406,0.00017648861
c18f21aac9c76f089919290a,002511.SZ,中顺洁柔,2024-06-30,5,0.6016088724136353,0,5406,7.746489e-05
4ba02fa507d311dc504b7f01,002512.SZ,ST达华,2024-06-30,5,0.6855940222740173,0,5406,0.00010529498
bb378b636af0e216cd868c2b,002513.SZ,蓝丰生化,2024-06-15,9,3.605172634124756,0,5406,0.0002529522
7ddcdaa874096a0a1bb9cab2,002514.SZ,宝馨科技,2024-06-30,3,0.3639858663082123,0,5406,5.547632e-05
7a19685d7254e7c985190165,002515.SZ,金字火腿,2024-06-30,10,2.9613873958587646,0,5406,0.00021671089
949b254f759c258a551a5729,002516.SZ,旷达科技,2024-06-30,5,1.5402435064315796,0,5406,0.00014719015
723c254cd1849bd4ccee84d6,002517.SZ,恺英网络,2024-06-30,7,2.6543891429901123,0,5406,0.00021065991
2d2281c1b6f1355413de5832,002519.SZ,银河电子,2024-06-30,5,1.8544533252716064,0,5406,0.00015570733
64240eae7643cd6b7fd5ce9d,002520.SZ,日发精机,2024-06-30,3,0.41744735836982727,0,5406,5.8480146e-05
3e6a4d6fc1c0a9badcf292ac,002522.SZ,浙江众成,2024-06-15,10,3.406733751296997,0,5406,0.0002686296
286f79558616d05e28082623,002547.SZ,春兴精工,2024-06-30,4,0.551071286201477,0,5406,7.140612e-05
2106f55a8ee3273d286cd71c,002554.SZ,惠博普,2024-06-30,8,1.3757855892181396,0,5406,0.00015031811
52b0c875e47635cc7245e918,002606.SZ,大连电瓷,2024-06-15,9,2.9428563117980957,0,5406,0.00026160726
09cc801d31cf3ba85bc4f037,002643.SZ,万润股份,2024-06-15,5,1.2501866817474365,0,5406,0.00014149086
8e5e4077bf0a26689dfa3b22,002738.SZ,中矿资源,2024-06-15,8,1.5472207069396973,0,5406,0.00016494453
97c8dd06281e93d3bcab839f,002743.SZ,富煌钢构,2024-06-15,9,3.086531639099121,0,5406,0.00029220368
7a1db3832e3d7ece925e676f,002805.SZ,丰元股份,2024-06-15,10,4.130000114440918,0,5406,0.00030233306
c3b3e222cd05c80a5e9b212f,002889.SZ,东方嘉盛,2024-06-30,7,1.3367232084274292,0,5406,0.00014725343
1490b769e907d5981aad0d37,300131.SZ,英唐智控,2024-06-30,5,0.7610711455345154,0,5406,9.157131e-05
25314d05a68582b8662fffa7,300132.SZ,青松股份,2024-06-15,9,2.301915407180786,0,5406,0.00021877926
604b6942eef09f3a0d0f4638,300136.SZ,信维通信,2024-06-30,6,0.8458297252655029,0,5406,8.6509106e-05
b6f2b3cb4056d6d5abe87347,300137.SZ,先河环保,2024-06-15,5,0.7291573286056519,0,5406,9.407825e-05
9fd68ddb4401e24224be6419,300138.SZ,晨光生物,2024-06-15,8,2.186757802963257,0,5406,0.00018433468
bedf48cd3e03effc2aacff76,300140.SZ,中潜股份,2024-06-30,4,0.5857511758804321,0,5406,7.644721e-05
15b51f6874443ac973c40e9d,300141.SZ,和顺电气,2024-06-15,6,2.409142255783081,0,5406,0.00020486132
d7661aaf8560ace509764a3e,300142.SZ,沃森生物,2024-06-30,9,3.636441946029663,0,5406,0.0002756738
de8430ccf90d5d01013b7744,300143.SZ,盈康生命,2024-06-15,7,1.2201778888702393,0,5406,0.00015472915
3969487145ed14a91ef7fd48,300144.SZ,宋城演艺,2024-06-30,6,3.179100513458252,0,5406,0.00021329553
5a5433e4609709f8411c720d,300145.SZ,南方泵业,2024-06-15,6,0.938214898109436,0,5406,0.00012553322
cc9049f58130e5ec7c586bc5,300146.SZ,汤臣倍健,2024-06-30,7,1.7338459491729736,0,5406,0.00017958153
717a63f5d695198eff9021da,300148.SZ,天舟文化,2024-06-15,3,0.6385760307312012,0,5406,9.9552744e-05
f321a779869062c1ee485b7b,300149.SZ,睿智医药,2024-06-30,3,0.9647089242935181,0,5406,0.00010919091
05114cf0128df37d3d43136f,300151.SZ,昌红科技,2024-06-15,6,0.6308923959732056,0,5406,8.223653e-05
16e6819a174d1167bb821855,300154.SZ,瑞凌股份,2024-06-15,6,2.274940013885498,0,5406,0.00020168812
0ea7bd3d53df1ab15d75cee4,300155.SZ,安居宝,2024-06-15,5,1.7978625297546387,0,5406,0.00020419317
07ba9addee735b491b60afb6,300157.SZ,新锦动力,2024-06-15,10,1.4076588153839111,0,5406,0.00017783225
20d2e30230c3660623df7e7b,300158.SZ,振东制药,2024-06-15,8,1.7553998231887817,0,5406,0.00016799416
a7ecee293cd869923766e82e,300168.SZ,万达信息,2024-06-30,12,3.378577709197998,0,5406,0.00023936489
930ebfa3857c68a04de0fb58,300331.SZ,苏大维格,2024-06-15,10,2.3234951496124268,0,5406,0.00018703783
f113eef7b2a839f13eb3f196,300401.SZ,花园生物,2024-06-15,5,1.2288141250610352,0,5406,0.00012346062
3704e409e4a161bd65042421,601777.SH,千里科技,2024-06-15,7,1.3192330598831177,0,5406,0.00017456792
c8d2508fb0f09c1a1df863fd,601880.SH,辽港股份,2024-06-30,4,1.7361479997634888,0,5406,0.00012479513
11856a89731ac5101541be69,601996.SH,丰林集团,2024-06-30,7,2.675419330596924,0,5406,0.00022970795
e8a52a4fbc7d6eb1143df283,603167.SH,渤海轮渡,2024-06-15,2,0.4788261353969574,0,5406,6.882465e-05
c89547e8c1bef06f77670b8a,002524.SZ,光正眼科,2024-06-15,6,2.981978178024292,0,5406,0.0002034497
10341e9f1fac7dc7760191e6,002526.SZ,山东矿机,2024-06-15,10,3.819936752319336,0,5406,0.00032961444
f54813baa7719282e35f366b,002528.SZ,ST英飞拓,2024-06-30,8,2.9292733669281006,0,5406,0.00021403578
62165dfd7b09050e9dcff71c,002531.SZ,天顺风能,2024-06-30,6,1.1872059106826782,0,5406,0.00012503064
bd7777cd7f3288cebb34182e,002532.SZ,天山铝业,2024-06-30,4,1.9219954013824463,0,5406,0.00017694928
10d7facadbce22727a17cc7d,002533.SZ,金杯电工,2024-06-15,9,3.3267626762390137,0,5406,0.00027055605
0762d2cbd7ad853c287171e2,002534.SZ,西子洁能,2024-06-15,6,1.4972039461135864,0,5406,0.00015699997
91a796fe6218f264dfce844f,002535.SZ,林州重机,2024-06-15,8,3.5353593826293945,0,5406,0.00029528743
38a075e49f76b1a399ef4f52,002536.SZ,飞龙股份,2024-06-15,6,1.6798888444900513,0,5406,0.000161611
871d30fac7c3821eaa7d64c1,002537.SZ,海联金汇,2024-06-30,10,3.0375561714172363,0,5406,0.0002630883
4c86a11fb77bbfe53d1e7c7c,002539.SZ,云图控股,2024-06-30,6,1.6163458824157715,0,5406,0.00014966722
6409be6ef7c36c07fc4547ee,002540.SZ,亚太科技,2024-06-15,9,2.5001046657562256,0,5406,0.00021163926
48cd7563f389b267fcbad173,002541.SZ,鸿路钢构,2024-06-30,8,1.9049345254898071,0,5406,0.00018511023
e417f8f4fc6ce111c72365db,002542.SZ,中化岩土,2024-06-30,4,1.5363836288452148,0,5406,0.0001670706
b672e196ad5322086b6d0670,002544.SZ,普天科技,2024-06-15,9,1.8400418758392334,0,5406,0.00017232487
5cac2fe2b4f14af3622272f1,002545.SZ,东方铁塔,2024-06-15,5,1.3098630905151367,0,5406,0.00013512703
87e9f182a6595297ab262366,002550.SZ,千红制药,2024-06-15,6,2.0007166862487793,0,5406,0.00026772116
06b26b228750d709b903b1ce,002551.SZ,尚荣医疗,2024-06-30,3,0.6595736742019653,0,5406,0.00010273583
9af19e9fb1ca64cab031e311,002557.SZ,洽洽食品,2026-03-13,9,2.9030680656433105,0,5406,0.00023364858
5df34a4417e21cc7b03d6ba9,002567.SZ,唐人神,2024-06-15,10,4.470658779144287,0,5406,0.00028101262
53a9ba66dae829d525d5935c,002570.SZ,贝因美,2024-06-30,5,0.9004806280136108,0,5406,0.00010176641
fec9e7f01eb9ef37c5ddace4,002609.SZ,捷顺科技,2024-06-15,2,0.4400610327720642,0,5406,7.6105374e-05
b2a2b22c27e1f28ab60a4b92,002702.SZ,海欣食品,2024-06-15,6,1.3858264684677124,0,5406,0.00012364396
79c0f9f586b38bb74c870859,300147.SZ,ST香雪,2024-06-30,3,1.1777548789978027,0,5406,0.00022725391
be5b76d90cfb0757df321129,300153.SZ,科泰电源,2024-06-15,3,0.6643029451370239,0,5406,9.7455064e-05
1722b16164ae6ee3122f79c8,300159.SZ,*ST新研,2024-06-30,7,2.5146915912628174,0,5406,0.00020274939
db1db0279b072e59af805647,300160.SZ,秀强股份,2024-06-30,3,0.4743993580341339,0,5406,6.383706e-05
d2bee1a2c18ca7e7b623dca8,300161.SZ,华中数控,2024-06-15,7,1.4396443367004395,0,5406,0.00014086082
7ddf5be1aee51493f463b660,300162.SZ,雷曼光电,2024-06-30,4,0.7397332191467285,0,5406,9.096968e-05
521bcb0e7b83fffc6f47f37f,300163.SZ,先锋新材,2024-06-15,7,1.9041011333465576,0,5406,0.00019483652
e47bd6b7ab8634880ef43ada,300164.SZ,通源石油,2024-06-15,7,1.879223346710205,0,5406,0.00019046856
acd19f5b38914021faaff662,300165.SZ,天瑞仪器,2024-06-15,5,1.5854953527450562,0,5406,0.00015494718
f5af17e2a0abe076fc6608f0,300166.SZ,东方国信,2024-06-30,5,2.2086055278778076,0,5406,0.0002001229
9138eadfc0c42aec87523abc,300167.SZ,ST迪威迅,2024-06-15,7,1.7481634616851807,0,5406,0.0001515069
822208dc4f8ae7f182137d6b,300169.SZ,天晟新材,2024-06-30,13,2.273404836654663,0,5406,0.00020269638
6723e00c6a4de248086fe366,300170.SZ,汉得信息,2024-06-15,6,1.8007378578186035,0,5406,0.00019977598
1485f533c32b3cb130eed152,300171.SZ,东富龙,2024-06-30,6,1.4210065603256226,0,5406,0.0001711971
b58fe8c4deb83a36bedbeee3,300172.SZ,中电环保,2024-06-30,10,2.7026989459991455,0,5406,0.00027061094
0fc4f84814f6071b2f643648,300174.SZ,元力股份,2024-06-15,6,1.5006871223449707,0,5406,0.0001434203
03d48f66a670281ef511f01e,300175.SZ,ST朗源,2024-06-30,7,2.3188605308532715,0,5406,0.00020238168
bc63f9782ecb86553cde857c,300176.SZ,鸿特科技,2024-06-30,11,2.8315699100494385,0,5406,0.00022031635
d361f784053e234dbfd8bcb3,300177.SZ,中海达,2024-06-15,7,3.357816696166992,0,5406,0.00028062332
39858d605fdeec1975e8e611,300180.SZ,华峰超纤,2024-06-30,7,2.2973244190216064,0,5406,0.00019818626
7c24a51cfab7fbdc2e38a0ff,300181.SZ,佐力药业,2024-06-30,2,0.7798876762390137,0,5406,0.00011064935
181e42031e7205813b1e4415,300191.SZ,潜能恒信,2024-06-30,1,0.3463453948497772,0,5406,5.9836537e-05
550cc03439d2cf78447738aa,300194.SZ,福安药业,2024-06-15,11,3.44936466217041,0,5406,0.00030872956
b965ccc96bb737004351ed6e,300223.SZ,北京君正,2024-06-15,9,3.3671374320983887,0,5406,0.0002563934
1f382f91da28d0188002ca5e,601116.SH,三江购物,2024-06-15,9,3.302703857421875,0,5406,0.00022171263
4fe233eae2ba6c5091513507,601890.SH,亚星锚链,2024-06-30,4,0.43707117438316345,0,5406,6.404493e-05
a694c67e8edd7a4515ea5620,601933.SH,永辉超市,2024-06-15,9,3.3896889686584473,0,5406,0.00023227991
19502b7c43542e9eb64d2b26,002543.SZ,万和电气,2024-06-15,6,1.0540337562561035,0,5406,0.00013181416
88d038ca1b8f0ea520ecd499,002546.SZ,新联电子,2024-06-30,6,2.210153579711914,0,5406,0.00018058953
28c7456ae103e922deea2159,002548.SZ,金新农,2024-06-15,11,3.1938934326171875,0,5406,0.00022664323
864ee36dcdd01cd9e39513fe,002552.SZ,宝鼎科技,2024-06-30,10,2.017747402191162,0,5406,0.00017825142
b374297baabf38b2f7487d1e,002553.SZ,南方精工,2024-06-15,6,2.2965362071990967,0,5406,0.00019273133
3432f0575124e58fcaa7f256,002555.SZ,三七互娱,2024-06-15,8,3.9280827045440674,0,5406,0.0002713966
85cd4d80d361aa08e6771115,002556.SZ,辉隆股份,2024-06-30,9,2.6949868202209473,0,5406,0.00022348519
636d385bc2cbfc545262a4a6,002558.SZ,巨人网络,2024-06-15,8,3.393972158432007,0,5406,0.00024796725
93477a2cd882dbcc2a084b61,002559.SZ,亚威股份,2024-06-30,10,2.4967563152313232,0,5406,0.00022562056
bdc0c42ec8d35f18bca26634,002560.SZ,通达股份,2024-06-30,10,2.5129384994506836,0,5406,0.00023728807
04bf248689ec9aeb538e66ce,002563.SZ,森马服饰,2024-06-15,13,4.20778226852417,0,5406,0.00028751645
1b5673af90488944cb287a2d,002565.SZ,顺灏股份,2024-06-30,9,2.1407885551452637,0,5406,0.00018271725
6866ee71f8b93cde0279c5b2,002577.SZ,雷柏科技,2024-06-15,4,0.5151181817054749,0,5406,0.000110384965
485667157d15b39f903189d4,002706.SZ,良信股份,2024-06-15,7,2.341301679611206,0,5406,0.00022378544
950a9e2e885f8fd3d5544821,002769.SZ,普路通,2024-06-30,6,1.2975666522979736,0,5406,0.0001800693
7f592ce1e82bf1d04b4c13a1,300182.SZ,捷成股份,2024-06-15,4,1.0625566244125366,0,5406,0.00010027385
caa8eb036063a780e3cf406b,300183.SZ,东软载波,2024-06-30,11,3.3092098236083984,0,5406,0.00027072782
323102b8c89934350fea6f62,300184.SZ,力源信息,2024-06-30,4,1.217641830444336,0,5406,0.00017426572
52e234e34d6f38e9d58db475,300185.SZ,通裕重工,2024-06-15,8,3.4691970348358154,0,5406,0.000261254
bdac3f0b7a9f942720f0bc0b,300187.SZ,永清环保,2024-06-15,5,1.3491634130477905,0,5406,0.00019454796
427586daa38f1a0e5cfe4584,300188.SZ,国投智能,2024-06-15,10,2.4337961673736572,0,5406,0.00022659806
5ad909808b67c542ff689f9f,300189.SZ,神农种业,2024-06-15,8,3.006958484649658,0,5406,0.0002728723
a0eb0dd29bd11e7375a99878,300190.SZ,维尔利,2024-06-15,3,0.4679125249385834,0,5406,8.368876e-05
9eb87d099ea91efe93197ff9,300192.SZ,科德教育,2024-06-15,5,2.061295986175537,0,5406,0.00020639783
3b0daa3aee6ad3d1ce3942f1,300193.SZ,佳士科技,2024-06-15,7,3.484694480895996,0,5406,0.0002794046
095d500770220f78a804a48a,300195.SZ,长荣股份,2024-06-15,6,1.530466914176941,0,5406,0.00021952899
79847c52c4a1540aad920378,300196.SZ,长海股份,2024-06-15,8,1.8391718864440918,0,5406,0.00016403476
15c4a6a87a2698aa429f06f4,300197.SZ,节能铁汉,2024-06-15,12,2.905287981033325,0,5406,0.00032479235
9bcb74cdb3abc5ef0797621b,300198.SZ,ST纳川,2024-06-30,6,1.6310675144195557,0,5406,0.0001572435
2112b11502efd7689e1049c9,300203.SZ,聚光科技,2024-06-15,8,3.2158093452453613,0,5406,0.00029111767
23ef1fe8217ee8125de6051d,300204.SZ,舒泰神,2024-06-15,5,1.1723768711090088,0,5406,0.00014029654
1ff80bfb6158d0a1cf0c6006,300205.SZ,*ST天喻,2024-06-30,6,1.0663553476333618,0,5406,0.00013015613
7ae51aec6ccfc6bee0d6d1db,300209.SZ,行云科技,2024-06-15,0,0.0,41,1,2.7262813e-05
c192238bf13255ff564c3647,300211.SZ,*ST亿通,2024-06-30,2,0.5122727155685425,0,5406,7.019992e-05
e7020a1c91bd3c5bc3982fe3,300214.SZ,日科化学,2024-06-15,8,1.7869691848754883,0,5406,0.00017591241
445d9d588b7b8ba031aae582,300220.SZ,金运激光,2024-06-15,6,1.1532964706420898,0,5406,0.00013106548
c45fd602155b7475ed30e656,300229.SZ,拓尔思,2024-06-15,11,3.6974825859069824,0,5406,0.00033787996
066b3247df92798cc19ee851,300340.SZ,科恒股份,2024-06-15,3,0.8423978090286255,0,5406,9.605009e-05
1a3d23156666c3e00534383a,300345.SZ,华民股份,2024-06-30,8,3.091057300567627,0,5406,0.00023053974
0f2ffcc78b82c02ebb0c0ff0,300375.SZ,鹏翎股份,2024-06-15,8,2.285968780517578,0,5406,0.00022151918
0e8178e7788dbda342dc6efe,601011.SH,宝泰隆,2024-04-05,4,1.5081279277801514,0,5406,0.00017576267
a0aee12b77799e65b8f0996e,601137.SH,博威合金,2024-04-05,10,3.372222900390625,0,5406,0.00024334068
be2404465b095fd092e6d2bc,601199.SH,江南水务,2024-06-30,4,1.5354585647583008,0,5406,0.000121504425
7d4f6b92af45614643dcc3b5,601216.SH,君正集团,2024-06-30,8,1.2969797849655151,0,5406,0.00012093837
30a5b77311f68d1276d0bd51,601519.SH,大智慧,2024-06-30,9,3.208120107650757,0,5406,0.0002786687
2a327b386bde0165498610cf,601616.SH,广电电气,2024-06-30,11,2.7126638889312744,0,5406,0.00023910921
9772ae34c296fe0e2fc7f142,601700.SH,风范股份,2024-04-05,6,2.3859169483184814,0,5406,0.00021651683
aadd3d83ce4128b6fe5cc29d,601789.SH,宁波建工,2024-06-30,4,0.6531815528869629,0,5406,6.944909e-05
d89d70d63c189cbac35f73b4,601799.SH,星宇股份,2024-06-30,4,1.6626522541046143,0,5406,0.00015433387
87b492eda039dfb4ed8adf5f,601992.SH,金隅集团,2024-06-30,2,0.32923245429992676,0,5406,7.061953e-05
71bbabce63b1ddce62f406df,002562.SZ,兄弟科技,2024-06-30,2,0.5166616439819336,0,5406,7.618705e-05
9ed75281e287705de7d827dc,002564.SZ,天沃科技,2024-06-30,6,1.6195825338363647,0,5406,0.00017706324
9f71392dc0c80bc8a01bcff3,002568.SZ,百润股份,2024-06-30,2,0.23798270523548126,0,5406,4.620078e-05
e35b67744dc6ff53e7ab2e1b,002571.SZ,德力股份,2024-06-15,2,0.8363745212554932,0,5406,0.00013036701
78b5315d18c4bc827ccb7389,002572.SZ,索菲亚,2024-06-30,8,3.5784332752227783,0,5406,0.00024094184
b3a81cf304b949a1ecf42239,002573.SZ,清新环境,2024-06-15,6,1.3118712902069092,0,5406,0.00013612284
79496909020edf2f0e930fba,002574.SZ,明牌珠宝,2024-06-15,9,4.120573043823242,0,5406,0.00026570435
281825e1eae662450578f6c0,002575.SZ,群兴玩具,2024-06-30,0,0.0,42,1,2.7262813e-05
070aed5d5ad959283d2b8bc7,002576.SZ,通达动力,2024-06-15,6,2.395500421524048,0,5406,0.00020991433
1eb788cbc1d20c4d71763f12,002578.SZ,闽发铝业,2024-06-15,7,2.1600260734558105,0,5406,0.00018889522
fe54e5bcf8f31a1f78970903,002579.SZ,中京电子,2024-06-15,8,1.9623305797576904,0,5406,0.00017181973
9b7470441679838fcb68412f,002580.SZ,圣阳股份,2024-06-30,7,1.8268035650253296,0,5406,0.0002233786
217918e1f305abd595549d0c,002581.SZ,ST未名,2024-06-30,4,0.6726122498512268,0,5406,0.00010536898
077fa6a3e280adc6516ff2b1,002582.SZ,好想你,2024-06-30,5,1.181933879852295,0,5406,0.00011896282
48a1504b4676bb156554a2d0,002583.SZ,海能达,2024-06-30,5,1.1503913402557373,0,5406,0.0001161065
bdbb6fc46c8207f57822cc14,002584.SZ,西陇科学,2024-06-15,1,0.4897416830062866,0,5406,8.015236e-05
3c826e47e3c2e5486d35d571,002590.SZ,万安科技,2024-06-15,11,2.4849469661712646,0,5406,0.00022092722
e289884ac4d5ac1e740fd090,002592.SZ,ST八菱,2024-06-30,9,2.2619476318359375,0,5406,0.00021341986
9aa53182f6c922077a2521ac,300199.SZ,翰宇药业,2024-06-15,7,1.84614896774292,0,5406,0.00022982326
4f6a6a82e894ddd53463032c,300200.SZ,高盟新材,2024-06-15,9,3.7288684844970703,0,5406,0.00028129548
2359209aa7074a8abb222bf9,300201.SZ,海伦哲,2024-06-30,5,0.715347409248352,0,5406,0.00011032695
945c9b39d98bc3df4f69f2e9,300206.SZ,理邦仪器,2024-06-15,9,3.6849169731140137,0,5406,0.00031328195
a6faab0b3ba55c4f46a75f90,300207.SZ,欣旺达,2024-06-15,7,1.0519602298736572,0,5406,0.00012529743
e3cec98664559a4ff638c698,300210.SZ,森远股份,2024-06-15,5,1.4291274547576904,0,5406,0.00019697222
6c83e0556f5f176eb4e3cef0,300212.SZ,易华录,2024-06-30,6,1.8202859163284302,0,5406,0.00015705235
e685105505b80c4a684d98bd,300215.SZ,电科院,2024-06-15,6,3.3809595108032227,0,5406,0.00027945073
ab511ed64481564a510d28e5,300217.SZ,东方电热,2024-06-15,4,1.2465813159942627,0,5406,0.00013876625
ffb0b1523f94557684ecf14f,300218.SZ,安利股份,2024-06-15,10,2.7008185386657715,0,5406,0.0002309208
dfa5b9605c6bf484e0266002,300219.SZ,鸿利智汇,2024-06-30,8,2.828158140182495,0,5406,0.00023182156
32898b2d7cbbea82ed124239,300221.SZ,银禧科技,2024-06-15,10,2.2464022636413574,0,5406,0.00019616033
17675987ab5e26620cf54725,300222.SZ,科大智能,2024-06-15,4,1.4788734912872314,0,5406,0.00012621407
96c367420d84b4fb2032bc3e,300224.SZ,正海磁材,2024-06-15,6,3.5477898120880127,0,5406,0.0002289985
a374bd69f996295217b4209c,300225.SZ,*ST金泰,2024-06-30,1,0.14685219526290894,0,5406,4.1546013e-05
a9da1cb25124a3abb4fe5811,300226.SZ,上海钢联,2024-06-15,2,0.2954385280609131,0,5406,0.00010654281
9ecb9e001dc8d2ae01d04420,300227.SZ,光韵达,2024-06-15,2,0.5202740430831909,0,5406,6.8202084e-05
d36303f29a8e1ceb5ce967e7,300231.SZ,银信科技,2024-06-15,8,2.845876932144165,0,5406,0.00022802388
5f5bda3c0173a6c4d0d33bad,300240.SZ,飞力达,2024-06-15,9,1.9829437732696533,0,5406,0.00028974933
7b9ebdbe186ba853c19b1892,300249.SZ,依米康,2024-06-15,4,1.726371169090271,0,5406,0.0001690765
f1bd0364bdde2558856a1bfd,300257.SZ,开山股份,2024-06-15,6,0.9169520139694214,0,5406,0.000114510614
f8b713ca299633752af05eab,300366.SZ,ST创意,2024-06-15,6,1.669031023979187,0,5406,0.00017359626
128f321170a4d9565d9f0c72,300402.SZ,宝色股份,2024-06-15,6,1.7655587196350098,0,5406,0.00016404121
5aeebdc25c7fb39153f255ad,601113.SH,华鼎股份,2024-06-15,9,3.1718902587890625,0,5406,0.00023568899
d9ddebf2243645a426688f7b,601208.SH,东材科技,2024-06-15,15,3.6122841835021973,0,5406,0.00028324578
68cae2c9b9b008ab12889abd,601218.SH,吉鑫科技,2024-06-30,6,1.1001276969909668,0,5406,0.00011634111
ea4c593ed16282372470c421,601222.SH,林洋能源,2024-06-30,4,0.7567918300628662,0,5406,0.00010956062
f60cb1970b43d321314b51ac,601233.SH,桐昆股份,2024-06-30,7,2.407759189605713,0,5406,0.00018257274
f4f9b1a39b23988caa437d40,601566.SH,九牧王,2024-06-30,7,2.3993847370147705,0,5406,0.0001811854
fe19296f28cf818227c2a7df,601599.SH,浙文影业,2024-06-30,10,4.499393463134766,0,5406,0.00029620883
b6d8a0b2d5668d0ffeb9ac4c,603006.SH,联明股份,2024-06-30,3,0.45642930269241333,0,5406,0.00011142232
df0436c4fa8c876bd865d9df,603328.SH,依顿电子,2024-06-15,14,3.863870143890381,0,5406,0.00029433361
789eed93d5c8beaf7c6819dd,002585.SZ,双星新材,2024-06-30,10,3.746426820755005,0,5406,0.00028324797
5d9add212dcabbf14fee186c,002586.SZ,ST围海,2024-06-30,1,0.1728370487689972,0,5406,4.208399e-05
7e56ddc4bbf79314be254aaf,002587.SZ,奥拓电子,2024-06-15,8,2.3307101726531982,0,5406,0.00023091762
555b23c8aa087c2c9956f38e,002588.SZ,史丹利,2024-06-30,5,2.183483600616455,0,5406,0.0002020156
7ecd126fb0d7b301859841ad,002589.SZ,瑞康医药,2024-06-30,4,0.642655611038208,0,5406,7.9107354e-05
3df98cfe166217ecd2927550,002593.SZ,日上集团,2024-06-15,0,0.0,43,1,2.7262813e-05
5284781b5d2e615062383cc3,002594.SZ,比亚迪,2024-06-15,4,0.8951587677001953,0,5406,0.00012662851
4cbe433ed127b804fb4b95f5,002596.SZ,海南瑞泽,2024-06-30,2,0.478366881608963,0,5406,0.0001001945
71343b2b0b0c1b60eb4bca6f,002597.SZ,金禾实业,2024-06-15,8,3.088566303253174,0,5406,0.00026930516
ad309d50b8517c8a9ae6a0dc,002598.SZ,ST章鼓,2024-06-30,11,2.523035764694214,0,5406,0.00027227178
f4e5673ea7dd04dc3d09ad95,002600.SZ,领益智造,2024-06-30,7,1.2911655902862549,0,5406,0.0001536818
9f95266c6a1c221094303212,002601.SZ,龙佰集团,2024-06-30,6,2.970709800720215,0,5406,0.0002376157
9c37e6b0d6403339226a7ec9,002602.SZ,世纪华通,2024-06-15,4,1.0882315635681152,0,5406,0.00011552256
730ed1787fd11c77687cfa4a,002603.SZ,以岭药业,2024-06-15,8,2.001838207244873,0,5406,0.00018719594
9eeea66892cb631cadfa9abe,002605.SZ,姚记科技,2024-06-30,2,0.6972082853317261,0,5406,9.682627e-05
bc5691d14ebb5d0c8ed8f955,002607.SZ,中公教育,2024-06-30,8,3.3406879901885986,0,5406,0.00025246144
2ac5013c012564c0f0cd776c,002608.SZ,江苏国信,2024-06-30,11,2.228245258331299,0,5406,0.00016701888
8d468d70601e6379339f0a1d,002620.SZ,ST瑞和,2024-06-15,7,2.9066507816314697,0,5406,0.00025206717
b0d6f20933f8c57b73f1790c,002626.SZ,金达威,2024-06-15,8,2.624420166015625,0,5406,0.00023240598
5551d74280da0cbc6b0c9c68,002627.SZ,三峡旅游,2024-06-15,7,1.7236453294754028,0,5406,0.00015132377
e03c381590e701405eb31c6e,002734.SZ,利民股份,2024-06-15,12,4.277555465698242,0,5406,0.0002773741
1222fe4491c267b4f973d457,002778.SZ,中晟高科,2024-06-30,7,2.1292014122009277,0,5406,0.00020084785
cb7f3fef4fe654d055e3fbe9,002783.SZ,凯龙股份,2024-06-15,7,1.8406479358673096,0,5406,0.00018138449
71ed393cc87e7330ff2d2bb4,002911.SZ,佛燃能源,2024-06-30,5,0.8505008220672607,0,5406,9.755149e-05
1cc527e19eeead2d026f9961,300228.SZ,富瑞特装,2024-06-15,6,1.8587383031845093,0,5406,0.00023572255
1996820662a46d211e435b74,300230.SZ,永利股份,2024-06-15,3,0.6222854256629944,0,5406,0.00013373661
5dbbdbce5acf2180545306c5,300232.SZ,洲明科技,2024-06-15,10,2.9610722064971924,0,5406,0.00028925005
e24a6b3b7de88d2858e682e2,300233.SZ,金城医药,2024-06-15,10,2.2016725540161133,0,5406,0.00020647106
ef57624c531aae8d72e495f9,300234.SZ,开尔新材,2024-06-15,7,1.6507298946380615,0,5406,0.00018267432
681945ba4c05bd20c27fb07c,300236.SZ,上海新阳,2024-06-15,12,3.576268196105957,0,5406,0.0002723576
6dfd6a96b7d9c51b32f222fe,300237.SZ,ST美晨,2024-06-15,1,0.3084174692630768,0,5406,5.720816e-05
3d21dcaf1355fc29539044e6,300239.SZ,东宝生物,2024-06-15,6,1.3915839195251465,0,5406,0.00013990547
d96a2c4b42bc3cc66dd43354,300241.SZ,瑞丰光电,2024-06-15,7,2.723237991333008,0,5406,0.00022627563
0c67f48af8f4e8a06c8bf453,300242.SZ,佳云科技,2024-06-15,7,2.7371959686279297,0,5406,0.0002076007
a0d6bf782606b7e12b09ebb7,300243.SZ,瑞丰高材,2024-06-15,8,1.6274378299713135,0,5406,0.00017546868
f90519cc71c61525ce95e978,300244.SZ,迪安诊断,2024-06-15,10,3.2563998699188232,0,5406,0.0002579388
523a12046357922e89ce45ad,300246.SZ,宝莱特,2024-06-15,13,3.1273670196533203,0,5406,0.00026336886
fec31d3661e6d047db536cc0,300248.SZ,新开普,2024-06-15,3,0.8284245729446411,0,5406,0.00010788456
ce4fd505b3ebe5aba04d83b4,300250.SZ,初灵信息,2024-06-15,10,2.642226219177246,0,5406,0.00026181588
575d2f6e3631add8dca8ddd8,300251.SZ,光线传媒,2024-06-30,4,1.0553865432739258,0,5406,9.785624e-05
ada07b853a0beba6c69686fb,300254.SZ,仟源医药,2024-06-15,5,1.1127461194992065,0,5406,0.00014467927
f41dd0033bc1373bda7f48c2,300256.SZ,星星科技,2024-06-15,9,1.839905023574829,0,5406,0.00017463184
85c4056e105df7a43c8ae8d0,300258.SZ,精锻科技,2024-06-15,13,3.764662504196167,0,5406,0.00030086236
6c69affdca53fcbc45ffba3f,300381.SZ,溢多利,2024-06-30,7,1.6828525066375732,0,5406,0.00014292769
a215ddcfaa65a1c4515b728c,601311.SH,骆驼股份,2024-06-30,4,1.047360897064209,0,5406,0.00013220937
9c4caf3cbee8cbd1bc9c0188,601567.SH,三星医疗,2024-06-30,2,0.6976703405380249,0,5406,0.00011055608
337926b2fb29810d83e7724b,601798.SH,蓝科高新,2024-06-30,9,2.512211799621582,0,5406,0.00023047031
b92cdd85275011de667505d3,601901.SH,方正证券,2024-06-30,12,3.643488883972168,0,5406,0.00024914267
1bf3e0a052e93e746fbe90d3,603156.SH,养元饮品,2024-06-15,8,2.868772029876709,0,5406,0.0002455031
f8e0df2cd495ccea2f652025,603456.SH,九洲药业,2024-04-05,6,1.5026578903198242,0,5406,0.00016106217
10ca1d1021aaaecbbb12a5e7,002611.SZ,东方精工,2024-06-15,6,1.1763149499893188,0,5406,0.00017026158
7d9047f170560156e0d42051,002612.SZ,朗姿股份,2024-06-30,3,1.0160410404205322,0,5406,0.00010240415
4525c5584e837711275b4d06,002616.SZ,长青集团,2024-06-30,7,1.4606313705444336,0,5406,0.00013192471
1a9e944ccc48f34db6117a35,002617.SZ,露笑科技,2024-06-30,5,0.7491206526756287,0,5406,7.748039e-05
9b29f293c45eeead7a444e52,002623.SZ,亚玛顿,2024-06-30,10,2.2675280570983887,0,5406,0.00022537388
0dca7af831a9f7368cc424ba,002624.SZ,完美世界,2024-06-30,4,2.1912484169006348,0,5406,0.00015671313
1f4ad2e12a0e591bae179f9a,002625.SZ,光启技术,2024-06-15,8,2.1981048583984375,0,5406,0.00018653422
f506297963ba593c22c386a2,002628.SZ,成都路桥,2024-06-30,11,2.722121000289917,0,5406,0.00027462136
b2a1d698705f05dade4a0496,002629.SZ,仁智股份,2024-06-15,5,0.7046269178390503,0,5406,0.00010546172
f0f9b795ade72fc49ea21627,002631.SZ,德尔未来,2024-06-15,5,0.8685501217842102,0,5406,0.000102487174
bf6b89f6476889238fcb9251,002633.SZ,申科股份,2024-06-15,8,1.7800285816192627,0,5406,0.0001825392
694a7cc4a12fbeb6d9604cd3,002634.SZ,棒杰股份,2024-06-15,7,3.0285842418670654,0,5406,0.00025550893
e6ae2ea840231724c3cb3034,002636.SZ,金安国纪,2024-06-15,6,1.6770093441009521,0,5406,0.00013989795
508aa8de3d999b29d26a4e3c,002637.SZ,赞宇科技,2024-06-15,5,1.378553867340088,0,5406,0.00018218579
bfd26f700743ad3300136aef,002640.SZ,跨境通,2024-06-30,9,3.0195465087890625,0,5406,0.00028613507
573759b50803a180f5cf14b5,002641.SZ,公元股份,2024-06-30,7,2.4194202423095703,0,5406,0.0002216377
74bcffb06bb73447ae4f6c28,002717.SZ,ST岭南,2024-06-30,10,3.5296947956085205,0,5406,0.00022965802
fcb3e0ec07b93f451791d062,002745.SZ,木林森,2024-06-15,6,1.320004940032959,0,5406,0.00013585921
9bed67ed050bbf2b0a8eae9e,002830.SZ,名雕股份,2024-06-30,7,2.7204766273498535,0,5406,0.00023015264
7a2fb7c18fed716577715fe3,300252.SZ,金信诺,2024-06-15,11,2.681328535079956,0,5406,0.0002373266
31365d3e438cfe81fbd41e13,300255.SZ,常山药业,2024-06-15,4,1.7432746887207031,0,5406,0.00019035667
3c599a891e67f0e5a7aa33a1,300259.SZ,新天科技,2024-06-15,10,4.093080043792725,0,5406,0.0002609303
1e0420d7ea12d9efbc54b6d9,300260.SZ,新莱应材,2024-06-15,6,0.8924447894096375,0,5406,0.00011184971
60ff3eb170ffc5106adb050d,300261.SZ,雅本化学,2024-06-15,6,1.287387490272522,0,5406,0.00014572513
5fc6f516da637407600ccab2,300263.SZ,隆华科技,2024-06-15,9,1.930293083190918,0,5406,0.00017078582
aa83ec88d44029b95fd2ba9f,300265.SZ,通光线缆,2024-06-15,12,3.2307403087615967,0,5406,0.00027432715
1083c3af0c0aee8a1fe67bdb,300266.SZ,兴源环境,2024-06-15,6,2.1529698371887207,0,5406,0.00022303803
c51608a5b9f0ffe4b726da6a,300267.SZ,尔康制药,2024-06-15,5,1.879693627357483,0,5406,0.00019774542
61f80424125c0fb09319c9a7,300268.SZ,*ST佳沃,2024-06-30,6,1.869705080986023,0,5406,0.00015439551
3d19b842af4caca178bdc4f0,300269.SZ,联建光电,2024-06-15,5,1.4273583889007568,0,5406,0.00014801438
b579c00a98051cc1a0866aec,300270.SZ,中威电子,2024-06-15,9,2.0730338096618652,0,5406,0.0001755631
1b94e43328e5da4e0199ff6b,300274.SZ,阳光电源,2024-06-15,12,3.769822120666504,0,5406,0.00030877712
dde4fe07b5298857673fe87c,300275.SZ,梅安森,2024-06-15,5,2.6924233436584473,0,5406,0.00021771701
0a7fb49c5a79f16e222f5187,300278.SZ,华昌达,2024-06-15,8,1.8470375537872314,0,5406,0.00015803671
84d81b9c8433c27c94a9f3ab,300283.SZ,温州宏丰,2024-06-15,5,1.4923096895217896,0,5406,0.00012623408
1b86455b879dcbfc1e9627be,300284.SZ,苏交科,2024-06-15,9,2.0023391246795654,0,5406,0.00018127183
acd3f830e96a414e27b7be3b,300294.SZ,博雅生物,2024-06-15,6,3.6441237926483154,0,5406,0.00019761235
3436b3b09ab4bb9fdb3c8398,300303.SZ,聚飞光电,2024-06-15,13,3.2038462162017822,0,5406,0.00024705674
06ee94eef4689a1f0aef6802,300729.SZ,乐歌股份,2024-06-15,6,1.8089609146118164,0,5406,0.00019842609
d6eb6f12c54d90b228af0cf8,601100.SH,恒立液压,2024-06-30,8,3.673133134841919,0,5406,0.00035072124
04ce51924c6592bb3cb65cd5,601225.SH,陕西煤业,2024-06-30,8,2.3166916370391846,0,5406,0.00015638178
cc4086f7b8f4611ab58d6dfc,601555.SH,东吴证券,2024-06-30,12,3.828155040740967,0,5406,0.00024931412
0fec388e16283fca11e9f453,601636.SH,旗滨集团,2024-06-30,8,2.32692551612854,0,5406,0.0002277101
4149da8bd5f489b09af8bdb3,601669.SH,中国电建,2024-06-30,4,0.6754725575447083,0,5406,0.00010390038
14572eda01807824d7bf8bcc,601677.SH,明泰铝业,2024-06-30,12,3.909632444381714,0,5406,0.00031956905
e2879c3993e8f9a3bc8bd8d3,601886.SH,江河集团,2024-06-30,3,0.36181187629699707,0,5406,6.171523e-05
20538a0e265e66f6232cbbc6,601908.SH,京运通,2024-06-30,3,0.4627329707145691,0,5406,6.969487e-05
5b54adb931622a681fe04595,603197.SH,保隆科技,2024-06-15,3,0.8708075881004333,0,5406,0.00010295632
6218d16ec1b93a39fb245bf4,603518.SH,锦泓集团,2024-06-30,7,1.9102567434310913,0,5406,0.00014150683
3441c2a6d2c62be568c49762,603686.SH,福龙马,2024-06-15,5,1.7267849445343018,0,5406,0.00019351178
9218016bc0c801c5bf3f02ed,002632.SZ,道明光学,2024-06-15,1,0.32175904512405396,0,5406,7.2740084e-05
4836f5b0295d58c5bd2f1baa,002635.SZ,安洁科技,2024-06-15,9,2.1771068572998047,0,5406,0.0002031787
3e5d20c4c92504e45b4aa0f4,002638.SZ,勤上股份,2024-06-15,5,0.6787068843841553,0,5406,9.589341e-05
1b4c4dc29137da3f174c922a,002639.SZ,雪人集团,2024-06-15,6,1.7100967168807983,0,5406,0.00016682925
74f299a5cf30b6180b5b6a4d,002642.SZ,荣联科技,2024-06-30,7,1.494879961013794,0,5406,0.00014936001
26f2598600a25fba1b93d82f,002645.SZ,华宏科技,2024-06-30,7,1.0663049221038818,0,5406,0.00015763298
3bde6415f7e6b10e0c5d29ab,002646.SZ,天佑德酒,2024-06-30,5,0.8273436427116394,0,5406,9.971212e-05
6dd9fddb02abd4aa2683b651,002647.SZ,*ST仁东,2024-06-30,3,1.207409381866455,0,5406,0.00013149164
284c2dbc9204fc8e16f7f2fe,002648.SZ,卫星化学,2024-06-15,10,3.1447131633758545,0,5406,0.0002595324
90f0e41ce23eb4925c546426,002649.SZ,博彦科技,2024-06-30,6,1.4529606103897095,0,5406,0.00015986779
0e2002588de4be85f3280baa,002650.SZ,ST加加,2024-06-30,8,1.6501675844192505,0,5406,0.00014739991
b6d065827a53e21064f97169,002651.SZ,利君股份,2024-06-30,3,0.35768207907676697,0,5406,7.037671e-05
28c38dd91793f5a3196abd92,002652.SZ,扬子新材,2024-06-15,1,0.14150916039943695,0,5406,7.063995e-05
4cad310619b15646652ad7bf,002655.SZ,共达电声,2024-06-15,12,2.569718599319458,0,5406,0.0002541982
b75ff5908623aa6d823697e9,002656.SZ,*ST摩登,2024-06-30,4,1.4949419498443604,0,5406,0.000118735494
a66c1c29ee8b4a93c8628f8d,002662.SZ,峰璟股份,2024-06-15,1,0.1499999761581421,21,24,5.0531853e-05
3085b2b38411a274027e6add,002664.SZ,信质集团,2024-06-30,5,1.8905189037322998,0,5406,0.00017012548
2f24801c7730f72b76e9964f,002666.SZ,德联集团,2024-06-30,1,0.2972351312637329,0,5406,9.1035974e-05
91e608eebe9ac4c1b05dc15e,002667.SZ,威领股份,2024-06-15,6,1.0798912048339844,0,5406,0.000101530495
7c69ab030ff4e4d342440e55,002668.SZ,TCL智家,2024-06-30,8,2.0858988761901855,0,5406,0.00019768918
59274c1dc8f8f5f71574c83b,002673.SZ,西部证券,2024-06-30,13,3.662494659423828,0,5406,0.00024382184
ff29169dfd7088649993a6b2,002688.SZ,金河生物,2024-06-30,7,1.9850976467132568,0,5406,0.00017721998
a4c3fa73d4aaca3fc8d78d0f,300276.SZ,三丰智能,2024-06-15,8,3.0214829444885254,0,5406,0.00024198374
1ad11eeb235d508398b82140,300279.SZ,和晶科技,2024-06-15,7,1.5607595443725586,0,5406,0.00016637509
a0e4bd177116b2f5d482bb46,300281.SZ,金明精机,2024-06-30,2,0.3861854374408722,0,5406,5.5837412e-05
5ece659b798172f72c756b4a,300285.SZ,国瓷材料,2024-06-15,5,1.640310287475586,0,5406,0.00014448252
2bd7b5faf46325d131e3afe8,300286.SZ,安科瑞,2024-06-15,4,0.711478590965271,0,5406,8.255152e-05
34e08af3d14fbfc29042e344,300287.SZ,飞利信,2024-06-15,12,2.9509623050689697,0,5406,0.00020962107
7ffaded46ee1c5f08809a46b,300288.SZ,朗玛信息,2024-06-15,3,0.86034095287323,0,5406,8.952686e-05
ea729bc7f1a9ef2179ab262b,300289.SZ,利德曼,2024-06-15,10,2.4536259174346924,0,5406,0.00021277023
e55b798541ecf2a3348238d7,300290.SZ,荣科科技,2024-06-15,10,2.7880656719207764,0,5406,0.00020254588
f13a1acedded637e3f1dbd83,300291.SZ,百纳千成,2024-06-30,6,1.5835700035095215,0,5406,0.000117858675
6e35021166465955e6d6697a,300292.SZ,吴通控股,2024-06-15,6,2.277261972427368,0,5406,0.000216861
2d0f04b8278e7f0e06763aba,300293.SZ,蓝英装备,2024-06-15,3,1.7261326313018799,0,5406,0.00017808759
0b96e9e3106bbaa963177e74,300295.SZ,三六五网,2024-06-30,2,0.2182604968547821,0,5406,6.629021e-05
aa728f85e85128035bdff3a9,300298.SZ,三诺生物,2024-06-15,1,0.3304377794265747,0,5406,5.7826404e-05
862f50d82b1626eb56946177,300324.SZ,旋极信息,2024-06-15,9,2.294935464859009,0,5406,0.00021432406
c8d7eb6336aa1796d823813f,300350.SZ,华鹏飞,2024-06-15,2,0.40248793363571167,0,5406,7.124405e-05
25499089dd9f8adf00c2ff10,300358.SZ,楚天科技,2024-06-15,3,1.7005630731582642,0,5406,0.0002026311
f2631c96b959b62b3d5f83c7,300483.SZ,首华燃气,2024-06-30,1,0.7082765102386475,0,5406,0.00013274742
bbda652b0abafc93005fb023,300532.SZ,今天国际,2024-06-15,8,1.3585256338119507,0,5406,0.00016482524
33b60b1abd662f90b4502cde,601336.SH,新华保险,2024-04-05,5,1.1784348487854004,0,5406,0.00013409412
1e0e4f4cac91920aa35b0dd6,601360.SH,三六零,2024-06-15,8,2.6023006439208984,0,5406,0.0002179014
5e2cdd6f8bacef62e3acb12a,601368.SH,绿城水务,2024-06-30,9,3.3997604846954346,0,5406,0.00021987759
3b2ebce376dc411236b679e5,601800.SH,中国交建,2024-06-30,4,1.016104817390442,0,5406,0.00011522648
1c4799732bafc6321047069a,601928.SH,凤凰传媒,2024-04-05,7,1.5047422647476196,0,5406,0.000108571985
dd1b0cac171e0441cc43ab83,601929.SH,吉视传媒,2024-06-30,8,4.036849021911621,0,5406,0.00021359202
58977371414c1feb697a555a,603001.SH,奥康国际,2024-06-15,3,1.593638300895691,0,5406,0.00016192443
11327e7fbeb7fb2fc3e8a3a4,603599.SH,广信股份,2024-06-15,9,2.615088939666748,0,5406,0.00018563108
e5d5d5dee4ad73f8bdc61e3a,603729.SH,龙韵股份,2024-06-15,3,1.022979497909546,0,5406,9.6356496e-05
007966cf2065b886cb03db55,002653.SZ,海思科,2024-06-15,4,1.4252678155899048,0,5406,0.00015992625
709ae139520eab894c05adbe,002654.SZ,万润科技,2024-06-30,7,2.2927398681640625,0,5406,0.00020263603
557b9330c4e7a3c43eaa938c,002657.SZ,中科金财,2024-06-15,6,1.1885292530059814,0,5406,0.00012469871
3264531150b29db95865e558,002658.SZ,雪迪龙,2024-06-15,8,1.9485890865325928,0,5406,0.00018546398
79597b8d3012c4ee4392e63c,002659.SZ,凯文教育,2024-06-30,6,2.6402359008789062,0,5406,0.0002000568
b964daee356e3c341aaec5b6,002660.SZ,茂硕电源,2024-06-15,8,1.6494120359420776,0,5406,0.00015503044
8061b90141b2fb96d4430494,002661.SZ,克明食品,2024-06-30,4,1.5320568084716797,0,5406,0.00013597935
d2d9091c5308d77353c1901c,002663.SZ,普邦股份,2024-06-15,7,3.6641762256622314,0,5406,0.00024389054
bddb237f4797c5e922b039b0,002669.SZ,康达新材,2024-06-30,8,2.904905080795288,0,5406,0.00021843723
aeac39bdf96860c6b30206f4,002670.SZ,国盛证券,2024-06-15,11,2.754161834716797,0,5406,0.00020200113
f8eeac16868eee6668c9bdc0,002671.SZ,龙泉股份,2024-06-30,7,2.4247844219207764,0,5406,0.00022094454
786cf86d90ad91d78a344f9a,002672.SZ,东江环保,2024-06-30,9,1.9802788496017456,0,5406,0.00023050432
a4ea64f894190b2272ab9ff0,002674.SZ,兴业科技,2024-06-15,8,2.829542636871338,0,5406,0.00023776923
85c5e1bc47ca0824d03cdf6e,002675.SZ,东诚药业,2024-06-15,2,0.7490581274032593,0,5406,0.00014439794
5a3a3ceb61ef8f8c67652fa1,002676.SZ,顺威股份,2024-06-15,3,0.38728952407836914,0,5406,7.342941e-05
2423e52c94795d57aeeb12bd,002677.SZ,浙江美大,2024-06-15,7,2.624708414077759,0,5406,0.00020494885
3a229250329dee09549ca266,002685.SZ,华东重机,2024-06-30,0,0.0,44,1,2.7262813e-05
27bb654076a41cb9906bc5ce,002696.SZ,百洋股份,2024-06-30,9,2.1730000972747803,0,5406,0.00018721177
58c694e0a2b9d62fe631ee42,002799.SZ,环球印务,2024-06-15,5,0.6082298755645752,0,5406,7.276922e-05
00ee97088fd499365d908690,300296.SZ,利亚德,2024-06-15,9,3.2783055305480957,0,5406,0.00032547273
fb57f5742be4f7da69d54ddf,300299.SZ,富春股份,2024-06-15,7,2.0165843963623047,0,5406,0.00016331325
9675d8db63feb42f775bde4a,300300.SZ,海峡创新,2024-06-15,8,3.361632823944092,0,5406,0.00023493722
db11da3c213fb9cf1d33fcd0,300301.SZ,ST长方,2024-06-15,6,0.9340294003486633,0,5406,0.00010838731
585ef671e7a7b445e3a7470a,300302.SZ,同有科技,2024-06-15,7,1.9528353214263916,0,5406,0.00017410662
815b5787b3deb3a2f7ed9802,300304.SZ,云意电气,2024-06-15,12,3.484478712081909,0,5406,0.00027716547
e1c5119e87fd0d4b7cdbdb61,300306.SZ,远方信息,2024-06-15,3,0.6809389591217041,0,5406,8.7196284e-05
649cee1c3ddbd2269c27aeef,300307.SZ,慈星股份,2024-06-15,7,1.5254915952682495,0,5406,0.00021830584
d554511b4898acaadd69bf67,300308.SZ,中际旭创,2024-06-15,6,1.8634703159332275,0,5406,0.00015242142
b11b1a977ccb1f1524d97255,300310.SZ,宜通世纪,2024-06-30,12,3.3102166652679443,0,5406,0.00027922657
74baa8a0cd9825167ea0a718,300311.SZ,ST任子行,2024-06-30,7,1.8587007522583008,0,5406,0.00017086246
8d915e1949b06f1b70bdc9bb,300313.SZ,*ST天山,2024-06-30,1,0.27678120136260986,0,5406,7.5917436e-05
67754a32235ff56817fa9f50,300314.SZ,戴维医疗,2024-06-15,7,1.549329400062561,0,5406,0.00014883585
8825e4955ef59352fdb953da,300315.SZ,掌趣科技,2024-06-15,7,3.1513991355895996,0,5406,0.00022513408
da25f20bd28c80918c48aed4,300317.SZ,珈伟新能,2024-06-30,1,0.0961230918765068,0,5406,3.7969323e-05
b65a5bacf7120ff7a8c65fad,300320.SZ,海达股份,2024-06-15,10,2.6996095180511475,0,5406,0.00026509055
b3dfe11ea86b660331d4b9d1,300326.SZ,ST凯利,2024-06-15,9,2.145066022872925,0,5406,0.00019279105
a34da53990b0f5948a6533d3,300327.SZ,中颖电子,2024-06-15,7,1.6517120599746704,0,5406,0.00016002532
0835824fb339a03ce1bac373,300755.SZ,华致酒行,2024-06-15,4,1.5927109718322754,0,5406,0.00016721892
dd5324f199e8d11b82d5a52d,601038.SH,一拖股份,2024-06-15,4,0.5747941732406616,0,5406,0.0001064815
091c448aef4f7a93e0b94569,601231.SH,环旭电子,2024-06-15,4,0.5921180248260498,0,5406,9.4274495e-05
03f557c4eba660e6151cc89e,601339.SH,百隆东方,2024-06-30,8,3.6602020263671875,0,5406,0.00028483302
17258e17e0e856f98b056bd6,601388.SH,怡球资源,2024-06-15,4,1.9882805347442627,0,5406,0.00017220288
9104552f8e08e4dd2e1c0416,601515.SH,衢州东峰,2024-06-15,11,3.3767499923706055,0,5406,0.0002737141
201c5c84235fe724ee599b8f,601965.SH,中国汽研,2024-06-30,6,1.695212721824646,0,5406,0.00019842396
c4c22fecc8cb4b086d1dd5a1,603000.SH,人民网,2024-06-15,8,1.6366217136383057,0,5406,0.00015297672
a61326388911711bf6af61d0,603123.SH,翠微股份,2024-06-30,3,1.3703124523162842,0,5406,0.00013773174
e6c6335bfe8f39d766d81a7e,603128.SH,华贸物流,2024-06-15,7,3.305671215057373,0,5406,0.00028195718
eadf068b0cdb0d3d9ccd2843,603333.SH,尚纬股份,2024-06-15,10,3.015810966491699,0,5406,0.00027688735
1e25c5dc79914b516336a7b8,603359.SH,东珠生态,2024-06-15,3,1.5133814811706543,0,5406,0.00018173431
e46bf318b49a67b5000bee64,603861.SH,白云电器,2024-04-05,10,1.790996789932251,0,5406,0.00015614441
ad576efb820b85665645dc4a,002678.SZ,珠江钢琴,2024-06-15,1,0.27410876750946045,0,5406,8.403396e-05
a8b039239faed9d241aaff06,002679.SZ,福建金森,2024-06-30,6,1.9210121631622314,0,5406,0.00017928379
cf41336065d4044f03352e52,002681.SZ,奋达科技,2024-06-30,7,1.4007965326309204,0,5406,0.0001425594
b6d08514d993b26d64f544c6,002682.SZ,龙洲股份,2024-06-15,1,0.17285586893558502,0,5406,3.966849e-05
ad5a8fb2ea44f03375d7e63d,002683.SZ,广东宏大,2024-06-15,3,0.8288505673408508,0,5406,9.343821e-05
4998124ebae0383ce9c671ef,002686.SZ,亿利达,2024-06-15,6,1.2574717998504639,0,5406,0.00014843843
058d1ff2aaffffcacdab6f85,002687.SZ,乔治白,2024-06-15,1,0.09897886961698532,0,5406,5.3496904e-05
fb1803bf7669913062f1507c,002689.SZ,ST远智,2024-06-30,0,0.0,45,1,2.7262813e-05
3ff8f81cf4d838a5e087f47c,002690.SZ,美亚光电,2024-06-15,2,0.38851556181907654,0,5406,8.605005e-05
fbdba84bfd6766c4c143812b,002691.SZ,冀凯股份,2024-06-15,9,2.6716079711914062,0,5406,0.00023781521
3347cb18301563173b593104,002692.SZ,远程股份,2024-06-15,11,3.301367998123169,0,5406,0.00028287835
b358d74df65e3370620a500c,002693.SZ,*ST双成,2024-06-30,6,0.937633752822876,0,5406,0.000117008516
f4fa856d44120e3eb1c091d6,002694.SZ,顾地科技,2024-06-15,6,2.323284864425659,0,5406,0.00021306405
b3d4874ae7f8552c6813a62f,002698.SZ,博实股份,2024-06-15,8,1.064898133277893,0,5406,0.00013334138
e290ac4dbd0c0369d7b91e89,002701.SZ,奥瑞金,2024-06-30,9,3.3025567531585693,0,5406,0.0002629751
63c3b0c42e7605cd0fccc6b4,002752.SZ,昇兴股份,2024-06-15,8,3.2176623344421387,0,5406,0.0002635959
f6d8bdf8f97b1ef85731b3b1,002851.SZ,麦格米特,2024-06-30,9,2.572819471359253,0,5406,0.00020971488
33feda595b9e58c1c3c5b5ac,300316.SZ,晶盛机电,2024-06-15,10,3.2917919158935547,0,5406,0.0002472618
fabdbed3cd4f754e8887791a,300319.SZ,麦捷科技,2024-06-15,7,2.082724094390869,0,5406,0.00016899043
feafd03a473a58052177ad1e,300322.SZ,硕贝德,2024-06-15,7,1.656148910522461,0,5406,0.0001852624
5980a963a9a9075daf86a20e,300323.SZ,华灿光电,2024-06-15,7,2.3460052013397217,0,5406,0.00019079147
e8b0e2c273dd8549701d0095,300328.SZ,宜安科技,2024-06-15,3,0.6474742889404297,0,5406,0.00011790404
9da80616353d22cfa8a0c911,300332.SZ,天壕能源,2024-06-15,5,1.5508193969726562,0,5406,0.0001467555
dc73cb91050bfb5ce2dd751a,300333.SZ,兆日科技,2024-06-30,7,1.2807419300079346,0,5406,0.00013049574
84c3c32260fadfe57ca097c1,300334.SZ,津膜科技,2024-06-15,4,0.9484843015670776,0,5406,0.00012811726
bf1eb7e71de3c39de69e4169,300335.SZ,迪森股份,2024-06-15,3,0.39243003726005554,0,5406,6.588701e-05
94d707f7322e98401c6759c2,300337.SZ,银邦股份,2024-06-15,11,1.976383924484253,0,5406,0.00017471808
757a74375eea227e15a8023d,300338.SZ,ST开元,2024-06-30,10,3.058063507080078,0,5406,0.0002465721
fd5fe241978136095d61230f,300339.SZ,润和软件,2024-06-30,3,0.6609195470809937,0,5406,8.514982e-05
42d2fca06d278d127653f985,300341.SZ,麦克奥迪,2024-06-15,9,1.953906774520874,0,5406,0.00017881887
ff9beb0b8875d2b0d083208d,300342.SZ,天银机电,2024-06-15,4,1.0752171277999878,0,5406,0.000104189596
72accb93443b974778a17680,300343.SZ,ST联创,2024-06-15,4,0.5471116304397583,0,5406,7.0019654e-05
fbbc1ee2fc6cc7f0492609f2,300344.SZ,立方退,2024-06-30,11,2.3745062351226807,0,5406,0.00021560403
99815c8eb306175847461fb3,300346.SZ,南大光电,2024-06-15,8,2.822425127029419,0,5406,0.0002146772
4f45b256bfe2ae633fedc203,300347.SZ,泰格医药,2024-06-15,7,3.8742504119873047,0,5406,0.00025153017
897c773b3431a66eedcbd9d5,300348.SZ,长亮科技,2024-06-30,8,1.722682237625122,0,5406,0.00014480231
cc2fa94b90d959ce3148ff95,300349.SZ,金卡智能,2024-06-15,8,2.6893577575683594,0,5406,0.00019136707
34b1ebb9e3a44649a17066f7,300383.SZ,光环新网,2024-06-30,9,3.907533645629883,0,5406,0.00027097922
54040aa62b5c45a9e955d512,300397.SZ,天和防务,2024-06-15,8,2.171779155731201,0,5406,0.00019708904
1fb507adf89c88ef1c95cf73,300400.SZ,劲拓股份,2024-06-15,10,1.859961986541748,0,5406,0.00015985503
c5aa357e4c88fee48f99ce30,300746.SZ,汉嘉数智,2024-06-15,7,1.7207040786743164,0,5406,0.00018629762
c0e1063a13bbd1977bc95645,300887.SZ,谱尼测试,2024-06-15,9,3.386451005935669,0,5406,0.00031232886
1838feea93d49e78b2853a53,603008.SH,喜临门,2024-06-15,5,1.9748308658599854,0,5406,0.0001985921
cd50c6f8dbd58a8315ea0e16,603077.SH,和邦生物,2024-06-15,9,2.322671413421631,0,5406,0.00018695861
e3516852b948f27639a95012,603126.SH,中材节能,2024-06-30,7,1.4903652667999268,0,5406,0.00017537111
7a1f38d5ed0d42478a2a6b28,603168.SH,莎普爱思,2024-06-15,3,1.1268702745437622,0,5406,0.00018722938
9a7779b4503cc4e9b7421141,603366.SH,日出东方,2024-04-05,5,0.8247103691101074,0,5406,0.00013201412
bcc2e81c639865bcdb927513,603399.SH,永杉锂业,2024-06-15,11,2.1267008781433105,0,5406,0.00018208615
4bd595e332c623354adbcc14,603766.SH,隆鑫通用,2024-04-05,5,1.07332444190979,0,5406,0.00014246108
b5da2b63245ea179673a6aab,603993.SH,洛阳钼业,2024-06-30,11,3.1280622482299805,0,5406,0.00024434406
0ebd1e680f42b28bf494e845,001203.SZ,大中矿业,2024-06-15,7,2.4446253776550293,0,5406,0.00021355228
4521fc8456d2e6f732aa7d91,002695.SZ,煌上煌,2024-06-30,10,4.183225154876709,0,5406,0.0002874847
443a54f9495fb78342b6f06b,002700.SZ,万憬能源,2024-06-15,6,1.4995701313018799,21,24,0.00019557125
e0ce2e2659f0832140cb8820,002703.SZ,浙江世宝,2024-06-15,7,1.9867364168167114,0,5406,0.00017420438
19c6a4a727fa7af2839f03cf,002708.SZ,光洋股份,2024-06-15,13,4.345083713531494,0,5406,0.0003321192
ebd3c6f5457c7b18a41a5d3b,002709.SZ,天赐材料,2024-06-30,5,1.552058458328247,0,5406,0.00015969644
67fa87ec29234a0d50fa73c1,002713.SZ,*ST东易,2024-06-30,7,2.762958288192749,0,5406,0.0002319004
d2363a904c41b42de22f9ea4,002714.SZ,牧原股份,2024-06-15,8,2.792433738708496,0,5406,0.00019749993
909e5cec8afa9bacf60af02b,002715.SZ,登云股份,2024-06-30,5,1.5498713254928589,0,5406,0.00015902851
2fc5e4066e4ea33c55df5d03,002716.SZ,湖南白银,2024-06-15,14,3.8177950382232666,0,5406,0.0002520476
98f319702205e1cdf78ad442,002718.SZ,友邦吊顶,2024-06-30,4,2.0735106468200684,0,5406,0.0002365917
29bff7d4535391763c47916d,002719.SZ,麦趣尔,2024-06-30,6,1.4737865924835205,0,5406,0.00012747246
a9ca08495ac918ff77486ff5,002721.SZ,金一文化,2024-06-30,4,1.143338918685913,0,5406,9.49087e-05
299f4cf110fb95875c4cb662,002722.SZ,物产金轮,2024-06-15,6,1.5897127389907837,0,5406,0.00017408443
e2aac152fb466cb4dc6710dd,002723.SZ,小崧股份,2024-06-15,10,1.8865547180175781,0,5406,0.00019868805
9f22bb82836a037baac46dc3,002725.SZ,跃岭股份,2024-06-30,7,2.3856194019317627,0,5406,0.00025490494
d0062d916f8ab013c6454201,002727.SZ,一心堂,2024-06-30,11,4.298154354095459,0,5406,0.0002783823
0dcae70779a0955f74260faf,002746.SZ,仙坛股份,2024-06-30,7,1.8994097709655762,0,5406,0.0001422796
717237769deb535780b00835,002782.SZ,可立克,2024-06-15,11,3.40783953666687,0,5406,0.00028301319
2cd83defa77937c91d1dcc1c,002792.SZ,通宇通讯,2024-06-15,2,0.299712598323822,0,5406,6.0530725e-05
d1b868303b4a134f1e3116ea,002815.SZ,崇达技术,2024-06-30,12,3.2976326942443848,0,5406,0.00025096087
97bf806410d4abc33f2b2061,300351.SZ,永贵电器,2024-06-15,11,3.263038396835327,0,5406,0.0002643469
bc932fc2129c4a18b0414a81,300352.SZ,北信源,2024-06-15,6,1.1785138845443726,0,5406,0.000116985626
ef594a2cbb2b6a6e3fabf6ae,300354.SZ,东华测试,2024-06-15,9,2.277369499206543,0,5406,0.00021668921
67fa388d04d204a609abf6df,300355.SZ,蒙草生态,2024-06-15,3,0.37323111295700073,0,5406,6.503363e-05
6633e25a0a42f220ed83b41b,300368.SZ,汇金股份,2024-06-15,5,2.0063369274139404,0,5406,0.00019598303
c580a4e7f13b348788012ec8,300369.SZ,绿盟科技,2024-06-15,8,2.5099501609802246,0,5406,0.00019028827
aabd6b887936c0923a298f5d,300371.SZ,汇中股份,2024-06-15,7,2.7845518589019775,0,5406,0.00018338073
ab824d82b7010bd310c357f0,300382.SZ,斯莱克,2024-06-15,5,0.6057819724082947,0,5406,0.00010136807
e463489eea706f2729a80614,300388.SZ,节能国祯,2024-06-15,6,0.8149598240852356,0,5406,9.0519025e-05
aa1a2b2eff6bfc6aab61c1ea,300389.SZ,艾比森,2024-06-15,5,1.3248252868652344,0,5406,0.00014467612
3166bfee816b7a46e12ba5a2,300396.SZ,迪瑞医疗,2024-06-15,10,2.63257098197937,0,5406,0.00023186623
54c337f7854eca8f798b47ed,300507.SZ,苏奥传感,2024-06-15,5,1.908138394355774,0,5406,0.00018784645
dbae1d28a95afb2fcbb2c280,600917.SH,重庆燃气,2024-06-30,8,4.101639270782471,0,5406,0.0002766581
cd0874be898d1677f8dbd4a5,601016.SH,节能风电,2024-03-25,9,2.4066550731658936,0,5406,0.00017480721
e4642348d2bf739a22a104b3,601238.SH,广汽集团,2024-06-30,7,2.78245210647583,0,5406,0.00024825113
bdc3f04d685455478d40e795,601608.SH,中信重工,2024-04-05,10,2.3561153411865234,0,5406,0.00023108999
a51bc917f0d84a2e97df0def,601969.SH,海南矿业,2024-06-30,4,1.2465593814849854,0,5406,0.00013368658
6dd46a337da5d50f514f754b,603009.SH,北特科技,2024-06-30,9,2.812760591506958,0,5406,0.0002378818
e8f8b066295e3d2ba34fc1e4,603088.SH,宁波精达,2024-06-15,9,1.6975632905960083,0,5406,0.00017952832
49760f29229517c3fbb36dd3,603166.SH,福达股份,2024-06-30,9,1.4253853559494019,0,5406,0.00016317585
d05d1c15de445094ded300a5,603185.SH,弘元绿能,2024-06-30,9,2.524433135986328,0,5406,0.00022390476
98ab5f7f8e016c9c33f060d3,603288.SH,海天味业,2024-06-30,10,3.734314441680908,0,5406,0.00030497808
8b4bd0ffeb6997a3c6f908aa,603308.SH,应流股份,2024-06-30,7,1.0300122499465942,0,5406,0.00010018637
972afffd03ed3f309feb1585,603566.SH,普莱柯,2024-06-30,10,3.994697093963623,0,5406,0.00025878742
143d820330d4aa4e3a512f99,603688.SH,石英股份,2024-06-15,6,1.9909286499023438,0,5406,0.00016398143
d9549677ae19a394c38605f1,603699.SH,纽威股份,2024-06-15,8,2.9200143814086914,0,5406,0.00025932625
df730d69ba37a4e796589be1,603777.SH,来伊份,2024-06-15,4,1.886928915977478,0,5406,0.00015002591
4245fdd526fe7116d1f280a4,603806.SH,福斯特,2024-06-30,10,3.9151792526245117,0,5406,0.000279181
94949487d42c4704ebd093f5,603989.SH,艾华集团,2024-06-30,9,3.4718618392944336,0,5406,0.00026068545
b826e51700391211959afc48,000333.SZ,美的集团,2024-06-15,6,0.806220531463623,0,5406,9.9922465e-05
d5d08ea241e83fdb47bd4429,002697.SZ,红旗连锁,2024-06-30,6,1.5080058574676514,0,5406,0.00012633491
c70da55b18857e3850d2720a,002705.SZ,新宝股份,2024-06-30,8,1.9147889614105225,0,5406,0.00019180191
2ef7caa37b8f14dfd08cdb57,002707.SZ,众信旅游,2024-06-30,7,2.1482491493225098,0,5406,0.00020452395
dd586ba360c4d614109d9e8c,002712.SZ,思美传媒,2024-06-30,8,3.372375726699829,0,5406,0.00025872773
ea7f9fa1f04541755ea199b4,002724.SZ,海洋王,2024-06-15,2,0.7249902486801147,0,5406,0.000147004
1769c978c250daba0b4559cc,002726.SZ,龙大美食,2024-06-30,9,2.2883782386779785,0,5406,0.00016697295
3d3a04738c65cc651f0fbd63,002728.SZ,特一药业,2024-06-30,13,3.7974610328674316,0,5406,0.0002961597
5a559916f0735a6b14df31fc,002748.SZ,世龙实业,2024-06-30,8,2.25557279586792,0,5406,0.00017497379
d7fd5920b2496e9ba8be2b07,002773.SZ,康弘药业,2024-06-15,2,0.7915682792663574,0,5406,8.965016e-05
0092eebb23786398dd47c1f0,002801.SZ,微光股份,2024-06-30,4,2.3552887439727783,0,5406,0.00018744674
a929bbad54b4572895cebb26,002838.SZ,道恩股份,2024-06-15,6,1.119217038154602,0,5406,0.0001261433
1f056699f358990f94fda165,002843.SZ,泰嘉股份,2024-06-15,6,1.4889731407165527,0,5406,0.00012610578
d8e7ad4f44d7538b881c4ca0,002905.SZ,金逸影视,2024-06-30,5,2.093681573867798,0,5406,0.00015216935
b168339eec4544f1420f9239,300357.SZ,我武生物,2024-06-30,5,1.4528526067733765,0,5406,0.00017164378
279f5c1269d0ada7ce14160a,300359.SZ,全通教育,2024-06-15,9,3.348268508911133,0,5406,0.0002794947
cd25b67b8350839129bd1653,300360.SZ,炬华科技,2024-06-15,11,4.126337051391602,0,5406,0.00029759135
5ee7bce20a53c24867751266,300363.SZ,博腾股份,2024-06-15,6,1.3642498254776,0,5406,0.00014734005
82fca1a52ebcd96bbeb8ae6d,300365.SZ,恒华科技,2024-06-15,9,2.9484763145446777,0,5406,0.000331843
886c0f6010183021b4ec6d46,300373.SZ,扬杰科技,2024-06-15,9,3.891357421875,0,5406,0.00026795757
de70496bd4f6c00e9ce17bd0,300376.SZ,易事特,2024-06-15,10,2.851780652999878,0,5406,0.00023700463
9478646da7222a2c5ff96aa1,300377.SZ,赢时胜,2024-06-15,9,1.8557839393615723,0,5406,0.00017730503
2a2642877bce0fd6a179808f,300378.SZ,鼎捷数智,2024-06-15,7,2.720223903656006,0,5406,0.00031003062
34da1cad11db136c5430133a,300380.SZ,安硕信息,2024-06-15,8,1.378706932067871,0,5406,0.0001298852
ab07a2f17eb29c0701e604f6,300385.SZ,雪浪环境,2024-06-15,7,1.8971319198608398,0,5406,0.0001833954
a0c33f6e96b71e13e11c7199,300386.SZ,飞天诚信,2024-06-15,11,2.2068381309509277,0,5406,0.00019690613
7b4b188b394aee233d75bcab,300387.SZ,富邦科技,2024-06-15,2,0.26509734988212585,0,5406,9.593391e-05
ac44352f692aec3912be1791,300390.SZ,天华新能,2024-06-15,6,1.9036129713058472,0,5406,0.00017579048
af7da7b0c3bbc8b562727a7b,300399.SZ,天利科技,2024-06-15,6,3.1916515827178955,0,5406,0.00024953514
24d1856aba7d2a079583aef4,300403.SZ,汉宇集团,2024-06-15,8,1.306250810623169,0,5406,0.00013485721
f989d55e24705b2f09a284ee,300405.SZ,科隆股份,2024-06-15,8,2.500321865081787,0,5406,0.00023007453
7e3632f86a27b0f0468e6751,300419.SZ,ST浩丰,2024-06-30,5,0.7354298233985901,0,5406,9.001113e-05
b1622440889fd9db50b97c7a,300476.SZ,胜宏科技,2024-06-15,8,1.872861623764038,0,5406,0.0001812492
5e6ebc9ec9dc6d4dd1d8eddd,300527.SZ,ST应急,2024-06-15,6,1.9911946058273315,0,5406,0.00024480838
6b9241c749a9356d8ecd58b0,300546.SZ,雄帝科技,2024-06-15,10,2.531033754348755,0,5406,0.00024261011
4865a8a8430ffa3ebf6f9268,300820.SZ,英杰电气,2024-06-15,3,0.6628608107566833,0,5406,7.821122e-05
297492925c5069c7640f6fa9,600023.SH,浙能电力,2024-06-15,9,2.9450557231903076,0,5406,0.00020708998
67e28e11cd6ee7b130621eac,601326.SH,秦港股份,2024-06-30,9,1.9523035287857056,0,5406,0.00015612536
9ac34a3e37336a5725376a10,601579.SH,会稽山,2024-06-30,6,2.768815755844116,0,5406,0.00021885197
15ad6cbd4e83daaf679e2e51,601865.SH,福莱特,2024-04-05,7,1.3227180242538452,0,5406,0.00012915434
cebf0ecdfb90aff584ebc547,603005.SH,晶方科技,2024-06-15,6,1.4229665994644165,0,5406,0.00012359381
6f5c46f54559bfaf18b96256,603023.SH,威帝股份,2024-06-15,7,2.0226292610168457,0,5406,0.00019784448
49f30fdbe8afbacf2cbaf1fd,603069.SH,海汽集团,2024-06-15,9,3.7061734199523926,0,5406,0.00031292724
c4765037127d9061e10302de,603099.SH,长白山,2024-06-15,9,3.3541483879089355,0,5406,0.00021380882
4a0b4b882ba3e21e5c0f48ff,603100.SH,川仪股份,2024-06-15,6,1.4722121953964233,0,5406,0.00016218922
c4bc8e34475ce8e639ba9a6b,603111.SH,康尼机电,2024-06-15,4,0.7035718560218811,0,5406,9.255236e-05
880769229c9c1696a584cfa0,603117.SH,万林物流,2024-06-15,2,0.4730328321456909,0,5406,7.603639e-05
5886bf3c12f648ab7ca6d7de,603158.SH,腾龙股份,2024-06-30,12,3.055429458618164,0,5406,0.0002887213
ee484c5c4838121e03b415c9,603609.SH,禾丰股份,2024-06-30,10,2.356971025466919,0,5406,0.00016816429
558b2bc4e23f6db712cdfa1f,603979.SH,金诚信,2024-06-15,2,0.564234733581543,0,5406,0.00012182699
b1307331c45d5217f53dca39,002739.SZ,万达电影,2024-06-30,6,2.266350507736206,0,5406,0.00016203691
537c8ac9b590b7188a06f5d7,002757.SZ,南兴股份,2024-06-30,1,0.7400192618370056,0,5406,0.00014798698
942c015d20161812c9dbd975,002779.SZ,中坚科技,2024-06-15,10,2.908417224884033,0,5406,0.00034217825
e96e7cac416efd43a6c08563,002796.SZ,世嘉科技,2024-06-15,1,0.5189365744590759,0,5406,9.1420115e-05
ec4238a4b1a4b5dc8c3c14bd,002798.SZ,帝欧家居,2024-06-15,9,2.4710605144500732,0,5406,0.0002429053
9dad5b63f0c9db1e41a8f7fb,002800.SZ,天顺股份,2024-06-15,4,1.4523329734802246,0,5406,0.00016807414
9687d744f142593daa16d4ce,002802.SZ,洪汇新材,2024-06-30,5,1.3822643756866455,0,5406,0.00013926983
11e38eed1c6a8069e8be71ac,300393.SZ,中来股份,2024-06-15,3,0.38966548442840576,0,5406,5.791092e-05
d1fc32cfb494357a24062729,300409.SZ,道氏技术,2024-06-15,7,2.14945125579834,0,5406,0.00019639383
4d4a15f42b36911435012346,300411.SZ,金盾股份,2024-06-15,9,1.8264976739883423,0,5406,0.00021862013
eebd5c4765d38ea6d45846cd,300421.SZ,力星股份,2024-06-15,2,0.8505275249481201,0,5406,0.00013580386
147220d0d50775e1a996b108,300430.SZ,诚益通,2024-06-15,5,1.3301546573638916,0,5406,0.00016352422
02fb7931c77f6c1bc0a7dc24,300435.SZ,中泰股份,2024-06-15,6,2.0332348346710205,0,5406,0.0002120043
33922bec928d36ffd6321cc2,300436.SZ,广生堂,2024-06-15,9,2.5586016178131104,0,5406,0.00024529168
0bfeb4584e52d48a21eab598,300437.SZ,清水源,2024-06-15,6,1.6673593521118164,0,5406,0.00022340352
015050665e307d4b4f419eb8,300438.SZ,鹏辉能源,2024-06-15,6,2.0904674530029297,0,5406,0.00020364419
dee7b99d2d9af587ad49786c,300467.SZ,迅游科技,2024-06-15,5,1.7002482414245605,0,5406,0.00015698954
620809c4fcb50fdf10af1e03,300475.SZ,香农芯创,2024-06-15,3,0.48854005336761475,0,5406,6.88989e-05
7ec40b3f58ca3c3af3e0a12e,300491.SZ,通合科技,2024-06-15,11,3.0943796634674072,0,5406,0.00024775902
e83140a9fcf287d0b74182ef,300501.SZ,海顺新材,2024-06-15,7,2.915322780609131,0,5406,0.00025710813
070763b633922e5c2d5c66bd,300505.SZ,川金诺,2024-06-15,4,1.8193225860595703,0,5406,0.00017237302
04520f509c1760170c4ae079,300521.SZ,爱司凯,2024-06-30,2,0.41174590587615967,0,5406,8.717028e-05
12c007e2c925221c4b477380,300536.SZ,农尚环境,2024-06-15,4,1.3538521528244019,0,5406,0.000112418486
d4e651003e1262e8a0228f35,300579.SZ,数字认证,2024-06-15,3,0.5096217393875122,0,5406,6.0984963e-05
6a4a96ed2da4bc03346fad2d,300596.SZ,利安隆,2024-06-15,16,3.3031885623931885,0,5406,0.00027683598
66bd5d576a07353728fb7afc,600909.SH,华安证券,2024-06-30,9,2.1633431911468506,0,5406,0.00017269728
169a310d66a4dc862d763ff0,600958.SH,东方证券,2024-06-30,7,3.5132651329040527,0,5406,0.00022652802
ad7b3e280088b6f71bb4300c,601198.SH,东兴证券,2024-06-30,11,3.019751787185669,0,5406,0.00020531831
17ad5191eed27fc233b15d5c,601211.SH,国泰海通,2024-04-05,3,1.1399511098861694,0,5406,9.8693425e-05
94c573f966414a99e502ca9b,601226.SH,华电科工,2024-06-30,6,2.7918407917022705,0,5406,0.00029326044
7da8d511fe5913325f33c234,601595.SH,上海电影,2024-06-30,5,2.533836841583252,0,5406,0.00017772311
228185ba9aeb98118f6cd3d5,601689.SH,拓普集团,2024-03-25,5,1.3684099912643433,0,5406,0.00012872697
4f27a2ea756396df48bc6c06,603010.SH,万盛股份,2024-06-30,10,2.440504550933838,0,5406,0.00021578497
b09d730078ef646952553e8f,603030.SH,全筑股份,2024-06-15,4,1.5755003690719604,0,5406,0.00014114573
7cc44a4e30a1c9234e8f1026,603227.SH,雪峰科技,2024-06-15,7,3.3704135417938232,0,5406,0.00021294405
b7cbe133e1d723826df6a2bd,603309.SH,维力医疗,2024-06-15,9,2.172898769378662,0,5406,0.00019524446
6b64bbd8fd6728d043468961,603355.SH,莱克电气,2024-06-15,10,2.7444825172424316,0,5406,0.00027547468
c880e668a53c503dd053bb4c,603389.SH,*ST亚振,2024-06-30,4,1.306679368019104,0,5406,0.000118038915
65b0e9aa9d71f5594105feb7,603611.SH,诺力股份,2024-04-05,8,1.879758596420288,0,5406,0.00020122899
ebc886950dfc9bf8559bd2fc,603701.SH,德宏股份,2024-06-30,8,1.8561266660690308,0,5406,0.00019140626
ff53d33288ccba1529eadc93,603788.SH,宁波高发,2024-06-30,11,3.2829554080963135,0,5406,0.0002689961
4c610069e6ef677309f599ea,603789.SH,*ST星农,2024-06-15,5,0.9059163331985474,0,5406,8.594395e-05
f4bce65bd857c5d699cd440e,603818.SH,曲美家居,2024-06-15,9,3.2641751766204834,0,5406,0.00024490574
aa6b8616faa99c28c9de9544,603828.SH,ST柯利达,2024-04-05,8,2.132105827331543,0,5406,0.00022730004
b38d81b4079705f5165f5052,603843.SH,*ST正平,2024-04-05,10,3.926001787185669,0,5406,0.00029852215
d935b9b6d3212d2890407fb9,603860.SH,中公高科,2024-06-15,2,0.5033731460571289,0,5406,7.2872346e-05
ea9abf0eff3a7cb12216631d,603889.SH,新澳股份,2024-06-15,7,1.9839894771575928,0,5406,0.00016672077
7692b3fe61e6b6d3e899a5a9,603899.SH,晨光股份,2024-06-15,3,0.5720131397247314,0,5406,0.00014802365
be88cf91303a00484efa10cd,603988.SH,中电电机,2024-06-15,10,2.3639259338378906,0,5406,0.00020996832
cb95f649af5371380f90b116,603997.SH,继峰股份,2024-06-15,9,3.446312427520752,0,5406,0.0002628882
75ca657e0cc20a3fea508a27,002730.SZ,电光科技,2024-06-15,10,2.0023627281188965,0,5406,0.00020419431
9b4d2622ab180d30a565763d,002732.SZ,燕塘乳业,2024-06-15,8,3.2906250953674316,0,5406,0.00021462249
8087b408259648247bb7888c,002735.SZ,王子新材,2024-06-15,2,0.41584131121635437,0,5406,6.489236e-05
9027d3e1be932370cc0d7298,002742.SZ,*ST三圣,2024-06-30,2,0.3697057068347931,0,5406,6.5605425e-05
7e0ad88a16ff596e3cebc437,002761.SZ,浙江建投,2024-06-30,6,1.751878261566162,0,5406,0.0001457331
79eb68acf256b84c0fbfa992,002767.SZ,先锋电子,2024-06-15,12,3.9688189029693604,0,5406,0.00025987203
c6c182e8ce85535d4c225b33,002768.SZ,国恩股份,2024-06-15,6,1.3970242738723755,0,5406,0.00013042579
950f0a3a883c645dc854cd92,002771.SZ,真视通,2024-06-30,10,2.651940107345581,0,5406,0.00023557986
5ee5856d665a1531ab387314,002786.SZ,银宝山新,2024-06-30,7,2.83766770362854,0,5406,0.00023695178
bc302da8d07b5a971bf4fd53,002791.SZ,坚朗五金,2024-06-15,3,0.38197553157806396,0,5406,8.548869e-05
7f38e75de484b81774ed0308,002818.SZ,富森美,2024-06-30,3,0.6933239698410034,0,5406,9.703387e-05
759d02c54db9d85c91f6b4da,300384.SZ,三联虹普,2024-06-15,5,0.643638014793396,0,5406,8.466033e-05
72e036ff4bf198d3dc143aa4,300398.SZ,飞凯材料,2024-06-15,7,2.2018442153930664,0,5406,0.00018551656
b1df7156bb2a6ec99284225d,300406.SZ,九强生物,2024-06-15,4,1.0740355253219604,0,5406,0.00011508554
24c0d2729afe7fd7816650a3,300415.SZ,伊之密,2024-06-15,6,1.205876111984253,0,5406,0.00013822858
1476dbb12e6eaf2d5531612f,300417.SZ,南华仪器,2024-06-15,6,0.9256703853607178,0,5406,0.00011275648
cb0fcfb363d7c7dd3fd1b191,300441.SZ,鲍斯股份,2024-06-15,5,1.102210521697998,0,5406,0.00012804416
ee9816ac293b710cfc5613ea,300443.SZ,金雷股份,2024-06-15,9,4.201633930206299,0,5406,0.0002932337
09fd6040c306e724a639ad2d,300448.SZ,浩云科技,2024-06-15,3,0.91150963306427,0,5406,9.2784656e-05
5e6cc3530d78f810d2f983a4,300449.SZ,汉邦高科,2024-06-15,11,4.231007099151611,0,5406,0.0002837516
cbb1654d4233789c570d526a,300452.SZ,山河药辅,2024-06-15,4,1.587060570716858,0,5406,0.00016197715
6f5d31a6202ddf7cbc36878c,300455.SZ,航天智装,2024-06-15,7,2.261598825454712,0,5406,0.00020915823
704876aaa4d6dc20a76581c2,300463.SZ,迈克生物,2024-06-15,9,3.275296449661255,0,5406,0.0002602503
1533ed793ecc58214e5b0757,300511.SZ,雪榕生物,2024-06-30,5,3.0385634899139404,0,5406,0.00022462774
ef19fa053e29cfa9aa841610,300513.SZ,恒实科技,2024-06-15,10,3.6607866287231445,0,5406,0.0002772042
df34fd578391dc9da6f35d09,300523.SZ,辰安科技,2024-06-15,7,1.4276856184005737,0,5406,0.00016762015
22c0c153b901e434b70507f4,300530.SZ,领湃科技,2024-06-15,5,0.7079761624336243,0,5406,9.814362e-05
db0e4c68a39091f9c62fec93,600959.SH,江苏有线,2024-06-15,8,2.567065477371216,0,5406,0.0002271453
a6678821404f322d0666b7d3,601021.SH,春秋航空,2024-04-05,6,1.9478816986083984,0,5406,0.00015914536
8dd8a05a50204b1dadde1783,601828.SH,美凯龙,2024-06-30,3,1.2307931184768677,0,5406,0.00015103428
a8221d2f3332bc9bb170c50d,603011.SH,合锻智能,2024-06-15,9,1.4503262042999268,0,5406,0.00019645783
0ce57b1b116be2bcdd36450e,603013.SH,亚普股份,2024-06-15,5,1.519912600517273,0,5406,0.00012626463
0d49ae169373557748202329,603015.SH,弘讯科技,2024-06-15,5,0.8315704464912415,0,5406,9.8668475e-05
77a2c79441ce986a4f22ad4a,603101.SH,汇嘉时代,2024-06-15,8,2.9332573413848877,0,5406,0.00019622709
15f9beab775b2c1787c8ec70,603116.SH,红蜻蜓,2024-06-30,4,2.168797254562378,0,5406,0.00022053457
182e8391b2848253009f2ca4,603188.SH,亚邦股份,2024-06-30,8,3.956895112991333,0,5406,0.0002568697
9c99034ef4579954cba5e784,603318.SH,水发燃气,2024-06-30,8,1.788527011871338,0,5406,0.0001558172
66bdc181d51cf79cbb6aa2f1,603320.SH,迪贝电气,2024-06-15,6,2.672584056854248,0,5406,0.0002156886
932f6980609d2a191b1b4ef6,603368.SH,柳药集团,2024-06-30,10,3.5042855739593506,0,5406,0.0002480197
7ea871d7742a51f08f39b808,603369.SH,今世缘,2024-06-30,9,2.9096968173980713,0,5406,0.00020282618
a97a456f51671fa9e7171617,603383.SH,顶点软件,2024-06-15,7,1.3795427083969116,0,5406,0.00013804021
bb3e83914fca6944c01285a3,603528.SH,多伦科技,2024-06-15,5,1.0221469402313232,0,5406,0.00011047235
7b722fc5f1239afeead66ea3,603606.SH,东方电缆,2024-06-15,6,1.9484808444976807,0,5406,0.00017965167
096cfa5248c7d921307f2b27,603696.SH,安记食品,2024-06-15,8,2.242521047592163,0,5406,0.00021723779
2af0b7f22923661973ad42be,603698.SH,航天工程,2024-06-15,3,0.7342368960380554,0,5406,0.00010873509
98e3cac589eb16ea473663a1,603726.SH,朗迪集团,2024-06-15,4,1.2987126111984253,0,5406,0.00014699396
b06950cea435f0077ea900ad,603730.SH,岱美股份,2024-06-15,7,1.3467957973480225,0,5406,0.00014148155
4df4c463d65f5253611230d1,603866.SH,桃李面包,2024-06-15,9,2.615832805633545,0,5406,0.00020207255
1e5762f55058e7360a81f610,603883.SH,老百姓,2024-06-15,8,4.155839443206787,0,5406,0.00026077582
c899221791f758f77f60fe40,603959.SH,百利科技,2024-06-15,4,0.49960899353027344,0,5406,6.720985e-05
ee84e33804845fb7d09246f7,002729.SZ,好利科技,2024-06-15,9,2.0194766521453857,0,5406,0.00016402567
085f4fca57a44d21f22045db,002733.SZ,雄韬股份,2024-06-15,5,1.7249062061309814,0,5406,0.000203471
f8cb72ea4bc292e98de11075,002737.SZ,葵花药业,2024-06-15,10,2.7513060569763184,0,5406,0.00023203559
8c45817cfe395aaa55380996,002741.SZ,光华科技,2024-06-30,4,0.6275140047073364,0,5406,8.6018954e-05
cdb015ec1a61eede8dcddd7a,002747.SZ,埃斯顿,2024-06-15,7,2.71392560005188,0,5406,0.0002309429
ab9aa26f8f3f9ae1bc3851e6,002749.SZ,国光股份,2024-06-30,7,2.650023937225342,0,5406,0.0002029867
66c9b226347790db85dcf900,002755.SZ,奥赛康,2024-06-30,9,2.477288246154785,0,5406,0.00026419037
eb0b97e48d8bf6297816eee1,002763.SZ,汇洁股份,2024-06-15,7,2.4542593955993652,0,5406,0.00020262173
40335019e2a78747ef7358b0,002766.SZ,索菱股份,2024-06-15,10,4.103851795196533,0,5406,0.0003141658
b05d96e51242cad2cf9dbf93,002775.SZ,文科股份,2024-06-30,9,3.1247124671936035,0,5406,0.00021349902
d8ee129c8fe8702c95f8094a,002780.SZ,三夫户外,2024-06-30,1,0.13586196303367615,0,5406,4.6401427e-05
dfb602dfea915eef4cbb823c,300374.SZ,中铁装配,2024-06-15,4,1.955113172531128,0,5406,0.00022079799
84e2a9b2ad1ad0782c9c9a2f,300407.SZ,凯发电气,2024-06-15,6,1.127325177192688,0,5406,0.00011207041
6ad162e9c8f0739558494df5,300418.SZ,昆仑万维,2024-06-15,4,1.0104459524154663,0,5406,0.00014749113
cf1fdf03392a364eb3650450,300424.SZ,航新科技,2024-06-15,5,1.7114452123641968,0,5406,0.00021012776
182feff234692367aa4942b1,300429.SZ,强力新材,2024-06-15,12,3.2710464000701904,0,5406,0.0002499496
7fe498f1ab16028a13d5651a,300440.SZ,运达科技,2024-06-15,3,0.452810138463974,0,5406,5.6050692e-05
7778dd613c957a50e9d1d070,300464.SZ,星徽股份,2024-06-15,7,1.1597745418548584,0,5406,0.00014332688
72903df31d04c0dbaf1b19ee,300465.SZ,高伟达,2024-06-15,9,1.9786733388900757,0,5406,0.00015876838
35c29f7fb70222dd5a015080,300466.SZ,赛摩智能,2024-06-15,4,0.8916443586349487,0,5406,0.0001218892
b9d1e71881b07e93de897169,300469.SZ,信息发展,2024-06-15,8,3.1702187061309814,0,5406,0.00024264396
1f165277f287a6cf7d0ba62e,300479.SZ,神思电子,2024-06-30,11,3.448171854019165,0,5406,0.00031455772
2eb62a25fa06d29fcaddf1ce,300492.SZ,华图山鼎,2024-06-15,9,2.8564889430999756,0,5406,0.00022448417
373993b2930d2a10a5a96f3f,300529.SZ,健帆生物,2024-06-15,9,2.697551727294922,0,5406,0.00024758224
cf57d5910c558ae862a0058b,300552.SZ,万集科技,2024-06-15,9,2.079122304916382,0,5406,0.00019580031
69c00a39212544ba5408ce0a,601015.SH,陕西黑猫,2024-06-30,9,3.152186155319214,0,5406,0.00026748574
11ab49a91ce39393e42f32da,601069.SH,西部黄金,2024-06-30,6,2.3105695247650146,0,5406,0.00014880145
0793b14ed90b35e95e0c0876,601512.SH,中新集团,2024-06-30,1,0.10573341697454453,0,5406,4.180159e-05
dd542e388302f1e089140f42,601811.SH,新华文轩,2024-06-30,10,4.407520771026611,0,5406,0.00026167577
79b4cddc7e860d946a4a451e,601882.SH,海天精工,2024-06-30,7,2.168957233428955,0,5406,0.00019402975
95778cdeb05571e688ae3d8f,601968.SH,宝钢包装,2024-06-30,4,1.5797204971313477,0,5406,0.00013788482
d7af31f62dc5af9dc7a737a9,601985.SH,中国核电,2024-03-15,1,0.3645579516887665,8,3,0.00020185111
29f6832bf4a3350165bbd549,603017.SH,中衡设计,2024-06-15,8,1.7768791913986206,0,5406,0.00016063025
b6f33623d96880b5cd9a83f5,603025.SH,大豪科技,2024-06-30,3,0.6017099022865295,0,5406,6.638335e-05
6985a6aeb0c3953cab67aca3,603031.SH,安孚科技,2024-04-05,6,0.9900726675987244,0,5406,0.00011760404
90f10508afa23f0e128f7e28,603520.SH,司太立,2024-07-01,1,0.14083652198314667,0,5406,7.588978e-05
9796cd53a237a50a3ba7d93e,603567.SH,珍宝岛,2024-06-30,4,0.7501208186149597,0,5406,0.0001122544
b015ddc9c62a3b82ae6e4fe3,603608.SH,天创时尚,2024-06-30,9,2.8520023822784424,0,5406,0.00028171306
d062678f5dea1ab1d5adb98d,603660.SH,苏州科达,2024-06-15,7,2.798290491104126,0,5406,0.00019796475
7f68d1205157184eb5ce4745,603667.SH,五洲新春,2024-04-05,11,3.4310953617095947,0,5406,0.00028357186
ad71872598240b27c58d47f0,603703.SH,盛洋科技,2024-06-15,2,0.8145327568054199,0,5406,9.3065966e-05
de018f39493427839c741e5e,603779.SH,威龙股份,2024-06-15,8,2.3136773109436035,0,5406,0.00021374914
3ad6185537b5b9645c6bf08d,603798.SH,康普顿,2024-06-15,0,0.0,46,1,2.7262813e-05
a46208c09f67b816fdf9f64e,603885.SH,吉祥航空,2024-06-15,5,2.4205193519592285,0,5406,0.0001687065
55821f40ffef3b1228759af4,603901.SH,永创智能,2024-06-15,5,1.2655137777328491,0,5406,0.00015860565
5fe08b7dd1ac190bdf67e040,603909.SH,建发合诚,2024-06-30,10,2.7820754051208496,0,5406,0.0002251091
933316f7dc4ad8c7bba2f809,603918.SH,金桥信息,2024-06-15,5,0.9432250261306763,0,5406,0.000113027374
8bdbd182146b86689dc8e4c0,603969.SH,银龙股份,2024-06-30,8,1.5607717037200928,0,5406,0.00017226084
157ffe897c735ff16e669f79,603998.SH,方盛制药,2024-06-15,7,1.875783920288086,0,5406,0.00016735742
9c2565b399509fbbff828f8e,603999.SH,读者传媒,2024-04-05,13,4.076501369476318,0,5406,0.00026688335
43bdd16cebdc29997339c577,002760.SZ,凤形股份,2024-06-15,11,3.3271915912628174,0,5406,0.00030732152
259ad8606661b56ef3a23ae9,002762.SZ,*ST金比,2024-06-30,9,2.4828102588653564,0,5406,0.00021230911
e0b355a7ea65d4f7c2f76829,002787.SZ,华源控股,2024-06-15,5,2.411715507507324,0,5406,0.00019950511
d4c2b0fda57deeeedebaf559,002788.SZ,鹭燕医药,2024-06-30,2,1.035057783126831,0,5406,0.0001250302
6b05543cd610916bb2b3a222,002789.SZ,*ST建艺,2024-06-30,3,1.0557878017425537,0,5406,0.0001109703
f4d35722c02a086f40a7e604,002793.SZ,罗欣药业,2024-06-15,6,1.6771349906921387,0,5406,0.00017359266
bebbf3e92fe417c882346d96,002806.SZ,华锋股份,2024-06-15,3,0.4955674409866333,0,5406,6.5361965e-05
cb75c66d118e5318414524c9,002819.SZ,东方中科,2024-06-30,5,0.5611535310745239,0,5406,7.352527e-05
82a878463f61a9bb7da7b735,002822.SZ,ST中装,2024-06-15,8,3.0337066650390625,0,5406,0.00026256734
c2a8b4ec88c917e37870b970,300432.SZ,富临精工,2024-06-15,10,2.893686056137085,0,5406,0.0002390282
b0be4a966fb7b788c9642b51,300471.SZ,厚普股份,2024-06-15,6,1.3737056255340576,0,5406,0.0001766874
fa6fe279f5ccd38c698eb3c8,300472.SZ,*ST新元,2024-06-30,3,1.653050422668457,0,5406,0.00017126772
b69912668e9d988b42079e8b,300478.SZ,杭州高新,2024-06-15,9,2.5703015327453613,0,5406,0.00022483378
676ecc746181d321e39c2119,300480.SZ,光力科技,2024-06-15,3,0.779747724533081,0,5406,0.00011916858
c571340e45953ba180fcdc9b,300484.SZ,蓝海华腾,2024-06-15,8,2.0368080139160156,0,5406,0.00016802039
0b44f6febdb640f0824de0a5,300486.SZ,东杰智能,2024-06-15,10,2.3911147117614746,0,5406,0.00022074021
a31dac782f9051a4bd1dab74,300489.SZ,光智科技,2024-06-15,9,2.527139902114868,0,5406,0.00020251966
3192ce6353e718ccd7de979f,300490.SZ,华自科技,2024-06-15,5,1.4495254755020142,0,5406,0.00017198878
c054cac97eb010cadf312925,300494.SZ,盛天网络,2024-06-15,7,1.493208408355713,0,5406,0.00013635373
29e83509871c9eef5e4d8a84,300496.SZ,中科创达,2024-06-15,4,1.0906895399093628,0,5406,0.00012639958
8232d1ac48429e91b5347c17,300522.SZ,世名科技,2024-06-15,5,1.0297868251800537,0,5406,0.00011229997
b62bb14efd8032c1e628a6fc,300534.SZ,陇神戎发,2024-06-15,6,1.9727171659469604,0,5406,0.0001858311
2d9aada0a634a9b31e4b3c7a,300535.SZ,达威股份,2024-06-15,7,1.5194798707962036,0,5406,0.00016820017
cbd4b74b5c7de93fef1be06e,300547.SZ,川环科技,2024-06-15,8,2.6750521659851074,0,5406,0.000253986
d1dfbff390cb955f8090e187,300555.SZ,ST路通,2024-06-30,4,1.3641775846481323,0,5406,0.00014210897
57bd35abd4baf7ebba8efb56,300559.SZ,佳发教育,2024-06-15,2,0.7823439836502075,0,5406,0.00013708728
c379f8a92a15fa6f6afc454a,300806.SZ,斯迪克,2024-06-15,5,1.2578175067901611,0,5406,0.00012774984
28a8811f71df4457448b2715,600939.SH,重庆建工,2024-06-15,11,4.03537654876709,0,5406,0.0002967638
60ea5eca1a255afaacd99942,601500.SH,通用股份,2024-06-30,7,3.9440605640411377,0,5406,0.00028750117
1baf452d78cbe89b5febace3,603012.SH,创力集团,2024-06-15,8,2.7354257106781006,0,5406,0.00023885963
8564232ccf7013198ed74721,603021.SH,ST华鹏,2024-06-30,6,0.8584488034248352,0,5406,0.00010591368
a38fa4462631e54147d7fe1a,603090.SH,宏盛股份,2024-06-15,8,1.3676974773406982,0,5406,0.00013781447
42170f192ce57ff12747ed67,603118.SH,共进股份,2024-06-15,7,1.257598876953125,0,5406,0.00014461859
2aa67e4dd8848c3f33158660,603160.SH,汇顶科技,2024-06-30,9,2.3220033645629883,0,5406,0.00017734693
ac525e49b9af56d4a1298671,603421.SH,鼎信通讯,2024-06-30,10,2.5205163955688477,0,5406,0.000209682
b9e6c449e193c0c8982e458d,603515.SH,欧普照明,2024-06-15,7,2.0689516067504883,0,5406,0.00020453363
b288ae6af9c7d0354e9057df,603556.SH,海兴电力,2024-06-15,7,1.4226106405258179,0,5406,0.000120589495
d9e6700c7a40f4fc4d602250,603558.SH,健盛集团,2024-06-15,6,2.4903650283813477,0,5406,0.00020453685
e6c8472abc25d74e2e3b6829,603569.SH,长久物流,2024-06-15,2,0.8900539875030518,0,5406,0.00014188516
d82bf31a171b40eff36bc79a,603588.SH,高能环境,2024-06-15,7,1.1434694528579712,0,5406,0.00014790709
d6fc5482cc780742d3713a51,603612.SH,索通发展,2024-06-30,5,1.2586181163787842,0,5406,0.00013607238
f9a4ebbe0b07fa0222efe159,603618.SH,杭电股份,2024-06-15,5,0.6434509754180908,0,5406,7.7078264e-05
9f4902a3715705df0fdcaf50,603636.SH,南威软件,2024-06-15,10,3.0479893684387207,0,5406,0.00022434494
70759d87f5cb80c95a9c7033,603663.SH,三祥新材,2024-06-15,12,3.5831966400146484,0,5406,0.00031348527
6e011b936ca6411e9e90c5ec,603816.SH,顾家家居,2024-06-15,5,1.7054646015167236,0,5406,0.00016661797
09c708db5c01e769653e35d5,603868.SH,飞科电器,2024-06-15,7,1.216758131980896,0,5406,0.00013586212
ab9e7e15daa8ecfbe477c4a6,603887.SH,城地香江,2024-06-15,5,1.2145953178405762,0,5406,0.00010654244
8a6fc879e2a177e2c39ddc32,603898.SH,好莱客,2024-06-30,11,4.252866268157959,0,5406,0.0002851407
7e1e509d40142b992d1b252a,603919.SH,金徽酒,2024-06-30,7,2.535141706466675,0,5406,0.00017414364
fd9b43a7fb0a860e80c6ac26,603986.SH,兆易创新,2024-06-15,9,2.843083143234253,0,5406,0.00025754113
5f77381149e6502dc7fff02f,002753.SZ,永东股份,2024-06-30,9,2.7639174461364746,0,5406,0.00025207497
da63df3f15aaf55c14e190de,002758.SZ,浙农股份,2024-06-30,5,2.395728826522827,0,5406,0.00020503363
8cb641e51d2ffdfd58d9f405,002759.SZ,天际股份,2024-06-15,7,1.408268690109253,0,5406,0.00012987453
88dd5685918794410ad01e5f,002790.SZ,瑞尔特,2024-06-15,7,0.9047299027442932,0,5406,0.00012779456
81ff64aa7f0e6a3d7d1da66f,002795.SZ,永和智控,2024-06-15,6,1.2613736391067505,0,5406,0.00018372537
7f1bb28c1f7547b41d6f1bc5,002797.SZ,第一创业,2024-06-30,7,1.5716670751571655,0,5406,0.00013252677
8f742f19b5ad94eb2b73010a,002809.SZ,红墙股份,2024-06-30,5,1.7254976034164429,0,5406,0.0002265051
0cd1f3323e3393fe68bd7ab2,002811.SZ,郑中设计,2024-06-30,6,1.2178412675857544,0,5406,0.00013149597
ce8aed5f496dc57578520423,002817.SZ,黄山胶囊,2024-06-15,8,2.0193796157836914,0,5406,0.00019980756
d2d3fae94e2d8c1841c214cc,002821.SZ,凯莱英,2024-03-15,9,1.9418363571166992,0,5406,0.00019916568
2c2ec87921d07e3e16aa45c6,002832.SZ,比音勒芬,2024-06-15,2,0.279154896736145,0,5406,4.564948e-05
6b6f2e5bbfc023d07a25fa14,002923.SZ,润都股份,2024-06-15,9,1.7324970960617065,0,5406,0.00016495567
3adbe9bc5662c5bc986cb81d,002979.SZ,雷赛智能,2024-06-30,11,3.6398563385009766,0,5406,0.00027878716
a1dd8f73fb703743203014b2,300410.SZ,正业科技,2024-06-15,11,3.6836845874786377,0,5406,0.00026317613
8d009f7af968d641b6d1213e,300414.SZ,中光防雷,2024-06-15,2,0.23563887178897858,0,5406,4.6762092e-05
365af07a6982791e484c67f2,300425.SZ,中建环能,2024-06-15,9,2.4423441886901855,0,5406,0.00025277009
2575fcca240d83c444d779cc,300433.SZ,蓝思科技,2024-06-15,9,1.8833893537521362,0,5406,0.00019963921
0d68a859ba9e8e00e5acd32d,300453.SZ,三鑫医疗,2024-06-15,9,2.396615505218506,0,5406,0.00022234522
b67440f112ed07dd85f89a24,300460.SZ,ST惠伦,2024-06-15,5,2.705707311630249,0,5406,0.00022254918
acaa404bc1b86d1e2c10e8c5,300462.SZ,ST华铭,2024-06-15,5,1.1229020357131958,0,5406,0.00013191771
f4644c6b90774cc81cecb10d,300470.SZ,中密控股,2024-06-15,5,0.6817824840545654,0,5406,8.678911e-05
c0ebc6d384f8a3e92644102e,300500.SZ,启迪设计,2024-06-15,5,1.7703092098236084,0,5406,0.00016861918
3ceadfa403b4c367bfd600a0,300506.SZ,ST名家汇,2024-06-30,5,2.162916898727417,0,5406,0.00023010712
1599e6cb9e6531ab1b8233be,300512.SZ,中亚股份,2024-06-15,6,2.455717086791992,0,5406,0.0002832149
1d35748f8262319bacd53f88,300517.SZ,海波重科,2024-06-30,6,0.92798912525177,0,5406,0.00011532973
969c86a4156d5ebb6bbbe2cc,300518.SZ,新迅达,2024-06-15,3,0.6027650833129883,0,5406,9.0220135e-05
85769c1d945cad5d4c661a94,300519.SZ,新光药业,2024-06-15,4,0.465547651052475,0,5406,8.305942e-05
bce95a3d00896378309091b6,300533.SZ,冰川网络,2024-06-15,2,0.8837091326713562,0,5406,9.1680246e-05
a313a4005460202cf73f9449,300664.SZ,鹏鹞环保,2024-06-15,3,0.6536887884140015,0,5406,9.641641e-05
7b91a4f46e6e5bd8aedf6e73,600936.SH,北投科技,2024-06-15,4,0.6000000238418579,21,24,0.00010769678
c59f2c1b2b78eae37f8f1a74,601212.SH,白银有色,2024-06-30,10,2.963826894760132,0,5406,0.00020202405
ae4320eaf2a99937815fcf34,601366.SH,利群股份,2024-06-30,4,0.587884783744812,0,5406,6.461567e-05
60df2ca4d0d1275268762583,601606.SH,长城军工,2024-06-30,10,2.6173243522644043,0,5406,0.00026401985
d32de20fc6568c828cf37445,601900.SH,南方传媒,2024-06-30,8,3.775303840637207,0,5406,0.00022857898
8100d9f2f4fe2a72e62bd34d,603060.SH,国检集团,2024-06-15,9,2.1479263305664062,0,5406,0.00021400963
0daf7a7b2138a3346a37b838,603159.SH,上海亚虹,2024-07-01,7,2.3091278076171875,0,5406,0.00019603198
fb6c10b0938b5c97f55e5be4,603189.SH,网达软件,2024-06-15,5,1.2103497982025146,0,5406,0.00013432796
c4e7927d676b4e1b4ad7079e,603317.SH,天味食品,2024-06-15,4,1.2664016485214233,0,5406,0.00012604364
d3151581ba581ce19814ff4d,603367.SH,辰欣药业,2024-06-15,4,0.7069328427314758,0,5406,9.266707e-05
e88a2c2ea9622c83de40b866,603589.SH,口子窖,2024-06-30,8,2.78627347946167,0,5406,0.00018917596
f9c253b48e6b9a8087e6a7a7,603600.SH,永艺股份,2024-06-15,8,1.966784119606018,0,5406,0.00021584937
ad7dec412d86a2fc76f5ecf3,603616.SH,韩建河山,2024-06-15,5,2.479548931121826,0,5406,0.0002350065
fc7b7d81ad469e1f4ef228be,603690.SH,至纯科技,2024-04-05,7,1.5506043434143066,0,5406,0.00019199087
f534b51d5c1a30e29daaf1f8,603718.SH,海利生物,2024-06-15,8,3.9632644653320312,0,5406,0.00025634855
0801605d22670ecb290c2f32,603799.SH,华友钴业,2024-06-15,10,2.7203359603881836,0,5406,0.00023175025
4ac12c0f0a180c456d97746b,603800.SH,洪田股份,2024-06-15,7,2.515583038330078,0,5406,0.00026375934
6d960041c1998a2427a30330,603825.SH,ST华扬,2024-06-15,7,1.3117843866348267,0,5406,0.00014018116
fe07387c1fc4a54980d5ee9f,603900.SH,莱绅通灵,2024-06-15,9,2.8359766006469727,0,5406,0.00018597147
26d80332c3373338d43f5db7,603936.SH,博敏电子,2024-06-30,12,3.2555227279663086,0,5406,0.00024821635
6d44a12177266abfdc76ba43,603977.SH,国泰集团,2024-06-15,7,3.2828714847564697,0,5406,0.00022154178
6f42215b3ae58dc198aeccae,002731.SZ,ST萃华,2024-06-30,9,3.3511312007904053,0,5406,0.00021400658
54689221118b48e5c277bb21,002777.SZ,久远银海,2024-06-15,10,2.5315468311309814,0,5406,0.00018750371
1bce1d14c4663f6eb1db6dc8,002803.SZ,吉宏股份,2024-06-15,8,2.2012271881103516,0,5406,0.00019127934
be5b230226913408ad609966,002813.SZ,路畅科技,2024-06-15,10,2.3436279296875,0,5406,0.00019775046
139dd4cd5dab78b12de7b1a7,002820.SZ,桂发祥,2024-06-15,9,3.179828405380249,0,5406,0.00024183448
862d0497192613330bce23fa,002823.SZ,凯中精密,2024-06-15,7,2.380281686782837,0,5406,0.0001890424
e05d38a2d37a16420457b363,003016.SZ,欣贺股份,2024-06-30,13,3.9413766860961914,0,5406,0.00028573498
f2476f058bf38892001e9d7f,300364.SZ,中文在线,2024-06-15,8,1.8613327741622925,0,5406,0.0002500114
bffffc6cded1b749caddd996,300395.SZ,菲利华,2024-06-15,10,2.7901742458343506,0,5406,0.0002254332
2d1f83d643244e22528db54f,300404.SZ,博济医药,2024-06-15,8,3.4168338775634766,0,5406,0.00023014052
8f107d136d38a84e68a12593,300416.SZ,苏试试验,2024-06-15,8,1.8356115818023682,0,5406,0.00019177892
097ede9623a83151fba5f3fd,300420.SZ,五洋自控,2024-06-15,4,0.9043927192687988,0,5406,0.00012230019
9f3425b2011cc0b7a75bd649,300423.SZ,昇辉科技,2024-06-15,2,0.2835697531700134,0,5406,5.53887e-05
019d6bad4fa6fe0a747900db,300442.SZ,润泽科技,2024-06-15,6,3.3952584266662598,0,5406,0.0002347885
6eb8ef3837d0a7c522bfec92,300447.SZ,全信股份,2024-06-15,6,1.7058049440383911,0,5406,0.00016042606
c34ee7760278fc695329bec5,300456.SZ,赛微电子,2024-06-15,6,1.8913283348083496,0,5406,0.00016777836
7ec3129d2757729f449e8a34,300461.SZ,田中精机,2024-06-15,6,2.165029287338257,0,5406,0.00018719533
cf59e5322c2efb55cf7e99b9,300468.SZ,四方精创,2024-06-15,4,1.005940318107605,0,5406,0.0001074935
e52da746ae5dee8b72c4fd49,300485.SZ,赛升药业,2024-06-15,11,2.245112419128418,0,5406,0.00023281673
67eda3f36097e304b9335d4a,300510.SZ,金冠股份,2024-06-15,9,2.2262203693389893,0,5406,0.00018501116
0399750e3b0ca46358ca9725,300516.SZ,久之洋,2024-06-15,11,3.435898542404175,0,5406,0.0002458246
06531a6dd5482b208f56f9b1,300520.SZ,科大国创,2024-06-15,3,0.7947095632553101,0,5406,8.986554e-05
5b33d48ff1206150d053a1c1,300528.SZ,幸福蓝海,2024-06-15,12,3.635152816772461,0,5406,0.00025299334
d9bbf56020c492a122ada24b,300537.SZ,广信材料,2024-06-15,6,1.212874174118042,0,5406,0.00012079498
5eda2a9e6f59c5027f6f0892,300572.SZ,安车检测,2024-06-15,4,0.4542035758495331,0,5406,6.988181e-05
f6b6b162f0df174b2456144d,301130.SZ,西点药业,2024-06-15,10,3.3110153675079346,0,5406,0.00027232297
3c71a2170a34d54851e9ca3f,601086.SH,国芳集团,2024-06-30,10,4.496710300445557,0,5406,0.00027749702
c45e3535fb06b4cdf241e234,601611.SH,中国核建,2024-06-30,2,0.4820808172225952,0,5406,0.00011409705
9af0f1c0ba89a61e97ba950f,601966.SH,玲珑轮胎,2024-06-30,4,1.3687163591384888,0,5406,0.00015245358
720e05b3e68f7b260769e68c,603018.SH,华设集团,2024-06-30,5,1.2297642230987549,0,5406,0.00011879084
582cf7aeba3aa0572bbf37f3,603020.SH,爱普股份,2024-06-15,7,1.109678864479065,0,5406,0.00013118336
0ecf391907a83f4e2da6006b,603022.SH,新通联,2024-06-15,6,1.4196906089782715,0,5406,0.000141999
74c7774fd757e96f73d20474,603085.SH,天成自控,2024-06-30,0,0.0,47,1,2.7262813e-05
a6e93b402eb7f4ca07d3d4ff,603108.SH,润达医疗,2024-06-15,8,3.4208929538726807,0,5406,0.0002640828
4c1b8e792f8b9ad519acfdaf,603131.SH,上海沪工,2024-06-15,5,2.6085519790649414,0,5406,0.00021356558
24d1ab0922eb80e90fc37f37,603169.SH,兰石重装,2024-06-30,13,3.823561429977417,0,5406,0.00036226332
304a8eba29fe310de6931477,603198.SH,迎驾贡酒,2024-06-15,5,2.1533780097961426,0,5406,0.00015382616
4542ae34899655609526ff7d,603222.SH,济民健康,2024-06-15,10,2.7896742820739746,0,5406,0.00025550538
9da59bdb33e48a64d1248beb,603266.SH,天龙股份,2024-06-30,4,0.736789345741272,0,5406,9.843933e-05
78e7b5688f4422b7d6ee2aee,603268.SH,*ST松发,2024-06-30,2,0.8044304847717285,0,5406,0.00013530413
19bef2aad1a47e223fef14de,603306.SH,华懋科技,2024-06-15,3,1.0996767282485962,0,5406,0.00010095078
eb518a08092553cfc7b31c5a,603315.SH,福鞍股份,2024-06-15,5,0.9922780990600586,0,5406,9.695855e-05
69ba00aac09f48a6f69d7295,603338.SH,浙江鼎力,2024-06-15,4,0.4773387312889099,0,5406,9.23275e-05
904e21492f7199705bfa017c,603339.SH,四方科技,2024-06-15,5,1.5521154403686523,0,5406,0.00018184136
36d5b978731b8a1f8c19a1bc,603377.SH,ST东时,2024-06-15,3,0.40629908442497253,0,5406,8.6177875e-05
c5be5a03e47f022b77cc5a5a,603508.SH,思维列控,2024-06-15,5,1.2635911703109741,0,5406,0.00011587582
ce974474378b3d98c29f9e9c,603738.SH,泰晶科技,2024-06-15,6,2.957045793533325,0,5406,0.00024196063
be2cf196933944f3aec67845,603929.SH,亚翔集成,2024-06-15,4,2.032540798187256,0,5406,0.00020800307
1754b359c2f94999eafa9672,603939.SH,益丰药房,2024-06-15,5,2.628204822540283,0,5406,0.00018651775
cd19d98bf42ecba67cc39859,603958.SH,哈森股份,2024-06-15,2,0.5020040273666382,0,5406,7.0223185e-05
03135a97dc7947e4ac69c52d,002772.SZ,众兴菌业,2024-06-30,5,3.281458616256714,0,5406,0.00024062683
ee15c3928d379bc3cc2fefeb,002812.SZ,恩捷股份,2024-06-30,10,2.9005863666534424,0,5406,0.00025493384
7ce1c275356b8ec26458aacc,002825.SZ,纳尔股份,2024-06-30,4,0.8208435773849487,0,5406,0.00010549629
28f5171ace5b8970d8a57d71,002828.SZ,贝肯能源,2024-06-30,6,2.1604161262512207,0,5406,0.00020988677
3624688e10186e3b3605a851,002829.SZ,星网宇达,2024-06-15,13,3.776327610015869,0,5406,0.0002751626
408de34d4915e1d3fedfaf5c,002856.SZ,美芝股份,2024-06-15,6,1.326706886291504,0,5406,0.00014123622
a86b2921205504ed9bc6a4f9,300412.SZ,迦南科技,2024-06-30,4,1.4488521814346313,0,5406,0.00017582564
e372bfafca5adc6bdffc97bd,300422.SZ,博世科,2024-06-15,4,0.5895408987998962,0,5406,8.064739e-05
6ae0cd6b2b413642a39321b7,300473.SZ,德尔股份,2024-06-15,11,3.0834498405456543,0,5406,0.00025669904
0e0e2c1098eba9d313444e49,300474.SZ,景嘉微,2024-06-15,6,1.604565143585205,0,5406,0.00015470255
820b10f33b58d25e3f936937,300497.SZ,富祥药业,2024-06-15,10,2.5322954654693604,0,5406,0.00024165105
c8dc0b0a6a302baef1b2db9f,300499.SZ,高澜股份,2024-06-15,8,2.1296019554138184,0,5406,0.00020976937
4cc7b82c404e2e782bb5ac12,300503.SZ,昊志机电,2024-06-15,8,2.6196718215942383,0,5406,0.00022427825
9377ade8a6386c696cea9630,300508.SZ,维宏股份,2024-06-15,8,2.4473876953125,0,5406,0.00021698601
537622f264597c7a59cb4dd3,300509.SZ,新美星,2024-06-15,4,1.8090927600860596,0,5406,0.00021665673
3bbfea12ddcbf4f82f83c6a3,300525.SZ,博思软件,2024-06-15,12,3.366295337677002,0,5406,0.00026159853
c134e5e6aaa85dcc9009ac24,300542.SZ,新晨科技,2024-06-15,8,1.6134295463562012,0,5406,0.00013498048
c064534c0898e17e0d512f86,300543.SZ,朗科智能,2024-06-15,8,3.732405185699463,0,5406,0.00029619783
312a5e0fb0ce7ac841e88cfd,300545.SZ,联得装备,2024-06-15,8,1.944204330444336,0,5406,0.00017352896
6909b58871c5b2cebdb6679d,300549.SZ,优德精密,2024-06-15,9,1.9971221685409546,0,5406,0.0001955176
63468b2e9717fd59c6651ce5,300586.SZ,美联新材,2024-06-15,7,1.72199285030365,0,5406,0.00016577411
66286043d4993bd3503c144c,300600.SZ,国瑞科技,2024-06-30,8,2.5424230098724365,0,5406,0.00020799358
9e3dcc97567e8ccefdaa7ff5,601127.SH,赛力斯,2024-04-05,5,1.1562126874923706,0,5406,0.00011704652
755d22b94676048d9275004a,603007.SH,*ST花王,2024-06-30,7,1.0197030305862427,0,5406,9.922962e-05
3a3f32f706317747654adbe6,603026.SH,石大胜华,2024-06-15,6,1.9463369846343994,0,5406,0.00019120544
e18f9643e29409e55cfc3af2,603027.SH,千禾味业,2024-06-15,9,2.8090734481811523,0,5406,0.00023027754
318c66f3cce751218c450e5f,603028.SH,赛福天,2024-06-15,3,0.46865013241767883,0,5406,7.9939215e-05
6168beb621f4198b676ea70b,603029.SH,天鹅股份,2024-06-15,4,0.9025750756263733,0,5406,0.00014319533
7dfd8ef0098cd1bbf57e933d,603033.SH,三维股份,2024-06-15,4,1.0083744525909424,0,5406,0.0001478302
78049dd7ed612466e9853fd8,603036.SH,如通股份,2024-06-15,4,0.8341735601425171,0,5406,0.0001026347
638df7a4708e31b583a8b479,603043.SH,广州酒家,2024-07-01,6,3.086798667907715,0,5406,0.00023334319
e9148ff790c3853618d43375,603066.SH,音飞储存,2024-06-15,10,2.055112838745117,0,5406,0.0001905124
18d658687b5139983b69e138,603258.SH,电魂网络,2024-06-15,5,1.626014232635498,0,5406,0.00014559121
7d36148ba793d273595df13d,603299.SH,苏盐井神,2024-06-15,11,2.7623989582061768,0,5406,0.00021293761
5f9567044b3a8162a8b778d9,603311.SH,金海高科,2024-06-15,2,0.2371543049812317,0,5406,5.8526475e-05
31f4419ee7cec4b0499cb60d,603313.SH,梦百合,2024-06-15,7,2.290870428085327,0,5406,0.00023569782
2b33bb9b1d4fbc8845420eb6,603319.SH,美湖股份,2024-06-15,0,0.0,48,1,2.7262813e-05
46441880e1c6c45495f7d454,603444.SH,吉比特,2024-04-05,6,3.491320848464966,0,5406,0.00024282059
e6019a9cb9cb23d8aa067fe8,603568.SH,伟明环保,2024-06-30,10,3.9569990634918213,0,5406,0.0002698442
3e3f35373e5cd0c7b2f82b14,603602.SH,纵横通信,2024-06-15,8,3.3112316131591797,0,5406,0.00025115753
745313876c124cb266036dbf,603639.SH,海利尔,2024-06-15,12,3.6552159786224365,0,5406,0.00024026024
439e9cdcfe82af9a0561e797,603658.SH,安图生物,2024-06-15,4,0.939669132232666,0,5406,9.7572425e-05
a010afbe47e4dc46914f645d,603678.SH,火炬电子,2024-06-15,8,3.5530214309692383,0,5406,0.0002516767
bf429f6994edca25de05d8d9,603819.SH,神力股份,2024-06-30,7,2.830911874771118,0,5406,0.00024956968
244a27a74afda6b6a74113b5,603822.SH,ST嘉澳,2024-06-15,7,1.1632490158081055,0,5406,0.00012034281
ab74f049fd2582df63404f48,603838.SH,*ST四通,2024-04-05,2,0.8309487700462341,0,5406,0.00013206407
c5e4a729ae0753782429ecef,603859.SH,能科科技,2024-06-15,8,1.2753945589065552,0,5406,0.00015936514
b251d9dcb106d3b6f54e2c5e,603869.SH,ST智知,2024-06-15,4,1.1710397005081177,0,5406,0.00020317975
a35f0d21eb2785e692ce762e,603878.SH,武进不锈,2024-06-15,9,2.5632545948028564,0,5406,0.00021188786
a00e1d1c690d14524616e37b,603987.SH,康德莱,2024-06-15,11,2.044846773147583,0,5406,0.00020905172
033bfd4b3960eb9cd6672893,002736.SZ,国信证券,2024-06-15,8,3.1837806701660156,0,5406,0.00022724287
0c3037f904d296b55f7907dc,002765.SZ,蓝黛科技,2024-06-30,6,2.092054843902588,0,5406,0.0001886975
5c215a8774d09f4a1bdae00b,002785.SZ,万里石,2024-06-15,0,0.0,49,1,2.7262813e-05
19f4bd79484797effadb7003,002810.SZ,山东赫达,2024-06-30,4,0.9357601404190063,0,5406,0.000113394206
b76000afe5692552a8fbd5ec,002816.SZ,*ST和科,2024-06-30,10,1.9771474599838257,0,5406,0.00016507502
2790447ec390b723ec6c5233,002835.SZ,同为股份,2024-06-15,7,2.051436185836792,0,5406,0.00019158177
7d580025d25335f23a690240,300426.SZ,华智数媒,2024-06-15,4,0.6000000238418579,21,24,0.00010769678
d4cf02538031744a2744ed8a,300427.SZ,红相股份,2024-06-15,9,2.897003650665283,0,5406,0.00024720762
02548769b5f6a19ba8ac8395,300428.SZ,立中集团,2024-06-15,9,3.5494706630706787,0,5406,0.0003054707
62633f0b7fc96f0c1f19e3a0,300434.SZ,金石亚药,2024-06-15,8,1.5609562397003174,0,5406,0.00015588402
5809158c7de8618d2e8c593f,300439.SZ,美康生物,2024-06-15,6,1.2892533540725708,0,5406,0.00013163695
e457b2700d16745eecdd924d,300446.SZ,航天智造,2024-06-15,2,0.2170768529176712,0,5406,5.6133562e-05
5315867c74c9a2f4489bd778,300450.SZ,先导智能,2024-06-15,16,3.700127601623535,0,5406,0.00029758102
374cbf074def75d26a5f3bcb,300457.SZ,赢合科技,2024-06-15,7,2.19870662689209,0,5406,0.00019721531
6f3e08dc42485830c5de2f0b,300459.SZ,汤姆猫,2024-06-15,9,2.1649229526519775,0,5406,0.00017063238
98a4dfc8157af2787dea3743,300482.SZ,万孚生物,2024-06-15,10,3.172471761703491,0,5406,0.00024027817
d5a0c110994735a3aee7cd95,300487.SZ,蓝晓科技,2024-06-15,4,0.6047141551971436,0,5406,0.00010055374
46637d5938f8e36892e41810,300488.SZ,恒锋工具,2024-06-15,8,2.3968610763549805,0,5406,0.00019661638
f33e4529d72334d5a307afb0,300493.SZ,润欣科技,2024-06-15,5,1.4556907415390015,0,5406,0.00021689043
225959ad4a6f620c4abfb3c6,300502.SZ,新易盛,2024-06-15,7,2.4801249504089355,0,5406,0.00018084228
09de74da32243f117bf5d50a,300531.SZ,优博讯,2024-06-15,5,0.989105224609375,0,5406,0.00013317457
d91a33ff78efffcb9b78179a,300539.SZ,横河精密,2024-06-15,4,1.1261941194534302,0,5406,0.0001384265
5f453b87ef8c3e00c55c04ae,300548.SZ,长川科技,2024-06-15,11,4.108177185058594,0,5406,0.00029955487
9228a92227ef1e3696f1937a,300560.SZ,中富通,2024-06-15,7,2.456247091293335,0,5406,0.00019997278
fa8598ee63a075256ed2fa02,300561.SZ,*ST汇科,2024-06-30,5,0.9745041728019714,0,5406,0.000120279845
117fc81e96c31eff351e37a2,300564.SZ,筑博设计,2024-06-15,11,3.2861342430114746,0,5406,0.00026812757
1969d7fca3af3e0c74c837b0,300570.SZ,太辰光,2024-06-15,4,1.4450814723968506,0,5406,0.00012353077
2c301c5a417e15b671603690,300573.SZ,兴齐眼药,2024-06-15,2,0.7356941103935242,0,5406,0.00012531488
289a1db3170bf87ce1604eee,300665.SZ,飞鹿股份,2024-06-15,8,1.5502090454101562,0,5406,0.0001877117
b08d84a2da0e31a7882bff2f,600977.SH,中国电影,2024-06-15,3,0.8331413865089417,0,5406,9.211001e-05
48ed86b825f8514d7bcbf8f2,601878.SH,浙商证券,2024-06-30,4,2.8185462951660156,0,5406,0.00020473344
8eb96f0bb4d5fb4511e9fb1f,603016.SH,新宏泰,2024-06-15,2,0.3201868534088135,0,5406,5.4635406e-05
dd202c755268c8acb5ce7325,603019.SH,中科曙光,2024-06-15,7,2.137603282928467,0,5406,0.00020105732
dcddb35caa51e82d4da014c7,603067.SH,振华股份,2024-04-05,6,0.7703176736831665,0,5406,0.00010158488
8830041735e0f308d0983e86,603223.SH,恒通股份,2024-06-15,3,1.818320393562317,0,5406,0.00018749446
9ce3cb0d82a0c11eaabd0161,603300.SH,海南华铁,2024-06-15,8,1.581573486328125,0,5406,0.00018750518
aaed1b2ab914e8de4d19d722,603345.SH,安井食品,2024-04-05,9,3.364436149597168,0,5406,0.00026469215
4f11f78a781e21f615c6a0b2,603398.SH,*ST沐邦,2024-06-30,6,1.9076800346374512,0,5406,0.00016888838
704e227e28607d36e5a99733,603519.SH,立霸股份,2024-06-30,2,0.30832046270370483,0,5406,5.4725548e-05
a81c2dd8e0b16f27c7d709ca,603598.SH,引力传媒,2024-06-15,11,3.786890983581543,0,5406,0.00026932106
fbf62bb2badada23a2b63d57,603601.SH,再升科技,2024-06-30,11,1.7740535736083984,0,5406,0.00023919433
26430ed1ab848338b89fe3be,603628.SH,清源股份,2024-06-15,2,0.32478076219558716,0,5406,6.173213e-05
733ac85e8753ec23bc8c5bd6,603682.SH,锦和商管,2024-06-15,10,3.390976667404175,0,5406,0.00027921508
9f7c69838a62bd366cbb9248,603689.SH,皖天然气,2024-06-15,14,4.170868396759033,0,5406,0.0003025361
f132cc6d6dd34b7762db2510,603737.SH,三棵树,2024-06-15,5,1.6000382900238037,0,5406,0.00017107523
f51515279b0fc23966239960,603778.SH,国晟科技,2024-06-15,5,0.9824443459510803,0,5406,0.00012281215
6336ba4b474013d4fc4fee17,603808.SH,歌力思,2024-06-15,11,3.6061594486236572,0,5406,0.0002568402
3ead776b1564f69698ce51fe,603858.SH,步长制药,2024-06-15,9,2.6918158531188965,0,5406,0.00025077292
497a0a4055a8fc9dbd0dfb94,603886.SH,元祖股份,2024-04-05,8,3.248566150665283,0,5406,0.00024055329
c76071baf36c94a48c93856a,603968.SH,醋化股份,2024-06-15,10,3.0999956130981445,0,5406,0.00026672974
97e5541fbe546af39d85d829,002807.SZ,江阴银行,2024-06-30,8,2.6413376331329346,0,5406,0.00017512988
7d7295c167bee6af13da2a35,002824.SZ,和胜股份,2024-06-15,9,2.1586248874664307,0,5406,0.00018171544
d843f44cac7bd768147e1110,002836.SZ,新宏泽,2024-06-15,5,2.684711456298828,0,5406,0.00020832257
2a4f0ca64e37a0875685ad43,002839.SZ,张家港行,2024-06-30,11,3.2263829708099365,0,5406,0.00020036356
31f4cb6c9b528b331c673ba3,002842.SZ,翔鹭钨业,2024-06-15,5,2.08748722076416,0,5406,0.00023192201
ab9b15638f5fdb5f247c27d6,002865.SZ,钧达股份,2024-06-30,9,3.896392583847046,0,5406,0.000286222
dec8856bba375427754a8bbe,300394.SZ,天孚通信,2024-06-15,9,2.3512351512908936,0,5406,0.00019405886
abe22c14122ec3819863e643,300408.SZ,三环集团,2024-06-15,8,2.4328763484954834,0,5406,0.00018972084
d9c36ca37521790692752f31,300413.SZ,芒果超媒,2024-06-30,7,1.6162266731262207,0,5406,0.00013522155
c143cd7935e036fc90a62560,300451.SZ,创业慧康,2024-06-15,8,3.4262301921844482,0,5406,0.00024288187
4c6a6f6963cb5e7b234da340,300458.SZ,全志科技,2024-06-15,8,4.136747360229492,0,5406,0.00029421333
2d0fbe8d557b5d2cd138fe63,300481.SZ,濮阳惠成,2024-06-15,4,0.5924457311630249,0,5406,8.7256514e-05
bffaafd38a753e82f627ddf4,300515.SZ,三德科技,2024-06-15,3,0.3514273464679718,0,5406,6.7176625e-05
c983669c085d7078280f5cc5,300538.SZ,同益股份,2024-06-15,3,0.8813360333442688,0,5406,9.0513415e-05
3b44fed787c8d1cedd5cae9e,300540.SZ,蜀道装备,2024-06-15,6,2.177211284637451,0,5406,0.00023658459
a7197b485e52a5e80ffa257b,300541.SZ,先进数通,2024-06-15,11,3.8511548042297363,0,5406,0.0002767939
ad826766d8f98bdc4986358f,300550.SZ,和仁科技,2024-06-15,7,2.8078436851501465,0,5406,0.00020355158
f47b55480749ea5218b2f1b6,300551.SZ,古鳌科技,2024-06-15,4,2.1640026569366455,0,5406,0.00021241291
6fc75e5fc6d0ec3112dc3500,300553.SZ,集智股份,2024-06-15,4,0.7230072021484375,0,5406,9.0816924e-05
fa0132d08f350489410842d1,300556.SZ,丝路视觉,2024-06-15,4,1.2596499919891357,0,5406,0.0001472174
d9b3dfe3ad764baeaee763a9,300558.SZ,贝达药业,2024-06-15,6,1.6009780168533325,0,5406,0.00018257937
c748ee2c39d9f4fce2f6ab47,300569.SZ,天能重工,2024-06-15,4,2.0298871994018555,0,5406,0.00019139487
08b809f5c53dc8179fc35325,300631.SZ,久吾高科,2024-06-15,8,2.233572244644165,0,5406,0.00027048567
72123f453cdf320c629aa74e,300847.SZ,中船汉光,2024-06-15,1,0.256740927696228,34,2,0.00018175205
fdb34ae9f79567214ce85996,300938.SZ,信测标准,2024-06-15,10,2.1651933193206787,0,5406,0.00021161744
e43c459e793ffc2b450aaafc,600908.SH,无锡银行,2024-06-30,12,3.6138916015625,0,5406,0.00021361337
403ccb81788c30da11d64a2d,600919.SH,江苏银行,2024-03-15,5,2.2123665809631348,0,5406,0.00014935131
4e0fbdaa8e6ef1bd26cd8162,600926.SH,杭州银行,2024-04-05,10,3.5336437225341797,0,5406,0.00020874881
933436e2302b0e5fe4f0c0d3,601128.SH,常熟银行,2024-06-30,7,2.0660054683685303,0,5406,0.0001467441
a05fe43c4334fae188bf26f6,601163.SH,三角轮胎,2024-06-30,8,3.8325841426849365,0,5406,0.00029769997
8147088ef31d5c5f24efbc21,601229.SH,上海银行,2024-04-05,9,3.3122687339782715,0,5406,0.00019870729
f5b421da3193a06514d91dc3,601858.SH,中国科传,2024-06-15,1,0.14534853398799896,0,5406,4.3857355e-05
650946b69578d3093e59d650,601997.SH,贵阳银行,2024-06-30,8,2.486510992050171,0,5406,0.0001582064
3c6310e1de3933a5908ca62d,603035.SH,常熟汽饰,2024-06-15,6,1.6614117622375488,0,5406,0.00014359063
9bce90e277a2d405774b6757,603098.SH,森特股份,2024-06-30,6,1.7251754999160767,0,5406,0.00017317328
4b7fae4c93de86ff7b36e55e,603186.SH,华正新材,2024-06-30,10,2.3889172077178955,0,5406,0.00019939223
62c663a7881691e4b5532d5f,603203.SH,快克智能,2024-06-15,9,2.3262064456939697,0,5406,0.00019569597
300fb46e40dd317a10830f36,603239.SH,浙江仙通,2024-06-15,7,1.1014773845672607,0,5406,0.0001228768
cc9ddda5956409742ab84179,603322.SH,超讯通信,2024-06-15,3,0.6024023294448853,0,5406,8.377027e-05
88a6ef7a2c4d10fb1dc6d10c,603323.SH,苏农银行,2024-06-30,6,2.483793020248413,0,5406,0.00017178216
612b2b95e21766536455fb3b,603416.SH,信捷电气,2024-06-15,7,1.4043493270874023,0,5406,0.00012053799
f3c6fcf4b7b5e740123b7839,603505.SH,金石资源,2024-06-30,4,0.9314072132110596,0,5406,0.00010692847
3de548b1ad8d366cb591b572,603559.SH,ST通脉,2024-06-15,9,1.659498691558838,0,5406,0.00015377993
e8221d0ce32dd6f462426639,603633.SH,徕木股份,2024-06-15,9,2.134779453277588,0,5406,0.00019404736
2df1fea26b05a35449438b94,603669.SH,灵康药业,2024-06-15,9,1.31924307346344,0,5406,0.00015034941
f1b1c6d85e10db8bb609bef3,603708.SH,家家悦,2024-04-05,8,3.863762140274048,0,5406,0.0002545753
9ebf001c57f4bf456a6c7764,603716.SH,塞力医疗,2024-06-30,5,2.749556064605713,0,5406,0.00020986849
5cb36ae04ec53e67f618dc39,603727.SH,博迈科,2024-06-15,4,0.8186504244804382,0,5406,0.0001146553
a278dec01e4bb53ad6d9021d,603888.SH,新华网,2024-06-15,7,2.7403457164764404,0,5406,0.00023724083
243ad5be0304acefe140443c,603983.SH,丸美生物,2024-07-01,6,1.89528489112854,0,5406,0.00017177915
c4526b6bdb528f63f173bf84,002831.SZ,裕同科技,2024-06-30,8,1.7517883777618408,0,5406,0.00016943112
6c32e20bbd59b654c58e2e90,002833.SZ,弘亚数控,2024-06-15,2,0.8928064107894897,0,5406,0.00017135126
9ad2f0895f81adf9a0bb3ca3,002837.SZ,英维克,2024-06-15,7,3.04119610786438,0,5406,0.0002743393
8ab39c88a46e600c424994e1,002840.SZ,华统股份,2024-06-15,10,3.465473175048828,0,5406,0.00022540068
ee1d39425403b0e9b10431af,002841.SZ,视源股份,2024-06-30,5,1.4104994535446167,0,5406,0.00023638505
038406abae313411442eec4e,002845.SZ,同兴达,2024-06-15,9,2.4318008422851562,0,5406,0.00019218143
7ec344d9071d0a973a2211c0,002848.SZ,*ST高斯,2024-06-30,7,1.5233840942382812,0,5406,0.00017848928
e33516b3fb86ebb623afe7d7,002857.SZ,三晖电气,2024-06-15,5,1.0968729257583618,0,5406,0.00011613785
f2f389f7667b012c4baf9b47,002858.SZ,力盛体育,2024-06-15,1,0.16442370414733887,16,2,0.0001817521
f749006a0b8748b1758c0b23,002960.SZ,青鸟消防,2024-06-15,4,0.47164681553840637,0,5406,7.401206e-05
63164953d9fcb60633b5d502,300504.SZ,天邑股份,2024-06-15,8,1.8372958898544312,0,5406,0.00018581886
a3aefebb2344f85b6a3d536b,300557.SZ,理工光科,2024-06-15,5,1.5581272840499878,0,5406,0.00016548281
c7d9b506fdd8c30006020b44,300562.SZ,乐心医疗,2024-06-15,8,2.925001859664917,0,5406,0.00025541324
09e14d26f794b062f0f49d87,300563.SZ,神宇股份,2024-06-15,7,2.5652379989624023,0,5406,0.00023876679
8e8f4618a43a3b5470462fbc,300565.SZ,科信技术,2024-06-15,6,0.8541852831840515,0,5406,0.00010799258
86254ebc3968d60195a70c8d,300566.SZ,激智科技,2024-06-15,12,3.801051616668701,0,5406,0.00026971023
f16255669fb443f7b2287015,300567.SZ,精测电子,2024-06-15,10,2.8854787349700928,0,5406,0.00020949678
1b1dc277a73e196b5d1d32bb,300575.SZ,中旗股份,2024-06-15,8,2.1103525161743164,0,5406,0.00016515102
74de036774852158b922cde9,300582.SZ,英飞特,2024-06-15,9,2.377591133117676,0,5406,0.0002616856
c60b3d46d03a471dfdbc581a,300587.SZ,天铁科技,2024-06-15,7,1.7019636631011963,0,5406,0.00021975789
7073eee38466eceb5985649b,300615.SZ,欣天科技,2024-06-15,3,1.0403900146484375,0,5406,0.00015132452
45987bb07c21cb9aa1a8f781,300623.SZ,捷捷微电,2024-06-30,11,3.2868332862854004,0,5406,0.0002264618
67f39f08dd3c792cc881a6f4,300624.SZ,万兴科技,2024-06-15,2,0.2979643940925598,0,5406,6.1302235e-05
3ecb77a0cb9edd310157e1eb,300657.SZ,弘信电子,2024-06-15,7,2.4292590618133545,0,5406,0.000243655
4942625091ea0f0c9263e0df,300686.SZ,智动力,2024-06-15,9,2.623852491378784,0,5406,0.00021966684
b3b71de8d2900fc5c13ab40b,601020.SH,华钰矿业,2024-06-30,11,3.317455768585205,0,5406,0.00022150323
adf46a6bd202bbffd4d93a26,601838.SH,成都银行,2024-06-30,11,3.9716930389404297,0,5406,0.0002376124
9a7154fda4da5007f6d850e8,601881.SH,中国银河,2024-06-30,4,0.6677852869033813,0,5406,7.20222e-05
6ffe78c1839a19af8e6b37b9,603086.SH,先达股份,2024-06-15,3,0.942217230796814,0,5406,8.453511e-05
2c570dfd092cd09475bc38cc,603177.SH,德创环保,2024-06-30,7,2.6732077598571777,0,5406,0.00024398252
d4159556b7a86f0f30760c33,603218.SH,日月股份,2024-06-30,10,3.059889554977417,0,5406,0.00027819176
e4c951da7101180c22b110c5,603228.SH,景旺电子,2024-06-15,5,1.1011630296707153,0,5406,0.00011935675
f72b908d750213c2902d6eb8,603298.SH,杭叉集团,2024-06-30,5,1.799869418144226,0,5406,0.00020322541
f7dc4f5e298debdd5137a8d6,603336.SH,宏辉果蔬,2024-06-15,5,1.441011905670166,0,5406,0.00015034282
5cee78942fdfa59f032b169c,603517.SH,ST绝味,2024-04-05,11,2.1463396549224854,0,5406,0.00016778657
993b6b19e36c80cf651e2f8b,603538.SH,美诺华,2024-07-01,12,3.323995590209961,0,5406,0.00028514385
fc718dbb4682c4fbce0bb08a,603577.SH,汇金通,2024-06-15,6,2.1571996212005615,0,5406,0.00019900952
9b162ba66727d11a670e4bae,603579.SH,荣泰健康,2024-06-15,6,1.5996822118759155,0,5406,0.00017400706
2ca45c740296a7ad48f400e3,603585.SH,苏利股份,2024-06-15,6,1.2721666097640991,0,5406,0.00013149492
38785199d72859a311e9008e,603637.SH,镇海股份,2024-06-15,7,1.7074365615844727,0,5406,0.00016571007
4a4303efa862cb896f1e0740,603638.SH,艾迪精密,2024-06-15,3,1.0111308097839355,0,5406,0.00011083768
b3be4136436ee0ae2d4497e6,603668.SH,天马科技,2024-06-30,3,1.6671793460845947,0,5406,0.00015433774
7a06844bfde09756cb698717,603677.SH,奇精机械,2024-06-15,7,1.5957398414611816,0,5406,0.0001523797
2916a87d736dc5c123bc32b5,603797.SH,联泰环保,2024-06-15,8,2.151010274887085,0,5406,0.00016867938
82b5063f688f64daa3735495,603823.SH,百合花,2024-06-15,9,2.746929168701172,0,5406,0.0002326054
5768eae2a709983280f231db,603833.SH,欧派家居,2024-06-15,8,2.621774196624756,0,5406,0.00018632704
3efd02b0e7fa2cab92054a61,603877.SH,太平鸟,2024-06-15,9,2.1969969272613525,0,5406,0.00016916687
e3e84e70ae50e725308ceaa2,603928.SH,兴业股份,2024-06-15,6,0.7990532517433167,0,5406,0.00012520068
835ed71b2536f8660fb19afb,603966.SH,法兰泰克,2024-04-05,6,0.929460346698761,0,5406,0.00013130158
053e9383f9a6cba28db6ddb5,603990.SH,麦迪科技,2024-07-01,6,2.738809585571289,0,5406,0.00020920738
5cdb874497fa91c9ca579c93,000166.SZ,申万宏源,2024-03-15,9,3.0019466876983643,0,5406,0.00020936257
3c306a2b905f2d8e719304c7,002846.SZ,英联股份,2024-06-30,8,2.3764894008636475,0,5406,0.00020945408
564f05aa8d4d0b6648a509ab,002847.SZ,盐津铺子,2024-03-15,8,2.9991769790649414,0,5406,0.0002158946
ab0c05203a87b9a2558c3891,002850.SZ,科达利,2024-06-15,4,1.1948732137680054,0,5406,0.00013078233
4e3a57cef0d891b4e3327759,002853.SZ,皮阿诺,2024-06-15,9,2.616194248199463,0,5406,0.00018894713
9f983149888103d9f08c375e,002855.SZ,捷荣技术,2024-06-15,8,1.8353172540664673,0,5406,0.00017983522
2f31c0d245c69365c9599b5c,002861.SZ,瀛通通讯,2024-06-30,9,2.5327773094177246,0,5406,0.0002323632
05ead034999282ccb385137c,002867.SZ,周大生,2024-06-15,8,3.4133963584899902,0,5406,0.0002197535
88814a1a9bf4ae48f84f1c8a,002953.SZ,日丰股份,2024-06-15,9,2.317357301712036,0,5406,0.00022120298
4f1bd270840471682e035f71,300568.SZ,星源材质,2024-06-15,6,1.9746254682540894,0,5406,0.0001747147
b945e95762a67340ab0fdb36,300571.SZ,平治信息,2024-06-30,14,3.5102691650390625,0,5406,0.0002779772
162ebbd6fe34115d9fb266f9,300576.SZ,容大感光,2024-06-15,7,2.4300355911254883,0,5406,0.00019679675
945dbb04d75d08fa6900b281,300578.SZ,会畅科技,2024-06-15,6,1.6113150119781494,0,5406,0.00015861704
fb5698751e42322a430a471b,300580.SZ,贝斯特,2024-06-15,12,2.5269861221313477,0,5406,0.00021659928
0e78dcf51f76f301e1d9f5af,300581.SZ,晨曦航空,2024-06-15,8,2.5215721130371094,0,5406,0.0002169301
f37945eeb9a81c8a7c71651b,300592.SZ,华凯易佰,2024-06-30,3,1.0700960159301758,0,5406,0.00013907377
c838035bc332ed9d409e2e41,300597.SZ,吉大通信,2024-06-15,10,3.2707417011260986,0,5406,0.0002488923
3d7665b04d6cd160e944342f,300598.SZ,诚迈科技,2024-06-15,4,1.4954888820648193,0,5406,0.00017434284
8a31e0aa3f84101aab1582b5,300606.SZ,金太阳,2024-06-15,7,1.8773289918899536,0,5406,0.0001597493
bb933f65af04d48e10335324,300619.SZ,金银河,2024-06-15,6,1.3000037670135498,0,5406,0.0001278369
19ac2ab19db8e259db3d019b,300678.SZ,中科信息,2024-06-15,5,1.225781798362732,0,5406,0.00013913885
fb001c179c05b3c0c49ea15b,300682.SZ,朗新科技,2024-06-15,6,1.372938871383667,0,5406,0.00014900415
f8f9fbb752a65f4be4c002b1,300684.SZ,中石科技,2024-06-15,11,3.7158093452453613,0,5406,0.00029256204
5ff1e4f48c53e5b368e43b3f,300987.SZ,川网传媒,2024-06-15,4,2.2465391159057617,0,5406,0.00018718623
dc098f4bdd300ce438ffcb0f,601228.SH,广州港,2024-04-05,11,3.526648998260498,0,5406,0.00021387944
70cafcf429f3ee09cf5da3dd,601375.SH,中原证券,2024-06-15,12,3.6652138233184814,0,5406,0.0002450661
60f565e1076257eff711f69e,603032.SH,德新科技,2024-06-15,7,1.2909972667694092,0,5406,0.00012374492
70c06facb15d63561e9d1a00,603037.SH,凯众股份,2024-06-15,4,0.8445079326629639,0,5406,9.849365e-05
f683678acce1d1b571746ad2,603038.SH,华立股份,2024-06-15,8,1.5982956886291504,0,5406,0.00015784164
a06ba486707e5540fd80b5ea,603039.SH,泛微网络,2024-06-15,7,1.9588645696640015,0,5406,0.00019470604
86413f99eee705bb522f23d5,603040.SH,新坐标,2024-06-15,11,2.337109088897705,0,5406,0.00021616237
d0bbc3840f0c01332e93a594,603089.SH,正裕工业,2024-06-15,10,2.3451173305511475,0,5406,0.00021525515
8f099e265f4e2c1e5f74accd,603165.SH,荣晟环保,2024-06-30,8,2.747603178024292,0,5406,0.00019462309
eafd8502ddac47663747e261,603208.SH,江山欧派,2024-06-30,5,0.8884580135345459,0,5406,0.00012781136
5d4342e2fd09582719a8d7dd,603217.SH,元利科技,2024-06-30,13,3.2838573455810547,0,5406,0.0002872026
c05a454a7560dc66c0a47499,603238.SH,诺邦股份,2024-06-15,10,2.8203349113464355,0,5406,0.00027585277
0e6d35cdc6b4c956bc8c93ab,603303.SH,得邦照明,2024-06-15,11,3.3611836433410645,0,5406,0.00032191412
3515d75e4b59d869370aca69,603330.SH,天洋新材,2024-06-15,6,1.2789487838745117,0,5406,0.000117082156
ca43814043ad8435b67d1612,603337.SH,杰克科技,2024-06-15,5,1.3095471858978271,0,5406,0.00019636747
ee77fb343597d279a29a830f,603358.SH,华达科技,2024-06-15,7,1.2909995317459106,0,5406,0.00012215837
4bdd72f40168f4df81897d36,603360.SH,百傲化学,2024-06-15,8,1.995007872581482,0,5406,0.00021497201
b9e2f5d044876aab9e4aead3,603378.SH,亚士创能,2024-06-30,10,2.9726510047912598,0,5406,0.0003098186
3974caf2e67ad629f59feaf4,603615.SH,茶花股份,2024-06-15,10,2.518789768218994,0,5406,0.00022776649
094f4daaac0a1f8db3801461,603626.SH,科森科技,2024-06-15,5,0.763404369354248,0,5406,9.3986804e-05
d2f120e19930cc0d2c6cbe28,603665.SH,康隆达,2024-06-15,2,0.5755440592765808,0,5406,0.0001555842
eb80873dbebb7cd2984c9a29,603811.SH,诚意药业,2024-06-30,8,2.539215564727783,0,5406,0.00024541435
0b0cfb42d9ea306f85ddc5eb,603817.SH,海峡环保,2024-06-15,5,1.2484662532806396,0,5406,0.00011198059
66749bb90e7928ecf78bc847,603839.SH,安正时尚,2024-06-15,6,1.3217285871505737,0,5406,0.00011350748
1ac4cb50134e473a577cd360,603881.SH,数据港,2024-06-15,7,3.651724338531494,0,5406,0.00025367478
b552b3b1d2d0e6482dfcedc1,603908.SH,牧高笛,2024-06-15,2,1.0116994380950928,0,5406,0.00015589915
04b4681af35b1c8cd182880c,002774.SZ,快意电梯,2024-06-15,5,3.2906649112701416,0,5406,0.00025144801
fe297e7d7fda323cc2f05ad6,002849.SZ,威星智能,2024-06-15,7,2.91241455078125,0,5406,0.00021562561
693e2bd2529ff3b2857630ef,002852.SZ,道道全,2024-06-30,4,1.429098129272461,0,5406,0.00014190342
39baf62ae58f78e4a2b3d3fa,002862.SZ,实丰文化,2024-06-15,4,0.6218602061271667,0,5406,0.00010183823
d70bd6b8569701ba7dc451dc,002875.SZ,安奈儿,2024-06-30,5,1.9354647397994995,0,5406,0.00017538978
bd2355b5684d7cd4f2d7c350,002878.SZ,元隆雅图,2024-06-30,3,0.4453273415565491,0,5406,8.8374385e-05
0da91bcea2bc4339877d7e24,002906.SZ,华阳集团,2024-06-30,12,2.6884994506835938,0,5406,0.00022771297
1cd7b2e22c78b890d5c9901a,002961.SZ,瑞达期货,2024-06-30,3,1.7229509353637695,0,5406,0.00015876614
d19e06005679470f82f526e8,003002.SZ,壶化股份,2024-06-15,7,3.851475954055786,0,5406,0.00024160268
f6da53312887c59746a78d87,300577.SZ,开润股份,2024-06-30,6,0.8278630971908569,0,5406,0.0001196898
d3993c5cfa3c622612e05481,300583.SZ,赛托生物,2024-06-15,6,1.86237370967865,0,5406,0.00017844069
2b6309f6ccbf00202673fa65,300593.SZ,新雷能,2024-06-15,4,0.7342411875724792,0,5406,8.271443e-05
aa8fd9c356188ed3590af1f4,300617.SZ,安靠智电,2024-06-30,8,1.3293384313583374,0,5406,0.00013065936
7a50645d974e1e7543803e20,300629.SZ,新劲刚,2024-06-15,11,2.547400951385498,0,5406,0.00022952537
bd25030fe1b01a63ad7803f0,300647.SZ,超频三,2024-06-15,0,0.0,50,1,2.7262813e-05
47e7e1d69905fad681380642,300659.SZ,中孚信息,2024-06-15,9,3.1153178215026855,0,5406,0.000237366
52ac146e3c71483fa7e96f2a,300756.SZ,金马游乐,2024-06-15,3,0.3302900195121765,0,5406,7.4722004e-05
15a29f8a3d598d4cdf78c1e4,300787.SZ,海能实业,2024-06-15,7,1.05193293094635,0,5406,0.00013132903
2827a1db29ea67b178f4066d,300800.SZ,力合科技,2024-06-15,7,3.1370391845703125,0,5406,0.0002785134
e17188eab4f2f8f70d3e5c54,300865.SZ,大宏立,2024-06-15,5,1.091361403465271,0,5406,0.00014398269
e4ed5222d9959a5b45b18339,300867.SZ,圣元环保,2024-06-15,9,2.521937847137451,0,5406,0.00018181281
c4c83d4a4306a1cb0e1e9453,300958.SZ,建工修复,2024-06-15,5,0.9107846021652222,0,5406,0.00013751617
e9f35ec35e75c9f3db902117,600996.SH,贵广网络,2024-06-30,6,4.509573459625244,0,5406,0.00023199487
f9b79e0d4c99c0aee528d3a1,601952.SH,苏垦农发,2024-06-30,6,2.000218391418457,0,5406,0.00016355247
ef86bad2b1a08824e3161e69,603041.SH,美思德,2024-06-30,13,2.850266695022583,0,5406,0.00023850528
c68a31eaac8254345eee687b,603050.SH,科林电气,2024-06-15,10,3.199306011199951,0,5406,0.00023034232
45445f4a8f48417027ea4d82,603078.SH,江化微,2024-06-15,9,2.1833488941192627,0,5406,0.00019605616
8204599932e33eab031ec7ad,603096.SH,新经典,2024-06-15,4,1.7584279775619507,0,5406,0.00015014126
cb4e341442eabcbfdae16700,603113.SH,金能科技,2024-06-15,9,1.5904070138931274,0,5406,0.0001513141
93d2b895c767fed63ba492f3,603138.SH,海量数据,2024-06-15,3,0.8717641830444336,0,5406,9.352544e-05
05c64eeb11704735edc122e9,603178.SH,圣龙股份,2024-04-05,4,0.5996730923652649,0,5406,8.688259e-05
c4b9c3e61f90ebbee00c3238,603179.SH,新泉股份,2024-06-15,11,3.070878028869629,0,5406,0.00023052609
987aba1dc6006bd852f43076,603180.SH,金牌家居,2024-06-15,8,3.441866397857666,0,5406,0.0002312522
ae26dfd2d5a14423e593010a,603385.SH,惠达卫浴,2024-06-15,8,1.2766995429992676,0,5406,0.00015723887
6abdf188a52bde077354f86c,603393.SH,新天然气,2024-06-15,8,1.4512118101119995,0,5406,0.00014721279
7109a3fb04262ea15ea5f60c,603396.SH,金辰股份,2024-06-15,10,3.0411834716796875,0,5406,0.00021969496
474f6f32e1e5940e0e6f8840,603536.SH,惠发食品,2024-06-30,8,2.5290844440460205,0,5406,0.00020177859
a625cf3742e744aa507bf8b0,603630.SH,拉芳家化,2024-06-15,10,2.857957601547241,0,5406,0.00025182503
2836c9917a807882bc8cca26,603656.SH,泰禾智能,2024-06-15,2,0.19230428338050842,0,5406,4.7208057e-05
fb7a2f1815a210e79051febd,603758.SH,秦安股份,2024-06-15,5,0.9972530603408813,0,5406,0.00010327074
3ef9026a59a53d2205bdceab,603768.SH,常青股份,2024-06-30,8,2.045520544052124,0,5406,0.0001676628
1451c92a99c34d033e2fefb1,603787.SH,新日股份,2024-06-15,4,2.000434398651123,0,5406,0.00021220594
2575d5c1d755257e39f3bc37,603803.SH,瑞斯康达,2024-06-30,12,2.642086982727051,0,5406,0.0002532277
154dfdb1741402c2a693e87a,603896.SH,寿仙谷,2024-06-30,3,0.6521651744842529,0,5406,0.00012326216
0df7297240f14ca5893d9cd5,603903.SH,中持股份,2024-06-15,11,3.032525062561035,0,5406,0.00029711562
73befab5b7e3aae33641bf26,603906.SH,龙蟠科技,2024-06-30,7,1.0750542879104614,0,5406,0.00011267106
cd38ba31b27c54c475a8255d,603920.SH,世运电路,2024-06-15,7,2.292706251144409,0,5406,0.00018781598
440b4b9196ba83553cee4e2b,603955.SH,大千生态,2024-06-15,8,3.937304973602295,0,5406,0.00027001905
d3067d72215615c0f04a9e31,603960.SH,克来机电,2024-06-15,11,2.894644021987915,0,5406,0.00024649702
ef59f3a062d9098555461397,603991.SH,至正股份,2024-06-15,6,1.8047595024108887,0,5406,0.00017619146
a95cbd9f6fb96c37a025e469,002859.SZ,洁美科技,2024-06-30,7,1.914273738861084,0,5406,0.00015447188
b84ade96b6d7c5d962858dab,002860.SZ,星帅尔,2024-06-30,9,2.499321937561035,0,5406,0.00021437569
d214b6a9d10fd0758c8df95e,002863.SZ,今飞凯达,2024-06-15,4,1.2453103065490723,0,5406,0.00014208286
c52ec19b983d74182791446b,002868.SZ,*ST绿康,2024-06-30,10,3.4494495391845703,0,5406,0.00027245784
7b0ed47ee2e1baa31d8f47c9,002869.SZ,金溢科技,2024-06-15,7,1.4008457660675049,0,5406,0.00015238693
47ef7ccda06000ff33374e05,002870.SZ,香山股份,2024-06-30,4,0.5215442180633545,0,5406,7.291346e-05
0aa361aa111318336cd85c49,002871.SZ,伟隆股份,2024-06-30,3,0.6397586464881897,0,5406,0.000101017926
541c38672f77856e97ed1637,002872.SZ,ST天圣,2024-06-30,3,0.3790162205696106,0,5406,5.4137647e-05
7ce86edac335bf61a36fba6e,002876.SZ,三利谱,2024-06-30,8,2.9585537910461426,0,5406,0.00021583171
1463874039d028cef370624c,002882.SZ,金龙羽,2024-06-15,9,1.6592350006103516,0,5406,0.00016749758
ee358da7fe560c31a3fdfadb,002902.SZ,铭普光磁,2024-06-30,4,0.8037354946136475,0,5406,9.733418e-05
ccda17170ed90e818b875c30,002926.SZ,华西证券,2024-06-30,14,4.312239170074463,0,5406,0.00028285143
d8188d3216414f4a1acada18,003020.SZ,立方制药,2024-06-15,10,2.2766335010528564,0,5406,0.00020460412
059bfe23b5c2e3512c4ad621,300585.SZ,奥联电子,2024-06-15,16,3.4812519550323486,0,5406,0.00029002255
759d62e214a71d355aa5eb7e,300588.SZ,熙菱信息,2024-06-15,10,3.9982917308807373,0,5406,0.00026655296
8222d6c6a05e1305c3c3bd8f,300589.SZ,江龙船艇,2024-06-15,6,1.1950045824050903,0,5406,0.0001335423
b8422b0a1bee7088940f3cc7,300590.SZ,移为通信,2024-06-15,4,0.7372488975524902,0,5406,0.00011100767
f2d369c975a6a983bad99cb8,300601.SZ,康泰生物,2024-06-30,7,3.584649085998535,0,5406,0.00025799024
a99cd0d09fa61c1e8c7773fc,300602.SZ,飞荣达,2024-06-15,10,2.061260461807251,0,5406,0.00017997141
baa60d97f5a646299674b1cf,300610.SZ,晨化股份,2024-06-15,17,3.7678167819976807,0,5406,0.00030548472
ff3dac0b52aba3c4302a0c40,300612.SZ,宣亚国际,2024-06-30,5,1.0212433338165283,0,5406,9.3423725e-05
49086743c7b9bb5ef3f1e3ee,300613.SZ,富瀚微,2024-06-15,9,2.6530239582061768,0,5406,0.00021040178
093cb94a027c6d19b9ac6ca7,300616.SZ,尚品宅配,2024-06-30,8,1.4490207433700562,0,5406,0.00013468158
e34abd371ccf08e2142df935,300618.SZ,寒锐钴业,2024-06-30,8,2.5563223361968994,0,5406,0.00020757975
a237d021f5f6a9ea6e08731d,300638.SZ,广和通,2024-06-15,10,2.7127878665924072,0,5406,0.0002704395
91b2fc81892e58abb0a38d2c,300645.SZ,正元智慧,2024-06-15,6,1.5266276597976685,0,5406,0.00016524119
175d17c950e8bf669c07b28e,300675.SZ,建科院,2024-06-15,4,2.165207862854004,0,5406,0.00019702806
b1f2b526b66e1ab8a1452e46,300868.SZ,杰美特,2024-06-15,3,0.3889414966106415,0,5406,6.775217e-05
7b52c345e0d48f5ade1972cd,300945.SZ,曼卡龙,2024-06-15,8,3.645587921142578,0,5406,0.00022757081
3e278511ff43c63ba0c81035,300996.SZ,普联软件,2024-06-30,6,2.2136332988739014,0,5406,0.00018794564
06e0b7bb37b878f36695ac62,603058.SH,永吉股份,2024-06-15,8,3.4267876148223877,0,5406,0.00026804672
ec51e231669605086dcc7de2,603081.SH,大丰实业,2024-06-15,2,0.5297175645828247,0,5406,9.854289e-05
e869515ac4465aa3b16f1680,603127.SH,昭衍新药,2024-06-15,7,2.0724072456359863,0,5406,0.00022251742
631ab3031f893841063df228,603139.SH,康惠股份,2024-06-15,9,2.42783260345459,0,5406,0.00020942312
5641b28f0118686f2c6ed0b0,603200.SH,上海洗霸,2024-06-15,3,0.9837451577186584,0,5406,0.00014122052
645fc1a18968ace798978622,603229.SH,奥翔药业,2024-06-15,15,3.67940354347229,0,5406,0.00032172832
daca2eb36ae44e897d80aa98,603232.SH,格尔软件,2024-06-15,7,3.102226495742798,0,5406,0.00022611376
06d3ebb5dbed8c123e59bd91,603269.SH,海鸥股份,2024-06-15,7,0.975968599319458,0,5406,0.00011070317
103b28ddf18cde4937432662,603496.SH,恒为科技,2024-06-30,6,1.9271959066390991,0,5406,0.0001845845
7213ee48e12674577e5c4ce7,603501.SH,豪威集团,2024-06-15,5,0.777048647403717,0,5406,9.477033e-05
771d5f0cd156633a7c3ffedb,603586.SH,金麒麟,2024-06-15,6,1.2660685777664185,0,5406,0.00016793763
d5150b0925985de78aca321e,603680.SH,今创集团,2024-06-15,6,2.6615235805511475,0,5406,0.00026290672
b457d40d662b1fe0dd74bed1,603717.SH,天域生物,2024-06-15,10,2.74957013130188,21,24,0.0003352582
a42911aae82fc874ae1d6262,603721.SH,*ST天择,2024-06-30,6,2.3240833282470703,0,5406,0.00020053465
9d95855c6157b4bae3d0b0da,603728.SH,鸣志电器,2024-06-15,11,3.5311379432678223,0,5406,0.0002836341
a1c7a1b44efed398445ae33b,603776.SH,永安行,2024-06-30,3,0.3297552466392517,0,5406,5.270306e-05
95b224aa18e06585375e6175,603826.SH,坤彩科技,2024-06-15,12,2.9212961196899414,0,5406,0.0002468224
7718b273592ec64e091531cb,603855.SH,华荣股份,2024-06-15,4,0.9535320997238159,0,5406,0.00020527739
8568e03ed4a616b332e32b85,603879.SH,永悦科技,2024-06-15,0,0.0,51,1,2.7262813e-05
f3c20edcf922b4184ee89d9e,603926.SH,铁流股份,2024-06-15,4,0.8268402218818665,0,5406,0.00015051257
3c2435d799ec3ee116725d12,001332.SZ,锡装股份,2024-06-15,12,2.309269428253174,0,5406,0.0002137757
a020b6775cd1eb042843f6c7,002866.SZ,传艺科技,2024-06-30,3,0.35292887687683105,0,5406,5.650284e-05
a53fac2a424d7c5b7216d4a7,002877.SZ,智能自控,2024-06-15,9,2.328718662261963,0,5406,0.00022492494
4803758b7a718d8c4a8a6d7a,002879.SZ,长缆科技,2024-06-15,9,2.268617630004883,0,5406,0.00022280787
aa9b5eb36ffe4400a33c1f35,002880.SZ,卫光生物,2024-06-15,5,4.297961711883545,0,5406,0.00022460458
4e03ab540e0be18113a7eb9f,002884.SZ,凌霄泵业,2024-06-15,5,0.930722713470459,0,5406,0.0001294472
e00089c6d8089192c0610c9c,002886.SZ,沃特股份,2024-06-15,3,0.4298242926597595,0,5406,6.226948e-05
97e20c0d4ce60c4204aee5b1,002893.SZ,京能热力,2024-06-15,8,3.476896286010742,0,5406,0.0002461192
51b673a9cf364d91c63905e6,002900.SZ,哈三联,2024-06-30,2,0.7563121914863586,0,5406,0.000117850024
978529a1432598dfd8a29555,002935.SZ,天奥电子,2024-06-15,4,0.5093719363212585,0,5406,7.612254e-05
41fc2c36d85150f22139621f,002965.SZ,祥鑫科技,2024-06-15,12,2.7943339347839355,0,5406,0.00023203496
fe62b086628fd3e52071570c,003025.SZ,思进智能,2024-06-15,9,1.8555201292037964,0,5406,0.0001885952
8f94652dbf9a0e79fa3dbfcb,300498.SZ,温氏股份,2024-06-15,10,3.4273929595947266,0,5406,0.00024109927
9208cc414f579e07071e9c0b,300584.SZ,海辰药业,2024-06-15,12,4.16021203994751,0,5406,0.0003290237
50faceab4d54323daa30c61a,300591.SZ,万里马,2024-06-15,0,0.0,52,1,2.7262813e-05
93e3f1d9e443030a2e7d667a,300595.SZ,欧普康视,2024-06-30,5,1.8308640718460083,0,5406,0.00020123458
0fefa94df6d286f9f0365cee,300599.SZ,雄塑科技,2024-06-15,9,2.470756769180298,0,5406,0.00022749302
2786da6c3f721b4591d3e81c,300605.SZ,恒锋信息,2024-06-15,8,2.3172852993011475,0,5406,0.00017319802
cb148cad4cb43d66ff966a8f,300608.SZ,思特奇,2024-06-15,9,2.37176513671875,0,5406,0.00020876473
b027d0dd915c35939e392747,300609.SZ,汇纳科技,2024-06-15,5,1.3549730777740479,0,5406,0.00016055633
534b5f1ec0c59b579348a82a,300611.SZ,美力科技,2024-06-15,9,1.948160171508789,0,5406,0.00017835847
96a7ff7f9ac7818feff1d675,300622.SZ,博士眼镜,2024-06-15,8,2.3245296478271484,0,5406,0.00018101218
8dd9986dd03bd5928b77bce0,300639.SZ,凯普生物,2024-06-30,8,1.7363979816436768,0,5406,0.00016179198
304ef1283941b8738c0af228,301098.SZ,金埔园林,2024-06-30,8,2.388829469680786,0,5406,0.0001790242
8c2545979ba90dec11640744,601108.SH,财通证券,2024-06-30,5,1.5192313194274902,0,5406,0.000119913246
1fd467d2239cfc9bbbb4fcf9,601121.SH,宝地矿业,2024-06-30,7,2.464120864868164,0,5406,0.00023970172
426471e512c7dbe78d3a526f,603042.SH,华脉科技,2024-06-15,8,1.681678295135498,0,5406,0.00016978316
e320e66200cad638f9267e10,603063.SH,禾望电气,2024-06-15,10,2.549497365951538,0,5406,0.00020693993
2fcd3461dc4eceac363615c7,603079.SH,圣达生物,2024-06-15,11,3.4933273792266846,0,5406,0.00027384332
55fb59c7ca2e747eb7546c2e,603093.SH,南华期货,2024-06-15,4,2.380544662475586,0,5406,0.00022070763
a42ab0b9d561ff4611fc7d76,603196.SH,璞源材料,2024-06-15,5,0.7495700120925903,21,24,0.00011099004
4c30a76a38d1339d644f3fcc,603316.SH,诚邦股份,2024-06-30,8,3.8403818607330322,0,5406,0.00025557537
5718623a04c63281b90d88f0,603331.SH,百达精工,2024-06-30,6,1.4968934059143066,0,5406,0.00017512644
307ef06498f225a921c2f2d1,603335.SH,迪生力,2024-06-15,5,1.3941601514816284,0,5406,0.00014493722
59044e5c18408470692fa699,603357.SH,设计总院,2024-06-15,10,3.666818618774414,0,5406,0.00027898888
7f41a39fa9fe6a53b5df0391,603387.SH,基蛋生物,2024-06-15,6,1.5760631561279297,0,5406,0.00017150215
30e3429639d330740ce8c2ef,603488.SH,展鹏科技,2024-06-15,2,0.1924525499343872,0,5406,4.5934066e-05
e71eae9c8d4764d27db77085,603587.SH,地素时尚,2024-06-30,9,3.2442128658294678,0,5406,0.0002281549
144511cd416fa6394ac7ab01,603619.SH,中曼石油,2024-06-15,9,2.5695409774780273,0,5406,0.00024920702
5ce910225aba395dfd76938b,603679.SH,华体科技,2024-06-15,3,0.305691659450531,0,5406,5.814675e-05
61779eb6c853d26824aee2f6,603711.SH,香飘飘,2024-06-15,8,2.682265043258667,0,5406,0.00023707403
574cd4a0aabf8af863ad5024,603725.SH,天安新材,2024-06-15,7,2.2917301654815674,0,5406,0.00020708898
e514f9f40e038b38ad0d095d,603767.SH,中马传动,2024-06-15,9,3.2217392921447754,0,5406,0.00028189985
0d3ec48c3aed34be128a41f4,603856.SH,东宏股份,2024-06-15,6,1.0164653062820435,0,5406,0.0001108368
0f90672ff852969baac38f6f,603880.SH,南卫股份,2024-06-15,5,1.6763132810592651,0,5406,0.00017740509
a9010554d1e0be68a7daf8c9,603938.SH,三孚股份,2024-06-15,10,2.9269213676452637,0,5406,0.00024788422
8f76b6a17d4c413e6ce70790,603970.SH,中农立华,2024-06-15,5,2.534921169281006,0,5406,0.00021983986
4c4516974f4c5a7870ac9e9b,603978.SH,深圳新星,2024-06-15,5,0.635509729385376,0,5406,7.9747115e-05
7f256876d57a3640b4f90574,603985.SH,恒润股份,2024-06-15,7,3.619474411010742,0,5406,0.00025454976
5c3fc7486259f525db9162a7,605303.SH,园林股份,2024-06-15,9,3.887718677520752,0,5406,0.0002661481
cccc928b39418901e1abb80c,002883.SZ,中设股份,2024-06-15,10,2.981926918029785,0,5406,0.00023633844
0cf558a11a6176b9ac53d6c9,300514.SZ,友讯达,2024-06-15,3,0.7394678592681885,0,5406,9.627198e-05
19e64ea9326d994ee0bc3232,300603.SZ,立昂技术,2024-06-15,2,0.2808096706867218,0,5406,4.634794e-05
aa10d327dd81adf0dfd1a87e,300620.SZ,光库科技,2024-06-15,10,2.545058488845825,0,5406,0.00024376652
08c013516239587f7bf732ff,300621.SZ,维业股份,2024-06-15,11,2.6886091232299805,0,5406,0.00024097886
3999c4fce305e9b3bdf1e682,300625.SZ,三雄极光,2024-06-15,9,2.4237849712371826,0,5406,0.0002480446
e90f291c882a3454795bde9e,300626.SZ,华瑞股份,2024-06-15,5,1.3317370414733887,0,5406,0.0001266716
06c762e028e89ec1489a328e,300627.SZ,华测导航,2024-06-15,7,2.8487799167633057,0,5406,0.00024517145
e1c41242ce6556ffcbb799f6,300628.SZ,亿联网络,2024-06-15,5,1.0985164642333984,0,5406,0.00012994325
340f3a903475972162ce6e5c,300633.SZ,开立医疗,2024-06-15,10,3.5458157062530518,0,5406,0.00030726133
4f08fe37133c85a6bcb104ca,300635.SZ,中达安,2024-06-15,2,0.4528689682483673,0,5406,9.611796e-05
b1f5f10f500d8f7c0160e644,300636.SZ,同和药业,2024-06-15,8,2.2069437503814697,0,5406,0.00018709715
7a6bf5dca795b95e682370ea,300637.SZ,扬帆新材,2024-06-15,7,1.6415573358535767,0,5406,0.0001665627
8710dbc7841a53b857e6334d,300643.SZ,万通智控,2024-06-15,7,1.5767576694488525,0,5406,0.00016580163
90feb9b95bf6527d6f9c238f,300648.SZ,星云股份,2024-06-15,3,1.1884384155273438,0,5406,0.00015447297
ed675c433dfa78edebd32fb9,300650.SZ,太龙股份,2024-06-15,7,1.8862754106521606,0,5406,0.00019473625
15f36a81b1400206ba003ab6,300652.SZ,雷迪克,2024-06-15,6,1.7382646799087524,0,5406,0.00019590941
b9c007c85601deef027b7bf2,300653.SZ,正海生物,2024-06-15,9,2.6680989265441895,0,5406,0.00023719708
d5c7cf6694bbc377c3bbfbe9,300661.SZ,圣邦股份,2024-06-30,6,1.0813541412353516,0,5406,0.00010633268
d64faf83a5568fcd80ce5e28,300662.SZ,科锐国际,2024-06-15,4,0.7126513719558716,0,5406,9.8259545e-05
27b98069495929c2bd8388d3,300663.SZ,科蓝软件,2024-06-15,9,2.2234277725219727,0,5406,0.00017759348
c2becab4e469dd763dc50b75,300670.SZ,大烨智能,2024-06-30,12,3.974571466445923,0,5406,0.00030470535
7e37d1297e99e9b2cfe70447,300676.SZ,华大基因,2024-06-30,7,1.6202219724655151,0,5406,0.00017009657
bbcd52e9974cfc933f320420,300685.SZ,艾德生物,2024-06-15,8,2.0400285720825195,0,5406,0.00020271567
2cceac5acbcbfe41bf19a88b,300695.SZ,兆丰股份,2024-06-15,6,1.3620768785476685,0,5406,0.00017278512
d43e2af87d602f97d0d08054,300699.SZ,光威复材,2024-06-30,9,2.3910136222839355,0,5406,0.00023450758
95d852b23da1ab92075fa316,300700.SZ,岱勒新材,2024-06-15,7,3.035045623779297,0,5406,0.00022005002
46ccb0e684b6a51264169e97,300701.SZ,森霸传感,2024-06-15,4,0.6374317407608032,0,5406,9.527762e-05
8536ea6fed3a708dc8c783ca,300708.SZ,聚灿光电,2024-06-15,8,2.4835121631622314,0,5406,0.0002040248
a5535f2597591f650a5aa53d,300767.SZ,震安科技,2024-06-15,5,0.9653795957565308,0,5406,0.00022020075
5303fa6c730e1cd1c969a2e3,300801.SZ,泰和科技,2024-06-15,9,1.9602138996124268,0,5406,0.0002481469
85dd441a2e13fa9855ac4161,300837.SZ,浙矿股份,2024-06-15,8,2.171821117401123,0,5406,0.0002432179
6ef59bf9078cbd27c8cf66ad,300908.SZ,仲景食品,2024-06-15,7,2.1544501781463623,0,5406,0.00016959936
91d67444ec30840e0f0a3874,300953.SZ,震裕科技,2024-06-15,10,2.8052213191986084,0,5406,0.00021786743
91720474277089f94a65e87d,300963.SZ,中洲特材,2024-06-30,13,4.138942718505859,0,5406,0.00028843255
8db3436f3456880954c6db9c,301153.SZ,中科江南,2024-06-15,6,2.136704921722412,0,5406,0.00018021867
1be7f1f47181f8eea35250bd,301208.SZ,中亦科技,2024-06-15,8,2.8681890964508057,0,5406,0.000238772
a46d7b8b33add8d5bc9739d8,301286.SZ,侨源股份,2024-06-15,2,0.6324705481529236,0,5406,8.6538086e-05
d77c87814510e1b3f569d4f2,601019.SH,山东出版,2024-06-30,8,3.505683422088623,0,5406,0.00020420778
60f90c21630662a3397f5b47,601155.SH,新城控股,2024-04-05,7,1.2286574840545654,0,5406,0.000106985935
0adf934913836ff385f75f23,603055.SH,台华新材,2024-06-15,8,1.7673028707504272,0,5406,0.00014319853
d301234e0b89bfc14c52b867,603110.SH,东方材料,2024-06-15,7,1.0455070734024048,0,5406,0.00010659245
d3ac202b9b7787cfe398ec47,603226.SH,菲林格尔,2024-06-15,7,1.3193178176879883,0,5406,0.00013343677
564ff27b7b69adef05d6c80e,603233.SH,大参林,2024-06-30,8,3.821453094482422,0,5406,0.00024171856
e5d180b3473115173a714cd9,603289.SH,泰瑞机器,2024-06-15,6,1.0278446674346924,0,5406,0.00013271677
04cd72d2fa395a05c78e66cf,603535.SH,嘉诚国际,2024-06-15,6,1.2499715089797974,0,5406,0.00015178153
02cf66333031685524dcfd61,603648.SH,畅联股份,2024-06-15,3,0.9677371978759766,0,5406,0.00014376426
a10873a55078ebca863ee4d9,603683.SH,晶华新材,2024-06-15,4,0.6976338624954224,0,5406,8.668145e-05
dfeb41e05a1fa7504b1fe9f2,603916.SH,苏博特,2024-04-05,5,1.6783875226974487,0,5406,0.00022847897
e075ba4172221fcd201f4b40,603933.SH,睿能科技,2024-07-01,10,2.953558921813965,0,5406,0.00023461065
b38c4803bb20dc359d5e7910,001979.SZ,招商蛇口,2024-06-30,8,3.0623183250427246,0,5406,0.00023788505
05f84af23d3e1c8a652ea5d1,002826.SZ,易明医药,2024-06-15,4,1.6521896123886108,0,5406,0.00015549564
f9c2017e6b7a741e1820accc,002827.SZ,高争民爆,2024-06-30,7,2.950500249862671,0,5406,0.00019168753
d5158ec5d8085a36f630d8aa,002885.SZ,京泉华,2024-06-15,11,3.341299057006836,0,5406,0.00023436073
853e9d81df14899c5e849fe7,002887.SZ,绿茵生态,2024-06-30,3,1.4957423210144043,0,5406,0.00018025632
c0f6dbb27e6356e21794004f,002888.SZ,惠威科技,2024-06-15,5,1.2790071964263916,0,5406,0.00013994306
19210b438251e39f21b4971f,002890.SZ,弘宇股份,2024-06-15,4,1.0335261821746826,0,5406,0.00016443044
5929d59f47166c59dd34b2db,002909.SZ,集泰股份,2024-06-30,8,3.6144590377807617,0,5406,0.00026137306
807ab1f05148cae7393e01b9,003006.SZ,百亚股份,2024-06-30,7,1.6277155876159668,0,5406,0.00017338044
60f38099bfb9630de655eac3,300554.SZ,三超新材,2024-06-15,8,3.30436372756958,0,5406,0.00024205248
3bae105ade220a8e7930cdfa,300604.SZ,长川科技,2024-06-15,8,2.993774652481079,0,5406,0.00021620857
c9fab673b95340e634ec2ec0,300640.SZ,德艺文创,2024-06-15,7,0.9150086045265198,0,5406,0.00014340998
9c6fc03c7495bb01fce51311,300641.SZ,正丹股份,2024-06-15,6,1.4476698637008667,0,5406,0.00015730938
82aa91bb67b93a9514994d9e,300642.SZ,透景生命,2024-06-15,5,1.1379337310791016,0,5406,0.00012539783
0ae326c1381b84514d80f0d9,300649.SZ,杭州园林,2024-06-15,5,0.8229410648345947,0,5406,8.936419e-05
9acef7b6f20e011d01f85c86,300651.SZ,金陵体育,2024-06-15,4,0.602246105670929,0,5406,0.00012732041
5dd0a81b0ea8891ebd87c8c5,300655.SZ,晶瑞电材,2024-07-01,12,3.7373907566070557,0,5406,0.00027999055
9bc1e557dd0d2ab53f0237be,300656.SZ,民德电子,2024-06-30,2,0.2824738621711731,0,5406,5.519752e-05
a6daf2052862925ad062db27,300658.SZ,延江股份,2024-06-15,5,1.383134365081787,0,5406,0.00013908662
e56b39cf3ba881e38ed9acc3,300660.SZ,江苏雷利,2024-06-15,11,2.9544131755828857,0,5406,0.00024990205
118072e6ba031a6d28c64d5b,300666.SZ,江丰电子,2024-06-15,9,1.3312402963638306,0,5406,0.0001126104
76f8f6f3074b290db04770b8,300667.SZ,必创科技,2024-06-15,9,2.6883482933044434,0,5406,0.00025063957
be0146bb29972fba4382d386,300671.SZ,富满微,2024-06-15,11,3.5088346004486084,0,5406,0.00025379786
49230ebbcace44ec685c4197,300680.SZ,隆盛科技,2024-06-30,9,2.6941475868225098,0,5406,0.0002654024
b709319bc2a9ee7490593a5c,300690.SZ,双一科技,2024-06-15,6,1.792661428451538,0,5406,0.00018210107
fe66ae1a64794795f20baaaa,300693.SZ,盛弘股份,2024-06-15,6,1.6353281736373901,0,5406,0.00016282684
7aae5c58725604c1ace78f5b,300703.SZ,创源股份,2024-06-15,10,2.497720718383789,0,5406,0.00022472278
8a96539163d62e5f887fd42c,300761.SZ,立华股份,2024-06-15,9,3.5297627449035645,0,5406,0.00023823346
b826305aa6fd6a1d250bc812,300791.SZ,仙乐健康,2024-06-15,2,0.9019134044647217,0,5406,0.00016636349
c0f6c82f369478ceeb833278,300817.SZ,双飞集团,2024-06-15,6,1.8164477348327637,0,5406,0.00017118601
cb2d7652046289e66c1073e2,300888.SZ,稳健医疗,2024-06-30,11,1.980312466621399,0,5406,0.00019696674
e9e526247b13eeb2b9b91ab0,300929.SZ,华骐环保,2024-06-15,12,3.928297758102417,0,5406,0.0003918076
cdf254ef2823fac92a8629d7,600918.SH,中泰证券,2024-06-30,14,3.6380832195281982,0,5406,0.0002465529
b2af3e6bb4ade9e052525161,601162.SH,天风证券,2024-06-30,6,1.2415403127670288,0,5406,0.00010718872
22e975bd741c59bcbb854d9c,601619.SH,嘉泽新能,2024-06-30,9,3.289119005203247,0,5406,0.0002330817
cc9919a8cc3447c4eea88121,601949.SH,中国出版,2024-06-30,9,3.776477098464966,0,5406,0.00021842512
3bceaaf2c5a1b041d15482fb,603136.SH,天目湖,2024-06-30,9,3.7302792072296143,0,5406,0.00023668671
649638e2f5d3be8f4faf5a01,603260.SH,合盛硅业,2024-06-30,3,1.198185920715332,0,5406,0.000118302676
8141c8ed64a31e3ef2fef328,603286.SH,日盈电子,2024-06-15,8,1.321759819984436,0,5406,0.0001353122
d7fd99e5d5d8b63f9a41431e,603326.SH,我乐家居,2024-06-30,10,3.377717971801758,0,5406,0.00023625603
90d8eaa8b3e84672142bb2bc,603329.SH,上海雅仕,2024-06-15,9,1.6981149911880493,0,5406,0.00017644596
45b64de71c33cb4678a08fe6,603458.SH,勘设股份,2024-06-15,8,2.008889675140381,0,5406,0.00016953752
ea262032aa1a6b1b9f7f0c88,603617.SH,君禾股份,2024-06-15,7,1.2130217552185059,0,5406,0.0001552725
67cb85ed3bbdeee37b60d841,603707.SH,健友股份,2024-06-15,8,2.0590076446533203,0,5406,0.00022256233
fbb4552a693929e0ac471b94,603757.SH,大元泵业,2024-06-15,3,1.3964157104492188,0,5406,0.00015079134
8f06ca0c749ffe03f8ed227f,603801.SH,志邦家居,2024-06-30,9,3.5328385829925537,0,5406,0.00023903811
250a576892b32dd3f585e058,603809.SH,豪能股份,2024-06-30,9,3.4547371864318848,0,5406,0.00026722057
3de7232627e47c8bd08aff89,603813.SH,*ST原尚,2024-06-30,4,0.824245035648346,0,5406,0.00012845195
9fc19e0a254d0e2befa469e8,603882.SH,金域医学,2024-06-30,6,3.646538257598877,0,5406,0.0002651635
8416fb0b9813f6bd9ae60654,603980.SH,吉华集团,2024-06-15,8,4.26739501953125,0,5406,0.00027897066
ca0e63fd8b636cc0841cabea,001218.SZ,丽臣实业,2024-06-30,3,0.7484782934188843,0,5406,0.00011321595
03042ce443d1cae29afc5c7a,002881.SZ,美格智能,2024-06-15,11,2.6255791187286377,0,5406,0.00023917538
6a4189a1c81b6ee105e5c081,002891.SZ,中宠股份,2024-06-30,4,1.3048710823059082,0,5406,0.0001530621
529f99cc48004614cf62b142,002892.SZ,科力尔,2024-06-30,8,2.5737481117248535,0,5406,0.00023331793
caafe0af9c658a7070d75a6c,002895.SZ,川恒股份,2024-06-30,9,2.7164106369018555,0,5406,0.00024478184
c4ed08e5436acba8ad6717a7,002897.SZ,意华股份,2024-06-15,4,0.8196122646331787,0,5406,0.00010183142
007176f3a1982718a206d1a7,002898.SZ,*ST赛隆,2024-06-30,8,1.6952435970306396,0,5406,0.00018528246
9d11b0981ef957e2e683471d,002901.SZ,大博医疗,2024-06-30,10,3.682162046432495,0,5406,0.0002891546
6a11c2adab3a800fe8cbbc30,002920.SZ,德赛西威,2024-06-30,7,3.1623244285583496,0,5406,0.0002456202
e40d282d488aee1dd712e1ba,300668.SZ,杰恩设计,2024-06-15,5,1.9342973232269287,0,5406,0.00018090717
693969bc3225137625c12bfa,300669.SZ,沪宁股份,2024-06-15,7,2.3412020206451416,0,5406,0.00019997823
933db6bf72e6c697a7e1ed6d,300672.SZ,国科微,2024-06-15,9,2.271665573120117,0,5406,0.00019255064
f0db9ae30261d5df1ceeba9f,300677.SZ,英科医疗,2024-06-15,4,0.6884540319442749,0,5406,0.00010891099
b5b86deda32db3a9c1451189,300679.SZ,电连技术,2024-06-15,11,3.6937406063079834,0,5406,0.00030511463
b38aa73ebab33740d9fb63f5,300681.SZ,英搏尔,2024-06-15,10,3.877133846282959,0,5406,0.00030044763
4ab44337219cb49fc33b7856,300683.SZ,海特生物,2024-06-15,4,1.1441707611083984,0,5406,0.00014324515
bdf48b2e8bc9cc0af1c19db0,300687.SZ,赛意信息,2024-06-15,6,1.5054328441619873,0,5406,0.00017990486
336e699dd76889102f33b71f,300688.SZ,创业黑马,2024-06-15,4,1.41273832321167,0,5406,0.00013052372
d1411f319a3fcd71266ec980,300689.SZ,澄天伟业,2024-06-15,4,0.8421826362609863,0,5406,0.000104548206
8fa10096f99993726e068028,300691.SZ,联合光电,2024-06-30,6,3.449881076812744,0,5406,0.00023193113
49ee4997034bfd5b0f73fad5,300706.SZ,阿石创,2024-06-15,12,3.157801628112793,0,5406,0.00024775002
7b2681d7cfb422bdf7fc2645,300712.SZ,永福股份,2024-06-15,8,1.920865774154663,0,5406,0.00021814814
a33fc6a1101900a5323caf8f,300723.SZ,一品红,2024-06-15,6,0.9828872680664062,0,5406,0.00013747046
875aa01a9f0cf0dd5e047597,301503.SZ,智迪科技,2024-06-15,7,1.9208613634109497,0,5406,0.0002286274
0da9a13b2e523d9b4aadc3eb,600901.SH,江苏金租,2024-06-30,0,0.0,53,1,2.7262813e-05
3e1be59cd7b019e1404e8798,603076.SH,乐惠国际,2024-06-15,2,0.5108492374420166,0,5406,7.8688696e-05
66376d6e4ba0ed8846f22ad6,603083.SH,剑桥科技,2024-06-15,5,1.0689237117767334,0,5406,0.00012603248
d90f0e18f4ab487eb7ee7b5a,603087.SH,甘李药业,2024-06-15,1,0.7346208691596985,30,2,0.00018175207
78e66222ee9cc1acfb9e2f0d,603106.SH,恒银科技,2024-06-30,4,2.239206314086914,0,5406,0.00021763208
2be99a2d492eddedc604b0b5,603129.SH,春风动力,2024-06-30,8,1.8281002044677734,0,5406,0.00020575713
31ff3ad757a9aa5f0256e6b1,603181.SH,皇马科技,2024-06-15,6,1.4084843397140503,0,5406,0.00017008414
0de5359eeabef5594253852f,603183.SH,建研院,2024-06-15,5,1.8668577671051025,0,5406,0.00016790349
78ba2b8bf1f11194c560acb4,603283.SH,赛腾股份,2024-06-15,12,3.2390193939208984,0,5406,0.00025990335
ef0ffe8acf705c83b4de43c3,603305.SH,旭升集团,2024-06-15,8,3.2010841369628906,0,5406,0.00024351531
7888d2555ea5264ee792989c,603321.SH,梅轮电梯,2024-06-15,6,3.4818503856658936,0,5406,0.00026603727
75ad096426e3f125a9056ed7,603363.SH,傲农生物,2024-06-15,8,2.463297128677368,0,5406,0.00018228701
87a23e235e566d18f150826f,603365.SH,水星家纺,2024-06-15,6,1.6141278743743896,0,5406,0.00017471031
dd9ddb50fe11fd085ae20aef,603380.SH,易德龙,2024-06-15,1,0.09684144705533981,0,5406,3.9290804e-05
236f21329280b07b6ccd2de0,603386.SH,骏亚科技,2024-06-15,2,0.3335416615009308,0,5406,5.9056394e-05
152e48cef1a14f9e0cb88f5c,603429.SH,*ST集友,2024-06-15,5,2.5172336101531982,0,5406,0.00019769538
79a44124203a8b2ca7a15fbe,603499.SH,翔港科技,2024-06-15,5,1.1872613430023193,0,5406,0.00012550347
ce8b159922795a6e418a6fe0,603500.SH,祥和实业,2024-06-15,7,1.7728264331817627,0,5406,0.0002101715
e05b07c2e07a57d963a4f380,603533.SH,掌阅科技,2024-06-15,2,0.5235019326210022,0,5406,8.962133e-05
23f6d516c9be4eabb8e5d1c4,603557.SH,ST起步,2024-06-30,2,0.4758177697658539,0,5406,6.5044485e-05
e7547d0d5057f073a3608862,603595.SH,ST东尼,2024-06-15,7,1.4746992588043213,0,5406,0.00013874713
4a3c5eec4a227947531b68c7,603605.SH,珀莱雅,2024-06-30,7,2.6932687759399414,0,5406,0.00023786152
b06f8ed5c814ddc92ec12803,603659.SH,璞泰来,2024-06-30,12,2.946906566619873,0,5406,0.00025993458
cce8632f347de3ed854c699f,603922.SH,金鸿顺,2024-06-15,9,2.3961851596832275,0,5406,0.00019739603
d644d5000142f8034389311a,603976.SH,正川股份,2024-06-30,8,2.690324068069458,0,5406,0.00024040138
08e5c999095ad9fe79667281,605151.SH,西上海,2024-06-30,3,0.32147079706192017,0,5406,7.111675e-05
e37288fcf9451b2cb6f52f55,001227.SZ,兰州银行,2024-06-30,5,1.897797703742981,0,5406,0.00012629735
59db8c4ad5bc18fba36fc51d,002896.SZ,中大力德,2024-06-15,6,0.9162523746490479,0,5406,9.686461e-05
1f9cef9c2f571e3bc0273183,002899.SZ,英派斯,2024-06-30,5,1.4220693111419678,0,5406,0.0002212768
ea0550a6454493b1d2a803c1,002903.SZ,宇环数控,2024-06-15,8,1.8263391256332397,0,5406,0.00016978051
d72e9aa17e670dd7a0158053,002907.SZ,华森制药,2024-06-15,12,2.5398216247558594,0,5406,0.00024337253
5daad5153575900cdb974bf1,002908.SZ,德生科技,2024-06-30,7,1.4504082202911377,0,5406,0.0001417361
6ed65a4fe2858a27b6e64028,002912.SZ,中新赛克,2024-06-30,10,2.1231963634490967,0,5406,0.00022118611
1f34511d372427c60c8ae74e,002918.SZ,蒙娜丽莎,2024-06-15,8,1.7888438701629639,0,5406,0.00018603612
d12579ae3445241ee1663661,002919.SZ,名臣健康,2024-06-30,7,2.8951730728149414,0,5406,0.00024184777
3710fb962298b126b84ce3b9,002921.SZ,联诚精密,2024-06-15,12,2.9518795013427734,0,5406,0.000275208
d2d3f6049abb8e354e9560a6,002922.SZ,伊戈尔,2024-06-15,10,3.076557159423828,0,5406,0.00023113356
5014cfeaab45f4aa6ee66904,002970.SZ,锐明技术,2024-06-30,6,2.0603902339935303,0,5406,0.00019669009
244c237a5647da0b0e52ab52,003033.SZ,征和工业,2024-06-15,10,2.4601712226867676,0,5406,0.00023321778
c3e36c30969ccac7ae0feb19,003036.SZ,泰坦股份,2024-06-15,4,1.3005073070526123,0,5406,0.00017149499
79dbe43065bc51d6d15408df,300692.SZ,中赋科技,2024-06-15,5,1.2561705112457275,0,5406,0.0001371066
f3d33367c4c3b2e92a9773bc,300696.SZ,爱乐达,2024-06-15,8,2.8729610443115234,0,5406,0.00024195576
5bd11d4a015ce080304b1e13,300697.SZ,电工合金,2024-06-15,7,2.7949633598327637,0,5406,0.00019780011
ee9d05d59cd4a1cf755cf43f,300702.SZ,天宇股份,2024-06-15,12,3.2254996299743652,0,5406,0.00027681421
f27861cd122267dc985f3066,300709.SZ,精研科技,2024-06-15,9,2.39133620262146,0,5406,0.0002006627
7e00958fb85fde4c1ba4a314,300713.SZ,英可瑞,2024-06-15,4,1.0468486547470093,0,5406,0.00012547
6ed1e2f115b90293fc058ee5,300717.SZ,华信新材,2024-06-30,1,0.16054727137088776,0,5406,4.1832565e-05
351a6d7d8e7e31e38d08b54f,300720.SZ,海川智能,2024-06-15,5,1.4753398895263672,0,5406,0.0001809716
26f7e8ce062f711e7d3ae8a1,300730.SZ,科创信息,2024-06-15,14,4.11427116394043,0,5406,0.00029639396
87501c46faf1b1ee3470dc0a,300743.SZ,天地数码,2024-06-15,3,0.6021012663841248,0,5406,0.00011521905
f74ead522a9ddb5e444cf933,300878.SZ,维康药业,2024-06-15,13,3.09393048286438,0,5406,0.0002545962
becd118b075a7a0bcb10d1da,300886.SZ,华业香料,2024-06-30,9,3.5580549240112305,0,5406,0.00032111307
4bc9c389dd7f9b22ba1624ac,300949.SZ,奥雅股份,2024-06-15,7,2.006866216659546,0,5406,0.00018476411
ce8aaf90f13e936103ce235d,301026.SZ,浩通科技,2024-06-15,4,1.2361425161361694,0,5406,0.00016803968
6a9e80828948e2aa1364112b,301333.SZ,诺思格,2024-06-30,6,3.183544158935547,0,5406,0.00020890115
c2a2b946afe305f4a95508e4,301428.SZ,世纪恒通,2024-06-25,8,1.8707913160324097,0,5406,0.00021032066
7834845afe3dda078dac6804,600025.SH,华能水电,2024-06-30,6,2.33528995513916,0,5406,0.00016740455
878a42323950513c1e54e2c2,600968.SH,海油发展,2024-03-15,6,1.6851874589920044,0,5406,0.00017254302
a5be2cd427a4d736ed11361a,601068.SH,中铝国际,2024-06-30,5,1.0839245319366455,0,5406,0.00014781381
7c9cf0c6c1c83e9a4ecb5030,601330.SH,绿色动力,2024-06-15,9,4.090935230255127,0,5406,0.00026931526
797c7354657990c9671b0f9a,603103.SH,横店影视,2024-06-15,5,3.372169017791748,0,5406,0.00023057811
4dacf8fdec1069ca44a7e36d,603214.SH,爱婴室,2024-06-15,2,0.7947704792022705,0,5406,0.00015450611
a6980887a255a487328a0884,603392.SH,万泰生物,2024-06-30,8,1.8775709867477417,0,5406,0.00016017992
079b858caf14e8b5d935ea94,603466.SH,风语筑,2024-06-15,5,1.1314886808395386,0,5406,0.0001316531
5a9c98e96c1b1673f67a554e,603506.SH,南都物业,2024-06-30,7,2.395613431930542,0,5406,0.00022189363
1b59d0592a5d04c2d1928589,603507.SH,振江股份,2024-06-15,5,0.7923144698143005,0,5406,0.00012622385
582987ecfd4ff451dbb1dd23,603655.SH,朗博科技,2024-06-30,12,3.393528699874878,0,5406,0.00031936783
874ca19152b1a8ecb9873c8d,603709.SH,中源家居,2024-06-15,8,1.3293211460113525,0,5406,0.00016890066
eb6adeea41f787d9957339f9,603829.SH,洛凯股份,2024-06-15,3,0.6687471866607666,0,5406,8.680152e-05
1def68056ce02c6c8f3d0ecd,603893.SH,瑞芯微,2024-06-15,7,1.502736210823059,0,5406,0.00012359016
0515585fbc42deb13538ba50,603895.SH,天永智能,2024-06-30,8,3.574378490447998,0,5406,0.0002824991
1f66e85a35e595afcb3c137a,603917.SH,合力科技,2024-06-15,6,1.3443191051483154,0,5406,0.00013903582
cbdf6e3c30916ac241a64c3d,603967.SH,中创物流,2024-06-15,9,1.8185940980911255,0,5406,0.00022682197
0000e697b413872372bd1cd3,605006.SH,山东玻纤,2024-06-15,7,3.15757417678833,0,5406,0.00024598467
c941b04cc0c3e1dec490c870,605108.SH,同庆楼,2024-06-30,3,1.8268548250198364,0,5406,0.00017895167
130619912273c03902137a25,605296.SH,神农集团,2024-06-30,4,0.9644414782524109,0,5406,8.614642e-05
6ebf11b39dab6b0a4de1f261,002864.SZ,盘龙药业,2024-06-15,10,1.9173791408538818,0,5406,0.00019494022
d11b8378cdf4a18f2c5b7a52,002910.SZ,庄园牧场,2024-06-30,7,4.396604061126709,0,5406,0.00027888137
37973672787fa57063a89af6,002913.SZ,奥士康,2024-06-15,9,2.111098051071167,0,5406,0.00017708782
23107b181c99e8f764950024,002915.SZ,中欣氟材,2024-06-30,7,2.798642635345459,0,5406,0.00022754906
7936e9aa9c8062f2ba0e0f88,002917.SZ,金奥博,2024-06-15,2,0.5633060932159424,0,5406,0.00010065618
9426715ae1755aacb069d20c,002925.SZ,盈趣科技,2024-06-15,10,2.2263731956481934,0,5406,0.00023348922
9138a9606e1d71be5413aff5,002936.SZ,郑州银行,2024-06-30,6,2.4701249599456787,0,5406,0.0001530292
6768583547f2cca95189aff1,002939.SZ,长城证券,2024-06-15,12,3.9161150455474854,0,5406,0.00025994127
13619a4fb2604e3fff563703,002945.SZ,华林证券,2024-06-30,3,0.7139628529548645,0,5406,7.534923e-05
d61a7b9892529442052d0ae7,002948.SZ,青岛银行,2024-06-30,9,3.095916509628296,0,5406,0.00019341365
36923c35f629338ef8e51df9,002958.SZ,青农商行,2024-06-30,5,1.4442667961120605,0,5406,0.00010855746
e8e8f664a56c25bab203bdc9,002966.SZ,苏州银行,2024-06-30,10,3.8673312664031982,0,5406,0.00022635265
8bc0faecff1e78b9edbe430c,002999.SZ,天禾股份,2024-06-15,6,2.3946330547332764,0,5406,0.00020692784
0999d0880c7812d86a1ada46,300607.SZ,拓斯达,2024-06-30,10,2.1142847537994385,0,5406,0.00019290931
df15f9ef6e3a6bc6d35dc021,300674.SZ,宇信科技,2024-06-30,10,4.063666343688965,0,5406,0.00028684372
1eae228566d29dc49b5f1b64,300707.SZ,威唐工业,2024-06-15,10,3.4162306785583496,0,5406,0.00025813913
87b15b6e30a62208643642d6,300710.SZ,万隆光电,2024-06-15,8,2.4387216567993164,0,5406,0.00023837124
23868aff99fc3fe077a6d490,300711.SZ,广哈通信,2024-06-15,9,1.9831472635269165,0,5406,0.00019735597
fd8fc609e3e7bb73ddf379de,300718.SZ,长盛轴承,2024-06-30,12,2.975280523300171,0,5406,0.00027890125
d1bea3095dc8c8326c03b61e,300719.SZ,安达维尔,2024-06-30,8,1.869131088256836,0,5406,0.00020009521
a06570686955c2a7491703df,300726.SZ,宏达电子,2024-06-15,4,2.3435375690460205,0,5406,0.0001729826
46800e465d00f3f4ff3c1786,300727.SZ,润禾材料,2024-06-15,8,2.2366230487823486,0,5406,0.0001881233
f67f76b0984fb557fd0f842e,300731.SZ,科创新源,2024-06-15,6,0.8631698489189148,0,5406,9.197571e-05
2603c9ff701fead4707a5bef,300738.SZ,奥飞数据,2024-06-15,8,3.2182841300964355,0,5406,0.00022574663
3136666422f00ee70d925e8c,300769.SZ,德方纳米,2024-06-15,10,2.8571372032165527,0,5406,0.00022187238
33bf9dcf9bf5b24e7834a63f,300777.SZ,中简科技,2024-06-15,6,1.6098240613937378,0,5406,0.00016181404
2c1a98ffdcb6f633c1425b49,300827.SZ,上能电气,2024-06-15,11,3.680087089538574,0,5406,0.00029235234
24712a9a02254c5c339678a2,300943.SZ,春晖智控,2024-06-15,8,1.3793160915374756,0,5406,0.00015062084
af9488a36a338715264a0624,301017.SZ,漱玉平民,2024-06-30,9,2.8703627586364746,0,5406,0.00020550219
46596cd29363ff2bd0ed7b5d,301028.SZ,鼎熔岩,2024-06-15,9,1.7268823385238647,0,5406,0.00019594474
5a4c5b35e1229076dc078478,600903.SH,贵州燃气,2024-06-15,9,3.875093936920166,0,5406,0.00026201052
68d3d7abba13b7135b3ddbf9,601456.SH,国联民生,2024-06-15,4,0.6000000238418579,21,24,0.00010769678
4feacc76cb48a4b8eb748f61,601528.SH,瑞丰银行,2024-06-30,10,3.2575573921203613,0,5406,0.0002224972
848ef0ad1804d0b15893e790,601860.SH,紫金银行,2024-06-30,7,3.5614733695983887,0,5406,0.00023202838
dd04f6fbff20c3a5041fb19d,603059.SH,倍加洁,2024-06-15,9,2.2936487197875977,0,5406,0.00025464685
2bca6388bf804af62295d3c4,603161.SH,科华控股,2024-06-15,8,1.8361008167266846,0,5406,0.00017706753
fb7b3a8f6f8ef0c54d227439,603278.SH,大业股份,2024-06-15,6,1.7225966453552246,0,5406,0.00016339056
7602d6524db17fb9ca6613a8,603356.SH,华菱精工,2024-06-30,2,0.4387582540512085,0,5406,8.55579e-05
7420b638c6d0ed853ecf030f,603578.SH,三星新材,2024-06-15,7,2.17085599899292,0,5406,0.00019665869
255bd70e143fa17f3f396a9f,603580.SH,*ST艾艾,2024-06-15,1,0.08621759712696075,0,5406,4.301264e-05
cbd0b81af672c0f48535763a,603590.SH,康辰药业,2024-06-30,5,1.5427836179733276,0,5406,0.00016870977
3e93ed38f35d078cb6fb72ae,603607.SH,京华激光,2024-06-15,6,0.9089128971099854,0,5406,0.00010084865
e52410ccd6bffb66bdee6177,603661.SH,恒林股份,2024-06-30,5,0.8281491994857788,0,5406,0.00011363514
21381dfdf6a1e2eb7a35b17c,603676.SH,卫信康,2024-06-15,4,0.6499905586242676,0,5406,8.226006e-05
a4a0176eec723b7c64e07347,603685.SH,晨丰科技,2024-06-15,0,0.0,54,1,2.7262813e-05
ff6f04b483a7a9d0c0000ec9,603848.SH,好太太,2024-06-15,2,0.2730281949043274,0,5406,6.36529e-05
1138c027a2be25de877a2afa,603871.SH,嘉友国际,2024-06-30,2,0.4042614698410034,0,5406,6.4753025e-05
4a1ab7e4f34b5ec3f0b6471a,603912.SH,佳力图,2024-06-30,7,2.6946494579315186,0,5406,0.00025068774
56d500f0863f9b690d205975,605136.SH,丽人丽妆,2024-06-30,8,2.6102447509765625,0,5406,0.00023103946
1f5379da544a1e54c27873de,605158.SH,华达新材,2024-06-30,9,2.189970016479492,0,5406,0.00022232927
3c2d89494063df7fed1e3141,002873.SZ,新天药业,2024-06-15,8,1.388572096824646,0,5406,0.00016738192
e5364594a73e1606f29703dc,002916.SZ,深南电路,2024-06-30,10,2.340985059738159,0,5406,0.00020480205
384562e363b8a36f90d4a9c5,002928.SZ,华夏航空,2024-06-30,7,2.989833354949951,0,5406,0.00019461801
7c3f7b5412b5f94d3288c0be,002978.SZ,安宁股份,2024-06-30,7,1.3525041341781616,0,5406,0.00012616848
3012a427b6b7bac0e77a8da2,002981.SZ,朝阳科技,2024-06-30,2,0.9723421335220337,0,5406,0.00010942879
a5e05724ef2ecfbf51257c90,002989.SZ,中天精装,2024-06-15,10,3.565464496612549,0,5406,0.000300121
f6a3f2399e3f4fb07dba43e5,002995.SZ,天地在线,2024-06-15,12,4.29689359664917,0,5406,0.00030830328
769d2e802b00beffd7f6eebc,003003.SZ,天元股份,2024-06-15,3,0.6269626021385193,0,5406,0.00011615491
506efbae040fdc68e05f567c,300632.SZ,光莆股份,2024-06-15,4,0.6397655010223389,0,5406,9.0779584e-05
b90843bbdc3ac8dbb817f99d,300634.SZ,彩讯股份,2024-06-15,13,3.2121992111206055,0,5406,0.00027883958
469f99374f7037c856c0f53c,300673.SZ,佩蒂股份,2024-06-15,5,1.3094817399978638,0,5406,0.00016071647
8e7b5759dba542b68dc5fcc9,300715.SZ,凯伦股份,2024-06-15,7,1.7831056118011475,0,5406,0.00019358397
60c210e369efa494d8568286,300721.SZ,怡达股份,2024-06-15,11,1.924225926399231,0,5406,0.00017819939
1efd6a85b1bd10218207e22c,300722.SZ,新余国科,2024-06-15,5,1.9806565046310425,0,5406,0.00023971876
e0857e96c3efcff1f2a4b22c,300724.SZ,捷佳伟创,2024-06-15,6,2.6533539295196533,0,5406,0.00018772336
4516c3d34ec31cffed1088a4,300725.SZ,药石科技,2024-06-15,5,1.528390884399414,0,5406,0.00017567587
43aaefbe275256fee03d166e,300732.SZ,设研院,2024-06-15,10,3.0088250637054443,0,5406,0.00023414083
43bb87985c1186500da00be7,300733.SZ,西菱动力,2024-06-15,7,1.528604507446289,0,5406,0.00015194465
397f3c2dda69da9a5098e6e3,300735.SZ,光弘科技,2024-06-15,3,0.6158206462860107,0,5406,8.1010316e-05
989653ee7eb38d3d99d475bb,300737.SZ,科顺股份,2024-06-15,7,2.2262446880340576,0,5406,0.00023643854
24560fd0a353fd98a46dfb1c,300740.SZ,水羊股份,2024-06-30,6,2.1775057315826416,0,5406,0.00019482733
831f474ecfa1eda7f7feebdf,300745.SZ,欣锐科技,2024-06-15,7,2.6653456687927246,0,5406,0.00020786571
93f1e1bbc75313394cff0226,300773.SZ,拉卡拉,2024-06-15,6,1.965556263923645,0,5406,0.00020344523
d37ad370bbff4c1879eb5999,300781.SZ,因赛集团,2024-06-30,9,2.784827709197998,0,5406,0.00021144748
a4f30adfab7742011849683e,300783.SZ,三只松鼠,2024-06-30,12,4.274855613708496,0,5406,0.00032455885
289a2d703cb1bb612ae1d016,300785.SZ,值得买,2024-06-15,7,2.1556384563446045,0,5406,0.00018936134
afd6e2adc40ed16ec2f363cd,300786.SZ,国林科技,2024-06-15,3,1.2114866971969604,0,5406,0.00015807965
501c09141009898504c25ea8,300807.SZ,天迈科技,2024-06-15,10,3.37516713142395,0,5406,0.00030508416
b6b6fc8aef4bec4a698d2a55,300810.SZ,中科海讯,2024-06-15,8,2.8148579597473145,0,5406,0.00022886442
22641da7dcf9a3ae8c8d7eec,300829.SZ,金丹科技,2024-06-15,8,0.9934942126274109,0,5406,0.0001256331
ab573358603f47d229d814bf,300848.SZ,美瑞新材,2024-06-15,10,2.5423896312713623,0,5406,0.00023963497
36000e9e8324933454acc6d5,300935.SZ,盈建科,2024-06-15,7,1.4454087018966675,0,5406,0.00021382366
479c31ad378beb5d7be45aa1,300936.SZ,中英科技,2024-06-15,7,1.4800180196762085,0,5406,0.00013195733
8e4704126fb3f46d93ae71ce,300962.SZ,中金辐照,2024-06-15,2,0.369454950094223,0,5406,0.00010208326
b78e2bb64c8180e10a1d3245,300968.SZ,格林精密,2024-06-15,6,1.7051390409469604,0,5406,0.00014142014
d9444fdcdb8bfdb9f7f34d31,600928.SH,西安银行,2024-06-30,8,3.6991357803344727,0,5406,0.00022437582
48f85ce122b001b31712e873,601200.SH,上海环境,2024-06-30,9,3.2292630672454834,0,5406,0.0002219108
ff7b8b87ce973d8bd38720d2,601990.SH,南京证券,2024-06-30,7,1.587296485900879,0,5406,0.000121052566
edf09cb1e4aa3c804f600035,603105.SH,芯能科技,2024-06-30,5,1.7988367080688477,0,5406,0.00018990916
76e936a27f9d2356b3d7ab85,603109.SH,神驰机电,2024-06-15,8,1.1473424434661865,0,5406,0.00014427291
9439f04bc111489f4dd3921f,603225.SH,新凤鸣,2024-06-15,8,2.9430060386657715,0,5406,0.00022097574
2b90fbe4db30ddc0e4636c8f,603379.SH,三美股份,2024-06-30,6,3.1001102924346924,0,5406,0.00027030308
16b462bd5aa2afa90783df47,603477.SH,巨星农牧,2024-06-30,8,3.046239137649536,0,5406,0.00020744702
069e3b7a31552a694a214208,603486.SH,科沃斯,2024-06-15,6,2.1308095455169678,0,5406,0.00023955903
94e820ada1c1916bd54f3279,603596.SH,伯特利,2024-06-15,7,1.410204529762268,0,5406,0.00013765297
83055e3a3d1b1284df856d6c,603666.SH,亿嘉和,2024-06-15,7,1.593350887298584,0,5406,0.00014772775
d6022bc9d66a1fcbbdc786c8,603733.SH,仙鹤股份,2024-06-15,8,2.555177688598633,0,5406,0.00022003187
eef39a19c10410e580f46155,603890.SH,春秋电子,2024-06-15,6,1.243026852607727,0,5406,0.000121081874
fbcd7ad7fdcfe6349eeb700a,603897.SH,长城科技,2024-06-30,9,2.971583366394043,0,5406,0.00024206993
05ec9ce92c9c901dd613ea67,603949.SH,雪龙集团,2024-06-15,6,0.7502142190933228,0,5406,9.467718e-05
c53c7ef9cc0a8e13954c68db,002927.SZ,泰永长征,2024-06-30,6,2.930056095123291,0,5406,0.00026280925
b69d62aa969b198969a7723b,002931.SZ,锋龙股份,2024-06-30,4,0.5870345830917358,0,5406,7.841984e-05
764021133e49cf453f7c1aad,002942.SZ,新农股份,2024-06-30,10,3.529026985168457,0,5406,0.00023685697
df13074bb0b3e3317e956935,002992.SZ,宝明科技,2024-06-30,6,1.074478268623352,0,5406,0.00010160306
d8f88644adb07726ef537f7f,300644.SZ,南京聚隆,2024-06-15,9,3.4894216060638428,0,5406,0.00027536758
3394164771b788f044b7d202,300698.SZ,万马科技,2024-06-15,5,1.399654507637024,0,5406,0.00018283742
97777703a5cfce4d49cac82c,300739.SZ,明阳电路,2024-06-15,14,3.9001917839050293,0,5406,0.00029170996
9201676a8d0b50c47f507460,300741.SZ,华宝股份,2024-06-15,4,1.0787633657455444,0,5406,0.00012572041
ad7589118bcd53ea8471161b,300747.SZ,锐科激光,2024-06-15,4,0.6478875875473022,0,5406,8.565857e-05
68544d09b8bc589b410afcd3,300749.SZ,顶固集创,2024-06-15,5,1.0245109796524048,0,5406,0.00019584483
8a22f9e937e9a94c9a35b969,300751.SZ,迈为股份,2024-06-15,9,3.7128937244415283,0,5406,0.000256803
618108b030c7dffcf3b2efd5,300752.SZ,隆利科技,2024-06-15,11,4.083927631378174,0,5406,0.0002903962
0a8dd80763e33b4e7be96599,300760.SZ,迈瑞医疗,2024-06-15,10,2.297844171524048,0,5406,0.00021087288
91649c92ccd00304b557fbb2,300768.SZ,迪普科技,2024-06-30,8,1.6880629062652588,0,5406,0.00014471197
4021fa09081b41d339939b47,300771.SZ,智莱科技,2024-06-15,4,0.7325645089149475,0,5406,9.268065e-05
47636f781cd1a27671133bb7,300788.SZ,中信出版,2024-06-15,5,1.4389337301254272,0,5406,0.00012555819
72363765c8977f61bdbf8768,300839.SZ,博汇股份,2024-06-15,3,0.9125765562057495,0,5406,9.6913674e-05
35c09521148705fe305fe1c5,300849.SZ,锦盛新材,2024-06-15,4,1.6520568132400513,0,5406,0.00016381197
dc92047063001bc68c35e26d,300853.SZ,申昊科技,2024-06-15,8,2.9877772331237793,0,5406,0.00023950587
08d61a239b8b900fdad6a4b9,300883.SZ,龙利得,2024-06-30,12,3.4054911136627197,0,5406,0.00027305816
1ac21f92b7ef2092b6149f80,300894.SZ,火星人,2024-06-15,8,3.234611988067627,0,5406,0.00024624838
435fcb1466d314e507a06282,300897.SZ,山科智能,2024-06-15,9,3.7123496532440186,0,5406,0.00024310229
d7962eab938415327170f0f5,300899.SZ,*ST凯鑫,2024-06-15,5,1.4864190816879272,0,5406,0.00020038203
8e6cdaa2f5d5c5114286d396,300902.SZ,国安达,2024-06-15,1,0.14112508296966553,0,5406,5.308719e-05
df02cdcbc6948f538e03e19b,300915.SZ,海融科技,2024-06-15,8,2.7473387718200684,0,5406,0.00028761412
c651c006acba5f7fb53874e0,301018.SZ,申菱环境,2024-06-15,8,2.381239175796509,0,5406,0.00021971462
11cc0f3e2a12a9f813be1dd2,301035.SZ,润丰股份,2024-06-15,5,1.063651204109192,0,5406,9.644899e-05
3a7ca54204273318ed5c48f2,301062.SZ,上海艾录,2024-06-30,6,0.7700969576835632,0,5406,9.324268e-05
b72282373759b2455e8de0c9,301076.SZ,新瀚新材,2024-06-15,10,2.1588447093963623,0,5406,0.00018745677
769e5eb9f689dbbd1e7f904c,301380.SZ,挖金客,2024-06-15,8,3.016761541366577,0,5406,0.00024001411
8fb40816ceefd752eb11295c,301469.SZ,恒达新材,2024-06-15,7,1.5139232873916626,0,5406,0.00014925239
30a6b570ac5402dcbfb3d8ca,601066.SH,中信建投,2024-06-30,11,3.0299298763275146,0,5406,0.00021980141
6a471befa328a35430c13d99,601869.SH,长飞光纤,2024-06-30,3,0.8685660362243652,0,5406,9.433621e-05
eed0fefb5d75a59fc0f38abc,603150.SH,万朗磁塑,2024-06-30,3,0.6596495509147644,0,5406,8.1472426e-05
b2468ce237591c4a141cd51f,603220.SH,中贝通信,2024-06-15,10,2.7167367935180664,0,5406,0.00022581105
0a29e55a4090fc5105e2f867,603256.SH,宏和科技,2024-06-15,10,3.068281650543213,0,5406,0.00023123725
1eef13d3f7c43f53f8549d06,603267.SH,鸿远电子,2024-06-15,6,3.5357282161712646,0,5406,0.0002530627
a48d04aabd49a420f39b522c,603279.SH,景津装备,2024-06-15,3,0.5096649527549744,0,5406,9.2424685e-05
f0f334ceac9e1c8ccc4f0f9e,603301.SH,振德医疗,2024-06-15,9,2.2140185832977295,0,5406,0.00023066933
1a2bab2c032a725b89fc738f,603353.SH,和顺石油,2024-06-30,3,1.1429449319839478,0,5406,0.00014542954
87afe6464fa516f0760ceace,603516.SH,淳中科技,2024-06-15,11,2.8446767330169678,0,5406,0.000257216
6c9a6948f56e00625fe0219f,603693.SH,江苏新能,2024-06-15,10,3.09613037109375,0,5406,0.00021682821
e7dcba66359e3571037c88ad,603700.SH,宁水集团,2024-06-15,8,4.191106796264648,0,5406,0.00026378254
41bef235643425c013b0a007,603706.SH,东方环宇,2024-06-15,5,1.8010860681533813,0,5406,0.00014610759
03f651ac83462b8e6fbe5843,603722.SH,阿科力,2024-06-15,8,2.6669111251831055,0,5406,0.00021491798
e2e42f850662c1121c31fd62,603755.SH,日辰股份,2024-06-30,3,0.6935814619064331,0,5406,9.472693e-05
81b768273d434688834505e0,603773.SH,沃格光电,2024-06-15,7,1.2917025089263916,0,5406,0.00012693179
caa1c6a4bd8938b06097dbc9,605098.SH,行动教育,2024-06-15,7,2.0405306816101074,0,5406,0.00016711318
a0010594403af681d75f718f,605178.SH,时空科技,2024-06-30,5,1.8927773237228394,0,5406,0.0001987423
bb241e786ff895532ff5ed28,605266.SH,健之佳,2024-06-15,5,1.7933354377746582,0,5406,0.00015525424
d47f7ea44343520e141477f9,001210.SZ,金房能源,2024-06-30,4,2.8142762184143066,0,5406,0.00020539301
fdce767dc28524b72beddc7b,002937.SZ,兴瑞科技,2024-06-15,11,3.496603012084961,0,5406,0.00025114356
dbce5361371fbcc1d127883f,002940.SZ,昂利康,2024-06-30,11,3.4126832485198975,0,5406,0.00030114554
af22a89eb1899b83897f4641,002941.SZ,新疆交建,2024-06-30,8,2.87172532081604,0,5406,0.00026056118
1ffdc39f636bd7ce3c5cb06d,003010.SZ,若羽臣,2024-06-30,7,3.0694491863250732,0,5406,0.0002357193
c634c9da11f8883ab3307a15,300454.SZ,深信服,2024-06-15,7,2.1496388912200928,0,5406,0.00016663063
f46c702805c2f938aa58c100,300654.SZ,世纪天鸿,2024-06-30,1,0.10868947952985764,0,5406,3.544846e-05
b559e681dcc84e3479214c31,300694.SZ,蠡湖股份,2024-06-15,4,1.3624399900436401,0,5406,0.00013671514
a84ca9c6d277f7a435b396ee,300705.SZ,九典制药,2024-06-15,7,1.3517067432403564,0,5406,0.00014936278
c0754021c5a4c7da47a63ea9,300748.SZ,金力永磁,2024-06-15,8,2.8477354049682617,0,5406,0.00020366475
9b30ca4cc1884173c189e70f,300753.SZ,爱朋医疗,2024-06-15,7,2.3477532863616943,0,5406,0.0002051431
5e2e65138378545d5689b670,300757.SZ,罗博特科,2024-06-15,8,1.711550235748291,0,5406,0.00017117032
654c4ed73e5e02639fe73920,300758.SZ,七彩化学,2024-06-15,9,3.0395565032958984,0,5406,0.00025147948
44a5944af37238dbe136c137,300759.SZ,康龙化成,2024-06-15,4,1.240955114364624,0,5406,0.00013848138
9c937482a1257e506fbb265c,300775.SZ,三角防务,2024-06-15,6,1.8009425401687622,0,5406,0.00014885391
c61ef9a66de1a93299eaf887,300776.SZ,帝尔激光,2024-06-15,10,3.110600709915161,0,5406,0.00022198654
111dc0eedbc0eb3d11251f87,300811.SZ,铂科新材,2024-06-30,9,1.910781979560852,0,5406,0.00014928
cf76d23c2e73af2ba4c3b20e,300818.SZ,耐普矿机,2024-06-15,4,1.0280039310455322,0,5406,0.00015195076
84bb6a5ae898ca135722fb27,300835.SZ,龙磁科技,2024-06-15,6,0.7861212491989136,0,5406,8.182299e-05
ca2d7fde5e2380bfd58b29c9,300877.SZ,金春股份,2024-06-15,5,2.1838645935058594,0,5406,0.00021366143
c8aac0849fe62922eb6061b8,300896.SZ,爱美客,2024-06-30,7,1.7496771812438965,0,5406,0.00018759495
dddb7d2cc3d76e3c2801c47d,300981.SZ,中红医疗,2024-06-15,9,1.740364670753479,0,5406,0.0002102661
13d56a125cc77470532a0547,301042.SZ,安联锐视,2024-06-15,9,2.8298168182373047,0,5406,0.00023444413
148d5ce6731c27ba81da2530,301226.SZ,祥明智能,2024-06-15,9,2.4088692665100098,0,5406,0.00020894903
50aad85a1ecf2a928fa60447,301258.SZ,富士莱,2024-06-15,3,0.5033329129219055,0,5406,7.241336e-05
c03e19b831240a071c017656,301266.SZ,宇邦新材,2024-06-30,6,1.819450855255127,0,5406,0.00016319177
3ea1a1d6ab0ca8e8dbcdb841,301335.SZ,天元宠物,2024-06-15,7,1.6791452169418335,0,5406,0.00018483993
a4d6cd98e1f5c08deb34d56d,301505.SZ,苏州规划,2024-06-15,7,2.285186529159546,0,5406,0.00019263904
02683fc82d3891c23279f0dc,601236.SH,红塔证券,2024-06-30,6,3.299710750579834,0,5406,0.00024043412
08529a52c98eae4a7a220e0c,603080.SH,新疆火炬,2024-06-30,3,0.42614510655403137,0,5406,5.8671918e-05
f40088840eb84d05edefd307,603121.SH,华培动力,2024-06-15,4,0.7533722519874573,0,5406,9.298415e-05
46778652c0200513302c2b90,603192.SH,汇得科技,2024-06-15,11,2.1382813453674316,0,5406,0.00019362828
24b01f8bd01023aba97feede,603259.SH,药明康德,2024-06-15,9,2.5075106620788574,0,5406,0.00024489444
53a0b9a1c3958e2742f0d6b3,603277.SH,银都股份,2024-06-15,7,1.2320839166641235,0,5406,0.00014781003
1b169a377e0abb550a4df898,603297.SH,永新光学,2024-06-15,10,2.526373863220215,0,5406,0.00021802098
d4688e60ecd19ac47549ff0c,603527.SH,众源新材,2024-06-15,6,2.7213363647460938,0,5406,0.00019692474
8432afa0812028048bbf7a39,603629.SH,利通电子,2024-06-15,3,0.8865908980369568,0,5406,0.00011990843
7488fabb95649999a5b4c1a4,603650.SH,彤程新材,2024-06-15,9,2.3910555839538574,0,5406,0.00019891693
d2548c4e3eaa4bf8b45d9a81,603657.SH,春光科技,2024-06-15,5,1.1739803552627563,0,5406,0.00016346628
bb7c57ddf581d4b8acd8de38,603662.SH,柯力传感,2024-06-15,5,1.2752453088760376,0,5406,0.00015090745
4a6e10d89852e6a8617521f7,603681.SH,永冠新材,2024-06-30,4,1.0715546607971191,0,5406,0.000108298795
9a6233b5ef9b330e271cb41b,603697.SH,有友食品,2024-06-15,9,3.50053334236145,0,5406,0.00024728777
9c43b17349d5c70bd7a579c6,603713.SH,密尔克卫,2024-06-30,4,1.8324978351593018,0,5406,0.000186897
e372e202ddecf73198eea854,603739.SH,蔚蓝生物,2024-06-15,10,2.5889148712158203,0,5406,0.00021255303
c15bcd3a150ad646780a2d37,603790.SH,雅运股份,2024-06-30,5,0.7098143696784973,0,5406,7.90443e-05
1c44c7d750cf0c43b910b15f,603810.SH,丰山集团,2024-06-15,11,3.541323661804199,0,5406,0.00023540313
01531e252c7957889e26c3f2,603876.SH,鼎胜新材,2024-06-30,10,3.8254876136779785,0,5406,0.00029019723
37e7f854f9b87079ec70fa9d,603915.SH,国茂股份,2024-06-30,7,1.5431921482086182,0,5406,0.00017586451
c7ff32d2bc23b2b28746aa92,605088.SH,冠盛股份,2024-06-30,2,0.2579426169395447,0,5406,5.209615e-05
38d89a12f9391e2ea9866d30,605183.SH,确成股份,2024-06-30,4,1.057673692703247,0,5406,0.00011009469
7bd739f66e6accc259aafd7d,001296.SZ,长江材料,2024-06-30,2,0.3259654641151428,0,5406,6.5754255e-05
0c3bff720ec8d1a7c83df662,001330.SZ,博纳影业,2024-06-30,2,0.36687707901000977,0,5406,4.9536888e-05
cc2af1aac8f31ee890071ec3,002938.SZ,鹏鼎控股,2024-06-30,7,1.6102348566055298,0,5406,0.00016087486
3f9bdcfa52fca3928e7c4f4a,002943.SZ,宇晶股份,2024-06-15,8,2.1000263690948486,0,5406,0.0001911138
f78a78fa68445b44f0df4918,002946.SZ,新乳业,2024-06-30,10,4.385809898376465,0,5406,0.00028929772
74189e3cea9b9b8b0d6b51f2,002947.SZ,恒铭达,2024-06-30,10,2.6846463680267334,0,5406,0.00023269853
6d41827985704905e368c2f1,002949.SZ,华阳国际,2024-06-30,7,2.113525629043579,0,5406,0.00018218526
f851ba2cade128f4f09851e9,002950.SZ,奥美医疗,2024-06-30,11,1.9987932443618774,0,5406,0.00020682625
cf8c491f7993e88fc7f422bc,002952.SZ,亚世光电,2024-06-15,8,3.661269426345825,0,5406,0.0002552408
f843678b0013a5e32cd37fbc,002967.SZ,广电计量,2024-06-15,11,3.0966386795043945,0,5406,0.00027449007
7371f4d85f52daad04e61165,002996.SZ,顺博合金,2024-06-15,5,2.3727335929870605,0,5406,0.00020541906
fb8d8284225037b4eb72cbc2,003004.SZ,*ST声迅,2024-06-30,5,1.980371356010437,0,5406,0.00016760174
914438796e601c1e2e2ed60b,003012.SZ,东鹏控股,2026-04-15,6,1.3278192281723022,0,5406,0.00014553768
684f083712f6aceadf81a150,300594.SZ,朗进科技,2024-06-15,7,1.826949119567871,0,5406,0.00019243921
395aeb5344cd5f485e8b3313,300716.SZ,ST泉为,2024-06-30,3,1.1058958768844604,0,5406,0.000122061356
3ea750bcdf4e7b272488e7be,300736.SZ,百邦科技,2024-06-15,3,0.5522792339324951,0,5406,9.0156165e-05
046a55ca112bd837c77e59ca,300750.SZ,宁德时代,2024-06-15,9,2.5372893810272217,0,5406,0.0002953138
ad4b4cbd684d215765b60651,300762.SZ,上海瀚讯,2024-06-15,10,2.7942864894866943,0,5406,0.00023106692
f790f7d6b6dbf8c7fd48c3cc,300763.SZ,锦浪科技,2024-06-15,6,1.1926809549331665,0,5406,0.00011411806
87d1b21ca1906c3896cedcb6,300766.SZ,每日互动,2024-06-15,8,2.0646309852600098,0,5406,0.00019502596
90925957417ce27fc148b6e0,300772.SZ,运达股份,2024-06-15,7,2.9686481952667236,0,5406,0.00026682462
e12fd5b4f381b639d9c6ee69,300778.SZ,新城市,2024-06-15,8,2.635234832763672,0,5406,0.00021496373
b36f9e1d471b80717241ae30,300780.SZ,德恩精工,2024-06-15,6,2.2203593254089355,0,5406,0.00019077946
2862c5ba86f5b469ae24aef7,300789.SZ,唐源电气,2024-06-15,8,3.2061963081359863,0,5406,0.00023688168
4178e4806b9eb159052fe0f6,300795.SZ,米奥会展,2024-06-15,5,0.8267087340354919,0,5406,0.00015721876
4f5c3ee3c0aa7946a356df32,300803.SZ,指南针,2024-06-15,5,1.934070110321045,0,5406,0.00017737271
af00d5fd3a463202dc1f2eab,300828.SZ,锐新科技,2024-06-15,8,2.092449903488159,0,5406,0.00018658966
60cacf4bba623c24a6b83902,300832.SZ,新产业,2024-06-15,8,2.5846500396728516,0,5406,0.00020612261
e12d04c59b62150151b69772,300845.SZ,捷安高科,2024-06-15,1,0.14344221353530884,0,5406,4.4143944e-05
ada189cf2b3a0f42ac9b24a4,300859.SZ,西域旅游,2024-06-15,7,2.494131326675415,0,5406,0.00017917271
f8aab16b98ca8350e6cf51b9,300890.SZ,翔丰华,2024-06-15,6,1.3512210845947266,0,5406,0.00012266495
efa3159eebd71eff593b4a98,300960.SZ,通业科技,2024-06-15,7,1.723455786705017,0,5406,0.00016009205
6412b260236cc4a081969772,301191.SZ,菲菱科思,2024-06-15,9,1.7421536445617676,0,5406,0.00018588855
9f67bfab47cc7329e5882de3,301263.SZ,泰恩康,2024-06-15,10,2.7701213359832764,0,5406,0.00025029955
864b5f6ef363fd3a71867499,301419.SZ,阿莱德,2024-06-15,9,2.772430419921875,0,5406,0.0002251031
1dbd9eb69171a540fb0f559b,301591.SZ,肯特股份,2024-06-15,5,1.1730082035064697,0,5406,0.00013718713
02eea8c4e228a8834099b864,600933.SH,爱柯迪,2024-06-15,10,2.9627466201782227,0,5406,0.00023248706
f58c8e1b2aba8a224570c86a,601187.SH,厦门银行,2024-06-30,7,1.4822739362716675,0,5406,0.00010507495
5688b37411136bc3fe90becc,601298.SH,青岛港,2024-04-05,8,3.8611204624176025,0,5406,0.00023317013
7a38f5c85c801c123616e414,601319.SH,中国人保,2024-06-30,5,1.6215687990188599,0,5406,0.0001833409
f18f7d3061f5d489a43a7567,601577.SH,长沙银行,2024-06-30,10,2.8991384506225586,0,5406,0.00018680577
085469f230ebaf06d01b78c7,601916.SH,浙商银行,2024-06-30,7,2.7968950271606445,0,5406,0.00018432888
7ba9b62aa90a008ba89a14ae,603045.SH,福达合金,2024-06-15,6,2.2991364002227783,0,5406,0.00018268521
f710a70889df2040b7dbcb3b,603068.SH,博通集成,2024-06-15,7,2.854259490966797,0,5406,0.00021954456
aa0e3a860b3a126f4f2aac9a,603332.SH,苏州龙杰,2024-06-15,14,3.7950856685638428,0,5406,0.00028287136
4f68ceb956f073eaa612e200,603348.SH,文灿股份,2024-06-15,7,1.7863688468933105,0,5406,0.00014941736
f09ae6cca3a5cf59b107f28b,603351.SH,威尔药业,2024-06-30,3,0.3078500032424927,0,5406,5.6213925e-05
e9f9b2d5c45ad4aaf1591881,603583.SH,捷昌驱动,2024-06-15,7,1.8158563375473022,0,5406,0.00020029223
39658bc9b17a967809a263e5,603613.SH,国联股份,2024-06-30,3,0.5980011820793152,0,5406,0.00010930419
a71a98ea5e94406d8b88a222,603937.SH,丽岛新材,2024-06-15,5,1.452040195465088,0,5406,0.00014122673
e86d174785886dcc17c0397d,001201.SZ,东瑞股份,2024-06-30,4,0.9753242135047913,0,5406,8.684679e-05
209de2ee6c0a2c55ec42a25a,001236.SZ,弘业期货,2024-06-15,3,2.144111394882202,0,5406,0.00019258978
d40c80151b60ba92aded77d8,001965.SZ,招商公路,2024-06-30,12,3.4077882766723633,0,5406,0.00022807362
3ee32979647aed886537ef52,002929.SZ,润建股份,2024-06-30,1,0.15547965466976166,0,5406,4.1254403e-05
74b260640288dadb7fdf9168,002930.SZ,宏川智慧,2024-06-15,4,1.7767276763916016,0,5406,0.00017456972
bea7bfab2251cc699d467c4f,002932.SZ,明德生物,2024-06-30,8,2.870150327682495,0,5406,0.00023274591
1de59c75a7f7eadcdd63053e,002933.SZ,新兴装备,2024-06-15,12,3.6980414390563965,0,5406,0.00027863242
5ec24cd51c8f285e5ae98d5a,002951.SZ,金时科技,2024-06-30,7,1.0957821607589722,0,5406,0.000106893276
6798b6f2015bd2e325484856,002956.SZ,西麦食品,2024-06-15,6,1.375846266746521,0,5406,0.00013463081
edd018b2e9d95b8af9a32cbe,002957.SZ,科瑞技术,2024-06-30,8,1.8338372707366943,0,5406,0.0001530253
e2d76630bbeb87aa2e2daff2,002962.SZ,五方光电,2024-06-30,9,2.96657657623291,0,5406,0.00022437869
d115ab6e490824ea1f67505a,002982.SZ,湘佳股份,2024-06-15,8,3.2924816608428955,0,5406,0.00022602436
b5276428b9a3ca669ae40043,002984.SZ,森麒麟,2024-06-15,2,0.46160125732421875,0,5406,0.00011651607
abe12af9fcf649573001a755,300765.SZ,新诺威,2024-06-15,4,1.0533084869384766,0,5406,0.00015240221
907f6998417ecb8c72cd3d00,300770.SZ,新媒股份,2024-06-30,10,3.408862352371216,0,5406,0.0002580104
eda09b361441e4b6b3bac606,300779.SZ,惠城环保,2024-06-15,7,1.0737695693969727,0,5406,0.0001258028
2a7a4ad731021e411ca201f8,300782.SZ,卓胜微,2024-06-15,8,4.071075916290283,0,5406,0.00027184343
bc0ef2b905fbf3e47d396376,300792.SZ,壹网壹创,2024-06-15,8,2.542072057723999,0,5406,0.00021184019
11c1a45cfb4020fadd3ce8cd,300798.SZ,锦鸡股份,2024-06-15,8,3.760737180709839,0,5406,0.00024428524
849ce575fb2881c6dcfb6e69,300813.SZ,泰林生物,2024-06-15,7,1.5604482889175415,0,5406,0.00016525785
37b8a7fc6768b0fced7f06f1,300823.SZ,建科智能,2024-06-15,3,1.7323979139328003,0,5406,0.00018455998
37b0b109a5dc8a07bde73d3c,300824.SZ,北鼎股份,2024-06-15,9,3.0893185138702393,0,5406,0.00029582894
773d1efbf977aa2008f746ee,300851.SZ,交大思诺,2024-06-15,8,2.3165597915649414,0,5406,0.0002005843
c396408d1c33423d96723495,300912.SZ,凯龙高科,2024-06-30,3,1.009073257446289,0,5406,0.00012849447
2f85cda5f3e3f4743add88b9,300970.SZ,华绿生物,2024-06-15,4,2.51427960395813,0,5406,0.0001924069
62717871fc77fd907d5c0e1b,301015.SZ,百洋医药,2024-06-30,6,1.6083060503005981,0,5406,0.0001287543
e0088643d56cfc67910f76af,301168.SZ,通灵股份,2024-06-30,6,1.6775450706481934,0,5406,0.00016778796
a0803a49ef937a4411224919,301302.SZ,华如科技,2024-06-15,7,1.5990560054779053,0,5406,0.0002213956
86e6518c9ba6c4c28e7b7efd,600929.SH,雪天盐业,2024-06-30,1,0.7861265540122986,0,5406,0.00011668191
56c3d3e8fe0655e35bf3b4a7,600989.SH,宝丰能源,2024-06-15,7,1.2184948921203613,0,5406,0.00012342393
9186a13a720008c2602d4c53,601077.SH,渝农商行,2024-06-30,4,1.2687076330184937,0,5406,0.00010745391
79143d4378bbf8c5997f71f3,601138.SH,工业富联,2024-06-15,1,0.6302103996276855,0,5406,9.1396454e-05
0734dca5078fe26912e6775b,601615.SH,明阳智能,2024-06-30,8,1.9964131116867065,0,5406,0.00018926129
e1b486afcaf963383e2212d6,601698.SH,中国卫通,2024-06-30,4,0.9869300127029419,0,5406,0.000108625
957e055d7f1c3c87b1cfc498,603115.SH,海星股份,2024-06-30,7,1.811612606048584,0,5406,0.00014681969
50ea373c838bddb077634c4d,603187.SH,海容冷链,2024-06-30,4,1.250124454498291,0,5406,0.00013206042
5aab8536f23e1332b7648c6d,603212.SH,赛伍技术,2024-06-30,7,2.236514091491699,0,5406,0.0001691782
21255c5d84aa3422b59efc8f,603236.SH,移远通信,2024-06-15,7,2.037294626235962,0,5406,0.00019316524
27c189246aae45d4f4bc741a,603327.SH,福蓉科技,2024-06-15,11,2.900895357131958,0,5406,0.00024128641
9ef26bd1ad42dace3e5d0844,603530.SH,神马电力,2024-07-01,6,1.9344470500946045,0,5406,0.00018005226
cc3530932878cfe7f52980a3,603687.SH,大胜达,2024-06-15,7,1.7794135808944702,0,5406,0.00015873995
c444bca95d951d3ce20863f3,603712.SH,七一二,2024-06-15,2,1.1351720094680786,0,5406,0.00012806244
4309a91984dd0b25d7fa8295,603786.SH,科博达,2024-06-15,10,2.3464512825012207,0,5406,0.00021057663
f54b39ede8e091fe77d2fccd,603863.SH,松炀资源,2024-06-15,8,3.744582176208496,0,5406,0.00025406337
ec82525a3391f12cc188f5fe,603867.SH,新化股份,2024-06-15,10,2.4090967178344727,0,5406,0.0002109855
c827c167e01c7acda209e16a,603927.SH,中科软,2024-06-15,7,1.5224483013153076,0,5406,0.00013479551
f93d22322c9e04a58f5151b7,603956.SH,威派格,2024-06-30,4,1.4648486375808716,0,5406,0.00015153528
1aee882288367d96c4f032b1,603982.SH,泉峰汽车,2024-06-15,10,3.040182113647461,0,5406,0.00023831576
dda053b708468fb095a68535,603992.SH,松霖科技,2024-06-15,5,1.3133374452590942,0,5406,0.0001740807
33f0d28bd35957da74a5da41,605299.SH,舒华体育,2024-06-30,4,0.727178156375885,0,5406,0.00013289449
8ff5123b585bd835a4c8be63,002955.SZ,鸿合科技,2024-06-30,5,1.2962985038757324,0,5406,0.00021623712
5a8b36a233ec6a7d1bdced45,002959.SZ,小熊电器,2024-06-15,10,3.260847806930542,0,5406,0.00031757524
e7772cf901a7296d7e2a667b,002963.SZ,豪尔赛,2024-06-15,7,1.7338454723358154,0,5406,0.00019230532
05ac684fd138d5d5c5d2db99,002968.SZ,新大正,2024-06-30,6,2.1292507648468018,0,5406,0.00022421964
cc53a3307c02dd521e26abe0,002969.SZ,嘉美包装,2024-06-15,8,1.8677258491516113,0,5406,0.00017165784
c282222a096758086c44eb4e,002971.SZ,和远气体,2024-06-15,7,3.2166225910186768,0,5406,0.00025206848
845fb352d8aefb42398c5aab,002972.SZ,科安达,2024-06-15,9,1.6515119075775146,0,5406,0.00013970889
d84223ac672ffd6672f610de,002973.SZ,侨银股份,2024-06-15,8,2.2870187759399414,0,5406,0.00022023282
1dae79f509f21e6b83961541,002977.SZ,天箭科技,2024-06-15,5,1.3680065870285034,0,5406,0.00012212267
08ba39c84cb1b022cb6497ca,002980.SZ,华盛昌,2024-06-15,3,0.40262991189956665,0,5406,6.724505e-05
1fbb1d395c050d2e4a6f3ac4,003043.SZ,华亚智能,2024-06-15,4,0.806079626083374,0,5406,0.00010445595
62fe5d4bd208303837ee5ceb,003816.SZ,中国广核,2024-06-15,3,0.8873926401138306,0,5406,8.9743764e-05
f8b2fa1e66d6d755b7de65aa,300790.SZ,宇瞳光学,2024-06-15,8,3.582282543182373,0,5406,0.0002367175
f18a6e17a75632cd70e99801,300793.SZ,佳禾智能,2024-06-15,7,2.6386494636535645,0,5406,0.0002664393
013e60e09f6db3ca4bb57de0,300796.SZ,贝斯美,2024-06-15,11,3.1225037574768066,0,5406,0.00021072157
8417ac0f6196219356509729,300797.SZ,钢研纳克,2024-06-15,7,0.8192061185836792,0,5406,0.000113345704
3a389ff3cae64506f28b61a6,300802.SZ,矩子科技,2024-06-15,9,2.314398765563965,0,5406,0.00017261965
f21fecea0ab8230d93adcedb,300805.SZ,电声股份,2024-06-15,6,1.0078541040420532,0,5406,0.00014447614
a5e2ae7a3c03ec29b1136a60,300808.SZ,久量股份,2024-06-15,6,0.7882684469223022,0,5406,9.7346885e-05
5c8eb1d40fd5238c810d6894,300809.SZ,华辰装备,2024-06-15,7,1.9553873538970947,0,5406,0.00017936352
524a46a1cec3e1b4272d7474,300815.SZ,玉禾田,2024-06-15,6,1.9149892330169678,0,5406,0.00017720522
4b0d3d3acb2364f26b03828c,300816.SZ,艾可蓝,2024-06-15,5,2.0778250694274902,0,5406,0.00023656938
8416492de231afb3dae67302,300819.SZ,聚杰微纤,2024-06-15,6,0.8174571394920349,0,5406,9.41351e-05
994f0b4062bb054dffa5b960,300825.SZ,阿尔特,2024-06-15,2,0.29988884925842285,0,5406,5.7818594e-05
4f6a486b86fe8638b780a7a1,300826.SZ,测绘股份,2024-06-15,7,2.825751781463623,0,5406,0.0002537878
9b8f915072b56950296d207b,300830.SZ,金现代,2024-06-15,1,0.11291470378637314,0,5406,3.8064827e-05
b3160a21c02fbdd824063103,300858.SZ,科拓生物,2024-06-15,5,1.3795392513275146,0,5406,0.00012761625
43616f88a5fec992537e6426,300860.SZ,锋尚文化,2024-06-15,5,0.7253137826919556,0,5406,8.3601786e-05
7e9308e5fae1dc363092b551,300869.SZ,康泰医学,2024-06-15,9,1.8787745237350464,0,5406,0.00018366336
658c8f39af32d667044105b5,300898.SZ,熊猫乳品,2024-06-15,6,1.1636546850204468,0,5406,0.0001334041
5fee2e2b01d0699318d16af9,301020.SZ,密封科技,2024-06-15,7,1.6795374155044556,0,5406,0.00016832356
d1a61cab1be302303d0e8824,600956.SH,新天绿能,2024-06-30,3,0.36025914549827576,0,5406,5.338931e-05
ac69b4cfe17ddce3e497e4dc,601609.SH,金田股份,2024-06-30,10,2.7473361492156982,0,5406,0.00023353116
61bf540fb3048a52ba973e34,601963.SH,重庆银行,2024-06-15,10,3.804827928543091,0,5406,0.00022720304
0362ae0bb8aaead22fa8147f,603053.SH,成都燃气,2024-06-15,9,3.864924907684326,0,5406,0.0002631777
162af9bad89fd5dbe634d130,603195.SH,公牛集团,2024-06-15,3,0.5452253818511963,0,5406,8.9741254e-05
160c390f69a120e4d6dabad0,603290.SH,斯达半导,2024-06-30,6,1.6089013814926147,0,5406,0.00012755359
c0512d5662b1338628347540,603390.SH,通达电气,2024-06-15,6,2.3014543056488037,0,5406,0.00021201189
ef3dd10a19ed97e88b2ca580,603489.SH,八方股份,2024-06-15,7,2.04179048538208,0,5406,0.00018808001
5f8cd31c26dffee3f359bb25,603529.SH,爱玛科技,2024-06-15,5,1.844384789466858,0,5406,0.00019911368
c4ac4f9f352b4dbebbc16dd0,603551.SH,奥普科技,2024-06-15,6,1.8617572784423828,0,5406,0.00021415907
5cdc38a73a33ba371e24b841,603610.SH,麒盛科技,2024-06-15,9,1.7037616968154907,0,5406,0.0001869485
1a9afa928c7199147ce18e6a,603719.SH,良品铺子,2024-06-15,7,3.3935656547546387,0,5406,0.00026392261
b36e759296a30179058b730b,603815.SH,交建股份,2024-06-15,10,3.3736040592193604,0,5406,0.00025970387
b55ae4902af5b860696d7d25,603948.SH,建业股份,2024-06-15,13,3.2219133377075195,0,5406,0.00027155018
c14e3c52225ccbb198b11666,603950.SH,长源东谷,2024-06-30,7,1.8352859020233154,0,5406,0.00019257468
224d4a69bb85a5b1d78af2fd,603995.SH,甬金股份,2024-06-15,9,2.746992349624634,0,5406,0.00021846431
19cb2f15749c75e4b72c927b,605090.SH,九丰能源,2024-06-30,3,1.0517702102661133,0,5406,0.000115327915
16658dba39e85028fa1fc30c,605339.SH,南侨食品,2024-06-15,6,1.9435360431671143,0,5406,0.00020107332
40af3748349a85e3d9be4986,605368.SH,蓝天燃气,2024-06-30,11,3.877753496170044,0,5406,0.0002765001
6c6f4f997e2ba445f1cb3f67,001313.SZ,粤海饲料,2024-06-30,8,2.3916454315185547,0,5406,0.0002062539
75c163d12c4b936f40361cd3,002975.SZ,博杰股份,2024-06-30,5,2.509272575378418,0,5406,0.00019679755
865947da79e926e770cc177e,002976.SZ,瑞玛精密,2024-06-15,12,2.4130685329437256,0,5406,0.00021023244
115cbd239d9099ccc15ea9ee,002983.SZ,芯瑞达,2024-06-15,8,1.3919668197631836,0,5406,0.00012183289
484ac0b12b8e18a544237b77,002985.SZ,北摩高科,2024-06-30,11,2.0154850482940674,0,5406,0.00019574873
cd45fcb56de86513e2df685a,002987.SZ,京北方,2024-06-15,8,2.1869311332702637,0,5406,0.00020327035
905dd86ce69bcc7018c8d817,002993.SZ,奥海科技,2024-06-15,3,0.6025541424751282,0,5406,9.264334e-05
5b83dc7987c78827dc009580,003008.SZ,开普检测,2024-06-15,8,2.8358476161956787,0,5406,0.00023956674
43c2c0c92329ec6ea1963c70,300812.SZ,易天股份,2024-06-15,11,2.977675676345825,0,5406,0.00023369587
f1d8f6d352967759c5dae613,300821.SZ,东岳硅材,2024-06-30,10,1.668945074081421,0,5406,0.00015367253
75c276045a1f302c339e05e8,300822.SZ,贝仕达克,2024-06-15,8,2.3653452396392822,0,5406,0.00020513304
0aafdae469c77e1878eae345,300831.SZ,派瑞股份,2024-06-15,3,1.1154756546020508,0,5406,0.000117879994
0ceaf8015e7bb25190566668,300833.SZ,浩洋股份,2024-06-15,7,1.1349648237228394,0,5406,0.00013035482
0d80ea63bf56ac8d5ae662d2,300836.SZ,佰奥智能,2024-06-15,11,3.5498554706573486,0,5406,0.0002672771
a5b5711635ab93ca69bcc3f9,300838.SZ,浙江力诺,2024-06-15,9,2.3538262844085693,0,5406,0.00023335656
fe32ef2f0e129b9e05aa6309,300840.SZ,酷特智能,2024-06-15,0,0.0,55,1,2.7262813e-05
f41491c2722c69013eaa4ecc,300841.SZ,康华生物,2024-06-15,10,2.99027681350708,0,5406,0.00024190969
65fcdb4ae967e90b33749ecf,300842.SZ,帝科股份,2024-06-15,3,0.9419158101081848,0,5406,9.5529715e-05
ff764acbcc14c632a822faab,300843.SZ,胜蓝股份,2024-06-15,11,2.314770460128784,0,5406,0.00021928424
b783be088e4f4aac7a4ea12d,300861.SZ,美畅股份,2024-06-30,8,3.6882386207580566,0,5406,0.00026815743
cfe8a2c10b5910f7c450bbd7,300892.SZ,品渥食品,2024-06-15,3,0.3981030583381653,0,5406,5.9449554e-05
2bd263d88cad081bfa68d4b8,300928.SZ,华安鑫创,2024-06-15,10,3.1442389488220215,0,5406,0.00025655312
03b6c94a5ca600b192a75d06,601598.SH,中国外运,2024-04-05,9,1.7449640035629272,0,5406,0.00021568699
35c59412cdb56e41f81edf92,601696.SH,中银证券,2024-04-05,7,2.29779314994812,0,5406,0.00016282636
219436967e9a8e368600f7ab,601702.SH,华峰铝业,2024-06-30,8,2.6883132457733154,0,5406,0.00022315767
5243ffe59e0d2e6a913df2da,601778.SH,晶科科技,2024-06-30,6,1.078318476676941,0,5406,0.00010147596
8d5d1f91cfe14b714b83fb0e,601827.SH,三峰环境,2024-06-30,10,4.118616104125977,0,5406,0.0002742469
bfd5ed696a1ba7f827c23897,601975.SH,招商南油,2024-06-30,8,2.506955623626709,0,5406,0.00022166799
2594bc2ab020a2bf1791624f,603221.SH,爱丽家居,2024-06-30,7,2.316343307495117,0,5406,0.00021000429
151534be512fd86dea68bd5f,603439.SH,三力制药,2024-06-15,10,2.701439142227173,0,5406,0.00023023479
e56a8eb6798d7bb7937d899b,605111.SH,新洁能,2024-06-30,8,2.5131540298461914,0,5406,0.00017762683
0f880272f3a5a65e4a9cd4b0,605128.SH,上海沿浦,2024-06-15,10,2.52773380279541,0,5406,0.00019714204
8a275125834b17b3f192b548,605198.SH,安德利,2024-06-15,8,1.998116135597229,0,5406,0.00017501283
4c37bac5f4e568b024a6b00d,605288.SH,凯迪股份,2024-06-15,9,1.898624062538147,0,5406,0.00019821958
ab51f2d519a5db3e6b9546c9,605289.SH,罗曼股份,2024-06-30,4,1.8010376691818237,0,5406,0.00019220302
bf9592f697874be0fc14310f,605333.SH,沪光股份,2024-06-15,5,1.2565557956695557,0,5406,0.0001277133
563a84523bd9f4dcf09a0dec,605358.SH,立昂微,2024-06-15,10,3.5572285652160645,0,5406,0.00028715943
08dff55efc0b953c732bc15d,688001.SH,华兴源创,2024-06-30,8,1.6105308532714844,0,5406,0.00013201054
ea93c8c1c1e95693c99486b9,688002.SH,睿创微纳,2024-06-30,7,2.751814842224121,0,5406,0.00026605383
bb1d50cb4be31799a438ebb4,688005.SH,容百科技,2024-06-30,9,1.8792645931243896,0,5406,0.0001552389
ae06f75d32224cf539876170,688007.SH,光峰科技,2024-06-30,2,0.6339783668518066,0,5406,0.0001080437
365230cfc3bc095a5b836166,688027.SH,国盾量子,2024-06-15,0,0.0,56,1,2.7262813e-05
153557b21cf652155c58fa3c,688088.SH,虹软科技,2024-06-30,3,0.6571084260940552,0,5406,9.152838e-05
2f8e6da03ac0472495a9d0a7,688099.SH,晶晨股份,2024-06-30,10,3.819918155670166,0,5406,0.0002785378
1b969dc6ee84ea30346a4680,688116.SH,天奈科技,2024-06-15,8,2.0511441230773926,0,5406,0.00018623882
68ce9d27ca39cfa50488db31,688218.SH,江苏北人,2024-06-30,6,0.8458476662635803,0,5406,8.923004e-05
b77d051318bf6bd8ab9fb021,688278.SH,特宝生物,2024-06-30,7,2.558577537536621,0,5406,0.00026936372
b564616f14da6395acb3d676,688321.SH,微芯生物,2024-06-15,10,2.1821224689483643,0,5406,0.000210319
ca46c53db26fdb70c014bcbc,688499.SH,利元亨,2024-06-30,11,2.9408864974975586,0,5406,0.00024482855
b95a829dbe6c06b41b3451db,688526.SH,科前生物,2024-06-30,8,3.302187442779541,0,5406,0.00021943223
ac74cf505d1986d76185db85,002986.SZ,宇新股份,2024-06-15,6,3.1587929725646973,0,5406,0.00029405538
e336e128277d8e447812b99b,002988.SZ,豪美新材,2024-06-30,3,0.6777036190032959,0,5406,8.928126e-05
c10eb8065251b408856612ff,002991.SZ,甘源食品,2024-06-30,4,1.400065541267395,0,5406,0.00012286598
38c7ad866886a8fe1a047663,300846.SZ,首都在线,2024-06-15,8,3.216592311859131,0,5406,0.00024043059
aabc70dc23ea634548a61702,603095.SH,越剑智能,2024-06-15,5,1.5997943878173828,0,5406,0.00021774229
10556d5d64b857e0f03dd988,603565.SH,中谷物流,2024-06-15,9,3.0549654960632324,0,5406,0.0002348417
3a3c1a892577957375739119,605001.SH,威奥股份,2024-06-30,5,2.0055387020111084,0,5406,0.00020160674
8d5a467f1eafb423a5b9d53f,605008.SH,长鸿高科,2024-06-30,4,0.8014383912086487,0,5406,9.318256e-05
a81104d8c75237393e6bf0ec,605100.SH,华丰股份,2024-06-15,7,2.223156213760376,0,5406,0.00023762714
f9cae99acb3d0742eceaca38,605188.SH,国光连锁,2024-06-30,10,3.6733558177948,0,5406,0.00025133463
e55b38a9a3cc2e44bc3c05d6,688003.SH,天准科技,2024-06-15,9,3.806173324584961,0,5406,0.0002640818
708614f4d26584faafa29bac,688008.SH,澜起科技,2024-06-30,1,0.1743057668209076,0,5406,4.704799e-05
0ed6127ad891c3e90ffa0610,688010.SH,福光股份,2024-06-30,8,2.5970778465270996,0,5406,0.00018969689
664d209aad28e10271dbaefc,688011.SH,新光光电,2024-06-30,6,2.465886116027832,0,5406,0.00018718377
9df47e8d3a351b0e4a0491cd,688012.SH,中微公司,2024-06-30,5,1.9278907775878906,0,5406,0.00015673021
b30ae43746883b05eb08097c,688015.SH,交控科技,2024-06-30,8,2.690802812576294,0,5406,0.00021720787
b9f62d1ea189f32186c44fd3,688016.SH,心脉医疗,2024-06-30,12,3.3982014656066895,0,5406,0.00027357513
8498f578ba7225ebf6b84656,688018.SH,乐鑫科技,2024-06-30,4,1.9545799493789673,0,5406,0.00016065339
f5b9c5bb6b802e9a5de846f2,688019.SH,安集科技,2024-06-30,10,3.028529167175293,0,5406,0.00024328065
d58ac849fe9359d533efe845,688022.SH,瀚川智能,2024-06-15,9,1.4470654726028442,0,5406,0.00012925516
c4b363ce3687bed2b142d607,688023.SH,安恒信息,2024-06-30,6,2.4438438415527344,0,5406,0.00018781281
bac13d20dda5ef49d9c9e7a0,688028.SH,沃尔德,2024-06-30,9,3.0970566272735596,0,5406,0.00023507501
7899a047a2f6d14265685ebe,688030.SH,山石网科,2024-06-15,9,2.718506336212158,0,5406,0.00021180087
670c23edb1bb2a9d59951266,688033.SH,天宜新材,2024-06-15,14,3.1497058868408203,0,5406,0.00026681862
6a57a039b85963fdf32898fd,688036.SH,传音控股,2024-06-15,3,0.4200802147388458,0,5406,8.891541e-05
4088a02c90f6e1a80840c21c,688039.SH,当虹科技,2024-06-15,6,1.694887399673462,0,5406,0.00019649863
2ec7c7dfd64da95115176959,688057.SH,金达莱,2024-06-15,6,0.9398744106292725,0,5406,0.00011577284
4c436a3811ad73c5d9331e35,688066.SH,航天宏图,2024-06-15,6,1.839577078819275,0,5406,0.00018263035
5a44cc633766fb64775e1ee6,688068.SH,热景生物,2024-06-15,10,3.2656521797180176,0,5406,0.00025087775
ed258c3f6dc5bdc8c68cadee,688078.SH,龙软科技,2024-03-25,7,1.4801315069198608,0,5406,0.00013637562
cadf645f4b5022293289a3a4,688097.SH,博众精工,2024-04-05,9,2.0464401245117188,0,5406,0.0001789332
e8e2be377205141be079d67b,688100.SH,威胜信息,2024-06-30,13,3.356110095977783,0,5406,0.00025630157
843da5b8ab56a4f9f6bd8e8c,688108.SH,赛诺医疗,2024-06-30,7,2.065439462661743,0,5406,0.00017637857
d3e3f4bf21d860e389357793,688123.SH,聚辰股份,2024-06-15,9,1.7602251768112183,0,5406,0.0001644362
521d5c5ce3fc5def3d0069b4,688133.SH,泰坦科技,2024-06-30,4,0.4501379430294037,0,5406,7.5076634e-05
93d6ed92efab7bb890828514,688139.SH,海尔生物,2024-04-05,6,2.4449868202209473,0,5406,0.0002567797
53176d74c7b7e3bdab872609,688158.SH,优刻得-W,2024-06-30,6,1.044534683227539,0,5406,9.8775185e-05
8af5676bd2baa68e7d99de96,688166.SH,博瑞医药,2024-03-25,6,1.2351120710372925,0,5406,0.00014234595
809ed8ebca870406f2f04e1c,688168.SH,安博通,2024-06-30,5,1.133699893951416,0,5406,0.00013238189
1a3d8e0d548cddea2fed213a,688169.SH,石头科技,2024-06-30,8,2.155337333679199,0,5406,0.00022897136
d4eded78876c3529a684c74d,688186.SH,广大特材,2024-06-30,13,4.157947063446045,0,5406,0.00029156165
e6a8386c6d3e0aef748f5e19,688188.SH,柏楚电子,2024-06-30,8,2.2416930198669434,0,5406,0.00026912216
04337250ee35613fe976225f,688258.SH,卓易信息,2024-06-15,10,1.8566266298294067,0,5406,0.0001654137
04db8af78244c41e75c4bffe,688268.SH,华特气体,2024-06-15,7,3.2315011024475098,0,5406,0.00024617196
73df5fea1629241390f51404,688288.SH,鸿泉技术,2024-06-30,6,1.1809911727905273,0,5406,0.00012704932
c571098e6e2efa940d4bfeb1,688333.SH,铂力特,2024-06-30,6,1.147768259048462,0,5406,0.00014112485
d339bc36a57b971bcff17fee,688363.SH,华熙生物,2024-06-30,6,1.5992379188537598,0,5406,0.00018877129
9a83ae635fac9bd885c2a4e7,688513.SH,苑东生物,2024-06-15,8,1.278637170791626,0,5406,0.00015857005
4c850dceba6096b2fb32a843,688568.SH,中科星图,2024-06-30,6,1.9915177822113037,0,5406,0.00019016392
bd27fe42098f5a3233bd2d88,688787.SH,海天瑞声,2024-06-15,2,0.5001856684684753,0,5406,8.477559e-05
1a867166a487ac66087cf737,003009.SZ,中天火箭,2024-06-15,2,0.9569104909896851,0,5406,0.0001256031
28018fbaf25d7525f649eb81,300850.SZ,新强联,2024-06-15,12,2.961397647857666,0,5406,0.00024399455
4e8ae0d6a7f9253082da86c6,300862.SZ,蓝盾光电,2024-06-15,9,3.064716100692749,0,5406,0.00026987263
70e00eaf09f8981936c683f4,301237.SZ,和顺科技,2024-06-15,15,3.9526844024658203,0,5406,0.0002941928
644bdcb32dd3edbba11acbbb,301372.SZ,科净源,2024-06-15,11,3.6938023567199707,0,5406,0.00036973992
8e71787d26beeb32782c4f8b,605050.SH,福然德,2024-06-30,2,0.33072274923324585,0,5406,8.7947956e-05
54107d817591f0802b83f331,605166.SH,聚合顺,2024-06-30,9,2.190152645111084,0,5406,0.0001984129
765f95099fc75f3f6280c067,605168.SH,三人行,2024-06-30,7,1.885038137435913,0,5406,0.0001621405
8ae6af55aede32e4119bd3df,605366.SH,宏柏新材,2024-06-15,12,3.4021387100219727,0,5406,0.00026612903
0834b414f6f5d41d8d8f8a5e,605389.SH,长龄液压,2024-04-05,6,2.0153377056121826,0,5406,0.00019832775
5f8045e8acbc4a03216de4f1,688006.SH,杭可科技,2024-06-15,9,1.6929676532745361,0,5406,0.0001785738
92f39b72ed4bb7365c585657,688009.SH,中国通号,2024-06-30,10,3.459514856338501,0,5406,0.00027963298
bde4ef97ec56e52d525553f1,688020.SH,方邦股份,2024-06-30,8,1.5754940509796143,0,5406,0.00013665261
b54c5319770226793f741ed6,688021.SH,奥福科技,2024-06-30,5,1.0366765260696411,0,5406,0.00014499454
ba3664f0104de574f636502e,688025.SH,杰普特,2024-06-15,11,3.1274988651275635,0,5406,0.000255607
1dce84ccf1f78b85dc648100,688029.SH,南微医学,2024-06-30,10,3.1281449794769287,0,5406,0.00025474318
e96f5f73723c4a4b35260f4e,688051.SH,佳华科技,2024-03-20,7,1.8062570095062256,0,5406,0.0002024107
5d98712630681e60a96c1a4a,688058.SH,宝兰德,2024-03-20,9,2.257227897644043,0,5406,0.00020800128
2c417de1147dd7c3e41f3f5d,688080.SH,映翰通,2024-03-25,11,2.7090091705322266,0,5406,0.00024746504
d52ef12a2b8dee5e02d5a81f,688089.SH,嘉必优,2024-06-30,8,2.297846794128418,0,5406,0.0002061976
ab4f15eda951b7475755bc9a,688098.SH,申联生物,2024-06-15,8,2.850109338760376,0,5406,0.0002067383
ec238976256569b281b5dfbe,688101.SH,三达膜,2024-06-30,5,1.1715593338012695,0,5406,0.00015345548
0ca3b79bde7013716e211f12,688111.SH,金山办公,2024-06-30,6,1.2119545936584473,0,5406,0.00013139576
db5123cb3f3f1f06c643812d,688122.SH,西部超导,2024-06-30,3,1.087108850479126,0,5406,9.913578e-05
4fdf7eb2ea8bcdf4ef5409f2,688126.SH,沪硅产业,2024-06-30,7,3.31986141204834,0,5406,0.00022161924
b5d630e8843b3772fdaeeabf,688128.SH,中国电研,2024-06-30,10,2.016305685043335,0,5406,0.00018491487
1e20f85074088aadac85bf08,688159.SH,有方科技,2024-06-30,8,1.740443229675293,0,5406,0.00016425345
5ce5da9dcaaf0da6ebd170a0,688163.SH,赛伦生物,2024-06-30,4,1.3672330379486084,0,5406,0.00014030054
dde7aff991efe5d8262fab4f,688178.SH,万德斯,2024-06-30,8,1.2656197547912598,0,5406,0.00016718588
714c2db0ae9b98d2ff9b257c,688181.SH,八亿时空,2024-06-30,9,1.2966926097869873,0,5406,0.00012507515
597722e6e55cba80bb0e6e50,688196.SH,卓越新能,2024-06-30,1,0.10931027680635452,0,5406,3.5912253e-05
8df9647bc3dc53c6a5f41e38,688198.SH,佰仁医疗,2024-06-30,8,1.7715688943862915,0,5406,0.00015699811
d6f9e1ee23b83bc68454719f,688199.SH,久日新材,2024-06-30,11,3.3435654640197754,0,5406,0.0002619941
0679d832aa76ebc39978eced,688202.SH,美迪西,2024-04-05,9,2.579517364501953,0,5406,0.00021072669
744f90c692e88d6602f97377,688233.SH,神工股份,2024-06-15,9,2.2797179222106934,0,5406,0.00017180335
f560524e6ca03060f54acad9,688298.SH,东方生物,2024-06-30,8,4.1200103759765625,0,5406,0.0002751162
89374aba9dea19110c8113d6,688299.SH,长阳科技,2024-04-05,9,1.8686764240264893,0,5406,0.00015765872
53f8e2e2e1ba08791ab9e3ee,688300.SH,联瑞新材,2024-06-15,14,3.1425089836120605,0,5406,0.00024923528
a8949fbc94a69211a792bbbb,688310.SH,迈得医疗,2024-06-15,6,1.0554065704345703,0,5406,0.0001236145
2cd45483bf4366308b231f52,688357.SH,建龙微纳,2024-06-15,7,2.8104865550994873,0,5406,0.000286543
1dab3845a6132f00b8579d29,688358.SH,祥生医疗,2024-06-15,5,1.0215004682540894,0,5406,0.0001068034
010270868ede61532a407f30,688366.SH,昊海生科,2024-06-30,9,2.7437477111816406,0,5406,0.00023724211
c77308c6c85dd89947be810c,688368.SH,晶丰明源,2024-06-30,3,0.9226550459861755,0,5406,9.564348e-05
8e7df0cc1791f6a18807a772,688369.SH,致远互联,2024-06-15,11,2.774913787841797,0,5406,0.0002504269
244a768928fbe732739257c9,688388.SH,嘉元科技,2024-06-15,7,3.988483428955078,0,5406,0.00023145966
b3eaddf1747bc641d8f7141e,688389.SH,普门科技,2024-06-15,12,2.425363540649414,0,5406,0.00020858092
03e83cb66d3d8e4b39075d7d,688399.SH,硕世生物,2024-06-30,11,3.0659472942352295,0,5406,0.00025502383
08031add03b0d9eaf5851217,688588.SH,凌志软件,2024-06-30,4,0.6404797434806824,0,5406,7.5398755e-05
a7e9284c1baccef5fc480db3,688656.SH,浩欧博,2024-06-15,9,2.7783799171447754,0,5406,0.00022321157
143f80c5a92d91625b602851,689009.SH,九号公司-WD,2024-03-15,5,1.0791422128677368,0,5406,0.00012906079
6f9f34182806c04935995633,002990.SZ,盛视科技,2024-06-15,2,0.8426332473754883,0,5406,0.00014434104
546c16ccf2599eda32923b5b,002997.SZ,瑞鹄模具,2024-06-15,9,2.7323453426361084,0,5406,0.00021928013
bb259a13f1531a74f70056aa,002998.SZ,优彩资源,2024-06-30,10,2.4829623699188232,0,5406,0.00020906479
a61ef3d254e1ec36281e1273,003001.SZ,中岩大地,2024-06-30,7,1.6054551601409912,0,5406,0.0001897457
bbe77562ca2add5f1cd690fa,003013.SZ,地铁设计,2024-06-15,6,2.1605827808380127,0,5406,0.00017161378
d1fa83e2b5ebf1969b995820,003021.SZ,兆威机电,2024-06-15,9,2.472789764404297,0,5406,0.00020597565
0a1cfac3c13a39d4b487080f,003027.SZ,同兴科技,2024-06-15,5,1.5725356340408325,0,5406,0.00019355722
0e1c3fca58dd570c5cf4abe5,003032.SZ,*ST传智,2024-06-30,7,1.141312837600708,0,5406,0.000104328006
975d9fe23a4233a5e594843f,300852.SZ,四会富仕,2024-06-15,11,3.6730663776397705,0,5406,0.00026411974
a79c0228ee771eab01bacbd4,300855.SZ,图南股份,2024-06-30,11,4.253837585449219,0,5406,0.00028527994
3160cd1d3d1e9e591654c1bc,300856.SZ,科思股份,2024-06-15,3,0.4040066599845886,0,5406,6.5906584e-05
a549d9fef43d1d794a56dc6a,300857.SZ,协创数据,2024-06-15,8,1.6337308883666992,0,5406,0.00017882558
a621ac8f871d8fba80030778,300863.SZ,卡倍亿,2024-06-15,7,2.4087955951690674,0,5406,0.00022532759
0d6b72b428a0d4d8859eef1c,300866.SZ,安克创新,2024-06-15,5,1.923417329788208,0,5406,0.00024520306
ebe5f0a9ce6b779becd48bbc,300871.SZ,回盛生物,2024-06-30,7,2.0489413738250732,0,5406,0.00016955024
fcf67d80a3c83652ce38a4b4,300875.SZ,捷强装备,2024-06-15,5,1.2073243856430054,0,5406,0.0001540548
3d38b6aaac520e555657b570,300880.SZ,迦南智能,2024-06-15,12,3.503140449523926,0,5406,0.000259286
49c2a1e368bffe0748a93d7b,300885.SZ,海昌新材,2024-06-15,6,1.0160645246505737,0,5406,0.0001063625
55b4cbd6aa247878d597f915,300889.SZ,爱克股份,2024-06-15,9,2.0438830852508545,0,5406,0.00021269382
1561f2438bcf2e55e2988063,300910.SZ,瑞丰新材,2024-06-30,3,0.6634044051170349,0,5406,8.1982944e-05
605594fa70fc95da997a698c,300978.SZ,东箭科技,2024-06-15,6,1.4749042987823486,0,5406,0.00015636419
c37e8859b6b23dd6f2f492ee,301073.SZ,君亭酒店,2024-06-30,7,1.8147861957550049,0,5406,0.00017154285
06d418e54c522c3b15e39a66,301172.SZ,君逸数码,2024-06-15,9,3.905867576599121,0,5406,0.00026081695
d0c89bd2cbffa123abbc4192,301395.SZ,仁信新材,2024-06-15,4,1.8771052360534668,0,5406,0.000202946
521e8faff791ece94685f460,601665.SH,齐鲁银行,2024-06-30,12,2.6818928718566895,0,5406,0.00017044554
16a4fb009eeabeac5f17a3bc,603408.SH,建霖家居,2024-06-15,8,1.6259708404541016,0,5406,0.00020522188
36b00095daf137a41c5295fd,605003.SH,众望布艺,2024-06-15,6,1.9454233646392822,0,5406,0.00019533365
474d1eda71401331d770eebb,605009.SH,豪悦护理,2024-06-30,9,2.4133083820343018,0,5406,0.00022941198
dedcb9b525597c457397a1e9,605066.SH,天正电气,2024-06-15,8,3.1630029678344727,0,5406,0.00029527908
c7c1d50fc4a8e78fe4243f39,605099.SH,共创草坪,2024-06-30,2,0.41826653480529785,0,5406,6.55147e-05
5f877886f0c2c0ef6db8f509,605116.SH,奥锐特,2024-06-30,6,1.605339527130127,0,5406,0.00015251603
d2cdeb3ffccfb5192f0096e1,605118.SH,力鼎光电,2024-06-15,8,2.6122453212738037,0,5406,0.00018334569
dd9e8620cbbacc1755b3e1a5,605123.SH,派克新材,2024-06-30,9,2.8452672958374023,0,5406,0.0002074463
d849eda12464bc27ca5c9847,605169.SH,洪通燃气,2024-06-30,10,2.9911751747131348,0,5406,0.00022358292
1b01833238173394c0132537,605180.SH,华生科技,2024-06-30,12,3.004333972930908,0,5406,0.0002802563
1bcf2de15906b3c1502293df,605222.SH,起帆电缆,2024-06-15,11,2.2790613174438477,0,5406,0.00021648916
3c33f44bd4e601c0d0806096,605228.SH,神通科技,2024-06-30,6,1.2961454391479492,0,5406,0.00011166293
79194306cb761fd637aa4fa9,605318.SH,法狮龙,2024-06-15,8,1.8708184957504272,0,5406,0.0002195278
467ae47dc83478597766e165,605388.SH,均瑶健康,2024-06-30,9,2.371359348297119,0,5406,0.00022761077
9e4e032f1f9a2fa1397de5d8,605398.SH,新炬网络,2024-06-15,7,2.889277219772339,0,5406,0.00023598732
afb9b7bcece20ff8ff49812f,605399.SH,晨光新材,2024-06-30,14,4.238541603088379,0,5406,0.00032540582
ee57f2f775a017c4ccee1979,688026.SH,洁特生物,2024-03-25,10,2.7746055126190186,0,5406,0.00029472643
7673f3596362c14b901e1043,688069.SH,德林海,2024-06-15,3,0.3683585822582245,0,5406,6.843289e-05
5c57b91a63f97f1c6cfe45cd,688090.SH,瑞松科技,2024-06-15,10,2.816303014755249,0,5406,0.0002289603
610458fa5c21d5c113da74d0,688118.SH,普元信息,2024-06-30,12,2.480293035507202,0,5406,0.00021575675
aa54b10de5e9620447a50a46,688138.SH,清溢光电,2024-06-30,7,2.482213258743286,0,5406,0.00019492694
b2bf1ba105cc7c1f02f3c0f1,688466.SH,金科环境,2024-06-15,7,1.8564454317092896,0,5406,0.00019197099
acc657e4f5f6bef4b7606185,688505.SH,复旦张江,2024-06-30,4,0.6344180107116699,0,5406,9.977864e-05
79bd0d99c5e9b1355672c228,688528.SH,秦川物联,2024-06-30,6,3.595674514770508,0,5406,0.00023685685
8afd92e570df49be81c8fa0e,688599.SH,天合光能,2024-06-30,9,2.5594160556793213,0,5406,0.00020272161
1a74e8817e157b4a74968c1d,003000.SZ,劲仔食品,2024-06-30,6,1.4340240955352783,0,5406,0.00011684012
f86917ce101d25453a8e0c3e,003005.SZ,竞业达,2024-06-15,12,2.8408663272857666,0,5406,0.00021934076
9071769ee018622a1006479a,003007.SZ,直真科技,2024-06-15,3,0.48012083768844604,0,5406,6.162983e-05
4dc620131ff6c40a6fceb378,003011.SZ,海象新材,2024-06-30,7,3.2822935581207275,0,5406,0.0002865431
70ed505eb9687ff4a3360a56,003019.SZ,宸展光电,2024-06-30,2,0.3490656614303589,0,5406,5.3333708e-05
e225ebd31d937a16de81ccd7,003022.SZ,联泓新科,2024-06-30,8,1.624646544456482,0,5406,0.0001493041
69aeda1db9a3644a652f1bf8,003023.SZ,彩虹集团,2024-06-15,3,0.30025458335876465,0,5406,6.1959356e-05
3ca38b6ed1a21d4396ba2cc2,003026.SZ,中晶科技,2024-06-15,9,4.0517168045043945,0,5406,0.00027266535
149f00672fb069e9f3459f8e,300864.SZ,南大环境,2024-06-15,4,0.5293203592300415,0,5406,9.548765e-05
f5f098a8b8585e55b4a1e366,300870.SZ,欧陆通,2024-06-15,6,1.2365002632141113,0,5406,0.00013439257
9e90f79b18ea6e397647aba1,300873.SZ,海晨股份,2024-06-15,8,1.9898489713668823,0,5406,0.00028239228
cb2d8ffe124f8ba8d3a5e62a,300876.SZ,蒙泰高新,2024-06-15,13,4.124098777770996,0,5406,0.00030855165
c46686d851674618a7c5cced,300891.SZ,惠云钛业,2024-06-15,7,2.8282270431518555,0,5406,0.00022610762
2d385cd5543636187563c22a,300900.SZ,广联航空,2024-06-15,9,2.5693116188049316,0,5406,0.0002318571
21616a74f46a6984f92c9b42,300901.SZ,中胤时尚,2024-06-30,3,0.3553053140640259,0,5406,0.00011079141
a4a1f2b7bb8c69bd9a08c450,300909.SZ,汇创达,2024-06-30,11,3.800990343093872,0,5406,0.00027318788
feaff220682d33fd1f4e1aaa,300922.SZ,天秦装备,2024-06-15,5,1.4896591901779175,0,5406,0.0001539083
8319248eb0d4a9104bee3c67,300927.SZ,江天化学,2024-06-15,9,2.013044834136963,0,5406,0.00019561713
b8306138cddd6cbf9e73f8fe,300931.SZ,通用电梯,2024-06-15,9,3.203238010406494,0,5406,0.00029127995
4278d3ba6226c0a8570fcd99,300933.SZ,中辰股份,2024-06-15,4,0.8042157292366028,0,5406,9.492768e-05
b0dc5f59973fa7a2f0492eb6,300939.SZ,秋田微,2024-06-15,6,2.1645243167877197,0,5406,0.00018399634
8c79217c0f9d671e5f341187,300941.SZ,创识科技,2024-06-30,8,1.8783165216445923,0,5406,0.00020229531
2e81a81ce91c310fbf616b32,300952.SZ,恒辉安防,2024-06-15,1,0.45619186758995056,0,5406,0.00013208583
8aab4aa39a749d61257dfb11,300982.SZ,苏文电能,2024-06-15,4,1.2373254299163818,0,5406,0.00017432768
fed680047aec4d1bbbfe69d2,301007.SZ,德迈仕,2024-06-15,13,2.6122074127197266,0,5406,0.00023362739
5dfa2b38c70386be2e23a9c5,301051.SZ,信濠光电,2024-06-15,10,2.324777841567993,0,5406,0.00019846091
01011ecdafec107c5e464d13,301199.SZ,迈赫股份,2024-06-15,6,2.307487964630127,0,5406,0.0001904887
864fd9db4d90b4fef9e602b2,301220.SZ,亚香股份,2024-06-15,4,0.9884482622146606,0,5406,0.00011746927
30738accc943b284416b63e3,301418.SZ,协昌科技,2024-06-15,10,3.342975616455078,0,5406,0.00029348984
8cd58ef5f3d3e36e9f28d412,601568.SH,北元集团,2024-06-30,7,2.297067642211914,0,5406,0.00017019939
5a92791a9e94d0f7e8c36f44,603102.SH,百合股份,2024-06-30,2,0.9030530452728271,0,5406,0.00016654046
83c46b13aac8e467bf65e8d6,603112.SH,华翔股份,2024-06-30,6,1.0877143144607544,0,5406,0.00013545192
8496de314c431ba3dd397b5d,605007.SH,五洲特纸,2024-06-30,9,2.170548915863037,0,5406,0.00018297145
d011a7c6f4afa12eca5f8a63,605055.SH,迎丰股份,2024-06-30,9,1.6743264198303223,0,5406,0.00015936627
05c8e36ab7f53e27f8bb22fb,605077.SH,华康股份,2024-06-30,8,1.7014694213867188,0,5406,0.00015557455
b8057b5c654d55593dffaf7c,605122.SH,四方新材,2024-06-30,5,1.702162504196167,0,5406,0.00016172072
6c15dc08d75024addcf4bb9d,605133.SH,嵘泰股份,2024-06-15,12,3.8250951766967773,0,5406,0.00028346138
6faa8dac814660a0fc503dbd,605177.SH,东亚药业,2024-06-30,7,1.3483843803405762,0,5406,0.0001381903
5055c84fff898033cbe3b281,605186.SH,健麾信息,2024-06-30,4,1.0531938076019287,0,5406,0.00012722392
72674f1c0d5b095c0ff66cdf,605199.SH,ST葫芦娃,2024-06-30,3,0.4664410948753357,0,5406,6.970937e-05
e6137f9007febe829092c931,605218.SH,伟时电子,2024-06-30,6,2.8410325050354004,0,5406,0.00020065757
5fd4190fd88e1ce67b3ba8f9,605255.SH,天普股份,2024-06-30,5,1.1611237525939941,0,5406,0.00013816361
7d53d740feca0e889e9a2f5e,605336.SH,帅丰电器,2024-06-30,7,2.87119197845459,0,5406,0.00023989838
08092011dbf28ae8880968fd,605338.SH,巴比食品,2024-06-30,6,1.6772404909133911,0,5406,0.00015326198
e48668f4aa6b42c08a802df7,605369.SH,拱东医疗,2024-06-15,11,3.016408920288086,0,5406,0.000274757
dee9150df92a5f44157df5ec,605377.SH,华旺科技,2024-06-30,9,2.1828792095184326,0,5406,0.0001778957
d651655734b055e08d7c0b11,605500.SH,森林包装,2024-06-15,8,1.6953688859939575,0,5406,0.00015760398
87c6b40fafa97d965bec05e9,688228.SH,开普云,2024-03-15,13,2.8103995323181152,0,5406,0.00022783573
71b596b6ce64d57f936683e4,688266.SH,泽璟制药-U,2024-06-30,6,1.6171820163726807,0,5406,0.00016446406
172c7a764b6697d343940493,688365.SH,光云科技,2024-06-30,4,0.6096674203872681,0,5406,8.72314e-05
2768361cb39be35ba090fd13,003015.SZ,日久光电,2024-06-15,9,3.3679535388946533,0,5406,0.00023698721
4ed8879fa283274474424007,003017.SZ,大洋生物,2024-06-30,11,3.48598051071167,0,5406,0.00028202956
89cab80925b398fb511a5d94,003018.SZ,金富科技,2024-06-15,8,1.887882947921753,0,5406,0.0001661157
d46ceaeb16b7ad0b1d7decfd,003028.SZ,振邦智能,2024-06-15,11,2.7085022926330566,0,5406,0.00023171419
66fd3aeec0516bd019c78be7,003029.SZ,吉大正元,2024-06-15,7,3.1429479122161865,0,5406,0.00023630429
f76f64a9c185f149fed54234,300614.SZ,百川畅银,2024-06-30,3,0.345941960811615,0,5406,4.9939394e-05
758b6bcf431b6ce13364f133,300872.SZ,天阳科技,2024-06-30,10,2.1623196601867676,0,5406,0.000175225
4d8708eeaf44a06d65f2a26e,300879.SZ,大叶股份,2024-06-15,7,1.7788009643554688,0,5406,0.0002157568
ec85131c9a03c43616dce323,300881.SZ,盛德鑫泰,2024-06-15,7,2.0405304431915283,0,5406,0.0001760616
f532b0689b4cfbca65907747,300882.SZ,万胜智能,2024-06-15,9,3.5704286098480225,0,5406,0.00026797137
2d493b438211b2fea7f2099f,300893.SZ,松原安全,2024-06-15,4,0.4927845001220703,0,5406,6.253191e-05
47214ffada771ee59afbefae,300906.SZ,日月明,2024-06-15,5,0.8715565204620361,0,5406,8.264879e-05
ddc7c9bd7ff04c3152291e48,300907.SZ,康平科技,2024-06-15,10,1.8807296752929688,0,5406,0.000185915
0c72e22893e2cb313f0cb161,300923.SZ,研奥股份,2024-06-15,6,2.104733943939209,0,5406,0.0002114561
7e161cb4d7b877eb5789f610,300930.SZ,屹通新材,2024-06-15,8,2.1143345832824707,0,5406,0.00017529172
dd9f17868bc51ae1723164a2,300932.SZ,三友联众,2024-06-15,9,2.8830208778381348,0,5406,0.00023297509
a38c76a02ac71d7a30cc8ac1,300942.SZ,易瑞生物,2024-06-15,4,1.148889422416687,0,5406,0.00010862657
50c0e152951478e936e268e8,301006.SZ,迈拓股份,2024-06-15,7,2.287675619125366,0,5406,0.00015535763
72a28882f6ca1fa4980475fa,301025.SZ,读客文化,2024-06-30,6,2.7754034996032715,0,5406,0.0002318268
05a97d1815e849823191067c,601279.SH,英利汽车,2024-06-30,13,4.1610822677612305,0,5406,0.00030850543
5c424a492f8a690de93994f3,601658.SH,邮储银行,2024-06-30,8,2.9099254608154297,0,5406,0.00021832183
f3f5bdf3057f83a3106f24b3,603155.SH,新亚强,2024-06-15,6,1.3310743570327759,0,5406,0.000120060286
e659e2f72d97d56f58e82f5f,603261.SH,*ST立航,2024-04-05,7,1.429357886314392,0,5406,0.00013462373
2441c5a58c874cdda988f5ec,603759.SH,海天股份,2024-06-30,9,1.9844751358032227,0,5406,0.00015646356
39f2003b566a1b59b6aa5566,605005.SH,合兴股份,2024-06-30,10,3.129570484161377,0,5406,0.00025751643
0e09262369a3580846ec630d,605018.SH,长华集团,2024-06-30,13,3.0990452766418457,0,5406,0.00024247992
142727a3468f551e80089716,605058.SH,澳弘电子,2024-06-30,7,1.9711592197418213,0,5406,0.00015584064
6a1a4e2c4fde62904686e7e9,605060.SH,联德股份,2024-06-15,6,1.8830044269561768,0,5406,0.00017043592
54577b3a0402d20403457a3f,605068.SH,明新旭腾,2024-06-30,7,2.247840642929077,0,5406,0.00020381578
7e9d117ee5af5dce22898217,605069.SH,正和生态,2024-07-01,4,0.9596845507621765,0,5406,0.00013962544
98ab0b5d4ed54a0cdc121db4,605081.SH,*ST太和,2024-06-30,6,1.170132040977478,0,5406,0.000111590634
b18fd437913caa85e027acdc,605117.SH,德业股份,2024-03-15,7,1.1155837774276733,0,5406,0.00011607803
a99cd07c34f7e905b119c85b,605155.SH,西大门,2024-06-15,6,1.423766851425171,0,5406,0.00017117705
033b012cffe5f54a039f8644,605179.SH,一鸣食品,2024-06-30,6,1.4629886150360107,0,5406,0.00011828031
d290adc9adbdb6001dab1841,605258.SH,协和电子,2024-06-30,8,3.2171781063079834,0,5406,0.00023354645
811d9f59dd6c1f46118ee801,605268.SH,王力安防,2024-03-25,2,0.4508848190307617,0,5406,0.00010280205
9ed86e6a1d38ea095981fa02,605337.SH,李子园,2024-06-30,12,3.4192609786987305,0,5406,0.000275518
dbea82f51106dcb6043a967e,688081.SH,兴图新科,2024-06-30,6,2.368760347366333,0,5406,0.00016744123
5766c88a1cf416213d05113a,688085.SH,三友医疗,2024-06-30,7,1.3618083000183105,0,5406,0.00012285943
986078f5fe7edc8f673599d0,688165.SH,埃夫特-U,2024-06-30,6,2.122235059738159,0,5406,0.00018592938
d517638df910feb450defac5,688189.SH,南新制药,2024-06-30,6,1.249748706817627,0,5406,0.00013727679
b4e0c99dd510a62b0d443755,688208.SH,道通科技,2024-06-30,4,1.10883629322052,0,5406,0.0001406968
0088f449f3b4274fc7f8835c,688360.SH,德马科技,2024-06-15,9,2.3319602012634277,0,5406,0.00019555568
7e7e30a021d1f3b4cb9947a6,688396.SH,华润微,2024-06-15,9,3.0332136154174805,0,5406,0.00022389914
625e3a8bc12c0052c577e3b4,688500.SH,慧辰股份,2024-06-30,7,1.5008703470230103,0,5406,0.00016293199
5a56d514acbca3952fce257b,688516.SH,奥特维,2024-06-30,9,1.7658848762512207,0,5406,0.0001436084
dcc4a39ba85276f8585d1568,688518.SH,联赢激光,2024-06-30,8,2.95103120803833,0,5406,0.00024264297
852ea6d5a01af9b52d643f4e,688566.SH,吉贝尔,2024-06-15,9,1.8981752395629883,0,5406,0.0002145251
474d4ad623e24ec83d92fd11,688579.SH,地纬智能,2024-06-15,7,1.8671740293502808,0,5406,0.00014607846
a954b67c4d50ec9d7e5b2bfa,688622.SH,禾信仪器,2024-06-15,6,2.5400023460388184,0,5406,0.00022706969
96bc977defce36eab5165fb8,003030.SZ,祖名股份,2024-06-30,6,1.733074426651001,0,5406,0.00015263053
dce5e27912072adcb83a1c49,003031.SZ,中瓷电子,2024-06-30,9,3.3581836223602295,0,5406,0.00025433194
6b4538baffb76bce755c348e,003039.SZ,顺控发展,2024-06-30,7,2.0852198600769043,0,5406,0.00014222563
1257248e841678e216d6bef7,300774.SZ,倍杰特,2024-06-15,4,0.8796162605285645,0,5406,0.00012545039
ac76caa68c4f09e4ce5abce5,300884.SZ,狄耐克,2024-06-15,4,1.3026528358459473,0,5406,0.0001729811
7b00f4e2375d9633340810dc,300905.SZ,宝丽迪,2024-06-15,10,2.7659716606140137,0,5406,0.00023864619
426a4e3c862ba37778d84a5e,300913.SZ,兆龙互连,2024-06-15,10,2.159719467163086,0,5406,0.00022257793
ce733ca3aaac51c94683774b,300917.SZ,特发服务,2024-06-15,6,1.817258596420288,0,5406,0.00017636364
b4119f169e0890ac2fe9fb3b,300926.SZ,博俊科技,2024-06-30,11,2.2995383739471436,0,5406,0.00018784578
7f26f68d189895e3a4a7fb5b,300937.SZ,药易购,2024-06-15,4,0.791913628578186,0,5406,7.655748e-05
df4d3541690cc1174b66aad6,300999.SZ,金龙鱼,2024-06-30,5,1.5889592170715332,0,5406,0.00015690336
30473964ee43332f5d00b3f4,301010.SZ,晶雪节能,2024-06-15,4,1.026673436164856,0,5406,0.0001224917
d81b3c2780625d5ac110b4a6,301021.SZ,英诺激光,2024-06-15,9,1.804047703742981,0,5406,0.00017341727
fd54c730194f4aa6d63e5c1f,301068.SZ,大地海洋,2024-06-15,4,0.9558955430984497,0,5406,0.00013774651
3252c23143f93444077e2a8a,301587.SZ,中瑞股份,2024-06-15,11,2.961541175842285,0,5406,0.00022490713
370f24d6d00449b21085fc11,600916.SH,中国黄金,2024-06-30,3,1.0558969974517822,0,5406,0.00012646898
2a133d2aed65b1e985d81a33,601156.SH,东航物流,2024-03-15,3,0.9962774515151978,0,5406,0.00011575261
913d88c1e8f1bb8b3c96fd6a,601686.SH,友发集团,2024-06-30,7,1.3497295379638672,0,5406,0.00016017609
93bb7c77ee0c3e72037e908e,601825.SH,沪农商行,2024-06-30,6,2.1862080097198486,0,5406,0.00015416303
91f024d2a417dd29b288c49b,603171.SH,税友股份,2024-06-30,6,1.92857825756073,0,5406,0.0001757138
b902e338853aa6a70137c972,603931.SH,格林达,2024-06-30,11,1.6870259046554565,0,5406,0.00015259397
3f0b39a67e07dec4833a084f,605011.SH,杭州热电,2024-06-30,6,3.3834338188171387,0,5406,0.00025829146
f22fcf1bf784b28843e989e3,605162.SH,新中港,2024-06-30,5,2.9198780059814453,0,5406,0.0002239499
32e9893acbc80b66fb5a6e5d,605196.SH,华通线缆,2024-06-30,4,1.395525336265564,0,5406,0.0001395345
d759615bde076215bf0f23c1,605208.SH,永茂泰,2024-06-30,10,2.069204330444336,0,5406,0.00019825462
dd8d3251107e2aa8ea5e809a,605277.SH,新亚电子,2024-06-15,5,1.0900461673736572,0,5406,0.00012009639
b52226a9c4534f973daeb674,605286.SH,同力天启,2024-06-15,0,0.0,57,1,2.7262813e-05
f2156aceaca70652a44807a2,605298.SH,必得科技,2024-06-15,5,1.5784671306610107,0,5406,0.00014094794
c22bfa3a8ee6ffd3b1932a6e,605300.SH,佳禾食品,2024-06-30,5,1.193784236907959,0,5406,0.00013372887
c062008591f312e2ff6969ce,605305.SH,中际联合,2024-06-15,5,0.6797837615013123,0,5406,9.110229e-05
df9ac607920b034eaf85dbc8,605319.SH,无锡振华,2024-06-30,9,2.0037143230438232,0,5406,0.0001754579
321dc7959a3529d16b059970,605376.SH,博迁新材,2024-06-15,5,1.3164254426956177,0,5406,0.00011870852
ce98d19deb0498ef4e3da7be,605378.SH,野马电池,2024-06-15,5,1.650653600692749,0,5406,0.00017584341
1284af6e1a7c79d3951d864c,688037.SH,芯源微,2024-06-15,10,3.050121307373047,0,5406,0.00023270457
aebf7bc92968f332e6acb75d,688096.SH,京源环保,2024-06-15,8,2.4916298389434814,0,5406,0.00025359454
816d35fde950b12f89556489,688177.SH,百奥泰,2024-06-30,9,3.128950595855713,0,5406,0.00030317903
3e9fabe8b281c60bc7376d9d,688180.SH,君实生物-U,2024-06-30,7,2.457331895828247,0,5406,0.00022138591
d0ca28c287fb8f063a9dd5ce,688200.SH,华峰测控,2024-06-30,11,2.792562484741211,0,5406,0.00021901414
28db2272517a5f3fd18fd52c,688221.SH,前沿生物-U,2024-06-30,3,0.3989672064781189,0,5406,7.854424e-05
3e41f7f3ec5a599987b4ffe8,688222.SH,成都先导,2024-03-25,3,0.3665216863155365,0,5406,6.160092e-05
bb89dedfac4f2b0120226bf1,688277.SH,天智航-U,2024-06-15,2,0.6859376430511475,0,5406,9.563698e-05
c21f099906393cea5e352698,688312.SH,燕麦科技,2024-06-15,7,2.1138925552368164,0,5406,0.00016599397
5ab320cf906c5a3a96685c4e,688318.SH,财富趋势,2024-06-15,6,1.9554094076156616,0,5406,0.00018028781
131c2408111f66c653045c97,688339.SH,亿华通-U,2024-06-30,4,0.5473376512527466,0,5406,8.118026e-05
f2dacd197d2d5a691a43c169,688377.SH,迪威尔,2024-06-15,2,0.33958756923675537,0,5406,5.5756063e-05
1f0c50cd01d86446fdf16c29,688398.SH,赛特新材,2024-06-15,1,0.0999193787574768,0,5406,3.6875725e-05
aa76f9a0b32dbc3b805c7fa7,688488.SH,艾迪药业,2024-06-15,2,0.5458934307098389,0,5406,9.5758114e-05
a1e1185c75bff6e45fad2841,688520.SH,神州细胞,2024-04-05,4,0.6355728507041931,0,5406,8.5962754e-05
bfafc38e531352963dc41548,688521.SH,芯原股份,2024-06-30,3,1.1533937454223633,0,5406,0.00016448044
98d655d6bb7c81064b3fa5c3,688567.SH,孚能科技,2024-06-30,5,0.8430541753768921,0,5406,0.00010745807
935d2635e702c9e9319375ff,001299.SZ,美能能源,2024-06-30,7,1.8184082508087158,0,5406,0.00014958158
b0cab770f1a18fc2065f764b,300903.SZ,科翔股份,2024-06-15,8,1.7526392936706543,0,5406,0.00015244707
d6c5859229e9dc2bc1579a5f,300911.SZ,亿田智能,2024-06-30,6,3.319272994995117,0,5406,0.00025399393
dbcea3ed481152b6de3ca360,300918.SZ,南山智尚,2024-06-30,10,2.2774553298950195,0,5406,0.00018666896
d661af16f788f3cedd3594b4,300920.SZ,润阳科技,2024-06-15,6,1.2893179655075073,0,5406,0.00013953268
993de4a93f196c042b440588,300921.SZ,南凌科技,2024-06-15,1,0.4800306260585785,0,5406,6.429559e-05
1ff2f495483c9876c321d674,300925.SZ,法本信息,2024-06-15,6,1.4646284580230713,0,5406,0.0001553036
f25c8d3e08f99b5f547a42e7,300940.SZ,南极光,2024-06-15,9,2.2831339836120605,0,5406,0.0001851331
4376f59c6e4c3e2186911b26,300950.SZ,德固特,2024-06-15,6,0.953879714012146,0,5406,0.000121963894
2dc95e4e5d263a94124db840,300977.SZ,深圳瑞捷,2024-06-15,4,0.6684012413024902,0,5406,0.00013683291
a4a0ba483d66928a6a0b7194,300986.SZ,志特新材,2024-06-15,2,0.16650842130184174,0,5406,4.1244595e-05
5cc904faaaeba696af1c204d,301299.SZ,卓创资讯,2024-06-15,2,0.22030484676361084,0,5406,4.718368e-05
c9ddbb844c148a1af43a8199,600906.SH,财达证券,2024-06-30,4,1.1009577512741089,0,5406,0.000110679895
45a717162235a106bfcb4297,601816.SH,京沪高铁,2024-06-30,5,0.9981355667114258,0,5406,0.00014168702
c70cd19bf5135fd226cd5863,603324.SH,盛剑科技,2024-06-15,4,1.5639680624008179,0,5406,0.00019113872
bb04536c3355b186c8d80d3e,605016.SH,百龙创园,2024-06-30,9,2.8085358142852783,0,5406,0.00023930724
ecae95353cf7da2ab015c912,605086.SH,龙高股份,2024-06-30,5,1.2568198442459106,0,5406,0.00012635808
d5e4189a670d7e43ee451a36,605287.SH,德才股份,2024-06-30,3,0.5279444456100464,0,5406,7.670403e-05
960fd4c8df3a65235e951431,688004.SH,博汇科技,2024-06-15,8,2.140964984893799,0,5406,0.00023689095
5c1457962382a8d3360d6cd0,688050.SH,爱博医疗,2024-03-20,8,2.8386762142181396,0,5406,0.0002504026
f30069a0a0f60f1a6d2efd30,688060.SH,云涌科技,2024-06-30,10,2.756984233856201,0,5406,0.00024330722
d3808987cb1ac7097d8ad6d2,688065.SH,凯赛生物,2024-04-05,4,1.0762953758239746,0,5406,0.0001347127
c377c98284bc01e857370a3d,688077.SH,大地熊,2024-06-30,7,3.516867160797119,0,5406,0.0002273825
f16f5e011f5146d0f981dd23,688106.SH,金宏气体,2024-06-30,7,3.449707269668579,0,5406,0.0002747948
902821999f4caac0f43d98e6,688155.SH,先惠技术,2024-06-30,7,2.2957746982574463,0,5406,0.00019499584
2ac0e2fa5f5806c35e8fbac7,688156.SH,路德科技,2024-06-30,5,0.5764667987823486,0,5406,7.4097225e-05
1f6868fcba8ccc6b2095ea59,688157.SH,松井股份,2024-06-30,6,0.8267660140991211,0,5406,9.794441e-05
b2d3337b0b3ebfb711f39c8f,688229.SH,博睿数据,2024-06-15,6,0.980699360370636,0,5406,0.00010467726
4cd5d4c87c07776127832110,688286.SH,敏芯股份,2024-06-30,3,0.654708981513977,0,5406,8.3227555e-05
3d556d5eb84432fecfce5e98,688309.SH,恒誉环保,2024-06-15,4,0.645365834236145,0,5406,0.000112708774
3469567f6268c5f1a49d0a4f,688311.SH,盟升电子,2024-06-30,9,3.1056268215179443,0,5406,0.00024098145
9fcfb00081561238799a960f,688336.SH,三生国健,2024-06-15,11,3.494515895843506,0,5406,0.00031598177
cd8c3835157ba1bc21040026,688338.SH,赛科希德,2024-06-15,6,1.5717803239822388,0,5406,0.00015261356
7f08a0dc5fbea9bfdfff120b,688356.SH,键凯科技,2024-06-30,8,1.9901894330978394,0,5406,0.00024756658
1f36d8defe159d94b06d03d5,688379.SH,华光新材,2024-06-15,7,1.5727676153182983,0,5406,0.00012997793
37396629d9c4e37b9cb54afc,688390.SH,固德威,2024-06-15,10,3.412757396697998,0,5406,0.00027200897
7bcd422f4f864ee9d45f5fad,688418.SH,震有科技,2024-03-15,10,2.3603434562683105,0,5406,0.00021684387
519c712b6014b33f8aa86c70,688508.SH,芯朋微,2024-06-30,10,2.3363287448883057,0,5406,0.0001933986
34e18253e8d34ea057346599,688556.SH,高测股份,2024-06-30,7,2.3636207580566406,0,5406,0.00018126087
3b00b1d2070d12799d5dfac8,688558.SH,国盛智科,2024-06-30,9,1.5451984405517578,0,5406,0.0001480338
144fd97e40f67a63fc945636,688569.SH,铁科轨道,2024-06-30,6,3.2732462882995605,0,5406,0.00023219519
9c17dc5c3e7623fffba977b9,688577.SH,浙海德曼,2024-06-30,7,1.9641386270523071,0,5406,0.00017766214
85743d64052a4beaf987279f,688580.SH,伟思医疗,2024-06-30,5,2.187763214111328,0,5406,0.00019723974
feae7b3a138f5ae34563cd75,688585.SH,上纬新材,2024-06-30,5,1.114790439605713,0,5406,0.00012486418
ada00c84ed377dab1de91068,688586.SH,江航装备,2024-06-15,3,0.4015029966831207,0,5406,5.9795922e-05
07a3aab7a372ebab34405177,688589.SH,力合微,2024-06-30,7,2.6276559829711914,0,5406,0.00021877553
741c2c957264841039b3e2c8,688590.SH,新致软件,2024-06-30,14,3.5362658500671387,0,5406,0.0003012629
3a279fb15808399995d80225,688598.SH,金博股份,2024-03-15,9,2.6282124519348145,0,5406,0.00020926491
04cd40474875ddf1e8c3b307,688600.SH,皖仪科技,2024-06-30,11,3.6173524856567383,0,5406,0.00031960758
4dd6d3a0aff2d613d00d8bbb,688602.SH,康鹏科技,2024-06-30,6,2.4664804935455322,0,5406,0.00020347639
d3efcbbd17f47d7460d07e80,003035.SZ,南网能源,2024-06-30,3,1.4484095573425293,0,5406,0.00015928532
b8f975f30b235ea569b46bea,003037.SZ,三和管桩,2024-06-15,2,0.2676955759525299,0,5406,0.00010261148
b8679f899ebc9f48365b3365,300895.SZ,铜牛信息,2024-06-15,8,1.9968254566192627,0,5406,0.00016557932
9b7217896c7ad5839c1b5ba9,300916.SZ,朗特智能,2024-06-15,4,0.5675297975540161,0,5406,7.7822515e-05
75a851e1c621804a6790b144,300946.SZ,恒而达,2024-06-15,7,2.469318151473999,0,5406,0.0001949864
96a25653db67f9d5e1402169,300947.SZ,德必集团,2024-06-15,11,2.8270621299743652,0,5406,0.00024130059
a0021d4617820845e82869fd,300948.SZ,冠中生态,2024-06-15,5,0.8578689098358154,0,5406,0.00013812043
d4e96eca63e42afa0209fd0d,300961.SZ,深水海纳,2024-06-15,7,1.1503428220748901,0,5406,0.00011582461
dc80f5068e8a365ae2160bc6,300965.SZ,恒宇信通,2024-06-15,11,3.468679189682007,0,5406,0.00027577125
c730fe88764a4614713bfe53,300972.SZ,万辰集团,2024-06-15,7,3.671750545501709,0,5406,0.00026861957
16dfe902eb706c295e3e167c,300998.SZ,宁波方正,2024-06-15,7,1.3036890029907227,0,5406,0.000121119476
8d832320d9b1a415df509318,301024.SZ,霍普股份,2024-06-15,4,1.0887871980667114,0,5406,0.00010371495
6ca2d33a089d87b8c52a2308,301030.SZ,仕净科技,2024-06-30,4,1.5069918632507324,0,5406,0.00018875916
49a8fa5191fb0cf1d13e7971,301081.SZ,严牌股份,2024-06-15,5,1.5650315284729004,0,5406,0.00019534129
4cd86ef205ec50cd0605665f,301116.SZ,益客食品,2024-06-15,9,3.5846149921417236,0,5406,0.00024016957
27140377f2006e6929f47dc7,600032.SH,浙江新能,2024-06-30,9,2.922384023666382,0,5406,0.00021946938
98811691cf264b42131f2793,600905.SH,三峡能源,2024-06-30,9,2.410379409790039,0,5406,0.0001868748
310a52ae772cfa53d5e07d1e,600935.SH,华塑股份,2024-06-30,9,3.0180015563964844,0,5406,0.000217741
dd9c5d0af519914bbde33f79,605028.SH,世茂能源,2024-06-15,8,3.2639644145965576,0,5406,0.0002309852
c1c7c184bf3f8e48f4cf8271,605080.SH,浙江自然,2024-06-15,1,0.13409163057804108,0,5406,4.032095e-05
765a8e48960b9c4db93243af,605089.SH,味知香,2024-06-30,10,2.2239224910736084,0,5406,0.00017586743
b8ae291b5242dfd77ab79a5d,605589.SH,圣泉集团,2024-06-30,6,1.6279222965240479,0,5406,0.0001668011
be6f913988e6edd3d740e33c,688055.SH,龙腾光电,2024-06-30,8,2.252098321914673,0,5406,0.00017681165
0a512a5f9af9988b87b0e720,688056.SH,莱伯泰科,2024-06-15,8,1.8747119903564453,0,5406,0.00018955645
23eb5dbdbe2a96881d5c296a,688093.SH,世华科技,2024-06-15,11,3.87180233001709,0,5406,0.0003049426
93ac97d79fab4349eca97b67,688095.SH,福昕软件,2024-06-30,4,0.6744730472564697,0,5406,8.6415486e-05
98dc1a7b6bcb2b4a0ea786ca,688127.SH,蓝特光学,2024-06-30,13,4.172156810760498,0,5406,0.00028577243
a591a759a2f232a6dc157963,688185.SH,康希诺,2024-06-30,9,3.0978403091430664,0,5406,0.00022952595
a9ea27821c4acbeb046cf48b,688215.SH,瑞晟智能,2024-06-30,8,1.0370055437088013,0,5406,0.00011434649
795ee91f06e483bb6b8132e6,688256.SH,寒武纪,2024-06-15,6,2.680213689804077,0,5406,0.0002345344
e0118f1f293a8ccfdd1f22a4,688289.SH,圣湘生物,2024-06-15,6,2.2650208473205566,0,5406,0.00018555646
40688bc71231f50a411b53c6,688301.SH,奕瑞科技,2024-06-30,5,1.3800575733184814,0,5406,0.00016650418
d29cd69356e6296f7d1fb354,688313.SH,仕佳光子,2024-03-15,9,3.3596315383911133,0,5406,0.00023637239
fc5adbd4cf31b966394760e0,688316.SH,青云科技-U,2024-06-30,10,2.7204465866088867,0,5406,0.0002392335
6a9b93672a2a632aa05c291a,688330.SH,宏力达,2024-06-15,11,3.177086591720581,0,5406,0.00024092272
f605320b883b3f073fb2f62d,688335.SH,复洁科技,2024-06-15,5,1.1344400644302368,0,5406,0.00016577086
81679d4e9fafdb92bc9bdb22,688378.SH,奥来德,2024-06-15,8,1.6364957094192505,0,5406,0.00013687469
49662f4bbf593a7c3166eac5,688383.SH,新益昌,2024-06-15,9,2.438070774078369,0,5406,0.00020491275
fce0ced6648e38cc3fad2543,688386.SH,泛亚微透,2024-06-15,4,0.9956510066986084,0,5406,0.0001135688
a2ccc5c05b03c32e6f82abd6,688393.SH,安必平,2024-06-15,7,1.945882797241211,0,5406,0.0001831864
e4afaf0be772fea6a79e6561,688408.SH,中信博,2024-03-15,4,0.7075861096382141,0,5406,9.500743e-05
65c1696d81257cb2c65063eb,688519.SH,南亚新材,2024-06-30,6,3.1398074626922607,0,5406,0.00024165056
ebb60e8552f60e998c2c7296,688550.SH,瑞联新材,2024-06-30,3,0.952072024345398,0,5406,0.00012065521
5961e4074881dc03d9862a23,688551.SH,科威尔,2024-06-15,3,1.1848968267440796,0,5406,0.00011073556
5fab9bf66eb4c4b63cff68b3,688559.SH,海目星,2024-06-15,10,3.39003849029541,0,5406,0.0002723401
38fcedab81be8911303cd5b6,688595.SH,芯海科技,2024-06-30,4,0.6600242853164673,0,5406,8.1485654e-05
a05aef26912172d55e4706d5,688596.SH,正帆科技,2024-06-15,4,0.6471356749534607,0,5406,9.101089e-05
e91c1fd8e399a3ace2ab7201,688659.SH,元琛科技,2024-06-30,6,2.053412675857544,0,5406,0.00018801747
9e38a82ce88cdaedbaaeb16b,688777.SH,中控技术,2024-06-15,9,2.012342929840088,0,5406,0.0002257413
7352168bcebdb611c48533c1,688819.SH,天能股份,2024-04-05,9,2.490239143371582,0,5406,0.00028294558
f78ea6a757cef609714c5a1d,300919.SZ,中伟新材,2024-06-15,8,2.354094982147217,0,5406,0.00020036558
9e1330045119b916699a9ef8,300951.SZ,博硕科技,2024-06-30,14,3.89711594581604,0,5406,0.0003034625
064d53f275acbe6c07194fc2,300955.SZ,嘉亨家化,2024-06-15,2,0.27072131633758545,0,5406,8.351768e-05
4349c3a67b03975a6e7567d6,300956.SZ,英力股份,2024-06-15,6,1.792304515838623,0,5406,0.00018115224
9ef887d32f339e9bc8e45c06,300964.SZ,本川智能,2024-06-15,6,1.8959444761276245,0,5406,0.000155321
b4a568db239b42f22770f689,300966.SZ,共同药业,2024-06-15,6,2.546804189682007,0,5406,0.00023397741
97a61004caf342eedc9305cb,300967.SZ,晓鸣股份,2024-06-30,3,1.0631184577941895,0,5406,0.00010789231
a2230721c470f74a3d7acdc6,300973.SZ,立高食品,2024-06-15,3,0.7102553844451904,0,5406,8.947914e-05
0240e5bdcd431b4c5b76afee,300975.SZ,商络电子,2024-06-15,6,0.997661292552948,0,5406,0.0001970269
f66dc83b790c1c527af37c25,300993.SZ,玉马科技,2024-06-15,9,2.8652515411376953,0,5406,0.00030222585
e905cd346f7f385fd4f1ea32,300997.SZ,欢乐家,2024-06-15,9,2.738954544067383,0,5406,0.00024570012
7f04534b3a8998ff607d211b,301000.SZ,肇民科技,2024-06-15,4,0.6314987540245056,0,5406,9.059792e-05
6554864e1bc650b415781df9,301002.SZ,崧盛股份,2024-06-15,6,1.3374547958374023,0,5406,0.00017525884
00a8dc72546f5ce47aabcfc7,301011.SZ,华立科技,2024-06-15,1,0.10701167583465576,0,5406,3.838085e-05
96796afbd25b171540859ae2,301023.SZ,奕帆传动,2024-06-15,7,1.2493531703948975,0,5406,0.00012659775
0a4ed8e334a5a637c5d2594b,301029.SZ,怡合达,2024-06-15,2,0.16637715697288513,0,5406,6.734525e-05
9c0c7e1bc9c4530575c55a8d,301036.SZ,双乐股份,2024-06-15,8,2.3902547359466553,0,5406,0.00020853966
faf2b19af2bbff7c5f845bec,301171.SZ,易点天下,2024-06-30,5,2.435281753540039,0,5406,0.00018625827
58908c684d0579fc9a8b0682,301182.SZ,凯旺科技,2024-06-15,17,3.9587666988372803,0,5406,0.00029265494
47ac4824114476560f7bdd16,301190.SZ,善水科技,2024-06-30,8,1.392664909362793,0,5406,0.0001381759
ab4262b0a6783f73e8c6caff,605189.SH,富春染织,2024-06-30,9,2.1162729263305664,0,5406,0.00018959057
5141a1481ac32cd6f59f5447,605499.SH,东鹏饮料,2024-06-30,7,1.4707671403884888,0,5406,0.00015031977
225c5eff216694bc67529664,688013.SH,天臣医疗,2024-06-15,10,3.5578415393829346,0,5406,0.00029044112
f2339fa7ac1ffef26a98867f,688017.SH,绿的谐波,2024-06-30,6,1.2908635139465332,0,5406,0.0001243618
9fde5f89f07501dc099ea5a2,688070.SH,纵横股份,2024-04-05,10,2.2531960010528564,0,5406,0.0002199825
e290f1ea8e1ca2534f73bd5a,688083.SH,中望软件,2024-06-30,7,1.5523096323013306,0,5406,0.00021795374
7e4f0297b0ce4f3c5c97a1e5,688092.SH,爱科科技,2024-03-25,4,1.115328073501587,0,5406,0.0001750444
2154f40843fec775e9f48e41,688129.SH,东来技术,2024-03-25,0,0.0,58,1,2.7262813e-05
3f31764f5d5c67f06b0d237e,688135.SH,利扬芯片,2024-06-15,3,1.210787057876587,0,5406,0.00013178786
5fcbcb96884d3931a644d53b,688160.SH,步科股份,2024-06-30,11,4.051418304443359,0,5406,0.00029645604
42630487d07e4da48478a0d3,688179.SH,阿拉丁,2024-06-30,13,2.095600128173828,0,5406,0.00026625145
ec53d7ff0215cd9f79f4a7e6,688195.SH,腾景科技,2024-03-15,6,1.3078885078430176,0,5406,0.0001377924
21275fc039859c1b20dcdd78,688219.SH,会通股份,2024-06-30,11,2.447819709777832,0,5406,0.00023582505
8345e9d6bc550a517be26d29,688308.SH,欧科亿,2024-06-15,8,3.1052613258361816,0,5406,0.00023067035
ed2e4f75cb7f14630a47b119,688328.SH,深科达,2024-06-15,10,2.8329994678497314,0,5406,0.00023372433
8e02888e6a565f82fd3bdd7c,688510.SH,航亚科技,2024-06-30,11,3.487294912338257,0,5406,0.00028134917
b60edde04a90ec6d695a2c2b,688529.SH,豪森智能,2024-06-30,6,2.646613359451294,0,5406,0.00021456474
35112ec19b39d2aca206a393,688536.SH,思瑞浦,2024-06-15,8,1.4407867193222046,0,5406,0.00014782965
e427f56ada5c4476f179c310,688557.SH,兰剑智能,2024-06-15,9,1.9540214538574219,0,5406,0.00018376607
f442a135c19f015431f3afba,688575.SH,亚辉龙,2024-06-15,11,3.4755966663360596,0,5406,0.0002791554
e8d5a0cf7e774be0ba7274a2,688578.SH,艾力斯,2024-06-30,1,0.10394206643104553,0,5406,3.7338556e-05
da48251c5ac8bf9bcfe4e0f4,688581.SH,安杰思,2024-06-30,8,2.684352159500122,0,5406,0.00022337862
7a0f474aa7b1da7561b530a4,688608.SH,恒玄科技,2024-06-30,5,2.7979624271392822,0,5406,0.00020609825
014115460db5c17e220f318b,688617.SH,惠泰医疗,2024-03-25,10,2.433147668838501,0,5406,0.00022814775
ccfbefd081cfc6aee053dfeb,688658.SH,悦康药业,2024-06-30,6,1.392714500427246,0,5406,0.00017215466
a1bf30b926656628e2582d63,688665.SH,四方光电,2024-06-15,5,0.717927873134613,0,5406,9.898449e-05
5499c4a4a0fb341e0a3b10a5,688668.SH,鼎通科技,2024-06-30,4,1.1965034008026123,0,5406,0.00012930627
71dc751240fad5955acf3366,688677.SH,海泰新光,2024-03-25,4,0.7671507000923157,0,5406,9.8774944e-05
ae9e2027b2edd3f659fc1f01,688698.SH,伟创电气,2024-06-30,9,2.8434553146362305,0,5406,0.00022187263
1ed1c14df9bfe6e43020a5b8,688699.SH,明微电子,2024-06-30,9,3.250584840774536,0,5406,0.00026461584
15c86770178f43811710b2f0,001206.SZ,依依股份,2024-06-30,7,2.1038520336151123,0,5406,0.00020514983
10300c6fc324f9496f7df117,003038.SZ,鑫铂股份,2024-06-15,10,1.9540551900863647,0,5406,0.00017515435
f1ef394d0cf7555ce4b865d6,003040.SZ,楚天龙,2024-06-15,9,2.0723962783813477,0,5406,0.00019923438
2c5d56b9446372dabe018d76,300959.SZ,线上线下,2024-06-15,8,3.363293170928955,0,5406,0.00023038939
2d23d4adfac41c58ed055f13,601399.SH,国机重装,2024-06-15,9,2.4496493339538574,0,5406,0.00024957184
1ce6c8e8b7621aa11a6d3062,601995.SH,中金公司,2024-06-30,4,1.031603217124939,0,5406,9.1218986e-05
baad35942f62ed8c4af50440,605056.SH,咸亨国际,2024-06-30,2,0.2755236029624939,0,5406,5.337915e-05
04c8a1ddaf838cb84e10b461,605507.SH,国邦医药,2024-06-30,8,2.2084784507751465,0,5406,0.0001938397
4fee35a4e746df0a1f7f49ed,688063.SH,派能科技,2024-06-30,5,0.9067820310592651,0,5406,0.00012667912
5ebf51e0ac96be36eb34879f,688067.SH,爱威科技,2024-06-30,8,1.6164729595184326,0,5406,0.0001502389
9386bc452ab5c54cc291cd20,688075.SH,安旭生物,2024-06-15,8,3.8887126445770264,0,5406,0.00026425192
36e3a5a44fb32a738a5fb898,688079.SH,美迪凯,2024-06-30,9,3.48335599899292,0,5406,0.00023681104
17c92a03f4a2ee97aeff6833,688082.SH,盛美上海,2024-06-15,9,3.36601185798645,0,5406,0.00025723258
945b602366716ed0b7f4e66e,688109.SH,品茗科技,2024-06-30,2,0.6675174832344055,0,5406,0.00011150572
c70de547a5d652163deb588c,688131.SH,皓元医药,2024-06-15,9,1.6974433660507202,0,5406,0.00018535937
f2b990a8f34537be103904d6,688136.SH,科兴制药,2024-06-15,6,1.266002893447876,0,5406,0.00014017592
46a80db25e9a4e7c456de2c5,688171.SH,纬德信息,2024-06-30,8,2.505570411682129,0,5406,0.00019696141
520b3a1eaa4d1e4b8160e997,688183.SH,生益电子,2024-06-30,4,0.8619798421859741,0,5406,8.7953595e-05
5af9f6babf131aafe161835f,688191.SH,智洋创新,2024-03-25,7,3.628288745880127,0,5406,0.000269101
be90252e04da908985c2fc3d,688305.SH,科德数控,2024-06-30,9,2.034794807434082,0,5406,0.00018676015
86e3b1c3874eea215bf16852,688317.SH,之江生物,2024-06-30,10,2.5160634517669678,0,5406,0.00021689647
46de5c4eb4b873b960dad6ce,688329.SH,艾隆科技,2024-06-15,4,1.0951074361801147,0,5406,0.00014833438
9ee2e387c8391074ba4c8981,688350.SH,富淼科技,2024-06-15,4,1.3277138471603394,0,5406,0.00018247768
461ec69db56c8a90cdc2c195,688560.SH,明冠新材,2024-06-30,6,3.2057247161865234,0,5406,0.00022939843
c68e39c4403322c60fe0b749,688561.SH,奇安信-U,2024-06-30,11,3.9770336151123047,0,5406,0.00028939065
128237df9a66d2b6d41ebd14,688571.SH,杭华股份,2024-06-30,4,1.2519266605377197,0,5406,0.00013149837
07273066ca53edebffdc9d92,688606.SH,奥泰生物,2024-06-30,6,2.8515522480010986,0,5406,0.00019419246
1eafae1e0da7ee35ecaec63d,688607.SH,康众医疗,2024-06-30,8,1.5348491668701172,0,5406,0.00017449644
264b69e84703009fea5b054b,688616.SH,西力科技,2024-03-25,7,1.5820140838623047,0,5406,0.0001588194
3e12db1d33fe919e20758c48,688618.SH,三旺通信,2024-06-30,6,2.458834409713745,0,5406,0.00023538456
a765180f78ea735be173c8f5,688619.SH,罗普特,2024-06-30,12,4.220725059509277,0,5406,0.0002915741
34aa6c2b69f9d4e435109283,688626.SH,翔宇医疗,2024-06-30,4,1.1529446840286255,0,5406,0.00011817779
7a53122e4d45ad6fcb2f0118,688628.SH,优利德,2024-06-15,8,1.5071161985397339,0,5406,0.00017550755
cea1c543dcf18265aa34dbfb,688630.SH,芯碁微装,2024-06-30,11,2.770531415939331,0,5406,0.00021802419
f275eb4a498875df63b5cc99,688633.SH,星球石墨,2024-06-15,7,1.2121899127960205,0,5406,0.00013164704
e20cd648e13aec498ea8afac,688636.SH,智明达,2024-06-15,4,1.6334704160690308,0,5406,0.00015520674
2e014f118a9682c830d52cbd,688661.SH,和林微纳,2024-06-30,2,0.2889096736907959,0,5406,4.8658723e-05
b7b69ec180490470802112f6,688669.SH,聚石化学,2024-06-30,8,1.8256409168243408,0,5406,0.00017218008
8f88bfcfe4a63364b97eee85,688676.SH,金盘科技,2024-06-30,7,1.4315792322158813,0,5406,0.0001332224
0172f1e302f260ce4e77830b,688678.SH,福立旺,2024-06-30,8,2.218614101409912,0,5406,0.00020073628
a121e5daa8ab8c46d95667b5,688679.SH,通源环境,2024-06-15,11,3.450401782989502,0,5406,0.0003456776
50d05149112c5e7579462bc5,688680.SH,海优新材,2024-03-25,7,3.7372970581054688,0,5406,0.00026180522
c2162bbc93d9a8d06acebc0b,688686.SH,奥普特,2024-06-30,6,3.0937366485595703,0,5406,0.00022248946
3d77dce7cea4c1fde0daf03b,688687.SH,凯因科技,2024-03-25,8,2.317521095275879,0,5406,0.0002385274
993119a819e6242e08f531a5,688689.SH,银河微电,2024-06-30,10,2.643441677093506,0,5406,0.00018997572
5f21b80f3971cc239cc64f01,688696.SH,极米科技,2024-06-15,5,1.2480653524398804,0,5406,0.00018750857
f9df1659b14249b665c32543,688739.SH,成大生物,2024-04-05,8,1.4914432764053345,0,5406,0.00012313214
690398f9ff12e7d57eef020f,688779.SH,五矿新能,2024-06-30,10,3.2937726974487305,0,5406,0.0002496704
d2927f0753a36da9f5908bbb,688788.SH,科思科技,2024-06-30,6,1.2626967430114746,0,5406,0.00012004327
a0d06f196cb231329bb3ea32,688981.SH,中芯国际,2024-06-30,6,2.113499402999878,0,5406,0.00018164031
052e18b1cd43a40611a48bee,001202.SZ,炬申股份,2024-06-30,4,1.4815137386322021,0,5406,0.00018392781
08369b3e99975648b671f58b,001207.SZ,联科科技,2024-06-30,9,1.7733564376831055,0,5406,0.00015428256
55e2cd5d10710d8a816c0381,001215.SZ,千味央厨,2024-06-30,6,1.4370310306549072,0,5406,0.00014166776
c699e2295a8defc7c9adec13,003042.SZ,中农联合,2024-06-15,7,1.92204749584198,0,5406,0.00014938843
013fbc4e1441c7929733b477,301181.SZ,标榜股份,2024-06-15,7,3.1628005504608154,0,5406,0.0002979449
0eb39092c29f06415c5412ba,601921.SH,浙版传媒,2024-06-30,7,3.117894411087036,0,5406,0.00018932471
7fdf99213a68bea659d7aac4,603216.SH,梦天家居,2024-06-30,7,2.8784193992614746,0,5406,0.00019535521
7ee774b3da09027da4fbfcf0,605020.SH,永和股份,2024-06-30,6,2.4233202934265137,0,5406,0.00021450574
a7e353c37e9b2825bc382152,605167.SH,利柏特,2024-06-30,3,0.38007020950317383,0,5406,6.6786815e-05
6f6d2d54bd6e0fe7fdd8c9a8,605365.SH,立达信,2024-07-01,6,1.4207592010498047,0,5406,0.00015924919
807e90108f05a159b2a6e746,605488.SH,福莱新材,2024-06-15,6,1.6359922885894775,0,5406,0.00017466741
599e35c32f64f3ac583b9d72,605566.SH,福莱蒽特,2024-04-05,6,2.0531792640686035,0,5406,0.00017412571
e2eb3f41f664dc8e1e5b3871,688076.SH,ST诺泰,2024-06-15,9,1.8159763813018799,0,5406,0.00019327577
99dd4516493def5a64ab67b1,688112.SH,鼎阳科技,2024-06-30,8,2.8444342613220215,0,5406,0.00026751557
083f52c21bcefa8e6dc4de06,688132.SH,邦彦技术,2024-03-25,10,2.3786368370056152,0,5406,0.00020442372
90018c7ff683b42582f4390f,688147.SH,微导纳米,2024-06-30,11,3.2651736736297607,0,5406,0.00024519133
2cc7d0c5c2c68ee1f55ff650,688148.SH,芳源股份,2024-06-30,8,2.9228157997131348,0,5406,0.0002429392
b055478864769ce219c2e85c,688161.SH,威高骨科,2024-06-30,10,3.162973403930664,0,5406,0.00025817522
97c1c4c2ac6748044c902db1,688226.SH,威腾电气,2024-06-15,2,0.25977104902267456,0,5406,5.6155997e-05
188f18c2ad26b17980dddb9e,688239.SH,航宇科技,2024-06-15,10,2.719738721847534,0,5406,0.00021934736
c0bde73ac4b8b3c76c7cd79d,688260.SH,昀冢科技,2024-06-15,10,2.564833164215088,0,5406,0.0002045754
a3ca187d9d67dcd0a3c318ba,688269.SH,凯立新材,2024-06-30,7,0.9583148956298828,0,5406,0.000120627774
86159146b6183915be291474,688280.SH,精进电动-UW,2024-03-15,9,2.4129843711853027,0,5406,0.00020311955
f382116021aa6961f962885f,688314.SH,康拓医疗,2024-06-15,7,1.4245738983154297,0,5406,0.00012639748
f1dc27b2cf90cb176601398a,688315.SH,诺禾致源,2024-06-15,4,0.983959436416626,0,5406,0.00010894439
d97a0fc215db282eebc20822,688319.SH,欧林生物,2024-06-15,7,2.173602819442749,0,5406,0.0001725784
c084e6e262f24d4732021f38,688345.SH,博力威,2024-06-15,7,1.9025753736495972,0,5406,0.00020057129
39e28622cbade5915f8bc35c,688395.SH,正弦电气,2024-06-15,7,2.8945729732513428,0,5406,0.00021732772
971f5c177c87c9f0120689a4,688425.SH,铁建重工,2024-06-15,11,3.44390606880188,0,5406,0.00033360338
ba63555dfcc572768b2413aa,688456.SH,有研粉材,2024-06-15,7,2.2379701137542725,0,5406,0.00019137785
c12e028d4aa47e62b7e8b83e,688468.SH,科美诊断,2024-06-15,11,3.032768726348877,0,5406,0.00023993793
d1968b6ac889e5df7d1f88f7,688501.SH,青达环保,2024-03-15,10,3.3184478282928467,0,5406,0.0003080029
1957f07e0c2ea03caad2b5bf,688517.SH,金冠电气,2024-06-30,12,3.368729829788208,0,5406,0.0002535237
1504ede711f5d4d92f217148,688533.SH,上声电子,2024-06-15,5,1.806899070739746,0,5406,0.00017987214
6d3fdf241803550530c22022,688565.SH,力源科技,2024-06-15,5,0.6057324409484863,0,5406,9.7842836e-05
7d16bdbe1ef99534ff204805,688584.SH,上海合晶,2024-06-15,8,4.094778060913086,0,5406,0.00026741173
c6e73b3d527ae45d29f4881d,688609.SH,九联科技,2024-03-15,3,1.482774019241333,0,5406,0.0001526351
b16c30efbe74c34ac8df4210,688611.SH,杭州柯林,2024-03-25,8,3.3828823566436768,0,5406,0.0002553027
0176cd22505f68747d4be84b,688613.SH,奥精医疗,2024-06-30,3,0.5352138876914978,0,5406,6.668215e-05
78f834a3930f945e437a5436,688625.SH,呈和科技,2024-06-30,10,1.8295331001281738,0,5406,0.00016771565
d1d6ab03665cfe82dd69bee7,688639.SH,华恒生物,2024-07-01,15,2.95155930519104,0,5406,0.00023973893
92c9b7ce7ab08ad6c7fdc4d8,688660.SH,电气风电,2024-06-30,7,2.9452245235443115,0,5406,0.00026217088
ed57e8739f06810cd201cc93,688662.SH,富信科技,2024-06-30,5,1.3572039604187012,0,5406,0.00014270974
f844aa5627aba550eb94d1a9,688663.SH,新风光,2024-06-15,8,2.234741687774658,0,5406,0.00019360699
cb2dcb10133874e05a685911,688667.SH,菱电电控,2024-06-30,5,1.9447695016860962,0,5406,0.0001731758
075b03597ecd8a68ba027246,688682.SH,霍莱沃,2024-03-25,5,1.2263720035552979,0,5406,0.00012945858
86578086d5571703b052ff00,688683.SH,莱尔科技,2024-06-15,12,3.093173027038574,0,5406,0.00024172402
bfa1d9a13b0b3d0b1db44bb1,688690.SH,纳微科技,2024-06-30,5,2.389791488647461,0,5406,0.00024355702
97bd122abef3108beafe0767,688733.SH,壹石通,2024-06-30,9,1.9904835224151611,0,5406,0.00018232422
707c24560e57875f0428eb2b,688789.SH,宏华数科,2024-06-30,6,1.2502689361572266,0,5406,0.00021997777
91bdc5e8f40966c09c024b81,001205.SZ,盛航股份,2024-06-30,6,1.6851403713226318,0,5406,0.00016841813
7ed987747dbed445d65ea85e,001208.SZ,华菱线缆,2024-06-30,7,2.515900135040283,0,5406,0.00022834986
1ead1dd5e7a0144d2d5bddcf,001209.SZ,洪兴股份,2024-06-30,9,2.6723270416259766,0,5406,0.00021027547
716791b4160b374280fe1b14,001211.SZ,双枪科技,2024-06-30,4,0.7770987153053284,0,5406,0.00010246854
531300fb32c9d6965d6c0cea,001212.SZ,中旗新材,2024-06-30,8,2.0824599266052246,0,5406,0.00020138071
7d4b3962a0c2fba4c62d7f13,001213.SZ,中铁特货,2024-06-30,7,1.7995679378509521,0,5406,0.00021815328
86b89620bac09987a9d4b073,001217.SZ,华尔泰,2024-06-30,7,1.364783525466919,0,5406,0.00013144485
9a5cd879267b4bbce1328cb1,001219.SZ,青岛食品,2024-06-30,8,1.8023858070373535,0,5406,0.00014870892
74ecbdc08d8fc4a87f4832d6,001269.SZ,欧晶科技,2024-06-30,9,2.8684635162353516,0,5406,0.0002305907
3b86c9bc478baee7afe9714a,001288.SZ,运机集团,2024-06-15,10,2.262296199798584,0,5406,0.00024894203
8a6aee886704c62f48a48916,300969.SZ,恒帅股份,2024-06-15,3,0.4022858440876007,0,5406,5.674858e-05
63d856b599e89d9f1b3b5a60,300976.SZ,达瑞电子,2024-06-15,12,3.5258796215057373,0,5406,0.0002798435
b6e83a4f88303ed745a44d7a,300983.SZ,尤安设计,2024-06-15,5,0.8143424391746521,0,5406,9.479848e-05
e7646cfb388287501cd0d2f0,300984.SZ,金沃股份,2024-06-15,3,0.8346379995346069,0,5406,9.7951415e-05
039df12fa8131451ea52efff,300985.SZ,致远新能,2024-06-30,3,0.3779045343399048,0,5406,6.9803915e-05
1e3122c2f7aa48d880e7fc98,300995.SZ,奇德新材,2024-06-15,7,2.090177059173584,0,5406,0.00017682067
2ab630ee280a50400b26fd1a,301016.SZ,雷尔伟,2024-06-15,8,1.5646711587905884,0,5406,0.00017365979
be3648db411dcb3f72d33916,301022.SZ,海泰科,2024-06-15,6,2.39856219291687,0,5406,0.00020932047
f79640b96bab42d37a5e24c8,301033.SZ,迈普医学,2024-06-15,10,2.963953733444214,0,5406,0.0002395384
c124a05a975ed0b92c409541,301037.SZ,保立佳,2024-06-30,7,0.909025251865387,0,5406,0.00011155183
89de0a921cb22845a9de63ac,301052.SZ,果麦文化,2024-06-15,9,3.248392343521118,0,5406,0.00025168605
a9514b6e95239871430463e1,301069.SZ,凯盛新材,2024-06-30,12,3.000434637069702,0,5406,0.0002447808
4eb5a566b91680ac8639b6bc,301169.SZ,零点有数,2024-06-15,9,2.2512564659118652,0,5406,0.00020913073
a7970b2f8ee7b39f4bbeef52,600955.SH,维远股份,2024-06-30,5,1.8360916376113892,0,5406,0.0001705309
0d0f2c7c387d4cd30adfd335,603107.SH,上海汽配,2024-06-28,9,2.51772403717041,0,5406,0.00020317722
69f1a43f630b4153c10021f6,603511.SH,爱慕股份,2024-06-30,8,3.3816781044006348,0,5406,0.00025697873
ea9bc9c7512ff36c3ca2785a,603836.SH,海程邦达,2024-06-30,7,1.8272110223770142,0,5406,0.0001742329
a4c224e6c0ba4bf4cd5c3160,605138.SH,盛泰集团,2024-06-30,11,3.648827314376831,0,5406,0.00029805666
f98324874ed58e808923adee,605259.SH,绿田机械,2024-06-15,7,1.9511568546295166,0,5406,0.00022347884
51ff4c170d659bb88ddb287b,605555.SH,德昌股份,2024-06-30,11,2.173598289489746,0,5406,0.00021379419
07da9a922561d03a11c31364,605580.SH,恒盛能源,2024-06-30,6,2.379774808883667,0,5406,0.00018460708
870f2f009f9376fd19763cd9,605588.SH,冠石科技,2024-06-30,10,3.4431300163269043,0,5406,0.00026135298
d556d669e32365abd7b95150,605598.SH,上海港湾,2024-06-15,7,1.0442068576812744,0,5406,0.0001631057
a3ad66ec370f21cfe02b32be,688059.SH,华锐精密,2024-03-15,6,3.4196536540985107,0,5406,0.0002562541
2f5e43ad3e41dff7212026a2,688113.SH,联测科技,2024-06-15,4,1.642209529876709,0,5406,0.00017329486
f02a4c13f707ff572f4309bc,688117.SH,圣诺生物,2024-06-15,4,0.638353168964386,0,5406,0.00013677415
bc01c6ebebb405610a6374b6,688182.SH,灿勤科技,2024-06-30,7,1.0580273866653442,0,5406,0.00010966122
47b0fc8806dcbc5c08821a3d,688201.SH,信安世纪,2024-06-30,9,3.9859015941619873,0,5406,0.0002909474
d3893a3520993ee20b34bceb,688216.SH,气派科技,2024-06-30,9,2.7275869846343994,0,5406,0.00022243868
c9b32104e4d2ab5ee9cc8a3d,688217.SH,睿昂基因,2024-06-15,5,1.1603754758834839,0,5406,0.00012193382
9446c9689b10eef63855dce9,688227.SH,品高股份,2024-06-30,13,3.2832906246185303,0,5406,0.000276171
a90e7c811092312b3a652ce7,688323.SH,瑞华泰,2024-06-15,6,1.5901981592178345,0,5406,0.00014222924
fc3905eb3a69c39eb28f6b72,688355.SH,明志科技,2024-06-15,6,1.4016815423965454,0,5406,0.00017123563
54d404f0d0dd3844d33bb46e,688509.SH,正元地信,2024-06-30,3,1.823591709136963,0,5406,0.00017151875
655421ca1a8b5bbd677f5170,688681.SH,科汇股份,2024-06-15,9,2.494534969329834,0,5406,0.00019768697
c2ff800ad426f5281d986c62,688685.SH,迈信林,2024-06-15,7,2.9061439037323,0,5406,0.00023711663
6479c65463dfbacb5f12292e,688700.SH,东威科技,2024-06-15,7,1.3872698545455933,0,5406,0.00014300227
4d1755485207939f56930600,688786.SH,悦安新材,2024-06-15,7,2.8416521549224854,0,5406,0.00023644051
f5ccadca168353dfd93b7d0b,688793.SH,倍轻松,2024-06-15,9,2.05088472366333,0,5406,0.0002506795
5d36d68375934fe250504097,688799.SH,华纳药厂,2024-06-30,11,2.9720587730407715,0,5406,0.00026316495
83785f106fd0f6358920d9b0,300814.SZ,中富电路,2024-06-15,9,2.696561574935913,0,5406,0.00020650902
eacaf6ff39990262c4f614d2,300844.SZ,山水比德,2024-06-15,10,2.925840377807617,0,5406,0.00024677164
539c28829c93c28f17ea0da1,300854.SZ,中兰环保,2024-06-15,5,1.0801652669906616,0,5406,0.00013411221
9e4f7770c641b8234c1600ed,300957.SZ,贝泰妮,2024-06-15,10,2.625142812728882,0,5406,0.00024603182
3e972e6312dcb470492b5fef,300971.SZ,博亚精工,2024-06-15,4,0.6693294048309326,0,5406,9.914932e-05
b5df8d6219b1074dad5fc4f1,300979.SZ,华利集团,2024-06-30,4,1.0665478706359863,0,5406,0.00010875894
59bd4356297948e4049edab8,300980.SZ,祥源新材,2024-06-15,9,2.2585222721099854,0,5406,0.00021198404
e3839359f89bcc15f05018fb,300988.SZ,津荣天宇,2024-06-15,9,1.9197778701782227,0,5406,0.00015588802
3355f74ed397947f86f3459e,300989.SZ,蕾奥规划,2024-06-15,5,2.230865001678467,0,5406,0.00018576019
45a07278df62ba92ffe16850,300990.SZ,同飞股份,2024-06-15,7,1.409393072128296,0,5406,0.0001593264
d56bd3541fe0cb4e3805d221,300991.SZ,创益通,2024-06-15,13,2.9378466606140137,0,5406,0.00026203008
f7c7ba0f67e81f10e83db3ef,300992.SZ,泰福泵业,2024-06-15,4,1.0326251983642578,0,5406,0.00013801815
99cc828cd9281eec203d6182,301001.SZ,凯淳股份,2024-06-15,8,1.9438213109970093,0,5406,0.00016886694
eda9f3dffc99e80733b66859,301003.SZ,江苏博云,2024-06-15,6,1.1383016109466553,0,5406,0.00015865927
b239100c070151284804afa2,301004.SZ,嘉益股份,2024-06-15,3,1.3049132823944092,0,5406,0.00017690245
d455a8de069c78ffee032c60,301009.SZ,可靠股份,2024-06-15,7,1.254319667816162,0,5406,0.00013515726
d5f3c431b6a9f26bd08ca519,301013.SZ,利和兴,2024-06-15,11,2.1378631591796875,0,5406,0.00019216532
5d7dfe4304fcf5e90c2ec19f,301019.SZ,宁波色母,2024-06-15,6,1.2793171405792236,0,5406,0.00013432985
6c6230af2ca534761d6d25c0,301027.SZ,华蓝集团,2024-06-30,9,3.286471366882324,0,5406,0.0002530699
ee2ffecd41534468cd5318a2,301031.SZ,中熔电气,2024-06-15,8,1.7382079362869263,0,5406,0.00014853604
879aef1445f0f57472b40b06,301040.SZ,中环海陆,2024-06-30,10,3.572408676147461,0,5406,0.00025646863
69d1f81bba72bba29d436dd5,301043.SZ,绿岛风,2024-06-30,5,0.5586099624633789,0,5406,0.00010430354
ad0819d6956df64090073bd6,301049.SZ,超越科技,2024-06-15,8,1.727696418762207,0,5406,0.00022425526
eb2a4a954c79d133ffe35337,301055.SZ,张小泉,2024-06-15,1,0.23697933554649353,0,5406,5.500347e-05
9131a9be61d608c0fda7b2ae,301059.SZ,金三江,2024-06-15,6,1.533424973487854,0,5406,0.00014751592
c6bf756d98d63a2da326a09f,301060.SZ,兰卫医学,2024-06-15,8,2.9521172046661377,0,5406,0.0002212859
e0c4e53ea071c3e65167dddb,301061.SZ,匠心家居,2024-06-15,12,2.858922243118286,0,5406,0.00030445153
7b842c7f3ee8c091aceb9153,301065.SZ,本立科技,2024-06-15,9,2.1814613342285156,0,5406,0.00021932527
1d02596942976dbf2bd89f6a,301066.SZ,万事利,2024-06-30,2,0.441941499710083,0,5406,7.471178e-05
10a48d4d059f0c14d2124faa,301067.SZ,显盈科技,2024-06-30,7,1.435591697692871,0,5406,0.00016585663
fb1c26eceed1295bab5890c8,301070.SZ,开勒股份,2024-06-15,7,0.8985555768013,0,5406,0.00013053622
0ee00a0fa71b7f3f1e19e4f4,301072.SZ,中捷精工,2024-06-15,10,3.172729253768921,0,5406,0.00025515156
ea7ee7222f6bcc8426f81d2d,301077.SZ,星华新材,2024-06-15,12,3.559145450592041,0,5406,0.00026386557
ff10e3dee66a931cee3de498,301078.SZ,孩子王,2024-06-15,1,0.6769888997077942,0,5406,0.00013913118
898c677eca593c18b1d4d34f,301082.SZ,久盛电气,2024-06-15,2,0.2686805725097656,0,5406,4.899779e-05
8e1cfd856917a6fbede18a96,301085.SZ,亚康股份,2024-06-15,5,1.3607327938079834,0,5406,0.00012699568
c44fa6cd32a2e04a7829c062,301089.SZ,拓新药业,2024-06-15,7,2.6822996139526367,0,5406,0.00023913919
aadeb05966f313c78ae37f3d,301093.SZ,华兰股份,2024-06-15,6,1.7463014125823975,0,5406,0.00016368247
c957ac8c56680cad2a03255f,301099.SZ,雅创电子,2026-04-15,4,0.6727325320243835,0,5406,8.315184e-05
fd905223e58d0a279f9939c9,301108.SZ,洁雅股份,2024-06-15,10,2.7012386322021484,0,5406,0.00024953124
e5f0135ba8fc7b8dfe1b8342,301118.SZ,恒光股份,2024-06-15,9,2.3578808307647705,0,5406,0.00021272938
64cd58964dc9d951f4a8ccd7,301120.SZ,新特电气,2024-06-15,8,1.7702202796936035,0,5406,0.00015549308
2b029e53e0d23044ff316fe8,301129.SZ,瑞纳智能,2024-06-15,3,1.695435643196106,0,5406,0.00015285166
814a8316f075fa24054cf73f,301152.SZ,天力锂能,2024-06-30,10,2.254835844039917,0,5406,0.00017695433
af5e59aab2a71ff16c4b4c84,301159.SZ,三维天地,2024-06-15,0,0.0,59,1,2.7262813e-05
f62808e8ad7428e7b7969359,301185.SZ,鸥玛软件,2024-06-15,6,1.0462075471878052,0,5406,0.00010754447
bf7922042c68f9337e221600,301198.SZ,喜悦智行,2024-06-15,2,0.17351090908050537,0,5406,6.6819826e-05
aa936b49b2221e45ee340018,301336.SZ,趣睡科技,2024-06-28,10,2.3211309909820557,0,5406,0.00024209011
bc4c316755a88db850c57a7c,688071.SH,华依科技,2024-06-30,5,1.3805058002471924,0,5406,0.00014133751
9292262501dab9be41c1ce36,688728.SH,格科微,2024-06-15,5,1.0710073709487915,0,5406,0.00012017358
d49ac328233cdc1f11988704,300994.SZ,久祺股份,2024-06-30,9,3.046013116836548,0,5406,0.00033588216
499127196d91d2e26ef0caa0,301005.SZ,超捷股份,2024-06-30,0,0.0,60,1,2.7262813e-05
0f0f1c6b0293a47f2d1142a4,301008.SZ,宏昌科技,2024-06-15,5,1.2351292371749878,0,5406,0.00013279832
661786b6f29fe049ab87ed24,301012.SZ,扬电科技,2024-06-15,10,2.651188850402832,0,5406,0.00025508707
e33588e8b576a300334f43bf,301032.SZ,新柴股份,2024-06-15,3,1.6208575963974,0,5406,0.0001756441
618c358adf85c47a37f97105,301038.SZ,深水规院,2024-06-15,5,1.5994038581848145,0,5406,0.00017522709
97bb2800a410ae6b5aa0c5a4,301039.SZ,中集车辆,2024-06-15,5,1.3578283786773682,0,5406,0.00016876237
a4e96411fcc5e3fdce796952,301041.SZ,金百泽,2024-06-15,6,1.4628602266311646,0,5406,0.00016442363
e0c95a37fecf03333f612d86,301050.SZ,雷电微力,2024-06-30,8,3.1901087760925293,0,5406,0.00024236934
a40eff60a0f62b66b3b84089,301053.SZ,远信工业,2024-06-15,5,0.8191387057304382,0,5406,0.00012331517
bd19a5efbeba6bf7db595581,301056.SZ,森赫股份,2024-06-15,7,2.9155495166778564,0,5406,0.00022815855
395d03062186440a9c11a5c8,301057.SZ,汇隆新材,2024-06-15,7,2.1040265560150146,0,5406,0.00018157302
2578a79668d440ee6473306a,301058.SZ,中粮科工,2024-06-30,1,0.12268506735563278,0,5406,6.5000684e-05
d44d944051a611d3d9b7eb0c,301071.SZ,力量钻石,2024-06-30,6,1.8705329895019531,0,5406,0.0001697316
9847240330836b6cad46a962,301079.SZ,邵阳液压,2024-06-30,7,2.0605270862579346,0,5406,0.00020456985
4765f035774986e5cf4335ab,301083.SZ,百胜智能,2024-06-15,6,1.594707727432251,0,5406,0.00017080168
2953fa1c085cde82372060d4,301087.SZ,可孚医疗,2024-06-15,7,1.8777559995651245,0,5406,0.00017320593
46ea5826342ea449299d6234,301088.SZ,戎美股份,2024-06-15,7,1.5330331325531006,0,5406,0.00012553576
b42bd954b97bee4cce62d1f8,301090.SZ,华润材料,2024-06-30,3,0.9736166000366211,0,5406,0.00010543113
b2d96bbef108be998a96b329,301091.SZ,深城交,2024-06-15,7,1.588098406791687,0,5406,0.00015856266
415c722c1f7f8482e04f22da,301100.SZ,风光股份,2024-06-15,9,1.9182846546173096,0,5406,0.00016986937
a53ef7256dac7af826660e38,301101.SZ,明月镜片,2024-06-30,2,0.8543986678123474,0,5406,0.00010345297
c12e2c1fd826dd2dd6b56414,301103.SZ,何氏眼科,2024-06-15,5,3.2649457454681396,0,5406,0.0002217879
71bb5a4a904184ce8121dcc0,301112.SZ,信邦智能,2024-06-30,7,2.2733497619628906,0,5406,0.00019242075
46f86d7cac7294462f5a5e85,301119.SZ,正强股份,2024-06-15,6,1.5753633975982666,0,5406,0.00014114303
f0beeef4612ad32da2f0a4db,301126.SZ,达嘉维康,2024-06-30,10,2.8402814865112305,0,5406,0.00020906229
234e76ecbafafb916f5b422f,301128.SZ,强瑞技术,2024-06-15,12,2.6035165786743164,0,5406,0.00022798528
3385751c2c95c326f2a98dbf,301133.SZ,金钟股份,2024-06-15,11,2.5686445236206055,0,5406,0.00020936987
7961319f9fbe4c2036801f65,301138.SZ,华研精机,2024-06-15,4,0.45269232988357544,0,5406,8.148137e-05
31ddc783e57c8635a39bb295,301149.SZ,隆华新材,2024-06-15,13,3.005625009536743,0,5406,0.00025826582
831ef23013865da8c8e2f4ce,301166.SZ,优宁维,2024-06-30,3,1.0135009288787842,0,5406,0.000121823105
250dca8a2beea14262274bed,301178.SZ,天亿马,2024-06-30,11,4.224489688873291,0,5406,0.00028457443
5273a50f761346aa0a57629e,301180.SZ,万祥科技,2024-06-15,10,3.3697454929351807,0,5406,0.0002829784
fbc0bedd3b3f6bb8aea62f09,301186.SZ,超达装备,2024-06-15,6,2.1117913722991943,0,5406,0.0001907435
efef69004d2fbba7ada82d96,301188.SZ,力诺药包,2024-06-15,8,2.818742275238037,0,5406,0.0002471687
404b32528481a12feadc7e49,301193.SZ,家联科技,2024-06-30,7,2.312605381011963,0,5406,0.00020460729
cc27741a2fd867a1c0a17285,301231.SZ,荣信文化,2024-06-15,5,1.7498894929885864,0,5406,0.00014767227
3f62be1c3d6a93b67182188e,301234.SZ,五洲医疗,2024-06-15,4,0.6245414614677429,0,5406,8.271482e-05
03f1031c8ee16528ce9f67ff,301239.SZ,普瑞眼科,2024-06-15,5,3.114366292953491,0,5406,0.00021178652
568d66e1a0120c2909989f72,301259.SZ,艾布鲁,2024-06-15,4,1.3257731199264526,0,5406,0.00014155835
1f0f4a2a815bfe037fbc1d41,301267.SZ,华厦眼科,2024-06-30,5,3.942565441131592,0,5406,0.00026667674
3a8858ed363c67868ebc6819,301298.SZ,东利机械,2024-06-15,12,3.183537721633911,0,5406,0.0002727533
db2c776236438520fa528a51,301345.SZ,涛涛车业,2024-06-15,9,2.255979537963867,0,5406,0.00025180852
ab51081e5085a34ceb438dc9,301362.SZ,民爆光电,2024-06-15,10,2.22188663482666,0,5406,0.0002353973
7dbf1209e944814c7d13cc45,301370.SZ,国科恒泰,2024-06-30,3,0.3120113015174866,0,5406,5.7293717e-05
93ad6d42969218ffbb5d0ecd,301398.SZ,星源卓镁,2024-06-15,7,1.8833463191986084,0,5406,0.0001737818
3cca738465144c8068e5b567,688087.SH,英科再生,2024-03-15,4,0.5653948187828064,0,5406,8.160233e-05
c3cab1b414cc959deec78935,688232.SH,新点软件,2024-06-30,9,2.186889171600342,0,5406,0.00017024732
07c0705ee44c475031223bfb,688601.SH,力芯微,2024-06-30,10,4.451513290405273,0,5406,0.00031787637
dedec6a939feb508a78d1e1e,688655.SH,迅捷兴,2024-06-30,7,1.8412116765975952,0,5406,0.00017189332
254b12f4be502543fa0c6916,301045.SZ,天禄科技,2024-06-15,9,2.5106005668640137,0,5406,0.00020475718
c1e9adc18b4d10c76f3d6938,301046.SZ,能辉科技,2024-06-30,7,1.7443721294403076,0,5406,0.00020184898
8ace5a8aab7c1ae0698bf4b8,301047.SZ,义翘神州,2024-06-30,4,1.315651297569275,0,5406,0.00015643156
d71e9fa59db7c8cdb9d1789f,301048.SZ,金鹰重工,2024-06-15,5,2.5366945266723633,0,5406,0.00024944058
e92ac449858a88faa0aae9c0,301063.SZ,海锅股份,2024-06-15,9,2.5994906425476074,0,5406,0.00019426376
8c1b38eecc0f88945997e0de,301075.SZ,多瑞医药,2024-06-15,4,0.6995747089385986,0,5406,0.000110504596
a31b56f105a0951f6ab8ce90,301080.SZ,百普赛斯,2024-06-30,9,2.0128111839294434,0,5406,0.00022417805
6ab7922937500ded72ecd331,301092.SZ,争光股份,2024-06-15,6,0.7541676759719849,0,5406,0.00011090495
4aa3d342efc0b9b0fed6a827,301102.SZ,兆讯传媒,2024-06-30,1,0.48651379346847534,0,5406,0.00013387077
dd7c9cd01008edfc0d0f1caa,301111.SZ,粤万年青,2024-06-15,2,0.81477290391922,0,5406,0.0001652495
7bbb5b221ce91064fb509189,301121.SZ,紫建电子,2024-06-30,6,1.3017230033874512,0,5406,0.0001344802
d707bfa4e746b1f959ac7f82,301123.SZ,奕东电子,2024-06-30,2,0.5086052417755127,0,5406,7.2273826e-05
4b3a7956ba60f103a87d66da,301131.SZ,聚赛龙,2024-06-15,3,0.5003323554992676,0,5406,6.9061316e-05
61d8fbbe34af17c58472296b,301148.SZ,嘉戎技术,2024-06-30,10,1.9433857202529907,0,5406,0.00024885396
81571e65e54c7655b24b7e35,301160.SZ,翔楼新材,2024-06-15,5,1.7480971813201904,0,5406,0.00015324273
26e050f622697bb6ee9514c9,301187.SZ,欧圣电气,2024-06-15,8,1.5765355825424194,0,5406,0.00017701922
0ad55493bfbb9b3ca3ae961d,301213.SZ,观想科技,2024-06-30,11,2.6372928619384766,0,5406,0.00027076542
336065a8ef38bc6cd2ff6ba8,301219.SZ,腾远钴业,2024-06-15,6,1.9979699850082397,0,5406,0.00016734951
7d3a61eda6770be2bfabcced,301222.SZ,浙江恒威,2024-06-15,10,2.8878278732299805,0,5406,0.0002871773
7211adf8276b56f25b337b6e,301228.SZ,实朴检测,2024-06-15,5,1.161247968673706,0,5406,0.00013140922
80d9e64dc4cac72327811fc7,301232.SZ,飞沃科技,2024-06-15,7,1.9037377834320068,0,5406,0.00018026636
2cb72c9d95740a796f533df0,301296.SZ,新巨丰,2024-06-15,8,1.5227080583572388,0,5406,0.00014974935
1f803d8dcddd7559883c0efa,301331.SZ,恩威医药,2024-06-15,5,1.3064594268798828,0,5406,0.00012867262
e6a8cc6c5ad7fcee38791346,301665.SZ,泰禾股份,2024-06-15,1,0.09671325236558914,0,5406,4.3117027e-05
2a8b3a9ecc1f48b384538882,603213.SH,镇洋发展,2024-06-15,6,1.6627249717712402,0,5406,0.00013704943
fffed2676d7c5b40c35a4856,605599.SH,菜百股份,2024-06-30,11,2.788546562194824,0,5406,0.0001932289
56f817052c1fbe18f2adc37c,688038.SH,中科通达,2024-06-30,10,3.4526124000549316,0,5406,0.00023281272
230b03b6a658f14412de1a2a,688091.SH,上海谊众,2024-06-30,2,0.3468313217163086,0,5406,6.596791e-05
f075a4084530098785c2ec91,688110.SH,东芯股份,2024-06-30,7,2.4824397563934326,0,5406,0.00023948566
dc8626adefb1a57c1403af29,688246.SH,嘉和美康,2024-03-15,9,3.84382700920105,0,5406,0.000286596
18ab0086cce99e0ff60e1464,688276.SH,百克生物,2024-06-30,11,3.3410542011260986,0,5406,0.0002649183
32098d17c93047c966bbfe99,688296.SH,和达科技,2024-06-30,6,1.5212894678115845,0,5406,0.00015165981
f42bcd974ccd9491f1bf120d,688303.SH,大全能源,2024-04-05,2,0.28272324800491333,0,5406,4.7722337e-05
899aca3d061f1f8631357b36,688306.SH,均普智能,2024-06-15,4,0.7968981266021729,0,5406,8.438146e-05
e50c86e194a9c728f572b0b5,688359.SH,三孚新科,2024-06-15,8,1.8276795148849487,0,5406,0.00016727214
a21c8ffd2dd1ab535681d6aa,688367.SH,工大高科,2024-06-15,4,1.2388774156570435,0,5406,0.00013562893
95169c84fb94511178e5c45a,688376.SH,美埃科技,2024-06-30,5,0.9698995351791382,0,5406,0.00013299729
3ca65e354dc94aea8c6e1a19,688385.SH,复旦微电,2024-06-30,6,2.8408145904541016,0,5406,0.0002458675
42db0ea8007baedb6b6cca1f,688502.SH,茂莱光学,2024-06-15,9,3.3072822093963623,0,5406,0.0002436316
6cfcea30a423ead8043cda3e,688538.SH,和辉光电-U,2024-06-30,10,4.176296234130859,0,5406,0.00028976373
ec63d8b4b571ea35bad340f0,688597.SH,煜邦电力,2024-06-30,8,2.197652816772461,0,5406,0.00017834392
aa269a99bd3d08d4d60ca6c8,688621.SH,阳光诺和,2024-06-30,9,3.836714267730713,0,5406,0.0002613212
2617357a8482ef0d9e721969,688701.SH,卓锦股份,2024-06-30,6,0.891249418258667,0,5406,0.00013400152
2394812c367ea19a5273cdea,688716.SH,中研股份,2024-03-25,2,0.2719793915748596,0,5406,5.5617835e-05
5ce0845a6403ba4cc8343e19,688718.SH,唯赛勃,2024-06-30,4,1.4590438604354858,0,5406,0.00018557269
f597a13ca3f808088a62648f,688722.SH,同益中,2024-06-15,4,1.58457612991333,0,5406,0.0001934191
91bd52d3b370eb4629cba70f,688766.SH,普冉股份,2024-06-30,6,1.891776442527771,0,5406,0.00016965426
7a3cde1e900d080265707d90,688767.SH,博拓生物,2024-06-15,8,3.5428617000579834,0,5406,0.0002373619
b2b89da2d54e1aed73aa6bfa,688778.SH,厦钨新能,2024-06-30,10,3.352811813354492,0,5406,0.0002520529
b0f7a3dc9cfd43e56950c984,688798.SH,艾为电子,2024-06-30,10,3.8664960861206055,0,5406,0.0002791309
e49782109c19de175dbd9312,300834.SZ,星辉环材,2024-06-30,2,1.0020415782928467,0,5406,0.00011701023
f143c7356ba91cf5ad1b8329,301086.SZ,鸿富瀚,2024-06-15,4,0.830725371837616,0,5406,8.744954e-05
2502bd8f6388127eb10266ff,301096.SZ,百诚医药,2024-06-30,7,2.170217752456665,0,5406,0.00017351001
6e901001da61f3ada5ff521d,301110.SZ,青木科技,2024-06-15,9,3.3769779205322266,0,5406,0.00024879596
4c1ef75a674cba82000c3ebb,301113.SZ,雅艺科技,2024-06-15,7,2.5847432613372803,0,5406,0.00025668144
1c8a126740ef836c6bab4955,301117.SZ,佳缘科技,2024-06-15,6,2.1633365154266357,0,5406,0.00016800534
5578ba67ae33faeaf81b237a,301127.SZ,武汉天源环保股份有限公司,2024-06-15,8,2.290619373321533,0,5406,0.00024087702
4047b25f958cab4bde5edd49,301135.SZ,瑞德智能,2024-06-15,6,2.3916208744049072,0,5406,0.00019601561
fdf7c02d80c971c2f2e0cc3b,301136.SZ,招标股份,2024-06-15,5,1.3758283853530884,0,5406,0.00012218201
a4092ead88923a10172c3584,301139.SZ,元道通信,2024-06-15,8,3.1553194522857666,0,5406,0.00024125427
f6f0d6a9d0638f3026c72904,301150.SZ,中一科技,2024-06-15,7,3.7816662788391113,0,5406,0.0002239815
c27347b3021ab3ea47a1c729,301155.SZ,海力风电,2024-06-30,7,1.973043441772461,0,5406,0.00018901093
0bb14c8048a32656fa683b54,301158.SZ,德石股份,2024-06-30,5,1.4149821996688843,0,5406,0.00015634674
47fa08746a02ee2b00a83ca2,301162.SZ,国能日新,2024-06-15,5,1.541603922843933,0,5406,0.000174766
b6c3c15e571d1bd67d0d4ea1,301167.SZ,建研设计,2024-06-15,10,3.3323540687561035,0,5406,0.00026750052
cc7456fa048f55becaaa90ec,301177.SZ,迪阿股份,2024-06-30,4,0.9632372856140137,0,5406,8.1587415e-05
b5f16890eef17f64d01f1d7d,301179.SZ,泽宇智能,2024-06-30,6,1.2632379531860352,0,5406,0.0001530399
ba799ebef4f4a0f9ac030851,301189.SZ,奥尼电子,2024-06-15,10,2.030710458755493,0,5406,0.00022564846
0f8eefe49589aac37e3ecd92,301196.SZ,唯科科技,2024-06-15,7,1.659044623374939,0,5406,0.00019935635
36b9a9ca0501f5a873aa1c98,301201.SZ,诚达药业,2024-06-30,8,1.0902022123336792,0,5406,0.000119054224
ad5864d3824d4df363b911b8,301207.SZ,华兰疫苗,2024-06-30,9,1.9189698696136475,0,5406,0.00015481014
52fb0426a422124c5a9ae5db,301211.SZ,亨迪药业,2024-06-15,6,1.3121896982192993,0,5406,0.00013924084
22c0b422f627c06aeafa099e,301217.SZ,铜冠铜箔,2024-06-15,6,3.47139310836792,0,5406,0.0002045707
64bd9ccc7930d1cdf5a6c61b,301233.SZ,盛帮股份,2024-06-15,10,2.0857348442077637,0,5406,0.00020901074
39601960974813832d86f7db,301248.SZ,杰创智能,2024-06-15,10,3.685345411300659,0,5406,0.00025460712
5d54bc2105b55481059f2816,301257.SZ,普蕊斯,2024-06-15,7,2.5781214237213135,0,5406,0.00018048703
579e788b6bd8c7befae635fd,301265.SZ,华新科技,2024-06-15,12,2.7766692638397217,0,5406,0.00023652491
edf764d3ac076e28ebeb33b7,301338.SZ,凯格精机,2024-06-15,9,2.720155715942383,0,5406,0.00022104829
7849245f1898a26e71087f72,301339.SZ,通行宝,2024-06-15,5,1.16820228099823,0,5406,0.00012629609
235b825a12ce826627a89287,301382.SZ,蜂助手,2024-06-15,4,1.2528996467590332,0,5406,0.000111646725
9bdb3a3a231e035b8cf04218,301439.SZ,泓淋电力,2024-06-30,7,1.7807599306106567,0,5406,0.00017110509
60767259cc1044defa648fdf,605033.SH,美邦股份,2024-06-15,9,2.805541753768921,0,5406,0.00019487536
f2e90fc75c35916cd5d953c7,605567.SH,春雪食品,2024-06-30,5,2.560852527618408,0,5406,0.00018043307
1824848b82e972ff0e1e1a5a,605577.SH,龙版传媒,2024-06-30,6,3.1160976886749268,0,5406,0.0001848436
ada5d00c84122b71bf5cc212,688114.SH,华大智造,2024-06-30,3,1.0058774948120117,0,5406,0.00011744362
21f58e8c0f2bd1a285ffb69a,688120.SH,华海清科,2024-06-30,10,3.1547818183898926,0,5406,0.0002447166
356bbd38242a346609ab308d,688211.SH,中科微至,2024-06-30,6,3.155897617340088,0,5406,0.0002541208
f666dcf43cbd6f474ccc026e,688255.SH,凯尔达,2024-06-15,8,2.052048921585083,0,5406,0.00017334125
72f4c69b3a29ac3272589c01,688257.SH,新锐股份,2024-03-15,9,4.098871231079102,0,5406,0.0003027739
8c59f51f1200bf36a590a53f,688259.SH,创耀科技,2024-06-15,5,1.9106889963150024,0,5406,0.00016564855
71a69a7fa69a1b50d8417fb8,688327.SH,云从科技-UW,2024-06-30,8,1.7768118381500244,0,5406,0.0001955836
8dfda4119124e53db29e816a,688343.SH,云天励飞-U,2024-06-15,5,1.910073161125183,0,5406,0.00016515344
d8c8c146aa319b677e741efb,688486.SH,龙迅股份,2024-03-25,5,1.0240516662597656,0,5406,0.00012084911
b88f784390cb8d26552a3536,688511.SH,*ST天微,2024-06-30,5,1.0037968158721924,0,5406,0.00010619583
3e15bf64c5bc3049c11271a8,688553.SH,汇宇制药-W,2024-04-05,3,0.6296826601028442,0,5406,8.688096e-05
29eb0f3daa4bd769a87441ab,688670.SH,金迪克,2024-06-15,8,1.5270428657531738,0,5406,0.00012720509
443d1d82c2ab719ab2930d48,688768.SH,容知日新,2024-06-30,2,0.2343350052833557,0,5406,4.5731464e-05
92e5ea7d7037e80523889ba4,688772.SH,珠海冠宇,2024-04-05,9,2.821078062057495,0,5406,0.00026372747
e5cf6ba7140fdd664916fbbc,688775.SH,影石创新,2024-06-15,7,1.3585307598114014,0,5406,0.00016746261
a2fc6dca2b1cbd4b894afae0,688776.SH,国光电气,2024-03-15,7,2.9690957069396973,0,5406,0.00024394559
1d1dee2441836339c0ca062c,001234.SZ,泰慕士,2024-06-15,7,2.7093849182128906,0,5406,0.0002240577
fafdd07ae738d5b882b0f6cb,001317.SZ,三羊马,2024-06-30,4,0.8532925248146057,0,5406,0.00012488774
6dbcb22316e36c1274c00aa7,301106.SZ,骏成科技,2024-06-15,3,0.49290141463279724,0,5406,6.0281393e-05
d2ba37f8848ddf9232b3bc4b,301109.SZ,军信股份,2024-06-30,8,1.8022537231445312,0,5406,0.00013741497
bf4b259007a52b3660fb3121,301122.SZ,采纳股份,2024-06-15,10,2.4534268379211426,0,5406,0.00021518025
aec9990cfc7f9f60286df8be,301125.SZ,腾亚精工,2024-06-15,2,0.43148672580718994,0,5406,8.834154e-05
3de929cda1cab29388751f92,301137.SZ,哈焊华通,2024-06-15,2,0.5122990608215332,0,5406,6.9275484e-05
b11a8d7d7576aa0e187edb6f,301163.SZ,宏德股份,2024-06-15,5,0.7642114758491516,0,5406,9.891764e-05
391a5ceb3d27d564ff7b8f67,301165.SZ,锐捷网络,2024-06-30,5,1.3914825916290283,0,5406,0.0001767844
b75905a14aa8f9a0782a7149,301175.SZ,中科环保,2024-06-15,9,2.2249395847320557,0,5406,0.00016787174
7978ab063b29f216455d2872,301206.SZ,三元生物,2024-06-30,6,2.5001931190490723,0,5406,0.00021247563
26877202b02669d49b7923e9,301212.SZ,联盛化学,2024-06-15,6,1.4519942998886108,0,5406,0.00013515544
655b95b1a824f4dd0d058d5d,301216.SZ,万凯新材,2024-06-15,10,3.27710223197937,0,5406,0.00027895748
c520cdff380ccd4c79fbe536,301218.SZ,华是科技,2024-06-30,9,2.876199960708618,0,5406,0.00020404691
5d0a7a995e7f645c778bbd96,301227.SZ,森鹰窗业,2024-06-15,5,0.8153367042541504,0,5406,0.00010707453
4aa5294713c532987c01eab9,301229.SZ,纽泰格,2024-06-15,7,1.8119275569915771,0,5406,0.00015590181
782b41fafe4255fd2d402de7,301238.SZ,瑞泰新材,2024-06-15,5,1.1300636529922485,0,5406,0.00012276162
05485de9783cbeb2b20713ba,301256.SZ,华融化学,2024-06-30,9,2.28120756149292,0,5406,0.00019339591
2055a198cfaf40c3cfdff585,301268.SZ,铭利达,2024-06-15,13,3.395007610321045,0,5406,0.00026683428
636fe2961f9df7756de7d9a7,301279.SZ,金道科技,2024-06-15,4,0.49468737840652466,0,5406,7.765344e-05
f1897f7535fe9e19c11aef59,301282.SZ,金禄电子,2024-06-30,8,2.7744357585906982,0,5406,0.00020361622
84f26ebf23158696fa16582e,301313.SZ,凡拓数创,2024-06-15,5,1.681881070137024,0,5406,0.00019315118
e29eaefd47a976ba932487c1,301330.SZ,熵基科技,2024-06-28,6,1.911034345626831,0,5406,0.00018189965
02389fc6b312a43c9c8347f8,301373.SZ,凌玮科技,2024-06-15,11,3.1676430702209473,0,5406,0.00025478995
c4d8ca14aa6b6db4cb6a40d4,301381.SZ,赛维时代,2024-06-30,7,2.2855989933013916,0,5406,0.0002455744
67074a7b0d1cf7a906feefd9,301500.SZ,飞南资源,2024-06-30,8,1.7306034564971924,0,5406,0.000161706
84e97d3c83b8e3773f5599dc,601956.SH,东贝集团,2024-06-30,10,3.4438202381134033,0,5406,0.00027931549
b643febe1ef92231d6e97c97,603071.SH,物产环能,2024-06-30,3,1.0275797843933105,0,5406,0.00012053047
4f46678868b211847d78563b,603280.SH,南方路机,2024-06-15,9,1.9819040298461914,0,5406,0.00024501
ad20cc4285e8dca5411e4f77,603402.SH,陕西旅游,2024-06-15,8,2.2522287368774414,0,5406,0.00015771676
5c65b078dc5409983ea4ba75,688032.SH,禾迈股份,2024-06-15,5,1.703829050064087,0,5406,0.00015717355
20bc0a5aa5aa41c3d520d716,688062.SH,迈威生物-U,2024-07-01,4,0.8924530744552612,0,5406,9.8913915e-05
844b741744beb9f8e93bb984,688102.SH,斯瑞新材,2024-06-30,13,3.398055076599121,0,5406,0.000261055
6cbc6d79b5a6886c535e8b82,688103.SH,国力电子,2024-06-15,8,2.7591216564178467,0,5406,0.00021961685
41c83a9e96bace858f1cadb6,688105.SH,诺唯赞,2024-06-30,7,1.929988980293274,0,5406,0.00021235617
916026d852e229917b32dd8f,688119.SH,中钢洛耐,2024-06-30,6,4.033707141876221,0,5406,0.00025431954
1ab43effbcf0668d619b5f00,688151.SH,华强科技,2024-06-30,7,1.8310059309005737,0,5406,0.00020304682
e95d1dab6a4a159e01284951,688162.SH,巨一科技,2024-03-25,10,2.033008337020874,0,5406,0.00017711455
c2a1293ec9ddfaa646fff17c,688187.SH,时代电气,2024-06-30,2,0.265959769487381,0,5406,5.6326833e-05
aaf1c6ef0e574a8f44893f58,688210.SH,统联精密,2024-06-15,8,2.6208395957946777,0,5406,0.00020360044
3b3d738c64986d1b8009b27b,688212.SH,澳华内镜,2024-06-30,11,3.471193790435791,0,5406,0.00030891265
84efd997759d3d9f20b4d406,688220.SH,翱捷科技-U,2024-03-15,9,2.573249101638794,0,5406,0.00020735402
d7ba2ba9ad479f525b377854,688236.SH,春立医疗,2024-06-15,8,2.7662930488586426,0,5406,0.00022363786
f5bfab1d3afe0511b041b62c,688262.SH,国芯科技,2024-06-15,6,1.763364553451538,0,5406,0.00016082035
6891f27ef3293dbd9ed8cfbd,688265.SH,南模生物,2024-06-15,5,1.8387713432312012,0,5406,0.0001860564
83e9735e9a0a34ffc889a82e,688282.SH,理工导航,2024-03-25,12,4.118723392486572,0,5406,0.0003001823
35aa90a2078051c47b999282,688285.SH,高铁电气,2024-06-15,6,1.3691834211349487,0,5406,0.00014616559
2022fa27e7ed1abdd373e4ed,688711.SH,宏微科技,2024-06-30,9,4.102473735809326,0,5406,0.00027519793
15fa8f7d5c1847ec87743bdd,688737.SH,中自科技,2024-06-15,4,0.8456089496612549,0,5406,0.000117528434
ca11a69673b453c5c8a95202,688800.SH,瑞可达,2024-06-15,13,2.999656915664673,0,5406,0.00025760542
0b3d4b35837a62801b863118,003041.SZ,真爱美家,2024-06-15,5,1.1891648769378662,0,5406,0.00013379708
20c25cf79017be9c28fa5f61,301097.SZ,天益医疗,2024-06-15,7,1.3468296527862549,0,5406,0.00015984618
723d00213a1cbd4e76c26896,301107.SZ,瑜欣电子,2024-06-15,8,2.0681118965148926,0,5406,0.00020014936
3219ae7861b56e7d483cca57,301161.SZ,唯万密封,2024-06-15,7,1.8405619859695435,0,5406,0.00018637466
c4cfd11d9b1ef5482b650bff,301183.SZ,东田微,2024-06-15,8,2.4118382930755615,0,5406,0.00019485694
3522dbeed04026ddcfdd6f03,301215.SZ,中汽股份,2024-06-30,6,1.83852219581604,0,5406,0.00021362494
ecd5516954ce01b6a5c36049,301221.SZ,光庭信息,2024-06-30,7,2.0749447345733643,0,5406,0.00018511996
6d49a16f0de8a90234f6657b,301223.SZ,中荣股份,2024-06-15,14,3.6122894287109375,0,5406,0.00028901894
8b79a642d48d6270e72da55d,301230.SZ,泓博医药,2024-06-15,8,1.6006712913513184,0,5406,0.00017017267
973cfcd3fe53a5e07adb1d43,301235.SZ,华康洁净,2024-06-15,5,1.9267985820770264,0,5406,0.00019678952
aea8c9e39678d6915c7448a7,301236.SZ,软通动力,2024-06-15,10,2.2876639366149902,0,5406,0.00018626708
26b2687c97d4c7e53f2ee221,301262.SZ,海看股份,2024-06-30,8,2.820441246032715,0,5406,0.00021896002
55a0ae0665281eb60641312a,301270.SZ,汉仪股份,2024-06-15,0,0.0,61,1,2.7262813e-05
f34a04c54ef600ee760e0188,301276.SZ,嘉曼服饰,2024-06-30,4,1.2843563556671143,0,5406,0.000119056465
9ffad6b20fe5f7f0f3f5396d,301283.SZ,聚胶股份,2024-06-30,3,1.2159504890441895,0,5406,0.00012893998
7c5caeeafea787e3b414dd7c,301293.SZ,三博脑科,2024-06-15,6,2.255600690841675,0,5406,0.00021092198
72fc22823837ca6f18394568,301300.SZ,远翔新材,2024-06-15,14,3.3171815872192383,0,5406,0.00027500003
9823c37c356d0755ad3978dc,301318.SZ,维海德,2024-06-15,9,2.3180112838745117,0,5406,0.00023690307
be6fecbd7d4bb4a967bd3157,301319.SZ,唯特偶,2024-06-15,6,1.3434174060821533,0,5406,0.000116248404
cd036ae5dfe114b0bb8645b1,301349.SZ,信德新材,2024-06-15,8,2.4416661262512207,0,5406,0.00021405489
77504da9eff76ecc9bd44525,301363.SZ,美好医疗,2024-06-30,2,0.20118793845176697,0,5406,4.4959335e-05
3e17f66e34419631bf18e6fa,301366.SZ,一博科技,2024-06-15,5,0.6786825060844421,0,5406,9.6813885e-05
a1af6974875a649e40be4eff,301367.SZ,瑞迈特,2024-06-15,7,2.7765839099884033,0,5406,0.00023332327
b32152a3249a71d5e3aa7d24,301468.SZ,博盈特焊,2024-06-30,2,0.3096965551376343,0,5406,7.627668e-05
91fc188e2b1af839aebd77d2,600927.SH,永安期货,2024-06-30,3,2.644773006439209,0,5406,0.0002330841
186a46f7553345dac79476e9,601059.SH,信达证券,2024-06-30,7,2.33790922164917,0,5406,0.0001925478
8caeaca7e86c828874c451ee,601728.SH,中国电信,2024-06-30,5,2.2466487884521484,0,5406,0.00018229782
404785e987b2288ebb931ba9,603048.SH,浙江黎明,2024-06-15,3,0.49392956495285034,0,5406,7.215272e-05
f0ee7ed67a54eb2957dcbe2d,603122.SH,合富中国,2024-06-15,5,1.195109486579895,0,5406,0.00012640585
dbd2066074c464b167ab7e04,603176.SH,汇通集团,2024-06-15,9,2.0386390686035156,0,5406,0.00019325675
cd3e0f4e4812e6e58915113f,603209.SH,兴通股份,2024-06-15,6,1.7831131219863892,0,5406,0.00016969127
8562899d9cbc28fa09655700,603215.SH,比依股份,2024-06-30,7,1.5698843002319336,0,5406,0.00017511418
7b88106ed5a68340d1e8042d,603230.SH,内蒙新华,2024-06-15,3,0.46617791056632996,0,5406,7.017191e-05
ae7bd5f402dfafb61dd17664,688045.SH,必易微,2024-06-15,6,1.571837306022644,0,5406,0.00013012001
483b84d9c4586fb7d9f6866e,688049.SH,炬芯科技,2024-03-15,6,2.970533847808838,0,5406,0.00022029439
0f94f36c5c756e58ee82b30b,688107.SH,安路科技,2024-06-30,3,0.6181267499923706,0,5406,9.61623e-05
41ac94693474e9f0b9a6fda6,688121.SH,卓然股份,2024-06-30,7,1.9737805128097534,0,5406,0.00019455056
97097b71047ac7f930355055,688167.SH,炬光科技,2024-06-30,5,1.0088770389556885,0,5406,0.00011081556
213bedc6b6b5315b2e7a31d1,688190.SH,云路股份,2024-06-30,8,1.5320372581481934,0,5406,0.00013499147
f1939c65cd502684884f02ab,688192.SH,迪哲医药-U,2024-06-15,9,2.397937774658203,0,5406,0.00023115771
02846c55edcb40261691ee3b,688197.SH,首药控股-U,2024-06-30,10,3.203936815261841,0,5406,0.0003031444
4a142e4eaebe4d764c882ab7,688225.SH,亚信安全,2024-06-30,11,4.18528938293457,0,5406,0.0003080876
7762b727bccdc9bae2d306ed,688230.SH,芯导科技,2024-06-15,11,3.2137362957000732,0,5406,0.0002461314
44f6648a539a32d35473c409,688235.SH,百济神州-U,2024-06-15,9,2.8050851821899414,0,5406,0.00026056543
b2391db74d7796a3cf4f4bab,688272.SH,富吉瑞,2024-06-15,8,3.8856759071350098,0,5406,0.0002738977
ef14a059921d2bbbbd2841a2,688281.SH,华秦科技,2024-03-25,8,2.733111619949341,0,5406,0.00025906853
1e4ac246a809293193270436,688349.SH,三一重能,2024-06-30,6,2.7570176124572754,0,5406,0.00024660103
22ea95729b5b069ddbb7c915,688382.SH,益方生物-U,2024-06-15,11,2.660764217376709,0,5406,0.00024816924
61f64ab9395808aebaf2945f,688697.SH,纽威数控,2024-03-25,13,3.4198715686798096,0,5406,0.00029260662
50cda8672d33bab780515a2e,688707.SH,振华新材,2024-06-30,10,3.034564256668091,0,5406,0.00023583436
a585c0c8ec6ab4df1284af15,001258.SZ,立新能源,2024-06-30,9,3.032144784927368,0,5406,0.0002189238
98506f41c851b6769c2d61d9,001268.SZ,联合精密,2024-06-30,3,0.7672170400619507,0,5406,0.000119824595
ec837c0d289c09f534b1e830,300804.SZ,广康生化,2024-06-15,8,2.668724298477173,0,5406,0.00019291988
43c9888230d8bf680dbe6af2,301132.SZ,满坤科技,2024-06-15,8,2.673525810241699,0,5406,0.00021128685
9846ba8beea9314b4af6225d,301156.SZ,美农生物,2024-06-15,11,4.196957111358643,0,5406,0.00031675844
2f386a899264cb7d68ebd106,301157.SZ,华塑科技,2024-06-15,2,0.252392441034317,0,5406,5.5075394e-05
f86ce05f6199cff32535cab6,301200.SZ,大族数控,2024-06-30,6,1.335758090019226,0,5406,0.00012176982
23778347d7ad4f35efe85005,301209.SZ,联合化学,2024-06-15,5,1.1134930849075317,0,5406,0.00012151433
8790148031f3f583c9bf10e1,301260.SZ,格力博,2024-06-15,8,1.31489896774292,0,5406,0.0001702282
748c3997e359b7372df3493b,301288.SZ,*ST清研,2024-06-30,8,1.434966802597046,0,5406,0.0001956307
35b9cfdefefd4f0fd7f0103e,301289.SZ,国缆检测,2024-06-15,6,1.8874578475952148,0,5406,0.00016638543
5c7eb68627a96496c3bd9cd4,301308.SZ,江波龙,2024-06-15,3,1.5490875244140625,0,5406,0.0001647328
d58488cad3e6d43db1b27637,301312.SZ,智立方,2024-06-15,11,3.2064898014068604,0,5406,0.00024720322
2ffe13761b77e2103fdde4fb,301314.SZ,科瑞思,2024-06-15,7,2.5011608600616455,0,5406,0.0002054783
fae2c69b2af331f316ea1581,301317.SZ,鑫磊股份,2024-06-15,8,1.5869777202606201,0,5406,0.00017852835
a25f28d65abaf2b0a0aecc01,301320.SZ,豪江智能,2024-06-15,7,1.9917924404144287,0,5406,0.0002138017
b7be23855d4cede0eebd04ab,301322.SZ,绿通科技,2024-06-15,5,0.7014089822769165,0,5406,0.00010871975
3dab8caf5a1ac8aee488e897,301326.SZ,捷邦科技,2024-03-25,7,1.469348669052124,0,5406,0.00014347029
5e6e4eba540fc1cd1fa74383,301328.SZ,维峰电子,2024-06-15,10,2.35068941116333,0,5406,0.0002052565
f3ee1298158c246f32f2665b,301355.SZ,南王科技,2024-06-15,4,1.018519639968872,0,5406,0.00010153537
0a4c9a9fbd9c318131c297cc,301357.SZ,北方长龙,2024-06-15,4,1.3998967409133911,0,5406,0.0001405461
3275283b87d4a12450e2b969,301359.SZ,东南电子,2024-06-15,5,0.7545804977416992,0,5406,9.558293e-05
20f28bc8efe177dd6fe188fc,301365.SZ,矩阵股份,2024-06-15,6,1.9733068943023682,0,5406,0.00018132663
abe42871c9728700576c90e0,301379.SZ,天山电子,2024-06-30,8,2.864349365234375,0,5406,0.000212389
9165b2ad599c025443aef5b0,301399.SZ,英特科技,2024-06-15,9,2.3370096683502197,0,5406,0.00021428702
ff569e697a0b4c676389adc2,301408.SZ,华人健康,2024-06-30,8,4.5618696212768555,0,5406,0.00028335105
6b157dec2915e8a8c0a90c92,301413.SZ,安培龙,2024-06-15,8,1.4476914405822754,0,5406,0.00012941004
f619d88ca9e39023cdee94a3,301486.SZ,致尚科技,2024-06-30,6,1.4256399869918823,0,5406,0.00012473146
ebd0d48b3c35c8ab266fec76,603070.SH,万控智造,2024-06-15,4,0.9120973348617554,0,5406,0.00011155947
3720a744a620cf3ffd5d004a,603132.SH,金徽股份,2024-06-30,12,3.2966818809509277,0,5406,0.0002172319
4ddaf93f984c4e858e81d424,603182.SH,嘉华股份,2024-06-15,12,2.840348720550537,0,5406,0.00026574076
44bd770118a9265aca2f7591,603219.SH,富佳股份,2024-06-30,11,2.3241050243377686,0,5406,0.00024678887
658ccdc6d1f7aeefa41b9ca7,603237.SH,五芳斋,2024-06-15,8,1.9711717367172241,0,5406,0.00016548192
fa1f95926ed922cb215edd0c,688052.SH,纳芯微,2024-03-15,11,2.6193182468414307,0,5406,0.00021959712
f33d9da4fc9e3e1e2a8863ae,688053.SH,ST思科瑞,2024-06-30,6,1.5130081176757812,0,5406,0.00016545819
4470d4d6f6b5a540f243947f,688150.SH,莱特光电,2024-06-30,6,1.811366319656372,0,5406,0.00014953139
4c368b98addbc0a1b73113ae,688173.SH,希荻微,2024-06-30,12,4.017778396606445,0,5406,0.0002977465
9d3a163eb506d915caf28e82,688175.SH,高凌信息,2024-03-20,11,2.7696995735168457,0,5406,0.00024461275
0c9527bd9bdfd752b945674c,688176.SH,亚虹医药-U,2024-06-30,2,0.657380998134613,0,5406,0.00012979975
c13594013982f2ba5785ebec,688209.SH,英集芯,2024-06-15,9,2.5109524726867676,0,5406,0.00019626715
76bb55a2300ddf72894cd082,688234.SH,天岳先进,2024-06-15,7,2.1708621978759766,0,5406,0.00017142005
a77e3d42ab249310c03aaf31,688237.SH,超卓航科,2024-06-15,2,0.221760094165802,0,5406,6.768184e-05
455247a242711e27db5e2905,688238.SH,和元生物,2024-06-30,2,0.3502653241157532,0,5406,7.6887656e-05
bc725ba7fcf9d758aa79c42d,688247.SH,宣泰医药,2024-03-25,4,0.5277633666992188,0,5406,7.806023e-05
9ea5790e60643dec33522a08,688248.SH,南网科技,2024-03-15,8,2.7171568870544434,0,5406,0.00020503576
b00b9e084de8de0140e383ff,688249.SH,晶合集成,2024-03-15,6,2.1315252780914307,0,5406,0.00019038226
58e3434679b49f7869011e4d,688283.SH,坤恒顺维,2024-06-15,10,2.4365992546081543,0,5406,0.00023578311
dc3d3a6bbf078222bcb3792e,688302.SH,海创药业-U,2024-06-15,5,0.9102919101715088,0,5406,9.990106e-05
3ea74533dde762f3ede62710,688332.SH,中科蓝讯,2024-06-15,7,3.9478609561920166,0,5406,0.00028194828
0b960f7bce04e402303fcaf9,688337.SH,普源精电,2024-03-25,6,1.5051239728927612,0,5406,0.00014854844
8f14acd6ff1314e7e7c12208,001228.SZ,永泰运,2024-06-30,3,0.5190653204917908,0,5406,7.0894734e-05
f17d81250c20a1cce3f68c88,001230.SZ,劲旅环境,2024-06-15,5,2.9783003330230713,0,5406,0.00026873397
ff1643426eb5e46430e23e2b,001259.SZ,利仁科技,2024-06-30,11,2.5864343643188477,0,5406,0.00024223559
608cf5284169a9c66493ee31,001266.SZ,宏英智能,2024-06-30,2,0.2579362392425537,0,5406,5.2894553e-05
7be6fc1076b679ae456009c0,001283.SZ,豪鹏科技,2024-06-30,8,1.637906789779663,0,5406,0.00017600266
bd9a85e92e8f6ceb857294e2,001298.SZ,好上好,2024-06-30,9,2.335423469543457,0,5406,0.0003393768
e475e3ac5cd6a6c3679460c3,001308.SZ,康冠科技,2024-06-30,8,1.812666654586792,0,5406,0.00020161926
1e7ca68fe02ef6b8009b9fe5,001309.SZ,德明利,2024-06-15,7,2.358036994934082,0,5406,0.00022370415
a0470171c2d8e82ba9360884,001311.SZ,多利科技,2024-06-30,11,3.6372504234313965,0,5406,0.000274937
53045111b1df43f5290e3740,001318.SZ,阳光乳业,2024-06-15,6,3.6925253868103027,0,5406,0.00023840746
ff8ae543151bd9f1a3d05cd3,001323.SZ,慕思股份,2024-06-30,10,1.6640574932098389,0,5406,0.00017724081
ff39bbeb6b902bab157324b0,301115.SZ,联检科技,2024-06-15,0,0.0,62,1,2.7262813e-05
0a09a6ace7dcc51c7d03f740,301195.SZ,北路智控,2024-06-15,8,3.029205322265625,0,5406,0.00024370037
d264b8048359a439cbb7a95d,301205.SZ,联特科技,2024-06-15,7,2.7472877502441406,0,5406,0.00021532465
bc85143f7e8368892ce11604,301269.SZ,华大九天,2024-06-30,5,1.2126686573028564,0,5406,0.00015573288
8a62ad4e70eb8111e96d6537,301281.SZ,科源制药,2024-06-15,14,4.280725479125977,0,5406,0.0003508472
a84f7e8983f822a29dcfb683,301309.SZ,万得凯,2024-06-15,2,1.129846215248108,0,5406,0.00017118342
c50617d51d4e5500d28d0fdc,301311.SZ,昆船智能,2024-06-15,7,2.24757719039917,0,5406,0.00019876784
80547da402b517e9ed321a40,301327.SZ,华宝新能,2024-06-30,2,0.2723270058631897,0,5406,6.028802e-05
ff5f73753192b4552a8f20df,301332.SZ,德尔玛,2024-06-15,5,1.7327746152877808,0,5406,0.00018741169
ff1582f9fd1e1e4860a1610d,301361.SZ,众智科技,2024-06-15,6,1.0177313089370728,0,5406,0.00013105
4517231d7fcd911b164ad45a,301387.SZ,光大同创,2024-06-15,9,2.7957491874694824,0,5406,0.00024861755
c9fd9c929391ba218b74ac35,301429.SZ,森泰股份,2024-06-15,9,2.517779588699341,0,5406,0.00023659345
dff37b5510601b4aff2fc92d,301519.SZ,舜禹股份,2024-06-15,6,1.3700348138809204,0,5406,0.00014808703
fb2951db69b756b0805ee132,301551.SZ,无线传媒,2024-06-15,5,3.957808494567871,0,5406,0.00020220448
63d713e69fcb30d4dbf3aa89,301567.SZ,贝隆精密,2024-06-15,10,2.0705440044403076,0,5406,0.0001884837
cab90b2076562e766202baec,603051.SH,鹿山新材,2024-06-30,9,2.916761636734009,0,5406,0.00023011147
5853d8157d5e0d6985470d28,603325.SH,博隆技术,2024-06-15,6,1.131150484085083,0,5406,0.00012672396
d73e76a4106742cff23d4d73,603418.SH,友升股份,2024-06-15,9,2.8790905475616455,0,5406,0.00021700244
2b8bd8bfe5b56f31b5faba2b,688048.SH,长光华芯,2024-06-30,8,1.5727839469909668,0,5406,0.0001551042
738e8299bc30f193d4a57746,688153.SH,唯捷创芯,2024-06-30,7,4.292839527130127,0,5406,0.00028373778
779ae9f87811e6fd4245dc06,688170.SH,德龙激光,2024-06-30,5,1.6899514198303223,0,5406,0.0001475052
e8ed9ce0e7441b1679d13ea6,688193.SH,仁度生物,2024-06-15,3,0.6370788216590881,0,5406,7.8606e-05
5c0d4118baa94d6c822512f7,688206.SH,概伦电子,2024-03-25,5,1.3250846862792969,0,5406,0.00016749099
e2e54231c6cbbe5321686c64,688207.SH,格灵深瞳,2024-03-25,7,2.1456239223480225,0,5406,0.00017959972
0d3145c5420eda7cce5cd08f,688253.SH,英诺特,2024-06-15,12,3.2127888202667236,0,5406,0.00023723392
17c3208ffdeb1ffa22692a28,688261.SH,东微半导,2024-06-30,11,3.4282119274139404,0,5406,0.00024448562
f7434fa1a2918a1a0cb823ca,688267.SH,中触媒,2024-06-30,6,2.157703399658203,0,5406,0.00022405667
0a099bc5b85eb701fc921961,688279.SH,峰岹科技,2024-06-30,4,0.5043304562568665,0,5406,7.060108e-05
6c566dba7bb7370a3db4138d,688292.SH,浩瀚深度,2024-06-30,3,0.7535296678543091,0,5406,9.486566e-05
38bc6f8f606c44a33620594d,688295.SH,中复神鹰,2024-03-20,4,0.7314100861549377,0,5406,8.9914276e-05
69a66fc3869b4b4e085e9ae5,688320.SH,禾川科技,2024-06-15,12,4.079844951629639,0,5406,0.00030892683
f1e16e89b2e9271ca96fb115,688325.SH,赛微微电,2024-06-15,2,0.48605185747146606,0,5406,7.061545e-05
d11a5df9f5cf2bf8a3457bb2,688331.SH,荣昌生物,2024-06-30,12,3.5869104862213135,0,5406,0.00033676022
11f366b8802d8a4a1f8814f3,688362.SH,甬矽电子,2024-06-30,5,2.676184892654419,0,5406,0.0002074002
652b58174b927d04a177a8a4,688380.SH,中微半导,2024-06-15,7,2.0030298233032227,0,5406,0.00018319875
fe1a73bbc86d0e8700ce6fda,688400.SH,凌云光,2024-06-30,8,3.4837560653686523,0,5406,0.00025416218
b3f3724a95157df54b3fea1e,688401.SH,路维光电,2024-06-30,11,3.9217965602874756,0,5406,0.000300972
e450746efe2855b01acdc416,688522.SH,纳睿雷达,2024-03-20,4,1.0671371221542358,0,5406,0.00012956925
3481874bb0a8dfcce93792a1,688729.SH,屹唐股份,2024-06-15,9,2.457563877105713,0,5406,0.00020677998
f583fb502f73fe69af480758,001222.SZ,源飞宠物,2024-06-30,7,1.8072248697280884,0,5406,0.00021212554
b0249b17e83b59f3ceb62dda,001226.SZ,拓山重工,2024-06-30,9,1.386542797088623,0,5406,0.00017221621
4ffda5bad6779bd0348938dc,001231.SZ,农心科技,2024-06-15,7,2.836398124694824,0,5406,0.00020145354
f30caa69707df20828d04d67,001336.SZ,楚环科技,2024-06-15,5,0.6752077341079712,0,5406,0.00010362095
eb5225e93a4fec0d34dc2696,001338.SZ,永顺泰,2024-06-30,0,0.0,63,1,2.7262813e-05
b366b8534a635fb3dda2f6ed,300904.SZ,威力传动,2024-06-15,8,2.2105038166046143,0,5406,0.00023129341
61ae39f215bae3421556cba0,301105.SZ,鸿铭股份,2024-06-15,9,1.9311031103134155,0,5406,0.0002721039
101120fcf851c64b607c5b1b,301277.SZ,新天地,2024-06-15,7,1.951574444770813,0,5406,0.0001902121
f85600412646e38362fbb541,301278.SZ,快可电子,2024-06-15,8,2.1164391040802,0,5406,0.00019042825
d638a8a4ae56e77665de0c81,301297.SZ,富乐德,2024-06-15,1,0.12231801450252533,0,5406,4.0136085e-05
9d14f51ab8acf9425775340a,301303.SZ,真兰仪表,2024-06-15,6,2.1078076362609863,0,5406,0.00015206706
8dd553824a2dcf46f5b3bd66,301315.SZ,威士顿,2024-06-15,9,1.9174456596374512,0,5406,0.00022321432
1a2c62ba16f7bba9617f7f3b,301323.SZ,新莱福,2024-06-15,4,1.136682152748108,0,5406,0.000111469926
f27ac68a969f285e5713b4b2,301337.SZ,亚华电子,2024-06-15,5,1.071725845336914,0,5406,0.00015536422
63b99e48a34e24981cc6bb39,301360.SZ,荣旗科技,2024-06-15,8,2.3856568336486816,0,5406,0.00017742474
6c7d6eea9c10c32a9e86b8c8,301376.SZ,致欧科技,2024-06-15,7,1.946280837059021,0,5406,0.0002226777
ea3eebcc3fb7c043825143a9,301377.SZ,鼎泰高科,2024-06-15,5,1.4157018661499023,0,5406,0.00012804991
dd7f01af203693e46de4aa58,301396.SZ,宏景科技,2024-06-15,8,3.1167855262756348,0,5406,0.00021486035
5c87aa55ce22f249a92e4185,301456.SZ,盘古智能,2024-06-15,4,1.7224570512771606,0,5406,0.00018631459
6d20c85eabd4dd89c99ac664,301489.SZ,思泉新材,2024-06-25,9,3.1065523624420166,0,5406,0.00024563287
e02704a23e9def462353e6af,301566.SZ,达利凯普,2024-03-15,9,2.544229030609131,0,5406,0.00019584823
63451087805686d0736cbdca,603061.SH,金海通,2024-06-15,7,2.092181921005249,0,5406,0.0001654451
8708e31608b699be5457b15e,603097.SH,江苏华辰,2024-06-15,13,3.8234825134277344,0,5406,0.00031220235
f9c9c81ab55073b7a8e91732,603173.SH,福斯达,2024-06-15,8,1.7871179580688477,0,5406,0.00019500662
bdee52de8f711bdac068e203,603272.SH,联翔股份,2024-06-30,2,0.7723094820976257,0,5406,0.00010194516
395b75a2dfb8e505b51f7ca3,688046.SH,药康生物,2024-06-15,6,2.2893738746643066,0,5406,0.00023250029
e1da7aa46f66feba9b1e5ab8,688047.SH,龙芯中科,2024-06-30,3,0.6819558143615723,0,5406,8.440112e-05
1d40da7e3ce75ea1e8a11057,688115.SH,思林杰,2024-06-30,9,2.986001491546631,0,5406,0.00025289282
2d90bef591f60d2e594bf3c5,688125.SH,安达智能,2024-06-30,6,1.1378512382507324,0,5406,0.00010995532
c42287f50314b8fc45ac1e17,688213.SH,思特威-W,2024-06-30,5,0.8140151500701904,0,5406,9.639616e-05
89ad0196f06efc0b6b022248,688223.SH,晶科能源,2024-06-30,8,2.938887119293213,0,5406,0.00021395637
dd7f313b56c3d20915cd0f20,688231.SH,隆达股份,2024-06-30,8,3.8626718521118164,0,5406,0.00025956184
f4cc58e3d7a7fbfccc7e71bc,688244.SH,永信至诚,2024-03-15,3,1.035994291305542,0,5406,0.000103870654
aad63d6576393382db12de38,688251.SH,井松智能,2024-06-15,7,1.8148066997528076,0,5406,0.00017983346
09edb4f9093d40f5343aef72,688252.SH,天德钰,2024-03-20,6,1.3234349489212036,0,5406,0.00012337808
9f6f4de1c1c0598b0a5d2a43,688270.SH,臻镭科技,2024-06-30,9,3.7175285816192627,0,5406,0.0002806778
09dd2600d65d11ebe4421dfc,688273.SH,麦澜德,2024-06-15,7,2.147805690765381,0,5406,0.00019076174
fcffd63522ad8a6357b5a376,688290.SH,景业智能,2024-06-15,6,1.521538257598877,0,5406,0.00014112359
a4137a6cff75175aa01f9c0c,688322.SH,奥比中光-UW,2024-06-15,8,2.4485831260681152,0,5406,0.0002598715
cbd3d109ce8cae188f1d0392,688326.SH,经纬恒润-W,2024-06-30,11,3.680927276611328,0,5406,0.00029598898
89dbbc3b485441db47b0e397,688348.SH,昱能科技,2024-06-30,10,2.7574896812438965,0,5406,0.00023961382
814f9d0ee5e40b147f3c2f64,688351.SH,微电生理,2024-06-30,13,3.544755220413208,0,5406,0.0003076378
a4906ad8f08d94cdf895d417,688353.SH,华盛锂电,2024-06-15,5,2.359661817550659,0,5406,0.00022924815
c650c03e4ea5ccf98e553f28,688370.SH,丛麟科技,2024-06-15,3,0.7336605787277222,0,5406,0.00010510065
7201945c769854749215bb8f,688420.SH,美腾科技,2024-03-25,4,1.4741984605789185,0,5406,0.00015620807
4818fe69eaf12e1f63f8dff6,688455.SH,科捷智能,2024-06-15,12,3.3995869159698486,0,5406,0.0002991747
b38d5d176e1377c13977fc85,688472.SH,阿特斯,2024-03-15,8,2.0493314266204834,0,5406,0.00018544792
a53257241de72a35e1118239,688479.SH,友车科技,2024-06-15,3,0.6904557943344116,0,5406,0.0001145203
35ebe51a3d81f90f96aec805,688485.SH,九州一轨,2024-06-15,5,1.1088082790374756,0,5406,0.00013414359
d018e1f75aebcae2b4a3b9c9,688503.SH,聚和材料,2024-06-15,7,2.864194869995117,0,5406,0.00022903168
0a0cbba674a9c9850aa048a0,001229.SZ,魅视科技,2024-06-30,6,1.781306266784668,0,5406,0.00017089547
5f05fbb9fb6b930af667c2f6,001238.SZ,浙江正特,2024-06-15,9,3.5273568630218506,0,5406,0.00033892077
34ac8510d5e2ca3ae7207ddc,001255.SZ,博菲电气,2024-06-30,4,1.701012134552002,0,5406,0.00014965177
d8ceb4e0c6b6f5ba85377709,001260.SZ,坤泰股份,2024-03-15,9,1.6446046829223633,0,5406,0.00016320501
5b10545c4a4aa6469b083b60,001270.SZ,*ST铖昌,2024-06-30,7,2.829292058944702,0,5406,0.00022084735
63f6934bc6c2c23844210edd,001300.SZ,三柏硕,2024-06-30,10,1.9449008703231812,0,5406,0.00022282169
364f078c05b21a34c9e2c6ef,001301.SZ,尚太科技,2024-06-30,12,3.2175910472869873,0,5406,0.0002700994
cc4e31c144a461f567a6e3c9,001314.SZ,亿道信息,2024-06-15,8,1.461690068244934,0,5406,0.00017036968
19781813b946d0765ae2dd3e,001316.SZ,润贝航科,2024-06-30,2,0.21450236439704895,0,5406,6.791562e-05
c3b9a9292facccae32e176ee,001319.SZ,铭科精技,2024-06-30,15,3.7868149280548096,0,5406,0.00028283236
b1e70bcbc31e4e503b251fb7,001322.SZ,箭牌家居,2024-06-30,5,1.643588662147522,0,5406,0.00017428647
a2fbe1f95c6f9610efd9a7c6,001331.SZ,胜通能源,2024-06-15,3,1.6672600507736206,0,5406,0.00018190446
f7287012d8f5d7be484c1bad,001339.SZ,智微智能,2024-06-15,7,1.5241750478744507,0,5406,0.00016101646
bd825901bea95e7c45e20df0,001366.SZ,播恩集团,2024-04-05,8,2.321577548980713,0,5406,0.00019111506
ec7c6f8e4db2d26bdfa37fc8,301095.SZ,广立微,2024-06-30,3,1.2665343284606934,0,5406,0.00015965213
4eab1a90cd0da213c86a8ed8,301151.SZ,冠龙节能,2024-06-15,10,2.3742756843566895,0,5406,0.0002456379
0dd37ef37da595daef862767,301170.SZ,锡南科技,2024-06-15,5,2.2254607677459717,0,5406,0.0002118245
e558ae9b3b07be9de678f77e,301197.SZ,工大科雅,2024-06-15,3,1.084975004196167,0,5406,0.00010977312
c7163a753a4eb735bc32325e,301246.SZ,宏源药业,2024-06-15,6,1.4678239822387695,0,5406,0.00016795778
63b2a4fc1aadbc09bc570772,301255.SZ,通力科技,2024-06-15,9,2.546567678451538,0,5406,0.00022776118
494d72c3e669b9d39578aade,301272.SZ,英华特,2024-06-15,8,3.250966787338257,0,5406,0.00025792266
b3f000c8efcc8fcb5a3e390e,301273.SZ,瑞晨环保,2024-06-15,10,2.412264823913574,0,5406,0.00026364237
fbb59b365956d0b9504278ab,301280.SZ,珠城科技,2024-06-15,10,2.180713176727295,0,5406,0.00019794327
367668b700bdadf5014c2f45,301306.SZ,西测测试,2024-06-30,2,1.397284984588623,0,5406,0.00015462062
a223177710a8e4d0594afda7,301307.SZ,美利信,2024-06-15,7,1.8414857387542725,0,5406,0.00015979267
d50c392c302fc5f46ddc63ff,301316.SZ,慧博云通,2024-06-15,3,0.954713761806488,0,5406,0.00012323524
c12585f61bc0bc559253b58c,301329.SZ,信音电子,2024-06-15,11,2.749358654022217,0,5406,0.0002444361
cbec29eb7f5be4694a1a6a46,301356.SZ,天振股份,2024-06-15,6,3.2165744304656982,0,5406,0.0002819659
d3eb44d51b9e3e8673f419d5,301368.SZ,丰立智能,2024-06-15,5,1.0655312538146973,0,5406,0.0001117577
ef7dbe7a8b7a816f79787055,301369.SZ,联动科技,2024-06-15,10,3.5598196983337402,0,5406,0.0002514069
0852de44bbed4566ad14d498,301386.SZ,未来电器,2024-06-15,4,1.5522912740707397,0,5406,0.00015451304
7cad4558b95f3537153922fc,301388.SZ,欣灵电气,2024-06-15,7,1.223568081855774,0,5406,0.0001319998
8275fe5bed05a7aa2b88c5ac,301389.SZ,隆扬电子,2024-06-15,8,2.0972707271575928,0,5406,0.0001876914
56411548730d56f9880ed159,301397.SZ,溯联股份,2024-06-15,2,0.44588273763656616,0,5406,7.065797e-05
b40018fede09c38d8d46d313,301448.SZ,开创电气,2024-06-15,7,2.1577723026275635,0,5406,0.0002408646
1c78cefe4806c0226b3e6dea,301488.SZ,豪恩汽电,2024-06-15,6,1.8881677389144897,0,5406,0.00016477947
0c1b7221579df7f3a507f996,301516.SZ,中远通,2024-06-15,7,1.357447862625122,0,5406,0.00015116272
d056c8a0267c898dc4ab7ab4,301526.SZ,国际复材,2024-06-15,13,3.878636598587036,0,5406,0.00032200405
e114bfb9676270a0355f5eff,601089.SH,福元医药,2024-06-30,13,3.2941062450408936,0,5406,0.0003028426
02be49e20382f6a45531a4fd,603057.SH,紫燕食品,2024-06-30,11,4.161802291870117,0,5406,0.00029299952
60ac161adc0a300cd1effcf4,603151.SH,邦基科技,2024-06-30,13,3.1583125591278076,0,5406,0.00024619396
acc9aa62e7721e07820f0c25,603163.SH,圣晖集成,2024-06-15,4,2.3046493530273438,0,5406,0.00022974849
debec2c65ae2831e9840639b,603170.SH,宝立食品,2024-06-30,4,0.49758970737457275,0,5406,7.581482e-05
2b70d3331949b27078e65384,603190.SH,亚通精工,2024-06-30,5,1.0522286891937256,0,5406,0.00012341449
47377ad190404690ab139795,603191.SH,望变电气,2024-06-30,6,1.7217761278152466,0,5406,0.00015585883
507203d6ffdb8eb5f9b245d9,603201.SH,常润股份,2024-07-01,3,0.3422231674194336,0,5406,6.535934e-05
4d3286d5ba6f5d6f91433aa4,603206.SH,嘉环科技,2024-06-15,10,2.3371598720550537,0,5406,0.00018574309
e2ba45f9911319a6aa7176ea,603211.SH,晋拓股份,2024-06-30,13,3.051065444946289,0,5406,0.00027187227
be7618cd8c4d03a7ad69d8ad,603235.SH,天新药业,2024-06-15,11,3.3274619579315186,0,5406,0.0002737883
898949ebaffa1eebe3e42d2d,603291.SH,联合水务,2024-06-30,9,3.634394645690918,0,5406,0.00023287191
17627345ffe823fb4831dcc2,001216.SZ,华瓷股份,2024-06-30,5,1.7278721332550049,0,5406,0.00016456647
02ee9df4c288275609dec43d,001333.SZ,光华股份,2024-06-15,7,1.5806082487106323,0,5406,0.00016463785
391177a2499438a827d1be21,001400.SZ,江顺科技,2024-06-15,3,1.0041329860687256,0,5406,0.00010013609
d49c86780d1b23598e4a69ff,301176.SZ,逸豪新材,2024-06-30,8,3.4394214153289795,0,5406,0.00020450001
7f254d3c02324c7d249bcbd0,301225.SZ,恒勃股份,2024-06-15,6,0.7262911200523376,0,5406,9.9552904e-05
a75f530d735c13886202e95e,301285.SZ,鸿日达,2024-06-15,12,2.364588499069214,0,5406,0.00020796541
00de50dd69011b9a2268d1b6,301290.SZ,东星医疗,2024-06-15,8,2.395737409591675,0,5406,0.00020596378
45258deffc2d8a1147f5a922,301292.SZ,海科新源,2024-06-15,7,2.5323195457458496,0,5406,0.00024917707
35aca45c399791d9280ffb70,301301.SZ,川宁生物,2024-06-30,4,0.5322778224945068,0,5406,6.999805e-05
ae58eb8a58bc2eceb8120af9,301305.SZ,朗坤科技,2024-06-15,7,1.0624338388442993,0,5406,0.00013359234
ea36b7b9e47241e6c8d4eb28,301325.SZ,曼恩斯特,2024-06-15,5,1.955596923828125,0,5406,0.00017846918
bdc41b3f5db12dcc7b799246,301371.SZ,敷尔佳,2024-06-30,6,2.134446382522583,0,5406,0.00021309001
20570ec16d3e0fba9b553cbf,301378.SZ,通达海,2024-06-15,9,3.2871510982513428,0,5406,0.00025195663
cfc60dc4a6cbbc503316bfa0,301391.SZ,卡莱特,2024-06-15,6,2.0760433673858643,0,5406,0.00020350925
d2a3e1fc57cfed2c3f4dd7dc,301555.SZ,惠柏新材,2024-06-15,2,0.6077274084091187,0,5406,7.964715e-05
c6ef5be72d1091863df2c2c2,301558.SZ,三态股份,2024-06-30,6,1.9174838066101074,0,5406,0.00021563357
7f30f6fb85e5c512aa956ea2,600941.SH,中国移动,2024-03-25,9,2.9456889629364014,0,5406,0.00023758005
fb13f6094886703c6749bfed,603153.SH,上海建科,2024-06-28,5,1.9577547311782837,0,5406,0.00017778353
70e460932717e38d7cd8d4c7,603255.SH,鼎际得,2024-06-30,5,1.5124590396881104,0,5406,0.00013746844
780465e63610269623a02210,688072.SH,拓荆科技,2024-06-30,7,2.1574790477752686,0,5406,0.00018798836
dad7bc502af8e00b3ca42d85,920010.BJ,凯添燃气,2024-03-15,11,2.606015205383301,0,5406,0.00020970871
03a6913772dcf839786883d3,920021.BJ,流金科技,2024-06-15,7,1.8113131523132324,0,5406,0.00017892997
109653dad2243be3f808f4f3,920039.BJ,国义招标,2024-06-15,4,0.727289617061615,0,5406,0.00010742423
0e74eea0a8b806b87a06ede0,920077.BJ,吉林碳谷,2024-06-15,10,3.159083366394043,0,5406,0.0002510823
77451bb1e74d26603eed0c9c,920149.BJ,旭杰科技,2024-06-15,5,0.892852783203125,0,5406,0.000111663736
0039d6b7baafda13914fe825,920163.BJ,方大新材,2024-06-15,10,2.915032148361206,0,5406,0.00028634796
04a7a09fcff344bc80139c9c,920167.BJ,同享科技,2024-03-15,7,2.7883572578430176,0,5406,0.00022949207
145b33c23f3869a69f4223dd,920174.BJ,五新隧装,2024-06-15,4,0.7459262609481812,0,5406,9.379386e-05
1e5b239bd34b6df8547ffc7b,920184.BJ,国源科技,2024-06-15,10,2.6336352825164795,0,5406,0.0002474705
419569ba24b8019286071731,920185.BJ,贝特瑞,2024-06-15,8,2.3250174522399902,0,5406,0.00019113807
50fa4f17a5f0bc2aea460354,920198.BJ,微创光电,2024-06-15,8,2.523019790649414,0,5406,0.00023362138
8c593a21599a1dc889cb486b,920242.BJ,建邦科技,2024-03-15,3,0.35613876581192017,0,5406,6.483957e-05
ccbe6a78601973a829b4a26d,920266.BJ,生物谷,2024-06-15,5,1.232714056968689,0,5406,0.00013793077
05baa97aea76a92f1e650471,920278.BJ,鹿得医疗,2024-06-15,9,2.957592010498047,0,5406,0.00024644216
b64f65d7f3ff2c9c04d59a61,920305.BJ,*ST云创,2024-06-15,5,1.4742265939712524,0,5406,0.00012861646
b4fadfd7b2b712e6d60bce59,920368.BJ,连城数控,2024-06-15,12,3.7489778995513916,0,5406,0.00027327193
1a44449a1d5bf97057024b4e,920370.BJ,新安洁,2024-06-15,5,2.3910818099975586,0,5406,0.00021392407
9f00f19a92f2cb6f3fc8dbb5,920415.BJ,恒拓开源,2024-06-30,9,2.151577949523926,0,5406,0.00019979119
34ff484d221f1da9d7094a12,920418.BJ,苏轴股份,2024-03-15,3,0.9438766241073608,0,5406,0.00013792054
483d0c25af787bbf32dcd2f9,920445.BJ,龙竹科技,2024-06-15,6,1.0333185195922852,0,5406,0.00012197292
5ff84cb8f7de936be0b1829c,920475.BJ,三友科技,2024-03-15,5,0.6036999821662903,0,5406,8.838628e-05
c5de0d6152317ead7e0e0fd7,920489.BJ,佳先股份,2024-03-15,7,1.2184629440307617,0,5406,0.00012877797
ae4e0114e090e40352846633,920640.BJ,富士达,2024-06-15,7,2.0364086627960205,0,5406,0.00017174701
3dc13086e1644fdb478de4ee,920682.BJ,球冠电缆,2024-06-15,9,3.4108543395996094,0,5406,0.0002953723
1e579898d409fdd882151a3a,920729.BJ,永顺生物,2024-06-15,7,3.8809010982513428,0,5406,0.0002511145
5b29427c7c9f9ac8bb0277b5,920799.BJ,艾融软件,2024-06-15,7,1.4318749904632568,0,5406,0.00013376315
984382e11582717a9d1bb424,920819.BJ,颖泰生物,2024-06-30,6,2.9664618968963623,0,5406,0.00022024185
7538030e1f9f97abd5b13cc6,920946.BJ,森萱医药,2024-03-15,6,0.9076263308525085,0,5406,0.00010791019
ef84cca8d6598e1f8a5b5ac2,920961.BJ,创远信科,2024-06-30,9,2.730315923690796,0,5406,0.00027067983
f37b89185db0bc11d6346e87,920964.BJ,润农节水,2024-03-25,2,1.0445199012756348,0,5406,0.00017766234
f2958ccdf9aa7aa82c8f8686,001223.SZ,欧克科技,2024-06-30,3,0.3933652937412262,0,5406,7.496252e-05
6cb856d5ff99b37d5e837339,001256.SZ,炜冈科技,2024-06-15,7,1.1851378679275513,0,5406,0.00019016078
e89417d7c8b065f80df7af7a,001376.SZ,百通能源,2024-06-30,7,1.6476948261260986,0,5406,0.0001411527
f85c09135ac6fd68c0bfceb0,301141.SZ,中科磁业,2024-06-15,9,2.37731671333313,0,5406,0.00017838908
0ae26ee12905563b5e4e6d37,301353.SZ,普莱得,2024-06-15,6,1.4618983268737793,0,5406,0.00017069865
f7cc70e5f6fe0096529600e8,601022.SH,宁波远洋,2024-06-30,6,1.7770826816558838,0,5406,0.00015143755
7020beff269f4fd2feb42af3,601136.SH,首创证券,2024-06-30,7,2.15354323387146,0,5406,0.00016106138
553800988b4aae02da7a5f63,601868.SH,中国能建,2024-06-30,8,1.8932414054870605,0,5406,0.00025015313
3219530c2adea7078f45e404,603052.SH,可川科技,2024-06-15,10,3.3881189823150635,0,5406,0.00026439084
36e19cfcd9d5031afd95d5ee,603065.SH,宿迁联盛,2024-06-15,9,2.3950247764587402,0,5406,0.00020493985
5b2035e57b2382e0050b005c,603072.SH,天和磁材,2024-06-15,7,4.353231906890869,0,5406,0.0002736236
7c56e6f275cb8d7e43323f1d,603130.SH,云中马,2024-06-30,10,2.070192813873291,0,5406,0.00019733807
02528da7c73376e7844378e6,688203.SH,海正生材,2024-06-15,4,0.8761232495307922,0,5406,0.000121695615
c5132f7df0d1d3a09ab554e7,688297.SH,中无人机,2024-06-15,7,1.492734432220459,0,5406,0.00016549743
a4ed3983dc31e5eecbca620f,688375.SH,国博电子,2024-06-30,13,3.747363805770874,0,5406,0.0002822144
f13069833ac81ae10910361a,688428.SH,诺诚健华,2024-07-01,12,2.8040223121643066,0,5406,0.00024964495
c73fe818b782ec95fd4e88b4,688615.SH,合合信息,2024-03-20,6,1.1733334064483643,0,5406,0.00013046591
af6177654dea3ac4864ece81,920000.BJ,安徽凤凰,2024-06-15,1,0.6453068852424622,0,5406,0.00010388559
6a262907ac9c85f0ad90e19d,920030.BJ,德众汽车,2024-06-15,6,1.9723635911941528,0,5406,0.00021181045
5d5e9a8e386980daa0f57087,920047.BJ,诺思兰德,2024-03-25,1,0.1100214347243309,0,5406,4.5538876e-05
4669709faee99a88d0a6ee22,920090.BJ,同辉信息,2024-06-30,8,1.8680659532546997,0,5406,0.00018611427
a10976fd882d81118e3f3aca,920146.BJ,华阳变速,2024-03-15,4,0.5072023868560791,0,5406,7.9759586e-05
4c910650f3ed8b707aa4f334,920212.BJ,智新电子,2024-06-30,8,2.267192840576172,0,5406,0.00019223717
bf7b25831313734ee7f8e584,920225.BJ,利通科技,2024-06-15,8,2.218430757522583,0,5406,0.00022548142
5a812650c7f10cd024179fa9,920239.BJ,长虹能源,2024-06-15,7,1.413898229598999,0,5406,0.00015343857
ad9fd67fd8d931f56aee885d,920263.BJ,中航泰达,2024-06-15,4,1.919447422027588,0,5406,0.00018168322
f0f164303e57508e4f1fb7f0,920275.BJ,驱动力,2024-06-15,9,1.9439047574996948,0,5406,0.00016276396
bd95c9c5c78bf81e9e0c658e,920344.BJ,三元基因,2024-06-15,3,1.0229376554489136,0,5406,0.000119741766
dfe1cd8d1d6eb5ab4523e42b,920396.BJ,常辅股份,2024-06-15,10,2.249480724334717,0,5406,0.00021544169
6957d41ab031b9cf5ebceeca,920427.BJ,华维设计,2024-03-15,9,2.297128438949585,0,5406,0.00019733707
70f4aa769049a9aaaf85e3ed,920433.BJ,大唐药业,2024-06-15,3,0.7869617342948914,0,5406,9.355071e-05
0e7eb6c8a0a9ea9f58522b90,920508.BJ,殷图网联,2024-06-15,8,2.552532911300659,0,5406,0.00020024212
fa50071f50f4b33095ac7055,920509.BJ,同惠电子,2024-06-15,7,1.5689811706542969,0,5406,0.00014990513
1fc7b8557f445ca3cf0a06ce,920510.BJ,丰光精密,2024-06-15,5,0.8679758310317993,0,5406,0.00011420625
6194f40c0f4eef75dc788b9f,920523.BJ,德瑞锂电,2024-06-15,5,1.2926677465438843,0,5406,0.00014611578
fed4e91f84e7fcebb9c1f6c0,920553.BJ,凯腾精工,2024-06-15,4,0.4976559281349182,0,5406,8.457718e-05
7af708cdc9615d5d2b45b1e3,920566.BJ,梓橦宫,2024-06-15,4,0.8363652229309082,0,5406,9.251929e-05
fc74ec89f42a54db36a7add1,920599.BJ,同力股份,2024-06-15,8,1.0655540227890015,0,5406,0.0001243019
2cb7d771f392aa0540d6ae14,920642.BJ,通易航天,2024-06-15,14,3.0020079612731934,0,5406,0.00029606602
25e782291a26b8e3a5068d45,920670.BJ,数字人,2024-04-05,4,1.5119144916534424,0,5406,0.00013334907
fdd542bd0c99b76d5e73cd6e,920675.BJ,秉扬科技,2024-06-15,3,0.9852864742279053,0,5406,0.00012561285
1277b5899695ec38fbf97523,920726.BJ,朱老六,2024-06-15,11,3.547828197479248,0,5406,0.00029538118
b40d648f5c33803868ce58e4,920735.BJ,德源药业,2024-06-15,8,2.841548204421997,0,5406,0.00024959884
e0e2e753b0e62b4e1b77214d,920765.BJ,美之高,2024-04-05,9,2.1896443367004395,0,5406,0.00020939855
b35ef73f013bbbdebbee4029,920768.BJ,拾比佰,2024-03-15,10,2.164555549621582,0,5406,0.00021696909
d1a73826ba30b114701c6d2f,920826.BJ,盖世食品,2024-06-15,5,0.7935389280319214,0,5406,8.286248e-05
238e1ed6e9350700665bbde8,920832.BJ,齐鲁华信,2024-06-15,6,1.4902822971343994,0,5406,0.00017170337
c4a67c1ab883e0d129ca7558,920839.BJ,万通液压,2024-06-15,7,2.0525622367858887,0,5406,0.00021155586
8896bbc10e85afe93e21d425,920856.BJ,浩淼科技,2024-03-20,3,0.4266345500946045,0,5406,6.8045985e-05
987c015111597cc1371dda61,920885.BJ,星辰科技,2024-06-15,10,2.123004198074341,0,5406,0.00017870321
0881c7876fab0bfb01daf8c5,001225.SZ,和泰机电,2024-06-30,8,1.6508243083953857,0,5406,0.00020336485
0978d8317515794e0b6bf852,001267.SZ,汇绿生态,2024-06-30,9,4.4911651611328125,0,5406,0.00029960263
0f9fa408e606ebba68704b6e,001337.SZ,四川黄金,2024-06-15,9,4.171633720397949,0,5406,0.00025065793
8050058fba3362cbcecda6c2,001358.SZ,兴欣新材,2024-06-15,5,1.1538245677947998,0,5406,0.00013634338
e68e9e5dac380c37f9969ed4,001368.SZ,通达创智,2024-06-30,1,0.0931013897061348,0,5406,4.422096e-05
d9a6efab885e53c7ee1fb655,001388.SZ,信通电子,2024-06-15,11,3.2136406898498535,0,5406,0.00025511728
c99264693f9952f26ae7acc3,301192.SZ,泰祥股份,2024-06-15,8,2.022512197494507,0,5406,0.00019747684
f9a87bdf9e22539b87585c6a,301202.SZ,朗威股份,2024-06-15,3,0.30950355529785156,0,5406,6.0161332e-05
51fbdcf75ebd63d0b73326df,301210.SZ,金杨精密,2024-06-15,5,1.2416716814041138,0,5406,0.00013306933
294b60a803fef8e5231a081e,301252.SZ,同星科技,2024-06-15,5,0.8658993244171143,0,5406,9.915288e-05
c52e3cc2abe453fd00b12dbf,301287.SZ,康力源,2024-06-15,5,0.8702200055122375,0,5406,0.00013371697
894bb4bc9c122766ce95cbd3,301295.SZ,美硕科技,2024-06-15,11,2.5142908096313477,0,5406,0.00021050361
8099af27a95a82c496cb15e0,301321.SZ,翰博高新,2024-06-15,12,3.2198047637939453,0,5406,0.00024873958
0f189a8aa20c970a2a679534,301358.SZ,湖南裕能,2024-06-30,7,1.744767189025879,0,5406,0.00014693766
049156f345bc619d09a8e19d,301520.SZ,万邦医药,2024-06-15,9,4.255771160125732,0,5406,0.00028544432
8d531efcbaa54ab2136c5a33,600925.SH,苏能股份,2024-06-30,6,2.4721028804779053,0,5406,0.00018411859
64c581d2f3e007d68482d549,600938.SH,中国海油,2024-06-30,8,2.283787727355957,0,5406,0.00023557647
8a0c2560d542236e3fc9917e,603073.SH,彩蝶实业,2024-06-15,5,2.074481964111328,0,5406,0.000213583
1c8eaec8c55f6fabb9d465ec,603281.SH,江瀚新材,2024-06-15,11,2.423036575317383,0,5406,0.00020476461
7f54eefad19356a1035f0a1f,603307.SH,扬州金泉,2024-06-15,8,1.775233268737793,0,5406,0.00023029032
1d663c53ffe3e2c3d0bf049d,688035.SH,德邦科技,2024-06-30,12,2.6021511554718018,0,5406,0.0002080902
5c2917193c69cee46dff6c93,688041.SH,海光信息,2024-03-15,4,2.521210193634033,0,5406,0.00022814632
464d5b86b5c237b5253e333f,688130.SH,晶华微,2024-06-15,6,1.2773747444152832,0,5406,0.0001458449
8b5a19726134d699475ffe8b,688205.SH,德科立,2024-03-20,4,1.0053921937942505,0,5406,0.00010600579
0234bc072778e8b6e8e3da5f,688287.SH,*ST观典,2024-06-30,5,0.7324556112289429,0,5406,9.194168e-05
9c7530eea7c090c41997ee2d,688291.SH,金橙子,2024-06-30,5,1.4259456396102905,0,5406,0.00016704746
6b5fd9bedd4d5cb48d6dac72,688371.SH,菲沃泰,2024-06-15,3,0.39397892355918884,0,5406,5.993672e-05
0752d6ccfd4c62bc3f7a8296,688373.SH,盟科药业-U,2024-06-15,2,0.4907020330429077,0,5406,6.689594e-05
92e02f6e08ce3e013f75c212,688403.SH,汇成股份,2024-06-30,10,2.571906566619873,0,5406,0.00021172522
374450485c66ff0af47c3cb7,688410.SH,山外山,2024-06-30,5,0.8375070095062256,0,5406,9.578652e-05
7d7d391e61537a65a0f2ee12,688416.SH,恒烁股份,2024-06-30,6,1.6648610830307007,0,5406,0.00017033648
f559d1f28f1a80f1b7e68234,688426.SH,康为世纪,2024-03-25,5,1.239463210105896,0,5406,0.0001347763
e223049812c73d57d44871d4,920089.BJ,禾昌聚合,2024-06-15,8,2.5060713291168213,0,5406,0.00021973519
bc24d52268022db131a98075,920092.BJ,汉鑫科技,2024-06-15,4,1.1707547903060913,0,5406,0.00011200635
91417e8c0e14ab5c0f2be1c4,920145.BJ,恒合股份,2024-03-15,0,0.0,64,1,2.7262813e-05
b4d7f55792036b1f43d75208,920171.BJ,志晟信息,2024-06-30,14,4.386289119720459,0,5406,0.00029570237
e2faeef9493878835a31a790,920260.BJ,中寰股份,2024-03-25,8,1.6638206243515015,0,5406,0.00016885836
96d35aadca58fdcc2c9f26b9,920405.BJ,海希通讯,2024-03-15,7,1.4697208404541016,0,5406,0.00015624157
1e5fb988f81b357c7a0a4cba,920419.BJ,路斯股份,2024-03-15,4,0.7298354506492615,0,5406,9.990031e-05
c7b8ef7355dd49a7a8193244,920436.BJ,大地电气,2024-03-15,7,1.0438694953918457,0,5406,0.000117677715
9a53f609099dcff9d62165c7,920454.BJ,同心传动,2024-03-15,11,2.9593727588653564,0,5406,0.0002485253
d5d09025326adb5153cc19f9,920533.BJ,骏创科技,2024-06-15,9,3.0165903568267822,0,5406,0.00023298325
1f975b678a849668df9ffe48,920689.BJ,克莱特,2024-04-05,8,2.586580276489258,0,5406,0.00026338376
e219148b570472fcf3000277,920720.BJ,吉冈精密,2024-06-15,5,1.3296546936035156,0,5406,0.00013786294
0d06a089a5423885b1d2ff90,920873.BJ,中设咨询,2024-06-15,12,3.951725959777832,0,5406,0.00029265272
80ce90a9b6f3e2fa2b270f9b,920892.BJ,广咨国际,2024-06-15,10,2.9688878059387207,0,5406,0.0002349609
c5334fc6a4bb144933fc90d9,920924.BJ,广脉科技,2024-06-30,9,1.9592039585113525,0,5406,0.00017602462
09f5ef9cdbb61ab325ec702a,920925.BJ,锦好医疗,2024-06-30,3,0.5874127149581909,0,5406,0.00010167838
e9a882cda4007df827350842,920932.BJ,科达自控,2024-06-15,11,3.661479949951172,0,5406,0.00030820593
11d655eb563ac9457d60fc68,920981.BJ,晶赛科技,2024-06-15,4,2.6833040714263916,0,5406,0.00021436834
f7142c9ef854aba63f90572c,001286.SZ,陕西能源,2024-06-30,8,1.3809834718704224,0,5406,0.00011448209
6f4f6882410f3442a9f186f4,001287.SZ,中电港,2024-06-30,8,1.5735557079315186,0,5406,0.00025381608
b40c8bf21c8196677a722bb1,301261.SZ,恒工精密,2024-06-30,7,2.2302606105804443,0,5406,0.000217479
8b5e4506f074f6f1b5e382a9,301310.SZ,鑫宏业,2024-06-15,8,2.253392457962036,0,5406,0.00021563181
370174999b5334dda456d026,301348.SZ,蓝箭电子,2024-06-15,9,2.266026020050049,0,5406,0.00018246545
e33472f4157758fd34513516,301383.SZ,天键股份,2024-06-15,7,1.501854419708252,0,5406,0.00016602332
ee3450c995f416ea6a3a205b,301390.SZ,经纬股份,2024-06-15,7,1.236045479774475,0,5406,0.00014654668
e268f77db76929b5d91af33c,301393.SZ,昊帆生物,2024-06-30,3,0.6380358338356018,0,5406,0.00010774741
9032dcd863ec7448e253e5dd,301510.SZ,固高科技,2024-06-15,15,3.3738863468170166,0,5406,0.00026605133
427c1533843b4291827e2e91,301511.SZ,德福科技,2024-06-15,8,3.9607083797454834,0,5406,0.00023099683
b9aaf0081611150685731c7d,301512.SZ,智信精密,2024-06-15,10,2.555687427520752,0,5406,0.0002089674
94c403e7c6e5c449dc9cfc38,301515.SZ,港通医疗,2024-06-28,6,1.2022500038146973,0,5406,0.00016831935
adc0ff3bd23dad87cdb6023d,301517.SZ,陕西华达,2024-06-15,9,3.013404369354248,0,5406,0.00024162952
64ce56c27ec6b11962122060,301525.SZ,儒竞科技,2024-06-15,12,3.5938613414764404,0,5406,0.00027711058
1d4379641d686fdf64586021,301528.SZ,多浦乐,2024-06-15,3,0.6057414412498474,0,5406,9.181413e-05
7ddffa4ff022ca5607e983bf,601061.SH,中信金属,2024-03-25,4,1.5205225944519043,0,5406,0.00018533997
a3798a1d4f70454984ad9916,603282.SH,亚光股份,2024-06-15,2,0.3879512548446655,0,5406,8.9934205e-05
164f83f29b0eb0ec11510d31,603373.SH,安邦护卫,2024-06-15,4,1.0177558660507202,0,5406,0.00016317751
25d3723350aa200144993c34,688031.SH,星环科技-U,2024-04-05,7,1.5270195007324219,0,5406,0.00014565469
d03db26f5b7c7f4b99a9e3c9,688073.SH,毕得医药,2024-04-05,7,1.495680809020996,0,5406,0.00017519825
ad6893711eabed33873b2334,688184.SH,ST帕瓦,2024-03-25,2,0.5054261088371277,0,5406,6.394116e-05
0b57f3417e0df90cd64e848e,688293.SH,奥浦迈,2024-06-15,5,0.6599830985069275,0,5406,8.893913e-05
b3fa82857a4530dc410c4fba,688381.SH,帝奥微,2024-06-30,6,1.2889808416366577,0,5406,0.00012255252
e148f149f1dbb7be057ed083,688391.SH,钜泉科技,2024-06-15,6,2.291238784790039,0,5406,0.0002009213
53d3baf8530600387001e0d7,688409.SH,富创精密,2024-06-30,5,0.8247246742248535,0,5406,9.299568e-05
86eb3d06b1b6c6dec7ea232f,688419.SH,耐科装备,2024-03-25,9,1.6967573165893555,0,5406,0.00015188052
785aa5e5261201aac8b49f2a,688439.SH,振华风光,2024-06-15,6,1.4743987321853638,0,5406,0.0001341073
cc83a689225a13e315d281fc,688475.SH,萤石网络,2024-03-25,2,0.2674308121204376,0,5406,4.9221464e-05
2ef636038fb768ea47727e88,688489.SH,三未信安,2024-03-15,9,3.249314069747925,0,5406,0.0002422907
97db0c1c98eede2a9215f56d,688506.SH,百利天恒,2024-06-30,13,4.046102523803711,0,5406,0.0003633479
ad4e59905d9c474c5e1e9d4d,688657.SH,浩辰软件,2024-03-20,2,0.8296542167663574,0,5406,0.00012715785
16ec391c1df27f85c060298e,920046.BJ,亿能电力,2024-06-15,8,2.835757255554199,0,5406,0.0002494033
c7269e59a33f7815b9e3edee,920062.BJ,科润智控,2024-06-30,9,3.1026482582092285,0,5406,0.00025745653
b938d842d3c88679d48468dc,920152.BJ,昆工科技,2024-03-15,10,1.7617586851119995,0,5406,0.00019845951
ccbbea5d30d42b0075f54661,920169.BJ,七丰精工,2024-06-15,7,1.390889286994934,0,5406,0.00016368882
eb4842ad2feb92d5d9ec6645,920179.BJ,凯德石英,2024-06-15,8,2.870540142059326,0,5406,0.00023018222
b1839f0a48a4fecdf2787849,920204.BJ,沪江材料,2024-06-15,5,1.6752804517745972,0,5406,0.00016105571
89be2f67efb55d4e3811bc7b,920223.BJ,荣亿精密,2024-06-15,5,1.2232238054275513,0,5406,0.0001224494
c3d667046165074d7d9d581e,920245.BJ,威博液压,2024-03-15,10,3.24716854095459,0,5406,0.00031688248
fc4d1f53a914b123b2b89d96,920299.BJ,灿能电力,2024-06-15,4,0.7895047664642334,0,5406,9.414626e-05
fb21dbece10d7f36eced8362,920346.BJ,威贸电子,2024-03-15,3,0.3915145993232727,0,5406,5.8953912e-05
73dc0536f4c3455b56b2def2,920378.BJ,泰德股份,2024-06-15,9,2.259251356124878,0,5406,0.00022165434
6d4fc7d1d9ae893cf82271ce,920564.BJ,天润科技,2024-03-20,5,1.123781442642212,0,5406,0.00011801647
78dfe3b6541c5edc9426afea,920580.BJ,科创新材,2024-06-15,7,3.490778923034668,0,5406,0.0002256121
7a01609eac64cd40c12888ec,920821.BJ,则成电子,2024-06-15,3,1.1627740859985352,0,5406,0.00010856449
08e1096ac167926b4c930f1c,920834.BJ,三维装备,2024-06-15,3,0.6719983816146851,0,5406,0.000107414926
f2a1b0985ef0b9696af2417a,920857.BJ,泓禧科技,2024-06-15,12,2.297996759414673,0,5406,0.00023045664
76fee9f3b800c347846c015b,920879.BJ,基康技术,2024-06-15,6,1.22483491897583,0,5406,0.00013262779
edcde3674324aaaaf983e55b,920943.BJ,优机股份,2024-06-15,5,0.9584517478942871,0,5406,0.00011938626
5f6df3718f4da82725a02f78,920970.BJ,大禹生物,2024-06-15,8,3.378404378890991,0,5406,0.0002703029
8b44df30dbadedf041186de9,001367.SZ,海森药业,2024-06-15,11,2.597473621368408,0,5406,0.0002199185
e3bda95df10214687b5d01da,301203.SZ,国泰环保,2024-06-15,4,0.9347668886184692,0,5406,0.000109821965
f195811dd1d8c461e699c810,301291.SZ,明阳电气,2024-06-15,9,2.2614307403564453,0,5406,0.00019710108
0811bb57c56a86ae5c1186d9,301392.SZ,汇成真空,2024-06-15,9,2.3181169033050537,0,5406,0.00018236825
65e761751bcd1931d2d615d3,301421.SZ,波长光电,2024-06-15,11,3.5113930702209473,0,5406,0.00026635395
09f66f71dc0bfeb8612f600a,301459.SZ,丰茂股份,2024-06-15,8,1.5958110094070435,0,5406,0.00018228576
b2dcc03b888d094fdf1f8da5,301487.SZ,盟固利,2024-06-15,9,3.9424662590026855,0,5406,0.0002854089
3345381b4ea0d1522df892f5,301498.SZ,乖宝宠物,2024-06-30,5,1.8075010776519775,0,5406,0.0001926874
3675a46f80319830576de4fa,301499.SZ,维科精密,2024-06-15,13,3.991448163986206,0,5406,0.00029022043
16f604ed0c45b9f64423baab,301507.SZ,民生健康,2024-06-15,4,0.563666820526123,0,5406,7.373229e-05
e2aea0674e5c762a82d64dbe,301509.SZ,金凯生科,2024-06-15,8,1.7639245986938477,0,5406,0.00019210312
ee24caf1615ddc2de30f187d,301533.SZ,威马农机,2024-06-15,9,1.171515703201294,0,5406,0.00015364206
f92ad2acc78438be47fdbd33,301548.SZ,崇德科技,2024-06-15,6,1.5135126113891602,0,5406,0.00015595564
35681264b98498fc5d27c43b,301550.SZ,斯菱智驱,2024-06-15,14,3.2021303176879883,0,5406,0.0002646433
ddba5de8b0d5390c7f00c66c,301559.SZ,中集环科,2024-06-15,0,0.0,65,1,2.7262813e-05
e3a13dd1c8b7f69cbc88c7df,301563.SZ,云汉芯城,2024-06-15,4,0.8541148900985718,0,5406,0.00015284301
4ac258a2ee3feaa98508f923,301577.SZ,美信科技,2024-06-15,9,3.8500914573669434,0,5406,0.0002650823
0a9b10fa882d6667a4cc94df,301578.SZ,辰奕智能,2024-03-15,4,0.8412100076675415,0,5406,0.0001210212
27598fb4aa7125ac273a6a06,301589.SZ,诺瓦星云,2024-06-30,10,2.4488754272460938,0,5406,0.00024046203
11ed963fb78153fef06ec60b,301632.SZ,广东建科,2024-04-05,5,1.7014436721801758,0,5406,0.00016143291
0180ce63dd49413960a3d618,601065.SH,江盐集团,2024-03-20,3,1.226820468902588,0,5406,0.00016417216
dfa3a590c29f7bcb57cfeba8,603125.SH,常青科技,2024-06-15,8,2.0514519214630127,0,5406,0.00017411758
dbb39ce0f1a027e8c2b2dc87,603135.SH,中重科技,2024-06-15,2,0.4804128110408783,0,5406,8.4145184e-05
c1d7a1762625d85c46e458d8,688061.SH,灿瑞科技,2024-03-15,6,0.924654483795166,0,5406,0.00011442379
b2a4b8b399c1ebda7e0ecf79,688084.SH,晶品特装,2024-06-30,4,0.8972349166870117,0,5406,0.00013560544
8386bc4807a76ec519ea1f66,688137.SH,近岸蛋白,2024-06-15,7,1.3133951425552368,0,5406,0.00015229984
093fba199d42054604ea0bcf,688143.SH,长盈通,2024-06-30,3,0.4821323752403259,0,5406,6.802765e-05
03a7215afa2b749ffe4d4b52,688152.SH,麒麟信安,2024-06-30,12,2.983177900314331,0,5406,0.00023824521
8caeddfae3179943c68bee90,688271.SH,联影医疗,2024-06-30,6,1.2160807847976685,0,5406,0.00014163072
8d9e31417f66858ed4572633,688361.SH,中科飞测,2024-06-30,9,2.7494068145751953,0,5406,0.00020365056
3379f597103de87c24741809,688372.SH,伟测科技,2024-06-15,7,1.9969136714935303,0,5406,0.00022321632
f8116657f338f6902962a9f7,688387.SH,信科移动-U,2024-06-30,7,1.2811622619628906,0,5406,0.00013678381
ed42a72b7e233bff66ae4f6e,688392.SH,骄成超声,2024-06-15,5,1.756317138671875,0,5406,0.00015499948
403f5d6b1d82debca7ed2481,688432.SH,有研硅,2024-06-15,8,4.252878189086914,0,5406,0.00027655135
50faaf86326ccabf79c233c5,688435.SH,英方软件,2024-03-15,10,2.8438053131103516,0,5406,0.00024319664
13344577d33a71a24352025a,688448.SH,磁谷科技,2024-03-15,7,1.2790640592575073,0,5406,0.0001580396
a2e1eed1c670e23f181bbdea,688459.SH,哈铁科技,2024-06-15,10,4.115793704986572,0,5406,0.00029417223
f63357b8e9add683bf408dc7,688480.SH,赛恩斯,2024-03-25,2,0.6055702567100525,0,5406,0.00010029992
44f32f03d51be120ec206560,688496.SH,清越科技,2024-03-25,9,2.637533664703369,0,5406,0.00019308584
30094dac5cf0f4bfa9891031,688702.SH,盛科通信-U,2024-06-30,4,0.8799791932106018,0,5406,0.000100119694
1484f65bf5fe9927f8586521,920130.BJ,立方控股,2024-06-15,4,0.9551888108253479,0,5406,0.00013270116
5ebf1a6c1a5ed6118d10742e,920267.BJ,鑫汇科,2024-04-05,7,2.7441272735595703,0,5406,0.00023408336
997df1809783d83b155e3d59,920271.BJ,邦德股份,2024-06-15,3,1.0871052742004395,0,5406,0.00011966439
44c3e8f549f74e0df60f7bf6,920395.BJ,朗鸿科技,2024-06-15,10,2.6971795558929443,0,5406,0.00021868627
0ddd797c7c71f9eae05420ee,920402.BJ,硅烷科技,2024-03-15,5,1.3785431385040283,0,5406,0.00012015419
c63310033e7f1b44c7fe2ab3,920491.BJ,奥迪威,2024-06-15,4,0.8449016213417053,0,5406,0.00010704325
0daa63057eaa1a61ab058126,920639.BJ,晨光电缆,2024-06-15,10,2.8238983154296875,0,5406,0.00025136146
1d3293921fb3cf49d378d380,920790.BJ,联迪信息,2024-06-15,8,1.430253028869629,0,5406,0.00014273512
e5473c0e20b0c804e0ec6fe6,920870.BJ,恒进感应,2024-06-15,2,0.40721994638442993,0,5406,0.00011024402
979930ef7e8eefd745c0e82c,920871.BJ,派特尔,2024-06-15,3,0.7538688778877258,0,5406,9.222109e-05
c01a93f572f2e44bcdd94de0,001278.SZ,一彬科技,2024-06-30,8,3.42588472366333,0,5406,0.0002525192
394173b3f61367162b25ea11,001282.SZ,三联锻造,2024-06-15,9,1.7960004806518555,0,5406,0.00016382478
626517b68196406cffd98a78,001289.SZ,龙源电力,2024-06-30,5,0.7368194460868835,0,5406,7.405434e-05
f3584cf8290670ab2ce26343,001306.SZ,夏厦精密,2024-06-30,11,2.317172050476074,0,5406,0.00021302605
ca7b73f240f9cf2677185c61,001324.SZ,长青科技,2024-06-15,5,1.2078324556350708,0,5406,0.0001302604
080c5373180ad8973dca730b,001360.SZ,南矿集团,2024-06-15,11,2.8593952655792236,0,5406,0.0003146842
a9cbe538c5c4a7a77e7eb7e6,001373.SZ,翔腾新材,2024-06-15,9,1.6732661724090576,0,5406,0.00015428342
08e9501d242918d6182acbf8,001378.SZ,德冠新材,2024-06-30,8,2.7823586463928223,0,5406,0.00023221523
e8f5bcded7325024cb4a2500,001380.SZ,华纬科技,2024-06-15,8,1.8300013542175293,0,5406,0.00017250435
23b21f79cc8b82347696c2e6,001386.SZ,马可波罗,2024-06-30,6,1.8047009706497192,0,5406,0.00019308152
d37a7c767ede19e8c9d3b855,300784.SZ,利安科技,2024-06-15,0,0.0,66,1,2.7262813e-05
489071ffe44a7d3454d12d80,301508.SZ,中机认检,2024-06-15,8,1.2462278604507446,0,5406,0.00012936593
07ea0390a51398a19b9deb2b,301518.SZ,长华化学,2024-06-15,9,2.4492385387420654,0,5406,0.00021607122
11f35c9dc137ed32082e063b,301529.SZ,福赛科技,2024-06-15,7,2.0770184993743896,0,5406,0.00016880374
231f5d879ae6bb6536c6ef5e,301535.SZ,浙江华远,2024-06-15,9,2.7859644889831543,0,5406,0.00023289936
3a82c856a3e4dcb10ea52414,301539.SZ,宏鑫科技,2024-06-15,10,2.347914695739746,0,5406,0.00021032768
619098a2d5fb44396db96b89,301568.SZ,思泰克,2024-06-15,6,2.804511070251465,0,5406,0.00020512365
e9ecdcbeb08dfac2164be760,301580.SZ,爱迪特,2024-06-15,1,0.1365661919116974,0,5406,4.1198728e-05
28ac20573fa4e1b6a3e4b15a,301588.SZ,美新科技,2024-06-15,8,2.788332462310791,0,5406,0.00028563352
f82bbc57510d18e6ddbfff7b,301598.SZ,博科测试,2024-06-15,5,2.0256547927856445,0,5406,0.00022245536
a84c457336d69426dd09b41b,601133.SH,柏诚股份,2024-04-05,3,2.1501543521881104,0,5406,0.0002126512
ac1ea98edd8e6684c7a8703e,603120.SH,肯特催化,2024-06-15,9,3.2682852745056152,0,5406,0.00033410793
6f4c012545fe640f005cd410,603137.SH,恒尚节能,2024-06-15,5,2.7031235694885254,0,5406,0.00027056108
dfb9541277fa1c42a1ca656d,603172.SH,万丰股份,2024-06-15,6,3.7842459678649902,0,5406,0.00024208502
79570fe36e473a27b6ef7dd4,603193.SH,润本股份,2024-06-30,3,0.3525322675704956,0,5406,5.4118693e-05
c28097e76712d6b81678ac3d,603276.SH,恒兴新材,2024-06-15,9,2.818300247192383,0,5406,0.0002241166
2c29224304b68b9514426e8b,688141.SH,杰华特,2024-03-15,11,4.470635890960693,0,5406,0.00031810484
a87ddbd9235a356a565c3821,688172.SH,燕东微,2024-03-25,9,2.0967485904693604,0,5406,0.00017404687
cbed32ac302864e2731ffa8b,688275.SH,万润新能,2024-06-30,7,1.1823927164077759,0,5406,0.00011088013
358776798473c7d97ba3da13,688352.SH,颀中科技,2024-06-30,5,0.6932530999183655,0,5406,8.093291e-05
9348937ce6c3eeda95228a76,688478.SH,晶升股份,2024-03-25,7,0.9634803533554077,0,5406,0.00010337727
7c725d2fef15521644f10c1a,688498.SH,源杰科技,2024-06-30,7,3.4930689334869385,0,5406,0.00023762012
cd2d66abcb926f7ae3b9940d,688512.SH,慧智微-U,2024-06-30,5,3.1962437629699707,0,5406,0.00021202062
7791bd6b1fe3a152dafcf64b,688525.SH,佰维存储,2024-06-30,5,2.7542922496795654,0,5406,0.00027206226
64de6703ddae808c876cb2f1,688549.SH,中巨芯-U,2024-03-25,5,1.957938551902771,0,5406,0.0001552508
a6a1f94afd6dbcef45db78ae,688709.SH,成都华微,2024-06-15,6,2.053028106689453,0,5406,0.00017321316
13d48bfc05ae7d265789e48c,920110.BJ,雷特科技,2024-06-15,7,2.1241376399993896,0,5406,0.0002358679
5891e870c4dc24c62ffb2e14,920122.BJ,中纺标,2024-06-15,5,1.5631529092788696,0,5406,0.00017834207
39ef176629f1544bb50f5b67,920207.BJ,众诚科技,2024-03-15,9,3.6919569969177246,0,5406,0.00025597768
49566840e317b52751d587d1,920230.BJ,欧康医药,2024-06-15,9,1.7709121704101562,0,5406,0.00017785814
2013f658fff0dfb9ab63475d,920261.BJ,一诺威,2024-06-15,7,1.7579233646392822,0,5406,0.0001684827
a923a4b34b7a6c270f8be69f,920270.BJ,天铭科技,2024-06-15,2,0.26740193367004395,0,5406,5.4024364e-05
5443d3b84c6ad17ff3376dff,920273.BJ,一致魔芋,2024-06-15,10,2.3457021713256836,0,5406,0.00021311028
a366a1fd5a684fe1738dd234,920367.BJ,新赣江,2024-06-15,4,0.8107884526252747,0,5406,9.811353e-05
b7849fc27259b95edd0ecefe,920429.BJ,康比特,2024-06-15,5,1.0726269483566284,0,5406,0.00012114159
85e0dde072bee7d50cbe2087,920575.BJ,康乐卫士,2024-06-15,3,0.47343122959136963,0,5406,5.8855596e-05
c4b1363dfbac18715cbfafb6,920718.BJ,合肥高科,2024-06-15,4,0.7312458753585815,0,5406,0.00012258494
6d0a4304b6acaed28d6c8c72,920725.BJ,惠丰钻石,2024-06-30,9,2.308833360671997,0,5406,0.00018247384
28114811015a46ddde0770b9,920866.BJ,绿亨科技,2024-03-15,5,2.186812400817871,0,5406,0.00016722051
2fb6c2cb958daf86114aa983,920985.BJ,海泰新能,2024-06-15,7,3.232369899749756,0,5406,0.00024029046
2ef0e879874c7014f1caa5d6,001326.SZ,联域股份,2024-06-15,7,1.6453831195831299,0,5406,0.00017775605
a2c8cd16a24f42a4a10f8a24,001328.SZ,登康口腔,2024-04-05,6,1.650452733039856,0,5406,0.00016469114
3b7900c17927be1c12df0fe2,301501.SZ,恒鑫生活,2024-06-15,6,2.4640250205993652,0,5406,0.00021570605
32dd41b50c22e74aeeca8450,301538.SZ,骏鼎达,2024-06-15,6,1.521683931350708,0,5406,0.00014787921
bf1f9ba6de0cfb3bd0aba4ba,301552.SZ,科力装备,2024-06-15,1,0.2779376804828644,0,5406,8.8199566e-05
d5eda517f10db4ce7d874f41,301565.SZ,中仑新材,2024-06-15,7,2.405632495880127,0,5406,0.00021241416
21324691ca89448392b96d81,301571.SZ,国科天成,2024-06-15,5,1.3762589693069458,0,5406,0.00015291986
7db7a6a2f67d3628a5a44dfc,301586.SZ,佳力奇,2024-06-15,10,2.8027610778808594,0,5406,0.000253818
719546f38d581ad0b2f267af,301596.SZ,瑞迪智驱,2024-06-15,10,2.1901235580444336,0,5406,0.00019003409
5a661800b8af6db36330a3f5,301601.SZ,惠通科技,2024-06-15,3,0.8357201814651489,0,5406,0.00011420136
cbf8b515635729a290bd7d1e,301602.SZ,超研股份,2024-04-05,9,2.1196513175964355,0,5406,0.00019909408
7a133d5274caae8ecb0b9261,301606.SZ,绿联科技,2024-06-15,6,1.6809141635894775,0,5406,0.00020748927
52a3e2b9557d1a4790f655a8,301607.SZ,富特科技,2024-03-15,9,2.112888813018799,0,5406,0.00017283525
db0bc725357652a4e16a2680,301608.SZ,博实结,2024-06-15,10,3.6485841274261475,0,5406,0.00030794178
1885c8bb87dddaadf5243140,301616.SZ,浙江华业,2024-04-05,9,2.034976005554199,0,5406,0.0002069392
804d0c8f9cc97b545f85006c,301617.SZ,博苑股份,2024-04-05,8,1.1797301769256592,0,5406,0.0001261669
d2b1a6afc06248d77e068384,301626.SZ,苏州天脉,2024-06-15,5,1.5748802423477173,0,5406,0.00014699089
eeceab9d036bfc4c96226211,301629.SZ,矽电股份,2024-03-15,10,3.297116279602051,0,5406,0.00023974902
8436793dabbffe9a99afda6c,301658.SZ,首航新能,2024-06-15,8,2.7195241451263428,0,5406,0.00023693265
630bf2d5bce07f5d19fd06cc,603004.SH,鼎龙科技,2024-06-15,10,2.9301788806915283,0,5406,0.000252122
b85531ff852c4668b9176054,603119.SH,浙江荣泰,2024-06-15,5,0.7231817245483398,0,5406,8.746508e-05
ab946602795a30f1e50f7470,603162.SH,海通发展,2024-06-30,7,1.273852825164795,0,5406,0.00012089246
4bbbd73b07b463673c094e17,688307.SH,中润光学,2024-06-15,10,3.0005576610565186,0,5406,0.0002349591
053dcea01374fda7ad8bcb7d,688458.SH,美芯晟,2024-06-15,5,1.7799677848815918,0,5406,0.00014540569
919f04fdb602d3619bec5895,688535.SH,华海诚科,2024-06-15,10,2.850698947906494,0,5406,0.00023340134
deb99d47f8d16373fc024fa8,688562.SH,航天软件,2024-06-30,7,1.5773985385894775,0,5406,0.00018523485
5c6fc8ec9277e5ab700d7b18,688620.SH,安凯微,2024-06-30,10,3.2715811729431152,0,5406,0.00024081559
a87423d15f6042f4622c72ab,688627.SH,精智达,2024-03-15,10,3.64337158203125,0,5406,0.00025650277
b4370e545f8310d833c91c9f,688671.SH,碧兴物联,2024-03-25,8,1.6359490156173706,0,5406,0.00017644842
a36170dc6a0dd92b76f90089,688693.SH,锴威特,2024-06-15,7,1.1751527786254883,0,5406,0.00010156955
05ffc9bbd7a0b5cc23bfdc1b,688708.SH,佳驰科技,2024-03-15,5,1.9628450870513916,0,5406,0.00017798613
e13e6c06953f28eb4012b130,920017.BJ,星昊医药,2024-06-30,2,0.2999880015850067,0,5406,4.9262355e-05
499810eb35ebf7e859f99d23,920023.BJ,田野股份,2024-06-15,5,1.1336002349853516,0,5406,0.00012737374
99e80750e5d25cab168150ba,920058.BJ,华洋赛车,2024-06-15,7,1.9281611442565918,0,5406,0.0002161736
e7e68f9b0924133819dbaa2c,920237.BJ,力佳科技,2024-06-15,6,1.244111180305481,0,5406,0.00014366083
8f3cfac18e662b60e6570d29,920247.BJ,华密新材,2024-03-15,9,2.150564193725586,0,5406,0.00021511756
f9c785c7dfbe82cb9d9303a2,920476.BJ,海能技术,2024-03-15,10,2.2714877128601074,0,5406,0.00023262647
dd65d44c0bfc28b4fb27f951,920556.BJ,雅达股份,2024-03-15,10,2.6996514797210693,0,5406,0.00023202912
b912bd367f6e601cbdb73eb1,920571.BJ,国航远洋,2024-06-15,8,2.91294002532959,0,5406,0.00025608225
4057ad6cea650b152bc8ba36,920608.BJ,丰安股份,2024-06-15,9,1.4961014986038208,0,5406,0.00017277477
002febaac74fe9b1bba6633f,920627.BJ,力王股份,2024-06-15,7,2.21718430519104,0,5406,0.0002291333
6c86c7d0e9e22ee0c9ed843c,920662.BJ,方盛股份,2024-03-15,11,2.2060654163360596,0,5406,0.0002063639
2cd47aca4806ca31ae59a00d,920685.BJ,新芝生物,2024-06-15,7,2.0229737758636475,0,5406,0.00021117204
f5e21fbd66841fc959aef7d2,920753.BJ,天纺标,2024-06-15,2,0.9785629510879517,0,5406,0.00012328567
f58c2cf86f3f72a494fe7abb,920876.BJ,慧为智能,2024-06-30,10,1.6466014385223389,0,5406,0.0001989482
80ecc1db8050a209c512a202,920895.BJ,花溪科技,2024-06-15,5,1.262718677520752,0,5406,0.00019579065
c1da214923e90ce00b9ddaba,920914.BJ,远航精密,2024-06-15,11,2.4897427558898926,0,5406,0.00020241657
fb1cc353fd63a816f4c35d40,920971.BJ,天马新材,2024-06-30,9,2.763181686401367,0,5406,0.0002268793
c0963330a6839b686f79c205,920974.BJ,凯大催化,2024-06-15,5,1.7876174449920654,0,5406,0.0001838193
1a519efadc605abf427edb63,920982.BJ,锦波生物,2024-06-15,7,2.322587728500366,0,5406,0.00023815615
53b25c6e5fa5352207c6490d,001279.SZ,强邦新材,2024-06-30,12,3.52475643157959,0,5406,0.00028707122
c1bb88b64cb50ffd18206527,001395.SZ,亚联机械,2024-06-15,5,2.211259365081787,0,5406,0.00018352696
57955a44c232255c4c14a179,301251.SZ,威尔高,2024-06-15,10,1.8640310764312744,0,5406,0.00015979678
3278082e06d0a03b0c829194,301502.SZ,华阳智能,2024-06-15,11,3.0960693359375,0,5406,0.00023117666
c0a4fd552de9e71037b3c0cf,301536.SZ,星宸科技,2024-06-15,10,3.757664442062378,0,5406,0.0002747466
4b309d22d903f3756be800a0,301556.SZ,托普云农,2024-06-15,3,0.33132579922676086,0,5406,5.2372237e-05
6ee51c81a9b344443af68576,301575.SZ,艾芬达,2024-06-15,4,0.4687047004699707,0,5406,9.7811375e-05
634665d7cdc941182c3da0f7,301603.SZ,乔锋智能,2024-06-15,6,1.1901419162750244,0,5406,0.0001271709
844fd9caafd68ff7ca2cab06,301628.SZ,强达电路,2024-04-05,8,3.239912271499634,0,5406,0.00023968493
f4bd7cc6d2d514cdb384fec7,301631.SZ,壹连科技,2024-06-15,7,1.2080366611480713,0,5406,0.0001252328
3c9efddb204b2942715e898e,301662.SZ,宏工科技,2024-06-15,3,1.373678207397461,0,5406,0.00017191953
a00c67bd86cc3a76c6adeef5,301678.SZ,新恒汇,2024-06-15,1,0.1699473261833191,0,5406,3.9459424e-05
96c3377f1e5be82c843fc424,601096.SH,宏盛华源,2024-06-30,4,1.9277093410491943,0,5406,0.00018089663
b70930b12a008319484e0f6a,603075.SH,热威股份,2024-06-15,3,1.3975884914398193,0,5406,0.00014671168
11521d1c108ed445428b88e4,603205.SH,健尔康,2024-04-05,4,0.6472843885421753,0,5406,8.2195096e-05
0fdac0765ca3c4c717eb55f2,603273.SH,天元智能,2024-06-15,5,0.9803137183189392,0,5406,0.00013862421
6ed171164035118d775cab94,603275.SH,众辰科技,2024-06-15,10,2.710103988647461,0,5406,0.00021232497
ead830d9350e2772413ec5f7,603310.SH,巍华新材,2024-06-30,7,1.2062727212905884,0,5406,0.00011909939
1666697549dfe248f36315d6,603350.SH,安乃达,2024-06-15,7,1.6547831296920776,0,5406,0.0001570155
08a54799da9a0bfbac8230f5,688146.SH,中船特气,2024-06-30,8,3.6146633625030518,0,5406,0.00027112706
e596b91ae56522c2a8e61e67,688429.SH,时创能源,2024-03-15,5,1.064494252204895,0,5406,9.852725e-05
cc4cd57dc561ab6cc047c442,688443.SH,智翔金泰-U,2024-04-05,3,0.41204771399497986,0,5406,6.983106e-05
776e17c8c8fae854fc284907,688484.SH,南芯科技,2024-03-15,8,3.595080614089966,0,5406,0.0002671991
3a081eb67ec12562e7253a50,688523.SH,航天环宇,2024-06-15,6,1.4129078388214111,0,5406,0.00014086979
c247f840bcd7d823b1ab6ef0,688531.SH,日联科技,2024-06-15,8,1.521466851234436,0,5406,0.00013929834
7d37934eca743986dd0f367b,688543.SH,国科军工,2024-06-30,6,1.5445717573165894,0,5406,0.0001663978
da6323f022aafa32eb3f14f0,688563.SH,航材股份,2024-06-30,6,2.701937198638916,0,5406,0.00019001748
5ae244372dc2927baf7fcc27,688570.SH,天玛智控,2024-06-30,7,2.8699302673339844,0,5406,0.00024312628
3112a54edb00f5f7bc84eaac,688576.SH,西山科技,2024-06-30,7,1.3475611209869385,0,5406,0.0001581965
4f8370ce76a4c91faedb9ae2,688582.SH,芯动联科,2024-06-30,6,1.676520586013794,0,5406,0.00015174075
a653af3288e27b75690db473,688610.SH,埃科光电,2024-06-15,6,1.9888662099838257,0,5406,0.00015399267
7c4cd94d9b93081e39fece8e,688612.SH,威迈斯,2024-03-25,9,4.223474025726318,0,5406,0.00031414296
a6919318b9f34249cb722420,688623.SH,双元科技,2024-06-15,4,0.6736483573913574,0,5406,0.000101845355
f56bab813cbc88a85af4b613,688631.SH,莱斯信息,2024-03-15,6,0.9250928163528442,0,5406,0.0001240489
d5f1db359aa62b6f7029fc95,688646.SH,ST逸飞,2024-04-05,6,0.9883519411087036,0,5406,9.549192e-05
e6ff5d4972e365c384abf429,920087.BJ,秋乐种业,2024-06-15,5,0.9738520383834839,0,5406,8.065798e-05
822ff0993fd4230cb4c904f5,920139.BJ,华岭股份,2024-06-28,5,1.5634829998016357,0,5406,0.00016974994
85a5fc44d7c0d70c136e5708,920195.BJ,三祥科技,2024-06-15,8,1.3870912790298462,0,5406,0.00015898676
0ab65dce994fd0e8636304b4,920199.BJ,倍益康,2024-06-15,10,3.6740384101867676,0,5406,0.00031512493
9f5ee6a421e16acae7360248,920252.BJ,天宏锂电,2024-03-20,8,1.2963825464248657,0,5406,0.00014804
c0ec22fe171bb014635834da,920374.BJ,云里物里,2024-06-15,8,1.517078161239624,0,5406,0.00021376976
21101f06465ce502d594da31,920422.BJ,润普食品,2024-03-25,4,1.0003262758255005,0,5406,0.00012758303
7865b98b8c3dcb4b7582e05b,920527.BJ,夜光明,2024-06-30,2,0.7862259149551392,0,5406,0.00013073499
cae796dfe82977b77ce29cc9,920641.BJ,格利尔,2024-06-15,6,1.8040000200271606,0,5406,0.00020985169
47089e0c3e7928032720bac7,920802.BJ,保丽洁,2024-06-15,3,0.6402949094772339,0,5406,0.00011798189
675e5b90e3038f42b3c70725,920808.BJ,曙光数创,2024-06-15,6,2.3865163326263428,0,5406,0.00022056665
d23aa1f5854d4ed66ed79d92,920855.BJ,浙江大农,2024-06-15,8,1.5619838237762451,0,5406,0.00022976095
54c80dfd6a8522e554169691,920906.BJ,舜宇精工,2024-06-15,11,2.8312082290649414,0,5406,0.0002200627
7c34e090d287372720f41596,920942.BJ,恒立钻具,2024-06-15,4,0.4621273875236511,0,5406,6.8781614e-05
5b2085d8ff9d52a147b3f3fc,920957.BJ,汉维科技,2024-06-15,4,0.5023901462554932,0,5406,7.302243e-05
50d2cf8d33db7261e839a7c2,301446.SZ,福事特,2024-06-15,7,1.2818856239318848,0,5406,0.00014074442
95dbade06c9879e8a8353a09,301522.SZ,上大股份,2024-06-15,9,2.1999707221984863,21,24,0.00028817306
8eecd5f9a7c3d54fde3f8b21,301557.SZ,常友科技,2024-06-28,6,2.163998603820801,0,5406,0.00021964332
4c41713e840ac114f64e9816,301584.SZ,建发致新,2024-03-20,4,1.0339394807815552,0,5406,0.00011496819
a7a35a841b1a4bf5a6f752bc,301592.SZ,六九一二,2024-06-15,7,1.630264401435852,0,5406,0.00014263684
8d7bddf459e4586bab7451a8,301611.SZ,珂玛科技,2024-06-15,10,2.4588570594787598,0,5406,0.00019794996
35aa9117d6382f42e350bc2c,301618.SZ,长联科技,2026-04-15,2,0.26946529746055603,0,5406,4.910651e-05
83d482bc95f7760df00946ad,301630.SZ,同宇新材,2024-06-15,5,1.7759841680526733,0,5406,0.00015194964
56d493a31af1aa9627e13694,688433.SH,华曙高科,2024-06-15,2,0.568162202835083,0,5406,8.4904874e-05
c881382c6fbf048cca48c34b,688507.SH,索辰科技,2024-06-30,5,1.0063037872314453,0,5406,0.00014525067
a28dd48ddbecfd9c16b784d5,688515.SH,裕太微-U,2024-03-15,3,0.3389759957790375,0,5406,5.817215e-05
b8dca8b868314fe6fb24e272,688552.SH,航天南湖,2024-06-15,6,1.8298555612564087,0,5406,0.00017694512
9a7902738b7c9d68177d6040,688573.SH,信宇人,2024-06-15,6,1.233974814414978,0,5406,0.00012063565
d118f30af8846d2338888ba7,688592.SH,司南导航,2024-06-15,5,2.927889347076416,0,5406,0.00024463012
59625d806e43c18ac4bdb3a3,688593.SH,新相微,2024-06-15,8,2.5554442405700684,0,5406,0.00021171452
140a6da2f1452eabd3088e4a,688629.SH,华丰科技,2024-03-25,5,1.241058349609375,0,5406,0.00011994608
b93dffd85b8bdfe10372bb8e,688638.SH,誉辰智能,2024-06-15,13,2.772941827774048,0,5406,0.00023201467
3a09266a2fa65d0fdea65574,688651.SH,盛邦安全,2024-03-15,3,0.6866284608840942,0,5406,9.015127e-05
aa624fac9337dd968e43e964,688692.SH,达梦数据,2024-03-15,11,2.090369939804077,0,5406,0.0001864915
9f7424d8399537c6688f933b,688695.SH,中创股份,2024-06-15,6,1.3212158679962158,0,5406,0.00012699171
e97714e215d630b6d956ca42,688759.SH,必贝特-U,2024-06-15,7,2.277057409286499,0,5406,0.00021674186
c72db17c40b178744029f6ef,920014.BJ,特瑞斯,2024-06-15,2,0.43889838457107544,0,5406,6.570563e-05
f1e6a79361676b20eaf25b14,920033.BJ,康普化学,2024-06-15,7,0.9103167653083801,0,5406,0.00012833027
52bd5540993f0f9087a98a26,920057.BJ,百甲科技,2024-03-28,6,2.17022705078125,0,5406,0.00020241144
79b04824fec1febdc3894489,920075.BJ,柏星龙,2024-06-15,9,2.5908608436584473,0,5406,0.00023079762
dd35214e39bfddaf1d8a3522,920190.BJ,雷神科技,2024-06-15,2,0.2834576964378357,0,5406,7.0746275e-05
3e7e48c793946a816399d085,920208.BJ,青矩技术,2024-06-15,5,0.9918839931488037,0,5406,0.00013938475
40689d439567032358a9499e,920227.BJ,美登科技,2024-06-15,10,2.774164915084839,0,5406,0.00027235033
38ab3c4fabaa8af2acbfc543,920249.BJ,利尔达,2024-03-15,6,1.3373748064041138,0,5406,0.00013886348
0449df4762e433007b8d8b25,920262.BJ,太湖雪,2024-06-15,4,0.7249241471290588,0,5406,0.00010716338
31044cf66298a23e3c3d12db,920300.BJ,辰光医疗,2024-06-15,4,0.7539656162261963,0,5406,0.00010802757
f66ca089b852cf45119d5066,920339.BJ,恒太照明,2024-06-15,6,1.7274460792541504,0,5406,0.00017374383
ff0ed4495a66f554acd50da4,920351.BJ,华光源海,2024-06-15,6,2.7385153770446777,0,5406,0.0002430274
793710725b160998c715fef7,920371.BJ,欧福蛋业,2024-06-30,6,1.1403330564498901,0,5406,0.000119263335
85576633fcac5b7a42d61019,920392.BJ,佳合科技,2024-06-15,4,0.8902482390403748,0,5406,0.00022962727
24576e6acf2242a5bb92f413,920414.BJ,欧普泰,2024-06-15,2,0.6955174803733826,0,5406,0.000101405225
1742747030d6a045e62f43e1,920478.BJ,峆一药业,2024-03-15,12,2.8826963901519775,0,5406,0.00025044315
32f20edf171194e7722bb12b,920493.BJ,并行科技,2024-06-15,6,1.314650535583496,0,5406,0.00017266965
565953fcf3a070a925478812,920526.BJ,凯华材料,2024-04-05,6,1.728833556175232,0,5406,0.00014856494
06ca43c9c178f8a5de184e12,920541.BJ,铁大科技,2024-06-15,11,2.977954864501953,0,5406,0.0002219866
aaabb6d6bbe0a531ff692542,920579.BJ,机科股份,2024-06-15,9,3.0010643005371094,0,5406,0.00024599582
43f6e08e4fb35a714aeba539,920634.BJ,新威凌,2024-03-15,8,1.9228825569152832,0,5406,0.00017266415
813442322624684dd98dd5ec,920663.BJ,明阳科技,2024-04-05,8,1.425565242767334,0,5406,0.00013946694
cc2bd9b39e0327e5d9c39271,920748.BJ,路桥信息,2024-06-15,11,2.6310689449310303,0,5406,0.00025030941
23fe85ab0a94359c585a2524,920770.BJ,艾能聚,2024-06-15,7,1.2790923118591309,0,5406,0.0001318272
57a3876baca23975019b1efd,920781.BJ,瑞奇智造,2024-06-15,6,1.3355534076690674,0,5406,0.00013525995
5eb10eeb2a3c611cbb3df517,920792.BJ,东和新材,2024-06-15,7,2.063554525375366,0,5406,0.00018895377
bbe31f829ba6b4002a506de0,920810.BJ,春光智能,2024-06-15,5,0.9900082349777222,0,5406,0.00013113378
87e7cbba8f00829fc765923f,920950.BJ,迅安科技,2024-06-15,4,2.7895419597625732,0,5406,0.00022534905
a9b00d1445d1c972e1a98be2,920992.BJ,中科美菱,2024-06-15,5,1.9926416873931885,0,5406,0.0002015398
36d5a4e809556ccf3bea90e1,001221.SZ,悍高集团,2024-06-15,4,0.6640971899032593,0,5406,0.000110006884
b6b87e91b999404f54f0e699,001239.SZ,永达股份,2024-06-28,8,1.8469312191009521,0,5406,0.0002051165
f64fe9686060b7e180509319,001277.SZ,速达股份,2024-06-15,10,3.046400785446167,0,5406,0.00026253005
5496b993f15f9990f22ff5fb,001356.SZ,富岭股份,2024-07-01,8,2.789132595062256,0,5406,0.00024290716
5b45fa94a631b81e60dfb5c8,001359.SZ,平安电工,2024-06-15,7,2.524984359741211,0,5406,0.00021296948
f875d2df9d58944b7649ae42,001369.SZ,双欣材料,2024-06-15,7,1.6355055570602417,0,5406,0.00015109703
50fd208542255f0db05b58e9,001379.SZ,腾达科技,2024-06-15,2,0.5063141584396362,0,5406,7.7923556e-05
482857dc12e062441712f33b,001389.SZ,广合科技,2024-06-15,5,0.8452441096305847,0,5406,9.8173135e-05
9a936412519685c17a49cb5e,001390.SZ,古麒绒材,2024-06-15,1,0.14865003526210785,0,5406,4.2222215e-05
79855d3337ef53b35bc558c4,301560.SZ,众捷汽车,2024-06-15,11,2.7252204418182373,0,5406,0.00026103982
e39f0f534433929e6dcdf5b3,301600.SZ,慧翰股份,2024-06-15,5,1.4087612628936768,0,5406,0.00014667708
e843afe1d84c137b44b1301c,301622.SZ,英思特,2024-04-05,9,3.7866804599761963,0,5406,0.00025988815
98588a65815aeebfa2466628,600930.SH,华电新能,2024-03-25,11,3.040435791015625,0,5406,0.00021515357
4bd7dd4364f488a2a926a191,603082.SH,北自科技,2024-06-15,8,2.3003592491149902,0,5406,0.00020720341
2dfd6f8e13d7d8ba74a7dbe1,603124.SH,江南新材,2024-06-15,9,3.259791851043701,0,5406,0.00023225704
4e805267de7088121cb1db5c,603194.SH,中力股份,2024-07-01,6,1.575549602508545,0,5406,0.0001985989
be684257fa953e614d09254d,603207.SH,小方制药,2024-06-15,4,0.5924251079559326,0,5406,9.484443e-05
1ddfa9ba22694095b17be355,603231.SH,索宝蛋白,2024-06-15,8,1.5140875577926636,0,5406,0.00015091615
aaa4f42625860c927b05bd9a,603257.SH,中国瑞林,2024-06-15,4,0.7938399314880371,0,5406,0.000120172175
43999342d31a53496744fe8f,603270.SH,金帝股份,2024-06-30,6,1.295642375946045,0,5406,0.00013812707
c5b9de534da107ba73bd4780,603271.SH,永杰新材,2024-06-15,8,2.860212802886963,0,5406,0.00022607096
cafea41f50e414354d1d8fca,603285.SH,键邦股份,2024-06-15,10,2.1291592121124268,0,5406,0.00019365727
de5fd683ef9b5208fbe417a5,603296.SH,华勤技术,2024-06-15,10,2.1362686157226562,0,5406,0.0002303951
cc07795a45f62be80e5c0f99,603344.SH,星德胜,2024-06-15,7,1.6032168865203857,0,5406,0.00015109142
c3ff6d4e1d17fda49ae94a8b,603375.SH,盛景微,2024-06-15,2,0.40142256021499634,0,5406,7.925524e-05
36f71d9a93bf86a0c9525793,603391.SH,力聚热能,2024-04-05,2,0.5462987422943115,0,5406,0.00010705421
5a64ca86de97813c1f013d32,603395.SH,红四方,2024-06-15,8,2.824862003326416,0,5406,0.0002337537
17be6b4a3706408f3e474c96,688334.SH,西高院,2024-06-15,5,2.266496419906616,0,5406,0.00019158435
ddcd94e5793c73b5d5d450cc,688450.SH,光格科技,2024-03-20,5,0.8720215559005737,0,5406,0.0001075484
5859656ab398b31aa1a6c2c4,688469.SH,芯联集成-U,2024-03-25,4,1.3167752027511597,0,5406,0.00012150739
2079a61db696e50673a993b1,688539.SH,高华科技,2024-06-15,7,1.8178539276123047,0,5406,0.00017000797
2344ad70f8f38f297f1d186c,688591.SH,泰凌微,2024-06-15,7,1.5534756183624268,0,5406,0.00013383642
35abfbada35642c1d6db0465,688603.SH,天承科技,2024-06-15,7,2.06552791595459,0,5406,0.00018688376
97edc0d7ca9ce55078039f2f,688648.SH,中邮科技,2024-06-15,6,2.4260036945343018,0,5406,0.00020138391
117c5af782b283a395930231,688717.SH,艾罗能源,2024-06-15,5,0.7363265752792358,0,5406,0.00011541645
47a0f7a8b1ff64b6e4b0ec24,920001.BJ,纬达光电,2024-06-30,6,3.2238411903381348,0,5406,0.00022619021
bc04ba9b2812e7ffdef635c5,920221.BJ,易实精密,2024-06-15,13,3.98880934715271,0,5406,0.00029356332
c6d726808a5c7f86fef0018f,920357.BJ,雅葆轩,2024-06-15,14,4.05216646194458,0,5406,0.0003039335
3ef7b4853f665e0b2355e4fe,920394.BJ,民士达,2024-06-15,4,1.004252314567566,0,5406,0.00010007506
f8df8f28bac50c9e61160177,920407.BJ,驰诚股份,2024-03-15,9,2.381648063659668,0,5406,0.000270737
f068ac4adae3a9c9a32ee37c,920425.BJ,乐创技术,2024-03-20,7,1.8628591299057007,0,5406,0.00015368508
17d1d7f170158e7372df412f,920455.BJ,汇隆活塞,2024-06-15,7,2.456454277038574,0,5406,0.00023188007
d7a88859a17a68367ef8710b,920471.BJ,美邦科技,2024-03-15,7,1.5603752136230469,0,5406,0.00014167633
6dd18dfb61858a7c5bd62243,920505.BJ,九菱科技,2024-06-15,8,2.888516664505005,0,5406,0.00023550598
818a75c2f4e4b383002728e9,920592.BJ,华信永道,2024-06-15,9,3.428168773651123,0,5406,0.0002515836
6dedfea9cfe639206cb1012a,920694.BJ,中裕科技,2024-03-15,8,1.8900690078735352,0,5406,0.0001923859
7ba6c4cd71ca59e85eb0e7c2,920779.BJ,武汉蓝电,2024-06-15,2,0.9231395125389099,0,5406,0.00012622049
8a8615be02caeecff6ded234,920786.BJ,骑士乳业,2024-06-15,7,2.883669137954712,0,5406,0.00019446669
754349dd6e0dfa2d5c207a68,920807.BJ,奔朗新材,2024-06-30,8,1.5308856964111328,0,5406,0.00013093062
4e9b006c37d6c1ffdcef3677,920837.BJ,华原股份,2024-06-15,5,1.1736962795257568,0,5406,0.00016395631
12dbe393103c37d335673a83,001335.SZ,信凯科技,2024-06-15,12,3.4079012870788574,0,5406,0.00027619684
0353a363c4aa380cf905334a,001387.SZ,雪祺电气,2024-06-15,10,2.367185592651367,0,5406,0.00023482094
5ed22b5e157cd8f3cb9f8eec,301458.SZ,钧崴电子,2024-06-15,7,2.2616782188415527,0,5406,0.00017751241
b728d21cd9318eb365b1cadf,301585.SZ,蓝宇股份,2024-06-15,6,1.3577467203140259,0,5406,0.00015453219
1960328fa641d0e5f3682fa3,301590.SZ,优优绿能,2024-06-15,2,1.1476061344146729,0,5406,0.00013684851
747e83c8ba99340f91192941,301595.SZ,太力科技,2024-06-15,6,1.0747747421264648,0,5406,0.00013618283
52d8698d3c91217fbc078abb,301613.SZ,新铝时代,2024-06-15,11,2.890761375427246,0,5406,0.00022572013
89da86260ca113f7901a009f,601033.SH,永兴股份,2024-06-15,6,2.008571147918701,0,5406,0.00018500537
dab97e6acf94b808bfc9e2dc,603062.SH,麦加芯彩,2024-06-15,1,0.40468284487724304,0,5406,9.443643e-05
cd2d4d314242f7897db85605,603091.SH,众鑫股份,2024-06-15,7,2.3431804180145264,0,5406,0.0002054535
0432e1e12ea5384b88a80161,688347.SH,华虹公司,2024-06-30,7,1.9764395952224731,0,5406,0.00016776274
b11ebee549ca3112ce422497,688449.SH,联芸科技,2024-03-25,6,1.4023523330688477,0,5406,0.00018726921
c0a082ee99979712daec9603,688530.SH,欧莱新材,2024-06-15,10,3.0496020317077637,0,5406,0.00023175884
c3973d8c955b1b01634aab45,688548.SH,广钢气体,2024-06-30,7,1.862062931060791,0,5406,0.00018649493
4561e8a39e877ecd8b1b254c,688652.SH,京仪装备,2024-03-25,5,1.1218328475952148,0,5406,0.0001301608
4349cefcd62f78ab0c526d8f,688653.SH,康希通信,2024-06-15,8,3.8736331462860107,0,5406,0.00026062786
d5c1f5e081c84ebe98030924,688691.SH,灿芯股份,2024-06-30,1,0.8257165551185608,0,5406,0.00012735197
24fde65b3df27708aebd66db,688710.SH,益诺思,2024-06-15,2,0.9114826917648315,0,5406,0.00010957179
b62b4a5e6f47047e0373f4fe,688719.SH,爱科赛博,2024-03-25,9,3.163053512573242,0,5406,0.0002469765
75a99cba8094acb12cd98148,688720.SH,艾森股份,2024-06-15,7,1.8146824836730957,0,5406,0.00016646263
09eb3429b20f9e4c1cd53312,688758.SH,赛分科技,2024-06-15,7,2.4342596530914307,0,5406,0.00025162738
024fd80278c12c1c0684a018,688765.SH,禾元生物-U,2024-06-15,4,1.0989785194396973,0,5406,0.00013754504
9ec3d87403565ebb5b4a14ff,920006.BJ,晟楠科技,2024-06-15,6,1.2936182022094727,0,5406,0.00013235438
16ffb42eeccd81ffdc587eea,920016.BJ,中草香料,2024-06-15,6,1.5768412351608276,0,5406,0.00017198545
33a00aebe9f1ba66e5ed562c,920099.BJ,瑞华技术,2024-06-15,4,0.800000011920929,21,24,0.00013315503
80c5dc14c8dfbe5d89b32eb9,920175.BJ,东方碳素,2024-06-15,10,2.7215306758880615,0,5406,0.0002183965
98a4904726e4702d76e1df0d,920274.BJ,宏裕包材,2024-06-15,9,1.4327774047851562,0,5406,0.00014439125
3dbf7b1cce5c084398b5adef,920284.BJ,灵鸽科技,2024-06-15,3,1.2192909717559814,0,5406,0.00015470681
fd42a2e253e18065e9af0e91,920304.BJ,迪尔化工,2024-06-15,6,1.6466443538665771,0,5406,0.0001685921
e1c08f8fbd3ed3f1100041ba,920375.BJ,派诺科技,2024-06-15,12,3.023744821548462,0,5406,0.0002514946
7311ab813e2ce79c8432ca8c,920438.BJ,戈碧迦,2024-04-05,4,1.2184102535247803,0,5406,0.00011420128
18011b56b77c514ed2bfe759,920469.BJ,富恒新材,2024-03-15,12,4.178614139556885,0,5406,0.00032899517
908e101d96f645f476db2673,920496.BJ,许昌智能,2024-03-25,5,1.4100618362426758,0,5406,0.00012471447
2733215e166f4a5a80f78767,920504.BJ,博迅生物,2024-04-05,7,2.414395332336426,0,5406,0.00018032128
3426be95b720b8c232b432d9,920519.BJ,万德股份,2024-06-15,8,2.084031343460083,0,5406,0.00021147805
6a79ecf4c54df8b939eb5642,920576.BJ,天力复合,2024-03-20,10,2.549530506134033,0,5406,0.00022680622
707f8d53ab3564bcaa46e98c,920578.BJ,巨能股份,2024-06-15,12,2.9244658946990967,0,5406,0.0002567432
8d774f921101ec26a8957618,920593.BJ,鼎智科技,2024-06-15,11,3.078019857406616,0,5406,0.00025392513
2f7e28bbd911923c5e60fe0d,920651.BJ,天罡股份,2024-06-15,3,0.3886728286743164,0,5406,6.5863795e-05
8cdb91d9575059dc682b634e,920699.BJ,海达尔,2024-04-05,8,1.6036934852600098,0,5406,0.00015462909
27b6ef8fffd343d156e0d578,920701.BJ,豪声电子,2024-06-15,6,1.2846386432647705,0,5406,0.00012240774
842d1619df5eb9ea00baa907,920717.BJ,瑞星股份,2024-06-15,10,3.1196184158325195,0,5406,0.00024026865
afe8cde0a83243b87a21f7fe,920719.BJ,宁新新材,2024-06-15,10,1.890479564666748,0,5406,0.00016298237
f881094f2c3cd334b5b314fb,920751.BJ,惠同新材,2024-06-15,9,2.458494186401367,0,5406,0.00021532126
7a96d43df26c2f88b4e1033b,920809.BJ,安达科技,2024-06-15,7,2.2282485961914062,0,5406,0.00017433948
b303ac82132b9135e892de9a,920896.BJ,旺成科技,2024-03-25,4,1.2181336879730225,0,5406,0.00013161826
3d44bbdefd8e918cdb2e8182,920926.BJ,鸿智科技,2024-03-25,4,0.5948464274406433,0,5406,9.122373e-05
dea0b1cbe86f2b4b48ee13db,920953.BJ,国子软件,2024-06-15,6,1.6572922468185425,0,5406,0.00014893677
ba54cdc733dae2c902a010fc,920976.BJ,视声智能,2024-03-15,3,1.0963929891586304,0,5406,0.00014696622
8cb14dba4c72bff617618e06,920978.BJ,开特股份,2024-06-15,8,2.052133083343506,0,5406,0.00019441883
ab9fc8815f5c57fa84a19228,001233.SZ,海安集团,2024-06-15,8,2.5254263877868652,0,5406,0.00022747424
94b52ea46bca1dd4dd368f4a,001325.SZ,元创股份,2024-06-15,7,2.117288112640381,0,5406,0.00021772324
35c013b12d63292e0c15379e,001382.SZ,新亚电缆,2024-06-15,9,2.568740129470825,0,5406,0.00024776152
28840dae7cc87e25049c55c0,001391.SZ,国货航,2024-06-15,6,1.4401874542236328,0,5406,0.00013770693
10e0cc01d8564e54ad3470d7,001396.SZ,誉帆科技,2024-06-15,8,1.648589849472046,0,5406,0.00015171371
bebbee7854f2fdb49a0fa814,301173.SZ,毓恬冠佳,2024-06-30,5,1.080499529838562,0,5406,0.00011747072
7852b1809ed6214d55a19d0f,301479.SZ,弘景光电,2024-06-15,7,3.5467395782470703,0,5406,0.00024504546
428e96b3ac7956bab1860cdb,301581.SZ,黄山谷捷,2024-06-15,8,2.818093776702881,0,5406,0.0002261396
460272d39582a1dd56c5ef8d,301633.SZ,港迪技术,2024-04-05,4,0.760184645652771,0,5406,0.0001096145
f3796bc4a823c6a6ca0160da,301636.SZ,泽润新能,2024-04-05,8,2.746863603591919,21,24,0.00030828483
9578c71a22d87773851080b6,301668.SZ,昊创瑞通,2024-06-15,8,1.399999976158142,21,24,0.00019867557
0f790ece4a524dd54d600da8,601026.SH,道生天合,2024-06-15,6,1.5519721508026123,0,5406,0.00016437027
b165b36b7f4b01c6ff653a48,601083.SH,锦江航运,2024-06-15,9,3.288695812225342,0,5406,0.00026587644
9ecd5216dbeb485e2a719608,603049.SH,中策橡胶,2024-03-25,7,2.5643863677978516,0,5406,0.00023440999
1eae0d57c8e5a5fbe1ff7aa4,603210.SH,泰鸿万立,2024-06-28,5,0.7389105558395386,0,5406,9.3618604e-05
161762350d84702ed909c736,603248.SH,锡华科技,2024-06-15,9,2.2998437881469727,0,5406,0.00018803995
b544165db778fa2f47d87ef4,603262.SH,技源集团,2024-06-15,8,3.024625301361084,0,5406,0.00024158954
ba2fe248af9a1a3a8d24a630,603312.SH,西典新能,2024-06-30,5,0.8636690378189087,0,5406,0.00012205418
64fd96d128c6d20ebe46846d,603334.SH,丰倍生物,2024-06-15,0,0.0,67,1,2.7262813e-05
40d6f621f005ea9dff0ae9be,603341.SH,龙旗科技,2024-04-05,9,1.7028836011886597,0,5406,0.00020051275
5df9974b58e1c009c0769865,603370.SH,华新精科,2024-06-15,10,2.6736743450164795,0,5406,0.00022395203
10ec283982b95ed4456841f0,603376.SH,大明电子,2024-06-15,12,2.5566627979278564,0,5406,0.00022083674
fd0faac9a218d8d1d267267b,603381.SH,永臻股份,2024-06-15,4,0.8155205249786377,0,5406,9.312599e-05
1d3e71b97a903047e35f14aa,603400.SH,华之杰,2024-06-15,10,2.9765186309814453,0,5406,0.00025102266
f5ba4e8c18bf749c080ccc98,603406.SH,天富龙,2024-06-15,4,0.7090264558792114,0,5406,7.804857e-05
f3bc6a77bc41e854b9c35879,603409.SH,汇通控股,2024-06-15,4,0.8443238139152527,0,5406,8.542593e-05
b7b8c90dd7239f55548b58ce,688411.SH,海博思创,2024-06-30,6,0.8032534122467041,0,5406,0.000118729324
7a106827ca266e9732916801,688545.SH,兴福电子,2024-06-15,6,2.8860533237457275,0,5406,0.00022093898
183cead8240aeb6fdf29ad9f,688583.SH,思看科技,2024-06-15,7,1.3169217109680176,0,5406,0.00017807836
6bf1ef73a8ccdb0c76bc3981,688605.SH,先锋精科,2024-06-15,7,3.060330629348755,0,5406,0.00021894985
b53b5feabd14233df80d9ac6,688721.SH,龙图光罩,2024-06-30,9,2.2905120849609375,0,5406,0.00017803298
da49a01559d44013b17e262a,688726.SH,拉普拉斯,2024-06-15,8,4.026608943939209,0,5406,0.00027568356
0dc8870930d6104eec3eedbe,688757.SH,胜科纳米,2024-06-15,1,0.14703191816806793,0,5406,4.1232837e-05
ce3371cbd90056bbc900a3d5,688796.SH,百奥赛图,2024-06-15,5,2.2161505222320557,0,5406,0.0002326015
f7504328202309aec7f9b64c,920029.BJ,开发科技,2024-06-15,2,0.8999999761581421,21,24,0.00012513943
18e026e4386a2307b362d285,920060.BJ,万源通,2024-04-05,8,1.0743646621704102,0,5406,0.000119431876
1fd836fcacfc430bec55eb63,920061.BJ,西磁科技,2024-04-05,8,2.9324145317077637,0,5406,0.00021039574
46175de5c59be194e665cab1,920091.BJ,大鹏工业,2024-06-15,4,0.800000011920929,21,24,0.00013315503
98a5f1322222544cd64dca68,920132.BJ,泰鹏智能,2024-06-15,2,0.2592657804489136,0,5406,5.0305465e-05
d0100e757ad68ec4731b0c03,920363.BJ,莱赛激光,2024-06-15,4,0.5022020936012268,0,5406,7.477448e-05
646573a63f35e564eef4308d,920403.BJ,康农种业,2024-06-15,8,3.5117568969726562,0,5406,0.0002209217
54893ea78f72955fe45b57bb,920522.BJ,纳科诺尔,2024-06-15,8,2.278646230697632,0,5406,0.00020418892
83d8b222e25f749dcc3398eb,920547.BJ,无锡晶海,2024-06-15,4,0.8535629510879517,0,5406,0.00010040296
ed47129067d86854841a8ea9,920570.BJ,坤博精工,2024-06-15,13,2.6409382820129395,0,5406,0.0002137645
0456efc802b741dbf9a41c3c,920656.BJ,海昇药业,2024-04-05,8,2.908205032348633,0,5406,0.0002548449
13db752a4c822f532e62229c,920665.BJ,科强股份,2024-06-15,13,3.7423911094665527,0,5406,0.0003392939
5b66b32b2a826c7e78d42cd3,920679.BJ,前进科技,2024-04-05,7,2.0762054920196533,0,5406,0.00024741035
87dd1830c48a8f3774e95671,920690.BJ,捷众科技,2024-06-15,10,3.308703660964966,0,5406,0.00025556242
a18feafa0e7bd3c907c22615,920693.BJ,阿为特,2024-06-15,5,0.6158661842346191,0,5406,7.89502e-05
7b8c5ba5e2664e88be820e19,920703.BJ,广厦环能,2024-06-15,7,2.3166871070861816,0,5406,0.00023042821
f2df6355a39f3e4f991f0101,001280.SZ,中国铀业,2024-06-30,1,0.16218207776546478,0,5406,5.9889775e-05
bddfca9e6befb99ba66dfa4a,001285.SZ,瑞立科密,2024-06-15,4,0.7806082963943481,0,5406,9.2473245e-05
cf63dd1ea723a1e68c2bf0ff,301275.SZ,汉朔科技,2024-06-15,2,0.2896207273006439,0,5406,6.51495e-05
09a1edc785cb67e2aeea39c2,301449.SZ,天溯计量,2024-06-15,6,1.965770959854126,0,5406,0.00018942861
484fc8f074b1aaddee90a089,301491.SZ,汉桑科技,2024-06-28,6,1.261777400970459,0,5406,0.00013405072
d79b22bf28f237641c029799,301609.SZ,山大电力,2024-04-05,3,1.20307457447052,0,5406,0.00010958279
fc8bd255ccbfbb9aed1cdad9,301667.SZ,纳百川,2024-06-15,10,2.5494844913482666,0,5406,0.00021321994
bb633eaedc982b3c6ff658ac,301687.SZ,新广益,2024-04-05,10,2.3587632179260254,0,5406,0.00020087988
5ff6fc0bc6d07a8c9d078d0b,603175.SH,超颖电子,2024-06-15,3,1.2989189624786377,0,5406,0.0001366709
9717ed83084093056d1d4c3f,603202.SH,天有为,2024-06-15,10,4.006096839904785,0,5406,0.00030687844
3d00571487de6ff9dae96bae,603382.SH,海阳科技,2024-06-15,10,2.7378928661346436,0,5406,0.00020822296
6932ae72662156faef217480,688727.SH,恒坤新材,2024-06-15,10,2.4298746585845947,0,5406,0.00019242469
ae7dbe0c6e50648c22447d43,688750.SH,金天钛业,2024-06-15,11,3.2981908321380615,0,5406,0.00025551417
58974ff21d643c0a0ac489d7,688755.SH,汉邦科技,2024-06-15,5,1.907679557800293,0,5406,0.00019273322
d12eb11e603f6a85bd0eded4,688809.SH,强一股份,2024-06-15,5,0.7478505373001099,21,24,0.00011079409
03be040e15c19d41c4789071,920002.BJ,万达轴承,2024-03-15,5,0.597641110420227,0,5406,8.683788e-05
d0bd00a86ede52267f5025cf,920003.BJ,中诚咨询,2024-06-15,7,2.543961763381958,0,5406,0.00020468171
c87a8ed32f0f26fb27e71655,920007.BJ,酉立智能,2024-06-15,5,1.9499707221984863,21,24,0.00021887629
97c808d1ba2c4a54e89e9095,920008.BJ,成电光信,2024-06-15,8,3.81774640083313,0,5406,0.00026201794
8a4f7de8f1dbba45b2e3693e,920009.BJ,丹娜生物,2024-06-15,10,2.0885934829711914,0,5406,0.00019636856
6cf606c6b981dcce2cc42541,920015.BJ,锦华新材,2024-06-15,8,2.3675649166107178,0,5406,0.00021478771
c80ed70fce8c75339809b9f3,920018.BJ,宏远股份,2024-06-15,6,1.5744102001190186,0,5406,0.00016462801
343c8bcbc7ea5455be72059f,920019.BJ,铜冠矿建,2024-06-15,3,0.7343750596046448,0,5406,0.00015253405
6f2d9ecfe19706b9f9bee997,920022.BJ,世昌股份,2024-03-15,7,1.22954523563385,0,5406,0.00010120457
3273e5d63bed3ad3248d56e0,920026.BJ,卓兆点胶,2024-06-15,9,1.5199787616729736,0,5406,0.00015478842
5200c79b9c2105d7d85f9a90,920027.BJ,交大铁发,2024-06-15,9,3.918686628341675,0,5406,0.0002731383
32e2f22ad4a4673bec56fab7,920035.BJ,精创电气,2024-06-15,6,1.2105399370193481,0,5406,0.00016139094
727e7672e2c0af7cc70ff8f3,920037.BJ,广信科技,2024-06-15,8,2.904284954071045,0,5406,0.00020569013
62acd10aed862cb20e32d3f9,920045.BJ,蘅东光,2024-06-15,9,2.549570083618164,21,24,0.00028975753
8634093808c9c75fd34bf132,920050.BJ,爱舍伦,2024-06-15,5,2.0937271118164062,21,24,0.00024937623
a7a613fa4002dd9d1fa88e73,920056.BJ,能之光,2024-06-15,10,1.7093430757522583,0,5406,0.00015996094
76cc04d4e060e4b1e365f630,920066.BJ,科拜尔,2024-04-05,13,3.1637377738952637,0,5406,0.00027546368
d3f6749427e6c9bb6b82648d,920068.BJ,天工股份,2024-06-15,7,2.072704315185547,0,5406,0.00017849448
61172e76ebc5ea831dc27b50,920080.BJ,奥美森,2024-06-15,7,1.108762502670288,0,5406,0.00012777245
352e5de9d77f4715bc2891d1,920082.BJ,方正阀门,2024-06-15,12,3.9994287490844727,0,5406,0.00035992486
2ec46073f95719777b626b04,920088.BJ,科力股份,2024-06-15,7,1.090592384338379,0,5406,0.00014008801
1fd0ae680a6c21d55dc832b3,920098.BJ,科隆新材,2024-06-15,6,1.1536238193511963,0,5406,0.00015652024
233d412344c73cc19d39dad0,920100.BJ,三协电机,2024-06-15,6,0.9265216588973999,0,5406,9.971838e-05
a3bf745fc74cce07b9227644,920101.BJ,志高机械,2024-06-15,14,2.455557107925415,0,5406,0.0002477176
5f26206752b0472d9b71512f,920108.BJ,宏海科技,2024-06-15,1,0.14686352014541626,21,24,4.2131338e-05
a839d02289061466c8eae2ac,920111.BJ,聚星科技,2024-06-15,9,1.549570083618164,21,24,0.0002215263
74b7044aaf933be936b170b0,920112.BJ,巴兰仕,2024-06-15,2,0.28055357933044434,0,5406,5.6986573e-05
a090bb014c13d78b27681aeb,920116.BJ,星图测控,2024-06-15,8,2.6223034858703613,0,5406,0.0002536866
378578f3b6f9c3ccc79af5d1,920118.BJ,太湖远大,2024-06-15,6,1.9287973642349243,0,5406,0.00017137802
fb05ad7066051e451cc10e11,920123.BJ,芭薇股份,2024-06-15,2,0.26978522539138794,0,5406,7.914183e-05
c7998dd25459f62561cc68cc,920128.BJ,胜业电气,2024-06-15,10,2.8777694702148438,0,5406,0.0002826659
2eb523ea37204cfd6f5042f4,920706.BJ,铁拓机械,2024-06-15,6,1.1694908142089844,0,5406,0.00016667365
3dd5a7e575e8b1933d353dcc,920806.BJ,云星宇,2024-06-30,9,2.180424451828003,0,5406,0.0002113216
4dd4f258f23b1cfe8ec04e1b,920833.BJ,美心翼申,2024-04-05,5,1.110647201538086,0,5406,0.0001205613
4537c6ddc8ab933ef7d69d46,920931.BJ,无锡鼎邦,2024-04-05,7,1.8985521793365479,0,5406,0.00018523997
b6c677570f3986603a54a5b2,001220.SZ,世盟股份,2024-06-30,5,2.8398823738098145,0,5406,0.00024504907
bc33aabb6581fbe17dbe2619,001257.SZ,盛龙股份,2026-04-15,6,1.0941073894500732,0,5406,0.00010193742
bb4d44ac6aa2e8420b0f6eda,301638.SZ,南网数字,2024-03-15,9,2.328017234802246,0,5406,0.00018184214
3c17c6d371032691d71faadc,301656.SZ,联合动力,2024-06-15,7,2.36448073387146,0,5406,0.00023992085
f9ae6923c14804f30b925f0b,301680.SZ,固德电材,2024-04-05,10,2.692108631134033,0,5406,0.00021302914
295db1429d8fb568392dfb35,301682.SZ,宏明电子,2026-04-15,7,2.6493868827819824,0,5406,0.00019507833
51ccf6b0aa21ce1f1188b2fa,301683.SZ,慧谷新材,2026-04-15,8,2.208557367324829,0,5406,0.00018263493
5dab393b61292885fff5fed4,301696.SZ,C三瑞,2026-04-15,0,0.0,68,1,2.7262813e-05
dcdea933d860c2af4e1a065e,601112.SH,振石股份,2024-06-15,7,2.5132741928100586,0,5406,0.00020198232
e62ced8528672039e1e1144f,603014.SH,威高血净,2024-06-15,8,2.532179355621338,0,5406,0.00023570916
256a19b343ed5ec44870fc15,603092.SH,德力佳,2024-06-15,5,1.4284931421279907,0,5406,0.00014313175
9b9ebaa00a736ffa06a8a566,603284.SH,林平发展,2024-06-15,4,0.800000011920929,21,24,0.00011346358
d864f49b583b68c649ab7600,603352.SH,至信股份,2024-06-15,11,2.2822763919830322,0,5406,0.00020324929
2397940cda521084417a10a6,603459.SH,C红板,2026-04-15,10,3.2594666481018066,0,5406,0.00025013258
32f6637641d7fe729adf65ed,688712.SH,北芯生命-U,2024-03-15,6,1.1555814743041992,0,5406,0.00011368042
be0c8f6b8ef833556d456a4a,688781.SH,视涯科技-UW,2026-04-15,3,0.6435171961784363,0,5406,7.96195e-05
85505f16a1606b90a20e82ab,688783.SH,西安奕斯伟材料技术股份有限公司,2024-06-15,8,3.781036376953125,0,5406,0.00024857864
12d1d57a0f0cf10f3952293e,688785.SH,恒运昌,2024-04-05,4,1.7999999523162842,21,24,0.00022667818
e0a44fe783b225498e3c14e0,688790.SH,昂瑞微-UW,2024-06-30,7,3.0895302295684814,0,5406,0.00021001326
b49160cfabbc2091749e6ebf,688795.SH,摩尔线程-U,2024-04-05,6,2.8993287086486816,0,5406,0.0002577445
8c76b8083c7829028243ea78,688802.SH,沐曦股份-U,2024-06-15,5,2.812767505645752,0,5406,0.00024489255
3fc2db93967fe0d5fe97f963,688805.SH,健信超导,2024-06-15,3,0.6090420484542847,0,5406,0.00011391563
4c2ec480864703597b62db26,688807.SH,优迅股份,2024-03-25,8,2.94846773147583,0,5406,0.00020259774
ea94718ee354f46cd6e40f2c,688813.SH,泰金新能,2026-04-15,5,1.128442645072937,0,5406,0.00011415304
ab2290d7d892ba9c4631b314,688816.SH,易思维,2024-03-15,2,0.3068702518939972,0,5406,5.4191998e-05
6cb8bc5a09e6d2da17a8b706,688818.SH,电科蓝天,2024-06-15,6,1.6604818105697632,0,5406,0.00015506924
4d88a12ef9e67b4c46d1e1fe,920005.BJ,鼎佳精密,2024-06-15,13,4.435809135437012,0,5406,0.00032916333
04bf6a4471eacd466f3de419,920011.BJ,晨光电机,2026-04-15,7,1.8681153059005737,0,5406,0.0001714439
cdb0342fc2a76c0bee23e758,920020.BJ,泰凯英,2024-06-15,1,0.08318376541137695,0,5406,4.3390737e-05
2e14dc44e13367da72949b30,920028.BJ,新恒泰,2026-04-15,8,1.6418830156326294,0,5406,0.0001649841
a05777d00f9a8732655c9858,920036.BJ,觅睿科技,2024-06-15,8,2.048377752304077,0,5406,0.00019682421
abd5a8931062ea5551ef8a4e,920055.BJ,隆源股份,2026-04-15,11,3.1093826293945312,0,5406,0.00023601884
9356bf29bc14308c7fd10900,920069.BJ,普昂医疗,2026-04-15,13,3.1506898403167725,0,5406,0.0002532227
6fa501f400f9d03ed1b830c1,920076.BJ,国亮新材,2024-06-15,7,3.5132930278778076,0,5406,0.00023240525
4f1f8de728b12eb39a5a438a,920078.BJ,族兴新材,2026-04-15,8,1.9976564645767212,0,5406,0.00017674481
83134a8949a759dcf10f7299,920086.BJ,科马材料,2024-04-05,5,1.3234403133392334,0,5406,0.000120544355
fbb0d090bda2eedc11d074f4,920106.BJ,林泰新材,2024-04-05,11,3.339590549468994,0,5406,0.0002670485
fd00d3e0b084f7354aafc7b2,920119.BJ,美德乐,2024-06-15,2,0.5564191341400146,0,5406,8.338403e-05
68d65475f939c8bfa116c0e9,920121.BJ,江天科技,2024-06-15,8,1.429934024810791,0,5406,0.0001465397
f9ce5437f29cddfd62eb5328,920124.BJ,南特科技,2024-06-15,5,2.52378249168396,0,5406,0.00019748903
866c2787d219ee3337b6027c,920158.BJ,长江能科,2024-06-15,10,2.673217296600342,0,5406,0.00021320902
ad2317a1c93f0bff73f7a837,920159.BJ,农大科技,2024-06-15,3,1.0860159397125244,0,5406,0.00013571135
00fd4217d7202554dfc27e1f,920160.BJ,北矿检测,2024-06-15,9,1.2550958395004272,0,5406,0.00016054382
75a65b2c97e8ca9c659a5d16,920166.BJ,海圣医疗,2024-06-15,8,1.9472838640213013,0,5406,0.00018842716
7c67b40bfc8b40bcb62d88ed,920168.BJ,通宝光电,2024-04-05,4,1.636522650718689,0,5406,0.00016103625
72c0d3dc074534a649db1624,920180.BJ,爱得科技,2024-06-15,8,2.4350647926330566,0,5406,0.00021873356
75f93d11e607597b1860ed42,920181.BJ,N赛英,2026-04-15,6,1.8876368999481201,0,5406,0.00015903449
d91dd4e2e659e51413d89f10,920183.BJ,海菲曼,2024-06-15,4,1.188845157623291,0,5406,0.0001915748
e9fb1ea2bc494ece03409341,920187.BJ,通领科技,2024-06-15,6,1.0727860927581787,0,5406,0.00016195953
179a7524da425b5d07deb0eb,920188.BJ,悦龙科技,2026-04-15,6,1.3964152336120605,0,5406,0.00014994657
deac20ec0b8319ca764b0070,688811.SH,N有研,2026-04-15,8,2.0029563903808594,0,5406,0.00016035482
793aaed4758cf706052cc301,920012.BJ,创达新材,2026-04-15,8,2.0839388370513916,0,5406,0.00017373853
