record_id,stock_code,stock_name,asof_date,proto_0,proto_1,proto_2,proto_3,proto_4,proto_5,top_proto_id,top_proto_score
f28b37e410e91cba67ee44b2,000001.SZ,平安银行,2024-06-30,-0.19636893,0.38469958,-0.24043721,0.03335812,-0.3187756,0.13941938,1,0.38469958305358887
2dea52419497494e3eef3e55,000002.SZ,万科Ａ,2024-06-30,-0.19592415,0.33171085,-0.21105443,-0.009215499,-0.2853812,0.16754107,1,0.3317108452320099
af5793e2de7f474fa97a1423,000004.SZ,*ST国华,2024-06-30,-0.18293431,0.47841752,-0.43880785,-0.040584095,-0.20625912,0.102528356,1,0.4784175157546997
8014f5f3c51ecc864f8fc328,000006.SZ,深振业Ａ,2024-06-30,-0.1265229,0.18744054,-0.15275949,-0.015456025,-0.19937089,0.76289725,5,0.762897253036499
9099af5cfd533c6f9f238f86,000007.SZ,全新好,2024-06-30,-0.11903845,0.14217448,-0.08274494,0.0109469015,-0.17292367,0.07058232,1,0.14217448234558105
f03aa6d63a6fc2477cbd9a34,000008.SZ,神州高铁,2024-06-30,-0.015767783,0.32461706,-0.28482145,-0.12365398,-0.085930966,0.049028933,1,0.32461705803871155
1c905394b642b4e24793dbd8,000009.SZ,中国宝安,2024-06-30,0.55613434,-0.46373364,0.34877074,-0.19013882,0.3085653,-0.1378651,0,0.5561343431472778
8951c0aca9ea44f6e3e115d3,000010.SZ,美丽生态,2024-06-30,-0.22978082,0.50547856,-0.24968243,-0.06620256,-0.4093049,0.19047982,1,0.50547856092453
73448fc77cdaef5b4bd5edea,000011.SZ,深物业A,2024-06-30,-0.13602522,0.27622825,-0.18941198,-0.020397644,-0.22226898,0.12875284,1,0.27622824907302856
7fff06a537b980155f908aee,000012.SZ,南玻Ａ,2024-06-15,0.078249946,-0.20201279,0.20314737,-0.08432226,0.13659528,-0.05815951,2,0.20314736664295197
c4000ab4c04b96032aae4c38,000014.SZ,沙河股份,2024-06-30,-0.18876484,0.28734112,-0.17516354,-0.0060443264,-0.26657066,0.15888909,1,0.2873411178588867
cee56bdafbd718ee6c9d66ef,000016.SZ,深康佳Ａ,2024-06-30,0.005974736,0.08148232,-0.08338039,-0.1220001,0.037167102,0.08464645,5,0.08464644849300385
01d4957b819702b93ff9fc8f,000017.SZ,深中华A,2024-06-30,-0.09418673,0.045693725,0.03401931,0.05074894,-0.09330358,0.041503582,3,0.05074894055724144
0425a3501cc2040d1d44f3ee,000019.SZ,深粮控股,2024-06-30,-0.17274456,0.21474972,-0.08038911,0.14979206,-0.31121603,0.107311,1,0.21474972367286682
d816eeb452973f29dbef96b8,000020.SZ,深华发Ａ,2024-06-30,0.065219715,-0.31390086,0.12757966,-0.19869769,0.41632897,-0.07905029,4,0.41632896661758423
4ed57bef3ad34c62da495c38,000021.SZ,深科技,2024-06-30,0.17746522,-0.33416373,-0.013144419,-0.21977949,0.6136783,-0.16784187,4,0.6136782765388489
2dabeea54e4560da2868e7d6,000025.SZ,特力Ａ,2024-06-15,-0.13777414,0.23061042,-0.14104217,0.0040768953,-0.19684958,0.09492534,1,0.2306104153394699
b10893ad8eccee6d9dc0e1d7,000026.SZ,飞亚达,2024-06-30,0.011071475,0.0024726018,-0.034248717,-0.09582232,0.1157766,-0.019429643,4,0.11577659845352173
4b435def86626774d67aa49b,000027.SZ,深圳能源,2024-06-15,-0.10118405,0.33629102,-0.18706128,-0.08273106,-0.27212384,0.13086751,1,0.33629101514816284
a8d7456c4394390460df0144,000028.SZ,国药一致,2024-06-30,-0.25747797,0.34322673,-0.24218085,0.1895815,-0.34979498,0.1415653,1,0.34322673082351685
8438101de2099c12a07a9f2a,000029.SZ,深深房Ａ,2024-06-30,-0.13091047,0.18486139,-0.1476608,-0.014149787,-0.19840801,0.76245296,5,0.7624529600143433
6396be9ae4c1dbf1bfcda3e3,000030.SZ,富奥股份,2024-06-15,0.1426838,-0.15502757,-0.023150368,-0.20848332,0.3184429,-0.05074736,4,0.3184429109096527
004d46b929a97f9ea5dd2310,000031.SZ,大悦城,2024-06-30,-0.22311625,0.3301614,-0.20338601,0.03778707,-0.3048997,0.1643793,1,0.3301613926887512
a059a4ca774761098dd3aec9,000032.SZ,深桑达Ａ,2024-06-30,-0.098686814,0.42932415,-0.37439266,-0.031741012,-0.17316158,0.08897683,1,0.4293241500854492
2429bea8707227689c177727,000034.SZ,神州数码,2024-06-15,-0.11654736,0.4443529,-0.43304184,0.003403537,-0.16251723,0.18715549,1,0.4443528950214386
e7af61ccba63514386e9a3d3,000035.SZ,中国天楹,2024-06-15,-0.1690807,0.45257634,-0.1441252,-0.068139486,-0.43077943,0.17746821,1,0.45257633924484253
b74a87fbb445abd5519838fe,000036.SZ,华联控股,2024-06-30,-0.12631366,0.1727024,-0.12467,0.0058633517,-0.17242767,0.32160625,5,0.32160624861717224
a5cf3af142151cc0d6a88dcc,000037.SZ,深南电A,2024-06-15,-0.08200818,0.27476045,-0.15324473,-0.059254233,-0.2483377,0.10553973,1,0.2747604548931122
b1c51d31820773d9d0073b59,000039.SZ,中集集团,2024-06-30,0.09617026,0.031017533,-0.009371765,-0.13204241,0.04307256,-0.0057959436,0,0.09617026150226593
013686ebd976fb96726960ec,000042.SZ,中洲控股,2024-06-15,-0.1855535,0.2886997,-0.18035275,0.020013964,-0.27909005,0.20935482,1,0.2886996865272522
49e3c868855faabf94ebb783,000045.SZ,深纺织Ａ,2024-06-30,0.16331065,-0.51434004,0.2860538,-0.16203958,0.5654975,-0.20415421,4,0.5654975175857544
d437e449ce3a91702d538b6c,000048.SZ,京基智农,2024-06-30,-0.18411447,0.19429016,-0.0622244,0.19797584,-0.31393063,0.11446816,3,0.19797584414482117
981beb9c3d076ece4bd9c611,000049.SZ,德赛电池,2024-06-15,0.47928968,-0.121647075,-0.12647879,-0.24853124,0.28244817,-0.026800063,0,0.4792896807193756
a9eaac431311ea76ec7a8fc4,000050.SZ,深天马Ａ,2024-06-30,0.15579236,-0.36763912,0.029916912,-0.2063994,0.6269405,-0.1847417,4,0.6269404888153076
6c9cca62d2760214c358f513,000055.SZ,方大集团,2024-06-30,0.077236265,0.005885885,0.039623402,-0.1805636,0.05472713,0.020778388,0,0.07723626494407654
d4eccac1653566b95e625214,000056.SZ,皇庭国际,2024-06-30,-0.02594136,0.07840871,-0.1035606,-0.06729906,-0.011816546,0.06021054,1,0.07840871065855026
be141ee74b2b80d2ab3b378d,000058.SZ,深赛格,2024-06-15,-0.058156535,0.11858601,-0.1148641,-0.002652404,-0.06462649,0.048758827,1,0.11858601123094559
b3de9089ee95af61f383da89,000059.SZ,华锦股份,2024-06-30,-0.0345928,-0.0508247,0.16152978,0.025355913,-0.10741204,0.00040823594,2,0.1615297794342041
ceef8a32e1bb95ea958f0704,000060.SZ,中金岭南,2024-06-15,-0.020766439,-0.06967573,0.14473774,-0.038404346,-0.06793806,0.0032510716,2,0.14473773539066315
d6283e40ce5d08573dc073e0,000061.SZ,农产品,2024-06-30,-0.21307363,0.2470135,-0.11692454,0.16236356,-0.3195383,0.12334991,1,0.24701349437236786
c5f4e50e4ff2e7036ef19b28,000062.SZ,深圳华强,2024-06-30,-0.05718741,0.08525528,-0.27169722,-0.0080735255,0.12574692,0.013428736,4,0.1257469207048416
6d9a52dbe4b3afffdaa1a176,000063.SZ,中兴通讯,2024-04-05,0.02440093,0.25187886,-0.30178225,-0.0746651,0.033853993,0.01768148,1,0.25187885761260986
23af6a34cad27f544219f298,000065.SZ,北方国际,2024-06-15,-0.042352825,0.4792328,-0.24666278,-0.15360004,-0.3136938,0.13120385,1,0.4792327880859375
ceb3cc7134dbee14f085beb6,000066.SZ,中国长城,2024-06-30,0.024136089,0.2680271,-0.30795863,-0.089267574,0.02598051,0.0126469005,1,0.26802709698677063
e20819b23a20b4acbeb9eea9,000068.SZ,华控赛格,2024-06-30,-0.10975419,0.41173217,-0.2819567,-0.14846107,-0.20136687,0.10543268,1,0.41173216700553894
0bf2f6a43fbbcd9bd7ab2d12,000069.SZ,华侨城Ａ,2024-06-30,-0.20296368,0.29953966,-0.20244886,0.014322944,-0.26691076,0.19365652,1,0.2995396554470062
8eb63219293d38cd99dba969,000070.SZ,特发信息,2024-06-30,0.08921951,0.19639117,-0.20387372,-0.11620398,0.055963412,0.0024284767,1,0.19639116525650024
978ab717b8258090134d5ac2,000078.SZ,海王生物,2024-06-15,-0.252094,0.27598602,-0.23566718,0.2929323,-0.32687274,0.1239005,3,0.29293230175971985
0036b02d8d18b6b4d2280de6,000088.SZ,盐田港,2024-06-15,-0.11610055,0.20785224,-0.10857758,-0.001085978,-0.19776371,0.07442126,1,0.20785224437713623
53ffed6e67665a80434a1d5b,000089.SZ,深圳机场,2024-06-15,-0.087448925,0.14309946,-0.10000769,-0.0014103325,-0.119945996,0.05640915,1,0.14309945702552795
d4ad04c471d8e0d6b0fcb1d3,000090.SZ,天健集团,2024-06-30,-0.15745889,0.4400134,-0.2546468,-0.05341383,-0.34697926,0.25891876,1,0.44001340866088867
260203de93d7ec8ce6f89cb7,000096.SZ,广聚能源,2024-06-30,-0.07138735,0.11847095,-0.057585783,0.004254693,-0.13558564,0.058133386,1,0.11847095191478729
e6c94ebdb4566358f0f51594,000099.SZ,中信海直,2024-06-30,-0.069085315,0.15457585,-0.116951644,-0.0113508515,-0.115280434,0.05114314,1,0.15457585453987122
4920e247e3238dd106967156,000100.SZ,TCL科技,2024-06-30,0.12145781,-0.33743203,0.050708618,-0.14983228,0.54874176,-0.15842342,4,0.5487417578697205
d5c7ece49ad804e56d17b052,000151.SZ,中成股份,2024-06-30,-0.08384121,0.24610607,-0.13043624,-0.037085764,-0.20747714,0.08739361,1,0.2461060732603073
564e71c8de1d1f55505d9cde,000153.SZ,丰原药业,2024-06-15,-0.22721046,0.017228235,0.0065517407,0.5981766,-0.3087402,0.034869038,3,0.5981765985488892
d78627f4eb38a525ef00c901,000155.SZ,川能动力,2024-06-30,-0.02414658,0.031842373,0.08633122,-0.04591304,-0.14996262,0.026161138,2,0.08633121848106384
caef968484f110dc359f61ed,000156.SZ,华数传媒,2024-06-30,-0.192042,0.37959102,-0.2905782,0.0375371,-0.27677828,0.14116263,1,0.3795910179615021
c88a67b0c0735df4e553106b,000157.SZ,中联重科,2024-06-30,0.087296344,-0.019700106,0.037292268,-0.10219543,0.046901956,-0.02090427,0,0.08729634433984756
10731562c0eaa2580a76dc71,000158.SZ,常山北明,2024-06-30,-0.14434263,0.5187551,-0.41390464,-0.042503502,-0.26420814,0.12566079,1,0.5187550783157349
395b84a26be44b1160c3afd7,000159.SZ,国际实业,2024-06-30,-0.0609223,0.0736803,-0.007723974,0.008979041,-0.12294823,0.03380225,1,0.07368029654026031
f87e43b2acf5e5f8ca2d6af0,000301.SZ,东方盛虹,2024-06-30,0.0068815155,-0.21087058,0.32269675,-0.023523003,-0.019246392,-0.051974997,2,0.3226967453956604
45cde3ec731017cff899260b,000400.SZ,许继电气,2024-06-30,0.46384043,0.13927485,-0.18493824,-0.13603476,-0.00735718,-0.026470037,0,0.46384042501449585
eb2e10165bc1d6c5ddd6eda8,000401.SZ,金隅冀东,2024-06-30,-0.0137713775,-0.01909381,0.14795287,-0.03904818,-0.115567744,0.030666526,2,0.1479528695344925
0ae155369be722bfa117a4d6,000402.SZ,金融街,2024-06-15,-0.2066563,0.3161959,-0.19389577,0.040383175,-0.29395115,0.15522507,1,0.31619590520858765
7313949c2452b9c195d2c218,000403.SZ,派林生物,2024-06-15,-0.1545553,-0.0020243488,-0.008038214,0.4285844,-0.2006772,0.009853344,3,0.42858439683914185
53627ea319ad92f9bbe6eb84,000404.SZ,长虹华意,2024-06-15,0.15785812,-0.23618178,0.21369615,-0.11135103,0.21233451,-0.11114804,2,0.21369615197181702
07b34dcfa6b8257c575ee8c7,000407.SZ,胜利股份,2024-06-30,-0.12422803,0.29285038,-0.102363504,-0.010150848,-0.3101148,0.107795246,1,0.2928503751754761
9af557ec417a7935c16f50e4,000408.SZ,藏格矿业,2024-06-30,-0.04623548,-0.033672746,0.11569432,0.03335639,-0.10655789,0.00571855,2,0.1156943216919899
9647578f27e7cc251add7017,000409.SZ,云鼎科技,2024-06-30,-0.008704608,0.3114389,-0.20314707,-0.073655084,-0.08670292,-0.009520731,1,0.3114388883113861
d39434a849383c2b2c12dd00,000410.SZ,沈阳机床,2024-06-15,0.13114887,-0.19277793,0.071259856,-0.13409287,0.237134,-0.09061363,4,0.23713399469852448
ae6bff60caa558329bcaa389,000411.SZ,英特集团,2024-06-30,-0.25850543,0.3374025,-0.21052334,0.17781483,-0.3656287,0.14493978,1,0.33740249276161194
389832e9603f5ef9eb9d1a2f,000415.SZ,渤海租赁,2024-06-30,-0.11557573,0.22762114,-0.121039875,0.009160699,-0.22543082,0.08257521,1,0.2276211380958557
c0c79068f2ccee237255fa77,000417.SZ,合肥百货,2024-06-15,-0.07637828,0.08832175,-0.049247846,0.021704663,-0.10365921,0.043010212,1,0.088321752846241
850d2616c80b0f6b977a9153,000419.SZ,通程控股,2024-06-30,-0.22486815,0.3516577,-0.21671292,0.046983935,-0.33805376,0.15576808,1,0.3516576886177063
f278b3b9c59d24ce1a93e3e2,000420.SZ,吉林化纤,2024-06-30,-0.03607583,-0.13435057,0.26326588,0.053900395,-0.07964656,-0.010813105,2,0.2632658779621124
63b6eb5bea9052903bb6c85b,000421.SZ,南京公用,2024-06-30,-0.17305209,0.4212674,-0.2202889,-0.06372842,-0.3570656,0.17485653,1,0.42126739025115967
18fe5cc0f9a443d70defaf46,000422.SZ,湖北宜化,2024-06-15,-0.08368109,-0.063135095,0.22728369,0.1201774,-0.1927382,0.013375257,2,0.22728368639945984
fc8c5e76454091b4b0c33802,000423.SZ,东阿阿胶,2024-06-15,-0.26146716,0.10513101,-0.059467148,0.49910995,-0.34121877,0.07493541,3,0.4991099536418915
570ca44ed89f28164e947b23,000425.SZ,徐工机械,2024-06-15,0.1178658,-0.0486835,0.106954694,-0.114719994,0.055804692,-0.02168233,0,0.11786580085754395
3a6697ee5ca0e3cc22170b91,000426.SZ,兴业银锡,2024-06-15,-0.07611203,-0.021296978,0.11269172,0.018316923,-0.11886625,0.01906699,2,0.1126917228102684
73a061105cdbbfc0c826bc28,000428.SZ,华天酒店,2024-06-30,-0.14097802,0.20014782,-0.1109877,0.031649727,-0.21630245,0.0907343,1,0.2001478224992752
a2af15ad9876693b109325ff,000429.SZ,粤高速Ａ,2024-06-30,-0.15969251,0.3075326,-0.21135055,0.0024299938,-0.25858057,0.12460186,1,0.3075326085090637
012452616298dd8d5aefcb55,000430.SZ,ST张家界,2024-06-30,-0.18204322,0.2675097,-0.15732703,0.052715972,-0.27518144,0.112951435,1,0.26750969886779785
ea728a0aefb74a93aa558d7d,000488.SZ,ST晨鸣,2024-06-30,-0.093193285,-0.050603613,0.26310325,0.054125693,-0.18297963,0.025781386,2,0.2631032466888428
deb52299cf1ac589a8ac6af5,000498.SZ,山东路桥,2024-06-30,-0.15884596,0.4279889,-0.1991001,-0.09891136,-0.331569,0.13183598,1,0.4279888868331909
fab0915315ce4c8c99f7cb7f,000501.SZ,武商集团,2024-06-30,-0.24723458,0.3462637,-0.20681958,0.053048585,-0.33951116,0.16787498,1,0.34626370668411255
ad2c8e4f1a267145e64517bd,000503.SZ,国新健康,2024-06-30,-0.18830392,0.5572928,-0.42017362,0.10753244,-0.31036156,0.082250305,1,0.5572928190231323
e107911cfeacb041b60805de,000504.SZ,*ST生物,2024-06-30,-0.23845498,0.2746507,-0.2056942,0.37910536,-0.37943715,0.10925334,3,0.3791053593158722
de545764d46df4aad5b7adbb,000505.SZ,京粮控股,2024-06-30,-0.14807105,0.09395328,-0.011447111,0.19937319,-0.25257802,0.08599524,3,0.19937318563461304
a7608a62c5ae40a3c13d4228,000506.SZ,招金黄金,2024-06-15,-0.09008144,0.03506681,0.06353375,0.036182553,-0.1507822,0.034246806,2,0.06353375315666199
4fece5721c848946ac0067e4,000507.SZ,珠海港,2024-06-30,-0.11578158,0.2452051,-0.07948211,-0.014540973,-0.26348087,0.09152806,1,0.2452051043510437
5f52b21d80b9d46594a1b921,000509.SZ,华塑控股,2024-06-30,-0.08732267,0.16111787,0.019239858,-0.098511495,-0.19809791,0.085488446,1,0.16111786663532257
37a0d05564a58bca77c3faca,000510.SZ,新金路,2024-06-30,-0.0054422664,-0.25102597,0.5593713,0.053706057,-0.12960912,-0.04136033,2,0.559371292591095
fd28837752d2d70f7a885043,000513.SZ,丽珠集团,2024-06-30,-0.23977111,0.054166485,-0.09870251,0.574156,-0.26772055,0.039435342,3,0.5741559863090515
c0e2bf86fa3724bcb03e2c1e,000514.SZ,渝开发,2024-06-30,-0.13578787,0.16012774,-0.117614865,0.0030419575,-0.21170074,0.7334352,5,0.7334352135658264
a8b19304680972aff1a6b4c6,000516.SZ,国际医学,2024-06-30,-0.2533304,0.37440518,-0.31062618,0.2550795,-0.35549533,0.20440365,1,0.374405175447464
66c868e2d15d916338ca375e,000517.SZ,荣安地产,2024-06-30,-0.14031477,0.15682532,-0.11515907,0.028941352,-0.20976385,0.759785,5,0.759784996509552
92d9242bee3fa9a2b22f167b,001872.SZ,招商港口,2024-06-15,-0.113610245,0.22149014,-0.12594144,-0.0023626387,-0.20525311,0.08328553,1,0.22149014472961426
3a2f8096a5f4729474cfbdfa,001914.SZ,招商积余,2024-06-30,-0.13502018,0.2697695,-0.19352064,-0.005149884,-0.20878904,0.12004082,1,0.26976948976516724
9d634e60cb41589098af9cd7,000518.SZ,*ST四环,2024-06-30,-0.12907141,-0.056904223,0.07607663,0.3696527,-0.17725429,0.004603296,3,0.3696526885032654
840f43c6b652c2fff872eeb3,000519.SZ,中兵红箭,2024-06-30,0.15614103,-0.26136196,0.16957682,-0.13636036,0.28907466,-0.13694875,4,0.2890746593475342
2248f31563f75d633dc77a0b,000520.SZ,凤凰航运,2024-06-15,-0.1123318,0.21232542,-0.077981904,-0.0013538254,-0.24510804,0.090465695,1,0.21232542395591736
850dfea08d968e875c0da00f,000521.SZ,长虹美菱,2024-06-30,-0.106131524,0.1191394,-0.09465422,0.06168971,-0.066304505,0.047704924,1,0.1191394031047821
4b699bab5361513466c79b0e,000523.SZ,红棉股份,2024-06-15,-0.0095988065,-0.29569754,0.3057459,0.15593137,0.057809204,-0.054932594,2,0.3057458996772766
42e03807a2454c68fd9dcd8f,000524.SZ,岭南控股,2024-06-30,-0.13366844,0.20288266,-0.13197748,0.024656892,-0.18949449,0.09081687,1,0.20288266241550446
b1503072d008f2f9bb67ab6f,000525.SZ,红太阳,2024-06-15,-0.09991212,-0.06920233,0.20617794,0.3218073,-0.22482833,0.002437587,3,0.32180729508399963
b022e24215aa361548c3f16e,000526.SZ,学大教育,2024-06-30,-0.22987643,0.39340737,-0.25292313,0.041009884,-0.32734737,0.19924219,1,0.3934073746204376
0925266662bd88a988d8669f,000528.SZ,柳工,2024-06-30,0.107512,-0.100867786,0.09503749,-0.09777825,0.084667616,-0.039086044,0,0.10751199722290039
2b88de4e000d2b618de0bb9d,000529.SZ,广弘控股,2024-06-30,-0.2301389,0.23769078,-0.123038046,0.28442773,-0.36970383,0.19481695,3,0.2844277322292328
ba1cf2f34931c4e1b20dc451,000530.SZ,冰山冷热,2024-06-15,0.11045684,-0.13488215,0.08801563,-0.08729694,0.1508919,-0.067920275,4,0.15089190006256104
41236f7f9090ee15486027a3,000531.SZ,穗恒运Ａ,2024-06-30,-0.040822584,0.22689742,-0.06948362,-0.051867243,-0.23041658,0.078590855,1,0.22689741849899292
7da1db71c41accef5fb68e07,000532.SZ,华金资本,2024-06-30,-0.1010791,0.20361865,-0.14292023,0.027441433,-0.17711025,0.07102193,1,0.20361864566802979
d6a5fbc3ef855a8d4a21a685,000533.SZ,顺钠股份,2024-06-15,0.59887874,-0.12857991,0.009590603,-0.1911689,0.14285219,-0.048446257,0,0.5988787412643433
0bec57bd113793c762e252de,000534.SZ,万泽股份,2024-06-30,0.19838731,-0.39358774,0.29650664,-0.041674092,0.2766468,-0.14030224,2,0.2965066432952881
436fd30a621304bbea35640b,000536.SZ,华映科技,2024-06-30,0.07078619,-0.22005764,-0.049897753,-0.1659475,0.44429234,-0.10275855,4,0.4442923367023468
e46638390c5c371c3a7871aa,000537.SZ,绿发电力,2024-06-15,-0.06358116,0.21940066,-0.10870907,-0.064416364,-0.22496498,0.106162675,1,0.21940065920352936
796f38b07f19adfbf3a03bf0,000538.SZ,云南白药,2024-06-15,-0.20130904,0.09985248,-0.048209842,0.267209,-0.25163254,0.060773853,3,0.267208993434906
8f0cfb46b16c2bb54089a989,000539.SZ,粤电力Ａ,2024-06-30,-0.09688225,0.29067394,-0.15091532,-0.046382047,-0.2769227,0.11322458,1,0.2906739413738251
cadb5e79bc4fdb1b243a0779,000541.SZ,佛山照明,2024-06-30,0.06147405,-0.07846175,-0.0024827868,-0.18114924,0.23713951,-0.029623915,4,0.2371395081281662
536f4cad91ae284b072130f8,000543.SZ,皖能电力,2024-06-30,-0.09926199,0.29431638,-0.14986762,-0.02497818,-0.27814373,0.096474454,1,0.2943163812160492
521f6b89d914f4c88733b183,000544.SZ,中原环保,2024-06-30,-0.24296388,0.42905006,-0.13650577,0.0043439176,-0.45151728,0.17271635,1,0.4290500581264496
83ffc66f5c6f108bc223b70e,000545.SZ,金浦钛业,2024-06-15,-0.008723045,-0.2285186,0.4239192,0.015392613,-0.054136753,-0.039129067,2,0.4239192008972168
cd3798929d3b6afd93015b85,000546.SZ,金圆股份,2024-06-30,-0.032998055,-0.03536128,0.19185701,-0.00833014,-0.12647285,0.0021003878,2,0.1918570101261139
e35cba1c953108fe8605c934,000547.SZ,航天发展,2024-06-15,-0.00775735,0.07415221,-0.09202256,-0.03587035,0.0072185704,-0.004933437,1,0.07415220886468887
2eeb90c1501447a235258793,000548.SZ,湖南投资,2024-06-15,-0.17141451,0.30173028,-0.18830206,0.01324832,-0.2813998,0.13430299,1,0.30173027515411377
18cde3367b159f56e1526d24,000550.SZ,江铃汽车,2024-06-15,-0.07177541,0.099044025,-0.06781167,-0.024645174,-0.08867763,0.065199815,1,0.09904402494430542
501074286c5da9c1151ac4ad,000551.SZ,创元科技,2024-06-30,0.386907,-0.45675826,0.22472973,-0.20097184,0.53662974,-0.23537244,4,0.5366297364234924
3f8f4eac5404506ab0698ab6,000552.SZ,甘肃能化,2024-06-15,-0.11279459,0.10447126,0.029994665,0.024352074,-0.2311461,0.059849534,1,0.10447125881910324
fc63d00a29f9d676fbcb0212,000553.SZ,安道麦A,2024-06-15,-0.13461877,-0.003653232,0.115877196,0.30167472,-0.21469574,0.026336085,3,0.3016747236251831
b71dc35a80c7eb91fccbe315,000554.SZ,泰山石油,2024-06-15,-0.08889109,0.117814526,-0.052031986,0.01446563,-0.14300767,0.059107844,1,0.11781452596187592
625f5b1d78623f8ebd7d6bf5,000555.SZ,神州信息,2024-06-15,-0.106542125,0.5328368,-0.49408478,0.0015938282,-0.16107224,0.07534304,1,0.5328367948532104
e2281f1882dade5529480dd2,000557.SZ,西部创业,2024-06-30,-0.05674384,0.11028867,-0.042500705,-0.010935363,-0.14862485,0.051991384,1,0.11028867214918137
77af31ae1bf55fbc2e1558ac,000558.SZ,天府文旅,2024-06-15,-0.16965544,0.28114453,-0.17996699,-3.828667e-05,-0.260365,0.1200091,1,0.28114452958106995
a510ce79ed51356cadf90302,000559.SZ,万向钱潮,2024-06-15,0.3038969,-0.42539692,0.2562057,-0.31157678,0.5129569,-0.15716372,4,0.5129569172859192
89580f70c6b6188fd8518945,000560.SZ,我爱我家,2024-06-30,-0.14036065,0.22572626,-0.15014476,0.0306966,-0.21513122,0.11726199,1,0.22572626173496246
d5e6e449f594fa026123b8f8,000561.SZ,烽火电子,2024-06-30,0.038225405,0.04950808,-0.12163078,-0.13248849,0.12114508,-0.05491856,4,0.12114507704973221
d698ead407f1ab302048b650,000563.SZ,陕国投Ａ,2024-06-30,-0.1536928,0.28508082,-0.17283493,0.036822688,-0.2718241,0.107214436,1,0.28508082032203674
061f6b1e0741bf5bd66a3d6e,000564.SZ,供销大集,2024-06-30,-0.2140815,0.30173442,-0.1759708,0.063543215,-0.31055626,0.14195606,1,0.30173441767692566
987d0d443d744dcc5e3e0186,000565.SZ,渝三峡Ａ,2024-06-30,0.04641202,-0.20046474,0.28627038,-0.013081453,0.0029717255,-0.03746251,2,0.2862703800201416
7373f92bdc3c3d36c94f93f3,000566.SZ,海南海药,2024-06-30,-0.15175387,0.021584274,-0.050648674,0.42254382,-0.20388818,0.033503167,3,0.42254382371902466
8db6e892848b40415fa95478,000567.SZ,海德股份,2024-06-30,-0.09988903,0.20312347,-0.116678305,0.025347337,-0.20835845,0.09148978,1,0.20312346518039703
460bcbb32ccabb6a5c831fa6,000568.SZ,泸州老窖,2024-06-15,-0.17847086,0.13582605,-0.025149899,0.10166366,-0.22726981,0.07552803,1,0.13582605123519897
600e5c856be007d7243593c9,000570.SZ,苏常柴Ａ,2024-06-15,0.08776874,-0.060353942,0.056906264,-0.08415693,0.05042154,-0.033941593,0,0.08776874095201492
a4deb84c78205a349f4d0b9c,000571.SZ,新大洲A,2024-06-30,-0.026069809,-0.018730262,0.05278321,-0.0011707675,-0.07561697,0.030668145,2,0.05278320983052254
2e5763d1e872ada9690a9f0b,000572.SZ,海马汽车,2024-06-30,-0.064179584,0.12426095,-0.11986663,-0.012351085,-0.08388594,0.07093841,1,0.12426094710826874
0623e5455d91217d4fd37865,000573.SZ,粤宏远Ａ,2024-06-30,-0.1670146,0.12126288,0.05469519,0.023031997,-0.31251943,0.7020047,5,0.7020046710968018
2fb8a8ba90cc6085aa014b78,000576.SZ,甘化科工,2024-06-30,0.4116042,-0.16723873,-0.02638942,-0.03454896,0.2015655,-0.12748484,0,0.4116041958332062
00f35ed8684c18b98abb785a,000581.SZ,威孚高科,2024-06-30,0.38114196,-0.3769303,0.14521813,-0.31527942,0.5439842,-0.19897664,4,0.5439841747283936
3f01635f31432b8416111bc0,000582.SZ,北部湾港,2024-06-30,-0.11363587,0.18199027,-0.08747549,0.01879232,-0.2045207,0.07687449,1,0.18199026584625244
5f755af0583fc9d5de55d1bb,000586.SZ,汇源通信,2024-06-15,-0.15685672,0.45316327,-0.35673344,-0.04252221,-0.2683412,0.1453023,1,0.4531632661819458
9d883f3967cf69f85c21df36,000589.SZ,贵州轮胎,2024-06-15,0.014233502,-0.1566272,0.20624831,-0.020163273,0.040075626,-0.0337396,2,0.20624831318855286
a4595703884715e9f6b498df,000590.SZ,古汉医药,2024-06-30,0.008959485,-0.0583158,-0.18535072,0.14738762,0.13012871,-0.069134064,3,0.14738762378692627
ed741f70572f2aebe3c12441,000591.SZ,太阳能,2024-06-15,-0.048570536,0.19065568,-0.08739036,-0.034762967,-0.21543148,0.10794799,1,0.1906556785106659
c48c02cf131767b1dd7db832,000592.SZ,平潭发展,2024-06-30,-0.09013852,0.06961801,-0.0010158974,0.020050328,-0.13624944,0.050411604,1,0.06961800903081894
2655576ff4fb8cff26e64a48,000593.SZ,德龙汇能,2024-06-15,-0.037398778,0.063412614,-0.03051579,-0.0069913366,-0.07047753,0.027128562,1,0.0634126141667366
a304446df7a4406104376465,000595.SZ,*ST宝实,2024-06-30,0.062248476,-0.041295957,-0.026504796,-0.08540462,0.084605664,-0.052109495,4,0.08460566401481628
3378224440f6603dce00ed0f,000596.SZ,古井贡酒,2024-06-30,-0.16523957,0.11704881,0.0057055857,0.1074083,-0.22349575,0.058806688,1,0.11704880744218826
b7834e1f533ae2c05610cbd1,000597.SZ,东北制药,2024-06-30,-0.15304027,-0.07667638,0.09689065,0.5104434,-0.22944638,0.00018288009,3,0.510443389415741
20313c05097df3ab46685fe8,000598.SZ,兴蓉环境,2024-06-30,-0.12405466,0.24152023,-0.100763366,-0.010510025,-0.24746701,0.09455081,1,0.2415202260017395
65ddf0737698e7737c7e2163,000599.SZ,青岛双星,2024-06-15,0.02669017,-0.19626091,0.2237353,-0.13654518,0.15296458,-0.008763097,2,0.22373530268669128
748cd834a9f59b747d740df5,000600.SZ,建投能源,2024-06-15,-0.09002366,0.25523403,-0.09611317,-0.052636262,-0.2780065,0.101827405,1,0.255234032869339
a875985a5dda30248ddb1a05,000601.SZ,韶能股份,2024-06-30,0.023282208,-0.09878558,0.16159052,-0.06395753,-0.022796918,-0.012090788,2,0.16159051656723022
4f60ffd1bc0d44fa2bc7629f,000603.SZ,盛达资源,2024-06-30,-0.07368889,-0.01721118,0.12553048,0.036761858,-0.13523683,0.024728041,2,0.12553048133850098
f4950e5a58a673fc2a023e6b,000605.SZ,渤海股份,2024-06-15,-0.13023522,0.27856055,-0.13512628,-0.012503549,-0.26482487,0.10747857,1,0.2785605490207672
757141893b52330eace2f9b8,000607.SZ,华媒控股,2024-06-30,-0.26008624,0.43698704,-0.24121216,0.032155182,-0.37896836,0.18896125,1,0.436987042427063
d887cc483615f29ffc78590a,000608.SZ,*ST阳光,2024-06-30,0.0432747,-0.21178679,0.17230952,-0.026712265,0.055973284,0.49381414,5,0.4938141405582428
80b9b4d14542781cd7c8eb6a,000609.SZ,ST中迪,2024-06-30,-0.24480315,0.3305409,-0.20510927,0.03803023,-0.3776895,0.82852644,5,0.8285264372825623
bfa9f5fc0f1c4e570d46fcc1,000610.SZ,西安旅游,2024-06-15,-0.13510455,0.1977424,-0.120173715,0.015006998,-0.19670545,0.08900133,1,0.19774240255355835
d9cd7080360af23b04b0a98c,000612.SZ,焦作万方,2024-06-30,0.04118102,-0.1614127,0.2777683,-0.015782466,-0.045830138,-0.02491017,2,0.2777683138847351
767c239702b24b9bcf1dc546,000615.SZ,*ST美谷,2024-03-15,-0.17537759,-0.015859019,-0.08633439,0.45622087,-0.08845614,0.002387356,3,0.4562208652496338
95bf45af877f6bbafd582bb1,000617.SZ,中油资本,2024-06-30,-0.120771445,0.2257376,-0.119570784,0.016745973,-0.23103598,0.078471065,1,0.22573760151863098
3a095470d02ec8b76123f1c5,000619.SZ,海螺新材,2024-06-30,0.061979838,-0.20503874,0.29889914,-0.086210236,0.07234517,-0.04786827,2,0.2988991439342499
6fc4fef1fb5dfc78637cbcb4,000620.SZ,盈新发展,2024-06-15,-0.11624746,0.11533728,-0.10369083,0.023138337,-0.12726167,0.05443076,1,0.11533728241920471
98f7332f1760d4945cdc4602,000623.SZ,吉林敖东,2024-06-30,-0.19677538,0.07096983,-0.080091715,0.4021445,-0.25243145,0.059516754,3,0.40214449167251587
08a4c768f5aa4eb6ce918534,000625.SZ,长安汽车,2024-06-30,-0.06860651,0.1261727,-0.13508832,-0.034198195,-0.063248284,0.10754821,1,0.12617270648479462
c300bb643896e706ae07625c,000626.SZ,远大控股,2024-06-30,-0.11418611,0.12663426,-0.011144282,0.07320854,-0.21557024,0.069468394,1,0.12663425505161285
dc52b2c8f3bb088a17ebf94f,000628.SZ,高新发展,2024-06-30,0.042630978,0.15121059,-0.22224043,-0.14575861,0.08270463,0.06687999,1,0.15121059119701385
2f4fffabc1e8bea9de7be6ce,000629.SZ,钒钛股份,2024-06-30,-0.06439541,-0.17574517,0.34359983,-0.0073605115,-0.09917831,-0.017481696,2,0.3435998260974884
3e3ebe7d179e618886450003,000630.SZ,铜陵有色,2024-06-15,-0.019909158,-0.08287927,0.18335679,-0.03409665,-0.07867792,-0.0066233184,2,0.18335679173469543
2eabd47378ef80d0742ab70a,000631.SZ,顺发恒能,2024-06-30,-0.13989681,0.22146754,-0.12208198,0.010371922,-0.2304243,0.21050824,1,0.2214675396680832
da2b5fca174f374fd580edad,000632.SZ,三木集团,2024-06-15,-0.13822375,0.15425882,-0.0073943418,0.04269883,-0.23065001,0.07656135,1,0.1542588174343109
4d1547a96492c38cd456b744,000633.SZ,合金投资,2024-06-15,0.1222644,-0.29467005,0.27913243,-0.11781158,0.19014198,-0.11936903,2,0.2791324257850647
ee622f9cc9795ff42102e99f,000635.SZ,英力特,2024-06-15,-0.00068764295,-0.10949875,0.2633902,-0.008353179,-0.07601177,-0.017594898,2,0.2633902132511139
42d6cedd4183f0259c07bbac,000636.SZ,风华高科,2024-06-30,0.28458074,-0.51063734,0.18126072,-0.23812088,0.6631396,-0.2258312,4,0.6631395816802979
6f4c1e9312e60cd01b3193f2,000637.SZ,茂化实华,2024-04-05,-0.012180684,-0.123564884,0.2147249,0.038733833,-0.05425424,-0.026303586,2,0.21472489833831787
ee58861c0ecc17232c238b7c,000638.SZ,*ST万方,2024-06-30,-0.1500577,0.3208763,-0.31264877,0.066349745,-0.20237088,0.0966195,1,0.3208763003349304
d1774f80518fa89eea0cbb19,000639.SZ,西王食品,2024-06-15,-0.25983945,0.14898977,-0.076159246,0.3456592,-0.31049103,0.08905015,3,0.34565919637680054
e12195e38e4a29532cd5e812,000650.SZ,仁和药业,2024-06-15,-0.22648439,0.08528644,-0.08580526,0.4362286,-0.2695509,0.060638323,3,0.43622860312461853
db9c19b1c3c12e231682b457,000651.SZ,格力电器,2024-06-30,0.034804136,-0.042711847,0.04283657,-0.07927117,0.09264779,0.0011024838,4,0.09264779090881348
3554988c931a19966414bebd,000652.SZ,泰达股份,2024-06-15,-0.07940324,0.13507342,-0.06330396,-0.0030336678,-0.15042643,0.06695104,1,0.13507342338562012
e94d0c2215bfe0e1240ebe3c,000655.SZ,金岭矿业,2024-06-30,-0.091482945,-0.0056386124,0.17024997,0.03361661,-0.18747005,0.03214111,2,0.17024996876716614
5199fd005d67f49377b76749,000656.SZ,*ST金科,2024-04-05,-0.16714028,0.26774752,-0.1632038,0.009229373,-0.2735358,0.20159553,1,0.26774752140045166
a7bbf37f14d35812135e8cd1,000657.SZ,中钨高新,2024-06-15,0.08399494,-0.24726063,0.23092738,-0.048805207,0.14244483,-0.0772908,2,0.23092737793922424
bfad62c0c7225bc3601c2ede,000659.SZ,珠海中富,2024-06-15,-0.09286787,-0.08922371,0.25183842,0.061550662,-0.09764369,0.025434742,2,0.25183841586112976
6f03edff9ce5621f21e572b0,000663.SZ,永安林业,2024-06-15,-0.03807886,7.5390562e-06,0.0633194,0.013980127,-0.07621472,0.0184915,2,0.06331939995288849
dae22676123aa4fe1ac9a8af,000665.SZ,湖北广电,2024-04-05,-0.18754709,0.3973064,-0.29302466,0.0139913745,-0.2956624,0.14261636,1,0.3973064124584198
05ec4eccdbe5368073af45bf,000668.SZ,*ST荣控,2024-04-05,0.020191103,0.15748397,-0.098154835,-0.07622564,-0.11072913,0.03772532,1,0.15748396515846252
1aab0c6ed2681fdb5034f284,000669.SZ,ST金鸿,2024-06-30,-0.06304029,0.110425696,-0.03380299,0.010137291,-0.15666424,0.06260995,1,0.11042569577693939
f7c8d04a085472e1bf1d5969,000670.SZ,盈方微,2024-06-30,0.10324306,-0.115821615,-0.1894182,-0.106180966,0.42527768,-0.111844145,4,0.4252776801586151
69272c0b2b6571a177c2a166,000661.SZ,长春高新,2024-03-15,-0.1765496,0.026206208,-0.071236506,0.46603894,-0.2117344,0.02367561,3,0.46603894233703613
2dd7bfc787936b95d7f00332,000672.SZ,上峰水泥,2024-06-30,-0.031866767,-0.030181536,0.1685664,-0.002429285,-0.12745315,0.024501279,2,0.16856640577316284
ee37d878fee1c20dff208fc7,000676.SZ,智度股份,2024-06-30,-0.2246756,0.3915681,-0.32512403,0.08624821,-0.2638067,0.13898799,1,0.3915680944919586
8e0130c63c57290867e8b852,000677.SZ,恒天海龙,2024-06-30,0.016301123,-0.2645651,0.36213848,-0.013435353,0.0362601,-0.074953005,2,0.3621384799480438
00605aa542e493b9198e9731,000678.SZ,襄阳轴承,2024-06-15,0.14048433,-0.3628919,0.25690842,-0.12426984,0.29023266,-0.1188966,4,0.29023265838623047
ab496b72acbe3f982923f3e9,000679.SZ,大连友谊,2024-06-30,-0.21424785,0.2444542,-0.12796097,0.038927563,-0.27829075,0.1830154,1,0.24445420503616333
90d5fe6794a975a18201cfb9,000680.SZ,山推股份,2024-06-15,0.118027315,-0.1165542,0.1780876,-0.08963853,0.053109232,-0.054851413,2,0.17808760702610016
885921fcd380c506a1e534b3,000681.SZ,视觉中国,2024-06-30,-0.19801041,0.35435462,-0.24745159,0.092475526,-0.2823925,0.12134867,1,0.3543546199798584
28f0275d0009feb19b7aafbe,000682.SZ,东方电子,2024-06-15,0.49017185,0.2120462,-0.26439637,-0.1585772,-0.018817456,-0.010411576,0,0.4901718497276306
48005a43e1cc68de871df7c9,000683.SZ,博源化工,2024-06-15,-0.032401085,-0.14868565,0.3270987,0.057237253,-0.12418929,-0.027919719,2,0.32709869742393494
ce4d9b699eec5bf84e37fe9e,000685.SZ,中山公用,2024-06-30,-0.12484318,0.26341993,-0.13328657,-0.012636095,-0.2367221,0.10258255,1,0.2634199261665344
09a636cb91370d9182cbf2e2,000686.SZ,东北证券,2024-06-15,-0.17326158,0.3267488,-0.20943135,0.047728967,-0.29285198,0.13162892,1,0.326748788356781
191a3211d0b1a6483ebd185d,000688.SZ,国城矿业,2024-06-15,-0.06583244,-0.015215434,0.13353771,0.008886404,-0.1331629,0.020153096,2,0.13353770971298218
7331e49d11a583777f17e3b3,000690.SZ,宝新能源,2024-06-15,-0.050130676,0.20060897,-0.057228126,-0.030295398,-0.22490603,0.07293842,1,0.2006089687347412
d1057933c0c7f31109a812f7,000691.SZ,*ST亚太,2024-06-30,-0.051497266,0.0316581,0.001872044,0.019207021,-0.062577374,0.020271348,1,0.031658101826906204
1b62066d846c27c82b1ba27e,000692.SZ,惠天热电,2024-06-30,-0.12586924,0.31465608,-0.1344319,-0.063244835,-0.30021518,0.12383276,1,0.3146560788154602
8157b4da5e461987fb42f3f0,000695.SZ,滨海能源,2024-06-15,-0.09691127,0.19369866,0.058903247,-0.022398911,-0.29929,0.13658313,1,0.19369865953922272
b52c8fe593a2f34ee0fc9769,000697.SZ,ST炼石,2024-06-30,-0.060050353,-0.08884701,0.2104952,-0.0029373094,-0.10517567,-0.0032800552,2,0.2104952037334442
71e4733d036db426c3e39dfd,000698.SZ,ST沈化,2024-06-15,-0.015888173,-0.10381785,0.1913101,0.025899854,-0.059555124,-0.020812288,2,0.1913100928068161
51f1e0ee3c1d6df3f1bbc5f2,000700.SZ,模塑科技,2024-06-15,0.12228753,-0.2802349,0.14954889,-0.26229465,0.3863621,-0.053169128,4,0.38636210560798645
46de5da65c3afdada5f18525,000701.SZ,厦门信达,2024-06-30,-0.12268801,0.18740386,-0.17311043,-0.02876835,-0.12060011,0.07585692,1,0.1874038577079773
cbe22abd12d4dcee4203411f,000702.SZ,正虹科技,2024-06-15,-0.04482253,-0.013263122,0.07632842,0.18102248,-0.13492718,-0.0016191695,3,0.18102248013019562
4d7d62d7f036eac49de41f6b,000703.SZ,恒逸石化,2024-06-30,-0.060373597,-0.09670732,0.23115836,0.029055815,-0.11819197,0.0048759207,2,0.23115836083889008
d1495253b7cd7583ef330a30,000705.SZ,浙江震元,2024-06-30,-0.22197875,0.18641384,-0.1393828,0.34100297,-0.29914618,0.09422862,3,0.3410029709339142
68e4a49c8098aee1a3a03532,000707.SZ,双环科技,2024-06-30,-0.053754784,-0.18760926,0.4972741,0.13375631,-0.18877341,-0.022563744,2,0.49727410078048706
6da0efdb1d6b50f608ca3d72,000708.SZ,中信特钢,2024-06-30,0.056461196,-0.1792476,0.18252602,-0.057841364,0.081959344,-0.052881375,2,0.18252602219581604
46bd16d8a21e81dcb336d604,000709.SZ,河钢股份,2024-06-30,0.01751801,-0.13110319,0.2531993,-0.04139835,-0.057483617,-0.011725806,2,0.2531993091106415
dad37285a7633af43f02d73a,000710.SZ,贝瑞基因,2024-06-30,-0.18582515,0.22086097,-0.2714538,0.3894362,-0.18718413,0.040341917,3,0.38943618535995483
1987f1ad05d8a6edf41d663a,000711.SZ,ST京蓝,2024-06-30,-0.12812145,0.2714941,-0.17735317,-0.05421652,-0.20781954,0.08119904,1,0.2714940905570984
46ac01976630e18d9d57ad80,000712.SZ,锦龙股份,2024-06-30,-0.16905253,0.25053298,-0.15998408,0.048273407,-0.24011144,0.11079154,1,0.25053298473358154
797546154b1cb30da14a7e77,000713.SZ,国投丰乐,2024-06-15,-0.11131168,0.068222895,-0.015447509,0.10805066,-0.15465221,0.030868772,3,0.10805065929889679
820721cc376f7165983e4c15,000715.SZ,中兴商业,2024-06-30,-0.228538,0.26922223,-0.1232142,0.039627142,-0.3052996,0.17096761,1,0.269222229719162
2d023bb73963d0617f8be618,000716.SZ,黑芝麻,2024-06-30,-0.22007038,0.10045351,-0.03604631,0.29009524,-0.26046267,0.09476333,3,0.2900952398777008
16d75b624f0111208ad08300,000717.SZ,中南股份,2024-06-30,0.0033014095,-0.097812526,0.24136294,-0.019341705,-0.09579231,0.010598988,2,0.24136294424533844
6f69716c3316a521fdf2e515,000718.SZ,苏宁环球,2024-06-30,-0.12840116,0.16076311,-0.122520864,0.012766972,-0.2045838,0.7058923,5,0.7058923244476318
a1059a0b489dd54440ea3c51,000719.SZ,中原传媒,2024-06-30,-0.19661464,0.26864153,-0.13994595,0.07995314,-0.28972346,0.10693221,1,0.26864153146743774
498c6483c64d6b24f574c642,000720.SZ,新能泰山,2024-06-30,0.2704187,-0.05217474,0.088468805,-0.06301337,-0.042943835,-0.025020976,0,0.2704187035560608
dc6146bedc413ff3ef032c0c,000721.SZ,西安饮食,2024-06-30,-0.15204789,0.1738256,-0.09227966,0.05273038,-0.19945103,0.08113782,1,0.17382560670375824
b7bd7e9f0c65a8050baa17a3,000722.SZ,湖南发展,2024-06-30,-0.03372024,0.06750185,-0.047112685,0.006918201,-0.07065865,0.027491849,1,0.06750185042619705
e1809f8d3cc66c3a7aea3034,000723.SZ,美锦能源,2024-06-15,-0.02349426,-0.003392327,0.075834766,-0.009160576,-0.095558114,0.013046969,2,0.07583476603031158
eeabf4207f341a3a77c929fb,000726.SZ,鲁泰Ａ,2024-06-30,-0.119730055,-0.03246516,0.21277772,0.064698964,-0.15716013,0.027551288,2,0.21277771890163422
77bc072b65506487b59381c3,000727.SZ,冠捷科技,2024-06-15,0.1657594,-0.13657609,-0.04278844,-0.23238385,0.44044095,-0.08858833,4,0.44044095277786255
9500f197e0e16ef3a4f5181a,000728.SZ,国元证券,2024-06-30,-0.20546132,0.37317684,-0.23835039,0.062440492,-0.31984773,0.13590112,1,0.37317684292793274
772d0e707723ee90bf047d4f,000729.SZ,燕京啤酒,2024-06-15,-0.09939113,0.06999126,0.017139263,0.07055026,-0.1545383,0.049109727,3,0.07055026292800903
95800f8338862a03993b15de,000731.SZ,四川美丰,2024-06-30,-0.038308218,-0.11261466,0.2420709,0.084467635,-0.10976011,-0.027009638,2,0.24207089841365814
98d81ce6fdafe30fd9dcf7ec,000733.SZ,振华科技,2024-06-30,0.13107048,-0.20571813,0.06831598,-0.14953095,0.2942307,-0.11568387,4,0.29423069953918457
1e132138c4a94900cf5bd9f3,000735.SZ,罗牛山,2024-06-15,-0.14912623,0.1355549,-0.042246718,0.14128694,-0.25090382,0.084363244,3,0.1412869393825531
11aeff750eba90583c2865be,000736.SZ,*ST中地,2024-06-30,-0.08583973,0.14790821,-0.10008093,-0.020433305,-0.14949092,0.057958823,1,0.14790821075439453
cacb727c862a9e9c230aa4a3,000737.SZ,北方铜业,2024-06-15,-0.030834109,-0.079039864,0.17069845,-0.0018612342,-0.08825284,-0.0042266496,2,0.17069844901561737
00e29fff2f869a5c43d66931,001696.SZ,宗申动力,2024-06-30,0.11222287,-0.07388753,0.006747069,-0.107569605,0.12574777,-0.042112205,4,0.12574777007102966
8d2e6f324495729960bac983,000725.SZ,京东方Ａ,2024-06-15,0.15956007,-0.34549758,0.04725939,-0.19029847,0.5728001,-0.15710522,4,0.5728000998497009
c2f2c04f429177b9f6ddb3db,000738.SZ,航发控制,2024-06-30,0.08604305,0.042492393,-0.14741403,-0.14836085,0.16026425,-0.05505927,4,0.160264253616333
d36c90c02c99f43d46b779e3,000739.SZ,普洛药业,2024-06-15,-0.22248703,-0.00408436,-0.016127666,0.67239183,-0.27927533,0.016034447,3,0.6723918318748474
0b243241f84352f961724476,000750.SZ,国海证券,2024-06-30,-0.17405476,0.30212614,-0.20740318,0.06375547,-0.2727409,0.12086333,1,0.3021261394023895
8be54bf35472d2445905f20a,000751.SZ,锌业股份,2024-06-30,-0.01438001,-0.1052109,0.19473267,0.006080537,-0.060320616,-0.008311476,2,0.194732666015625
87dfb3357277ba190d61f81a,000752.SZ,ST西发,2024-06-30,-0.0872467,0.028089719,0.028472358,0.06499464,-0.1215188,0.046626158,3,0.06499464064836502
aa36c8aade29156fe9b408e3,000753.SZ,漳州发展,2024-06-30,-0.1521944,0.29681036,-0.15294828,-0.028569635,-0.2669794,0.12160082,1,0.2968103587627411
4566e7dc02ca76417a0d6cd7,000755.SZ,山西高速,2024-06-15,-0.14072111,0.24887645,-0.15348934,-0.010266369,-0.23518538,0.13138796,1,0.2488764524459839
01e290aba409c6013f9e0c1a,000756.SZ,新华制药,2024-06-15,-0.229793,0.009989722,-0.002289862,0.64557153,-0.31329226,0.03214682,3,0.6455715298652649
17c13e78e7fee159dbf5f716,000757.SZ,浩物股份,2024-06-30,-0.11502997,0.17602131,-0.117675036,0.014962005,-0.16331251,0.07797654,1,0.17602130770683289
a7977e1964b4acc8ff7f14ce,000758.SZ,中色股份,2024-06-30,-0.03900505,-0.04408545,0.14589971,-0.014468795,-0.0967362,0.009791549,2,0.1458997130393982
9bf85d6d6fd1c86851bec07c,000759.SZ,中百集团,2024-06-30,-0.13594925,0.15669264,-0.09392719,0.057382256,-0.1890691,0.104123645,1,0.15669263899326324
66429c73085ab5dadeac5f19,000761.SZ,本钢板材,2024-06-30,0.027741043,-0.15363698,0.2626046,-0.053286806,-0.0313388,-0.018378804,2,0.26260459423065186
e061454acf7f8600317fd0f8,000762.SZ,西藏矿业,2024-06-15,-0.06928563,-0.06583255,0.18362813,0.021026988,-0.12142344,0.023686148,2,0.1836281269788742
e2eaafcb648d44f6694f16b2,000766.SZ,通化金马,2024-06-15,-0.218559,0.046058185,-0.06198962,0.48278677,-0.2553284,0.05313663,3,0.48278677463531494
c14c3b1b6dc0efcd68789d1c,000767.SZ,晋控电力,2024-06-15,-0.012810265,0.14824973,-0.029995488,-0.025713872,-0.18406746,0.04080111,1,0.14824973046779633
df7dca466e83506bf3ba2c38,000768.SZ,中航西飞,2024-06-30,-0.0011173268,-0.032807663,0.058638792,-0.06299764,0.04197801,-0.030624896,2,0.0586387924849987
2c7e1f4ad09e08e4dea7dbb5,000776.SZ,广发证券,2024-06-30,-0.21322414,0.39948568,-0.26755476,0.061489116,-0.3293525,0.14759128,1,0.39948567748069763
91761319ad15ecc457d5eed0,000777.SZ,中核科技,2024-06-15,0.24356273,-0.20347679,0.14469013,-0.20163898,0.24137428,-0.115864985,0,0.2435627281665802
6e9c705b02e54c9965a3695d,000778.SZ,新兴铸管,2024-06-30,0.044430267,-0.12941483,0.2507124,-0.044036727,-0.03044828,-0.021198563,2,0.25071239471435547
869863ce81cb60d5950c6900,000779.SZ,甘咨询,2024-06-15,-0.100254595,0.33447886,-0.17427571,-0.06323492,-0.24294926,0.092879504,1,0.33447885513305664
717a948484d31ca09dc75082,000782.SZ,恒申新材,2024-06-15,-0.17380145,0.30809423,-0.18276623,0.014193818,-0.2515563,0.1257432,1,0.30809423327445984
a4b0f4c58fc516d471ba1f37,000783.SZ,长江证券,2024-06-15,-0.2279406,0.37237766,-0.2119193,0.08091069,-0.36603978,0.14729905,1,0.3723776638507843
bfcbe9d60eb7c94e7673d7b9,000785.SZ,居然智家,2024-06-30,-0.19210681,0.29935336,-0.2051328,0.030947745,-0.25158793,0.1465559,1,0.29935336112976074
85bd4a5ebe55062f65538ecb,000786.SZ,北新建材,2024-06-30,0.010469501,-0.073774345,0.20772049,-0.035037138,-0.04558273,0.014047339,2,0.20772048830986023
95f4d5ca3f98ad5143069101,000788.SZ,北大医药,2024-06-15,-0.20960674,0.016165055,-0.07894409,0.5552966,-0.23358198,0.033450883,3,0.5552965998649597
a1108e15f5c3c0af586baf4b,000789.SZ,万年青,2024-06-30,-0.030030351,-0.04417025,0.18420115,0.010013789,-0.11456834,0.021593714,2,0.18420115113258362
aa685efff02fe657d96c2a17,000790.SZ,华神科技,2024-06-30,-0.114711255,0.023911184,-0.10567428,0.4352393,-0.15394741,0.0030302275,3,0.4352392852306366
beaae5e5ac7f1a5e27de8ac0,000791.SZ,甘肃能源,2024-06-30,-0.06560789,0.20294063,-0.10100001,-0.050226353,-0.21146679,0.07608736,1,0.20294062793254852
9495e61ee954ec856152e704,000792.SZ,盐湖股份,2024-06-15,-0.05192551,-0.039639622,0.1227654,0.053983472,-0.113144904,0.0048474586,2,0.12276539951562881
d232a42e2ba1b396ac37acad,000793.SZ,*ST华闻,2024-06-30,-0.16083951,0.28440532,-0.19136623,0.014472452,-0.24581419,0.11738558,1,0.28440532088279724
f179380d19ec3494a8eebeda,000795.SZ,英洛华,2024-06-15,0.13598934,-0.2360499,0.16970825,-0.046726905,0.19757265,-0.099561974,4,0.19757264852523804
d5972af57d7ba3de0dacb4a7,000796.SZ,凯撒旅业,2024-06-30,-0.12063045,0.17943883,-0.13467836,0.021130959,-0.16281423,0.082276836,1,0.17943882942199707
9c8269366cce60321e86ba2f,000797.SZ,中国武夷,2024-06-15,-0.13637337,0.3086645,-0.15646242,-0.06109245,-0.27437097,0.12857495,1,0.3086645007133484
68330ad7a55986a3be33a79f,000798.SZ,中水渔业,2024-06-15,-0.08781705,0.063039884,0.011650048,0.05264533,-0.13837509,0.03299261,1,0.0630398839712143
22ca0e55236c282dd0ec9c50,000799.SZ,酒鬼酒,2024-06-15,-0.18211925,0.1448198,-0.037280135,0.10571489,-0.23694666,0.07773216,1,0.14481979608535767
1b2bbaa5cc70acae478fae4c,000800.SZ,一汽解放,2024-06-30,0.002493022,0.044916034,-0.022952642,-0.048715383,-0.037821487,0.03160385,1,0.04491603374481201
d2010e305d7be1d6d98e9c19,000801.SZ,四川九洲,2024-06-30,0.009313496,0.16886452,-0.18539304,-0.07748968,0.0574492,-0.032832418,1,0.16886451840400696
5037048bb7986b141c43ba09,000802.SZ,北京文化,2024-06-15,-0.2202405,0.30862105,-0.19333251,0.0856085,-0.2797109,0.12285293,1,0.30862104892730713
f5e0bc1fd5d37cda3ed7b953,000803.SZ,山高环能,2024-06-15,-0.19494765,0.34610888,-0.048974767,0.06279948,-0.42244443,0.10883656,1,0.34610888361930847
2eb6bc760e7e68014690ca43,000807.SZ,云铝股份,2024-06-30,0.019506609,-0.13462852,0.2360461,-0.046533436,-0.036234353,-0.010104882,2,0.23604610562324524
8245fafe5a1d34ad72b8772f,000809.SZ,和展能源,2024-06-15,0.054839298,0.3242773,-0.19651651,-0.057589203,-0.3299681,0.2021185,1,0.3242773115634918
5e7a2e759617e2a5bb0c9f4f,000810.SZ,创维数字,2024-06-30,-0.023521584,0.22022945,-0.26853892,-0.026110547,0.026376575,0.015239856,1,0.22022944688796997
baa9fc0634a417c0de795c39,000811.SZ,冰轮环境,2024-06-15,0.1190751,-0.15206693,0.17049317,-0.058123775,0.0934195,-0.081554696,2,0.17049317061901093
8c3f27b9fc264c0e3c8644aa,000812.SZ,陕西金叶,2024-06-30,-0.10762281,0.13178787,-0.04958724,0.017651167,-0.14165716,0.041527078,1,0.13178786635398865
d80a5ccb9b7ad74ce1de5805,000813.SZ,德展健康,2024-06-15,-0.21645108,0.08010848,-0.10549189,0.49053615,-0.27346373,0.053392872,3,0.4905361533164978
e11e785a2da1c50652204cc9,000815.SZ,美利云,2024-06-30,-0.05113458,0.19751403,-0.18464597,-0.0064610047,-0.093555436,0.04123839,1,0.19751402735710144
337a0856d71422756d5ead2a,000816.SZ,智慧农业,2024-06-15,0.047278136,0.049604625,-0.03368213,-0.07469647,0.00085724425,0.0023877337,1,0.0496046245098114
cf591f3ea6a797220695c280,000818.SZ,航锦科技,2024-06-30,0.11571032,-0.29129547,0.3421312,-0.1356732,0.18932055,-0.1247814,2,0.34213119745254517
32d5c19756f9a274d5132074,000819.SZ,岳阳兴长,2024-06-15,-0.077694334,0.029879555,0.09027737,0.058084525,-0.1688671,0.03721468,2,0.09027736634016037
d155d0467fd631584a6d68bc,000820.SZ,*ST节能,2024-06-30,0.065205395,-0.016573174,0.046557054,-0.13545395,0.0045268983,0.022582678,0,0.0652053952217102
505c050c865e7e765e97dd70,000821.SZ,ST京机,2024-06-15,0.47408974,-0.2376355,0.17983131,-0.19845323,0.16194162,-0.10369662,0,0.47408974170684814
295aef03fbb4ffe70e29379a,000822.SZ,山东海化,2024-06-15,-0.038752284,-0.1961208,0.58804,0.14531748,-0.24506728,-0.027192103,2,0.5880399942398071
1b84bd4cda130f2691b37e3d,000823.SZ,超声电子,2024-06-15,0.23802611,-0.38503188,0.008730528,-0.21993892,0.6742564,-0.21177407,4,0.6742563843727112
59db836986a8c68b9da95e77,000825.SZ,太钢不锈,2024-06-30,0.03982548,-0.15492442,0.16809127,-0.043016136,0.05543056,-0.04495991,2,0.16809126734733582
d44594c2a47e92d28c295e37,000826.SZ,启迪环境,2024-06-30,-0.23935787,0.44097465,-0.17791581,0.018595677,-0.4324923,0.17830639,1,0.4409746527671814
95599f9746b4f2b798083514,000828.SZ,东莞控股,2024-06-30,-0.108719856,0.29103982,-0.22517833,-0.037288908,-0.18523982,0.09709015,1,0.2910398244857788
7788e55fdb7cddb93cf3aa33,000829.SZ,天音控股,2024-06-30,-0.106031105,0.2005255,-0.17138533,0.009986086,-0.14227237,0.07256201,1,0.20052550733089447
ae0b029942feec4de6313d7f,000830.SZ,鲁西化工,2024-06-30,-0.017679803,-0.2421823,0.55086124,0.004599005,-0.117739,-0.041665375,2,0.5508612394332886
48365b23f740c93e6e2d336d,000831.SZ,中国稀土,2024-06-15,-0.0017926409,-0.13853502,0.26727647,-0.014833952,-0.05501696,-0.036145262,2,0.26727646589279175
44bd370726bbe4a6f72a3085,000833.SZ,粤桂股份,2024-06-30,-0.10276222,0.099803865,0.03220348,0.018669505,-0.21604317,0.06843474,1,0.0998038649559021
47cb8811e0f96863cbcb0236,000837.SZ,秦川机床,2024-06-15,0.1394796,-0.21396342,0.09753736,-0.11683378,0.22605953,-0.09937615,4,0.22605952620506287
6ab1bac020507b5a576d357e,000838.SZ,财信发展,2024-06-30,-0.18156667,0.27104735,-0.20151326,-0.0031469576,-0.2812913,0.768226,5,0.7682260274887085
7674bba58e638f307155ad9a,000839.SZ,国安股份,2024-06-15,0.065439984,0.027056817,-0.07984263,-0.107124716,0.073114686,-0.03763087,4,0.07311468571424484
5490203472587c8b96894cce,000848.SZ,承德露露,2024-06-15,-0.13063644,0.087794244,-0.024510331,0.08499732,-0.15986374,0.07090227,1,0.0877942442893982
e998172c079511aa1e91ca9c,000850.SZ,华茂股份,2024-06-30,-0.12938957,-0.023119193,0.2169598,0.0877697,-0.18727864,0.036951736,2,0.21695980429649353
c7195e723ac67d09c3322546,000852.SZ,石化机械,2024-06-15,0.046029203,-0.05095741,0.066123866,-0.03687451,0.017228106,-0.033090424,2,0.06612386554479599
fb6ba32971217ba1cddbd0c2,000856.SZ,冀东装备,2024-06-30,0.15790218,-0.13350624,0.19609562,-0.17424668,0.11105947,-0.05381984,2,0.19609561562538147
47c66e631e289be552beb6be,000858.SZ,五粮液,2024-06-30,-0.1812434,0.11983922,-0.018662281,0.104987204,-0.21011946,0.0699579,1,0.11983922123908997
5f0c10bfb0fcfd4941cf008b,000859.SZ,国风新材,2024-06-30,0.061394434,-0.3958169,0.455297,-0.09319493,0.19587126,-0.12326277,2,0.45529699325561523
ee2faf8e7da1271b8c68f38f,000860.SZ,顺鑫农业,2024-06-30,-0.16855425,0.115086935,0.0032420214,0.11514775,-0.2262205,0.07246936,3,0.11514774709939957
84cd02e5716c99809953284a,000862.SZ,银星能源,2024-06-30,-0.067202285,0.18036029,-0.07973578,-0.03842683,-0.19738358,0.07413204,1,0.18036028742790222
746bb0ca47223c7f2c4f0b65,000863.SZ,三湘印象,2024-06-15,-0.22117059,0.28701738,-0.20546852,0.06881233,-0.29798147,0.8173447,5,0.8173447251319885
f3fafc2cd32e892182f8a343,000868.SZ,安凯客车,2024-06-15,-0.048194576,0.15903518,-0.115726404,-0.08499819,-0.07026678,0.053067442,1,0.15903517603874207
bb1d78935523aada88fb56dc,000869.SZ,张裕Ａ,2024-06-15,-0.14054357,0.11570029,-0.046664014,0.08282434,-0.17294496,0.060216565,1,0.11570028960704803
54085865bc863163f73f02f5,000875.SZ,电投绿能,2024-06-15,-0.06685663,0.22915804,-0.1194279,-0.04103715,-0.23672752,0.10101394,1,0.22915804386138916
706b3afb6032d187c1fcb3f5,000876.SZ,新希望,2024-06-30,-0.1781993,0.15018645,-0.04496485,0.12878829,-0.25646812,0.12733094,1,0.1501864492893219
a6ef7e3f38bc6feba45bc74b,000877.SZ,天山股份,2024-06-30,-0.05243092,0.020732703,0.13049184,-0.008576361,-0.15165518,0.043980297,2,0.13049183785915375
5ceaba7b05684579b3212bdf,000878.SZ,云南铜业,2024-06-15,-0.017069824,-0.032240067,0.065663554,-0.0059714206,-0.041542545,0.0022073318,2,0.06566355377435684
c279dff6d8df0dd07c638c19,000880.SZ,潍柴重机,2024-06-15,0.2892204,-0.19788328,0.1368172,-0.26720956,0.2770558,-0.12419692,0,0.28922039270401
ef73a175f0704f9d0f6c57e9,000881.SZ,中广核技,2024-06-30,0.09605133,-0.13766296,0.23538601,-0.031345747,0.061520014,-0.09347397,2,0.23538601398468018
0a90470669289717956b130d,000882.SZ,华联股份,2024-06-30,-0.16659145,0.25629795,-0.15971331,0.029707275,-0.24740213,0.1240491,1,0.2562979459762573
befbbf1b0ff62c5fa47f1864,000883.SZ,湖北能源,2024-06-15,-0.06059347,0.1653739,-0.05087398,-0.013170112,-0.21493475,0.06801444,1,0.16537390649318695
6994477a451efead684ff61f,000885.SZ,城发环境,2024-06-15,-0.18609777,0.43058047,-0.16531692,-0.03466838,-0.40614015,0.16715924,1,0.4305804669857025
4dbec6999cc5abe045c17dae,000886.SZ,海南高速,2024-06-15,-0.13458246,0.22710614,-0.15842055,0.0060452158,-0.24676603,0.58178055,5,0.5817805528640747
0a4d2f8195528b7bef5376bd,000887.SZ,中鼎股份,2024-06-15,0.16785502,-0.36316174,0.18927051,-0.24532399,0.45666882,-0.13203484,4,0.45666882395744324
481362026fcbaf3a6772960a,000888.SZ,峨眉山Ａ,2024-06-15,-0.1835534,0.2614336,-0.14176416,0.036600985,-0.2714553,0.11239891,1,0.26143360137939453
66444ab1c23d9aeb7123c7c3,000889.SZ,中嘉博创,2024-06-30,-0.17542946,0.44366765,-0.3667404,0.01822041,-0.26661748,0.13686228,1,0.4436676502227783
c6c34be4a2fd67f060318575,000890.SZ,法尔胜,2024-06-30,0.13677593,-0.21026666,0.31007573,-0.12724203,0.089996055,-0.07299906,2,0.3100757300853729
ebdd730c27f4a1e39db40401,000892.SZ,欢瑞世纪,2024-06-30,-0.18809573,0.24323365,-0.15646625,0.08894455,-0.24523988,0.0998516,1,0.24323365092277527
54039c43eb119f97e6d45fb9,000893.SZ,亚钾国际,2024-06-30,-0.1330497,0.0032225586,0.16401583,0.13185313,-0.23570514,0.028605595,2,0.16401582956314087
0f3906378967618e58e8f7d4,000895.SZ,双汇发展,2024-06-30,-0.21695997,0.114049256,-0.006379001,0.30455214,-0.3056019,0.08949799,3,0.3045521378517151
2654ddc0136d9e629a346e95,000897.SZ,津滨发展,2024-06-30,-0.124052405,0.14838813,-0.106385246,-0.0087863775,-0.19255972,0.72870934,5,0.72870934009552
e369b33ef9b32b4ebacc846f,000898.SZ,鞍钢股份,2024-06-15,0.02092817,-0.12983471,0.2453469,-0.053262617,-0.036636427,-0.013184565,2,0.24534690380096436
0b196ad8f6a7fbef8d21b0cf,000899.SZ,赣能股份,2024-06-30,-0.08315893,0.23176026,-0.090218365,-0.031172967,-0.25121915,0.08400694,1,0.23176026344299316
c206ac6e8203be7e5bb300ce,000900.SZ,现代投资,2024-06-15,-0.16908216,0.28512615,-0.16759571,0.016351633,-0.28148565,0.1218254,1,0.2851261496543884
f349e5813cc2854fb8564232,000901.SZ,航天科技,2024-06-30,0.03634449,-0.005236838,-0.09775088,-0.082648665,0.1554575,-0.04466977,4,0.1554574966430664
4f200599a8a2871ab216427d,000902.SZ,新洋丰,2024-06-30,-0.08906641,-0.018117491,0.17328772,0.22524354,-0.23607975,0.036508836,3,0.22524353861808777
871cec2872a00bad53c8a05c,000903.SZ,ST云动,2024-06-15,0.0631254,-0.13053328,-0.05007977,-0.17262772,0.26204008,-0.03304962,4,0.26204007863998413
4f50c6fce703b2033b1b1372,001896.SZ,豫能控股,2024-06-30,-0.055738017,0.2427919,-0.11076685,-0.04137536,-0.2491709,0.081136815,1,0.24279190599918365
8761a28f7e22c44add4123f2,000905.SZ,厦门港务,2024-06-30,-0.11087469,0.20129493,-0.08839641,-0.0003743898,-0.20749836,0.06905623,1,0.2012949287891388
8ceab3e0ace374d2e44deff1,000906.SZ,浙商中拓,2024-06-15,-0.16367191,0.23824416,-0.042547233,0.04847991,-0.31386784,0.117713474,1,0.2382441610097885
c57d7c15ee6f7104670791c3,000908.SZ,ST景峰,2024-06-30,-0.2389867,0.064368606,-0.12350536,0.573257,-0.29501638,0.053400747,3,0.5732570290565491
1f4e9e4369e87a3ebd75da18,000909.SZ,*ST数源,2024-06-30,-0.020680944,0.24755032,-0.3052285,-0.081726566,-0.0359732,0.7240331,5,0.7240331172943115
8d9eec1bea89fba2c036aceb,000910.SZ,大亚圣象,2024-06-30,-0.10591484,0.053566463,0.16291127,0.011837255,-0.17610998,0.08089656,2,0.16291126608848572
0bff0f10a1a8a5d293fcadbf,000911.SZ,广农糖业,2024-06-30,-0.17687364,0.10380895,0.027207024,0.21553561,-0.2967629,0.096539326,3,0.21553561091423035
ef5c5ed464eb86a4ea347c15,000912.SZ,泸天化,2024-06-30,-0.064894326,-0.10325473,0.25205627,0.161594,-0.17486258,-0.0074942373,2,0.2520562708377838
852609270b4dd31b98ab0c74,000913.SZ,钱江摩托,2024-06-15,0.009289347,0.026625492,-0.0328372,-0.06222361,0.020882778,0.021795077,1,0.026625491678714752
f70abc13ebc31d01d04df4e8,000915.SZ,华特达因,2024-06-30,-0.27069852,0.082172014,-0.1060522,0.6429259,-0.31362572,0.061457213,3,0.6429259181022644
c35d2151b0df55f9b245d7e2,000917.SZ,电广传媒,2024-06-30,-0.20147696,0.2938975,-0.13585813,0.051910046,-0.32925075,0.17827868,1,0.29389750957489014
eba9abdc08497e8dcad98315,000919.SZ,金陵药业,2024-06-15,-0.2649964,0.14833903,-0.168566,0.6534978,-0.36902764,0.07746713,3,0.6534978151321411
b72f2fa38e7f04b3385ac9ed,000920.SZ,沃顿科技,2024-06-15,0.08906913,-0.22647278,0.24519855,-0.036060527,0.13321239,-0.10029253,2,0.2451985478401184
64fed62906775a33a1381b29,000921.SZ,海信家电,2024-06-30,-0.06608404,0.15284503,-0.12469764,-0.013904061,-0.045966357,0.062243156,1,0.15284502506256104
1785ec5051debbba61c93a8a,000922.SZ,佳电股份,2024-06-15,0.42241696,-0.22571938,0.10413213,-0.1564595,0.19567753,-0.109921664,0,0.42241695523262024
b9b09e48d9f4fa8279ee6ee1,000923.SZ,河钢资源,2024-06-15,-0.06341044,-0.03337394,0.17086259,-0.0015134439,-0.14568497,0.017763268,2,0.1708625853061676
b90a385c9612183f58fe3242,000925.SZ,众合科技,2024-06-15,-0.0055589015,0.2761633,-0.27252764,-0.11999338,-5.9816753e-05,0.011989046,1,0.2761633098125458
ba29bff1335a59c266cbcd33,000926.SZ,福星股份,2024-06-30,-0.18182461,0.24979244,-0.17142409,0.0007637944,-0.2717675,0.7962227,5,0.7962226867675781
6b28e4603c52ec7a58c2d52d,000927.SZ,中国铁物,2024-06-15,-0.1277317,0.21027489,-0.060432248,0.00026387628,-0.24639902,0.09218801,1,0.21027489006519318
097531b4a0b0d57a74fd698c,000928.SZ,中钢国际,2024-06-30,0.025249938,0.122033164,-0.0054144757,-0.123406544,-0.09593502,0.03370209,1,0.12203316390514374
c7698f4a82c067162ecef420,000929.SZ,*ST兰黄,2024-06-30,-0.0046647736,-0.087780125,0.13170587,0.0077318037,-0.03906463,-0.022337066,2,0.1317058652639389
3ded14e196bf6c5d5a765ccc,000930.SZ,中粮科技,2024-06-15,-0.07347596,-0.11648365,0.22674914,0.16737966,-0.12364128,-0.02622183,2,0.22674913704395294
23b8212d2b5e2beff4fd464d,000931.SZ,中关村,2024-06-15,-0.2505571,0.21430473,-0.12706336,0.35677737,-0.3692692,0.1883554,3,0.3567773699760437
42fb1e5b7174956626c1a207,000932.SZ,华菱钢铁,2024-06-30,0.09907388,-0.18298757,0.25447375,-0.092410885,0.050871104,-0.05144423,2,0.2544737458229065
872f6bf9629bc9b232b8dd8a,000933.SZ,神火股份,2024-06-15,-0.033784013,-0.046401855,0.21483645,-0.015686741,-0.16298103,0.019797418,2,0.21483644843101501
88da23d11342d5f2c8f2b2bf,000935.SZ,四川双马,2024-06-15,-0.027954882,-0.0468278,0.17198639,0.012119629,-0.10787444,0.020736948,2,0.171986386179924
25a8866edef0a8d0215a4a1b,000936.SZ,华西股份,2024-06-15,-0.014235273,-0.18239366,0.31293523,0.020838143,-0.032976136,-0.037486285,2,0.3129352331161499
a03e414ff8e85a16475b6c79,000937.SZ,冀中能源,2024-06-15,-0.08412267,0.051407654,0.101419866,0.010047847,-0.20847002,0.042207696,2,0.10141986608505249
a83d42b0ecb4140db4a7b4f3,000938.SZ,紫光股份,2024-06-15,-0.004437374,0.24663156,-0.30813602,0.036825333,-0.01313274,0.012538281,1,0.24663156270980835
919851082e9009125b1b2059,000948.SZ,南天信息,2024-06-30,-0.16102605,0.38062486,-0.30650684,0.011647144,-0.20572297,0.10760269,1,0.3806248605251312
a6b3b8f7c32675867be42e9f,000949.SZ,新乡化纤,2024-06-30,-0.012302037,-0.17620973,0.3017022,0.047434144,-0.04488914,-0.04041504,2,0.30170220136642456
2aada6be21591142e0cb9cbc,000950.SZ,重药控股,2024-06-30,-0.20198846,0.26302272,-0.17853297,0.17859204,-0.30433393,0.11297542,1,0.2630227208137512
7b0fba64f17ea7495ec79090,000951.SZ,中国重汽,2024-06-30,0.0074132252,0.06125451,-0.022777384,-0.06938918,-0.038501114,0.022441857,1,0.061254508793354034
bb10f25862c87266bb07e5d9,000952.SZ,广济药业,2024-06-30,-0.12554434,-0.15552779,0.19104153,0.47624686,-0.19230089,-0.034032933,3,0.4762468636035919
c5ba88579e0b2a3785bd954d,000953.SZ,河化股份,2024-06-15,-0.046557363,-0.12613896,0.21809255,0.23562059,-0.13361946,-0.008005158,3,0.23562058806419373
68caa716c36ea7d097e44b35,000955.SZ,欣龙控股,2024-06-15,-0.015097375,-0.1721532,0.21240135,0.05459769,0.025662066,-0.040716723,2,0.2124013453722
39a669278090620832011cb0,000957.SZ,中通客车,2024-06-15,-0.01978308,0.14833276,-0.105446264,-0.06880893,-0.071553476,0.053328775,1,0.14833275973796844
d2b386dfc801dd1bfaa8c8c2,000958.SZ,电投产融,2024-06-30,-0.04858626,0.21355356,-0.081196934,-0.04064265,-0.21184984,0.07409567,1,0.2135535627603531
6fa0802e3fec645023a8379b,000959.SZ,首钢股份,2024-06-30,0.09056266,-0.21038091,0.2705333,-0.101869226,0.07849393,-0.052255407,2,0.2705332934856415
5732d0268a35b820c0bcb2a7,000960.SZ,锡业股份,2024-06-30,-0.03324364,-0.177014,0.24036637,-0.03968943,0.0042901263,-0.03439594,2,0.2403663694858551
fb426a666a2c0f3cfdc18875,000962.SZ,东方钽业,2024-06-15,0.07317121,-0.21518154,0.2312879,-0.06645082,0.089626394,-0.074212894,2,0.2312878966331482
06f3be9396ce9283cf43657b,000963.SZ,华东医药,2024-06-30,-0.28251606,0.08058368,-0.12910442,0.66915363,-0.30614337,0.05092489,3,0.66915363073349
60ab016ca5d9203bbafbceaa,000965.SZ,天保基建,2024-06-30,-0.11589788,0.17057997,-0.1243657,-0.006209341,-0.21040379,0.7194919,5,0.7194918990135193
b3c3e813dcf80c1cae24b359,000966.SZ,长源电力,2024-06-30,-0.0573557,0.23089568,-0.10796909,-0.039639406,-0.2348702,0.07820018,1,0.23089568316936493
ea30e8747b354992ab38f6bb,000967.SZ,盈峰环境,2024-06-30,-0.08381866,0.34847575,-0.1925457,-0.022131171,-0.21293998,0.081736125,1,0.34847575426101685
2563ca200be88e8705fe342d,000968.SZ,蓝焰控股,2024-06-30,-0.09716119,0.11920791,0.004795477,0.0020800363,-0.210677,0.05250497,1,0.11920791119337082
b1fd182b8a8df784cc2e1b02,000969.SZ,安泰科技,2024-06-30,0.21104412,-0.38886407,0.3618123,-0.14927347,0.28316492,-0.1468821,2,0.3618122935295105
22a072aced2c18f31ea404b8,000970.SZ,中科三环,2024-06-15,0.14005914,-0.30170432,0.3082839,-0.08388631,0.16173673,-0.10053404,2,0.30828389525413513
f50880b9f6ae5c6f60518d0a,000972.SZ,*ST中基,2024-06-30,-0.19610141,0.2463286,-0.21864098,0.3018951,-0.2816517,0.072696395,3,0.3018951117992401
802a61c0d92d3d6df6ad3e81,000973.SZ,佛塑科技,2024-06-15,0.08807709,-0.40174264,0.4057528,-0.09961042,0.26920637,-0.13408373,2,0.4057528078556061
350d75f9f2d233a013c5541c,000975.SZ,山金国际,2024-06-15,-0.08428587,0.012896035,0.059344165,0.03788908,-0.13292599,0.022570604,2,0.05934416502714157
d9cf8ac9b0d182c6279512a7,000977.SZ,浪潮信息,2024-06-15,0.012932825,0.12843114,-0.21685717,-0.011175988,0.08474685,-0.030607175,1,0.12843114137649536
e4e29d78bcb399249c41e6a1,000978.SZ,桂林旅游,2024-06-30,-0.17183992,0.24795787,-0.1535196,0.01745893,-0.2448881,0.14652243,1,0.24795787036418915
0ca5266bbaffe71281cbb795,000980.SZ,众泰汽车,2024-06-30,-0.054956526,0.06319417,-0.117793724,-0.11435839,0.045026526,0.14538613,5,0.14538612961769104
2e53edbeb1aa7fc9ccffc1d8,000981.SZ,山子高科,2024-06-30,0.09278363,-0.07983851,-0.049979016,-0.15724434,0.19531755,-0.031969316,4,0.19531755149364471
f5f61366da1c67ba9b761a9a,000983.SZ,山西焦煤,2024-06-15,-0.10204177,0.026877448,0.10053393,0.03113285,-0.18668115,0.036863912,2,0.10053393244743347
96a8f409b4be60f77d076801,000985.SZ,大庆华科,2024-06-15,-0.048441574,-0.13750601,0.3502625,0.08954873,-0.12433752,-0.027127743,2,0.35026249289512634
9804c5e4ca0ef40318d13ad1,000987.SZ,越秀资本,2024-06-30,-0.09754149,0.21396501,-0.1417521,0.023261946,-0.19461328,0.080683276,1,0.2139650136232376
e9ddc657e6be31457a05bd05,000988.SZ,华工科技,2024-06-30,0.27878323,-0.33216333,0.09624723,-0.25783738,0.4948949,-0.18851887,4,0.4948948919773102
8893e7a42848b2bba8d12879,000989.SZ,九芝堂,2024-06-15,-0.21786581,0.08244001,-0.09698744,0.4932321,-0.28621548,0.05554028,3,0.4932321012020111
e81ae219d9ac5747b614bdf9,000990.SZ,诚志股份,2024-06-30,0.06498281,-0.37531334,0.5066762,-0.02051146,0.12050214,-0.121804684,2,0.506676197052002
06c43438378972f5c7659828,000993.SZ,闽东电力,2024-06-15,-0.084995754,0.22483674,-0.101239495,-0.01961661,-0.23886083,0.08150869,1,0.22483673691749573
3ba7aa1bc72f54f83f8c42f2,000995.SZ,皇台酒业,2024-06-30,-0.121188276,0.059153307,0.04158586,0.091168106,-0.17407008,0.044939075,3,0.0911681056022644
cd96b1bf1bd16ba68e403b40,000997.SZ,新大陆,2024-06-15,-0.031071514,0.26668957,-0.31088442,0.0011471286,-0.028417936,0.025132582,1,0.26668956875801086
01c6a65f257dc83371dca030,000998.SZ,隆平高科,2024-06-30,-0.10871529,0.08423284,-0.01320976,0.1449066,-0.18542261,0.0390775,3,0.14490659534931183
ef0eb75f72801a6a4a5c2fcd,000999.SZ,华润三九,2024-06-30,-0.23052385,0.12618417,-0.13546695,0.49497998,-0.30157763,0.06875814,3,0.49497997760772705
79a006702b947c16b0f7d719,002001.SZ,新和成,2024-06-30,0.0012001107,-0.40290093,0.42274302,0.3128218,0.0039211884,-0.1080824,2,0.422743022441864
02106563903e2d9fb5198e8c,002181.SZ,粤传媒,2024-06-30,-0.22769538,0.36761248,-0.21399175,0.03145521,-0.32468754,0.1449905,1,0.36761248111724854
00a658c21fcdd53ad183a410,600000.SH,浦发银行,2024-06-30,-0.22074734,0.39180157,-0.24134094,0.04816914,-0.33970997,0.16289607,1,0.3918015658855438
c4b30d94e6551f5c9e0d367b,600004.SH,白云机场,2024-04-05,-0.0859355,0.13925417,-0.08056712,0.008693103,-0.13843687,0.05678746,1,0.13925416767597198
7702a39dd117c85afa9308a7,600006.SH,东风股份,2024-04-05,-0.10044346,-0.012705162,0.06265901,0.029185956,-0.052426793,0.01654057,2,0.06265901029109955
828d734f25a29d4fc92b2598,600007.SH,中国国贸,2024-03-25,-0.16930078,0.25021645,-0.15260376,0.03714797,-0.23842646,0.11372611,1,0.25021645426750183
5f40b87c6faf2eb1554dc7b8,600008.SH,首创环保,2024-06-15,-0.121585794,0.26513848,-0.1164771,-0.002126648,-0.26032028,0.098913044,1,0.2651384770870209
60381f20bc171997c66657e6,600009.SH,上海机场,2024-06-30,-0.0918771,0.14391993,-0.09524418,0.009353736,-0.13457644,0.062157594,1,0.1439199298620224
5e1d5bd6d2d4acc43be60452,600010.SH,包钢股份,2024-06-30,-0.040954493,-0.05086485,0.17198548,-0.024061881,-0.12252435,0.010406903,2,0.1719854772090912
0ecbd7e94a6a602f43fd6606,600011.SH,华能国际,2024-04-05,-0.0962871,0.30607027,-0.16033207,-0.041469995,-0.28852183,0.116831824,1,0.3060702681541443
f10e621fff3b040f1089eb23,600012.SH,皖通高速,2024-03-25,-0.13098706,0.26729864,-0.15881784,-0.009665061,-0.230719,0.09146632,1,0.2672986388206482
b44404ca30cdab984d2711ea,600015.SH,华夏银行,2024-06-30,-0.21602717,0.3854521,-0.21386778,0.057800308,-0.35713464,0.14829887,1,0.3854520916938782
b8dd86e5020ecb5dbcf868e3,600016.SH,民生银行,2024-06-30,-0.21134616,0.41147688,-0.24619773,0.050332442,-0.3637181,0.15618269,1,0.41147688031196594
eaf1a79df148e8d14de98156,600019.SH,宝钢股份,2024-03-15,0.11411067,-0.2584048,0.30101153,-0.10967389,0.11276747,-0.058360096,2,0.3010115325450897
ad57e2ea8e7f980a3ca0ab7e,600020.SH,中原高速,2024-03-25,-0.110613234,0.24752524,-0.149721,-0.009387761,-0.21709028,0.082069226,1,0.24752524495124817
81cf4329dfab0ebaf5c6bbca,600021.SH,上海电力,2024-04-05,-0.09833546,0.30379036,-0.16005746,-0.055656828,-0.28401965,0.13135001,1,0.3037903606891632
9ff20bb8049538e43d910e0b,600026.SH,中远海能,2024-06-30,-0.1009139,0.17848815,-0.04051418,0.016876059,-0.23206602,0.07742434,1,0.17848815023899078
08fbf6a89d235cb4e7cc9c09,600028.SH,中国石化,2024-06-30,-0.11129544,0.1380024,0.002631583,0.0030410774,-0.23154452,0.076452576,1,0.1380023956298828
f3037a8024b46f050ab688d4,600029.SH,南方航空,2024-06-30,-0.11630904,0.1860141,-0.110920355,0.0068098446,-0.17990698,0.0835035,1,0.1860141009092331
5499bc759c2794bf06b069dc,600030.SH,中信证券,2024-04-05,-0.21564561,0.4122203,-0.2760671,0.041582003,-0.33219883,0.15393594,1,0.412220299243927
5631385230d025237b0cec38,600031.SH,三一重工,2024-04-05,0.10967236,-0.019664232,0.07082454,-0.12996596,0.060944907,-0.022523554,0,0.10967236012220383
4a6890849cc88e4a0a688a2e,600033.SH,福建高速,2024-06-15,-0.15655771,0.2875635,-0.18486589,-0.012020177,-0.25496095,0.14694117,1,0.2875635027885437
99dd1d16dbfb8831fbb8c981,600035.SH,楚天高速,2024-06-30,-0.15483299,0.29459476,-0.19267565,-0.0112712765,-0.25078332,0.12200351,1,0.29459476470947266
b44f3e8811f9f33dfb6bd67c,600036.SH,招商银行,2024-03-15,-0.21478039,0.40785092,-0.26951215,0.0358623,-0.3276311,0.15083726,1,0.4078509211540222
632a10f2dd620666d3da08b1,600037.SH,歌华有线,2024-04-05,-0.2013853,0.43383566,-0.3060776,0.011730399,-0.32567325,0.15781468,1,0.4338356554508209
ab263043446e0c4dca8c169c,600038.SH,中直股份,2024-06-15,0.005395218,0.06921787,-0.06133463,-0.06149181,0.0014546813,-0.008618757,1,0.06921786814928055
1e2a4f3dac82a1561b29ebe1,600039.SH,四川路桥,2024-06-30,-0.21357334,0.46314487,-0.21293372,-0.04304079,-0.4061839,0.14901634,1,0.46314486861228943
00e9e7b41aaa235de278dbb0,600050.SH,中国联通,2024-06-15,-0.055390414,0.160189,-0.14116052,-0.009595209,-0.09539842,0.048159994,1,0.16018900275230408
d996bbf0c617f57da93049fe,600051.SH,宁波联合,2024-04-05,-0.10063854,0.23525251,-0.117751606,-0.021013705,-0.23865527,0.15925896,1,0.2352525144815445
533984551b92ad7082f27f9e,600052.SH,东望时代,2024-06-30,0.06520527,-0.08376664,0.2142641,-0.084582284,-0.006837776,-0.003462432,2,0.21426409482955933
4e022a2063c31b7338f08a44,600053.SH,九鼎投资,2024-06-15,-0.14077698,0.22009777,-0.12376647,0.06589749,-0.22771208,0.091296256,1,0.22009776532649994
59b9dd01c03b5a8770dd4a66,600054.SH,黄山旅游,2024-06-15,-0.19773303,0.28650686,-0.16533518,0.029048592,-0.28052852,0.121406764,1,0.28650686144828796
55b80468fcd64753b88a650e,600056.SH,中国医药,2024-06-30,-0.22170888,0.24872085,-0.1862245,0.23658526,-0.28761742,0.14528608,1,0.24872085452079773
2dddd2b67180f16d8355493b,600057.SH,厦门象屿,2024-04-05,-0.14147274,0.2809343,-0.080242656,0.0229347,-0.32123154,0.101098895,1,0.28093430399894714
55452048d03ec8fa9323c9b2,600058.SH,五矿发展,2024-06-30,-0.10286264,0.13219519,-0.013862535,0.033243436,-0.20438923,0.07171146,1,0.13219518959522247
4fbeb47646f7b6d065ca228b,600055.SH,万东医疗,2024-07-01,-0.10544456,0.18501937,-0.34138095,0.38529402,-0.05425289,0.004986998,3,0.38529402017593384
6d5b40938282afa1a210d034,600059.SH,古越龙山,2024-06-15,-0.11373699,0.07137144,-0.0022160686,0.08250474,-0.13941294,0.04667007,3,0.0825047418475151
f9b4a033eabf661c8c9bd3a3,600060.SH,海信视像,2024-04-05,-0.050784126,0.1728872,-0.22143513,-0.0505733,0.043647423,0.0365921,1,0.17288720607757568
0ddbcc80d77ebb043f0c06e6,600061.SH,国投资本,2024-04-05,-0.18889755,0.3612834,-0.23798558,0.064085394,-0.31272283,0.1490912,1,0.36128339171409607
4b4c8871ee09d2a686e5c1a5,600062.SH,华润双鹤,2024-04-05,-0.22046575,0.069800526,-0.10020253,0.64369637,-0.31525832,0.043290257,3,0.6436963677406311
57d9c18149b8c293f0cd8f6d,600063.SH,皖维高新,2024-04-05,-0.0013082512,-0.21564296,0.33029482,-0.0070340075,0.0021345727,-0.055309154,2,0.33029481768608093
fa5314f9c7b250a303669d28,600064.SH,南京高科,2024-03-25,-0.10382751,0.20986287,-0.13635458,0.014516956,-0.1958605,0.13877329,1,0.2098628729581833
922d6bfa4a246bcf28139c51,600066.SH,宇通客车,2024-06-15,-0.0031926036,0.15073042,-0.12965293,-0.08170897,-0.05068922,0.041051038,1,0.1507304161787033
476efaeda0347bfb6df74c01,600067.SH,冠城新材,2024-06-15,0.48715502,-0.5054728,0.44422957,-0.14418682,0.23758791,-0.17316674,0,0.487155020236969
96093a9328187f55ac321ec3,600071.SH,凤凰光学,2024-06-30,0.20191024,-0.33811805,0.07854883,-0.21762624,0.50488645,-0.16870177,4,0.5048864483833313
7d1f22635d2a28a653afeb81,600072.SH,中船科技,2024-06-30,0.4555291,0.037820216,-0.12611756,-0.21616094,0.08389975,-0.0016908827,0,0.4555290937423706
5d61a33fbe0603d73465af91,600073.SH,光明肉业,2024-06-15,-0.24902084,0.17614326,-0.04845961,0.29827464,-0.36056575,0.13156553,3,0.2982746362686157
97f8d786b1cf5de3c0fb3e8b,600075.SH,新疆天业,2024-03-15,-0.052966833,-0.038298868,0.30555215,-0.011587598,-0.19520721,0.014473299,2,0.3055521547794342
aba2a3f102e47e1e0a042613,600076.SH,康欣新材,2024-06-15,-0.01921079,-0.14528373,0.32530016,0.039891437,-0.057808742,-0.020020917,2,0.3253001570701599
9c6965ac3080eee3f82b63fa,600078.SH,澄星股份,2024-04-05,-0.06647664,-0.1283937,0.43035966,0.09597441,-0.2249456,0.0027861712,2,0.4303596615791321
744ccdcc0a851e7165dd8b32,600079.SH,ST人福,2024-04-05,-0.22379145,0.051145118,-0.10424864,0.6058343,-0.2629357,0.014513176,3,0.6058343052864075
7fac715c7d06acd6b237ccea,600080.SH,金花股份,2024-06-15,-0.2041971,0.056514878,-0.08090119,0.45947808,-0.2481073,0.038771823,3,0.45947808027267456
c0e4a7949e0941157673152d,600081.SH,东风科技,2024-06-30,0.2801212,-0.23106307,-0.036350135,-0.3071778,0.5058209,-0.09221634,4,0.5058208703994751
e0b26fdb29e49e05b6f73bd3,600082.SH,海泰发展,2024-04-05,-0.107539326,0.2015967,-0.128289,0.0030547702,-0.18702751,0.099261515,1,0.2015967071056366
ce0fde542311068ec8a65134,600084.SH,中信尼雅,2024-06-15,-0.105516866,0.06896533,0.0027394025,0.063793436,-0.13941371,0.03806123,1,0.06896533071994781
cfabc8546ca60af71b67b68f,600085.SH,同仁堂,2024-06-15,-0.26693118,0.15691927,-0.119318224,0.45164067,-0.34586048,0.09062557,3,0.45164066553115845
c7558af96725777b6a8945b1,600088.SH,中视传媒,2024-06-15,-0.2025754,0.35752532,-0.23980325,0.063988626,-0.30543008,0.13848934,1,0.3575253188610077
06ca2442a0b63cc145182f3c,600089.SH,特变电工,2024-06-30,0.37889177,-0.042637315,0.07609751,-0.1597408,-0.008103643,-0.024374912,0,0.3788917660713196
2eb6a72e88b0d08b48d2a2fc,600094.SH,大名城,2024-06-30,-0.20907392,0.2713493,-0.17508851,0.008123277,-0.30794942,0.84516436,5,0.8451643586158752
949437ecdf81c6988b3eed43,600095.SH,湘财股份,2024-06-30,-0.17658065,0.3083598,-0.19796889,0.047714997,-0.28539455,0.11871453,1,0.3083598017692566
b4201c5f68370112b1d3c856,600096.SH,云天化,2024-03-15,-0.069517106,-0.036410496,0.17174894,0.09992207,-0.17449437,0.027338501,2,0.17174893617630005
d4774f2311398a4b9722bea5,600097.SH,开创国际,2024-06-30,-0.07644839,0.05850212,-0.0065340167,0.06836136,-0.11711892,0.034936592,3,0.06836135685443878
f8860d45312f0c4566aae0ec,600098.SH,广州发展,2024-06-30,-0.05799445,0.15300529,-0.08077772,-0.026292162,-0.16312248,0.08401362,1,0.15300528705120087
4e2b4939f3685983abb562cb,600099.SH,林海股份,2024-06-15,0.029354762,0.09781318,-0.055007435,-0.082185835,-0.024043396,0.0068445196,1,0.097813181579113
1aa918744b083e167a4d4d98,600100.SH,同方股份,2024-06-30,-0.10842118,0.3751246,-0.3186971,-0.004401992,-0.19613208,0.14165051,1,0.37512460350990295
94d7972014254ecf2f371b76,600101.SH,明星电力,2024-06-30,-0.039352395,0.08830506,-0.05486627,-0.01363008,-0.08803838,0.037408892,1,0.08830506354570389
0f181afe1ee9dc0dd012372a,600103.SH,青山纸业,2024-06-15,-0.08428025,-0.11887979,0.25354165,0.068594955,-0.10574581,-0.014224398,2,0.25354164838790894
ff4d169a14382ec8889cd778,600104.SH,上汽集团,2024-03-25,-0.06318278,0.15690178,-0.14269972,-0.04933335,-0.06989566,0.083714634,1,0.1569017767906189
6e9fa1656fc2d1ca7968d442,600105.SH,永鼎股份,2024-06-30,0.24931,-0.22315763,0.05775406,-0.258672,0.4109944,-0.12924154,4,0.41099441051483154
c2d6a04f2616d56b3593a6c4,600106.SH,重庆路桥,2024-04-05,-0.14270465,0.2856839,-0.19467452,-0.009884287,-0.24951598,0.12608352,1,0.28568390011787415
236e3e5c492701d02b11ef5a,600107.SH,ST尔雅,2024-04-05,0.18883741,-0.2032179,0.0648526,-0.21442784,0.31820995,-0.1173766,4,0.3182099461555481
b01cb230f5b003b69122a2fa,600108.SH,亚盛集团,2024-04-05,-0.13525906,0.07408522,0.034520313,0.06101322,-0.20503381,0.054989744,1,0.07408522069454193
103d0e71909c213f219c442a,600109.SH,国金证券,2024-06-30,-0.21828836,0.37388524,-0.24431182,0.071172275,-0.3221357,0.13887365,1,0.37388524413108826
a42cf7862238b19d450f402b,600110.SH,诺德股份,2024-06-15,0.37903002,-0.36119685,0.28516498,-0.10130062,0.19305597,-0.10369328,0,0.3790300190448761
1c41b2d6eca13b8880722dd3,600111.SH,北方稀土,2024-06-30,-0.011340611,-0.13408414,0.25007415,-0.034939867,-0.053593345,-0.026065547,2,0.2500741481781006
06f05269f9edfdbbca9c8fda,600113.SH,浙江东日,2024-06-15,-0.18187302,0.25632268,-0.14958929,0.083814315,-0.3152993,0.75407046,5,0.7540704607963562
b8ee4fa728ccb7632d87bc27,600114.SH,东睦股份,2024-06-30,0.2880752,-0.49230507,0.33304486,-0.23589917,0.47642675,-0.16346963,4,0.47642675042152405
f450a96e86db35370a687b05,600115.SH,中国东航,2024-04-05,-0.12587167,0.19584255,-0.12029928,0.0040789675,-0.18712363,0.09207705,1,0.19584254920482635
2cd291fcedb2a40034f769a0,600116.SH,三峡水利,2024-06-30,-0.10523851,0.23562892,-0.1321416,-0.018738262,-0.25322646,0.12083292,1,0.2356289178133011
c795abbdeeac7f91f4ac774f,600117.SH,西宁特钢,2024-06-15,0.025078446,-0.11281466,0.1417716,-0.044292275,0.019004244,-0.025489673,2,0.141771599650383
112e2615fad95ead19441109,600118.SH,中国卫星,2024-06-15,-0.08586946,0.2925055,-0.2532295,-0.027317293,-0.10688513,0.05213738,1,0.29250550270080566
d3393808f69aa8eb79300492,600119.SH,长江投资,2024-06-30,-0.18386462,0.35827473,-0.1734769,0.060095884,-0.3467701,0.13716835,1,0.3582747280597687
c470cbe961bb78ffcc0dd90e,600120.SH,浙江东方,2024-06-30,-0.14668658,0.2340174,-0.10659143,0.053766094,-0.2575366,0.10347671,1,0.23401740193367004
18b6b7a6f3e6d41bd99ce1df,600121.SH,郑州煤电,2024-06-30,-0.106534064,0.13413173,0.017211033,0.024965398,-0.25938722,0.075666875,1,0.13413172960281372
e2d3b33a47b884a206ff6b63,600123.SH,兰花科创,2024-04-05,-0.084417865,-0.00031987787,0.14231879,0.023159392,-0.18313786,0.026372207,2,0.14231878519058228
becca01afa61924a169ad878,600125.SH,铁龙物流,2024-06-30,-0.061255693,0.10582003,-0.032619312,-0.0017293878,-0.13785155,0.041817356,1,0.10582002997398376
7b8a8494d43ac066bb787eaf,600126.SH,杭钢股份,2024-03-25,-0.0617719,0.10428618,0.046459097,-0.06556432,-0.19055168,0.11640472,5,0.11640471965074539
3c1813e11dd5260728c47e99,600127.SH,金健米业,2024-06-15,-0.17183322,0.10352001,0.044118784,0.18037313,-0.28435177,0.07357617,3,0.18037313222885132
0a852589287289b58dcb0a71,600128.SH,苏豪弘业,2024-03-25,-0.14731216,0.17647944,-0.043144125,0.04698913,-0.24232025,0.09053064,1,0.17647944390773773
67ced0b159f53578fc337397,600129.SH,太极集团,2024-06-30,-0.22959983,0.09947884,-0.10018521,0.4132027,-0.28540075,0.0744952,3,0.413202702999115
408f618ebc67c56771c402a7,600130.SH,*ST波导,2024-04-05,0.03472081,0.085510656,-0.26306883,-0.12308613,0.24431354,-0.01168878,4,0.2443135380744934
68194546f2c886a37a28f15f,600131.SH,国网信通,2024-06-15,0.027255926,0.3956937,-0.31031418,-0.11066643,-0.12418175,0.04678067,1,0.39569368958473206
c5ebf2e5f7f5cc3a46c79969,600132.SH,重庆啤酒,2024-07-01,-0.095519125,0.06174473,0.009010113,0.07448564,-0.14351226,0.047679946,3,0.07448563724756241
31a2f7c5cf8f216ef58b75df,600133.SH,东湖高新,2024-06-15,-0.09917286,0.25388676,-0.07895902,-0.030744975,-0.2555117,0.15879269,1,0.25388675928115845
8d73f36af02630dc206f3d62,600135.SH,乐凯胶片,2024-06-30,0.06575833,-0.343982,0.33727103,-0.058452792,0.22172566,-0.13187541,2,0.3372710347175598
07c44b1e1ad777d947cf651b,600136.SH,ST明诚,2024-06-30,-0.13685246,0.18135841,-0.115890816,0.048322577,-0.18588388,0.072213046,1,0.18135841190814972
3e036e4456b89ea6d19afeb3,600137.SH,浪莎股份,2024-06-30,-0.23368093,0.19882742,-0.07178153,0.098619886,-0.25915816,0.10350141,1,0.19882741570472717
771f24388c92073f4a6a1c90,600138.SH,中青旅,2024-04-05,-0.19677381,0.32751793,-0.22489986,0.035522893,-0.2778157,0.13407506,1,0.32751792669296265
06379aaa15c596e7541cf177,600141.SH,兴发集团,2024-06-30,0.04261091,-0.280258,0.32997474,0.025756368,0.03873131,-0.07638636,2,0.3299747407436371
527651d04861ebe9f55fc56e,600148.SH,长春一东,2024-06-15,0.17240277,-0.24278377,0.125161,-0.17136475,0.28696385,-0.09740704,4,0.2869638502597809
f1e5a2e1a3848f93b047148f,600149.SH,廊坊发展,2024-06-30,-0.1466257,0.19322889,-0.079633184,0.016783232,-0.22946295,0.124216564,1,0.19322888553142548
e02fc52c6add7bcf9b79f161,600150.SH,中国船舶,2024-06-15,0.0076963874,0.01824013,-0.008899259,-0.058781892,-0.004681972,0.0015165756,1,0.018240129575133324
a0d9f2c38c01fc2fa412fe8e,600151.SH,航天机电,2024-06-30,0.2665365,-0.37997743,0.118591554,-0.2689552,0.54423285,-0.15059042,4,0.5442328453063965
16f4a4b58cee28ac8a982a01,600152.SH,维科技术,2024-06-15,0.6662893,-0.33373106,0.10766116,-0.2303929,0.39109242,-0.14724115,0,0.6662893295288086
2ff851225a22a57cf573edcc,600153.SH,建发股份,2024-06-30,-0.15982087,0.27559292,-0.1229056,0.0457213,-0.28976968,0.110145696,1,0.2755929231643677
60c6a70624f9b93d55ecf63d,600155.SH,华创云信,2024-07-01,-0.14443415,0.3616618,-0.33575073,0.05775106,-0.18092693,0.0767064,1,0.36166179180145264
3e3ea5edbf6c1eb40546897f,600156.SH,华升股份,2024-06-30,-0.12197598,-0.016231721,0.18856642,0.09520996,-0.1727471,0.033072725,2,0.1885664165019989
881d9370536de43d2d1390a3,600157.SH,永泰能源,2024-06-30,-0.08583353,0.1426452,-0.009479179,-0.009263522,-0.23149465,0.06607648,1,0.1426451951265335
aed0d17d4e950e406eb4afe3,600158.SH,中体产业,2024-06-30,-0.1948271,0.3763408,-0.22878821,0.031217216,-0.3153056,0.13871472,1,0.3763408064842224
e47669e7482814fd5d0575f6,600159.SH,大龙地产,2024-06-30,-0.1357942,0.18614429,-0.14107732,0.0030283397,-0.21418557,0.76660246,5,0.7666024565696716
fb970a4259e9e805641ac2b1,600160.SH,巨化股份,2024-06-30,0.08010279,-0.40607116,0.640195,-0.054549787,0.058492836,-0.12201558,2,0.6401950120925903
55bff5a23aabc561f7194394,600161.SH,天坛生物,2024-03-15,-0.22283418,0.05732596,-0.073725596,0.5949397,-0.29381493,0.034087382,3,0.5949397087097168
c2cbca36a8faf1e785270f37,600162.SH,香江控股,2024-06-30,-0.1920493,0.28319815,-0.17192096,0.013274215,-0.27217638,0.20880783,1,0.28319814801216125
25c9768a7b7edf3015e7f0f9,600163.SH,中闽能源,2024-06-30,-0.10517631,0.24791393,-0.09720937,-0.038941808,-0.26836526,0.10562626,1,0.2479139268398285
ccc06e01eb4e9bd16cda0562,600165.SH,ST宁科,2024-06-30,-0.04186262,-0.15483882,0.24342553,0.05182562,-0.053565025,-0.031367853,2,0.24342553317546844
b39e28123c4eca17aa10d926,600166.SH,福田汽车,2024-06-30,-0.06367816,0.14775723,-0.10095325,-0.045746766,-0.10112098,0.069085225,1,0.14775723218917847
1d99b8505cf891a7c9c019d9,600167.SH,联美控股,2024-06-30,-0.03035964,0.062051862,-0.034402754,-0.012046039,-0.06352036,0.026838047,1,0.062051862478256226
52ffabbd10b91c1fad4d7717,600168.SH,武汉控股,2024-06-30,-0.14231433,0.25882745,-0.12960477,0.008755787,-0.2537635,0.10750679,1,0.25882744789123535
2411ffd821046eef5a8e5828,600169.SH,ST太重,2024-04-05,0.092198506,-0.10331796,0.13018921,-0.10364273,0.044254467,-0.040254876,2,0.1301892101764679
e31e1baca10121e3a317a61c,600170.SH,上海建工,2024-06-30,-0.0815923,0.4093813,-0.13681497,-0.15286562,-0.3173807,0.14743154,1,0.40938130021095276
ee033c34158cd814f90ab290,600171.SH,上海贝岭,2024-06-30,0.19431451,-0.27179784,-0.0538247,-0.1601644,0.4961927,-0.14362778,4,0.49619269371032715
5bd601404324beb7f0ffcd70,600172.SH,黄河旋风,2024-06-15,0.08410632,-0.24509862,0.28771272,-0.06477849,0.10621792,-0.08692034,2,0.2877127230167389
41516e45f9d9a41cda9a6e73,600173.SH,卧龙新能,2024-06-15,0.16409983,-0.093826324,-0.019009849,-0.1777457,0.21855308,-0.054510012,4,0.2185530811548233
7743cf082251124380d6d68a,600176.SH,中国巨石,2024-06-30,0.08582197,-0.25877693,0.2947447,-0.08319667,0.11007977,-0.07222599,2,0.29474470019340515
6e44818d068c0e90b26b628d,600177.SH,雅戈尔,2024-06-30,-0.25061604,0.25147727,-0.068602934,0.0751089,-0.31512964,0.15507908,1,0.25147727131843567
869a9caa1b6fca7940b8ff8b,600178.SH,东安动力,2024-06-30,0.12872566,-0.1546126,0.04127958,-0.13760522,0.23328373,-0.06572964,4,0.23328372836112976
84264c3eb62f622867deffab,600179.SH,安通控股,2024-06-30,-0.122987024,0.21338607,-0.08639356,0.017975979,-0.2437673,0.08299906,1,0.21338607370853424
acfbc2a37759e291aaebceee,600180.SH,瑞茂通,2024-06-30,-0.09912656,0.23777638,-0.054793123,0.037827097,-0.28317812,0.0807009,1,0.23777638375759125
1c39069e78837b4c705780c8,600182.SH,S佳通,2024-06-30,-0.006490752,-0.08809242,0.14069395,-0.049781732,0.019859172,-0.00094129145,2,0.14069394767284393
79c96fbbf9d8e99f4f57c363,600183.SH,生益科技,2024-06-30,0.21361077,-0.5874326,0.3900265,-0.18488118,0.57575786,-0.21964458,4,0.5757578611373901
6e450ceb26b7ec8d335c7bb8,600184.SH,光电股份,2024-06-15,0.14111637,-0.079578854,-0.037479475,-0.14819185,0.25734472,-0.102029495,4,0.25734472274780273
4fe9b6f6078c3b6029463875,600185.SH,珠免集团,2024-06-30,-0.14406979,0.16613817,-0.10878052,0.05016975,-0.16845629,0.09703916,1,0.1661381721496582
a278f861163b7ec979965646,600186.SH,莲花控股,2024-06-30,-0.16989376,-0.025776938,0.12860708,0.3253001,-0.24055241,0.03395674,3,0.32530009746551514
fc7673c5843df934ee6023ec,600187.SH,国中水务,2024-06-30,-0.123469934,0.22322905,-0.108705685,-0.0009579072,-0.22742449,0.08996427,1,0.2232290506362915
1fb191f42b7dfb6535368e1f,600188.SH,兖矿能源,2024-06-30,-0.095012695,0.08316156,0.075872205,0.016822763,-0.23220575,0.053563774,1,0.08316156268119812
5baf85e619358187690db6c5,600189.SH,泉阳泉,2024-07-01,-0.119022824,0.08320977,-0.0023399517,0.071569405,-0.16353501,0.061283164,1,0.08320976793766022
87d2350e874cd5393fc043e8,600191.SH,华资实业,2024-06-30,-0.1226007,-0.010284875,0.123560704,0.22025466,-0.21676517,0.03516957,3,0.22025465965270996
92f4a91086c830c0f4b2596e,600192.SH,长城电工,2024-06-30,0.2481753,-0.014443157,-0.024433402,-0.106882095,0.03548388,-0.021920227,0,0.24817529320716858
dbefe2f50a51134d930a25b8,600193.SH,*ST创兴,2024-06-30,-0.12890269,0.20601255,-0.108352326,-0.029211795,-0.1997847,0.12947524,1,0.2060125470161438
f1804fbaef25ee8e443851e6,600195.SH,中牧股份,2024-06-15,-0.07528307,0.0096655,0.04129131,0.27642286,-0.16669104,-0.0012818029,3,0.2764228582382202
ab82c1c47d8665ca478b404d,600196.SH,复星医药,2024-04-05,-0.25110808,0.17308074,-0.24821363,0.53368926,-0.28125268,0.088327274,3,0.5336892604827881
0cb0103b118d2092aaba0b0e,600197.SH,伊力特,2024-06-30,-0.15627798,0.11186438,-0.0049192235,0.08778923,-0.20623548,0.073596604,1,0.11186438053846359
eb5300687c3436bb210102bb,600198.SH,大唐电信,2024-06-30,-0.013893992,0.2660847,-0.36742017,-0.08572763,0.06683142,-0.0069821165,1,0.2660847008228302
c9f1545cce70c25b7f047c7d,600199.SH,金种子酒,2024-06-30,-0.15659796,0.09313195,0.028858624,0.11457967,-0.20860767,0.060144257,3,0.11457967013120651
9c354a47b1bdae43ab1e5951,600201.SH,生物股份,2024-06-30,-0.06785079,0.005169238,0.016900312,0.21566948,-0.13514458,-0.0028989422,3,0.21566948294639587
ea020c3c7f2f3aed8561a499,600202.SH,哈空调,2024-06-15,0.11286105,-0.10593921,0.10924855,-0.14973971,0.09249678,-0.05657099,0,0.11286105215549469
15b772c94d04ee95a563e03e,600203.SH,福日电子,2024-06-30,0.11829861,-0.14008453,-0.06484035,-0.244497,0.434188,-0.08204674,4,0.43418800830841064
dbd5dfd33098035533bcf46e,600206.SH,有研新材,2024-04-05,0.1279576,-0.45337597,0.29815036,-0.14494064,0.41876465,-0.15576549,4,0.4187646508216858
83a527123bcd6fab16abaab7,600207.SH,安彩高科,2024-03-15,0.46706924,-0.44485283,0.41405445,-0.08529297,0.18131593,-0.14016758,0,0.46706923842430115
6f337d778963d5110aca6d01,600208.SH,衢州发展,2024-06-15,-0.1720605,0.34408113,-0.19386122,-0.045292716,-0.2968609,0.14831945,1,0.3440811336040497
e89df58e135e6e69a40a0dce,600210.SH,紫江企业,2024-06-30,-0.013926191,-0.22015686,0.3143896,-0.017544797,0.045146126,-0.044661097,2,0.31438958644866943
783e9a1ce319d592e9e0febe,600211.SH,西藏药业,2024-06-15,-0.1580227,0.019038422,-0.029377248,0.3558079,-0.20219193,0.048631363,3,0.355807900428772
7651f9bff463e1d22b5059fd,600212.SH,绿能慧充,2024-06-30,0.5631537,0.05493051,-0.16685417,-0.16891488,0.08630401,-0.028029336,0,0.5631536841392517
d4fc416337dcd6c5fec20e7d,600215.SH,派斯林,2024-07-01,0.13273525,-0.14399956,0.0027654883,-0.17458971,0.26899317,-0.05858141,4,0.26899316906929016
526506fe444dcd7e6f675c16,600216.SH,浙江医药,2024-04-05,-0.16032009,-0.12738582,0.13598429,0.6747774,-0.23742679,-0.024182864,3,0.6747773885726929
ca655baed97003930526f627,600217.SH,中再资环,2024-06-30,-0.07908341,0.135928,0.09204524,-0.004034497,-0.22188929,0.050402395,1,0.13592800498008728
b556dabcaf5796f962140fd7,600218.SH,全柴动力,2024-06-15,0.16358349,-0.14223966,0.07749873,-0.21418244,0.23037022,-0.07753317,4,0.23037022352218628
925a2041316e8896bf787482,600219.SH,南山铝业,2024-06-15,0.095557086,-0.27940658,0.31665945,-0.0812455,0.1225363,-0.084622905,2,0.31665945053100586
b171c718037a18ccc88dd7e6,600221.SH,海航控股,2024-06-30,-0.121629834,0.17725942,-0.12285151,0.021555452,-0.17639944,0.08616349,1,0.1772594153881073
7b28624234c4a48f9317bb71,600222.SH,太龙药业,2024-06-15,-0.1891899,0.031620048,-0.024926698,0.4851727,-0.2709678,0.026239246,3,0.48517268896102905
03395c074ff53f25616c0941,600223.SH,福瑞达,2024-06-15,-0.14536534,0.047588125,0.014659366,0.20090419,-0.16432878,0.027590781,3,0.20090419054031372
9978136f31b04297b82ee561,600226.SH,亨通股份,2024-06-15,0.1575085,-0.027154367,0.031985387,-0.13236335,0.09081493,-0.05908254,0,0.1575085073709488
72d29e4b6f50c840bc5eda32,600227.SH,赤天化,2024-06-15,-0.0986416,-0.005188966,0.1268526,0.16467379,-0.19677086,0.019698573,3,0.1646737903356552
af6240c32c9dd7f44d94288a,600228.SH,*ST返利,2024-06-30,-0.19787845,0.3212207,-0.2323048,0.07300198,-0.24661005,0.10080994,1,0.3212206959724426
eddef2ec49bf9183cd93b6d8,600229.SH,城市传媒,2024-06-30,-0.22264361,0.33744958,-0.18426904,0.045170844,-0.32533306,0.14422752,1,0.3374495804309845
4b555fb31b4e8c47f5262423,600230.SH,沧州大化,2024-06-15,-0.02164018,-0.268609,0.49612296,0.03299011,-0.05533471,-0.056628533,2,0.49612295627593994
0655f63275005e9887b50fc0,600231.SH,凌钢股份,2024-06-15,-0.013863118,-0.08306324,0.20443317,-0.00084934756,-0.10202666,0.0023872955,2,0.20443317294120789
9e7c83a9c7be430fc3a39b5f,600232.SH,金鹰股份,2024-04-05,-0.0024429827,-0.10348276,0.15975344,-0.001659818,-0.018268235,-0.023140758,2,0.1597534418106079
5583f36bdc788c03caca4616,600233.SH,圆通速递,2024-06-15,-0.23868668,0.3645268,-0.21814287,0.03951973,-0.33865982,0.15425928,1,0.36452680826187134
8c616a021972be3c95d5165e,600234.SH,科新发展,2024-06-15,-0.03837367,0.17916602,-0.10358659,-0.10016195,-0.12237336,0.058006823,1,0.1791660189628601
8cd61fa34ac993d10c0d9b72,600235.SH,民丰特纸,2024-06-15,0.051773436,-0.28150463,0.35230896,-0.02424172,0.07664779,-0.080458485,2,0.3523089587688446
ddd7b5284fd913e62854ab96,600236.SH,桂冠电力,2024-06-15,-0.06820665,0.18044622,-0.08332887,-0.015733946,-0.20342249,0.06925772,1,0.18044622242450714
1e609db142c9c3122fea55c7,600237.SH,铜峰电子,2024-06-15,0.29497725,-0.5242171,0.31120673,-0.19768645,0.54717374,-0.22235255,4,0.5471737384796143
a0948bfd2f0258b98a638607,600238.SH,*ST椰岛,2024-06-30,-0.11611667,0.09307602,-0.038837623,0.08446035,-0.15786989,0.06513919,1,0.09307602047920227
7ccb9fe21e5caf28b0902f43,600239.SH,云南城投,2024-06-30,-0.18022086,0.3128009,-0.19907919,-0.024484394,-0.29921177,0.66876405,5,0.668764054775238
775c875dac565d4318ede354,600241.SH,时代万恒,2024-06-30,0.03680484,0.04759641,0.116864145,0.025003798,-0.2911207,0.06736082,2,0.1168641448020935
d3c89f6ed56a47ebbbc5d9bf,600243.SH,*ST海华,2024-04-05,0.011348962,-0.08219601,0.12182134,-0.05860439,-2.1476299e-05,-0.017648447,2,0.1218213364481926
caefacb56185af5848784e00,600246.SH,万通发展,2024-07-01,-0.06854004,0.2985718,-0.2866632,-0.054602202,-0.15125339,0.7817873,5,0.7817872762680054
c8de87f1305ea3092b39acb7,600248.SH,陕建股份,2024-06-30,-0.16055353,0.43709272,-0.23103262,-0.10756186,-0.3422237,0.17002885,1,0.43709272146224976
7f17b3c56f48f54557ccca4f,600249.SH,两面针,2024-04-05,-0.16389641,0.11080389,-0.059288748,0.13682859,-0.18655492,0.093185924,3,0.13682858645915985
370dcc66269cd470421a22cc,600250.SH,南京商旅,2024-06-30,-0.17259921,0.2927128,-0.18511315,0.017047543,-0.26547828,0.13775963,1,0.2927128076553345
2ec08e941ad9d3c47a9f7d13,600251.SH,冠农股份,2024-03-15,-0.122765586,0.0052304063,0.13752124,0.16152936,-0.2101489,0.024577826,3,0.16152936220169067
15249546fdb7e1c9578503c1,600252.SH,中恒集团,2024-06-30,-0.1731494,0.057528384,-0.041367292,0.3867396,-0.25108668,0.049538177,3,0.3867396116256714
651edc25a44c07443dd30592,600255.SH,鑫科材料,2024-06-30,0.12524074,-0.40588403,0.38362432,-0.104638256,0.26415843,-0.14701538,2,0.3836243152618408
dd53d52d4493e520aa98af9e,600256.SH,广汇能源,2024-04-05,-0.09191942,0.12159652,0.025859756,0.001812838,-0.23925896,0.056127068,1,0.12159652262926102
c9d52eae851c64c9e1be8139,600257.SH,大湖股份,2024-04-05,-0.087274134,0.07233423,-0.00803566,0.06846139,-0.14878145,0.036787923,1,0.07233422994613647
b2957521f577673ae4036528,600258.SH,首旅酒店,2024-06-30,-0.1564797,0.2304899,-0.1549653,0.0405851,-0.21404763,0.1029816,1,0.23048989474773407
0c3b08e47c43ee3453b19d38,600259.SH,中稀有色,2024-06-15,-0.04719292,-0.007004327,0.13787338,-0.0028128056,-0.17599285,0.04190933,2,0.13787338137626648
6f181bbe64b9d1adda937e08,600261.SH,阳光照明,2024-06-30,0.0044126436,-0.029490933,0.017558206,-0.08445568,0.11392902,0.007941343,4,0.11392901837825775
6443a1bb0ac1b0311fdc057e,600262.SH,北方股份,2024-06-15,0.14401557,-0.08548016,0.059306152,-0.10768135,0.109297015,-0.05351931,0,0.14401556551456451
d53b5946803e9aff5d0d646f,600265.SH,ST景谷,2024-06-30,-0.027204432,-0.022964485,0.07758278,0.007004698,-0.054451972,0.0148958955,2,0.07758277654647827
419e7ca5007a66e107cdedb3,600266.SH,城建发展,2024-06-30,-0.23535052,0.37131658,-0.23052347,0.009031383,-0.38376018,0.8715478,5,0.8715478181838989
08a6fbe4958c480b4ca90f35,600267.SH,海正药业,2024-06-15,-0.24413131,0.060658406,-0.04281055,0.5883863,-0.33263078,0.048242535,3,0.5883862972259521
c1d7ae35a1d974c5d2edeed1,600268.SH,国电南自,2024-06-15,0.59813744,0.18642421,-0.2835577,-0.24291588,0.06498527,-0.025589282,0,0.5981374382972717
b9e39a06944209f60ed727ba,600269.SH,赣粤高速,2024-04-05,-0.13971162,0.2382323,-0.13866292,0.0035324655,-0.23091725,0.12623863,1,0.2382322996854782
32dddaa1bc7b10022564ddaf,600271.SH,航天信息,2024-06-30,-0.1562789,0.5510695,-0.4516729,-0.016709406,-0.25116268,0.11099929,1,0.5510694980621338
fc15b5d00c71ae48300988e2,600272.SH,开开实业,2024-06-30,-0.2545984,0.19845185,-0.1425959,0.33467895,-0.31296086,0.10834442,3,0.3346789479255676
76dc847695994916ab64121c,600273.SH,嘉化能源,2024-06-15,0.045093257,-0.2316752,0.6237148,-0.038154516,-0.15586852,-0.02391189,2,0.623714804649353
d183ab863f627bc2b94400fe,600276.SH,恒瑞医药,2024-06-30,-0.20475806,0.08457969,-0.18839747,0.65483904,-0.25283343,0.021106841,3,0.654839038848877
0e657e1617981d5670c4bdb3,600278.SH,东方创业,2024-06-15,-0.13889417,0.17500481,-0.047066197,0.036604278,-0.21884257,0.08241999,1,0.17500481009483337
a196c52a4d2ea24fe1e50b1f,600279.SH,重庆港,2024-06-30,-0.089398235,0.18288681,-0.07806763,-0.014017578,-0.19846292,0.07566461,1,0.18288680911064148
e07057699f31c342fd870219,600280.SH,中央商场,2024-06-15,-0.2327701,0.37058082,-0.21350724,0.027011199,-0.35323462,0.17826931,1,0.3705808222293854
c0b6eaca0179135f98aac62a,600281.SH,华阳新材,2024-06-15,0.048575025,-0.24652478,0.34215343,-0.021730054,0.011587964,-0.07080945,2,0.3421534299850464
73e18f46d3e1d92d8d042b0b,600282.SH,南钢股份,2024-06-30,0.09154126,-0.21078393,0.29577452,-0.098347105,0.054620743,-0.045056187,2,0.29577451944351196
9d3fc8a7c5ee2ae145902926,600283.SH,钱江水利,2024-04-05,-0.11937043,0.27757174,-0.14619026,-0.029868731,-0.23950593,0.108851105,1,0.27757173776626587
95797b1497da5f5b00f6819c,600284.SH,浦东建设,2024-06-30,-0.20149171,0.5623053,-0.32333136,-0.115929246,-0.40034315,0.22470652,1,0.5623052716255188
c5c1be3f8550139d83506131,600285.SH,羚锐制药,2024-06-15,-0.21840699,0.04539546,-0.07556915,0.48276627,-0.2426074,0.029229185,3,0.4827662706375122
690ccc1af6ce5471634ad7fb,600287.SH,苏豪时尚,2024-06-15,-0.17305985,0.18742548,-0.101701304,0.04322555,-0.21988803,0.103190795,1,0.18742547929286957
5716a9c024ee5aec031506fe,600288.SH,大恒科技,2024-06-30,0.06670225,-0.12680323,-0.17190462,0.037002977,0.38127533,-0.13278331,4,0.38127532601356506
195b6752b2dcef1fc35a2a5e,600289.SH,ST信通,2024-06-30,-0.11964334,0.38254237,-0.3249379,-0.023982938,-0.16706613,0.07897666,1,0.38254237174987793
af2240f4f07100784da8a9d9,600292.SH,电投水电,2024-06-15,-0.0712527,0.22438584,-0.12466568,-0.04146411,-0.23193625,0.09714724,1,0.2243858426809311
de81d0e60ff7971597353bdf,600293.SH,三峡新材,2024-06-15,0.043930147,-0.20198296,0.22553983,-0.06948292,0.09532066,-0.04735456,2,0.22553983330726624
b0365e51eb82e6eed445689a,600295.SH,鄂尔多斯,2024-04-05,-0.07891543,0.001170176,0.09343098,0.009487854,-0.12783766,0.057067193,2,0.09343098104000092
6aa656e39e8c7e9bfcd1ee45,600298.SH,安琪酵母,2024-06-30,-0.14579175,-0.07314497,0.10848172,0.43024594,-0.17813042,-0.010891668,3,0.43024593591690063
26155d8db8856e98a714c5c1,600299.SH,安迪苏,2024-06-15,-0.072849445,-0.036909923,0.09682254,0.18518186,-0.12905672,-0.0059563788,3,0.1851818561553955
b83b0237b2e3da71ca01e6ba,600300.SH,维维股份,2024-06-30,-0.10031684,0.06038928,0.00903886,0.08474316,-0.14229369,0.04388317,3,0.08474315702915192
23a6d08bd9d02fc963eeeef3,600301.SH,华锡有色,2024-06-15,-0.025721468,-0.033107713,0.06573826,-0.0024627745,-0.041394264,0.004151976,2,0.0657382607460022
31a3c786134df8662716d1fe,600302.SH,标准股份,2024-06-15,0.08492359,-0.15069059,0.051796913,-0.06382128,0.171626,-0.0728015,4,0.1716260015964508
87a59bcb380df78ff7bb4a29,600303.SH,曙光股份,2024-06-30,-0.014890359,0.09281591,-0.07266993,-0.03767079,-0.05727695,0.03884943,1,0.09281591325998306
48d8ff62f46d3ba4f1fb5b82,600305.SH,恒顺醋业,2024-06-15,-0.2508062,0.10989634,0.0015044175,0.30470064,-0.30967334,0.09587792,3,0.304700642824173
c2f82447fd125432a8d0485b,600307.SH,酒钢宏兴,2024-06-15,0.0120519465,-0.10808134,0.21799418,-0.04508909,-0.05752725,-0.014004819,2,0.21799418330192566
407368fd9398ee1d007d5e18,600308.SH,华泰股份,2024-06-15,-0.06105655,-0.060578264,0.266016,0.034066256,-0.16462822,0.017377924,2,0.26601600646972656
767a08de550ee28e9c1014eb,600309.SH,万华化学,2024-06-15,0.015951589,-0.34878927,0.54720646,0.015157684,0.015078634,-0.10339403,2,0.547206461429596
3d61640f0ef2bd30b3e4aea1,600310.SH,广西能源,2024-06-30,-0.061566792,0.15469351,-0.06619865,-0.018627614,-0.19232255,0.076348506,1,0.15469351410865784
d62678cf85f500e6090c19e3,600312.SH,平高电气,2024-06-15,0.5815117,-0.15780279,0.047883432,-0.19579148,0.16188684,-0.10689193,0,0.5815116763114929
9aee6bd9284e368020f968f8,600313.SH,农发种业,2024-06-15,-0.116745435,0.1181163,-0.030446118,0.13955815,-0.21175987,0.058170397,3,0.13955815136432648
89234b945c87787294ce6aeb,600315.SH,上海家化,2024-06-30,-0.19335595,0.14182454,-0.056164034,0.1600828,-0.22483206,0.07749844,3,0.16008280217647552
bb667fb2ce1ed9b0b5bfb8f5,600316.SH,洪都航空,2024-06-15,-0.051964626,0.068726115,-0.06073811,-0.05226382,-0.00687244,-0.0022864137,1,0.06872611492872238
ac79c2e6b73387bf39ed6bf6,600318.SH,新力金融,2024-06-30,-0.07792877,0.22568965,-0.20752184,-0.0008252701,-0.08674885,0.03562055,1,0.22568964958190918
8b695bc701403b92e6ffae5a,600319.SH,亚星化学,2024-06-15,0.0091149155,-0.3760783,0.6540206,0.05598778,-0.028064778,-0.096411444,2,0.6540206074714661
2d20c4530b317106e3934ac9,600320.SH,振华重工,2024-06-15,0.20863867,0.0015319344,0.03749291,-0.2227494,0.07966952,-0.00575672,0,0.20863866806030273
a43136af84dbe3070bbf0aaf,600322.SH,津投城开,2024-06-15,-0.12659505,0.16123372,-0.11816625,-0.009080287,-0.2016472,0.7316178,5,0.73161780834198
494b331f91606826ce810742,600323.SH,瀚蓝环境,2024-06-15,-0.23904099,0.4918674,-0.17889656,-0.020431552,-0.4628596,0.19364032,1,0.49186739325523376
5bcb9f287c87a2305e0e3020,600325.SH,华发股份,2024-06-30,-0.22719176,0.31537443,-0.2189465,0.0275808,-0.33460444,0.8450266,5,0.8450266122817993
ebea9040d91cf20535bfd170,600326.SH,西藏天路,2024-06-15,-0.050714668,0.025076363,0.09321659,-0.016109675,-0.12917392,0.045107406,2,0.09321659058332443
0903468cdb07e8c99b9584e2,600327.SH,大东方,2024-06-15,-0.25890535,0.2671444,-0.1644944,0.17890146,-0.3266973,0.2820516,5,0.28205159306526184
3bb7f35ac036a9d1bdcf24d4,600328.SH,中盐化工,2024-06-15,-0.05244389,-0.13797124,0.33479136,0.06284782,-0.12948664,-0.015151045,2,0.334791362285614
010fe72a81df38828356ca57,600329.SH,达仁堂,2024-06-15,-0.21570131,0.069117196,-0.100622885,0.44770792,-0.24751519,0.060322903,3,0.4477079212665558
5b5c5e80581fc1d1362f422a,600330.SH,天通股份,2024-06-15,0.28429282,-0.5850151,0.38278666,-0.20331255,0.5617607,-0.22700387,4,0.5617607235908508
31192ffa449cbaf8e9fcc08f,600331.SH,宏达股份,2024-06-30,-0.08068873,-0.07488643,0.2241628,0.0935386,-0.18703154,0.011673101,2,0.22416280210018158
5e2ae22161f4bc31e3160e8c,600332.SH,白云山,2024-06-15,-0.26612437,0.14796044,-0.13236026,0.4941839,-0.33679718,0.09893995,3,0.49418389797210693
f60ff2e1ef7ac45a959a98ce,600333.SH,长春燃气,2024-06-15,-0.17563021,0.30184218,-0.13978615,-0.0018078974,-0.32025182,0.14143483,1,0.30184218287467957
8141c18c5ece80f56ec67caa,600335.SH,国机汽车,2024-06-15,-0.08063434,0.15910614,-0.14158823,-0.021425799,-0.09770416,0.06695224,1,0.15910613536834717
df8b49e84bc235365477ea28,600336.SH,澳柯玛,2024-06-15,-0.076511696,0.16303113,-0.14946896,0.101030305,-0.08552137,0.024699586,1,0.16303113102912903
166f43098ed55b40f5b5b7d2,600337.SH,美克家居,2024-06-15,-0.18498376,0.16648501,-0.016991556,0.06035552,-0.21891168,0.12117507,1,0.1664850115776062
4251de9af2583e25359f4665,600338.SH,西藏珠峰,2024-06-30,-0.07402794,-0.0108615775,0.09281879,0.040202748,-0.12246993,0.033729374,2,0.09281878918409348
a2d5eb229061684174a68ef8,600339.SH,中油工程,2024-06-15,-0.05096093,0.17853637,-0.08039047,-0.06344911,-0.17191267,0.060732663,1,0.17853637039661407
c7e5ecc10a3b9d0126a49903,600340.SH,华夏幸福,2024-06-30,-0.1073397,0.25417298,-0.15477692,-0.025873898,-0.20777166,0.09239668,1,0.2541729807853699
9b41c58c2f4b2d2dfd39e52a,600343.SH,航天动力,2024-06-15,0.15061332,-0.18941647,0.10139004,-0.13628124,0.24431162,-0.113484316,4,0.2443116158246994
2d8c3ec83a0e2d2f5f262582,600345.SH,长江通信,2024-06-15,0.026037963,0.26782185,-0.31453508,-0.12329686,0.02564642,0.007435672,1,0.2678218483924866
6b68c8bb128bd221d526aceb,600346.SH,恒力石化,2024-06-30,-0.01540524,-0.1433221,0.20447846,-0.021657296,-0.015264275,-0.027915858,2,0.204478457570076
036917e1114b546bab91ed3d,600348.SH,华阳股份,2024-06-30,0.008170394,-0.046569873,0.14323819,-0.047644492,-0.090111054,-0.0076851277,2,0.14323818683624268
237c8b320a3c0fcc15f29f4c,600350.SH,山东高速,2024-04-05,-0.14275178,0.27633524,-0.17461476,0.007338781,-0.24537513,0.10164536,1,0.2763352394104004
dcc3540e19bb6ff0898a45f6,600351.SH,亚宝药业,2024-06-30,-0.16239688,0.012807883,-0.03432282,0.41131347,-0.20126718,0.015306243,3,0.4113134741783142
05bd92d685699fbd56f0fcb7,600352.SH,浙江龙盛,2024-06-15,-0.015859317,-0.23849644,0.37457174,0.07403932,-0.04203602,-0.05286747,2,0.3745717406272888
7008e6bf0b569c81dc29364a,600353.SH,旭光电子,2024-06-15,0.2885267,-0.42996287,0.17010537,-0.228251,0.5705215,-0.21097596,4,0.5705214738845825
68bd8374907dfca4b1fb3c37,600354.SH,敦煌种业,2024-06-15,-0.108221345,0.061958406,0.020987,0.08792575,-0.16656497,0.037572797,3,0.0879257470369339
958b0d3bcb67580d5fbacf9c,600355.SH,*ST精伦,2024-06-30,0.02555538,0.15291123,-0.3182094,-0.06070812,0.15397605,0.0010743774,4,0.15397605299949646
5999221c7f7419e32376f44a,600356.SH,恒丰纸业,2024-06-15,-0.017232168,-0.15017885,0.23051612,0.020599697,-0.033807635,-0.04040718,2,0.23051612079143524
2b5c10b15890ff39204f6155,600358.SH,ST联合,2024-06-15,-0.19184135,0.23426315,-0.057133123,0.019228272,-0.3099577,0.13805857,1,0.23426315188407898
fa3f4c87909e172b84b8c5c2,600359.SH,新农开发,2024-06-15,-0.104283564,0.050298374,0.072948396,0.064374276,-0.18960908,0.04283203,2,0.0729483962059021
4afa080f2a5c9c6c7e2a85f3,600360.SH,*ST华微,2024-06-30,0.20902221,-0.29933214,0.0793239,-0.17193331,0.41351455,-0.13441172,4,0.41351455450057983
3ee2e5e7afdd5a3be0cfbabd,600361.SH,创新新材,2024-06-15,0.11972289,-0.28672585,0.30652967,-0.10859997,0.16581406,-0.085179836,2,0.3065296709537506
24c83555da9e546e03c85329,600362.SH,江西铜业,2024-06-15,-0.06914189,-0.05412591,0.16255888,0.0034121834,-0.1206478,0.014873293,2,0.1625588834285736
2fa4d792b4cae8e7e2741575,600363.SH,联创光电,2024-06-15,0.23279074,-0.32545343,0.08065638,-0.2351402,0.5138178,-0.17690755,4,0.5138177871704102
0c4ee9c5fe6b3bec12dd1efa,600365.SH,ST通葡,2024-06-15,-0.20750363,0.16113046,-0.011359513,0.13979477,-0.27871552,0.101348124,1,0.16113045811653137
fa82c61613e8602fc1235998,600366.SH,宁波韵升,2024-06-15,0.1793519,-0.33874205,0.31479892,-0.13158645,0.23903762,-0.11098683,2,0.31479892134666443
89308f3d3735def9dca925a9,600367.SH,红星发展,2024-06-15,0.020291377,-0.28412953,0.39918062,0.0015237834,0.035520993,-0.07352865,2,0.3991806209087372
53ff95aeb593b0924a1f20b7,600368.SH,五洲交通,2024-06-15,-0.12140928,0.20485257,-0.100291185,0.0034895372,-0.21914278,0.0888355,1,0.20485256612300873
e82ed66e50b80d7ea5870b0e,600369.SH,西南证券,2024-06-30,-0.19268413,0.35142797,-0.23349254,0.059437316,-0.31635964,0.1478287,1,0.35142797231674194
ff6658478bdd9f9bb8b78097,600370.SH,三房巷,2024-06-30,-0.025098233,-0.29160267,0.6283707,0.045800716,-0.10301838,-0.035135955,2,0.6283707022666931
49f97622bb3088b4ddfd6847,600371.SH,万向德农,2024-06-15,-0.10703609,0.06253307,-0.0042679617,0.10427309,-0.15194124,0.03512736,3,0.10427308827638626
9dde09869eef0ecdbbe52c44,600372.SH,中航机载,2024-06-30,0.09206212,-0.061444826,-0.045526803,-0.15046306,0.2105235,-0.07862202,4,0.21052350103855133
6109e24bf8696828a071eb11,600373.SH,中文传媒,2024-06-15,-0.17008777,0.2339727,-0.11619188,0.057320803,-0.25971952,0.14243579,1,0.2339726984500885
bee1806a08fe3f1e3d83a6c7,600375.SH,汉马科技,2024-06-15,0.053714845,0.0010871254,0.022490092,-0.09559065,0.016777974,0.0028093318,0,0.05371484532952309
237ecb7b6e02a70217984243,600376.SH,首开股份,2024-06-30,-0.21722104,0.346888,-0.23813748,0.02015961,-0.3555365,0.85381496,5,0.853814959526062
9498baec170d9ee77544c24e,600377.SH,宁沪高速,2024-06-15,-0.1235478,0.24640521,-0.13464072,0.00031577237,-0.2360656,0.09941971,1,0.2464052140712738
a201ce4baec06c713fc2bfd9,600378.SH,昊华科技,2024-06-30,0.09953292,-0.41745457,0.5618767,-0.06599144,0.15347965,-0.1588956,2,0.5618767142295837
661f402e25c0fe460c7ee070,600379.SH,宝光股份,2024-06-15,0.5782912,-0.3711857,0.19277868,-0.18614343,0.32853284,-0.18062314,0,0.5782911777496338
7b4fd944732160f7b6511300,600380.SH,健康元,2024-07-01,-0.22509193,0.01114982,-0.10482167,0.6584462,-0.22819391,0.010113411,3,0.658446192741394
8723f0eb50f0c94b33de697e,600381.SH,*ST春天,2024-04-05,-0.081169605,-0.0268705,0.019524632,0.19727996,-0.09975758,-0.00077034626,3,0.19727995991706848
a7e43c6473be174a8ede5626,600382.SH,广东明珠,2024-04-05,-0.18446761,0.21198525,-0.048481844,0.024131522,-0.2904334,0.19433562,1,0.211985245347023
d4e914833fb2aa090d419249,600383.SH,金地集团,2024-06-30,-0.19338652,0.2768688,-0.16755322,0.027017623,-0.27520496,0.20266683,1,0.2768687903881073
7df9fdebd0eeaa4dc5b71afb,600386.SH,北巴传媒,2024-06-30,-0.121813826,0.24939446,-0.17988119,0.0036089504,-0.20437573,0.10184258,1,0.2493944615125656
7b756a1b29b5aa668104e078,600388.SH,龙净环保,2024-06-15,0.17013025,-0.057928503,0.15218894,-0.1747346,0.0600555,-0.07806738,0,0.17013025283813477
05a2796209f918ba312c293a,600389.SH,江山股份,2024-06-15,-0.056512564,-0.09495692,0.23857398,0.2361975,-0.17557192,0.00042019226,2,0.23857398331165314
aa88df95d0d942ddb392d40d,600390.SH,五矿资本,2024-06-30,-0.11979393,0.21464324,-0.09773938,0.050336078,-0.24598297,0.085068785,1,0.21464323997497559
001cc31013f3989516aac2cd,600391.SH,航发科技,2024-06-30,0.11998249,-0.16458282,0.13491118,-0.17310399,0.199505,-0.09402372,4,0.1995050013065338
d07b1ff6ce5f1443e612ccf2,600392.SH,盛和资源,2024-06-30,-0.049733315,-0.1425718,0.29613054,-0.033442054,-0.09403077,-0.009387488,2,0.29613053798675537
8d065903acc5f437380ebe08,600395.SH,盘江股份,2024-06-15,-0.08813355,0.044555265,0.07603263,0.021806454,-0.1900283,0.03959056,2,0.07603263109922409
4112a1a472367e0152f243be,600396.SH,华电辽能,2024-06-15,-0.091235295,0.27993107,-0.13373244,-0.05850877,-0.2678152,0.107698105,1,0.27993106842041016
063eb0dd1a3cb6b1b9b569e1,600397.SH,江钨装备,2024-06-15,0.21995714,-0.3953404,0.3001345,-0.12779881,0.33664542,-0.16946587,4,0.3366454243659973
d8a756d530868693042b98dd,600398.SH,海澜之家,2024-06-15,-0.25451076,0.3024516,-0.17001404,0.07615513,-0.3112959,0.14526244,1,0.30245161056518555
4a4fa681e54d2d30d59dcd39,600399.SH,抚顺特钢,2024-06-15,0.0769017,-0.17607209,0.17535737,-0.06385758,0.09262949,-0.06565373,2,0.1753573715686798
a81db504118f3f0941df1517,600400.SH,红豆股份,2024-06-30,-0.24781111,0.2356515,-0.080672204,0.08893469,-0.30749458,0.12871565,1,0.23565149307250977
88fa611b37f25c8766db55d9,600403.SH,大有能源,2024-06-15,-0.09219165,0.03786074,0.110459685,0.038659357,-0.21059677,0.03812488,2,0.11045968532562256
9c651c86aff22e0779f1a33d,600405.SH,动力源,2024-06-15,0.6605167,-0.020716365,-0.18886615,-0.21615185,0.2251843,-0.09236217,0,0.6605166792869568
1c420f980410e9563f6d5033,600406.SH,国电南瑞,2024-06-15,0.37344283,0.25370693,-0.28075495,-0.13262267,-0.08258257,0.1046227,0,0.3734428286552429
f825b13adc8f4d8dafed2836,600408.SH,安泰集团,2024-06-15,-0.018811617,-0.037433892,0.116870224,0.0029534735,-0.074345306,0.004768354,2,0.1168702244758606
5e59bc9fa3d2c9f98e57bc2d,600409.SH,三友化工,2024-04-05,0.030982468,-0.1994347,0.31494173,0.0024205595,-0.018267572,-0.052640457,2,0.31494173407554626
3d275af7ca538957818a0399,600410.SH,华胜天成,2024-06-30,-0.100226626,0.54861706,-0.5173923,0.008527935,-0.1681836,0.08653555,1,0.5486170649528503
e3ff49c924a73743c4f7b517,600415.SH,小商品城,2026-03-13,-0.079782344,0.09308723,-0.055947542,0.03498586,-0.10368319,0.044721525,1,0.09308723360300064
d00c02a117cbfd8b26c8bb4c,600416.SH,湘电股份,2024-03-25,0.6256552,-0.3057243,0.11867026,-0.29465386,0.3226041,-0.13836989,0,0.6256551742553711
6dd073ed3f9937a41002e664,600418.SH,江淮汽车,2024-06-30,-0.01987452,0.08357955,-0.10065639,-0.06052842,0.013509076,0.032474637,1,0.08357954770326614
52a8d4fe0bfc649a9f1b2ec4,600419.SH,天润乳业,2024-06-30,-0.14326201,0.11276995,0.003448545,0.095748514,-0.22368397,0.060971506,1,0.1127699464559555
30364993b9a358f984758ef3,600420.SH,国药现代,2024-06-30,-0.24095286,0.030736955,-0.06768465,0.66953635,-0.30429167,0.05467466,3,0.6695363521575928
c2b38ffce28d8bab6ec82356,600421.SH,*ST华嵘,2024-06-30,0.013634572,0.06584575,-0.023245329,-0.08680815,-0.043134876,0.04663177,1,0.06584575027227402
6f1ff07e17af97a4d08ae4c0,600422.SH,昆药集团,2024-06-15,-0.14911316,0.010352189,-0.029385744,0.4026967,-0.20535716,0.019449528,3,0.4026966989040375
f46aa5f94da81a1c1d9e58c1,600423.SH,柳化股份,2024-06-15,-0.024409335,-0.12764011,0.23387054,0.12663834,-0.10075437,-0.018974684,2,0.23387053608894348
1d86b0b2e2cdd39344e8eef3,600425.SH,青松建化,2024-06-15,-0.012365588,-0.04463937,0.17783758,-0.027315412,-0.094279975,0.0146186445,2,0.1778375804424286
baf09080c18eae94cba12760,600426.SH,华鲁恒升,2024-06-30,-0.040677957,-0.19112271,0.33519402,0.15346794,-0.11973809,-0.042721383,2,0.33519402146339417
84aff9ae20c0a70c8a23ac48,600428.SH,中远海特,2024-06-15,-0.038707357,0.1445469,-0.051198184,-0.05969187,-0.13329987,0.04655414,1,0.14454689621925354
aa7a03d49c52f67b99443890,600429.SH,三元股份,2024-06-30,-0.1812608,0.14966367,-0.04360578,0.12948012,-0.2353218,0.09403751,1,0.14966367185115814
13b83ea7c650899a71d5c10c,600433.SH,冠豪高新,2024-06-15,0.005464391,-0.19709852,0.28362125,0.011450797,0.046776846,-0.06671959,2,0.28362125158309937
ac44d539aac8f773ef6fe38a,600435.SH,北方导航,2024-04-05,0.07871634,0.044767395,-0.18085557,-0.16132537,0.23337924,-0.06260895,4,0.23337924480438232
4092558c9cbbe39ad4cc3d77,600436.SH,片仔癀,2024-06-15,-0.24251097,0.04548187,-0.024660949,0.48639145,-0.2739515,0.034420867,3,0.48639145493507385
94468182e3d1c972a0c43ac8,600438.SH,通威股份,2024-06-30,0.24831086,-0.12278673,0.21230096,0.064065546,-0.16394275,0.00046602776,0,0.2483108639717102
59943c02c2cb4d5f19020469,600439.SH,瑞贝卡,2024-06-15,-0.19564566,0.10991522,0.04661064,0.13961872,-0.23699111,0.08006118,3,0.13961872458457947
b8aeee1259633c0315d66cc8,600444.SH,国机通用,2024-06-30,0.121321484,-0.19681785,0.28936315,-0.11811173,0.10624519,-0.06865579,2,0.28936314582824707
6764d6ea5f18837516b16701,600446.SH,金证股份,2024-06-30,-0.13036712,0.46479505,-0.3897402,0.029002208,-0.17832063,0.06853588,1,0.4647950530052185
03b43ae2a9ecafc466db243e,600448.SH,华纺股份,2024-06-15,-0.097136386,-0.11109518,0.2773021,0.09362858,-0.10489585,-0.011695697,2,0.277302086353302
3665c4e610ebffd0c355359f,600449.SH,宁夏建材,2024-06-30,-0.014935599,-0.022767693,0.10503286,-0.013154534,-0.08697531,0.014859557,2,0.10503286123275757
df9e9a322c732e1e167681ff,600452.SH,涪陵电力,2024-06-30,0.014405089,0.17235164,-0.107010216,-0.07521912,-0.12921321,0.061470926,1,0.1723516434431076
c06c58905b97b69de2ca53d1,600455.SH,博通股份,2024-06-15,0.012255177,-0.008633489,-0.03333589,-0.02377526,0.04784216,-0.020407943,4,0.04784215986728668
2caeda3adf6e214f1ff7bf2c,600456.SH,宝钛股份,2024-03-15,0.103051186,-0.29853106,0.32901862,-0.09380716,0.15344614,-0.11165467,2,0.32901862263679504
e18cbb5f0291572dc9a35f6e,600458.SH,时代新材,2024-06-30,0.19693246,-0.3386234,0.38354683,-0.1801561,0.2093304,-0.11803534,2,0.3835468292236328
e2908724f25ad9d287c9a2da,600459.SH,贵研铂业,2024-06-30,0.072070606,-0.2761621,0.2984015,-0.03997601,0.10240785,-0.085630536,2,0.29840150475502014
3674781a668733a3eb369ccc,600460.SH,士兰微,2024-06-30,0.16618657,-0.27979633,0.042745546,-0.18352829,0.42646188,-0.13910203,4,0.4264618754386902
c33b1f0b75adde1296fe26e6,600461.SH,洪城环境,2024-06-30,-0.12003459,0.25625598,-0.12867367,-0.027488623,-0.23443756,0.0989267,1,0.25625598430633545
16444976d4c4635895212152,600463.SH,空港股份,2024-06-30,-0.12722981,0.25644585,-0.14216194,-0.005413735,-0.22787096,0.098044924,1,0.25644585490226746
be1408dd85fa6d07df20ff7a,600467.SH,好当家,2024-06-15,-0.104462214,0.074049175,-0.0167778,0.089399725,-0.14626767,0.034433614,3,0.08939972519874573
bc552ba1592f3842d1e34b22,600468.SH,百利电气,2024-06-15,0.53205305,-0.23187697,0.081648335,-0.15786253,0.23912509,-0.10479999,0,0.5320530533790588
0783f153f9d842f359a879ab,600469.SH,风神股份,2024-06-15,0.041070838,-0.23036963,0.2993312,-0.057613447,0.09439549,-0.047261626,2,0.2993311882019043
227274e704d5a10460b2b0bb,600470.SH,六国化工,2024-06-15,-0.06845563,-0.0918183,0.27896637,0.17661557,-0.19018869,-0.0020480445,2,0.27896636724472046
9e7bdbed77dc1fe04829923e,600475.SH,华光环能,2024-06-15,0.5131957,0.08735016,0.037162837,-0.22937183,-0.114070125,-0.008019809,0,0.5131956934928894
67dc14230bf5fb43dbc50657,600476.SH,湘邮科技,2024-06-15,-0.20993434,0.5402568,-0.40688932,0.042860016,-0.2894662,0.092786536,1,0.5402567982673645
3a374c6ba80c76a8c96da02c,600477.SH,杭萧钢构,2024-06-15,-0.036843974,0.05418145,0.072354056,-0.06892632,-0.11724575,0.06529302,2,0.07235405594110489
2a09becb8508aa27533eb589,600478.SH,科力远,2024-06-30,0.6015266,-0.28793392,0.11117347,-0.24614574,0.3139469,-0.13927434,0,0.6015266180038452
c62c82401ec1263c93d010f0,600479.SH,千金药业,2024-06-15,-0.22835188,0.0773476,-0.09345495,0.4946968,-0.2829743,0.05086666,3,0.49469679594039917
57fdf4b9ebfbe26cc6f2ffc9,600480.SH,凌云股份,2024-06-15,0.18388931,-0.34404236,0.22429335,-0.21212116,0.35845438,-0.09744015,4,0.3584543764591217
d50fe8b3d62e01bb06397edb,600481.SH,双良节能,2024-06-30,0.5787897,-0.38962638,0.30688834,-0.21959606,0.25616595,-0.14079405,0,0.5787897109985352
cb33c627e225bfdd202add4f,600483.SH,福能股份,2024-06-15,-0.024934135,0.18952425,-0.062717244,-0.06984735,-0.19681185,0.062879525,1,0.18952424824237823
a5e69667bd4c8df4d5945447,600486.SH,扬农化工,2024-06-15,-0.06474552,-0.07753651,0.22018552,0.29980323,-0.19323601,-0.0006512962,3,0.299803227186203
31702a0a6d361ee45101456a,600487.SH,亨通光电,2024-06-30,0.21081252,0.0068150386,-0.012236346,-0.16980183,0.12109988,-0.05930136,0,0.2108125239610672
a6feedd3131403e7a7fba8f8,600488.SH,津药药业,2024-06-15,-0.19990486,-0.010441861,-0.0020958688,0.5339077,-0.2488853,0.038219035,3,0.5339077115058899
7f2cca5ddef1e379ebd6df35,600489.SH,中金黄金,2024-06-15,-0.09004727,0.031207168,0.06915073,0.025636815,-0.14823757,0.042753853,2,0.06915073096752167
8e6ab3cfcee0190ecc0dde64,600490.SH,鹏欣资源,2024-06-30,-0.039386086,-0.047844276,0.15678695,-0.008519677,-0.101286784,0.017543714,2,0.1567869484424591
3245b59c414992e09055ee48,600491.SH,龙元建设,2024-06-30,-0.20123899,0.5128412,-0.24997318,-0.13058065,-0.38603258,0.2158408,1,0.5128412246704102
bb68e1d98ef8391159c32cf5,600493.SH,凤竹纺织,2024-06-15,-0.057763264,-0.10209379,0.2763894,0.053295307,-0.10549183,-0.00043925922,2,0.27638939023017883
7a22553621d272127a012bf5,600495.SH,晋西车轴,2024-06-15,0.052333277,-0.044345237,0.1129979,-0.07891599,0.010445397,-0.021266837,2,0.11299789696931839
8cf4ca81d18fde8800b2bb23,600496.SH,精工钢构,2024-06-15,0.02758747,-0.018017063,0.103192754,-0.116710514,-0.015493432,0.018930685,2,0.1031927540898323
672c7ab4456ca93a2ad1da37,600497.SH,驰宏锌锗,2024-06-30,-0.014020307,-0.11744548,0.16831133,-0.02594943,-0.031010484,-0.019225908,2,0.16831132769584656
86e7e9b879404975fd44f1fa,600498.SH,烽火通信,2024-06-15,0.05384495,0.16131073,-0.24420041,-0.087196626,0.086464465,-0.009277755,1,0.16131073236465454
da14243edb89c883347376ae,600499.SH,科达制造,2024-06-15,0.105505876,-0.17291638,0.19726716,-0.16370487,0.16562691,-0.046071425,2,0.19726715981960297
05dd9c0c80e32e21242e515a,600500.SH,中化国际,2024-06-30,0.06361957,-0.38777605,0.46221358,-0.0261041,0.15288071,-0.10620882,2,0.46221357583999634
f297d6d99015a7380b3ab3af,600501.SH,航天晨光,2024-06-30,0.23238802,-0.19908759,0.14201325,-0.2555726,0.27103502,-0.121238805,4,0.27103501558303833
371cd2ed386e87c3eed6572e,600502.SH,安徽建工,2024-06-15,-0.1319689,0.4344135,-0.17943968,-0.12759784,-0.33727303,0.14856401,1,0.43441349267959595
2f0558c1a9f0fd830ef2383b,600503.SH,华丽家族,2024-06-30,-0.18628116,0.24655844,-0.1572039,0.017010419,-0.288993,0.85204935,5,0.8520493507385254
224a86965ff217f3d87a84b2,600505.SH,西昌电力,2024-06-15,-0.024996268,0.06450777,-0.04147304,-0.009705614,-0.06364114,0.024331458,1,0.06450776755809784
700da4146803598cc3c8f13e,600506.SH,统一股份,2024-06-15,-0.057269294,-0.05372668,0.15155254,0.07170859,-0.10824171,-0.0050317394,2,0.15155254304409027
8a7c4cee47507a6c579d83e8,600507.SH,方大特钢,2024-06-30,0.034010425,-0.13716297,0.16979425,-0.04681101,0.02777467,-0.029186,2,0.1697942465543747
5e20a0b21958e56b9de72f02,600508.SH,上海能源,2024-06-15,-0.051400896,0.06137164,0.08775976,-0.031483196,-0.19953041,0.05939137,2,0.08775976300239563
c66d45f2c426d56e78369a8c,600509.SH,天富能源,2024-06-30,-0.11958829,0.28334624,-0.12016155,-0.054634407,-0.2865138,0.10740035,1,0.2833462357521057
ffc598263b19cdf7254fe349,600510.SH,黑牡丹,2024-06-30,-0.05845069,0.02052163,0.11750408,0.009700975,-0.14349566,0.04277556,2,0.11750408262014389
8db9d40af785d6d06897efea,600511.SH,国药股份,2024-04-05,-0.23177242,0.30591136,-0.19525307,0.21254447,-0.34252694,0.11896836,1,0.3059113621711731
e684b0c18835879c7413f338,600512.SH,腾达建设,2024-06-15,-0.19066551,0.5401536,-0.29841608,-0.13934928,-0.3851019,0.22101845,1,0.5401536226272583
d078bd69c764ab0e8c2e3d12,600513.SH,联环药业,2024-06-15,-0.20465398,-0.013925325,-0.024302015,0.59574103,-0.24315271,0.010942552,3,0.5957410335540771
b6ea5cb9fe24902aece722e1,600515.SH,海南机场,2024-06-30,-0.0821007,0.13134581,-0.0907251,0.008355593,-0.13095336,0.059030674,1,0.13134580850601196
2c4229b0f1b33a4a2911b8d2,600516.SH,方大炭素,2024-06-15,0.08290023,-0.22295737,0.27662474,-0.067956395,0.058128312,-0.072319195,2,0.27662473917007446
359a61e1363559df3add7d15,600517.SH,国网英大,2024-06-30,-0.020174813,0.23854864,-0.17668407,-0.05787464,-0.1546077,0.11867421,1,0.2385486364364624
18aca1e382f1a60a67c23f92,600518.SH,康美药业,2024-06-30,-0.2106517,0.06207829,-0.0014504814,0.4432357,-0.28547657,0.046830222,3,0.44323569536209106
2e82b73596b33b12600214cf,600519.SH,贵州茅台,2024-03-15,-0.1435118,0.09169326,0.0038688825,0.08962017,-0.1890857,0.052888125,1,0.09169325977563858
a27fb9deaa8539ece8b8614b,600520.SH,三佳科技,2024-06-15,0.18371876,-0.4400366,0.18540962,-0.14289513,0.5287985,-0.2003852,4,0.528798520565033
54f8d431522d0549ab684516,600521.SH,华海药业,2024-06-30,-0.22635037,0.024668207,-0.04100042,0.5890708,-0.28227693,0.03077922,3,0.5890707969665527
e67286ca81d9e3adf80deda4,600522.SH,中天科技,2024-06-15,0.20829612,-0.01310573,0.014377883,-0.2077524,0.12959439,-0.046981264,0,0.20829612016677856
73aa985fc3f8b6c15f37a7ff,600523.SH,贵航股份,2024-06-15,0.07602205,-0.13893504,-0.0008810619,-0.15775284,0.2358863,-0.04917119,4,0.23588630557060242
8a74e068c5b4c867c7d72ff7,600525.SH,ST长园,2024-06-30,0.6547385,-0.068274416,-0.0070784073,-0.19566062,0.11751175,-0.07831311,0,0.6547384858131409
99d5058dc7e6bc50bf6f868f,600526.SH,菲达环保,2024-06-30,0.16869861,-0.02115187,0.11774176,-0.188128,0.0669479,-0.063696995,0,0.16869860887527466
0c2371e8200e0f853bbe4530,600527.SH,江南高纤,2024-06-15,0.017277468,-0.22639701,0.32108003,0.0019693747,0.00669439,-0.05136752,2,0.3210800290107727
8f53e9a9431ce8d8e73d3ddc,600528.SH,中铁工业,2024-06-30,0.096352614,0.068164825,-0.029376721,-0.18685162,0.036149994,-0.0137754865,0,0.09635261446237564
d807422c2af6daa41724d0cd,600529.SH,山东药玻,2024-06-15,-0.0052198498,-0.3036706,0.29319426,0.43409348,-0.0010468736,-0.10742544,3,0.4340934753417969
b57dd5df6d81bbeabfcb1d9f,600530.SH,交大昂立,2024-06-30,-0.30788025,0.19692609,-0.14405616,0.47385532,-0.3531328,0.11385421,3,0.47385531663894653
2caacaefd4e560cd507fa661,600531.SH,豫光金铅,2024-06-15,0.01732937,-0.109655574,0.1943835,0.0032879403,-0.047923353,-0.019334104,2,0.19438350200653076
d4ae27c416a4ea66164b0a36,600533.SH,栖霞建设,2024-06-15,-0.04328675,0.054330483,-0.039167676,0.0056484523,-0.06695202,0.15931565,5,0.15931564569473267
69be36d6e61da4867f544297,600535.SH,天士力,2024-06-30,-0.1893976,0.035494454,-0.07685788,0.46210027,-0.2264027,0.040885583,3,0.4621002674102783
98d733a04d0d110bb7ddc4dd,600536.SH,中国软件,2024-06-15,-0.12904072,0.5776829,-0.47243008,-0.034527548,-0.20320953,0.075214714,1,0.5776829123497009
2c40adc71e9e7d397d954b4c,600537.SH,亿晶光电,2024-06-30,0.13147005,-0.04707935,0.015575608,-0.052862324,0.046462327,-0.014829311,0,0.13147005438804626
bc0a1d2fe6c31462449cc730,600538.SH,国发股份,2024-06-30,-0.11033419,0.010472562,0.020158773,0.23317638,-0.14471875,0.009323243,3,0.23317638039588928
566fd73b95834fa07a99a4f1,600539.SH,狮头股份,2024-06-15,-0.04791029,0.032435518,0.15508248,-0.0064083724,-0.18945873,0.035399154,2,0.15508247911930084
7d317f8b74b43ef4b9fdc3c4,600540.SH,新赛股份,2024-06-15,-0.074919395,0.014452724,0.09776412,0.049696237,-0.15069978,0.026107255,2,0.09776411950588226
708cf580d9985cf9e4c2aa25,600543.SH,莫高股份,2024-06-15,-0.099323235,0.065184444,0.008657003,0.07639047,-0.15570335,0.040773995,3,0.07639046758413315
ad31e3e5857a22c0824cfc1c,600545.SH,卓郎智能,2024-06-30,0.067134514,-0.10690226,0.065496415,-0.03784133,0.09746866,-0.05741518,4,0.09746865928173065
689ff303d9a45307ad30fc42,600546.SH,山煤国际,2024-06-30,-0.1137624,0.07897777,0.061051235,0.03139685,-0.2191865,0.05381662,1,0.07897777110338211
ebed92852737d3c9816bf88a,600547.SH,山东黄金,2024-06-30,-0.09488073,0.029213864,0.07786401,0.062156852,-0.15787233,0.031693067,2,0.07786401361227036
8070866153c262c92cf2204c,600548.SH,深高速,2024-03-20,-0.10325865,0.2318995,-0.10692909,-0.030756347,-0.22306715,0.08744212,1,0.23189949989318848
0c9d4d84af06b877d1f08b7b,600549.SH,厦门钨业,2024-06-30,0.071709424,-0.29104882,0.3016978,-0.0966074,0.14193463,-0.095939815,2,0.3016977906227112
b7477c72bb2b1efa3cfdfedf,600550.SH,保变电气,2024-06-15,0.50981236,-0.1411403,0.08621525,-0.1862289,0.091162436,-0.06974963,0,0.5098123550415039
7f706c1251b55b7719b45588,600551.SH,时代出版,2024-06-30,-0.21048401,0.26070818,-0.12399008,0.060197383,-0.2769925,0.10904963,1,0.26070818305015564
a7d90926a1b9c332c9f4f654,600552.SH,凯盛科技,2024-06-30,0.21806657,-0.4397099,0.31022197,-0.23586592,0.47091275,-0.1798335,4,0.47091275453567505
4ffc61ca52cee035c8c73213,600556.SH,天下秀,2024-06-15,-0.17606278,0.2699116,-0.19936456,0.097165726,-0.23451196,0.096355885,1,0.26991158723831177
4bf43135f7a3ec72673bd3a0,600557.SH,康缘药业,2024-06-15,-0.19776809,0.05485814,-0.08701551,0.54554987,-0.27322438,0.03600771,3,0.5455498695373535
4b741da4a4db97629fe0b581,600558.SH,大西洋,2024-06-15,0.089351244,-0.200175,0.25272575,-0.06642771,0.06397589,-0.06440286,2,0.252725750207901
3e389f3f791b4a32ef4d0ec0,600559.SH,老白干酒,2024-06-30,-0.14531969,0.10651001,0.007791823,0.09478858,-0.213361,0.057255104,1,0.10651001334190369
2e72e788b73627b282cfe6da,600560.SH,金自天正,2024-06-15,0.62302727,-0.2000169,0.10692452,-0.16002765,0.17876089,-0.12767527,0,0.6230272650718689
7907182703086322d0e8df71,600561.SH,江西长运,2024-06-30,-0.1139936,0.1877629,-0.1204488,0.0013138121,-0.17610276,0.082822576,1,0.18776290118694305
93ddc885f7ce00f9ac53f57c,600562.SH,国睿科技,2024-06-30,0.09701869,0.12781507,-0.24090342,-0.22204883,0.200272,-0.060192604,4,0.20027199387550354
95825954d1869b1727c17ef8,600563.SH,法拉电子,2024-06-30,0.2740298,-0.4931364,0.25870246,-0.18537648,0.5364347,-0.20818573,4,0.5364347100257874
6da426917506b1656bda72cd,600566.SH,济川药业,2024-03-20,-0.23064242,0.086058296,-0.11061177,0.49011785,-0.27872443,0.06463238,3,0.4901178479194641
2777a40eeb2224e218822794,600567.SH,山鹰国际,2024-06-15,-0.07639426,-0.040462196,0.2155784,0.03863313,-0.13063473,0.015122919,2,0.21557840704917908
961e6b186eddcc883324cd35,600568.SH,ST中珠,2024-06-30,-0.23683599,0.2388342,-0.26570874,0.3768708,-0.27003902,0.090579644,3,0.3768708109855652
834208f1c61f4bfdc09ec34b,600569.SH,安阳钢铁,2024-06-30,0.0368539,-0.14433557,0.23968929,-0.034192123,-0.018569915,-0.017245444,2,0.23968929052352905
f0620e96e1343bb039a001c4,600570.SH,恒生电子,2024-06-15,-0.14581417,0.5199477,-0.4579179,0.04800558,-0.19818808,0.08219248,1,0.5199477076530457
04fb04519812b8a456d53e7c,600571.SH,信雅达,2024-06-30,-0.1642571,0.5213633,-0.42901337,0.037849165,-0.22402476,0.089329936,1,0.5213633179664612
3d217819710a35458385bd3a,600572.SH,康恩贝,2024-06-30,-0.2695021,0.13210699,-0.13102864,0.5112084,-0.32652634,0.093485504,3,0.5112084150314331
c4df1325cdc6c7b12bc3bb44,600573.SH,惠泉啤酒,2024-06-15,-0.097158626,0.054534808,0.025238656,0.068063244,-0.13648787,0.037217017,3,0.06806324422359467
0d85b4e84b1738222eeaf671,600575.SH,淮河能源,2024-06-30,-0.1372917,0.15140845,0.012168974,0.025008556,-0.26632997,0.07526908,1,0.15140844881534576
25136e1dc3993cccb42e67ba,600576.SH,祥源文旅,2024-03-28,-0.17289878,0.31682515,-0.20368347,0.007700693,-0.25946972,0.11972182,1,0.31682515144348145
bbaee2edd711fdd85f0c785e,600577.SH,精达股份,2024-06-30,0.5504662,-0.5071635,0.3766971,-0.19703045,0.3409857,-0.17800166,0,0.5504661798477173
03fd7694ea53a57d3e639579,600578.SH,京能电力,2024-06-15,-0.066907495,0.2659607,-0.10967343,-0.03969542,-0.26584587,0.09162218,1,0.265960693359375
7e08c0fed7cc2ac242da0451,600579.SH,中化装备,2024-06-15,-0.009430356,-0.109306104,0.17518418,0.07726134,-0.062431216,-0.022254257,2,0.17518417537212372
d1b625a8551bff457f2f7249,600580.SH,卧龙电驱,2024-06-30,0.78783596,-0.4302561,0.19569477,-0.3780733,0.49086273,-0.19516155,0,0.787835955619812
c3af27ddef714a4262690b47,600581.SH,*ST八钢,2024-04-05,0.017622586,-0.105989076,0.23746376,-0.045717943,-0.071295075,-0.008494004,2,0.23746375739574432
28aed4f967a26f94c40e5582,600582.SH,天地科技,2024-06-30,0.19026387,0.068287276,-0.09848785,-0.14507897,0.121203065,-0.045690108,0,0.19026386737823486
9e96b13cac600360c7f0eb78,600583.SH,海油工程,2024-04-05,0.007598385,0.122353666,-0.060154114,-0.08501201,-0.08933798,0.035593078,1,0.12235366553068161
98453000f300d745bcee332f,600584.SH,长电科技,2024-03-15,0.15414192,-0.35230818,0.045956448,-0.18177095,0.5577009,-0.1643598,4,0.5577008724212646
ac6613c82887ad2abf859083,600585.SH,海螺水泥,2024-03-15,-0.040985174,-0.048517704,0.18669716,-0.0045282673,-0.10806629,0.024919752,2,0.18669715523719788
f7bbfa7af2b38ed02e5c976a,600586.SH,金晶科技,2024-06-15,0.098019,-0.21659677,0.25020492,-0.06365489,0.11004792,-0.07645626,2,0.2502049207687378
d63e7d6632a952d1867fd68f,600588.SH,用友网络,2024-03-15,-0.17789787,0.5045552,-0.37605387,0.05083648,-0.26600233,0.09677134,1,0.5045552253723145
71ce058f6c57ed49594dec39,600589.SH,大位科技,2024-06-15,-0.21697727,0.23051074,-0.13783132,0.13665763,-0.21125183,0.08173661,1,0.23051074147224426
f433097e9657aa47cfab8628,600590.SH,泰豪科技,2024-06-30,0.21907958,-0.05988942,-0.0870693,-0.19502744,0.24650227,-0.10699214,4,0.24650226533412933
64ed74625488165eece1a1c9,600592.SH,龙溪股份,2024-06-15,0.22899714,-0.38900706,0.23936288,-0.19435234,0.38990685,-0.16733062,4,0.3899068534374237
796a55c657e2c8449a945bbe,600593.SH,大连圣亚,2024-06-15,-0.1825093,0.24830952,-0.1425847,0.048754,-0.25831595,0.10941461,1,0.24830952286720276
6c90bc5074b9d03c985e2bca,600594.SH,益佰制药,2024-06-15,-0.14287895,0.015784228,-0.042550776,0.39224467,-0.18964489,0.012048865,3,0.3922446668148041
b67988385f5298b6fb3f4b9c,600595.SH,中孚实业,2024-06-15,0.034433044,-0.16588458,0.28054112,-0.06358303,-0.0315253,-0.019983996,2,0.2805411219596863
968c76f9360b830a6921b9b3,600615.SH,鑫源智造,2024-06-15,-0.112495765,0.086521775,-0.07076592,0.024757383,-0.12325299,0.05467652,1,0.08652177453041077
b95e680b1fdb2ef1843a9f70,600587.SH,新华医疗,2024-04-05,0.032975256,-0.09189154,-0.059720248,0.36635858,0.107523456,-0.106969,3,0.36635857820510864
dd40079f4f637a1a7911dfb0,600596.SH,新安股份,2024-06-30,0.054169502,-0.43209422,0.6788713,0.05205812,0.0075846873,-0.11262819,2,0.6788712739944458
483277f13f124af32330d7ef,600597.SH,光明乳业,2024-04-05,-0.16608052,0.14599156,-0.052612975,0.11498692,-0.22223681,0.1324201,1,0.14599156379699707
e210cd7280c61e43518e0c65,600598.SH,北大荒,2024-04-05,-0.1622472,0.17376083,-0.052601762,0.047867235,-0.24491742,0.07494877,1,0.17376083135604858
d629e329a96dd1d0c4a1bf39,600599.SH,*ST熊猫,2024-06-30,-0.28876373,0.29630718,0.026839301,0.11743269,-0.4582469,0.16790368,1,0.29630717635154724
dfc7e5d462feb2ddfd5c251d,600600.SH,青岛啤酒,2024-06-15,-0.13280712,0.10755485,-0.02656384,0.08490492,-0.182632,0.062339887,1,0.1075548529624939
752f6670cdb0337329ab996d,600601.SH,方正科技,2024-06-30,0.26012906,-0.4015798,0.13860202,-0.24970107,0.57731074,-0.14814314,4,0.5773107409477234
5c2883e81603caa8dabdfbe1,600602.SH,云赛智联,2024-06-30,-0.1881609,0.64486235,-0.56392205,0.0029866043,-0.26167196,0.14637044,1,0.6448623538017273
d0851928dbbd284283bae330,600603.SH,广汇物流,2024-06-30,-0.06438735,0.08146207,-0.020203589,0.005817795,-0.15627679,0.39195487,5,0.39195486903190613
7bd4733ddfb2ab0af9d0ecb4,600604.SH,市北高新,2024-04-05,-0.10991787,0.25611946,-0.19361874,0.0018623155,-0.18346988,0.09845154,1,0.2561194598674774
80b05f334b1c2cdb13cb2288,600605.SH,汇通能源,2024-06-30,-0.06664054,0.18636778,-0.09760487,-0.019922502,-0.19136786,0.0923422,1,0.18636777997016907
b21652b4dbfc1c65bcdf6337,600606.SH,绿地控股,2024-06-30,-0.18772103,0.30118826,-0.18811603,0.006945582,-0.28368157,0.21277869,1,0.30118826031684875
7b7080044911121b9334444d,600608.SH,*ST沪科,2024-03-20,-0.11232671,0.10425325,0.012304088,-0.019271208,-0.19822317,0.09045457,1,0.10425324738025665
b1c043aec8e8351e0a485de1,600609.SH,金杯汽车,2024-06-30,-0.03877494,-0.035896987,0.0035889857,-0.04188225,0.07337926,0.023591617,4,0.0733792632818222
c9cff05d1215d87b9f9b990c,600610.SH,中毅达,2024-06-30,0.05625634,-0.30935594,0.36285955,-0.020687973,0.12039427,-0.102078974,2,0.3628595471382141
976dbb04489ecc3d7ccd7481,600611.SH,大众交通,2024-03-25,-0.102008685,0.20053774,-0.13951775,-0.01077965,-0.1649135,0.08944489,1,0.20053774118423462
251ca0d8223d924a07e85c8d,600612.SH,老凤祥,2024-06-30,-0.25840804,0.26866144,-0.12215018,0.09671984,-0.31523153,0.13388291,1,0.2686614394187927
62f29319a68df012b3e62cc6,600613.SH,神奇制药,2024-06-15,-0.24804956,0.101842076,-0.12066153,0.5399819,-0.30591005,0.07868183,3,0.5399819016456604
d42f9123dba844d7b19afb6f,600616.SH,金枫酒业,2024-06-15,-0.10513537,0.05448547,0.020848457,0.08295806,-0.14046133,0.046230473,3,0.08295805752277374
c6d02c3a7bbee9cf2ee427d8,600617.SH,国新能源,2024-06-30,-0.054741263,0.10839263,-0.033559293,-0.0069259563,-0.14866275,0.062765844,1,0.108392633497715
5140664ca1ec3ae486ad1e50,600618.SH,氯碱化工,2024-06-15,-0.03913637,-0.21563405,0.5674964,0.09822373,-0.18113367,-0.007240856,2,0.5674964189529419
cbb9339042df6ffe8c49fb8b,600619.SH,海立股份,2024-04-05,0.25784558,-0.27686492,0.09815887,-0.17539138,0.3922849,-0.14225256,4,0.39228489995002747
8e47bd2e2c80e53f05c7ef70,600620.SH,天宸股份,2024-06-30,-0.17946114,0.3112648,-0.19494714,0.0068504736,-0.27378374,0.14701849,1,0.3112648129463196
805aee9223f6fcc5881cc8ad,600621.SH,华鑫股份,2024-06-30,-0.25221977,0.42780268,-0.28028378,0.05805821,-0.37832084,0.1974062,1,0.4278026819229126
86233f36ecbfd86db1135da1,600622.SH,光大嘉宝,2024-06-30,-0.15961148,0.29271582,-0.18582359,0.012643034,-0.30218202,0.83836746,5,0.8383674621582031
8e8fe1b0c6b5cb4d4bd7ee74,600623.SH,华谊集团,2024-06-30,0.04122347,-0.34856242,0.54592973,-0.07366547,0.05736077,-0.08497307,2,0.5459297299385071
bb661620305cfc00138ff631,600624.SH,ST复华,2024-06-30,-0.2426145,0.28152183,-0.15020958,0.16819583,-0.38861513,0.19965933,1,0.28152182698249817
28c42c97936b64fd56a76f79,600626.SH,申达股份,2024-06-30,0.2024045,-0.5089545,0.3850587,-0.23557325,0.45636126,-0.13630307,4,0.4563612639904022
3b7d0c2b4e31dcc83dacbb6e,600628.SH,新世界,2024-04-05,-0.25580117,0.28323784,-0.16092406,0.16500951,-0.34692955,0.20171584,1,0.28323784470558167
b953c6ac7970e552df342880,600629.SH,华建集团,2024-06-15,-0.16446614,0.53060603,-0.29605275,-0.108971864,-0.36358598,0.1830033,1,0.5306060314178467
cb5175ebd7259e0f8ca29161,600630.SH,龙头股份,2024-06-15,-0.21069139,0.19359612,-0.045009427,0.066310525,-0.24917369,0.13220085,1,0.19359612464904785
61340b04cf3633aa55505fef,600633.SH,浙数文化,2024-06-30,-0.20908567,0.46382257,-0.34476212,0.054113306,-0.31080016,0.13794887,1,0.4638225734233856
a925fe8b6dbb9abcfc1e1df9,600635.SH,大众公用,2024-03-15,-0.11191241,0.25860676,-0.13845219,-0.02380697,-0.25156486,0.11251177,1,0.25860676169395447
959b8214991a15d1941403b0,600636.SH,*ST国化,2024-04-05,-0.037810728,0.019189589,0.010961769,0.012846066,-0.056343812,0.019262435,5,0.019262434914708138
15e00aca07955105498139a8,600637.SH,东方明珠,2024-06-15,-0.14771298,0.33639276,-0.27235174,0.020148661,-0.22045052,0.12084081,1,0.33639276027679443
cc980fc7ca181a9e9c077576,600638.SH,新黄浦,2024-06-15,-0.14461379,0.18720302,-0.14441536,0.01317319,-0.21915495,0.76025414,5,0.7602541446685791
9b72f7fc97cfc73d792d6bf4,600639.SH,浦东金桥,2024-06-15,-0.09811988,0.193643,-0.114828184,-0.010942632,-0.1658018,0.088468365,1,0.1936430037021637
6bb82e995da5e3a557a0236f,600640.SH,国脉文化,2024-06-15,-0.12400926,0.28586137,-0.2292983,-0.013915508,-0.18082564,0.092457935,1,0.28586137294769287
5203807c55afdaffc34a5986,600641.SH,先导基电,2024-06-15,-0.12858339,0.101935044,-0.11498165,0.027920304,-0.10277622,0.06350867,1,0.10193504393100739
5ed9fedb9e80f9be737fd62c,600642.SH,申能股份,2024-03-25,-0.039499108,0.122866,-0.057085797,-0.02303315,-0.13756788,0.07748231,1,0.12286599725484848
d86d95f67d956cdd200c6a0a,600643.SH,爱建集团,2024-06-30,-0.16440855,0.29836196,-0.1625134,0.029798428,-0.2868344,0.13057663,1,0.29836195707321167
c808c0a8309293a476bff440,600644.SH,乐山电力,2024-04-05,-0.11020498,0.27238232,-0.13732296,-0.049960215,-0.26749188,0.15530752,1,0.27238231897354126
c432ff73da19a41281852c61,600645.SH,中源协和,2024-06-15,-0.22192001,0.13886653,-0.112279795,0.49012506,-0.32381937,0.09923077,3,0.49012506008148193
67b3b74ed3aca262da405b47,600648.SH,外高桥,2024-04-05,-0.12497533,0.18517265,-0.09685243,0.025312698,-0.19445848,0.08931937,1,0.1851726472377777
c3d8ac4d3082188c5aab109d,600649.SH,城投控股,2024-06-30,-0.14274274,0.32985628,-0.21006195,-0.03329313,-0.30149114,0.7535926,5,0.7535926103591919
50e3cc3a01730b0e06865bf2,600650.SH,锦江在线,2024-04-05,-0.098749444,0.20694819,-0.15996106,-0.0140663795,-0.15188941,0.08981323,1,0.2069481909275055
ba721cf70cee51c5949cb30c,600651.SH,飞乐音响,2024-06-30,0.09559813,-0.0059199305,-0.082990065,-0.114219755,0.16285896,-0.035646006,4,0.1628589630126953
53cf1eef5eb05914e91cafb5,600653.SH,申华控股,2024-06-30,-0.041464224,0.05565901,-0.038439244,-0.002376386,-0.058407985,0.025933713,1,0.055659011006355286
6b9e3b0868525abb5db5075b,600654.SH,中安科,2024-06-15,-0.11532168,0.34542286,-0.35410112,-0.048241377,-0.113102764,0.07318705,1,0.3454228639602661
2cc0bab066afba8224bd2bf2,600655.SH,豫园股份,2024-04-05,-0.24391182,0.29647765,-0.15462768,0.076234005,-0.32697004,0.14389387,1,0.29647764563560486
b55116f4ec25482df4621eae,600657.SH,信达地产,2024-06-30,-0.19222476,0.30192593,-0.18521646,0.024787836,-0.2922961,0.21150893,1,0.301925927400589
5c432345113cc3ac30e1f940,600658.SH,电子城,2024-04-05,-0.09858689,0.22649243,-0.15362225,-0.0018216027,-0.17086762,0.08695616,1,0.22649243474006653
37fcfed0b3c19cc2a7f02a92,600660.SH,福耀玻璃,2024-06-30,0.1354817,-0.26770222,0.11611236,-0.26338458,0.39654598,-0.09184381,4,0.39654597640037537
3875558d1958da6a4524cf41,600661.SH,昂立教育,2024-06-30,-0.25010133,0.43219787,-0.31081107,0.06324151,-0.33394045,0.1822251,1,0.4321978688240051
3e723414a2f46879cb3d6965,600662.SH,外服控股,2024-06-30,-0.21306325,0.42616755,-0.27330276,0.049621135,-0.3541108,0.17230998,1,0.4261675477027893
322b5e40d00fcd1470b8256a,600663.SH,陆家嘴,2024-06-30,-0.14875183,0.23649038,-0.15470473,0.015692463,-0.21145631,0.12107296,1,0.2364903837442398
54d48ff1ffdf21084928b4d9,600664.SH,哈药股份,2024-06-15,-0.19205038,0.03296281,-0.040271223,0.44751778,-0.23854427,0.03186433,3,0.4475177824497223
7ceb2c69ef13ef4de61931ac,600665.SH,天地源,2024-06-30,-0.16832086,0.26360413,-0.15438282,-0.006971767,-0.26439005,0.19057953,1,0.26360413432121277
3dc554d728ef6324f6db8a8f,600666.SH,奥瑞德,2024-06-30,0.06844334,-0.33358645,0.21186522,-0.05327835,0.27680948,-0.12606002,4,0.2768094837665558
9a2acabd97aae208b2bc2484,600667.SH,太极实业,2024-04-05,0.1975908,-0.3695069,0.11571008,-0.22463684,0.51870024,-0.15984902,4,0.5187002420425415
eeb8233c39c63450c8287f6f,600668.SH,尖峰集团,2024-03-25,-0.11481832,0.0023488821,0.1155671,0.16380866,-0.17537431,0.031668637,3,0.1638086587190628
9e38e58661658ae600fac143,600671.SH,天目药业,2024-06-15,-0.21979426,0.020804096,-0.042196102,0.5463475,-0.25772494,0.034368064,3,0.5463474988937378
d6d14509c695ea710ac43299,600673.SH,东阳光,2024-06-15,0.037182774,-0.19205727,0.16751614,0.0713628,0.08817771,-0.08053167,2,0.16751614212989807
cfb6062f0be95b5fc30bac5f,600674.SH,川投能源,2024-06-30,-0.07582455,0.20478627,-0.080965675,-0.011301266,-0.24073388,0.07315953,1,0.2047862708568573
341e253dad08bbf4a51be349,600675.SH,中华企业,2024-04-05,-0.23050396,0.3578838,-0.22762296,-0.008862724,-0.36694455,0.8753129,5,0.8753129243850708
64beef9b76d1b3a15905731a,600676.SH,交运股份,2024-06-30,-0.09642399,0.24985005,-0.24645671,-0.1292038,-0.08281812,0.17951329,1,0.2498500496149063
07729b5518a29d06f773443b,600678.SH,四川金顶,2024-06-30,-0.061357304,-0.08515024,0.22678469,0.0025143214,-0.12337211,0.0008046777,2,0.22678469121456146
7369b13ff692416689f15255,600679.SH,上海凤凰,2024-06-15,-0.017471101,0.0587193,-0.0052963775,-0.051203582,-0.03973891,0.053920645,1,0.05871929973363876
a4ef9f16ead810595bb3c7fe,600681.SH,百川能源,2024-06-30,-0.18359038,0.33622286,-0.1510701,0.002115922,-0.35403836,0.15449749,1,0.3362228572368622
51e65ec651bc42f8550923ac,600682.SH,南京新百,2024-06-15,-0.20462754,0.22560237,-0.19452035,0.3564867,-0.30865973,0.10264319,3,0.3564867079257965
ee3d23cbad4f6dfccb2bda7c,600683.SH,京投发展,2024-06-15,-0.20008768,0.34317255,-0.23252487,-0.016367551,-0.33302394,0.86021924,5,0.8602192401885986
fd0a1c7e45a3b7b6717d3192,600684.SH,珠江股份,2024-06-30,-0.13142832,0.16621369,-0.11684686,0.00094852503,-0.2072155,0.76115924,5,0.7611592411994934
8dbd52908ee90fc69b8a4ca6,600685.SH,中船防务,2024-06-30,0.007700111,0.042145606,-0.036913883,-0.07103416,0.006633075,-0.0025467677,1,0.04214560613036156
714cf402c5035805fa623250,600686.SH,金龙汽车,2024-06-15,-0.009371322,0.05040241,-0.018310932,-0.07575146,-0.01889291,0.02261383,1,0.050402410328388214
3eecc3ede7750d716a479551,600688.SH,上海石化,2024-06-30,-0.07330884,-0.025521966,0.15297988,0.030319005,-0.1439487,0.0308982,2,0.15297988057136536
1f70d1bb4f49e1074d92cdf4,600689.SH,上海三毛,2024-04-05,0.03917747,-0.17587514,0.19272186,-0.044741083,0.067163765,-0.056253612,2,0.19272185862064362
0096dbf967862d1b8a1bd860,600690.SH,海尔智家,2024-06-30,-0.09554839,0.25720593,-0.17905834,-0.036610294,-0.11624901,0.10035481,1,0.25720593333244324
68217164ee896666fdaebade,600691.SH,潞安化工科技有限公司,2024-06-15,-0.022057645,0.022523543,0.06695389,0.0038312227,-0.122091234,-0.000333203,2,0.06695389002561569
8b0897d0fe13e7bbe8d4ba0b,600692.SH,亚通股份,2024-06-30,-0.21148168,0.2805229,-0.17005476,0.024223482,-0.3328224,0.85027736,5,0.8502773642539978
704e8777bb9d5440686dfdc9,600693.SH,东百集团,2024-06-15,-0.23757556,0.35499343,-0.18979621,0.031229747,-0.36450678,0.17115776,1,0.35499343276023865
b6342d8e2d559f75e54137db,600694.SH,大商股份,2024-06-15,-0.23289707,0.30755723,-0.1753289,0.04842943,-0.31507394,0.17953429,1,0.30755722522735596
b78a57170f1954af40f2e132,600696.SH,*ST岩石,2024-06-30,-0.18570687,0.15551937,-0.04185133,0.09375469,-0.23460473,0.08924381,1,0.15551936626434326
6078347c15140132aabdea6e,600697.SH,欧亚集团,2024-06-30,-0.21614492,0.29711616,-0.1703698,0.041428186,-0.30436528,0.14823253,1,0.29711616039276123
d7e95077290d7498d3802258,600698.SH,湖南天雁,2024-04-05,0.22918575,-0.38218316,0.22519863,-0.2131738,0.40410602,-0.15355512,4,0.4041060209274292
757962b7482e68c92e2d87ed,600699.SH,均胜电子,2024-06-30,0.22713281,-0.14925149,-0.16781901,-0.2437599,0.54272735,-0.11671232,4,0.5427273511886597
1471905f3dd2961964d7074d,600702.SH,舍得酒业,2024-06-30,-0.16416585,0.11795731,-0.019071672,0.10860826,-0.20979056,0.05778305,1,0.11795730888843536
b06cbb48315afdfd14b0dd99,600703.SH,三安光电,2024-06-15,0.16698137,-0.39822802,0.118822806,-0.14121446,0.5105431,-0.17565481,4,0.5105431079864502
e8f9cd9faeee3c391acdc2e2,600704.SH,物产中大,2024-06-30,-0.16468652,0.25793108,-0.09902968,0.03550322,-0.2824604,0.12240044,1,0.25793108344078064
85926f79617e96d2972070b4,600706.SH,曲江文旅,2024-06-30,-0.17542078,0.2818929,-0.17842081,0.019567512,-0.2628649,0.11690306,1,0.28189289569854736
f3725e7085a8540ef98ecc41,600707.SH,彩虹股份,2024-06-30,0.04774919,-0.32224256,0.17886892,-0.08737523,0.32381457,-0.113741644,4,0.3238145709037781
d16cf14f8d2417dece2012c2,600708.SH,光明地产,2024-06-30,-0.17536846,0.31600124,-0.17979273,-0.005696823,-0.295024,0.17508852,1,0.3160012364387512
96df08fda3dda1814aa40d86,600710.SH,苏美达,2024-06-30,0.008504741,0.14510219,-0.08480258,-0.07170658,-0.10670257,0.09354213,1,0.14510218799114227
67b474388712692821030a56,600711.SH,盛屯矿业,2024-06-30,-0.028749816,-0.098503456,0.2567137,-0.046767995,-0.1076923,-0.009678511,2,0.2567136883735657
f8b7402874aa066d6a681d20,600712.SH,南宁百货,2024-06-30,-0.19650067,0.215386,-0.10999586,0.041971285,-0.25482714,0.14961642,1,0.21538600325584412
d37800009512b921b82cdcdf,600713.SH,南京医药,2024-04-05,-0.23465125,0.27398837,-0.17993248,0.21178332,-0.31161717,0.11828925,1,0.27398836612701416
0a8d12da56a43a76d06e438d,600714.SH,金瑞矿业,2024-06-15,-0.016313106,-0.122479394,0.20525557,-0.009252039,-0.020032289,-0.034301657,2,0.20525556802749634
571956490146b390e44907a7,600715.SH,文投控股,2024-06-30,-0.2216709,0.3249335,-0.1969399,0.05016219,-0.2922652,0.13749164,1,0.3249334990978241
fbe7b822703a2d3c955a5a7c,600716.SH,凤凰股份,2024-06-30,-0.21394584,0.30706918,-0.21507914,0.036465976,-0.33334702,0.8500982,5,0.850098192691803
43582840d0775e9b6b1147f3,600717.SH,天津港,2024-06-30,-0.09604068,0.16817974,-0.056901187,-0.0072490075,-0.1952019,0.075975664,1,0.1681797355413437
c266faf9cf83023e57f535b5,600718.SH,东软集团,2024-06-15,-0.11941656,0.38961357,-0.39383015,0.02595277,-0.10084904,0.043762766,1,0.3896135687828064
0ada346d3929d1a1dc0c16f0,600719.SH,大连热电,2024-06-15,-0.09660288,0.27395442,-0.080333896,-0.053104244,-0.2837895,0.09035472,1,0.2739544212818146
7c3860c14e0f8f4e00549bd1,600720.SH,中交设计,2024-06-15,-0.091568395,0.32248223,-0.17695922,-0.10628963,-0.21809772,0.091281176,1,0.32248222827911377
ba20863b9beea124f98b7dfe,600721.SH,百花医药,2024-06-15,-0.11066227,-0.046542354,0.092336684,0.3407871,-0.1772874,-0.0071728826,3,0.3407871127128601
c557cedb2cdd8dbe5c054cf6,600722.SH,金牛化工,2024-06-15,-0.09470942,-0.18162994,0.46006268,0.13284896,-0.17791486,-0.016266378,2,0.4600626826286316
fdb695c09b6b1b29e770e3c6,600724.SH,宁波富达,2024-04-05,-0.12780811,0.14877537,-0.013002738,-0.002666791,-0.21465777,0.14344074,1,0.1487753689289093
073f240e14e472c5a7190d97,600725.SH,云维股份,2024-06-30,-0.017519623,-0.06272288,0.14274591,0.0034578927,-0.09033872,0.0011654894,2,0.14274591207504272
06313d559f82d96473f28e28,600726.SH,华电能源,2024-06-15,-0.09135829,0.22348696,-0.08339026,-0.04601846,-0.24785136,0.09033996,1,0.22348695993423462
e4bbed1850f1b6c3e49c46bc,600727.SH,鲁北化工,2024-04-05,0.018534329,-0.30167022,0.57582337,0.0354735,-0.087860264,-0.062131163,2,0.5758233666419983
dd18f93af7d16b4af35fbbc0,600728.SH,佳都科技,2024-06-15,-0.118539944,0.5593008,-0.4350971,-0.076904446,-0.20619494,0.087031014,1,0.5593007802963257
24fb982e8c7f30f02dacae3e,600729.SH,重庆百货,2024-06-30,-0.21555457,0.2626627,-0.16513556,0.07114175,-0.2758735,0.13402767,1,0.26266270875930786
c6f287fd5b2395166508b454,600730.SH,中国高科,2024-06-15,-0.21931978,0.39563853,-0.23316169,0.052548975,-0.33727854,0.1366433,1,0.39563852548599243
8815e115d6cd2b9c321c34da,600731.SH,湖南海利,2024-04-05,-0.099404454,-0.04864868,0.15838881,0.28800136,-0.1933604,0.0011798348,3,0.2880013585090637
0e8edce25f5274fd600c3cab,600732.SH,爱旭股份,2024-06-15,0.61784995,-0.39796937,0.24929026,-0.13200055,0.313669,-0.12661329,0,0.6178499460220337
d224e314affc41cd8727ee97,600733.SH,北汽蓝谷,2024-06-15,-0.054882914,0.14386667,-0.13957968,-0.03563508,-0.05693254,0.06417844,1,0.1438666731119156
489e545e25d19d3a588c82f2,600734.SH,实达集团,2024-06-15,0.0008895695,0.21515825,-0.34953156,-0.100444555,0.10329774,-0.022648603,1,0.21515825390815735
097321ea2d967fe4299c10be,600735.SH,ST新华锦,2024-06-30,-0.1956736,0.117531955,0.040734887,0.17233393,-0.25724944,0.071110204,3,0.17233392596244812
40ece1f07883b91d0aef0663,600736.SH,苏州高新,2024-06-30,-0.092126966,0.21042766,-0.113352984,-0.017837724,-0.20714758,0.12827045,1,0.2104276567697525
a74606a4b20000a52c4b65bd,600737.SH,中粮糖业,2024-06-15,-0.15934837,0.054002263,0.0950876,0.20738813,-0.2857194,0.06039138,3,0.20738813281059265
f47f870fb481452ae185e94d,600738.SH,丽尚国潮,2024-06-30,-0.1866468,0.26399586,-0.15042534,0.026369218,-0.25728345,0.11681851,1,0.26399585604667664
b216d0df70227f7834ad9d13,600739.SH,辽宁成大,2024-06-30,-0.1877154,0.16409677,-0.08832181,0.26672283,-0.314022,0.14241546,3,0.26672282814979553
2c788ab39d631e51f2df9e49,600740.SH,山西焦化,2024-06-30,-0.027872339,-0.029808765,0.112572566,0.015301703,-0.09472999,0.0064539528,2,0.1125725656747818
9ce03a2c80ae79a73cda91c4,600741.SH,华域汽车,2024-06-30,0.12439184,-0.22537556,-0.031399015,-0.24287935,0.43336838,-0.059476275,4,0.43336838483810425
21e7cfe79be88d748241af8f,600742.SH,富维股份,2024-06-30,0.063021645,-0.19754781,0.09170729,-0.13767527,0.23054917,-0.03810487,4,0.2305491715669632
e884cbf699ccdf5a8f1cd9fe,600743.SH,华远控股,2024-06-15,-0.15053502,0.14194489,-0.1044129,0.02703275,-0.20353481,0.47639462,5,0.4763946235179901
2b449e793f2d5c6f16bd56bd,600744.SH,华银电力,2024-06-30,-0.09444994,0.26333338,-0.12810425,-0.028816579,-0.27365693,0.097343616,1,0.26333338022232056
2e6fb514314a0156fddef0d8,600745.SH,闻泰科技,2024-06-30,0.021905668,-0.10348089,-0.08056356,-0.13703677,0.26053518,0.0067392127,4,0.26053518056869507
4127a227a464e9ed3f97a814,600746.SH,江苏索普,2024-04-05,-0.0036279922,-0.25577515,0.6030918,0.036683187,-0.16367592,-0.03164486,2,0.6030917763710022
197597187b51d36496644f5d,600748.SH,上实发展,2024-06-30,-0.19583595,0.3216947,-0.18823217,-0.0005820645,-0.29452938,0.17996426,1,0.3216947019100189
7a5213fab460d1e894f4340b,600749.SH,西藏旅游,2024-06-30,-0.1574338,0.21378925,-0.1392573,0.035411097,-0.21388134,0.10729987,1,0.21378925442695618
4e9f2a00feedad491c35f6b0,600750.SH,华润江中,2024-06-15,-0.24246754,0.12016164,-0.11880383,0.4290195,-0.29122823,0.07372192,3,0.4290195107460022
21135b2f1bf487578d35849f,600751.SH,海航科技,2024-06-30,-0.02806234,0.040556997,-0.02036621,0.005574889,-0.054151215,0.017427081,1,0.04055699706077576
fb7ed9354efe6fba62b05856,600753.SH,*ST海钦,2024-06-30,-0.117784366,0.15455662,-0.09347025,0.008030616,-0.1872667,0.2892649,5,0.28926488757133484
9d2a934d72ca3af61316051e,600754.SH,锦江酒店,2024-06-15,-0.14308107,0.22397733,-0.15358777,0.032995593,-0.20506954,0.104675144,1,0.22397732734680176
a0d629f4ad4a92288c2c83f2,600755.SH,厦门国贸,2024-03-20,-0.17861263,0.24914762,-0.069014765,0.056618944,-0.30658484,0.10236814,1,0.24914762377738953
116e2baf130b0686149e9545,600756.SH,浪潮软件,2024-04-05,-0.15336995,0.5832259,-0.43688002,-0.04576329,-0.25184125,0.09396072,1,0.5832259058952332
4d9d7c3ab0d96f2f3964d91a,600757.SH,长江传媒,2024-06-30,-0.17426673,0.22718617,-0.12211794,0.07518853,-0.25625518,0.1492781,1,0.2271861732006073
71b5308d840e3322d394b83a,600758.SH,辽宁能源,2024-04-05,-0.075421736,0.16084518,-0.018308965,-0.036902517,-0.23263407,0.06567667,1,0.16084517538547516
603a42959ffcdba4c38769a6,600759.SH,洲际油气,2024-06-30,-0.121668056,0.11106231,-0.006576498,0.043623872,-0.21432832,0.07093989,1,0.11106231063604355
2812de56bd7d54624405edac,600760.SH,中航沈飞,2024-06-30,-0.032265894,0.108331665,-0.08989981,-0.0742261,-0.0010372382,0.013793182,1,0.10833166539669037
1d54b6b6857b21cb04372dd4,600761.SH,安徽合力,2024-06-30,0.03617142,0.00046840217,0.027628303,-0.10659513,0.00933731,0.0122074615,0,0.03617142140865326
d6828927ce0a9b40ec3c5859,600763.SH,通策医疗,2024-06-30,-0.31393215,0.4176241,-0.35495466,0.29970664,-0.3765819,0.24753319,1,0.4176240861415863
9f464d5613b25b73e5b2d618,600764.SH,中国海防,2024-06-15,0.020075178,0.062120743,-0.08539611,-0.055972233,0.03579373,-0.017771423,1,0.062120743095874786
6f2052fb8dcaf01b3b031ade,600765.SH,中航重机,2024-06-30,0.11454375,-0.1430096,0.09907346,-0.15372542,0.16273582,-0.0841957,4,0.16273581981658936
f98305cb7418ca554e3e099d,600768.SH,宁波富邦,2024-06-15,0.08572069,-0.2745305,0.34348467,-0.107069984,0.12024859,-0.07306757,2,0.34348466992378235
20de4467e1a9f920df513517,600769.SH,祥龙电业,2024-06-30,-0.14267646,0.25356722,-0.14122587,0.013809895,-0.25058216,0.11279231,1,0.2535672187805176
1268b8469fefd6d1ec980ec3,600770.SH,综艺股份,2024-04-05,0.009213887,0.029158983,-0.09962107,-0.025092619,0.059417404,-0.022059424,4,0.05941740423440933
e66b2084992a3e091375efbb,600771.SH,广誉远,2024-06-30,-0.21761838,0.09079556,-0.08020931,0.38144746,-0.2676371,0.064862594,3,0.3814474642276764
c627c842d62415c97fa7f7a4,600773.SH,西藏城投,2024-06-15,-0.13569497,0.1680638,-0.10073239,0.009068783,-0.21834268,0.6027755,5,0.602775514125824
b7e8af90abd2be700e66c6bb,600774.SH,汉商集团,2024-06-15,-0.35099772,0.44400737,-0.31485185,0.2833429,-0.47629476,0.21979234,1,0.44400736689567566
ef005346379e83f7ecbc04b2,600775.SH,南京熊猫,2024-06-30,0.0015461687,0.37450278,-0.39715707,-0.13847695,-0.03100654,0.06892018,1,0.3745027780532837
2397c38ab9707bc01df91cf6,600776.SH,东方通信,2024-04-05,0.02038975,0.25435418,-0.33679283,-0.11921161,0.083609894,0.021428503,1,0.25435417890548706
1d0424f2dd739c255550bbc1,600777.SH,*ST新潮,2024-04-05,-0.12645732,0.10817076,0.021181665,0.032067172,-0.21922955,0.055763252,1,0.1081707626581192
7dcfbd2487e053ea2981ce31,600778.SH,友好集团,2024-04-05,-0.22075433,0.29281208,-0.151519,0.037530214,-0.3091258,0.13531025,1,0.2928120791912079
af3afec74f8dc94f4d73a560,600779.SH,水井坊,2024-06-30,-0.1809637,0.15412275,-0.05426506,0.09036276,-0.22658716,0.11457938,1,0.1541227549314499
3c29c152dd640985bb261e4f,600780.SH,通宝能源,2024-06-15,-0.06280873,0.19331561,-0.053557318,-0.03225328,-0.22756265,0.064040594,1,0.19331561028957367
43b5161b6e37cef97de8db0c,600782.SH,新钢股份,2024-06-30,0.06816506,-0.18118009,0.2728926,-0.06816408,0.008110269,-0.034668863,2,0.2728925943374634
dccd42c4f3b19a7b28fe90cd,600783.SH,鲁信创投,2024-06-15,-0.11287007,0.20147714,-0.10023823,0.02066839,-0.19979388,0.07791877,1,0.20147714018821716
5a836ef80a4082eb97cfc691,600784.SH,鲁银投资,2024-03-25,-0.059967425,-0.033439808,0.1623069,0.027201375,-0.12979901,0.019444678,2,0.16230690479278564
8eb14ffac2091f7ea86e7bdb,600785.SH,新华百货,2024-06-30,-0.15180081,0.17872332,-0.09033362,0.03533765,-0.2143334,0.11067372,1,0.1787233203649521
01b024a67e46588e43186d9e,600787.SH,中储股份,2024-06-15,-0.13778886,0.2400753,-0.05348235,0.038248584,-0.30587742,0.114584796,1,0.24007530510425568
8c3b0cde42fab9f42132c090,600789.SH,鲁抗医药,2024-06-15,-0.22300383,-0.0013993336,0.03483203,0.6294347,-0.3209108,0.02300753,3,0.6294347047805786
8e98c656aeb7c7f7eff5368b,600790.SH,轻纺城,2024-06-15,-0.07298671,0.08560652,-0.03128649,0.02441163,-0.11384324,0.046371244,1,0.08560652285814285
d39943296706507836f92f58,600791.SH,京能置业,2024-06-30,-0.106884964,0.17980012,-0.106896736,-0.0076277354,-0.19390276,0.35094357,5,0.35094356536865234
1aa3e76d52ec3c5ed198fcf3,600792.SH,云煤能源,2024-06-30,-0.013272086,-0.025110189,0.10704103,0.0004317062,-0.08459648,0.012552869,2,0.10704103112220764
6d09c84dde345f87ddc48f79,600793.SH,宜宾纸业,2024-04-05,-0.09631707,-0.01754665,0.20829664,0.08630873,-0.18712062,0.040844318,2,0.20829664170742035
48434dae5fafc4e158f8a7ed,600794.SH,保税科技,2024-06-30,-0.16428027,0.23800151,-0.011761869,0.059673183,-0.3244407,0.09497367,1,0.2380015105009079
6aec26491a5e0a92728ad192,600795.SH,国电电力,2024-06-30,-0.08008383,0.2954872,-0.17044523,-0.055932537,-0.25924325,0.10418174,1,0.2954871952533722
08a4d71148f0b94e443bfa43,600796.SH,钱江生化,2024-06-15,-0.15911907,0.03131659,0.1482861,0.32718137,-0.25797105,0.012815111,3,0.3271813690662384
6b9ffb2b73889f6b2408b610,600797.SH,浙大网新,2024-06-30,-0.13998061,0.5843815,-0.49424267,0.0070743877,-0.20699833,0.089856304,1,0.5843815207481384
8fac6dbbf790dcb9e87f3420,600798.SH,宁波海运,2024-06-15,-0.10651486,0.16937204,-0.02664047,0.026045151,-0.2394661,0.0764587,1,0.16937203705310822
66b796420e87a8d62a4a428c,600800.SH,渤海化学,2024-04-05,-0.048446294,-0.14114334,0.42086035,0.061651476,-0.18782401,0.011456554,2,0.4208603501319885
481d83d76acacdc4b24e8946,600801.SH,华新建材,2024-06-15,0.0058091525,-0.07068383,0.1829352,-0.02181387,-0.08982834,0.011302225,2,0.1829351931810379
f503c1a2320675485deb1ff5,600802.SH,福建水泥,2024-06-30,-0.013170257,-0.06304919,0.2155806,0.012852741,-0.11480248,0.0025339052,2,0.21558059751987457
8f913ea2e738b24536ed9896,600803.SH,新奥股份,2024-06-30,-0.121380985,0.25213876,-0.08898853,-0.019096714,-0.29712313,0.096035175,1,0.25213876366615295
a860814ae278e90d9e56dd67,600805.SH,悦达投资,2024-06-30,0.06431788,0.029227503,-0.03282336,-0.12755467,0.008870222,0.06217206,0,0.06431788206100464
b856126838ec654c976fdde7,600807.SH,济高发展,2024-06-15,-0.20148765,0.40304205,-0.27107257,0.15568623,-0.38219193,0.18906584,1,0.4030420482158661
4f2a6a3c0d96c5e50d2eadb9,600808.SH,马钢股份,2024-06-30,0.052780405,-0.1824829,0.27695507,-0.0829344,0.023181392,-0.043161165,2,0.2769550681114197
16b485531f20f4d2fb5d2666,600810.SH,神马股份,2024-04-05,0.041460764,-0.2608788,0.34815842,-0.030524177,0.04630077,-0.07137737,2,0.34815841913223267
ef09da9d058dcab2d9467b5b,600812.SH,华北制药,2024-06-15,-0.17403302,-0.052360572,0.0351312,0.538225,-0.22790661,-0.00056013744,3,0.538224995136261
3efd335ccb0ee8b3553dbc1c,600814.SH,杭州解百,2024-04-05,-0.2591807,0.37294105,-0.21329165,0.047525123,-0.36307976,0.1768183,1,0.3729410469532013
3d8b77a6e7813fa634724a10,600815.SH,厦工股份,2024-06-30,0.14653595,-0.08756065,0.13429895,-0.14137034,0.078927495,-0.050721228,0,0.1465359479188919
2a69b763de6c52f6dc0f363c,600816.SH,建元信托,2024-06-30,-0.1678987,0.29334375,-0.18708633,0.060812715,-0.27029592,0.1234828,1,0.29334375262260437
ad0ccaaa8abc1535b6a6b126,600817.SH,宇通重工,2024-06-30,0.06694175,0.16072728,-0.121167935,-0.14291495,-0.027536558,0.04089226,1,0.16072727739810944
30d4ff307d1a60b8ea879da5,600818.SH,中路股份,2024-06-30,-0.043112747,0.034584254,0.05101813,-0.038099542,-0.04713619,0.05168521,5,0.051685210317373276
1a3be31375828ca904733705,600819.SH,耀皮玻璃,2024-06-15,0.06003208,-0.21147977,0.22068745,-0.060357787,0.11528521,-0.056255955,2,0.22068744897842407
7f559430036ee3aa757c5090,600820.SH,隧道股份,2024-06-30,-0.058896247,0.43040037,-0.2624864,-0.21583572,-0.20638068,0.12201206,1,0.43040037155151367
c5abd03c5cc2922c6658e02f,600821.SH,金开新能,2024-06-30,-0.09106753,0.23971702,-0.104447775,-0.035975892,-0.25710562,0.11302457,1,0.2397170215845108
a1940adf9d47c8e3f7ac3045,600822.SH,上海物贸,2024-06-15,-0.0943736,0.10658712,-0.023753505,0.009144447,-0.16362938,0.07620838,1,0.10658711940050125
954f02c1bed39b29c8038b9d,600824.SH,益民集团,2024-06-30,-0.2250446,0.27779692,-0.11307682,0.041611224,-0.31445405,0.16001083,1,0.2777969241142273
66c22707594cd9347902e4f9,600825.SH,新华传媒,2024-06-30,-0.22633111,0.37327468,-0.2296997,0.031793345,-0.3379764,0.1695593,1,0.37327468395233154
f932500e26be6d76a6995af4,600826.SH,兰生股份,2024-06-30,-0.20282274,0.31540257,-0.17854282,0.029292453,-0.27353257,0.14151716,1,0.3154025673866272
eb015347961accb27c01cf74,600827.SH,百联股份,2024-06-30,-0.14193223,0.20736848,-0.13751301,0.03286238,-0.20151451,0.10437647,1,0.20736847817897797
3515b723be856f1988758f43,600828.SH,茂业商业,2024-06-30,-0.24528909,0.31608132,-0.15580517,0.050304625,-0.34070507,0.15796418,1,0.31608131527900696
3ba8de693750c93319a262d5,600829.SH,人民同泰,2024-06-15,-0.2150148,0.26832944,-0.17187168,0.14912546,-0.30636546,0.10900302,1,0.2683294415473938
cc5b2da9b5c06c5ab3432e77,600830.SH,香溢融通,2024-06-15,-0.17071338,0.2505281,-0.13163169,0.073139235,-0.26222295,0.10087404,1,0.25052809715270996
dc2b5600cf955e6ff2ddb426,600831.SH,广电网络,2024-06-15,-0.16563955,0.36369604,-0.25975758,-0.0129567245,-0.27186117,0.12562342,1,0.36369603872299194
4c4c00c05444c38f0deb47dc,600833.SH,第一医药,2024-06-15,-0.25815514,0.3401946,-0.24975541,0.1941042,-0.33379537,0.15053892,1,0.34019461274147034
55d76077adb5d5d863e737e6,600834.SH,申通地铁,2024-06-15,-0.093883134,0.18355489,-0.12603302,-0.0015504435,-0.15816185,0.08093854,1,0.18355488777160645
98f6244dc61b970c6c2aa633,600838.SH,上海九百,2024-06-15,-0.2691668,0.353217,-0.20307654,0.069174826,-0.353752,0.18391204,1,0.3532170057296753
730531ef2a8f8ae629ff1733,600844.SH,金煤科技,2024-06-15,-0.1815519,0.15278162,-0.05489765,0.05120967,-0.19603306,0.17053545,5,0.17053544521331787
e7c97bc46f519f7e52daca45,600809.SH,山西汾酒,2024-03-15,-0.1529895,0.1030393,-0.012005909,0.09124218,-0.19128735,0.050126035,1,0.10303930193185806
7dd55746124cc559975efb65,600835.SH,上海机电,2024-04-05,0.031988222,0.13497153,-0.13498144,-0.139346,0.020497221,0.07383388,1,0.1349715292453766
64870f5fe2ea4ac3d2527426,600839.SH,四川长虹,2024-04-05,0.013334937,0.13659687,-0.20619817,-0.08510999,0.08578996,0.015015798,1,0.13659687340259552
fdf81cb27f79ff0876acdf3e,600841.SH,动力新科,2024-06-30,0.25439125,-0.37894905,0.27394342,-0.29879808,0.4203262,-0.115284316,4,0.42032620310783386
9bda0afe41bec5bfc33e7f2a,600843.SH,上工申贝,2024-06-15,0.07268833,-0.12112868,0.033015266,-0.08105893,0.1583149,-0.051020227,4,0.15831489861011505
6bb36b147c87863f03bc99f9,600845.SH,宝信软件,2024-06-30,0.013632826,0.26595765,-0.16073856,-0.13531932,-0.051760588,0.02910103,1,0.26595765352249146
aee950ce7fcf20f720ec11a8,600846.SH,同济科技,2024-06-30,-0.1564286,0.565129,-0.38322097,-0.08405023,-0.32113928,0.18025486,1,0.5651289820671082
0e04bcafc4746b64d6d645a8,600847.SH,万里股份,2024-06-30,0.3643054,-0.033183478,-0.04167796,-0.1309986,0.04729666,-0.0049762456,0,0.36430540680885315
0dd83b1991b389214c3ef4c0,600848.SH,上海临港,2024-06-30,-0.11857234,0.22538292,-0.1633293,0.015432194,-0.18692602,0.10566078,1,0.22538292407989502
11495792880aa3de138bddcb,600850.SH,电科数字,2024-06-30,-0.09508988,0.5708779,-0.49096647,-0.098323986,-0.18683542,0.12740004,1,0.5708779096603394
a1724000443a9f1be4838da3,600851.SH,海欣股份,2024-06-30,-0.11235243,-0.17514612,0.19281818,0.5549392,-0.17234696,-0.029029183,3,0.5549392104148865
9cdae213a9bc9c6721557b09,600853.SH,龙建股份,2024-06-30,-0.120678335,0.32002315,-0.14997242,-0.09839681,-0.25458825,0.10933006,1,0.32002314925193787
25a8fd64dc538f26a49dbf99,600854.SH,春兰股份,2024-06-15,-0.09654997,0.1748789,-0.026960619,-0.037350282,-0.17585462,0.14017707,1,0.17487889528274536
b309c81a0380f499d95a1ecb,600855.SH,航天长峰,2024-06-30,-0.012973618,0.25308767,-0.34893978,-0.007031897,0.032145582,0.08142895,1,0.2530876696109772
3c45c6cb62bb546e73346717,600857.SH,宁波中百,2024-06-15,-0.21968867,0.2535777,-0.1150662,0.051950473,-0.2875958,0.16844517,1,0.25357770919799805
2923f16ea4fb2ac086ccf2b8,600858.SH,银座股份,2024-06-30,-0.22168222,0.28051174,-0.15624428,0.07385036,-0.31025854,0.17030475,1,0.280511736869812
67c5c2373e0e36a109664360,600859.SH,王府井,2024-04-05,-0.26411444,0.39637133,-0.25300458,0.055492643,-0.35492012,0.17074957,1,0.39637133479118347
d241be016aedad6b5ad7ec3f,600860.SH,京城股份,2024-07-01,0.21810044,-0.27063096,0.30138677,-0.18980508,0.21954998,-0.11181167,2,0.3013867735862732
08a3b7fad866a6358e0b2bb5,600861.SH,北京人力,2024-06-30,-0.21598312,0.4341615,-0.27562058,0.045248043,-0.3512272,0.17026442,1,0.434161514043808
b80deabd63a562d9edfa4ab9,600862.SH,中航高科,2024-06-15,0.14563084,-0.28694618,0.25722998,-0.16812062,0.24856813,-0.115546584,2,0.2572299838066101
f7ff3402cee5cada9caadcbe,600863.SH,华能蒙电,2024-06-30,-0.05766382,0.17869547,-0.063941866,-0.030619891,-0.20846252,0.060247537,1,0.1786954700946808
9689df566f2fba8d9ebc797b,600864.SH,哈投股份,2024-04-05,-0.04931911,0.088874996,-0.052795663,-0.008213915,-0.095086426,0.049441904,1,0.08887499570846558
539f6b530b2110b524deba42,600865.SH,百大集团,2024-06-30,-0.047711372,0.06781789,-0.040362395,0.0063073216,-0.07157602,0.03400936,1,0.06781788915395737
87cfc8eacbc60c9f6bea8863,600866.SH,星湖科技,2024-06-15,-0.05620578,-0.102677196,0.16117355,0.19113871,-0.079845525,-0.031051265,3,0.19113871455192566
4a962b53113eb7b7b8cc25f9,600867.SH,通化东宝,2024-06-15,-0.1662395,0.036740653,-0.08995714,0.4445694,-0.19605103,0.029757146,3,0.4445694088935852
2fa25985aa4159b75af572e3,600868.SH,梅雁吉祥,2024-06-15,-0.14081438,0.26909447,-0.14021568,-0.015262236,-0.26850873,0.11882566,1,0.26909446716308594
7591018dd73755555991b862,600869.SH,远东股份,2024-06-30,0.19443831,-0.077674046,0.06859232,-0.08910538,0.030573921,-0.029005406,0,0.19443830847740173
f67906a6dbdd5ce6fa0dd35e,600871.SH,石化油服,2024-06-30,-0.04973738,0.16858654,-0.06759819,-0.054266132,-0.14284371,0.04811676,1,0.16858653724193573
3589e92a22cc9f3e6c33f801,600872.SH,中炬高新,2024-06-30,-0.25887614,0.0509561,0.088211626,0.3612103,-0.3139301,0.103686616,3,0.36121028661727905
216da80f81c143417987858b,600873.SH,梅花生物,2024-06-15,-0.097537845,-0.052344233,0.09069109,0.24903187,-0.1418089,0.017774507,3,0.24903187155723572
cd587ca8bc6be6e709511ef2,600874.SH,创业环保,2024-06-30,-0.2148064,0.40712786,-0.17148468,-0.005155246,-0.38651168,0.17485425,1,0.40712785720825195
6651e7ebc43852f72ab5c3d7,600875.SH,东方电气,2024-06-15,0.5310707,0.0028456189,-0.028733743,-0.27152413,0.051576655,-0.042874694,0,0.5310707092285156
7a01f72bdfbcdc41d519eeb6,600876.SH,凯盛新能,2024-06-15,0.089248896,-0.18906157,0.2268751,-0.07247665,0.086805165,-0.05140505,2,0.22687509655952454
299bc666c3222c08e3b6e2af,600877.SH,电科芯片,2024-06-15,0.12603427,-0.17342132,-0.046503108,-0.1253475,0.3433419,-0.114401884,4,0.3433418869972229
732cb9b9c62cc1e2a645dcb1,600879.SH,航天电子,2024-06-30,0.10712921,-0.08350819,-0.047295548,-0.14080447,0.23389393,-0.09496751,4,0.23389393091201782
21cd28c2751ee5d7cd1587f0,600880.SH,博瑞传播,2024-06-30,-0.15507102,0.36123407,-0.27167752,0.021625962,-0.21836728,0.098294295,1,0.36123406887054443
138d7acc27cb11370b8e84f6,600881.SH,亚泰集团,2024-04-05,-0.15106104,0.15928306,-0.052557927,0.06617475,-0.24463035,0.1316091,1,0.15928305685520172
b711d60edc50957bcf1d5cc6,600882.SH,妙可蓝多,2024-06-30,-0.16162851,0.073235944,0.021359034,0.13687743,-0.18038644,0.06825459,3,0.13687743246555328
2d37bfe2b81c9b1a2f5bb280,600883.SH,博闻科技,2024-06-30,-0.04064401,-0.0031555528,0.11851485,0.012246268,-0.13053444,0.03284258,2,0.11851485073566437
506e9f9bcb3e4a312c70a572,600884.SH,杉杉股份,2024-06-30,0.5841088,-0.5980906,0.41269815,-0.21357909,0.4511897,-0.19494955,0,0.584108829498291
7d1b165408e9ef82676c8298,600885.SH,宏发股份,2024-06-15,0.61229074,-0.4049428,0.1445567,-0.22210541,0.43214354,-0.19319002,0,0.6122907400131226
8bf4dc40cabd209967cdfcca,600886.SH,国投电力,2024-06-30,-0.051042236,0.20943008,-0.07981893,-0.02935071,-0.2325989,0.07490378,1,0.20943008363246918
c7cfe52eca1eb05fea62d611,600887.SH,伊利股份,2024-04-05,-0.16197175,0.12290838,-0.044543006,0.10483557,-0.20555727,0.06850656,1,0.12290838360786438
ec35e4cae649a815ed92a7d0,600888.SH,新疆众和,2024-06-15,0.10762904,-0.30180568,0.29240167,-0.066456296,0.15610783,-0.10904999,2,0.29240167140960693
aeee0434a24687eb54632796,600889.SH,南京化纤,2024-06-15,0.013726973,-0.28749654,0.4274427,0.022199916,0.018920306,-0.049298767,2,0.4274426996707916
b2b56ee4349e7690b71c0b78,600892.SH,*ST大晟,2024-04-05,-0.31690434,0.4310523,-0.29301906,0.057768226,-0.365365,0.18825127,1,0.4310522973537445
ad61f251d805f20eac3e7f16,600893.SH,航发动力,2024-06-15,0.031845156,-0.0021930523,-0.020399427,-0.1377708,0.07809212,-0.03137997,4,0.07809212058782578
79581494cbe27b8420469cd0,600894.SH,广日股份,2024-03-25,0.12884615,0.09201671,-0.074428886,-0.18583763,0.050203416,0.021726377,0,0.1288461536169052
c9ec9553054b8532f60aa9ab,600895.SH,张江高科,2024-06-30,-0.0967065,0.1908451,-0.1551373,0.03219349,-0.14627439,0.07575909,1,0.19084510207176208
1982a7c088b599d5d7a01500,601607.SH,上海医药,2024-06-30,-0.21906528,0.22657648,-0.16105321,0.20390116,-0.2866733,0.15523355,1,0.22657647728919983
d08659333af3e2d9f47034c9,002003.SZ,伟星股份,2024-06-15,0.050010566,-0.19594395,0.22636063,-0.026924446,0.12411938,-0.065265015,2,0.22636063396930695
8f8476e481281ac0b8ca9771,002004.SZ,华邦健康,2024-06-30,-0.15686291,0.00024330802,0.017533652,0.4329538,-0.23146385,0.021116352,3,0.432953804731369
e78c3acd467735c387d8482b,002005.SZ,ST德豪,2024-06-30,0.012917031,-0.09745897,0.10685473,-0.08527792,0.1458419,-0.023735302,4,0.14584189653396606
9b933846b2464d6c53dd37a8,002006.SZ,精工科技,2024-06-30,0.36220333,-0.5333362,0.361414,-0.2718278,0.5623353,-0.2116835,4,0.5623353123664856
9cddc538493a629ec52d35c6,002007.SZ,华兰生物,2024-06-15,-0.1612967,0.052745953,-0.04140582,0.47939047,-0.2824664,0.029628778,3,0.4793904721736908
ee312350c57bd64d716d0358,002008.SZ,大族激光,2024-06-30,0.2683508,-0.43436977,0.1356135,-0.22742018,0.61148995,-0.2065527,4,0.6114899516105652
616adc27783967e81b7fba46,002009.SZ,天奇股份,2024-06-15,0.11218418,-0.15492415,0.14513694,-0.15283412,0.13388263,-0.05626553,2,0.14513693749904633
0b75ce382e8fa9b463110313,002010.SZ,传化智联,2024-06-30,-0.17780456,0.3037635,-0.16820534,0.04399757,-0.2786467,0.11568044,1,0.3037635087966919
7751a2f1347028ff7ef4c462,002011.SZ,盾安环境,2024-06-30,0.21312016,-0.2516703,0.13599055,-0.20377123,0.36955473,-0.12778267,4,0.369554728269577
a7f4e85370d8b65ec33fd151,002012.SZ,凯恩股份,2024-06-30,0.08245496,-0.30605182,0.3579048,-0.052995402,0.12056104,-0.09876978,2,0.3579047918319702
9847c1f71c2cca8f3a02188e,002014.SZ,永新股份,2024-06-30,0.03587297,-0.309632,0.41059482,-0.021439271,0.10920459,-0.09589559,2,0.4105948209762573
ccc87343fa2d9508b67e18ad,002015.SZ,协鑫能科,2024-06-30,-0.003788123,0.22174425,-0.12467779,-0.0641903,-0.16922522,0.07851443,1,0.22174425423145294
0268b4a7d4d4442bfc5caa94,002016.SZ,世荣兆业,2024-06-30,-0.13632557,0.15846482,-0.10657164,0.0012958795,-0.20233418,0.7592894,5,0.7592893838882446
7eaf827da48838ab0ef51dee,002017.SZ,东信和平,2024-06-30,-0.039347652,0.31744432,-0.39293116,-0.06178797,0.019925466,0.040686347,1,0.3174443244934082
1045ee6c69882d392a2dca1e,002019.SZ,亿帆医药,2024-06-30,-0.23242827,0.013592027,-0.057757746,0.70428395,-0.28817967,0.032111764,3,0.7042839527130127
4ac3bd38a297beccaca3dd17,002020.SZ,京新药业,2024-06-15,-0.19404998,-0.018246654,0.021006722,0.66969204,-0.2951053,0.021284344,3,0.6696920394897461
a1fa349fd4eed0d69bfb2844,002021.SZ,中捷资源,2024-06-30,-0.06927843,0.016203264,0.08477737,0.02179232,-0.13541695,0.03538893,2,0.08477737009525299
24d1044b5be8969a9925fb5b,002022.SZ,科华生物,2024-06-30,-0.13792309,0.05904579,-0.13589634,0.50887716,-0.13090086,-0.0093530435,3,0.508877158164978
fbeb17915d5d7aaa9ba68c6e,002023.SZ,海特高新,2024-06-15,0.009474829,0.10315411,-0.09955122,-0.119516194,0.0524574,-0.02562221,1,0.10315410792827606
b99494ae76701545bd889a31,002024.SZ,ST易购,2024-03-15,-0.058800988,0.08496011,-0.06650715,0.013871886,-0.077644184,0.042035088,1,0.08496011048555374
f21170ab1f078e4e32c0c4e2,002025.SZ,航天电器,2024-06-15,0.14309067,-0.19283204,0.04460809,-0.1983028,0.3140408,-0.108721994,4,0.31404080986976624
23daba7e6e465cd059ccdeae,002026.SZ,山东威达,2024-06-15,0.27442685,-0.32887873,0.14721528,-0.20348942,0.41631255,-0.15621677,4,0.4163125455379486
8a497e4a40dfc541d6e3cca9,002027.SZ,分众传媒,2024-06-30,-0.20308578,0.32082558,-0.17673708,0.03963456,-0.2922013,0.16367674,1,0.32082557678222656
40542cff772fa7ab03ccea23,002028.SZ,思源电气,2024-06-30,0.71541446,-0.12910193,-0.08988483,-0.19673915,0.30176958,-0.1157455,0,0.7154144644737244
2927bf3fc290c9fd1a31218d,002029.SZ,七匹狼,2024-06-15,-0.240031,0.23486924,-0.100689106,0.07391492,-0.2765274,0.115808964,1,0.23486924171447754
d0c28e3a248fa41395d9ad0b,002030.SZ,达安基因,2024-06-15,-0.1920003,0.22921345,-0.27738804,0.38055104,-0.21963984,0.14143555,3,0.3805510401725769
ba364076a05f1d397bacc3b4,002031.SZ,巨轮智能,2024-06-15,0.21127637,-0.41277418,0.24729024,-0.21458867,0.47232175,-0.17627902,4,0.4723217487335205
1371a82bc96497864e494f64,002032.SZ,苏泊尔,2024-06-15,-0.054227695,-0.002460599,0.08232583,-0.0010859575,0.012841787,0.01979605,2,0.08232583105564117
97f15e0cf30ce90834417f92,002033.SZ,丽江股份,2024-06-30,-0.16406782,0.23781815,-0.136875,0.025620017,-0.24235457,0.11244534,1,0.2378181517124176
65c4f6e8e2fecd1a111b8d9a,002034.SZ,旺能环境,2024-06-30,-0.1622525,0.39780718,-0.07562852,-0.018258495,-0.42259496,0.14136952,1,0.39780718088150024
e115006f475459ca001feb6f,002035.SZ,华帝股份,2024-06-30,-0.13815635,0.19571722,-0.12544173,-0.008291654,-0.12412164,0.10688108,1,0.1957172155380249
9ff9d36c3f23ba39225790ae,002036.SZ,联创电子,2024-06-15,0.1391637,-0.2849791,0.020190537,-0.16174963,0.47628886,-0.14548373,4,0.4762888550758362
2d9780527796c1dc4e4db6d9,600897.SH,厦门空港,2024-06-15,-0.086754195,0.14047256,-0.08609411,0.004920043,-0.13496675,0.0524512,1,0.14047256112098694
5da951a738382ad70b77fdca,600900.SH,长江电力,2024-06-30,-0.07307416,0.24920039,-0.12068251,-0.026235927,-0.24587467,0.08516682,1,0.24920038878917694
572dc48ab7bfd2ece4cda83a,600960.SH,渤海汽车,2024-06-15,0.24714053,-0.5117841,0.34354442,-0.20553623,0.4840253,-0.17414598,4,0.4840252995491028
4d500f7838d00425449a2c1f,600963.SH,岳阳林纸,2024-06-15,-0.119943194,0.030802734,0.15535256,0.032977223,-0.21499768,0.0522359,2,0.15535256266593933
8ee95d7f67d74962a1cff6b0,600966.SH,博汇纸业,2024-06-30,-0.055895597,-0.14020553,0.26746467,0.054638162,-0.053879235,-0.026873114,2,0.26746466755867004
7ee5b7b05a6f2877eda78181,600967.SH,内蒙一机,2024-03-15,0.011230553,0.005441978,0.012220796,-0.0780221,0.025514726,-0.022775948,4,0.025514725595712662
8ed53bb66a82dcdd77da57b9,600969.SH,郴电国际,2024-06-30,-0.107244655,0.2519701,-0.12431094,-0.03452528,-0.2518515,0.10073021,1,0.251970112323761
1242026e7d2bd20273ba3e9f,600975.SH,新五丰,2024-06-15,-0.18714981,0.1543641,-0.037833378,0.18776552,-0.30039543,0.09281608,3,0.18776552379131317
5892649719cb382e191300b7,600976.SH,健民集团,2024-06-30,-0.20154394,0.041819658,-0.058563426,0.4991326,-0.25066796,0.033988226,3,0.49913260340690613
4d0d77efd9deba8448969d53,600980.SH,北矿科技,2024-06-15,0.20962416,-0.31045216,0.30125538,-0.05412487,0.21903796,-0.1409511,2,0.30125537514686584
b2b5b7724cc12933d87b9a87,600985.SH,淮北矿业,2024-06-15,-0.11581228,0.07908545,0.07361297,0.02600375,-0.22546186,0.04969076,1,0.07908544689416885
28ce36d312f75904e4cdadcc,600986.SH,浙文互联,2024-06-30,-0.27873537,0.45532364,-0.31894952,0.09072533,-0.34725487,0.16958503,1,0.45532363653182983
da2adb792b884aa23d28f636,600988.SH,赤峰黄金,2024-06-30,-0.11118162,0.07392283,0.013036084,0.041905336,-0.16705048,0.047669858,1,0.07392282783985138
1ab38ee249e7968ebd8e4ca5,600990.SH,四创电子,2024-06-30,-0.050548322,0.2314508,-0.20180972,-0.09883782,-0.02021785,0.012254259,1,0.23145079612731934
9c50ba6e6e5d172f0a14cb70,600992.SH,贵绳股份,2024-06-30,0.06663506,-0.118897006,0.18096864,-0.06310295,0.010399114,-0.032731876,2,0.18096864223480225
4f4041172c6eecb1777b84c5,600993.SH,马应龙,2024-06-15,-0.27980134,0.16145167,-0.1650601,0.4596536,-0.32064486,0.09874306,3,0.4596535861492157
e45706ecbf947cb97cd09e2a,600995.SH,南网储能,2024-06-30,-0.02948625,0.12197344,-0.06496478,-0.027948283,-0.1314657,0.06824304,1,0.1219734400510788
6f3996d046fccaf882435525,600997.SH,开滦股份,2024-06-30,-0.07126109,0.026993698,0.06680436,0.012432126,-0.14189114,0.030415615,2,0.06680435687303543
1928de203afafdf1ee7ab7cf,002037.SZ,保利联合,2024-06-30,-0.0321816,0.033117536,0.12896068,-0.004834436,-0.13988617,-0.00017544022,2,0.12896068394184113
ff0553ca34ed52b4531d2027,002038.SZ,双鹭药业,2024-06-15,-0.20784315,0.042588715,-0.08385696,0.59153503,-0.25886652,0.029130122,3,0.5915350317955017
725d2839812ecae839127332,002039.SZ,黔源电力,2024-06-15,-0.067842126,0.17311145,-0.06911061,-0.014611959,-0.20757979,0.06063986,1,0.1731114536523819
4a4741b567f8b43c717c6092,002040.SZ,南京港,2024-06-15,-0.09607989,0.17745386,-0.048109174,0.0055507775,-0.21358281,0.07146075,1,0.17745386064052582
7c9ae93bf2899f70c33e2a26,002041.SZ,登海种业,2024-06-30,-0.11888522,0.06704587,0.023874018,0.122275665,-0.18250182,0.042600706,3,0.12227566540241241
99a827faee916f6d54017d1d,002042.SZ,华孚时尚,2024-06-30,-0.06952436,-0.08649345,0.2446591,0.06409539,-0.08325047,-0.0024074567,2,0.24465909600257874
29fe8dbc3a3242c9bdafcfff,002043.SZ,兔宝宝,2024-06-30,-0.023409035,-0.10516413,0.23697068,0.0033419263,-0.037211265,-0.0016123662,2,0.2369706779718399
ea3cbd9e5943412bf314175f,002044.SZ,美年健康,2024-06-30,-0.36309937,0.5207973,-0.40057665,0.35939264,-0.5038847,0.2154895,1,0.5207973122596741
6ffe8a0a61e2c199d3dc00f6,002045.SZ,国光电器,2024-06-15,0.227993,-0.3551326,0.05099567,-0.26527485,0.61831576,-0.16874397,4,0.6183157563209534
2b8bb5a117546aef2ce56a0f,002046.SZ,国机精工,2024-06-15,0.20695601,-0.36457616,0.24743614,-0.18889277,0.36602294,-0.14896497,4,0.3660229444503784
0a50aa5971f634668a467ca8,002047.SZ,*ST宝鹰,2024-06-30,-0.12423587,0.2165322,-0.122221194,-0.07234354,-0.18460357,0.11357361,1,0.21653220057487488
316c652aeb671cf89c8e4c0c,002048.SZ,宁波华翔,2024-06-30,0.11735957,-0.28221083,0.14208947,-0.23190172,0.36938912,-0.043576367,4,0.3693891167640686
4aee93258e2d711b3f7f3763,002049.SZ,紫光国微,2024-06-30,0.11231516,-0.094010964,-0.13695502,-0.09433507,0.31797656,-0.10439225,4,0.31797656416893005
44de2fd61441a755764d1cf4,002050.SZ,三花智控,2024-06-30,0.29441673,-0.25010407,0.10646414,-0.28896478,0.41526625,-0.14746389,4,0.4152662456035614
a94e8d37c9dd643263a8ad2c,002051.SZ,中工国际,2024-06-30,-0.039554827,0.4479634,-0.19619274,-0.17828365,-0.28970736,0.10885533,1,0.4479633867740631
fab7377d0844ba6ba204e8ae,002052.SZ,同洲电子,2024-06-15,-0.05605425,0.23958912,-0.31718916,-0.055052098,0.0052336827,0.045316663,1,0.239589124917984
dc26b4bf94b0a3bf0bdfc680,002053.SZ,云南能投,2024-06-15,-0.12914108,0.19770437,-0.042214103,0.007843517,-0.28870022,0.115008235,1,0.19770437479019165
cd733a55f7fa54c353bb7f4c,002054.SZ,德美化工,2024-06-15,0.021637194,-0.27600354,0.34469846,0.043575503,0.062594235,-0.08604198,2,0.3446984589099884
a3ff75abb1dca61eb1f7fd64,002055.SZ,ST得润,2024-06-15,0.27649212,-0.32194138,-0.04016561,-0.28099197,0.61820054,-0.17299609,4,0.6182005405426025
73c20ac06a05eef2c728abbb,002056.SZ,横店东磁,2024-07-01,0.53751355,-0.48040083,0.36627066,-0.17330116,0.290134,-0.16403838,0,0.5375135540962219
76de67804f05431f5cab9805,002057.SZ,中钢天源,2024-06-15,0.12334436,-0.3034009,0.3069894,-0.077628024,0.17346072,-0.11018895,2,0.3069894015789032
278c3fd6e4edb8bd3522c54d,002058.SZ,*ST威尔,2024-06-30,0.57331634,-0.22594306,0.04315144,-0.1271037,0.271715,-0.15412667,0,0.5733163356781006
5f442a80f5bf07124b329dbd,002059.SZ,云南旅游,2024-06-30,-0.15273663,0.27204144,-0.1865903,-0.004008241,-0.23248212,0.11926049,1,0.2720414400100708
a5729117ad8abdac95f61e0e,002060.SZ,广东建工,2024-06-30,-0.16592653,0.5054146,-0.24733463,-0.1427922,-0.38027397,0.2002078,1,0.505414605140686
f9136eafff5efbe20d71bc13,002061.SZ,浙江交科,2024-06-30,-0.08148691,0.33097205,-0.10156128,-0.13914774,-0.24020226,0.09711407,1,0.3309720456600189
f9d6266c513e1bb2d2503be5,002062.SZ,宏润建设,2024-06-30,-0.053962216,0.45622152,-0.2301726,-0.1676974,-0.28924435,0.13534927,1,0.4562215209007263
4a89be91f0076c1f41bfeede,002063.SZ,远光软件,2024-06-15,-0.03902652,0.48656565,-0.36523697,-0.060151532,-0.20624591,0.074393086,1,0.48656564950942993
266527df182a6ef91ce9dd36,002064.SZ,华峰化学,2024-06-30,-0.019907493,-0.23048581,0.32580066,0.03284453,0.009835355,-0.054027017,2,0.32580065727233887
d1f1764e5ef8a4c3d5f47874,002065.SZ,东华软件,2024-06-30,-0.100598305,0.50333464,-0.45043963,0.03465399,-0.17745477,0.061556295,1,0.503334641456604
f0ff67a9746dedc6c08f04bc,300150.SZ,世纪瑞尔,2024-06-15,-0.02622104,0.50554955,-0.4629232,-0.18743537,-0.086226895,0.07616877,1,0.5055495500564575
21afa0fd47d77e2614f940d6,600022.SH,山东钢铁,2024-06-30,0.02488002,-0.16482362,0.2937415,-0.04201271,-0.031173203,-0.023212008,2,0.29374149441719055
f71d949583ead5610c32a62d,600027.SH,华电国际,2024-06-15,-0.08991206,0.31751776,-0.15457256,-0.052566007,-0.28977516,0.113526106,1,0.3175177574157715
06ee1e48a59e71a0c3ad64e9,600048.SH,保利发展,2024-03-15,-0.18541844,0.3195206,-0.1856254,-0.0106641045,-0.28578675,0.16944256,1,0.31952059268951416
4e8f20097d8083ae8758d58c,600143.SH,金发科技,2024-06-30,0.12415515,-0.38390535,0.46612287,-0.10381432,0.18299839,-0.11848125,2,0.4661228656768799
35b3c74df590951234929ba8,600482.SH,中国动力,2024-06-15,0.08529805,-0.049187873,0.00847062,-0.10588813,0.086645454,-0.044050332,4,0.0866454541683197
207dc74b1d0a1f6a6b1e8d45,600961.SH,株冶集团,2024-06-30,0.025938423,-0.1255458,0.20367113,-0.013112674,-0.035747144,-0.019855347,2,0.20367112755775452
7e963724a6fb15f2a70584e2,600962.SH,国投中鲁,2024-04-05,-0.08938999,0.026052088,0.044497453,0.0945705,-0.12742049,0.025318349,3,0.09457050263881683
682d64a290ca60e3f4f16b88,600965.SH,福成股份,2024-03-15,-0.18059239,0.1568769,-0.030239115,0.15628213,-0.28913325,0.090210065,1,0.15687690675258636
b5081ca61bc8c61cbe22b14f,600970.SH,中材国际,2024-03-15,0.18732181,-0.086826876,0.21089365,-0.19085199,0.07412524,-0.06826556,2,0.2108936458826065
9392a4d4434ea1738a2bd0dd,600971.SH,恒源煤电,2024-06-30,-0.11065556,0.09730559,0.050418884,0.012168767,-0.22925343,0.05917063,1,0.09730558842420578
59df4325a2b14819a09adedb,600973.SH,宝胜股份,2024-06-15,0.7342112,-0.34294197,0.22096205,-0.25279674,0.24444169,-0.13354483,0,0.7342112064361572
bf9b8cbbb4cf1afc80c6d891,600979.SH,广安爱众,2024-06-30,-0.13883607,0.29622665,-0.16561797,-0.02151579,-0.2797661,0.12728003,1,0.2962266504764557
6d186b5e27e44f6e647d962d,600981.SH,苏豪汇鸿,2024-06-30,-0.11948374,0.184982,-0.069797516,0.037806906,-0.21606947,0.07496457,1,0.18498200178146362
483bf872b3d41c973118a79e,600982.SH,宁波能源,2024-06-15,-0.09730144,0.32730606,-0.11016977,-0.057806075,-0.32869,0.119522996,1,0.3273060619831085
d130453e88dac820f5a98f68,600983.SH,惠而浦,2024-06-15,-0.082206436,0.0899213,-0.020147635,-0.00886829,-0.04415574,0.053874053,1,0.08992130309343338
e3c42ac31feafe75c158f38f,600984.SH,建设机械,2024-06-30,0.077592134,-0.011141586,0.06575517,-0.10063504,0.011204032,-0.00023149606,0,0.07759213447570801
3eac415afcbaf7cd80e8fc53,600987.SH,航民股份,2024-03-25,-0.060711358,-0.028837413,0.2508576,0.0013999715,-0.16160698,0.034540027,2,0.2508575916290283
0de1066e4338e96ec3037e60,601001.SH,晋控煤业,2024-06-30,-0.07573551,0.06863795,0.06402503,0.0026773522,-0.19718915,0.04474025,1,0.06863795220851898
a3e3cef1d1f0cac87e1b47f8,601006.SH,大秦铁路,2024-06-30,-0.064155556,0.10976033,-0.040667985,0.0046618655,-0.14439812,0.041694075,1,0.1097603291273117
02826105f53983c6a5837511,601988.SH,中国银行,2024-06-30,-0.20946884,0.42798787,-0.27527493,0.04195685,-0.3495927,0.14748438,1,0.42798787355422974
700d61a110df25a6b8c771ba,002066.SZ,瑞泰科技,2024-06-15,0.11882213,-0.22480775,0.27478975,-0.10743654,0.13154477,-0.080647334,2,0.2747897505760193
39aa24952f5ca04845fd8960,002067.SZ,景兴纸业,2024-06-30,-0.011274281,-0.11759645,0.29009306,0.008848764,-0.08906147,-0.004936625,2,0.2900930643081665
be9d99a15c86a05d720387db,002068.SZ,黑猫股份,2024-06-30,0.04005362,-0.3738691,0.5798296,-0.013987585,0.040141,-0.0956246,2,0.5798295736312866
ddf3ecd62d14af298ec9c601,002069.SZ,獐子岛,2024-06-30,-0.11240525,0.104046345,-0.034400105,0.05809311,-0.1648715,0.049699355,1,0.10404634475708008
2708a7c91d9d6e01a1b0dc35,002072.SZ,凯瑞德,2024-06-30,-0.14528422,0.21110858,-0.13613926,0.046473347,-0.21190335,0.09840751,1,0.21110858023166656
9a402c3e609c685408c485e9,002073.SZ,软控股份,2024-06-15,0.226883,-0.27849522,0.21651301,-0.20830365,0.36343127,-0.15345499,4,0.36343127489089966
b3f2b6e3bea93973fbd37c54,002074.SZ,国轩高科,2024-06-30,0.510608,-0.29586878,0.2695935,-0.1880115,0.1547646,-0.095828414,0,0.5106080174446106
e4115315615ae0c139918dc1,002075.SZ,沙钢股份,2024-06-30,0.013726569,-0.09169803,0.15893155,-0.033000514,-0.02602021,-0.0024373226,2,0.15893155336380005
6ec13a816cd7ad47a40c73eb,002076.SZ,*ST星光,2024-03-15,-0.30843064,0.43430504,-0.27254722,0.06514242,-0.37751055,0.18993317,1,0.4343050420284271
3f94dff72e6313e996f96eda,002077.SZ,大港股份,2024-06-30,0.115584336,-0.04461102,-0.057498164,-0.19579114,0.23118617,-0.041614212,4,0.2311861664056778
f6df4472df90d95956d1416c,002078.SZ,太阳纸业,2024-06-30,-0.035087485,-0.13119061,0.31733423,0.057481825,-0.10896152,-0.015060903,2,0.31733423471450806
d62438749ad60f59428b7d98,002079.SZ,苏州固锝,2024-06-30,0.727553,-0.4851168,0.121505395,-0.24869247,0.5774996,-0.24748679,0,0.7275530099868774
d23c6879c0d5c4ae892158d2,002080.SZ,中材科技,2024-06-30,0.13110271,-0.27944285,0.25366935,-0.1105239,0.20197687,-0.099974535,2,0.2536693513393402
e95bbb2cb07264ddd7584857,002081.SZ,金螳螂,2024-06-30,-0.111840725,0.22234413,-0.11746566,-0.053287193,-0.18425055,0.11810656,1,0.22234413027763367
27b7c4c187d27f722c6626cf,002082.SZ,万邦德,2024-06-30,0.0010841982,-0.31883135,0.2862927,0.23653018,0.05825999,-0.07716168,2,0.28629270195961
8113613c4579f7b2c9c0b4cf,002083.SZ,孚日股份,2024-06-15,-0.09331272,-0.065448865,0.2589116,0.08973834,-0.13795596,0.00937277,2,0.2589116096496582
cea38807417efab828b185a4,002084.SZ,海鸥住工,2024-06-15,-0.01952041,-0.021580746,0.12766163,-0.061386853,0.0067046396,0.028058365,2,0.12766163051128387
f9e301f85328ddc939fa642f,002085.SZ,万丰奥威,2024-06-30,0.2634071,-0.47221953,0.2894307,-0.27073246,0.5239347,-0.15203772,4,0.5239347219467163
dde392a62f756b626ec4a4e8,002086.SZ,东方海洋,2024-06-15,-0.047467448,-0.006533157,0.015140443,0.09168835,-0.06446787,-0.007926995,3,0.09168834984302521
8c39390fa97ad224fb437968,002088.SZ,鲁阳节能,2024-06-15,0.118709475,-0.25562277,0.34525222,-0.097871296,0.08804637,-0.08207666,2,0.34525221586227417
94d025775fece689a761d87a,002090.SZ,金智科技,2024-06-30,0.10165528,0.09265179,-0.10490167,-0.038535148,-0.033928424,0.010399754,0,0.10165528208017349
948313e0bf537d7974f97896,002091.SZ,江苏国泰,2024-06-30,-0.04645465,0.036748365,0.03942966,0.00930332,-0.11361456,0.06195813,5,0.061958130449056625
26aef345cc1a980f125b3ed7,002092.SZ,中泰化学,2024-06-15,-0.016188169,-0.16670933,0.44408816,0.01624533,-0.14783387,-0.020855334,2,0.4440881609916687
9605358ad8c6f8b424afd2db,002093.SZ,国脉科技,2024-06-15,-0.06786315,0.35809883,-0.31670812,-0.07800453,-0.1242727,0.07333459,1,0.3580988347530365
e6095e2884dc8796d843f1ac,002094.SZ,青岛金王,2024-06-30,-0.13700956,0.043550808,0.049485184,0.07851036,-0.13406311,0.043672033,3,0.0785103589296341
898a1685b8291fc4a73d91ee,002095.SZ,生意宝,2024-06-15,-0.21542929,0.31759614,-0.1755304,0.1459678,-0.31909165,0.12159192,1,0.3175961375236511
1c7f6e72ed7f5c7ea6129126,002096.SZ,易普力,2024-06-30,-0.15098152,0.22288153,0.05499064,0.057487965,-0.3356569,0.074677944,1,0.2228815257549286
14ce297f4f59e4b3ae666044,002097.SZ,山河智能,2024-06-15,0.15105993,-0.052939434,0.019686643,-0.11304104,0.10616094,-0.053145163,0,0.15105992555618286
da6fc92ed492bf72d443cc75,002098.SZ,浔兴股份,2024-06-30,0.060036138,-0.28496075,0.273203,-0.0547024,0.18235913,-0.10835656,2,0.2732029855251312
c122614c0c777c76d02277c1,002099.SZ,海翔药业,2024-06-15,-0.16225135,-0.10616187,0.16004084,0.57863766,-0.21630026,-0.017416585,3,0.5786376595497131
74c930a6c326802cb50f98fa,002100.SZ,天康生物,2024-06-30,-0.12584043,0.09168259,-0.023790855,0.14064386,-0.19621596,0.08057656,3,0.1406438648700714
5c3e97c7bef6c75de39de17b,002101.SZ,广东鸿图,2024-06-15,0.28200412,-0.49738753,0.28477216,-0.29010576,0.57386297,-0.19224101,4,0.5738629698753357
e704cc144d37ebc3f5120854,002102.SZ,能特科技,2024-06-30,-0.032077268,-0.27483094,0.297374,0.3871984,-0.048779838,-0.093774036,3,0.38719838857650757
191eb03cabb8c793c17a125d,002103.SZ,广博股份,2024-06-15,-0.14173225,0.08869508,0.010576196,0.050548207,-0.10847664,0.0552827,1,0.08869507908821106
091fe7a5f0777ff6d183991c,002104.SZ,恒宝股份,2024-06-30,0.016494732,0.13539621,-0.20933813,-0.038851373,0.037259117,-0.008902443,1,0.13539621233940125
91d19d4056a0108500832678,002105.SZ,信隆健康,2024-06-30,0.054255623,-0.104705416,0.029006993,-0.024863329,0.12967348,-0.048222072,4,0.12967348098754883
57145258d36685000e7e24a9,002110.SZ,三钢闽光,2024-06-30,0.0076101,-0.10785635,0.23750705,-0.054771483,-0.07308195,0.0024617547,2,0.23750704526901245
7eda9df746d74bfd380dde63,002279.SZ,久其软件,2024-06-30,-0.17507377,0.6302802,-0.49017254,0.005335858,-0.2867009,0.105117746,1,0.6302801966667175
c9c84df1727ffd127bab8ae0,300016.SZ,北陆药业,2024-06-15,-0.23877442,0.06106163,-0.118388996,0.65412223,-0.27324232,0.03312427,3,0.6541222333908081
c298f9a0c8b42a452fa57848,300271.SZ,华宇软件,2024-06-30,-0.2170391,0.61139053,-0.4991056,0.019851761,-0.25606897,0.10375469,1,0.6113905310630798
0fcf5f399c268a82c0165a14,600017.SH,日照港,2024-06-30,-0.102908604,0.17096788,-0.028244764,0.012347458,-0.22710745,0.06696427,1,0.17096787691116333
2d7053c6f9b10eaa34a5f931,600018.SH,上港集团,2024-04-05,-0.11068536,0.20352548,-0.089111395,0.012656112,-0.21562971,0.080831625,1,0.20352548360824585
e863b48851b0312ec5402bbb,601111.SH,中国国航,2024-06-30,-0.12786366,0.20737062,-0.13400827,0.014552384,-0.18940693,0.08677278,1,0.20737062394618988
b6655ce27033cfdaf4749033,601333.SH,广深铁路,2024-06-30,-0.06760547,0.1542142,-0.10281351,-0.017458402,-0.12891485,0.05692773,1,0.15421420335769653
8ff2de87892b2acf366f9131,601398.SH,工商银行,2024-06-30,-0.2211239,0.41082102,-0.23875402,0.040868536,-0.3643499,0.1531404,1,0.41082102060317993
9a7fe3ebdf2c0589b5f4ccfd,601588.SH,北辰实业,2024-06-30,-0.25042227,0.39988518,-0.26426807,0.016267726,-0.39626977,0.87474096,5,0.8747409582138062
4a9f997baed74fb09aeb1a4e,601666.SH,平煤股份,2024-03-15,-0.08156368,0.04865651,0.09745846,0.03234001,-0.21274896,0.040395062,2,0.09745845943689346
9a8f5fa1f2657cf4988682dc,601699.SH,潞安环能,2024-06-30,-0.09204987,0.04177635,0.093545854,0.020345557,-0.19728456,0.036385927,2,0.09354585409164429
ec7698b3c7e8854e0c7aac4f,601872.SH,招商轮船,2024-06-30,-0.097940706,0.17250381,-0.047042504,-0.0078049144,-0.20782775,0.07437174,1,0.17250381410121918
70243f189afc6ec8cd2d62b4,601991.SH,大唐发电,2024-06-30,-0.10013369,0.28440964,-0.12682468,-0.049998537,-0.2904662,0.11754583,1,0.28440964221954346
ea45f29b21ab0ff57d8a8c3d,000338.SZ,潍柴动力,2024-06-15,0.2391914,-0.09933096,0.031311523,-0.24600103,0.23773552,-0.0732579,0,0.23919139802455902
87c6d9e6f35fe76d13be66dd,002106.SZ,莱宝高科,2024-06-30,0.24428824,-0.37324926,0.029615242,-0.28496334,0.66283447,-0.18319441,4,0.6628344655036926
7062eaf756d593d6144a6bc9,002107.SZ,沃华医药,2024-06-15,-0.23921716,0.093782604,-0.093356796,0.5113093,-0.30838218,0.06035615,3,0.5113093256950378
a3f3b02cee5d4d3c92367830,002108.SZ,沧州明珠,2024-06-30,0.119695425,-0.3173989,0.40415895,-0.100709066,0.13539425,-0.101959705,2,0.40415894985198975
a1d16425bbe00655e334617f,002109.SZ,兴化股份,2024-06-30,-0.083777435,-0.072019085,0.36427325,0.1134526,-0.24711896,8.664839e-05,2,0.3642732501029968
1f2948e9121b8d1d90ee51d1,002111.SZ,威海广泰,2024-06-15,0.024564508,0.115856975,-0.0979243,-0.11146283,0.0063066147,0.003044717,1,0.11585697531700134
f82574f94a02b496677a8c8b,002112.SZ,三变科技,2024-06-15,0.6063282,-0.046211608,-0.017544404,-0.14760295,0.061242133,-0.03633877,0,0.6063281893730164
030709533aba025fa45b5b25,002114.SZ,罗平锌电,2024-06-30,-0.0010682391,-0.08275782,0.17396949,0.010591095,-0.07049261,-0.0015161361,2,0.17396949231624603
4b2a0caaddee8ca38774f98c,002115.SZ,三维通信,2024-06-15,0.018512743,0.2573593,-0.29359815,-0.07912822,0.009753149,0.0150661245,1,0.2573592960834503
4ac257541857797df3c45eb2,002116.SZ,中国海诚,2024-06-15,-0.1289795,0.19203301,0.06379508,-0.07376395,-0.25551906,0.0970706,1,0.19203300774097443
be24eb8097a0f0d2b9cd7655,002117.SZ,东港股份,2024-06-30,-0.1191615,0.30581087,-0.20470345,0.008110845,-0.19889173,0.122970074,1,0.3058108687400818
984772ed186d2c84d8424163,002119.SZ,康强电子,2024-06-30,0.23262867,-0.55275923,0.2682663,-0.16697943,0.61784095,-0.23319699,4,0.6178409457206726
d6ab6eeb62c221e85f67929f,002120.SZ,韵达股份,2024-06-30,-0.24866953,0.38534728,-0.22784565,0.065383896,-0.34624413,0.15949237,1,0.38534727692604065
975e7a209e527d791d274b67,002121.SZ,科陆电子,2024-06-30,0.22571024,0.091062635,-0.16685173,-0.15000753,0.13144186,-0.025438294,0,0.22571024298667908
3993ad72121a788e0eb703f9,002122.SZ,ST汇洲,2024-06-30,0.05543965,0.025517851,-0.06920315,-0.089178175,0.024545128,0.0011231042,0,0.055439651012420654
cf0a0389217f745de1d8273c,002123.SZ,梦网科技,2024-06-30,-0.16089866,0.32680398,-0.27256674,0.042579107,-0.20283186,0.09016407,1,0.326803982257843
cf983adb3dd6ccc8ccc7dec2,002124.SZ,天邦食品,2024-06-30,-0.18698673,0.1466596,-0.018615786,0.18065003,-0.28806317,0.09217145,3,0.1806500256061554
e37a54f5fdf810b3c1fd1406,002125.SZ,湘潭电化,2024-06-30,0.16993739,-0.41333324,0.55541474,-0.05149173,0.11980364,-0.12877293,2,0.5554147362709045
f7c6965d220cda424691890d,002126.SZ,银轮股份,2024-06-30,0.30404595,-0.43033886,0.21240088,-0.29620075,0.5590178,-0.18400005,4,0.5590177774429321
994d7f4187c0a11f045fffa8,002127.SZ,南极电商,2024-06-30,-0.20226938,0.29116112,-0.18945445,0.09382094,-0.24208717,0.105997324,1,0.29116111993789673
cb9fc5806b2f0ada7139a9fb,002128.SZ,电投能源,2024-06-30,-0.05436144,0.07332313,0.038736932,-0.007118192,-0.18005386,0.040057495,1,0.07332313060760498
3ad2a256c6ffdd5f3907c60a,002129.SZ,TCL中环,2024-06-30,0.33332667,-0.36698458,0.26391268,-0.1318785,0.23623979,-0.09648329,0,0.33332666754722595
35b72ae520d086a30b4d3238,002130.SZ,沃尔核材,2024-06-30,0.6370295,-0.5395202,0.34328452,-0.2590484,0.44576243,-0.21543925,0,0.6370295286178589
22c783ffd5aca631fc42f27d,002131.SZ,利欧股份,2024-06-30,0.27673128,-0.2356971,0.19944236,-0.19081426,0.26991588,-0.124744505,0,0.2767312824726105
54826333c47b6c8fda6ec3d7,002132.SZ,恒星科技,2024-06-15,0.080853745,-0.23697312,0.27068305,-0.075256936,0.10736634,-0.070819855,2,0.27068305015563965
e377cdece6400ff110277dfd,002133.SZ,广宇集团,2024-06-15,-0.040235084,0.06082542,-0.039508015,-0.0040028407,-0.06154836,0.045730602,1,0.060825418680906296
122312d7e0cd894b69b1b8b4,002134.SZ,天津普林,2024-06-15,0.16271886,-0.36853752,0.16965565,-0.153779,0.42464468,-0.12318806,4,0.42464467883110046
0f262b162e275b2992b89eb9,002135.SZ,东南网架,2024-06-15,-0.0007025625,0.08400412,0.024046114,-0.1111128,-0.083519585,0.0542474,1,0.08400411903858185
5fc4934097ee19dc5ae8df03,002136.SZ,安纳达,2024-06-15,0.071231976,-0.38645017,0.60323274,-0.05396848,0.039470255,-0.08131279,2,0.603232741355896
e8dbac0e62dd5d46b20a46fe,002137.SZ,实益达,2024-06-15,0.23521511,-0.20962419,-0.15378502,-0.24332494,0.5741518,-0.13481715,4,0.5741518139839172
58e9e3027e60288bcc0c0880,002138.SZ,顺络电子,2024-06-30,0.33017576,-0.4855504,0.117488846,-0.25188524,0.696031,-0.22861332,4,0.6960309743881226
34b97777bcfb7a6752300ae6,002139.SZ,拓邦股份,2024-06-15,0.33153456,-0.20498763,-0.080907196,-0.32799956,0.5221835,-0.12204222,4,0.5221834778785706
ba82670a1e0d7b26cf129e34,002140.SZ,东华科技,2024-06-30,0.0270222,0.09672905,0.10239446,-0.10383672,-0.12548012,-0.01843973,2,0.1023944616317749
4412c1f12bc73a825c871840,002141.SZ,贤丰控股,2024-06-30,0.08399329,-0.20480819,0.25066638,0.054303583,0.045838505,-0.066807106,2,0.25066637992858887
5a0727a941815a74d684bbe9,002144.SZ,宏达高科,2024-06-30,0.057388075,-0.31819755,0.34288722,-0.013077356,0.15479581,-0.099116825,2,0.3428872227668762
9b20faeda73ee140375842a0,002170.SZ,芭田股份,2024-06-30,-0.10492533,-0.0037826411,0.15819749,0.23065647,-0.22024645,0.027882546,3,0.2306564748287201
31708efce7415082345bfd2a,300318.SZ,博晖创新,2024-06-15,-0.04172035,0.008990429,-0.13568735,0.47661445,-0.024035024,-0.078933164,3,0.47661444544792175
8ca37f4f0f0b033398ec1b7e,601002.SH,晋亿实业,2024-06-30,0.2079234,-0.36310434,0.31214538,-0.16997425,0.28677726,-0.111521274,2,0.3121453821659088
6a8bc81700168cab28589620,601003.SH,柳钢股份,2024-06-30,0.032288555,-0.12668991,0.22326963,-0.051469833,-0.032799758,-0.0065012043,2,0.22326962649822235
192f077197e8cb780ec4bc02,601005.SH,重庆钢铁,2024-06-30,0.014872245,-0.111938134,0.21038091,-0.038933985,-0.059508853,0.006995012,2,0.2103809118270874
15ff54931d3bcc84d50e844a,601007.SH,金陵饭店,2024-06-30,-0.13803776,0.20540439,-0.12095335,0.026240736,-0.20853764,0.09532847,1,0.2054043859243393
0d09b7f03209c5d7d30c43b8,601008.SH,连云港,2024-06-30,-0.06046409,0.09949993,-0.03619798,0.0005207369,-0.1295172,0.060197387,1,0.09949993342161179
0b1905610357341624e80ee1,601166.SH,兴业银行,2024-03-15,-0.21069658,0.37186393,-0.21053822,0.04794664,-0.34613243,0.13949056,1,0.3718639314174652
de2692b8e29dd45b481976c0,601168.SH,西部矿业,2024-06-30,-0.06251763,-0.014831518,0.104026355,0.0099068405,-0.11302957,0.02134079,2,0.10402635484933853
c6eadb97110189f7ef378200,601318.SH,中国平安,2024-04-05,-0.09641619,0.1545568,-0.11202183,0.03290925,-0.14380541,0.059654456,1,0.15455679595470428
333c628c48f64046acfceca4,601328.SH,交通银行,2024-06-30,-0.21841848,0.40164816,-0.25143948,0.052634813,-0.3514136,0.1650808,1,0.4016481637954712
f8276d1041dc33aad013c1d0,601600.SH,中国铝业,2024-06-15,-0.05002232,-0.051799826,0.21177429,-0.058511414,-0.1392039,0.023856007,2,0.2117742896080017
42b9c070452185fd138986f3,601628.SH,中国人寿,2024-06-30,-0.103461325,0.16822939,-0.11176826,0.032701176,-0.16269578,0.075813815,1,0.1682293862104416
43b00f6c55798d1b297abf25,601919.SH,中远海控,2024-04-05,-0.116024934,0.20387805,-0.10040931,0.013299705,-0.21830645,0.08671638,1,0.20387804508209229
a927bd474fd88333183d94e3,601998.SH,中信银行,2024-06-30,-0.21308613,0.40663415,-0.24626467,0.044813298,-0.35198152,0.15887187,1,0.4066341519355774
764c0b46d3509702e34ebfc7,002142.SZ,宁波银行,2024-06-30,-0.23231453,0.37823558,-0.22634287,0.07720231,-0.34044304,0.15472972,1,0.3782355785369873
29829e96c48fa30484be3e33,002145.SZ,钛能化学,2024-06-15,-0.0048173964,-0.22881827,0.37290856,9.981729e-05,-0.034011655,-0.054591887,2,0.3729085624217987
2326eba0bbf2a74fef4f8c50,002146.SZ,荣盛发展,2024-06-30,-0.17625606,0.25223637,-0.1395017,0.015216388,-0.2649815,0.18860723,1,0.25223636627197266
e36628170fbe049a969232bf,002148.SZ,北纬科技,2024-06-30,-0.09403957,0.39955363,-0.3421548,-0.0035435697,-0.20052078,0.10497238,1,0.3995536267757416
31b09e3aeb3ce5fc852bbc37,002149.SZ,西部材料,2024-06-30,0.116836324,-0.28777716,0.35145783,-0.10564603,0.109080754,-0.097963184,2,0.3514578342437744
2e7c85171698fd5f52ab69c9,002150.SZ,正泰电源,2024-06-15,0.34430385,-0.1367425,-0.024038667,-0.22459748,0.32043865,-0.09127854,0,0.34430384635925293
493e7e8783dbe37e986619c9,002151.SZ,北斗星通,2024-06-15,0.055964902,0.1384787,-0.3086238,-0.12228699,0.18401106,-0.021980252,4,0.1840110570192337
f3223831917105dbe140c182,002152.SZ,广电运通,2024-06-30,-0.060897958,0.31480062,-0.33649477,-0.006989803,-0.05378749,0.04365903,1,0.3148006200790405
2118df9413583b41ba42f299,002153.SZ,石基信息,2024-06-30,-0.25741065,0.5828197,-0.41171187,0.09318277,-0.3627577,0.14649688,1,0.5828197002410889
f0f7e886a05d32ee5395e0b2,002154.SZ,报喜鸟,2024-06-30,-0.24372512,0.27680555,-0.1331369,0.07388156,-0.2945664,0.13924731,1,0.2768055498600006
05949c914fe534abf95066e8,002155.SZ,湖南黄金,2024-06-30,-0.0464702,-0.04476079,0.1181278,0.018651906,-0.08676252,-0.0008194358,2,0.11812780052423477
438cded35a6f3604bab5ffc4,002156.SZ,通富微电,2024-06-30,0.20642324,-0.34241924,-0.0075816824,-0.20549075,0.60667706,-0.18209112,4,0.6066770553588867
c8e3fe442e234ea5116d1a7f,002157.SZ,正邦科技,2024-06-30,-0.06843852,0.003669683,0.10174687,0.20851383,-0.18093644,0.008965567,3,0.20851382613182068
aeb636588bf252293d3f3d0b,002158.SZ,汉钟精机,2024-06-30,0.16348755,-0.28565243,0.19729662,-0.096149094,0.27208728,-0.1268296,4,0.2720872759819031
b572d11a9f3d6e32b6845029,002159.SZ,三特索道,2024-06-30,-0.10865345,0.18923527,-0.11827639,-0.004974692,-0.17934364,0.10471273,1,0.18923527002334595
acfb07267d577fe632784f8e,002160.SZ,常铝股份,2024-06-15,0.1229801,-0.32846245,0.34337622,-0.109561644,0.18559253,-0.100752905,2,0.3433762192726135
9b6a6a482ffdb099691d2eee,002161.SZ,远望谷,2024-06-15,0.053165425,0.23660894,-0.31862253,-0.13016716,0.08993608,-0.020676533,1,0.23660893738269806
c2af01c509b3d94580d29f6d,002162.SZ,悦心健康,2024-06-30,-0.09311166,0.15477026,-0.11420961,0.020890102,-0.13009332,0.075083174,1,0.15477025508880615
b465463d787a7146bc19fde8,002163.SZ,海南发展,2024-06-15,0.039867736,0.009068765,0.0673908,-0.09571969,-0.0054934747,0.0020730603,2,0.0673907995223999
07a7fc06a0c7dd48ffecb622,002164.SZ,宁波东力,2024-06-30,0.29725584,-0.39899063,0.28585902,-0.219186,0.38497245,-0.14915845,4,0.3849724531173706
ef7db55ec1d779dcd6c62b99,002165.SZ,红宝丽,2024-06-30,0.080347896,-0.44571367,0.7184253,0.040200926,0.010799876,-0.12734547,2,0.7184252738952637
e6d0004887b32e31ee2da854,002166.SZ,莱茵生物,2024-06-15,-0.095467955,-0.10568954,0.13152146,0.2967021,-0.11628539,-0.013540173,3,0.2967020869255066
30ebcd6da4c1234cd717bd98,002167.SZ,东方锆业,2024-06-30,0.0984498,-0.37760115,0.44044465,-0.019329118,0.14761767,-0.12643111,2,0.4404446482658386
acf2a2957cf764e77fe3af60,002168.SZ,*ST惠程,2024-06-30,0.43743247,-0.21082805,0.105999164,-0.13195886,0.1416101,-0.088805124,0,0.4374324679374695
7e3d12589cf53f0c7199830b,002169.SZ,智光电气,2024-06-15,0.6992107,-0.090732135,-0.05078168,-0.23730409,0.20054886,-0.07839768,0,0.6992107033729553
d25fdad12871d039d506b886,002171.SZ,楚江新材,2024-06-30,0.089366764,-0.2655958,0.25579265,-0.08684999,0.15390675,-0.08464829,2,0.25579264760017395
a689a276787fad6c3f850955,002172.SZ,澳洋健康,2024-06-30,-0.36159542,0.48352107,-0.3964529,0.37517792,-0.47849998,0.21349971,1,0.48352107405662537
49d391baf5929e60542e9047,002173.SZ,创新医疗,2024-06-15,-0.28575248,0.45123747,-0.3697913,0.31072488,-0.4073227,0.24154815,1,0.4512374699115753
0eaa7028d4e00de20c714c7a,002174.SZ,游族网络,2024-06-15,-0.24639903,0.39300627,-0.254052,0.07696899,-0.30616742,0.12335626,1,0.39300626516342163
6bb9d205693d6693f1693b6d,002175.SZ,东方智造,2024-06-15,0.05811038,-0.08139531,-0.05602944,-0.067298874,0.17688622,-0.06922588,4,0.17688621580600739
bf7faa59b722b429b08ab546,002176.SZ,江特电机,2024-06-30,0.2316745,-0.26549727,0.17263404,-0.18858325,0.28202027,-0.11946055,4,0.2820202708244324
7a347b2ae40932f047d60784,002177.SZ,御银股份,2024-06-30,-0.0020688053,0.106516324,-0.1448511,0.0062443353,-0.004533118,0.003303464,1,0.10651632398366928
8baf6fb7d0a52df35b52b9b8,002178.SZ,延华智能,2024-06-30,-0.1332359,0.61801505,-0.51482934,-0.0851184,-0.25234058,0.17095584,1,0.6180150508880615
e8c5ca9279b4b345b045c65d,002179.SZ,中航光电,2024-06-30,0.21920659,-0.29845107,0.020548508,-0.19889747,0.49797818,-0.17431836,4,0.49797818064689636
210e583be911f8cfab1a4430,002180.SZ,纳思达,2024-06-30,-0.031659983,0.04252038,-0.0976892,-0.016036835,0.103977345,-0.042069353,4,0.10397734493017197
2d26fc288c72e6ae51d723c5,002182.SZ,宝武镁业,2024-06-15,0.11957517,-0.39072055,0.4541325,-0.072711155,0.14448734,-0.11759046,2,0.4541324973106384
d8e80e3d4cd8e2a800dd20e7,002183.SZ,怡亚通,2024-06-15,-0.17117102,0.3078526,-0.19621411,0.054553553,-0.26403636,0.11324699,1,0.3078525960445404
700c5ea43224f4afda4696b5,002184.SZ,海得控制,2024-06-30,0.16695657,-0.042624943,-0.18343881,-0.14636643,0.28731737,-0.079615906,4,0.2873173654079437
9d8b79d9a8731dec2d0d3acf,002185.SZ,华天科技,2024-06-30,0.07024972,-0.17237858,-0.019215137,-0.10212395,0.29960147,-0.09862685,4,0.2996014654636383
3f43340474be9987ba2de318,002188.SZ,中天服务,2024-06-30,-0.14245276,0.2655519,-0.17247474,0.010482508,-0.22015154,0.12226643,1,0.265551894903183
954a2d896149c156e7258c10,002189.SZ,中光学,2024-06-30,0.14446035,-0.25630212,-0.00091873365,-0.15572393,0.44474956,-0.14424388,4,0.4447495639324188
2851b8d575d8845e793d8a44,002192.SZ,融捷股份,2024-06-30,0.09311486,-0.24134813,0.33197218,-0.09532184,0.07675935,-0.07254388,2,0.3319721817970276
24660ced1f2526bc7c0636c8,002254.SZ,泰和新材,2024-06-30,0.044459388,-0.27156633,0.33774298,-0.037813637,0.09449797,-0.092709735,2,0.33774298429489136
2c7a574452592f1d71cbbf05,300477.SZ,ST合纵,2024-06-15,0.4748885,0.21676688,-0.30459508,-0.14948198,-0.00050050206,-0.019143708,0,0.47488850355148315
56d932e51bcee20d2cf39f49,601009.SH,南京银行,2024-06-30,-0.22256434,0.37385607,-0.21336007,0.07385813,-0.3548802,0.15541852,1,0.3738560676574707
76e3db3c1a1afb69730fce6b,601088.SH,中国神华,2024-04-05,-0.1014189,0.17856331,-0.020673696,0.0018559452,-0.27336273,0.08373057,1,0.17856331169605255
ba16a613d8fc2498ff2241de,601169.SH,北京银行,2024-06-30,-0.23999086,0.4133242,-0.2537926,0.06868716,-0.363679,0.16159831,1,0.4133242070674896
ababebfeb55e861c61f8cbb5,601808.SH,中海油服,2024-06-30,-0.07925211,0.20060726,-0.12626389,-0.025511218,-0.1725017,0.07899859,1,0.20060725510120392
73104c32370321de4268fe37,601857.SH,中国石油,2024-06-30,-0.12754616,0.18032114,-0.025370166,-0.010851093,-0.2649186,0.089484915,1,0.18032114207744598
d05095be1a51b029a4fd9878,601939.SH,建设银行,2024-06-30,-0.2255907,0.42225042,-0.2658251,0.055647936,-0.35414797,0.15339012,1,0.4222504198551178
bedff35cf7ea3414ba5731c5,002186.SZ,全聚德,2024-06-15,-0.15484333,0.17560443,-0.08650614,0.05438923,-0.20295528,0.085812226,1,0.1756044328212738
4d7c4d95c901c8d05459bc47,002187.SZ,广百股份,2024-06-30,-0.25384402,0.35709617,-0.20460007,0.068052635,-0.35672104,0.17206848,1,0.3570961654186249
b9930c07d2fad7653a56622f,002190.SZ,成飞集成,2024-06-30,0.07188712,-0.16954711,0.1335591,-0.21763045,0.2509206,-0.06883356,4,0.2509205937385559
47b0cc287928f00e298d0534,002191.SZ,劲嘉股份,2024-06-30,-0.11904598,-0.046854593,0.13951015,0.094638675,-0.07473348,-0.00032388885,2,0.1395101547241211
46a91d894353ba2d4191eb4e,002193.SZ,如意集团,2024-06-15,-0.04432269,-0.13912795,0.29215002,0.046871357,-0.112957716,-0.013121869,2,0.29215002059936523
fe870c765f099df91fb4cfdf,002194.SZ,武汉凡谷,2024-06-15,0.19426,-0.18017967,0.011062114,-0.097653605,0.3411292,-0.13857049,4,0.34112921357154846
ed82a7b3999224f733f0e2ed,002195.SZ,岩山科技,2024-06-30,-0.16558419,0.5182897,-0.37560925,0.0323429,-0.2661886,0.107711375,1,0.5182896852493286
7ebcc48ef1f5a206a8a23acc,002196.SZ,方正电机,2024-06-15,0.12080464,-0.14581504,0.055283874,-0.10860877,0.18565255,-0.06380818,4,0.18565255403518677
045cb8799398661896195f09,002197.SZ,证通电子,2024-06-30,-0.037986852,0.32547092,-0.36457878,-0.002943188,-0.03976706,0.043331932,1,0.3254709243774414
f4afd4ac5365baa1a475ad2a,002198.SZ,嘉应制药,2024-06-15,-0.22335379,0.08164546,-0.08745651,0.5209279,-0.28804547,0.05436505,3,0.520927906036377
45a30046861991e66e7b81d2,002199.SZ,*ST东晶,2024-06-30,0.26888648,-0.5319533,0.18055482,-0.15208,0.6688354,-0.23787306,4,0.6688354015350342
d348fca087a7a57f270a42d7,002200.SZ,*ST交投,2024-06-30,-0.15532812,0.3554634,-0.17937571,-0.053316794,-0.3004463,0.12962097,1,0.3554633855819702
d58872d7a03102b6577e9cc8,002201.SZ,九鼎新材,2024-06-30,0.11644568,-0.23647025,0.2506744,-0.0953364,0.14218263,-0.074729465,2,0.25067439675331116
504c7ca5415a65419bfef47a,002202.SZ,金风科技,2024-06-30,0.3830064,0.04987945,-0.030592894,-0.13260438,-0.038944717,-0.008475186,0,0.38300639390945435
93d23cfa7c1bfcdc0a90f8ce,002203.SZ,海亮股份,2024-06-15,0.08628846,-0.2194949,0.23381999,-0.06284275,0.10139096,-0.06714345,2,0.23381999135017395
c583d8502932fa9d51de2551,002204.SZ,大连重工,2024-06-15,0.14056024,-0.21931496,0.21158612,-0.17369747,0.15231329,-0.07341486,2,0.2115861177444458
6f71f676587ceb7d59c7bc13,002205.SZ,国统股份,2024-06-15,0.013585163,0.016503505,0.11243853,-0.07250691,-0.090998486,0.0054307543,2,0.11243852972984314
557a31646544fac2074196f9,002206.SZ,海利得,2024-06-30,0.054969806,-0.30611694,0.37384993,-0.05774193,0.11212494,-0.08989479,2,0.37384992837905884
24d9f063aec4f2f278f78d80,002207.SZ,准油股份,2024-06-30,-0.074236065,0.18597266,-0.086559445,-0.014255742,-0.18875653,0.052309424,1,0.185972660779953
62e14e91ccaebd1b8c7a7402,002208.SZ,合肥城建,2024-06-15,-0.046156526,0.062491916,-0.04194429,-0.0029042505,-0.07114008,0.1581588,5,0.1581587940454483
91192890b961690370f5b56d,002209.SZ,达意隆,2024-06-15,0.019073829,-0.08904982,0.05816464,0.005859792,0.071044825,-0.04237522,4,0.07104482501745224
3f480fb6c5a52d84a627cf66,002210.SZ,飞马国际,2024-06-30,-0.18280058,0.27654955,-0.06958218,0.02199289,-0.32478532,0.112997815,1,0.2765495479106903
4067715c7f20d7faab1bdaf3,002211.SZ,ST宏达,2024-06-30,-0.111542836,0.03677264,0.08697829,0.014197336,-0.17719567,0.057379063,2,0.08697828650474548
51d3da7d0ceb414683b04962,002212.SZ,天融信,2024-06-30,-0.06788006,0.4631634,-0.44208723,-0.048432797,-0.08035701,0.023401033,1,0.4631634056568146
059e0069775807e456a9df2f,002213.SZ,大为股份,2024-06-30,0.27548656,-0.21247809,-0.12907588,-0.27049235,0.55379343,-0.1460392,4,0.5537934303283691
1afb6ead4b46b0aac3a9ea37,002214.SZ,*ST大立,2024-06-30,0.12085729,-0.08611047,-0.03411941,-0.16364366,0.2818403,-0.11587766,4,0.2818402945995331
3470d50144abc92611253a51,002215.SZ,诺普信,2024-06-30,-0.20945011,0.1083993,0.004166561,0.31366944,-0.2872472,0.09083957,3,0.31366944313049316
e5a25c4c534d1b289759f386,002216.SZ,三全食品,2024-06-30,-0.2023734,0.059165444,0.043684416,0.3152346,-0.27497393,0.067211725,3,0.31523460149765015
a25f3d5cabd947c9d1546d4d,002217.SZ,合力泰,2024-06-30,0.16300096,-0.24770954,-0.036626194,-0.2641886,0.52510643,-0.15461217,4,0.5251064300537109
c26e3a03a366e6293dd4d72c,002218.SZ,拓日新能,2024-06-30,0.032369852,0.07741279,-0.0135274,-0.10932353,-0.0699157,0.053018093,1,0.07741279155015945
9eec49cdb74eb1b3a51327bd,002219.SZ,新里程,2024-06-30,-0.046985295,0.06520307,-0.060369156,0.041715864,-0.06490515,0.02492076,1,0.06520307064056396
cf0c899f20ca58e03d46fd5b,002221.SZ,东华能源,2024-06-15,-0.05164452,-0.0373255,0.16326137,0.029587103,-0.11985789,0.016144907,2,0.16326136887073517
48d49ceb3bdc9e167d232211,002222.SZ,福晶科技,2024-06-15,0.11888492,-0.3576324,0.19260183,-0.09280729,0.38577247,-0.16904864,4,0.3857724666595459
d70c9869d029f4b6707d906a,002223.SZ,鱼跃医疗,2024-06-15,-0.09189513,0.09838515,-0.26394817,0.39297992,-0.013591994,0.009776391,3,0.3929799199104309
15df494a440ceb85a703e319,002224.SZ,三力士,2024-06-15,0.07465295,-0.20657676,0.20021348,-0.08459815,0.13589604,-0.07161794,2,0.2002134770154953
4a1ba7501a1cf857ddf7508a,002225.SZ,濮耐股份,2024-06-30,0.07833752,-0.21809939,0.30678323,-0.050081342,0.03957821,-0.06353179,2,0.3067832291126251
90ea6cca4872099b0074177e,002226.SZ,江南化工,2024-06-30,-0.07412646,0.018445276,0.22667123,0.087331906,-0.19126333,-0.012702523,2,0.2266712337732315
c1d512633e6eca938bf55fa9,002227.SZ,奥特迅,2024-06-15,0.6767316,-0.016432198,-0.17866154,-0.23495755,0.24278045,-0.07025711,0,0.6767315864562988
51e913a87a5b128cf09397ef,002228.SZ,合兴包装,2024-06-15,-0.06414488,-0.038118176,0.15184061,-0.0154699385,-0.06263422,0.029070092,2,0.15184061229228973
dd5f2e646f9bde86a75d4a3e,300213.SZ,佳讯飞鸿,2024-06-30,0.010841392,0.39117885,-0.38299873,-0.12900141,-0.023591442,0.012004297,1,0.39117884635925293
5740909007cb9b992781a248,601099.SH,太平洋,2024-06-30,-0.18303517,0.2959296,-0.1870772,0.057914067,-0.28050408,0.12807623,1,0.29592961072921753
96a7508f7c8cdfa8da644f6d,601186.SH,中国铁建,2024-06-30,-0.13424122,0.45176175,-0.21389414,-0.14563762,-0.33070987,0.14453952,1,0.45176175236701965
de19747e2cc97d28a035ceb9,601390.SH,中国中铁,2024-06-30,-0.10068019,0.41125643,-0.20206644,-0.14126834,-0.29096234,0.12149152,1,0.41125643253326416
dd19405cab48a1b364713d52,601601.SH,中国太保,2024-06-30,-0.10007905,0.16423137,-0.1116696,0.029219143,-0.15796463,0.07897638,1,0.16423137485980988
606b25dbadf5fea297f5f6e1,601866.SH,中远海发,2024-06-30,-0.08131784,0.12985466,-0.03057986,0.02671028,-0.17812617,0.066225775,1,0.12985466420650482
aee7b07b49d60c5a1ea21e35,601898.SH,中煤能源,2024-06-30,-0.112404525,0.102433026,0.05713696,0.01359072,-0.24219036,0.070250675,1,0.10243302583694458
2002b96447a7f31f6a4f4166,601899.SH,紫金矿业,2024-04-05,-0.09061037,0.019309536,0.103937514,0.014642959,-0.1728465,0.03664496,2,0.10393751412630081
60f88c3ae53e0667e760fec6,601918.SH,新集能源,2024-06-15,-0.07592143,0.093436494,0.056232568,-0.005064491,-0.20662838,0.051020958,1,0.09343649446964264
0f5b981382769ee0837ca518,601958.SH,金钼股份,2024-06-30,-0.0762527,-0.11811814,0.27100378,-0.009797683,-0.12987751,-0.000726384,2,0.271003782749176
49e91414243dc9e9d1528386,601999.SH,出版传媒,2024-04-05,-0.17827208,0.21904835,-0.10732583,0.062286414,-0.2584997,0.14557897,1,0.21904835104942322
490e6622df4b199cc79c98ae,002229.SZ,鸿博股份,2024-06-15,-0.072859384,0.18581788,-0.11845212,0.0007730387,-0.09160795,0.024640996,1,0.1858178824186325
7102a22a2d8b977bce9715a3,002230.SZ,科大讯飞,2024-06-30,-0.1740009,0.49844623,-0.3881835,-0.001540469,-0.21405092,0.059228636,1,0.4984462261199951
956cae4d35652da6c5d3a60d,002232.SZ,启明信息,2024-06-15,-0.0039474247,0.22642061,-0.27460355,-0.11082442,0.054338887,0.0017829272,1,0.22642061114311218
4ea06b8f207cb47ddf05ce60,002233.SZ,塔牌集团,2024-06-30,-0.00012119673,-0.06501221,0.21109307,-0.028570406,-0.090773776,0.025292711,2,0.21109306812286377
3f547f9bb0df7e5f68d058d1,002234.SZ,民和股份,2024-06-15,-0.15137058,0.06306421,0.07221028,0.23907009,-0.25949332,0.049564585,3,0.2390700876712799
3a983a00732a0cc17c2dbaa5,002235.SZ,安妮股份,2024-06-30,-0.106917635,0.18569908,-0.14269792,0.032936625,-0.13746275,0.044495117,1,0.18569907546043396
4354b6ece60a88a3330aaa2c,002236.SZ,大华股份,2024-03-25,-0.036219694,0.288105,-0.32132816,-0.06930111,-0.026877174,0.09550663,1,0.2881050109863281
3c70505797432f11815cef34,002237.SZ,恒邦股份,2024-06-15,-0.0035512936,-0.07441432,0.1453916,0.026696257,-0.05820796,-0.014111977,2,0.14539159834384918
2f0a80d45415439ddaf5e96d,002238.SZ,天威视讯,2024-06-30,-0.17895156,0.3905972,-0.2853251,-0.022384875,-0.27656895,0.15126377,1,0.3905971944332123
8b621618eda1b01c9dcd2cf5,002239.SZ,奥特佳,2024-06-15,0.27744004,-0.281164,0.027602429,-0.2455683,0.48979557,-0.1216329,4,0.4897955656051636
9e7cdb4958d2e4768fe1c8df,002240.SZ,盛新锂能,2024-06-30,-0.019205397,-0.16697407,0.3042508,-0.017586505,-0.064434215,-0.018658314,2,0.3042508065700531
cf65fc458837890c381c1a43,002241.SZ,歌尔股份,2024-06-30,0.23731361,-0.33218864,0.041092467,-0.20736516,0.569723,-0.18891834,4,0.5697230100631714
6ccc534b82ba883a91e385f0,002242.SZ,九阳股份,2024-06-15,-0.07192384,0.065434456,-0.03238234,0.085405156,-0.04147238,0.07934378,3,0.08540515601634979
aa6b24f98fc0445e00640aea,002243.SZ,力合科创,2024-06-15,-0.15187992,0.34795025,-0.20924795,0.0046929102,-0.26772696,0.12790298,1,0.3479502499103546
fe27c3d9d43364391dacf793,002244.SZ,滨江集团,2024-06-15,-0.19546634,0.3196571,-0.21315557,0.0036917664,-0.33431935,0.85481584,5,0.8548158407211304
dd7adc74ca1a02e272c76091,002245.SZ,蔚蓝锂芯,2024-06-30,0.60834575,-0.36214727,0.18691772,-0.19534633,0.3003264,-0.12178855,0,0.6083457469940186
20cf5e4877749a69d9f023d4,002246.SZ,北化股份,2024-06-15,0.078023575,-0.26974046,0.42038417,-0.0670472,0.07539071,-0.12430927,2,0.42038416862487793
cf91945fe43553d8c50d28f2,002247.SZ,聚力文化,2024-06-15,-0.003475529,-0.15465008,0.29513258,-0.025744025,-0.01018942,-0.020382706,2,0.295132577419281
72068f6996e65b7cd9baf765,002248.SZ,华东数控,2024-06-15,0.13561332,-0.18743594,0.099415645,-0.10927071,0.1960812,-0.0858985,4,0.19608120620250702
d78b0163620bdae36455bc69,002249.SZ,大洋电机,2024-06-15,0.71306205,-0.37206906,0.08910298,-0.31744927,0.48354048,-0.17832074,0,0.713062047958374
d6051ea01346ca0a06271755,002250.SZ,联化科技,2024-06-30,-0.119441114,-0.16824134,0.45269015,0.3372766,-0.19149725,-0.025572699,2,0.45269015431404114
071c883858a3ea51468cbce1,002251.SZ,步步高,2024-06-30,-0.1302649,0.17192341,-0.11381872,0.04093368,-0.18394099,0.10316922,1,0.1719234138727188
649dd8c59bc4f6723566b948,002252.SZ,上海莱士,2024-06-15,-0.20198354,0.035274923,-0.07064766,0.5758017,-0.25308585,0.036425732,3,0.5758016705513
7b4c3413f46e611f4273b54c,002253.SZ,*ST智胜,2024-06-30,0.09394018,-0.30444056,0.21631403,-0.120275036,0.29378423,-0.1382604,4,0.2937842309474945
46b70825d7357a46b2c3a668,002255.SZ,海陆重工,2024-06-15,0.33404952,-0.39209852,0.38616982,-0.26981935,0.32778448,-0.15992294,2,0.38616982102394104
8d3e47dd604f4522024b901b,002256.SZ,兆新股份,2024-06-30,-0.0005850177,-0.05781482,0.16359489,0.004912723,-0.06569601,0.0068907626,2,0.16359488666057587
33799ec25bbcf7ea9ea49871,002258.SZ,利尔化学,2024-06-30,-0.074177206,-0.11656383,0.20561376,0.2700295,-0.117211185,-0.030631293,3,0.2700294852256775
2628e578fd2f3df734fe807a,002259.SZ,升达林业,2024-06-30,-0.1707847,0.27644014,-0.093578234,-0.020826707,-0.32611012,0.16884686,1,0.2764401435852051
18a217580d069f1da0719adb,002261.SZ,拓维信息,2024-06-30,-0.06263461,0.45734465,-0.39804634,-0.030899715,-0.1268081,0.03727012,1,0.457344651222229
a799261f60f3d51c86439f96,002262.SZ,恩华药业,2024-06-30,-0.22449219,0.04430469,-0.09947032,0.68063104,-0.29336223,0.025947465,3,0.6806310415267944
5fa24a8b4a8f1c1640b7be68,002263.SZ,大东南,2024-06-15,0.11692535,-0.39265585,0.44714206,-0.0967208,0.22066289,-0.12948282,2,0.4471420645713806
4856feaa69ea3351485ca12d,002264.SZ,新华都,2024-06-30,-0.074204095,0.087873906,-0.05060154,0.019211039,-0.100828424,0.054428134,1,0.0878739058971405
700d111f41cee992aa053380,002265.SZ,建设工业,2024-06-15,0.02393335,-0.064538114,0.056238446,-0.10220986,0.117599845,-0.030737072,4,0.11759984493255615
d299813fdfcfcc277a1c9113,002266.SZ,浙富控股,2024-06-15,0.0143698845,-0.06892675,0.33489576,-0.009181908,-0.15655163,-0.0048434623,2,0.3348957598209381
e633500b17f6c784b4472750,002267.SZ,陕天然气,2024-04-05,-0.053085178,0.121419296,-0.051880043,-0.008552304,-0.14321142,0.063158974,1,0.12141929566860199
09aba4c0f65ab39e483c62d2,002268.SZ,电科网安,2024-06-30,0.028117394,0.23312454,-0.2788663,-0.07370282,0.040218033,-0.017552301,1,0.2331245392560959
8482079415ef4fd5aad5d771,002269.SZ,美邦服饰,2024-06-30,-0.24593642,0.26725262,-0.13774785,0.07322977,-0.28842592,0.18678701,1,0.2672526240348816
11442998292ec7b183a153ef,002270.SZ,华明装备,2024-06-15,0.6703289,-0.17825,0.07589403,-0.19891278,0.17665654,-0.12498554,0,0.6703289151191711
f834f3e6b294beb8ab804cd4,002271.SZ,东方雨虹,2024-06-30,-0.06891199,0.07438247,0.06783986,-0.034198523,-0.15050907,0.07015351,1,0.0743824690580368
636a443c767a1d724fe6e79b,002272.SZ,川润股份,2024-06-15,0.25855222,-0.27123624,0.12945572,-0.21340075,0.33407658,-0.1393365,4,0.33407658338546753
42a837ce1a3ab65822f377bd,002273.SZ,水晶光电,2024-06-15,0.17220487,-0.48544252,0.17564346,-0.14192548,0.62753135,-0.21600781,4,0.6275313496589661
e9c153d8528611bb7f4b6b09,002274.SZ,华昌化工,2024-06-15,0.012006808,-0.23672335,0.30775982,0.07286771,-0.018081391,-0.06784307,2,0.3077598214149475
4ded7fa880fbb2ffe102f7a2,002275.SZ,桂林三金,2024-06-15,-0.19569239,0.077710636,-0.09872288,0.39359653,-0.23365217,0.054187868,3,0.3935965299606323
b80f3f3e79ea32f36d98e628,002276.SZ,万马股份,2024-06-15,0.7036663,-0.39215556,0.30318972,-0.2685654,0.25934234,-0.14144616,0,0.7036663293838501
13b970fc569a1776f84e59bd,002282.SZ,博深股份,2024-06-30,0.18438835,-0.30602676,0.21864192,-0.13656867,0.28744894,-0.12265093,4,0.2874489426612854
06fe4018d9f04740b54ab842,002396.SZ,星网锐捷,2024-06-15,0.04307476,0.17681085,-0.2757813,-0.028925598,0.08008613,-0.02345951,1,0.1768108457326889
a0ddbcc4e725d942ed1b9c54,601107.SH,四川成渝,2024-06-30,-0.13993296,0.29655877,-0.19639134,-0.04282666,-0.22937736,0.11424613,1,0.29655876755714417
30a8156c9ec7e26da8cd2a53,601668.SH,中国建筑,2024-06-30,-0.16057533,0.48697555,-0.25391334,-0.12135564,-0.35119322,0.16170171,1,0.4869755506515503
1fc45a75804b9fcf8596c815,601766.SH,中国中车,2024-06-30,0.095632315,0.13478208,-0.11468345,-0.1912638,0.039115574,0.0059150974,1,0.134782075881958
c0b10c8cd39e5acd0f15018e,601788.SH,光大证券,2024-06-30,-0.20889476,0.40863445,-0.27418312,0.07087136,-0.3486698,0.16150925,1,0.4086344540119171
5d629b7b5cbca14e135e4c72,002277.SZ,友阿股份,2024-06-30,-0.233721,0.30160075,-0.18077806,0.054963265,-0.30237037,0.17908715,1,0.30160075426101685
34eb2fb621deac0219aa4baa,002278.SZ,神开股份,2024-06-15,0.016230509,0.008257786,-0.012166455,-0.016293028,-0.0017373301,-0.010368246,0,0.016230508685112
73fd9343984e79f6774bbdb8,002281.SZ,光迅科技,2024-06-30,0.15932752,-0.17857672,-0.046850614,-0.11878494,0.3707977,-0.13124517,4,0.37079769372940063
0a0df97912a8f04fffbf21e1,002283.SZ,天润工业,2024-06-15,0.27191254,-0.36251467,0.20496881,-0.30383375,0.4716215,-0.1553773,4,0.4716215133666992
5fd543a4d155c848322c9171,002284.SZ,亚太股份,2024-06-30,0.26842698,-0.33577892,0.041788556,-0.2584605,0.5607549,-0.15820801,4,0.5607548952102661
8e07ef36c18f0a6441c95a12,002285.SZ,世联行,2024-06-30,-0.13737144,0.23956728,-0.16289866,0.03150541,-0.20986226,0.10716191,1,0.23956727981567383
900307715119f904d6804fab,002286.SZ,保龄宝,2024-03-25,-0.12923965,-0.15075961,0.18790185,0.42878646,-0.14319532,-0.042744838,3,0.4287864565849304
3dab8e46e0bc14b9bdc033e9,002287.SZ,奇正藏药,2024-06-30,-0.14882909,0.0037271027,-0.024716822,0.35965872,-0.17624418,0.027603079,3,0.35965871810913086
79d3ca74a971055f02a406af,002289.SZ,*ST宇顺,2024-06-30,0.08122926,-0.15135366,-0.1117128,-0.17055756,0.39248192,-0.07354349,4,0.3924819231033325
7cc05862f0880e52c6c8c712,002290.SZ,禾盛新材,2024-06-15,0.19835751,-0.39412907,0.34949604,-0.17761092,0.3280793,-0.1316168,2,0.3494960367679596
36306df50254346b626e6079,002291.SZ,遥望科技,2024-06-30,-0.2059607,0.32517934,-0.20673701,0.07665633,-0.2735825,0.12307701,1,0.3251793384552002
ba9b7854293942ac59c2ac6b,002292.SZ,奥飞娱乐,2024-06-30,-0.19122085,0.22348873,-0.13699974,0.059620433,-0.22115941,0.14788124,1,0.2234887331724167
f44a3167bb6ae7177c6b4bef,002293.SZ,罗莱生活,2024-06-30,-0.20329441,0.14370179,-0.014648914,0.07220435,-0.21989496,0.14138147,1,0.14370179176330566
6c8985743aa001e8bb50b7c3,002294.SZ,信立泰,2024-06-30,-0.20953,0.0692887,-0.1520632,0.6114536,-0.2398763,0.024017118,3,0.6114535927772522
098cd69310b83501ff318005,002295.SZ,精艺股份,2024-06-30,0.08130936,-0.2069493,0.2293405,-0.05931044,0.09208698,-0.053302906,2,0.22934049367904663
a4d07eeb9f36d2162ff48253,002296.SZ,辉煌科技,2024-06-15,0.0056598987,0.093489885,-0.10227513,-0.0427191,-0.010963685,0.0016722479,1,0.0934898853302002
38575605c4506ee83464315d,002297.SZ,博云新材,2024-06-30,0.13075852,-0.31545308,0.23975348,-0.10977762,0.25370803,-0.12864853,4,0.25370803475379944
6229fd5437b7234cc04fcac4,002298.SZ,中电鑫龙,2024-06-30,0.12866187,0.44022468,-0.46923792,-0.069377445,-0.16072656,0.10012488,1,0.44022467732429504
045fc90713692e56c9dee9f2,002299.SZ,圣农发展,2024-06-15,-0.16416658,0.07654087,0.020041524,0.20620221,-0.23583595,0.048246484,3,0.2062022089958191
6a393de9b0c6a7c73500eae7,002300.SZ,太阳电缆,2024-06-15,0.5747206,-0.2864141,0.22898154,-0.1826572,0.15334442,-0.12943421,0,0.5747206211090088
58e0f1673f06ac58fab4c6a1,002301.SZ,齐心集团,2024-06-30,-0.15757808,0.30564547,-0.27558824,0.0707132,-0.17378093,0.09528265,1,0.3056454658508301
23fc0553ddec64caaed62c4d,002302.SZ,西部建设,2024-06-30,-0.012612856,-0.0190366,0.15050127,-0.0329345,-0.10177241,0.02135202,2,0.15050126612186432
a992beac541a86deacc4132e,002304.SZ,洋河股份,2024-06-30,-0.1637959,0.13735917,-0.022098519,0.10156246,-0.23297986,0.092025846,1,0.13735917210578918
39e92ed3f46a850b03c5160b,002305.SZ,*ST南置,2024-06-15,-0.044778742,0.04993657,-0.036063343,0.00399286,-0.06719492,0.15795022,5,0.15795022249221802
8a4b25bccb5a992754d08804,002306.SZ,*ST云网,2024-06-30,-0.12959358,0.20008008,-0.1287711,0.027850628,-0.18946446,0.085859254,1,0.20008008182048798
88abf1bfed1cddf752c97807,002307.SZ,北新路桥,2024-06-15,-0.10900305,0.35524186,-0.1530654,-0.0982236,-0.28463662,0.10330725,1,0.3552418649196625
407266077c4f1dbc4de29610,002315.SZ,焦点科技,2024-06-15,-0.16132751,0.28464022,-0.20436375,0.06804727,-0.20416707,0.094085306,1,0.28464022278785706
4cded7005f6108135958b459,002350.SZ,北京科锐,2024-06-15,0.5523342,0.17221929,-0.24883342,-0.16727448,0.039289113,-0.032287758,0,0.552334189414978
4d5a9d13a9a01f53e04c5752,002362.SZ,汉王科技,2024-06-15,-0.089084126,0.37778175,-0.37951586,0.035441633,-0.067994975,0.024062606,1,0.3777817487716675
60a03f3e8dd923975f88204f,002365.SZ,永安药业,2024-06-15,-0.10026883,-0.14689007,0.2370216,0.42204592,-0.1873395,-0.027705204,3,0.42204591631889343
ee808e4d0bcd7c5c7964517a,002419.SZ,天虹股份,2024-03-15,-0.23629676,0.31353813,-0.205289,0.06984126,-0.2973,0.18602742,1,0.313538134098053
e0626d2f10af5b193ce626e9,002438.SZ,江苏神通,2024-06-15,0.2960796,-0.27306008,0.19848093,-0.23584913,0.29512733,-0.12799011,0,0.2960796058177948
7803d7899443eb773508bc73,002446.SZ,盛路通信,2024-06-15,0.106097914,0.0249253,-0.1507887,-0.08690692,0.199758,-0.06287021,4,0.19975799322128296
a29246b6f8c96a306766b105,002448.SZ,中原内配,2024-06-15,0.20959827,-0.41418487,0.2956368,-0.20313038,0.39199254,-0.15502729,4,0.3919925391674042
f855dbd4c48ae66758c7ea07,002461.SZ,珠江啤酒,2024-03-15,-0.10259884,0.061008796,0.0068736775,0.088372685,-0.13749388,0.04655214,3,0.08837268501520157
ad57a24ddb2e68ca3ea50fdc,002467.SZ,二六三,2024-06-15,-0.16081098,0.4593683,-0.35080582,0.027154248,-0.25317425,0.10092313,1,0.4593682885169983
e7e31ff1dee235872e69dc1f,002489.SZ,浙江永强,2024-06-15,-0.06415989,-0.0306015,0.16637678,-0.03878451,-0.03454465,0.04641679,2,0.16637678444385529
fae33641706b2a5f3f0333be,002490.SZ,山东墨龙,2024-06-15,0.0594713,-0.15283056,0.20334558,-0.033280615,0.040938318,-0.05247128,2,0.20334558188915253
411d6a176200b20c9d10d1bc,002506.SZ,协鑫集成,2024-06-30,0.6230426,-0.17211924,0.08788681,-0.17063954,0.16380297,-0.039605346,0,0.6230425834655762
00d882a542c899dc4e957a47,002599.SZ,盛通股份,2024-06-30,-0.19038455,0.2427575,-0.11824717,0.052801706,-0.2346541,0.17538282,1,0.24275749921798706
5b9bee86f1a9221c3b9c7b01,300002.SZ,神州泰岳,2024-06-15,-0.092757985,0.3929991,-0.35707724,0.0019266102,-0.12333143,0.04411042,1,0.3929991126060486
c6aea3960fd828aa363c9af7,300353.SZ,东土科技,2024-06-15,0.18930976,0.011861553,-0.18369678,-0.16371806,0.26393247,-0.11157275,4,0.263932466506958
05603407596bc822dc36b737,300370.SZ,安控科技,2024-06-15,0.18397605,-0.022296105,-0.13693056,-0.12508713,0.2430895,-0.11903466,4,0.243089497089386
000821d668895aedab67f591,300444.SZ,双杰电气,2024-06-15,0.64011705,0.019932494,-0.11878362,-0.16451533,0.10321665,-0.0702474,0,0.6401170492172241
8997bf65977bda222be83fbf,300445.SZ,康斯特,2024-06-15,0.14989091,-0.083925925,-0.06563856,-0.010200173,0.24977328,-0.14318348,4,0.2497732788324356
7177d709abdf318afd84f8a3,600999.SH,招商证券,2024-06-30,-0.21875761,0.38108417,-0.23921865,0.058118608,-0.33076712,0.14453201,1,0.3810841739177704
3c60090b5cff13fb6e608a7e,601126.SH,四方股份,2024-06-30,0.59131646,0.0856813,-0.26427707,-0.1895488,0.10106905,-0.04009979,0,0.5913164615631104
cc14cbe376e6a52402d8d4c7,601633.SH,长城汽车,2024-06-15,-0.06421572,0.110885546,-0.11193088,-0.028641425,-0.05871905,0.047513038,1,0.11088554561138153
f3034f0ef891a80797e7d841,601727.SH,上海电气,2024-04-05,0.5970266,-0.004154071,-0.05441464,-0.31731808,0.102870494,-0.046659708,0,0.5970265865325928
d7ec55b99f3b5a7266b2a00d,601888.SH,中国中免,2024-06-30,-0.15203837,0.17806637,-0.117608726,0.05752071,-0.18165772,0.10520969,1,0.17806637287139893
85b7ff69c0f367a7348f6b99,002303.SZ,美盈森,2024-06-15,-0.089803636,-0.016020786,0.093290284,-0.017626388,-0.039010607,0.03183135,2,0.0932902842760086
d5bb55ded1b089f24d40666c,002309.SZ,中利集团,2024-06-15,0.7176856,-0.24474902,0.2160738,-0.2875105,0.16344576,-0.11305902,0,0.7176855802536011
45eb5739a9c94329620cde21,002310.SZ,东方新能,2024-06-15,0.15789405,-0.07471913,0.046171777,-0.1535112,0.10746988,-0.040623154,0,0.1578940451145172
0aa90d4c2f8cfd62e2a573fe,002311.SZ,海大集团,2024-06-15,-0.13494627,0.1303829,-0.045912847,0.12909389,-0.21984231,0.10593985,1,0.13038289546966553
851f659c4909345afe9bbee8,002312.SZ,川发龙蟒,2024-06-30,-0.059762582,-0.19681463,0.45389104,0.043846734,-0.14704117,-0.03441381,2,0.4538910388946533
4582438430f9fbede53aaf7d,002313.SZ,日海智能,2024-06-15,-0.029368462,0.2788136,-0.3602973,-0.0745304,0.020123946,0.107375056,1,0.27881360054016113
beefabeded7cc8cbe647cb53,002314.SZ,南山控股,2024-06-30,-0.17410025,0.27537465,-0.19491023,0.002798533,-0.2900489,0.82418907,5,0.8241890668869019
ae017f1611de8d1c4a765ddc,002316.SZ,亚联发展,2024-06-15,-0.08896071,0.316826,-0.3126313,-0.010382389,-0.10500521,0.042423505,1,0.3168259859085083
70a8e45fdceee40aafffbaeb,002317.SZ,众生药业,2024-06-15,-0.23692828,0.07071033,-0.09924075,0.5401753,-0.2780038,0.050061863,3,0.5401753187179565
343e61cd0eb6d8cb893b588c,002318.SZ,久立特材,2024-06-15,0.07817004,-0.18101482,0.19095153,-0.049155798,0.08764162,-0.06101639,2,0.19095152616500854
2b07f0b520759fc8633d36ce,002319.SZ,乐通股份,2024-06-30,-0.053783838,-0.12190257,0.24794415,0.08429907,-0.0435934,-0.033084784,2,0.24794414639472961
0562eceb69b4b2aaa03d877d,002320.SZ,海峡股份,2024-06-15,-0.13533083,0.2309478,-0.14229602,-0.0017297538,-0.22407877,0.10659674,1,0.230947807431221
16a39e9ba0eaeedf4c2f3d5e,002321.SZ,华英农业,2024-06-30,-0.16015464,0.07582795,0.03871031,0.18685684,-0.24895898,0.05259742,3,0.18685683608055115
28805e1c00696ddbeb9ee261,002327.SZ,富安娜,2024-06-30,-0.19847034,0.11201443,0.023257932,0.07811897,-0.1975686,0.1469757,5,0.14697569608688354
c8f50712a7730a08a1fab8bd,002328.SZ,新朋股份,2024-06-15,0.27000746,-0.45296144,0.27386987,-0.28412595,0.50080043,-0.12149586,4,0.5008004307746887
f72001f4e630e805f8460f68,002331.SZ,皖通科技,2024-06-15,-0.06762022,0.4639333,-0.4081481,-0.11561213,-0.07876792,0.035296127,1,0.4639332890510559
a29fae20c29251c906375c16,002356.SZ,赫美集团,2024-06-15,-0.14553791,0.13084753,-0.0825478,0.04172708,-0.16095147,0.09712912,1,0.1308475285768509
fb93798310ae4d6969012256,002474.SZ,榕基软件,2024-06-30,-0.15057577,0.53870094,-0.43119273,0.0044541266,-0.23978193,0.072111055,1,0.5387009382247925
c9e2bba9cdcdddc083b81e3d,002523.SZ,天桥起重,2024-06-15,0.2114557,-0.17642844,0.2080943,-0.16360675,0.1234199,-0.06906026,0,0.21145570278167725
34764953eaf267aca07a45f4,002756.SZ,永兴材料,2024-06-30,0.088171594,-0.3108596,0.41707325,-0.08280182,0.06221049,-0.07474099,2,0.41707324981689453
835403514fe1e815a4b9255e,300001.SZ,特锐德,2024-06-30,0.19756393,0.15674776,-0.18484406,-0.0934167,-0.046535235,0.07086374,0,0.19756393134593964
e7f66babfb518db2b7e8e88d,300003.SZ,乐普医疗,2024-06-30,-0.068448834,0.063951515,-0.25838682,0.4698332,0.015475266,-0.06142375,3,0.4698331952095032
a0943a00acecb458cc158e45,300004.SZ,南风股份,2024-06-15,0.61381066,-0.16674082,0.07573798,-0.30074772,0.19755702,-0.114392124,0,0.613810658454895
ead6b9f9b9d653cf3ba9baa0,300005.SZ,探路者,2024-06-15,-0.11828856,0.11853573,-0.026383776,0.042858843,-0.091472775,0.03377232,1,0.11853572726249695
02201e99def755ae609ea1fc,300006.SZ,莱美药业,2024-06-15,-0.22697571,0.06860403,-0.13757458,0.5545247,-0.25519788,0.05608015,3,0.5545247197151184
f177e73aac245aa6713ad3a9,300007.SZ,汉威科技,2024-06-15,0.103354566,0.019523788,-0.13347703,-0.103857055,0.15708816,-0.082014956,4,0.15708816051483154
fdc1cab623f0295b20071ef8,300008.SZ,天海防务,2024-06-15,0.014562349,0.07978238,-0.085697934,-0.06611316,0.0012081596,0.001844584,1,0.0797823816537857
01144075c62a672bb992e9b4,300009.SZ,安科生物,2024-06-15,-0.20049326,0.043495607,-0.10509947,0.5562931,-0.21920352,0.006436892,3,0.5562930703163147
93f1fe2860a0981226a80106,300010.SZ,豆神教育,2024-06-30,-0.3101513,0.6224344,-0.424654,0.08343824,-0.4170042,0.18791461,1,0.6224343776702881
4ddc7d5fc879faa051d630a6,300011.SZ,鼎汉技术,2024-06-30,0.17411815,0.027603747,-0.14029898,-0.14373565,0.17245618,-0.061602406,0,0.17411814630031586
640644fbd436cac9b83e1776,300012.SZ,华测检测,2024-06-30,-0.15272322,0.38781834,-0.39826164,0.050612222,-0.1504841,0.068324514,1,0.3878183364868164
16dcd8977a1f798681a6fe30,300013.SZ,新宁物流,2024-06-30,-0.1222862,0.18720903,-0.10200684,0.04821609,-0.17541891,0.056578293,1,0.18720902502536774
c88113752efd68582344721b,300014.SZ,亿纬锂能,2024-06-30,0.601086,-0.37178403,0.14972505,-0.16061857,0.3306993,-0.14349309,0,0.6010860204696655
280a6ad7d33f58d7ca281efc,300015.SZ,爱尔眼科,2024-06-15,-0.24367306,0.34871757,-0.31790036,0.26251847,-0.30512393,0.16432397,1,0.3487175703048706
d9f8a71a222dedefa05bf42c,300017.SZ,网宿科技,2024-06-15,-0.16726637,0.44503206,-0.40079108,0.064485766,-0.19929357,0.10225484,1,0.4450320601463318
20e1411d648c26d1c8817c1b,300018.SZ,中元股份,2024-06-15,0.49773026,0.0116669275,-0.17799653,-0.026104711,0.11504503,-0.08532475,0,0.4977302551269531
593253770bf1afe7dc8d646d,300019.SZ,硅宝科技,2024-06-15,0.1718898,-0.48483402,0.5192133,-0.09296049,0.3274218,-0.1981119,2,0.5192133188247681
b631c08f4903612e73cd77d8,300020.SZ,ST银江,2024-06-30,-0.23500685,0.6471517,-0.515376,-0.01759531,-0.3284182,0.16622113,1,0.6471517086029053
d42a9ea6983bdf6779ac3e1d,300021.SZ,大禹节水,2024-06-15,-0.087632224,0.24857616,-0.16560698,-0.0220296,-0.1700814,0.09080053,1,0.24857616424560547
47a70660e19d8b0621877e6e,300022.SZ,吉峰科技,2024-06-15,-0.07491745,0.15135427,-0.10983095,0.018773593,-0.109206446,0.045786694,1,0.15135426819324493
636875fccae4ec4a2a5e8b27,300024.SZ,机器人,2024-06-15,0.22921214,-0.21753749,0.054170147,-0.17110024,0.33916366,-0.13474959,4,0.3391636610031128
a34562346b57aa9dff853406,300026.SZ,红日药业,2024-06-15,-0.17227015,0.07051246,-0.09666218,0.45709068,-0.23912303,0.045734115,3,0.45709067583084106
be4c738d823c47a57a772498,300027.SZ,华谊兄弟,2024-06-15,-0.2107284,0.3304541,-0.19850798,0.060029667,-0.290162,0.121144876,1,0.33045411109924316
ab79c4cd6da08c812fea9fd3,300033.SZ,同花顺,2024-06-15,-0.2044639,0.56539875,-0.3822952,0.053450976,-0.34369615,0.12381233,1,0.5653987526893616
afb2e8bf922fae8aab10132c,300071.SZ,福石控股,2024-06-30,-0.24333099,0.37960774,-0.26307347,0.04494118,-0.26541075,0.13708489,1,0.3796077370643616
fd6d7755ff34df6ee1c38e09,601117.SH,中国化学,2024-06-30,-0.10521264,0.3342396,-0.054435402,-0.073233396,-0.32895786,0.090623565,1,0.3342396020889282
a12ba229879783edf153d1f7,601139.SH,深圳燃气,2024-06-30,-0.17128715,0.3957241,-0.22214869,-0.058060743,-0.3419676,0.16887762,1,0.3957240879535675
21fc3096bf0432ce6b791801,601618.SH,中国中冶,2024-06-30,-0.021441303,0.13646263,0.06423335,-0.121628106,-0.19031361,0.12692882,1,0.13646262884140015
e4746883db2a0eff10ceda88,601801.SH,皖新传媒,2024-06-30,-0.21830073,0.34849507,-0.22094029,0.039946496,-0.3077267,0.14166139,1,0.3484950661659241
ed89e307978bc9b68db56b1e,601877.SH,正泰电器,2024-06-30,0.49673522,0.089268416,-0.08331258,-0.23514217,-0.033572707,0.07415362,0,0.49673521518707275
f03ffc48e5977d7e3c179982,002322.SZ,理工能科,2024-06-15,0.07883294,0.2746415,-0.28060868,-0.1180619,-0.015664395,0.09045886,1,0.2746415138244629
217b697356deaf41221fdfb8,002323.SZ,雅博股份,2024-06-15,0.11387797,-0.001042556,0.15854728,-0.17340064,-0.0090676285,0.0003086403,2,0.1585472822189331
8ab8de27ce4af47770720fc5,002324.SZ,普利特,2024-06-15,0.174204,-0.41048932,0.43428522,-0.16125613,0.28246787,-0.11483382,2,0.4342852234840393
6e144370f1bbfe158dc8f669,002326.SZ,永太科技,2024-06-15,-0.011768949,-0.37081116,0.5404819,0.17664741,0.04442337,-0.12591872,2,0.5404819250106812
b31f9aaed75b337894ca5fde,002329.SZ,皇氏集团,2024-06-30,-0.12568904,0.1579761,-0.06865884,0.03883526,-0.21509838,0.12650776,1,0.15797610580921173
096e49ddcbfb1a125cd18b8b,002330.SZ,得利斯,2024-06-15,-0.22530885,0.1594087,-0.06196449,0.32711786,-0.315587,0.10311169,3,0.3271178603172302
ddf5b21da51a13c74c52f45a,002332.SZ,仙琚制药,2024-06-15,-0.24718253,-0.044064455,0.0018743803,0.7002982,-0.2607122,0.0064824475,3,0.7002981901168823
c7af16dc400be3868befb049,002333.SZ,罗普斯金,2024-06-15,0.08811427,-0.2318213,0.30468446,-0.09902827,0.11161698,-0.06313608,2,0.30468446016311646
b788d48243458bc9e369578c,002334.SZ,英威腾,2024-06-15,0.751518,-0.28744638,-0.022718541,-0.27306026,0.42653626,-0.16434991,0,0.7515180110931396
48e5223272fa6cfebdf5a238,002335.SZ,科华数据,2024-06-15,0.51553446,0.0657855,-0.21460575,-0.14885554,0.09643069,-0.049853034,0,0.5155344605445862
b1cb16feb4146aa12a2f4682,002337.SZ,赛象科技,2024-06-15,0.0893181,-0.14463472,0.10841334,-0.085733905,0.13122453,-0.053955603,4,0.13122452795505524
cd2e7d7e4f5f3a110c92c49d,002338.SZ,奥普光电,2024-06-15,0.1177845,-0.053649392,-0.062558025,-0.12848611,0.20921262,-0.0775334,4,0.20921261608600616
a556ef046fe177ec30562b88,002339.SZ,积成电子,2024-06-15,0.37747476,0.31378528,-0.3012874,-0.1639107,-0.062422097,0.0025300663,0,0.37747475504875183
0744f15ecf45d42eb811b212,002340.SZ,格林美,2024-06-15,0.039636713,-0.1798992,0.31869397,-0.035595763,-0.0005574437,-0.029999603,2,0.31869396567344666
41663469be6cf99b560093d2,002342.SZ,巨力索具,2024-06-15,0.1595175,-0.17806962,0.20106079,-0.15181908,0.10492711,-0.06983118,2,0.20106078684329987
5c9f56bfa60dd85d45d73279,002343.SZ,慈文传媒,2024-06-30,-0.18589786,0.2465898,-0.14082715,0.064925805,-0.23800519,0.0900374,1,0.246589794754982
21f10c28d41b5a918853a756,002344.SZ,海宁皮城,2024-06-15,-0.081263654,0.075060785,-0.029017737,0.03695099,-0.10193131,0.042379197,1,0.07506078481674194
466554d4efcc91751173dc4f,002345.SZ,潮宏基,2024-06-15,-0.23533861,0.23917167,-0.1114356,0.07594074,-0.26605532,0.15811223,1,0.23917166888713837
496061f77a1a1cb916e31f7e,002346.SZ,柘中股份,2024-06-30,0.26954463,0.0090730265,0.09445549,-0.03533803,-0.16492075,0.11447286,0,0.2695446312427521
ba0428da84455af9fefafdd4,002347.SZ,泰尔股份,2024-06-30,0.2514056,-0.22831243,0.10220598,-0.24249958,0.3390468,-0.12641835,4,0.33904680609703064
665c0466b515281f05643a7d,002348.SZ,高乐股份,2024-06-15,0.09031397,-0.12866312,0.1310608,-0.055947185,0.14760002,-0.06670428,4,0.14760002493858337
bdbdae39feb70d26160078af,002349.SZ,精华制药,2024-06-15,-0.21463743,0.04866482,-0.07876561,0.53484654,-0.27751952,0.05338184,3,0.5348465442657471
cbdd773456e005f79d92a709,002351.SZ,漫步者,2024-06-15,-0.022666194,0.11744769,-0.22723676,-0.09618257,0.12973168,0.020597992,4,0.129731684923172
8aedda705f1a314bccf20e75,002352.SZ,顺丰控股,2024-06-15,-0.23551035,0.4051053,-0.2671016,0.06991844,-0.34726134,0.153591,1,0.4051052927970886
7df0ea50d70a524a5bccbdde,002353.SZ,杰瑞股份,2024-06-15,0.041622147,0.0029889168,0.02417492,-0.03992256,-0.006125658,-0.011339416,0,0.04162214696407318
325aedcfa17ca8727dc03cd2,002354.SZ,天娱数科,2024-06-15,-0.16466692,0.364541,-0.24492793,0.051001024,-0.267568,0.08663589,1,0.3645409941673279
58e45034bf4be2d2a0577c1a,002355.SZ,兴民智通,2024-06-15,0.11870595,0.060825992,-0.29465613,-0.13593988,0.3022297,-0.054665297,4,0.30222970247268677
e385dbca3fd7a92c10451cd8,002357.SZ,富临运业,2024-06-15,-0.11738505,0.19583976,-0.1311289,0.0038822005,-0.17765139,0.08374192,1,0.1958397626876831
cff05b741a1c83d876be0627,002358.SZ,森源电气,2024-06-15,0.5084106,0.03198232,-0.06119461,-0.19014922,0.037192278,-0.035227917,0,0.5084105730056763
3861fe7f2a8181176fb338f4,002370.SZ,亚太药业,2024-06-15,-0.28429925,0.06565319,-0.07734455,0.6642834,-0.33174655,0.07246025,3,0.6642833948135376
dbb174bb2abafb923e27f042,002375.SZ,亚厦股份,2024-06-15,-0.10001698,0.26040313,-0.14696713,-0.110926524,-0.16499063,0.115642905,1,0.2604031264781952
7721a5ee9fd0a6ccecd255fe,002381.SZ,双箭股份,2024-06-15,0.08282608,-0.18446994,0.23595355,-0.07367914,0.068895295,-0.05487698,2,0.23595355451107025
7c502d5d52542a7fb7a9c70d,002455.SZ,百川股份,2024-06-30,0.065393046,-0.4826547,0.677866,0.07008815,0.066074,-0.1270589,2,0.6778659820556641
cbdcc45bdb3dfc5e47a24251,002538.SZ,ST司尔特,2024-06-15,-0.07731415,-0.030606437,0.20529583,0.18025585,-0.19942324,0.020107372,2,0.20529583096504211
eba0dd1a20285cedef93965a,002549.SZ,凯美特气,2024-06-15,0.06622198,-0.23232906,0.31256998,0.009847452,0.062113035,-0.11710226,2,0.3125699758529663
a7159030ee9dd95c2338989e,002561.SZ,徐家汇,2024-06-30,-0.22870407,0.33964053,-0.22219144,0.043072462,-0.32004198,0.22595122,1,0.3396405279636383
1ec6cef5c1f2e4e7e535eeec,002591.SZ,恒大高新,2024-06-30,0.16539761,-0.16688125,0.23740691,-0.12599495,0.09025213,-0.089957714,2,0.2374069094657898
7921f8357ddccc8ab20c3811,300025.SZ,华星创业,2024-06-15,-0.14109023,0.45673335,-0.41501397,-0.033377856,-0.17679416,0.12039633,1,0.4567333459854126
980842f60b8a4cdf482da262,300029.SZ,*ST天龙,2024-06-30,0.20113099,-0.32076794,0.2462669,-0.1113203,0.3012267,-0.17590475,4,0.3012267053127289
4f517ac2c3e8a6436ddfaadc,300030.SZ,阳普医疗,2024-06-15,-0.015495588,-0.0803861,-0.029377136,0.45447665,0.03557035,-0.10191101,3,0.45447665452957153
eb9b43fc4fb058ad6c76ed4c,300031.SZ,宝通科技,2024-06-30,0.24316652,-0.12467159,0.072837405,-0.1373322,0.20745519,-0.12991375,0,0.24316652119159698
84825d72bef8a0010d55c3cc,300032.SZ,金龙机电,2024-06-15,0.24725713,-0.44081426,0.09084803,-0.26125857,0.6819815,-0.20564246,4,0.6819815039634705
d01850351b1b8911a9416a62,300034.SZ,钢研高纳,2024-06-15,0.15876956,-0.295465,0.27434862,-0.13888963,0.22875184,-0.12841758,2,0.2743486166000366
0bd1f7e44cf83bfcd4c0dd44,300035.SZ,中科电气,2024-06-15,0.5695099,-0.4366502,0.35875052,-0.1769837,0.2856454,-0.19282189,0,0.5695099234580994
f4f221accc04154d38065c9b,300036.SZ,超图软件,2024-06-15,-0.14493868,0.57752645,-0.48342988,-0.018205535,-0.20265031,0.06486673,1,0.5775264501571655
7a10f476e941b403849ac88a,300037.SZ,新宙邦,2024-06-15,0.1779991,-0.53396755,0.5284987,-0.027381256,0.35337603,-0.21889052,2,0.5284987092018127
10a8469b8e9e2b735683796b,300041.SZ,回天新材,2024-06-30,0.16589314,-0.4944531,0.52739626,-0.084707595,0.31990096,-0.19603074,2,0.5273962616920471
934deee022e4283fb81d4cb4,300139.SZ,晓程科技,2024-06-15,0.06512727,0.041693117,-0.08959307,-0.0488893,0.061862394,-0.016500344,0,0.06512726843357086
36c59fd998a130a36f97ba73,300247.SZ,融捷健康,2024-06-15,-0.09954706,0.07525646,-0.1842282,0.29843083,-0.0022776388,0.0037129596,3,0.29843083024024963
34c0df87acf10c8231786f65,601678.SH,滨化股份,2024-06-15,-0.05238594,-0.25226015,0.543142,0.06763823,-0.15519343,-0.03842125,2,0.5431420207023621
9b1618e8e97091c05e671ef3,002360.SZ,同德化工,2024-06-15,-0.039502688,0.01058135,0.18830845,0.028311364,-0.16808659,0.0007679472,2,0.188308447599411
5a5db91deeeb09d14f33a8a8,002361.SZ,神剑股份,2024-06-15,0.14424363,-0.45475337,0.61984205,-0.15292028,0.1738871,-0.1321846,2,0.6198420524597168
00e5ba606a3627bb21dc391c,002363.SZ,隆基机械,2024-06-15,0.20647994,-0.40116397,0.32279348,-0.1736207,0.40104035,-0.14759913,4,0.40104034543037415
1e30a32395d2a7b08f8940cf,002364.SZ,中恒电气,2024-06-15,0.6504468,0.023105368,-0.1560321,-0.1490386,0.1311625,-0.04963274,0,0.6504467725753784
fda508883fe2ec55e51bbed4,002366.SZ,融发核电,2024-06-15,0.2331115,-0.15781891,0.16292784,-0.23116711,0.18016572,-0.0790647,0,0.23311150074005127
8263d3373f9adb72177fdbe6,002367.SZ,康力电梯,2024-06-15,0.051392764,0.10411204,-0.07146726,-0.1021245,-0.0015315944,0.035937987,1,0.10411203652620316
6dd6fab37a37a22b873bfac5,002368.SZ,太极股份,2024-06-15,-0.14069772,0.5729882,-0.4621905,-0.049494125,-0.21090268,0.09321311,1,0.5729882121086121
1ba94eea23fd8eb5db4eedfa,002369.SZ,卓翼科技,2024-06-15,0.15622686,-0.11434406,-0.13512523,-0.19147047,0.41353694,-0.10907661,4,0.413536936044693
e02d01378ca38486b229f4cc,002371.SZ,北方华创,2024-06-15,0.16287082,-0.34507665,0.096010536,-0.14040403,0.45423612,-0.16828956,4,0.45423611998558044
88f16df4a7994290a61b945a,002372.SZ,伟星新材,2024-06-30,-0.04097081,-0.01487267,0.1577904,-0.023770433,-0.07952351,0.036848076,2,0.1577903926372528
0dfbadbcf9a6013e223c5352,002373.SZ,千方科技,2024-06-15,-0.07781686,0.46220866,-0.41647884,-0.07411256,-0.12032032,0.07015199,1,0.46220865845680237
399893d23a0e042c487cc13d,002374.SZ,中锐股份,2024-06-30,0.002430128,-0.20814233,0.31234097,-0.0024964418,0.04006222,-0.05954782,2,0.31234097480773926
6e0a9ed6419acd6578be3fea,002376.SZ,新北洋,2024-06-15,0.058772527,0.13382205,-0.20465928,-0.07417964,0.13082069,-0.032243244,1,0.13382205367088318
4ecc8924aba122aecbdce4da,002377.SZ,国创高新,2024-06-15,0.04185128,-0.13666601,0.22879167,-0.006923736,-0.0016755052,-0.04495106,2,0.22879166901111603
8a0d26cafa0586565df0faa7,002378.SZ,章源钨业,2024-06-15,0.07470009,-0.27039325,0.29627275,-0.07412701,0.12797463,-0.10084929,2,0.29627275466918945
5d385099b090ea253eeb7a77,002379.SZ,宏桥控股,2024-06-15,-0.10071141,0.0972428,0.08477418,0.05087171,-0.2476584,0.053949416,1,0.0972428023815155
8ee272ccd3a2f923d712a7a4,002380.SZ,科远智慧,2024-06-15,0.16872476,0.2029015,-0.20510398,-0.16683237,0.076645225,-0.071120165,1,0.20290149748325348
a572c114fd0d8388e54cd4ee,002382.SZ,蓝帆医疗,2024-06-15,-0.07656315,-0.08717026,-0.0316273,0.4547466,-0.012192303,-0.07473749,3,0.4547466039657593
4bde90534644886eff25a1a3,002383.SZ,合众思壮,2024-06-15,-0.027330637,0.25536144,-0.31677908,-0.047487974,-0.015365932,0.09793033,1,0.2553614377975464
a4cb4440c07a79bc2194fa27,002384.SZ,东山精密,2024-06-15,0.23937644,-0.4332996,0.08941698,-0.2711709,0.65382177,-0.17984681,4,0.6538217663764954
9a9ac3d7e71f0404889ed208,002385.SZ,大北农,2024-06-15,-0.09100359,0.066490225,0.018328622,0.15140952,-0.19093913,0.037608624,3,0.15140952169895172
15deb081d41243dc24647f6a,002386.SZ,天原股份,2024-06-15,0.042212013,-0.2822641,0.52197933,-0.044480346,-0.046821404,-0.062820986,2,0.5219793319702148
62b354badefe0723a48f8190,002392.SZ,北京利尔,2024-06-15,0.09104956,-0.20851235,0.2929656,-0.079734474,0.073915176,-0.05835084,2,0.2929655909538269
c138ce70a3b31650338aac36,002393.SZ,力生制药,2024-06-15,-0.1886819,0.011291843,-0.04024271,0.53824484,-0.248599,0.043725617,3,0.5382448434829712
09dcadc1a5626f270e7685e1,002394.SZ,联发股份,2024-06-30,-0.060244363,-0.118810974,0.2899843,0.08339439,-0.10593567,-0.0011691535,2,0.2899842858314514
2065956883d75c5f197ccd55,002397.SZ,梦洁股份,2024-06-15,-0.1761626,0.08980567,0.053619027,0.073765054,-0.20648764,0.0820792,1,0.08980567008256912
4c8c2b959bae88eb1b378927,002421.SZ,达实智能,2024-06-30,-0.037563346,0.42374572,-0.37667248,-0.088339426,-0.10818051,0.075514875,1,0.423745721578598
1bc199635a5ab0ee6f49b1d8,002566.SZ,益盛药业,2024-06-15,-0.15663555,0.009686099,-0.030300837,0.41496515,-0.20168042,0.023154536,3,0.4149651527404785
1af86a157235ba0dec4867bf,002630.SZ,ST华西,2024-06-15,-0.15888903,0.35163012,-0.19451189,-0.10280422,-0.28384763,0.17795977,1,0.3516301214694977
3455e8b2241441cb7d847aa9,300039.SZ,上海凯宝,2024-06-15,-0.16322957,0.04249695,-0.06727591,0.51588947,-0.23186168,0.012822725,3,0.5158894658088684
430b1debb0bd035ce514816a,300040.SZ,九洲集团,2024-06-15,0.1388735,0.013559797,-0.049947638,-0.10448831,0.07396196,-0.03316099,0,0.13887350261211395
7f76a34d92ff72eda6b14b44,300042.SZ,朗科科技,2024-06-15,0.045493126,0.042945582,-0.1998598,-0.10959433,0.22165623,-0.051974386,4,0.22165623307228088
d01c0103d092bc72293b41a8,300043.SZ,星辉娱乐,2024-06-15,-0.18538919,0.26459938,-0.17686914,0.030813668,-0.18320538,0.108393356,1,0.26459938287734985
d6bfc8893da0655f67a7d33b,300044.SZ,ST赛为,2024-06-15,-0.0121777635,0.38613003,-0.45240733,-0.14947763,0.012218354,0.03423725,1,0.38613003492355347
7041f65d9913224ba07650c5,300045.SZ,华力创通,2024-06-15,0.06705489,0.10159138,-0.24881594,-0.10414676,0.20176901,-0.08034022,4,0.20176900923252106
11940db3d63f05162c05211d,300046.SZ,台基股份,2024-06-15,0.26689768,-0.34956077,0.08088581,-0.18190189,0.49016336,-0.18718481,4,0.4901633560657501
95335389a9b0ec9ec0a4900b,300047.SZ,天源迪科,2024-06-15,-0.10863062,0.5068214,-0.47368124,-0.0032792538,-0.13673854,0.057566002,1,0.5068213939666748
6503663eb101dbfe219b1d68,300048.SZ,合康新能,2024-06-15,0.71906304,-0.17638306,-0.010947604,-0.22907734,0.27574143,-0.13623837,0,0.7190630435943604
43418fe06c4aba66de890a2c,300049.SZ,福瑞股份,2024-06-30,-0.04626015,0.002147574,-0.08604407,0.2731915,-0.013570078,-0.052111693,3,0.27319151163101196
60eb7d83f81eaed1957e10a9,300050.SZ,世纪鼎利,2024-06-15,-0.098549895,0.42177352,-0.45206416,-0.010790259,-0.082119286,0.06314728,1,0.4217735230922699
7c35245dfe9d1630bbfc6182,300051.SZ,琏升科技,2024-06-30,0.11868636,-0.17701326,0.13121565,-0.04717743,0.15567076,-0.0796769,4,0.15567076206207275
5b7b1dcf3a7252487f1f83d7,300052.SZ,ST中青宝,2024-06-30,-0.22600234,0.39074868,-0.30865872,0.08019095,-0.2614976,0.10821861,1,0.39074867963790894
db2012dc6dccdc450afeec0c,300054.SZ,鼎龙股份,2024-06-15,0.17880167,-0.46929288,0.38030264,-0.08435541,0.43189228,-0.21726194,4,0.4318922758102417
6d01261acadd3a14dd0727ed,300264.SZ,佳创视讯,2024-06-15,-0.097756155,0.4398074,-0.44185436,-0.008644328,-0.050897084,0.012963831,1,0.43980738520622253
196bb509ea6b301680c77f50,300277.SZ,汽轮科技,2024-06-15,0.31539854,-0.24536479,0.14852406,-0.23768525,0.33181393,-0.14446999,4,0.3318139314651489
1bdf4d4d851913f664d87e7c,601058.SH,赛轮轮胎,2024-06-15,0.019155843,-0.24955498,0.35011825,-0.04185556,0.076945335,-0.042237997,2,0.3501182496547699
073f2ce33da45fb7de9ca74c,601106.SH,中国一重,2024-06-15,0.09895545,-0.13182487,0.16802457,-0.11451394,0.059849698,-0.051217306,2,0.16802456974983215
5a8703587bff96c94d7283c0,601179.SH,中国西电,2024-06-15,0.47034603,0.006101217,-0.016809195,-0.19080263,0.034749877,-0.04719998,0,0.47034603357315063
098ed204c25fb1e343cc1eb0,601688.SH,华泰证券,2024-06-30,-0.21580185,0.41439292,-0.28614184,0.06899561,-0.33652508,0.15164821,1,0.4143929183483124
01ecb9331fbe65fe7cc1842e,603199.SH,九华旅游,2024-04-05,-0.19375542,0.28510588,-0.16742219,0.036784284,-0.27619532,0.11993368,1,0.2851058840751648
34a35e6ce4e581d9dd038a38,002387.SZ,维信诺,2024-06-15,0.17846942,-0.40867803,0.10662239,-0.213404,0.62376463,-0.1868831,4,0.6237646341323853
4433724ea5faac3dc6ea7fb1,002388.SZ,新亚制程,2024-06-15,0.22951904,-0.5000485,0.18222737,-0.15828021,0.6629846,-0.22613968,4,0.6629846096038818
99a4484b19c0f274b6ef6b66,002389.SZ,航天彩虹,2024-06-15,0.022578204,0.09058589,-0.11167484,-0.081484765,0.057016525,-0.025560997,1,0.09058588743209839
7839396e4d8d76f44810cc24,002390.SZ,信邦制药,2024-06-15,-0.12752554,0.046756916,-0.03669741,0.27997282,-0.1746295,0.015140935,3,0.2799728214740753
454a1a49b97a44af40bec10c,002391.SZ,长青股份,2024-06-15,-0.09143627,-0.10820103,0.21855517,0.3239834,-0.17271015,-0.015619466,3,0.32398340106010437
812d63e3da34aa662abbf16d,002395.SZ,双象股份,2024-06-15,0.062220473,-0.2923779,0.46439832,-0.046435297,0.053634185,-0.07158979,2,0.4643983244895935
81535ef6de171efb5ab3d231,002398.SZ,垒知集团,2024-06-15,-0.035806302,0.022513576,0.07448958,-0.018917184,-0.07497069,0.06736979,2,0.07448957860469818
d63dd9e5aaa3f17524529c2f,002399.SZ,海普瑞,2024-06-15,-0.24835087,0.057041667,-0.09539907,0.65423787,-0.3011691,0.03929684,3,0.6542378664016724
93d124f68592535779deb53e,002400.SZ,省广集团,2024-06-15,-0.24971004,0.3984758,-0.24204576,0.08298143,-0.35074264,0.16279563,1,0.3984757959842682
24840ea10514ecfd82f92d7e,002401.SZ,中远海科,2024-06-15,-0.1588704,0.57386696,-0.4240417,-0.0199242,-0.28515527,0.11594669,1,0.5738669633865356
2ca3eb4539659286914e8fda,002402.SZ,和而泰,2024-06-30,0.20320183,-0.17241728,-0.18169318,-0.21896967,0.566476,-0.13544019,4,0.5664759874343872
e643ad6f96deaa90fcfb70df,002403.SZ,爱仕达,2024-06-15,-0.038073882,-0.054776013,0.18695036,0.0111868,-0.0030824048,0.0064856904,2,0.18695035576820374
1a8e8e009feadd4577be2c9e,002404.SZ,嘉欣丝绸,2024-06-15,-0.13681108,-0.0052352534,0.17634012,0.07874399,-0.16408949,0.052077882,2,0.17634011805057526
574e2663871231a8db8f82f7,002405.SZ,四维图新,2024-06-30,-0.14312606,0.44248867,-0.4132866,-0.0688577,-0.09377107,0.06614903,1,0.4424886703491211
bc6bc1ba3498dc2ce412d341,002406.SZ,远东传动,2024-03-15,0.17671825,-0.31935522,0.1804018,-0.19545007,0.3369034,-0.109674096,4,0.3369033932685852
c1c4f05dfe629b892bc94579,002407.SZ,多氟多,2024-06-15,0.102214366,-0.3755095,0.48901922,-0.0015990911,0.101038724,-0.13604733,2,0.4890192151069641
2a5b7d0baceedef6194200fa,002408.SZ,齐翔腾达,2024-06-30,-0.053085454,-0.26277047,0.5941038,0.10382214,-0.15529378,-0.050188635,2,0.5941038131713867
5d30d01c4a886df109fcbf85,002409.SZ,雅克科技,2024-06-30,0.10823593,-0.47819933,0.344472,-0.06540363,0.3725794,-0.16643304,4,0.3725793957710266
e32da640d6ec29b0267e0081,002410.SZ,广联达,2024-06-30,-0.105250366,0.46904486,-0.31815025,-0.049358547,-0.2254151,0.104086496,1,0.46904486417770386
e1a13f79fc1587102179c0df,002412.SZ,汉森制药,2024-03-25,-0.21678439,0.05239573,-0.069694385,0.5078885,-0.27798438,0.0461045,3,0.5078884959220886
32ec669d4cbf4665d256b383,002413.SZ,雷科防务,2024-06-15,0.093961105,0.017239798,-0.15965174,-0.17036557,0.25660557,-0.097238846,4,0.2566055655479431
786eb142991c41cdac532c4c,002414.SZ,高德红外,2024-06-30,0.11604725,-0.16835533,0.01183227,-0.1320821,0.29985344,-0.118551515,4,0.29985344409942627
44dd24d9a2a7fac1e243eaa7,002415.SZ,海康威视,2024-03-15,0.05425932,0.20742026,-0.2697551,-0.11169255,0.09416067,-0.026472937,1,0.2074202597141266
706e54161f5480f3b737d339,002416.SZ,爱施德,2024-03-15,-0.06391739,0.09376578,-0.08626681,0.013853913,-0.066644385,0.03943797,1,0.09376578032970428
120e20eda2c200ba23081024,002418.SZ,康盛股份,2024-06-30,0.2207973,-0.37964055,0.31981602,-0.23061463,0.35969138,-0.14268976,4,0.3596913814544678
e21c48e0f8b942553765af2b,002420.SZ,毅昌科技,2024-06-15,0.102185585,-0.24461956,0.106180236,-0.1683929,0.35930303,-0.10913288,4,0.3593030273914337
4e02b52a517ff594efeb326f,002422.SZ,科伦药业,2024-06-15,-0.22819296,0.013730915,-0.07320527,0.63255906,-0.24879521,0.016569985,3,0.632559061050415
336d13913d9e28bb0acfebeb,002423.SZ,中粮资本,2024-06-30,-0.13715468,0.2109866,-0.10611386,0.071275875,-0.2433284,0.08388887,1,0.21098659932613373
0a11aefae3ff7b28d6b638d6,002425.SZ,凯撒文化,2024-06-15,-0.29912433,0.42333043,-0.28178215,0.10055026,-0.3486797,0.16502078,1,0.4233304262161255
c2bce0f03290651377d9dd91,002428.SZ,云南锗业,2024-06-15,0.03110037,-0.19842373,0.2098333,-0.068265826,0.09238472,-0.06763337,2,0.2098332941532135
f1005a199a8d758b71779107,002442.SZ,龙星科技,2024-06-15,0.042039566,-0.3389257,0.5446594,0.0066874437,0.037861563,-0.09613714,2,0.5446593761444092
967db1e2e8937cb6222fa916,002808.SZ,*ST恒久,2024-06-30,0.020044796,-0.07855235,-0.1079673,-0.04386341,0.29700196,-0.10829258,4,0.2970019578933716
70ca6a59b40db3c11076f9a2,300053.SZ,航宇微,2024-06-15,0.084370814,0.056870803,-0.2913456,-0.05077017,0.28410372,-0.091187485,4,0.28410372138023376
1931c6e11845162169325fe2,300055.SZ,万邦达,2024-06-15,-0.058765773,0.09258523,0.018496286,0.009024408,-0.14995755,0.032527134,1,0.09258522838354111
e6da7b9ab3362e2e15e3d3e8,300056.SZ,中创环保,2024-06-15,0.17851873,-0.23380068,0.3425097,-0.105207615,0.13672462,-0.13574798,2,0.3425096869468689
01c9754522627d63c32c94b8,300057.SZ,万顺新材,2024-06-15,0.100061774,-0.3045491,0.3051663,-0.055092208,0.17757525,-0.113591135,2,0.3051663041114807
9c2a4e9e8db22c7305575cf8,300058.SZ,蓝色光标,2024-06-30,-0.24413241,0.38757685,-0.2604023,0.08564155,-0.29484227,0.13115904,1,0.3875768482685089
ffcdb4559e9d5c7ff64148de,300059.SZ,东方财富,2024-06-30,-0.19738244,0.35944542,-0.27778298,0.07992859,-0.25915498,0.12340403,1,0.3594454228878021
ce1051261e8727a1f65ddd2a,300061.SZ,旗天科技,2024-06-30,-0.2090339,0.44506758,-0.37692523,0.067313574,-0.2506433,0.12122561,1,0.4450675845146179
8b3e0d0be8e9c1988a9176d5,300062.SZ,中能电气,2024-06-15,0.5350406,0.060045734,-0.14761549,-0.16363071,0.085299954,-0.046083517,0,0.5350406169891357
01f47d069a2db003d9b8491f,300063.SZ,天龙集团,2024-06-15,-0.041278936,-0.10580106,0.2208558,0.061092228,0.0073416373,-0.057134286,2,0.22085580229759216
bcae2aee0f2fa7590519cbcc,300065.SZ,海兰信,2024-06-15,0.028277226,0.053346533,-0.0935375,-0.03441946,0.03176693,-0.028236397,1,0.053346533328294754
a200ef8f942a52e6396e5f60,300066.SZ,三川智慧,2024-06-15,0.0142894685,0.2013203,-0.21148236,-0.056075905,-0.009616928,0.01304264,1,0.20132030546665192
bda93dcf446ffa801d02a4c4,300068.SZ,南都电源,2024-06-15,0.5284043,0.042193767,-0.08856775,-0.12387123,0.031888857,0.010369299,0,0.5284042954444885
f2f17cbc1b4f04279dc2dba9,300087.SZ,荃银高科,2024-06-15,-0.11073748,0.077926494,-0.0071956073,0.13640392,-0.16411002,0.026274487,3,0.1364039182662964
b1ebfc55789efb0c4ed3a97d,300098.SZ,高新兴,2024-06-30,-0.0011152271,0.075208716,-0.09795612,-0.029683977,0.011408077,-0.0063331067,1,0.07520871609449387
cc97d5f9e9770a8da38e88e3,601010.SH,文峰股份,2024-03-15,-0.21047686,0.29137737,-0.15220892,0.025059886,-0.3012012,0.20711295,1,0.29137736558914185
ffc741a774d32f7272db0fc6,601101.SH,昊华能源,2024-06-30,-0.10395442,0.115156114,0.047522858,0.01324771,-0.23843099,0.065900095,1,0.11515611410140991
a7a8c67cb6b1682c9f04fbb5,601158.SH,重庆水务,2024-04-05,-0.12318294,0.24918364,-0.12775102,-0.014241091,-0.24357301,0.10709253,1,0.24918363988399506
6152b96e01603fefc8ad5a97,601369.SH,陕鼓动力,2024-06-15,0.20385158,-0.13969788,0.12987643,-0.19622459,0.16030358,-0.08355159,0,0.203851580619812
f462b14d21bccdf14b25653a,002424.SZ,ST百灵,2024-03-15,-0.19491738,0.08368243,-0.092320606,0.37907505,-0.24845377,0.056095935,3,0.3790750503540039
206234dacc3936f64f91f6af,002426.SZ,胜利精密,2024-06-30,0.24256375,-0.54839176,0.27019694,-0.2280345,0.6215411,-0.18024306,4,0.6215410828590393
b42a213d3aab75cd52b4364c,002427.SZ,尤夫股份,2024-06-30,0.06424855,-0.2757272,0.37331104,-0.049745124,0.07104084,-0.07369312,2,0.37331104278564453
41f286502d441fdd93281885,002429.SZ,兆驰股份,2024-06-30,0.051321335,-0.1213769,0.046099618,-0.1327695,0.24126095,-0.070604205,4,0.24126094579696655
778c6ce83c17820dc89320ef,002430.SZ,杭氧股份,2024-06-15,0.041048817,-0.089927,0.13530594,-0.051984273,0.015170362,-0.033716835,2,0.13530594110488892
def16c67f362cd709b3c5e0f,002431.SZ,棕榈股份,2024-06-15,-0.2064043,0.42085522,-0.16437028,-0.036398523,-0.3972895,0.1745658,1,0.42085522413253784
1d86e8a0986583848204bb6f,002432.SZ,九安医疗,2024-03-15,-0.09999979,0.09995856,-0.21739249,0.33332902,-0.06363629,0.025454232,3,0.3333290219306946
2914cee9a582db38eefd8d2a,002434.SZ,万里扬,2024-06-15,0.34101558,-0.41439578,0.18793713,-0.3487709,0.58586,-0.168019,4,0.585860013961792
b21a04f962b020eac1c551cb,002436.SZ,兴森科技,2024-06-15,0.20646665,-0.37557387,0.03294864,-0.21127412,0.62211126,-0.16401954,4,0.6221112608909607
ee0ea6210b0a47943d48cc0e,002437.SZ,誉衡药业,2024-06-15,-0.21667528,0.09293064,-0.1202918,0.44014147,-0.25708,0.057801154,3,0.4401414692401886
86bca748875aede95cfb1ffc,002439.SZ,启明星辰,2024-06-15,-0.09412944,0.5101343,-0.49296334,-0.0118734315,-0.10995303,0.036484573,1,0.5101342797279358
4430d76ca0f2815ed2334fdb,002440.SZ,闰土股份,2024-06-15,-0.042480282,-0.16646247,0.3313866,0.13427871,-0.09515033,-0.027620051,2,0.33138659596443176
f735443602ac9fa9b65b63c2,002441.SZ,众业达,2024-03-25,0.38724786,0.10206863,-0.18849486,-0.097886264,-0.039756004,0.030076427,0,0.38724786043167114
090202a7e62c8515830d2385,002443.SZ,金洲管道,2024-06-15,0.04775536,-0.11413283,0.22073832,-0.069664426,-0.0011507683,-0.017582592,2,0.22073832154273987
10953fc398e1e81ec1e7561d,002444.SZ,巨星科技,2024-06-15,0.044299908,-0.085652255,0.053737238,-0.0408705,0.09385739,-0.0380313,4,0.09385739266872406
391e21022da353e88fcd145e,002445.SZ,中南文化,2024-06-15,0.119080946,-0.21569398,0.22456808,-0.104140066,0.13915111,-0.07931538,2,0.22456808388233185
c58e0feca560820debd1cd34,002449.SZ,国星光电,2024-06-15,0.18496802,-0.40627447,0.13265173,-0.17757869,0.5474053,-0.17539673,4,0.5474053025245667
dad5ed0c2077b855b75c34fc,002456.SZ,欧菲光,2024-06-30,0.22878703,-0.30572012,-0.047983285,-0.25810158,0.6227735,-0.17572536,4,0.6227735280990601
779ff560c74d29533a56b059,002459.SZ,晶澳科技,2024-06-30,0.410971,-0.19301489,0.15142573,-0.12812121,0.11594087,-0.06384906,0,0.4109709858894348
d1188cd8e4b37884581fa69f,002466.SZ,天齐锂业,2024-03-15,-0.04985299,-0.11888112,0.29366475,-0.023404377,-0.13438098,-0.0039105667,2,0.29366475343704224
a8f8e384f2a80223ceef739b,002469.SZ,三维化学,2024-06-30,0.05472517,-0.29726678,0.5898344,0.07227741,-0.06468873,-0.10900122,2,0.5898343920707703
ae0feb61d7cfd753d2aa1afa,002492.SZ,恒基达鑫,2024-06-30,-0.14573234,0.25364593,-0.037246425,0.033400435,-0.3085384,0.09020475,1,0.2536459267139435
80f7f62637ce89c90facc9ca,002613.SZ,北玻股份,2024-06-15,0.23252776,-0.38189244,0.3205603,-0.16803971,0.3276267,-0.13776575,4,0.32762670516967773
50c58bf97f525257c9df8984,002622.SZ,皓宸医疗,2024-06-15,-0.21465725,0.25721806,-0.26822641,0.25371438,-0.22256678,0.11118613,1,0.25721806287765503
de89e0575392d16eaae70b24,002644.SZ,佛慈制药,2024-06-15,-0.1698052,0.032502856,-0.03381724,0.36433035,-0.20902386,0.028550306,3,0.36433035135269165
3c049b1c951be9b86bcdd61b,300067.SZ,安诺其,2024-06-15,-0.06688743,-0.1616867,0.27354333,0.14299588,-0.04958913,-0.03670068,2,0.2735433280467987
2b9818df91918b94f00e9999,300069.SZ,金利华电,2024-06-15,0.425229,-0.21733832,0.13373484,-0.12921345,0.17555486,-0.12283389,0,0.425229012966156
2f2d78b98a85f43ae80c3e8e,300070.SZ,碧水源,2024-06-15,-0.0036773062,0.17758968,-0.00997072,0.045907076,-0.12463942,-0.01597359,1,0.17758968472480774
bc7f3417962a67983b25a4ed,300072.SZ,海新能科,2024-06-15,0.049737487,-0.1097654,0.4088598,-0.052521005,-0.0613267,-0.076261885,2,0.4088597893714905
6de5f0f5fdf2e7904c2b5574,300073.SZ,当升科技,2024-06-15,0.5916395,-0.44228658,0.30622944,-0.12281671,0.30348074,-0.16693029,0,0.591639518737793
22d2c7d3f7240899079bda1c,300074.SZ,华平股份,2024-06-15,-0.07897519,0.42874956,-0.43442458,0.015826298,-0.107025355,0.044492748,1,0.42874956130981445
e54d6627dfff5986ebdd7a1b,300075.SZ,数字政通,2024-06-15,-0.13231182,0.6158519,-0.49644777,-0.030160265,-0.2175349,0.084480286,1,0.615851879119873
06115a376149ff6546a34968,300076.SZ,GQY视讯,2024-06-15,-0.007882781,0.30870843,-0.3558214,-0.09656024,0.026747134,0.019927286,1,0.30870842933654785
5f6f0f09658dd4aab22873f1,300077.SZ,国民技术,2024-06-15,0.11919595,-0.08261727,-0.25887626,-0.1123389,0.46143135,-0.13913405,4,0.4614313542842865
c64c4bed8453ef5c18879358,300078.SZ,思创智联,2024-06-15,-0.035347715,0.08077544,-0.106367335,0.030925173,-0.017044086,-0.008671746,1,0.0807754397392273
9b3f8b13d3cbbc6a304a89f9,300079.SZ,数码视讯,2024-06-15,-0.041024636,0.33993995,-0.3574934,-0.014282949,-0.03487102,0.0063621216,1,0.3399399518966675
51299700db316a72c4217514,300080.SZ,易成新能,2024-06-30,0.49674672,-0.4039303,0.3073963,-0.1296538,0.2704718,-0.17017858,0,0.4967467188835144
a89bfd48a1282b31a1014f43,300082.SZ,奥克股份,2024-06-30,0.088728026,-0.36571658,0.51060337,0.0046324097,0.0795558,-0.13690598,2,0.5106033682823181
a0c8b4340a923cdc08d26f29,300083.SZ,创世纪,2024-06-15,0.14666261,-0.18607841,0.012902629,-0.096432514,0.2828336,-0.10114223,4,0.28283360600471497
3eb8b23060c648b9871ce625,300084.SZ,海默科技,2024-06-15,0.12349039,-0.021416914,-0.08592339,-0.07378259,0.16067204,-0.08463904,4,0.16067203879356384
0cfa34035aa35e2cbad6ae36,300086.SZ,康芝药业,2024-06-15,-0.14330658,0.0010319669,-0.057525843,0.4282623,-0.15949428,0.012995261,3,0.42826229333877563
15e077d73803d4127832d4f0,300101.SZ,振芯科技,2024-06-15,0.08919295,0.07931739,-0.24498765,-0.10024076,0.23051377,-0.08784297,4,0.2305137664079666
fc48783b3df8db1b92ce3779,300105.SZ,龙源技术,2024-06-15,0.16223791,0.105198324,-0.013773868,-0.17660558,0.027917646,-0.057798825,0,0.16223791241645813
8ba00121a8341f1ab2439e7e,300235.SZ,方直科技,2024-06-15,-0.16642548,0.53233993,-0.40658706,-0.011305409,-0.21067284,0.08307592,1,0.5323399305343628
72976bc593dfda2c23c6ddc4,300238.SZ,冠昊生物,2024-06-15,-0.013620432,-0.24646118,0.10609511,0.4772442,0.10991226,-0.14727563,3,0.47724419832229614
b217e448d380e34198fe2146,601012.SH,隆基绿能,2024-03-15,0.48195118,-0.2857951,0.22578342,-0.13901797,0.16608374,-0.0897035,0,0.48195117712020874
616f5da098334ff608dd46a3,601118.SH,海南橡胶,2024-04-05,-0.0894207,-0.03087344,0.118998714,0.022974268,-0.11913344,0.027648602,2,0.11899871379137039
8c0b723c36664ebb0db359e6,601188.SH,龙江交通,2024-06-15,-0.11812542,0.22992694,-0.14800379,-0.016737528,-0.20726703,0.11161165,1,0.2299269437789917
ff62ccc338086bfbcd8e7897,601518.SH,吉林高速,2024-06-30,-0.04210964,0.063733436,-0.03904272,-0.00063604256,-0.07025052,0.028872345,1,0.06373343616724014
0ff84400f584795ce006ae44,603002.SH,宏昌电子,2024-06-15,0.17601241,-0.56869745,0.6029235,-0.083671376,0.35184705,-0.21313117,2,0.6029235124588013
9c6d3e2d3efdc59839753f91,002451.SZ,摩恩电气,2024-06-30,0.6022365,-0.28501424,0.27326316,-0.18623647,0.09836987,-0.09241274,0,0.6022365093231201
8d102ac2be2b897742252aa7,002452.SZ,长高电新,2024-06-15,0.513628,0.038658533,-0.046040412,-0.15194923,-0.0035893358,-0.040355228,0,0.5136280059814453
f916aa8a7523fce73306c807,002453.SZ,华软科技,2024-06-15,-0.17213322,0.39977407,-0.23363248,0.027208054,-0.24660319,0.087933734,1,0.39977407455444336
37512e04972854c3a98202a3,002454.SZ,松芝股份,2024-06-30,0.2653671,-0.30784887,0.087692484,-0.25144124,0.5044441,-0.1332199,4,0.5044441223144531
b52cc35ffb6fc22781d76e5e,002457.SZ,青龙管业,2024-06-15,-0.001558112,0.014178645,0.109134056,-0.047388043,-0.08387147,0.006681526,2,0.10913405567407608
23b1cc4a29de22f5a544835c,002458.SZ,益生股份,2024-03-15,-0.16497713,0.059006076,0.031173399,0.23591869,-0.23563153,0.04787101,3,0.23591868579387665
0069e9dd73888f5dee0ef42f,002460.SZ,赣锋锂业,2024-06-30,-0.023327049,-0.13348514,0.25756985,-0.03377369,-0.06386395,-0.024008337,2,0.2575698494911194
cee0bee390f5658aa891963b,002462.SZ,嘉事堂,2024-06-30,-0.22175507,0.32411888,-0.23996942,0.18442777,-0.31258935,0.12055105,1,0.32411888241767883
6d83e8b3b44ee52b8d8010af,002463.SZ,沪电股份,2024-03-15,0.27682096,-0.42980957,0.12028458,-0.30094907,0.62649304,-0.17251499,4,0.6264930367469788
decce198308b7f59b869e569,002465.SZ,海格通信,2024-03-15,0.053804968,0.12115049,-0.22871788,-0.1526703,0.17231704,-0.057807203,4,0.1723170429468155
5d33cc72a36122563e289aa4,002468.SZ,申通快递,2024-03-15,-0.2631769,0.4334392,-0.2622794,0.050260007,-0.38543275,0.18280911,1,0.4334391951560974
4411beae24ddacb33af29c97,002470.SZ,金正大,2024-06-15,-0.09473501,-0.015482257,0.15912205,0.270026,-0.21045724,0.011413962,3,0.27002599835395813
0c4942761106ad82fa0c5fec,002476.SZ,宝莫股份,2024-03-15,-0.03711829,-0.2836678,0.5431154,0.19640215,-0.09647013,-0.0845003,2,0.5431153774261475
2baf028dcb70bc849703c329,002484.SZ,江海股份,2024-03-25,0.37444925,-0.5026452,0.21611844,-0.2673465,0.60506463,-0.21791269,4,0.6050646305084229
878ee5cd1c95f7ca10242297,002496.SZ,*ST辉丰,2024-03-15,-0.06031808,-0.11887856,0.24641556,0.28906184,-0.15990768,-0.021108951,3,0.28906184434890747
c564722ccaf8a40edf487903,002529.SZ,*ST海源,2024-06-30,0.16566676,-0.35957545,0.3419915,-0.06898616,0.24347425,-0.11934251,2,0.34199151396751404
9f03e3f9323ce95d4f054110,300081.SZ,ST恒信,2024-06-15,-0.14703041,0.32246584,-0.28705075,-0.043152254,-0.13290103,0.080998845,1,0.32246583700180054
08a6fd35ecbda12e158eb070,300085.SZ,银之杰,2024-06-15,-0.12408444,0.49230784,-0.46889254,0.04325176,-0.12589975,0.0354147,1,0.4923078417778015
a4916df0a78212f43e2bc17d,300088.SZ,长信科技,2024-06-15,0.1774766,-0.37607262,0.10026,-0.2423971,0.5927473,-0.18811624,4,0.5927472710609436
4ebd61dc9371ff3ce28356f4,300091.SZ,*ST金灵,2024-06-30,-0.22364692,0.15031585,-0.06175352,0.10087288,-0.20914781,0.16378143,5,0.16378143429756165
cd14135699ff14057a1bbdca,300092.SZ,科新机电,2024-06-15,0.24733175,-0.26983362,0.25741065,-0.17609319,0.24239096,-0.14569245,2,0.2574106454849243
6b2c40c5267c1e7b4b3b0985,300093.SZ,*ST金刚,2024-06-30,0.24091583,-0.26861808,0.23506618,-0.04980548,0.09164932,-0.09202014,0,0.24091583490371704
3b5d1b92d5c6693ad0d921ae,300094.SZ,国联水产,2024-06-15,-0.07992523,0.06042224,-0.014251279,0.0832976,-0.11349436,0.025134029,3,0.08329760283231735
74e6e741a04822e18df8c25a,300095.SZ,华伍股份,2024-06-15,0.276375,-0.24876732,0.07571127,-0.22943336,0.38424563,-0.16391183,4,0.3842456340789795
b98eb645198f4d01ace122cf,300096.SZ,ST易联众,2024-06-15,-0.17244467,0.55518687,-0.45933595,0.035826936,-0.24878721,0.07855312,1,0.5551868677139282
b4b91c728fca4bc18763105e,300097.SZ,智云股份,2024-06-15,0.19697283,-0.25048578,0.012682274,-0.2073914,0.45675746,-0.14967638,4,0.45675745606422424
04e378f0f67c3710aa3c0f2e,300099.SZ,尤洛卡,2024-06-30,0.10386982,0.11488891,-0.15748706,-0.012747322,0.0700331,-0.06191033,1,0.11488890647888184
6e21c6b4aa2eb622d6370877,300100.SZ,双林股份,2024-06-30,0.317595,-0.4825245,0.25999737,-0.2948383,0.59830445,-0.19995356,4,0.5983044505119324
6795579d00088d1c36439010,300102.SZ,乾照光电,2024-06-15,0.21138912,-0.42383265,0.14575052,-0.17998925,0.5657794,-0.22372803,4,0.5657793879508972
4707b06ec20457c105710a62,300103.SZ,达刚控股,2024-06-15,0.08577985,0.117559984,-0.08535148,-0.11587241,0.01592097,-0.023903895,1,0.11755998432636261
3d4a4a160a5c4473d12c93ec,300106.SZ,西部牧业,2024-06-30,-0.14679281,0.15824227,-0.04206363,0.07193658,-0.24225482,0.110254586,1,0.15824227035045624
1e8767f67a842d44e4c98282,300107.SZ,建新股份,2024-06-15,0.015957898,-0.30406362,0.48156506,0.092265114,-0.012683713,-0.099671796,2,0.48156505823135376
338ee17257afe68066be5b89,300110.SZ,华仁药业,2024-06-15,-0.1837776,-0.026021264,-0.0159627,0.64968145,-0.22036494,-0.038480885,3,0.6496814489364624
6c19c2ccd2ceecd574b7333a,300124.SZ,汇川技术,2024-03-15,0.31199384,-0.22432962,-0.03196341,-0.23895341,0.4568124,-0.16826177,4,0.45681241154670715
f8b037d988320cc66033a136,300126.SZ,锐奇股份,2024-06-15,0.07638969,-0.08735615,0.03557038,-0.03986675,0.112265445,-0.04340892,4,0.112265445291996
a10eeadbbcb188a668a10681,300152.SZ,ST新动力,2024-06-30,0.20813067,-0.14254756,0.032519527,-0.17637512,0.26076284,-0.12661934,4,0.2607628405094147
b982f63bf17307b7f07529df,300173.SZ,ST福能,2024-06-30,-0.038296904,0.10332646,-0.03900365,-0.012487331,-0.12616383,0.04919035,1,0.1033264622092247
b852f71a2fea0adc28087e90,300179.SZ,四方达,2024-06-15,0.14716373,-0.2873222,0.25308445,-0.1094008,0.2262879,-0.12977386,2,0.2530844509601593
4e42e1a5cc927a38edb25619,300245.SZ,天玑科技,2024-06-15,-0.09441564,0.52618515,-0.5065775,0.031069918,-0.1627289,0.07818775,1,0.526185154914856
e467c9656bcc0ba5b0cb4dbc,300253.SZ,卫宁健康,2024-06-15,-0.2228433,0.55682594,-0.4842569,0.16571116,-0.28285822,0.089452475,1,0.5568259358406067
09bf325f852f47b476e61f72,300272.SZ,开能健康,2024-06-15,-0.05144375,0.12177504,-0.08120136,0.035735488,-0.02262845,0.029803729,1,0.12177503854036331
b381f6c679e20a0380242283,300305.SZ,裕兴股份,2024-06-30,0.12963021,-0.4303643,0.44401234,-0.071675844,0.25237274,-0.1526894,2,0.4440123438835144
8023f18eef0ddf6bde6d9fa9,300321.SZ,同大股份,2024-06-15,0.020542765,-0.29655504,0.44932878,0.0010791718,0.05877588,-0.101963736,2,0.44932878017425537
4dd900898b60c2ff1c100106,601000.SH,唐山港,2024-06-30,-0.08533191,0.15388602,-0.024905652,-0.014681236,-0.20200723,0.059453364,1,0.15388602018356323
16e393f7ef9b6dcc03ee1562,601018.SH,宁波港,2024-04-05,-0.10550064,0.206879,-0.086139575,0.003904447,-0.21593276,0.0781128,1,0.20687900483608246
65d3c700cc665b2ce93d3e27,601177.SH,杭齿前进,2024-06-15,0.29041862,-0.36052752,0.19133113,-0.2754906,0.44061458,-0.15534729,4,0.44061458110809326
a21eba2c42ffee4343a33f36,601288.SH,农业银行,2024-06-30,-0.23893452,0.41397047,-0.2549004,0.05950253,-0.36237177,0.16176918,1,0.4139704704284668
a58cd7695a7fca7da16bc9c0,601377.SH,兴业证券,2024-03-15,-0.1943151,0.38361555,-0.2551132,0.044066556,-0.31731445,0.13790327,1,0.38361555337905884
b30a4eae01b6df6634e3500d,601717.SH,中创智领,2024-06-15,-0.028358713,0.03044029,-0.013372549,0.005477551,-0.0471031,0.015853964,1,0.03044028952717781
9ee82d45a4ab466182159bba,601718.SH,际华集团,2024-03-25,-0.086313255,0.121623024,0.0075283647,-0.026175365,-0.14048818,0.03445249,1,0.12162302434444427
0e2403ca844991f5a7254dac,002471.SZ,中超控股,2024-06-15,0.51531994,-0.0947648,0.14589304,-0.08898955,-0.080462866,-0.011745965,0,0.5153199434280396
2180e7c9c18113c2350e7011,002472.SZ,双环传动,2024-06-15,0.33826998,-0.4744709,0.2607442,-0.25800365,0.5425124,-0.18911259,4,0.5425124168395996
8a2b7a1f96138b0cf395fbca,002475.SZ,立讯精密,2024-03-15,0.17799547,-0.36579973,0.0085507035,-0.20342681,0.61620134,-0.15830454,4,0.6162013411521912
6d509fe6c73275493b8d2a71,002478.SZ,常宝股份,2024-06-15,0.13733229,-0.21490228,0.25902763,-0.09931633,0.09323625,-0.07357476,2,0.2590276300907135
f53dd1f26a2102344afa04af,002479.SZ,富春环保,2024-06-30,-0.15658577,0.30093014,-0.112104416,-0.009409047,-0.32974827,0.145044,1,0.3009301424026489
19ff6a3c58207f1b36eeb6ab,002480.SZ,新筑股份,2024-06-30,0.050053235,0.17831361,-0.12768264,-0.16636285,-0.04323181,0.051848326,1,0.17831361293792725
9cd99904ab770cbc38a2c156,002481.SZ,双塔食品,2024-06-30,-0.18497618,-0.005848379,0.10229029,0.38448513,-0.25311518,0.036354467,3,0.384485125541687
e46688c30c90b5445788fd2b,002482.SZ,广田集团,2024-06-30,-0.15387711,0.2682083,-0.15688205,-0.020000875,-0.22937651,0.13143009,1,0.2682082951068878
3e5f97d26bca36c3bf4b7ff9,002483.SZ,润邦股份,2024-06-15,-0.012965525,0.085077085,0.06671346,-0.07655027,-0.16021033,0.11838946,5,0.11838945746421814
e058ace7ebf68bb20c8039f9,002485.SZ,ST雪发,2024-06-30,-0.17903264,0.28746355,-0.17432824,0.013183548,-0.25215396,0.113790706,1,0.28746354579925537
ced3dc3bd522bc8e2f366c80,002486.SZ,嘉麟杰,2024-03-15,-0.07124517,-0.09314897,0.21457835,0.07656037,-0.04900751,-0.0080640055,2,0.21457834541797638
f9efb15f181b64ef9f220b4f,002487.SZ,大金重工,2024-06-15,0.4456725,-0.19863199,0.22503679,-0.19416389,0.059880752,-0.05123377,0,0.44567251205444336
f382b96356d3672268f90deb,002488.SZ,金固股份,2024-06-15,0.19105947,-0.4056573,0.32613042,-0.18715346,0.39225852,-0.113718756,4,0.39225852489471436
716830853ecc37bab3c60295,002491.SZ,通鼎互联,2024-06-30,0.071124844,0.051229198,-0.11322599,-0.06288689,0.09350557,-0.03895533,4,0.09350556880235672
86a74503ec08c0e7d8d0acc9,002493.SZ,荣盛石化,2024-06-30,-0.085052386,-0.07487445,0.26949403,0.029463552,-0.1646793,0.022201046,2,0.26949402689933777
f857aee40b031f11cf2b65ad,002495.SZ,佳隆股份,2024-06-15,-0.21036188,0.024039116,0.05529683,0.33891875,-0.23558423,0.071521945,3,0.3389187455177307
166665c8de3b4621681993b7,002497.SZ,雅化集团,2024-06-15,-0.051948138,-0.07327575,0.23597726,0.031122936,-0.13625894,-0.012028685,2,0.23597726225852966
f4c5141cf002506a682cdb3f,002500.SZ,山西证券,2024-06-30,-0.17190288,0.30969235,-0.19580081,0.05006521,-0.28475544,0.11469495,1,0.3096923530101776
ae49aa98690c46d2512e4625,002518.SZ,科士达,2024-06-15,0.6077249,-0.04516666,-0.17582981,-0.20090303,0.21631297,-0.061061192,0,0.6077249050140381
be27db33cc5ec33cc9cae30a,002521.SZ,齐峰新材,2024-06-30,-0.041348003,-0.15249923,0.31717563,0.033149745,-0.06600176,-0.013570131,2,0.31717562675476074
37d24fa5e9091d67e512bb4e,002527.SZ,新时达,2024-06-30,0.16840103,-0.12376125,-0.104699396,-0.17345576,0.341224,-0.07728204,4,0.3412240147590637
2199bf5fc5acfd7338ce8b41,002530.SZ,金财互联,2024-06-30,0.1657553,-0.23982334,0.19835545,-0.17755418,0.24660413,-0.014817877,4,0.24660412967205048
29d2c8221843b2f34058e6e5,002569.SZ,*ST步森,2024-06-30,-0.25071675,0.22992575,-0.081522726,0.08128602,-0.3019269,0.13589574,1,0.2299257516860962
b314f2469269ee2ee477efff,002595.SZ,豪迈科技,2024-06-15,0.2574172,-0.42059076,0.31283492,-0.21345945,0.41792372,-0.16799717,4,0.4179237186908722
c59f060b5f02d0d14e00d33e,002614.SZ,奥佳华,2024-06-30,-0.050291155,0.1012464,-0.15020601,0.10078642,0.017442646,-0.002932662,1,0.10124640166759491
5bfd637b24fa428db8d3e31d,002615.SZ,哈尔斯,2024-06-15,-0.08808057,-0.02945264,0.14460775,0.051759392,-0.049368005,0.017709749,2,0.1446077525615692
60aafca9788def10c3dc704a,300109.SZ,新开源,2024-06-30,0.027161777,-0.2546932,0.32760146,0.23677622,0.043617338,-0.13008022,2,0.32760146260261536
0eff0533e3d658d01f2f222c,300111.SZ,向日葵,2024-06-30,-0.029087255,-0.1991686,0.08673955,0.39992982,0.03697574,-0.084844224,3,0.39992982149124146
68f7fc8d543d81113185f697,300112.SZ,万讯自控,2024-06-15,0.2032178,-0.08913346,-0.11272195,-0.14914168,0.3121981,-0.13791573,4,0.31219810247421265
3dd133d3a2ab85ba26b261d0,300113.SZ,顺网科技,2024-06-30,-0.14787461,0.3742015,-0.30340996,0.067627355,-0.22136274,0.091510974,1,0.3742015063762665
508655ff9690a671187ff2e1,300115.SZ,长盈精密,2024-06-15,0.2520707,-0.48757735,0.17898014,-0.2568136,0.64313024,-0.1915829,4,0.6431302428245544
0d17ea0070b0f58ba2860f50,300118.SZ,东方日升,2024-06-30,0.648412,-0.30418724,0.15649736,-0.15270697,0.26823503,-0.12152721,0,0.6484119892120361
74edbb4cea22e6ddf48e0d7b,300119.SZ,瑞普生物,2024-06-15,-0.11834984,0.06746722,-0.0796791,0.28097925,-0.15090339,0.019614788,3,0.2809792459011078
81f0aedc1c8c7c471906a61c,300120.SZ,经纬辉开,2024-06-15,0.099488065,-0.24613258,-0.0037494227,-0.10501028,0.41802734,-0.1013635,4,0.4180273413658142
0a3de6091d1b321c52f8c4a2,300121.SZ,阳谷华泰,2024-06-15,0.022714404,-0.4090615,0.61874247,0.09402195,0.04756349,-0.14735734,2,0.6187424659729004
ce539de53e3dabd4a13a0f49,300122.SZ,智飞生物,2024-06-30,-0.1322838,0.13877343,-0.20437469,0.429749,-0.21278717,0.022894166,3,0.4297490119934082
16884c9014d6bcbc97c63d26,300123.SZ,亚光科技,2024-06-15,0.14829129,-0.07916674,-0.08919114,-0.17215052,0.3093342,-0.118465364,4,0.3093341886997223
6d863f277dc4114354b8330c,300125.SZ,*ST聆达,2024-06-30,0.41826385,-0.38343677,0.30410475,-0.13503838,0.20227708,-0.13858862,0,0.41826385259628296
c0727d09e8e186485f20361e,300127.SZ,银河磁体,2024-06-15,0.17805779,-0.2935908,0.23736663,-0.12955156,0.26255962,-0.12842107,4,0.2625596225261688
8fbd149b06ca01404f994aa2,300128.SZ,锦富技术,2024-06-30,0.24342129,-0.579604,0.36260659,-0.21292177,0.5939305,-0.24092755,4,0.5939304828643799
61a165b5454ed2772c3f5af8,300129.SZ,泰胜风能,2024-06-30,0.5471667,-0.20032862,0.23294266,-0.19745253,0.07779488,-0.04971671,0,0.5471667051315308
1f560945262cb036f3b47b0b,300130.SZ,新国都,2024-06-15,-0.11870957,0.3311367,-0.3554211,0.04208196,-0.10474195,0.124932066,1,0.33113670349121094
4d1c5438a519f68e937c6d0f,300133.SZ,华策影视,2024-06-15,-0.19792002,0.28280786,-0.17904513,0.0912508,-0.2537942,0.0976374,1,0.282807856798172
58b1d5e6ff3ba331d4fa0222,300134.SZ,大富科技,2024-06-15,0.19421011,-0.1793496,-0.052212555,-0.19339998,0.44499895,-0.15945014,4,0.44499894976615906
44d37f67d115d99961c27c1a,300135.SZ,宝利国际,2024-06-15,0.01968271,-0.09089576,0.1799225,0.01846159,-0.031529967,-0.029891074,2,0.17992250621318817
9ca91e2770519c4c3bbafd05,300329.SZ,海伦钢琴,2024-06-15,-0.08072185,0.11683773,-0.08048773,0.05072038,-0.030844066,0.016555311,1,0.11683773249387741
43626a59499856d2e1ad369e,302132.SZ,中航成飞,2024-06-15,-0.010757746,-0.00028594024,0.011566952,-0.0850109,0.05372876,-0.020662783,4,0.05372875928878784
a5e26ba2d25df1de2a94784f,600998.SH,九州通,2024-03-25,-0.21408257,0.27025747,-0.17246985,0.17898631,-0.3092873,0.110897064,1,0.27025747299194336
35302b6c8c2dbec43196e2be,601098.SH,中南传媒,2024-06-30,-0.20266119,0.28087795,-0.15742949,0.06038941,-0.29315856,0.12378244,1,0.280877947807312
06193d506c3dec0136427f25,601818.SH,光大银行,2024-06-30,-0.22079697,0.4042636,-0.22920755,0.056198012,-0.36786243,0.15415508,1,0.40426358580589294
7232c3a0c121b8965f3d66a6,002494.SZ,华斯股份,2024-06-30,-0.11021231,0.019257708,0.17458804,0.09182435,-0.1959015,0.0211059,2,0.17458803951740265
52991655e3caf02a8ef0323f,002498.SZ,汉缆股份,2024-06-15,0.68475497,-0.3106159,0.2245646,-0.22607881,0.19927083,-0.14135802,0,0.6847549676895142
dbd3706f9d5ceca5ec062ba5,002501.SZ,利源股份,2024-06-30,0.082849205,-0.20026058,0.21416496,-0.09289031,0.104235664,-0.05114183,2,0.21416495740413666
ef404e5716f96e9b2e73bccb,002507.SZ,涪陵榨菜,2024-06-30,-0.21697553,0.11716007,-0.024563927,0.27650207,-0.28865284,0.08471379,3,0.2765020728111267
822481cfe8ae8e9c4ddacb6a,002508.SZ,老板电器,2024-06-15,-0.03547524,0.090966746,-0.05756592,-0.060083088,0.023330446,0.05902472,1,0.09096674621105194
769bcfd2fb79f4680cf34767,002510.SZ,天汽模,2024-06-30,0.12528268,-0.25399783,0.12842855,-0.21391107,0.33664477,-0.05914897,4,0.3366447687149048
c18f21aac9c76f089919290a,002511.SZ,中顺洁柔,2024-06-30,-0.20534721,0.12953268,0.03658102,0.09552976,-0.25639307,0.10396445,1,0.12953267991542816
4ba02fa507d311dc504b7f01,002512.SZ,ST达华,2024-06-30,0.05673669,0.031348273,-0.17509677,-0.09593719,0.15672426,-0.050240915,4,0.1567242592573166
bb378b636af0e216cd868c2b,002513.SZ,蓝丰生化,2024-06-15,-0.059654966,-0.05622724,0.17349324,0.18654421,-0.1382662,-0.012055665,3,0.18654420971870422
7ddcdaa874096a0a1bb9cab2,002514.SZ,宝馨科技,2024-06-30,0.29990923,-0.49649233,0.28846693,-0.2117106,0.53617597,-0.19891544,4,0.5361759662628174
7a19685d7254e7c985190165,002515.SZ,金字火腿,2024-06-30,-0.2947482,0.15083538,-0.03674207,0.3372689,-0.33496866,0.12851994,3,0.3372688889503479
949b254f759c258a551a5729,002516.SZ,旷达科技,2024-06-30,0.10563987,-0.41495,0.30754903,-0.16088459,0.3754142,-0.12969443,4,0.3754141926765442
723c254cd1849bd4ccee84d6,002517.SZ,恺英网络,2024-06-30,-0.288976,0.42587653,-0.27271765,0.07059587,-0.33897394,0.15781349,1,0.42587652802467346
2d2281c1b6f1355413de5832,002519.SZ,银河电子,2024-06-30,0.35094973,-0.26314658,0.00085560046,-0.2394971,0.48590252,-0.18640786,4,0.4859025180339813
64240eae7643cd6b7fd5ce9d,002520.SZ,日发精机,2024-06-30,0.143216,-0.21465166,0.12095581,-0.14158478,0.22988918,-0.0919342,4,0.2298891842365265
3e6a4d6fc1c0a9badcf292ac,002522.SZ,浙江众成,2024-06-15,0.0784916,-0.43171087,0.47255194,-0.016532887,0.2160265,-0.14184725,2,0.47255194187164307
286f79558616d05e28082623,002547.SZ,春兴精工,2024-06-30,0.27215266,-0.55885345,0.33395112,-0.25816473,0.59394807,-0.18642038,4,0.5939480662345886
2106f55a8ee3273d286cd71c,002554.SZ,惠博普,2024-06-30,0.06670533,0.07146525,-0.056400653,-0.053004403,-0.026816636,-0.01568476,1,0.07146524637937546
52b0c875e47635cc7245e918,002606.SZ,大连电瓷,2024-06-15,0.5437646,-0.2691082,0.17161044,-0.17126113,0.20811705,-0.13650326,0,0.543764591217041
09cc801d31cf3ba85bc4f037,002643.SZ,万润股份,2024-06-15,0.0972224,-0.5303482,0.590377,0.044191208,0.2485094,-0.20133948,2,0.5903769731521606
8e5e4077bf0a26689dfa3b22,002738.SZ,中矿资源,2024-06-15,-0.078694165,-0.13542151,0.29454353,0.031756323,-0.11956708,-0.010249473,2,0.2945435345172882
97c8dd06281e93d3bcab839f,002743.SZ,富煌钢构,2024-06-15,0.027717393,0.01429644,0.087491035,-0.13124597,-0.024185933,0.014624248,2,0.08749103546142578
7a1db3832e3d7ece925e676f,002805.SZ,丰元股份,2024-06-15,0.5530768,-0.47304815,0.4090699,-0.08208188,0.213631,-0.14738303,0,0.5530768036842346
c3b3e222cd05c80a5e9b212f,002889.SZ,东方嘉盛,2024-06-30,-0.16812968,0.30138454,-0.1588492,0.013012908,-0.25355828,0.10267838,1,0.3013845384120941
1490b769e907d5981aad0d37,300131.SZ,英唐智控,2024-06-30,0.13856816,-0.115994796,-0.17793544,-0.20062622,0.42828965,-0.032125235,4,0.42828965187072754
25314d05a68582b8662fffa7,300132.SZ,青松股份,2024-06-15,-0.09222753,-0.27815688,0.46280572,0.23613164,-0.067144014,-0.109074295,2,0.46280571818351746
604b6942eef09f3a0d0f4638,300136.SZ,信维通信,2024-06-30,0.235923,-0.37960175,0.026033688,-0.25228447,0.67067146,-0.21225128,4,0.6706714630126953
b6f2b3cb4056d6d5abe87347,300137.SZ,先河环保,2024-06-15,-0.03506501,0.20540532,-0.103734024,0.029908352,-0.12842432,-0.0082041565,1,0.2054053246974945
9fd68ddb4401e24224be6419,300138.SZ,晨光生物,2024-06-15,-0.07293067,-0.11487372,0.16302212,0.362369,-0.14261158,-0.043184806,3,0.36236900091171265
bedf48cd3e03effc2aacff76,300140.SZ,中潜股份,2024-06-30,0.14696546,-0.25618684,0.13682422,-0.16819009,0.325014,-0.13760197,4,0.32501399517059326
15b51f6874443ac973c40e9d,300141.SZ,和顺电气,2024-06-15,0.7437782,-0.07019233,-0.100208335,-0.23662245,0.21346913,-0.10756667,0,0.7437782287597656
d7661aaf8560ace509764a3e,300142.SZ,沃森生物,2024-06-30,-0.13402884,0.099353306,-0.13627172,0.35923147,-0.18797591,0.027012957,3,0.35923147201538086
de8430ccf90d5d01013b7744,300143.SZ,盈康生命,2024-06-15,-0.08707009,0.11414804,-0.21366136,0.42947054,-0.08561893,-0.0155276265,3,0.4294705390930176
3969487145ed14a91ef7fd48,300144.SZ,宋城演艺,2024-06-30,-0.18693215,0.26874453,-0.15463537,0.033636626,-0.25553754,0.11794752,1,0.2687445282936096
5a5433e4609709f8411c720d,300145.SZ,南方泵业,2024-06-15,0.1962674,-0.121348195,0.0990309,-0.15033123,0.20376287,-0.07405993,4,0.20376287400722504
cc9049f58130e5ec7c586bc5,300146.SZ,汤臣倍健,2024-06-30,-0.25059825,0.19410504,-0.17859772,0.3528483,-0.28291756,0.13555975,3,0.3528482913970947
717a63f5d695198eff9021da,300148.SZ,天舟文化,2024-06-15,-0.18734355,0.2730123,-0.19013557,0.08935721,-0.24063364,0.08460799,1,0.27301231026649475
f321a779869062c1ee485b7b,300149.SZ,睿智医药,2024-06-30,-0.16498272,0.16317245,-0.20195009,0.38314736,-0.17831054,0.03257472,3,0.38314735889434814
05114cf0128df37d3d43136f,300151.SZ,昌红科技,2024-06-15,0.21864375,-0.463222,0.19716157,-0.053234782,0.54512024,-0.214488,4,0.5451202392578125
16e6819a174d1167bb821855,300154.SZ,瑞凌股份,2024-06-15,0.3146885,-0.34858567,0.12915751,-0.17484054,0.46371293,-0.19737639,4,0.4637129306793213
0ea7bd3d53df1ab15d75cee4,300155.SZ,安居宝,2024-06-15,0.033396095,0.21042325,-0.2917752,-0.025074009,0.06966147,0.008548172,1,0.21042324602603912
07ba9addee735b491b60afb6,300157.SZ,新锦动力,2024-06-15,0.050314452,0.09491371,-0.070621654,-0.18854447,0.039969645,0.0137941595,1,0.09491371363401413
20d2e30230c3660623df7e7b,300158.SZ,振东制药,2024-06-15,-0.20021659,0.06365477,-0.08416817,0.4550701,-0.24213806,0.0415183,3,0.4550701081752777
a7ecee293cd869923766e82e,300168.SZ,万达信息,2024-06-30,-0.20314473,0.61520743,-0.52065825,0.029896768,-0.25943875,0.113265075,1,0.6152074337005615
930ebfa3857c68a04de0fb58,300331.SZ,苏大维格,2024-06-15,0.23609991,-0.49396062,0.19923745,-0.16571088,0.6511246,-0.2455726,4,0.6511245965957642
f113eef7b2a839f13eb3f196,300401.SZ,花园生物,2024-06-15,-0.121860296,-0.19345982,0.2062795,0.4861104,-0.13663852,-0.056894854,3,0.4861103892326355
3704e409e4a161bd65042421,601777.SH,千里科技,2024-06-15,0.04194452,0.033964135,-0.06868529,-0.0909912,0.015309826,0.022150315,0,0.04194451868534088
c8d2508fb0f09c1a1df863fd,601880.SH,辽港股份,2024-06-30,-0.09704204,0.15022285,-0.026711391,-0.0009936364,-0.20183407,0.058280148,1,0.15022285282611847
11856a89731ac5101541be69,601996.SH,丰林集团,2024-06-30,-0.029702498,-0.097679704,0.23796406,-0.0042772004,-0.06739649,0.016096896,2,0.23796406388282776
e8a52a4fbc7d6eb1143df283,603167.SH,渤海轮渡,2024-06-15,-0.15646102,0.22436325,-0.08779268,0.029645743,-0.25893718,0.0904341,1,0.22436325252056122
c89547e8c1bef06f77670b8a,002524.SZ,光正眼科,2024-06-15,-0.23140264,0.30583084,-0.2711198,0.24122354,-0.2944956,0.16191167,1,0.30583083629608154
10341e9f1fac7dc7760191e6,002526.SZ,山东矿机,2024-06-15,0.14667104,-0.15337746,0.17534402,-0.051748466,0.1033257,-0.09642172,2,0.17534402012825012
f54813baa7719282e35f366b,002528.SZ,ST英飞拓,2024-06-30,-0.08647426,0.43933278,-0.3941504,-0.06769577,-0.12114833,0.067988075,1,0.4393327832221985
62165dfd7b09050e9dcff71c,002531.SZ,天顺风能,2024-06-30,0.5500756,0.047226306,0.021158509,-0.22827524,-0.0928209,0.044906836,0,0.5500755906105042
bd7777cd7f3288cebb34182e,002532.SZ,天山铝业,2024-06-30,-0.014297362,-0.09868066,0.22730047,-0.039510176,-0.08294645,-0.0037286908,2,0.2273004651069641
10d7facadbce22727a17cc7d,002533.SZ,金杯电工,2024-06-15,0.6270377,-0.4764167,0.34579483,-0.21772482,0.32897818,-0.19450465,0,0.6270377039909363
0762d2cbd7ad853c287171e2,002534.SZ,西子洁能,2024-06-15,0.26270664,-0.100230694,0.16797645,-0.25929138,0.13494377,-0.049962215,0,0.2627066373825073
91a796fe6218f264dfce844f,002535.SZ,林州重机,2024-06-15,0.12180223,-0.08339908,0.07491831,-0.06849575,0.07611698,-0.06616617,0,0.12180223315954208
38a075e49f76b1a399ef4f52,002536.SZ,飞龙股份,2024-06-15,0.2664325,-0.3987491,0.2271908,-0.24611951,0.45404088,-0.16121772,4,0.45404088497161865
871d30fac7c3821eaa7d64c1,002537.SZ,海联金汇,2024-06-30,-0.20976944,0.44999552,-0.40578505,0.050850917,-0.2016944,0.10753786,1,0.4499955177307129
4c86a11fb77bbfe53d1e7c7c,002539.SZ,云图控股,2024-06-30,-0.05918264,-0.11402865,0.26723924,0.16668421,-0.16799738,-0.0014041904,2,0.2672392427921295
6409be6ef7c36c07fc4547ee,002540.SZ,亚太科技,2024-06-15,0.117490575,-0.3123441,0.3205468,-0.12943743,0.18792367,-0.09266597,2,0.32054680585861206
48cd7563f389b267fcbad173,002541.SZ,鸿路钢构,2024-06-30,0.032031674,-0.045687526,0.14904746,-0.11012029,-0.031963572,0.008078761,2,0.14904746413230896
e417f8f4fc6ce111c72365db,002542.SZ,中化岩土,2024-06-30,-0.14019163,0.41990465,-0.18521343,-0.068242334,-0.32791665,0.13243876,1,0.4199046492576599
b672e196ad5322086b6d0670,002544.SZ,普天科技,2024-06-15,-0.03193382,0.31621835,-0.3463497,-0.091024324,-0.03947624,0.11591972,1,0.3162183463573456
5cac2fe2b4f14af3622272f1,002545.SZ,东方铁塔,2024-06-15,0.14296998,-0.08413276,0.15005296,-0.122171745,0.033209063,-0.024908096,2,0.1500529646873474
87e9f182a6595297ab262366,002550.SZ,千红制药,2024-06-15,-0.20381439,-0.026893917,-0.007911945,0.615597,-0.26217812,0.005563463,3,0.6155970096588135
06b26b228750d709b903b1ce,002551.SZ,尚荣医疗,2024-06-30,-0.10083566,0.37650707,-0.41934076,0.18119276,-0.14179122,0.061389264,1,0.37650707364082336
9af19e9fb1ca64cab031e311,002557.SZ,洽洽食品,2026-03-13,-0.27900803,0.16411833,-0.07705012,0.28593618,-0.2996142,0.09824964,3,0.285936176776886
5df34a4417e21cc7b03d6ba9,002567.SZ,唐人神,2024-06-15,-0.15824884,0.15198138,-0.052221105,0.1157041,-0.2544549,0.12484892,1,0.151981383562088
53a9ba66dae829d525d5935c,002570.SZ,贝因美,2024-06-30,-0.18487644,0.15815488,-0.08204968,0.14688812,-0.2221688,0.080259666,1,0.15815487504005432
fec9e7f01eb9ef37c5ddace4,002609.SZ,捷顺科技,2024-06-15,-0.080046244,0.4187455,-0.39334083,-0.046875134,-0.1122246,0.0892144,1,0.4187454879283905
b2a2b22c27e1f28ab60a4b92,002702.SZ,海欣食品,2024-06-15,-0.24212879,0.13380948,-0.043149177,0.30436742,-0.29691303,0.10627253,3,0.30436742305755615
79c0f9f586b38bb74c870859,300147.SZ,ST香雪,2024-06-30,-0.19198175,0.036704447,-0.007905905,0.4374545,-0.23092061,0.026526505,3,0.437454491853714
be5b76d90cfb0757df321129,300153.SZ,科泰电源,2024-06-15,0.6205528,0.040319405,-0.15319337,-0.20688635,0.1213804,-0.055197798,0,0.6205527782440186
1722b16164ae6ee3122f79c8,300159.SZ,*ST新研,2024-06-30,0.07288121,-0.16099533,0.10610251,-0.070011236,0.14341271,-0.07824597,4,0.14341270923614502
db1db0279b072e59af805647,300160.SZ,秀强股份,2024-06-30,0.15895098,-0.36147305,0.27957648,-0.1638395,0.35521847,-0.15324911,4,0.35521847009658813
d2bee1a2c18ca7e7b623dca8,300161.SZ,华中数控,2024-06-15,0.11949531,-0.106377825,-0.06034006,-0.075219266,0.22268645,-0.09253921,4,0.22268645465373993
7ddf5be1aee51493f463b660,300162.SZ,雷曼光电,2024-06-30,0.16658992,-0.2385353,-0.0002786517,-0.13939415,0.5139953,-0.15932159,4,0.5139952898025513
521bcb0e7b83fffc6f47f37f,300163.SZ,先锋新材,2024-06-15,0.08396629,-0.29042062,0.4281152,-0.09318398,0.119597994,-0.08546267,2,0.42811518907546997
e47bd6b7ab8634880ef43ada,300164.SZ,通源石油,2024-06-15,-0.043562382,0.1301525,-0.07485727,-0.031710654,-0.103791974,0.015347279,1,0.13015249371528625
acd19f5b38914021faaff662,300165.SZ,天瑞仪器,2024-06-15,0.14103962,-0.10965564,-0.036393743,0.0030573113,0.25942975,-0.14479469,4,0.2594297528266907
f5af17e2a0abe076fc6608f0,300166.SZ,东方国信,2024-06-30,-0.15359178,0.507136,-0.4555367,0.041877218,-0.17079055,0.056156047,1,0.5071359872817993
9138eadfc0c42aec87523abc,300167.SZ,ST迪威迅,2024-06-15,-0.12278716,0.5438588,-0.53824466,-0.13658184,-0.12250564,0.09779716,1,0.5438588261604309
822208dc4f8ae7f182137d6b,300169.SZ,天晟新材,2024-06-30,0.14558354,-0.4447946,0.48001862,-0.11583321,0.27054873,-0.14437413,2,0.48001861572265625
6723e00c6a4de248086fe366,300170.SZ,汉得信息,2024-06-15,-0.09803441,0.5130615,-0.4515483,-0.009436579,-0.19234674,0.092254445,1,0.5130615234375
1485f533c32b3cb130eed152,300171.SZ,东富龙,2024-06-30,0.08929035,-0.15861994,0.037647266,0.37010378,0.09388651,-0.11958149,3,0.37010377645492554
b58fe8c4deb83a36bedbeee3,300172.SZ,中电环保,2024-06-30,0.012149723,0.19403674,0.012717522,-0.02889793,-0.17528693,0.011288308,1,0.19403673708438873
0fc4f84814f6071b2f643648,300174.SZ,元力股份,2024-06-15,0.053727005,-0.40116793,0.60964185,0.05983045,0.049090028,-0.13648023,2,0.6096418499946594
03d48f66a670281ef511f01e,300175.SZ,ST朗源,2024-06-30,-0.18888536,0.09133943,0.022627546,0.34423372,-0.29562235,0.04666416,3,0.3442337214946747
bc63f9782ecb86553cde857c,300176.SZ,鸿特科技,2024-06-30,0.30461577,-0.48790514,0.26543623,-0.310199,0.6068209,-0.20340994,4,0.6068208813667297
d361f784053e234dbfd8bcb3,300177.SZ,中海达,2024-06-15,0.08667281,0.14073235,-0.28814742,-0.082794845,0.1727696,-0.059468523,4,0.17276960611343384
39858d605fdeec1975e8e611,300180.SZ,华峰超纤,2024-06-30,0.033179566,-0.22337781,0.2766118,-0.04172094,0.09759911,-0.06969334,2,0.2766118049621582
7c24a51cfab7fbdc2e38a0ff,300181.SZ,佐力药业,2024-06-30,-0.19953382,0.0302126,-0.062502846,0.5505103,-0.2483051,0.011086555,3,0.5505102872848511
181e42031e7205813b1e4415,300191.SZ,潜能恒信,2024-06-30,-0.06294399,0.20080116,-0.14399356,-0.0131071815,-0.12472348,0.03801259,1,0.20080116391181946
550cc03439d2cf78447738aa,300194.SZ,福安药业,2024-06-15,-0.14892639,-0.034922916,-0.035929028,0.5505355,-0.18467407,-0.0037936494,3,0.5505355000495911
b965ccc96bb737004351ed6e,300223.SZ,北京君正,2024-06-15,0.13879378,-0.14994785,-0.19312757,-0.16176634,0.5008837,-0.15126781,4,0.5008836984634399
1f382f91da28d0188002ca5e,601116.SH,三江购物,2024-06-15,-0.13391748,0.16996075,-0.10430713,0.038789917,-0.18511909,0.10730834,1,0.16996075212955475
4fe233eae2ba6c5091513507,601890.SH,亚星锚链,2024-06-30,0.053832985,-0.091413125,0.0933837,-0.05570525,0.05606394,-0.040253878,2,0.09338369965553284
a694c67e8edd7a4515ea5620,601933.SH,永辉超市,2024-06-15,-0.14282951,0.17659046,-0.117795706,0.053035248,-0.1902443,0.10041472,1,0.1765904575586319
19502b7c43542e9eb64d2b26,002543.SZ,万和电气,2024-06-15,-0.013186503,0.09380095,0.013395332,-0.09277834,-0.03680659,0.049034655,1,0.09380094707012177
88d038ca1b8f0ea520ecd499,002546.SZ,新联电子,2024-06-30,0.5236782,0.11677349,-0.2621932,-0.18840647,0.10224898,-0.017011404,0,0.523678183555603
28c7456ae103e922deea2159,002548.SZ,金新农,2024-06-15,-0.13794862,0.10096272,-0.030259993,0.14411084,-0.20385367,0.101022914,3,0.14411084353923798
864ee36dcdd01cd9e39513fe,002552.SZ,宝鼎科技,2024-06-30,0.28786793,-0.50570655,0.38583156,-0.27080005,0.47599232,-0.16540362,4,0.4759923219680786
b374297baabf38b2f7487d1e,002553.SZ,南方精工,2024-06-15,0.35430086,-0.47851145,0.22833751,-0.2699647,0.58554006,-0.19306263,4,0.5855400562286377
3432f0575124e58fcaa7f256,002555.SZ,三七互娱,2024-06-15,-0.24543823,0.3679396,-0.23887211,0.0775615,-0.31139386,0.13818063,1,0.3679395914077759
85cd4d80d361aa08e6771115,002556.SZ,辉隆股份,2024-06-30,-0.24035057,0.22222567,-0.0690797,0.22114639,-0.35089284,0.12198503,1,0.22222566604614258
636d385bc2cbfc545262a4a6,002558.SZ,巨人网络,2024-06-15,-0.23873615,0.4007808,-0.27886587,0.05877242,-0.30778724,0.15398172,1,0.4007807970046997
93477a2cd882dbcc2a084b61,002559.SZ,亚威股份,2024-06-30,0.18866937,-0.21754885,0.076807715,-0.17352429,0.2867447,-0.1006872,4,0.28674471378326416
bdc0c42ec8d35f18bca26634,002560.SZ,通达股份,2024-06-30,0.4690035,-0.20882484,0.2698672,-0.10541508,-0.010852631,-0.06264747,0,0.46900349855422974
04bf248689ec9aeb538e66ce,002563.SZ,森马服饰,2024-06-15,-0.25658464,0.24731253,-0.093556575,0.098312676,-0.29943123,0.13274641,1,0.247312530875206
1b5673af90488944cb287a2d,002565.SZ,顺灏股份,2024-06-30,-0.054744527,-0.13281906,0.21751791,0.061220746,-0.023010993,-0.025338791,2,0.2175179123878479
6866ee71f8b93cde0279c5b2,002577.SZ,雷柏科技,2024-06-15,0.008399036,0.08828621,-0.17763194,-0.077669784,0.15977667,-0.017315889,4,0.15977667272090912
485667157d15b39f903189d4,002706.SZ,良信股份,2024-06-15,0.7491462,-0.37965292,0.080923714,-0.2691559,0.47243822,-0.17659093,0,0.7491462230682373
950a9e2e885f8fd3d5544821,002769.SZ,普路通,2024-06-30,-0.13461103,0.3040199,-0.24098492,0.06783807,-0.21403052,0.083361804,1,0.30401989817619324
7f592ce1e82bf1d04b4c13a1,300182.SZ,捷成股份,2024-06-15,-0.16683981,0.3494856,-0.28562853,0.07933133,-0.22486441,0.08954341,1,0.3494856059551239
caa8eb036063a780e3cf406b,300183.SZ,东软载波,2024-06-30,0.22045141,0.058251336,-0.15937485,-0.09733902,0.21222892,-0.10441426,0,0.22045141458511353
323102b8c89934350fea6f62,300184.SZ,力源信息,2024-06-30,0.08598927,-0.08920314,-0.1996112,-0.10325799,0.39931387,-0.11844979,4,0.39931386709213257
52e234e34d6f38e9d58db475,300185.SZ,通裕重工,2024-06-15,0.18581387,-0.25430173,0.25607762,-0.15246397,0.1888304,-0.11353211,2,0.2560776174068451
bdac3f0b7a9f942720f0bc0b,300187.SZ,永清环保,2024-06-15,-0.09812975,0.22087799,0.005875083,0.041378766,-0.26038286,0.04438041,1,0.2208779901266098
427586daa38f1a0e5cfe4584,300188.SZ,国投智能,2024-06-15,-0.051411618,0.21826604,-0.18724352,-0.014041915,-0.07588877,0.01129213,1,0.21826604008674622
5ad909808b67c542ff689f9f,300189.SZ,神农种业,2024-06-15,0.010485562,0.051230382,-0.12901762,-0.016246494,0.039855078,-0.014958676,1,0.051230382174253464
a0eb0dd29bd11e7375a99878,300190.SZ,维尔利,2024-06-15,-0.09844227,0.29503012,-0.088445544,-0.02175092,-0.22457989,0.046156917,1,0.2950301170349121
9eb87d099ea91efe93197ff9,300192.SZ,科德教育,2024-06-15,-0.0018256716,-0.15798788,0.26488292,0.06303276,0.024655897,-0.077151015,2,0.2648829221725464
3b0daa3aee6ad3d1ce3942f1,300193.SZ,佳士科技,2024-06-15,0.38560274,-0.31535152,0.08688022,-0.29891962,0.543206,-0.20684037,4,0.543205976486206
095d500770220f78a804a48a,300195.SZ,长荣股份,2024-06-15,0.03783134,-0.109140575,0.0727683,-0.02541686,0.09428282,-0.042725712,4,0.09428282082080841
79847c52c4a1540aad920378,300196.SZ,长海股份,2024-06-15,0.0769877,-0.24902573,0.27076045,-0.06691134,0.11041323,-0.08074716,2,0.2707604467868805
15c4a6a87a2698aa429f06f4,300197.SZ,节能铁汉,2024-06-15,-0.12879983,0.4112629,-0.17887254,-0.049955368,-0.31163585,0.10132931,1,0.4112628996372223
9bcb74cdb3abc5ef0797621b,300198.SZ,ST纳川,2024-06-30,0.06023189,-0.15141514,0.28001004,-0.095513254,0.0106403865,-0.048426263,2,0.28001004457473755
2112b11502efd7689e1049c9,300203.SZ,聚光科技,2024-06-15,0.095379665,0.061904013,-0.105159655,-0.037330154,0.11843392,-0.09181702,4,0.11843392252922058
23ef1fe8217ee8125de6051d,300204.SZ,舒泰神,2024-06-15,-0.19552279,0.05835401,-0.14353877,0.5823196,-0.2244566,0.0118697975,3,0.5823196172714233
1ff80bfb6158d0a1cf0c6006,300205.SZ,*ST天喻,2024-06-30,0.07367042,0.12938192,-0.26406458,-0.07150176,0.1716827,-0.052139677,4,0.1716827005147934
7ae51aec6ccfc6bee0d6d1db,300209.SZ,行云科技,2024-06-15,-0.1127968,0.11628075,-0.11278248,0.030715473,-0.12011827,0.042335227,1,0.11628074944019318
c192238bf13255ff564c3647,300211.SZ,*ST亿通,2024-06-30,-0.087561056,0.40807682,-0.43665862,-0.10226864,-0.08361474,0.06699618,1,0.40807682275772095
e7020a1c91bd3c5bc3982fe3,300214.SZ,日科化学,2024-06-15,0.04445679,-0.37265602,0.5947509,0.09981803,0.04633449,-0.13981645,2,0.5947508811950684
445d9d588b7b8ba031aae582,300220.SZ,金运激光,2024-06-15,0.21136992,-0.2795001,0.03342067,-0.14675349,0.46375126,-0.1773665,4,0.46375125646591187
c45fd602155b7475ed30e656,300229.SZ,拓尔思,2024-06-15,-0.16393824,0.57635313,-0.47745734,0.017330498,-0.21564884,0.06639899,1,0.576353132724762
066b3247df92798cc19ee851,300340.SZ,科恒股份,2024-06-15,0.5175672,-0.5210493,0.46123704,-0.089446425,0.23016526,-0.18487386,0,0.5175672173500061
1a3d23156666c3e00534383a,300345.SZ,华民股份,2024-06-30,0.512908,-0.31971654,0.23705636,-0.090139516,0.17590408,-0.11962758,0,0.5129079818725586
0f2ffcc78b82c02ebb0c0ff0,300375.SZ,鹏翎股份,2024-06-15,0.18611212,-0.3689825,0.20190054,-0.16596918,0.4040735,-0.1393308,4,0.4040735065937042
0e8178e7788dbda342dc6efe,601011.SH,宝泰隆,2024-04-05,0.0123780025,-0.07463701,0.13336748,-0.004602297,-0.035396934,-0.016072882,2,0.13336747884750366
a0aee12b77799e65b8f0996e,601137.SH,博威合金,2024-04-05,0.20342675,-0.45652685,0.41633996,-0.13071384,0.30952847,-0.16352192,2,0.4163399636745453
be2404465b095fd092e6d2bc,601199.SH,江南水务,2024-06-30,-0.12648173,0.2614812,-0.14223033,-0.0021903915,-0.24802037,0.11696506,1,0.2614811956882477
7d4f6b92af45614643dcc3b5,601216.SH,君正集团,2024-06-30,-0.007728219,-0.12602797,0.33364314,0.017201321,-0.11702587,-0.011357261,2,0.3336431384086609
30a5b77311f68d1276d0bd51,601519.SH,大智慧,2024-06-30,-0.23080818,0.5195392,-0.40296385,0.075755574,-0.3299821,0.17373905,1,0.5195391774177551
2a327b386bde0165498610cf,601616.SH,广电电气,2024-06-30,0.71613145,-0.1775608,-0.04454919,-0.27519503,0.29564208,-0.10597329,0,0.7161314487457275
9772ae34c296fe0e2fc7f142,601700.SH,风范股份,2024-04-05,0.5725869,-0.061351627,0.12898427,-0.2395367,-0.021486465,-0.019186882,0,0.5725868940353394
aadd3d83ce4128b6fe5cc29d,601789.SH,宁波建工,2024-06-30,-0.1855471,0.5158581,-0.25149354,-0.12381584,-0.3886356,0.21819493,1,0.5158581137657166
d89d70d63c189cbac35f73b4,601799.SH,星宇股份,2024-06-30,0.19262224,-0.23163715,-0.047324754,-0.26830238,0.5113168,-0.10598385,4,0.5113167762756348
87b492eda039dfb4ed8adf5f,601992.SH,金隅集团,2024-06-30,-0.070544004,0.13070893,-0.011106811,-0.03657549,-0.18851559,0.11074619,1,0.13070893287658691
71bbabce63b1ddce62f406df,002562.SZ,兄弟科技,2024-06-30,-0.024429087,-0.2995996,0.42150995,0.3454148,-0.11076653,-0.064733855,2,0.4215099513530731
9ed75281e287705de7d827dc,002564.SZ,天沃科技,2024-06-30,0.093978465,0.0098241735,0.01332741,-0.111406185,0.008081525,-0.0056177652,0,0.09397846460342407
9f71392dc0c80bc8a01bcff3,002568.SZ,百润股份,2024-06-30,-0.101088986,0.047054287,0.02596995,0.09017308,-0.12886351,0.036362015,3,0.09017308056354523
e35b67744dc6ff53e7ab2e1b,002571.SZ,德力股份,2024-06-15,-0.02138304,-0.18669939,0.2811887,-0.02407176,0.082567416,-0.03659685,2,0.2811886966228485
78b5315d18c4bc827ccb7389,002572.SZ,索菲亚,2024-06-30,-0.17967182,0.1779468,-0.005154159,0.0004478898,-0.2000458,0.141965,1,0.1779468059539795
b3a81cf304b949a1ecf42239,002573.SZ,清新环境,2024-06-15,-0.060455397,0.23192576,-0.006658383,-0.04321686,-0.24290106,0.061676707,1,0.23192575573921204
79496909020edf2f0e930fba,002574.SZ,明牌珠宝,2024-06-15,-0.23254901,0.20764172,-0.069242544,0.08586198,-0.2702655,0.15872167,1,0.20764172077178955
281825e1eae662450578f6c0,002575.SZ,群兴玩具,2024-06-30,-0.03907004,0.068118475,-0.049199477,-0.09428182,-0.003846921,0.04222509,1,0.06811847537755966
070aed5d5ad959283d2b8bc7,002576.SZ,通达动力,2024-06-15,0.7735616,-0.5267553,0.31091183,-0.37037975,0.49730766,-0.2040673,0,0.7735615968704224
1eb788cbc1d20c4d71763f12,002578.SZ,闽发铝业,2024-06-15,0.059097856,-0.2316171,0.2784426,-0.11830456,0.10148143,-0.052096292,2,0.2784425914287567
fe54e5bcf8f31a1f78970903,002579.SZ,中京电子,2024-06-15,0.227002,-0.40991974,0.09885705,-0.2500051,0.60848725,-0.1602345,4,0.6084872484207153
9b7470441679838fcb68412f,002580.SZ,圣阳股份,2024-06-30,0.634461,-0.24786013,0.120835885,-0.14074469,0.17323159,-0.11134163,0,0.634460985660553
217918e1f305abd595549d0c,002581.SZ,ST未名,2024-06-30,-0.20481858,0.102982126,-0.15190251,0.5034794,-0.27152857,0.050769057,3,0.5034794211387634
077fa6a3e280adc6516ff2b1,002582.SZ,好想你,2024-06-30,-0.2471161,0.10379339,-0.015463548,0.36896244,-0.30605036,0.08332892,3,0.36896243691444397
48a1504b4676bb156554a2d0,002583.SZ,海能达,2024-06-30,0.0287579,0.29057905,-0.35032314,-0.10930017,0.030029777,0.0006247107,1,0.29057905077934265
bdbb6fc46c8207f57822cc14,002584.SZ,西陇科学,2024-06-15,-0.06653759,-0.20413285,0.28543782,0.229967,-0.0035748892,-0.0933664,2,0.28543782234191895
3c826e47e3c2e5486d35d571,002590.SZ,万安科技,2024-06-15,0.29589993,-0.26246563,0.010088169,-0.31509265,0.5342804,-0.12575047,4,0.5342804193496704
e289884ac4d5ac1e740fd090,002592.SZ,ST八菱,2024-06-30,0.14380892,-0.2597596,0.111284465,-0.15291187,0.3096945,-0.09282521,4,0.3096944987773895
9aa53182f6c922077a2521ac,300199.SZ,翰宇药业,2024-06-15,-0.2172338,0.028196437,-0.1257549,0.64175475,-0.21237165,-0.0038339803,3,0.6417547464370728
4f6a6a82e894ddd53463032c,300200.SZ,高盟新材,2024-06-15,0.13643897,-0.5366094,0.5796136,-0.05029901,0.3329903,-0.2067224,2,0.5796136260032654
2359209aa7074a8abb222bf9,300201.SZ,海伦哲,2024-06-30,0.098177224,0.07568047,-0.08986131,-0.10531989,0.04721749,0.0010557929,0,0.0981772243976593
945c9b39d98bc3df4f69f2e9,300206.SZ,理邦仪器,2024-06-15,0.059624407,-0.013105659,-0.24533078,0.3324259,0.19772083,-0.11595206,3,0.33242589235305786
a6faab0b3ba55c4f46a75f90,300207.SZ,欣旺达,2024-06-15,0.61769056,-0.20122293,-0.06995748,-0.31292203,0.39547038,-0.11382106,0,0.6176905632019043
e3cec98664559a4ff638c698,300210.SZ,森远股份,2024-06-15,0.038934834,0.0429772,-0.019484596,-0.1134799,0.04985648,-0.021890238,4,0.049856480211019516
6c83e0556f5f176eb4e3cef0,300212.SZ,易华录,2024-06-30,-0.14249575,0.5314406,-0.45279416,0.0039305515,-0.22557856,0.08945034,1,0.5314406156539917
e685105505b80c4a684d98bd,300215.SZ,电科院,2024-06-15,0.46770346,0.20033582,-0.2854477,-0.16452391,-0.012902649,0.0019699875,0,0.4677034616470337
ab511ed64481564a510d28e5,300217.SZ,东方电热,2024-06-15,0.29900274,-0.35205057,0.20682214,-0.23795466,0.44337994,-0.18675148,4,0.4433799386024475
ffb0b1523f94557684ecf14f,300218.SZ,安利股份,2024-06-15,-0.009128146,-0.28097647,0.36516258,0.0097169345,0.09481416,-0.0882265,2,0.36516258120536804
dfa5b9605c6bf484e0266002,300219.SZ,鸿利智汇,2024-06-30,0.2375231,-0.45382965,0.10524166,-0.21160999,0.67377496,-0.22889641,4,0.6737749576568604
32898b2d7cbbea82ed124239,300221.SZ,银禧科技,2024-06-15,0.14535822,-0.43070066,0.39594188,-0.09224348,0.31908986,-0.16094035,2,0.3959418833255768
17675987ab5e26620cf54725,300222.SZ,科大智能,2024-06-15,0.52599275,0.13802381,-0.26012635,-0.13118446,0.06226752,-0.019996293,0,0.525992751121521
96c367420d84b4fb2032bc3e,300224.SZ,正海磁材,2024-06-15,0.17640956,-0.3125466,0.2876408,-0.0999877,0.2155678,-0.122535475,2,0.2876408100128174
a374bd69f996295217b4209c,300225.SZ,*ST金泰,2024-06-30,-0.111128554,-0.08565381,0.12225362,0.18815684,-0.09391984,-0.011911513,3,0.1881568431854248
a9da1cb25124a3abb4fe5811,300226.SZ,上海钢联,2024-06-15,-0.14181462,0.25864804,-0.091052294,0.03108104,-0.2720793,0.10749114,1,0.2586480379104614
9ecb9e001dc8d2ae01d04420,300227.SZ,光韵达,2024-06-15,0.19681367,-0.3193651,0.08665934,-0.20695418,0.5181865,-0.19594432,4,0.5181865096092224
d36303f29a8e1ceb5ce967e7,300231.SZ,银信科技,2024-06-15,-0.1660861,0.60389394,-0.55241585,0.028974243,-0.23374334,0.12950803,1,0.6038939356803894
5f5bda3c0173a6c4d0d33bad,300240.SZ,飞力达,2024-06-15,-0.07346582,0.23318903,-0.19056335,-0.016948132,-0.10066929,0.046748627,1,0.23318903148174286
7b9ebdbe186ba853c19b1892,300249.SZ,依米康,2024-06-15,0.034696653,0.20531173,-0.2529224,-0.05536418,0.042772695,-0.015909862,1,0.20531173050403595
f1bd0364bdde2558856a1bfd,300257.SZ,开山股份,2024-06-15,0.28491485,-0.19267938,0.11716038,-0.16954954,0.24379489,-0.105498284,0,0.28491485118865967
f8b713ca299633752af05eab,300366.SZ,ST创意,2024-06-15,0.05133055,0.07150345,-0.18024984,-0.15089141,0.19581036,-0.06381604,4,0.19581036269664764
128f321170a4d9565d9f0c72,300402.SZ,宝色股份,2024-06-15,0.32543057,-0.49035484,0.4346354,-0.17947802,0.3900962,-0.20557915,2,0.4346354007720947
5aeebdc25c7fb39153f255ad,601113.SH,华鼎股份,2024-06-15,-0.02247417,-0.14569235,0.2891859,0.030828072,-0.04903897,-0.024511289,2,0.28918591141700745
d9ddebf2243645a426688f7b,601208.SH,东材科技,2024-06-15,0.20561928,-0.5179319,0.53492934,-0.1948198,0.38403445,-0.19456825,2,0.5349293351173401
68cae2c9b9b008ab12889abd,601218.SH,吉鑫科技,2024-06-30,0.69966424,-0.41458923,0.39026898,-0.23594579,0.20833597,-0.1372349,0,0.6996642351150513
ea4c593ed16282372470c421,601222.SH,林洋能源,2024-06-30,0.022172404,0.19553111,-0.1638679,-0.06885568,-0.1136179,0.105148315,1,0.19553111493587494
f60cb1970b43d321314b51ac,601233.SH,桐昆股份,2024-06-30,-0.043376967,-0.12145328,0.29399633,0.0019830912,-0.09703122,-0.0007254987,2,0.29399633407592773
f4f9b1a39b23988caa437d40,601566.SH,九牧王,2024-06-30,-0.22424516,0.22327827,-0.090823725,0.057785504,-0.26334414,0.15742306,1,0.22327826917171478
fe19296f28cf818227c2a7df,601599.SH,浙文影业,2024-06-30,-0.23399214,0.26426423,-0.108743526,0.08827841,-0.28841653,0.123218186,1,0.26426422595977783
b6d8a0b2d5668d0ffeb9ac4c,603006.SH,联明股份,2024-06-30,0.062905684,-0.19567789,0.13313872,-0.15964112,0.2220485,0.054828323,4,0.22204850614070892
df0436c4fa8c876bd865d9df,603328.SH,依顿电子,2024-06-15,0.2274984,-0.43430698,0.1399394,-0.26585102,0.6277443,-0.16758737,4,0.6277443170547485
789eed93d5c8beaf7c6819dd,002585.SZ,双星新材,2024-06-30,0.14491376,-0.44722486,0.47111905,-0.118011005,0.26236513,-0.14514925,2,0.4711190462112427
5d9add212dcabbf14fee186c,002586.SZ,ST围海,2024-06-30,-0.20555261,0.5145112,-0.2778514,-0.06591636,-0.40180576,0.1886921,1,0.514511227607727
7e56ddc4bbf79314be254aaf,002587.SZ,奥拓电子,2024-06-15,0.015722431,0.094560355,-0.31382826,-0.07371768,0.28638777,-0.030101892,4,0.28638777136802673
555b23c8aa087c2c9956f38e,002588.SZ,史丹利,2024-06-30,-0.11787011,0.029160075,0.13411525,0.22761686,-0.2533971,0.051830474,3,0.22761686146259308
7ecd126fb0d7b301859841ad,002589.SZ,瑞康医药,2024-06-30,-0.22147886,0.28332448,-0.19066654,0.19703689,-0.3073353,0.100774884,1,0.2833244800567627
3df98cfe166217ecd2927550,002593.SZ,日上集团,2024-06-15,0.10190028,-0.13149671,0.16121873,-0.15533352,0.106488004,-0.039017342,2,0.16121873259544373
5284781b5d2e615062383cc3,002594.SZ,比亚迪,2024-06-15,0.08475195,0.036157433,-0.07636057,-0.13070884,0.0702128,0.0014314721,0,0.08475194871425629
4cbe433ed127b804fb4b95f5,002596.SZ,海南瑞泽,2024-06-30,-0.021215046,0.05097403,0.075004086,-0.016661672,-0.13751012,0.045240298,2,0.07500408589839935
71343b2b0b0c1b60eb4bca6f,002597.SZ,金禾实业,2024-06-15,-0.11735555,-0.18150729,0.24680668,0.37239742,-0.13640495,-0.047521237,3,0.37239742279052734
ad309d50b8517c8a9ae6a0dc,002598.SZ,ST章鼓,2024-06-30,0.20235983,-0.1952986,0.22325042,-0.13585225,0.13267729,-0.09187875,2,0.22325041890144348
f4e5673ea7dd04dc3d09ad95,002600.SZ,领益智造,2024-06-30,0.20219286,-0.46623632,0.17970854,-0.24928175,0.59384775,-0.16396666,4,0.5938477516174316
9f95266c6a1c221094303212,002601.SZ,龙佰集团,2024-06-30,0.036908884,-0.29767087,0.4897977,-0.029323049,-0.01801205,-0.07067251,2,0.4897977113723755
9c37e6b0d6403339226a7ec9,002602.SZ,世纪华通,2024-06-15,-0.18692657,0.38207635,-0.2865733,0.0118670855,-0.26935658,0.19408502,1,0.38207635283470154
730ed1787fd11c77687cfa4a,002603.SZ,以岭药业,2024-06-15,-0.20252009,0.08356629,-0.10197635,0.45187864,-0.2703464,0.043650217,3,0.4518786370754242
9eeea66892cb631cadfa9abe,002605.SZ,姚记科技,2024-06-30,-0.23883568,0.34689146,-0.23425975,0.0372905,-0.2864738,0.26616338,1,0.34689146280288696
bc5691d14ebb5d0c8ed8f955,002607.SZ,中公教育,2024-06-30,-0.23491865,0.39672965,-0.2556624,0.038015295,-0.32676548,0.19894953,1,0.39672964811325073
2ac5013c012564c0f0cd776c,002608.SZ,江苏国信,2024-06-30,-0.089675836,0.29806435,-0.14668365,-0.052439027,-0.28545043,0.115559734,1,0.29806435108184814
8d468d70601e6379339f0a1d,002620.SZ,ST瑞和,2024-06-15,-0.137593,0.26163536,-0.1536263,-0.057838324,-0.20201029,0.12693077,1,0.26163536310195923
b0d6f20933f8c57b73f1790c,002626.SZ,金达威,2024-06-15,-0.19429202,-0.019922353,0.071003884,0.4683423,-0.22212361,0.0018393185,3,0.46834230422973633
5551d74280da0cbc6b0c9c68,002627.SZ,三峡旅游,2024-06-15,-0.16507913,0.29390582,-0.18311496,-0.002770367,-0.26604414,0.12631005,1,0.2939058244228363
e03c381590e701405eb31c6e,002734.SZ,利民股份,2024-06-15,-0.08006716,-0.07709628,0.1987363,0.31684187,-0.19399212,0.0023311386,3,0.31684187054634094
1222fe4491c267b4f973d457,002778.SZ,中晟高科,2024-06-30,0.05590637,-0.27826366,0.38734302,0.02834464,0.087110594,-0.11767028,2,0.38734301924705505
cb7f3fef4fe654d055e3fbe9,002783.SZ,凯龙股份,2024-06-15,0.039371103,-0.30108473,0.5311208,0.048238534,-0.045442905,-0.08698816,2,0.531120777130127
71ed393cc87e7330ff2d2bb4,002911.SZ,佛燃能源,2024-06-30,-0.16037434,0.36786518,-0.17400637,-0.05897884,-0.34350604,0.15583783,1,0.3678651750087738
1cc527e19eeead2d026f9961,300228.SZ,富瑞特装,2024-06-15,0.07237096,-0.04998761,0.048814736,-0.080016255,0.06580035,-0.040334046,0,0.07237096130847931
1996820662a46d211e435b74,300230.SZ,永利股份,2024-06-15,0.1434759,-0.31379026,0.3179336,-0.11909561,0.24520713,-0.11375992,2,0.317933589220047
5dbbdbce5acf2180545306c5,300232.SZ,洲明科技,2024-06-15,0.041642956,-0.0056577697,-0.2203601,-0.081555866,0.35527873,-0.07240788,4,0.35527873039245605
e24a6b3b7de88d2858e682e2,300233.SZ,金城医药,2024-06-15,-0.1871524,-0.063184485,0.02565601,0.6659215,-0.21519493,-0.028344035,3,0.6659215092658997
ef57624c531aae8d72e495f9,300234.SZ,开尔新材,2024-06-15,0.024240915,-0.046750672,0.083553925,-0.053390156,0.017362716,-0.015864437,2,0.08355392515659332
681945ba4c05bd20c27fb07c,300236.SZ,上海新阳,2024-06-15,0.11920774,-0.43373862,0.23401615,-0.06791203,0.4335809,-0.17049673,4,0.4335809051990509
6dfd6a96b7d9c51b32f222fe,300237.SZ,ST美晨,2024-06-15,0.19787951,-0.42972556,0.38112947,-0.14638247,0.35305306,-0.16637221,2,0.3811294734477997
3d21dcaf1355fc29539044e6,300239.SZ,东宝生物,2024-06-15,-0.066218436,-0.16294128,0.13810994,0.26926237,-0.040699385,-0.06342154,3,0.2692623734474182
d96a2c4b42bc3cc66dd43354,300241.SZ,瑞丰光电,2024-06-15,0.20321281,-0.4141138,0.10164181,-0.16251612,0.59451765,-0.21294378,4,0.5945176482200623
0c67f48af8f4e8a06c8bf453,300242.SZ,佳云科技,2024-06-15,-0.1764141,0.35762247,-0.313187,0.077687584,-0.19194613,0.08747999,1,0.3576224744319916
a0d6bf782606b7e12b09ebb7,300243.SZ,瑞丰高材,2024-06-15,0.07177531,-0.41874817,0.60165304,0.035425577,0.123579755,-0.14398374,2,0.6016530394554138
f90519cc71c61525ce95e978,300244.SZ,迪安诊断,2024-06-15,-0.23203377,0.2691847,-0.31933016,0.4678067,-0.21248764,0.03520709,3,0.46780669689178467
523a12046357922e89ce45ad,300246.SZ,宝莱特,2024-06-15,0.08006948,-0.015463702,-0.22768171,0.3467402,0.16564152,-0.11499493,3,0.346740186214447
fec31d3661e6d047db536cc0,300248.SZ,新开普,2024-06-15,-0.100080304,0.45980063,-0.38217598,0.018973563,-0.16494334,0.038580023,1,0.4598006308078766
ce4fd505b3ebe5aba04d83b4,300250.SZ,初灵信息,2024-06-15,-0.13392428,0.4937051,-0.45076647,0.031051742,-0.13716428,0.035390586,1,0.4937050938606262
575d2f6e3631add8dca8ddd8,300251.SZ,光线传媒,2024-06-30,-0.22095077,0.31340358,-0.22176442,0.07897493,-0.24568783,0.10298707,1,0.31340357661247253
ada07b853a0beba6c69686fb,300254.SZ,仟源医药,2024-06-15,-0.15886636,-0.014753684,-0.03315302,0.47972378,-0.17796133,-0.0116072865,3,0.4797237813472748
f41dd0033bc1373bda7f48c2,300256.SZ,星星科技,2024-06-15,0.13994677,-0.3164043,0.071547635,-0.18656963,0.4477955,-0.13628636,4,0.4477955102920532
85c4056e105df7a43c8ae8d0,300258.SZ,精锻科技,2024-06-15,0.35570133,-0.5056319,0.2693792,-0.29902405,0.61672884,-0.2151966,4,0.6167288422584534
6c69affdca53fcbc45ffba3f,300381.SZ,溢多利,2024-06-30,-0.07238423,-0.1676953,0.22198921,0.49059242,-0.14325444,-0.06442124,3,0.49059242010116577
a215ddcfaa65a1c4515b728c,601311.SH,骆驼股份,2024-06-30,0.3411168,-0.21020241,0.19955887,-0.08600277,0.03197117,-0.04277848,0,0.3411167860031128
9c4caf3cbee8cbd1bc9c0188,601567.SH,三星医疗,2024-06-30,0.055372756,0.07448398,-0.09213806,-0.0021981993,-0.047773007,0.034898907,1,0.07448398321866989
337926b2fb29810d83e7724b,601798.SH,蓝科高新,2024-06-30,0.07921246,-0.13002005,0.13732037,-0.048205175,0.060354065,-0.05899722,2,0.1373203694820404
b92cdd85275011de667505d3,601901.SH,方正证券,2024-06-30,-0.20837007,0.38870364,-0.2646429,0.07008595,-0.33589128,0.14385207,1,0.3887036442756653
1bf3e0a052e93e746fbe90d3,603156.SH,养元饮品,2024-06-15,-0.13489433,0.09560822,-0.028448302,0.08665159,-0.16516149,0.051798705,1,0.09560821950435638
f8e0df2cd495ccea2f652025,603456.SH,九洲药业,2024-04-05,-0.23922804,0.155579,-0.07353978,0.5063633,-0.32806972,0.06983959,3,0.5063632726669312
10ca1d1021aaaecbbb12a5e7,002611.SZ,东方精工,2024-06-15,0.055626795,-0.11363843,0.07446419,-0.055267666,0.11180183,-0.050906043,4,0.11180183291435242
7d9047f170560156e0d42051,002612.SZ,朗姿股份,2024-06-30,-0.2587122,0.2653545,-0.15420763,0.1449435,-0.28334877,0.164627,1,0.2653545141220093
4525c5584e837711275b4d06,002616.SZ,长青集团,2024-06-30,-0.2076645,0.3955415,-0.09440379,0.026230074,-0.44325778,0.17043298,1,0.3955414891242981
1a9e944ccc48f34db6117a35,002617.SZ,露笑科技,2024-06-30,0.7199804,-0.5393044,0.25210735,-0.30507696,0.5551249,-0.2410532,0,0.7199804186820984
9b29f293c45eeead7a444e52,002623.SZ,亚玛顿,2024-06-30,0.10558407,-0.21352883,0.19620608,-0.0823965,0.1613659,-0.07025467,2,0.19620607793331146
0dca7af831a9f7368cc424ba,002624.SZ,完美世界,2024-06-30,-0.24887986,0.406271,-0.23343208,0.07516448,-0.32368273,0.13547483,1,0.4062710106372833
1f4ad2e12a0e591bae179f9a,002625.SZ,光启技术,2024-06-15,0.13768217,-0.21355318,0.10668693,-0.19336684,0.3095065,-0.11963458,4,0.30950650572776794
f506297963ba593c22c386a2,002628.SZ,成都路桥,2024-06-30,-0.215006,0.47987202,-0.26529336,-0.10096976,-0.35942945,0.18464492,1,0.4798720180988312
b2a1d698705f05dade4a0496,002629.SZ,仁智股份,2024-06-15,0.06144806,-0.07960463,0.13077727,-0.10189836,0.015048962,-0.028425677,2,0.1307772696018219
f0f9b795ade72fc49ea21627,002631.SZ,德尔未来,2024-06-15,-0.091324165,-0.008574054,0.17571336,-0.026002105,-0.09167646,0.06369679,2,0.17571336030960083
bf6b89f6476889238fcb9251,002633.SZ,申科股份,2024-06-15,0.31344047,-0.40458715,0.27793035,-0.20061351,0.39468533,-0.17433232,4,0.3946853280067444
694a7cc4a12fbeb6d9604cd3,002634.SZ,棒杰股份,2024-06-15,-0.06690842,-0.04746028,0.13451007,0.058263585,-0.02459815,0.0022973102,2,0.1345100700855255
e6ae2ea840231724c3cb3034,002636.SZ,金安国纪,2024-06-15,0.10168286,-0.43737733,0.29701018,-0.15826182,0.3969916,-0.12004593,4,0.3969916105270386
508aa8de3d999b29d26a4e3c,002637.SZ,赞宇科技,2024-06-15,-0.02685448,-0.13346653,0.19943808,0.08178956,-0.020636003,-0.03621062,2,0.19943808019161224
bfd26f700743ad3300136aef,002640.SZ,跨境通,2024-06-30,-0.21234016,0.2259952,-0.14135203,0.08463132,-0.23852849,0.13502961,1,0.22599519789218903
573759b50803a180f5cf14b5,002641.SZ,公元股份,2024-06-30,0.054064885,-0.10941969,0.28531864,-0.08991602,-0.0023327577,-0.006203903,2,0.28531864285469055
74bcffb06bb73447ae4f6c28,002717.SZ,ST岭南,2024-06-30,-0.15358248,0.25000894,-0.15033224,-0.0035191122,-0.21209899,0.09933718,1,0.2500089406967163
fcb3e0ec07b93f451791d062,002745.SZ,木林森,2024-06-15,0.13462967,-0.3983113,0.19441958,-0.13748449,0.48703265,-0.16931885,4,0.4870326519012451
9bed67ed050bbf2b0a8eae9e,002830.SZ,名雕股份,2024-06-30,-0.15209787,0.2767828,-0.15796947,-0.03076803,-0.22456875,0.17732605,1,0.2767828106880188
7a2fb7c18fed716577715fe3,300252.SZ,金信诺,2024-06-15,0.23724702,-0.326461,0.097207494,-0.16517085,0.49313498,-0.21183257,4,0.4931349754333496
31365d3e438cfe81fbd41e13,300255.SZ,常山药业,2024-06-15,-0.14337228,-0.05095563,0.01964682,0.49173248,-0.18026896,-0.022575334,3,0.49173247814178467
3c599a891e67f0e5a7aa33a1,300259.SZ,新天科技,2024-06-15,0.09576909,0.18651699,-0.18467298,-0.08990479,0.009388074,-0.022471374,1,0.18651698529720306
1e0420d7ea12d9efbc54b6d9,300260.SZ,新莱应材,2024-06-15,0.16437279,-0.39268047,0.23546013,-0.060843863,0.38952547,-0.17871833,4,0.38952547311782837
60ff3eb170ffc5106adb050d,300261.SZ,雅本化学,2024-06-15,-0.107239336,-0.16773066,0.19943902,0.3083328,-0.080648236,-0.05016888,3,0.30833280086517334
5fc6f516da637407600ccab2,300263.SZ,隆华科技,2024-06-15,0.25406453,-0.44090593,0.29118663,-0.15264829,0.44608864,-0.2197512,4,0.44608864188194275
aa83ec88d44029b95fd2ba9f,300265.SZ,通光线缆,2024-06-15,0.65743077,-0.1751828,0.13495606,-0.22531661,0.11591434,-0.104807906,0,0.6574307680130005
1083c3af0c0aee8a1fe67bdb,300266.SZ,兴源环境,2024-06-15,-0.12510249,0.4314651,-0.19639003,-0.031527538,-0.3088894,0.09967015,1,0.4314650893211365
c51608a5b9f0ffe4b726da6a,300267.SZ,尔康制药,2024-06-15,-0.10974779,-0.20439318,0.15274636,0.55675423,-0.08424983,-0.08125188,3,0.5567542314529419
61f80424125c0fb09319c9a7,300268.SZ,*ST佳沃,2024-06-30,-0.15428667,0.10985781,-0.026680628,0.21365598,-0.22520554,0.052998103,3,0.2136559784412384
3d19b842af4caca178bdc4f0,300269.SZ,联建光电,2024-06-15,0.15788794,0.059538584,-0.32624358,-0.14866084,0.39052993,-0.079747215,4,0.39052993059158325
b579c00a98051cc1a0866aec,300270.SZ,中威电子,2024-06-15,0.031191345,0.2361317,-0.3180434,-0.05632826,0.09808314,-0.029195031,1,0.2361316978931427
1b94e43328e5da4e0199ff6b,300274.SZ,阳光电源,2024-06-15,0.62155926,-0.093496755,-0.10326032,-0.17627306,0.2564204,-0.11586315,0,0.6215592622756958
dde4fe07b5298857673fe87c,300275.SZ,梅安森,2024-06-15,0.04194697,0.059576288,-0.083279945,-0.011812288,0.011096541,-0.021376887,1,0.05957628786563873
0a7fb49c5a79f16e222f5187,300278.SZ,华昌达,2024-06-15,0.23529373,-0.1618851,-0.045807406,-0.2376932,0.3788216,-0.12133297,4,0.37882161140441895
84d81b9c8433c27c94a9f3ab,300283.SZ,温州宏丰,2024-06-15,0.71815026,-0.60768956,0.38153183,-0.20738623,0.4989917,-0.26833844,0,0.71815025806427
1b86455b879dcbfc1e9627be,300284.SZ,苏交科,2024-06-15,-0.09072468,0.5281737,-0.4016247,-0.087149635,-0.24454214,0.110140264,1,0.5281736850738525
acd3f830e96a414e27b7be3b,300294.SZ,博雅生物,2024-06-15,-0.1762698,0.01636498,-0.030447282,0.48700404,-0.22961752,0.012040103,3,0.48700404167175293
3436b3b09ab4bb9fdb3c8398,300303.SZ,聚飞光电,2024-06-15,0.23656063,-0.41496703,0.08821586,-0.19830331,0.6321366,-0.2200513,4,0.6321365833282471
06ee94eef4689a1f0aef6802,300729.SZ,乐歌股份,2024-06-15,-0.018419594,0.10274564,-0.092963755,-0.04716721,0.031916693,0.09003961,1,0.10274563729763031
d6eb6f12c54d90b228af0cf8,601100.SH,恒立液压,2024-06-30,0.20818146,-0.2180013,0.16556904,-0.15410191,0.23166358,-0.10492502,4,0.23166358470916748
04ce51924c6592bb3cb65cd5,601225.SH,陕西煤业,2024-06-30,-0.104982555,0.0885973,0.045556843,0.016312929,-0.22265409,0.052327015,1,0.08859729766845703
cc4086f7b8f4611ab58d6dfc,601555.SH,东吴证券,2024-06-30,-0.20228726,0.4043141,-0.27090204,0.05833248,-0.33694917,0.1532863,1,0.4043141007423401
0fec388e16283fca11e9f453,601636.SH,旗滨集团,2024-06-30,0.062876776,-0.22066058,0.2443739,-0.041275885,0.07837683,-0.06163305,2,0.24437390267848969
4149da8bd5f489b09af8bdb3,601669.SH,中国电建,2024-06-30,-0.08542793,0.44076604,-0.21061361,-0.16672167,-0.3219195,0.15223987,1,0.44076603651046753
14572eda01807824d7bf8bcc,601677.SH,明泰铝业,2024-06-30,0.09390412,-0.28056592,0.31116465,-0.08702029,0.12737273,-0.081780344,2,0.31116464734077454
e2879c3993e8f9a3bc8bd8d3,601886.SH,江河集团,2024-06-30,-0.14368945,0.28121215,-0.18851313,-0.0023666583,-0.21341044,0.11540128,1,0.2812121510505676
20538a0e265e66f6232cbbc6,601908.SH,京运通,2024-06-30,0.4911959,-0.20512818,0.1257719,-0.13881816,0.1338523,-0.08169154,0,0.4911958873271942
5b54adb931622a681fe04595,603197.SH,保隆科技,2024-06-15,0.2891909,-0.33382586,-0.0033311527,-0.24195853,0.5991728,-0.16944702,4,0.5991727709770203
6218d16ec1b93a39fb245bf4,603518.SH,锦泓集团,2024-06-30,-0.25629735,0.25059983,-0.1008424,0.11043602,-0.3097861,0.13468191,1,0.25059983134269714
3441c2a6d2c62be568c49762,603686.SH,福龙马,2024-06-15,-0.10903631,0.34324685,-0.18153562,-0.08034662,-0.23225899,0.1700817,1,0.34324684739112854
9218016bc0c801c5bf3f02ed,002632.SZ,道明光学,2024-06-15,0.0775042,-0.28804877,0.31640303,-0.0884032,0.23015183,-0.11921183,2,0.31640303134918213
4836f5b0295d58c5bd2f1baa,002635.SZ,安洁科技,2024-06-15,0.2969909,-0.5596325,0.2546421,-0.26789582,0.67652327,-0.20941706,4,0.6765232682228088
3e5d20c4c92504e45b4aa0f4,002638.SZ,勤上股份,2024-06-15,0.12366908,0.063596286,-0.09629838,-0.21156375,0.1560133,-0.037970375,4,0.15601329505443573
1b4c4dc29137da3f174c922a,002639.SZ,雪人集团,2024-06-15,0.20992722,-0.22225593,0.16912548,-0.16370013,0.22679378,-0.11080454,4,0.2267937809228897
74f299a5cf30b6180b5b6a4d,002642.SZ,荣联科技,2024-06-30,-0.11590962,0.51778436,-0.49664503,0.036320433,-0.17228706,0.07619344,1,0.5177843570709229
26f2598600a25fba1b93d82f,002645.SZ,华宏科技,2024-06-30,0.118718594,-0.2603848,0.36646137,-0.064935274,0.057248488,-0.07465179,2,0.3664613664150238
3bde6415f7e6b10e0c5d29ab,002646.SZ,天佑德酒,2024-06-30,-0.08925988,0.042495213,0.02277774,0.07456572,-0.12692867,0.028547613,3,0.07456572353839874
6dd9fddb02abd4aa2683b651,002647.SZ,*ST仁东,2024-06-30,-0.16197866,0.27846208,-0.22739768,0.038166314,-0.19581956,0.0867059,1,0.27846208214759827
284c2dbc9204fc8e16f7f2fe,002648.SZ,卫星化学,2024-06-15,-0.09847966,-0.29091087,0.65921885,0.12601243,-0.17707391,-0.04540908,2,0.6592188477516174
90f0e41ce23eb4925c546426,002649.SZ,博彦科技,2024-06-30,-0.21965438,0.62146693,-0.5305742,-0.023328586,-0.28264025,0.17810398,1,0.6214669346809387
0e2002588de4be85f3280baa,002650.SZ,ST加加,2024-06-30,-0.25599602,0.11215776,-0.005166199,0.32706174,-0.3155741,0.10403631,3,0.3270617425441742
b6d065827a53e21064f97169,002651.SZ,利君股份,2024-06-30,0.10901735,-0.20795354,0.22305584,-0.0894441,0.11571302,-0.08290184,2,0.22305583953857422
28c38dd91793f5a3196abd92,002652.SZ,扬子新材,2024-06-15,-0.069209635,0.12986982,-0.010666814,0.023796082,-0.16302104,0.05294048,1,0.12986981868743896
4cad310619b15646652ad7bf,002655.SZ,共达电声,2024-06-15,0.23983999,-0.30669513,-0.035822656,-0.2522656,0.6131627,-0.1898007,4,0.6131626963615417
b75ff5908623aa6d823697e9,002656.SZ,*ST摩登,2024-06-30,-0.2561465,0.24934953,-0.1129816,0.08543002,-0.2998417,0.13149707,1,0.24934953451156616
a66c1c29ee8b4a93c8628f8d,002662.SZ,峰璟股份,2024-06-15,-0.13367674,0.111907214,-0.11608432,0.025652401,-0.10796817,0.06308743,1,0.11190721392631531
3085b2b38411a274027e6add,002664.SZ,信质集团,2024-06-30,0.35762653,-0.5421804,0.3359566,-0.31893367,0.5924517,-0.185955,4,0.5924516916275024
2f24801c7730f72b76e9964f,002666.SZ,德联集团,2024-06-30,0.10953504,-0.3454491,0.4118451,-0.05428131,0.2153286,-0.114842504,2,0.4118450880050659
91e608eebe9ac4c1b05dc15e,002667.SZ,威领股份,2024-06-15,-0.05154659,-0.095561884,0.19526094,-0.052913778,-0.09703013,0.008453042,2,0.1952609419822693
7c69ab030ff4e4d342440e55,002668.SZ,TCL智家,2024-06-30,-0.13809046,0.20889902,-0.15621343,0.0066594835,-0.10127814,0.11789021,1,0.20889902114868164
59274c1dc8f8f5f71574c83b,002673.SZ,西部证券,2024-06-30,-0.2069164,0.35752,-0.23901862,0.06942567,-0.31606448,0.13154899,1,0.3575200140476227
ff29169dfd7088649993a6b2,002688.SZ,金河生物,2024-06-30,-0.08311468,-0.024191875,0.07118968,0.21719058,-0.14124756,-0.00912522,3,0.21719057857990265
a4c3fa73d4aaca3fc8d78d0f,300276.SZ,三丰智能,2024-06-15,0.22160451,-0.20714265,-0.014936602,-0.22285673,0.41556892,-0.1184128,4,0.41556891798973083
1ad11eeb235d508398b82140,300279.SZ,和晶科技,2024-06-15,0.32033303,-0.24368621,-0.09243545,-0.27475116,0.6135811,-0.18887945,4,0.613581120967865
a0e4bd177116b2f5d482bb46,300281.SZ,金明精机,2024-06-30,0.20158792,-0.49698758,0.3813838,-0.12092085,0.46276787,-0.20929821,4,0.4627678692340851
5ece659b798172f72c756b4a,300285.SZ,国瓷材料,2024-06-15,0.0382122,-0.1465323,0.11384839,-0.015830293,0.096739136,-0.06159764,2,0.11384838819503784
2bd7b5faf46325d131e3afe8,300286.SZ,安科瑞,2024-06-15,0.17118213,0.109788746,-0.20360716,-0.101998664,0.12950164,-0.027598716,0,0.17118212580680847
34e08af3d14fbfc29042e344,300287.SZ,飞利信,2024-06-15,-0.1353203,0.6270761,-0.54605854,-0.04869136,-0.1985241,0.087261,1,0.6270760893821716
7ffaded46ee1c5f08809a46b,300288.SZ,朗玛信息,2024-06-15,-0.17882118,0.33399233,-0.27980307,0.11338009,-0.22546391,0.08319149,1,0.3339923322200775
ea729bc7f1a9ef2179ab262b,300289.SZ,利德曼,2024-06-15,-0.16937575,0.032636736,-0.15044609,0.62819886,-0.13859698,-0.029000904,3,0.6281988620758057
e55b798541ecf2a3348238d7,300290.SZ,荣科科技,2024-06-15,-0.1257159,0.46830714,-0.40180576,0.012806075,-0.17949641,0.06526209,1,0.46830713748931885
f13a1acedded637e3f1dbd83,300291.SZ,百纳千成,2024-06-30,-0.19100823,0.28225213,-0.17505002,0.08321878,-0.24550077,0.09456982,1,0.28225213289260864
6e35021166465955e6d6697a,300292.SZ,吴通控股,2024-06-15,0.20619695,-0.050188754,-0.14497474,-0.14920239,0.3042578,-0.13123828,4,0.3042578101158142
2d0f04b8278e7f0e06763aba,300293.SZ,蓝英装备,2024-06-15,0.18845983,-0.25418413,0.17228232,-0.1374028,0.29935202,-0.13980167,4,0.2993520200252533
0b96e9e3106bbaa963177e74,300295.SZ,三六五网,2024-06-30,-0.24144012,0.4336631,-0.30415207,0.06957183,-0.33572608,0.17981099,1,0.43366310000419617
aa728f85e85128035bdff3a9,300298.SZ,三诺生物,2024-06-15,-0.07295616,0.048468057,-0.12566507,0.41095793,-0.06267872,-0.053546403,3,0.410957932472229
862f50d82b1626eb56946177,300324.SZ,旋极信息,2024-06-15,0.04359911,0.2686309,-0.3586093,-0.15467492,0.1457102,-0.073000096,1,0.26863089203834534
c8d7eb6336aa1796d823813f,300350.SZ,华鹏飞,2024-06-15,-0.0689516,0.27038583,-0.22475523,-0.034071684,-0.110785104,0.033021495,1,0.27038583159446716
25499089dd9f8adf00c2ff10,300358.SZ,楚天科技,2024-06-15,-0.0042594047,-0.14887714,0.013664378,0.37431815,0.06675465,-0.11905183,3,0.3743181526660919
f2631c96b959b62b3d5f83c7,300483.SZ,首华燃气,2024-06-30,-0.11622812,0.16233492,-0.03687787,0.02551286,-0.2277688,0.06914353,1,0.16233491897583008
bbda652b0abafc93005fb023,300532.SZ,今天国际,2024-06-15,-0.02872886,0.34769854,-0.3189637,-0.10564965,-0.06635565,0.024057522,1,0.34769853949546814
33b60b1abd662f90b4502cde,601336.SH,新华保险,2024-04-05,-0.10696058,0.14963281,-0.08863579,0.026951361,-0.1578401,0.091355905,1,0.14963281154632568
1e0e4f4cac91920aa35b0dd6,601360.SH,三六零,2024-06-15,-0.10860681,0.37288636,-0.3473118,-0.0075348383,-0.14585614,0.08010947,1,0.3728863596916199
5e2cdd6f8bacef62e3acb12a,601368.SH,绿城水务,2024-06-30,-0.13256803,0.23652786,-0.12865783,0.007266162,-0.22838417,0.1009297,1,0.23652786016464233
3b2ebce376dc411236b679e5,601800.SH,中国交建,2024-06-30,-0.113403946,0.49523696,-0.28018352,-0.16660024,-0.30283865,0.14036626,1,0.49523696303367615
1c4799732bafc6321047069a,601928.SH,凤凰传媒,2024-04-05,-0.17464007,0.2626657,-0.16207822,0.06850219,-0.26352996,0.1634004,1,0.26266568899154663
dd1b0cac171e0441cc43ab83,601929.SH,吉视传媒,2024-06-30,-0.15216224,0.32839197,-0.23468357,0.0024241675,-0.24913545,0.12140514,1,0.328391969203949
58977371414c1feb697a555a,603001.SH,奥康国际,2024-06-15,-0.24681564,0.21512495,-0.0961557,0.108907774,-0.2491046,0.114906155,1,0.2151249498128891
11327e7fbeb7fb2fc3e8a3a4,603599.SH,广信股份,2024-06-15,-0.118374266,-0.08925453,0.22542115,0.29735583,-0.17826949,-0.013811773,3,0.2973558306694031
e5d5d5dee4ad73f8bdc61e3a,603729.SH,龙韵股份,2024-06-15,-0.27605698,0.37511176,-0.22110529,0.10754474,-0.35508925,0.17200932,1,0.37511175870895386
007966cf2065b886cb03db55,002653.SZ,海思科,2024-06-15,-0.17386085,0.055890415,-0.09255494,0.39110166,-0.20357896,0.05173433,3,0.3911016583442688
709ae139520eab894c05adbe,002654.SZ,万润科技,2024-06-30,0.21113116,-0.23633015,0.043405555,-0.21531188,0.40647516,-0.14725946,4,0.40647515654563904
557b9330c4e7a3c43eaa938c,002657.SZ,中科金财,2024-06-15,-0.06816475,0.23903742,-0.1934658,-0.0016400209,-0.111569405,0.030633625,1,0.239037424325943
3264531150b29db95865e558,002658.SZ,雪迪龙,2024-06-15,0.07917814,0.16419463,-0.11923412,-0.06338258,0.022353368,-0.04308286,1,0.16419462859630585
79597b8d3012c4ee4392e63c,002659.SZ,凯文教育,2024-06-30,-0.24464014,0.4328071,-0.2862713,0.039942052,-0.3442984,0.22263166,1,0.4328070878982544
b964daee356e3c341aaec5b6,002660.SZ,茂硕电源,2024-06-15,0.7137096,-0.39593518,0.03780661,-0.22564077,0.517277,-0.20185672,0,0.7137095928192139
8061b90141b2fb96d4430494,002661.SZ,克明食品,2024-06-30,-0.22496082,0.08276374,0.037945703,0.31627476,-0.31891963,0.10493505,3,0.3162747621536255
d2d9091c5308d77353c1901c,002663.SZ,普邦股份,2024-06-15,-0.21350542,0.540871,-0.25783953,-0.11437157,-0.4183419,0.20636144,1,0.5408710241317749
bddb237f4797c5e922b039b0,002669.SZ,康达新材,2024-06-30,0.2667558,-0.5802629,0.58202773,-0.17942877,0.43631417,-0.20126057,2,0.5820277333259583
aeac39bdf96860c6b30206f4,002670.SZ,国盛证券,2024-06-15,-0.20712626,0.33681285,-0.20441633,0.07002227,-0.31584328,0.1288259,1,0.3368128538131714
f8eeac16868eee6668c9bdc0,002671.SZ,龙泉股份,2024-06-30,0.04108547,-0.03613421,0.17808242,-0.06850061,-0.058944643,-0.014116529,2,0.1780824214220047
786cf86d90ad91d78a344f9a,002672.SZ,东江环保,2024-06-30,-0.09838908,0.21267101,0.06276414,0.013318324,-0.30965236,0.08431208,1,0.21267101168632507
a4ea64f894190b2272ab9ff0,002674.SZ,兴业科技,2024-06-15,-0.008022227,-0.19945724,0.31874958,-0.01113868,0.020357186,-0.05529975,2,0.3187495768070221
85c5e1bc47ca0824d03cdf6e,002675.SZ,东诚药业,2024-06-15,-0.18736918,0.021153457,-0.03583546,0.62595546,-0.25970155,0.0018053334,3,0.6259554624557495
5a3a3ceb61ef8f8c67652fa1,002676.SZ,顺威股份,2024-06-15,0.16821791,-0.2907969,0.2575818,-0.18511525,0.28263837,-0.096138716,4,0.2826383709907532
2423e52c94795d57aeeb12bd,002677.SZ,浙江美大,2024-06-15,-0.0999307,0.17935494,-0.13004805,0.0058094263,-0.07187799,0.09907747,1,0.1793549358844757
3a229250329dee09549ca266,002685.SZ,华东重机,2024-06-30,-0.0067369347,0.030922264,0.035562083,-0.066889375,-0.085268535,0.035239488,2,0.03556208312511444
27bb654076a41cb9906bc5ce,002696.SZ,百洋股份,2024-06-30,-0.106802784,0.001366572,0.06889573,0.15603304,-0.15442827,0.025480397,3,0.15603303909301758
58c694e0a2b9d62fe631ee42,002799.SZ,环球印务,2024-06-15,-0.10175174,-0.08697023,0.1471057,0.1598255,-0.058865942,-0.016743265,3,0.15982550382614136
00ee97088fd499365d908690,300296.SZ,利亚德,2024-06-15,0.035365887,0.08852247,-0.2950858,-0.11619003,0.31300557,-0.073247224,4,0.31300556659698486
fb57f5742be4f7da69d54ddf,300299.SZ,富春股份,2024-06-15,-0.07152853,0.37100965,-0.30379802,-0.046171553,-0.1543581,0.06640876,1,0.3710096478462219
9675d8db63feb42f775bde4a,300300.SZ,海峡创新,2024-06-15,-0.15211874,0.56666017,-0.51114094,-0.058640085,-0.21274203,0.10395628,1,0.5666601657867432
db11da3c213fb9cf1d33fcd0,300301.SZ,ST长方,2024-06-15,0.110713765,-0.38434258,0.19701241,-0.098553285,0.44098973,-0.157578,4,0.44098973274230957
585ef671e7a7b445e3a7470a,300302.SZ,同有科技,2024-06-15,0.059042674,0.17587432,-0.2851695,-0.0047102356,0.09972991,-0.04124695,1,0.17587432265281677
815b5787b3deb3a2f7ed9802,300304.SZ,云意电气,2024-06-15,0.36750317,-0.35406142,0.00093021337,-0.30259725,0.67015165,-0.21356317,4,0.6701516509056091
e1c5119e87fd0d4b7cdbdb61,300306.SZ,远方信息,2024-06-15,0.17044279,-0.2177812,0.013234458,-0.05776761,0.3972448,-0.17864555,4,0.39724481105804443
649cee1c3ddbd2269c27aeef,300307.SZ,慈星股份,2024-06-15,0.035168335,-0.057393968,0.015174368,-0.0018429765,0.08669321,-0.044475388,4,0.08669321238994598
d554511b4898acaadd69bf67,300308.SZ,中际旭创,2024-06-15,0.15887727,-0.07139906,-0.13915746,-0.12606709,0.34460324,-0.12476694,4,0.3446032404899597
b11b1a977ccb1f1524d97255,300310.SZ,宜通世纪,2024-06-30,-0.09736988,0.44316348,-0.46158573,-0.010450741,-0.12088731,0.08132078,1,0.4431634843349457
74baa8a0cd9825167ea0a718,300311.SZ,ST任子行,2024-06-30,-0.09324393,0.52194387,-0.5071515,-0.02694814,-0.09853602,0.022550527,1,0.5219438672065735
8d915e1949b06f1b70bdc9bb,300313.SZ,*ST天山,2024-06-30,-0.15661791,0.1559092,-0.09091562,0.06625702,-0.21176006,0.067868955,1,0.1559091955423355
67754a32235ff56817fa9f50,300314.SZ,戴维医疗,2024-06-15,0.0746025,-0.08193188,-0.15458074,0.3709522,0.18616053,-0.12144342,3,0.37095218896865845
8825e4955ef59352fdb953da,300315.SZ,掌趣科技,2024-06-15,-0.24471803,0.4204868,-0.30579105,0.092111535,-0.27341717,0.11697146,1,0.42048680782318115
da25f20bd28c80918c48aed4,300317.SZ,珈伟新能,2024-06-30,0.41689977,0.20010188,-0.26127267,-0.23880023,-0.004378449,0.050978556,0,0.41689977049827576
b65a5bacf7120ff7a8c65fad,300320.SZ,海达股份,2024-06-15,0.16442455,-0.24494506,0.17224565,-0.12126185,0.23170751,-0.10881856,4,0.23170751333236694
b3dfe11ea86b660331d4b9d1,300326.SZ,ST凯利,2024-06-15,0.06159922,-0.43277502,0.35568732,0.068871215,0.24490136,-0.1284527,2,0.35568732023239136
a34da53990b0f5948a6533d3,300327.SZ,中颖电子,2024-06-15,0.22398742,-0.2700263,-0.08504596,-0.19118562,0.57471085,-0.1623907,4,0.5747108459472656
0835824fb339a03ce1bac373,300755.SZ,华致酒行,2024-06-15,-0.16130446,0.16119651,-0.09086624,0.07441145,-0.1932072,0.079117574,1,0.1611965149641037
dd5324f199e8d11b82d5a52d,601038.SH,一拖股份,2024-06-15,0.052884035,-0.0071587376,-0.0034414176,-0.0021373103,0.010055587,-0.023613198,0,0.05288403481245041
091c448aef4f7a93e0b94569,601231.SH,环旭电子,2024-06-15,0.20085055,-0.34290257,-0.010740988,-0.23349811,0.63499737,-0.14833741,4,0.6349973678588867
03f557c4eba660e6151cc89e,601339.SH,百隆东方,2024-06-30,-0.05354356,-0.0952462,0.27763313,0.0821786,-0.12609838,0.012090759,2,0.2776331305503845
17258e17e0e856f98b056bd6,601388.SH,怡球资源,2024-06-15,0.010122504,-0.18402566,0.2813108,-0.037588388,-0.003506343,-0.034979966,2,0.2813107967376709
9104552f8e08e4dd2e1c0416,601515.SH,衢州东峰,2024-06-15,0.1420425,-0.33116052,0.29595342,-0.120347716,0.24209514,-0.114363566,2,0.2959534227848053
201c5c84235fe724ee599b8f,601965.SH,中国汽研,2024-06-30,-0.025995184,0.11112212,-0.1390976,-0.039812382,-0.018148718,0.024763014,1,0.11112211644649506
c4c22fecc8cb4b086d1dd5a1,603000.SH,人民网,2024-06-15,-0.17258777,0.45373213,-0.33597606,0.008704901,-0.2789527,0.12890518,1,0.45373213291168213
a61326388911711bf6af61d0,603123.SH,翠微股份,2024-06-30,-0.22803093,0.30755156,-0.17658341,0.07334102,-0.30797789,0.13857266,1,0.3075515627861023
e6c6335bfe8f39d766d81a7e,603128.SH,华贸物流,2024-06-15,-0.18532498,0.339719,-0.15956192,0.02017956,-0.31462735,0.12581539,1,0.3397189974784851
eadf068b0cdb0d3d9ccd2843,603333.SH,尚纬股份,2024-06-15,0.63336927,-0.2942047,0.16680422,-0.26058486,0.25759405,-0.14269073,0,0.6333692669868469
1e25c5dc79914b516336a7b8,603359.SH,东珠生态,2024-06-15,-0.15273307,0.47110194,-0.19879177,-0.0439321,-0.3926858,0.14746104,1,0.47110193967819214
e46bf318b49a67b5000bee64,603861.SH,白云电器,2024-04-05,0.68628526,-0.12676002,-0.009904301,-0.2098594,0.16655964,-0.08204327,0,0.6862852573394775
ad576efb820b85665645dc4a,002678.SZ,珠江钢琴,2024-06-15,-0.10183446,0.08423284,0.020687375,0.032158554,-0.09320648,0.046683412,1,0.08423283696174622
a8b039239faed9d241aaff06,002679.SZ,福建金森,2024-06-30,-0.08553017,0.08149234,-0.012729478,0.015089021,-0.13187693,0.047863416,1,0.0814923420548439
cf41336065d4044f03352e52,002681.SZ,奋达科技,2024-06-30,0.16080128,-0.33164904,0.037415728,-0.252636,0.5828734,-0.13039221,4,0.5828734040260315
b6d08514d993b26d64f544c6,002682.SZ,龙洲股份,2024-06-15,-0.15625122,0.34718275,-0.17273048,-0.061830834,-0.3032845,0.13519096,1,0.3471827507019043
ad5a8fb2ea44f03375d7e63d,002683.SZ,广东宏大,2024-06-15,-0.04158075,-0.020388119,0.21037906,-0.03062758,-0.112564206,-0.012998469,2,0.21037906408309937
4998124ebae0383ce9c671ef,002686.SZ,亿利达,2024-06-15,0.32506123,-0.25089088,0.19823241,-0.2945046,0.32889917,-0.11902467,4,0.32889917492866516
058d1ff2aaffffcacdab6f85,002687.SZ,乔治白,2024-06-15,-0.110816255,0.12893666,0.0056585213,0.031265687,-0.17879248,0.08564593,1,0.12893666326999664
fb1803bf7669913062f1507c,002689.SZ,ST远智,2024-06-30,-0.11190458,0.11444313,-0.107986584,0.006314505,-0.115004465,0.048867006,1,0.11444313079118729
3ff8f81cf4d838a5e087f47c,002690.SZ,美亚光电,2024-06-15,0.08207547,-0.12051697,-0.008671397,0.055294123,0.24585907,-0.1326443,4,0.2458590716123581
fbdba84bfd6766c4c143812b,002691.SZ,冀凯股份,2024-06-15,0.14504729,-0.102445595,0.096756615,-0.0541846,0.095681444,-0.0757291,0,0.14504729211330414
3347cb18301563173b593104,002692.SZ,远程股份,2024-06-15,0.7176342,-0.36329293,0.26624388,-0.21162549,0.23329416,-0.13812025,0,0.7176342010498047
b358d74df65e3370620a500c,002693.SZ,*ST双成,2024-06-30,-0.12168367,-0.020381758,-0.03240506,0.3727016,-0.14016762,0.008342765,3,0.37270158529281616
f4fa856d44120e3eb1c091d6,002694.SZ,顾地科技,2024-06-15,0.02578742,-0.12272876,0.262339,-0.08009559,0.025255784,-0.016304119,2,0.2623389959335327
b3d4874ae7f8552c6813a62f,002698.SZ,博实股份,2024-06-15,0.07370175,-0.071010455,0.052262034,-0.058938093,0.06609781,-0.04651826,0,0.07370174676179886
e290ac4dbd0c0369d7b91e89,002701.SZ,奥瑞金,2024-06-30,-0.07556814,-0.08178982,0.23580714,0.06713849,-0.08476723,-0.0010910062,2,0.2358071357011795
63c3b0c42e7605cd0fccc6b4,002752.SZ,昇兴股份,2024-06-15,-0.023517769,-0.16627344,0.3031263,0.028951595,-0.036795624,-0.03613384,2,0.3031263053417206
f6d8bdf8f97b1ef85731b3b1,002851.SZ,麦格米特,2024-06-30,0.6897738,-0.30989328,-0.06846085,-0.31098732,0.52832556,-0.17147797,0,0.6897737979888916
33feda595b9e58c1c3c5b5ac,300316.SZ,晶盛机电,2024-06-15,0.32611656,-0.46400204,0.22203165,-0.13871226,0.5721794,-0.24296205,4,0.57217937707901
fabdbed3cd4f754e8887791a,300319.SZ,麦捷科技,2024-06-15,0.30603975,-0.48039302,0.12889262,-0.2512562,0.70438707,-0.24888441,4,0.7043870687484741
feafd03a473a58052177ad1e,300322.SZ,硕贝德,2024-06-15,0.2389914,-0.34537077,-0.03603741,-0.20661277,0.6541249,-0.20934658,4,0.654124915599823
5980a963a9a9075daf86a20e,300323.SZ,华灿光电,2024-06-15,0.12498316,-0.40807578,0.14243138,-0.06838195,0.49527597,-0.19491762,4,0.49527597427368164
e8b0e2c273dd8549701d0095,300328.SZ,宜安科技,2024-06-15,0.18283916,-0.40446436,0.28761816,-0.12552486,0.38441393,-0.1713155,4,0.3844139277935028
9da80616353d22cfa8a0c911,300332.SZ,天壕能源,2024-06-15,-0.07780835,0.232989,-0.059738144,-0.023941148,-0.2648058,0.0688833,1,0.23298899829387665
dc73cb91050bfb5ce2dd751a,300333.SZ,兆日科技,2024-06-30,0.023428403,0.18860388,-0.29398122,-0.05159558,0.102646135,-0.033522476,1,0.18860387802124023
84c3c32260fadfe57ca097c1,300334.SZ,津膜科技,2024-06-15,0.03531907,-0.036250852,0.1034329,0.034276664,0.025810935,-0.02457995,2,0.10343290120363235
bf1eb7e71de3c39de69e4169,300335.SZ,迪森股份,2024-06-15,-0.011151895,0.25384915,-0.08400919,-0.091275536,-0.20442654,0.05960903,1,0.2538491487503052
94d707f7322e98401c6759c2,300337.SZ,银邦股份,2024-06-15,0.12766275,-0.31434488,0.32191342,-0.090920925,0.17284311,-0.104616106,2,0.3219134211540222
757a74375eea227e15a8023d,300338.SZ,ST开元,2024-06-30,-0.18568683,0.38156122,-0.28073442,0.017392771,-0.2859272,0.13024066,1,0.3815612196922302
fd5fe241978136095d61230f,300339.SZ,润和软件,2024-06-30,0.0050609224,0.3588505,-0.4185665,-0.07513094,0.01450632,-0.03067507,1,0.35885050892829895
42d2fca06d278d127653f985,300341.SZ,麦克奥迪,2024-06-15,0.31004333,-0.034625538,-0.20935321,0.17668888,0.13157378,-0.10672878,0,0.3100433349609375
ff9beb0b8875d2b0d083208d,300342.SZ,天银机电,2024-06-15,0.27928546,-0.2884191,0.09274291,-0.1841783,0.4382311,-0.19610305,4,0.43823111057281494
72accb93443b974778a17680,300343.SZ,ST联创,2024-06-15,0.060934987,-0.3656452,0.6157229,0.02001822,0.076005325,-0.1326806,2,0.6157228946685791
fbbc1ee2fc6cc7f0492609f2,300344.SZ,立方退,2024-06-30,-0.0227677,0.00397894,-0.008618396,0.034289017,-0.0269743,0.0020260287,3,0.03428901731967926
99815c8eb306175847461fb3,300346.SZ,南大光电,2024-06-15,0.15815829,-0.4587713,0.29585615,-0.056190416,0.40260336,-0.18700743,4,0.4026033580303192
4f45b256bfe2ae633fedc203,300347.SZ,泰格医药,2024-06-15,-0.21417446,0.36719203,-0.36712113,0.44995406,-0.31478414,0.08623876,3,0.4499540627002716
897c773b3431a66eedcbd9d5,300348.SZ,长亮科技,2024-06-30,-0.11323371,0.47381368,-0.46410778,0.01623964,-0.09616916,0.044146933,1,0.4738136827945709
cc2fa94b90d959ce3148ff95,300349.SZ,金卡智能,2024-06-15,0.057169475,0.23404233,-0.22319277,-0.036350686,-0.0075717755,-0.0002465546,1,0.23404233157634735
34b1ebb9e3a44649a17066f7,300383.SZ,光环新网,2024-06-30,-0.12514913,0.56338596,-0.47519708,0.021910394,-0.2417691,0.10896331,1,0.5633859634399414
54040aa62b5c45a9e955d512,300397.SZ,天和防务,2024-06-15,0.04287814,0.09146376,-0.189159,-0.088819735,0.13933069,-0.06991838,4,0.1393306851387024
1fb507adf89c88ef1c95cf73,300400.SZ,劲拓股份,2024-06-15,0.31921262,-0.476944,0.17738372,-0.20605776,0.63945603,-0.24166703,4,0.639456033706665
c5aa357e4c88fee48f99ce30,300746.SZ,汉嘉数智,2024-06-15,-0.103313245,0.43796068,-0.41495487,-0.07391665,-0.11676614,0.056914754,1,0.437960684299469
c0e1063a13bbd1977bc95645,300887.SZ,谱尼测试,2024-06-15,-0.11344586,0.28100592,-0.25570312,0.062372025,-0.08794202,0.030686818,1,0.2810059189796448
1838feea93d49e78b2853a53,603008.SH,喜临门,2024-06-15,-0.19321936,0.089679316,0.07386994,0.09074387,-0.18225211,0.11013822,5,0.11013822257518768
cd50c6f8dbd58a8315ea0e16,603077.SH,和邦生物,2024-06-15,-0.02899462,-0.28732404,0.5618231,0.14395522,-0.11317684,-0.07130232,2,0.5618231296539307
e3516852b948f27639a95012,603126.SH,中材节能,2024-06-30,-0.0073684584,0.11858039,0.037162837,-0.12908623,-0.15056717,0.13156258,5,0.13156257569789886
7a1f38d5ed0d42478a2a6b28,603168.SH,莎普爱思,2024-06-15,-0.25644675,-0.004881375,-0.044422768,0.66162217,-0.25034648,0.03669865,3,0.661622166633606
9a7779b4503cc4e9b7421141,603366.SH,日出东方,2024-04-05,0.035931934,0.20067826,-0.13791844,-0.13454027,-0.0493989,0.07327911,1,0.2006782591342926
bcc2e81c639865bcdb927513,603399.SH,永杉锂业,2024-06-15,0.045418013,-0.25503364,0.35461122,0.01829684,0.0060032047,-0.061450336,2,0.35461121797561646
4bd595e332c623354adbcc14,603766.SH,隆鑫通用,2024-04-05,0.03402169,-0.015945792,-0.011541888,-0.06075192,0.047197297,-0.006539006,4,0.04719729721546173
b5da2b63245ea179673a6aab,603993.SH,洛阳钼业,2024-06-30,-0.096196204,-0.043847207,0.22429842,-0.0026874729,-0.20337433,0.028052924,2,0.2242984175682068
0ebd1e680f42b28bf494e845,001203.SZ,大中矿业,2024-06-15,-0.091392845,0.004862318,0.13141769,0.017101519,-0.17176695,0.030912392,2,0.13141769170761108
4521fc8456d2e6f732aa7d91,002695.SZ,煌上煌,2024-06-30,-0.25863788,0.17148061,-0.08518356,0.27465507,-0.30808693,0.09990436,3,0.2746550738811493
443a54f9495fb78342b6f06b,002700.SZ,万憬能源,2024-06-15,-0.14731522,0.12854493,-0.08590548,0.062180087,-0.15582395,0.063496724,1,0.12854492664337158
e0ce2e2659f0832140cb8820,002703.SZ,浙江世宝,2024-06-15,0.22476557,-0.23232742,-0.02345089,-0.21854973,0.45109385,-0.09692508,4,0.451093852519989
19c6a4a727fa7af2839f03cf,002708.SZ,光洋股份,2024-06-15,0.32852906,-0.53202057,0.26152182,-0.24489166,0.60837936,-0.20222394,4,0.6083793640136719
ebd3c6f5457c7b18a41a5d3b,002709.SZ,天赐材料,2024-06-30,0.09856195,-0.42241535,0.562852,-0.023603074,0.1511678,-0.113622,2,0.5628520250320435
67fa87ec29234a0d50fa73c1,002713.SZ,*ST东易,2024-06-30,-0.17036973,0.2898119,-0.16462335,-0.00912278,-0.26133758,0.14911188,1,0.289811909198761
d2363a904c41b42de22f9ea4,002714.SZ,牧原股份,2024-06-15,-0.13386129,0.1056593,0.0007714662,0.19096147,-0.25139448,0.06638764,3,0.19096146523952484
909e5cec8afa9bacf60af02b,002715.SZ,登云股份,2024-06-30,0.26062828,-0.4386081,0.28109723,-0.24847177,0.48443335,-0.16940702,4,0.4844333529472351
2fc5e4066e4ea33c55df5d03,002716.SZ,湖南白银,2024-06-15,-0.093441844,-0.07060696,0.25524232,0.05945192,-0.18695138,0.018282443,2,0.25524231791496277
98f319702205e1cdf78ad442,002718.SZ,友邦吊顶,2024-06-30,-0.029838702,0.043760587,0.04399132,-0.09045396,-0.032845825,0.05363529,5,0.05363529175519943
29bff7d4535391763c47916d,002719.SZ,麦趣尔,2024-06-30,-0.15121435,0.08240236,0.02712068,0.10451353,-0.19515885,0.06266073,3,0.10451353341341019
a9ca08495ac918ff77486ff5,002721.SZ,金一文化,2024-06-30,-0.2612466,0.2490928,-0.1004258,0.11513675,-0.30592072,0.12261422,1,0.24909280240535736
299f4cf110fb95875c4cb662,002722.SZ,物产金轮,2024-06-15,0.050324813,-0.18107605,0.24631235,-0.07516299,0.07157038,-0.038074337,2,0.24631235003471375
e2aac152fb466cb4dc6710dd,002723.SZ,小崧股份,2024-06-15,-0.04120519,0.050576013,-0.08399951,-0.0087360535,0.05685558,0.02634295,4,0.05685558170080185
9f22bb82836a037baac46dc3,002725.SZ,跃岭股份,2024-06-30,0.12973492,-0.33927915,0.2594097,-0.21357599,0.35082394,-0.06324254,4,0.35082393884658813
d0062d916f8ab013c6454201,002727.SZ,一心堂,2024-06-30,-0.20954415,0.21932462,-0.1781223,0.2118069,-0.27074176,0.14246483,1,0.21932461857795715
0dcae70779a0955f74260faf,002746.SZ,仙坛股份,2024-06-30,-0.06459562,0.02597229,0.014411042,0.070670925,-0.09562317,0.02000531,3,0.07067092508077621
717237769deb535780b00835,002782.SZ,可立克,2024-06-15,0.3886535,-0.4288968,0.16144155,-0.2881627,0.5843645,-0.19444188,4,0.5843644738197327
2cd83defa77937c91d1dcc1c,002792.SZ,通宇通讯,2024-06-15,0.1366341,0.008264533,-0.14852478,-0.1459386,0.24552605,-0.06700348,4,0.2455260455608368
d1b868303b4a134f1e3116ea,002815.SZ,崇达技术,2024-06-30,0.24334034,-0.4463583,0.11291422,-0.24612984,0.65774184,-0.19087401,4,0.6577418446540833
97bf806410d4abc33f2b2061,300351.SZ,永贵电器,2024-06-15,0.23927762,-0.25013047,0.053215384,-0.18356484,0.4047848,-0.1656197,4,0.40478479862213135
bc932fc2129c4a18b0414a81,300352.SZ,北信源,2024-06-15,-0.10339255,0.52696335,-0.5064554,-0.013479874,-0.11254393,0.026560709,1,0.5269633531570435
ef594a2cbb2b6a6e3fabf6ae,300354.SZ,东华测试,2024-06-15,0.20237966,-0.1438066,-0.08707751,-0.10213573,0.36126176,-0.16253066,4,0.3612617552280426
67fa388d04d204a609abf6df,300355.SZ,蒙草生态,2024-06-15,-0.13214524,0.24145813,-0.08456791,0.040496886,-0.2522029,0.062132493,1,0.24145813286304474
6633e25a0a42f220ed83b41b,300368.SZ,汇金股份,2024-06-15,-0.022538608,0.17991975,-0.21195334,0.020989574,-0.020792224,-0.01562921,1,0.1799197494983673
c580a4e7f13b348788012ec8,300369.SZ,绿盟科技,2024-06-15,-0.10198657,0.45836818,-0.4629878,0.0115585625,-0.058207497,-0.0049291737,1,0.458368182182312
aabd6b887936c0923a298f5d,300371.SZ,汇中股份,2024-06-15,0.057588104,0.07691009,-0.09390572,-0.03257688,0.02367873,-0.027865132,1,0.0769100934267044
ab824d82b7010bd310c357f0,300382.SZ,斯莱克,2024-06-15,0.2903695,-0.4289847,0.2758005,-0.16644692,0.48676613,-0.20901614,4,0.48676612973213196
e463489eea706f2729a80614,300388.SZ,节能国祯,2024-06-15,-0.17271042,0.44143084,-0.195179,-0.06590185,-0.34434646,0.13539495,1,0.44143083691596985
aa1a2b2eff6bfc6aab61c1ea,300389.SZ,艾比森,2024-06-15,0.06035358,0.029750332,-0.23216254,-0.09470168,0.33076537,-0.065161675,4,0.33076536655426025
3166bfee816b7a46e12ba5a2,300396.SZ,迪瑞医疗,2024-06-15,-0.019941851,-0.011984911,-0.13006085,0.29017165,0.056126222,-0.0702681,3,0.29017165303230286
54c337f7854eca8f798b47ed,300507.SZ,苏奥传感,2024-06-15,0.33940762,-0.34446126,0.014818513,-0.26974344,0.63023186,-0.23018858,4,0.6302318572998047
dbae1d28a95afb2fcbb2c280,600917.SH,重庆燃气,2024-06-30,-0.19351831,0.3365306,-0.17265248,0.0038369112,-0.3511633,0.16576365,1,0.3365305960178375
cd0874be898d1677f8dbd4a5,601016.SH,节能风电,2024-03-25,-0.101273924,0.32187,-0.15522343,-0.05141341,-0.29645514,0.1324551,1,0.32186999917030334
e4642348d2bf739a22a104b3,601238.SH,广汽集团,2024-06-30,-0.075882286,0.12753172,-0.10614816,-0.025146175,-0.078501254,0.07302209,1,0.1275317221879959
bdc3f04d685455478d40e795,601608.SH,中信重工,2024-04-05,0.25545746,-0.1592924,0.122581095,-0.19711354,0.20494056,-0.10284926,0,0.25545746088027954
a51bc917f0d84a2e97df0def,601969.SH,海南矿业,2024-06-30,-0.094864994,0.036536664,0.08344931,0.013692412,-0.18594602,0.055572823,2,0.08344931155443192
6dd46a337da5d50f514f754b,603009.SH,北特科技,2024-06-30,0.2947726,-0.44560006,0.22625773,-0.27862385,0.5670622,-0.15830736,4,0.5670621991157532
e8f8b066295e3d2ba34fc1e4,603088.SH,宁波精达,2024-06-15,0.17237891,-0.24326128,0.13185123,-0.1502539,0.26278156,-0.090088844,4,0.26278156042099
49760f29229517c3fbb36dd3,603166.SH,福达股份,2024-06-30,0.15269059,-0.25911924,0.15017343,-0.16971812,0.27461147,-0.07756175,4,0.2746114730834961
d05d1c15de445094ded300a5,603185.SH,弘元绿能,2024-06-30,0.6180802,-0.5051767,0.35729876,-0.1549766,0.3398095,-0.1777452,0,0.618080198764801
98ab5f7f8e016c9c33f060d3,603288.SH,海天味业,2024-06-30,-0.20533663,0.01453447,0.102556646,0.3648077,-0.2695452,0.05676559,3,0.36480769515037537
8b4bd0ffeb6997a3c6f908aa,603308.SH,应流股份,2024-06-30,0.19442296,-0.38442257,0.30940458,-0.19337459,0.33733228,-0.16505298,4,0.33733227849006653
972afffd03ed3f309feb1585,603566.SH,普莱柯,2024-06-30,-0.09044708,0.003487423,0.010590205,0.29509965,-0.1498798,-0.011043057,3,0.2950996458530426
143d820330d4aa4e3a512f99,603688.SH,石英股份,2024-06-15,0.06874591,-0.2719639,0.25449866,-0.040349387,0.1524992,-0.094917424,2,0.2544986605644226
d9549677ae19a394c38605f1,603699.SH,纽威股份,2024-06-15,0.28401825,-0.33313397,0.30353755,-0.21166424,0.2998168,-0.14504686,2,0.3035375475883484
df730d69ba37a4e796589be1,603777.SH,来伊份,2024-06-15,-0.2618431,0.21655639,-0.15123719,0.23613146,-0.29708612,0.18142244,3,0.2361314594745636
4245fdd526fe7116d1f280a4,603806.SH,福斯特,2024-06-30,0.16349497,-0.45965108,0.47966075,-0.113397695,0.28953633,-0.1562958,2,0.4796607494354248
94949487d42c4704ebd093f5,603989.SH,艾华集团,2024-06-30,0.2905375,-0.50967515,0.32281163,-0.1778283,0.49281842,-0.21387567,4,0.4928184151649475
b826e51700391211959afc48,000333.SZ,美的集团,2024-06-15,0.025406037,0.04183542,-0.080675945,-0.13274619,0.078424335,0.010808047,4,0.07842433452606201
d5d08ea241e83fdb47bd4429,002697.SZ,红旗连锁,2024-06-30,-0.14010103,0.17470486,-0.10885559,0.039849106,-0.18981531,0.10330713,1,0.17470486462116241
c70da55b18857e3850d2720a,002705.SZ,新宝股份,2024-06-30,-0.020063007,0.024097785,-0.017860375,0.026912166,0.036016393,0.00899613,4,0.03601639345288277
2ef7caa37b8f14dfd08cdb57,002707.SZ,众信旅游,2024-06-30,-0.145075,0.21200573,-0.14341487,0.04180122,-0.20003098,0.09265841,1,0.21200573444366455
dd586ba360c4d614109d9e8c,002712.SZ,思美传媒,2024-06-30,-0.27092588,0.39385027,-0.2197945,0.0824894,-0.35763037,0.16942444,1,0.39385026693344116
ea7f9fa1f04541755ea199b4,002724.SZ,海洋王,2024-06-15,0.12430355,-0.034475714,-0.120702505,-0.12872012,0.23155716,-0.06427533,4,0.23155716061592102
1769c978c250daba0b4559cc,002726.SZ,龙大美食,2024-06-30,-0.21403556,0.08517898,0.021739965,0.35186675,-0.2899767,0.07749257,3,0.351866751909256
3d3a04738c65cc651f0fbd63,002728.SZ,特一药业,2024-06-30,-0.23281237,0.09167364,-0.104922175,0.5276794,-0.29536316,0.057092883,3,0.5276793837547302
5a559916f0735a6b14df31fc,002748.SZ,世龙实业,2024-06-30,0.0068093557,-0.2632345,0.51563656,0.049363412,-0.07949637,-0.06631647,2,0.5156365633010864
d7fd5920b2496e9ba8be2b07,002773.SZ,康弘药业,2024-06-15,-0.18607664,-0.031610254,-0.046084654,0.61505485,-0.1952382,-0.014215867,3,0.6150548458099365
0092eebb23786398dd47c1f0,002801.SZ,微光股份,2024-06-30,0.66942304,-0.42401156,0.19543059,-0.19570877,0.4164755,-0.17807788,0,0.6694230437278748
a929bbad54b4572895cebb26,002838.SZ,道恩股份,2024-06-15,0.09139527,-0.41117507,0.45764408,-0.07044368,0.21351787,-0.1279289,2,0.4576440751552582
1f056699f358990f94fda165,002843.SZ,泰嘉股份,2024-06-15,0.10352972,-0.21027404,0.21277577,-0.07094777,0.13635318,-0.08029801,2,0.21277576684951782
d8e7ad4f44d7538b881c4ca0,002905.SZ,金逸影视,2024-06-30,-0.25883543,0.3759748,-0.24605614,0.051734194,-0.3220076,0.15944672,1,0.3759748041629791
b168339eec4544f1420f9239,300357.SZ,我武生物,2024-06-30,-0.16981144,-0.009908909,-0.06946508,0.5969048,-0.1809308,-0.019795017,3,0.5969048142433167
279f5c1269d0ada7ce14160a,300359.SZ,全通教育,2024-06-15,-0.16487737,0.43525776,-0.33517298,0.011308736,-0.2367441,0.101129144,1,0.43525776267051697
cd25b67b8350839129bd1653,300360.SZ,炬华科技,2024-06-15,0.16464828,0.14283463,-0.21980749,-0.119216435,0.12261471,-0.061735727,0,0.16464827954769135
5ee7bce20a53c24867751266,300363.SZ,博腾股份,2024-06-15,-0.19208397,0.04205024,-0.0470374,0.42531687,-0.18988048,0.023467174,3,0.42531687021255493
82fca1a52ebcd96bbeb8ae6d,300365.SZ,恒华科技,2024-06-15,0.06280543,0.40760654,-0.2999863,-0.10866493,-0.11810335,0.017308982,1,0.4076065421104431
886c0f6010183021b4ec6d46,300373.SZ,扬杰科技,2024-06-15,0.34881774,-0.43055385,0.07528635,-0.25714418,0.6545726,-0.22775415,4,0.654572606086731
de70496bd4f6c00e9ce17bd0,300376.SZ,易事特,2024-06-15,0.66606,-0.012563951,-0.19954214,-0.14472303,0.23046781,-0.09796178,0,0.6660599708557129
9478646da7222a2c5ff96aa1,300377.SZ,赢时胜,2024-06-15,-0.20491989,0.52239984,-0.45409587,0.0929423,-0.24123469,0.09261444,1,0.5223998427391052
2a2642877bce0fd6a179808f,300378.SZ,鼎捷数智,2024-06-15,0.013105896,0.27525693,-0.3114921,-0.07842441,0.061936155,-0.018898476,1,0.2752569317817688
34da1cad11db136c5430133a,300380.SZ,安硕信息,2024-06-15,-0.17573802,0.51846755,-0.45301,0.09427044,-0.21053056,0.084010534,1,0.5184675455093384
ab07a2f17eb29c0701e604f6,300385.SZ,雪浪环境,2024-06-15,0.08638643,0.024381854,0.098291345,-0.0725377,-0.028644646,-0.038196925,2,0.09829134494066238
a0c33f6e96b71e13e11c7199,300386.SZ,飞天诚信,2024-06-15,-0.063037924,0.30289134,-0.34659597,0.030994818,-0.042739935,0.0055037383,1,0.302891343832016
7b4b188b394aee233d75bcab,300387.SZ,富邦科技,2024-06-15,-0.008733828,0.055512547,0.006436737,0.09530902,-0.08631015,-0.01676012,3,0.09530901908874512
ac44352f692aec3912be1791,300390.SZ,天华新能,2024-06-15,0.30094036,-0.22058474,0.27303794,-0.034990754,-0.035197176,-0.05598262,0,0.3009403645992279
af7da7b0c3bbc8b562727a7b,300399.SZ,天利科技,2024-06-15,-0.18629223,0.3976355,-0.3269535,0.029133288,-0.22895703,0.103894584,1,0.39763548970222473
24d1856aba7d2a079583aef4,300403.SZ,汉宇集团,2024-06-15,0.23015578,-0.24439582,0.041391157,-0.19499288,0.42464894,-0.15901083,4,0.4246489405632019
f989d55e24705b2f09a284ee,300405.SZ,科隆股份,2024-06-15,0.016930249,-0.25030354,0.4687065,0.086092174,-0.05173692,-0.08943084,2,0.46870648860931396
7e3632f86a27b0f0468e6751,300419.SZ,ST浩丰,2024-06-30,-0.18879148,0.47986168,-0.43188456,0.08108375,-0.23061845,0.06126479,1,0.47986167669296265
b1622440889fd9db50b97c7a,300476.SZ,胜宏科技,2024-06-15,0.27533925,-0.37273568,0.013144175,-0.23090953,0.6424695,-0.19789629,4,0.6424695253372192
5e6ebc9ec9dc6d4dd1d8eddd,300527.SZ,ST应急,2024-06-15,0.011809444,0.1632531,-0.16022827,-0.088417426,0.028274067,0.0015128716,1,0.16325309872627258
6b9241c749a9356d8ecd58b0,300546.SZ,雄帝科技,2024-06-15,-0.008560631,0.3135005,-0.3458222,-0.05384617,-0.008095749,0.003763279,1,0.3135004937648773
4865a8a8430ffa3ebf6f9268,300820.SZ,英杰电气,2024-06-15,0.66552657,-0.3997913,0.1603648,-0.21894091,0.43192703,-0.21827088,0,0.6655265688896179
297492925c5069c7640f6fa9,600023.SH,浙能电力,2024-06-15,-0.11470193,0.2900028,-0.13699777,-0.026437484,-0.29807317,0.12699246,1,0.2900027930736542
67e28e11cd6ee7b130621eac,601326.SH,秦港股份,2024-06-30,-0.093805216,0.14413549,-0.019072086,0.014512047,-0.21353927,0.061192445,1,0.1441354900598526
9ac34a3e37336a5725376a10,601579.SH,会稽山,2024-06-30,-0.13030548,0.0861252,-0.005123133,0.08543521,-0.16164452,0.060060125,1,0.0861252024769783
15ad6cbd4e83daaf679e2e51,601865.SH,福莱特,2024-04-05,0.08453629,-0.19947436,0.23257948,-0.060713526,0.09807959,-0.05450785,2,0.23257948458194733
cebf0ecdfb90aff584ebc547,603005.SH,晶方科技,2024-06-15,0.15358692,-0.3586237,0.048841693,-0.18907528,0.57427186,-0.17590019,4,0.5742718577384949
6f5c46f54559bfaf18b96256,603023.SH,威帝股份,2024-06-15,0.101994485,-0.05811683,-0.12953334,-0.15635684,0.26354802,-0.06079236,4,0.26354801654815674
49f30fdbe8afbacf2cbaf1fd,603069.SH,海汽集团,2024-06-15,-0.09729183,0.1768901,-0.12254793,0.001260831,-0.16656208,0.08303404,1,0.17689010500907898
c4765037127d9061e10302de,603099.SH,长白山,2024-06-15,-0.17912042,0.2247034,-0.11440385,0.04087498,-0.25853035,0.14046447,1,0.22470340132713318
4a0b4b882ba3e21e5c0f48ff,603100.SH,川仪股份,2024-06-15,0.14038393,-0.059327956,-0.06683336,-0.13446778,0.19625658,-0.070947066,4,0.1962565779685974
c4bc8e34475ce8e639ba9a6b,603111.SH,康尼机电,2024-06-15,0.19315621,-0.068277486,-0.052051783,-0.20277198,0.24931361,-0.071760155,4,0.2493136078119278
880769229c9c1696a584cfa0,603117.SH,万林物流,2024-06-15,-0.15298486,0.23298052,-0.0135807125,0.052894615,-0.31600454,0.0950242,1,0.23298051953315735
5886bf3c12f648ab7ca6d7de,603158.SH,腾龙股份,2024-06-30,0.2986976,-0.4588338,0.20430265,-0.29107717,0.6040728,-0.1965942,4,0.6040728092193604
ee484c5c4838121e03b415c9,603609.SH,禾丰股份,2024-06-30,-0.12028042,0.061011575,0.032448985,0.13728438,-0.20290524,0.040394515,3,0.13728438317775726
558b2bc4e23f6db712cdfa1f,603979.SH,金诚信,2024-06-15,-0.024224887,0.13921432,-0.037588477,-0.055294134,-0.13164248,0.046325702,1,0.13921432197093964
b1307331c45d5217f53dca39,002739.SZ,万达电影,2024-06-30,-0.2670102,0.40674734,-0.27885753,0.05728314,-0.34279707,0.17161304,1,0.40674734115600586
537c8ac9b590b7188a06f5d7,002757.SZ,南兴股份,2024-06-30,0.20258087,-0.2573642,0.1498283,-0.23817034,0.3758893,-0.08863934,4,0.37588930130004883
942c015d20161812c9dbd975,002779.SZ,中坚科技,2024-06-15,0.011875389,0.009890503,0.008369592,-0.059210986,0.021778109,0.004571365,4,0.021778108552098274
e96e7cac416efd43a6c08563,002796.SZ,世嘉科技,2024-06-15,0.24997555,-0.2821803,0.14333552,-0.24361648,0.42793885,-0.14085089,4,0.427938848733902
ec4238a4b1a4b5dc8c3c14bd,002798.SZ,帝欧家居,2024-06-15,-0.1460463,0.11461398,0.030185789,0.025697028,-0.15865952,0.10020734,1,0.11461398005485535
9dad5b63f0c9db1e41a8f7fb,002800.SZ,天顺股份,2024-06-15,-0.13894963,0.25698364,-0.09593519,0.015149832,-0.28001368,0.088741906,1,0.2569836378097534
9687d744f142593daa16d4ce,002802.SZ,洪汇新材,2024-06-30,0.04555355,-0.40565127,0.6814694,0.014429703,0.009426719,-0.10228164,2,0.6814693808555603
11e38eed1c6a8069e8be71ac,300393.SZ,中来股份,2024-06-15,0.23446251,-0.32577178,0.35352615,-0.16204137,0.2825196,-0.13467546,2,0.35352614521980286
d1fc32cfb494357a24062729,300409.SZ,道氏技术,2024-06-15,0.5555231,-0.51521647,0.46691528,-0.096275,0.2529445,-0.18811528,0,0.5555230975151062
4d4a15f42b36911435012346,300411.SZ,金盾股份,2024-06-15,0.2959553,-0.11757821,-0.0055071693,-0.31457263,0.3806969,-0.12409451,4,0.3806968927383423
eebd5c4765d38ea6d45846cd,300421.SZ,力星股份,2024-06-15,0.22063683,-0.4367901,0.34671983,-0.18364643,0.3602522,-0.15388785,4,0.3602522015571594
147220d0d50775e1a996b108,300430.SZ,诚益通,2024-06-15,0.02146505,0.030714326,-0.12987971,0.1733849,0.053906083,-0.07549363,3,0.1733849048614502
02fb7931c77f6c1bc0a7dc24,300435.SZ,中泰股份,2024-06-15,0.12083192,-0.12810208,0.16522966,-0.10468238,0.08882235,-0.090887204,2,0.1652296632528305
33922bec928d36ffd6321cc2,300436.SZ,广生堂,2024-06-15,-0.20030582,0.024918033,-0.10261799,0.6305847,-0.22745259,-0.008552663,3,0.630584716796875
0bfeb4584e52d48a21eab598,300437.SZ,清水源,2024-06-15,0.0042629475,-0.07837626,0.2904321,0.14480911,-0.1319092,-0.06005177,2,0.2904320955276489
015050665e307d4b4f419eb8,300438.SZ,鹏辉能源,2024-06-15,0.5847888,-0.3325133,0.12788835,-0.15069474,0.31842178,-0.14556634,0,0.5847887992858887
dee7b99d2d9af587ad49786c,300467.SZ,迅游科技,2024-06-15,-0.13909905,0.42206872,-0.34303695,0.020032698,-0.20507431,0.076781824,1,0.42206871509552
620809c4fcb50fdf10af1e03,300475.SZ,香农芯创,2024-06-15,0.16241989,-0.28260466,0.00030872412,-0.17281634,0.51836914,-0.17408,4,0.5183691382408142
7ec40b3f58ca3c3af3e0a12e,300491.SZ,通合科技,2024-06-15,0.5754205,-0.25115728,-0.006232051,-0.20208791,0.3802601,-0.17329717,0,0.5754204988479614
e83140a9fcf287d0b74182ef,300501.SZ,海顺新材,2024-06-15,0.010929728,-0.22783661,0.22457518,0.16761069,0.10785457,-0.11348952,2,0.22457517683506012
070763b633922e5c2d5c66bd,300505.SZ,川金诺,2024-06-15,0.034879528,-0.1717454,0.23329401,0.0709511,-0.014809679,-0.04888757,2,0.23329401016235352
04520f509c1760170c4ae079,300521.SZ,爱司凯,2024-06-30,0.1350769,-0.21391942,0.076613456,-0.06345059,0.36710653,-0.16051176,4,0.36710652709007263
12c007e2c925221c4b477380,300536.SZ,农尚环境,2024-06-15,-0.11441094,0.22388321,-0.1236656,-0.0025634887,-0.19471289,0.083484985,1,0.22388321161270142
d4e651003e1262e8a0228f35,300579.SZ,数字认证,2024-06-15,-0.2038192,0.60767215,-0.476072,0.014007809,-0.2993812,0.08943612,1,0.6076721549034119
6a4a96ed2da4bc03346fad2d,300596.SZ,利安隆,2024-06-15,0.030331992,-0.3459146,0.45075193,0.054344453,0.08740451,-0.10113679,2,0.450751930475235
66bd5d576a07353728fb7afc,600909.SH,华安证券,2024-06-30,-0.23209184,0.3717706,-0.21384859,0.070433654,-0.3477695,0.13846286,1,0.37177059054374695
169a310d66a4dc862d763ff0,600958.SH,东方证券,2024-06-30,-0.21471225,0.3949921,-0.25853837,0.06559466,-0.33806622,0.16005646,1,0.3949921131134033
ad7b3e280088b6f71bb4300c,601198.SH,东兴证券,2024-06-30,-0.23328169,0.43534955,-0.28225487,0.06749217,-0.37251514,0.17075275,1,0.43534955382347107
17ad5191eed27fc233b15d5c,601211.SH,国泰海通,2024-04-05,-0.20108213,0.40458646,-0.29116195,0.0671136,-0.31647322,0.15299469,1,0.40458646416664124
94c573f966414a99e502ca9b,601226.SH,华电科工,2024-06-30,0.1361255,0.121563196,-0.059537414,-0.19320127,-0.011952059,0.068524525,0,0.13612550497055054
7da8d511fe5913325f33c234,601595.SH,上海电影,2024-06-30,-0.2668021,0.36784786,-0.23986684,0.06312066,-0.325473,0.1733475,1,0.36784785985946655
228185ba9aeb98118f6cd3d5,601689.SH,拓普集团,2024-03-25,0.2314404,-0.28198326,0.07330854,-0.35876554,0.49456415,-0.07751568,4,0.49456414580345154
4f27a2ea756396df48bc6c06,603010.SH,万盛股份,2024-06-30,0.088628635,-0.48855686,0.7219105,-0.0013105944,0.10148943,-0.13313513,2,0.7219104766845703
b09d730078ef646952553e8f,603030.SH,全筑股份,2024-06-15,-0.10725484,0.25722304,-0.13433504,-0.04656396,-0.2118043,0.13550682,1,0.2572230398654938
7cc44a4e30a1c9234e8f1026,603227.SH,雪峰科技,2024-06-15,-0.051963054,-0.030788759,0.23617648,0.06830492,-0.15256159,-0.024215586,2,0.2361764758825302
b7cbe133e1d723826df6a2bd,603309.SH,维力医疗,2024-06-15,-0.060221452,-0.108067274,-0.03433757,0.4659583,0.03616899,-0.07432455,3,0.46595829725265503
6b64bbd8fd6728d043468961,603355.SH,莱克电气,2024-06-15,-0.04707738,0.027446192,-0.0031621177,-0.021572381,0.030150436,0.040913694,5,0.040913693606853485
c880e668a53c503dd053bb4c,603389.SH,*ST亚振,2024-06-30,-0.18389183,0.11407854,0.07465124,0.0700174,-0.21350794,0.12849641,5,0.12849640846252441
65b0e9aa9d71f5594105feb7,603611.SH,诺力股份,2024-04-05,0.2804827,-0.09259908,-0.012578199,-0.22404516,0.28165868,-0.06922465,4,0.28165867924690247
ebc886950dfc9bf8559bd2fc,603701.SH,德宏股份,2024-06-30,0.2836782,-0.43152696,0.15123734,-0.26162338,0.58712596,-0.17678913,4,0.5871259570121765
ff53d33288ccba1529eadc93,603788.SH,宁波高发,2024-06-30,0.2581849,-0.30797,0.031618185,-0.27491206,0.53148353,-0.12298408,4,0.53148353099823
4c610069e6ef677309f599ea,603789.SH,*ST星农,2024-06-15,-0.045153223,-0.04832878,0.12403713,0.10269034,-0.107421875,-0.0028839693,2,0.12403713166713715
f4bce65bd857c5d699cd440e,603818.SH,曲美家居,2024-06-15,-0.17641973,0.17467129,0.007747216,0.042568844,-0.21443239,0.13138108,1,0.17467129230499268
aa6b8616faa99c28c9de9544,603828.SH,ST柯利达,2024-04-05,-0.05756844,0.18649621,-0.07288268,-0.13555267,-0.11541603,0.07792306,1,0.18649621307849884
b38d81b4079705f5165f5052,603843.SH,*ST正平,2024-04-05,-0.062240228,0.19550785,-0.0945638,-0.045222845,-0.16186938,0.059274122,1,0.19550785422325134
d935b9b6d3212d2890407fb9,603860.SH,中公高科,2024-06-15,-0.02690813,0.41590834,-0.33004522,-0.120751835,-0.11292039,0.037996944,1,0.4159083366394043
ea9abf0eff3a7cb12216631d,603889.SH,新澳股份,2024-06-15,-0.07534219,-0.09976702,0.27789962,0.09111476,-0.13148169,0.011496248,2,0.2778996229171753
7692b3fe61e6b6d3e899a5a9,603899.SH,晨光股份,2024-06-15,-0.2278298,0.16738714,-0.03610668,0.12632197,-0.23784132,0.117609784,1,0.16738714277744293
be88cf91303a00484efa10cd,603988.SH,中电电机,2024-06-15,0.7855344,-0.44105884,0.29180992,-0.344541,0.39091912,-0.18666938,0,0.7855343818664551
cb95f649af5371380f90b116,603997.SH,继峰股份,2024-06-15,0.07466155,-0.24551919,0.07644781,-0.21319884,0.385695,-0.04398364,4,0.3856950104236603
75ca657e0cc20a3fea508a27,002730.SZ,电光科技,2024-06-15,0.291605,-0.1840396,0.037354358,-0.18189551,0.330775,-0.13607962,4,0.3307749927043915
9b4d2622ab180d30a565763d,002732.SZ,燕塘乳业,2024-06-15,-0.17981388,0.15368989,-0.03517344,0.116949625,-0.24446796,0.09787957,1,0.1536898910999298
8087b408259648247bb7888c,002735.SZ,王子新材,2024-06-15,0.073882386,-0.3221714,0.34117568,-0.09544004,0.21756849,-0.09855265,2,0.3411756753921509
9027d3e1be932370cc0d7298,002742.SZ,*ST三圣,2024-06-30,-0.014907927,-0.14496809,0.21539791,0.11336923,-0.060513474,-0.024832476,2,0.215397909283638
7e0ad88a16ff596e3cebc437,002761.SZ,浙江建投,2024-06-30,-0.13291946,0.47327727,-0.22336885,-0.15403497,-0.34364903,0.20100248,1,0.4732772707939148
79eb68acf256b84c0fbfa992,002767.SZ,先锋电子,2024-06-15,0.16541171,0.07404982,-0.099396035,-0.11980708,0.1300663,-0.04759294,0,0.16541171073913574
c6c182e8ce85535d4c225b33,002768.SZ,国恩股份,2024-06-15,0.16804317,-0.43866506,0.46421173,-0.12385364,0.26049885,-0.14247084,2,0.46421173214912415
950f0a3a883c645dc854cd92,002771.SZ,真视通,2024-06-30,-0.12702969,0.6132568,-0.5759162,-0.11061433,-0.17833905,0.12201246,1,0.6132568120956421
5ee5856d665a1531ab387314,002786.SZ,银宝山新,2024-06-30,0.22471668,-0.4367081,0.24288972,-0.24849004,0.5042326,-0.14235406,4,0.5042325854301453
bc302da8d07b5a971bf4fd53,002791.SZ,坚朗五金,2024-06-15,0.0789352,-0.123791315,0.122529455,-0.111020505,0.14380826,-0.040950004,4,0.1438082605600357
7f38e75de484b81774ed0308,002818.SZ,富森美,2024-06-30,-0.115806006,0.12529834,-0.065000445,0.04255189,-0.14024097,0.06918091,1,0.12529833614826202
759d02c54db9d85c91f6b4da,300384.SZ,三联虹普,2024-06-15,0.021428708,-0.08445533,0.20686723,-0.05385262,0.029863074,-0.07674047,2,0.20686723291873932
72e036ff4bf198d3dc143aa4,300398.SZ,飞凯材料,2024-06-15,0.14107506,-0.54834145,0.5063884,-0.044410676,0.405392,-0.21526217,2,0.5063884258270264
b1df7156bb2a6ec99284225d,300406.SZ,九强生物,2024-06-15,-0.08845264,0.0001223844,-0.07658414,0.5360995,-0.08535001,-0.06458199,3,0.5360994935035706
24c0d2729afe7fd7816650a3,300415.SZ,伊之密,2024-06-15,0.32357466,-0.45138487,0.24433538,-0.24391584,0.5582445,-0.20981169,4,0.558244526386261
1476dbb12e6eaf2d5531612f,300417.SZ,南华仪器,2024-06-15,0.05148005,0.02549165,-0.087883644,-0.051739488,0.087263525,-0.05074846,4,0.08726352453231812
cb0fcfb363d7c7dd3fd1b191,300441.SZ,鲍斯股份,2024-06-15,0.17389515,-0.21968837,0.108956754,-0.09291851,0.23703218,-0.11492206,4,0.23703217506408691
ee9816ac293b710cfc5613ea,300443.SZ,金雷股份,2024-06-15,0.6456324,-0.48026225,0.38680112,-0.21635199,0.31782362,-0.1989598,0,0.6456323862075806
09fd6040c306e724a639ad2d,300448.SZ,浩云科技,2024-06-15,-0.06956892,0.45057166,-0.44326675,0.015127538,-0.06746562,0.00452308,1,0.4505716562271118
5e6cc3530d78f810d2f983a4,300449.SZ,汉邦高科,2024-06-15,-0.0599744,0.38541117,-0.37945706,-0.028841563,-0.06478438,0.0093154535,1,0.38541117310523987
cbb1654d4233789c570d526a,300452.SZ,山河药辅,2024-06-15,-0.10872219,-0.2018941,0.18249157,0.46935976,-0.06598331,-0.0938362,3,0.46935975551605225
6f5d31a6202ddf7cbc36878c,300455.SZ,航天智装,2024-06-15,0.06641292,0.06642076,-0.14483716,-0.11782403,0.18073408,-0.07690541,4,0.1807340830564499
704876aaa4d6dc20a76581c2,300463.SZ,迈克生物,2024-06-15,-0.08369419,0.041978948,-0.1937905,0.44884872,-0.0068928744,-0.0555327,3,0.4488487243652344
1533ed793ecc58214e5b0757,300511.SZ,雪榕生物,2024-06-30,-0.09597114,0.0045818277,0.07704605,0.16243711,-0.1407108,0.018865738,3,0.16243711113929749
ef19fa053e29cfa9aa841610,300513.SZ,恒实科技,2024-06-15,0.022238677,0.061035365,-0.071284495,-0.022989526,0.0010470286,-0.0066849124,1,0.061035364866256714
df34fd578391dc9da6f35d09,300523.SZ,辰安科技,2024-06-15,-0.15477718,0.59777653,-0.4705923,-0.0563208,-0.21530174,0.097661145,1,0.5977765321731567
22c0c153b901e434b70507f4,300530.SZ,领湃科技,2024-06-15,0.40148646,-0.18305525,0.1251296,-0.12580384,0.078335285,-0.080023535,0,0.40148645639419556
db0e4c68a39091f9c62fec93,600959.SH,江苏有线,2024-06-15,-0.18446875,0.37224182,-0.23335914,0.0151289925,-0.32392222,0.14750428,1,0.3722418248653412
a6678821404f322d0666b7d3,601021.SH,春秋航空,2024-04-05,-0.13690655,0.19744444,-0.12831411,0.014983039,-0.1879163,0.118957885,1,0.19744443893432617
8dd8a05a50204b1dadde1783,601828.SH,美凯龙,2024-06-30,-0.15060283,0.22235726,-0.14480382,0.02472382,-0.20474036,0.11947063,1,0.22235725820064545
a8221d2f3332bc9bb170c50d,603011.SH,合锻智能,2024-06-15,0.25933135,-0.3865385,0.24333687,-0.22061355,0.41685215,-0.17208445,4,0.4168521463871002
0ce57b1b116be2bcdd36450e,603013.SH,亚普股份,2024-06-15,0.18244122,-0.31939065,0.11224339,-0.2696433,0.44085738,-0.092637256,4,0.4408573806285858
0d49ae169373557748202329,603015.SH,弘讯科技,2024-06-15,0.70469964,-0.35921723,0.08548493,-0.24687831,0.45934713,-0.19854325,0,0.7046996355056763
77a2c79441ce986a4f22ad4a,603101.SH,汇嘉时代,2024-06-15,-0.22813013,0.31796366,-0.17513514,0.040115703,-0.32764542,0.14741759,1,0.3179636597633362
15f9beab775b2c1787c8ec70,603116.SH,红蜻蜓,2024-06-30,-0.24153955,0.21278666,-0.07318038,0.08940056,-0.26728642,0.16262789,1,0.21278665959835052
182e8391b2848253009f2ca4,603188.SH,亚邦股份,2024-06-30,-0.026004456,-0.17409681,0.32535812,0.11715418,-0.09253082,-0.033076234,2,0.325358122587204
9c99034ef4579954cba5e784,603318.SH,水发燃气,2024-06-30,-0.056784716,0.09726543,-0.048338417,-0.019309403,-0.11549891,0.057840504,1,0.09726542979478836
66bdc181d51cf79cbb6aa2f1,603320.SH,迪贝电气,2024-06-15,0.7004912,-0.4375521,0.2500915,-0.2513454,0.4129643,-0.16588914,0,0.700491189956665
932f6980609d2a191b1b4ef6,603368.SH,柳药集团,2024-06-30,-0.19800636,0.25160053,-0.18902636,0.161591,-0.26762384,0.10576861,1,0.2516005337238312
7ea871d7742a51f08f39b808,603369.SH,今世缘,2024-06-30,-0.17053266,0.1509524,-0.045313835,0.098216936,-0.23490258,0.08550609,1,0.15095239877700806
a97a456f51671fa9e7171617,603383.SH,顶点软件,2024-06-15,-0.11130788,0.4433588,-0.3650453,0.016642677,-0.18714891,0.047360834,1,0.44335880875587463
bb3e83914fca6944c01285a3,603528.SH,多伦科技,2024-06-15,-0.094782874,0.5271042,-0.49145377,-0.107199,-0.101567775,0.069079034,1,0.5271041989326477
7b722fc5f1239afeead66ea3,603606.SH,东方电缆,2024-06-15,0.6598973,-0.14474604,0.11742272,-0.27622586,0.125045,-0.081434816,0,0.6598973274230957
096cfa5248c7d921307f2b27,603696.SH,安记食品,2024-06-15,-0.16523851,-0.059808373,0.15718032,0.37972045,-0.22852387,0.009655603,3,0.37972044944763184
2af0b7f22923661973ad42be,603698.SH,航天工程,2024-06-15,0.21121873,-0.17243724,0.22001018,-0.17023197,0.1584047,-0.09915949,2,0.2200101763010025
98e3cac589eb16ea473663a1,603726.SH,朗迪集团,2024-06-15,0.16573907,-0.37611583,0.38280776,-0.17308989,0.27232626,-0.12986508,2,0.38280776143074036
b06950cea435f0077ea900ad,603730.SH,岱美股份,2024-06-15,0.12880543,-0.20498466,-0.040484194,-0.2285505,0.43117708,-0.04134972,4,0.4311770796775818
4df4c463d65f5253611230d1,603866.SH,桃李面包,2024-06-15,-0.19797416,0.06724317,0.016472246,0.25879502,-0.22882554,0.07861292,3,0.25879502296447754
1e5762f55058e7360a81f610,603883.SH,老百姓,2024-06-15,-0.23282753,0.31569123,-0.228593,0.15926214,-0.32128617,0.16626754,1,0.3156912326812744
c899221791f758f77f60fe40,603959.SH,百利科技,2024-06-15,0.11856259,-0.14351128,0.18582228,-0.14716275,0.102432854,-0.06929554,2,0.1858222782611847
ee84e33804845fb7d09246f7,002729.SZ,好利科技,2024-06-15,0.26523593,-0.4140947,0.093990065,-0.19969396,0.6001643,-0.21793145,4,0.6001642942428589
085f4fca57a44d21f22045db,002733.SZ,雄韬股份,2024-06-15,0.1881009,-0.022055984,0.008906968,-0.06350966,0.0076051373,-0.015165675,0,0.1881009042263031
f8cb72ea4bc292e98de11075,002737.SZ,葵花药业,2024-06-15,-0.22306995,0.11105658,-0.11203495,0.3752494,-0.26917118,0.07305257,3,0.37524938583374023
8c45817cfe395aaa55380996,002741.SZ,光华科技,2024-06-30,0.17610368,-0.34124207,0.45944828,-0.12409997,0.16343495,-0.12629418,2,0.45944827795028687
cdb015ec1a61eede8dcddd7a,002747.SZ,埃斯顿,2024-06-15,0.29393038,-0.30145803,0.06593231,-0.23813759,0.47210267,-0.14340575,4,0.47210267186164856
ab9aa26f8f3f9ae1bc3851e6,002749.SZ,国光股份,2024-06-30,-0.12749939,0.013687847,0.08791123,0.29540792,-0.2251603,0.024254143,3,0.2954079210758209
66c9b226347790db85dcf900,002755.SZ,奥赛康,2024-06-30,-0.2546513,0.06024487,-0.11643688,0.6782919,-0.29056808,0.036094896,3,0.678291916847229
eb0b97e48d8bf6297816eee1,002763.SZ,汇洁股份,2024-06-15,-0.22874676,0.19661057,-0.0971351,0.09034929,-0.22009575,0.14476714,1,0.19661056995391846
40335019e2a78747ef7358b0,002766.SZ,索菱股份,2024-06-15,0.19003758,-0.14471774,-0.19279473,-0.24357583,0.5251303,-0.104711965,4,0.5251302719116211
b05d96e51242cad2cf9dbf93,002775.SZ,文科股份,2024-06-30,-0.20789438,0.561306,-0.31269255,-0.09017709,-0.40156257,0.20409288,1,0.5613059997558594
d8ee129c8fe8702c95f8094a,002780.SZ,三夫户外,2024-06-30,-0.26774427,0.31908083,-0.17495915,0.107460044,-0.33777454,0.14195347,1,0.31908082962036133
dfb602dfea915eef4cbb823c,300374.SZ,中铁装配,2024-06-15,-0.05417236,0.12394541,0.018419717,-0.09027025,-0.11592573,0.06201005,1,0.12394540756940842
84e2a9b2ad1ad0782c9c9a2f,300407.SZ,凯发电气,2024-06-15,0.35324,0.1674627,-0.226643,-0.1523302,0.020733355,0.006308295,0,0.3532400131225586
6ad162e9c8f0739558494df5,300418.SZ,昆仑万维,2024-06-15,-0.1792458,0.3842689,-0.3402905,0.055474002,-0.19970006,0.09702484,1,0.3842689096927643
cf1fdf03392a364eb3650450,300424.SZ,航新科技,2024-06-15,-0.043391343,0.20747417,-0.25234312,-0.08073571,0.02427414,0.021303486,1,0.20747417211532593
182feff234692367aa4942b1,300429.SZ,强力新材,2024-06-15,0.09527364,-0.46589375,0.4626299,-0.038064726,0.3101392,-0.18757352,2,0.46262991428375244
7fe498f1ab16028a13d5651a,300440.SZ,运达科技,2024-06-15,-0.001289241,0.106951065,-0.11853491,-0.051223613,-0.0017198866,-0.0013575302,1,0.10695106536149979
7778dd613c957a50e9d1d070,300464.SZ,星徽股份,2024-06-15,-0.13781068,0.1839108,-0.21835722,0.03790403,-0.04389211,0.102706775,1,0.1839108020067215
72903df31d04c0dbaf1b19ee,300465.SZ,高伟达,2024-06-15,-0.14809713,0.54228806,-0.44261873,0.019018352,-0.2154079,0.079272576,1,0.542288064956665
35c29f7fb70222dd5a015080,300466.SZ,赛摩智能,2024-06-15,0.18898962,-0.009841158,-0.051330708,-0.13578779,0.15381294,-0.09143637,0,0.18898962438106537
b9d1e71881b07e93de897169,300469.SZ,信息发展,2024-06-15,-0.20624247,0.59437263,-0.48000818,0.029002411,-0.25472158,0.09856134,1,0.5943726301193237
1f165277f287a6cf7d0ba62e,300479.SZ,神思电子,2024-06-30,0.04731211,0.26195988,-0.38107598,0.0015357637,0.111708246,-0.05600701,1,0.26195988059043884
2eb62a25fa06d29fcaddf1ce,300492.SZ,华图山鼎,2024-06-15,-0.12990761,0.39542934,-0.25157708,-0.058689956,-0.2583655,0.116197705,1,0.3954293429851532
373993b2930d2a10a5a96f3f,300529.SZ,健帆生物,2024-06-15,-0.025780926,-0.17612664,0.08940119,0.50780857,0.012558732,-0.11815429,3,0.5078085660934448
cf57d5910c558ae862a0058b,300552.SZ,万集科技,2024-06-15,0.059547834,0.16542041,-0.28050894,-0.12894295,0.16536629,-0.053071447,1,0.16542041301727295
69c00a39212544ba5408ce0a,601015.SH,陕西黑猫,2024-06-30,-0.032802716,-0.025863638,0.10637677,0.01785291,-0.092373356,0.0086283805,2,0.1063767671585083
11ab49a91ce39393e42f32da,601069.SH,西部黄金,2024-06-30,-0.11269848,0.059384175,0.037895136,0.036576714,-0.16742347,0.044945754,1,0.05938417464494705
0793b14ed90b35e95e0c0876,601512.SH,中新集团,2024-06-30,-0.0750213,0.19552267,-0.09936966,-0.023543151,-0.18755667,0.09833533,1,0.19552266597747803
dd542e388302f1e089140f42,601811.SH,新华文轩,2024-06-30,-0.22173837,0.32943028,-0.19678456,0.04308354,-0.31585065,0.14017989,1,0.3294302821159363
79b4cddc7e860d946a4a451e,601882.SH,海天精工,2024-06-30,0.13335384,-0.21219605,0.09414343,-0.12716043,0.24583335,-0.08981682,4,0.2458333522081375
95778cdeb05571e688ae3d8f,601968.SH,宝钢包装,2024-06-30,-0.054492712,-0.14431295,0.30813873,0.027105873,-0.07276388,-0.0046437234,2,0.30813872814178467
d7af31f62dc5af9dc7a737a9,601985.SH,中国核电,2024-03-15,-0.10289675,0.2626101,-0.10773816,-0.037283175,-0.2711164,0.09427211,1,0.2626101076602936
29f6832bf4a3350165bbd549,603017.SH,中衡设计,2024-06-15,-0.08237888,0.4576563,-0.2297,-0.12430261,-0.29630238,0.14171922,1,0.45765629410743713
b6f33623d96880b5cd9a83f5,603025.SH,大豪科技,2024-06-30,0.10034255,-0.09815117,0.0026791622,-0.078931965,0.1639462,-0.06840611,4,0.16394619643688202
6985a6aeb0c3953cab67aca3,603031.SH,安孚科技,2024-04-05,0.22014023,-0.078613415,0.07979399,-0.0167981,-0.028364368,0.022124147,0,0.2201402336359024
90f10508afa23f0e128f7e28,603520.SH,司太立,2024-07-01,-0.16148429,-0.1518228,0.13921165,0.6090473,-0.18736877,-0.041636795,3,0.6090472936630249
9796cd53a237a50a3ba7d93e,603567.SH,珍宝岛,2024-06-30,-0.14668657,0.008835195,-0.019687332,0.3862074,-0.1991956,0.014432498,3,0.3862074017524719
b015ddc9c62a3b82ae6e4fe3,603608.SH,天创时尚,2024-06-30,-0.24416469,0.26446494,-0.13982567,0.0802625,-0.26939654,0.13179167,1,0.26446494460105896
d062678f5dea1ab1d5adb98d,603660.SH,苏州科达,2024-06-15,-0.05569119,0.38483098,-0.36718205,-0.06936167,-0.061579484,0.029921615,1,0.3848309814929962
7f68d1205157184eb5ce4745,603667.SH,五洲新春,2024-04-05,0.26933238,-0.4531838,0.26847222,-0.22701901,0.47401756,-0.16960396,4,0.47401756048202515
ad71872598240b27c58d47f0,603703.SH,盛洋科技,2024-06-15,0.24743243,-0.33279872,0.18686466,-0.22253765,0.41878945,-0.1547416,4,0.41878944635391235
de018f39493427839c741e5e,603779.SH,威龙股份,2024-06-15,-0.12916838,0.08844799,-0.0077951616,0.09628429,-0.16746186,0.05780378,3,0.09628429263830185
3ad6185537b5b9645c6bf08d,603798.SH,康普顿,2024-06-15,-0.028692067,-0.02891385,0.054664277,0.03399633,-0.027906703,-0.0062694456,2,0.05466427654027939
a46208c09f67b816fdf9f64e,603885.SH,吉祥航空,2024-06-15,-0.13187274,0.19195136,-0.12649834,0.019280571,-0.17967266,0.09152099,1,0.19195136427879333
55821f40ffef3b1228759af4,603901.SH,永创智能,2024-06-15,0.108681306,-0.27432257,0.14902425,-0.011924721,0.32562178,-0.13347867,4,0.3256217837333679
5fe08b7dd1ac190bdf67e040,603909.SH,建发合诚,2024-06-30,-0.15891899,0.502945,-0.3054854,-0.08976815,-0.34861088,0.15079647,1,0.5029450058937073
933316f7dc4ad8c7bba2f809,603918.SH,金桥信息,2024-06-15,-0.15843582,0.5995699,-0.53507805,-0.07940276,-0.18678072,0.1308468,1,0.5995699167251587
8bdbd182146b86689dc8e4c0,603969.SH,银龙股份,2024-06-30,0.075345896,-0.17545326,0.24596964,-0.07598404,0.03534828,-0.03455863,2,0.24596963822841644
157ffe897c735ff16e669f79,603998.SH,方盛制药,2024-06-15,-0.20635016,0.057918273,-0.08355004,0.49366212,-0.27129665,0.04906121,3,0.49366211891174316
9c2565b399509fbbff828f8e,603999.SH,读者传媒,2024-04-05,-0.19702318,0.26299018,-0.1516644,0.04476557,-0.2668333,0.11514336,1,0.26299017667770386
43bdd16cebdc29997339c577,002760.SZ,凤形股份,2024-06-15,0.22171634,-0.34268194,0.2509998,-0.20570686,0.32629582,-0.12717655,4,0.3262958228588104
259ad8606661b56ef3a23ae9,002762.SZ,*ST金比,2024-06-30,0.063863575,-0.28610006,0.3254575,-0.060345642,0.09800971,-0.07585269,2,0.32545751333236694
e0b355a7ea65d4f7c2f76829,002787.SZ,华源控股,2024-06-15,-0.03336535,-0.14240868,0.2936949,-0.0027845502,-0.058759224,-0.008281779,2,0.2936949133872986
d4c2b0fda57deeeedebaf559,002788.SZ,鹭燕医药,2024-06-30,-0.23179746,0.26497543,-0.14115089,0.17204992,-0.3227825,0.10188047,1,0.2649754285812378
6b05543cd610916bb2b3a222,002789.SZ,*ST建艺,2024-06-30,-0.16333511,0.33251888,-0.22488198,-0.026763184,-0.23883235,0.13659394,1,0.33251887559890747
f4d35722c02a086f40a7e604,002793.SZ,罗欣药业,2024-06-15,-0.23002051,0.059093583,-0.1006971,0.6666877,-0.30138633,0.022386227,3,0.6666877269744873
bebbf3e92fe417c882346d96,002806.SZ,华锋股份,2024-06-15,0.29058284,-0.54115,0.29004198,-0.26209515,0.61561155,-0.21553001,4,0.6156115531921387
cb75c66d118e5318414524c9,002819.SZ,东方中科,2024-06-30,0.0221182,0.16919427,-0.326457,-0.054473132,0.13271198,-0.01757316,1,0.1691942662000656
82a878463f61a9bb7da7b735,002822.SZ,ST中装,2024-06-15,-0.12144201,0.24899676,-0.1366364,-0.038625196,-0.21280526,0.12527946,1,0.248996764421463
c2a8b4ec88c917e37870b970,300432.SZ,富临精工,2024-06-15,0.2719915,-0.4204054,0.17314176,-0.24257353,0.5482166,-0.18422495,4,0.5482165813446045
b0be4a966fb7b788c9642b51,300471.SZ,厚普股份,2024-06-15,0.19599241,-0.018944839,-0.014770888,-0.15139027,0.15232952,-0.07578595,0,0.19599241018295288
fa6fe279f5ccd38c698eb3c8,300472.SZ,*ST新元,2024-06-30,0.2314271,-0.2920085,0.1671064,-0.18511073,0.37188584,-0.16008088,4,0.37188583612442017
b69912668e9d988b42079e8b,300478.SZ,杭州高新,2024-06-15,0.22698978,-0.28032756,0.2677863,-0.17919971,0.22251081,-0.13079849,2,0.26778629422187805
676ecc746181d321e39c2119,300480.SZ,光力科技,2024-06-15,0.19105516,-0.11220136,-0.043575488,-0.08956207,0.2786086,-0.1336868,4,0.2786085903644562
c571340e45953ba180fcdc9b,300484.SZ,蓝海华腾,2024-06-15,0.7152964,-0.30904755,-0.06129419,-0.29274666,0.50678486,-0.19576487,0,0.7152963876724243
0b44f6febdb640f0824de0a5,300486.SZ,东杰智能,2024-06-15,0.06145239,0.050825607,-0.1247479,-0.07736248,0.076512605,0.03159444,4,0.07651260495185852
a31dac782f9051a4bd1dab74,300489.SZ,光智科技,2024-06-15,0.29084748,-0.4598177,0.19696176,-0.13069363,0.58056355,-0.25081834,4,0.5805635452270508
3192ce6353e718ccd7de979f,300490.SZ,华自科技,2024-06-15,0.18993025,0.092485055,-0.19867796,-0.11208919,0.1453287,-0.061682165,0,0.1899302452802658
c054cac97eb010cadf312925,300494.SZ,盛天网络,2024-06-15,-0.17367469,0.34829873,-0.29166487,0.06757189,-0.21235654,0.09334159,1,0.34829872846603394
29e83509871c9eef5e4d8a84,300496.SZ,中科创达,2024-06-15,0.014459285,0.2690427,-0.40182525,-0.16120091,0.18477975,-0.054764487,1,0.2690427005290985
8232d1ac48429e91b5347c17,300522.SZ,世名科技,2024-06-15,0.026630335,-0.23863207,0.31041542,0.041063704,0.054748934,-0.08234678,2,0.3104154169559479
b62bb14efd8032c1e628a6fc,300534.SZ,陇神戎发,2024-06-15,-0.16676883,0.02307699,-0.033579607,0.37299737,-0.19926056,0.017295495,3,0.37299737334251404
2d9aada0a634a9b31e4b3c7a,300535.SZ,达威股份,2024-06-15,0.024677845,-0.33225995,0.5408417,0.09616039,0.022617564,-0.12572396,2,0.5408416986465454
cbd4b74b5c7de93fef1be06e,300547.SZ,川环科技,2024-06-15,0.21212609,-0.40636864,0.22912699,-0.2001067,0.4824193,-0.2022735,4,0.48241931200027466
d1dfbff390cb955f8090e187,300555.SZ,ST路通,2024-06-30,0.10756864,0.084989764,-0.16532129,-0.07404517,0.10066307,-0.059987172,0,0.1075686365365982
57bd35abd4baf7ebba8efb56,300559.SZ,佳发教育,2024-06-15,-0.01994094,0.06335264,-0.06017558,-0.0016072468,-0.027395936,0.0062195547,1,0.06335263699293137
c379f8a92a15fa6f6afc454a,300806.SZ,斯迪克,2024-06-15,0.17850667,-0.4238156,0.31540534,-0.13398388,0.40870267,-0.18518472,4,0.40870267152786255
28a8811f71df4457448b2715,600939.SH,重庆建工,2024-06-15,-0.13833559,0.42241526,-0.2289271,-0.111982584,-0.32173675,0.17419782,1,0.42241525650024414
60ea5eca1a255afaacd99942,601500.SH,通用股份,2024-06-30,0.059720162,-0.28219792,0.3390077,-0.0775971,0.16623029,-0.06215735,2,0.339007705450058
1baf452d78cbe89b5febace3,603012.SH,创力集团,2024-06-15,0.26056024,-0.068098515,0.038638722,-0.14981733,0.18614736,-0.061015774,0,0.2605602443218231
8564232ccf7013198ed74721,603021.SH,ST华鹏,2024-06-30,0.1582011,-0.18579873,0.19754866,-0.14494097,0.12917459,-0.0817978,2,0.19754865765571594
a38fa4462631e54147d7fe1a,603090.SH,宏盛股份,2024-06-15,0.33760428,-0.46397743,0.3664934,-0.26118913,0.4639658,-0.19698459,4,0.4639658033847809
42170f192ce57ff12747ed67,603118.SH,共进股份,2024-06-15,0.100673966,0.05407718,-0.18047822,-0.15113266,0.22450504,-0.049445845,4,0.22450503706932068
2aa67e4dd8848c3f33158660,603160.SH,汇顶科技,2024-06-30,0.11521217,-0.15188321,-0.16238888,-0.15903121,0.48628038,-0.1440267,4,0.4862803816795349
ac525e49b9af56d4a1298671,603421.SH,鼎信通讯,2024-06-30,0.1528437,0.1775976,-0.22102386,-0.105475575,0.09178561,-0.044321395,1,0.17759759724140167
b9e6c449e193c0c8982e458d,603515.SH,欧普照明,2024-06-15,-0.049826264,0.06928924,-0.052868005,-0.039310828,0.016808987,0.063902065,1,0.06928923726081848
b288ae6af9c7d0354e9057df,603556.SH,海兴电力,2024-06-15,0.13692334,0.17291485,-0.22449155,-0.11263326,0.079132654,-0.023333538,1,0.17291484773159027
d9e6700c7a40f4fc4d602250,603558.SH,健盛集团,2024-06-15,-0.088581786,-0.021281125,0.14009711,0.06504656,-0.08398318,0.02891568,2,0.14009711146354675
e6c8472abc25d74e2e3b6829,603569.SH,长久物流,2024-06-15,-0.042933807,0.07770882,-0.049442578,-0.017579066,-0.070501305,0.03709481,1,0.07770881801843643
d82bf31a171b40eff36bc79a,603588.SH,高能环境,2024-06-15,-0.15666427,0.41010156,-0.11720412,-0.03310764,-0.379565,0.12565248,1,0.4101015627384186
d6fc5482cc780742d3713a51,603612.SH,索通发展,2024-06-30,0.10155127,-0.24422841,0.36433962,-0.050902393,0.03791438,-0.06534231,2,0.3643396198749542
f9a4ebbe0b07fa0222efe159,603618.SH,杭电股份,2024-06-15,0.64253205,-0.33730358,0.2398736,-0.26229024,0.23021671,-0.13467309,0,0.6425320506095886
9f4902a3715705df0fdcaf50,603636.SH,南威软件,2024-06-15,-0.15940554,0.55919677,-0.4413587,-0.027389454,-0.23961711,0.09653459,1,0.5591967701911926
70759d87f5cb80c95a9c7033,603663.SH,三祥新材,2024-06-15,0.15176706,-0.39230996,0.421374,-0.08634081,0.19080076,-0.13385881,2,0.42137399315834045
6e011b936ca6411e9e90c5ec,603816.SH,顾家家居,2024-06-15,-0.20183177,0.16138393,0.007521309,0.049922872,-0.20861498,0.13787359,1,0.16138392686843872
09c708db5c01e769653e35d5,603868.SH,飞科电器,2024-06-15,-0.078773424,0.10214436,-0.122816205,0.0136334095,0.00070030615,0.08322069,1,0.10214436054229736
ab9e7e15daa8ecfbe477c4a6,603887.SH,城地香江,2024-06-15,-0.06802885,0.5174476,-0.38883248,-0.11923854,-0.20561725,0.13671663,1,0.5174475908279419
8a6fc879e2a177e2c39ddc32,603898.SH,好莱客,2024-06-30,-0.12817323,0.12900148,0.059825093,0.0071925335,-0.17745522,0.11903229,1,0.12900148332118988
7e1e509d40142b992d1b252a,603919.SH,金徽酒,2024-06-30,-0.13569671,0.07864048,0.007237952,0.097463034,-0.17651787,0.046540406,3,0.09746303409337997
fd9b43a7fb0a860e80c6ac26,603986.SH,兆易创新,2024-06-15,0.14677957,-0.24275051,-0.068022504,-0.15255088,0.5066659,-0.15000062,4,0.5066658854484558
5f77381149e6502dc7fff02f,002753.SZ,永东股份,2024-06-30,0.02056833,-0.18373942,0.4040978,-0.00042781886,-0.09710337,-0.035602767,2,0.4040977954864502
da63df3f15aaf55c14e190de,002758.SZ,浙农股份,2024-06-30,-0.08197912,0.09520604,-0.04386538,0.064532,-0.13240439,0.04527769,1,0.09520603716373444
8cb641e51d2ffdfd58d9f405,002759.SZ,天际股份,2024-06-15,0.63929224,-0.5586097,0.37867185,-0.23281877,0.40844706,-0.20455754,0,0.6392922401428223
88dd5685918794410ad01e5f,002790.SZ,瑞尔特,2024-06-15,0.061483566,-0.12668002,0.12363742,-0.07993461,0.16641916,-0.067828864,4,0.1664191633462906
81ff64aa7f0e6a3d7d1da66f,002795.SZ,永和智控,2024-06-15,0.17267127,-0.35258132,0.2823186,-0.12466393,0.32713482,-0.12097789,4,0.3271348178386688
7f1bb28c1f7547b41d6f1bc5,002797.SZ,第一创业,2024-06-30,-0.22423805,0.40077984,-0.28561556,0.07112539,-0.32303485,0.15386969,1,0.4007798433303833
8f742f19b5ad94eb2b73010a,002809.SZ,红墙股份,2024-06-30,-0.025330247,-0.24005339,0.5890312,0.073755376,-0.1607987,-0.016716447,2,0.5890312194824219
0cd1f3323e3393fe68bd7ab2,002811.SZ,郑中设计,2024-06-30,-0.11693609,0.25545955,-0.18302125,-0.018370576,-0.16809921,0.112449035,1,0.2554595470428467
ce8aed5f496dc57578520423,002817.SZ,黄山胶囊,2024-06-15,-0.115472004,-0.2309923,0.18586293,0.47910786,-0.039285105,-0.09640299,3,0.4791078567504883
d2d3fae94e2d8c1841c214cc,002821.SZ,凯莱英,2024-03-15,-0.14423797,-0.0031100921,0.019467723,0.35759863,-0.16562492,0.025370559,3,0.3575986325740814
2c2ec87921d07e3e16aa45c6,002832.SZ,比音勒芬,2024-06-15,-0.23731032,0.22774512,-0.11415561,0.07991059,-0.24660926,0.15790997,1,0.22774511575698853
6b6f2e5bbfc023d07a25fa14,002923.SZ,润都股份,2024-06-15,-0.20967196,-0.003663959,-0.04506435,0.6580843,-0.2607658,0.01903765,3,0.6580842733383179
3adbe9bc5662c5bc986cb81d,002979.SZ,雷赛智能,2024-06-30,0.29928124,-0.26823878,-0.07026718,-0.2222631,0.56150186,-0.17606655,4,0.5615018606185913
a1dd8f73fb703743203014b2,300410.SZ,正业科技,2024-06-15,0.32295007,-0.3427708,-0.008708881,-0.20858312,0.629315,-0.23148288,4,0.6293150186538696
8d009f7af968d641b6d1213e,300414.SZ,中光防雷,2024-06-15,0.24390258,-0.17832509,-0.022545215,-0.15982886,0.3802916,-0.1659635,4,0.380291610956192
365af07a6982791e484c67f2,300425.SZ,中建环能,2024-06-15,0.033887282,0.12182745,0.030365082,-0.071848854,-0.094699994,-0.016355937,1,0.12182745337486267
2575fcca240d83c444d779cc,300433.SZ,蓝思科技,2024-06-15,0.17682634,-0.36771184,0.08892907,-0.20333365,0.53707755,-0.16633874,4,0.5370775461196899
0d68a859ba9e8e00e5acd32d,300453.SZ,三鑫医疗,2024-06-15,-0.06794419,-0.15016784,0.057490006,0.41695213,0.014913775,-0.09642792,3,0.41695213317871094
b67440f112ed07dd85f89a24,300460.SZ,ST惠伦,2024-06-15,0.24950936,-0.45566761,0.09795476,-0.1503716,0.6600343,-0.24874264,4,0.6600342988967896
acaa404bc1b86d1e2c10e8c5,300462.SZ,ST华铭,2024-06-15,-0.037816238,0.332099,-0.35815528,-0.09497629,-0.017007846,0.03950249,1,0.33209899067878723
f4644c6b90774cc81cecb10d,300470.SZ,中密控股,2024-06-15,0.21546522,-0.2778219,0.13140436,-0.1531099,0.36097687,-0.16771777,4,0.3609768748283386
c0ebc6d384f8a3e92644102e,300500.SZ,启迪设计,2024-06-15,-0.077082895,0.4586202,-0.2826649,-0.11216653,-0.22901474,0.12256724,1,0.45862019062042236
3ceadfa403b4c367bfd600a0,300506.SZ,ST名家汇,2024-06-30,-0.10620293,0.46445844,-0.3390235,-0.13232516,-0.2126751,0.116071515,1,0.4644584357738495
1599e6cb9e6531ab1b8233be,300512.SZ,中亚股份,2024-06-15,0.085414544,-0.30610406,0.17806868,0.056742094,0.31393307,-0.16356096,4,0.3139330744743347
1d35748f8262319bacd53f88,300517.SZ,海波重科,2024-06-30,0.03906214,0.1260315,0.012422375,-0.16206363,-0.062227216,0.0074188225,1,0.12603150308132172
969c86a4156d5ebb6bbbe2cc,300518.SZ,新迅达,2024-06-15,0.13039774,-0.106811516,-0.0025783833,-0.14993282,0.19647065,-0.052744187,4,0.19647064805030823
85769c1d945cad5d4c661a94,300519.SZ,新光药业,2024-06-15,-0.20433174,0.039162792,-0.01697959,0.5052544,-0.27860177,0.031208506,3,0.5052543878555298
bce95a3d00896378309091b6,300533.SZ,冰川网络,2024-06-15,-0.21151155,0.35332942,-0.21373765,0.041777156,-0.26578602,0.15780182,1,0.3533294200897217
a313a4005460202cf73f9449,300664.SZ,鹏鹞环保,2024-06-15,-0.06734663,0.22855005,-0.039791703,-0.034184135,-0.19947958,0.11699008,1,0.2285500466823578
7b91a4f46e6e5bd8aedf6e73,600936.SH,北投科技,2024-06-15,-0.12570883,0.12527758,-0.10705516,0.024781909,-0.13199194,0.060274053,1,0.125277578830719
c59f2c1b2b78eae37f8f1a74,601212.SH,白银有色,2024-06-30,-0.05783504,-0.046547506,0.14595607,-0.0014010202,-0.11764467,0.00904702,2,0.14595606923103333
ae4320eaf2a99937815fcf34,601366.SH,利群股份,2024-06-30,-0.23480621,0.2670119,-0.11598207,0.08027589,-0.3284937,0.16939233,1,0.2670119106769562
60df2ca4d0d1275268762583,601606.SH,长城军工,2024-06-30,0.046854384,-0.045373134,0.01889241,-0.09436582,0.16790518,-0.07530755,4,0.16790518164634705
d32de20fc6568c828cf37445,601900.SH,南方传媒,2024-06-30,-0.22910196,0.33503452,-0.1931181,0.047228124,-0.3208026,0.14985052,1,0.3350345194339752
8100d9f2f4fe2a72e62bd34d,603060.SH,国检集团,2024-06-15,-0.16216859,0.45071518,-0.2242329,-0.00484961,-0.33388096,0.12864679,1,0.45071518421173096
0daf7a7b2138a3346a37b838,603159.SH,上海亚虹,2024-07-01,-0.050694168,-0.11377585,-0.01830075,0.2786697,0.11709643,-0.048956208,3,0.27866968512535095
fb6c10b0938b5c97f55e5be4,603189.SH,网达软件,2024-06-15,-0.112028554,0.4248466,-0.41043645,-0.009138294,-0.09257513,0.05091379,1,0.4248465895652771
c4e7927d676b4e1b4ad7079e,603317.SH,天味食品,2024-06-15,-0.21909569,0.035536025,0.040011548,0.34407532,-0.23029852,0.05023324,3,0.3440753221511841
d3151581ba581ce19814ff4d,603367.SH,辰欣药业,2024-06-15,-0.2275664,-0.0064657703,-0.029470908,0.66393715,-0.27809805,0.01765773,3,0.6639371514320374
e88a2c2ea9622c83de40b866,603589.SH,口子窖,2024-06-30,-0.15777372,0.10962357,-0.006173017,0.099823005,-0.19875698,0.053322136,1,0.10962357372045517
f9c253b48e6b9a8087e6a7a7,603600.SH,永艺股份,2024-06-15,-0.028201357,-0.096735254,0.15084545,0.010779083,0.07109204,-0.012669036,2,0.1508454531431198
ad7dec412d86a2fc76f5ecf3,603616.SH,韩建河山,2024-06-15,0.03951069,0.0024276213,0.103129305,-0.06743196,-0.0582482,0.0081165405,2,0.1031293049454689
fc7b7d81ad469e1f4ef228be,603690.SH,至纯科技,2024-04-05,0.18709761,-0.35966802,0.099419996,-0.17517224,0.5205838,-0.17829847,4,0.5205838084220886
f534b51d5c1a30e29daaf1f8,603718.SH,海利生物,2024-06-15,-0.07514912,0.034667253,-0.02622201,0.28250524,-0.14823934,0.00738486,3,0.28250524401664734
0801605d22670ecb290c2f32,603799.SH,华友钴业,2024-06-15,0.035764955,-0.23040546,0.34221572,-0.044455312,-0.0061928965,-0.042198908,2,0.34221571683883667
4ac12c0f0a180c456d97746b,603800.SH,洪田股份,2024-06-15,0.22650936,-0.20514292,0.058938447,-0.13339311,0.2664476,-0.14175743,4,0.26644760370254517
6d960041c1998a2427a30330,603825.SH,ST华扬,2024-06-15,0.1538453,-0.2708505,0.16785881,-0.14316128,0.25686833,-0.12802371,4,0.2568683326244354
fe07387c1fc4a54980d5ee9f,603900.SH,莱绅通灵,2024-06-15,-0.21248895,0.20278423,-0.08112486,0.070744485,-0.24159245,0.14999759,1,0.2027842253446579
26d80332c3373338d43f5db7,603936.SH,博敏电子,2024-06-30,0.22752295,-0.46343875,0.14105497,-0.21166681,0.64978534,-0.19865109,4,0.6497853398323059
6d44a12177266abfdc76ba43,603977.SH,国泰集团,2024-06-15,-0.030396324,0.025763296,0.18831292,0.011353841,-0.1604825,-0.00073291734,2,0.18831291794776917
6f42215b3ae58dc198aeccae,002731.SZ,ST萃华,2024-06-30,-0.20401809,0.1703323,-0.01785089,0.06480453,-0.25105658,0.14272383,1,0.17033229768276215
54689221118b48e5c277bb21,002777.SZ,久远银海,2024-06-15,-0.19477925,0.5730086,-0.4651554,0.034727268,-0.28689644,0.11792144,1,0.5730085968971252
1bce1d14c4663f6eb1db6dc8,002803.SZ,吉宏股份,2024-06-15,-0.14567485,0.05748959,0.08406647,0.13717046,-0.16667962,0.01355242,3,0.1371704638004303
be5b230226913408ad609966,002813.SZ,路畅科技,2024-06-15,0.18268535,-0.1234761,-0.23751558,-0.18954006,0.52312887,-0.12514928,4,0.523128867149353
139dd4cd5dab78b12de7b1a7,002820.SZ,桂发祥,2024-06-15,-0.26606137,0.18385461,-0.09099831,0.24280274,-0.3121881,0.12681127,3,0.24280273914337158
862d0497192613330bce23fa,002823.SZ,凯中精密,2024-06-15,0.27765226,-0.40584877,0.13275844,-0.2543467,0.5608517,-0.16736369,4,0.5608516931533813
e05d38a2d37a16420457b363,003016.SZ,欣贺股份,2024-06-30,-0.23103446,0.23162341,-0.11438471,0.08233216,-0.2630707,0.15612462,1,0.23162341117858887
f2476f058bf38892001e9d7f,300364.SZ,中文在线,2024-06-15,-0.2008343,0.31478924,-0.22998871,0.082152955,-0.24752536,0.103202894,1,0.3147892355918884
bffffc6cded1b749caddd996,300395.SZ,菲利华,2024-06-15,0.077785105,-0.24005663,0.19188996,-0.053069968,0.18274827,-0.1046437,2,0.1918899565935135
2d1f83d643244e22528db54f,300404.SZ,博济医药,2024-06-15,-0.20486805,0.28243482,-0.28798777,0.48319775,-0.2931471,0.05772846,3,0.48319774866104126
8f107d136d38a84e68a12593,300416.SZ,苏试试验,2024-06-15,0.122451365,-0.083619356,-0.12030308,-0.116942294,0.29323414,-0.04922245,4,0.2932341396808624
097ede9623a83151fba5f3fd,300420.SZ,五洋自控,2024-06-15,0.3125292,-0.2798883,0.08398925,-0.19602203,0.4452903,-0.173442,4,0.44529029726982117
9f3425b2011cc0b7a75bd649,300423.SZ,昇辉科技,2024-06-15,0.5954355,0.009451106,-0.18381046,-0.16689901,0.20970513,-0.08766194,0,0.5954355001449585
019d6bad4fa6fe0a747900db,300442.SZ,润泽科技,2024-06-15,-0.05766513,0.22972663,-0.18948744,-0.0053432495,-0.12522224,0.042325504,1,0.2297266274690628
6eb8ef3837d0a7c522bfec92,300447.SZ,全信股份,2024-06-15,0.5657221,-0.2624454,0.03854312,-0.2631288,0.36564493,-0.17547563,0,0.5657221078872681
c34ee7760278fc695329bec5,300456.SZ,赛微电子,2024-06-15,0.17989793,-0.37032628,0.1067383,-0.1689144,0.5446078,-0.19664142,4,0.5446078181266785
7ec3129d2757729f449e8a34,300461.SZ,田中精机,2024-06-15,0.36857393,-0.45960692,0.172087,-0.25196937,0.6450105,-0.2421572,4,0.6450104713439941
cf59e5322c2efb55cf7e99b9,300468.SZ,四方精创,2024-06-15,-0.098801516,0.5093445,-0.47260815,0.0053227227,-0.13561268,0.0487188,1,0.5093445181846619
e52da746ae5dee8b72c4fd49,300485.SZ,赛升药业,2024-06-15,-0.21097395,0.02527979,-0.1005763,0.5987044,-0.2172498,0.0057743695,3,0.5987043976783752
67eda3f36097e304b9335d4a,300510.SZ,金冠股份,2024-06-15,0.3959658,0.009383512,-0.08449572,-0.13448411,0.061987534,-0.020625874,0,0.3959658145904541
0399750e3b0ca46358ca9725,300516.SZ,久之洋,2024-06-15,0.0718998,-0.044901595,-0.09774183,-0.08748359,0.23474014,-0.1045802,4,0.23474013805389404
06531a6dd5482b208f56f9b1,300520.SZ,科大国创,2024-06-15,-0.059331458,0.4668338,-0.40622878,-0.09299058,-0.09680232,0.020307116,1,0.46683380007743835
5b33d48ff1206150d053a1c1,300528.SZ,幸福蓝海,2024-06-15,-0.19991891,0.34917206,-0.22706756,0.049829062,-0.2939339,0.124845184,1,0.34917205572128296
d9bbf56020c492a122ada24b,300537.SZ,广信材料,2024-06-15,0.12252782,-0.33725452,0.25129062,-0.062111907,0.29336926,-0.14960961,4,0.29336926341056824
5eda2a9e6f59c5027f6f0892,300572.SZ,安车检测,2024-06-15,-0.020158265,0.27026445,-0.3822546,-0.055607148,0.07035398,-0.005211761,1,0.2702644467353821
f6b6b162f0df174b2456144d,301130.SZ,西点药业,2024-06-15,-0.17659941,0.017680967,-0.076715425,0.49767688,-0.19687295,0.013603894,3,0.49767687916755676
3c71a2170a34d54851e9ca3f,601086.SH,国芳集团,2024-06-30,-0.19027649,0.23010978,-0.11763185,0.042593278,-0.2646438,0.10647986,1,0.2301097810268402
c45e3535fb06b4cdf241e234,601611.SH,中国核建,2024-06-30,-0.033706903,0.35565692,-0.14747716,-0.15946916,-0.25459495,0.10956924,1,0.3556569218635559
9af0f1c0ba89a61e97ba950f,601966.SH,玲珑轮胎,2024-06-30,-0.02747956,-0.14318484,0.10470678,-0.07062706,0.16303988,-0.009259298,4,0.16303987801074982
720e05b3e68f7b260769e68c,603018.SH,华设集团,2024-06-30,-0.12846126,0.55961937,-0.4157908,-0.10750412,-0.2925609,0.15121242,1,0.5596193671226501
582cf7aeba3aa0572bbf37f3,603020.SH,爱普股份,2024-06-15,-0.14679793,-0.1242013,0.18776357,0.40495342,-0.15278205,-0.0074391915,3,0.4049534201622009
0ecf391907a83f4e2da6006b,603022.SH,新通联,2024-06-15,-0.042327527,-0.04980625,0.15727574,-0.03146831,-0.031193508,0.038251273,2,0.1572757363319397
74c7774fd757e96f73d20474,603085.SH,天成自控,2024-06-30,0.17572919,-0.15751888,-0.030458773,-0.29588228,0.42096505,-0.07470373,4,0.4209650456905365
a6e93b402eb7f4ca07d3d4ff,603108.SH,润达医疗,2024-06-15,-0.17221788,0.24135958,-0.21400675,0.19205852,-0.19914547,0.06993954,1,0.24135957658290863
4c1b8e792f8b9ad519acfdaf,603131.SH,上海沪工,2024-06-15,0.35576698,-0.36912638,0.15827146,-0.24383639,0.49296853,-0.18070006,4,0.49296852946281433
24d1ab0922eb80e90fc37f37,603169.SH,兰石重装,2024-06-30,0.13377245,-0.16647026,0.16068144,-0.12704849,0.12143489,-0.07616535,2,0.16068144142627716
304a8eba29fe310de6931477,603198.SH,迎驾贡酒,2024-06-15,-0.14207551,0.0748554,0.05505463,0.09738474,-0.20105352,0.05575653,3,0.0973847433924675
4542ae34899655609526ff7d,603222.SH,济民健康,2024-06-15,-0.08122567,-0.18329437,0.13482359,0.4831193,-0.021480687,-0.0735698,3,0.48311930894851685
9da59bdb33e48a64d1248beb,603266.SH,天龙股份,2024-06-30,0.15001774,-0.4376142,0.24620461,-0.19653267,0.46998197,-0.12760805,4,0.46998196840286255
78e7b5688f4422b7d6ee2aee,603268.SH,*ST松发,2024-06-30,-0.047208924,-0.07304478,0.09654549,-0.0017695185,-0.008809792,-0.002197694,2,0.09654548764228821
19bef2aad1a47e223fef14de,603306.SH,华懋科技,2024-06-15,0.18558481,-0.43950564,0.2319677,-0.20556533,0.52355754,-0.20250626,4,0.5235575437545776
eb518a08092553cfc7b31c5a,603315.SH,福鞍股份,2024-06-15,0.17689727,-0.2756408,0.30694836,-0.16232435,0.17277971,-0.11230967,2,0.30694836378097534
69ba00aac09f48a6f69d7295,603338.SH,浙江鼎力,2024-06-15,0.13291912,-0.04717066,0.04683991,-0.11665661,0.100713216,-0.0456986,0,0.13291911780834198
904e21492f7199705bfa017c,603339.SH,四方科技,2024-06-15,0.14352885,-0.21935403,0.16199169,-0.019580424,0.23975559,-0.11029971,4,0.23975558578968048
36d5b978731b8a1f8c19a1bc,603377.SH,ST东时,2024-06-15,-0.05272797,0.020040184,-0.05255919,-0.028682958,-0.012067609,0.016409913,1,0.020040184259414673
c5be5a03e47f022b77cc5a5a,603508.SH,思维列控,2024-06-15,0.07368228,0.16793537,-0.20686278,-0.11297259,0.05111212,-0.029118612,1,0.16793537139892578
ce974474378b3d98c29f9e9c,603738.SH,泰晶科技,2024-06-15,0.2307393,-0.41116577,0.08981821,-0.16289218,0.5916147,-0.20904748,4,0.5916147232055664
be2cf196933944f3aec67845,603929.SH,亚翔集成,2024-06-15,0.034138158,0.028308228,-0.051813807,-0.044138104,0.033536818,-0.026686192,0,0.03413815796375275
1754b359c2f94999eafa9672,603939.SH,益丰药房,2024-06-15,-0.24179956,0.31082842,-0.21174271,0.15536104,-0.33072567,0.16985291,1,0.31082841753959656
cd19d98bf42ecba67cc39859,603958.SH,哈森股份,2024-06-15,-0.18780632,0.13969734,-0.0031742724,0.0656458,-0.20836802,0.1553658,5,0.15536579489707947
03135a97dc7947e4ac69c52d,002772.SZ,众兴菌业,2024-06-30,-0.10590404,0.031957615,0.054628603,0.11825195,-0.16264546,0.027504154,3,0.11825194954872131
ee15c3928d379bc3cc2fefeb,002812.SZ,恩捷股份,2024-06-30,0.3366688,-0.3352913,0.26786134,-0.12183435,0.20315501,-0.09901691,0,0.33666878938674927
7ce1c275356b8ec26458aacc,002825.SZ,纳尔股份,2024-06-30,0.142655,-0.5056464,0.57490385,-0.13980027,0.31300297,-0.15392375,2,0.5749038457870483
28f5171ace5b8970d8a57d71,002828.SZ,贝肯能源,2024-06-30,-0.016625592,0.14078978,-0.08310564,-0.05129661,-0.097619295,0.02589405,1,0.14078977704048157
3624688e10186e3b3605a851,002829.SZ,星网宇达,2024-06-15,0.073540546,0.005309032,-0.116955675,-0.16189963,0.18840544,-0.05987732,4,0.18840543925762177
408de34d4915e1d3fedfaf5c,002856.SZ,美芝股份,2024-06-15,-0.14108917,0.29923084,-0.20583944,-0.008719234,-0.20694906,0.1165074,1,0.2992308437824249
a86b2921205504ed9bc6a4f9,300412.SZ,迦南科技,2024-06-30,0.04604336,-0.17317723,0.024257384,0.38548452,0.13598071,-0.124996886,3,0.385484516620636
e372bfafca5adc6bdffc97bd,300422.SZ,博世科,2024-06-15,-0.07349227,0.28043398,-0.14093877,-0.013241255,-0.195729,0.06717943,1,0.2804339826107025
6ae0cd6b2b413642a39321b7,300473.SZ,德尔股份,2024-06-15,0.23209795,-0.22708036,-0.028973931,-0.21042967,0.4455132,-0.14690134,4,0.44551318883895874
0e0e2c1098eba9d313444e49,300474.SZ,景嘉微,2024-06-15,0.15546517,-0.11175093,-0.15893817,-0.14880495,0.42005986,-0.15405819,4,0.42005985975265503
820b10f33b58d25e3f936937,300497.SZ,富祥药业,2024-06-15,-0.13469459,-0.09717725,0.08741677,0.54782504,-0.18858846,-0.036787536,3,0.547825038433075
c8dc0b0a6a302baef1b2db9f,300499.SZ,高澜股份,2024-06-15,0.35468873,-0.2716787,0.06662683,-0.24945939,0.46650413,-0.18164468,4,0.46650412678718567
4cc7b82c404e2e782bb5ac12,300503.SZ,昊志机电,2024-06-15,0.29458994,-0.33401877,0.05513556,-0.20673372,0.52045524,-0.18638669,4,0.5204552412033081
9377ade8a6386c696cea9630,300508.SZ,维宏股份,2024-06-15,0.16937774,0.031819016,-0.17847534,-0.13992468,0.30198163,-0.12666544,4,0.3019816279411316
537622f264597c7a59cb4dd3,300509.SZ,新美星,2024-06-15,0.112428054,-0.3063972,0.17783983,0.06694322,0.31355563,-0.1671191,4,0.31355562806129456
3bbfea12ddcbf4f82f83c6a3,300525.SZ,博思软件,2024-06-15,-0.20624934,0.57029825,-0.4682105,0.023597796,-0.260086,0.10264453,1,0.5702982544898987
c134e5e6aaa85dcc9009ac24,300542.SZ,新晨科技,2024-06-15,-0.100224346,0.552547,-0.47511294,-0.036467507,-0.14631635,0.05867543,1,0.5525469779968262
c064534c0898e17e0d512f86,300543.SZ,朗科智能,2024-06-15,0.24589066,-0.31533068,-0.058589716,-0.17038223,0.6131563,-0.18929094,4,0.6131563186645508
312a5e0fb0ce7ac841e88cfd,300545.SZ,联得装备,2024-06-15,0.28235573,-0.4192672,0.10412006,-0.22404766,0.6575191,-0.23324844,4,0.6575191020965576
6909b58871c5b2cebdb6679d,300549.SZ,优德精密,2024-06-15,0.34715047,-0.50945634,0.25189024,-0.23693007,0.60682756,-0.21686623,4,0.6068275570869446
63468b2e9717fd59c6651ce5,300586.SZ,美联新材,2024-06-15,0.09426667,-0.41354892,0.5726305,-0.060266837,0.12799513,-0.1298832,2,0.5726305246353149
66286043d4993bd3503c144c,300600.SZ,国瑞科技,2024-06-30,0.061560772,0.029004373,-0.0916668,-0.08120774,0.08810619,-0.041132532,4,0.0881061926484108
9e3dcc97567e8ccefdaa7ff5,601127.SH,赛力斯,2024-04-05,-0.023825029,0.09496107,-0.13757648,-0.047762573,0.009203691,0.07665689,1,0.09496106952428818
755d22b94676048d9275004a,603007.SH,*ST花王,2024-06-30,-0.20875224,0.46721807,-0.2407062,-0.08486375,-0.3979929,0.19300917,1,0.4672180712223053
3a3f32f706317747654adbe6,603026.SH,石大胜华,2024-06-15,0.10482414,-0.39083856,0.52682465,-0.0013937075,0.09369067,-0.12463236,2,0.5268246531486511
e18f9643e29409e55cfc3af2,603027.SH,千禾味业,2024-06-15,-0.2135504,0.03361696,0.068833515,0.39738265,-0.27051392,0.0448759,3,0.3973826467990875
318c66f3cce751218c450e5f,603028.SH,赛福天,2024-06-15,0.14543185,-0.13982025,0.11944033,-0.11259264,0.14863698,-0.06853866,4,0.14863698184490204
6168beb621f4198b676ea70b,603029.SH,天鹅股份,2024-06-15,0.012825716,-0.031897105,0.08277377,0.009815875,-0.03120486,-0.025473896,2,0.08277376741170883
7dfd8ef0098cd1bbf57e933d,603033.SH,三维股份,2024-06-15,0.09219825,-0.14789662,0.22453874,-0.07693772,0.035119146,-0.04617533,2,0.22453874349594116
78049dd7ed612466e9853fd8,603036.SH,如通股份,2024-06-15,0.25802615,-0.28078362,0.13905153,-0.045912176,0.33012912,-0.1631126,4,0.33012911677360535
638df7a4708e31b583a8b479,603043.SH,广州酒家,2024-07-01,-0.29583758,0.23696277,-0.12214957,0.26963955,-0.3604241,0.14139275,3,0.2696395516395569
e9148ff790c3853618d43375,603066.SH,音飞储存,2024-06-15,0.030474858,0.1085491,-0.13897908,-0.053135008,0.018508699,0.00017910823,1,0.108549103140831
18d658687b5139983b69e138,603258.SH,电魂网络,2024-06-15,-0.2579197,0.42620745,-0.25267765,0.027504234,-0.34404743,0.22000414,1,0.42620745301246643
7d36148ba793d273595df13d,603299.SH,苏盐井神,2024-06-15,-0.10150642,-0.0036248257,0.18467693,0.261773,-0.31196693,0.056307346,3,0.2617729902267456
5f9567044b3a8162a8b778d9,603311.SH,金海高科,2024-06-15,0.07171559,-0.290225,0.28060412,-0.045797087,0.20529495,-0.12170133,2,0.28060412406921387
31f4419ee7cec4b0499cb60d,603313.SH,梦百合,2024-06-15,-0.19152305,0.066477664,0.09751217,0.111189745,-0.18744747,0.094747365,3,0.11118974536657333
2b33bb9b1d4fbc8845420eb6,603319.SH,美湖股份,2024-06-15,-0.12335613,0.09660588,-0.10610161,0.028580839,-0.104358405,0.053792775,1,0.09660588204860687
46441880e1c6c45495f7d454,603444.SH,吉比特,2024-04-05,-0.2682367,0.44163948,-0.2880553,0.043330573,-0.33112738,0.15445101,1,0.4416394829750061
e6019a9cb9cb23d8aa067fe8,603568.SH,伟明环保,2024-06-30,-0.17347,0.39817026,-0.09297863,-0.0004924666,-0.4090763,0.14284852,1,0.39817026257514954
3e3f35373e5cd0c7b2f82b14,603602.SH,纵横通信,2024-06-15,-0.13740383,0.5041362,-0.3761955,-0.10262214,-0.26791698,0.17767969,1,0.5041362047195435
745313876c124cb266036dbf,603639.SH,海利尔,2024-06-15,-0.10288304,-0.07736251,0.18578902,0.32982564,-0.18213029,-0.016101036,3,0.32982563972473145
439e9cdcfe82af9a0561e797,603658.SH,安图生物,2024-06-15,-0.03742804,-0.0148093365,-0.113752246,0.40031204,-0.0100434,-0.065833494,3,0.40031203627586365
a010afbe47e4dc46914f645d,603678.SH,火炬电子,2024-06-15,0.20356187,-0.3506532,0.16563478,-0.22405465,0.45936832,-0.18912293,4,0.4593683183193207
bf429f6994edca25de05d8d9,603819.SH,神力股份,2024-06-30,0.7759625,-0.5553125,0.3183852,-0.33347815,0.49350345,-0.19486102,0,0.7759624719619751
244a27a74afda6b6a74113b5,603822.SH,ST嘉澳,2024-06-15,0.025256384,-0.34018862,0.63480836,0.10010748,-0.08116991,-0.09409098,2,0.634808361530304
ab74f049fd2582df63404f48,603838.SH,*ST四通,2024-04-05,-0.09849127,-0.08706683,0.2575405,-0.072145075,-0.0688345,0.032044128,2,0.2575404942035675
c5e4a729ae0753782429ecef,603859.SH,能科科技,2024-06-15,0.06843982,0.17859045,-0.19842345,-0.15687352,0.10216577,-0.058571555,1,0.17859044671058655
b251d9dcb106d3b6f54e2c5e,603869.SH,ST智知,2024-06-15,-0.21766503,0.28040802,-0.14758284,0.0627277,-0.29583874,0.19189972,1,0.28040802478790283
a35f0d21eb2785e692ce762e,603878.SH,武进不锈,2024-06-15,0.113519855,-0.25364736,0.2711045,-0.05797433,0.122257024,-0.07896139,2,0.27110451459884644
a00e1d1c690d14524616e37b,603987.SH,康德莱,2024-06-15,-0.040942207,-0.18141863,0.075062566,0.4471855,0.045529746,-0.08727937,3,0.4471854865550995
033bfd4b3960eb9cd6672893,002736.SZ,国信证券,2024-06-15,-0.22106786,0.41286373,-0.2918097,0.041556172,-0.31458804,0.1524845,1,0.41286373138427734
0c3037f904d296b55f7907dc,002765.SZ,蓝黛科技,2024-06-30,0.17925793,-0.3040479,0.09944193,-0.20958665,0.39562452,-0.09550336,4,0.3956245183944702
5c215a8774d09f4a1bdae00b,002785.SZ,万里石,2024-06-15,-0.012006185,-0.017981404,0.13128977,-0.081588164,-0.03223463,0.017693516,2,0.1312897652387619
19f4bd79484797effadb7003,002810.SZ,山东赫达,2024-06-30,-0.06813614,-0.3372504,0.56173706,0.2562895,-0.07326172,-0.09657972,2,0.561737060546875
b76000afe5692552a8fbd5ec,002816.SZ,*ST和科,2024-06-30,0.15430766,-0.49393052,0.31408954,-0.14847448,0.4783332,-0.1959476,4,0.4783332049846649
2790447ec390b723ec6c5233,002835.SZ,同为股份,2024-06-15,0.07621545,0.09974067,-0.27206045,-0.064090274,0.2105007,-0.055247214,4,0.21050070226192474
7d580025d25335f23a690240,300426.SZ,华智数媒,2024-06-15,-0.10983719,0.10850316,-0.102330945,0.025066387,-0.112796046,0.043866757,1,0.10850316286087036
d4cf02538031744a2744ed8a,300427.SZ,红相股份,2024-06-15,0.4958467,0.10672372,-0.2268058,-0.13187802,0.058810282,-0.05380365,0,0.495846688747406
02548769b5f6a19ba8ac8395,300428.SZ,立中集团,2024-06-15,0.13591279,-0.41405824,0.37244034,-0.113126025,0.2837866,-0.14136061,2,0.3724403381347656
62633f0b7fc96f0c1f19e3a0,300434.SZ,金石亚药,2024-06-15,-0.2634613,0.085895225,-0.11113824,0.60125995,-0.29367468,0.042280734,3,0.6012599468231201
5809158c7de8618d2e8c593f,300439.SZ,美康生物,2024-06-15,-0.15093862,0.058020167,-0.118669935,0.54434943,-0.14483428,-0.026912013,3,0.5443494319915771
e457b2700d16745eecdd924d,300446.SZ,航天智造,2024-06-15,0.07041336,-0.06894973,-0.13252622,-0.1638676,0.28385538,-0.092590734,4,0.2838553786277771
5315867c74c9a2f4489bd778,300450.SZ,先导智能,2024-06-15,0.4455622,-0.46251246,0.17074892,-0.28055027,0.6579231,-0.2525713,4,0.6579231023788452
374cbf074def75d26a5f3bcb,300457.SZ,赢合科技,2024-06-15,0.33278278,-0.43079725,0.20876533,-0.20266785,0.5492277,-0.2151013,4,0.5492277145385742
6f3e08dc42485830c5de2f0b,300459.SZ,汤姆猫,2024-06-15,-0.28271902,0.46181557,-0.32714254,0.08477299,-0.31805477,0.14396685,1,0.46181556582450867
98a4dfc8157af2787dea3743,300482.SZ,万孚生物,2024-06-15,-0.1298437,0.15124488,-0.24736643,0.46555775,-0.11562324,-0.012025839,3,0.4655577540397644
d5a0c110994735a3aee7cd95,300487.SZ,蓝晓科技,2024-06-15,0.058204617,-0.33711708,0.4142738,0.08633563,0.11357125,-0.14580625,2,0.41427379846572876
46637d5938f8e36892e41810,300488.SZ,恒锋工具,2024-06-15,0.20847023,-0.4548856,0.279154,-0.12687002,0.4616389,-0.19689125,4,0.4616388976573944
f33e4529d72334d5a307afb0,300493.SZ,润欣科技,2024-06-15,0.016721262,-0.03362363,-0.2563764,-0.083540685,0.3849234,-0.07820947,4,0.38492339849472046
225959ad4a6f620c4abfb3c6,300502.SZ,新易盛,2024-06-15,0.1643484,-0.115935884,-0.055504464,-0.11080936,0.33511168,-0.12541485,4,0.33511167764663696
09de74da32243f117bf5d50a,300531.SZ,优博讯,2024-06-15,0.06969904,0.091402486,-0.25981277,-0.0584836,0.2284092,-0.07460312,4,0.22840920090675354
d91a33ff78efffcb9b78179a,300539.SZ,横河精密,2024-06-15,0.122001335,-0.36663598,0.29157376,-0.115514144,0.34183076,-0.12995271,4,0.3418307602405548
5f453b87ef8c3e00c55c04ae,300548.SZ,长川科技,2024-06-15,0.19465186,-0.1904936,-0.061016925,-0.07502718,0.45985988,-0.18662089,4,0.4598598778247833
9228a92227ef1e3696f1937a,300560.SZ,中富通,2024-06-15,-0.08683838,0.41623726,-0.38032517,-0.011567206,-0.15379572,0.07056531,1,0.4162372648715973
fa8598ee63a075256ed2fa02,300561.SZ,*ST汇科,2024-06-30,0.18707418,-0.13640697,-0.016548688,-0.15149285,0.31750613,-0.13647062,4,0.3175061345100403
117fc81e96c31eff351e37a2,300564.SZ,筑博设计,2024-06-15,-0.07741033,0.22898327,-0.14609556,-0.02075409,-0.16207218,0.096600994,1,0.22898326814174652
1969d7fca3af3e0c74c837b0,300570.SZ,太辰光,2024-06-15,0.1841824,-0.17035754,-0.042786356,-0.15999037,0.3959421,-0.14992163,4,0.3959420919418335
2c301c5a417e15b671603690,300573.SZ,兴齐眼药,2024-06-15,-0.1605624,-0.052123096,-0.032812536,0.540873,-0.13191135,-0.044888463,3,0.5408729910850525
289a1db3170bf87ce1604eee,300665.SZ,飞鹿股份,2024-06-15,0.08351857,-0.15027104,0.21957137,-0.097837195,0.06164774,-0.057077907,2,0.21957136690616608
b08d84a2da0e31a7882bff2f,600977.SH,中国电影,2024-06-15,-0.18627267,0.31464645,-0.18245515,0.027127106,-0.2816612,0.10537484,1,0.314646452665329
48ed86b825f8514d7bcbf8f2,601878.SH,浙商证券,2024-06-30,-0.23159936,0.40204918,-0.22956309,0.072407275,-0.36867255,0.15449086,1,0.40204918384552
8eb96f0bb4d5fb4511e9fb1f,603016.SH,新宏泰,2024-06-15,0.7790157,-0.51910037,0.26771486,-0.3027346,0.4999774,-0.20610079,0,0.7790157198905945
dd202c755268c8acb5ce7325,603019.SH,中科曙光,2024-06-15,-0.009774419,0.24771997,-0.2805273,-0.022439856,-0.025845734,0.032503948,1,0.24771997332572937
dcddb35caa51e82d4da014c7,603067.SH,振华股份,2024-04-05,0.019914504,-0.30261236,0.5853894,0.046752807,-0.07236679,-0.06776498,2,0.5853893756866455
8830041735e0f308d0983e86,603223.SH,恒通股份,2024-06-15,-0.04238933,0.06646307,-0.009933956,0.011207541,-0.10413771,0.028163638,1,0.06646306812763214
9ce3cb0d82a0c11eaabd0161,603300.SH,海南华铁,2024-06-15,0.10831008,-0.054555453,0.039626375,-0.13008115,0.10303791,-0.0463966,0,0.10831008106470108
aaed1b2ab914e8de4d19d722,603345.SH,安井食品,2024-04-05,-0.24016458,0.12529853,-0.028449321,0.29866272,-0.29093927,0.10729556,3,0.2986627221107483
4f11f78a781e21f615c6a0b2,603398.SH,*ST沐邦,2024-06-30,0.41243768,-0.34451774,0.26140657,-0.076853395,0.17683373,-0.10582812,0,0.41243767738342285
704e227e28607d36e5a99733,603519.SH,立霸股份,2024-06-30,0.13008988,-0.35574988,0.37047017,-0.11284931,0.23790963,-0.11095601,2,0.37047016620635986
a81c2dd8e0b16f27c7d709ca,603598.SH,引力传媒,2024-06-15,-0.29445595,0.5032254,-0.35778,0.0679144,-0.3711661,0.18638265,1,0.5032253861427307
fbf62bb2badada23a2b63d57,603601.SH,再升科技,2024-06-30,0.0817927,-0.19887826,0.18859117,-0.04197212,0.12434073,-0.072420835,2,0.18859116733074188
26430ed1ab848338b89fe3be,603628.SH,清源股份,2024-06-15,0.52259624,-0.06830813,0.0042479546,-0.15110423,0.068072736,-0.04549536,0,0.5225962400436401
733ac85e8753ec23bc8c5bd6,603682.SH,锦和商管,2024-06-15,-0.1568312,0.23902549,-0.14863004,0.029698288,-0.22278695,0.1196416,1,0.23902548849582672
9f7c69838a62bd366cbb9248,603689.SH,皖天然气,2024-06-15,-0.15510583,0.32746908,-0.14265563,-0.011636769,-0.33303466,0.12299468,1,0.3274690806865692
f132cc6d6dd34b7762db2510,603737.SH,三棵树,2024-06-15,-0.089313775,-0.0018019965,0.157691,0.0027744006,-0.13045406,0.052255113,2,0.15769100189208984
f51515279b0fc23966239960,603778.SH,国晟科技,2024-06-15,0.038656592,0.049572133,-0.04487793,-0.031740516,-0.03173278,0.018948318,1,0.04957213252782822
6336ba4b474013d4fc4fee17,603808.SH,歌力思,2024-06-15,-0.23137818,0.23997857,-0.13343172,0.07563236,-0.24650805,0.15960182,1,0.23997856676578522
3ead776b1564f69698ce51fe,603858.SH,步长制药,2024-06-15,-0.19460218,0.0168367,-0.03976885,0.5413458,-0.25319552,0.019195434,3,0.5413457751274109
497a0a4055a8fc9dbd0dfb94,603886.SH,元祖股份,2024-04-05,-0.27656505,0.20746408,-0.11583318,0.28243482,-0.33343297,0.14444962,3,0.2824348211288452
c76071baf36c94a48c93856a,603968.SH,醋化股份,2024-06-15,-0.0648148,-0.32313854,0.55292845,0.29244623,-0.086840525,-0.09453842,2,0.5529284477233887
97e5541fbe546af39d85d829,002807.SZ,江阴银行,2024-06-30,-0.20690536,0.39274633,-0.2308236,0.05006778,-0.35025957,0.15244062,1,0.39274632930755615
7d7295c167bee6af13da2a35,002824.SZ,和胜股份,2024-06-15,0.15016007,-0.2448265,0.17200941,-0.16802834,0.25232095,-0.08625194,4,0.25232094526290894
d843f44cac7bd768147e1110,002836.SZ,新宏泽,2024-06-15,-0.16675535,0.05096205,0.1118386,0.11511732,-0.1900006,0.05825501,3,0.11511731892824173
2a4f0ca64e37a0875685ad43,002839.SZ,张家港行,2024-06-30,-0.21798308,0.38148925,-0.22362526,0.061413508,-0.35019624,0.15267283,1,0.38148924708366394
31f4cb6c9b528b331c673ba3,002842.SZ,翔鹭钨业,2024-06-15,0.044964507,-0.29752976,0.37729222,-0.04719016,0.0730851,-0.08420789,2,0.3772922158241272
ab9b15638f5fdb5f247c27d6,002865.SZ,钧达股份,2024-06-30,0.28409234,-0.21276742,0.14606318,-0.0616479,0.11385942,-0.04575712,0,0.28409233689308167
dec8856bba375427754a8bbe,300394.SZ,天孚通信,2024-06-15,0.22117874,-0.21963757,-0.012604854,-0.1690064,0.44317725,-0.17814974,4,0.4431772530078888
abe22c14122ec3819863e643,300408.SZ,三环集团,2024-06-15,0.30230728,-0.5695687,0.27440128,-0.20967992,0.66859025,-0.26505092,4,0.668590247631073
d9c36ca37521790692752f31,300413.SZ,芒果超媒,2024-06-30,-0.20793417,0.31929755,-0.22904298,0.07427764,-0.275042,0.119517714,1,0.31929755210876465
c143cd7935e036fc90a62560,300451.SZ,创业慧康,2024-06-15,-0.17422074,0.5466335,-0.4791747,0.13299629,-0.22924963,0.054032844,1,0.5466334819793701
4c6a6f6963cb5e7b234da340,300458.SZ,全志科技,2024-06-15,0.12111366,-0.09702359,-0.21550964,-0.1713703,0.47722965,-0.13369164,4,0.47722965478897095
2d0fbe8d557b5d2cd138fe63,300481.SZ,濮阳惠成,2024-06-15,0.071180575,-0.43733925,0.52702683,0.019228853,0.16563545,-0.16344121,2,0.5270268321037292
bffaafd38a753e82f627ddf4,300515.SZ,三德科技,2024-06-15,0.14109567,0.025568858,-0.106361166,-0.06423931,0.11850473,-0.08721078,0,0.14109566807746887
c983669c085d7078280f5cc5,300538.SZ,同益股份,2024-06-15,0.10370899,-0.3136971,0.269011,-0.12546092,0.28844115,-0.12776738,4,0.28844115138053894
3b44fed787c8d1cedd5cae9e,300540.SZ,蜀道装备,2024-06-15,0.14843094,-0.095058545,0.109366916,-0.16260754,0.14734378,-0.088112235,0,0.1484309434890747
a7197b485e52a5e80ffa257b,300541.SZ,先进数通,2024-06-15,-0.11719441,0.5388529,-0.4729772,-0.0077521093,-0.16599225,0.077442594,1,0.538852870464325
ad826766d8f98bdc4986358f,300550.SZ,和仁科技,2024-06-15,-0.11922042,0.4990871,-0.4587035,0.08689356,-0.1370996,0.018536843,1,0.4990870952606201
f47b55480749ea5218b2f1b6,300551.SZ,古鳌科技,2024-06-15,0.015261708,0.28418505,-0.3274255,0.001229059,0.049512442,-0.017351018,1,0.2841850519180298
6fc75e5fc6d0ec3112dc3500,300553.SZ,集智股份,2024-06-15,0.2619873,-0.27307254,0.050173726,-0.16992381,0.44464937,-0.1703507,4,0.4446493685245514
fa0132d08f350489410842d1,300556.SZ,丝路视觉,2024-06-15,-0.1833909,0.59873635,-0.47123706,-0.10311963,-0.24848308,0.15340489,1,0.5987363457679749
d9b3dfe3ad764baeaee763a9,300558.SZ,贝达药业,2024-06-15,-0.19832237,0.07637495,-0.1768386,0.63743913,-0.22986868,0.02383969,3,0.6374391317367554
c748ee2c39d9f4fce2f6ab47,300569.SZ,天能重工,2024-06-15,0.58475184,-0.22286141,0.22807653,-0.22550428,0.13454743,-0.09104462,0,0.5847518444061279
08b809f5c53dc8179fc35325,300631.SZ,久吾高科,2024-06-15,0.20003289,-0.31712964,0.359122,-0.04621584,0.1929217,-0.17712969,2,0.35912200808525085
72123f453cdf320c629aa74e,300847.SZ,中船汉光,2024-06-15,0.07006952,-0.08446614,0.09764869,-0.055729702,0.16796532,-0.11877078,4,0.16796532273292542
fdb34ae9f79567214ce85996,300938.SZ,信测标准,2024-06-15,0.039125208,0.08123177,-0.22079124,-0.07926064,0.18846771,-0.07112346,4,0.18846771121025085
e43c459e793ffc2b450aaafc,600908.SH,无锡银行,2024-06-30,-0.23102981,0.37001753,-0.22683197,0.06822857,-0.33057582,0.15190405,1,0.37001752853393555
403ccb81788c30da11d64a2d,600919.SH,江苏银行,2024-03-15,-0.20330547,0.37588996,-0.21261711,0.046732426,-0.34373504,0.1498227,1,0.37588995695114136
4e0fbdaa8e6ef1bd26cd8162,600926.SH,杭州银行,2024-04-05,-0.23236905,0.36524352,-0.21321803,0.08459393,-0.34069306,0.14498939,1,0.365243524312973
933436e2302b0e5fe4f0c0d3,601128.SH,常熟银行,2024-06-30,-0.21754155,0.38144094,-0.21660952,0.070827186,-0.3559246,0.14548577,1,0.3814409375190735
a05fe43c4334fae188bf26f6,601163.SH,三角轮胎,2024-06-30,0.113713995,-0.34921256,0.36430112,-0.13088994,0.25735027,-0.10431029,2,0.3643011152744293
8147088ef31d5c5f24efbc21,601229.SH,上海银行,2024-04-05,-0.23648493,0.37754053,-0.2249754,0.071207896,-0.3483302,0.16530594,1,0.3775405287742615
f5b421da3193a06514d91dc3,601858.SH,中国科传,2024-06-15,-0.18140282,0.27952468,-0.17260586,0.10937904,-0.25772417,0.08386105,1,0.27952468395233154
650946b69578d3093e59d650,601997.SH,贵阳银行,2024-06-30,-0.1842968,0.28770632,-0.16821069,0.056975827,-0.28207383,0.11012854,1,0.28770631551742554
3c6310e1de3933a5908ca62d,603035.SH,常熟汽饰,2024-06-15,0.12958965,-0.26003698,0.079654686,-0.2584892,0.44105685,-0.065340996,4,0.44105684757232666
9bce90e277a2d405774b6757,603098.SH,森特股份,2024-06-30,0.031641733,0.07731511,0.0004227599,-0.13708997,-0.03899773,0.027004281,1,0.07731510698795319
4b7fae4c93de86ff7b36e55e,603186.SH,华正新材,2024-06-30,0.21881124,-0.58286375,0.37315688,-0.2332023,0.5852535,-0.19874875,4,0.5852534770965576
62c663a7881691e4b5532d5f,603203.SH,快克智能,2024-06-15,0.31337368,-0.42936504,0.09524533,-0.2097074,0.64894366,-0.22454187,4,0.6489436626434326
300fb46e40dd317a10830f36,603239.SH,浙江仙通,2024-06-15,0.20302175,-0.40720025,0.23454751,-0.27881673,0.48356763,-0.12154277,4,0.48356762528419495
cc9ddda5956409742ab84179,603322.SH,超讯通信,2024-06-15,-0.027489647,0.35124156,-0.39283907,-0.11919248,0.0015864503,0.061745852,1,0.3512415587902069
88a6ef7a2c4d10fb1dc6d10c,603323.SH,苏农银行,2024-06-30,-0.20375745,0.38139343,-0.21948385,0.06468495,-0.35691327,0.15493682,1,0.3813934326171875
612b2b95e21766536455fb3b,603416.SH,信捷电气,2024-06-15,0.2563008,-0.14420056,-0.08625605,-0.18982321,0.3758061,-0.123966955,4,0.3758060932159424
f3c6fcf4b7b5e740123b7839,603505.SH,金石资源,2024-06-30,-0.12021434,-0.15272397,0.44203588,0.032983094,-0.19379985,-0.0058535477,2,0.44203588366508484
3de548b1ad8d366cb591b572,603559.SH,ST通脉,2024-06-15,-0.057380036,-0.074950896,0.017704781,0.10692243,0.013038604,-0.025724636,3,0.10692243278026581
e8221d0ce32dd6f462426639,603633.SH,徕木股份,2024-06-15,0.28614733,-0.47899616,0.16395125,-0.2637808,0.6505558,-0.18360175,4,0.6505557894706726
2df1fea26b05a35449438b94,603669.SH,灵康药业,2024-06-15,-0.14842108,0.005449211,-0.050258845,0.40624458,-0.17621897,0.03075655,3,0.40624457597732544
f1b1c6d85e10db8bb609bef3,603708.SH,家家悦,2024-04-05,-0.13348019,0.15793921,-0.09378885,0.058938563,-0.18494585,0.07680601,1,0.15793921053409576
9ebf001c57f4bf456a6c7764,603716.SH,塞力医疗,2024-06-30,-0.14801499,0.27468747,-0.24023192,0.1488341,-0.20771733,0.067761816,1,0.2746874690055847
5cb36ae04ec53e67f618dc39,603727.SH,博迈科,2024-06-15,0.04710536,0.04811906,-0.018453056,-0.087364815,-0.0197566,0.019289453,1,0.048119060695171356
a278dec01e4bb53ad6d9021d,603888.SH,新华网,2024-06-15,-0.22936359,0.46801698,-0.33816192,0.0761589,-0.33527297,0.1359581,1,0.46801698207855225
243ad5be0304acefe140443c,603983.SH,丸美生物,2024-07-01,-0.16535012,0.1202159,-0.07765293,0.12894449,-0.16021778,0.08867079,3,0.1289444863796234
c4526b6bdb528f63f173bf84,002831.SZ,裕同科技,2024-06-30,-0.029931206,-0.054648884,0.067012094,-0.021194048,0.07856125,-0.015991095,4,0.07856124639511108
6c32e20bbd59b654c58e2e90,002833.SZ,弘亚数控,2024-06-15,0.21656007,-0.2887565,0.1164893,-0.1961002,0.45823842,-0.13022749,4,0.458238422870636
9ad2f0895f81adf9a0bb3ca3,002837.SZ,英维克,2024-06-15,0.2708951,-0.11831057,-0.0784601,-0.17673928,0.38997662,-0.11347194,4,0.3899766206741333
8ab39c88a46e600c424994e1,002840.SZ,华统股份,2024-06-15,-0.2325603,0.16466364,-0.022399273,0.28875476,-0.35980576,0.113981895,3,0.28875476121902466
ee1d39425403b0e9b10431af,002841.SZ,视源股份,2024-06-30,0.02885902,0.15476474,-0.35182214,-0.012661351,0.19296043,-0.0069258204,4,0.19296042621135712
038406abae313411442eec4e,002845.SZ,同兴达,2024-06-15,0.18898287,-0.3686333,0.038009085,-0.2689425,0.6298613,-0.16498259,4,0.6298612952232361
7ec344d9071d0a973a2211c0,002848.SZ,*ST高斯,2024-06-30,0.15195301,-0.06458335,0.035152256,-0.16359863,0.09856951,-0.07930175,0,0.15195301175117493
e33516b3fb86ebb623afe7d7,002857.SZ,三晖电气,2024-06-15,0.17549807,0.03597708,-0.107201464,-0.060921595,0.113122836,-0.058927458,0,0.17549806833267212
f2f389f7667b012c4baf9b47,002858.SZ,力盛体育,2024-06-15,-0.1876364,0.36260572,-0.22387867,-0.037200328,-0.26164806,0.14170493,1,0.3626057207584381
f749006a0b8748b1758c0b23,002960.SZ,青鸟消防,2024-06-15,0.094945274,0.032283574,-0.15503727,-0.08638035,0.1861169,-0.05338482,4,0.18611690402030945
63164953d9fcb60633b5d502,300504.SZ,天邑股份,2024-06-15,0.03977875,0.12745902,-0.18439399,-0.08605632,0.11165803,-0.011542593,1,0.12745901942253113
a3aefebb2344f85b6a3d536b,300557.SZ,理工光科,2024-06-15,0.105847515,0.09490161,-0.18451351,-0.14456843,0.15550992,-0.07058527,4,0.15550991892814636
c7d9b506fdd8c30006020b44,300562.SZ,乐心医疗,2024-06-15,-0.08080995,0.14893004,-0.32367146,0.33477217,0.013124586,-0.0045900177,3,0.33477216958999634
09e14d26f794b062f0f49d87,300563.SZ,神宇股份,2024-06-15,0.2931701,-0.3513361,0.16776198,-0.21487117,0.47558296,-0.2038659,4,0.47558295726776123
8e8f4618a43a3b5470462fbc,300565.SZ,科信技术,2024-06-15,0.16358227,0.07335294,-0.19300115,-0.16535293,0.24334764,-0.07068215,4,0.2433476448059082
86254ebc3968d60195a70c8d,300566.SZ,激智科技,2024-06-15,0.19790319,-0.51134837,0.2957185,-0.1575764,0.6017915,-0.23023726,4,0.601791501045227
f16255669fb443f7b2287015,300567.SZ,精测电子,2024-06-15,0.18130153,-0.26302645,0.012912193,-0.11034492,0.44585264,-0.1771797,4,0.4458526372909546
1b1dc277a73e196b5d1d32bb,300575.SZ,中旗股份,2024-06-15,-0.060236577,-0.071216114,0.18082316,0.28924364,-0.15878579,-0.0108487625,3,0.2892436385154724
74de036774852158b922cde9,300582.SZ,英飞特,2024-06-15,0.2810232,-0.31093237,0.028627483,-0.22400877,0.5695735,-0.1814456,4,0.5695735216140747
c60b3d46d03a471dfdbc581a,300587.SZ,天铁科技,2024-06-15,0.07825543,-0.116513506,0.12760073,-0.11121382,0.110244706,-0.04549498,2,0.12760072946548462
7073eee38466eceb5985649b,300615.SZ,欣天科技,2024-06-15,0.24011822,-0.38006595,0.13682143,-0.20224081,0.5253317,-0.20003946,4,0.5253316760063171
45987bb07c21cb9aa1a8f781,300623.SZ,捷捷微电,2024-06-30,0.32166404,-0.42932278,0.05811881,-0.22543535,0.67118686,-0.22860084,4,0.6711868643760681
67f39f08dd3c792cc881a6f4,300624.SZ,万兴科技,2024-06-15,-0.1629942,0.28126976,-0.23427771,0.0696411,-0.16037095,0.077144384,1,0.28126975893974304
3ecb77a0cb9edd310157e1eb,300657.SZ,弘信电子,2024-06-15,0.16457419,-0.35701585,0.06838152,-0.19574323,0.55176973,-0.18312208,4,0.5517697334289551
4942625091ea0f0c9263e0df,300686.SZ,智动力,2024-06-15,0.22745614,-0.4170083,0.10612437,-0.2844912,0.65075076,-0.18115714,4,0.6507507562637329
b3b71de8d2900fc5c13ab40b,601020.SH,华钰矿业,2024-06-30,-0.06724352,-0.01844754,0.10786446,0.03199394,-0.12300587,0.029773055,2,0.10786446183919907
adf46a6bd202bbffd4d93a26,601838.SH,成都银行,2024-06-30,-0.22597389,0.37349948,-0.22770596,0.057047356,-0.33618945,0.14096668,1,0.37349948287010193
9a7154fda4da5007f6d850e8,601881.SH,中国银河,2024-06-30,-0.21107388,0.43364197,-0.2728328,0.041854654,-0.3620368,0.1591735,1,0.4336419701576233
6ffe78c1839a19af8e6b37b9,603086.SH,先达股份,2024-06-15,-0.0814558,-0.08735735,0.17814744,0.30277258,-0.14402519,-0.021649463,3,0.302772581577301
2c570dfd092cd09475bc38cc,603177.SH,德创环保,2024-06-30,0.12799516,-0.01827562,0.15775436,-0.18544109,0.015661184,-0.03684968,2,0.15775436162948608
d4159556b7a86f0f30760c33,603218.SH,日月股份,2024-06-30,0.6609678,-0.48356915,0.43751782,-0.24544814,0.25863415,-0.13933289,0,0.6609678268432617
e4c951da7101180c22b110c5,603228.SH,景旺电子,2024-06-15,0.1798478,-0.39353126,0.091688395,-0.26501486,0.60299844,-0.15256076,4,0.6029984354972839
f72b908d750213c2902d6eb8,603298.SH,杭叉集团,2024-06-30,0.08068077,0.0032405015,0.0022094399,-0.083761334,0.050165255,-0.015311532,0,0.08068077266216278
f7dc4f5e298debdd5137a8d6,603336.SH,宏辉果蔬,2024-06-15,-0.20698664,0.2654037,-0.12044174,0.17533891,-0.34185052,0.11417087,1,0.265403687953949
5cee78942fdfa59f032b169c,603517.SH,ST绝味,2024-04-05,-0.2018173,0.07815829,0.0017447649,0.32342315,-0.26127335,0.056350686,3,0.3234231472015381
993b6b19e36c80cf651e2f8b,603538.SH,美诺华,2024-07-01,-0.1211048,-0.110451356,0.116727695,0.5838622,-0.16571859,-0.027686846,3,0.5838621854782104
fc718dbb4682c4fbce0bb08a,603577.SH,汇金通,2024-06-15,0.5478312,-0.012850054,0.069870755,-0.19287302,-0.011064917,-0.043818478,0,0.5478311777114868
9b162ba66727d11a670e4bae,603579.SH,荣泰健康,2024-06-15,-0.09659085,0.21400338,-0.25475627,0.040762782,-0.013611816,0.07966019,1,0.21400338411331177
2ca45c740296a7ad48f400e3,603585.SH,苏利股份,2024-06-15,-0.028695405,-0.18176408,0.28789145,0.2140087,-0.102231294,-0.03894422,2,0.2878914475440979
38785199d72859a311e9008e,603637.SH,镇海股份,2024-06-15,0.21338709,-0.18461548,0.27910903,-0.19603646,0.13042447,-0.10108232,2,0.27910903096199036
4a4303efa862cb896f1e0740,603638.SH,艾迪精密,2024-06-15,0.29427803,-0.30097649,0.17944926,-0.12515365,0.35945445,-0.15955523,4,0.3594544529914856
b3be4136436ee0ae2d4497e6,603668.SH,天马科技,2024-06-30,-0.08871428,0.055837825,0.03442681,0.14668722,-0.17388201,0.026115935,3,0.14668722450733185
7a06844bfde09756cb698717,603677.SH,奇精机械,2024-06-15,0.20965554,-0.36782852,0.28080356,-0.18371446,0.3593128,-0.13745096,4,0.3593128025531769
2916a87d736dc5c123bc32b5,603797.SH,联泰环保,2024-06-15,-0.24905917,0.50314724,-0.19964746,-0.013729857,-0.4729303,0.20362753,1,0.5031472444534302
82b5063f688f64daa3735495,603823.SH,百合花,2024-06-15,-0.038215574,-0.2295708,0.33822125,0.08116159,0.0005374318,-0.055236224,2,0.3382212519645691
5768eae2a709983280f231db,603833.SH,欧派家居,2024-06-15,-0.14425957,0.17869033,-0.022440396,-0.043720905,-0.17490046,0.1861401,5,0.18614010512828827
3efd02b0e7fa2cab92054a61,603877.SH,太平鸟,2024-06-15,-0.24298176,0.25218183,-0.12840421,0.096298434,-0.2772538,0.16621794,1,0.2521818280220032
e3e84e70ae50e725308ceaa2,603928.SH,兴业股份,2024-06-15,0.021997806,-0.35209703,0.59255767,-0.061458886,-0.00079610944,-0.057711057,2,0.5925576686859131
835ed71b2536f8660fb19afb,603966.SH,法兰泰克,2024-04-05,0.378016,-0.26765662,0.09894342,-0.28350925,0.4326866,-0.15298592,4,0.43268659710884094
053e9383f9a6cba28db6ddb5,603990.SH,麦迪科技,2024-07-01,-0.15678382,0.46226853,-0.45956004,0.13177639,-0.14769961,0.06224379,1,0.46226853132247925
5cdb874497fa91c9ca579c93,000166.SZ,申万宏源,2024-03-15,-0.18575314,0.33782965,-0.21953622,0.05561877,-0.30316535,0.12154737,1,0.3378296494483948
3c306a2b905f2d8e719304c7,002846.SZ,英联股份,2024-06-30,0.04358183,-0.2520576,0.32033622,-0.03775245,0.10190609,-0.07285481,2,0.3203362226486206
564f05aa8d4d0b6648a509ab,002847.SZ,盐津铺子,2024-03-15,-0.23652156,0.10444115,-0.05123849,0.31101954,-0.25159907,0.091784425,3,0.31101953983306885
ab0c05203a87b9a2558c3891,002850.SZ,科达利,2024-06-15,0.59657395,-0.46468496,0.22840771,-0.28413025,0.46769178,-0.16516785,0,0.5965739488601685
4e3a57cef0d891b4e3327759,002853.SZ,皮阿诺,2024-06-15,-0.14042406,0.11242896,0.06521789,0.0076971725,-0.15608025,0.10677564,1,0.11242896318435669
9f983149888103d9f08c375e,002855.SZ,捷荣技术,2024-06-15,0.11943707,-0.33392462,0.09193912,-0.24081185,0.5124409,-0.097656585,4,0.5124409198760986
2f31c0d245c69365c9599b5c,002861.SZ,瀛通通讯,2024-06-30,0.17473593,-0.36971632,0.06785968,-0.20330946,0.55191916,-0.15480432,4,0.551919162273407
05ead034999282ccb385137c,002867.SZ,周大生,2024-06-15,-0.23341574,0.2457358,-0.12612042,0.08555954,-0.267932,0.1591623,1,0.2457357943058014
88814a1a9bf4ae48f84f1c8a,002953.SZ,日丰股份,2024-06-15,0.68607044,-0.52148443,0.32043794,-0.28271872,0.44853014,-0.20616229,0,0.686070442199707
4f1bd270840471682e035f71,300568.SZ,星源材质,2024-06-15,0.19116244,-0.5079454,0.51955897,-0.14708741,0.39193618,-0.2093441,2,0.5195589661598206
b945e95762a67340ab0fdb36,300571.SZ,平治信息,2024-06-30,-0.17846999,0.44641283,-0.35881987,0.02688624,-0.23910488,0.10411622,1,0.4464128315448761
162ebbd6fe34115d9fb266f9,300576.SZ,容大感光,2024-06-15,0.09990804,-0.31908643,0.28121033,-0.050436452,0.23648807,-0.13983701,2,0.281210333108902
945dbb04d75d08fa6900b281,300578.SZ,会畅科技,2024-06-15,-0.062096056,0.24793546,-0.2672936,0.01799787,-0.05661828,0.020242732,1,0.2479354590177536
fb5698751e42322a430a471b,300580.SZ,贝斯特,2024-06-15,0.28882274,-0.48712152,0.25799587,-0.2842387,0.5807387,-0.19461513,4,0.5807387232780457
0e78dcf51f76f301e1d9f5af,300581.SZ,晨曦航空,2024-06-15,0.07493717,-0.013900825,-0.08395925,-0.10059062,0.16114013,-0.08125325,4,0.16114012897014618
f37945eeb9a81c8a7c71651b,300592.SZ,华凯易佰,2024-06-30,-0.20843282,0.34694064,-0.25883803,0.07885135,-0.2693426,0.12505135,1,0.34694063663482666
c838035bc332ed9d409e2e41,300597.SZ,吉大通信,2024-06-15,-0.039328046,0.2978078,-0.26552317,-0.061875224,-0.10602834,0.06439507,1,0.29780781269073486
3d7665b04d6cd160e944342f,300598.SZ,诚迈科技,2024-06-15,0.03677015,0.26709536,-0.4110795,-0.15973061,0.20437188,-0.0640268,1,0.2670953571796417
8a31e0aa3f84101aab1582b5,300606.SZ,金太阳,2024-06-15,0.22634146,-0.49532974,0.32578042,-0.10186861,0.48293015,-0.2129105,4,0.48293015360832214
bb933f65af04d48e10335324,300619.SZ,金银河,2024-06-15,0.30124283,-0.50435627,0.3397298,-0.15100513,0.49428326,-0.22326054,4,0.4942832589149475
19ac2ab19db8e259db3d019b,300678.SZ,中科信息,2024-06-15,-0.014912068,0.078435086,-0.090585925,-0.016863033,-0.0057989247,0.0032334498,1,0.07843508571386337
fb001c179c05b3c0c49ea15b,300682.SZ,朗新科技,2024-06-15,-0.01800616,0.50362694,-0.3566562,-0.06246473,-0.2216406,0.06438764,1,0.5036269426345825
f8f9fbb752a65f4be4c002b1,300684.SZ,中石科技,2024-06-15,0.29288808,-0.47834688,0.17389843,-0.2691587,0.68031543,-0.23984896,4,0.6803154349327087
5ff1e4f48c53e5b368e43b3f,300987.SZ,川网传媒,2024-06-15,-0.193661,0.4266155,-0.3312652,0.04157846,-0.26063195,0.10526372,1,0.42661550641059875
dc098f4bdd300ce438ffcb0f,601228.SH,广州港,2024-04-05,-0.11226621,0.20947656,-0.10011459,0.004255373,-0.20410468,0.07399697,1,0.2094765603542328
70cafcf429f3ee09cf5da3dd,601375.SH,中原证券,2024-06-15,-0.20879945,0.3596166,-0.22544736,0.08552961,-0.33673537,0.13827826,1,0.35961660742759705
60f565e1076257eff711f69e,603032.SH,德新科技,2024-06-15,0.22367062,-0.31237724,0.14920244,-0.19460014,0.38280872,-0.13908216,4,0.38280871510505676
70c06facb15d63561e9d1a00,603037.SH,凯众股份,2024-06-15,0.22153986,-0.47026086,0.2922855,-0.2281672,0.49651855,-0.13604231,4,0.4965185523033142
f683678acce1d1b571746ad2,603038.SH,华立股份,2024-06-15,0.030826412,-0.17679171,0.33333752,-0.08484918,0.03424819,-0.025309125,2,0.3333375155925751
a06ba486707e5540fd80b5ea,603039.SH,泛微网络,2024-06-15,-0.12538408,0.4840737,-0.39053982,0.040137656,-0.19946443,0.074788556,1,0.4840736985206604
86413f99eee705bb522f23d5,603040.SH,新坐标,2024-06-15,0.3113533,-0.48105416,0.25880927,-0.28661582,0.5617185,-0.17373072,4,0.5617185235023499
d0bbc3840f0c01332e93a594,603089.SH,正裕工业,2024-06-15,0.29863313,-0.44944113,0.23013768,-0.26946622,0.56602234,-0.17265494,4,0.5660223364830017
8f099e265f4e2c1e5f74accd,603165.SH,荣晟环保,2024-06-30,-0.025424844,-0.08245792,0.28344572,0.035281427,-0.11956671,0.0058890074,2,0.28344571590423584
eafd8502ddac47663747e261,603208.SH,江山欧派,2024-06-30,-0.016226891,-0.008508259,0.17252114,-0.090439424,-0.053486988,0.056925107,2,0.17252114415168762
5d4342e2fd09582719a8d7dd,603217.SH,元利科技,2024-06-30,0.017756231,-0.40427753,0.6409968,0.13904606,0.011445869,-0.1290778,2,0.6409968137741089
c05a454a7560dc66c0a47499,603238.SH,诺邦股份,2024-06-15,-0.0051597846,-0.25150242,0.34158522,0.056773074,0.048992693,-0.07427423,2,0.3415852189064026
0e6d35cdc6b4c956bc8c93ab,603303.SH,得邦照明,2024-06-15,0.009797368,-0.06346057,0.03924714,-0.07895785,0.12968916,-0.00036596134,4,0.12968915700912476
3515d75e4b59d869370aca69,603330.SH,天洋新材,2024-06-15,0.08528405,-0.36434376,0.4059805,-0.11134993,0.20502436,-0.08832528,2,0.40598049759864807
ca43814043ad8435b67d1612,603337.SH,杰克科技,2024-06-15,0.08864251,-0.12938146,0.04167245,-0.063862845,0.16255003,-0.06293168,4,0.16255003213882446
ee77fb343597d279a29a830f,603358.SH,华达科技,2024-06-15,0.17132486,-0.2951514,0.15247133,-0.26933676,0.4107532,-0.07141418,4,0.41075319051742554
4bdd72f40168f4df81897d36,603360.SH,百傲化学,2024-06-15,-0.016257944,-0.21871884,0.2733822,0.18831655,-0.01940367,-0.07316889,2,0.27338218688964844
b9e2f5d044876aab9e4aead3,603378.SH,亚士创能,2024-06-30,-0.0019191504,-0.060212836,0.20898524,-0.084603526,-0.041050278,0.043909118,2,0.20898523926734924
3974caf2e67ad629f59feaf4,603615.SH,茶花股份,2024-06-15,-0.13904086,-0.005064275,0.18671213,0.05947177,-0.13675156,0.04582995,2,0.1867121309041977
094f4daaac0a1f8db3801461,603626.SH,科森科技,2024-06-15,0.2770331,-0.5499644,0.26541567,-0.21099846,0.6184184,-0.19453806,4,0.6184183955192566
d2f120e19930cc0d2c6cbe28,603665.SH,康隆达,2024-06-15,0.0943968,-0.28748268,0.2952594,-0.008677568,0.14792082,-0.13087013,2,0.29525938630104065
eb80873dbebb7cd2984c9a29,603811.SH,诚意药业,2024-06-30,-0.20584357,-0.020868385,0.011124104,0.68694407,-0.295214,0.013620336,3,0.6869440674781799
0b0cfb42d9ea306f85ddc5eb,603817.SH,海峡环保,2024-06-15,-0.22538577,0.4504975,-0.16948476,-0.022993974,-0.41065776,0.15759881,1,0.45049750804901123
66749bb90e7928ecf78bc847,603839.SH,安正时尚,2024-06-15,-0.24965912,0.2771148,-0.14963403,0.07694302,-0.28532672,0.18168159,1,0.2771148085594177
1ac4cb50134e473a577cd360,603881.SH,数据港,2024-06-15,-0.13731888,0.5516155,-0.41027266,-0.030458476,-0.30139115,0.16038859,1,0.5516154766082764
b552b3b1d2d0e6482dfcedc1,603908.SH,牧高笛,2024-06-15,-0.11037897,0.031632192,0.07423043,0.047371767,-0.10373545,0.08922748,5,0.08922748267650604
04b4681af35b1c8cd182880c,002774.SZ,快意电梯,2024-06-15,0.0219361,0.18197988,-0.14198259,-0.12757961,-0.040793255,0.07491837,1,0.18197987973690033
fe297e7d7fda323cc2f05ad6,002849.SZ,威星智能,2024-06-15,0.081629544,0.16425885,-0.17445023,-0.08300642,0.03913172,-0.00094667263,1,0.16425885260105133
693e2bd2529ff3b2857630ef,002852.SZ,道道全,2024-06-30,-0.16560155,0.043085083,0.08065802,0.32693413,-0.2922725,0.062297657,3,0.3269341289997101
39baf62ae58f78e4a2b3d3fa,002862.SZ,实丰文化,2024-06-15,-0.12928142,0.09826351,-0.022999633,0.083223216,-0.10841944,0.04054491,1,0.09826350957155228
d70bd6b8569701ba7dc451dc,002875.SZ,安奈儿,2024-06-30,-0.23682147,0.2262774,-0.101063505,0.111523665,-0.25771672,0.10709248,1,0.2262773960828781
bd2355b5684d7cd4f2d7c350,002878.SZ,元隆雅图,2024-06-30,-0.23906416,0.2763468,-0.13710651,0.09121007,-0.27546123,0.12834445,1,0.2763468027114868
0da91bcea2bc4339877d7e24,002906.SZ,华阳集团,2024-06-30,0.12800306,-0.19346824,-0.12073354,-0.18758272,0.4780603,-0.09975302,4,0.4780603051185608
1cd7b2e22c78b890d5c9901a,002961.SZ,瑞达期货,2024-06-30,-0.17046553,0.2781366,-0.16127737,0.052845895,-0.27328974,0.105505854,1,0.27813661098480225
d19e06005679470f82f526e8,003002.SZ,壶化股份,2024-06-15,-0.020021036,0.0027529988,0.17943823,0.0205791,-0.13345565,-0.01635411,2,0.17943823337554932
f6da53312887c59746a78d87,300577.SZ,开润股份,2024-06-30,-0.08209961,0.052030943,-0.020324264,0.020100668,-0.020644896,0.013648083,1,0.05203094333410263
d3993c5cfa3c622612e05481,300583.SZ,赛托生物,2024-06-15,-0.10520944,-0.21529222,0.24842276,0.41679367,-0.098398685,-0.06305863,3,0.41679367423057556
2b6309f6ccbf00202673fa65,300593.SZ,新雷能,2024-06-15,0.6948578,-0.29665664,0.022775806,-0.28994954,0.42710623,-0.19157752,0,0.6948577761650085
aa8fd9c356188ed3590af1f4,300617.SZ,安靠智电,2024-06-30,0.7423146,-0.19935422,-0.030357037,-0.268722,0.3430472,-0.1588426,0,0.7423145771026611
7a50645d974e1e7543803e20,300629.SZ,新劲刚,2024-06-15,0.2546709,-0.47894755,0.24661806,-0.22582467,0.5784241,-0.22132957,4,0.5784240961074829
bd25030fe1b01a63ad7803f0,300647.SZ,超频三,2024-06-15,0.189452,-0.3353095,0.30525196,-0.19881597,0.32879406,-0.15599501,4,0.32879406213760376
47e7e1d69905fad681380642,300659.SZ,中孚信息,2024-06-15,-0.0056538195,0.031748805,-0.048301343,-0.005586237,-0.004495084,-0.0016369428,1,0.031748805195093155
52ac146e3c71483fa7e96f2a,300756.SZ,金马游乐,2024-06-15,0.117433004,0.034414608,-0.022056386,-0.14225048,0.12609045,-0.024414113,4,0.12609045207500458
15a29f8a3d598d4cdf78c1e4,300787.SZ,海能实业,2024-06-15,0.21460883,-0.25415242,-0.0015643947,-0.18337598,0.4713173,-0.16001184,4,0.4713172912597656
2827a1db29ea67b178f4066d,300800.SZ,力合科技,2024-06-15,0.0242759,0.1707194,-0.1339458,-0.009115898,-0.004875251,-0.055719484,1,0.17071940004825592
e17188eab4f2f8f70d3e5c54,300865.SZ,大宏立,2024-06-15,0.20669752,-0.16237938,0.16219789,-0.10595446,0.15923685,-0.11206154,0,0.2066975235939026
e4ed5222d9959a5b45b18339,300867.SZ,圣元环保,2024-06-15,-0.14726645,0.41634083,-0.15637453,-0.03191738,-0.3852884,0.13722894,1,0.41634082794189453
c4c83d4a4306a1cb0e1e9453,300958.SZ,建工修复,2024-06-15,-0.07882143,0.35947108,-0.121169716,-0.1039627,-0.24367887,0.078572646,1,0.35947108268737793
e9f35ec35e75c9f3db902117,600996.SH,贵广网络,2024-06-30,-0.15307145,0.31623846,-0.22527547,0.0073744487,-0.24980682,0.11184358,1,0.3162384629249573
f9b79e0d4c99c0aee528d3a1,601952.SH,苏垦农发,2024-06-30,-0.15563807,0.17916979,-0.048883844,0.06826713,-0.26966107,0.08927408,1,0.17916978895664215
ef86bad2b1a08824e3161e69,603041.SH,美思德,2024-06-30,0.054454364,-0.47810525,0.697459,0.03901025,0.099499926,-0.14192513,2,0.6974589824676514
c68a31eaac8254345eee687b,603050.SH,科林电气,2024-06-15,0.3674773,0.1486092,-0.20816715,-0.090537824,-0.022376707,0.0016960012,0,0.36747729778289795
45445f4a8f48417027ea4d82,603078.SH,江化微,2024-06-15,0.053337283,-0.44000846,0.3194078,0.016251419,0.31834042,-0.14260203,2,0.31940779089927673
8204599932e33eab031ec7ad,603096.SH,新经典,2024-06-15,-0.20588207,0.25156638,-0.12385134,0.090305135,-0.2883946,0.11980209,1,0.2515663802623749
cb4e341442eabcbfdae16700,603113.SH,金能科技,2024-06-15,-0.06743643,-0.24777083,0.58991504,0.08984757,-0.17211813,-0.04456246,2,0.5899150371551514
93d2b895c767fed63ba492f3,603138.SH,海量数据,2024-06-15,-0.12476259,0.5046009,-0.4012679,0.018302761,-0.2122105,0.06295758,1,0.5046008825302124
05c64eeb11704735edc122e9,603178.SH,圣龙股份,2024-04-05,0.27058807,-0.42018485,0.13662747,-0.24413832,0.5641553,-0.1842064,4,0.5641552805900574
c4b9c3e61f90ebbee00c3238,603179.SH,新泉股份,2024-06-15,0.1735889,-0.32456085,0.13865262,-0.24553348,0.43444365,-0.078911014,4,0.4344436526298523
987aba1dc6006bd852f43076,603180.SH,金牌家居,2024-06-15,-0.11135506,0.12564707,0.035724264,-0.035352126,-0.14285862,0.10407913,1,0.12564706802368164
ae26dfd2d5a14423e593010a,603385.SH,惠达卫浴,2024-06-15,-0.018282667,0.0007786527,0.09579681,-0.04420282,-0.017611615,0.03248877,2,0.09579680860042572
6abdf188a52bde077354f86c,603393.SH,新天然气,2024-06-15,-0.14032197,0.22949672,-0.060360216,-0.00029710867,-0.30871373,0.091801636,1,0.22949671745300293
7109a3fb04262ea15ea5f60c,603396.SH,金辰股份,2024-06-15,0.25631812,-0.37184632,0.23180355,-0.16676989,0.3794303,-0.1661489,4,0.37943029403686523
474f6f32e1e5940e0e6f8840,603536.SH,惠发食品,2024-06-30,-0.20541823,0.033169378,0.07946376,0.35873997,-0.26732242,0.054055512,3,0.358739972114563
a625cf3742e744aa507bf8b0,603630.SH,拉芳家化,2024-06-15,-0.19955194,0.14544508,-0.054030493,0.13862808,-0.22591348,0.08526334,1,0.1454450786113739
2836c9917a807882bc8cca26,603656.SH,泰禾智能,2024-06-15,0.15633196,-0.17297311,0.123229675,-0.047795184,0.19622266,-0.12758274,4,0.19622266292572021
fb7a2f1815a210e79051febd,603758.SH,秦安股份,2024-06-15,0.15696849,-0.30043778,0.16886261,-0.17954816,0.32345855,-0.08315318,4,0.32345855236053467
3ef9026a59a53d2205bdceab,603768.SH,常青股份,2024-06-30,0.089561746,-0.32168686,0.20982355,-0.20950872,0.3375483,-0.06919722,4,0.33754828572273254
1451c92a99c34d033e2fefb1,603787.SH,新日股份,2024-06-15,-0.006287284,0.061519407,-0.06480022,-0.04493911,-0.022114322,0.065976545,5,0.06597654521465302
2575d5c1d755257e39f3bc37,603803.SH,瑞斯康达,2024-06-30,0.0736209,0.2101978,-0.2788692,-0.09568182,0.0711626,0.0031056553,1,0.2101978063583374
154dfdb1741402c2a693e87a,603896.SH,寿仙谷,2024-06-30,-0.22402209,0.07924734,-0.01230928,0.4304213,-0.29552752,0.06742572,3,0.43042129278182983
0df7297240f14ca5893d9cd5,603903.SH,中持股份,2024-06-15,-0.06857344,0.3676107,-0.1359624,-0.06921645,-0.27393144,0.084550455,1,0.3676106929779053
73befab5b7e3aae33641bf26,603906.SH,龙蟠科技,2024-06-30,0.648059,-0.5799597,0.4973013,-0.11566253,0.2693936,-0.19387299,0,0.6480590105056763
cd38ba31b27c54c475a8255d,603920.SH,世运电路,2024-06-15,0.27574295,-0.42454222,0.061355993,-0.29386917,0.6879687,-0.18752028,4,0.6879686713218689
440b4b9196ba83553cee4e2b,603955.SH,大千生态,2024-06-15,-0.18340433,0.5232258,-0.26772094,-0.121081576,-0.3903698,0.19309062,1,0.5232257843017578
d3067d72215615c0f04a9e31,603960.SH,克来机电,2024-06-15,0.29940578,-0.28440982,-0.035907496,-0.311993,0.6005614,-0.14404668,4,0.6005613803863525
ef59f3a062d9098555461397,603991.SH,至正股份,2024-06-15,0.2133977,-0.48657066,0.38778436,-0.18670134,0.39836818,-0.16550703,4,0.3983681797981262
a95cbd9f6fb96c37a025e469,002859.SZ,洁美科技,2024-06-30,0.20617522,-0.58987856,0.33776486,-0.14998215,0.6297769,-0.23158482,4,0.6297768950462341
b84ade96b6d7c5d962858dab,002860.SZ,星帅尔,2024-06-30,0.31144992,-0.31176844,0.14399326,-0.18765967,0.4228706,-0.17925307,4,0.42287060618400574
d214b6a9d10fd0758c8df95e,002863.SZ,今飞凯达,2024-06-15,0.20327167,-0.41351458,0.2752288,-0.21728224,0.4365656,-0.13280655,4,0.4365656077861786
c52ec19b983d74182791446b,002868.SZ,*ST绿康,2024-06-30,-0.08943433,-0.03196789,0.106981814,0.26127216,-0.1725521,-0.012197772,3,0.2612721621990204
7b0ed47ee2e1baa31d8f47c9,002869.SZ,金溢科技,2024-06-15,0.05558899,0.28972977,-0.38164347,-0.14931811,0.08115192,-0.00049525313,1,0.2897297739982605
47ef7ccda06000ff33374e05,002870.SZ,香山股份,2024-06-30,0.14369051,-0.3916039,0.09879135,-0.15760095,0.53361046,-0.15391631,4,0.533610463142395
0aa361aa111318336cd85c49,002871.SZ,伟隆股份,2024-06-30,0.15555693,-0.22530335,0.24216475,-0.08827701,0.1489636,-0.07438327,2,0.242164745926857
541c38672f77856e97ed1637,002872.SZ,ST天圣,2024-06-30,-0.17908856,0.0835837,-0.07638976,0.32052743,-0.22103369,0.060456146,3,0.32052743434906006
7ce86edac335bf61a36fba6e,002876.SZ,三利谱,2024-06-30,0.17471747,-0.5057101,0.26957792,-0.14113325,0.5771186,-0.19835192,4,0.5771185755729675
1463874039d028cef370624c,002882.SZ,金龙羽,2024-06-15,0.6112596,-0.39009568,0.34446123,-0.1984461,0.21654426,-0.13637975,0,0.6112595796585083
ee358da7fe560c31a3fdfadb,002902.SZ,铭普光磁,2024-06-30,0.27356872,-0.19580871,-0.0041474816,-0.18394054,0.4011905,-0.15934806,4,0.40119048953056335
ccda17170ed90e818b875c30,002926.SZ,华西证券,2024-06-30,-0.21726137,0.38557902,-0.25084245,0.06678383,-0.33337653,0.1442672,1,0.38557901978492737
d8188d3216414f4a1acada18,003020.SZ,立方制药,2024-06-15,-0.27244508,0.058063667,-0.078742966,0.6015002,-0.3005887,0.06322959,3,0.6015002131462097
059bfe23b5c2e3512c4ad621,300585.SZ,奥联电子,2024-06-15,0.33888593,-0.35352096,-0.0013683578,-0.25357148,0.6396906,-0.2083089,4,0.6396905779838562
759d62e214a71d355aa5eb7e,300588.SZ,熙菱信息,2024-06-15,-0.12599099,0.38126457,-0.35545042,-0.03319734,-0.1228695,0.057068195,1,0.3812645673751831
8222d6c6a05e1305c3c3bd8f,300589.SZ,江龙船艇,2024-06-15,0.021777678,0.03600292,-0.0026179887,-0.09250636,0.0029590335,-8.937251e-05,1,0.03600291907787323
b8422b0a1bee7088940f3cc7,300590.SZ,移为通信,2024-06-15,0.047597487,0.15324079,-0.25590798,-0.06603001,0.09999223,-0.019568183,1,0.15324078500270844
f2d369c975a6a983bad99cb8,300601.SZ,康泰生物,2024-06-30,-0.14225183,0.1373212,-0.21028945,0.478155,-0.20495276,0.008782428,3,0.4781549870967865
a99cd0d09fa61c1e8c7773fc,300602.SZ,飞荣达,2024-06-15,0.2895584,-0.44508898,0.09806278,-0.28082034,0.6916501,-0.22582938,4,0.6916500926017761
baa60d97f5a646299674b1cf,300610.SZ,晨化股份,2024-06-15,0.06717291,-0.4988056,0.6292746,0.0953013,0.16652973,-0.17389806,2,0.6292746067047119
ff3dac0b52aba3c4302a0c40,300612.SZ,宣亚国际,2024-06-30,-0.24232842,0.4003883,-0.25659218,0.0271716,-0.3039565,0.15617941,1,0.40038830041885376
49086743c7b9bb5ef3f1e3ee,300613.SZ,富瀚微,2024-06-15,0.107031874,-0.10813519,-0.22482663,-0.115082994,0.45636308,-0.12385539,4,0.45636308193206787
093cb94a027c6d19b9ac6ca7,300616.SZ,尚品宅配,2024-06-30,-0.17371672,0.22884624,-0.0950875,0.03035149,-0.19238031,0.13506249,1,0.2288462370634079
e34abd371ccf08e2142df935,300618.SZ,寒锐钴业,2024-06-30,-0.017887171,-0.19597095,0.30458644,-0.0015119575,-0.030902123,-0.045547813,2,0.3045864403247833
a237d021f5f6a9ea6e08731d,300638.SZ,广和通,2024-06-15,0.13515204,0.013609114,-0.23450834,-0.15468773,0.32580626,-0.101106465,4,0.32580626010894775
91b2fc81892e58abb0a38d2c,300645.SZ,正元智慧,2024-06-15,-0.051930964,0.49212593,-0.4503453,-0.041329548,-0.071436614,0.026639331,1,0.492125928401947
175d17c950e8bf669c07b28e,300675.SZ,建科院,2024-06-15,-0.08772674,0.41896844,-0.24946854,-0.0960412,-0.22642586,0.115487866,1,0.41896843910217285
b1f2b526b66e1ab8a1452e46,300868.SZ,杰美特,2024-06-15,0.053582583,-0.18139853,-0.05066211,-0.121129975,0.42783603,-0.0747961,4,0.42783603072166443
7b52c345e0d48f5ade1972cd,300945.SZ,曼卡龙,2024-06-15,-0.24773774,0.24065042,-0.10467599,0.11246494,-0.2744994,0.10667248,1,0.24065041542053223
3e278511ff43c63ba0c81035,300996.SZ,普联软件,2024-06-30,-0.12678084,0.5577271,-0.43441996,0.014811472,-0.24175502,0.06615423,1,0.5577270984649658
06e0b7bb37b878f36695ac62,603058.SH,永吉股份,2024-06-15,-0.13350706,0.0019686446,0.11677857,0.08103585,-0.12915628,0.030323789,2,0.11677856743335724
ec51e231669605086dcc7de2,603081.SH,大丰实业,2024-06-15,0.10808941,0.21349461,-0.17590407,-0.22501762,0.057629567,0.04984267,1,0.21349461376667023
e869515ac4465aa3b16f1680,603127.SH,昭衍新药,2024-06-15,-0.2632949,0.25902092,-0.21039388,0.53623414,-0.3535556,0.0682414,3,0.5362341403961182
631ab3031f893841063df228,603139.SH,康惠股份,2024-06-15,-0.10188099,-0.065507695,0.07037145,0.36349496,-0.14033495,-0.022152998,3,0.36349496245384216
5641b28f0118686f2c6ed0b0,603200.SH,上海洗霸,2024-06-15,-0.036600187,0.1976732,-0.06016896,0.048268363,-0.17485556,0.035399884,1,0.19767320156097412
645fc1a18968ace798978622,603229.SH,奥翔药业,2024-06-15,-0.20557153,-0.07843182,0.052976962,0.6533954,-0.23223728,0.0015084771,3,0.653395414352417
daca2eb36ae44e897d80aa98,603232.SH,格尔软件,2024-06-15,-0.04975619,0.4195864,-0.39693546,-0.012044018,-0.08195995,0.025269482,1,0.4195863902568817
06d3ebb5dbed8c123e59bd91,603269.SH,海鸥股份,2024-06-15,0.24952185,-0.23087567,0.23448187,-0.21220772,0.22403967,-0.11027761,0,0.24952185153961182
103b28ddf18cde4937432662,603496.SH,恒为科技,2024-06-30,0.06343824,0.21201617,-0.30117342,-0.07809512,0.10937254,-0.027336054,1,0.21201616525650024
7213ee48e12674577e5c4ce7,603501.SH,豪威集团,2024-06-15,0.081147954,-0.18321936,-0.12303157,-0.1331415,0.4472657,-0.1070733,4,0.44726571440696716
771d5f0cd156633a7c3ffedb,603586.SH,金麒麟,2024-06-15,0.21719708,-0.4364821,0.29079103,-0.20318592,0.45986545,-0.15979403,4,0.4598654508590698
d5150b0925985de78aca321e,603680.SH,今创集团,2024-06-15,0.14818089,-0.11574524,0.050097268,-0.16931689,0.22690865,-0.0647359,4,0.22690865397453308
b457d40d662b1fe0dd74bed1,603717.SH,天域生物,2024-06-15,-0.116584346,0.09788133,-0.10255114,0.047014132,-0.12753777,0.05697646,1,0.09788133203983307
a42911aae82fc874ae1d6262,603721.SH,*ST天择,2024-06-30,0.12544899,-0.09542592,0.045510918,-0.065384485,0.10205143,-0.083493605,0,0.12544898688793182
9d95855c6157b4bae3d0b0da,603728.SH,鸣志电器,2024-06-15,0.661432,-0.36128226,0.02455102,-0.24877973,0.5070572,-0.16913417,0,0.6614320278167725
a1c7a1b44efed398445ae33b,603776.SH,永安行,2024-06-30,-0.06442281,0.18112619,-0.13241138,-0.025415175,-0.1341996,0.07120845,1,0.1811261922121048
95b224aa18e06585375e6175,603826.SH,坤彩科技,2024-06-15,0.024636764,-0.27336878,0.35412753,0.02975855,0.049052805,-0.087097146,2,0.35412752628326416
7718b273592ec64e091531cb,603855.SH,华荣股份,2024-06-15,0.20749947,-0.08259836,-0.033248838,-0.24507996,0.24983852,-0.05849009,4,0.24983851611614227
8568e03ed4a616b332e32b85,603879.SH,永悦科技,2024-06-15,0.16402422,-0.3079612,0.33401316,-0.1259091,0.23087884,-0.12763608,2,0.3340131640434265
f3c20edcf922b4184ee89d9e,603926.SH,铁流股份,2024-06-15,0.18065923,-0.28468764,0.20471735,-0.26480508,0.32060778,-0.10412291,4,0.3206077814102173
3c2435d799ec3ee116725d12,001332.SZ,锡装股份,2024-06-15,0.30182707,-0.2644446,0.23158011,-0.2926742,0.3052814,-0.11506483,4,0.305281400680542
a020b6775cd1eb042843f6c7,002866.SZ,传艺科技,2024-06-30,0.21356776,-0.2988099,0.14500216,-0.19167149,0.37522337,-0.14624423,4,0.3752233684062958
a53fac2a424d7c5b7216d4a7,002877.SZ,智能自控,2024-06-15,0.29504392,-0.2149851,0.050349675,-0.24945524,0.37200665,-0.1373042,4,0.3720066547393799
4803758b7a718d8c4a8a6d7a,002879.SZ,长缆科技,2024-06-15,0.5214811,-0.08040112,0.0027074865,-0.17154737,0.09256145,-0.084653094,0,0.5214810967445374
aa9b5eb36ffe4400a33c1f35,002880.SZ,卫光生物,2024-06-15,-0.15692915,-0.0056678355,-0.023079293,0.55849,-0.23077215,0.0009062728,3,0.558489978313446
4e03ab540e0be18113a7eb9f,002884.SZ,凌霄泵业,2024-06-15,0.1627147,-0.27776828,0.28992254,-0.08764136,0.2013061,-0.081098884,2,0.2899225354194641
e00089c6d8089192c0610c9c,002886.SZ,沃特股份,2024-06-15,0.16760711,-0.440007,0.40176883,-0.1410545,0.33611128,-0.16379051,2,0.40176883339881897
97e20c0d4ce60c4204aee5b1,002893.SZ,京能热力,2024-06-15,-0.16883314,0.40328214,-0.18050806,-0.06266049,-0.37144083,0.16740683,1,0.40328213572502136
51b673a9cf364d91c63905e6,002900.SZ,哈三联,2024-06-30,-0.16448805,0.0068815146,-0.045136336,0.47144344,-0.20404813,0.0031413585,3,0.47144344449043274
978529a1432598dfd8a29555,002935.SZ,天奥电子,2024-06-15,0.10296124,0.006010726,-0.0950762,-0.11191974,0.17975545,-0.074687764,4,0.17975544929504395
41fc2c36d85150f22139621f,002965.SZ,祥鑫科技,2024-06-15,0.3000544,-0.4959348,0.2648725,-0.28398624,0.5834953,-0.17991488,4,0.5834953188896179
fe62b086628fd3e52071570c,003025.SZ,思进智能,2024-06-15,0.15068218,-0.22654067,0.10744685,-0.11651689,0.26072326,-0.09911615,4,0.2607232630252838
8f94652dbf9a0e79fa3dbfcb,300498.SZ,温氏股份,2024-06-15,-0.17468601,0.14831276,-0.039891887,0.19944382,-0.2742349,0.07627961,3,0.19944381713867188
9208cc414f579e07071e9c0b,300584.SZ,海辰药业,2024-06-15,-0.25142613,0.06399778,-0.11222781,0.66333133,-0.29966137,0.049689427,3,0.6633313298225403
50faceab4d54323daa30c61a,300591.SZ,万里马,2024-06-15,-0.11787444,0.18749222,-0.14862925,-0.012289576,-0.057808854,0.043324005,1,0.1874922215938568
93e3f1d9e443030a2e7d667a,300595.SZ,欧普康视,2024-06-30,-0.097408645,-0.009214095,-0.09550008,0.35466185,0.021871347,-0.055918097,3,0.35466185212135315
0fefa94df6d286f9f0365cee,300599.SZ,雄塑科技,2024-06-15,-0.0007637937,-0.118608415,0.34204534,-0.035740074,-0.06432797,-0.0061324853,2,0.3420453369617462
2786da6c3f721b4591d3e81c,300605.SZ,恒锋信息,2024-06-15,-0.09046821,0.53105175,-0.45161653,-0.05177968,-0.15385956,0.045643926,1,0.531051754951477
cb148cad4cb43d66ff966a8f,300608.SZ,思特奇,2024-06-15,-0.10220166,0.52174175,-0.46341133,-0.009208362,-0.13446717,0.051719755,1,0.5217417478561401
b027d0dd915c35939e392747,300609.SZ,汇纳科技,2024-06-15,-0.17925033,0.5297481,-0.4063499,0.029323362,-0.25030476,0.09997743,1,0.5297480821609497
534b5f1ec0c59b579348a82a,300611.SZ,美力科技,2024-06-15,0.25983068,-0.46970874,0.22381674,-0.2592113,0.59042567,-0.19443479,4,0.5904256701469421
96a7ff7f9ac7818feff1d675,300622.SZ,博士眼镜,2024-06-15,-0.13969614,0.16965157,-0.1585268,0.07556577,-0.1269567,0.085612535,1,0.1696515679359436
8dd9986dd03bd5928b77bce0,300639.SZ,凯普生物,2024-06-30,-0.1652898,0.20854193,-0.26153576,0.3877762,-0.1872304,0.104077086,3,0.3877761960029602
304ef1283941b8738c0af228,301098.SZ,金埔园林,2024-06-30,-0.22008605,0.5217447,-0.27822942,-0.031355277,-0.4092302,0.18428546,1,0.5217447280883789
8c2545979ba90dec11640744,601108.SH,财通证券,2024-06-30,-0.22832617,0.42528695,-0.26876003,0.059368927,-0.35899764,0.16070236,1,0.4252869486808777
1fd467d2239cfc9bbbb4fcf9,601121.SH,宝地矿业,2024-06-30,-0.09109502,0.009515055,0.13610607,0.008632991,-0.1835694,0.036346134,2,0.13610607385635376
426471e512c7dbe78d3a526f,603042.SH,华脉科技,2024-06-15,0.16122167,0.019816952,-0.1086004,-0.11753118,0.16378817,-0.06932105,4,0.16378816962242126
e320e66200cad638f9267e10,603063.SH,禾望电气,2024-06-15,0.70863366,-0.09872324,-0.0867624,-0.19998854,0.24447729,-0.10251942,0,0.7086336612701416
2fcd3461dc4eceac363615c7,603079.SH,圣达生物,2024-06-15,-0.08317075,-0.16934727,0.2284081,0.4404597,-0.15875214,-0.033173434,3,0.4404596984386444
55fb59c7ca2e747eb7546c2e,603093.SH,南华期货,2024-06-15,-0.14505707,0.22715467,-0.1112834,0.064509876,-0.24601933,0.08708396,1,0.2271546721458435
a42ab0b9d561ff4611fc7d76,603196.SH,璞源材料,2024-06-15,-0.19548266,0.20144448,-0.14518732,0.0875619,-0.2011377,0.15875088,1,0.20144447684288025
4c30a76a38d1339d644f3fcc,603316.SH,诚邦股份,2024-06-30,-0.1868257,0.5559305,-0.28246793,-0.118779145,-0.40707588,0.20286193,1,0.555930495262146
5718623a04c63281b90d88f0,603331.SH,百达精工,2024-06-30,0.32090554,-0.5254811,0.3648346,-0.2617356,0.52728844,-0.17865302,4,0.5272884368896484
307ef06498f225a921c2f2d1,603335.SH,迪生力,2024-06-15,0.1740565,-0.44148523,0.39513838,-0.17976502,0.3711279,-0.1280978,2,0.39513838291168213
59044e5c18408470692fa699,603357.SH,设计总院,2024-06-15,-0.0962327,0.47066098,-0.28072196,-0.14905962,-0.25721386,0.12323123,1,0.4706609845161438
7f41a39fa9fe6a53b5df0391,603387.SH,基蛋生物,2024-06-15,-0.09471955,0.022125527,-0.111702144,0.49893388,-0.09528782,-0.032062672,3,0.498933881521225
30e3429639d330740ce8c2ef,603488.SH,展鹏科技,2024-06-15,0.21364512,-0.08360224,-0.010588688,-0.1814474,0.22176471,-0.06405398,4,0.2217647135257721
e71eae9c8d4764d27db77085,603587.SH,地素时尚,2024-06-30,-0.23721717,0.25092253,-0.13747014,0.07842604,-0.26952106,0.17993887,1,0.2509225308895111
144511cd416fa6394ac7ab01,603619.SH,中曼石油,2024-06-15,-0.030736107,0.15718544,-0.0761816,-0.0650259,-0.11688831,0.047546577,1,0.15718543529510498
5ce910225aba395dfd76938b,603679.SH,华体科技,2024-06-15,0.27357683,0.30656096,-0.363185,-0.12856306,-0.07893627,0.050731573,1,0.3065609633922577
61779eb6c853d26824aee2f6,603711.SH,香飘飘,2024-06-15,-0.13992283,0.110898025,-0.051114514,0.0786052,-0.1582753,0.08327556,1,0.11089802533388138
574cd4a0aabf8af863ad5024,603725.SH,天安新材,2024-06-15,-0.0119715445,-0.2256152,0.37973413,-0.05884201,0.06341823,-0.021509236,2,0.3797341287136078
e514f9f40e038b38ad0d095d,603767.SH,中马传动,2024-06-15,0.27021006,-0.487229,0.2840687,-0.284653,0.55486983,-0.1704001,4,0.5548698306083679
0d3ec48c3aed34be128a41f4,603856.SH,东宏股份,2024-06-15,0.14842826,-0.27317876,0.41549954,-0.11927883,0.1230168,-0.10391187,2,0.4154995381832123
0f90672ff852969baac38f6f,603880.SH,南卫股份,2024-06-15,-0.051235855,-0.19659,0.16662583,0.47205788,-0.021498432,-0.08273898,3,0.47205787897109985
a9010554d1e0be68a7daf8c9,603938.SH,三孚股份,2024-06-15,0.1283901,-0.4199509,0.5207363,-0.055998046,0.15979151,-0.14313714,2,0.5207362771034241
8f76b6a17d4c413e6ce70790,603970.SH,中农立华,2024-06-15,-0.22020124,0.27566668,-0.11289446,0.27585483,-0.3891307,0.10827649,3,0.27585482597351074
4c4516974f4c5a7870ac9e9b,603978.SH,深圳新星,2024-06-15,0.08689797,-0.34291124,0.40588358,-0.06632827,0.13241589,-0.096431285,2,0.4058835804462433
7f256876d57a3640b4f90574,603985.SH,恒润股份,2024-06-15,0.69617975,-0.5460319,0.43266937,-0.23416902,0.34091514,-0.18714674,0,0.6961797475814819
5c3fc7486259f525db9162a7,605303.SH,园林股份,2024-06-15,-0.2202934,0.527279,-0.23396008,-0.07663996,-0.43983877,0.21175012,1,0.5272790193557739
cccc928b39418901e1abb80c,002883.SZ,中设股份,2024-06-15,-0.0663989,0.42965156,-0.19219974,-0.15079974,-0.27643004,0.11615294,1,0.42965155839920044
0cf558a11a6176b9ac53d6c9,300514.SZ,友讯达,2024-06-15,0.14002399,0.071232565,-0.17158441,-0.10844848,0.13977307,-0.058744825,0,0.14002399146556854
19e64ea9326d994ee0bc3232,300603.SZ,立昂技术,2024-06-15,-0.063201986,0.21748874,-0.19499372,-0.035941236,-0.094029166,0.0435613,1,0.21748873591423035
aa10d327dd81adf0dfd1a87e,300620.SZ,光库科技,2024-06-15,0.23026347,-0.26824957,0.040453307,-0.1408344,0.4534955,-0.20594686,4,0.45349550247192383
08c013516239587f7bf732ff,300621.SZ,维业股份,2024-06-15,-0.14344049,0.3175418,-0.21869247,-0.049831856,-0.2158989,0.12700044,1,0.31754180788993835
3999c4fce305e9b3bdf1e682,300625.SZ,三雄极光,2024-06-15,0.0035420507,0.052253067,-0.0570961,-0.09283977,0.06976303,0.02198138,4,0.06976302713155746
e90f291c882a3454795bde9e,300626.SZ,华瑞股份,2024-06-15,0.7382746,-0.5426162,0.2693384,-0.2820847,0.52865803,-0.2385274,0,0.7382745742797852
06c762e028e89ec1489a328e,300627.SZ,华测导航,2024-06-15,0.093459904,0.15365848,-0.29134864,-0.05790823,0.1479228,-0.04658752,1,0.15365847945213318
e1c41242ce6556ffcbb799f6,300628.SZ,亿联网络,2024-06-15,0.021467913,0.16088529,-0.28871983,-0.0171816,0.13626301,-0.05164985,1,0.160885289311409
340f3a903475972162ce6e5c,300633.SZ,开立医疗,2024-06-15,0.037340827,-0.04002274,-0.22076383,0.3522503,0.19930539,-0.12998563,3,0.3522503077983856
4f08fe37133c85a6bcb104ca,300635.SZ,中达安,2024-06-15,-0.06563811,0.23410478,-0.17666781,-0.019457288,-0.13505703,0.05717543,1,0.23410478234291077
b1f5f10f500d8f7c0160e644,300636.SZ,同和药业,2024-06-15,-0.09100969,-0.12231374,0.101130806,0.47658932,-0.11491323,-0.051963165,3,0.4765893220901489
7a6bf5dca795b95e682370ea,300637.SZ,扬帆新材,2024-06-15,0.02926023,-0.4914376,0.6050985,0.10727533,0.17550738,-0.17669776,2,0.6050984859466553
8710dbc7841a53b857e6334d,300643.SZ,万通智控,2024-06-15,0.2718312,-0.19150636,-0.10117363,-0.25300333,0.56966335,-0.16979457,4,0.5696633458137512
90feb9b95bf6527d6f9c238f,300648.SZ,星云股份,2024-06-15,0.5538914,-0.23576094,-0.04698201,-0.13746259,0.35796103,-0.1756031,0,0.5538914203643799
ed675c433dfa78edebd32fb9,300650.SZ,太龙股份,2024-06-15,-0.021996593,0.13451606,-0.12826596,-0.11999416,0.028297987,0.0632518,1,0.13451606035232544
15f36a81b1400206ba003ab6,300652.SZ,雷迪克,2024-06-15,0.32393217,-0.4867726,0.2033484,-0.22104368,0.61323154,-0.22203603,4,0.6132315397262573
b9c007c85601deef027b7bf2,300653.SZ,正海生物,2024-06-15,-0.05830351,-0.17954282,0.09794706,0.48221147,0.0076061087,-0.10799357,3,0.48221147060394287
d5c7cf6694bbc377c3bbfbe9,300661.SZ,圣邦股份,2024-06-30,0.13223366,-0.24038565,-0.10112116,-0.10469849,0.5014386,-0.16351773,4,0.5014386177062988
d64faf83a5568fcd80ce5e28,300662.SZ,科锐国际,2024-06-15,-0.20239484,0.34437025,-0.21095057,0.06768723,-0.277716,0.11150824,1,0.3443702459335327
27b98069495929c2bd8388d3,300663.SZ,科蓝软件,2024-06-15,-0.1419363,0.5342858,-0.4509653,0.029930392,-0.19087118,0.059234172,1,0.5342857837677002
c2becab4e469dd763dc50b75,300670.SZ,大烨智能,2024-06-30,0.5752375,0.1389388,-0.28482506,-0.16381994,0.12015565,-0.06356392,0,0.575237512588501
7e37d1297e99e9b2cfe70447,300676.SZ,华大基因,2024-06-30,-0.08184075,0.18830241,-0.27847347,0.30336982,-0.07476871,-0.009876087,3,0.30336982011795044
bbcd52e9974cfc933f320420,300685.SZ,艾德生物,2024-06-15,-0.116523415,0.06517071,-0.16416952,0.4735866,-0.09214493,-0.03597398,3,0.4735865890979767
2cceac5acbcbfe41bf19a88b,300695.SZ,兆丰股份,2024-06-15,0.31637454,-0.41661432,0.2054285,-0.23499314,0.543742,-0.18118577,4,0.5437420010566711
d43e2af87d602f97d0d08054,300699.SZ,光威复材,2024-06-30,0.12699229,-0.2890971,0.30105674,-0.10895206,0.1926193,-0.11635809,2,0.30105674266815186
95d852b23da1ab92075fa316,300700.SZ,岱勒新材,2024-06-15,0.12693056,-0.29252386,0.2784554,-0.074461475,0.19278824,-0.11771154,2,0.2784554064273834
46ccb0e684b6a51264169e97,300701.SZ,森霸传感,2024-06-15,0.16790232,-0.25407553,-0.021628624,-0.16559921,0.4860109,-0.16306049,4,0.48601090908050537
8536ea6fed3a708dc8c783ca,300708.SZ,聚灿光电,2024-06-15,0.22118467,-0.5062957,0.21204671,-0.124023825,0.60929495,-0.23879437,4,0.6092949509620667
a5535f2597591f650a5aa53d,300767.SZ,震安科技,2024-06-15,0.049744107,-0.06767319,0.08240788,-0.08420338,0.041483887,-0.02039545,2,0.0824078768491745
5303fa6c730e1cd1c969a2e3,300801.SZ,泰和科技,2024-06-15,0.10368798,-0.3248901,0.53074265,0.10181815,0.04767483,-0.14674808,2,0.5307426452636719
85dd441a2e13fa9855ac4161,300837.SZ,浙矿股份,2024-06-15,0.20303519,-0.23199794,0.2748082,-0.09482736,0.15780944,-0.10510687,2,0.27480819821357727
6ef59bf9078cbd27c8cf66ad,300908.SZ,仲景食品,2024-06-15,-0.21713576,0.06438022,0.03389612,0.35840863,-0.27927634,0.049535714,3,0.3584086298942566
91d67444ec30840e0f0a3874,300953.SZ,震裕科技,2024-06-15,0.6465715,-0.5125475,0.2726302,-0.26321787,0.47978944,-0.18618554,0,0.6465715169906616
91720474277089f94a65e87d,300963.SZ,中洲特材,2024-06-30,0.20319726,-0.3929255,0.4090948,-0.12461878,0.24814951,-0.14294793,2,0.40909481048583984
8db3436f3456880954c6db9c,301153.SZ,中科江南,2024-06-15,-0.14093027,0.5821233,-0.44433272,-0.0070254253,-0.23884493,0.0723055,1,0.5821232795715332
1be7f1f47181f8eea35250bd,301208.SZ,中亦科技,2024-06-15,-0.082047254,0.48555136,-0.4690647,0.033156753,-0.10080075,0.030418549,1,0.4855513572692871
a46d7b8b33add8d5bc9739d8,301286.SZ,侨源股份,2024-06-15,0.008445991,-0.09081438,0.3468616,0.025193874,-0.12282634,-0.03410756,2,0.3468616008758545
d77c87814510e1b3f569d4f2,601019.SH,山东出版,2024-06-30,-0.17418529,0.24851787,-0.110509716,0.07876445,-0.29249638,0.15098406,1,0.24851787090301514
60f90c21630662a3397f5b47,601155.SH,新城控股,2024-04-05,-0.21742126,0.29779088,-0.19830033,0.027745899,-0.3231959,0.8449922,5,0.8449922204017639
0adf934913836ff385f75f23,603055.SH,台华新材,2024-06-15,-0.02256,-0.17419432,0.33055624,0.025647137,-0.022566237,-0.02848067,2,0.3305562436580658
d301234e0b89bfc14c52b867,603110.SH,东方材料,2024-06-15,0.06726921,-0.30092767,0.2916379,-0.08099105,0.20472388,-0.113438636,2,0.2916378974914551
d3ac202b9b7787cfe398ec47,603226.SH,菲林格尔,2024-06-15,-0.15210271,0.071062274,0.15049495,0.031923234,-0.19526571,0.1188159,2,0.15049494802951813
564ff27b7b69adef05d6c80e,603233.SH,大参林,2024-06-30,-0.2570843,0.3332495,-0.22598924,0.18094213,-0.34753853,0.18221292,1,0.3332495093345642
e5d180b3473115173a714cd9,603289.SH,泰瑞机器,2024-06-15,0.32540202,-0.4501153,0.22491269,-0.2233044,0.5558895,-0.20422001,4,0.5558894872665405
04cd72d2fa395a05c78e66cf,603535.SH,嘉诚国际,2024-06-15,-0.18439938,0.31573853,-0.1938213,0.0519522,-0.25749177,0.10719514,1,0.3157385289669037
02cf66333031685524dcfd61,603648.SH,畅联股份,2024-06-15,-0.11204265,0.22943065,-0.16132835,0.05168993,-0.16694807,0.06267427,1,0.2294306457042694
a10873a55078ebca863ee4d9,603683.SH,晶华新材,2024-06-15,0.16699795,-0.48390672,0.49283165,-0.18671554,0.37813264,-0.16301613,2,0.49283164739608765
dfeb41e05a1fa7504b1fe9f2,603916.SH,苏博特,2024-04-05,0.060205825,-0.24744785,0.5817915,0.020656677,-0.08637444,-0.03925413,2,0.5817915201187134
e075ba4172221fcd201f4b40,603933.SH,睿能科技,2024-07-01,0.26156625,-0.25801092,-0.06896038,-0.21602884,0.5361468,-0.17091289,4,0.5361468195915222
b38c4803bb20dc359d5e7910,001979.SZ,招商蛇口,2024-06-30,-0.15083098,0.27377167,-0.1777217,-0.006290069,-0.24240616,0.18462837,1,0.2737716734409332
05f84af23d3e1c8a652ea5d1,002826.SZ,易明医药,2024-06-15,-0.1545886,0.04935619,-0.09761884,0.39030284,-0.19045083,0.05540584,3,0.390302836894989
f9c2017e6b7a741e1820accc,002827.SZ,高争民爆,2024-06-30,-0.0456902,0.006414702,0.14255878,0.065666504,-0.14792593,0.024503887,2,0.14255878329277039
d5158ec5d8085a36f630d8aa,002885.SZ,京泉华,2024-06-15,0.35305247,-0.41775092,0.07381235,-0.28435424,0.64733565,-0.20425494,4,0.6473356485366821
853e9d81df14899c5e849fe7,002887.SZ,绿茵生态,2024-06-30,-0.17456505,0.35527846,-0.1192704,-0.0041370755,-0.35919622,0.15579867,1,0.35527846217155457
c0f6dbb27e6356e21794004f,002888.SZ,惠威科技,2024-06-15,0.14174677,-0.21773747,-0.03827236,-0.16870536,0.48054534,-0.098511085,4,0.4805453419685364
19210b438251e39f21b4971f,002890.SZ,弘宇股份,2024-06-15,0.07767666,-0.08792416,0.101904646,-0.013422736,0.051191427,-0.049593635,2,0.10190464556217194
5929d59f47166c59dd34b2db,002909.SZ,集泰股份,2024-06-30,0.20603397,-0.54329735,0.63055766,-0.15586431,0.336951,-0.19586574,2,0.630557656288147
807ab1f05148cae7393e01b9,003006.SZ,百亚股份,2024-06-30,-0.17975734,0.09002267,-0.0053449273,0.12361993,-0.18070737,0.07021013,3,0.1236199289560318
60f38099bfb9630de655eac3,300554.SZ,三超新材,2024-06-15,0.1514692,-0.3133626,0.2655402,-0.08877485,0.2503273,-0.1360789,2,0.265540212392807
3bae105ade220a8e7930cdfa,300604.SZ,长川科技,2024-06-15,0.22079387,-0.31433427,-0.015721262,-0.10834968,0.5788962,-0.20755607,4,0.5788962244987488
c9fab673b95340e634ec2ec0,300640.SZ,德艺文创,2024-06-15,-0.109882236,0.004435731,0.095430076,0.020092113,-0.018661771,0.014051431,2,0.09543007612228394
9c6fc03c7495bb01fce51311,300641.SZ,正丹股份,2024-06-15,0.020972995,-0.4259264,0.6506245,0.09324953,0.034054138,-0.13371721,2,0.6506245136260986
82aa91bb67b93a9514994d9e,300642.SZ,透景生命,2024-06-15,-0.09635665,0.021716867,-0.16740566,0.492859,-0.01548436,-0.038577028,3,0.49285900592803955
0ae326c1381b84514d80f0d9,300649.SZ,杭州园林,2024-06-15,-0.25815558,0.5473158,-0.30767345,-0.04011577,-0.40807015,0.21323514,1,0.547315776348114
9acef7b6f20e011d01f85c86,300651.SZ,金陵体育,2024-06-15,0.019052813,0.17562158,-0.15288845,-0.080376804,-0.021309197,0.009480691,1,0.17562158405780792
5dd0a81b0ea8891ebd87c8c5,300655.SZ,晶瑞电材,2024-07-01,0.13813785,-0.48016214,0.32333466,-0.07198647,0.420622,-0.1948035,4,0.42062199115753174
9bc1e557dd0d2ab53f0237be,300656.SZ,民德电子,2024-06-30,0.17010331,-0.18078533,-0.070345715,-0.1644572,0.4223353,-0.15498914,4,0.42233529686927795
a6daf2052862925ad062db27,300658.SZ,延江股份,2024-06-15,-0.039146416,-0.16268429,0.23900552,0.047745,0.01791943,-0.051023584,2,0.23900552093982697
e56b39cf3ba881e38ed9acc3,300660.SZ,江苏雷利,2024-06-15,0.64890146,-0.39536172,0.013399025,-0.19857429,0.54971224,-0.21212843,0,0.6489014625549316
118072e6ba031a6d28c64d5b,300666.SZ,江丰电子,2024-06-15,0.15350227,-0.45496228,0.27732083,-0.06970257,0.41717488,-0.17851019,4,0.4171748757362366
76f8f6f3074b290db04770b8,300667.SZ,必创科技,2024-06-15,0.17327923,-0.07778433,-0.14707094,-0.13172626,0.34031364,-0.13584594,4,0.3403136432170868
be0146bb29972fba4382d386,300671.SZ,富满微,2024-06-15,0.18558578,-0.29241362,-0.061862916,-0.17283246,0.5845271,-0.17846444,4,0.5845270752906799
49230ebbcace44ec685c4197,300680.SZ,隆盛科技,2024-06-30,0.345992,-0.3466951,0.07948258,-0.27905613,0.5750038,-0.20230463,4,0.5750038027763367
b709319bc2a9ee7490593a5c,300690.SZ,双一科技,2024-06-15,0.63322365,-0.5142486,0.3873955,-0.23626631,0.38890165,-0.21111095,0,0.6332236528396606
fe66ae1a64794795f20baaaa,300693.SZ,盛弘股份,2024-06-15,0.6937723,-0.19178969,-0.08247441,-0.24865776,0.3517591,-0.14637016,0,0.6937723159790039
7aae5c58725604c1ace78f5b,300703.SZ,创源股份,2024-06-15,-0.08583683,-0.030396014,0.13320918,0.028281411,-0.01953121,0.002945148,2,0.13320918381214142
8a96539163d62e5f887fd42c,300761.SZ,立华股份,2024-06-15,-0.14068905,0.11353881,-0.008326912,0.21905859,-0.24980742,0.0593871,3,0.2190585881471634
b826305aa6fd6a1d250bc812,300791.SZ,仙乐健康,2024-06-15,-0.21136074,0.035615593,-0.03990703,0.55906874,-0.1892426,-0.003430739,3,0.5590687394142151
c0f6c82f369478ceeb833278,300817.SZ,双飞集团,2024-06-15,0.27048934,-0.4646907,0.3116084,-0.16883445,0.45808038,-0.19577077,4,0.45808038115501404
cb2d7652046289e66c1073e2,300888.SZ,稳健医疗,2024-06-30,-0.20758338,0.005232132,-0.009684049,0.4834222,-0.13674505,-0.0034978567,3,0.483422189950943
e9e526247b13eeb2b9b91ab0,300929.SZ,华骐环保,2024-06-15,0.0043685744,0.2196988,-0.048710555,-0.057825424,-0.13651498,0.0048870146,1,0.21969880163669586
cdf254ef2823fac92a8629d7,600918.SH,中泰证券,2024-06-30,-0.21762146,0.37887427,-0.22849196,0.06810589,-0.33826232,0.14579068,1,0.378874272108078
b2af3e6bb4ade9e052525161,601162.SH,天风证券,2024-06-30,-0.17580622,0.31543422,-0.19793205,0.055265415,-0.27666396,0.11865652,1,0.31543421745300293
22e975bd741c59bcbb854d9c,601619.SH,嘉泽新能,2024-06-30,-0.058956947,0.17153238,-0.07260667,-0.035482593,-0.19206789,0.07485709,1,0.17153237760066986
cc9919a8cc3447c4eea88121,601949.SH,中国出版,2024-06-30,-0.20324065,0.31174558,-0.16864061,0.067237124,-0.3071269,0.12045351,1,0.3117455840110779
3bceaaf2c5a1b041d15482fb,603136.SH,天目湖,2024-06-30,-0.19012332,0.26792434,-0.15040892,0.05013915,-0.2779438,0.12416078,1,0.26792433857917786
649638e2f5d3be8f4faf5a01,603260.SH,合盛硅业,2024-06-30,0.05912492,-0.3759363,0.58105755,-0.00892782,0.037864633,-0.09841819,2,0.5810575485229492
8141c8ed64a31e3ef2fef328,603286.SH,日盈电子,2024-06-15,0.21620369,-0.27323014,-0.055520352,-0.23595344,0.5348759,-0.11488484,4,0.5348759293556213
d7fd99e5d5d8b63f9a41431e,603326.SH,我乐家居,2024-06-30,-0.10366298,0.116331905,0.02874495,0.016774826,-0.13298926,0.11206135,1,0.11633190512657166
90d8eaa8b3e84672142bb2bc,603329.SH,上海雅仕,2024-06-15,-0.18416338,0.2825684,-0.098915346,0.06653005,-0.3228121,0.12164612,1,0.28256839513778687
45b64de71c33cb4678a08fe6,603458.SH,勘设股份,2024-06-15,-0.10382222,0.3365541,-0.18821467,-0.077201724,-0.24000716,0.100934654,1,0.3365541100502014
ea262032aa1a6b1b9f7f0c88,603617.SH,君禾股份,2024-06-15,0.20828477,-0.23298773,0.1823049,-0.17102891,0.24681257,-0.058510195,4,0.24681256711483002
67cb85ed3bbdeee37b60d841,603707.SH,健友股份,2024-06-15,-0.15089713,-0.06944606,0.043312866,0.5845058,-0.21217002,-0.011646932,3,0.5845057964324951
fbb4552a693929e0ac471b94,603757.SH,大元泵业,2024-06-15,0.3293058,-0.39815462,0.22609535,-0.24294513,0.47430426,-0.17664021,4,0.4743042588233948
8f06ca0c749ffe03f8ed227f,603801.SH,志邦家居,2024-06-30,-0.12581784,0.12301435,0.061126284,-0.023128694,-0.15468524,0.10476714,1,0.12301435321569443
250a576892b32dd3f585e058,603809.SH,豪能股份,2024-06-30,0.27525038,-0.4242538,0.18942806,-0.25477755,0.5245849,-0.17939119,4,0.5245848894119263
3de7232627e47c8bd08aff89,603813.SH,*ST原尚,2024-06-30,-0.051115036,0.08395758,-0.05594146,-0.0050662532,-0.0815531,0.03975099,1,0.08395758271217346
9fc19e0a254d0e2befa469e8,603882.SH,金域医学,2024-06-30,-0.28733486,0.32165653,-0.32911637,0.48740977,-0.3136205,0.08822411,3,0.487409770488739
8416fb0b9813f6bd9ae60654,603980.SH,吉华集团,2024-06-15,-0.04332593,-0.18279997,0.3441561,0.10953282,-0.08986092,-0.029747019,2,0.34415608644485474
ca0e63fd8b636cc0841cabea,001218.SZ,丽臣实业,2024-06-30,-0.1536031,-0.05784435,0.30961406,0.19437903,-0.18810588,0.017119065,2,0.30961406230926514
03042ce443d1cae29afc5c7a,002881.SZ,美格智能,2024-06-15,0.16766037,-0.07344112,-0.25861302,-0.22418633,0.4968457,-0.11592119,4,0.49684569239616394
6a4189a1c81b6ee105e5c081,002891.SZ,中宠股份,2024-06-30,-0.15973733,0.11334436,-0.04373806,0.1772622,-0.20567203,0.06790735,3,0.17726220190525055
529f99cc48004614cf62b142,002892.SZ,科力尔,2024-06-30,0.5330244,-0.26973066,0.008408147,-0.14282973,0.33184698,-0.13803802,0,0.5330243706703186
caafe0af9c658a7070d75a6c,002895.SZ,川恒股份,2024-06-30,-0.009602182,-0.17432004,0.33451578,-0.0011145454,-0.07111737,-0.029554438,2,0.334515780210495
c4ed08e5436acba8ad6717a7,002897.SZ,意华股份,2024-06-15,0.2785893,-0.45097587,0.14596544,-0.29429114,0.6410278,-0.17860077,4,0.6410278081893921
007176f3a1982718a206d1a7,002898.SZ,*ST赛隆,2024-06-30,-0.18601343,0.03192776,-0.016925432,0.46212497,-0.24274491,0.03767632,3,0.4621249735355377
9d11b0981ef957e2e683471d,002901.SZ,大博医疗,2024-06-30,0.034962103,-0.16991737,0.058767304,0.333329,0.09104221,-0.11764426,3,0.3333289921283722
6a11c2adab3a800fe8cbbc30,002920.SZ,德赛西威,2024-06-30,0.17407802,-0.041637108,-0.26742324,-0.24594294,0.46421942,-0.0749204,4,0.46421942114830017
e40d282d488aee1dd712e1ba,300668.SZ,杰恩设计,2024-06-15,-0.09460101,0.24869479,-0.18311107,-0.03670498,-0.13584542,0.08588716,1,0.2486947923898697
693969bc3225137625c12bfa,300669.SZ,沪宁股份,2024-06-15,0.20486563,-0.19890578,0.044948474,-0.19012032,0.3355224,-0.11155273,4,0.3355224132537842
933db6bf72e6c697a7e1ed6d,300672.SZ,国科微,2024-06-15,0.08049637,-0.072123535,-0.18021117,-0.084383845,0.35727564,-0.11622746,4,0.3572756350040436
f0db9ae30261d5df1ceeba9f,300677.SZ,英科医疗,2024-06-15,-0.040619757,-0.19782285,0.13944653,0.39507452,0.066894695,-0.108405575,3,0.3950745165348053
b5b86deda32db3a9c1451189,300679.SZ,电连技术,2024-06-15,0.2828822,-0.39101923,-0.013283826,-0.24177346,0.7116739,-0.23440482,4,0.7116739153862
b38aa73ebab33740d9fb63f5,300681.SZ,英搏尔,2024-06-15,0.35626173,-0.3914832,0.08316617,-0.27137318,0.6247139,-0.20199135,4,0.6247138977050781
4ab44337219cb49fc33b7856,300683.SZ,海特生物,2024-06-15,-0.2164315,0.10113113,-0.14293705,0.509635,-0.2590439,0.04381387,3,0.5096349716186523
bdf48b2e8bc9cc0af1c19db0,300687.SZ,赛意信息,2024-06-15,0.048332658,0.20498724,-0.28095326,-0.09806658,0.15772346,-0.06932394,1,0.20498724281787872
336e699dd76889102f33b71f,300688.SZ,创业黑马,2024-06-15,-0.18261394,0.35068882,-0.25411445,0.07029478,-0.25544032,0.11638716,1,0.3506888151168823
d1411f319a3fcd71266ec980,300689.SZ,澄天伟业,2024-06-15,0.055208154,0.21261127,-0.3678342,-0.06456775,0.1599203,-0.042839833,1,0.21261127293109894
8fa10096f99993726e068028,300691.SZ,联合光电,2024-06-30,0.22083244,-0.31602857,-0.047598068,-0.1979555,0.63174963,-0.20302774,4,0.6317496299743652
49ee4997034bfd5b0f73fad5,300706.SZ,阿石创,2024-06-15,0.09515409,-0.45632386,0.3158072,-0.086268455,0.40006104,-0.18360919,4,0.4000610411167145
7b2681d7cfb422bdf7fc2645,300712.SZ,永福股份,2024-06-15,0.07819726,0.29521847,-0.17645313,-0.16783486,-0.1301345,0.0514629,1,0.29521846771240234
a33fc6a1101900a5323caf8f,300723.SZ,一品红,2024-06-15,-0.2600252,0.06479279,-0.12742679,0.67290163,-0.27430925,0.027139459,3,0.6729016304016113
875aa01a9f0cf0dd5e047597,301503.SZ,智迪科技,2024-06-15,0.104925655,-0.024628501,-0.15801348,-0.10334163,0.30789202,-0.0909502,4,0.3078920245170593
0da9a13b2e523d9b4aadc3eb,600901.SH,江苏金租,2024-06-30,-0.094972625,0.22806343,-0.1608317,0.007297661,-0.17358163,0.07670893,1,0.2280634343624115
3e1be59cd7b019e1404e8798,603076.SH,乐惠国际,2024-06-15,0.17493632,-0.3262601,0.3247226,-0.087342836,0.2623882,-0.15656489,2,0.3247225880622864
66376d6e4ba0ed8846f22ad6,603083.SH,剑桥科技,2024-06-15,0.15934274,-0.020093452,-0.12557618,-0.13062038,0.2877966,-0.079834044,4,0.28779658675193787
d90f0e18f4ab487eb7ee7b5a,603087.SH,甘李药业,2024-06-15,-0.21266477,0.063202664,-0.12049021,0.5624678,-0.24123803,0.025280554,3,0.5624678134918213
78e66222ee9cc1acfb9e2f0d,603106.SH,恒银科技,2024-06-30,-0.012209993,0.19723392,-0.22253728,-0.0048367125,-0.022668699,0.026605574,1,0.1972339153289795
2be99a2d492eddedc604b0b5,603129.SH,春风动力,2024-06-30,0.011127792,0.015239803,-0.02515205,-0.035587836,0.023677746,0.00079270825,4,0.023677745833992958
31ff3ad757a9aa5f0256e6b1,603181.SH,皇马科技,2024-06-15,-0.005685769,-0.34732062,0.6114173,0.11997065,-0.0006858483,-0.10930991,2,0.611417293548584
0de5359eeabef5594253852f,603183.SH,建研院,2024-06-15,-0.098269194,0.4889966,-0.2877345,-0.11902587,-0.28129375,0.12819697,1,0.48899659514427185
78ba2b8bf1f11194c560acb4,603283.SH,赛腾股份,2024-06-15,0.32362783,-0.36068168,0.014410018,-0.26655713,0.62889177,-0.1980399,4,0.6288917660713196
ef0ffe8acf705c83b4de43c3,603305.SH,旭升集团,2024-06-15,0.30001748,-0.48813418,0.31598458,-0.29591668,0.5329853,-0.14881083,4,0.5329853296279907
7888d2555ea5264ee792989c,603321.SH,梅轮电梯,2024-06-15,0.056773998,0.13097216,-0.11498773,-0.109943435,0.0022156425,0.042494506,1,0.13097216188907623
75ad096426e3f125a9056ed7,603363.SH,傲农生物,2024-06-15,-0.1397186,0.10364648,-0.02961069,0.1439609,-0.20650968,0.09476101,3,0.1439608931541443
87a23e235e566d18f150826f,603365.SH,水星家纺,2024-06-15,-0.20920531,0.14308673,-0.016593777,0.090427704,-0.22009444,0.14338306,5,0.14338305592536926
dd9ddb50fe11fd085ae20aef,603380.SH,易德龙,2024-06-15,0.2311677,-0.26682436,0.006570205,-0.31922275,0.5460635,-0.11279931,4,0.5460634827613831
236f21329280b07b6ccd2de0,603386.SH,骏亚科技,2024-06-15,0.11815896,-0.30083886,0.03604409,-0.24495448,0.5197448,-0.10805253,4,0.5197448134422302
152e48cef1a14f9e0cb88f5c,603429.SH,*ST集友,2024-06-15,-0.15091008,0.022594832,0.12833525,0.098152,-0.1599437,0.03667607,2,0.12833525240421295
79a44124203a8b2ca7a15fbe,603499.SH,翔港科技,2024-06-15,-0.02297799,-0.21296352,0.24177195,0.043188155,0.09499687,-0.0504273,2,0.24177195131778717
ce8b159922795a6e418a6fe0,603500.SH,祥和实业,2024-06-15,0.12550598,-0.070944905,0.08203627,-0.17705071,0.13049382,-0.034871656,4,0.13049381971359253
e05b07c2e07a57d963a4f380,603533.SH,掌阅科技,2024-06-15,-0.21650083,0.38454995,-0.28175294,0.04082887,-0.26846617,0.17800038,1,0.38454994559288025
23f6d516c9be4eabb8e5d1c4,603557.SH,ST起步,2024-06-30,-0.17777243,0.17657256,-0.09103233,0.075390786,-0.18231954,0.076290086,1,0.17657256126403809
e7547d0d5057f073a3608862,603595.SH,ST东尼,2024-06-15,0.18158388,-0.5814475,0.463699,-0.18848518,0.47770557,-0.17363311,4,0.47770556807518005
4a3c5eec4a227947531b68c7,603605.SH,珀莱雅,2024-06-30,-0.17698285,0.13640961,-0.060090523,0.112713054,-0.19268602,0.105013736,1,0.13640961050987244
b06f8ed5c814ddc92ec12803,603659.SH,璞泰来,2024-06-30,0.20259339,-0.52964795,0.6067939,-0.17457148,0.3220542,-0.14950389,2,0.6067938804626465
cce8632f347de3ed854c699f,603922.SH,金鸿顺,2024-06-15,0.15583393,-0.33134252,0.18887056,-0.2408247,0.39406836,-0.07208815,4,0.3940683603286743
d644d5000142f8034389311a,603976.SH,正川股份,2024-06-30,0.008030214,-0.23570508,0.22998141,0.31043512,0.0108062755,-0.07709644,3,0.31043511629104614
08e5c999095ad9fe79667281,605151.SH,西上海,2024-06-30,-0.030967979,-0.08377917,-0.018182423,-0.18839405,0.18847594,0.05315979,4,0.18847593665122986
e37288fcf9451b2cb6f52f55,001227.SZ,兰州银行,2024-06-30,-0.17917977,0.29596594,-0.18122056,0.03321428,-0.27371266,0.10944892,1,0.29596593976020813
59db8c4ad5bc18fba36fc51d,002896.SZ,中大力德,2024-06-15,0.2928095,-0.3451882,0.14019154,-0.22593285,0.44776198,-0.14765683,4,0.44776198267936707
1f9cef9c2f571e3bc0273183,002899.SZ,英派斯,2024-06-30,-0.010201213,0.10335186,-0.110865004,0.03995121,-0.0004956499,0.009706252,1,0.10335186123847961
ea0550a6454493b1d2a803c1,002903.SZ,宇环数控,2024-06-15,0.14808643,-0.25534725,0.11527539,-0.119199805,0.2865597,-0.118892916,4,0.28655970096588135
d72e9aa17e670dd7a0158053,002907.SZ,华森制药,2024-06-15,-0.21963859,0.069670595,-0.10362732,0.45640856,-0.2489732,0.0640362,3,0.4564085602760315
5daad5153575900cdb974bf1,002908.SZ,德生科技,2024-06-30,-0.108648084,0.50447893,-0.42287663,-0.059191205,-0.18177599,0.1057726,1,0.504478931427002
6ed65a4fe2858a27b6e64028,002912.SZ,中新赛克,2024-06-30,-0.07854571,0.40688184,-0.37884083,-0.026501479,-0.107930325,0.04399121,1,0.40688183903694153
1f34511d372427c60c8ae74e,002918.SZ,蒙娜丽莎,2024-06-15,-0.021082187,-0.034963194,0.06757684,-0.009158988,-0.0078567015,0.002900573,2,0.06757684051990509
d12579ae3445241ee1663661,002919.SZ,名臣健康,2024-06-30,-0.26231587,0.21132065,-0.08911073,0.18642804,-0.29341996,0.1509459,1,0.2113206535577774
3710fb962298b126b84ce3b9,002921.SZ,联诚精密,2024-06-15,0.23145697,-0.43919802,0.35275474,-0.2523958,0.41469306,-0.14432338,4,0.41469305753707886
d2d3f6049abb8e354e9560a6,002922.SZ,伊戈尔,2024-06-15,0.7622053,-0.4648435,0.19338077,-0.32326424,0.51352453,-0.20359907,0,0.7622053027153015
5014cfeaab45f4aa6ee66904,002970.SZ,锐明技术,2024-06-30,0.0631787,0.16177627,-0.27663037,-0.112114064,0.15099102,-0.02690062,1,0.16177627444267273
244c237a5647da0b0e52ab52,003033.SZ,征和工业,2024-06-15,0.28385654,-0.47333497,0.28612787,-0.23529527,0.51390207,-0.196883,4,0.5139020681381226
c3e36c30969ccac7ae0feb19,003036.SZ,泰坦股份,2024-06-15,0.06035746,-0.10693519,0.085292816,-0.023561016,0.08085387,-0.039679896,2,0.08529281616210938
79dbe43065bc51d6d15408df,300692.SZ,中赋科技,2024-06-15,0.21477567,-0.12248854,-0.008647435,-0.21288714,0.2731904,-0.10407455,4,0.2731904089450836
f3d33367c4c3b2e92a9773bc,300696.SZ,爱乐达,2024-06-15,0.12503685,-0.2548135,0.17021231,-0.15120038,0.2655576,-0.11571491,4,0.26555758714675903
5bd11d4a015ce080304b1e13,300697.SZ,电工合金,2024-06-15,0.12417673,-0.27367282,0.21858408,-0.07759285,0.20620616,-0.107968785,2,0.2185840755701065
ee9d05d59cd4a1cf755cf43f,300702.SZ,天宇股份,2024-06-15,-0.1429741,-0.110902354,0.13887158,0.568553,-0.19183227,-0.03212636,3,0.5685529708862305
f27861cd122267dc985f3066,300709.SZ,精研科技,2024-06-15,0.23561275,-0.535107,0.2382167,-0.24362412,0.6748611,-0.21854804,4,0.6748610734939575
7e00958fb85fde4c1ba4a314,300713.SZ,英可瑞,2024-06-15,0.71980137,-0.23717877,-0.06797926,-0.2672312,0.43617105,-0.17257711,0,0.7198013663291931
6ed1e2f115b90293fc058ee5,300717.SZ,华信新材,2024-06-30,0.13882282,-0.2993218,0.27036935,-0.13750333,0.29418525,-0.15123016,4,0.29418525099754333
351a6d7d8e7e31e38d08b54f,300720.SZ,海川智能,2024-06-15,0.21615727,-0.20139924,0.07272743,-0.11690788,0.30446905,-0.15724863,4,0.3044690489768982
26f7e8ce062f711e7d3ae8a1,300730.SZ,科创信息,2024-06-15,-0.14251296,0.5377374,-0.4472199,-0.018565957,-0.21125497,0.0818958,1,0.5377374291419983
87501c46faf1b1ee3470dc0a,300743.SZ,天地数码,2024-06-15,0.010591862,-0.17513067,0.23773953,0.010656689,0.10282977,-0.0832943,2,0.23773953318595886
f74ead522a9ddb5e444cf933,300878.SZ,维康药业,2024-06-15,-0.24238068,0.12008491,-0.13658725,0.5203857,-0.2973062,0.07191156,3,0.5203856825828552
becd118b075a7a0bcb10d1da,300886.SZ,华业香料,2024-06-30,-0.14632645,-0.19450395,0.435851,0.27147344,-0.14477114,-0.07191801,2,0.43585100769996643
4bc9c389dd7f9b22ba1624ac,300949.SZ,奥雅股份,2024-06-15,-0.18935272,0.5414915,-0.36108068,-0.091190524,-0.3048018,0.15264666,1,0.5414915084838867
ce8aaf90f13e936103ce235d,301026.SZ,浩通科技,2024-06-15,0.030215938,-0.28129163,0.36922327,-0.030265156,0.07945648,-0.096170604,2,0.3692232668399811
6a9e80828948e2aa1364112b,301333.SZ,诺思格,2024-06-30,-0.26856756,0.39325234,-0.37544826,0.44986576,-0.35565948,0.1064081,3,0.44986575841903687
c2a2b946afe305f4a95508e4,301428.SZ,世纪恒通,2024-06-25,-0.10108577,0.29025933,-0.2637705,-0.0017345594,-0.13355859,0.053623147,1,0.29025933146476746
7834845afe3dda078dac6804,600025.SH,华能水电,2024-06-30,-0.07816119,0.1756952,-0.07197886,-0.025417894,-0.21072346,0.07460516,1,0.17569519579410553
878a42323950513c1e54e2c2,600968.SH,海油发展,2024-03-15,-0.099108316,0.21846066,-0.12663572,-0.025748068,-0.19531155,0.07634367,1,0.21846066415309906
a5be2cd427a4d736ed11361a,601068.SH,中铝国际,2024-06-30,-0.04099893,0.19975683,0.08606848,-0.10648559,-0.25703824,0.081479155,1,0.19975683093070984
7c9cf0c6c1c83e9a4ecb5030,601330.SH,绿色动力,2024-06-15,-0.1737148,0.43434095,-0.1444702,-0.03637036,-0.40154746,0.1445711,1,0.4343409538269043
797c7354657990c9671b0f9a,603103.SH,横店影视,2024-06-15,-0.24704826,0.36201563,-0.23744076,0.039060358,-0.3168939,0.20115867,1,0.36201563477516174
4dacf8fdec1069ca44a7e36d,603214.SH,爱婴室,2024-06-15,-0.21885683,0.27796227,-0.16279721,0.07670421,-0.29111475,0.16931246,1,0.27796226739883423
a6980887a255a487328a0884,603392.SH,万泰生物,2024-06-30,-0.16933036,0.07771042,-0.17145576,0.5139257,-0.18312839,0.013142247,3,0.5139256715774536
079b858caf14e8b5d935ea94,603466.SH,风语筑,2024-06-15,-0.12555517,0.23309049,-0.17885031,-0.016355006,-0.1513044,0.08895353,1,0.23309049010276794
5a9c98e96c1b1673f67a554e,603506.SH,南都物业,2024-06-30,-0.13427208,0.27019522,-0.1789564,0.0034495424,-0.22291435,0.124898806,1,0.27019521594047546
1b59d0592a5d04c2d1928589,603507.SH,振江股份,2024-06-15,0.7162911,-0.4052793,0.25675568,-0.26474097,0.32595384,-0.13051084,0,0.7162911295890808
582987ecfd4ff451dbb1dd23,603655.SH,朗博科技,2024-06-30,0.18761115,-0.45696676,0.2742194,-0.21016772,0.49450523,-0.14930038,4,0.49450522661209106
874ca19152b1a8ecb9873c8d,603709.SH,中源家居,2024-06-15,-0.02520315,-0.033331312,0.14839682,-0.038616933,0.00841523,0.030690426,2,0.1483968198299408
eb6adeea41f787d9957339f9,603829.SH,洛凯股份,2024-06-15,0.7192493,-0.33710256,0.15897918,-0.25930977,0.3072751,-0.12783802,0,0.7192493081092834
1def68056ce02c6c8f3d0ecd,603893.SH,瑞芯微,2024-06-15,0.08028841,-0.054206453,-0.17721993,-0.1295415,0.33889976,-0.086900495,4,0.33889976143836975
0515585fbc42deb13538ba50,603895.SH,天永智能,2024-06-30,0.31891868,-0.26395604,0.025281152,-0.3143149,0.49394688,-0.12669498,4,0.4939468801021576
1f66e85a35e595afcb3c137a,603917.SH,合力科技,2024-06-15,0.20722118,-0.4389771,0.3457219,-0.25022504,0.42668992,-0.11639246,4,0.42668992280960083
cbdf6e3c30916ac241a64c3d,603967.SH,中创物流,2024-06-15,-0.13001782,0.30222377,-0.16272558,-0.005378647,-0.2518294,0.10296455,1,0.3022237718105316
0000e697b413872372bd1cd3,605006.SH,山东玻纤,2024-06-15,0.067598194,-0.24205141,0.29883325,-0.059909817,0.07075552,-0.06930353,2,0.2988332509994507
c941b04cc0c3e1dec490c870,605108.SH,同庆楼,2024-06-30,-0.16040267,0.19232222,-0.10478408,0.048014443,-0.20841038,0.09164058,1,0.19232222437858582
130619912273c03902137a25,605296.SH,神农集团,2024-06-30,-0.15453927,0.11861079,-0.00425931,0.15994622,-0.2624695,0.08199684,3,0.15994621813297272
6ebf11b39dab6b0a4de1f261,002864.SZ,盘龙药业,2024-06-15,-0.19578935,0.048551854,-0.063190676,0.4463991,-0.24564499,0.031508833,3,0.44639909267425537
d11b8378cdf4a18f2c5b7a52,002910.SZ,庄园牧场,2024-06-30,-0.15810223,0.12695198,-0.028195642,0.097916044,-0.21861695,0.0792074,1,0.12695197761058807
37973672787fa57063a89af6,002913.SZ,奥士康,2024-06-15,0.20023686,-0.37534714,0.11452365,-0.18702187,0.5130271,-0.16513026,4,0.5130270719528198
23107b181c99e8f764950024,002915.SZ,中欣氟材,2024-06-30,0.064072154,-0.47697014,0.65871495,0.101948194,0.12377243,-0.14761429,2,0.6587149500846863
7936e9aa9c8062f2ba0e0f88,002917.SZ,金奥博,2024-06-15,0.0754999,-0.081736945,0.14456439,-0.07227297,0.105022006,-0.08787494,2,0.14456439018249512
9426715ae1755aacb069d20c,002925.SZ,盈趣科技,2024-06-15,0.064916894,-0.061576184,-0.19496611,-0.111733496,0.37350807,-0.07119781,4,0.3735080659389496
9138a9606e1d71be5413aff5,002936.SZ,郑州银行,2024-06-30,-0.21022832,0.33955052,-0.18703291,0.06829083,-0.3334924,0.13295873,1,0.33955052495002747
6768583547f2cca95189aff1,002939.SZ,长城证券,2024-06-15,-0.23048905,0.41592392,-0.28653145,0.06835538,-0.33902377,0.15576753,1,0.41592392325401306
13619a4fb2604e3fff563703,002945.SZ,华林证券,2024-06-30,-0.16577843,0.26386982,-0.17335051,0.07086452,-0.25873226,0.12282663,1,0.2638698220252991
d61a7b9892529442052d0ae7,002948.SZ,青岛银行,2024-06-30,-0.23016492,0.37755245,-0.22067717,0.07888794,-0.35297137,0.14650057,1,0.37755244970321655
36923c35f629338ef8e51df9,002958.SZ,青农商行,2024-06-30,-0.22722468,0.38131893,-0.21369182,0.08964033,-0.37091553,0.14564873,1,0.38131892681121826
e8e8f664a56c25bab203bdc9,002966.SZ,苏州银行,2024-06-30,-0.21218513,0.38894013,-0.23956719,0.05844476,-0.34244713,0.15273023,1,0.38894012570381165
8bc0faecff1e78b9edbe430c,002999.SZ,天禾股份,2024-06-15,-0.08589123,0.11381037,-0.051673178,0.047769442,-0.14265317,0.05197223,1,0.11381036788225174
0999d0880c7812d86a1ada46,300607.SZ,拓斯达,2024-06-30,0.2638717,-0.20185074,-0.08217168,-0.21491574,0.48611122,-0.14975825,4,0.48611122369766235
df15f9ef6e3a6bc6d35dc021,300674.SZ,宇信科技,2024-06-30,-0.11580595,0.51498926,-0.480575,0.039572656,-0.14201048,0.04632111,1,0.5149892568588257
1eae228566d29dc49b5f1b64,300707.SZ,威唐工业,2024-06-15,0.24866137,-0.45752296,0.22228253,-0.27942783,0.5591645,-0.15932502,4,0.5591645240783691
87b15b6e30a62208643642d6,300710.SZ,万隆光电,2024-06-15,0.14630766,0.04836651,-0.1237651,-0.059374884,0.17576358,-0.07059678,4,0.1757635772228241
23868aff99fc3fe077a6d490,300711.SZ,广哈通信,2024-06-15,0.027989939,0.30849084,-0.3845633,-0.07680544,0.035852607,-0.014756447,1,0.3084908425807953
fd8fc609e3e7bb73ddf379de,300718.SZ,长盛轴承,2024-06-30,0.27100256,-0.4749167,0.34165457,-0.2035139,0.45690516,-0.20114583,4,0.45690515637397766
d1bea3095dc8c8326c03b61e,300719.SZ,安达维尔,2024-06-30,0.07202128,0.020872414,-0.15474112,-0.054923587,0.17193623,-0.0763459,4,0.17193622887134552
a06570686955c2a7491703df,300726.SZ,宏达电子,2024-06-15,0.20145531,-0.29421192,0.05635234,-0.15747027,0.45203176,-0.18303345,4,0.4520317614078522
46800e465d00f3f4ff3c1786,300727.SZ,润禾材料,2024-06-15,0.090805285,-0.49643493,0.64793116,0.021610005,0.18316306,-0.17138709,2,0.6479311585426331
f67f76b0984fb557fd0f842e,300731.SZ,科创新源,2024-06-15,0.13611048,-0.23798671,0.14849517,-0.10365754,0.24920847,-0.11307503,4,0.249208465218544
2603c9ff701fead4707a5bef,300738.SZ,奥飞数据,2024-06-15,-0.122266725,0.55889577,-0.47451374,-0.00749546,-0.22378883,0.10567851,1,0.5588957667350769
3136666422f00ee70d925e8c,300769.SZ,德方纳米,2024-06-15,0.18412432,-0.45263678,0.49406344,-0.059363574,0.25512016,-0.15011458,2,0.49406343698501587
33bf9dcf9bf5b24e7834a63f,300777.SZ,中简科技,2024-06-15,0.11468288,-0.28025624,0.26546028,-0.06983503,0.18811938,-0.11146466,2,0.2654602825641632
2c1a98ffdcb6f633c1425b49,300827.SZ,上能电气,2024-06-15,0.77723587,-0.18685809,-0.053296812,-0.22023381,0.3392753,-0.14667621,0,0.7772358655929565
24712a9a02254c5c339678a2,300943.SZ,春晖智控,2024-06-15,0.28896585,-0.23264436,0.0065349797,-0.23271897,0.4700034,-0.16703303,4,0.4700033962726593
af9488a36a338715264a0624,301017.SZ,漱玉平民,2024-06-30,-0.23977804,0.30318066,-0.20574236,0.17266741,-0.31729043,0.15993087,1,0.30318066477775574
46596cd29363ff2bd0ed7b5d,301028.SZ,鼎熔岩,2024-06-15,0.31268463,-0.3158207,0.1908927,-0.23785388,0.35974893,-0.16034554,4,0.3597489297389984
5a4c5b35e1229076dc078478,600903.SH,贵州燃气,2024-06-15,-0.17786804,0.28425553,-0.1342554,0.01579108,-0.311205,0.1277446,1,0.2842555344104767
68d3d7abba13b7135b3ddbf9,601456.SH,国联民生,2024-06-15,-0.11255102,0.117236644,-0.10412437,0.02323265,-0.12675864,0.05251443,1,0.11723664402961731
4feacc76cb48a4b8eb748f61,601528.SH,瑞丰银行,2024-06-30,-0.21866286,0.39223275,-0.2324692,0.07457477,-0.3534588,0.149001,1,0.392232745885849
848ef0ad1804d0b15893e790,601860.SH,紫金银行,2024-06-30,-0.20680696,0.38179427,-0.2140339,0.059961457,-0.35280466,0.14723791,1,0.381794273853302
dd04f6fbff20c3a5041fb19d,603059.SH,倍加洁,2024-06-15,-0.12499706,0.059085235,0.0061219875,0.10617264,-0.12872224,0.05522488,3,0.10617264360189438
2bca6388bf804af62295d3c4,603161.SH,科华控股,2024-06-15,0.27417266,-0.44993693,0.31990513,-0.28233033,0.48334998,-0.16297615,4,0.4833499789237976
fb7b3a8f6f8ef0c54d227439,603278.SH,大业股份,2024-06-15,0.07448615,-0.25502944,0.30311158,-0.053408276,0.09833981,-0.080793545,2,0.30311158299446106
7602d6524db17fb9ca6613a8,603356.SH,华菱精工,2024-06-30,0.1442969,-0.22499314,0.21468945,-0.1603476,0.18651211,-0.07070477,2,0.2146894484758377
7420b638c6d0ed853ecf030f,603578.SH,三星新材,2024-06-15,0.13282,-0.27293935,0.37702298,-0.13588095,0.16290328,-0.08325672,2,0.37702298164367676
255bd70e143fa17f3f396a9f,603580.SH,*ST艾艾,2024-06-15,0.027283993,-0.11655349,0.1588523,-0.13915765,0.12235981,-0.021019954,2,0.15885229408740997
cbd0b81af672c0f48535763a,603590.SH,康辰药业,2024-06-30,-0.21772574,0.08767159,-0.13689014,0.58925027,-0.28870818,0.04212078,3,0.5892502665519714
3e93ed38f35d078cb6fb72ae,603607.SH,京华激光,2024-06-15,-0.013041706,-0.17392492,0.2455017,0.025727263,0.057950668,-0.057552658,2,0.24550169706344604
e52410ccd6bffb66bdee6177,603661.SH,恒林股份,2024-06-30,0.017959945,-0.1572986,0.28860873,0.004249271,0.05009753,-0.027293421,2,0.28860872983932495
21381dfdf6a1e2eb7a35b17c,603676.SH,卫信康,2024-06-15,-0.14833367,0.03341069,-0.084078826,0.39225596,-0.18132871,0.04411164,3,0.392255961894989
a4a0176eec723b7c64e07347,603685.SH,晨丰科技,2024-06-15,0.6372123,-0.51238036,0.26390252,-0.25324178,0.49913672,-0.1795342,0,0.6372122764587402
ff6f04b483a7a9d0c0000ec9,603848.SH,好太太,2024-06-15,-0.029379051,0.06715216,-0.040114425,-0.050955556,0.0359374,0.040419444,1,0.06715215742588043
1138c027a2be25de877a2afa,603871.SH,嘉友国际,2024-06-30,-0.1557887,0.30859703,-0.12779337,0.019792167,-0.30300742,0.10377272,1,0.30859702825546265
4a1ab7e4f34b5ec3f0b6471a,603912.SH,佳力图,2024-06-30,0.24251166,0.003945362,-0.1080552,-0.13629496,0.2885202,-0.065216854,4,0.2885201871395111
56d500f0863f9b690d205975,605136.SH,丽人丽妆,2024-06-30,-0.15906498,0.18011841,-0.11305341,0.075561754,-0.18887998,0.087913886,1,0.1801184117794037
1f5379da544a1e54c27873de,605158.SH,华达新材,2024-06-30,0.06952064,-0.22435468,0.3007783,-0.086913265,0.08579947,-0.05012874,2,0.3007782995700836
3c2d89494063df7fed1e3141,002873.SZ,新天药业,2024-06-15,-0.15444012,0.01436233,-0.034309324,0.38603896,-0.19470862,0.015895724,3,0.38603895902633667
e5364594a73e1606f29703dc,002916.SZ,深南电路,2024-06-30,0.23237765,-0.36254483,0.030167263,-0.26576465,0.63041025,-0.17699148,4,0.6304102540016174
384562e363b8a36f90d4a9c5,002928.SZ,华夏航空,2024-06-30,-0.119281024,0.1697298,-0.10806936,0.012402502,-0.16939226,0.070122786,1,0.1697297990322113
7c3f7b5412b5f94d3288c0be,002978.SZ,安宁股份,2024-06-30,-0.11143346,-0.07440221,0.27177894,0.042444058,-0.18436286,0.015902169,2,0.27177894115448
3012a427b6b7bac0e77a8da2,002981.SZ,朝阳科技,2024-06-30,0.18683289,-0.42344669,0.11572457,-0.21438166,0.6005727,-0.17245919,4,0.6005727052688599
a5e05724ef2ecfbf51257c90,002989.SZ,中天精装,2024-06-15,-0.12884381,0.24784671,-0.13569306,-0.032827348,-0.21106468,0.13007033,1,0.24784670770168304
f6a3f2399e3f4fb07dba43e5,002995.SZ,天地在线,2024-06-15,-0.28911063,0.4944851,-0.34289435,0.08202715,-0.38701874,0.18502492,1,0.49448511004447937
769d2e802b00beffd7f6eebc,003003.SZ,天元股份,2024-06-15,-0.053075723,-0.10256959,0.21591336,0.02645593,0.00019061659,-0.022434177,2,0.21591335535049438
506efbae040fdc68e05f567c,300632.SZ,光莆股份,2024-06-15,0.17751184,-0.30736905,0.07036891,-0.07547929,0.46164536,-0.18790767,4,0.46164536476135254
b90843bbdc3ac8dbb817f99d,300634.SZ,彩讯股份,2024-06-15,-0.062428597,0.2415458,-0.2263659,0.007381173,-0.08520271,0.0234936,1,0.24154579639434814
469f99374f7037c856c0f53c,300673.SZ,佩蒂股份,2024-06-15,-0.045201994,-0.045601953,0.08258987,0.12269073,-0.03462247,-0.019845672,3,0.12269072979688644
8e7b5759dba542b68dc5fcc9,300715.SZ,凯伦股份,2024-06-15,0.045004927,-0.16412224,0.2524635,-0.03408707,0.055293772,-0.05546635,2,0.2524634897708893
60c210e369efa494d8568286,300721.SZ,怡达股份,2024-06-15,0.08095491,-0.44845253,0.6164678,0.08205797,0.11493691,-0.16582355,2,0.6164677739143372
1efd6a85b1bd10218207e22c,300722.SZ,新余国科,2024-06-15,0.07834628,-0.04012183,0.020643132,-0.06428903,0.11208795,-0.08751813,4,0.11208795011043549
e0857e96c3efcff1f2a4b22c,300724.SZ,捷佳伟创,2024-06-15,0.30635867,-0.45411724,0.19491307,-0.1928485,0.5879385,-0.22290948,4,0.5879384875297546
4516c3d34ec31cffed1088a4,300725.SZ,药石科技,2024-06-15,-0.14229643,-0.12424946,0.12931558,0.4608096,-0.13282008,-0.030598212,3,0.460809588432312
43aaefbe275256fee03d166e,300732.SZ,设研院,2024-06-15,-0.07785652,0.41530618,-0.25935096,-0.09396243,-0.23257345,0.08402474,1,0.4153061807155609
43bb87985c1186500da00be7,300733.SZ,西菱动力,2024-06-15,0.25668278,-0.41845378,0.1929837,-0.23668882,0.5181356,-0.18167925,4,0.5181356072425842
397f3c2dda69da9a5098e6e3,300735.SZ,光弘科技,2024-06-15,0.18818742,-0.2765764,-0.061013654,-0.22231072,0.61251813,-0.16703281,4,0.6125181317329407
989653ee7eb38d3d99d475bb,300737.SZ,科顺股份,2024-06-15,0.022113105,-0.05527758,0.1692476,-0.048914425,-0.013224827,-0.008966438,2,0.1692475974559784
24560fd0a353fd98a46dfb1c,300740.SZ,水羊股份,2024-06-30,-0.17800543,0.16304049,-0.09949815,0.13817506,-0.21461351,0.065549135,1,0.16304048895835876
831f474ecfa1eda7f7feebdf,300745.SZ,欣锐科技,2024-06-15,0.3517569,-0.3070152,-0.055411007,-0.26281363,0.6212502,-0.1879792,4,0.6212502121925354
93f1e1bbc75313394cff0226,300773.SZ,拉卡拉,2024-06-15,-0.18482322,0.50187534,-0.4250942,0.0200461,-0.2293171,0.10864917,1,0.5018753409385681
d37ad370bbff4c1879eb5999,300781.SZ,因赛集团,2024-06-30,-0.22205737,0.3642905,-0.26426393,0.09049875,-0.2598071,0.117767036,1,0.3642905056476593
a4f30adfab7742011849683e,300783.SZ,三只松鼠,2024-06-30,-0.2618518,0.19383214,-0.13634989,0.24255419,-0.26720908,0.13850416,3,0.2425541877746582
289a2d703cb1bb612ae1d016,300785.SZ,值得买,2024-06-15,-0.24880862,0.39513335,-0.28866115,0.09523586,-0.29876873,0.14128494,1,0.3951333463191986
afd6e2adc40ed16ec2f363cd,300786.SZ,国林科技,2024-06-15,0.151028,-0.26833975,0.23220612,-0.009529587,0.26383045,-0.19324997,4,0.2638304531574249
501c09141009898504c25ea8,300807.SZ,天迈科技,2024-06-15,0.06525089,0.27133763,-0.3479192,-0.17757274,0.07454593,-0.023544118,1,0.271337628364563
b6b6fc8aef4bec4a698d2a55,300810.SZ,中科海讯,2024-06-15,0.027587775,0.05007345,-0.0933026,-0.060115654,0.059249356,-0.034059852,4,0.059249356389045715
22641da7dcf9a3ae8c8d7eec,300829.SZ,金丹科技,2024-06-15,-0.050702777,-0.2080377,0.24218984,0.29514277,-0.06447867,-0.06838846,3,0.2951427698135376
ab573358603f47d229d814bf,300848.SZ,美瑞新材,2024-06-15,0.079949096,-0.5038144,0.6173162,-0.0023630096,0.22611709,-0.18121555,2,0.6173161864280701
36000e9e8324933454acc6d5,300935.SZ,盈建科,2024-06-15,-0.050411195,0.41765726,-0.30354917,-0.03766633,-0.1386381,0.044788487,1,0.4176572561264038
479c31ad378beb5d7be45aa1,300936.SZ,中英科技,2024-06-15,0.28177676,-0.54728645,0.3240753,-0.2253156,0.6197244,-0.2401472,4,0.6197243928909302
8e4704126fb3f46d93ae71ce,300962.SZ,中金辐照,2024-06-15,-0.14605948,0.0645985,-0.008686714,0.28651956,-0.16348605,0.0021572858,3,0.2865195572376251
b78e2bb64c8180e10a1d3245,300968.SZ,格林精密,2024-06-15,0.20759313,-0.4545195,0.22488187,-0.23731299,0.5840739,-0.16697371,4,0.5840739011764526
d9444fdcdb8bfdb9f7f34d31,600928.SH,西安银行,2024-06-30,-0.21108957,0.3505641,-0.21168974,0.043004293,-0.31942317,0.13227466,1,0.3505640923976898
48f85ce122b001b31712e873,601200.SH,上海环境,2024-06-30,-0.21666062,0.4698338,-0.16347289,-0.038171183,-0.43848622,0.19500254,1,0.4698337912559509
ff7b8b87ce973d8bd38720d2,601990.SH,南京证券,2024-06-30,-0.21433647,0.38699636,-0.24772288,0.08784388,-0.34644812,0.15482287,1,0.3869963586330414
edf09cb1e4aa3c804f600035,603105.SH,芯能科技,2024-06-30,0.26502803,0.4325255,-0.30752453,-0.1436063,-0.3575785,0.20073451,1,0.43252548575401306
76e936a27f9d2356b3d7ab85,603109.SH,神驰机电,2024-06-15,0.45013076,-0.04618112,-0.052939925,-0.18662708,0.12137884,-0.033732094,0,0.45013076066970825
9439f04bc111489f4dd3921f,603225.SH,新凤鸣,2024-06-15,-0.033908557,-0.14224428,0.30566534,0.016156977,-0.078497544,-0.0059666117,2,0.30566534399986267
2b90fbe4db30ddc0e4636c8f,603379.SH,三美股份,2024-06-30,0.08254735,-0.38428584,0.59976065,-0.023242619,0.080814876,-0.12592538,2,0.5997606515884399
16b462bd5aa2afa90783df47,603477.SH,巨星农牧,2024-06-30,-0.17444794,0.12631154,0.0017652225,0.1811476,-0.28287336,0.07733741,3,0.18114760518074036
069e3b7a31552a694a214208,603486.SH,科沃斯,2024-06-15,-0.045216363,0.21936442,-0.23538302,-0.052036587,-0.008327829,0.118740745,1,0.21936441957950592
94e820ada1c1916bd54f3279,603596.SH,伯特利,2024-06-15,0.22762652,-0.16827352,-0.09625742,-0.24187416,0.4671603,-0.12936673,4,0.46716031432151794
83055e3a3d1b1284df856d6c,603666.SH,亿嘉和,2024-06-15,0.284396,0.08001597,-0.22125874,-0.18316798,0.21299277,-0.05306579,0,0.2843959927558899
d6022bc9d66a1fcbbdc786c8,603733.SH,仙鹤股份,2024-06-15,0.022913048,-0.24868715,0.3538018,0.0042851847,0.03275329,-0.070396736,2,0.35380178689956665
eef39a19c10410e580f46155,603890.SH,春秋电子,2024-06-15,0.22285178,-0.48401144,0.2608802,-0.23366888,0.5713709,-0.15581039,4,0.5713708996772766
fbcd7ad7fdcfe6349eeb700a,603897.SH,长城科技,2024-06-30,0.7204739,-0.6184959,0.44923392,-0.2729672,0.47154096,-0.22739653,0,0.7204738855361938
05ec9ce92c9c901dd613ea67,603949.SH,雪龙集团,2024-06-15,0.30034968,-0.40250227,0.18681124,-0.27749616,0.53138185,-0.17132656,4,0.5313818454742432
c53c7ef9cc0a8e13954c68db,002927.SZ,泰永长征,2024-06-30,0.4079097,-0.19162644,0.041183665,-0.15751627,0.22787441,-0.10235732,0,0.40790969133377075
b69d62aa969b198969a7723b,002931.SZ,锋龙股份,2024-06-30,0.26642066,-0.43156135,0.32527485,-0.2879561,0.45846817,-0.14512393,4,0.45846816897392273
764021133e49cf453f7c1aad,002942.SZ,新农股份,2024-06-30,-0.09990107,-0.073564224,0.19761726,0.33598998,-0.19866966,0.0037141033,3,0.33598998188972473
df13074bb0b3e3317e956935,002992.SZ,宝明科技,2024-06-30,0.15884632,-0.39078745,0.08332816,-0.1964378,0.5856371,-0.16516781,4,0.585637092590332
d8f88644adb07726ef537f7f,300644.SZ,南京聚隆,2024-06-15,0.18598151,-0.43418974,0.4122925,-0.14839666,0.33338454,-0.15130575,2,0.4122925102710724
3394164771b788f044b7d202,300698.SZ,万马科技,2024-06-15,0.040362112,0.21048643,-0.33315918,-0.015574958,0.123928234,-0.012657782,1,0.21048642694950104
97777703a5cfce4d49cac82c,300739.SZ,明阳电路,2024-06-15,0.28636047,-0.43799907,0.088284686,-0.23438004,0.6797846,-0.21352266,4,0.6797845959663391
9201676a8d0b50c47f507460,300741.SZ,华宝股份,2024-06-15,-0.09499998,-0.059879005,0.09670206,0.22831377,-0.11376666,0.0006106208,3,0.22831377387046814
ad7589118bcd53ea8471161b,300747.SZ,锐科激光,2024-06-15,0.2748342,-0.38216856,0.15262306,-0.1899032,0.50509304,-0.2055472,4,0.5050930380821228
68544d09b8bc589b410afcd3,300749.SZ,顶固集创,2024-06-15,0.06940389,-0.070694365,0.116209,-0.099027306,0.13245575,-0.023988955,4,0.1324557512998581
8a22f9e937e9a94c9a35b969,300751.SZ,迈为股份,2024-06-15,0.39093965,-0.48162526,0.22501566,-0.20829833,0.6068998,-0.24238579,4,0.6068997979164124
618108b030c7dffcf3b2efd5,300752.SZ,隆利科技,2024-06-15,0.18903808,-0.3530502,-0.006694477,-0.24163345,0.6602744,-0.19242501,4,0.6602743864059448
0a8dd80763e33b4e7be96599,300760.SZ,迈瑞医疗,2024-06-15,0.019313969,0.042132378,-0.301231,0.32524025,0.1633974,-0.089632675,3,0.32524025440216064
91649c92ccd00304b557fbb2,300768.SZ,迪普科技,2024-06-30,0.10284345,0.21805172,-0.37036738,-0.0009610802,0.17904319,-0.09081121,1,0.2180517166852951
4021fa09081b41d339939b47,300771.SZ,智莱科技,2024-06-15,-0.04215029,0.26804128,-0.3200066,0.010753684,-0.002069179,0.025149269,1,0.2680412828922272
47636f781cd1a27671133bb7,300788.SZ,中信出版,2024-06-15,-0.20019986,0.29440764,-0.1643243,0.06937443,-0.27386418,0.10850937,1,0.2944076359272003
72363765c8977f61bdbf8768,300839.SZ,博汇股份,2024-06-15,0.0112209935,-0.09450118,0.18124202,0.03743385,-0.053510457,-0.031169176,2,0.18124201893806458
35c09521148705fe305fe1c5,300849.SZ,锦盛新材,2024-06-15,-0.086044855,-0.21509096,0.30789268,0.1021067,0.042708375,-0.0482871,2,0.30789268016815186
dc92047063001bc68c35e26d,300853.SZ,申昊科技,2024-06-15,0.19003046,0.17094225,-0.25444144,-0.2260402,0.14500895,-0.029472133,0,0.19003045558929443
08d61a239b8b900fdad6a4b9,300883.SZ,龙利得,2024-06-30,-0.063685626,-0.07106231,0.17855072,0.008590076,-0.029643193,-0.0070898025,2,0.17855072021484375
1ac21f92b7ef2092b6149f80,300894.SZ,火星人,2024-06-15,-0.05446674,0.115707286,-0.062445194,-0.038742233,0.0075445585,0.043987207,1,0.11570728570222855
435fcb1466d314e507a06282,300897.SZ,山科智能,2024-06-15,0.08414087,0.14421657,-0.16541766,-0.028498419,0.051190536,-0.03416387,1,0.14421656727790833
d7962eab938415327170f0f5,300899.SZ,*ST凯鑫,2024-06-15,0.05492495,-0.12361918,0.19294286,-0.0073010866,0.05113646,-0.077227734,2,0.19294285774230957
8e6cdaa2f5d5c5114286d396,300902.SZ,国安达,2024-06-15,0.28999713,-0.14593156,-0.03576871,-0.20809068,0.363998,-0.15410478,4,0.3639979958534241
df02cdcbc6948f538e03e19b,300915.SZ,海融科技,2024-06-15,-0.071368404,-0.064983524,0.12497044,0.13823916,-0.0693185,-0.0140023455,3,0.13823916018009186
c651c006acba5f7fb53874e0,301018.SZ,申菱环境,2024-06-15,0.31760514,-0.19754763,-0.0342173,-0.26526234,0.4607076,-0.16277136,4,0.4607076048851013
11cc0f3e2a12a9f813be1dd2,301035.SZ,润丰股份,2024-06-15,-0.13113973,0.01557675,0.093729,0.33072767,-0.22654285,0.009648509,3,0.3307276666164398
3a7ca54204273318ed5c48f2,301062.SZ,上海艾录,2024-06-30,0.05265507,-0.20784903,0.18740615,-0.049808636,0.17829436,-0.07105285,2,0.18740615248680115
b72282373759b2455e8de0c9,301076.SZ,新瀚新材,2024-06-15,0.057587408,-0.46243304,0.59153533,0.14779177,0.13474356,-0.17058796,2,0.5915353298187256
769e5eb9f689dbbd1e7f904c,301380.SZ,挖金客,2024-06-15,-0.22341946,0.5920877,-0.4299408,0.06907474,-0.33562258,0.11068836,1,0.5920876860618591
8fb40816ceefd752eb11295c,301469.SZ,恒达新材,2024-06-15,0.16963942,-0.30716208,0.27705434,-0.15739278,0.25316328,-0.11964845,2,0.2770543396472931
30a6b570ac5402dcbfb3d8ca,601066.SH,中信建投,2024-06-30,-0.23512141,0.42750275,-0.27264068,0.0701376,-0.36769342,0.16205242,1,0.42750275135040283
6a471befa328a35430c13d99,601869.SH,长飞光纤,2024-06-30,0.096508265,-0.12326795,0.14816464,-0.08700121,0.12445979,-0.076370284,2,0.14816464483737946
eed0fefb5d75a59fc0f38abc,603150.SH,万朗磁塑,2024-06-30,0.14069438,-0.34078446,0.3106918,-0.13125171,0.27917522,-0.13110165,2,0.31069180369377136
b2468ce237591c4a141cd51f,603220.SH,中贝通信,2024-06-15,-0.06608729,0.39691684,-0.35803947,-0.06792871,-0.12448151,0.09685808,1,0.39691683650016785
0a29e55a4090fc5105e2f867,603256.SH,宏和科技,2024-06-15,0.10669209,-0.25587532,0.21787843,-0.09803544,0.20089363,-0.09057041,2,0.21787843108177185
1eef13d3f7c43f53f8549d06,603267.SH,鸿远电子,2024-06-15,0.23089479,-0.3546301,0.12271868,-0.19703051,0.51242507,-0.19825397,4,0.5124250650405884
a48d04aabd49a420f39b522c,603279.SH,景津装备,2024-06-15,0.114353985,-0.22818169,0.32573187,-0.02118727,0.095338,-0.11408981,2,0.32573187351226807
f0f334ceac9e1c8ccc4f0f9e,603301.SH,振德医疗,2024-06-15,-0.027918246,-0.23503196,0.16273703,0.4391793,0.07753175,-0.10466082,3,0.43917930126190186
1a2bab2c032a725b89fc738f,603353.SH,和顺石油,2024-06-30,-0.08615702,0.12328247,-0.066663764,0.016297651,-0.1396963,0.057387497,1,0.12328246980905533
87afe6464fa516f0760ceace,603516.SH,淳中科技,2024-06-15,0.011084357,0.2288522,-0.32829645,-0.05856762,0.085026406,-0.015048773,1,0.22885219752788544
6c9a6948f56e00625fe0219f,603693.SH,江苏新能,2024-06-15,-0.061006732,0.2420269,-0.092651,-0.05258342,-0.2581576,0.108984545,1,0.2420268952846527
e7dcba66359e3571037c88ad,603700.SH,宁水集团,2024-06-15,0.11502778,0.11964682,-0.1420746,-0.07961298,0.06760214,-0.018792802,1,0.119646817445755
41bef235643425c013b0a007,603706.SH,东方环宇,2024-06-15,-0.14231232,0.33007357,-0.16302189,-0.039578386,-0.31653917,0.13362084,1,0.3300735652446747
03f651ac83462b8e6fbe5843,603722.SH,阿科力,2024-06-15,0.17138563,-0.57598174,0.6960774,-0.040702093,0.2393776,-0.19803953,2,0.6960774064064026
e2e42f850662c1121c31fd62,603755.SH,日辰股份,2024-06-30,-0.13913028,-0.11456805,0.20380369,0.32636327,-0.15885551,-0.004464479,3,0.3263632655143738
81b768273d434688834505e0,603773.SH,沃格光电,2024-06-15,0.16855153,-0.3691198,0.15990798,-0.17018504,0.4725951,-0.16349602,4,0.47259509563446045
caa1c6a4bd8938b06097dbc9,605098.SH,行动教育,2024-06-15,-0.2124702,0.40016684,-0.28166676,0.06668215,-0.30390817,0.15732478,1,0.4001668393611908
a0010594403af681d75f718f,605178.SH,时空科技,2024-06-30,-0.09442854,0.33071002,-0.23820662,-0.0798804,-0.17433311,0.101853676,1,0.3307100236415863
bb241e786ff895532ff5ed28,605266.SH,健之佳,2024-06-15,-0.20945969,0.2505755,-0.15994956,0.1256497,-0.27554795,0.15136227,1,0.2505755126476288
d47f7ea44343520e141477f9,001210.SZ,金房能源,2024-06-30,-0.13957015,0.41509867,-0.2039351,-0.07591889,-0.34419674,0.155916,1,0.4150986671447754
fdce767dc28524b72beddc7b,002937.SZ,兴瑞科技,2024-06-15,0.27788037,-0.5049331,0.21135755,-0.2995879,0.66751564,-0.18293025,4,0.6675156354904175
dbce5361371fbcc1d127883f,002940.SZ,昂利康,2024-06-30,-0.20186298,-0.033557765,-0.0069762687,0.68729717,-0.2551459,0.00694671,3,0.6872971653938293
af22a89eb1899b83897f4641,002941.SZ,新疆交建,2024-06-30,-0.14723861,0.37654987,-0.19451939,-0.077267595,-0.3000213,0.11766146,1,0.3765498697757721
1ffdc39f636bd7ce3c5cb06d,003010.SZ,若羽臣,2024-06-30,-0.2565271,0.45480165,-0.32007006,0.07477467,-0.34535152,0.17110983,1,0.45480164885520935
c634c9da11f8883ab3307a15,300454.SZ,深信服,2024-06-15,-0.0863276,0.43182784,-0.46450207,0.01982555,-0.045280017,0.008504864,1,0.4318278431892395
f46c702805c2f938aa58c100,300654.SZ,世纪天鸿,2024-06-30,-0.028665721,0.03566105,-0.02372249,0.017882943,-0.041056167,0.008592969,1,0.03566104918718338
b559e681dcc84e3479214c31,300694.SZ,蠡湖股份,2024-06-15,0.31466076,-0.4886032,0.2940042,-0.2683046,0.5598588,-0.20667431,4,0.5598587989807129
a84ca9c6d277f7a435b396ee,300705.SZ,九典制药,2024-06-15,-0.18696548,-0.0108665,-0.03784204,0.61755973,-0.234502,-0.0136898495,3,0.6175597310066223
c0754021c5a4c7da47a63ea9,300748.SZ,金力永磁,2024-06-15,0.13355662,-0.2989758,0.3006619,-0.066404395,0.17104913,-0.11160828,2,0.3006618916988373
9b30ca4cc1884173c189e70f,300753.SZ,爱朋医疗,2024-06-15,-0.021485008,-0.12638998,-0.07728045,0.49687108,0.1265902,-0.13539389,3,0.49687108397483826
5e2e65138378545d5689b670,300757.SZ,罗博特科,2024-06-15,0.3527873,-0.35960034,0.03537064,-0.22291738,0.60506535,-0.23116812,4,0.6050653457641602
654c4ed73e5e02639fe73920,300758.SZ,七彩化学,2024-06-15,-0.006361229,-0.21881141,0.30451393,0.0804569,0.0022155894,-0.07658627,2,0.30451393127441406
44a5944af37238dbe136c137,300759.SZ,康龙化成,2024-06-15,-0.23740976,0.214724,-0.22530662,0.5128356,-0.2891387,0.044618078,3,0.5128356218338013
9c937482a1257e506fbb265c,300775.SZ,三角防务,2024-06-15,0.123179495,-0.17344356,0.12929255,-0.16062716,0.19743161,-0.09863079,4,0.19743160903453827
c61ef9a66de1a93299eaf887,300776.SZ,帝尔激光,2024-06-15,0.28277597,-0.39220735,0.1558666,-0.17170246,0.50903356,-0.20774795,4,0.5090335607528687
111dc0eedbc0eb3d11251f87,300811.SZ,铂科新材,2024-06-30,0.20223951,-0.3270343,0.22702812,-0.12696156,0.30953977,-0.14451082,4,0.3095397651195526
cf76d23c2e73af2ba4c3b20e,300818.SZ,耐普矿机,2024-06-15,0.17234512,-0.32205063,0.31239364,-0.031153116,0.21471423,-0.15151735,2,0.3123936355113983
84bb6a5ae898ca135722fb27,300835.SZ,龙磁科技,2024-06-15,0.1597436,-0.308478,0.25182608,-0.11598958,0.25579587,-0.13281116,4,0.2557958662509918
ca2d7fde5e2380bfd58b29c9,300877.SZ,金春股份,2024-06-15,-0.049598835,-0.1900877,0.2678051,0.064413965,0.028468998,-0.06851369,2,0.2678050994873047
c8aac0849fe62922eb6061b8,300896.SZ,爱美客,2024-06-30,-0.17719859,-0.041849207,-0.050944567,0.5637788,-0.062235277,-0.0499743,3,0.563778817653656
dddb7d2cc3d76e3c2801c47d,300981.SZ,中红医疗,2024-06-15,-0.044828016,-0.169685,0.12489031,0.3406747,0.021873964,-0.100128554,3,0.3406746983528137
13d56a125cc77470532a0547,301042.SZ,安联锐视,2024-06-15,0.011742889,0.1634684,-0.2723715,-0.027735325,0.11844041,-0.028946226,1,0.1634684056043625
148d5ce6731c27ba81da2530,301226.SZ,祥明智能,2024-06-15,0.709863,-0.3007964,-0.0760144,-0.24889302,0.52283067,-0.1985875,0,0.709863007068634
50aad85a1ecf2a928fa60447,301258.SZ,富士莱,2024-06-15,-0.06977022,-0.20085472,0.16515528,0.5636195,-0.082788095,-0.08276367,3,0.5636194944381714
c03e19b831240a071c017656,301266.SZ,宇邦新材,2024-06-30,0.68479586,-0.5768614,0.39248264,-0.2016546,0.44052157,-0.23623562,0,0.6847958564758301
3ea1a1d6ab0ca8e8dbcdb841,301335.SZ,天元宠物,2024-06-15,-0.08858223,-0.0059394715,0.07825987,0.104744025,-0.047041606,-0.004450815,3,0.10474402457475662
a4d6cd98e1f5c08deb34d56d,301505.SZ,苏州规划,2024-06-15,-0.15445122,0.5600138,-0.3796733,-0.04361379,-0.31402802,0.14235935,1,0.5600137710571289
02683fc82d3891c23279f0dc,601236.SH,红塔证券,2024-06-30,-0.17937475,0.29633182,-0.16035983,0.03727174,-0.29574373,0.12712982,1,0.29633182287216187
08529a52c98eae4a7a220e0c,603080.SH,新疆火炬,2024-06-30,-0.17554647,0.31670105,-0.1372269,-0.014818046,-0.3380376,0.13797253,1,0.3167010545730591
f40088840eb84d05edefd307,603121.SH,华培动力,2024-06-15,0.2814318,-0.26828295,-0.011106743,-0.29514247,0.52069515,-0.13737254,4,0.520695149898529
46778652c0200513302c2b90,603192.SH,汇得科技,2024-06-15,0.03205072,-0.42452994,0.6375342,0.00797206,0.08483724,-0.09184068,2,0.6375342011451721
24b01f8bd01023aba97feede,603259.SH,药明康德,2024-06-15,-0.22440779,0.25685495,-0.26585218,0.4851917,-0.30723795,0.07494623,3,0.4851917028427124
53a0b9a1c3958e2742f0d6b3,603277.SH,银都股份,2024-06-15,0.020180117,-0.088078976,0.05404473,-0.00257672,0.122296214,-0.014779761,4,0.12229621410369873
1b169a377e0abb550a4df898,603297.SH,永新光学,2024-06-15,0.18392888,-0.41316506,0.12859261,-0.04180188,0.5520773,-0.21334706,4,0.5520772933959961
d4688e60ecd19ac47549ff0c,603527.SH,众源新材,2024-06-15,0.09614423,-0.26238537,0.2240679,-0.09384007,0.18731476,-0.09278555,2,0.22406789660453796
8432afa0812028048bbf7a39,603629.SH,利通电子,2024-06-15,0.22917052,-0.47048235,0.1593805,-0.25912645,0.64362746,-0.17154369,4,0.6436274647712708
7488fabb95649999a5b4c1a4,603650.SH,彤程新材,2024-06-15,0.12224163,-0.5267253,0.6443765,-0.034281895,0.22632492,-0.1767316,2,0.6443765163421631
d2548c4e3eaa4bf8b45d9a81,603657.SH,春光科技,2024-06-15,0.17704041,-0.35272422,0.28365344,-0.1532057,0.33768377,-0.12877378,4,0.337683767080307
bb7c57ddf581d4b8acd8de38,603662.SH,柯力传感,2024-06-15,0.18719493,-0.14903106,0.012939242,-0.12000341,0.30404267,-0.14035803,4,0.30404266715049744
4a6e10d89852e6a8617521f7,603681.SH,永冠新材,2024-06-30,0.07028033,-0.46839035,0.57133496,-0.066509455,0.25085297,-0.13057846,2,0.571334958076477
9a6233b5ef9b330e271cb41b,603697.SH,有友食品,2024-06-15,-0.24299952,0.13377768,-0.08237487,0.27657437,-0.2635953,0.09191686,3,0.27657437324523926
9c43b17349d5c70bd7a579c6,603713.SH,密尔克卫,2024-06-30,-0.16090144,0.24592292,-0.053420544,0.108268335,-0.31296718,0.08445559,1,0.24592292308807373
e372e202ddecf73198eea854,603739.SH,蔚蓝生物,2024-06-15,-0.067060046,-0.08471715,0.15471101,0.25771922,-0.13940519,-0.024859417,3,0.2577192187309265
c15bcd3a150ad646780a2d37,603790.SH,雅运股份,2024-06-30,-0.05010709,-0.15395917,0.3053935,0.089449815,-0.07784335,-0.025678921,2,0.3053934872150421
1c44c7d750cf0c43b910b15f,603810.SH,丰山集团,2024-06-15,-0.097957544,-0.06987909,0.1887551,0.33885574,-0.1893337,-0.005169872,3,0.3388557434082031
01531e252c7957889e26c3f2,603876.SH,鼎胜新材,2024-06-30,0.11642748,-0.3075616,0.3271085,-0.113148734,0.17037159,-0.08919267,2,0.3271085023880005
37e7f854f9b87079ec70fa9d,603915.SH,国茂股份,2024-06-30,0.3214248,-0.3859802,0.21543741,-0.2270005,0.44013017,-0.16896139,4,0.44013017416000366
c7ff32d2bc23b2b28746aa92,605088.SH,冠盛股份,2024-06-30,0.21778663,-0.3522002,0.14424086,-0.19920832,0.46976888,-0.1412568,4,0.4697688817977905
38d89a12f9391e2ea9866d30,605183.SH,确成股份,2024-06-30,0.07703521,-0.4924844,0.6899644,0.068178155,0.10632481,-0.14957416,2,0.6899644136428833
7bd739f66e6accc259aafd7d,001296.SZ,长江材料,2024-06-30,0.056362655,-0.23078239,0.27718621,-0.049516935,0.08355629,-0.05717148,2,0.27718621492385864
0c3bff720ec8d1a7c83df662,001330.SZ,博纳影业,2024-06-30,-0.20334534,0.2748593,-0.17682458,0.057044916,-0.2556636,0.10295994,1,0.27485930919647217
cc2af1aac8f31ee890071ec3,002938.SZ,鹏鼎控股,2024-06-30,0.19959378,-0.42632186,0.114383005,-0.22590385,0.61210805,-0.176667,4,0.612108051776886
3f9bdcfa52fca3928e7c4f4a,002943.SZ,宇晶股份,2024-06-15,0.13216388,-0.25264966,0.12753198,-0.09053619,0.25942832,-0.11353436,4,0.25942832231521606
f78a78fa68445b44f0df4918,002946.SZ,新乳业,2024-06-30,-0.17176418,0.15064757,-0.048260294,0.095608905,-0.22545585,0.12757479,1,0.15064756572246552
74189e3cea9b9b8b0d6b51f2,002947.SZ,恒铭达,2024-06-30,0.22159097,-0.47897756,0.19199991,-0.2631684,0.6165826,-0.17065433,4,0.6165825724601746
6d41827985704905e368c2f1,002949.SZ,华阳国际,2024-06-30,-0.057508737,0.26119182,-0.15028502,-0.06527279,-0.17038858,0.078111626,1,0.26119181513786316
f851ba2cade128f4f09851e9,002950.SZ,奥美医疗,2024-06-30,-0.09731877,-0.1244399,0.043067932,0.40211803,0.009156611,-0.06923585,3,0.4021180272102356
cf8c491f7993e88fc7f422bc,002952.SZ,亚世光电,2024-06-15,0.11931621,-0.25772533,0.012168659,-0.16093573,0.4393208,-0.12324861,4,0.43932080268859863
f843678b0013a5e32cd37fbc,002967.SZ,广电计量,2024-06-15,-0.015474044,0.20993744,-0.24483894,-0.04400517,-0.0014077965,0.015617963,1,0.2099374383687973
7371f4d85f52daad04e61165,002996.SZ,顺博合金,2024-06-15,0.06503183,-0.22636096,0.2883024,-0.030978693,0.044869523,-0.051471554,2,0.28830239176750183
fb8d8284225037b4eb72cbc2,003004.SZ,*ST声迅,2024-06-30,-0.11500411,0.4597661,-0.44642973,-0.099503405,-0.11213813,0.102771975,1,0.45976608991622925
914438796e601c1e2e2ed60b,003012.SZ,东鹏控股,2026-04-15,-0.022151697,0.0011372609,0.041985463,-0.009007389,-0.040314596,0.021198612,2,0.041985463351011276
684f083712f6aceadf81a150,300594.SZ,朗进科技,2024-06-15,0.19963524,-0.08405918,-0.021559026,-0.1726548,0.2635513,-0.10328013,4,0.2635512948036194
395aeb5344cd5f485e8b3313,300716.SZ,ST泉为,2024-06-30,0.08691558,-0.39829054,0.43703127,-0.04485852,0.19932133,-0.1424812,2,0.43703126907348633
3ea750bcdf4e7b272488e7be,300736.SZ,百邦科技,2024-06-15,-0.19650915,0.49997127,-0.4752154,-0.024654636,-0.18899962,0.14821658,1,0.49997127056121826
046a55ca112bd837c77e59ca,300750.SZ,宁德时代,2024-06-15,0.5716506,-0.204717,0.12308288,-0.23149385,0.19789147,-0.08958638,0,0.5716506242752075
ad4b4cbd684d215765b60651,300762.SZ,上海瀚讯,2024-06-15,0.03357742,0.18977073,-0.28539965,-0.090880804,0.11074354,-0.034709133,1,0.18977072834968567
f790f7d6b6dbf8c7fd48c3cc,300763.SZ,锦浪科技,2024-06-15,0.66509354,-0.10949874,-0.08662134,-0.09863875,0.21731454,-0.10327789,0,0.6650935411453247
87d1b21ca1906c3896cedcb6,300766.SZ,每日互动,2024-06-15,-0.113376394,0.41958854,-0.3401849,0.0089896675,-0.17493474,0.058126897,1,0.41958853602409363
90925957417ce27fc148b6e0,300772.SZ,运达股份,2024-06-15,0.6022888,-0.013396829,-0.05995968,-0.1474864,0.072861075,-0.043196056,0,0.6022887825965881
e12fd5b4f381b639d9c6ee69,300778.SZ,新城市,2024-06-15,-0.15958485,0.5593791,-0.3791891,-0.049063127,-0.30871132,0.14074557,1,0.5593791007995605
b36f9e1d471b80717241ae30,300780.SZ,德恩精工,2024-06-15,0.25606394,-0.37981117,0.17800425,-0.20015135,0.46473375,-0.17624885,4,0.464733749628067
2862c5ba86f5b469ae24aef7,300789.SZ,唐源电气,2024-06-15,0.11054803,0.12263771,-0.14622769,-0.1319985,0.07049444,-0.04000354,1,0.12263771146535873
4178e4806b9eb159052fe0f6,300795.SZ,米奥会展,2024-06-15,-0.17405485,0.34021905,-0.23863302,0.07176308,-0.23570994,0.092322335,1,0.34021905064582825
4f5c3ee3c0aa7946a356df32,300803.SZ,指南针,2024-06-15,-0.22569993,0.5574305,-0.4414288,0.041221194,-0.2982779,0.1996375,1,0.5574305057525635
af00d5fd3a463202dc1f2eab,300828.SZ,锐新科技,2024-06-15,0.17231257,-0.34174135,0.23429164,-0.1540157,0.33267888,-0.103296384,4,0.332678884267807
60cacf4bba623c24a6b83902,300832.SZ,新产业,2024-06-15,-0.060572986,-0.029677108,-0.12506169,0.4834778,0.03588855,-0.08716456,3,0.48347780108451843
e12d04c59b62150151b69772,300845.SZ,捷安高科,2024-06-15,-0.052536007,0.4093526,-0.35848048,-0.077349916,-0.09661603,0.008375347,1,0.4093526005744934
ada189cf2b3a0f42ac9b24a4,300859.SZ,西域旅游,2024-06-15,-0.11405407,0.18220975,-0.111627385,0.015132155,-0.18013093,0.06847053,1,0.18220974504947662
f8aab16b98ca8350e6cf51b9,300890.SZ,翔丰华,2024-06-15,0.5027343,-0.43086207,0.3433295,-0.078886695,0.21496896,-0.13015571,0,0.5027343034744263
efa3159eebd71eff593b4a98,300960.SZ,通业科技,2024-06-15,0.13944834,0.13217907,-0.20544496,-0.14710812,0.1136374,-0.022424692,0,0.139448344707489
6412b260236cc4a081969772,301191.SZ,菲菱科思,2024-06-15,0.22355688,-0.10071875,-0.07382998,-0.18708467,0.37427312,-0.13501474,4,0.3742731213569641
9f67bfab47cc7329e5882de3,301263.SZ,泰恩康,2024-06-15,-0.20097671,0.12890217,-0.12907432,0.37619793,-0.22664337,0.036773495,3,0.3761979341506958
864b5f6ef363fd3a71867499,301419.SZ,阿莱德,2024-06-15,0.22046974,-0.4235988,0.24648735,-0.18776883,0.47256723,-0.18310753,4,0.47256723046302795
1dbd9eb69171a540fb0f559b,301591.SZ,肯特股份,2024-06-15,0.18603721,-0.44816208,0.4409635,-0.13145114,0.32327327,-0.17983994,2,0.4409635066986084
02eea8c4e228a8834099b864,600933.SH,爱柯迪,2024-06-15,0.2599357,-0.46773815,0.24636951,-0.23732312,0.5400829,-0.16905314,4,0.5400828719139099
f58c8e1b2aba8a224570c86a,601187.SH,厦门银行,2024-06-30,-0.23404843,0.35760754,-0.21030891,0.06320839,-0.32728708,0.13484298,1,0.35760754346847534
5688b37411136bc3fe90becc,601298.SH,青岛港,2024-04-05,-0.10636732,0.18138134,-0.05019263,0.024202673,-0.22611652,0.06657247,1,0.18138134479522705
7a38f5c85c801c123616e414,601319.SH,中国人保,2024-06-30,-0.10016091,0.17233926,-0.11389396,0.018562417,-0.16277419,0.07509367,1,0.17233926057815552
f18f7d3061f5d489a43a7567,601577.SH,长沙银行,2024-06-30,-0.21070859,0.38430518,-0.2407923,0.055940054,-0.34392884,0.14381526,1,0.3843051791191101
085469f230ebaf06d01b78c7,601916.SH,浙商银行,2024-06-30,-0.22852884,0.38557974,-0.21834393,0.059325203,-0.35416797,0.15452605,1,0.3855797350406647
7ba9b62aa90a008ba89a14ae,603045.SH,福达合金,2024-06-15,0.23891816,-0.43626624,0.38046378,-0.12108794,0.32757244,-0.17983583,2,0.38046377897262573
f710a70889df2040b7dbcb3b,603068.SH,博通集成,2024-06-15,0.12591238,-0.17715006,-0.12215209,-0.113046624,0.46208784,-0.12849733,4,0.46208783984184265
aa0e3a860b3a126f4f2aac9a,603332.SH,苏州龙杰,2024-06-15,0.045257986,-0.22868556,0.34523374,-0.03706756,0.036699533,-0.052934334,2,0.3452337384223938
4f68ceb956f073eaa612e200,603348.SH,文灿股份,2024-06-15,0.18216586,-0.46204346,0.29641452,-0.22669277,0.47365695,-0.1394157,4,0.47365695238113403
f09ae6cca3a5cf59b107f28b,603351.SH,威尔药业,2024-06-30,-0.06292656,-0.20669818,0.17669778,0.50368387,-0.07726869,-0.07501902,3,0.503683865070343
e9f9b2d5c45ad4aaf1591881,603583.SH,捷昌驱动,2024-06-15,0.64073515,-0.2217458,-0.055763766,-0.22064972,0.38817415,-0.11314711,0,0.6407351493835449
39658bc9b17a967809a263e5,603613.SH,国联股份,2024-06-30,-0.16927983,0.336984,-0.2217283,0.07608145,-0.2726564,0.11100606,1,0.3369840085506439
a71a98ea5e94406d8b88a222,603937.SH,丽岛新材,2024-06-15,0.07810652,-0.28173673,0.33680812,-0.10468929,0.124011815,-0.07046602,2,0.33680811524391174
e86d174785886dcc17c0397d,001201.SZ,东瑞股份,2024-06-30,-0.12541322,0.10609538,0.015672429,0.18574032,-0.244554,0.06728125,3,0.18574032187461853
209de2ee6c0a2c55ec42a25a,001236.SZ,弘业期货,2024-06-15,-0.12888114,0.22095345,-0.100445494,0.05979214,-0.25373346,0.08550292,1,0.22095344960689545
d40c80151b60ba92aded77d8,001965.SZ,招商公路,2024-06-30,-0.12960891,0.25754857,-0.16678892,-0.0025159523,-0.23096314,0.10711411,1,0.25754857063293457
3ee32979647aed886537ef52,002929.SZ,润建股份,2024-06-30,-0.100273274,0.31838763,-0.2795507,-0.0066619143,-0.17081675,0.10502309,1,0.31838762760162354
74b260640288dadb7fdf9168,002930.SZ,宏川智慧,2024-06-15,-0.17135064,0.2669666,-0.058271557,0.080949925,-0.32188028,0.095469,1,0.2669666111469269
bea7bfab2251cc699d467c4f,002932.SZ,明德生物,2024-06-30,-0.09862834,0.08363486,-0.1985954,0.41954142,-0.059972692,-0.024118416,3,0.4195414185523987
1de59c75a7f7eadcdd63053e,002933.SZ,新兴装备,2024-06-15,0.08713843,-0.0008656103,-0.10519012,-0.15295178,0.19822015,-0.06742801,4,0.1982201486825943
5ec24cd51c8f285e5ae98d5a,002951.SZ,金时科技,2024-06-30,-0.023042867,-0.18294352,0.282866,0.027440742,0.036463372,-0.0705057,2,0.2828660011291504
6798b6f2015bd2e325484856,002956.SZ,西麦食品,2024-06-15,-0.20839879,0.11052299,-0.06110371,0.25751293,-0.23599336,0.08134145,3,0.2575129270553589
edd018b2e9d95b8af9a32cbe,002957.SZ,科瑞技术,2024-06-30,0.27192396,-0.2875568,-0.04204442,-0.22401235,0.5815527,-0.17965908,4,0.5815526843070984
e2d76630bbeb87aa2e2daff2,002962.SZ,五方光电,2024-06-30,0.19425046,-0.43151635,0.16270715,-0.14551315,0.5458669,-0.19259104,4,0.5458669066429138
d115ab6e490824ea1f67505a,002982.SZ,湘佳股份,2024-06-15,-0.16719793,0.12499167,-0.011595235,0.19311264,-0.27449888,0.072372146,3,0.19311264157295227
b5276428b9a3ca669ae40043,002984.SZ,森麒麟,2024-06-15,0.015742566,-0.2515372,0.25203526,-0.088313594,0.18228301,-0.06408519,2,0.2520352602005005
abe12af9fcf649573001a755,300765.SZ,新诺威,2024-06-15,-0.21164173,0.053469993,-0.05263845,0.47067928,-0.26251447,0.03146459,3,0.47067928314208984
907f6998417ecb8c72cd3d00,300770.SZ,新媒股份,2024-06-30,-0.17554937,0.3642968,-0.28854147,0.0300297,-0.24008694,0.12433571,1,0.3642967939376831
eda09b361441e4b6b3bac606,300779.SZ,惠城环保,2024-06-15,-0.023796383,-0.115496345,0.35118663,0.07658527,-0.13993056,-0.05810758,2,0.3511866331100464
2a7a4ad731021e411ca201f8,300782.SZ,卓胜微,2024-06-15,0.19432758,-0.3090281,-0.048763044,-0.1553481,0.58628845,-0.19717906,4,0.5862884521484375
bc0ef2b905fbf3e47d396376,300792.SZ,壹网壹创,2024-06-15,-0.26912734,0.44293708,-0.30002803,0.089820616,-0.3520039,0.16343775,1,0.44293707609176636
11c1a45cfb4020fadd3ce8cd,300798.SZ,锦鸡股份,2024-06-15,-0.02873872,-0.17063606,0.31388628,0.11065565,-0.07606002,-0.036582317,2,0.31388628482818604
849ce575fb2881c6dcfb6e69,300813.SZ,泰林生物,2024-06-15,0.05363583,-0.20794997,0.012668764,0.42512664,0.18604764,-0.1712131,3,0.4251266419887543
37b8a7fc6768b0fced7f06f1,300823.SZ,建科智能,2024-06-15,-0.040628,0.29573736,-0.3073263,-0.080714375,-0.038553227,0.0964927,1,0.2957373559474945
37b0b109a5dc8a07bde73d3c,300824.SZ,北鼎股份,2024-06-15,-0.13577102,0.15916653,-0.152485,0.05884017,-0.06716685,0.09504766,1,0.15916652977466583
773d1efbf977aa2008f746ee,300851.SZ,交大思诺,2024-06-15,0.13083632,0.042206913,-0.18033436,-0.14018978,0.1962451,-0.0698654,4,0.19624510407447815
c396408d1c33423d96723495,300912.SZ,凯龙高科,2024-06-30,0.23782097,-0.21484531,0.034580283,-0.20890436,0.4036583,-0.15958479,4,0.40365830063819885
2f85cda5f3e3f4743add88b9,300970.SZ,华绿生物,2024-06-15,-0.10096413,0.040117484,0.057988368,0.15578367,-0.16880904,0.02441419,3,0.15578366816043854
62717871fc77fd907d5c0e1b,301015.SZ,百洋医药,2024-06-30,-0.21420428,0.25254664,-0.17459562,0.20038004,-0.27580336,0.0952067,1,0.25254663825035095
e0088643d56cfc67910f76af,301168.SZ,通灵股份,2024-06-30,0.72876453,-0.35512608,0.023940956,-0.20029873,0.47898003,-0.21588969,0,0.728764533996582
a0803a49ef937a4411224919,301302.SZ,华如科技,2024-06-15,-0.0608356,0.42210445,-0.38419878,-0.032185003,-0.05572341,-0.007569229,1,0.42210444808006287
86e6518c9ba6c4c28e7b7efd,600929.SH,雪天盐业,2024-06-30,-0.20075785,0.12738536,0.041630633,0.30378586,-0.38248155,0.09311244,3,0.30378586053848267
56c3d3e8fe0655e35bf3b4a7,600989.SH,宝丰能源,2024-06-15,-0.017510606,-0.09164208,0.24705356,0.0041026566,-0.092604995,-0.007401096,2,0.24705356359481812
9186a13a720008c2602d4c53,601077.SH,渝农商行,2024-06-30,-0.20608462,0.32656214,-0.18214603,0.06585321,-0.32816872,0.13875188,1,0.32656213641166687
79143d4378bbf8c5997f71f3,601138.SH,工业富联,2024-06-15,0.091465585,0.046620786,-0.21500398,-0.16924547,0.27293605,-0.051818453,4,0.27293604612350464
0734dca5078fe26912e6775b,601615.SH,明阳智能,2024-06-30,0.6283473,-0.07781607,0.022843312,-0.18179321,0.093289405,-0.045340143,0,0.6283472776412964
e1b486afcaf963383e2212d6,601698.SH,中国卫通,2024-06-30,-0.046353754,0.12422347,-0.11045847,-0.015929703,-0.0748281,0.0306161,1,0.12422347068786621
957e055d7f1c3c87b1cfc498,603115.SH,海星股份,2024-06-30,0.13158497,-0.31784824,0.27705905,-0.097153045,0.20620787,-0.11247046,2,0.27705904841423035
50ea373c838bddb077634c4d,603187.SH,海容冷链,2024-06-30,-0.0013864229,0.027914528,-0.038161498,0.029203933,0.048520055,-0.010290181,4,0.048520054668188095
5aab8536f23e1332b7648c6d,603212.SH,赛伍技术,2024-06-30,0.2138687,-0.40235996,0.40116924,-0.16836087,0.3278025,-0.14970146,2,0.4011692404747009
21255c5d84aa3422b59efc8f,603236.SH,移远通信,2024-06-15,0.15780637,-0.003358161,-0.2456787,-0.176503,0.3389223,-0.0738429,4,0.33892229199409485
27c189246aae45d4f4bc741a,603327.SH,福蓉科技,2024-06-15,0.17097709,-0.4947359,0.39622962,-0.18781853,0.40568545,-0.15655416,4,0.4056854546070099
9ef26bd1ad42dace3e5d0844,603530.SH,神马电力,2024-07-01,0.780547,-0.3803166,0.258828,-0.24001591,0.3090949,-0.18783279,0,0.780547022819519
cc3530932878cfe7f52980a3,603687.SH,大胜达,2024-06-15,-0.07646027,-0.06675355,0.19865116,-0.007947177,-0.067774706,0.02941377,2,0.19865116477012634
c444bca95d951d3ce20863f3,603712.SH,七一二,2024-06-15,-0.019080142,0.15174247,-0.1601889,-0.09430981,-0.005147191,0.017464437,1,0.15174247324466705
4309a91984dd0b25d7fa8295,603786.SH,科博达,2024-06-15,0.2955255,-0.272901,-0.07127571,-0.26392844,0.57524645,-0.1459067,4,0.5752464532852173
f54b39ede8e091fe77d2fccd,603863.SH,松炀资源,2024-06-15,-0.048745856,-0.077846535,0.26564848,0.03992571,-0.13026893,0.0037186523,2,0.2656484842300415
ec82525a3391f12cc188f5fe,603867.SH,新化股份,2024-06-15,-0.046257205,-0.35955584,0.6324557,0.14624733,-0.05392327,-0.07021281,2,0.6324557065963745
c827c167e01c7acda209e16a,603927.SH,中科软,2024-06-15,-0.13234724,0.5262825,-0.44480976,0.040545374,-0.19103965,0.074356444,1,0.5262824892997742
f93d22322c9e04a58f5151b7,603956.SH,威派格,2024-06-30,0.013677273,0.28412917,-0.28039646,-0.093736514,-0.03176735,0.13553639,1,0.28412917256355286
1aee882288367d96c4f032b1,603982.SH,泉峰汽车,2024-06-15,0.3246667,-0.48890686,0.2743274,-0.29112735,0.55760396,-0.16177422,4,0.5576039552688599
dda053b708468fb095a68535,603992.SH,松霖科技,2024-06-15,0.06018158,-0.17261459,0.15833566,-0.050867345,0.19951902,-0.07954521,4,0.19951902329921722
33f0d28bd35957da74a5da41,605299.SH,舒华体育,2024-06-30,-0.014614373,0.19050314,-0.18997961,0.032503806,-0.06938919,0.038193144,1,0.19050313532352448
8ff5123b585bd835a4c8be63,002955.SZ,鸿合科技,2024-06-30,0.017361104,0.20868918,-0.277371,-0.07071665,0.086629346,-0.019902073,1,0.20868918299674988
5a8b36a233ec6a7d1bdced45,002959.SZ,小熊电器,2024-06-15,-0.15376283,0.13432944,-0.09197355,0.044278316,-0.09538532,0.11449812,1,0.1343294382095337
e7772cf901a7296d7e2a667b,002963.SZ,豪尔赛,2024-06-15,-0.1110854,0.31373858,-0.2408269,-0.08597252,-0.14912848,0.09241211,1,0.3137385845184326
05ac684fd138d5d5c5d2db99,002968.SZ,新大正,2024-06-30,-0.0993347,0.26748502,-0.2015059,-0.023754686,-0.18398665,0.10447638,1,0.26748502254486084
cc53a3307c02dd521e26abe0,002969.SZ,嘉美包装,2024-06-15,-0.08114213,-0.09725475,0.24350147,0.058662992,-0.068270415,-0.013873743,2,0.2435014694929123
c282222a096758086c44eb4e,002971.SZ,和远气体,2024-06-15,0.037039183,-0.2437226,0.36377025,-0.055404775,0.091402054,-0.09663016,2,0.3637702465057373
845fb352d8aefb42398c5aab,002972.SZ,科安达,2024-06-15,0.046133794,0.13444489,-0.18827204,-0.115869224,0.0642968,-0.003710524,1,0.13444489240646362
d84223ac672ffd6672f610de,002973.SZ,侨银股份,2024-06-15,-0.23108983,0.54545176,-0.29351822,-0.03322263,-0.4084658,0.18479602,1,0.5454517602920532
1dae79f509f21e6b83961541,002977.SZ,天箭科技,2024-06-15,0.100607246,-0.084396206,-0.006127052,-0.19624764,0.22852634,-0.095477365,4,0.22852633893489838
08ba39c84cb1b022cb6497ca,002980.SZ,华盛昌,2024-06-15,0.0068612415,0.052802023,-0.23637623,0.010151653,0.1885372,-0.048301257,4,0.18853719532489777
1fbb1d395c050d2e4a6f3ac4,003043.SZ,华亚智能,2024-06-15,0.3044763,-0.4939998,0.22138065,-0.24793667,0.5928254,-0.19939995,4,0.5928254127502441
62fe5d4bd208303837ee5ceb,003816.SZ,中国广核,2024-06-15,-0.07226261,0.30273157,-0.14393651,-0.04489295,-0.2623543,0.09326719,1,0.30273157358169556
f8b2fa1e66d6d755b7de65aa,300790.SZ,宇瞳光学,2024-06-15,0.18715717,-0.34646133,0.027793339,-0.15885212,0.59512043,-0.19193608,4,0.5951204299926758
f18a6e17a75632cd70e99801,300793.SZ,佳禾智能,2024-06-15,0.1366134,-0.18021658,-0.0045358595,-0.17054068,0.3967885,-0.13311926,4,0.39678850769996643
013e60e09f6db3ca4bb57de0,300796.SZ,贝斯美,2024-06-15,-0.05512152,-0.12684067,0.23411229,0.32452932,-0.13516653,-0.04058657,3,0.3245293200016022
8417ac0f6196219356509729,300797.SZ,钢研纳克,2024-06-15,0.13386133,-0.2054051,0.10670994,-0.06566611,0.27355084,-0.1553237,4,0.2735508382320404
3a389ff3cae64506f28b61a6,300802.SZ,矩子科技,2024-06-15,0.273214,-0.31368902,-0.027085215,-0.15696868,0.6067388,-0.2039715,4,0.606738805770874
f21fecea0ab8230d93adcedb,300805.SZ,电声股份,2024-06-15,-0.13452564,0.33048072,-0.28031895,0.014709193,-0.15070546,0.090905726,1,0.3304807245731354
a5e2ae7a3c03ec29b1136a60,300808.SZ,久量股份,2024-06-15,0.016978547,0.00033346936,-0.07634725,-0.06517883,0.146736,-0.030553304,4,0.1467359960079193
5c8eb1d40fd5238c810d6894,300809.SZ,华辰装备,2024-06-15,0.17140386,-0.22962418,0.09465038,-0.13038564,0.28151798,-0.11005244,4,0.28151798248291016
524a46a1cec3e1b4272d7474,300815.SZ,玉禾田,2024-06-15,-0.22141626,0.5096162,-0.2697883,-0.029721025,-0.38117236,0.15670899,1,0.5096161961555481
4b0d3d3acb2364f26b03828c,300816.SZ,艾可蓝,2024-06-15,0.23537286,-0.22224279,0.05369154,-0.22323138,0.41066164,-0.1593329,4,0.41066163778305054
8416492de231afb3dae67302,300819.SZ,聚杰微纤,2024-06-15,0.06266387,-0.30992582,0.3401698,-0.028495904,0.16091052,-0.10874561,2,0.3401697874069214
994f0b4062bb054dffa5b960,300825.SZ,阿尔特,2024-06-15,0.0032538357,0.060800582,-0.096136644,-0.0757768,0.043349914,0.006565679,1,0.06080058217048645
4f6a486b86fe8638b780a7a1,300826.SZ,测绘股份,2024-06-15,-0.10321021,0.54007053,-0.4142365,-0.087683536,-0.22439851,0.10145664,1,0.5400705337524414
9b8f915072b56950296d207b,300830.SZ,金现代,2024-06-15,-0.040230323,0.4228893,-0.34865716,0.035474423,-0.15493551,0.018421136,1,0.4228892922401428
b3160a21c02fbdd824063103,300858.SZ,科拓生物,2024-06-15,-0.15879945,-0.005584088,0.04094861,0.49382567,-0.2202866,-0.0073415944,3,0.49382567405700684
43616f88a5fec992537e6426,300860.SZ,锋尚文化,2024-06-15,-0.13889307,0.2378722,-0.16858721,0.001494931,-0.17682329,0.081728876,1,0.2378721982240677
7e9308e5fae1dc363092b551,300869.SZ,康泰医学,2024-06-15,0.041569345,-0.0240392,-0.1333781,0.24312565,0.10626647,-0.08382646,3,0.24312564730644226
658c8f39af32d667044105b5,300898.SZ,熊猫乳品,2024-06-15,-0.07411956,-0.07096763,0.12781094,0.14522883,-0.08093915,-0.023724008,3,0.14522883296012878
5fee2e2b01d0699318d16af9,301020.SZ,密封科技,2024-06-15,0.283984,-0.46426037,0.20893763,-0.2667621,0.6139156,-0.22840552,4,0.6139156222343445
d1a61cab1be302303d0e8824,600956.SH,新天绿能,2024-06-30,-0.07455876,0.22625372,-0.079183064,-0.042320877,-0.25783116,0.09149888,1,0.2262537181377411
ac69b4cfe17ddce3e497e4dc,601609.SH,金田股份,2024-06-30,0.09176372,-0.24403477,0.24198715,-0.07248344,0.12903519,-0.0740313,2,0.24198715388774872
61bf540fb3048a52ba973e34,601963.SH,重庆银行,2024-06-15,-0.2012132,0.33383885,-0.20729314,0.057658248,-0.3152069,0.14425713,1,0.3338388502597809
0362ae0bb8aaead22fa8147f,603053.SH,成都燃气,2024-06-15,-0.21924517,0.36730826,-0.17068785,-0.0012283791,-0.37803435,0.16687095,1,0.36730825901031494
162af9bad89fd5dbe634d130,603195.SH,公牛集团,2024-06-15,0.0118638575,0.110841066,-0.095825896,-0.10553343,0.034699444,0.063142516,1,0.1108410656452179
160c390f69a120e4d6dabad0,603290.SH,斯达半导,2024-06-30,0.3571688,-0.4028007,0.084574886,-0.2819271,0.59977573,-0.18834181,4,0.5997757315635681
c0512d5662b1338628347540,603390.SH,通达电气,2024-06-15,0.03296177,0.32742152,-0.41035655,-0.17182192,0.09659263,0.038139112,1,0.32742151618003845
ef3dd10a19ed97e88b2ca580,603489.SH,八方股份,2024-06-15,0.7144712,-0.19963476,-0.07894735,-0.2475847,0.41015512,-0.14950968,0,0.7144712209701538
5f8cd31c26dffee3f359bb25,603529.SH,爱玛科技,2024-06-15,-0.034458656,0.0904728,-0.1017407,-0.020450406,-0.0313541,0.04783374,1,0.09047280251979828
c4ac4f9f352b4dbebbc16dd0,603551.SH,奥普科技,2024-06-15,0.007981479,0.0053905398,0.09111974,-0.102907255,0.030226931,0.03951039,2,0.09111973643302917
5cdc38a73a33ba371e24b841,603610.SH,麒盛科技,2024-06-15,-0.011232112,0.083576776,-0.11489929,-0.025074959,0.06926715,0.027473453,1,0.08357677608728409
1a9afa928c7199147ce18e6a,603719.SH,良品铺子,2024-06-15,-0.27161068,0.17282343,-0.10259952,0.27556813,-0.29301533,0.10871294,3,0.2755681276321411
b36e759296a30179058b730b,603815.SH,交建股份,2024-06-15,-0.1259602,0.4374155,-0.19966325,-0.12150955,-0.3178676,0.12598875,1,0.4374155104160309
b55ae4902af5b860696d7d25,603948.SH,建业股份,2024-06-15,-0.031942636,-0.37446243,0.6658603,0.11027275,-0.050455637,-0.076272614,2,0.6658602952957153
c14e3c52225ccbb198b11666,603950.SH,长源东谷,2024-06-30,0.16500036,-0.29438877,0.2718927,-0.22447452,0.25770023,-0.08170812,2,0.2718926966190338
224d4a69bb85a5b1d78af2fd,603995.SH,甬金股份,2024-06-15,0.05838543,-0.18758726,0.19559745,-0.05089655,0.094998285,-0.049959857,2,0.19559745490550995
19cb2f15749c75e4b72c927b,605090.SH,九丰能源,2024-06-30,-0.109520726,0.18201874,-0.014425855,0.008071519,-0.2765858,0.07990196,1,0.18201874196529388
16658dba39e85028fa1fc30c,605339.SH,南侨食品,2024-06-15,-0.11247627,-0.11527854,0.2059428,0.36390245,-0.17906597,0.014248871,3,0.3639024496078491
40af3748349a85e3d9be4986,605368.SH,蓝天燃气,2024-06-30,-0.16775686,0.33136228,-0.14086396,-0.021718793,-0.34724224,0.14138894,1,0.3313622772693634
6c6f4f997e2ba445f1cb3f67,001313.SZ,粤海饲料,2024-06-30,-0.095418274,0.030551758,0.044578783,0.17745616,-0.17118683,0.026667766,3,0.17745615541934967
75c163d12c4b936f40361cd3,002975.SZ,博杰股份,2024-06-30,0.26507998,-0.23325041,-0.10822668,-0.19725502,0.56473565,-0.16847162,4,0.5647356510162354
865947da79e926e770cc177e,002976.SZ,瑞玛精密,2024-06-15,0.31517276,-0.53669053,0.26468164,-0.27996844,0.64153695,-0.20503302,4,0.6415369510650635
115cbd239d9099ccc15ea9ee,002983.SZ,芯瑞达,2024-06-15,0.14163654,-0.36962342,0.14148274,-0.15804365,0.5135541,-0.17522252,4,0.5135540962219238
484ac0b12b8e18a544237b77,002985.SZ,北摩高科,2024-06-30,0.04322297,-0.08175142,0.06650722,-0.11486412,0.13431157,-0.069023214,4,0.13431157171726227
cd45fcb56de86513e2df685a,002987.SZ,京北方,2024-06-15,-0.22290483,0.647715,-0.49808607,-0.0064775795,-0.36362305,0.20830263,1,0.6477149724960327
905dd86ce69bcc7018c8d817,002993.SZ,奥海科技,2024-06-15,0.317958,-0.36299622,0.05325599,-0.31276366,0.6187433,-0.1688752,4,0.6187433004379272
5b83dc7987c78827dc009580,003008.SZ,开普检测,2024-06-15,0.15680957,0.12741572,-0.13913037,-0.048891965,-0.054678034,0.0067250114,0,0.15680956840515137
43c2c0c92329ec6ea1963c70,300812.SZ,易天股份,2024-06-15,0.26735458,-0.39679602,0.06497018,-0.18507713,0.63370246,-0.22397345,4,0.6337024569511414
f1d8f6d352967759c5dae613,300821.SZ,东岳硅材,2024-06-30,0.162554,-0.49069345,0.64330345,-0.060269687,0.20228992,-0.18534654,2,0.6433034539222717
75c276045a1f302c339e05e8,300822.SZ,贝仕达克,2024-06-15,0.18680951,-0.19589642,-0.18147925,-0.17789944,0.56854767,-0.15638818,4,0.5685476660728455
0aafdae469c77e1878eae345,300831.SZ,派瑞股份,2024-06-15,0.27019882,-0.32865986,0.12924804,-0.18008286,0.41333225,-0.17570977,4,0.4133322536945343
0ceaf8015e7bb25190566668,300833.SZ,浩洋股份,2024-06-15,0.13949712,-0.10617316,-0.039470088,-0.061532177,0.31087664,-0.1252427,4,0.31087663769721985
0d80ea63bf56ac8d5ae662d2,300836.SZ,佰奥智能,2024-06-15,0.3361837,-0.2905229,-0.07686206,-0.23088183,0.6299464,-0.2036786,4,0.6299464106559753
a5b5711635ab93ca69bcc3f9,300838.SZ,浙江力诺,2024-06-15,0.28229782,-0.3072061,0.18588418,-0.19307935,0.3882662,-0.17388467,4,0.3882662057876587
fe32ef2f0e129b9e05aa6309,300840.SZ,酷特智能,2024-06-15,-0.10341059,0.15472543,-0.093488745,0.049587082,-0.08786326,0.02894125,1,0.15472543239593506
f41491c2722c69013eaa4ecc,300841.SZ,康华生物,2024-06-15,-0.20213285,0.12656343,-0.15223853,0.5087224,-0.27215385,0.026225645,3,0.5087224245071411
65fcdb4ae967e90b33749ecf,300842.SZ,帝科股份,2024-06-15,0.6600501,-0.60384184,0.3970635,-0.11852459,0.43842566,-0.24386917,0,0.660050094127655
ff764acbcc14c632a822faab,300843.SZ,胜蓝股份,2024-06-15,0.25118318,-0.48741853,0.14936988,-0.20760444,0.65441996,-0.20516816,4,0.6544199585914612
b783be088e4f4aac7a4ea12d,300861.SZ,美畅股份,2024-06-30,0.08689155,-0.25738066,0.24064061,-0.0634351,0.16650055,-0.10121584,2,0.24064061045646667
cfe8a2c10b5910f7c450bbd7,300892.SZ,品渥食品,2024-06-15,-0.19066706,0.18447194,-0.10465032,0.12642705,-0.22565871,0.07968809,1,0.18447193503379822
2bd263d88cad081bfa68d4b8,300928.SZ,华安鑫创,2024-06-15,0.068279564,0.021109138,-0.307002,-0.2146267,0.40950948,-0.07535783,4,0.40950947999954224
03b6c94a5ca600b192a75d06,601598.SH,中国外运,2024-04-05,-0.16211846,0.33248365,-0.13174672,0.002206143,-0.32148543,0.11899482,1,0.3324836492538452
35c59412cdb56e41f81edf92,601696.SH,中银证券,2024-04-05,-0.23053473,0.38914406,-0.24732164,0.09914573,-0.35504755,0.16594934,1,0.38914406299591064
219436967e9a8e368600f7ab,601702.SH,华峰铝业,2024-06-30,0.098150164,-0.28332368,0.2955994,-0.11765255,0.16940765,-0.07653084,2,0.29559940099716187
5243ffe59e0d2e6a913df2da,601778.SH,晶科科技,2024-06-30,-0.06590018,0.18811716,-0.07793818,-0.009640762,-0.21119459,0.08667772,1,0.1881171613931656
8d5d1f91cfe14b714b83fb0e,601827.SH,三峰环境,2024-06-30,-0.11974715,0.33481193,-0.10216358,-0.034933336,-0.3327695,0.119323984,1,0.3348119258880615
bfd5ed696a1ba7f827c23897,601975.SH,招商南油,2024-06-30,-0.08289184,0.17149635,-0.030777728,-0.0024902085,-0.22131732,0.06595049,1,0.17149634659290314
2594bc2ab020a2bf1791624f,603221.SH,爱丽家居,2024-06-30,0.004892084,-0.13363367,0.304747,-0.050246295,0.0013423595,0.00043736957,2,0.30474698543548584
151534be512fd86dea68bd5f,603439.SH,三力制药,2024-06-15,-0.17284362,0.018018799,-0.069533184,0.36085826,-0.18162985,0.029427852,3,0.3608582615852356
e56a8eb6798d7bb7937d899b,605111.SH,新洁能,2024-06-30,0.36648366,-0.43575668,0.12544705,-0.26904604,0.609277,-0.19698274,4,0.6092770099639893
0f880272f3a5a65e4a9cd4b0,605128.SH,上海沿浦,2024-06-15,0.11934568,-0.2902428,0.0888395,-0.24670741,0.4190756,-0.04637583,4,0.419075608253479
8a275125834b17b3f192b548,605198.SH,安德利,2024-06-15,0.10276882,-0.038346007,0.020726845,-0.07272087,0.04681567,-0.03093146,0,0.10276882350444794
4c37bac5f4e568b024a6b00d,605288.SH,凯迪股份,2024-06-15,0.61609423,-0.25199094,-0.06612391,-0.20324962,0.3937659,-0.13159293,0,0.6160942316055298
ab51f2d519a5db3e6b9546c9,605289.SH,罗曼股份,2024-06-30,-0.21698833,0.5354384,-0.32854378,-0.113043845,-0.34688684,0.19682688,1,0.5354384183883667
bf9592f697874be0fc14310f,605333.SH,沪光股份,2024-06-15,0.21481538,-0.2909197,0.085079,-0.2564656,0.44828492,-0.08368333,4,0.44828492403030396
563a84523bd9f4dcf09a0dec,605358.SH,立昂微,2024-06-15,0.2411768,-0.4567913,0.1632221,-0.21411687,0.58802474,-0.19358656,4,0.5880247354507446
08dff55efc0b953c732bc15d,688001.SH,华兴源创,2024-06-30,0.2771728,-0.32175854,-0.041306436,-0.17404298,0.62045324,-0.21222775,4,0.6204532384872437
ea93c8c1c1e95693c99486b9,688002.SH,睿创微纳,2024-06-30,0.13947386,-0.21450758,-0.023276158,-0.059438266,0.41322744,-0.18242694,4,0.4132274389266968
bb1d50cb4be31799a438ebb4,688005.SH,容百科技,2024-06-30,0.544539,-0.5154885,0.3536495,-0.10335706,0.34696144,-0.16846061,0,0.5445389747619629
ae06f75d32224cf539876170,688007.SH,光峰科技,2024-06-30,0.07648915,-0.1469673,-0.14180605,-0.101761535,0.45154944,-0.12815508,4,0.4515494406223297
365230cfc3bc095a5b836166,688027.SH,国盾量子,2024-06-15,0.022315226,0.19587773,-0.28479695,-0.07111714,0.09514788,-0.04577624,1,0.19587773084640503
153557b21cf652155c58fa3c,688088.SH,虹软科技,2024-06-30,-0.0029177046,0.21007068,-0.31964108,-0.053207602,0.15614867,-0.07024875,1,0.2100706845521927
2f8e6da03ac0472495a9d0a7,688099.SH,晶晨股份,2024-06-30,0.0924937,-0.12746309,-0.2195025,-0.09928666,0.46977773,-0.11429019,4,0.4697777330875397
1b969dc6ee84ea30346a4680,688116.SH,天奈科技,2024-06-15,0.24491334,-0.5543627,0.5868035,-0.13065016,0.37082222,-0.20571594,2,0.5868034958839417
68ce9d27ca39cfa50488db31,688218.SH,江苏北人,2024-06-30,0.14180824,-0.07339162,-0.12974505,-0.1319935,0.30295584,-0.05996348,4,0.30295583605766296
b77d051318bf6bd8ab9fb021,688278.SH,特宝生物,2024-06-30,-0.17107375,0.0017973818,-0.051432908,0.5533779,-0.21378343,-0.004646383,3,0.5533779263496399
b564616f14da6395acb3d676,688321.SH,微芯生物,2024-06-15,-0.20312284,0.031169642,-0.16285348,0.6642148,-0.18522054,-0.0054333024,3,0.6642147898674011
ca46c53db26fdb70c014bcbc,688499.SH,利元亨,2024-06-30,0.3350942,-0.47804672,0.22243734,-0.2178903,0.60299325,-0.22378704,4,0.6029932498931885
b95a829dbe6c06b41b3451db,688526.SH,科前生物,2024-06-30,-0.087591365,0.016543668,-0.03888409,0.29009238,-0.113919646,-0.013547542,3,0.2900923788547516
ac74cf505d1986d76185db85,002986.SZ,宇新股份,2024-06-15,-0.030832194,-0.21645886,0.55110943,0.097542845,-0.18116431,-0.04066918,2,0.5511094331741333
e336e128277d8e447812b99b,002988.SZ,豪美新材,2024-06-30,0.09869839,-0.2671078,0.26478565,-0.13612944,0.18370873,-0.06803577,2,0.26478564739227295
c10eb8065251b408856612ff,002991.SZ,甘源食品,2024-06-30,-0.20652099,0.091626085,-0.02768838,0.23902906,-0.23126572,0.106456205,3,0.23902906477451324
38c7ad866886a8fe1a047663,300846.SZ,首都在线,2024-06-15,-0.13853285,0.46672815,-0.39400798,0.007229858,-0.194086,0.09975081,1,0.466728150844574
aabc70dc23ea634548a61702,603095.SH,越剑智能,2024-06-15,0.07049369,-0.083951786,0.04940618,-0.025141787,0.09339659,-0.04339108,4,0.09339658915996552
10556d5d64b857e0f03dd988,603565.SH,中谷物流,2024-06-15,-0.12658639,0.211518,-0.07809549,0.025390929,-0.24036191,0.08676436,1,0.21151800453662872
3a3c1a892577957375739119,605001.SH,威奥股份,2024-06-30,0.119648926,-0.09198162,0.040118307,-0.13076733,0.1928272,-0.06425348,4,0.19282719492912292
8d5a467f1eafb423a5b9d53f,605008.SH,长鸿高科,2024-06-30,0.036978755,-0.20191386,0.25307325,-0.023499824,0.05057749,-0.054409493,2,0.25307324528694153
a81104d8c75237393e6bf0ec,605100.SH,华丰股份,2024-06-15,0.19724701,-0.10444938,0.009258044,-0.19943163,0.20510072,-0.07106876,4,0.20510071516036987
f9cae99acb3d0742eceaca38,605188.SH,国光连锁,2024-06-30,-0.13723366,0.15044841,-0.08666164,0.057034545,-0.18275182,0.09455154,1,0.15044841170310974
e55b38a9a3cc2e44bc3c05d6,688003.SH,天准科技,2024-06-15,0.26383394,-0.27415815,-0.07700041,-0.13980772,0.5702513,-0.2039719,4,0.5702512860298157
708614f4d26584faafa29bac,688008.SH,澜起科技,2024-06-30,0.10304917,-0.20058075,-0.11269209,-0.062159657,0.4537171,-0.12968741,4,0.45371711254119873
0ed6127ad891c3e90ffa0610,688010.SH,福光股份,2024-06-30,0.16239354,-0.24170732,-0.017923238,-0.09075159,0.43105394,-0.17161503,4,0.43105393648147583
664d209aad28e10271dbaefc,688011.SH,新光光电,2024-06-30,0.0817153,-0.07294652,-0.08844772,-0.08818746,0.24483727,-0.09156171,4,0.24483726918697357
9df47e8d3a351b0e4a0491cd,688012.SH,中微公司,2024-06-30,0.13732505,-0.36694926,0.12106091,-0.06456654,0.4497312,-0.16462089,4,0.4497312009334564
b30ae43746883b05eb08097c,688015.SH,交控科技,2024-06-30,-0.0045338883,0.2832231,-0.28775063,-0.12412645,0.009089626,0.0074338205,1,0.28322309255599976
b9f62d1ea189f32186c44fd3,688016.SH,心脉医疗,2024-06-30,-0.0021747574,-0.15535985,-0.036809344,0.4320144,0.11868901,-0.111603156,3,0.4320144057273865
8498f578ba7225ebf6b84656,688018.SH,乐鑫科技,2024-06-30,0.08411631,-0.088332966,-0.2331383,-0.09038738,0.43052328,-0.105951324,4,0.4305232763290405
f5b9c5bb6b802e9a5de846f2,688019.SH,安集科技,2024-06-30,0.12468663,-0.40250632,0.17394139,-0.05012008,0.44394004,-0.16085143,4,0.44394004344940186
d58ac849fe9359d533efe845,688022.SH,瀚川智能,2024-06-15,0.27936774,-0.38069946,0.018655665,-0.15407434,0.59678173,-0.21680543,4,0.5967817306518555
c4b363ce3687bed2b142d607,688023.SH,安恒信息,2024-06-30,-0.17278703,0.50493747,-0.50169283,0.06602197,-0.15243065,0.06719646,1,0.504937469959259
bac13d20dda5ef49d9c9e7a0,688028.SH,沃尔德,2024-06-30,0.20119311,-0.42961806,0.23163003,-0.13555643,0.47725314,-0.18573636,4,0.47725313901901245
7899a047a2f6d14265685ebe,688030.SH,山石网科,2024-06-15,0.0026620745,0.059338488,-0.09212315,0.0015085223,0.00968867,-0.010232661,1,0.059338487684726715
670c23edb1bb2a9d59951266,688033.SH,天宜新材,2024-06-15,0.54586196,-0.5091785,0.32485133,-0.21398644,0.41520518,-0.1882547,0,0.5458619594573975
6a57a039b85963fdf32898fd,688036.SH,传音控股,2024-06-15,-0.12083532,0.33071563,-0.4010285,-0.012840124,-0.019097518,0.08442576,1,0.3307156264781952
4088a02c90f6e1a80840c21c,688039.SH,当虹科技,2024-06-15,-0.034110215,0.21155107,-0.2198752,-0.006927202,-0.017103188,-0.007002375,1,0.21155107021331787
2ec7c7dfd64da95115176959,688057.SH,金达莱,2024-06-15,0.0017381217,0.16222988,-0.041378208,-0.027041048,-0.10563738,0.0033230968,1,0.16222988069057465
4c436a3811ad73c5d9331e35,688066.SH,航天宏图,2024-06-15,-0.10658598,0.4856605,-0.4142531,-0.036831368,-0.1239534,0.024722895,1,0.48566049337387085
5a44cc633766fb64775e1ee6,688068.SH,热景生物,2024-06-15,-0.05948309,-0.014334433,-0.13036792,0.50688314,-0.013599646,-0.07152236,3,0.5068831443786621
ed258c3f6dc5bdc8c68cadee,688078.SH,龙软科技,2024-03-25,-0.049532674,0.39392626,-0.2968464,-0.028289389,-0.12832163,0.010910077,1,0.3939262628555298
cadf645f4b5022293289a3a4,688097.SH,博众精工,2024-04-05,0.2562757,-0.34677526,-0.011789434,-0.19510639,0.5950877,-0.17497462,4,0.5950877070426941
e8e2be377205141be079d67b,688100.SH,威胜信息,2024-06-30,0.124851294,0.22110076,-0.28558785,-0.0687326,0.05162499,-0.023740212,1,0.22110076248645782
843da5b8ab56a4f9f6bd8e8c,688108.SH,赛诺医疗,2024-06-30,-0.018984389,-0.052930154,-0.106838316,0.36174446,0.040275738,-0.059008688,3,0.3617444634437561
d3e3f4bf21d860e389357793,688123.SH,聚辰股份,2024-06-15,0.13045013,-0.24350092,-0.12264406,-0.12783593,0.5494743,-0.14338958,4,0.54947429895401
521d5c5ce3fc5def3d0069b4,688133.SH,泰坦科技,2024-06-30,-0.08442291,-0.010830928,0.07697503,0.1920401,-0.056036435,-0.033895,3,0.1920401006937027
93d6ed92efab7bb890828514,688139.SH,海尔生物,2024-04-05,-0.02427486,0.0152927935,-0.17126337,0.41296744,0.013684539,-0.07950625,3,0.4129674434661865
53176d74c7b7e3bdab872609,688158.SH,优刻得-W,2024-06-30,-0.11496839,0.41044286,-0.3760133,0.05419249,-0.17747729,0.092986144,1,0.41044285893440247
8af5676bd2baa68e7d99de96,688166.SH,博瑞医药,2024-03-25,-0.1647934,-0.061480623,-0.013406281,0.63840735,-0.1816474,-0.019825451,3,0.6384073495864868
809ed8ebca870406f2f04e1c,688168.SH,安博通,2024-06-30,-0.08032711,0.43450996,-0.43350795,0.058776937,-0.097380646,0.016635211,1,0.4345099627971649
1a3d8e0d548cddea2fed213a,688169.SH,石头科技,2024-06-30,-0.05054277,0.19987492,-0.2354218,-0.050675847,0.018833771,0.10806434,1,0.19987492263317108
d4eded78876c3529a684c74d,688186.SH,广大特材,2024-06-30,0.115883045,-0.19981413,0.16539696,-0.07544336,0.146581,-0.077381454,2,0.16539695858955383
e6a8386c6d3e0aef748f5e19,688188.SH,柏楚电子,2024-06-30,0.18397093,-0.13043097,-0.098602034,-0.18850656,0.43798324,-0.14925149,4,0.4379832446575165
04337250ee35613fe976225f,688258.SH,卓易信息,2024-06-15,-0.026145112,0.35759968,-0.41185597,0.020635298,0.008573454,-0.008893911,1,0.357599675655365
04db8af78244c41e75c4bffe,688268.SH,华特气体,2024-06-15,0.09320976,-0.39896578,0.43190235,-0.035950355,0.24826097,-0.16240062,2,0.43190234899520874
73df5fea1629241390f51404,688288.SH,鸿泉技术,2024-06-30,0.10675287,0.090249404,-0.23535115,-0.0792992,0.19354314,-0.07104128,4,0.19354313611984253
c571098e6e2efa940d4bfeb1,688333.SH,铂力特,2024-06-30,0.16626981,-0.33606225,0.17768565,-0.103034616,0.36598924,-0.16278523,4,0.36598923802375793
d339bc36a57b971bcff17fee,688363.SH,华熙生物,2024-06-30,-0.26919737,0.056869477,-0.04611109,0.5407661,-0.25555342,0.029381057,3,0.5407661199569702
9a83ae635fac9bd885c2a4e7,688513.SH,苑东生物,2024-06-15,-0.2135948,0.015195653,-0.10221092,0.6221965,-0.22310732,0.008991975,3,0.6221964955329895
4c850dceba6096b2fb32a843,688568.SH,中科星图,2024-06-30,-0.1410556,0.49799514,-0.45015925,-0.0069541596,-0.13364086,0.03746169,1,0.49799513816833496
bd27fe42098f5a3233bd2d88,688787.SH,海天瑞声,2024-06-15,-0.2251886,0.45402864,-0.41067037,0.03631057,-0.19968925,0.099658355,1,0.4540286362171173
1a867166a487ac66087cf737,003009.SZ,中天火箭,2024-06-15,0.034357514,0.020899165,-0.030437937,-0.09106539,0.066715054,-0.049266398,4,0.0667150542140007
28018fbaf25d7525f649eb81,300850.SZ,新强联,2024-06-15,0.27434686,-0.33971095,0.23712006,-0.19723375,0.3452928,-0.1577376,4,0.3452928066253662
4e8ae0d6a7f9253082da86c6,300862.SZ,蓝盾光电,2024-06-15,0.07357341,0.056824982,-0.13220528,-0.059688136,0.15245444,-0.09383781,4,0.1524544358253479
70e00eaf09f8981936c683f4,301237.SZ,和顺科技,2024-06-15,0.18054989,-0.45188007,0.39096886,-0.12844765,0.3858888,-0.19437543,2,0.39096885919570923
644bdcb32dd3edbba11acbbb,301372.SZ,科净源,2024-06-15,-0.021816462,0.28924605,-0.09903175,-0.05226378,-0.1817245,0.020943405,1,0.2892460525035858
8e71787d26beeb32782c4f8b,605050.SH,福然德,2024-06-30,-0.0053878846,-0.05660951,0.1315502,-0.15083551,0.041547425,0.005283133,2,0.13155019283294678
54107d817591f0802b83f331,605166.SH,聚合顺,2024-06-30,0.02786157,-0.27912265,0.36963862,0.0015353207,0.047827147,-0.06787254,2,0.3696386218070984
765f95099fc75f3f6280c067,605168.SH,三人行,2024-06-30,-0.24843964,0.38239,-0.26249775,0.052877743,-0.31535536,0.14996494,1,0.38238999247550964
8ae6af55aede32e4119bd3df,605366.SH,宏柏新材,2024-06-15,0.05439114,-0.37406456,0.54068315,0.040403508,0.066623315,-0.12022748,2,0.5406831502914429
0834b414f6f5d41d8d8f8a5e,605389.SH,长龄液压,2024-04-05,0.29956448,-0.39736432,0.25291625,-0.20931897,0.41795433,-0.17412518,4,0.41795432567596436
5f8045e8acbc4a03216de4f1,688006.SH,杭可科技,2024-06-15,0.6946118,-0.39560926,0.094425894,-0.20576201,0.49010557,-0.22491962,0,0.6946117877960205
92f39b72ed4bb7365c585657,688009.SH,中国通号,2024-06-30,0.040039904,0.21204527,-0.2448531,-0.12047447,0.031451024,0.0032308102,1,0.21204526722431183
bde4ef97ec56e52d525553f1,688020.SH,方邦股份,2024-06-30,0.19230713,-0.50651985,0.22945876,-0.14205557,0.5878873,-0.2128632,4,0.5878872871398926
b54c5319770226793f741ed6,688021.SH,奥福科技,2024-06-30,0.22260183,-0.46587726,0.32848835,-0.17662401,0.49293402,-0.20393977,4,0.4929340183734894
ba3664f0104de574f636502e,688025.SH,杰普特,2024-06-15,0.21832341,-0.39990097,0.06915866,-0.1362923,0.5994573,-0.2106364,4,0.599457323551178
1dce84ccf1f78b85dc648100,688029.SH,南微医学,2024-06-30,-0.006429864,-0.17487918,-0.051682316,0.45517057,0.16295141,-0.13145359,3,0.45517057180404663
e96f5f73723c4a4b35260f4e,688051.SH,佳华科技,2024-03-20,-0.05398509,0.41603318,-0.34593698,-0.031837437,-0.13968615,0.04687942,1,0.41603317856788635
5d98712630681e60a96c1a4a,688058.SH,宝兰德,2024-03-20,-0.09341181,0.48477632,-0.43838993,0.006267854,-0.12967487,0.034198366,1,0.4847763180732727
2c417de1147dd7c3e41f3f5d,688080.SH,映翰通,2024-03-25,0.18812594,0.008718556,-0.208032,-0.11723184,0.26257375,-0.10638335,4,0.2625737488269806
d52ef12a2b8dee5e02d5a81f,688089.SH,嘉必优,2024-06-30,-0.10734388,-0.15463135,0.109117776,0.4279716,-0.06414084,-0.049839765,3,0.42797160148620605
ab4f15eda951b7475755bc9a,688098.SH,申联生物,2024-06-15,-0.10698618,0.018258065,-0.017298438,0.30957964,-0.14658216,0.0067537,3,0.30957964062690735
ec238976256569b281b5dfbe,688101.SH,三达膜,2024-06-30,0.0865411,-0.26500928,0.25388598,0.03391565,0.16536243,-0.14352244,2,0.25388598442077637
0ca3b79bde7013716e211f12,688111.SH,金山办公,2024-06-30,-0.1952091,0.5274979,-0.45884168,0.07633401,-0.22079733,0.0978016,1,0.5274978876113892
db5123cb3f3f1f06c643812d,688122.SH,西部超导,2024-06-30,0.07670623,-0.21541688,0.2133632,-0.10449588,0.14151093,-0.085360005,2,0.21336320042610168
4fdf7eb2ea8bcdf4ef5409f2,688126.SH,沪硅产业,2024-06-30,0.11572241,-0.43490633,0.23060688,-0.06180942,0.41712534,-0.14897923,4,0.4171253442764282
b5d630e8843b3772fdaeeabf,688128.SH,中国电研,2024-06-30,0.23164855,-0.0951608,-0.10869552,-0.18708107,0.36213234,-0.13239191,4,0.36213234066963196
1e20f85074088aadac85bf08,688159.SH,有方科技,2024-06-30,0.12257007,0.13181554,-0.30267844,-0.09194179,0.20941085,-0.058929525,4,0.20941084623336792
5ce5da9dcaaf0da6ebd170a0,688163.SH,赛伦生物,2024-06-30,-0.16240361,0.052440308,-0.08894229,0.45574194,-0.17504494,0.0029892363,3,0.4557419419288635
dde7aff991efe5d8262fab4f,688178.SH,万德斯,2024-06-30,-0.11605901,0.34811044,-0.15338281,-0.03056872,-0.25674194,0.08792804,1,0.3481104373931885
714c2db0ae9b98d2ff9b257c,688181.SH,八亿时空,2024-06-30,0.057421833,-0.3980773,0.23734269,-0.03158967,0.3761244,-0.14888763,4,0.37612441182136536
597722e6e55cba80bb0e6e50,688196.SH,卓越新能,2024-06-30,-0.058705557,-0.031606957,0.24381974,0.10663788,-0.1800083,-0.01870833,2,0.24381974339485168
8df9647bc3dc53c6a5f41e38,688198.SH,佰仁医疗,2024-06-30,-0.05156833,-0.1583693,0.0074681975,0.487387,0.055944975,-0.10143348,3,0.4873870015144348
d6f9e1ee23b83bc68454719f,688199.SH,久日新材,2024-06-30,0.055445846,-0.37475464,0.37987718,0.0044171805,0.20725691,-0.121413134,2,0.3798771798610687
0679d832aa76ebc39978eced,688202.SH,美迪西,2024-04-05,-0.27079383,0.27617532,-0.3137737,0.50024474,-0.27707577,0.08683365,3,0.5002447366714478
744f90c692e88d6602f97377,688233.SH,神工股份,2024-06-15,0.10537358,-0.3806486,0.2604634,-0.07100653,0.30548394,-0.13819805,4,0.30548393726348877
f560524e6ca03060f54acad9,688298.SH,东方生物,2024-06-30,-0.12388565,0.04121048,-0.18539423,0.55799043,-0.07139021,-0.049322605,3,0.5579904317855835
89374aba9dea19110c8113d6,688299.SH,长阳科技,2024-04-05,0.21862748,-0.5204145,0.3024646,-0.17356215,0.5754028,-0.21340682,4,0.5754027962684631
53f8e2e2e1ba08791ab9e3ee,688300.SH,联瑞新材,2024-06-15,0.10343459,-0.33747685,0.28823304,-0.059982095,0.23031388,-0.11893061,2,0.28823304176330566
a8949fbc94a69211a792bbbb,688310.SH,迈得医疗,2024-06-15,0.14217532,-0.2597571,-0.032757603,0.3104912,0.342238,-0.17895281,4,0.34223800897598267
2cd45483bf4366308b231f52,688357.SH,建龙微纳,2024-06-15,0.16424948,-0.41684085,0.5052437,-0.02418993,0.2015973,-0.16688415,2,0.505243718624115
1dab3845a6132f00b8579d29,688358.SH,祥生医疗,2024-06-15,0.020130523,-0.031586982,-0.19910978,0.39128262,0.13149118,-0.0926276,3,0.3912826180458069
010270868ede61532a407f30,688366.SH,昊海生科,2024-06-30,-0.043341752,-0.22709796,0.08003764,0.5268433,0.08238231,-0.12384073,3,0.5268433094024658
c77308c6c85dd89947be810c,688368.SH,晶丰明源,2024-06-30,0.17329296,-0.3580581,0.012797579,-0.11065091,0.56920683,-0.17229487,4,0.5692068338394165
8e7df0cc1791f6a18807a772,688369.SH,致远互联,2024-06-15,-0.16171479,0.49843615,-0.46184546,0.10064199,-0.1843908,0.06576131,1,0.4984361529350281
244a768928fbe732739257c9,688388.SH,嘉元科技,2024-06-15,0.52574307,-0.5257688,0.37151068,-0.1042721,0.33854526,-0.19208868,0,0.5257430672645569
b3eaddf1747bc641d8f7141e,688389.SH,普门科技,2024-06-15,-0.07567612,-0.06985511,-0.1200221,0.49263236,0.06224672,-0.09808086,3,0.49263235926628113
03e83cb66d3d8e4b39075d7d,688399.SH,硕世生物,2024-06-30,-0.06854785,0.025310885,-0.20332207,0.49367887,0.009460889,-0.065434374,3,0.49367886781692505
08031add03b0d9eaf5851217,688588.SH,凌志软件,2024-06-30,-0.14654437,0.4913129,-0.40819022,0.008464584,-0.19416505,0.080326304,1,0.4913128912448883
a7e9284c1baccef5fc480db3,688656.SH,浩欧博,2024-06-15,-0.07018585,-0.076723434,-0.09492346,0.53080857,0.029624406,-0.10186707,3,0.5308085680007935
143f80c5a92d91625b602851,689009.SH,九号公司-WD,2024-03-15,-0.0069424976,0.09129627,-0.15354635,-0.018689437,0.028986737,0.0131888725,1,0.09129627048969269
6f9f34182806c04935995633,002990.SZ,盛视科技,2024-06-15,-0.095305055,0.43240112,-0.39307442,-0.06452328,-0.13188453,0.14467946,1,0.4324011206626892
546c16ccf2599eda32923b5b,002997.SZ,瑞鹄模具,2024-06-15,0.1535913,-0.37292546,0.20695886,-0.2391925,0.44921803,-0.12573904,4,0.4492180347442627
bb259a13f1531a74f70056aa,002998.SZ,优彩资源,2024-06-30,0.023230655,-0.20196584,0.33801556,0.020442015,-0.022705954,-0.04436535,2,0.3380155563354492
a61ef3d254e1ec36281e1273,003001.SZ,中岩大地,2024-06-30,-0.055264797,0.3397578,-0.15670455,-0.12974466,-0.20324808,0.086612664,1,0.3397578001022339
bbe77562ca2add5f1cd690fa,003013.SZ,地铁设计,2024-06-15,-0.10606926,0.5008565,-0.297004,-0.14045407,-0.28037328,0.1410178,1,0.5008565187454224
d1fa83e2b5ebf1969b995820,003021.SZ,兆威机电,2024-06-15,0.28249177,-0.3756662,-0.0113920495,-0.2559305,0.66498417,-0.18063729,4,0.6649841666221619
0a1cfac3c13a39d4b487080f,003027.SZ,同兴科技,2024-06-15,0.083507635,-0.03964906,-0.01941804,-0.13422304,0.14007403,-0.05443444,4,0.14007402956485748
0e1c3fca58dd570c5cf4abe5,003032.SZ,*ST传智,2024-06-30,-0.22697261,0.447199,-0.32754254,0.043291733,-0.32031947,0.17102395,1,0.4471989870071411
975d9fe23a4233a5e594843f,300852.SZ,四会富仕,2024-06-15,0.30011365,-0.44017923,0.088223815,-0.26093864,0.6844965,-0.21540153,4,0.6844965219497681
a79c0228ee771eab01bacbd4,300855.SZ,图南股份,2024-06-30,0.19883269,-0.37190962,0.36632574,-0.16393708,0.26130146,-0.14473912,2,0.3663257360458374
3160cd1d3d1e9e591654c1bc,300856.SZ,科思股份,2024-06-15,-0.021263912,-0.14387843,0.17500854,0.12562045,-0.0012450553,-0.0549407,2,0.17500853538513184
a549d9fef43d1d794a56dc6a,300857.SZ,协创数据,2024-06-15,0.031389587,0.073208176,-0.25179526,-0.028443579,0.22734682,-0.06428163,4,0.22734682261943817
a621ac8f871d8fba80030778,300863.SZ,卡倍亿,2024-06-15,0.32863283,-0.46811828,0.20700738,-0.2140698,0.5812777,-0.21641889,4,0.5812777280807495
0d6b72b428a0d4d8859eef1c,300866.SZ,安克创新,2024-06-15,-0.08575887,0.12723398,-0.24822167,0.007339947,0.08256848,0.05623893,1,0.12723398208618164
ebe5f0a9ce6b779becd48bbc,300871.SZ,回盛生物,2024-06-30,-0.09201332,-0.002669197,0.028262937,0.3040424,-0.15481968,-0.014348192,3,0.30404239892959595
fcf67d80a3c83652ce38a4b4,300875.SZ,捷强装备,2024-06-15,0.07597142,-0.022862202,-0.029914796,-0.010880146,0.13887617,-0.057679452,4,0.13887616991996765
3d38b6aaac520e555657b570,300880.SZ,迦南智能,2024-06-15,0.1380642,0.17152211,-0.20615463,-0.090189666,0.06904885,-0.03904876,1,0.1715221107006073
49c2a1e368bffe0748a93d7b,300885.SZ,海昌新材,2024-06-15,0.23939061,-0.51803946,0.3750867,-0.14378656,0.4372344,-0.19755733,4,0.43723440170288086
55b4cbd6aa247878d597f915,300889.SZ,爱克股份,2024-06-15,0.3959166,0.161273,-0.3020813,-0.1380569,0.104704656,0.016136855,0,0.395916610956192
1561f2438bcf2e55e2988063,300910.SZ,瑞丰新材,2024-06-30,0.08932786,-0.32868057,0.49106276,0.04647977,0.0415598,-0.12702754,2,0.4910627603530884
605594fa70fc95da997a698c,300978.SZ,东箭科技,2024-06-15,0.18947299,-0.18593746,-0.095252275,-0.20931242,0.49129283,-0.11411356,4,0.4912928342819214
c37e8859b6b23dd6f2f492ee,301073.SZ,君亭酒店,2024-06-30,-0.11763568,0.16943063,-0.10825404,0.053758718,-0.16394006,0.06530582,1,0.16943062841892242
06d418e54c522c3b15e39a66,301172.SZ,君逸数码,2024-06-15,-0.1025548,0.511081,-0.4632232,-0.063186936,-0.107260495,0.047112174,1,0.5110809803009033
d0c89bd2cbffa123abbc4192,301395.SZ,仁信新材,2024-06-15,0.06220203,-0.4100487,0.606699,0.012717942,0.10823089,-0.10872048,2,0.6066989898681641
521e8faff791ece94685f460,601665.SH,齐鲁银行,2024-06-30,-0.2150059,0.3762545,-0.19567898,0.047822792,-0.35923347,0.14544578,1,0.37625449895858765
16a4fb009eeabeac5f17a3bc,603408.SH,建霖家居,2024-06-15,0.058206353,-0.13336605,0.15931678,-0.08763685,0.14531375,-0.045325004,2,0.1593167781829834
36b00095daf137a41c5295fd,605003.SH,众望布艺,2024-06-15,-0.044136528,-0.12092932,0.26013926,0.021274835,-0.015226575,-0.004572924,2,0.26013925671577454
474d1eda71401331d770eebb,605009.SH,豪悦护理,2024-06-30,-0.09126547,-0.062484443,0.1663554,0.09450381,-0.06547709,0.009367766,2,0.16635540127754211
dedcb9b525597c457397a1e9,605066.SH,天正电气,2024-06-15,0.7694485,-0.3282055,0.13473874,-0.31836507,0.37385935,-0.15012637,0,0.7694485187530518
c7c1d50fc4a8e78fe4243f39,605099.SH,共创草坪,2024-06-30,-0.008556504,-0.054109905,0.20304236,-0.005888435,-0.059478395,-0.0014582071,2,0.20304235816001892
5f877886f0c2c0ef6db8f509,605116.SH,奥锐特,2024-06-30,-0.16269818,-0.16206078,0.19545242,0.55761975,-0.16358203,-0.036637433,3,0.5576197504997253
d2cdeb3ffccfb5192f0096e1,605118.SH,力鼎光电,2024-06-15,0.16977377,-0.32504424,0.04388644,-0.18552889,0.5356799,-0.16981986,4,0.5356798768043518
dd9e8620cbbacc1755b3e1a5,605123.SH,派克新材,2024-06-30,0.20673895,-0.36059982,0.32243448,-0.16920316,0.27257988,-0.13101995,2,0.3224344849586487
d849eda12464bc27ca5c9847,605169.SH,洪通燃气,2024-06-30,-0.15774563,0.3031643,-0.12913966,-0.0237954,-0.31535065,0.11979342,1,0.3031643033027649
1b01833238173394c0132537,605180.SH,华生科技,2024-06-30,0.11323243,-0.29009214,0.36567932,-0.12596093,0.15648906,-0.08935563,2,0.3656793236732483
1bcf2de15906b3c1502293df,605222.SH,起帆电缆,2024-06-15,0.5931839,-0.36319235,0.29694828,-0.12708765,0.14992973,-0.103532836,0,0.5931838750839233
3c33f44bd4e601c0d0806096,605228.SH,神通科技,2024-06-30,0.14626068,-0.3035283,0.19383512,-0.21618114,0.37657285,-0.062036213,4,0.376572847366333
79194306cb761fd637aa4fa9,605318.SH,法狮龙,2024-06-15,0.0023829956,-0.08106086,0.16763449,-0.098539814,0.0340952,0.018406546,2,0.1676344871520996
467ae47dc83478597766e165,605388.SH,均瑶健康,2024-06-30,-0.16885374,0.11304094,-0.054569557,0.16327803,-0.19223882,0.09840552,3,0.1632780283689499
9e4e032f1f9a2fa1397de5d8,605398.SH,新炬网络,2024-06-15,-0.13044803,0.50822836,-0.44666845,0.048025332,-0.19696304,0.09359291,1,0.5082283616065979
afb9b7bcece20ff8ff49812f,605399.SH,晨光新材,2024-06-30,0.074849665,-0.4085208,0.5625132,-0.0065504247,0.109640494,-0.12706673,2,0.5625131726264954
ee57f2f775a017c4ccee1979,688026.SH,洁特生物,2024-03-25,0.0051782364,-0.24729925,0.09249273,0.43410507,0.15743849,-0.1451411,3,0.4341050684452057
7673f3596362c14b901e1043,688069.SH,德林海,2024-06-15,-0.027590748,0.18576138,-0.030325774,0.05090856,-0.1503877,-0.006087549,1,0.18576137721538544
5c57b91a63f97f1c6cfe45cd,688090.SH,瑞松科技,2024-06-15,0.28304875,-0.36431554,0.060531985,-0.24560758,0.58557177,-0.17722234,4,0.5855717658996582
610458fa5c21d5c113da74d0,688118.SH,普元信息,2024-06-30,-0.07264388,0.4183107,-0.42651838,0.06861567,-0.08443882,0.040902723,1,0.4183107018470764
aa54b10de5e9620447a50a46,688138.SH,清溢光电,2024-06-30,0.10690667,-0.39824477,0.13303474,-0.10634577,0.49866664,-0.17007293,4,0.4986666440963745
b2bf1ba105cc7c1f02f3c0f1,688466.SH,金科环境,2024-06-15,-0.07239589,0.20889956,-0.032638773,-0.0135982465,-0.16224696,0.031900022,1,0.20889955759048462
acc657e4f5f6bef4b7606185,688505.SH,复旦张江,2024-06-30,-0.2012783,-0.020259194,-0.083332315,0.66318965,-0.1847109,-0.007425409,3,0.6631896495819092
79bd0d99c5e9b1355672c228,688528.SH,秦川物联,2024-06-30,0.09396019,0.10424489,-0.14493264,-0.06974346,0.084596425,-0.041860163,1,0.1042448878288269
8afd92e570df49be81c8fa0e,688599.SH,天合光能,2024-06-30,0.47706497,-0.08157422,-0.0032173153,-0.102948174,0.077190325,-0.042435415,0,0.47706496715545654
1a74e8817e157b4a74968c1d,003000.SZ,劲仔食品,2024-06-30,-0.237369,0.1304982,-0.05763393,0.25020576,-0.26261008,0.13340777,3,0.25020575523376465
f86917ce101d25453a8e0c3e,003005.SZ,竞业达,2024-06-15,-0.10956662,0.54854417,-0.49049652,-0.0640022,-0.13348582,0.05804651,1,0.54854416847229
9071769ee018622a1006479a,003007.SZ,直真科技,2024-06-15,-0.025238197,0.5287288,-0.47004047,-0.078885324,-0.11934153,0.05141292,1,0.5287287831306458
4dc620131ff6c40a6fceb378,003011.SZ,海象新材,2024-06-30,-0.051271554,-0.11021218,0.31217235,-0.042460825,-0.035498694,0.028592551,2,0.3121723532676697
70ed505eb9687ff4a3360a56,003019.SZ,宸展光电,2024-06-30,0.13298197,-0.14978166,-0.10384491,-0.17660633,0.44800073,-0.1104073,4,0.4480007290840149
e225ebd31d937a16de81ccd7,003022.SZ,联泓新科,2024-06-30,0.16476071,-0.51353574,0.698765,-0.055686854,0.1444671,-0.16518784,2,0.698764979839325
69aeda1db9a3644a652f1bf8,003023.SZ,彩虹集团,2024-06-15,-0.0051018596,0.09015402,-0.063344285,-0.09195866,0.02148451,0.082358904,1,0.0901540219783783
3ca38b6ed1a21d4396ba2cc2,003026.SZ,中晶科技,2024-06-15,0.1768532,-0.4655122,0.2753668,-0.14107594,0.47352663,-0.17586482,4,0.47352662682533264
149f00672fb069e9f3459f8e,300864.SZ,南大环境,2024-06-15,-0.11764694,0.34461865,-0.08653348,-0.007261953,-0.31453258,0.08496074,1,0.34461864829063416
f5f098a8b8585e55b4a1e366,300870.SZ,欧陆通,2024-06-15,0.69091123,-0.27254683,-0.07740696,-0.24067676,0.46952826,-0.17986092,0,0.6909112334251404
9e90f79b18ea6e397647aba1,300873.SZ,海晨股份,2024-06-15,-0.09083274,0.23852055,-0.18797332,0.0291204,-0.14939652,0.054483835,1,0.238520547747612
cb2d8ffe124f8ba8d3a5e62a,300876.SZ,蒙泰高新,2024-06-15,0.031186163,-0.23769064,0.35291025,-0.00095572975,0.031816415,-0.07543801,2,0.35291025042533875
c46686d851674618a7c5cced,300891.SZ,惠云钛业,2024-06-15,0.011247302,-0.34133652,0.5995026,0.05631485,0.00096459873,-0.09826705,2,0.5995026230812073
2d385cd5543636187563c22a,300900.SZ,广联航空,2024-06-15,0.081203476,-0.14717677,0.08788031,-0.120514005,0.17714775,-0.08810356,4,0.1771477460861206
21616a74f46a6984f92c9b42,300901.SZ,中胤时尚,2024-06-30,-0.1930674,0.2123354,-0.09768862,0.035825334,-0.18728429,0.08623548,1,0.21233539283275604
a4a1f2b7bb8c69bd9a08c450,300909.SZ,汇创达,2024-06-30,0.19107926,-0.48291534,0.15269004,-0.16528188,0.65963113,-0.2311126,4,0.6596311330795288
feaff220682d33fd1f4e1aaa,300922.SZ,天秦装备,2024-06-15,0.085704416,-0.16016147,0.102344394,-0.09995244,0.21587564,-0.11084873,4,0.21587564051151276
8319248eb0d4a9104bee3c67,300927.SZ,江天化学,2024-06-15,0.013655829,-0.38682526,0.6108905,0.10944825,0.008979317,-0.1387917,2,0.6108905076980591
b8306138cddd6cbf9e73f8fe,300931.SZ,通用电梯,2024-06-15,0.11879276,0.052900687,-0.050031357,-0.106179945,0.056038395,0.0061567407,0,0.11879275739192963
4278d3ba6226c0a8570fcd99,300933.SZ,中辰股份,2024-06-15,0.66822803,-0.39869204,0.29786202,-0.1519621,0.23930232,-0.15639402,0,0.668228030204773
b0dc5f59973fa7a2f0492eb6,300939.SZ,秋田微,2024-06-15,0.22728395,-0.29911643,-0.08270923,-0.21807559,0.64977205,-0.19668517,4,0.649772047996521
8c79217c0f9d671e5f341187,300941.SZ,创识科技,2024-06-30,-0.023115745,0.09006236,-0.10029007,-0.005304216,-0.024396408,0.008771594,1,0.09006235748529434
2e81a81ce91c310fbf616b32,300952.SZ,恒辉安防,2024-06-15,0.09726346,-0.24198493,0.27534223,-0.020253882,0.13580805,-0.12357335,2,0.2753422260284424
8aab4aa39a749d61257dfb11,300982.SZ,苏文电能,2024-06-15,0.035989605,0.41615173,-0.3494314,-0.15081519,-0.14137673,0.10138883,1,0.4161517322063446
fed680047aec4d1bbbfe69d2,301007.SZ,德迈仕,2024-06-15,0.24743165,-0.3757097,0.15876879,-0.21632156,0.48944223,-0.17994969,4,0.48944222927093506
5dfa2b38c70386be2e23a9c5,301051.SZ,信濠光电,2024-06-15,0.17949717,-0.47808635,0.2132921,-0.18271586,0.617429,-0.21340825,4,0.6174290180206299
01011ecdafec107c5e464d13,301199.SZ,迈赫股份,2024-06-15,0.21311855,-0.24449553,0.026744576,-0.23623237,0.43512088,-0.12674995,4,0.4351208806037903
864fd9db4d90b4fef9e602b2,301220.SZ,亚香股份,2024-06-15,-0.16173327,-0.17954025,0.4151798,0.2500608,-0.13594331,-0.04522748,2,0.4151797890663147
30738accc943b284416b63e3,301418.SZ,协昌科技,2024-06-15,0.71271825,-0.23058261,-0.12054154,-0.25155634,0.4837883,-0.18999638,0,0.7127182483673096
8cd58ef5f3d3e36e9f28d412,601568.SH,北元集团,2024-06-30,-0.0011696965,-0.1800302,0.45948443,0.029035633,-0.14452448,-0.020570643,2,0.45948442816734314
5a92791a9e94d0f7e8c36f44,603102.SH,百合股份,2024-06-30,-0.18455787,-0.013347831,0.06723338,0.5512084,-0.24101605,0.021355355,3,0.5512083768844604
83c46b13aac8e467bf65e8d6,603112.SH,华翔股份,2024-06-30,0.103574425,-0.2931914,0.24700435,-0.120967925,0.21018851,-0.083203875,2,0.24700434505939484
8496de314c431ba3dd397b5d,605007.SH,五洲特纸,2024-06-30,-0.023464976,-0.18391876,0.30985424,0.026364317,-0.013229411,-0.036458407,2,0.3098542392253876
d011a7c6f4afa12eca5f8a63,605055.SH,迎丰股份,2024-06-30,-0.07386005,-0.08280017,0.26305243,0.05548373,-0.11639187,0.023393055,2,0.26305243372917175
05c8e36ab7f53e27f8bb22fb,605077.SH,华康股份,2024-06-30,-0.100768805,-0.1648444,0.24113144,0.3990978,-0.15968563,-0.04088884,3,0.3990978002548218
b8057b5c654d55593dffaf7c,605122.SH,四方新材,2024-06-30,-0.02272993,-0.002048863,0.12509377,-0.011700908,-0.1203783,0.04884657,2,0.12509377300739288
6c15dc08d75024addcf4bb9d,605133.SH,嵘泰股份,2024-06-15,0.30474973,-0.5410758,0.34068853,-0.28108057,0.57381916,-0.18328267,4,0.5738191604614258
6faa8dac814660a0fc503dbd,605177.SH,东亚药业,2024-06-30,-0.14354374,-0.15844408,0.1782024,0.55779195,-0.17881012,-0.017367639,3,0.5577919483184814
5055c84fff898033cbe3b281,605186.SH,健麾信息,2024-06-30,-0.119937055,0.21514814,-0.30575693,0.27919522,-0.08472755,0.04613051,3,0.27919521927833557
72674f1c0d5b095c0ff66cdf,605199.SH,ST葫芦娃,2024-06-30,-0.09937298,-0.027957505,0.013070597,0.2510231,-0.13181388,0.016327411,3,0.2510231137275696
e6137f9007febe829092c931,605218.SH,伟时电子,2024-06-30,0.23516415,-0.3147055,-0.049397476,-0.29199773,0.64202327,-0.1586465,4,0.6420232653617859
5fd4190fd88e1ce67b3ba8f9,605255.SH,天普股份,2024-06-30,0.26339304,-0.44079813,0.30866504,-0.32031932,0.49230868,-0.15435423,4,0.49230867624282837
7d53d740feca0e889e9a2f5e,605336.SH,帅丰电器,2024-06-30,-0.049426522,0.10161592,-0.001991937,-0.044985652,-0.063913256,0.08288458,1,0.10161592066287994
08092011dbf28ae8880968fd,605338.SH,巴比食品,2024-06-30,-0.2296713,0.10820218,0.029792748,0.38603494,-0.34517646,0.105079636,3,0.38603493571281433
e48668f4aa6b42c08a802df7,605369.SH,拱东医疗,2024-06-15,-0.017447824,-0.258799,0.12029367,0.49192208,0.09883018,-0.11752173,3,0.4919220805168152
dee9150df92a5f44157df5ec,605377.SH,华旺科技,2024-06-30,-0.022588741,-0.1944195,0.33213967,0.008992195,-0.019591335,-0.033253156,2,0.33213967084884644
d651655734b055e08d7c0b11,605500.SH,森林包装,2024-06-15,-0.11452089,-0.02273392,0.17760687,0.033225305,-0.14036754,0.047802776,2,0.17760686576366425
87c6b40fafa97d965bec05e9,688228.SH,开普云,2024-03-15,-0.126964,0.5247558,-0.4237393,0.012886635,-0.19266121,0.063646905,1,0.5247557759284973
71b596b6ce64d57f936683e4,688266.SH,泽璟制药-U,2024-06-30,-0.16860764,0.022628285,-0.11284356,0.5619757,-0.19544637,0.0069629066,3,0.5619757175445557
172c7a764b6697d343940493,688365.SH,光云科技,2024-06-30,-0.22573382,0.4848279,-0.38895532,0.14307703,-0.2504011,0.08508599,1,0.4848279058933258
2768361cb39be35ba090fd13,003015.SZ,日久光电,2024-06-15,0.23659863,-0.5259085,0.24219209,-0.20280758,0.65151846,-0.23488355,4,0.6515184640884399
4ed8879fa283274474424007,003017.SZ,大洋生物,2024-06-30,0.069334134,-0.4655545,0.62573355,0.1492033,0.10957058,-0.16433203,2,0.6257335543632507
89cab80925b398fb511a5d94,003018.SZ,金富科技,2024-06-15,-0.02549531,-0.25556925,0.35848257,0.019362975,0.07411611,-0.06653808,2,0.35848256945610046
d46ceaeb16b7ad0b1d7decfd,003028.SZ,振邦智能,2024-06-15,0.2941783,-0.2873208,-0.06490783,-0.23353484,0.6055782,-0.15725793,4,0.6055781841278076
66fd3aeec0516bd019c78be7,003029.SZ,吉大正元,2024-06-15,-0.053057447,0.34361005,-0.28895003,-0.021798845,-0.12010714,0.023635048,1,0.3436100482940674
f76f64a9c185f149fed54234,300614.SZ,百川畅银,2024-06-30,-0.13663784,0.30070758,-0.03561482,-0.0069248797,-0.3474536,0.08452413,1,0.3007075786590576
758b6bcf431b6ce13364f133,300872.SZ,天阳科技,2024-06-30,-0.07532506,0.2660159,-0.22041914,0.025180325,-0.12709281,0.05611845,1,0.266015887260437
4d8708eeaf44a06d65f2a26e,300879.SZ,大叶股份,2024-06-15,0.06977634,-0.08441792,0.10576429,-0.06266233,0.07112552,-0.035880677,2,0.10576429218053818
ec85131c9a03c43616dce323,300881.SZ,盛德鑫泰,2024-06-15,0.14610538,-0.21412914,0.23130584,-0.08528197,0.12826546,-0.09120939,2,0.23130583763122559
f532b0689b4cfbca65907747,300882.SZ,万胜智能,2024-06-15,0.13515575,0.19531679,-0.2598732,-0.15475102,0.10405463,-0.007373969,1,0.19531679153442383
2d493b438211b2fea7f2099f,300893.SZ,松原安全,2024-06-15,0.2647521,-0.36315873,0.07710128,-0.25404608,0.59957135,-0.18564509,4,0.5995713472366333
47214ffada771ee59afbefae,300906.SZ,日月明,2024-06-15,0.042759392,0.10099841,-0.13740794,-0.062346365,0.06724289,-0.038991883,1,0.1009984090924263
ddc7c9bd7ff04c3152291e48,300907.SZ,康平科技,2024-06-15,0.71438766,-0.4388894,0.16175264,-0.22539994,0.47994575,-0.2149579,0,0.7143876552581787
0c72e22893e2cb313f0cb161,300923.SZ,研奥股份,2024-06-15,0.05506185,-0.0099179,-0.05129703,-0.14028586,0.12804958,-0.010689838,4,0.1280495822429657
7e161cb4d7b877eb5789f610,300930.SZ,屹通新材,2024-06-15,0.17591672,-0.442257,0.44907048,-0.061037906,0.260372,-0.16084765,2,0.4490704834461212
dd9f17868bc51ae1723164a2,300932.SZ,三友联众,2024-06-15,0.74385595,-0.45337898,0.124813415,-0.26200125,0.5478764,-0.24132715,0,0.7438559532165527
a38c76a02ac71d7a30cc8ac1,300942.SZ,易瑞生物,2024-06-15,-0.09137618,0.020356322,-0.12991706,0.4775603,-0.036672972,-0.08048901,3,0.4775603115558624
50c0e152951478e936e268e8,301006.SZ,迈拓股份,2024-06-15,0.18945101,0.03276731,-0.10636994,-0.10754441,0.18184218,-0.083384156,0,0.18945100903511047
72a28882f6ca1fa4980475fa,301025.SZ,读客文化,2024-06-30,-0.19679242,0.27599305,-0.15574208,0.081181295,-0.26560053,0.10188041,1,0.2759930491447449
05a97d1815e849823191067c,601279.SH,英利汽车,2024-06-30,0.08957709,-0.2171818,0.11326517,-0.16996516,0.26450947,-0.037742592,4,0.2645094692707062
5c424a492f8a690de93994f3,601658.SH,邮储银行,2024-06-30,-0.24171598,0.39253992,-0.2147497,0.064930394,-0.3697686,0.155786,1,0.392539918422699
f3f5bdf3057f83a3106f24b3,603155.SH,新亚强,2024-06-15,0.14338464,-0.56319064,0.6470136,-0.035763346,0.29379612,-0.18775736,2,0.6470136046409607
e659e2f72d97d56f58e82f5f,603261.SH,*ST立航,2024-04-05,0.087981775,-0.104192466,0.009682061,-0.089233786,0.17410395,-0.082146555,4,0.17410394549369812
2441c5a58c874cdda988f5ec,603759.SH,海天股份,2024-06-30,-0.12698987,0.25727582,-0.13589145,-0.0019322708,-0.24150582,0.0956742,1,0.2572758197784424
39f2003b566a1b59b6aa5566,605005.SH,合兴股份,2024-06-30,0.32652307,-0.42462987,0.117399074,-0.31506482,0.6266166,-0.17932694,4,0.6266165971755981
0e09262369a3580846ec630d,605018.SH,长华集团,2024-06-30,0.1961667,-0.42019236,0.2276294,-0.2799108,0.50975025,-0.11623624,4,0.509750247001648
142727a3468f551e80089716,605058.SH,澳弘电子,2024-06-30,0.2692016,-0.47434115,0.16551158,-0.24199693,0.62829006,-0.18844004,4,0.628290057182312
6a1a4e2c4fde62904686e7e9,605060.SH,联德股份,2024-06-15,0.2851037,-0.4339316,0.37962767,-0.25860128,0.3750265,-0.14407077,2,0.37962767481803894
54577b3a0402d20403457a3f,605068.SH,明新旭腾,2024-06-30,0.07602054,-0.4440272,0.37030682,-0.15830347,0.38763535,-0.111377805,4,0.38763535022735596
7e9d117ee5af5dce22898217,605069.SH,正和生态,2024-07-01,-0.13087249,0.51663345,-0.27931535,-0.058354534,-0.34647512,0.13610066,1,0.5166334509849548
98ab0b5d4ed54a0cdc121db4,605081.SH,*ST太和,2024-06-30,-0.12858579,0.0398624,-0.029529303,0.14637603,-0.11653861,0.025513949,3,0.14637602865695953
b18fd437913caa85e027acdc,605117.SH,德业股份,2024-03-15,0.7383137,-0.1857986,-0.021791423,-0.25996444,0.33021733,-0.110419884,0,0.7383136749267578
a99cd07c34f7e905b119c85b,605155.SH,西大门,2024-06-15,0.053312987,-0.20351452,0.31225532,-0.077571854,0.09181867,-0.052765615,2,0.312255322933197
033b012cffe5f54a039f8644,605179.SH,一鸣食品,2024-06-30,-0.19219902,0.18533607,-0.09001973,0.09652248,-0.23217537,0.12706727,1,0.18533606827259064
d290adc9adbdb6001dab1841,605258.SH,协和电子,2024-06-30,0.33426434,-0.49308383,0.13208991,-0.29431733,0.7189712,-0.21907431,4,0.7189711928367615
811d9f59dd6c1f46118ee801,605268.SH,王力安防,2024-03-25,0.045013633,-0.02391093,0.060691696,-0.13482776,0.10943908,0.009632653,4,0.10943908244371414
9ed86e6a1d38ea095981fa02,605337.SH,李子园,2024-06-30,-0.17688185,0.10655153,0.004067121,0.14228638,-0.2158837,0.08268863,3,0.14228637516498566
dbea82f51106dcb6043a967e,688081.SH,兴图新科,2024-06-30,-0.06793006,0.4049093,-0.38948154,-0.011292547,-0.07236273,0.011513611,1,0.40490931272506714
5766c88a1cf416213d05113a,688085.SH,三友医疗,2024-06-30,-0.008028352,-0.11525382,-0.0968771,0.42768604,0.13308236,-0.09599575,3,0.42768603563308716
986078f5fe7edc8f673599d0,688165.SH,埃夫特-U,2024-06-30,0.2509595,-0.23874834,-0.02517267,-0.18481547,0.46595353,-0.16096872,4,0.465953528881073
d517638df910feb450defac5,688189.SH,南新制药,2024-06-30,-0.21230449,0.041600104,-0.11647214,0.6016927,-0.25562784,0.034381956,3,0.6016926765441895
b4e0c99dd510a62b0d443755,688208.SH,道通科技,2024-06-30,0.08554479,0.057063896,-0.2849916,-0.07871827,0.2785517,-0.07003577,4,0.27855169773101807
0088f449f3b4274fc7f8835c,688360.SH,德马科技,2024-06-15,0.09893164,-0.010358501,-0.17988506,-0.07105497,0.25674134,-0.06476532,4,0.25674134492874146
7e7e30a021d1f3b4cb9947a6,688396.SH,华润微,2024-06-15,0.26854265,-0.40046316,0.031975813,-0.17986365,0.6122668,-0.21224838,4,0.6122667789459229
625e3a8bc12c0052c577e3b4,688500.SH,慧辰股份,2024-06-30,-0.13008656,0.42808455,-0.38605696,0.017563736,-0.20078544,0.09301452,1,0.4280845522880554
5a56d514acbca3952fce257b,688516.SH,奥特维,2024-06-30,0.3861385,-0.4811927,0.1493402,-0.18485937,0.63523537,-0.23604992,4,0.6352353692054749
dcc4a39ba85276f8585d1568,688518.SH,联赢激光,2024-06-30,0.30958027,-0.42262983,0.11441689,-0.22870956,0.6113108,-0.20782813,4,0.6113107800483704
852ea6d5a01af9b52d643f4e,688566.SH,吉贝尔,2024-06-15,-0.24559702,0.053528517,-0.15748617,0.66295254,-0.24582879,0.04108764,3,0.6629525423049927
474d4ad623e24ec83d92fd11,688579.SH,地纬智能,2024-06-15,-0.15410325,0.44471774,-0.406405,0.071016386,-0.17601533,0.03734311,1,0.44471773505210876
a954b67c4d50ec9d7e5b2bfa,688622.SH,禾信仪器,2024-06-15,0.06638436,-0.08881028,-0.0239137,0.05160228,0.21419626,-0.12705883,4,0.21419626474380493
96bc977defce36eab5165fb8,003030.SZ,祖名股份,2024-06-30,-0.22235823,0.07817927,0.038810574,0.39067444,-0.30774814,0.092569575,3,0.3906744420528412
dce5e27912072adcb83a1c49,003031.SZ,中瓷电子,2024-06-30,0.20829298,-0.41818938,0.20259425,-0.18970264,0.50509393,-0.18814783,4,0.5050939321517944
6b4538baffb76bce755c348e,003039.SZ,顺控发展,2024-06-30,-0.13242568,0.28019148,-0.1541301,-0.014146514,-0.24390951,0.10883926,1,0.28019148111343384
1257248e841678e216d6bef7,300774.SZ,倍杰特,2024-06-15,0.06170919,-0.121481,0.25916737,-0.024649953,0.01884731,-0.074653745,2,0.2591673731803894
ac76caa68c4f09e4ce5abce5,300884.SZ,狄耐克,2024-06-15,0.032546453,0.2064236,-0.24040943,-0.04511363,0.030736718,0.00898727,1,0.2064235955476761
7b00f4e2375d9633340810dc,300905.SZ,宝丽迪,2024-06-15,0.028250452,-0.23865637,0.35717914,0.032445945,0.019400867,-0.069672555,2,0.3571791350841522
426a4e3c862ba37778d84a5e,300913.SZ,兆龙互连,2024-06-15,0.27482763,-0.3376272,0.15937,-0.21910937,0.47047466,-0.19024923,4,0.4704746603965759
ce733ca3aaac51c94683774b,300917.SZ,特发服务,2024-06-15,-0.100399405,0.2722159,-0.23294893,-0.018001383,-0.15285438,0.09759681,1,0.27221590280532837
b4119f169e0890ac2fe9fb3b,300926.SZ,博俊科技,2024-06-30,0.2764558,-0.4301564,0.21809758,-0.23285478,0.5386404,-0.167662,4,0.5386403799057007
7f26f68d189895e3a4a7fb5b,300937.SZ,药易购,2024-06-15,-0.19153345,0.25639337,-0.17949437,0.17871316,-0.27021185,0.0924907,1,0.2563933730125427
df4d3541690cc1174b66aad6,300999.SZ,金龙鱼,2024-06-30,-0.18604562,0.052253198,0.049133956,0.2922374,-0.26208234,0.0613004,3,0.29223740100860596
30473964ee43332f5d00b3f4,301010.SZ,晶雪节能,2024-06-15,0.06801207,-0.10306746,0.17265427,-0.005219855,0.03575789,-0.05070435,2,0.17265427112579346
d81b3c2780625d5ac110b4a6,301021.SZ,英诺激光,2024-06-15,0.2484357,-0.40154368,0.10148445,-0.10926859,0.57082146,-0.23410839,4,0.5708214640617371
fd54c730194f4aa6d63e5c1f,301068.SZ,大地海洋,2024-06-15,-0.04138459,-0.029698357,0.2842808,0.0011901939,-0.15202567,0.0029537566,2,0.28428080677986145
3252c23143f93444077e2a8a,301587.SZ,中瑞股份,2024-06-15,0.71504486,-0.5093705,0.24925266,-0.29639426,0.5315036,-0.20742626,0,0.7150448560714722
370f24d6d00449b21085fc11,600916.SH,中国黄金,2024-06-30,-0.21287426,0.26863623,-0.077538185,0.053190388,-0.33823386,0.18271624,1,0.26863622665405273
2a133d2aed65b1e985d81a33,601156.SH,东航物流,2024-03-15,-0.2120734,0.29678923,-0.14288715,0.08322249,-0.30842698,0.11804794,1,0.2967892289161682
913d88c1e8f1bb8b3c96fd6a,601686.SH,友发集团,2024-06-30,0.024728738,-0.13280344,0.23259248,-0.03210109,-0.02538028,-0.0086885085,2,0.23259247839450836
93bb7c77ee0c3e72037e908e,601825.SH,沪农商行,2024-06-30,-0.21958536,0.40283766,-0.23315805,0.056245662,-0.36913845,0.16822532,1,0.4028376638889313
91f024d2a417dd29b288c49b,603171.SH,税友股份,2024-06-30,-0.23936354,0.6369435,-0.4615336,0.020554831,-0.3627516,0.16139926,1,0.636943519115448
b902e338853aa6a70137c972,603931.SH,格林达,2024-06-30,0.12404788,-0.5351209,0.5558754,-0.08972911,0.3751341,-0.19561553,2,0.5558754205703735
3f0b39a67e07dec4833a084f,605011.SH,杭州热电,2024-06-30,-0.09079696,0.22019103,-0.0181631,-0.027879506,-0.28354463,0.094318256,1,0.22019103169441223
f22fcf1bf784b28843e989e3,605162.SH,新中港,2024-06-30,-0.08900655,0.21631296,-0.03286912,-0.0022246297,-0.2768773,0.09991465,1,0.2163129597902298
32e9893acbc80b66fb5a6e5d,605196.SH,华通线缆,2024-06-30,0.4935447,-0.23698506,0.14727087,-0.1706415,0.17286709,-0.123068064,0,0.49354469776153564
d759615bde076215bf0f23c1,605208.SH,永茂泰,2024-06-30,0.13834453,-0.27685937,0.2672108,-0.154912,0.20250772,-0.07356966,2,0.26721081137657166
dd8d3251107e2aa8ea5e809a,605277.SH,新亚电子,2024-06-15,0.26335964,-0.4924271,0.20408666,-0.24412826,0.62574375,-0.18714674,4,0.6257437467575073
b52226a9c4534f973daeb674,605286.SH,同力天启,2024-06-15,0.15090576,-0.15788084,0.07603157,-0.1797911,0.20089693,-0.05213545,4,0.20089693367481232
f2156aceaca70652a44807a2,605298.SH,必得科技,2024-06-15,0.10035597,0.062054545,-0.18823309,-0.10941367,0.16934034,-0.038582884,4,0.1693403422832489
c22bfa3a8ee6ffd3b1932a6e,605300.SH,佳禾食品,2024-06-30,-0.043324787,-0.07700935,0.12288049,0.11787014,-0.04866213,-0.020158239,2,0.1228804886341095
c062008591f312e2ff6969ce,605305.SH,中际联合,2024-06-15,0.1865426,-0.081955716,0.048755568,-0.15685605,0.15906803,-0.07190681,0,0.1865426003932953
df9ac607920b034eaf85dbc8,605319.SH,无锡振华,2024-06-30,0.15003109,-0.3296706,0.19461924,-0.24784778,0.40668967,-0.069906265,4,0.40668967366218567
321dc7959a3529d16b059970,605376.SH,博迁新材,2024-06-15,0.13314426,-0.42494994,0.40665683,-0.09053525,0.24698037,-0.13330506,2,0.40665683150291443
ce98d19deb0498ef4e3da7be,605378.SH,野马电池,2024-06-15,0.48364285,-0.39784804,0.3946333,-0.021307707,0.121589534,-0.10838837,0,0.4836428463459015
1284af6e1a7c79d3951d864c,688037.SH,芯源微,2024-06-15,0.17179716,-0.3148033,0.040569697,-0.07868908,0.45926267,-0.18589732,4,0.4592626690864563
aebf7bc92968f332e6acb75d,688096.SH,京源环保,2024-06-15,0.027498595,0.09267503,0.031030666,-0.018802026,-0.09026666,-0.02811573,1,0.09267503023147583
816d35fde950b12f89556489,688177.SH,百奥泰,2024-06-30,-0.1845147,0.0081236325,-0.10781346,0.5818221,-0.17988801,0.0022907257,3,0.5818220973014832
3e9fabe8b281c60bc7376d9d,688180.SH,君实生物-U,2024-06-30,-0.19561031,0.0682459,-0.19546029,0.5495187,-0.17868009,0.03208726,3,0.5495187044143677
d0ca28c287fb8f063a9dd5ce,688200.SH,华峰测控,2024-06-30,0.17340398,-0.17961292,-0.17064293,-0.051783767,0.48886934,-0.16160397,4,0.4888693392276764
28db2272517a5f3fd18fd52c,688221.SH,前沿生物-U,2024-06-30,-0.18332095,0.058759317,-0.17622194,0.5561093,-0.18534872,0.020178733,3,0.5561093091964722
3e41f7f3ec5a599987b4ffe8,688222.SH,成都先导,2024-03-25,-0.1897988,0.12037186,-0.12688524,0.37670308,-0.20372652,0.027213654,3,0.37670308351516724
bb89dedfac4f2b0120226bf1,688277.SH,天智航-U,2024-06-15,-0.03595522,0.0924775,-0.28512487,0.31790805,0.07130193,-0.030798977,3,0.31790804862976074
c21f099906393cea5e352698,688312.SH,燕麦科技,2024-06-15,0.2425,-0.29495832,-0.08738078,-0.089802824,0.5817239,-0.21659672,4,0.5817239284515381
5ab320cf906c5a3a96685c4e,688318.SH,财富趋势,2024-06-15,-0.18184136,0.5467193,-0.45465615,0.022663096,-0.2481663,0.12476568,1,0.5467193126678467
131c2408111f66c653045c97,688339.SH,亿华通-U,2024-06-30,0.17349117,-0.04905823,-0.10038185,-0.14490099,0.2815196,-0.0792921,4,0.2815195918083191
f2dacd197d2d5a691a43c169,688377.SH,迪威尔,2024-06-15,0.30903155,-0.37381548,0.2664705,-0.19041334,0.4128011,-0.19117975,4,0.4128010869026184
1f0c50cd01d86446fdf16c29,688398.SH,赛特新材,2024-06-15,0.08572375,-0.24146765,0.26138392,-0.070030615,0.15452662,-0.08784589,2,0.26138392090797424
aa76f9a0b32dbc3b805c7fa7,688488.SH,艾迪药业,2024-06-15,-0.13347724,-0.07093995,-0.044081084,0.58633703,-0.12584397,-0.041341424,3,0.5863370299339294
a1e1185c75bff6e45fad2841,688520.SH,神州细胞,2024-04-05,-0.16678387,0.040648118,-0.14398119,0.56713367,-0.18308792,0.00070963986,3,0.5671336650848389
bfafc38e531352963dc41548,688521.SH,芯原股份,2024-06-30,-0.006792184,-0.01878591,-0.2075023,-0.061175674,0.2640283,-0.039060444,4,0.26402831077575684
98d655d6bb7c81064b3fa5c3,688567.SH,孚能科技,2024-06-30,0.46307734,-0.22180514,0.07457034,-0.15059683,0.24102448,-0.10147044,0,0.4630773365497589
935d2635e702c9e9319375ff,001299.SZ,美能能源,2024-06-30,-0.16733152,0.2791844,-0.10979216,-0.0020544901,-0.32160962,0.12442323,1,0.27918440103530884
b0cab770f1a18fc2065f764b,300903.SZ,科翔股份,2024-06-15,0.2486308,-0.4388199,0.10755816,-0.2130482,0.65023136,-0.21098763,4,0.6502313613891602
d6c5859229e9dc2bc1579a5f,300911.SZ,亿田智能,2024-06-30,-0.036444582,0.09761039,-0.06912628,-0.054320462,0.021427257,0.040960886,1,0.09761039167642593
dbcea3ed481152b6de3ca360,300918.SZ,南山智尚,2024-06-30,-0.11795082,0.012532301,0.12806594,0.07974115,-0.13153742,0.03135161,2,0.12806594371795654
d661af16f788f3cedd3594b4,300920.SZ,润阳科技,2024-06-15,0.12663287,-0.385534,0.45864505,-0.1017634,0.2170574,-0.12604123,2,0.4586450457572937
993de4a93f196c042b440588,300921.SZ,南凌科技,2024-06-15,-0.13134305,0.39896676,-0.36997205,0.031616043,-0.17243251,0.0791157,1,0.3989667594432831
1ff2f495483c9876c321d674,300925.SZ,法本信息,2024-06-15,-0.24501023,0.5685738,-0.49968505,0.045570962,-0.27372533,0.14784265,1,0.5685737729072571
f25c8d3e08f99b5f547a42e7,300940.SZ,南极光,2024-06-15,0.2004432,-0.37667775,0.051143214,-0.19846377,0.61794335,-0.19374868,4,0.6179433465003967
4376f59c6e4c3e2186911b26,300950.SZ,德固特,2024-06-15,0.24122295,-0.27387682,0.2881324,-0.11519876,0.2408839,-0.16171713,2,0.2881323993206024
2dc95e4e5d263a94124db840,300977.SZ,深圳瑞捷,2024-06-15,-0.19205306,0.50750065,-0.36950666,-0.017414194,-0.2914052,0.17114338,1,0.5075006484985352
a4a0ba483d66928a6a0b7194,300986.SZ,志特新材,2024-06-15,0.03525907,-0.046545435,0.15342656,-0.056251347,0.009785303,-0.019408792,2,0.15342655777931213
5cc904faaaeba696af1c204d,301299.SZ,卓创资讯,2024-06-15,-0.1747216,0.30716714,-0.09581303,0.097452864,-0.35307503,0.09460935,1,0.3071671426296234
c9ddbb844c148a1af43a8199,600906.SH,财达证券,2024-06-30,-0.20956558,0.3630593,-0.22726288,0.0650828,-0.32780856,0.133036,1,0.36305931210517883
45a717162235a106bfcb4297,601816.SH,京沪高铁,2024-06-30,-0.053566486,0.10060295,-0.05909541,-0.0006720475,-0.11318474,0.05912284,1,0.10060294717550278
c70cd19bf5135fd226cd5863,603324.SH,盛剑科技,2024-06-15,0.17187206,-0.27686507,0.18968403,-0.10552156,0.32475203,-0.16403086,4,0.3247520327568054
bb04536c3355b186c8d80d3e,605016.SH,百龙创园,2024-06-30,-0.07862922,-0.20383257,0.25053504,0.4151153,-0.10697622,-0.063743025,3,0.4151152968406677
ecae95353cf7da2ab015c912,605086.SH,龙高股份,2024-06-30,-0.05810324,-0.117852375,0.27441153,0.017334424,-0.11699531,-0.01402415,2,0.27441152930259705
d5e4189a670d7e43ee451a36,605287.SH,德才股份,2024-06-30,-0.100637354,0.24883984,-0.11647098,-0.09015069,-0.18465647,0.107631795,1,0.2488398402929306
960fd4c8df3a65235e951431,688004.SH,博汇科技,2024-06-15,-0.08518527,0.49437803,-0.4236205,-0.032697644,-0.13575263,0.032140777,1,0.4943780303001404
5c1457962382a8d3360d6cd0,688050.SH,爱博医疗,2024-03-20,-0.007186532,-0.18701696,-0.015885033,0.4397953,0.16925721,-0.13966128,3,0.43979528546333313
f30069a0a0f60f1a6d2efd30,688060.SH,云涌科技,2024-06-30,0.19884773,0.034775995,-0.21628757,-0.096668504,0.2255668,-0.1000839,4,0.2255668044090271
d3808987cb1ac7097d8ad6d2,688065.SH,凯赛生物,2024-04-05,0.0083668195,-0.41210097,0.5642337,0.115636125,0.08874976,-0.11363337,2,0.5642337203025818
c377c98284bc01e857370a3d,688077.SH,大地熊,2024-06-30,0.12202445,-0.3353999,0.30357146,-0.0724965,0.21822609,-0.12139528,2,0.3035714626312256
f16f5e011f5146d0f981dd23,688106.SH,金宏气体,2024-06-30,0.17238571,-0.4644287,0.49014798,-0.045603797,0.3060125,-0.20945226,2,0.49014797806739807
902821999f4caac0f43d98e6,688155.SH,先惠技术,2024-06-30,0.6205334,-0.34770453,0.06701702,-0.21153305,0.4506798,-0.15114973,0,0.6205334067344666
2ac0e2fa5f5806c35e8fbac7,688156.SH,路德科技,2024-06-30,-0.10605624,0.03724524,0.036439,0.16428769,-0.1506221,0.013859266,3,0.16428768634796143
1f6868fcba8ccc6b2095ea59,688157.SH,松井股份,2024-06-30,0.11984907,-0.3185057,0.26831913,-0.06512197,0.23244932,-0.12494469,2,0.26831912994384766
b2d3337b0b3ebfb711f39c8f,688229.SH,博睿数据,2024-06-15,-0.11474073,0.43346208,-0.45128727,0.09405072,-0.09163416,0.01937053,1,0.43346208333969116
4cd5d4c87c07776127832110,688286.SH,敏芯股份,2024-06-30,0.14311545,-0.33581105,-0.019890223,-0.13390803,0.5796532,-0.18026069,4,0.5796532034873962
3d556d5eb84432fecfce5e98,688309.SH,恒誉环保,2024-06-15,0.08179534,-0.118469864,0.22101656,-0.012454857,0.04508228,-0.09696241,2,0.2210165560245514
3469567f6268c5f1a49d0a4f,688311.SH,盟升电子,2024-06-30,0.06275747,-0.03633647,-0.17939927,-0.11389742,0.3135189,-0.10220976,4,0.3135189116001129
9fcfb00081561238799a960f,688336.SH,三生国健,2024-06-15,-0.2026588,0.03968278,-0.14305978,0.5830605,-0.19614734,0.021677628,3,0.5830605030059814
cd8c3835157ba1bc21040026,688338.SH,赛科希德,2024-06-15,-0.09132855,0.0036627706,-0.16334486,0.5198144,-0.012832885,-0.059129544,3,0.5198143720626831
7f08a0dc5fbea9bfdfff120b,688356.SH,键凯科技,2024-06-30,-0.08049774,-0.19937545,0.14260615,0.41026258,0.00922497,-0.077808775,3,0.4102625846862793
1f36d8defe159d94b06d03d5,688379.SH,华光新材,2024-06-15,0.23727751,-0.5617507,0.39923564,-0.108692035,0.4772593,-0.21573754,4,0.4772593080997467
37396629d9c4e37b9cb54afc,688390.SH,固德威,2024-06-15,0.6923299,-0.07534778,-0.13530466,-0.17848457,0.24777122,-0.09722375,0,0.6923298835754395
7bcd422f4f864ee9d45f5fad,688418.SH,震有科技,2024-03-15,0.10200814,0.1809344,-0.32028592,-0.06271136,0.15110205,-0.035886493,1,0.18093439936637878
519c712b6014b33f8aa86c70,688508.SH,芯朋微,2024-06-30,0.2596129,-0.37964994,0.015527956,-0.14169823,0.5965727,-0.20594686,4,0.5965726971626282
34e18253e8d34ea057346599,688556.SH,高测股份,2024-06-30,0.26410288,-0.45590663,0.25549397,-0.081271544,0.46424904,-0.21669237,4,0.46424904465675354
3b00b1d2070d12799d5dfac8,688558.SH,国盛智科,2024-06-30,0.14199445,-0.19327627,0.04792282,-0.10159912,0.25649354,-0.106377505,4,0.25649353861808777
144fd97e40f67a63fc945636,688569.SH,铁科轨道,2024-06-30,0.052237876,0.16299057,-0.21385865,-0.0884718,0.05656902,-0.018443773,1,0.16299057006835938
9c17dc5c3e7623fffba977b9,688577.SH,浙海德曼,2024-06-30,0.1497265,-0.20669878,0.051206987,-0.09878111,0.2648014,-0.10044738,4,0.26480141282081604
85743d64052a4beaf987279f,688580.SH,伟思医疗,2024-06-30,0.041633036,0.004117202,-0.22767752,0.39907515,0.117090926,-0.08265458,3,0.39907515048980713
feae7b3a138f5ae34563cd75,688585.SH,上纬新材,2024-06-30,0.15927441,-0.51375216,0.59572726,-0.089774296,0.2830919,-0.16557065,2,0.595727264881134
ada00c84ed377dab1de91068,688586.SH,江航装备,2024-06-15,0.06880893,-0.08733466,0.04048995,-0.1061456,0.16119438,-0.093438655,4,0.16119438409805298
07a3aab7a372ebab34405177,688589.SH,力合微,2024-06-30,0.23831838,-0.10184562,-0.157416,-0.17515513,0.39676625,-0.12912445,4,0.3967662453651428
741c2c957264841039b3e2c8,688590.SH,新致软件,2024-06-30,-0.1452749,0.53115726,-0.46088463,0.03426238,-0.21083136,0.10642609,1,0.5311572551727295
3a279fb15808399995d80225,688598.SH,金博股份,2024-03-15,0.13970387,-0.31945688,0.30282125,-0.04391242,0.19742353,-0.1293954,2,0.30282124876976013
04cd40474875ddf1e8c3b307,688600.SH,皖仪科技,2024-06-30,0.12714641,-0.10216138,-0.03367621,-0.025589444,0.2499996,-0.14063999,4,0.24999959766864777
4dd6d3a0aff2d613d00d8bbb,688602.SH,康鹏科技,2024-06-30,0.095706254,-0.48813605,0.55113846,0.078009106,0.2218371,-0.17000993,2,0.5511384606361389
d3efcbbd17f47d7460d07e80,003035.SZ,南网能源,2024-06-30,-0.06799648,0.32627812,-0.1873071,-0.062164232,-0.26446545,0.13209493,1,0.32627812027931213
b8f975f30b235ea569b46bea,003037.SZ,三和管桩,2024-06-15,-0.036445573,-0.041296817,0.17490436,-0.011301616,-0.10775802,0.03079649,2,0.17490436136722565
b8679f899ebc9f48365b3365,300895.SZ,铜牛信息,2024-06-15,-0.16840124,0.6526029,-0.5520054,-0.0061635147,-0.2712117,0.12394125,1,0.6526029109954834
9b7217896c7ad5839c1b5ba9,300916.SZ,朗特智能,2024-06-15,0.26917288,-0.2647442,-0.072474584,-0.2992605,0.6078097,-0.16562457,4,0.6078097224235535
75a851e1c621804a6790b144,300946.SZ,恒而达,2024-06-15,0.2220765,-0.39731205,0.24039753,-0.104693756,0.40238017,-0.1879769,4,0.40238016843795776
96a25653db67f9d5e1402169,300947.SZ,德必集团,2024-06-15,-0.122328326,0.2398772,-0.16827036,0.0138052255,-0.19037311,0.10749998,1,0.23987719416618347
a0021d4617820845e82869fd,300948.SZ,冠中生态,2024-06-15,-0.07475623,0.284314,-0.05423718,-0.03644706,-0.24747327,0.06353664,1,0.28431400656700134
d4e96eca63e42afa0209fd0d,300961.SZ,深水海纳,2024-06-15,-0.222712,0.47462708,-0.20907676,0.013449639,-0.39842752,0.15383212,1,0.4746270775794983
dc80f5068e8a365ae2160bc6,300965.SZ,恒宇信通,2024-06-15,0.08094249,-0.012795642,-0.10269511,-0.12433647,0.21132338,-0.08487275,4,0.21132338047027588
c730fe88764a4614713bfe53,300972.SZ,万辰集团,2024-06-15,-0.18351777,0.010518681,0.09319351,0.37767082,-0.25203878,0.026690718,3,0.3776708245277405
16dfe902eb706c295e3e167c,300998.SZ,宁波方正,2024-06-15,0.15021473,-0.3502279,0.2221745,-0.19848417,0.38556808,-0.1028357,4,0.3855680823326111
8d832320d9b1a415df509318,301024.SZ,霍普股份,2024-06-15,-0.15032059,0.47229913,-0.29056835,-0.035727806,-0.30632487,0.16496857,1,0.47229912877082825
6ca2d33a089d87b8c52a2308,301030.SZ,仕净科技,2024-06-30,0.20535462,-0.2919343,0.21783805,-0.13824362,0.3490378,-0.18313202,4,0.3490377962589264
49a8fa5191fb0cf1d13e7971,301081.SZ,严牌股份,2024-06-15,0.1743164,-0.33138558,0.44380656,-0.09064196,0.18293846,-0.14810446,2,0.44380655884742737
4cd86ef205ec50cd0605665f,301116.SZ,益客食品,2024-06-15,-0.1813616,0.06925002,0.033362295,0.31209737,-0.2802857,0.05577191,3,0.31209737062454224
27140377f2006e6929f47dc7,600032.SH,浙江新能,2024-06-30,-0.10380853,0.2689456,-0.1177995,-0.030928096,-0.28307065,0.12347901,1,0.2689456045627594
98811691cf264b42131f2793,600905.SH,三峡能源,2024-06-30,-0.1165394,0.28764996,-0.13619483,-0.056682177,-0.2841132,0.12871158,1,0.2876499593257904
310a52ae772cfa53d5e07d1e,600935.SH,华塑股份,2024-06-30,-0.0033813547,-0.26854175,0.5896336,0.00818003,-0.10598684,-0.041008696,2,0.589633584022522
dd9c5d0af519914bbde33f79,605028.SH,世茂能源,2024-06-15,-0.088994175,0.28958872,-0.07586401,-0.04065132,-0.30254275,0.10390881,1,0.28958871960639954
c1c7c184bf3f8e48f4cf8271,605080.SH,浙江自然,2024-06-15,0.06039561,-0.24678303,0.28981817,-0.08504845,0.15292913,-0.082949385,2,0.2898181676864624
765a8e48960b9c4db93243af,605089.SH,味知香,2024-06-30,-0.2598137,0.0909624,-0.008652257,0.39026192,-0.28509066,0.09799002,3,0.3902619183063507
b8ae291b5242dfd77ab79a5d,605589.SH,圣泉集团,2024-06-30,0.15709275,-0.53108233,0.69716316,-0.07332473,0.19656228,-0.17472368,2,0.6971631646156311
be6f913988e6edd3d740e33c,688055.SH,龙腾光电,2024-06-30,0.21254998,-0.40998322,0.060703862,-0.17686005,0.6516962,-0.20269193,4,0.6516962051391602
0a512a5f9af9988b87b0e720,688056.SH,莱伯泰科,2024-06-15,0.047329955,-0.042720236,-0.10067088,0.12794325,0.17609093,-0.11284648,4,0.17609092593193054
23eb5dbdbe2a96881d5c296a,688093.SH,世华科技,2024-06-15,0.24904764,-0.55268484,0.4286368,-0.15060055,0.54442996,-0.25032768,4,0.5444299578666687
93ac97d79fab4349eca97b67,688095.SH,福昕软件,2024-06-30,-0.14373861,0.36177292,-0.35445303,0.059295185,-0.087764345,0.0030359067,1,0.36177292466163635
98dc1a7b6bcb2b4a0ea786ca,688127.SH,蓝特光学,2024-06-30,0.2025401,-0.49237296,0.14564973,-0.16125774,0.6705439,-0.22668755,4,0.670543909072876
a591a759a2f232a6dc157963,688185.SH,康希诺,2024-06-30,-0.12980382,0.07387148,-0.16061462,0.43226957,-0.15246251,0.010589573,3,0.4322695732116699
a9ea27821c4acbeb046cf48b,688215.SH,瑞晟智能,2024-06-30,0.033052772,0.11973268,-0.26541758,-0.082790434,0.17661923,-0.030975187,4,0.17661923170089722
795ee91f06e483bb6b8132e6,688256.SH,寒武纪,2024-06-15,0.050967716,-0.011953971,-0.23592202,-0.014105119,0.30973935,-0.085436665,4,0.309739351272583
e0118f1f293a8ccfdd1f22a4,688289.SH,圣湘生物,2024-06-15,-0.10483755,0.04273382,-0.1664879,0.4735132,-0.07804234,-0.0405381,3,0.4735131859779358
40688bc71231f50a411b53c6,688301.SH,奕瑞科技,2024-06-30,0.16936538,-0.2647415,-0.072214246,0.1370472,0.43374756,-0.17394604,4,0.4337475597858429
d29cd69356e6296f7d1fb354,688313.SH,仕佳光子,2024-03-15,0.16633584,-0.16154158,-0.040866822,-0.06937155,0.35664737,-0.14372037,4,0.3566473722457886
fc5adbd4cf31b966394760e0,688316.SH,青云科技-U,2024-06-30,-0.115833454,0.44952166,-0.43364447,0.061982665,-0.123941004,0.033267222,1,0.44952166080474854
6a9b93672a2a632aa05c291a,688330.SH,宏力达,2024-06-15,0.51733494,0.13931072,-0.3103473,-0.15918942,0.113510564,-0.040919267,0,0.5173349380493164
f605320b883b3f073fb2f62d,688335.SH,复洁科技,2024-06-15,0.08576368,0.0773842,0.025114316,-0.020603355,-0.022401486,-0.032037668,0,0.08576367795467377
81679d4e9fafdb92bc9bdb22,688378.SH,奥来德,2024-06-15,0.12282499,-0.3342271,0.15429947,-0.05070291,0.3608787,-0.14805946,4,0.36087870597839355
49662f4bbf593a7c3166eac5,688383.SH,新益昌,2024-06-15,0.2578045,-0.44956735,0.10640283,-0.12958246,0.6423852,-0.2366254,4,0.6423851847648621
fce0ced6648e38cc3fad2543,688386.SH,泛亚微透,2024-06-15,0.23597658,-0.5688279,0.49043643,-0.17114061,0.50732213,-0.23780574,4,0.5073221325874329
a2ccc5c05b03c32e6f82abd6,688393.SH,安必平,2024-06-15,-0.120527245,0.022909582,-0.17542893,0.5032099,-0.031288996,-0.04552143,3,0.5032098889350891
e4afaf0be772fea6a79e6561,688408.SH,中信博,2024-03-15,0.6638025,-0.18436018,-0.04728517,-0.15883045,0.30649272,-0.11285998,0,0.6638025045394897
65c1696d81257cb2c65063eb,688519.SH,南亚新材,2024-06-30,0.20234567,-0.53742915,0.28912556,-0.1769353,0.5982478,-0.19544408,4,0.5982478260993958
ebb60e8552f60e998c2c7296,688550.SH,瑞联新材,2024-06-30,0.01970486,-0.36462006,0.35617948,0.06590524,0.1964887,-0.13655257,2,0.35617947578430176
5961e4074881dc03d9862a23,688551.SH,科威尔,2024-06-15,0.29176617,-0.27082208,-0.011547742,-0.15227821,0.47906244,-0.19903862,4,0.47906243801116943
5fab9bf66eb4c4b63cff68b3,688559.SH,海目星,2024-06-15,0.25990453,-0.44279334,0.11849515,-0.18823822,0.6333613,-0.22485882,4,0.633361279964447
38fcedab81be8911303cd5b6,688595.SH,芯海科技,2024-06-30,0.076594755,-0.18559037,-0.14592089,-0.050670724,0.42973834,-0.13478142,4,0.4297383427619934
a05aef26912172d55e4706d5,688596.SH,正帆科技,2024-06-15,0.14284715,-0.08690524,-0.10330837,-0.0999956,0.3108338,-0.105935246,4,0.31083381175994873
e91c1fd8e399a3ace2ab7201,688659.SH,元琛科技,2024-06-30,0.21988851,-0.36507976,0.32606298,-0.14008182,0.33563262,-0.19297975,4,0.3356326222419739
9e38a82ce88cdaedbaaeb16b,688777.SH,中控技术,2024-06-15,0.095191784,0.114224985,-0.21573488,-0.064253524,0.15264231,-0.07249439,4,0.15264230966567993
7352168bcebdb611c48533c1,688819.SH,天能股份,2024-04-05,0.6075077,-0.3602396,0.27765685,-0.17562918,0.24488693,-0.115091555,0,0.6075077056884766
f78ea6a757cef609714c5a1d,300919.SZ,中伟新材,2024-06-15,0.30769897,-0.3014998,0.24689446,-0.05584011,0.15544665,-0.10282302,0,0.30769896507263184
9e1330045119b916699a9ef8,300951.SZ,博硕科技,2024-06-30,0.25938863,-0.48016602,0.14140971,-0.24650571,0.69265527,-0.21493205,4,0.6926552653312683
064d53f275acbe6c07194fc2,300955.SZ,嘉亨家化,2024-06-15,-0.07649621,-0.033030745,0.11320961,0.11278501,-0.082636744,-0.010182061,2,0.11320961266756058
4349c3a67b03975a6e7567d6,300956.SZ,英力股份,2024-06-15,0.15303452,-0.37079045,0.14849383,-0.18735237,0.5094392,-0.1499622,4,0.5094391703605652
9ef887d32f339e9bc8e45c06,300964.SZ,本川智能,2024-06-15,0.31425175,-0.45809215,0.08256669,-0.23184362,0.70474637,-0.24520527,4,0.7047463655471802
b4a568db239b42f22770f689,300966.SZ,共同药业,2024-06-15,-0.12004721,-0.16596682,0.19635655,0.41962767,-0.12427124,-0.0454301,3,0.41962766647338867
97a61004caf342eedc9305cb,300967.SZ,晓鸣股份,2024-06-30,-0.09519181,0.06061618,-0.01978143,0.13730606,-0.14916034,0.02303684,3,0.1373060643672943
a2230721c470f74a3d7acdc6,300973.SZ,立高食品,2024-06-15,-0.13914225,-0.06401285,0.104840904,0.35854667,-0.12955251,-0.003538873,3,0.3585466742515564
0240e5bdcd431b4c5b76afee,300975.SZ,商络电子,2024-06-15,0.10837203,-0.122179344,-0.10960271,-0.046108447,0.3348011,-0.09620113,4,0.3348011076450348
f66dc83b790c1c527af37c25,300993.SZ,玉马科技,2024-06-15,0.07956633,-0.29425377,0.3531029,-0.08093643,0.18383524,-0.11254345,2,0.3531028926372528
e905cd346f7f385fd4f1ea32,300997.SZ,欢乐家,2024-06-15,-0.10347697,0.061617166,-0.010611495,0.089324854,-0.11986071,0.03809093,3,0.08932485431432724
7f04534b3a8998ff607d211b,301000.SZ,肇民科技,2024-06-15,0.21281613,-0.46840537,0.2260266,-0.17945397,0.56369203,-0.16495423,4,0.563692033290863
6554864e1bc650b415781df9,301002.SZ,崧盛股份,2024-06-15,0.5917696,-0.28348142,0.052263904,-0.15351528,0.35839218,-0.16362579,0,0.5917695760726929
00a8dc72546f5ce47aabcfc7,301011.SZ,华立科技,2024-06-15,-0.08324594,0.2224605,-0.22597605,0.02728504,-0.06275497,0.033830658,1,0.22246049344539642
96796afbd25b171540859ae2,301023.SZ,奕帆传动,2024-06-15,0.7308904,-0.37864795,-0.0024816263,-0.28896365,0.5731497,-0.21191347,0,0.7308903932571411
0a4ed8e334a5a637c5d2594b,301029.SZ,怡合达,2024-06-15,0.107304126,-0.10797236,-0.08313348,-0.113953866,0.2839,-0.08729815,4,0.2838999927043915
9c0c7e1bc9c4530575c55a8d,301036.SZ,双乐股份,2024-06-15,0.027560454,-0.27856308,0.35377154,0.059634343,0.048971236,-0.0829934,2,0.35377153754234314
faf2b19af2bbff7c5f845bec,301171.SZ,易点天下,2024-06-30,-0.14908768,0.31088543,-0.26802218,0.066825725,-0.18474782,0.07003567,1,0.3108854293823242
58908c684d0579fc9a8b0682,301182.SZ,凯旺科技,2024-06-15,0.23676577,-0.40588748,0.14812419,-0.21257153,0.55149007,-0.18295313,4,0.551490068435669
47ac4824114476560f7bdd16,301190.SZ,善水科技,2024-06-30,-0.022176523,-0.17127547,0.26427543,0.12552157,-0.03769521,-0.06062094,2,0.2642754316329956
ab4262b0a6783f73e8c6caff,605189.SH,富春染织,2024-06-30,-0.11062274,-0.06304678,0.25139153,0.07898781,-0.14031407,0.01452299,2,0.25139153003692627
5141a1481ac32cd6f59f5447,605499.SH,东鹏饮料,2024-06-30,-0.12697838,0.11010669,-0.053529277,0.06984824,-0.15113297,0.059844024,1,0.1101066917181015
225c5eff216694bc67529664,688013.SH,天臣医疗,2024-06-15,-0.024384925,-0.2070316,0.008358996,0.4683801,0.1520575,-0.12183034,3,0.4683800935745239
f2339fa7ac1ffef26a98867f,688017.SH,绿的谐波,2024-06-30,0.2481209,-0.4263491,0.13519062,-0.08271178,0.52663374,-0.20971565,4,0.5266337394714355
9fde5f89f07501dc099ea5a2,688070.SH,纵横股份,2024-04-05,0.043624215,0.14628536,-0.21648364,-0.070355244,0.056707263,-0.021460894,1,0.14628535509109497
e290f1ea8e1ca2534f73bd5a,688083.SH,中望软件,2024-06-30,0.028826378,0.15136844,-0.23856565,-0.06333521,0.1443885,-0.05943527,1,0.15136843919754028
7e4f0297b0ce4f3c5c97a1e5,688092.SH,爱科科技,2024-03-25,0.28367695,-0.32968402,4.80545e-06,-0.14711449,0.58268535,-0.20470455,4,0.5826853513717651
2154f40843fec775e9f48e41,688129.SH,东来技术,2024-03-25,-0.0024478845,-0.13205613,0.18941605,0.018562289,0.056541182,-0.023088694,2,0.1894160509109497
3f31764f5d5c67f06b0d237e,688135.SH,利扬芯片,2024-06-15,0.054052398,-0.113655105,-0.16162568,-0.10229177,0.40960807,-0.10663162,4,0.40960806608200073
5fcbcb96884d3931a644d53b,688160.SH,步科股份,2024-06-30,0.2369213,-0.16074431,-0.13908428,-0.12833159,0.42301393,-0.13798803,4,0.42301392555236816
42630487d07e4da48478a0d3,688179.SH,阿拉丁,2024-06-30,-0.082848676,-0.21252911,0.1419491,0.41424328,0.010446047,-0.0769812,3,0.41424328088760376
ec53d7ff0215cd9f79f4a7e6,688195.SH,腾景科技,2024-03-15,0.17855698,-0.38532928,0.09780072,-0.140861,0.5474145,-0.20125866,4,0.5474144816398621
21275fc039859c1b20dcdd78,688219.SH,会通股份,2024-06-30,0.11814522,-0.36723197,0.4235062,-0.056681912,0.17939052,-0.13283347,2,0.4235062003135681
8345e9d6bc550a517be26d29,688308.SH,欧科亿,2024-06-15,0.21192388,-0.40533265,0.27499112,-0.10061011,0.3712258,-0.16960438,4,0.3712258040904999
ed2e4f75cb7f14630a47b119,688328.SH,深科达,2024-06-15,0.29738387,-0.3880814,0.06065719,-0.1698531,0.6266568,-0.22760409,4,0.6266567707061768
8e02888e6a565f82fd3bdd7c,688510.SH,航亚科技,2024-06-30,0.19109078,-0.27510512,0.13878156,-0.16636871,0.33217585,-0.14258586,4,0.3321758508682251
b60edde04a90ec6d695a2c2b,688529.SH,豪森智能,2024-06-30,0.22889413,-0.22297336,0.031058494,-0.1915364,0.3908311,-0.1216074,4,0.3908311128616333
35112ec19b39d2aca206a393,688536.SH,思瑞浦,2024-06-15,0.21799932,-0.2965863,-0.0884614,-0.15465055,0.5747486,-0.18339252,4,0.5747485756874084
e427f56ada5c4476f179c310,688557.SH,兰剑智能,2024-06-15,0.040118746,0.09944842,-0.21766008,-0.02938024,0.11307399,-0.01966705,4,0.11307398974895477
f442a135c19f015431f3afba,688575.SH,亚辉龙,2024-06-15,-0.079071976,-0.035919417,-0.15580367,0.50326127,0.037186664,-0.093563795,3,0.5032612681388855
e8d5a0cf7e774be0ba7274a2,688578.SH,艾力斯,2024-06-30,-0.24109517,0.11676271,-0.23883194,0.6066324,-0.22097169,0.058483258,3,0.60663241147995
da48251c5ac8bf9bcfe4e0f4,688581.SH,安杰思,2024-06-30,-0.018291567,-0.16994736,-0.022970833,0.44662428,0.15150791,-0.118801855,3,0.4466242790222168
7a0f474aa7b1da7561b530a4,688608.SH,恒玄科技,2024-06-30,0.10916335,-0.15758216,-0.16767855,-0.08261815,0.4732306,-0.13270734,4,0.47323060035705566
014115460db5c17e220f318b,688617.SH,惠泰医疗,2024-03-25,0.07511004,-0.11440244,-0.11912958,0.33272848,0.2043117,-0.13067286,3,0.33272847533226013
ccfbefd081cfc6aee053dfeb,688658.SH,悦康药业,2024-06-30,-0.25021225,0.051571332,-0.1449958,0.6478689,-0.24575254,0.037822984,3,0.6478688716888428
a1bf30b926656628e2582d63,688665.SH,四方光电,2024-06-15,0.14066623,-0.2113341,-0.024350172,-0.10224237,0.39546785,-0.15668881,4,0.3954678475856781
5499c4a4a0fb341e0a3b10a5,688668.SH,鼎通科技,2024-06-30,0.22516643,-0.36528566,0.11781082,-0.18367913,0.5197644,-0.18304892,4,0.5197644233703613
71dc751240fad5955acf3366,688677.SH,海泰新光,2024-03-25,0.06537155,-0.20830119,-0.052140538,0.3032698,0.26999718,-0.15315233,3,0.30326980352401733
ae9e2027b2edd3f659fc1f01,688698.SH,伟创电气,2024-06-30,0.72796786,-0.3508395,0.030639227,-0.213281,0.47667253,-0.20845276,0,0.7279678583145142
1ed1c14df9bfe6e43020a5b8,688699.SH,明微电子,2024-06-30,0.17100553,-0.31926972,-0.06819203,-0.120308146,0.6007293,-0.18272501,4,0.6007292866706848
15c86770178f43811710b2f0,001206.SZ,依依股份,2024-06-30,-0.12474017,0.0045071635,0.095415086,0.12643601,-0.1312759,0.03834535,3,0.1264360100030899
10300c6fc324f9496f7df117,003038.SZ,鑫铂股份,2024-06-15,0.11953893,-0.27408767,0.28217703,-0.1389854,0.17977671,-0.0882408,2,0.28217703104019165
f1ef394d0cf7555ce4b865d6,003040.SZ,楚天龙,2024-06-15,0.0060598017,0.24297605,-0.29250923,-0.12177486,0.066025175,0.008626721,1,0.24297605454921722
2c5d56b9446372dabe018d76,300959.SZ,线上线下,2024-06-15,-0.0764665,0.12615237,-0.113492146,0.0703587,-0.112389825,0.039647046,1,0.12615236639976501
2d23d4adfac41c58ed055f13,601399.SH,国机重装,2024-06-15,0.1575438,-0.20508415,0.21607077,-0.16119386,0.14895214,-0.082993105,2,0.2160707712173462
1ce6c8e8b7621aa11a6d3062,601995.SH,中金公司,2024-06-30,-0.20463297,0.37167287,-0.22976884,0.08164245,-0.32748613,0.13469474,1,0.3716728687286377
baad35942f62ed8c4af50440,605056.SH,咸亨国际,2024-06-30,0.14057249,0.07423753,-0.11748363,-0.124439195,0.090890296,-0.041947264,0,0.14057248830795288
04c8a1ddaf838cb84e10b461,605507.SH,国邦医药,2024-06-30,-0.20365904,-0.09062989,0.10350029,0.678141,-0.27663296,0.0007984359,3,0.6781409978866577
4fee35a4e746df0a1f7f49ed,688063.SH,派能科技,2024-06-30,0.6577374,-0.19034962,0.0043852553,-0.17541368,0.29891077,-0.09453832,0,0.6577373743057251
5ebf51e0ac96be36eb34879f,688067.SH,爱威科技,2024-06-30,0.00911777,-0.03922119,-0.15916534,0.35022014,0.13385919,-0.09994842,3,0.3502201437950134
9386bc452ab5c54cc291cd20,688075.SH,安旭生物,2024-06-15,-0.11148445,-0.03676587,-0.12158733,0.5598358,-0.01892531,-0.0642882,3,0.5598357915878296
36e3a5a44fb32a738a5fb898,688079.SH,美迪凯,2024-06-30,0.20711397,-0.43789604,0.05575548,-0.15296775,0.69948304,-0.23430648,4,0.6994830369949341
17c92a03f4a2ee97aeff6833,688082.SH,盛美上海,2024-06-15,0.2176688,-0.38988748,0.0640191,-0.052553624,0.5473822,-0.20555063,4,0.5473821759223938
945b602366716ed0b7f4e66e,688109.SH,品茗科技,2024-06-30,-0.040306073,0.41569397,-0.35398498,-0.029663466,-0.09362418,0.05079855,1,0.4156939685344696
c70de547a5d652163deb588c,688131.SH,皓元医药,2024-06-15,-0.20283613,-0.037390884,-0.02008599,0.58057106,-0.18521951,0.006336878,3,0.5805710554122925
f2b990a8f34537be103904d6,688136.SH,科兴制药,2024-06-15,-0.19214411,0.0020808876,-0.08632373,0.58731616,-0.20587553,0.0057659596,3,0.5873161554336548
46a80db25e9a4e7c456de2c5,688171.SH,纬德信息,2024-06-30,0.19044502,0.15898961,-0.2949666,-0.08164709,0.17685796,-0.08527608,0,0.19044502079486847
520b3a1eaa4d1e4b8160e997,688183.SH,生益电子,2024-06-30,0.24239053,-0.39900258,0.05110871,-0.19853953,0.64177144,-0.18405464,4,0.6417714357376099
5af9f6babf131aafe161835f,688191.SH,智洋创新,2024-03-25,0.07098688,0.3683787,-0.3354435,-0.08110721,-0.062845126,-0.00096110627,1,0.3683786988258362
be90252e04da908985c2fc3d,688305.SH,科德数控,2024-06-30,0.13134108,-0.19410504,0.046612944,-0.120629735,0.26790544,-0.10447394,4,0.26790544390678406
86e3b1c3874eea215bf16852,688317.SH,之江生物,2024-06-30,-0.124326035,0.0807232,-0.22976585,0.4598149,-0.046769544,-0.013524475,3,0.4598149061203003
46de5c4eb4b873b960dad6ce,688329.SH,艾隆科技,2024-06-15,-0.05798983,0.16099738,-0.3344837,0.24005596,0.0631402,-0.015419735,3,0.24005596339702606
9ee2e387c8391074ba4c8981,688350.SH,富淼科技,2024-06-15,0.055930484,-0.29356173,0.51592976,0.13129358,0.01549666,-0.115029916,2,0.5159297585487366
461ec69db56c8a90cdc2c195,688560.SH,明冠新材,2024-06-30,0.45808893,-0.43118152,0.3169312,-0.10536677,0.28912374,-0.16161747,0,0.4580889344215393
c68e39c4403322c60fe0b749,688561.SH,奇安信-U,2024-06-30,-0.12203162,0.4915468,-0.47588614,0.03325139,-0.118409276,0.02651867,1,0.4915468096733093
128237df9a66d2b6d41ebd14,688571.SH,杭华股份,2024-06-30,-0.061646365,-0.10751721,0.2091881,0.085144356,-0.044515453,-0.03762365,2,0.20918810367584229
07273066ca53edebffdc9d92,688606.SH,奥泰生物,2024-06-30,-0.10662089,-0.037599593,-0.0968344,0.5320982,-0.010739006,-0.0691509,3,0.5320981740951538
1eafae1e0da7ee35ecaec63d,688607.SH,康众医疗,2024-06-30,0.113869876,-0.20228627,-0.11605501,0.24699995,0.33839825,-0.16210261,4,0.3383982479572296
264b69e84703009fea5b054b,688616.SH,西力科技,2024-03-25,0.10698788,0.16718459,-0.26725948,-0.099815875,0.12828046,-0.020394672,1,0.16718459129333496
3e12db1d33fe919e20758c48,688618.SH,三旺通信,2024-06-30,0.20055668,-0.025210451,-0.203501,-0.1907252,0.3136228,-0.09981651,4,0.3136228024959564
a765180f78ea735be173c8f5,688619.SH,罗普特,2024-06-30,-0.034384154,0.33823964,-0.38465598,-0.06915366,-0.0023960331,-0.024397371,1,0.3382396399974823
34aa6c2b69f9d4e435109283,688626.SH,翔宇医疗,2024-06-30,0.009236082,-0.0004863441,-0.1705041,0.3538049,0.06638969,-0.07014306,3,0.35380488634109497
7a53122e4d45ad6fcb2f0118,688628.SH,优利德,2024-06-15,0.16973846,-0.13470782,-0.11911933,-0.06831668,0.3590286,-0.14388546,4,0.3590286076068878
cea1c543dcf18265aa34dbfb,688630.SH,芯碁微装,2024-06-30,0.19567573,-0.37760058,0.11224772,-0.07878573,0.5309743,-0.21652374,4,0.5309743285179138
f275eb4a498875df63b5cc99,688633.SH,星球石墨,2024-06-15,0.2792086,-0.4891935,0.41794568,-0.13753879,0.41075644,-0.22164966,2,0.4179456830024719
e20cd648e13aec498ea8afac,688636.SH,智明达,2024-06-15,0.15335846,-0.07149031,-0.20553194,-0.19800718,0.41899377,-0.12813039,4,0.4189937710762024
2e014f118a9682c830d52cbd,688661.SH,和林微纳,2024-06-30,0.27995777,-0.53037465,0.16494584,-0.20712714,0.72897804,-0.25662136,4,0.7289780378341675
b7b69ec180490470802112f6,688669.SH,聚石化学,2024-06-30,0.106307074,-0.50444573,0.61909544,-0.055476855,0.2427675,-0.1668603,2,0.6190954446792603
8f88bfcfe4a63364b97eee85,688676.SH,金盘科技,2024-06-30,0.3876173,-0.11891812,0.014078846,-0.1459565,0.15174782,-0.059993584,0,0.387617290019989
0172f1e302f260ce4e77830b,688678.SH,福立旺,2024-06-30,0.21516028,-0.52554893,0.1970878,-0.160012,0.6405386,-0.19891717,4,0.6405385732650757
a121e5daa8ab8c46d95667b5,688679.SH,通源环境,2024-06-15,-0.11478452,0.3267545,-0.10682076,0.0011298913,-0.2830444,0.06907276,1,0.32675451040267944
50d05149112c5e7579462bc5,688680.SH,海优新材,2024-03-25,0.16979498,-0.40286925,0.37928063,-0.078477904,0.29723653,-0.14596827,2,0.37928062677383423
c2162bbc93d9a8d06acebc0b,688686.SH,奥普特,2024-06-30,0.18445928,-0.21644524,-0.046818357,-0.12915762,0.44483072,-0.16118106,4,0.4448307156562805
3d77dce7cea4c1fde0daf03b,688687.SH,凯因科技,2024-03-25,-0.1984833,0.034811616,-0.124666184,0.58932114,-0.1961767,0.00017684326,3,0.5893211364746094
993119a819e6242e08f531a5,688689.SH,银河微电,2024-06-30,0.2910593,-0.44282013,0.09729077,-0.17316262,0.630724,-0.23006791,4,0.6307240128517151
5f21b80f3971cc239cc64f01,688696.SH,极米科技,2024-06-15,-0.025580237,0.09086848,-0.18209748,-0.043697983,0.1267859,0.051937304,4,0.12678590416908264
f9df1659b14249b665c32543,688739.SH,成大生物,2024-04-05,-0.17485029,0.07626647,-0.11880812,0.4556611,-0.21115072,0.015678916,3,0.4556610882282257
690398f9ff12e7d57eef020f,688779.SH,五矿新能,2024-06-30,0.47057587,-0.38794756,0.32520622,-0.06588421,0.17383587,-0.11809969,0,0.47057586908340454
d2927f0753a36da9f5908bbb,688788.SH,科思科技,2024-06-30,0.09276928,0.055013604,-0.19942863,-0.15604265,0.25332126,-0.095222995,4,0.25332126021385193
a0d06f196cb231329bb3ea32,688981.SH,中芯国际,2024-06-30,0.12989068,-0.36834425,0.10850134,-0.1155652,0.49321336,-0.15402761,4,0.49321335554122925
052e18b1cd43a40611a48bee,001202.SZ,炬申股份,2024-06-30,-0.12211767,0.21830823,-0.004373555,0.0060321633,-0.2909603,0.09323986,1,0.218308225274086
08369b3e99975648b671f58b,001207.SZ,联科科技,2024-06-30,0.13838628,-0.47536466,0.6820505,-0.014264509,0.13457495,-0.16034268,2,0.6820505261421204
55e2cd5d10710d8a816c0381,001215.SZ,千味央厨,2024-06-30,-0.14038758,-0.013006698,0.089984104,0.3211694,-0.1988099,0.022919402,3,0.3211694061756134
c699e2295a8defc7c9adec13,003042.SZ,中农联合,2024-06-15,-0.13741758,-0.016368307,0.14732425,0.32981512,-0.23528895,0.025049932,3,0.3298151195049286
013fbc4e1441c7929733b477,301181.SZ,标榜股份,2024-06-15,0.2887317,-0.48759755,0.24733841,-0.23551577,0.5858421,-0.23171353,4,0.5858420729637146
0eb39092c29f06415c5412ba,601921.SH,浙版传媒,2024-06-30,-0.21873063,0.28086743,-0.1633952,0.06377156,-0.28694817,0.18719123,1,0.28086742758750916
7fdf99213a68bea659d7aac4,603216.SH,梦天家居,2024-06-30,-0.12381192,0.0981776,0.10491967,-0.023436649,-0.16595727,0.12193353,5,0.12193352729082108
7ee774b3da09027da4fbfcf0,605020.SH,永和股份,2024-06-30,0.027494874,-0.3638843,0.6345148,0.05745368,-0.0061380332,-0.099215165,2,0.6345148086547852
a7e353c37e9b2825bc382152,605167.SH,利柏特,2024-06-30,0.079359,0.015740579,0.10245959,-0.1415302,-0.0018286505,-0.007350429,2,0.10245958715677261
6f6d2d54bd6e0fe7fdd8c9a8,605365.SH,立达信,2024-07-01,0.102900624,0.003601214,-0.10044222,-0.114202805,0.20176601,-0.06462107,4,0.2017660140991211
807e90108f05a159b2a6e746,605488.SH,福莱新材,2024-06-15,0.08585678,-0.41588637,0.43639076,-0.07518591,0.25681052,-0.13440473,2,0.43639075756073
599e35c32f64f3ac583b9d72,605566.SH,福莱蒽特,2024-04-05,-0.02649724,-0.18764082,0.336127,0.09670331,-0.051031623,-0.042078823,2,0.33612701296806335
e2eb3f41f664dc8e1e5b3871,688076.SH,ST诺泰,2024-06-15,-0.11919956,-0.05757882,-0.066948116,0.5751436,-0.118829705,-0.036538016,3,0.575143575668335
99dd4516493def5a64ab67b1,688112.SH,鼎阳科技,2024-06-30,0.16294703,-0.15166402,-0.134103,-0.012120352,0.40195417,-0.16137181,4,0.40195417404174805
083f52c21bcefa8e6dc4de06,688132.SH,邦彦技术,2024-03-25,0.050814293,0.14815176,-0.31172055,-0.12969416,0.21080759,-0.059042152,4,0.21080759167671204
90018c7ff683b42582f4390f,688147.SH,微导纳米,2024-06-30,0.21042809,-0.43826735,0.20074426,-0.0815751,0.4896277,-0.2073843,4,0.4896276891231537
2cc7d0c5c2c68ee1f55ff650,688148.SH,芳源股份,2024-06-30,0.3708676,-0.41040653,0.36430284,-0.0206847,0.14432603,-0.108501315,0,0.37086760997772217
b055478864769ce219c2e85c,688161.SH,威高骨科,2024-06-30,0.051516462,-0.20449705,0.037056036,0.40690568,0.16578764,-0.14225784,3,0.4069056808948517
97c1c4c2ac6748044c902db1,688226.SH,威腾电气,2024-06-15,0.669007,-0.21475506,0.011697434,-0.28057292,0.3430802,-0.104444504,0,0.6690070033073425
188f18c2ad26b17980dddb9e,688239.SH,航宇科技,2024-06-15,0.1285577,-0.22048211,0.12142451,-0.13695294,0.2495246,-0.10768019,4,0.24952459335327148
c0bde73ac4b8b3c76c7cd79d,688260.SH,昀冢科技,2024-06-15,0.22639152,-0.48729247,0.16486435,-0.1990223,0.6448777,-0.1889432,4,0.6448776721954346
a3ca187d9d67dcd0a3c318ba,688269.SH,凯立新材,2024-06-30,0.07242086,-0.3637553,0.46376693,0.02930791,0.13376217,-0.1355346,2,0.4637669324874878
86159146b6183915be291474,688280.SH,精进电动-UW,2024-03-15,0.32763094,-0.2763785,-0.016702976,-0.23554829,0.52922845,-0.15185137,4,0.5292284488677979
f382116021aa6961f962885f,688314.SH,康拓医疗,2024-06-15,0.023536414,-0.21160808,0.04387228,0.3063686,0.17430252,-0.12604503,3,0.3063685894012451
f1dc27b2cf90cb176601398a,688315.SH,诺禾致源,2024-06-15,-0.20913427,0.26989543,-0.30329394,0.4416596,-0.24266514,0.059778318,3,0.4416595995426178
d97a0fc215db282eebc20822,688319.SH,欧林生物,2024-06-15,-0.18793535,0.095818095,-0.1664296,0.49523437,-0.20523186,0.013557965,3,0.4952343702316284
c084e6e262f24d4732021f38,688345.SH,博力威,2024-06-15,0.5805981,-0.21752757,-0.05603551,-0.20131882,0.38986683,-0.12778297,0,0.5805981159210205
39e28622cbade5915f8bc35c,688395.SH,正弦电气,2024-06-15,0.31296626,-0.2862221,-0.0038155653,-0.20234913,0.5134274,-0.1807147,4,0.5134273767471313
971f5c177c87c9f0120689a4,688425.SH,铁建重工,2024-06-15,0.13531758,-0.06688164,0.04404694,-0.1406134,0.11777604,-0.06258792,0,0.1353175789117813
ba63555dfcc572768b2413aa,688456.SH,有研粉材,2024-06-15,0.095952936,-0.24948908,0.22499336,-0.045337897,0.15721603,-0.0939581,2,0.22499336302280426
c12e028d4aa47e62b7e8b83e,688468.SH,科美诊断,2024-06-15,-0.053849623,-0.0510953,-0.12798026,0.48555827,0.066125855,-0.100558,3,0.48555827140808105
d1968b6ac889e5df7d1f88f7,688501.SH,青达环保,2024-03-15,0.16093,-0.06463206,0.15813033,-0.10236484,0.048708312,-0.08013246,0,0.16092999279499054
1957f07e0c2ea03caad2b5bf,688517.SH,金冠电气,2024-06-30,0.48045367,0.03538297,-0.14859825,-0.12295611,0.1125475,-0.07869141,0,0.4804536700248718
1504ede711f5d4d92f217148,688533.SH,上声电子,2024-06-15,0.18989816,-0.2842289,-0.040100224,-0.22050846,0.5510366,-0.12528189,4,0.5510365962982178
6d3fdf241803550530c22022,688565.SH,力源科技,2024-06-15,0.1750541,-0.039315734,0.096494645,-0.113247946,0.08659488,-0.08589439,0,0.17505410313606262
7d16bdbe1ef99534ff204805,688584.SH,上海合晶,2024-06-15,0.118491665,-0.39939356,0.18515094,-0.09583737,0.43994892,-0.14951834,4,0.4399489164352417
c6e73b3d527ae45d29f4881d,688609.SH,九联科技,2024-03-15,0.014425525,0.17303365,-0.264716,-0.031249449,0.10765386,-0.0103744045,1,0.17303365468978882
b16c30efbe74c34ac8df4210,688611.SH,杭州柯林,2024-03-25,0.5796317,0.038412973,-0.21938452,-0.13916184,0.17364043,-0.08791935,0,0.5796316862106323
0176cd22505f68747d4be84b,688613.SH,奥精医疗,2024-06-30,-0.056480687,-0.20175152,0.1460352,0.4426107,-0.00452069,-0.084553465,3,0.4426107108592987
78f834a3930f945e437a5436,688625.SH,呈和科技,2024-06-30,0.0409165,-0.46127903,0.5668174,0.100441754,0.17029908,-0.15893897,2,0.5668174028396606
d1d6ab03665cfe82dd69bee7,688639.SH,华恒生物,2024-07-01,-0.09306037,-0.19915542,0.23244119,0.43011165,-0.10955471,-0.07068029,3,0.4301116466522217
92c9b7ce7ab08ad6c7fdc4d8,688660.SH,电气风电,2024-06-30,0.5862393,0.008414142,-0.13387832,-0.16184735,0.096621245,-0.025390612,0,0.5862392783164978
ed57e8739f06810cd201cc93,688662.SH,富信科技,2024-06-30,0.20787375,-0.32187667,-0.042199094,-0.16670227,0.6134439,-0.19499171,4,0.613443911075592
f844aa5627aba550eb94d1a9,688663.SH,新风光,2024-06-15,0.6814827,-0.24986026,0.0369218,-0.199241,0.29895955,-0.15567672,0,0.6814826726913452
cb2dcb10133874e05a685911,688667.SH,菱电电控,2024-06-30,0.25126764,-0.20491487,-0.086036496,-0.20302492,0.484779,-0.14485192,4,0.4847790002822876
075b03597ecd8a68ba027246,688682.SH,霍莱沃,2024-03-25,0.11828159,0.06537076,-0.23027378,-0.117038615,0.2637214,-0.11180213,4,0.26372140645980835
86578086d5571703b052ff00,688683.SH,莱尔科技,2024-06-15,0.21191163,-0.53794825,0.2169137,-0.13924466,0.6558612,-0.24341194,4,0.6558611989021301
bfa1d9a13b0b3d0b1db44bb1,688690.SH,纳微科技,2024-06-30,-0.02083239,-0.28634846,0.31892297,0.24433418,0.110483564,-0.12112858,2,0.3189229667186737
97bd122abef3108beafe0767,688733.SH,壹石通,2024-06-30,0.11389584,-0.32412377,0.30400893,-0.079493985,0.21488868,-0.13301125,2,0.30400893092155457
707c24560e57875f0428eb2b,688789.SH,宏华数科,2024-06-30,0.16784707,-0.27188987,0.06765002,-0.00093290117,0.4166156,-0.18872122,4,0.4166156053543091
91bdc5e8f40966c09c024b81,001205.SZ,盛航股份,2024-06-30,-0.10631208,0.14370188,-7.2182156e-05,0.035874277,-0.21987319,0.05772652,1,0.14370188117027283
7ed987747dbed445d65ea85e,001208.SZ,华菱线缆,2024-06-30,0.60190475,-0.3492333,0.20661473,-0.23406762,0.27553034,-0.16132466,0,0.6019047498703003
1ead1dd5e7a0144d2d5bddcf,001209.SZ,洪兴股份,2024-06-30,-0.23398846,0.20935124,-0.08328754,0.09001684,-0.25545868,0.152624,1,0.20935124158859253
716791b4160b374280fe1b14,001211.SZ,双枪科技,2024-06-30,-0.1826725,0.06747469,0.111175194,0.09200907,-0.16847521,0.08233592,2,0.11117519438266754
531300fb32c9d6965d6c0cea,001212.SZ,中旗新材,2024-06-30,0.017093733,-0.1851493,0.27537692,-0.01904913,0.053474955,-0.029873325,2,0.27537691593170166
7d4b3962a0c2fba4c62d7f13,001213.SZ,中铁特货,2024-06-30,-0.053204965,0.119565226,-0.04414844,-0.017660962,-0.13364145,0.047920123,1,0.11956522613763809
86b89620bac09987a9d4b073,001217.SZ,华尔泰,2024-06-30,-0.080096185,-0.23138773,0.49425918,0.15734291,-0.1373789,-0.0727784,2,0.49425917863845825
9a5cd879267b4bbce1328cb1,001219.SZ,青岛食品,2024-06-30,-0.25398225,0.10150024,0.014094185,0.3367219,-0.30221477,0.10118885,3,0.33672189712524414
74ecbdc08d8fc4a87f4832d6,001269.SZ,欧晶科技,2024-06-30,0.06624254,-0.22783548,0.23638533,-0.042230815,0.11171836,-0.07806012,2,0.23638533055782318
3b86c9bc478baee7afe9714a,001288.SZ,运机集团,2024-06-15,0.24060772,-0.18970844,0.20203447,-0.22228245,0.19856745,-0.10354941,0,0.24060772359371185
8a6aee886704c62f48a48916,300969.SZ,恒帅股份,2024-06-15,0.28868043,-0.34054902,0.0077845296,-0.24708629,0.61101836,-0.1909551,4,0.6110183596611023
63d856b599e89d9f1b3b5a60,300976.SZ,达瑞电子,2024-06-15,0.20823011,-0.45916462,0.14103894,-0.18971625,0.640426,-0.20565489,4,0.640425980091095
b6e83a4f88303ed745a44d7a,300983.SZ,尤安设计,2024-06-15,-0.07874028,0.38465565,-0.25533822,-0.03446,-0.20732377,0.13475832,1,0.3846556544303894
e7646cfb388287501cd0d2f0,300984.SZ,金沃股份,2024-06-15,0.23043774,-0.40628898,0.32382932,-0.15466678,0.3628687,-0.1559226,4,0.36286869645118713
039df12fa8131451ea52efff,300985.SZ,致远新能,2024-06-30,0.1513312,-0.12230033,0.039416693,-0.14506118,0.22424054,-0.07161137,4,0.22424054145812988
1e3122c2f7aa48d880e7fc98,300995.SZ,奇德新材,2024-06-15,0.15164009,-0.39435202,0.36863938,-0.15495177,0.33043966,-0.14138821,2,0.36863937973976135
2ab630ee280a50400b26fd1a,301016.SZ,雷尔伟,2024-06-15,0.18419886,-0.1627622,0.094803125,-0.1573105,0.25205752,-0.09621026,4,0.2520575225353241
be3648db411dcb3f72d33916,301022.SZ,海泰科,2024-06-15,0.2221307,-0.4067289,0.29051325,-0.22053397,0.45487535,-0.15453787,4,0.4548753499984741
f79640b96bab42d37a5e24c8,301033.SZ,迈普医学,2024-06-15,0.025144845,-0.21077555,0.031064054,0.4039523,0.18337694,-0.14617306,3,0.40395230054855347
c124a05a975ed0b92c409541,301037.SZ,保立佳,2024-06-30,0.024644224,-0.2072273,0.29539523,0.07160473,-0.00017657503,-0.053701364,2,0.29539522528648376
89de0a921cb22845a9de63ac,301052.SZ,果麦文化,2024-06-15,-0.21478641,0.28117305,-0.16296151,0.0996027,-0.27308923,0.10855466,1,0.28117305040359497
a9514b6e95239871430463e1,301069.SZ,凯盛新材,2024-06-30,0.07344312,-0.44633645,0.6268169,0.07127074,0.10069073,-0.15912864,2,0.6268169283866882
4eb5a566b91680ac8639b6bc,301169.SZ,零点有数,2024-06-15,-0.14260125,0.45962197,-0.35269433,-0.00979019,-0.24202724,0.1048287,1,0.45962196588516235
a7970b2f8ee7b39f4bbeef52,600955.SH,维远股份,2024-06-30,0.049572602,-0.49722674,0.6625767,-0.027206698,0.13583498,-0.13876705,2,0.6625766754150391
0d0f2c7c387d4cd30adfd335,603107.SH,上海汽配,2024-06-28,0.19343981,-0.41929188,0.21359815,-0.21762389,0.49887943,-0.11649981,4,0.49887943267822266
69f1a43f630b4153c10021f6,603511.SH,爱慕股份,2024-06-30,-0.24735367,0.24675013,-0.13244541,0.09841118,-0.26790902,0.16435497,1,0.2467501312494278
ea9bc9c7512ff36c3ca2785a,603836.SH,海程邦达,2024-06-30,-0.16816476,0.2921378,-0.13545717,0.050763536,-0.29137036,0.093855835,1,0.2921378016471863
a4c224e6c0ba4bf4cd5c3160,605138.SH,盛泰集团,2024-06-30,-0.09639297,-0.0021400321,0.13964655,0.05189047,-0.09057501,0.022809602,2,0.13964654505252838
f98324874ed58e808923adee,605259.SH,绿田机械,2024-06-15,0.044198636,-0.025719192,0.053154685,-0.07189457,0.029777143,-0.0059319614,2,0.053154684603214264
51ff4c170d659bb88ddb287b,605555.SH,德昌股份,2024-06-30,0.2532425,-0.23763841,0.07142542,-0.24978387,0.39804074,-0.11911977,4,0.3980407416820526
07da9a922561d03a11c31364,605580.SH,恒盛能源,2024-06-30,-0.11967099,0.2059883,-0.013001933,-0.018772755,-0.2989543,0.112606436,1,0.2059883028268814
870f2f009f9376fd19763cd9,605588.SH,冠石科技,2024-06-30,0.26406702,-0.5648951,0.27016988,-0.2570327,0.70395666,-0.23121744,4,0.703956663608551
d556d669e32365abd7b95150,605598.SH,上海港湾,2024-06-15,0.048146218,0.18425143,-0.048027992,-0.14413428,-0.11236575,0.055653203,1,0.18425142765045166
a3ad66ec370f21cfe02b32be,688059.SH,华锐精密,2024-03-15,0.20311011,-0.39890823,0.25109863,-0.10500291,0.3865713,-0.17731667,4,0.3865712881088257
2f5e43ad3e41dff7212026a2,688113.SH,联测科技,2024-06-15,0.2815485,-0.12616287,-0.18654843,-0.15453403,0.5017647,-0.14264107,4,0.501764714717865
f02a4c13f707ff572f4309bc,688117.SH,圣诺生物,2024-06-15,-0.11681989,-0.080230355,0.03064336,0.4506065,-0.105201155,-0.03526534,3,0.45060649514198303
bc01c6ebebb405610a6374b6,688182.SH,灿勤科技,2024-06-30,0.22487527,-0.35960108,0.14577614,-0.10610507,0.48225343,-0.21892716,4,0.48225343227386475
47b0fc8806dcbc5c08821a3d,688201.SH,信安世纪,2024-06-30,-0.036462657,0.39811388,-0.40418223,-0.0065372232,-0.03442975,-0.0051172674,1,0.398113876581192
d3893a3520993ee20b34bceb,688216.SH,气派科技,2024-06-30,0.16983397,-0.32172927,-0.027965536,-0.12962282,0.57152903,-0.18151614,4,0.5715290307998657
c9b32104e4d2ab5ee9cc8a3d,688217.SH,睿昂基因,2024-06-15,-0.12753622,0.048117317,-0.15606357,0.524055,-0.109865956,-0.0110360645,3,0.524055004119873
9446c9689b10eef63855dce9,688227.SH,品高股份,2024-06-30,-0.111445084,0.50367296,-0.46433544,0.020803945,-0.14648992,0.04473111,1,0.5036729574203491
a90e7c811092312b3a652ce7,688323.SH,瑞华泰,2024-06-15,0.14569545,-0.41348812,0.3400574,-0.12087453,0.35468766,-0.17556243,4,0.3546876609325409
fc3905eb3a69c39eb28f6b72,688355.SH,明志科技,2024-06-15,0.23342657,-0.452975,0.37417668,-0.15086566,0.3745249,-0.16502766,4,0.37452489137649536
54d404f0d0dd3844d33bb46e,688509.SH,正元地信,2024-06-30,-0.21477154,0.6403492,-0.5212976,0.014978167,-0.2922916,0.13487889,1,0.6403492093086243
655421ca1a8b5bbd677f5170,688681.SH,科汇股份,2024-06-15,0.5339883,0.007890239,-0.21706314,-0.073879145,0.1652474,-0.100518584,0,0.5339882969856262
c2ff800ad426f5281d986c62,688685.SH,迈信林,2024-06-15,0.13250081,-0.2953276,0.18210033,-0.12457925,0.2988729,-0.12031579,4,0.2988728880882263
6479c65463dfbacb5f12292e,688700.SH,东威科技,2024-06-15,0.33370876,-0.5356182,0.24350628,-0.17615385,0.6405185,-0.25084168,4,0.6405184864997864
4d1755485207939f56930600,688786.SH,悦安新材,2024-06-15,0.101613075,-0.346039,0.37084523,-0.06008117,0.15852886,-0.113467984,2,0.370845228433609
f5ccadca168353dfd93b7d0b,688793.SH,倍轻松,2024-06-15,-0.107109055,0.1373075,-0.22105904,0.092166305,0.013363421,0.0857854,1,0.13730749487876892
5d36d68375934fe250504097,688799.SH,华纳药厂,2024-06-30,-0.22060382,0.012323339,-0.08622595,0.6273963,-0.24223693,0.0054498725,3,0.627396285533905
83785f106fd0f6358920d9b0,300814.SZ,中富电路,2024-06-15,0.22090791,-0.4364469,0.16319512,-0.21362764,0.59246254,-0.19139451,4,0.5924625396728516
eacaf6ff39990262c4f614d2,300844.SZ,山水比德,2024-06-15,-0.14972317,0.46913144,-0.29934675,-0.027954923,-0.28062168,0.14291188,1,0.4691314399242401
539c28829c93c28f17ea0da1,300854.SZ,中兰环保,2024-06-15,-0.04047468,0.22368051,0.005222546,-0.11027263,-0.16478926,0.023839548,1,0.2236805111169815
9e4f7770c641b8234c1600ed,300957.SZ,贝泰妮,2024-06-15,-0.17174356,0.11766872,-0.088939905,0.13739082,-0.16088001,0.056783292,3,0.13739082217216492
3e972e6312dcb470492b5fef,300971.SZ,博亚精工,2024-06-15,0.19774193,-0.38590524,0.24656327,-0.16673377,0.38258407,-0.14911862,4,0.3825840651988983
b5df8d6219b1074dad5fc4f1,300979.SZ,华利集团,2024-06-30,-0.10427165,0.048363887,0.01945033,0.016944693,-0.035725847,0.035809956,1,0.04836388677358627
59bd4356297948e4049edab8,300980.SZ,祥源新材,2024-06-15,0.07797755,-0.34596235,0.4102788,-0.07362544,0.15889423,-0.111709304,2,0.4102787971496582
e3839359f89bcc15f05018fb,300988.SZ,津荣天宇,2024-06-15,0.19269982,-0.32396343,0.15940613,-0.1718145,0.3820875,-0.10797788,4,0.38208749890327454
3355f74ed397947f86f3459e,300989.SZ,蕾奥规划,2024-06-15,-0.1979787,0.58433706,-0.42345795,-0.05679865,-0.3123492,0.15497556,1,0.584337055683136
45a07278df62ba92ffe16850,300990.SZ,同飞股份,2024-06-15,0.2589991,-0.31717366,0.15311883,-0.17054304,0.40707746,-0.18759674,4,0.40707746148109436
d56bd3541fe0cb4e3805d221,300991.SZ,创益通,2024-06-15,0.26142907,-0.3281097,-0.08365053,-0.24377882,0.68930185,-0.20726907,4,0.6893018484115601
f7c7ba0f67e81f10e83db3ef,300992.SZ,泰福泵业,2024-06-15,0.24102972,-0.27381322,0.27073264,-0.1718309,0.264511,-0.11566347,2,0.2707326412200928
99cc828cd9281eec203d6182,301001.SZ,凯淳股份,2024-06-15,-0.25341335,0.4126677,-0.28626493,0.09505919,-0.33258164,0.16002895,1,0.4126676917076111
eda9f3dffc99e80733b66859,301003.SZ,江苏博云,2024-06-15,0.04508252,0.045789693,-0.0710421,-0.040683415,0.08974027,-0.07605946,4,0.08974026888608932
b239100c070151284804afa2,301004.SZ,嘉益股份,2024-06-15,0.013471159,-0.18172024,0.28803426,-0.0005731918,0.083286285,-0.052693125,2,0.28803426027297974
d455a8de069c78ffee032c60,301009.SZ,可靠股份,2024-06-15,-0.10525802,-5.8373436e-05,0.10701345,0.13189949,-0.11511807,0.011937608,3,0.13189949095249176
d5f3c431b6a9f26bd08ca519,301013.SZ,利和兴,2024-06-15,0.19193763,-0.2842213,-0.013676263,-0.17209114,0.51884055,-0.15587275,4,0.5188405513763428
5d7dfe4304fcf5e90c2ec19f,301019.SZ,宁波色母,2024-06-15,0.049525067,-0.36004904,0.43980664,-0.003602339,0.1395513,-0.10789411,2,0.43980664014816284
6c6230af2ca534761d6d25c0,301027.SZ,华蓝集团,2024-06-30,-0.14394814,0.36981696,-0.23910958,-0.012468428,-0.2727716,0.13418669,1,0.36981695890426636
ee2ffecd41534468cd5318a2,301031.SZ,中熔电气,2024-06-15,0.5607652,-0.36790514,0.14584523,-0.20702428,0.39195743,-0.19617078,0,0.5607652068138123
879aef1445f0f57472b40b06,301040.SZ,中环海陆,2024-06-30,0.29685897,-0.42284045,0.33248594,-0.205403,0.37988073,-0.17679852,4,0.37988072633743286
69d1f81bba72bba29d436dd5,301043.SZ,绿岛风,2024-06-30,0.10865192,-0.075833954,0.0150544625,-0.075047985,0.1956766,-0.057810366,4,0.19567659497261047
ad0819d6956df64090073bd6,301049.SZ,超越科技,2024-06-15,-0.040952377,0.11672326,0.07145482,-0.04672865,-0.14971796,0.006010022,1,0.11672326177358627
eb2a4a954c79d133ffe35337,301055.SZ,张小泉,2024-06-15,-0.13177139,-0.0036028102,0.10715765,0.059708834,-0.062816456,0.019807188,2,0.1071576476097107
9131a9be61d608c0fda7b2ae,301059.SZ,金三江,2024-06-15,0.050339423,-0.3895715,0.5773349,0.07069061,0.08902384,-0.14725205,2,0.5773348808288574
c6bf756d98d63a2da326a09f,301060.SZ,兰卫医学,2024-06-15,-0.24634598,0.39791247,-0.40462178,0.3921034,-0.314237,0.1216921,1,0.39791247248649597
e0c4e53ea071c3e65167dddb,301061.SZ,匠心家居,2024-06-15,0.065234855,-0.07186432,0.048766587,-0.06220371,0.16284904,-0.04208665,4,0.1628490388393402
7b842c7f3ee8c091aceb9153,301065.SZ,本立科技,2024-06-15,-0.058450717,-0.21946086,0.26814675,0.48053324,-0.09442453,-0.07024848,3,0.480533242225647
1d02596942976dbf2bd89f6a,301066.SZ,万事利,2024-06-30,-0.05890657,0.015060104,0.034213305,0.030856095,-0.06371165,0.015846094,2,0.03421330451965332
10a48d4d059f0c14d2124faa,301067.SZ,显盈科技,2024-06-30,0.19986075,-0.18971762,-0.18040743,-0.1462122,0.5673344,-0.16871999,4,0.5673344135284424
fb1c26eceed1295bab5890c8,301070.SZ,开勒股份,2024-06-15,0.22686714,-0.240307,0.16029778,-0.18011566,0.30906296,-0.10739892,4,0.3090629577636719
0ee00a0fa71b7f3f1e19e4f4,301072.SZ,中捷精工,2024-06-15,0.24731855,-0.44620427,0.22716077,-0.18991147,0.511792,-0.16499354,4,0.511792004108429
ea7ee7222f6bcc8426f81d2d,301077.SZ,星华新材,2024-06-15,0.18810372,-0.59806216,0.60082424,-0.13078476,0.4274363,-0.23679018,2,0.600824236869812
ff10e3dee66a931cee3de498,301078.SZ,孩子王,2024-06-15,-0.14725234,0.19890903,-0.14482106,0.07109718,-0.17963396,0.084367335,1,0.19890902936458588
898c677eca593c18b1d4d34f,301082.SZ,久盛电气,2024-06-15,0.6443092,-0.31665033,0.28408733,-0.20081086,0.22242509,-0.14342478,0,0.6443092226982117
8e1cfd856917a6fbede18a96,301085.SZ,亚康股份,2024-06-15,-0.09190368,0.58670056,-0.51385224,-0.04659196,-0.17446728,0.075606465,1,0.5867005586624146
c44fa6cd32a2e04a7829c062,301089.SZ,拓新药业,2024-06-15,-0.13171779,-0.13113084,0.09912009,0.56802833,-0.17069967,-0.04387412,3,0.5680283308029175
aadeb05966f313c78ae37f3d,301093.SZ,华兰股份,2024-06-15,0.013372191,-0.3395345,0.20957388,0.43014356,0.14384161,-0.16887566,3,0.4301435649394989
c957ac8c56680cad2a03255f,301099.SZ,雅创电子,2026-04-15,0.06046793,-0.13914841,-0.10271007,-0.1476623,0.3538471,-0.017544316,4,0.35384708642959595
fd905223e58d0a279f9939c9,301108.SZ,洁雅股份,2024-06-15,-0.07927061,-0.055441935,0.112525865,0.10061306,-0.03352687,-0.025888406,2,0.11252586543560028
e5f0135ba8fc7b8dfe1b8342,301118.SZ,恒光股份,2024-06-15,0.011779448,-0.30370596,0.5033318,0.16048658,-0.042907473,-0.11901769,2,0.5033317804336548
64cd58964dc9d951f4a8ccd7,301120.SZ,新特电气,2024-06-15,0.7359036,-0.27845824,0.057395205,-0.27617246,0.38918152,-0.17888626,0,0.7359036207199097
2b029e53e0d23044ff316fe8,301129.SZ,瑞纳智能,2024-06-15,0.009356574,0.22502494,-0.19714852,-0.07546135,-0.055882804,0.10054924,1,0.22502493858337402
814a8316f075fa24054cf73f,301152.SZ,天力锂能,2024-06-30,0.14999104,-0.28254902,0.2885789,-0.08426318,0.17251845,-0.10077777,2,0.28857889771461487
af5e59aab2a71ff16c4b4c84,301159.SZ,三维天地,2024-06-15,-0.06950428,0.395777,-0.3906582,0.055442654,-0.05990045,-0.0094284,1,0.39577698707580566
f62808e8ad7428e7b7969359,301185.SZ,鸥玛软件,2024-06-15,-0.12127628,0.53264093,-0.44805712,-0.02029405,-0.17307213,0.040531363,1,0.5326409339904785
bf7922042c68f9337e221600,301198.SZ,喜悦智行,2024-06-15,-0.007918637,-0.027637519,0.11224222,-0.0417645,0.015384607,-0.021044852,2,0.11224222183227539
aa936b49b2221e45ee340018,301336.SZ,趣睡科技,2024-06-28,-0.15540172,0.1378725,-0.06302234,0.07669237,-0.12327647,0.0969691,1,0.13787250220775604
bc4c316755a88db850c57a7c,688071.SH,华依科技,2024-06-30,0.24626085,-0.17069995,-0.1650177,-0.17696412,0.5055794,-0.1544078,4,0.50557941198349
9292262501dab9be41c1ce36,688728.SH,格科微,2024-06-15,0.12697966,-0.2757756,-0.053884268,-0.12867004,0.53095806,-0.15648638,4,0.5309580564498901
d49ac328233cdc1f11988704,300994.SZ,久祺股份,2024-06-30,0.0018347912,0.04137764,-0.016463777,-0.031074848,0.021491967,0.014714498,1,0.04137764126062393
499127196d91d2e26ef0caa0,301005.SZ,超捷股份,2024-06-30,0.2276946,-0.40803385,0.17468262,-0.19401178,0.53602344,-0.16703077,4,0.5360234379768372
0f0f1c6b0293a47f2d1142a4,301008.SZ,宏昌科技,2024-06-15,0.23810595,-0.26228786,0.10116442,-0.17803013,0.39335418,-0.16415729,4,0.3933541774749756
661786b6f29fe049ab87ed24,301012.SZ,扬电科技,2024-06-15,0.80538666,-0.3054638,0.10291432,-0.32301164,0.37145168,-0.17620377,0,0.8053866624832153
e33588e8b576a300334f43bf,301032.SZ,新柴股份,2024-06-15,0.17416406,-0.16461119,0.14272097,-0.14655644,0.17191276,-0.084358186,0,0.1741640567779541
618c358adf85c47a37f97105,301038.SZ,深水规院,2024-06-15,-0.082334034,0.509354,-0.32793018,-0.1175147,-0.251727,0.10804747,1,0.5093539953231812
97bb2800a410ae6b5aa0c5a4,301039.SZ,中集车辆,2024-06-15,0.024869828,0.08235041,-0.053812455,-0.10021907,-0.009054236,0.025383424,1,0.08235041052103043
a4e96411fcc5e3fdce796952,301041.SZ,金百泽,2024-06-15,0.2093971,-0.2706001,-0.088276595,-0.23074532,0.61974776,-0.15507922,4,0.6197477579116821
e0c95a37fecf03333f612d86,301050.SZ,雷电微力,2024-06-30,0.13210788,-0.15376711,0.0088530425,-0.1362602,0.2859323,-0.120213725,4,0.2859323024749756
a40eff60a0f62b66b3b84089,301053.SZ,远信工业,2024-06-15,0.11232318,-0.37946886,0.34467474,-0.061964177,0.3240416,-0.15876001,2,0.3446747362613678
bd19a5efbeba6bf7db595581,301056.SZ,森赫股份,2024-06-15,0.081366904,0.07189994,-0.073299766,-0.10770829,0.04877877,0.01000496,0,0.08136690407991409
395d03062186440a9c11a5c8,301057.SZ,汇隆新材,2024-06-15,0.004291575,-0.20007634,0.31729928,0.05314567,0.00498432,-0.062253214,2,0.3172992765903473
2578a79668d440ee6473306a,301058.SZ,中粮科工,2024-06-30,-0.07962942,0.35342112,-0.16302279,-0.002645634,-0.27974913,0.08036125,1,0.3534211218357086
d44d944051a611d3d9b7eb0c,301071.SZ,力量钻石,2024-06-30,0.077904515,-0.26695397,0.2614312,-0.023398489,0.14823027,-0.10744943,2,0.26143118739128113
9847240330836b6cad46a962,301079.SZ,邵阳液压,2024-06-30,0.25619474,-0.28586054,0.13193502,-0.14995193,0.33597955,-0.15568107,4,0.33597955107688904
4765f035774986e5cf4335ab,301083.SZ,百胜智能,2024-06-15,0.086820126,0.12238162,-0.26530308,-0.06882262,0.18083304,-0.03396192,4,0.18083304166793823
2953fa1c085cde82372060d4,301087.SZ,可孚医疗,2024-06-15,-0.15063985,0.16344747,-0.27488136,0.38434726,-0.12363459,0.038108934,3,0.38434725999832153
46ea5826342ea449299d6234,301088.SZ,戎美股份,2024-06-15,-0.19730388,0.22480915,-0.12331878,0.068453014,-0.2261473,0.14699566,1,0.22480915486812592
b42bd954b97bee4cce62d1f8,301090.SZ,华润材料,2024-06-30,0.044127554,-0.3874272,0.6428132,0.027729655,0.034115013,-0.11959787,2,0.6428132057189941
b2d96bbef108be998a96b329,301091.SZ,深城交,2024-06-15,-0.1381861,0.54313374,-0.43128014,-0.098268665,-0.21553664,0.11150728,1,0.5431337356567383
415c722c1f7f8482e04f22da,301100.SZ,风光股份,2024-06-15,0.019475138,-0.3323523,0.4652042,0.057061378,0.06011967,-0.11710811,2,0.4652042090892792
a53ef7256dac7af826660e38,301101.SZ,明月镜片,2024-06-30,-0.05560571,-0.018469937,-0.027837167,0.11101367,0.056875274,-0.028448083,3,0.11101367324590683
c12e2c1fd826dd2dd6b56414,301103.SZ,何氏眼科,2024-06-15,-0.2404731,0.33184046,-0.33577457,0.30241984,-0.27912748,0.103910096,1,0.331840455532074
71bb5a4a904184ce8121dcc0,301112.SZ,信邦智能,2024-06-30,0.35707924,-0.27624884,0.033201497,-0.29315072,0.54260206,-0.16531111,4,0.5426020622253418
46f86d7cac7294462f5a5e85,301119.SZ,正强股份,2024-06-15,0.28303963,-0.5125334,0.22066803,-0.21182936,0.6104225,-0.20627242,4,0.6104224920272827
f0beeef4612ad32da2f0a4db,301126.SZ,达嘉维康,2024-06-30,-0.22571036,0.30151615,-0.2049858,0.2044638,-0.33043143,0.11075979,1,0.3015161454677582
234e76ecbafafb916f5b422f,301128.SZ,强瑞技术,2024-06-15,0.26044115,-0.38150585,0.08706606,-0.2513564,0.6187621,-0.19727178,4,0.6187620759010315
3385751c2c95c326f2a98dbf,301133.SZ,金钟股份,2024-06-15,0.14130332,-0.41747716,0.2562947,-0.16743606,0.44579968,-0.14198667,4,0.44579967856407166
7961319f9fbe4c2036801f65,301138.SZ,华研精机,2024-06-15,0.17744592,-0.44018868,0.32765093,-0.054501656,0.3967817,-0.19220261,4,0.39678171277046204
31ddc783e57c8635a39bb295,301149.SZ,隆华新材,2024-06-15,-0.008894023,-0.38852787,0.5826437,0.023888692,0.048168167,-0.11323196,2,0.5826436877250671
831ef23013865da8c8e2f4ce,301166.SZ,优宁维,2024-06-30,-0.13157114,0.10762832,-0.1239538,0.24966317,-0.11633408,0.010329116,3,0.24966317415237427
250dca8a2beea14262274bed,301178.SZ,天亿马,2024-06-30,-0.18328203,0.669606,-0.54774994,-0.06665834,-0.27829885,0.15485935,1,0.6696059703826904
5273a50f761346aa0a57629e,301180.SZ,万祥科技,2024-06-15,0.25338456,-0.49921632,0.15622996,-0.24023877,0.70212245,-0.21474123,4,0.7021224498748779
fbc0bedd3b3f6bb8aea62f09,301186.SZ,超达装备,2024-06-15,0.30499148,-0.4655082,0.22972074,-0.26156387,0.5852751,-0.18947342,4,0.5852751135826111
efef69004d2fbba7ada82d96,301188.SZ,力诺药包,2024-06-15,0.021361029,-0.15201996,0.1716485,0.10412641,0.048962675,-0.0813172,2,0.17164850234985352
404b32528481a12feadc7e49,301193.SZ,家联科技,2024-06-30,-0.05265998,-0.10366221,0.23312433,0.025562432,-0.010897201,-0.007986436,2,0.23312433063983917
cc27741a2fd867a1c0a17285,301231.SZ,荣信文化,2024-06-15,-0.18395033,0.23376772,-0.13864143,0.07340298,-0.22560364,0.08173722,1,0.23376771807670593
3f62be1c3d6a93b67182188e,301234.SZ,五洲医疗,2024-06-15,-0.1356431,-0.052792862,0.009957675,0.40031767,-0.06695601,-0.050844863,3,0.4003176689147949
03f1031c8ee16528ce9f67ff,301239.SZ,普瑞眼科,2024-06-15,-0.2673962,0.3408516,-0.32566258,0.2880054,-0.28420135,0.17070797,1,0.3408516049385071
568d66e1a0120c2909989f72,301259.SZ,艾布鲁,2024-06-15,-0.16804749,0.45054844,-0.25401962,0.0020881249,-0.32814425,0.12688817,1,0.4505484402179718
1f0f4a2a815bfe037fbc1d41,301267.SZ,华厦眼科,2024-06-30,-0.24861681,0.3131603,-0.31895533,0.29678154,-0.25865966,0.1516419,1,0.3131603002548218
3a8858ed363c67868ebc6819,301298.SZ,东利机械,2024-06-15,0.20897382,-0.3690839,0.21413477,-0.19415307,0.40115446,-0.14857154,4,0.40115445852279663
db2c776236438520fa528a51,301345.SZ,涛涛车业,2024-06-15,0.006043358,-0.015707318,0.008784477,-0.04488517,0.036627445,-0.0077250544,4,0.03662744536995888
ab51081e5085a34ceb438dc9,301362.SZ,民爆光电,2024-06-15,0.50093913,-0.23225872,0.009904839,-0.1559785,0.34454492,-0.110756606,0,0.500939130783081
7dbf1209e944814c7d13cc45,301370.SZ,国科恒泰,2024-06-30,-0.13286763,0.20433305,-0.16834803,0.18953873,-0.17715289,0.027002828,1,0.20433305203914642
93ad6d42969218ffbb5d0ecd,301398.SZ,星源卓镁,2024-06-15,0.23325762,-0.53373253,0.35332975,-0.18117209,0.5374948,-0.20813727,4,0.5374947786331177
3cca738465144c8068e5b567,688087.SH,英科再生,2024-03-15,0.031262998,-0.20619395,0.36194435,0.045839094,0.025176127,-0.07423944,2,0.3619443476200104
c3cab1b414cc959deec78935,688232.SH,新点软件,2024-06-30,-0.13596854,0.56502277,-0.4514383,-0.01276129,-0.22043408,0.08308338,1,0.5650227665901184
07c0705ee44c475031223bfb,688601.SH,力芯微,2024-06-30,0.19259539,-0.31222907,-0.073652774,-0.11554007,0.59344953,-0.1867471,4,0.5934495329856873
dedec6a939feb508a78d1e1e,688655.SH,迅捷兴,2024-06-30,0.16152936,-0.35683683,0.01619054,-0.15818325,0.58297116,-0.14606927,4,0.5829711556434631
254b12f4be502543fa0c6916,301045.SZ,天禄科技,2024-06-15,0.2778587,-0.5017347,0.17967293,-0.23764421,0.7015772,-0.2383741,4,0.7015771865844727
c1e9adc18b4d10c76f3d6938,301046.SZ,能辉科技,2024-06-30,0.04447989,0.37476593,-0.25229263,-0.11482006,-0.17245358,0.07477251,1,0.37476593255996704
8ace5a8aab7c1ae0698bf4b8,301047.SZ,义翘神州,2024-06-30,-0.15731046,-0.0210833,-0.02792513,0.4117138,-0.13392487,-0.009139935,3,0.4117138087749481
d71e9fa59db7c8cdb9d1789f,301048.SZ,金鹰重工,2024-06-15,0.09833847,0.07156233,-0.059012264,-0.13455236,0.055402182,-0.034892417,0,0.09833846986293793
e92ac449858a88faa0aae9c0,301063.SZ,海锅股份,2024-06-15,0.69719553,-0.47948176,0.41602975,-0.2353991,0.2950055,-0.19824384,0,0.6971955299377441
8c1b38eecc0f88945997e0de,301075.SZ,多瑞医药,2024-06-15,-0.14877424,0.02855589,-0.08625498,0.39193135,-0.15805939,0.029776663,3,0.39193135499954224
a31b56f105a0951f6ab8ce90,301080.SZ,百普赛斯,2024-06-30,-0.10642737,-0.01518566,-0.04346921,0.40656728,-0.102305494,-0.02654735,3,0.4065672755241394
6ab7922937500ded72ecd331,301092.SZ,争光股份,2024-06-15,0.10629275,-0.42527246,0.6110332,0.0708821,0.1132842,-0.15969889,2,0.6110332012176514
4aa3d342efc0b9b0fed6a827,301102.SZ,兆讯传媒,2024-06-30,-0.19958085,0.31414336,-0.20483369,0.04355302,-0.25377822,0.12323442,1,0.3141433596611023
dd7c9cd01008edfc0d0f1caa,301111.SZ,粤万年青,2024-06-15,-0.18371865,0.06170862,-0.024549378,0.43742484,-0.24981087,0.028418655,3,0.43742483854293823
7bbb5b221ce91064fb509189,301121.SZ,紫建电子,2024-06-30,0.4852062,-0.33395895,0.11851224,-0.108555816,0.33107653,-0.14029014,0,0.4852061867713928
d707bfa4e746b1f959ac7f82,301123.SZ,奕东电子,2024-06-30,0.21725798,-0.41427076,0.07242948,-0.23286363,0.6452464,-0.1958058,4,0.6452463865280151
4b3a7956ba60f103a87d66da,301131.SZ,聚赛龙,2024-06-15,0.11207185,-0.37538606,0.41585347,-0.12007108,0.22477773,-0.13427499,2,0.41585347056388855
61d8fbbe34af17c58472296b,301148.SZ,嘉戎技术,2024-06-30,0.08956188,0.0411662,0.07008393,-0.04322482,-0.0068874834,-0.078867584,0,0.08956187963485718
81571e65e54c7655b24b7e35,301160.SZ,翔楼新材,2024-06-15,0.20560049,-0.46985316,0.40955302,-0.15669417,0.34312254,-0.1502156,2,0.40955302119255066
26e050f622697bb6ee9514c9,301187.SZ,欧圣电气,2024-06-15,0.15000455,-0.10498433,0.036562398,-0.14510372,0.25974548,-0.07070755,4,0.2597454786300659
0ad55493bfbb9b3ca3ae961d,301213.SZ,观想科技,2024-06-30,0.09353925,0.19705023,-0.27416217,-0.1657511,0.16157885,-0.09578252,1,0.19705022871494293
336065a8ef38bc6cd2ff6ba8,301219.SZ,腾远钴业,2024-06-15,0.010654077,-0.17210564,0.26649204,-0.008484253,-0.035876457,-0.04879569,2,0.2664920389652252
7d3a61eda6770be2bfabcced,301222.SZ,浙江恒威,2024-06-15,0.52846915,-0.39694154,0.29102677,-0.033313118,0.24937141,-0.14831845,0,0.5284691452980042
7211adf8276b56f25b337b6e,301228.SZ,实朴检测,2024-06-15,-0.08098006,0.16793114,-0.1095262,0.03239128,-0.12867671,0.036591657,1,0.16793113946914673
80d9e64dc4cac72327811fc7,301232.SZ,飞沃科技,2024-06-15,0.28770766,-0.35498494,0.20138559,-0.20471057,0.39908534,-0.16272846,4,0.3990853428840637
2cb72c9d95740a796f533df0,301296.SZ,新巨丰,2024-06-15,0.014507175,-0.23819534,0.31923577,0.08069936,0.060757548,-0.09427192,2,0.31923577189445496
1f803d8dcddd7559883c0efa,301331.SZ,恩威医药,2024-06-15,-0.16474432,0.08166276,-0.11771104,0.34416428,-0.19725394,0.058918238,3,0.34416428208351135
e6a8cc6c5ad7fcee38791346,301665.SZ,泰禾股份,2024-06-15,0.15731092,-0.16885145,0.05291043,-0.054887127,0.17991413,-0.10382183,4,0.17991413176059723
2a8b3a9ecc1f48b384538882,603213.SH,镇洋发展,2024-06-15,-0.015359549,-0.18931602,0.5688278,0.07050102,-0.19016072,-0.010301594,2,0.5688278079032898
fffed2676d7c5b40c35a4856,605599.SH,菜百股份,2024-06-30,-0.2534576,0.28076226,-0.12140193,0.0900767,-0.33455333,0.18610004,1,0.280762255191803
56f817052c1fbe18f2adc37c,688038.SH,中科通达,2024-06-30,-0.10364271,0.4586474,-0.416319,-0.033159636,-0.105964914,0.03382157,1,0.45864740014076233
230b03b6a658f14412de1a2a,688091.SH,上海谊众,2024-06-30,-0.25324726,0.057528432,-0.1492905,0.6359549,-0.24038883,0.0462158,3,0.6359549164772034
f075a4084530098785c2ec91,688110.SH,东芯股份,2024-06-30,0.14513485,-0.25505483,-0.07682562,-0.12084442,0.52330196,-0.14535981,4,0.5233019590377808
dc8626adefb1a57c1403af29,688246.SH,嘉和美康,2024-03-15,-0.21451114,0.4696297,-0.4339407,0.21801996,-0.22726262,0.055089287,1,0.46962970495224
18ab0086cce99e0ff60e1464,688276.SH,百克生物,2024-06-30,-0.12123237,0.01923797,-0.10024564,0.4368016,-0.14959162,-0.0017111925,3,0.43680161237716675
32098d17c93047c966bbfe99,688296.SH,和达科技,2024-06-30,-0.047470525,0.46940237,-0.37363735,-0.08429274,-0.10697898,0.03401187,1,0.46940237283706665
f42bcd974ccd9491f1bf120d,688303.SH,大全能源,2024-04-05,0.3098206,-0.31351832,0.2690784,-0.060217805,0.11493885,-0.10303431,0,0.30982059240341187
899aca3d061f1f8631357b36,688306.SH,均普智能,2024-06-15,0.26840034,-0.24898103,-0.03828648,-0.19226752,0.51406884,-0.15618154,4,0.5140688419342041
e50c86e194a9c728f572b0b5,688359.SH,三孚新科,2024-06-15,0.12669304,-0.49778968,0.49920022,0.006802188,0.30786988,-0.18625772,2,0.4992002248764038
a21c8ffd2dd1ab535681d6aa,688367.SH,工大高科,2024-06-15,0.11654098,0.041999076,-0.09874036,-0.11481407,0.10543634,-0.06282987,0,0.11654098331928253
95169c84fb94511178e5c45a,688376.SH,美埃科技,2024-06-30,0.20877185,-0.33734176,0.10266799,-0.030640608,0.46665785,-0.191001,4,0.4666578471660614
3ca65e354dc94aea8c6e1a19,688385.SH,复旦微电,2024-06-30,0.14996462,-0.14932093,-0.18218924,-0.07818526,0.47713783,-0.13795713,4,0.47713783383369446
42db0ea8007baedb6b6cca1f,688502.SH,茂莱光学,2024-06-15,0.28049293,-0.47615615,0.103315026,-0.17731567,0.6974903,-0.24987102,4,0.6974902749061584
6cfcea30a423ead8043cda3e,688538.SH,和辉光电-U,2024-06-30,0.16262865,-0.39045516,0.05794277,-0.103999004,0.57410794,-0.18602017,4,0.5741079449653625
ec63d8b4b571ea35bad340f0,688597.SH,煜邦电力,2024-06-30,0.08245236,0.24875382,-0.3035665,-0.067375645,0.020681934,0.020097993,1,0.24875381588935852
aa269a99bd3d08d4d60ca6c8,688621.SH,阳光诺和,2024-06-30,-0.2755516,0.29942584,-0.29306117,0.5078102,-0.3378245,0.08941251,3,0.5078101754188538
2617357a8482ef0d9e721969,688701.SH,卓锦股份,2024-06-30,-0.081397355,0.26957667,-0.07282357,-0.04561984,-0.21368225,0.08780299,1,0.26957666873931885
2394812c367ea19a5273cdea,688716.SH,中研股份,2024-03-25,0.05557987,-0.31953618,0.34575185,-0.021217465,0.16611637,-0.106607296,2,0.3457518517971039
5ce0845a6403ba4cc8343e19,688718.SH,唯赛勃,2024-06-30,0.16097821,-0.3518374,0.3274541,-0.039782636,0.273409,-0.15200244,2,0.3274540901184082
f597a13ca3f808088a62648f,688722.SH,同益中,2024-06-15,0.0441008,-0.25076538,0.27622938,0.005140293,0.10297689,-0.09366891,2,0.2762293815612793
91bd52d3b370eb4629cba70f,688766.SH,普冉股份,2024-06-30,0.17384732,-0.28163356,-0.09059791,-0.11688297,0.56470835,-0.16042618,4,0.5647083520889282
7a3cde1e900d080265707d90,688767.SH,博拓生物,2024-06-15,-0.11722502,0.018284526,-0.12767968,0.55610895,-0.08144289,-0.042230528,3,0.5561089515686035
b2b89da2d54e1aed73aa6bfa,688778.SH,厦钨新能,2024-06-30,0.4760551,-0.40523776,0.31903905,-0.10317389,0.20013529,-0.13522668,0,0.4760550856590271
b0f7a3dc9cfd43e56950c984,688798.SH,艾为电子,2024-06-30,0.13429233,-0.24141385,-0.12632623,-0.12351379,0.5373498,-0.14448242,4,0.5373498201370239
e49782109c19de175dbd9312,300834.SZ,星辉环材,2024-06-30,0.094612055,-0.4438798,0.604754,-0.019727893,0.17349935,-0.13405928,2,0.6047539710998535
f143c7356ba91cf5ad1b8329,301086.SZ,鸿富瀚,2024-06-15,0.22335486,-0.4018206,0.07696876,-0.23606709,0.6320423,-0.19358097,4,0.6320422887802124
2502bd8f6388127eb10266ff,301096.SZ,百诚医药,2024-06-30,-0.26686633,0.19603552,-0.17721549,0.5364581,-0.29990867,0.0622585,3,0.5364580750465393
6e901001da61f3ada5ff521d,301110.SZ,青木科技,2024-06-15,-0.254597,0.44122195,-0.31940547,0.08100046,-0.3187045,0.1498455,1,0.4412219524383545
4c1ef75a674cba82000c3ebb,301113.SZ,雅艺科技,2024-06-15,0.03780974,-0.14683956,0.22803265,-0.03415359,0.08530918,-0.042224802,2,0.228032648563385
1c8a126740ef836c6bab4955,301117.SZ,佳缘科技,2024-06-15,-0.05674814,0.4241482,-0.43040222,-0.010924929,-0.06626273,-0.0016576797,1,0.42414820194244385
5578ba67ae33faeaf81b237a,301127.SZ,武汉天源环保股份有限公司,2024-06-15,-0.13424256,0.32810915,-0.084288076,-0.00895156,-0.30921027,0.08751896,1,0.32810914516448975
4047b25f958cab4bde5edd49,301135.SZ,瑞德智能,2024-06-15,0.27726573,-0.22457331,-0.11943384,-0.20989724,0.5750066,-0.16298857,4,0.5750066041946411
fdf7c02d80c971c2f2e0cc3b,301136.SZ,招标股份,2024-06-15,-0.14200932,0.47581086,-0.26948082,-0.053607374,-0.32629573,0.12524801,1,0.47581085562705994
a4092ead88923a10172c3584,301139.SZ,元道通信,2024-06-15,-0.069955476,0.33669177,-0.2785563,-0.048649296,-0.14933279,0.061049,1,0.3366917669773102
f6f0d6a9d0638f3026c72904,301150.SZ,中一科技,2024-06-15,0.4796884,-0.49447638,0.34506866,-0.12594534,0.33283126,-0.17778207,0,0.4796884059906006
c27347b3021ab3ea47a1c729,301155.SZ,海力风电,2024-06-30,0.6042645,-0.24174185,0.27139404,-0.22381468,0.122025475,-0.08313888,0,0.604264497756958
0bb14c8048a32656fa683b54,301158.SZ,德石股份,2024-06-30,0.21485354,-0.14818886,0.009296994,-0.1136861,0.3159232,-0.14166673,4,0.31592321395874023
47fa08746a02ee2b00a83ca2,301162.SZ,国能日新,2024-06-15,0.06149391,0.4170539,-0.26255405,-0.09685895,-0.16138422,0.03304085,1,0.4170539081096649
b6c3c15e571d1bd67d0d4ea1,301167.SZ,建研设计,2024-06-15,-0.09122741,0.35226595,-0.13443081,-0.071760714,-0.26874018,0.10458056,1,0.35226595401763916
cc7456fa048f55becaaa90ec,301177.SZ,迪阿股份,2024-06-30,-0.23180884,0.2502366,-0.1700734,0.08621543,-0.22161719,0.14101262,1,0.2502366006374359
b5f16890eef17f64d01f1d7d,301179.SZ,泽宇智能,2024-06-30,0.025122028,0.53963774,-0.46379718,-0.15848753,-0.1491353,0.09928971,1,0.5396377444267273
ba799ebef4f4a0f9ac030851,301189.SZ,奥尼电子,2024-06-15,0.07690877,0.004795354,-0.20850822,-0.044578835,0.29191145,-0.09917876,4,0.29191145300865173
0f8eefe49589aac37e3ecd92,301196.SZ,唯科科技,2024-06-15,0.10791186,-0.22983441,0.13714427,-0.11687962,0.32908976,-0.1065789,4,0.3290897607803345
36b9a9ca0501f5a873aa1c98,301201.SZ,诚达药业,2024-06-30,-0.15859424,-0.07577986,0.049074363,0.5280729,-0.16486776,-0.0077296384,3,0.5280728936195374
ad5864d3824d4df363b911b8,301207.SZ,华兰疫苗,2024-06-30,-0.14150381,0.08259848,-0.11036075,0.43677437,-0.21969812,0.0017432328,3,0.4367743730545044
52fb0426a422124c5a9ae5db,301211.SZ,亨迪药业,2024-06-15,-0.15640475,-0.09498096,0.04084201,0.61237967,-0.173514,-0.029979024,3,0.6123796701431274
22c0b422f627c06aeafa099e,301217.SZ,铜冠铜箔,2024-06-15,0.1823956,-0.5140626,0.39519855,-0.15635377,0.42558745,-0.19006139,4,0.4255874454975128
64bd9ccc7930d1cdf5a6c61b,301233.SZ,盛帮股份,2024-06-15,0.2803867,-0.42834407,0.19684426,-0.2274964,0.54042584,-0.20994103,4,0.5404258370399475
39601960974813832d86f7db,301248.SZ,杰创智能,2024-06-15,-0.12126684,0.59136045,-0.5588464,-0.09041833,-0.12964289,0.099509224,1,0.5913604497909546
5d54bc2105b55481059f2816,301257.SZ,普蕊斯,2024-06-15,-0.26161385,0.36326712,-0.3524201,0.45443302,-0.3560066,0.12147528,3,0.45443302392959595
579e788b6bd8c7befae635fd,301265.SZ,华新科技,2024-06-15,0.1764471,-0.34344333,0.19118106,-0.17542472,0.41744348,-0.16708192,4,0.41744348406791687
edf764d3ac076e28ebeb33b7,301338.SZ,凯格精机,2024-06-15,0.29890704,-0.42043167,0.08222932,-0.17421839,0.6560617,-0.24538352,4,0.6560617089271545
7849245f1898a26e71087f72,301339.SZ,通行宝,2024-06-15,-0.11909839,0.41527644,-0.3741948,-0.04718349,-0.15464818,0.08376512,1,0.415276437997818
235b825a12ce826627a89287,301382.SZ,蜂助手,2024-06-15,-0.14493991,0.38298085,-0.32075337,0.024137976,-0.20310375,0.09217362,1,0.3829808533191681
9bdb3a3a231e035b8cf04218,301439.SZ,泓淋电力,2024-06-30,0.68026686,-0.41496143,0.15544693,-0.22816934,0.43326432,-0.20698003,0,0.6802668571472168
60767259cc1044defa648fdf,605033.SH,美邦股份,2024-06-15,-0.10417576,-0.035262458,0.14463201,0.27456427,-0.19169359,0.0012095887,3,0.274564266204834
f2e90fc75c35916cd5d953c7,605567.SH,春雪食品,2024-06-30,-0.18515134,0.053800598,0.041317105,0.30566663,-0.2626849,0.05896887,3,0.30566662549972534
1824848b82e972ff0e1e1a5a,605577.SH,龙版传媒,2024-06-30,-0.17152031,0.24029045,-0.11789078,0.047581214,-0.26499504,0.095112324,1,0.24029044806957245
ada5d00c84122b71bf5cc212,688114.SH,华大智造,2024-06-30,0.044205032,-0.044378333,-0.17264614,0.33191547,0.15186392,-0.11425345,3,0.3319154679775238
21f58e8c0f2bd1a285ffb69a,688120.SH,华海清科,2024-06-30,0.15085123,-0.30280396,0.04763617,-0.059193633,0.41986862,-0.15446329,4,0.4198686182498932
356bbd38242a346609ab308d,688211.SH,中科微至,2024-06-30,0.076750666,0.04407715,-0.22940826,0.033795793,0.21133874,-0.057861775,4,0.21133874356746674
f666dcf43cbd6f474ccc026e,688255.SH,凯尔达,2024-06-15,0.2732761,-0.33152124,0.122385174,-0.21903871,0.4715848,-0.15609397,4,0.4715847969055176
72f4c69b3a29ac3272589c01,688257.SH,新锐股份,2024-03-15,0.27145225,-0.4742759,0.2498093,-0.11565513,0.48843393,-0.19933158,4,0.48843392729759216
8c59f51f1200bf36a590a53f,688259.SH,创耀科技,2024-06-15,0.029914796,-0.0054764333,-0.044352222,-0.023809776,0.06066245,-0.019855259,4,0.06066244840621948
71a69a7fa69a1b50d8417fb8,688327.SH,云从科技-UW,2024-06-30,-0.18758693,0.51994467,-0.46973222,0.03529848,-0.17366523,0.062429316,1,0.5199446678161621
8dfda4119124e53db29e816a,688343.SH,云天励飞-U,2024-06-15,-0.091394916,0.38346487,-0.414271,-0.04304626,-0.024343211,0.027215928,1,0.38346487283706665
d8c8c146aa319b677e741efb,688486.SH,龙迅股份,2024-03-25,0.10219636,-0.21515083,-0.10526671,-0.099490635,0.47909585,-0.15537229,4,0.47909584641456604
b88f784390cb8d26552a3536,688511.SH,*ST天微,2024-06-30,0.16983393,-0.20667331,-0.008218937,-0.15915906,0.38261738,-0.16034654,4,0.38261738419532776
3e15bf64c5bc3049c11271a8,688553.SH,汇宇制药-W,2024-04-05,-0.2126174,0.005931746,-0.089029305,0.62625706,-0.21768293,0.0041403566,3,0.626257061958313
29eb0f3daa4bd769a87441ab,688670.SH,金迪克,2024-06-15,-0.1587232,0.06991778,-0.13037965,0.51443,-0.20156921,0.0029057227,3,0.5144299864768982
443d1d82c2ab719ab2930d48,688768.SH,容知日新,2024-06-30,0.066303015,0.09625493,-0.21706845,-0.06974375,0.13257854,-0.039627716,4,0.1325785368680954
92e5ea7d7037e80523889ba4,688772.SH,珠海冠宇,2024-04-05,0.51089734,-0.31532866,0.08853633,-0.13633652,0.3455976,-0.12243602,0,0.5108973383903503
e5cf6ba7140fdd664916fbbc,688775.SH,影石创新,2024-06-15,0.00703658,0.10569846,-0.25294465,0.0009834213,0.16067386,-0.043181315,4,0.1606738567352295
a2fc6dca2b1cbd4b894afae0,688776.SH,国光电气,2024-03-15,0.25110728,-0.27739355,0.0596381,-0.20082252,0.46200556,-0.18730466,4,0.4620055556297302
1d1dee2441836339c0ca062c,001234.SZ,泰慕士,2024-06-15,-0.05759063,-0.039883856,0.10470017,0.054628894,-0.009691283,0.0046809055,2,0.10470017045736313
fafdd07ae738d5b882b0f6cb,001317.SZ,三羊马,2024-06-30,-0.06657316,0.115705945,-0.07330337,-0.01148917,-0.11775993,0.052828033,1,0.1157059445977211
6dbcb22316e36c1274c00aa7,301106.SZ,骏成科技,2024-06-15,0.17369649,-0.36244592,-0.017223902,-0.10572004,0.6205566,-0.19730431,4,0.6205565929412842
d2ba37f8848ddf9232b3bc4b,301109.SZ,军信股份,2024-06-30,-0.18110916,0.37071753,-0.10828242,0.0013711173,-0.38084224,0.1302122,1,0.37071752548217773
bf4b259007a52b3660fb3121,301122.SZ,采纳股份,2024-06-15,0.037420426,-0.20291598,0.013814107,0.42450768,0.15828039,-0.13925296,3,0.42450767755508423
aec9990cfc7f9f60286df8be,301125.SZ,腾亚精工,2024-06-15,0.24840216,-0.30421403,0.1497467,-0.18515646,0.38499287,-0.15896094,4,0.3849928677082062
3de929cda1cab29388751f92,301137.SZ,哈焊华通,2024-06-15,0.28305164,-0.43501475,0.33058086,-0.12317034,0.366956,-0.20037712,4,0.3669559955596924
b11a8d7d7576aa0e187edb6f,301163.SZ,宏德股份,2024-06-15,0.6253473,-0.5077078,0.24835965,-0.201826,0.4797213,-0.1967265,0,0.6253473162651062
391a5ceb3d27d564ff7b8f67,301165.SZ,锐捷网络,2024-06-30,0.024415135,0.21561652,-0.31285384,0.004439219,0.05740463,-0.017216552,1,0.21561652421951294
b75905a14aa8f9a0782a7149,301175.SZ,中科环保,2024-06-15,-0.14168322,0.39495513,-0.10695623,-0.012342434,-0.37241125,0.12042616,1,0.3949551284313202
7978ab063b29f216455d2872,301206.SZ,三元生物,2024-06-30,-0.11171829,-0.13772233,0.18665737,0.4367407,-0.15444246,-0.058910437,3,0.4367406964302063
26877202b02669d49b7923e9,301212.SZ,联盛化学,2024-06-15,0.052751783,-0.44503573,0.62093884,0.16132505,0.09254928,-0.1546908,2,0.6209388375282288
655b95b1a824f4dd0d058d5d,301216.SZ,万凯新材,2024-06-15,0.04468101,-0.4296492,0.6713257,0.019081153,0.09324515,-0.12705132,2,0.67132568359375
c520cdff380ccd4c79fbe536,301218.SZ,华是科技,2024-06-30,-0.13984059,0.6380902,-0.5173946,-0.0689908,-0.23758414,0.117458805,1,0.638090193271637
5d0a7a995e7f645c778bbd96,301227.SZ,森鹰窗业,2024-06-15,0.035396323,-0.035917863,0.1245638,-0.08163711,0.021525163,0.0021711064,2,0.1245637983083725
4aa5294713c532987c01eab9,301229.SZ,纽泰格,2024-06-15,0.27487063,-0.43351814,0.22551048,-0.27160135,0.55610996,-0.16233602,4,0.5561099648475647
782b41fafe4255fd2d402de7,301238.SZ,瑞泰新材,2024-06-15,0.21157146,-0.4907401,0.517151,-0.09075182,0.35562825,-0.19706146,2,0.5171509981155396
05485de9783cbeb2b20713ba,301256.SZ,华融化学,2024-06-30,0.0734418,-0.3802744,0.5468642,0.06426046,0.057264183,-0.14613718,2,0.5468642115592957
2055a198cfaf40c3cfdff585,301268.SZ,铭利达,2024-06-15,0.2675054,-0.4581209,0.26819584,-0.23039988,0.5222784,-0.17841753,4,0.5222784280776978
636fe2961f9df7756de7d9a7,301279.SZ,金道科技,2024-06-15,0.22300595,-0.23305532,0.19608238,-0.18704739,0.25373012,-0.119026996,4,0.2537301182746887
f1897f7535fe9e19c11aef59,301282.SZ,金禄电子,2024-06-30,0.27950576,-0.47793218,0.1538023,-0.26277643,0.6966713,-0.22974288,4,0.6966713070869446
84f26ebf23158696fa16582e,301313.SZ,凡拓数创,2024-06-15,-0.06784155,0.20964815,-0.19057682,-0.04365388,-0.07462295,0.05005197,1,0.20964814722537994
e29eaefd47a976ba932487c1,301330.SZ,熵基科技,2024-06-28,0.043305665,0.16161342,-0.2568746,-0.008769899,0.11351338,-0.0457922,1,0.16161341965198517
02389fc6b312a43c9c8347f8,301373.SZ,凌玮科技,2024-06-15,0.15885726,-0.51618993,0.628153,-0.008014737,0.25995132,-0.20201716,2,0.6281530261039734
c4d8ca14aa6b6db4cb6a40d4,301381.SZ,赛维时代,2024-06-30,-0.23427136,0.27981988,-0.21213125,0.09176354,-0.22522828,0.1486181,1,0.27981987595558167
67074a7b0d1cf7a906feefd9,301500.SZ,飞南资源,2024-06-30,-0.04330418,-0.008435288,0.22656065,0.0029919595,-0.16746044,-0.0037502944,2,0.22656065225601196
84e97d3c83b8e3773f5599dc,601956.SH,东贝集团,2024-06-30,0.1829713,-0.23344053,0.17641217,-0.1366064,0.2617112,-0.09928779,4,0.2617112100124359
b643febe1ef92231d6e97c97,603071.SH,物产环能,2024-06-30,-0.024222517,0.099704,-0.030482845,-0.013813261,-0.11621254,0.03958592,1,0.09970399737358093
4f46678868b211847d78563b,603280.SH,南方路机,2024-06-15,0.11574745,-0.09886513,0.17602375,-0.116248265,0.043439362,-0.03788229,2,0.17602375149726868
ad20cc4285e8dca5411e4f77,603402.SH,陕西旅游,2024-06-15,-0.17351435,0.24723381,-0.13767463,0.031919435,-0.2574036,0.10505314,1,0.2472338080406189
5c65b078dc5409983ea4ba75,688032.SH,禾迈股份,2024-06-15,0.6660107,-0.16959098,-0.12834233,-0.09860736,0.35418183,-0.15032326,0,0.6660106778144836
20bc0a5aa5aa41c3d520d716,688062.SH,迈威生物-U,2024-07-01,-0.20458367,0.09106518,-0.16432703,0.5409912,-0.24240957,0.052348476,3,0.5409911870956421
844b741744beb9f8e93bb984,688102.SH,斯瑞新材,2024-06-30,0.10981099,-0.25912964,0.20690368,-0.06610861,0.18060172,-0.09964576,2,0.20690368115901947
6cbc6d79b5a6886c535e8b82,688103.SH,国力电子,2024-06-15,0.33917925,-0.4426626,0.09634966,-0.22032318,0.6659082,-0.2451719,4,0.6659082174301147
41c83a9e96bace858f1cadb6,688105.SH,诺唯赞,2024-06-30,-0.044691853,-0.12849209,0.010886201,0.3826302,0.0046931095,-0.064899236,3,0.38263019919395447
916026d852e229917b32dd8f,688119.SH,中钢洛耐,2024-06-30,0.09987042,-0.21922669,0.27429783,-0.07439965,0.09316291,-0.079653315,2,0.274297833442688
1ab43effbcf0668d619b5f00,688151.SH,华强科技,2024-06-30,0.056901082,-0.08715466,-0.024669843,0.121020645,0.1595497,-0.10834607,4,0.15954969823360443
e95d1dab6a4a159e01284951,688162.SH,巨一科技,2024-03-25,0.2726641,-0.20095396,-0.0690974,-0.26581404,0.48205578,-0.14523605,4,0.48205578327178955
c2a1293ec9ddfaa646fff17c,688187.SH,时代电气,2024-06-30,0.19811815,-0.055587526,-0.03754484,-0.17024557,0.20274913,-0.07562724,4,0.2027491331100464
aaf1c6ef0e574a8f44893f58,688210.SH,统联精密,2024-06-15,0.18836644,-0.4891537,0.16770938,-0.15959935,0.6222663,-0.18168864,4,0.6222662925720215
3b3d738c64986d1b8009b27b,688212.SH,澳华内镜,2024-06-30,0.06604086,-0.08803666,-0.17939115,0.31564075,0.24709561,-0.13202204,3,0.31564074754714966
84efd997759d3d9f20b4d406,688220.SH,翱捷科技-U,2024-03-15,0.12372893,-0.110918656,-0.21534926,-0.116163686,0.45257863,-0.114054136,4,0.4525786340236664
d7ba2ba9ad479f525b377854,688236.SH,春立医疗,2024-06-15,-0.008028747,-0.096370146,-0.08792685,0.41523564,0.09657076,-0.09320785,3,0.41523563861846924
f5bfab1d3afe0511b041b62c,688262.SH,国芯科技,2024-06-15,0.015627801,-0.023390613,-0.02982657,-0.019252012,0.06328848,-0.020536926,4,0.06328848004341125
6891f27ef3293dbd9ed8cfbd,688265.SH,南模生物,2024-06-15,-0.21051253,0.17964612,-0.18694073,0.37570792,-0.21991304,0.076619156,3,0.3757079243659973
83e9735e9a0a34ffc889a82e,688282.SH,理工导航,2024-03-25,0.094536684,-0.025858836,-0.13456953,-0.13949975,0.28976312,-0.109528385,4,0.28976312279701233
35aa90a2078051c47b999282,688285.SH,高铁电气,2024-06-15,0.107501425,0.047873132,-0.08503147,-0.15714665,0.09859882,-0.03330727,0,0.10750142484903336
2022fa27e7ed1abdd373e4ed,688711.SH,宏微科技,2024-06-30,0.30335614,-0.40717202,0.025007155,-0.20566058,0.63798976,-0.21701479,4,0.6379897594451904
15fa8f7d5c1847ec87743bdd,688737.SH,中自科技,2024-06-15,0.17884995,-0.37580088,0.28473127,-0.117125526,0.36113554,-0.17048302,4,0.3611355423927307
ca11a69673b453c5c8a95202,688800.SH,瑞可达,2024-06-15,0.25300774,-0.37008724,-0.044647038,-0.17345719,0.6731221,-0.21882094,4,0.6731221079826355
0b3d4b35837a62801b863118,003041.SZ,真爱美家,2024-06-15,-0.15825973,0.048834067,0.11593518,0.10397318,-0.19119507,0.073686555,2,0.11593517661094666
20c25cf79017be9c28fa5f61,301097.SZ,天益医疗,2024-06-15,0.035750847,-0.19442035,0.07371445,0.4199103,0.10660391,-0.12075523,3,0.4199103116989136
723d00213a1cbd4e76c26896,301107.SZ,瑜欣电子,2024-06-15,0.23913269,-0.20979954,-0.0013204478,-0.18880397,0.38568872,-0.123798,4,0.3856887221336365
3219ae7861b56e7d483cca57,301161.SZ,唯万密封,2024-06-15,0.16478485,-0.296474,0.25844437,-0.10221519,0.2516684,-0.13549818,2,0.2584443688392639
c4cfd11d9b1ef5482b650bff,301183.SZ,东田微,2024-06-15,0.16422515,-0.39844024,0.10415755,-0.11882634,0.55762815,-0.2038967,4,0.5576281547546387
3522dbeed04026ddcfdd6f03,301215.SZ,中汽股份,2024-06-30,-0.015962334,0.08330213,-0.12229244,-0.04302199,0.01877452,0.0041574463,1,0.08330213278532028
ecd5516954ce01b6a5c36049,301221.SZ,光庭信息,2024-06-30,0.081903964,0.13692755,-0.27781633,-0.1639916,0.24317737,-0.07989501,4,0.2431773692369461
6d49a16f0de8a90234f6657b,301223.SZ,中荣股份,2024-06-15,-0.07273724,-0.08368377,0.18393643,0.048426807,-0.016175583,-0.010595056,2,0.18393643200397491
8b79a642d48d6270e72da55d,301230.SZ,泓博医药,2024-06-15,-0.16565855,0.07232021,-0.08601594,0.4323305,-0.18201758,0.015216706,3,0.43233048915863037
973cfcd3fe53a5e07adb1d43,301235.SZ,华康洁净,2024-06-15,-0.02963741,0.0828311,-0.15465468,0.19444956,-0.0050046165,-0.02126547,3,0.1944495588541031
aea8c9e39678d6915c7448a7,301236.SZ,软通动力,2024-06-15,-0.12903337,0.57442665,-0.5463398,-0.045869596,-0.16577637,0.11174142,1,0.5744266510009766
26b2687c97d4c7e53f2ee221,301262.SZ,海看股份,2024-06-30,-0.120765544,0.29084682,-0.2279046,0.05423364,-0.18545692,0.063150905,1,0.2908468246459961
55a0ae0665281eb60641312a,301270.SZ,汉仪股份,2024-06-15,-0.23885012,0.45409167,-0.28914574,0.109749615,-0.2908844,0.07480719,1,0.4540916681289673
f34a04c54ef600ee760e0188,301276.SZ,嘉曼服饰,2024-06-30,-0.24910404,0.29115278,-0.16766384,0.12596175,-0.29533726,0.11791794,1,0.2911527752876282
9ffad6b20fe5f7f0f3f5396d,301283.SZ,聚胶股份,2024-06-30,-0.022143783,-0.1342635,0.1810631,0.08572478,0.011484352,-0.0496878,2,0.18106310069561005
7c5caeeafea787e3b414dd7c,301293.SZ,三博脑科,2024-06-15,-0.25517458,0.42242455,-0.4251461,0.3045802,-0.3054368,0.19746765,1,0.4224245548248291
72fc22823837ca6f18394568,301300.SZ,远翔新材,2024-06-15,0.09225192,-0.42189285,0.5942054,0.012381563,0.105652936,-0.15956014,2,0.594205379486084
9823c37c356d0755ad3978dc,301318.SZ,维海德,2024-06-15,0.06063933,0.10199905,-0.27052876,-0.044279132,0.2115561,-0.06645672,4,0.2115561068058014
be6fecbd7d4bb4a967bd3157,301319.SZ,唯特偶,2024-06-15,0.2161787,-0.5460758,0.23498619,-0.09724997,0.63497114,-0.2486922,4,0.6349711418151855
cd036ae5dfe114b0bb8645b1,301349.SZ,信德新材,2024-06-15,0.15460695,-0.38545787,0.47768366,-0.0865454,0.18611445,-0.14525637,2,0.4776836633682251
77504da9eff76ecc9bd44525,301363.SZ,美好医疗,2024-06-30,0.090089634,-0.25903147,-0.03452839,0.2682938,0.3242347,-0.14941747,4,0.3242346942424774
3e17f66e34419631bf18e6fa,301366.SZ,一博科技,2024-06-15,0.1243858,-0.048683397,-0.27614415,-0.21172285,0.4697808,-0.10047628,4,0.4697808027267456
a1af6974875a649e40be4eff,301367.SZ,瑞迈特,2024-06-15,-0.050553303,-0.024026927,-0.18138412,0.34853208,0.08387035,-0.0600764,3,0.3485320806503296
b32152a3249a71d5e3aa7d24,301468.SZ,博盈特焊,2024-06-30,0.29857454,-0.38371715,0.34454188,-0.23282336,0.38662556,-0.18269089,4,0.3866255581378937
91fc188e2b1af839aebd77d2,600927.SH,永安期货,2024-06-30,-0.14059189,0.25194502,-0.124456085,0.054566346,-0.26391602,0.098774284,1,0.25194501876831055
186a46f7553345dac79476e9,601059.SH,信达证券,2024-06-30,-0.23119192,0.43877804,-0.28376925,0.06313984,-0.37205136,0.1648247,1,0.4387780427932739
8caeaca7e86c828874c451ee,601728.SH,中国电信,2024-06-30,-0.06751786,0.17568116,-0.15353972,-0.011457988,-0.105200544,0.058862768,1,0.17568115890026093
404785e987b2288ebb931ba9,603048.SH,浙江黎明,2024-06-15,0.24827085,-0.49468544,0.27625147,-0.22599906,0.55769825,-0.19595157,4,0.5576982498168945
f0ee7ed67a54eb2957dcbe2d,603122.SH,合富中国,2024-06-15,-0.16173841,0.2202272,-0.20196004,0.19905452,-0.19157675,0.06570562,1,0.2202271968126297
dbd2066074c464b167ab7e04,603176.SH,汇通集团,2024-06-15,-0.12299437,0.40516496,-0.19603549,-0.07431556,-0.33000094,0.12261399,1,0.4051649570465088
cd3e0f4e4812e6e58915113f,603209.SH,兴通股份,2024-06-15,-0.10735437,0.15873747,-0.020193765,0.012731053,-0.21705472,0.053441618,1,0.15873746573925018
8562899d9cbc28fa09655700,603215.SH,比依股份,2024-06-30,0.028345248,-0.09488562,0.05876971,-0.009348518,0.17535482,-0.037203256,4,0.17535482347011566
7b88106ed5a68340d1e8042d,603230.SH,内蒙新华,2024-06-15,-0.17992187,0.25243592,-0.13244602,0.032347586,-0.27102,0.112723656,1,0.25243592262268066
ae7bd5f402dfafb61dd17664,688045.SH,必易微,2024-06-15,0.20763801,-0.279255,-0.05545924,-0.16070333,0.5541601,-0.17409997,4,0.5541601181030273
483b84d9c4586fb7d9f6866e,688049.SH,炬芯科技,2024-03-15,0.13401434,-0.18305098,-0.13409966,-0.11098512,0.5053968,-0.15421487,4,0.5053967833518982
0f94f36c5c756e58ee82b30b,688107.SH,安路科技,2024-06-30,0.05881277,-0.18320216,-0.13390563,-0.067687,0.43553475,-0.11519745,4,0.4355347454547882
41ac94693474e9f0b9a6fda6,688121.SH,卓然股份,2024-06-30,0.2302395,-0.3625129,0.3635235,-0.11328282,0.26758763,-0.136054,2,0.3635235130786896
97097b71047ac7f930355055,688167.SH,炬光科技,2024-06-30,0.1482143,-0.27987856,0.011842219,-0.12652338,0.4460028,-0.16361596,4,0.4460028111934662
213bedc6b6b5315b2e7a31d1,688190.SH,云路股份,2024-06-30,0.19756216,-0.3298575,0.23761833,-0.110137016,0.2891007,-0.14264858,4,0.289100706577301
f1939c65cd502684884f02ab,688192.SH,迪哲医药-U,2024-06-15,-0.17658573,0.07028556,-0.19464296,0.54845995,-0.17881456,0.020898525,3,0.5484599471092224
02846c55edcb40261691ee3b,688197.SH,首药控股-U,2024-06-30,-0.26603734,0.17472404,-0.22462256,0.6193497,-0.3086238,0.04938397,3,0.6193497180938721
4a142e4eaebe4d764c882ab7,688225.SH,亚信安全,2024-06-30,-0.06473711,0.4152199,-0.47639894,0.03137259,-0.033937924,0.0049395487,1,0.41521990299224854
7762b727bccdc9bae2d306ed,688230.SH,芯导科技,2024-06-15,0.18566759,-0.35851002,-0.017154716,-0.1288905,0.6067943,-0.1836798,4,0.6067942976951599
44f6648a539a32d35473c409,688235.SH,百济神州-U,2024-06-15,-0.22333421,0.11111295,-0.19615135,0.5502833,-0.24043187,0.047021613,3,0.5502833127975464
b2391db74d7796a3cf4f4bab,688272.SH,富吉瑞,2024-06-15,0.10761559,-0.07703201,-0.1466333,-0.15708362,0.37894267,-0.121962294,4,0.37894266843795776
ef14a059921d2bbbbd2841a2,688281.SH,华秦科技,2024-03-25,0.071661815,-0.17044728,0.09112748,-0.09614054,0.20433107,-0.10923974,4,0.20433107018470764
1e4ac246a809293193270436,688349.SH,三一重能,2024-06-30,0.54072344,-0.021941632,-0.039783224,-0.13267204,0.070218235,-0.035254043,0,0.540723443031311
22ea95729b5b069ddbb7c915,688382.SH,益方生物-U,2024-06-15,-0.18466613,0.056885667,-0.14995526,0.55596006,-0.20981006,0.02727734,3,0.5559600591659546
61f64ab9395808aebaf2945f,688697.SH,纽威数控,2024-03-25,0.1510262,-0.21246076,0.07961393,-0.09268272,0.25480506,-0.104612626,4,0.2548050582408905
50cda8672d33bab780515a2e,688707.SH,振华新材,2024-06-30,0.24943654,-0.2700961,0.22009507,-0.04693431,0.11503767,-0.07416257,0,0.24943654239177704
a585c0c8ec6ab4df1284af15,001258.SZ,立新能源,2024-06-30,-0.09107223,0.23301443,-0.09799442,-0.042172737,-0.2567537,0.099308304,1,0.23301443457603455
98506f41c851b6769c2d61d9,001268.SZ,联合精密,2024-06-30,0.1902195,-0.39055565,0.24683495,-0.21082178,0.39322224,-0.12612759,4,0.39322224259376526
ec837c0d289c09f534b1e830,300804.SZ,广康生化,2024-06-15,-0.086434826,-0.08182352,0.19365881,0.30009848,-0.15594527,-0.018974239,3,0.3000984787940979
43c9888230d8bf680dbe6af2,301132.SZ,满坤科技,2024-06-15,0.17563786,-0.34584433,0.106483474,-0.1566776,0.48918775,-0.1588119,4,0.48918774724006653
9846ba8beea9314b4af6225d,301156.SZ,美农生物,2024-06-15,-0.04097909,-0.07677233,0.11740668,0.20120686,-0.08174403,-0.02377829,3,0.20120686292648315
2f386a899264cb7d68ebd106,301157.SZ,华塑科技,2024-06-15,0.6443532,-0.056327287,-0.16082829,-0.18806352,0.28115204,-0.12695116,0,0.6443532109260559
f86ce05f6199cff32535cab6,301200.SZ,大族数控,2024-06-30,0.21261753,-0.38239193,0.056814104,-0.18898925,0.6265637,-0.21911298,4,0.6265637278556824
23778347d7ad4f35efe85005,301209.SZ,联合化学,2024-06-15,-0.029587694,-0.19304308,0.32199895,0.08738984,-0.05480394,-0.05674065,2,0.3219989538192749
8790148031f3f583c9bf10e1,301260.SZ,格力博,2024-06-15,0.11010275,0.091813296,-0.12427217,-0.117439106,0.11330873,0.0111334855,4,0.11330872774124146
748c3997e359b7372df3493b,301288.SZ,*ST清研,2024-06-30,0.122420885,-0.005255187,-0.20368785,-0.14418274,0.31717002,-0.1108082,4,0.31717002391815186
35b9cfdefefd4f0fd7f0103e,301289.SZ,国缆检测,2024-06-15,0.07782054,0.11140296,-0.15504138,-0.12305019,0.09452029,-0.028638218,1,0.1114029586315155
5c7eb68627a96496c3bd9cd4,301308.SZ,江波龙,2024-06-15,0.10093659,-0.16843294,-0.12682591,-0.14305025,0.4527298,-0.115720704,4,0.4527297914028168
d58488cad3e6d43db1b27637,301312.SZ,智立方,2024-06-15,0.27052638,-0.20545264,-0.16178319,-0.19308333,0.58323133,-0.1884256,4,0.5832313299179077
2ffe13761b77e2103fdde4fb,301314.SZ,科瑞思,2024-06-15,0.33152533,-0.5023661,0.16371557,-0.18995872,0.69058186,-0.25540656,4,0.6905818581581116
fae2c69b2af331f316ea1581,301317.SZ,鑫磊股份,2024-06-15,0.2544511,-0.30010152,0.24958426,-0.17818058,0.3041937,-0.14532302,4,0.3041937053203583
a25f28d65abaf2b0a0aecc01,301320.SZ,豪江智能,2024-06-15,0.55459356,-0.19740677,-0.07546816,-0.12853797,0.35798603,-0.15544435,0,0.554593563079834
b7be23855d4cede0eebd04ab,301322.SZ,绿通科技,2024-06-15,0.043790195,-0.006831634,-0.027087864,-0.044832643,0.06727636,-0.022727787,4,0.06727635860443115
3dab8caf5a1ac8aee488e897,301326.SZ,捷邦科技,2024-03-25,0.27181306,-0.5389238,0.2401054,-0.22763054,0.67295015,-0.22065529,4,0.6729501485824585
5e6e4eba540fc1cd1fa74383,301328.SZ,维峰电子,2024-06-15,0.31673765,-0.47623342,0.09833002,-0.21242522,0.6936495,-0.235809,4,0.6936494708061218
f3ee1298158c246f32f2665b,301355.SZ,南王科技,2024-06-15,-0.12848681,-0.0042492803,0.14153165,0.07133132,-0.099219956,0.016843185,2,0.14153164625167847
0a4c9a9fbd9c318131c297cc,301357.SZ,北方长龙,2024-06-15,0.10527547,-0.2053267,0.15280491,-0.16121295,0.2578683,-0.11351213,4,0.25786828994750977
3275283b87d4a12450e2b969,301359.SZ,东南电子,2024-06-15,0.27983716,-0.45132524,0.1026621,-0.17356999,0.6784005,-0.22716582,4,0.6784005165100098
20f28bc8efe177dd6fe188fc,301365.SZ,矩阵股份,2024-06-15,-0.2181631,0.4642568,-0.2993453,-0.06318907,-0.29160804,0.20481226,1,0.46425679326057434
abe42871c9728700576c90e0,301379.SZ,天山电子,2024-06-30,0.059877645,-0.15294242,-0.033447772,-0.12568453,0.3140617,-0.063800566,4,0.31406170129776
9165b2ad599c025443aef5b0,301399.SZ,英特科技,2024-06-15,0.30521953,-0.38215664,0.19005945,-0.26651764,0.5387641,-0.19466932,4,0.5387641191482544
ff569e697a0b4c676389adc2,301408.SZ,华人健康,2024-06-30,-0.2532137,0.33866635,-0.24798726,0.1822769,-0.3176291,0.11751991,1,0.3386663496494293
6b157dec2915e8a8c0a90c92,301413.SZ,安培龙,2024-06-15,0.2476576,-0.34224352,0.06574798,-0.17308709,0.51846516,-0.19568267,4,0.5184651613235474
f619d88ca9e39023cdee94a3,301486.SZ,致尚科技,2024-06-30,0.24874963,-0.3959193,0.035182737,-0.26946816,0.69390076,-0.21009116,4,0.6939007639884949
ebd0d48b3c35c8ab266fec76,603070.SH,万控智造,2024-06-15,0.7984543,-0.37129202,0.15764669,-0.36590084,0.4196765,-0.15723085,0,0.7984542846679688
3720a744a620cf3ffd5d004a,603132.SH,金徽股份,2024-06-30,-0.07085454,-0.01676711,0.11890949,0.019345803,-0.1291861,0.019131375,2,0.11890949308872223
4ddaf93f984c4e858e81d424,603182.SH,嘉华股份,2024-06-15,-0.12042278,-0.1108139,0.19250326,0.40319055,-0.19882013,-0.015603413,3,0.403190553188324
44bd770118a9265aca2f7591,603219.SH,富佳股份,2024-06-30,0.13081199,-0.09155041,0.018118087,-0.124458954,0.23908381,-0.049478605,4,0.23908381164073944
658ccdc6d1f7aeefa41b9ca7,603237.SH,五芳斋,2024-06-15,-0.27975953,0.106900245,0.019027773,0.3461424,-0.32209182,0.12390173,3,0.34614241123199463
fa1f95926ed922cb215edd0c,688052.SH,纳芯微,2024-03-15,0.24320528,-0.3731485,-0.026569452,-0.16156878,0.6360072,-0.21226706,4,0.6360071897506714
f33d9da4fc9e3e1e2a8863ae,688053.SH,ST思科瑞,2024-06-30,0.046241306,-0.06200029,-0.18479982,-0.10561545,0.3463494,-0.114846095,4,0.3463493883609772
4470d4d6f6b5a540f243947f,688150.SH,莱特光电,2024-06-30,0.12482331,-0.40470272,0.24051444,-0.07243933,0.41103762,-0.17857768,4,0.4110376238822937
4c368b98addbc0a1b73113ae,688173.SH,希荻微,2024-06-30,0.22428237,-0.30431086,-0.072101854,-0.16891392,0.588977,-0.18782385,4,0.5889769792556763
9d3a163eb506d915caf28e82,688175.SH,高凌信息,2024-03-20,0.060057838,0.14827079,-0.2865175,-0.08693123,0.17354606,-0.06735711,4,0.17354606091976166
0c9527bd9bdfd752b945674c,688176.SH,亚虹医药-U,2024-06-30,-0.1683798,0.045096334,-0.13792364,0.63754416,-0.22066355,-0.007189233,3,0.6375441551208496
c13594013982f2ba5785ebec,688209.SH,英集芯,2024-06-15,0.18862,-0.2293019,-0.1271115,-0.1666509,0.54948515,-0.15681134,4,0.5494851469993591
76bb55a2300ddf72894cd082,688234.SH,天岳先进,2024-06-15,0.17665942,-0.4169203,0.21698894,-0.15183488,0.44392553,-0.1709311,4,0.44392552971839905
a77e3d42ab249310c03aaf31,688237.SH,超卓航科,2024-06-15,0.015913595,-0.04685976,0.06728933,-0.08215741,0.07836655,-0.060799845,4,0.07836654782295227
455247a242711e27db5e2905,688238.SH,和元生物,2024-06-30,-0.16098547,0.14006603,-0.2045104,0.45199224,-0.157257,0.034725145,3,0.4519922435283661
bc725ba7fcf9d758aa79c42d,688247.SH,宣泰医药,2024-03-25,-0.21183042,0.024396382,-0.09491299,0.56369185,-0.18386081,0.03069073,3,0.5636918544769287
9ea5790e60643dec33522a08,688248.SH,南网科技,2024-03-15,0.4777335,0.1885311,-0.29623783,-0.14963569,0.04297903,-0.01791336,0,0.4777334928512573
b00b9e084de8de0140e383ff,688249.SH,晶合集成,2024-03-15,0.09343509,-0.34228635,0.10895884,-0.112878904,0.47017816,-0.16495639,4,0.47017815709114075
58e3434679b49f7869011e4d,688283.SH,坤恒顺维,2024-06-15,0.12027819,-0.074969284,-0.13226834,-0.0050023617,0.2901042,-0.12968622,4,0.2901042103767395
dc3d3a6bbf078222bcb3792e,688302.SH,海创药业-U,2024-06-15,-0.15486613,0.002910357,-0.10847473,0.5340328,-0.15081915,-0.016079824,3,0.5340328216552734
3ea74533dde762f3ede62710,688332.SH,中科蓝讯,2024-06-15,0.101227626,-0.1631584,-0.19199571,-0.060418766,0.48731384,-0.15155824,4,0.487313836812973
0b960f7bce04e402303fcaf9,688337.SH,普源精电,2024-03-25,0.15314057,-0.16331033,-0.14643891,-0.016011572,0.40660304,-0.15721959,4,0.40660303831100464
8f14acd6ff1314e7e7c12208,001228.SZ,永泰运,2024-06-30,-0.16502595,0.24610567,-0.039501417,0.058755554,-0.29429203,0.07996527,1,0.24610567092895508
f17d81250c20a1cce3f68c88,001230.SZ,劲旅环境,2024-06-15,-0.24053733,0.51956713,-0.27897975,-0.030911358,-0.38560677,0.17417954,1,0.5195671319961548
ff1643426eb5e46430e23e2b,001259.SZ,利仁科技,2024-06-30,-0.07982144,0.10857445,-0.091311164,0.0017786846,-0.008260533,0.09410115,1,0.10857445001602173
608cf5284169a9c66493ee31,001266.SZ,宏英智能,2024-06-30,0.24413739,-0.14125091,-0.08244314,-0.17423573,0.36123288,-0.11627123,4,0.3612328767776489
7be6fc1076b679ae456009c0,001283.SZ,豪鹏科技,2024-06-30,0.62731975,-0.29743153,0.040294833,-0.19327477,0.40464807,-0.15067776,0,0.6273197531700134
bd9a85e92e8f6ceb857294e2,001298.SZ,好上好,2024-06-30,0.0364256,-0.06211964,-0.18799429,-0.07256116,0.32809272,-0.06609877,4,0.3280927240848541
e475e3ac5cd6a6c3679460c3,001308.SZ,康冠科技,2024-06-30,0.02179557,0.0033423258,-0.20677097,-0.13363111,0.3242987,-0.026082542,4,0.3242987096309662
1e7ca68fe02ef6b8009b9fe5,001309.SZ,德明利,2024-06-15,0.16941264,-0.2320452,-0.076439396,-0.21579841,0.5263687,-0.14797719,4,0.5263686776161194
a0470171c2d8e82ba9360884,001311.SZ,多利科技,2024-06-30,0.22164634,-0.4231647,0.24489373,-0.25830713,0.49312168,-0.14110753,4,0.4931216835975647
53045111b1df43f5290e3740,001318.SZ,阳光乳业,2024-06-15,-0.17705618,0.16120589,-0.059814226,0.110715166,-0.23728922,0.095773384,1,0.16120588779449463
ff8ae543151bd9f1a3d05cd3,001323.SZ,慕思股份,2024-06-30,-0.086700924,0.062064476,-0.01607825,0.040548615,-0.0053006783,0.048245274,1,0.06206447631120682
ff39bbeb6b902bab157324b0,301115.SZ,联检科技,2024-06-15,-0.10992437,0.11527025,-0.10546394,0.01848375,-0.112548314,0.048096344,1,0.11527024954557419
0a09a6ace7dcc51c7d03f740,301195.SZ,北路智控,2024-06-15,0.1549077,0.18290722,-0.22189784,-0.09968527,0.085616596,-0.071640156,1,0.18290722370147705
d264b8048359a439cbb7a95d,301205.SZ,联特科技,2024-06-15,0.140135,-0.0607432,-0.09322357,-0.124268256,0.30924642,-0.107322946,4,0.3092464208602905
bc85143f7e8368892ce11604,301269.SZ,华大九天,2024-06-30,-0.0076217167,0.02124544,-0.17881875,-0.03878838,0.22629353,-0.07931372,4,0.22629353404045105
8a62ad4e70eb8111e96d6537,301281.SZ,科源制药,2024-06-15,-0.15506658,-0.06516842,0.022196827,0.6569434,-0.1992496,-0.03775531,3,0.6569433808326721
a84f7e8983f822a29dcfb683,301309.SZ,万得凯,2024-06-15,0.17206094,-0.29105127,0.27323315,-0.07449781,0.24320774,-0.1141296,2,0.2732331454753876
c50617d51d4e5500d28d0fdc,301311.SZ,昆船智能,2024-06-15,0.028529488,0.01508002,-0.12155931,-0.06283701,0.12172266,-0.024957659,4,0.12172266095876694
80547da402b517e9ed321a40,301327.SZ,华宝新能,2024-06-30,0.405506,0.04469383,-0.18568498,-0.10592481,0.09867107,0.058482993,0,0.4055060148239136
ff5f73753192b4552a8f20df,301332.SZ,德尔玛,2024-06-15,-0.0014810599,0.13397384,-0.13659382,-0.06605992,0.04004094,0.08910782,1,0.1339738368988037
ff1582f9fd1e1e4860a1610d,301361.SZ,众智科技,2024-06-15,0.57016385,-0.12434845,-0.08422899,-0.18999654,0.26144278,-0.1403465,0,0.5701638460159302
4517231d7fcd911b164ad45a,301387.SZ,光大同创,2024-06-15,0.21360166,-0.4142371,0.085842155,-0.24519135,0.6400029,-0.18706852,4,0.6400029063224792
c9fd9c929391ba218b74ac35,301429.SZ,森泰股份,2024-06-15,0.027847465,-0.1683655,0.27623656,-0.05606522,0.039543882,-0.0417435,2,0.27623656392097473
dff37b5510601b4aff2fc92d,301519.SZ,舜禹股份,2024-06-15,-0.029288106,0.41328096,-0.30665687,-0.11109929,-0.15249184,0.079160556,1,0.4132809638977051
fb2951db69b756b0805ee132,301551.SZ,无线传媒,2024-06-15,-0.13749537,0.37410095,-0.2766511,-0.013751281,-0.24497649,0.09925782,1,0.3741009533405304
63d713e69fcb30d4dbf3aa89,301567.SZ,贝隆精密,2024-06-15,0.17522271,-0.4573973,0.18208383,-0.19166376,0.60561556,-0.17397958,4,0.6056155562400818
cab90b2076562e766202baec,603051.SH,鹿山新材,2024-06-30,0.116998166,-0.4373828,0.48400736,-0.10595897,0.2334134,-0.13092369,2,0.4840073585510254
5853d8157d5e0d6985470d28,603325.SH,博隆技术,2024-06-15,0.09563401,-0.10928227,0.113929935,-0.07535105,0.0767741,-0.04948349,2,0.11392993479967117
d73e76a4106742cff23d4d73,603418.SH,友升股份,2024-06-15,0.26977214,-0.5180239,0.34583345,-0.26379964,0.5354977,-0.15999022,4,0.5354977250099182
2b8bd8bfe5b56f31b5faba2b,688048.SH,长光华芯,2024-06-30,0.23475885,-0.446368,0.12866965,-0.13911755,0.5982133,-0.23167345,4,0.5982133150100708
738e8299bc30f193d4a57746,688153.SH,唯捷创芯,2024-06-30,0.08193958,-0.17786905,-0.07858746,-0.08126758,0.38074657,-0.1019622,4,0.3807465732097626
779ae9f87811e6fd4245dc06,688170.SH,德龙激光,2024-06-30,0.21452309,-0.47469676,0.17211297,-0.11486255,0.59374756,-0.22470021,4,0.5937475562095642
e8ed9ce0e7441b1679d13ea6,688193.SH,仁度生物,2024-06-15,-0.13227455,0.057633568,-0.2047496,0.48666847,-0.043119565,-0.028288987,3,0.4866684675216675
5c0d4118baa94d6c822512f7,688206.SH,概伦电子,2024-03-25,0.034342762,-0.11031866,-0.07757164,-0.04815752,0.30653265,-0.092159554,4,0.3065326511859894
e2e54231c6cbbe5321686c64,688207.SH,格灵深瞳,2024-03-25,-0.09702473,0.44059625,-0.43986693,-0.018295474,-0.043713942,0.010156019,1,0.44059625267982483
0d3145c5420eda7cce5cd08f,688253.SH,英诺特,2024-06-15,-0.113549806,-0.0033017155,-0.15679927,0.5320121,-0.007822963,-0.068584636,3,0.5320121049880981
17c3208ffdeb1ffa22692a28,688261.SH,东微半导,2024-06-30,0.2660612,-0.37209636,-0.019191884,-0.1843253,0.6244472,-0.20600028,4,0.624447226524353
f7434fa1a2918a1a0cb823ca,688267.SH,中触媒,2024-06-30,0.085251264,-0.3586541,0.46344587,-0.0045187683,0.14685388,-0.14287014,2,0.46344587206840515
0a099bc5b85eb701fc921961,688279.SH,峰岹科技,2024-06-30,0.2861003,-0.3050337,-0.05520628,-0.188455,0.5863229,-0.19736208,4,0.5863229036331177
6c566dba7bb7370a3db4138d,688292.SH,浩瀚深度,2024-06-30,-0.018726068,0.054336593,-0.07849835,-0.0026619,-0.00975292,0.0018343762,1,0.05433659255504608
38bc6f8f606c44a33620594d,688295.SH,中复神鹰,2024-03-20,0.094617404,-0.2814258,0.31408322,-0.061826438,0.13443989,-0.09724811,2,0.3140832185745239
69a66fc3869b4b4e085e9ae5,688320.SH,禾川科技,2024-06-15,0.26825425,-0.20539078,-0.06386593,-0.16097572,0.44744354,-0.17419583,4,0.44744354486465454
f1e16e89b2e9271ca96fb115,688325.SH,赛微微电,2024-06-15,0.22336908,-0.28631175,-0.04707384,-0.14972092,0.5493969,-0.17330578,4,0.5493968725204468
d11a5df9f5cf2bf8a3457bb2,688331.SH,荣昌生物,2024-06-30,-0.17219701,0.053805232,-0.14986898,0.56837636,-0.20845802,0.009204052,3,0.568376362323761
11f366b8802d8a4a1f8814f3,688362.SH,甬矽电子,2024-06-30,0.14786193,-0.32407263,-0.011060548,-0.14187562,0.57382727,-0.17236377,4,0.5738272666931152
652b58174b927d04a177a8a4,688380.SH,中微半导,2024-06-15,0.17728293,-0.26579896,-0.100326434,-0.15230018,0.55971354,-0.16049434,4,0.5597135424613953
fe1a73bbc86d0e8700ce6fda,688400.SH,凌云光,2024-06-30,0.2289427,-0.21836863,-0.12137778,-0.16687375,0.5527714,-0.18307182,4,0.5527713894844055
b3f3724a95157df54b3fea1e,688401.SH,路维光电,2024-06-30,0.12376365,-0.41760215,0.15319711,-0.11039916,0.5140491,-0.18360747,4,0.5140491127967834
e450746efe2855b01acdc416,688522.SH,纳睿雷达,2024-03-20,-0.0029541848,0.18468818,-0.23354743,-0.036610276,0.06001293,-0.024666267,1,0.18468818068504333
3481874bb0a8dfcce93792a1,688729.SH,屹唐股份,2024-06-15,0.18552828,-0.39332905,0.08682679,-0.084046766,0.55355513,-0.20659316,4,0.5535551309585571
f583fb502f73fe69af480758,001222.SZ,源飞宠物,2024-06-30,-0.12017493,0.06007291,0.04369211,0.1145687,-0.12971544,0.032844815,3,0.11456870287656784
b0249b17e83b59f3ceb62dda,001226.SZ,拓山重工,2024-06-30,0.16234931,-0.27870014,0.23516408,-0.13396919,0.24140689,-0.111233145,4,0.2414068877696991
4ffda5bad6779bd0348938dc,001231.SZ,农心科技,2024-06-15,-0.14990729,0.05901771,0.04816293,0.26647192,-0.24191241,0.048986778,3,0.2664719223976135
f30caa69707df20828d04d67,001336.SZ,楚环科技,2024-06-15,0.11043182,-0.086831786,0.18646063,-0.049302645,0.063489914,-0.05841793,2,0.18646062910556793
eb5225e93a4fec0d34dc2696,001338.SZ,永顺泰,2024-06-30,-0.05041215,-0.037864957,0.09516968,0.0825554,-0.074795336,-0.0017354987,2,0.09516967833042145
b366b8534a635fb3dda2f6ed,300904.SZ,威力传动,2024-06-15,0.28763372,-0.14421888,0.06130872,-0.10606386,0.13481237,-0.07480919,0,0.2876337170600891
61ae39f215bae3421556cba0,301105.SZ,鸿铭股份,2024-06-15,0.18074884,-0.4073933,0.21483749,-0.08614836,0.47523966,-0.21314177,4,0.47523966431617737
101120fcf851c64b607c5b1b,301277.SZ,新天地,2024-06-15,-0.08810323,-0.11919111,0.10916205,0.4824797,-0.12622806,-0.047778144,3,0.48247969150543213
f85600412646e38362fbb541,301278.SZ,快可电子,2024-06-15,0.7556178,-0.4585441,0.16574845,-0.1929194,0.52161074,-0.24075574,0,0.7556177973747253
d638a8a4ae56e77665de0c81,301297.SZ,富乐德,2024-06-15,0.04328599,-0.20205486,0.019071609,-0.05830595,0.3521655,-0.13375059,4,0.35216549038887024
9d14f51ab8acf9425775340a,301303.SZ,真兰仪表,2024-06-15,0.122447625,0.040785767,-0.085325524,-0.07531117,0.14833707,-0.05862789,4,0.14833706617355347
8dd553824a2dcf46f5b3bd66,301315.SZ,威士顿,2024-06-15,0.06510139,0.20944604,-0.30203515,-0.12140563,0.14325778,-0.04882803,1,0.2094460427761078
1a2c62ba16f7bba9617f7f3b,301323.SZ,新莱福,2024-06-15,0.1256176,-0.24615973,0.15545568,-0.09068651,0.24079092,-0.103625484,4,0.24079091846942902
f27ac68a969f285e5713b4b2,301337.SZ,亚华电子,2024-06-15,-0.009119916,0.27535087,-0.36154073,0.087876625,0.035053622,-0.034897536,1,0.2753508687019348
63b99e48a34e24981cc6bb39,301360.SZ,荣旗科技,2024-06-15,0.30057722,-0.25061458,-0.09538704,-0.21255526,0.5943016,-0.20841442,4,0.5943015813827515
6c7d6eea9c10c32a9e86b8c8,301376.SZ,致欧科技,2024-06-15,-0.10330992,0.16976635,-0.118193604,0.011073239,-0.0917634,0.09148726,1,0.1697663515806198
ea3eebcc3fb7c043825143a9,301377.SZ,鼎泰高科,2024-06-15,0.21224003,-0.46457583,0.24880348,-0.08855181,0.50865245,-0.21814787,4,0.5086524486541748
dd7f01af203693e46de4aa58,301396.SZ,宏景科技,2024-06-15,-0.16599403,0.6242663,-0.51409304,-0.058543347,-0.22274129,0.12440654,1,0.6242663264274597
5c87aa55ce22f249a92e4185,301456.SZ,盘古智能,2024-06-15,0.65992624,-0.30108702,0.13367833,-0.16634019,0.30048072,-0.17332685,0,0.6599262356758118
6d20c85eabd4dd89c99ac664,301489.SZ,思泉新材,2024-06-25,0.2677543,-0.54393435,0.2650171,-0.24671836,0.6785346,-0.24006434,4,0.6785346269607544
e02704a23e9def462353e6af,301566.SZ,达利凯普,2024-03-15,0.18879443,-0.3685577,0.11406846,-0.13795562,0.49261734,-0.19702506,4,0.49261733889579773
63451087805686d0736cbdca,603061.SH,金海通,2024-06-15,0.13614294,-0.20277639,-0.04506006,-0.034955915,0.3692797,-0.118506014,4,0.3692797124385834
8708e31608b699be5457b15e,603097.SH,江苏华辰,2024-06-15,0.7804606,-0.1822513,0.044428565,-0.28220144,0.22355014,-0.108404465,0,0.7804605960845947
f9c9c81ab55073b7a8e91732,603173.SH,福斯达,2024-06-15,0.24205393,-0.28559762,0.21588299,-0.19680783,0.3168627,-0.1456748,4,0.31686270236968994
bdee52de8f711bdac068e203,603272.SH,联翔股份,2024-06-30,-0.15107353,-0.028546546,0.23183227,0.07893634,-0.12925135,0.06462298,2,0.23183226585388184
395b75a2dfb8e505b51f7ca3,688046.SH,药康生物,2024-06-15,-0.13485914,0.12022082,-0.1641831,0.3703164,-0.15352151,0.019672405,3,0.37031638622283936
e1da7aa46f66feba9b1e5ab8,688047.SH,龙芯中科,2024-06-30,-0.01851984,0.069043204,-0.31996796,0.0026254542,0.24752346,-0.042752825,4,0.2475234568119049
1d40da7e3ce75ea1e8a11057,688115.SH,思林杰,2024-06-30,0.17555606,-0.13975923,-0.16433676,-0.12712745,0.44574466,-0.14711581,4,0.44574466347694397
2d90bef591f60d2e594bf3c5,688125.SH,安达智能,2024-06-30,0.27385235,-0.38115326,0.09091933,-0.17058507,0.5931875,-0.21101466,4,0.5931875109672546
c42287f50314b8fc45ac1e17,688213.SH,思特威-W,2024-06-30,0.11477046,-0.19073182,-0.15689504,-0.12729442,0.5067827,-0.12770309,4,0.5067827105522156
89ad0196f06efc0b6b022248,688223.SH,晶科能源,2024-06-30,0.39165312,-0.18333982,0.11098543,-0.07329968,0.13102594,-0.048015885,0,0.3916531205177307
dd7f313b56c3d20915cd0f20,688231.SH,隆达股份,2024-06-30,0.12833534,-0.33589426,0.28076854,-0.07572204,0.22834575,-0.12656468,2,0.2807685434818268
f4cc58e3d7a7fbfccc7e71bc,688244.SH,永信至诚,2024-03-15,-0.11361368,0.4787668,-0.46951303,0.031708803,-0.11248239,0.04257001,1,0.4787667989730835
aad63d6576393382db12de38,688251.SH,井松智能,2024-06-15,0.07558562,0.0692829,-0.16704684,-0.06503671,0.117587656,-0.026372489,4,0.11758765578269958
09edb4f9093d40f5343aef72,688252.SH,天德钰,2024-03-20,0.13062549,-0.25120938,-0.119913444,-0.118607305,0.555532,-0.16273963,4,0.5555319786071777
9f6f4de1c1c0598b0a5d2a43,688270.SH,臻镭科技,2024-06-30,0.13955371,-0.15790482,-0.1131975,-0.16646624,0.45259884,-0.14813611,4,0.45259883999824524
09dd2600d65d11ebe4421dfc,688273.SH,麦澜德,2024-06-15,-0.07480663,0.06887757,-0.25329337,0.4016345,0.037008952,-0.011809312,3,0.4016345143318176
fcffd63522ad8a6357b5a376,688290.SH,景业智能,2024-06-15,0.34014985,-0.30879498,0.06237662,-0.23985785,0.53764904,-0.19921885,4,0.5376490354537964
a4137a6cff75175aa01f9c0c,688322.SH,奥比中光-UW,2024-06-15,0.14096022,-0.08481083,-0.26419532,-0.104339205,0.48865765,-0.13030247,4,0.4886576533317566
cbd3d109ce8cae188f1d0392,688326.SH,经纬恒润-W,2024-06-30,0.14043498,-0.051247995,-0.21045022,-0.20986761,0.39108205,-0.010468457,4,0.3910820484161377
89dbbc3b485441db47b0e397,688348.SH,昱能科技,2024-06-30,0.7242346,-0.20928623,-0.05868338,-0.1743713,0.3800797,-0.15947819,0,0.7242345809936523
814f9d0ee5e40b147f3c2f64,688351.SH,微电生理,2024-06-30,0.086217284,-0.09480788,-0.17654103,0.34881324,0.22320767,-0.12284301,3,0.3488132357597351
a4906ad8f08d94cdf895d417,688353.SH,华盛锂电,2024-06-15,0.1490885,-0.43190077,0.45438874,-0.023622513,0.23996937,-0.15167241,2,0.45438873767852783
c650c03e4ea5ccf98e553f28,688370.SH,丛麟科技,2024-06-15,-0.1755054,0.234447,-0.0061188918,0.046613093,-0.27411777,0.09585218,1,0.23444700241088867
7201945c769854749215bb8f,688420.SH,美腾科技,2024-03-25,0.13036068,-0.031028895,-0.07083471,-0.051632687,0.15929028,-0.06182089,4,0.15929028391838074
4818fe69eaf12e1f63f8dff6,688455.SH,科捷智能,2024-06-15,-0.052233864,0.18095765,-0.24220864,0.004845459,-0.018296592,0.10164734,1,0.1809576451778412
b38d5d176e1377c13977fc85,688472.SH,阿特斯,2024-03-15,0.42693263,0.008276209,-0.074584164,-0.10167445,0.015332828,0.007441014,0,0.4269326329231262
a53257241de72a35e1118239,688479.SH,友车科技,2024-06-15,-0.049910847,0.29671657,-0.34522718,-0.07902239,0.07863601,0.006358467,1,0.296716570854187
35ebe51a3d81f90f96aec805,688485.SH,九州一轨,2024-06-15,0.12792686,-0.010855963,-0.04591258,-0.14061971,0.16310799,-0.046429276,4,0.1631079912185669
d018e1f75aebcae2b4a3b9c9,688503.SH,聚和材料,2024-06-15,0.60040325,-0.59666544,0.41942477,-0.062395092,0.3813262,-0.22108461,0,0.6004032492637634
0a0cbba674a9c9850aa048a0,001229.SZ,魅视科技,2024-06-30,0.10112962,0.082605,-0.24329868,-0.05417329,0.20312567,-0.065240815,4,0.20312567055225372
5f05fbb9fb6b930af667c2f6,001238.SZ,浙江正特,2024-06-15,-0.014646366,-0.11271871,0.24222668,-0.023921328,0.020098846,-0.004990924,2,0.24222667515277863
34ac8510d5e2ca3ae7207ddc,001255.SZ,博菲电气,2024-06-30,0.7554933,-0.5805488,0.4390006,-0.2386224,0.4054077,-0.22287482,0,0.7554932832717896
d8ceb4e0c6b6f5ba85377709,001260.SZ,坤泰股份,2024-03-15,0.2534101,-0.44250804,0.24797288,-0.2370219,0.49637416,-0.178476,4,0.4963741600513458
5b10545c4a4aa6469b083b60,001270.SZ,*ST铖昌,2024-06-30,0.1390899,-0.26619595,0.004406286,-0.1631182,0.46614826,-0.15693614,4,0.4661482572555542
63f6934bc6c2c23844210edd,001300.SZ,三柏硕,2024-06-30,-0.037983313,-0.06455828,0.16941944,0.023345064,-0.020307213,-0.024808979,2,0.16941943764686584
364f078c05b21a34c9e2c6ef,001301.SZ,尚太科技,2024-06-30,0.43921727,-0.37556738,0.3594859,-0.104215786,0.17000122,-0.11833583,0,0.4392172694206238
cc4e31c144a461f567a6e3c9,001314.SZ,亿道信息,2024-06-15,0.17063737,-0.064372614,-0.2699553,-0.23164527,0.49984887,-0.101983786,4,0.499848872423172
19781813b946d0765ae2dd3e,001316.SZ,润贝航科,2024-06-30,-0.031936593,0.0051369257,0.0020706868,0.014648315,-0.017271405,-0.008137797,3,0.01464831456542015
c3b9a9292facccae32e176ee,001319.SZ,铭科精技,2024-06-30,0.22338735,-0.42953414,0.24496728,-0.27910715,0.51579565,-0.13295498,4,0.5157956480979919
b1e70bcbc31e4e503b251fb7,001322.SZ,箭牌家居,2024-06-30,-0.15455633,0.10942164,0.014470885,0.019581184,-0.121147715,0.09973158,1,0.10942164063453674
a2fbe1f95c6f9610efd9a7c6,001331.SZ,胜通能源,2024-06-15,-0.08957824,0.2633578,-0.08358557,-0.014648521,-0.28549993,0.083741754,1,0.2633577883243561
f7287012d8f5d7be484c1bad,001339.SZ,智微智能,2024-06-15,0.12525082,0.026801946,-0.20962587,-0.15728313,0.27784315,-0.07029743,4,0.2778431475162506
bd825901bea95e7c45e20df0,001366.SZ,播恩集团,2024-04-05,-0.09157904,0.019713838,0.071032286,0.16983543,-0.17881547,0.028116377,3,0.1698354333639145
ec7c6f8e4db2d26bdfa37fc8,301095.SZ,广立微,2024-06-30,0.048101,-0.1434587,-0.035052657,-0.08810957,0.33640474,-0.12333676,4,0.3364047408103943
4eab1a90cd0da213c86a8ed8,301151.SZ,冠龙节能,2024-06-15,0.2717565,-0.16461341,0.095181555,-0.17181936,0.24582748,-0.10997971,0,0.27175650000572205
0dd37ef37da595daef862767,301170.SZ,锡南科技,2024-06-15,0.2854475,-0.47624412,0.29109666,-0.24320309,0.5428249,-0.19869651,4,0.542824923992157
e558ae9b3b07be9de678f77e,301197.SZ,工大科雅,2024-06-15,-0.008007031,0.39340353,-0.2545881,-0.12167388,-0.1486425,0.038561963,1,0.3934035301208496
c7163a753a4eb735bc32325e,301246.SZ,宏源药业,2024-06-15,-0.0541721,-0.18123981,0.21332563,0.44494843,-0.12689428,-0.06593538,3,0.4449484348297119
63b2a4fc1aadbc09bc570772,301255.SZ,通力科技,2024-06-15,0.31940377,-0.3960712,0.15283628,-0.17695598,0.52238905,-0.20293388,4,0.5223890542984009
494d72c3e669b9d39578aade,301272.SZ,英华特,2024-06-15,0.29518607,-0.29325336,0.17409605,-0.16448383,0.38868672,-0.16401254,4,0.3886867165565491
b3f000c8efcc8fcb5a3e390e,301273.SZ,瑞晨环保,2024-06-15,0.26549166,-0.24640201,0.1971306,-0.19272877,0.27580783,-0.11057644,4,0.27580782771110535
fbb59b365956d0b9504278ab,301280.SZ,珠城科技,2024-06-15,0.31179005,-0.38739917,0.029305851,-0.30605605,0.6825707,-0.20607421,4,0.6825706958770752
367668b700bdadf5014c2f45,301306.SZ,西测测试,2024-06-30,0.020210564,0.051796474,-0.16625836,-0.071376525,0.13008094,-0.059250757,4,0.1300809383392334
a223177710a8e4d0594afda7,301307.SZ,美利信,2024-06-15,0.20262511,-0.31584507,0.16945244,-0.17507586,0.3767495,-0.13531163,4,0.3767494857311249
d50c392c302fc5f46ddc63ff,301316.SZ,慧博云通,2024-06-15,-0.12886553,0.5248741,-0.512722,-0.06551287,-0.12475995,0.104751825,1,0.5248740911483765
c12585f61bc0bc559253b58c,301329.SZ,信音电子,2024-06-15,0.2666542,-0.46321225,0.08165687,-0.18109867,0.708805,-0.2330814,4,0.7088050246238708
cbec29eb7f5be4694a1a6a46,301356.SZ,天振股份,2024-06-15,0.020463044,-0.15862297,0.3159358,-0.041056454,0.049358528,-0.031785008,2,0.31593579053878784
d3eb44d51b9e3e8673f419d5,301368.SZ,丰立智能,2024-06-15,0.24775247,-0.3563124,0.13254228,-0.17990474,0.4836958,-0.16278732,4,0.4836958050727844
ef7dbe7a8b7a816f79787055,301369.SZ,联动科技,2024-06-15,0.24370351,-0.32386133,-0.02527278,-0.13348712,0.6007063,-0.21088567,4,0.6007062792778015
0852de44bbed4566ad14d498,301386.SZ,未来电器,2024-06-15,0.7430628,-0.1874068,-0.08505559,-0.23571534,0.36700755,-0.16545673,0,0.7430627942085266
7cad4558b95f3537153922fc,301388.SZ,欣灵电气,2024-06-15,0.7349696,-0.5383333,0.24470553,-0.18225338,0.5325976,-0.2676653,0,0.7349696159362793
8275fe5bed05a7aa2b88c5ac,301389.SZ,隆扬电子,2024-06-15,0.2904039,-0.5751007,0.30050606,-0.21697555,0.6634312,-0.25164536,4,0.6634312272071838
56411548730d56f9880ed159,301397.SZ,溯联股份,2024-06-15,0.17973582,-0.2999769,0.09047672,-0.1735786,0.40793258,-0.12134747,4,0.4079325795173645
b40018fede09c38d8d46d313,301448.SZ,开创电气,2024-06-15,0.19486527,-0.20474306,0.07167052,-0.18349293,0.34951442,-0.07946276,4,0.3495144248008728
1c78cefe4806c0226b3e6dea,301488.SZ,豪恩汽电,2024-06-15,0.18258937,-0.23572393,-0.14261173,-0.17076045,0.59429395,-0.17966858,4,0.5942939519882202
0c1b7221579df7f3a507f996,301516.SZ,中远通,2024-06-15,0.7008946,-0.20799023,-0.13140509,-0.23300818,0.4297633,-0.16840108,0,0.7008945941925049
d056c8a0267c898dc4ab7ab4,301526.SZ,国际复材,2024-06-15,0.08825552,-0.2391673,0.24546145,-0.07356129,0.1224902,-0.077213764,2,0.24546144902706146
e114bfb9676270a0355f5eff,601089.SH,福元医药,2024-06-30,-0.2671839,0.13286135,-0.17437923,0.6397808,-0.33525887,0.080886886,3,0.6397808194160461
02be49e20382f6a45531a4fd,603057.SH,紫燕食品,2024-06-30,-0.26693907,0.19826402,-0.12812032,0.2806952,-0.31006464,0.17267288,3,0.28069519996643066
60ac161adc0a300cd1effcf4,603151.SH,邦基科技,2024-06-30,-0.09981851,-0.013749738,0.09347636,0.20334603,-0.1592684,0.010138881,3,0.20334602892398834
acc9aa62e7721e07820f0c25,603163.SH,圣晖集成,2024-06-15,0.09448907,0.023184843,-0.029926633,-0.058224693,0.1031164,-0.08168648,4,0.10311640053987503
debec2c65ae2831e9840639b,603170.SH,宝立食品,2024-06-30,-0.11390607,-0.08989523,0.15437914,0.3475464,-0.16082063,0.018104587,3,0.34754639863967896
2b70d3331949b27078e65384,603190.SH,亚通精工,2024-06-30,0.22131899,-0.46906665,0.3608954,-0.21445957,0.42614543,-0.15802513,4,0.42614543437957764
47377ad190404690ab139795,603191.SH,望变电气,2024-06-30,0.30196145,-0.05026628,0.017522467,-0.10711249,0.032460995,-0.018252652,0,0.3019614517688751
507203d6ffdb8eb5f9b245d9,603201.SH,常润股份,2024-07-01,0.23501398,-0.31254634,0.1708234,-0.16464135,0.38843328,-0.14439186,4,0.3884332776069641
4d3286d5ba6f5d6f91433aa4,603206.SH,嘉环科技,2024-06-15,-0.1544401,0.53331524,-0.47967863,-0.035532504,-0.24145582,0.16594839,1,0.5333152413368225
e2ba45f9911319a6aa7176ea,603211.SH,晋拓股份,2024-06-30,0.2794722,-0.5051514,0.33320853,-0.25533685,0.50329125,-0.14728434,4,0.5032912492752075
be7618cd8c4d03a7ad69d8ad,603235.SH,天新药业,2024-06-15,-0.07332234,-0.14146973,0.21706435,0.41231915,-0.179515,-0.029144678,3,0.412319153547287
898949ebaffa1eebe3e42d2d,603291.SH,联合水务,2024-06-30,-0.11038817,0.2706207,-0.14284244,-0.02374555,-0.24039367,0.10540943,1,0.2706207036972046
17627345ffe823fb4831dcc2,001216.SZ,华瓷股份,2024-06-30,0.21598718,-0.25575355,0.24822637,-0.13428855,0.17906862,-0.12117675,2,0.2482263743877411
02ee9df4c288275609dec43d,001333.SZ,光华股份,2024-06-15,0.1356778,-0.45879582,0.71807605,-0.06737174,0.108675726,-0.11368524,2,0.7180760502815247
391177a2499438a827d1be21,001400.SZ,江顺科技,2024-06-15,0.301319,-0.4644938,0.37718642,-0.31394342,0.47871703,-0.15021923,4,0.47871702909469604
d49c86780d1b23598e4a69ff,301176.SZ,逸豪新材,2024-06-30,0.13990588,-0.40955478,0.28207543,-0.11283666,0.34137776,-0.14734842,4,0.34137776494026184
7f254d3c02324c7d249bcbd0,301225.SZ,恒勃股份,2024-06-15,0.26533458,-0.40240067,0.2411424,-0.18063723,0.46664906,-0.19574556,4,0.46664905548095703
a75f530d735c13886202e95e,301285.SZ,鸿日达,2024-06-15,0.3270935,-0.46237123,0.085181594,-0.2690336,0.7114594,-0.23572241,4,0.7114593982696533
00de50dd69011b9a2268d1b6,301290.SZ,东星医疗,2024-06-15,0.09074767,-0.19413081,-0.020534078,0.3852499,0.20471403,-0.15367539,3,0.38524991273880005
45258deffc2d8a1147f5a922,301292.SZ,海科新源,2024-06-15,0.09917678,-0.41059107,0.5305732,0.02079758,0.14177854,-0.14993694,2,0.5305731892585754
35aca45c399791d9280ffb70,301301.SZ,川宁生物,2024-06-30,-0.12468471,-0.09790749,0.145525,0.41439682,-0.1659457,-0.029874688,3,0.41439682245254517
ae58eb8a58bc2eceb8120af9,301305.SZ,朗坤科技,2024-06-15,0.051275946,0.1957618,-0.14211509,-0.044869825,-0.01510633,-0.04786911,1,0.1957617998123169
ea36b7b9e47241e6c8d4eb28,301325.SZ,曼恩斯特,2024-06-15,0.2716799,-0.48916578,0.23827209,-0.17523462,0.58951664,-0.22053643,4,0.5895166397094727
bdc41b3f5db12dcc7b799246,301371.SZ,敷尔佳,2024-06-30,-0.14070396,0.06720924,-0.047544092,0.14160769,-0.12226358,0.02125446,3,0.14160768687725067
20570ec16d3e0fba9b553cbf,301378.SZ,通达海,2024-06-15,-0.20943604,0.6142462,-0.49871984,0.020562548,-0.27670565,0.11411465,1,0.6142461895942688
cfc60dc4a6cbbc503316bfa0,301391.SZ,卡莱特,2024-06-15,0.09374135,0.00084500015,-0.16403759,-0.11702903,0.2766732,-0.10002335,4,0.27667319774627686
d2a3e1fc57cfed2c3f4dd7dc,301555.SZ,惠柏新材,2024-06-15,0.26380807,-0.4742424,0.5987333,-0.15708616,0.28020048,-0.18679194,2,0.5987333059310913
c6ef5be72d1091863df2c2c2,301558.SZ,三态股份,2024-06-30,-0.24154726,0.35227364,-0.2547216,0.07988233,-0.28209743,0.18382187,1,0.3522736430168152
7f30f6fb85e5c512aa956ea2,600941.SH,中国移动,2024-03-25,-0.079524316,0.18577498,-0.16167995,-0.0031396458,-0.12070141,0.06500023,1,0.18577498197555542
fb13f6094886703c6749bfed,603153.SH,上海建科,2024-06-28,-0.047978446,0.20684229,-0.11691961,-0.045469,-0.13604411,0.059048273,1,0.20684228837490082
70e460932717e38d7cd8d4c7,603255.SH,鼎际得,2024-06-30,0.020239158,-0.3515659,0.46207565,0.08370036,0.06882521,-0.11042334,2,0.4620756506919861
780465e63610269623a02210,688072.SH,拓荆科技,2024-06-30,0.11353672,-0.29232693,0.07004507,-0.1023216,0.39360473,-0.14321509,4,0.39360472559928894
dad7bc502af8e00b3ca42d85,920010.BJ,凯添燃气,2024-03-15,-0.038647227,0.059833273,-0.03363328,-0.005443161,-0.06596664,0.023698727,1,0.05983327329158783
03a6913772dcf839786883d3,920021.BJ,流金科技,2024-06-15,-0.072579056,0.2568801,-0.26570907,-0.024594402,-0.06495292,0.013587173,1,0.25688010454177856
109653dad2243be3f808f4f3,920039.BJ,国义招标,2024-06-15,-0.18998213,0.4908431,-0.2851415,0.003045763,-0.36558357,0.13567017,1,0.4908430874347687
0e74eea0a8b806b87a06ede0,920077.BJ,吉林碳谷,2024-06-15,0.037962858,-0.23601994,0.27894637,-0.014766056,0.064065866,-0.07154512,2,0.2789463698863983
77451bb1e74d26603eed0c9c,920149.BJ,旭杰科技,2024-06-15,-0.10421374,0.37723655,-0.22979763,-0.07820916,-0.20849316,0.10900448,1,0.377236545085907
0039d6b7baafda13914fe825,920163.BJ,方大新材,2024-06-15,0.087215826,-0.26287907,0.3379656,-0.13706192,0.13405949,-0.07904813,2,0.33796560764312744
04a7a09fcff344bc80139c9c,920167.BJ,同享科技,2024-03-15,0.217635,-0.40249288,0.33479142,-0.118018836,0.31619975,-0.16453026,2,0.3347914218902588
145b33c23f3869a69f4223dd,920174.BJ,五新隧装,2024-06-15,0.14079176,-0.149302,0.085678406,-0.09728901,0.19485304,-0.09831593,4,0.1948530375957489
1e5b239bd34b6df8547ffc7b,920184.BJ,国源科技,2024-06-15,-0.14928064,0.56302804,-0.4416981,-0.024198387,-0.23043703,0.08023124,1,0.5630280375480652
419569ba24b8019286071731,920185.BJ,贝特瑞,2024-06-15,0.20783627,-0.4529576,0.4987119,-0.09483229,0.2767296,-0.16369097,2,0.4987119138240814
50fa4f17a5f0bc2aea460354,920198.BJ,微创光电,2024-06-15,0.04181716,0.13593864,-0.24947442,-0.059026714,0.12449393,-0.052359127,1,0.1359386444091797
8c593a21599a1dc889cb486b,920242.BJ,建邦科技,2024-03-15,0.1064042,-0.28578055,0.19589654,-0.10261513,0.3078232,-0.089874364,4,0.30782321095466614
ccbe6a78601973a829b4a26d,920266.BJ,生物谷,2024-06-15,-0.13978013,-0.024666313,-0.003939896,0.3912816,-0.15996423,-0.00032192515,3,0.3912816047668457
05baa97aea76a92f1e650471,920278.BJ,鹿得医疗,2024-06-15,-0.021842431,-0.028917983,-0.17623322,0.35304275,0.0994987,-0.0695787,3,0.35304275155067444
b64f65d7f3ff2c9c04d59a61,920305.BJ,*ST云创,2024-06-15,-0.21001296,0.58521694,-0.511028,0.0025877748,-0.31006247,0.1746819,1,0.5852169394493103
b4fadfd7b2b712e6d60bce59,920368.BJ,连城数控,2024-06-15,0.20987245,-0.37414053,0.19768748,-0.13651897,0.42385915,-0.18088152,4,0.4238591492176056
1a44449a1d5bf97057024b4e,920370.BJ,新安洁,2024-06-15,-0.20737892,0.41654503,-0.23800185,0.00027946942,-0.332288,0.16039687,1,0.416545033454895
9f00f19a92f2cb6f3fc8dbb5,920415.BJ,恒拓开源,2024-06-30,0.015060668,0.33500275,-0.30582535,-0.06914544,-0.059195526,0.007901475,1,0.33500275015830994
34ff484d221f1da9d7094a12,920418.BJ,苏轴股份,2024-03-15,0.22909631,-0.5065072,0.3238384,-0.14431803,0.4507989,-0.17836729,4,0.450798898935318
483d0c25af787bbf32dcd2f9,920445.BJ,龙竹科技,2024-06-15,0.054805018,-0.20628184,0.33700234,-0.076605394,0.074375905,-0.06121327,2,0.33700233697891235
5ff84cb8f7de936be0b1829c,920475.BJ,三友科技,2024-03-15,0.29037827,-0.31412345,0.2026834,-0.1622017,0.36845094,-0.17547287,4,0.36845093965530396
c5de0d6152317ead7e0e0fd7,920489.BJ,佳先股份,2024-03-15,0.088045254,-0.37450933,0.5399623,0.027489327,0.093831554,-0.12828985,2,0.5399622917175293
ae4e0114e090e40352846633,920640.BJ,富士达,2024-06-15,0.15402046,-0.20049684,0.00056383666,-0.123183176,0.34631696,-0.14593117,4,0.34631696343421936
3dc13086e1644fdb478de4ee,920682.BJ,球冠电缆,2024-06-15,0.62110054,-0.35771728,0.31456393,-0.18417059,0.20084749,-0.14719218,0,0.6211005449295044
1e579898d409fdd882151a3a,920729.BJ,永顺生物,2024-06-15,-0.10189965,0.01127375,-0.0025264658,0.3015737,-0.14403988,-0.005246129,3,0.3015736937522888
5b29427c7c9f9ac8bb0277b5,920799.BJ,艾融软件,2024-06-15,-0.1371463,0.4762409,-0.3958806,0.02635094,-0.1913192,0.07567676,1,0.4762409031391144
984382e11582717a9d1bb424,920819.BJ,颖泰生物,2024-06-30,-0.061476827,-0.06723191,0.18927293,0.25358266,-0.15916221,-0.008709471,3,0.2535826563835144
7538030e1f9f97abd5b13cc6,920946.BJ,森萱医药,2024-03-15,0.019302994,-0.28112787,0.22533566,0.38411713,0.030251931,-0.11469889,3,0.38411712646484375
ef84cca8d6598e1f8a5b5ac2,920961.BJ,创远信科,2024-06-30,0.053340055,0.06527731,-0.22604671,0.003133196,0.15740022,-0.054355264,4,0.1574002206325531
f37b89185db0bc11d6346e87,920964.BJ,润农节水,2024-03-25,-0.10812439,0.3603116,-0.20931925,-0.02707364,-0.25400552,0.07754125,1,0.3603115975856781
f2958ccdf9aa7aa82c8f8686,001223.SZ,欧克科技,2024-06-30,0.1491859,-0.20471904,0.07474968,-0.10665332,0.30257183,-0.12448698,4,0.3025718331336975
6cb856d5ff99b37d5e837339,001256.SZ,炜冈科技,2024-06-15,0.044942133,-0.09597787,0.059700094,-0.03261365,0.10617405,-0.04808794,4,0.1061740517616272
e89417d7c8b065f80df7af7a,001376.SZ,百通能源,2024-06-30,-0.06806619,0.23246463,-0.06064004,-0.06628513,-0.24749646,0.10147372,1,0.23246462643146515
f85c09135ac6fd68c0bfceb0,301141.SZ,中科磁业,2024-06-15,0.15663934,-0.3334427,0.32048583,-0.100125045,0.22002652,-0.12419645,2,0.32048583030700684
0ae26ee12905563b5e4e6d37,301353.SZ,普莱得,2024-06-15,0.31136817,-0.3268172,0.12544994,-0.21038602,0.48857695,-0.16724241,4,0.4885769486427307
f7cc70e5f6fe0096529600e8,601022.SH,宁波远洋,2024-06-30,-0.125723,0.19849662,-0.06635102,0.013792325,-0.23133467,0.08744924,1,0.19849662482738495
7020beff269f4fd2feb42af3,601136.SH,首创证券,2024-06-30,-0.22558858,0.41790065,-0.27699175,0.076129876,-0.35233,0.1618213,1,0.4179006516933441
553800988b4aae02da7a5f63,601868.SH,中国能建,2024-06-30,0.017250638,0.31063384,-0.12463628,-0.19063275,-0.21971652,0.0753053,1,0.3106338381767273
3219530c2adea7078f45e404,603052.SH,可川科技,2024-06-15,0.28523216,-0.5921728,0.29489794,-0.25594625,0.6904981,-0.2318266,4,0.6904981136322021
36e19cfcd9d5031afd95d5ee,603065.SH,宿迁联盛,2024-06-15,0.033629704,-0.47828022,0.65241516,0.07900586,0.09279813,-0.12946284,2,0.6524151563644409
5b2035e57b2382e0050b005c,603072.SH,天和磁材,2024-06-15,0.11508165,-0.2547151,0.23896839,-0.085416675,0.15164909,-0.086938456,2,0.2389683872461319
7c56e6f275cb8d7e43323f1d,603130.SH,云中马,2024-06-30,-0.004627178,-0.23101172,0.33623177,-0.06509237,0.058289155,-0.043835938,2,0.3362317681312561
02528da7c73376e7844378e6,688203.SH,海正生材,2024-06-15,0.015558628,-0.3403365,0.42192444,0.10964895,0.09965184,-0.11253358,2,0.4219244420528412
c5132f7df0d1d3a09ab554e7,688297.SH,中无人机,2024-06-15,-0.0010087872,0.092468694,-0.12602729,-0.06335844,0.06380964,-0.024244994,1,0.09246869385242462
a4ed3983dc31e5eecbca620f,688375.SH,国博电子,2024-06-30,0.20995848,-0.2172119,-0.054245315,-0.19751742,0.5141657,-0.18393755,4,0.5141656994819641
f13069833ac81ae10910361a,688428.SH,诺诚健华,2024-07-01,-0.1937191,0.08403953,-0.18447326,0.5717212,-0.21170168,0.01602077,3,0.5717211961746216
c73fe818b782ec95fd4e88b4,688615.SH,合合信息,2024-03-20,-0.1583194,0.4462351,-0.38372654,0.09546477,-0.18930948,0.061797943,1,0.4462350904941559
af6177654dea3ac4864ece81,920000.BJ,安徽凤凰,2024-06-15,0.15419556,-0.31945503,0.18650031,-0.13126607,0.39229414,-0.16491325,4,0.39229413866996765
6a262907ac9c85f0ad90e19d,920030.BJ,德众汽车,2024-06-15,-0.11436389,0.17039149,-0.14005503,0.017508203,-0.13704967,0.07205763,1,0.1703914850950241
5d5e9a8e386980daa0f57087,920047.BJ,诺思兰德,2024-03-25,-0.15526223,0.02426276,-0.13054629,0.5215691,-0.15407282,-0.0014385488,3,0.5215690732002258
4669709faee99a88d0a6ee22,920090.BJ,同辉信息,2024-06-30,-0.07107736,0.35520867,-0.38913637,-0.08408828,-0.02778168,0.043433595,1,0.3552086651325226
a10976fd882d81118e3f3aca,920146.BJ,华阳变速,2024-03-15,0.19408233,-0.28731763,0.11964472,-0.1607069,0.36182034,-0.13238682,4,0.3618203401565552
4c910650f3ed8b707aa4f334,920212.BJ,智新电子,2024-06-30,0.23620245,-0.36689797,0.021410063,-0.16785046,0.5921763,-0.19771287,4,0.5921763181686401
bf7b25831313734ee7f8e584,920225.BJ,利通科技,2024-06-15,0.12799554,-0.20697133,0.16031477,-0.08945756,0.18018402,-0.10155928,4,0.1801840215921402
5a812650c7f10cd024179fa9,920239.BJ,长虹能源,2024-06-15,0.47741956,-0.36292472,0.22077085,-0.10880259,0.2646983,-0.14853808,0,0.47741955518722534
ad9fd67fd8d931f56aee885d,920263.BJ,中航泰达,2024-06-15,-0.01882132,0.14525415,0.03932325,-0.11468005,-0.13147433,0.013423031,1,0.14525415003299713
f0f164303e57508e4f1fb7f0,920275.BJ,驱动力,2024-06-15,-0.07816139,-0.023624985,0.054300983,0.27561188,-0.13083148,-0.022462018,3,0.27561187744140625
bd95c9c5c78bf81e9e0c658e,920344.BJ,三元基因,2024-06-15,-0.18441515,0.04401249,-0.09449081,0.5548858,-0.24379002,0.017580096,3,0.5548858046531677
dfe1cd8d1d6eb5ab4523e42b,920396.BJ,常辅股份,2024-06-15,0.27067345,-0.25179997,0.09109348,-0.16419816,0.35091135,-0.16154788,4,0.35091134905815125
6957d41ab031b9cf5ebceeca,920427.BJ,华维设计,2024-03-15,-0.08071171,0.3632279,-0.2407731,-0.1188977,-0.205457,0.091061115,1,0.363227903842926
70f4aa769049a9aaaf85e3ed,920433.BJ,大唐药业,2024-06-15,-0.13752978,0.017128915,-0.019938983,0.3543531,-0.19395399,0.0056718066,3,0.3543531000614166
0e7eb6c8a0a9ea9f58522b90,920508.BJ,殷图网联,2024-06-15,0.34239668,0.28284234,-0.34154862,-0.12820339,-0.018638268,-0.012975432,0,0.34239667654037476
fa50071f50f4b33095ac7055,920509.BJ,同惠电子,2024-06-15,0.22539999,-0.23362364,-0.03277746,-0.05978468,0.42440927,-0.18028954,4,0.42440927028656006
1fc7b8557f445ca3cf0a06ce,920510.BJ,丰光精密,2024-06-15,0.23097073,-0.44509125,0.24772777,-0.16769792,0.4838238,-0.1878896,4,0.4838238060474396
6194f40c0f4eef75dc788b9f,920523.BJ,德瑞锂电,2024-06-15,0.59184766,-0.40758273,0.18282163,-0.089384824,0.3667761,-0.19369593,0,0.5918476581573486
fed4e91f84e7fcebb9c1f6c0,920553.BJ,凯腾精工,2024-06-15,0.06247097,-0.30056593,0.25713092,-0.045140807,0.27199423,-0.11154259,4,0.2719942331314087
7af708cdc9615d5d2b45b1e3,920566.BJ,梓橦宫,2024-06-15,-0.26590532,0.11168803,-0.15576357,0.5430649,-0.29248878,0.06594959,3,0.5430648922920227
fc74ec89f42a54db36a7add1,920599.BJ,同力股份,2024-06-15,0.08754866,-0.0933444,0.1031122,-0.09180635,0.05853395,-0.033726744,2,0.10311219841241837
2cb7d771f392aa0540d6ae14,920642.BJ,通易航天,2024-06-15,0.15366656,-0.2411926,0.13642558,-0.14092009,0.27806532,-0.13048151,4,0.2780653238296509
25e782291a26b8e3a5068d45,920670.BJ,数字人,2024-04-05,-0.13963613,0.38724786,-0.3519036,0.16705115,-0.16488488,0.021084692,1,0.38724786043167114
fdd542bd0c99b76d5e73cd6e,920675.BJ,秉扬科技,2024-06-15,0.043521874,-0.21085037,0.3170007,0.012567642,0.022612667,-0.07286629,2,0.31700068712234497
1277b5899695ec38fbf97523,920726.BJ,朱老六,2024-06-15,-0.19498326,0.040278107,0.03285295,0.29271245,-0.2269183,0.06250834,3,0.2927124500274658
b40d648f5c33803868ce58e4,920735.BJ,德源药业,2024-06-15,-0.17565256,0.007303711,-0.08938367,0.64130044,-0.22502369,0.0067959633,3,0.6413004398345947
e0e2e753b0e62b4e1b77214d,920765.BJ,美之高,2024-04-05,-0.11788927,-0.047499813,0.1633124,0.048958115,-0.050426893,0.029049516,2,0.1633124053478241
b35ef73f013bbbdebbee4029,920768.BJ,拾比佰,2024-03-15,0.1589401,-0.37039378,0.31648308,-0.16280228,0.3182817,-0.13852005,4,0.31828171014785767
d1a73826ba30b114701c6d2f,920826.BJ,盖世食品,2024-06-15,-0.12775528,-0.031075608,0.04310491,0.2664621,-0.11019207,-0.01098193,3,0.2664620876312256
238e1ed6e9350700665bbde8,920832.BJ,齐鲁华信,2024-06-15,0.016240962,-0.31055567,0.48894817,0.05741906,0.018796565,-0.10805839,2,0.48894816637039185
c4a67c1ab883e0d129ca7558,920839.BJ,万通液压,2024-06-15,0.14775345,-0.25777224,0.22601686,-0.088861845,0.19617306,-0.117107205,2,0.22601686418056488
8896bbc10e85afe93e21d425,920856.BJ,浩淼科技,2024-03-20,-0.04922982,-0.16060962,0.25127113,0.22616301,-0.033942215,-0.07878351,2,0.25127112865448
987c015111597cc1371dda61,920885.BJ,星辰科技,2024-06-15,0.13508959,-0.1816074,-0.016036049,-0.13170515,0.32238552,-0.10090217,4,0.3223855197429657
0881c7876fab0bfb01daf8c5,001225.SZ,和泰机电,2024-06-30,0.35024258,-0.33669648,0.27055266,-0.24499884,0.3506558,-0.15665644,4,0.35065579414367676
0978d8317515794e0b6bf852,001267.SZ,汇绿生态,2024-06-30,-0.1758233,0.4619535,-0.27518895,-0.059233326,-0.3501767,0.18028781,1,0.4619534909725189
0f9fa408e606ebba68704b6e,001337.SZ,四川黄金,2024-06-15,-0.098787084,0.034458686,0.06443213,0.05532457,-0.15755865,0.031772446,2,0.06443212926387787
8050058fba3362cbcecda6c2,001358.SZ,兴欣新材,2024-06-15,0.080897845,-0.50548965,0.66971344,0.07390387,0.13978441,-0.14889197,2,0.6697134375572205
e68e9e5dac380c37f9969ed4,001368.SZ,通达创智,2024-06-30,0.10799788,-0.09715541,0.014936114,-0.11694983,0.22849181,-0.06728617,4,0.22849181294441223
d9a6efab885e53c7ee1fb655,001388.SZ,信通电子,2024-06-15,0.5270447,0.14037901,-0.2556555,-0.10586008,0.039100103,-0.037644163,0,0.5270447134971619
c99264693f9952f26ae7acc3,301192.SZ,泰祥股份,2024-06-15,0.2063383,-0.37897447,0.28143987,-0.20826897,0.36674753,-0.12715402,4,0.36674752831459045
f9a87bdf9e22539b87585c6a,301202.SZ,朗威股份,2024-06-15,0.11848492,0.05728188,-0.21277541,-0.08706616,0.24632406,-0.04956586,4,0.2463240623474121
51fbdcf75ebd63d0b73326df,301210.SZ,金杨精密,2024-06-15,0.6632529,-0.5332883,0.32053205,-0.22182457,0.43966424,-0.1989943,0,0.6632528901100159
294b60a803fef8e5231a081e,301252.SZ,同星科技,2024-06-15,0.29736918,-0.27454814,-0.0063007674,-0.20651013,0.523615,-0.18310668,4,0.5236150026321411
c52e3cc2abe453fd00b12dbf,301287.SZ,康力源,2024-06-15,0.008456291,-0.0070855613,-0.028250612,0.05677194,0.05985104,-0.03624477,4,0.059851039201021194
894bb4bc9c122766ce95cbd3,301295.SZ,美硕科技,2024-06-15,0.68387544,-0.45398945,0.10124341,-0.20896523,0.5589651,-0.23958215,0,0.6838754415512085
8099af27a95a82c496cb15e0,301321.SZ,翰博高新,2024-06-15,0.15129401,-0.42254224,0.16331524,-0.1475504,0.5518188,-0.20168184,4,0.5518187880516052
0f189a8aa20c970a2a679534,301358.SZ,湖南裕能,2024-06-30,0.5021032,-0.40979,0.3484825,-0.09571011,0.19627465,-0.1415246,0,0.5021032094955444
049156f345bc619d09a8e19d,301520.SZ,万邦医药,2024-06-15,-0.24182282,0.24526627,-0.21723521,0.37794948,-0.2921771,0.06815792,3,0.37794947624206543
8d531efcbaa54ab2136c5a33,600925.SH,苏能股份,2024-06-30,-0.050597556,0.09428732,0.05918502,-0.014623861,-0.21976113,0.053573485,1,0.09428732097148895
64c581d2f3e007d68482d549,600938.SH,中国海油,2024-06-30,-0.11977656,0.1734263,-0.037925784,-0.0120760035,-0.23943107,0.08050814,1,0.1734263002872467
8a0c2560d542236e3fc9917e,603073.SH,彩蝶实业,2024-06-15,0.039815363,-0.2141242,0.327393,-0.069556326,0.06954665,-0.044441294,2,0.3273929953575134
1c8eaec8c55f6fabb9d465ec,603281.SH,江瀚新材,2024-06-15,0.055225346,-0.39480826,0.5467533,-0.033475902,0.11363147,-0.11205117,2,0.5467532873153687
7f54eefad19356a1035f0a1f,603307.SH,扬州金泉,2024-06-15,-0.053562544,-0.059972435,0.14100671,0.056285635,-0.026366929,-0.020306673,2,0.1410067081451416
1d663c53ffe3e2c3d0bf049d,688035.SH,德邦科技,2024-06-30,0.19308943,-0.5015503,0.2554285,-0.082909286,0.52341,-0.2227813,4,0.5234100222587585
5c2917193c69cee46dff6c93,688041.SH,海光信息,2024-03-15,0.07171327,-0.015946925,-0.18995905,-0.028666968,0.24112207,-0.054414548,4,0.2411220669746399
464d5b86b5c237b5253e333f,688130.SH,晶华微,2024-06-15,0.18418162,-0.23140281,-0.10531673,-0.09073977,0.515644,-0.173359,4,0.5156440138816833
8b5a19726134d699475ffe8b,688205.SH,德科立,2024-03-20,0.13961922,-0.065870166,-0.1016421,-0.031988647,0.28802106,-0.11957733,4,0.288021057844162
0234bc072778e8b6e8e3da5f,688287.SH,*ST观典,2024-06-30,-0.072055355,0.23763174,-0.28135747,-0.0009386458,-0.016991429,0.017604513,1,0.23763173818588257
9c7530eea7c090c41997ee2d,688291.SH,金橙子,2024-06-30,0.13083422,-0.034341015,-0.1119744,-0.16449974,0.33599153,-0.15262121,4,0.3359915316104889
6b5fd9bedd4d5cb48d6dac72,688371.SH,菲沃泰,2024-06-15,0.19610329,-0.49987006,0.24445763,-0.15037669,0.57699573,-0.21272789,4,0.5769957304000854
0752d6ccfd4c62bc3f7a8296,688373.SH,盟科药业-U,2024-06-15,-0.20305425,-0.002785515,-0.10383555,0.6673699,-0.19052625,-0.005234629,3,0.6673699021339417
92e02f6e08ce3e013f75c212,688403.SH,汇成股份,2024-06-30,0.11501413,-0.32742113,0.040733963,-0.11303858,0.52183837,-0.17740175,4,0.521838366985321
374450485c66ff0af47c3cb7,688410.SH,山外山,2024-06-30,-0.062452294,-0.022133056,-0.086603165,0.37635046,-0.03349537,-0.047480978,3,0.376350462436676
7d7d391e61537a65a0f2ee12,688416.SH,恒烁股份,2024-06-30,0.07365064,-0.22004265,-0.06918848,-0.054393277,0.44721225,-0.16183203,4,0.44721224904060364
f559d1f28f1a80f1b7e68234,688426.SH,康为世纪,2024-03-25,-0.06916157,-0.112216696,0.01145714,0.37267482,0.015070147,-0.067831695,3,0.372674822807312
e223049812c73d57d44871d4,920089.BJ,禾昌聚合,2024-06-15,0.07392336,-0.34608552,0.37398934,-0.053583678,0.17393354,-0.098366134,2,0.3739893436431885
bc24d52268022db131a98075,920092.BJ,汉鑫科技,2024-06-15,-0.06031387,0.3724138,-0.35755974,-0.09787169,-0.014011557,-0.008389808,1,0.3724138140678406
91417e8c0e14ab5c0f2be1c4,920145.BJ,恒合股份,2024-03-15,0.00285564,0.17484297,-0.040623877,-0.05909287,-0.12605526,0.016518187,1,0.174842968583107
b4d7f55792036b1f43d75208,920171.BJ,志晟信息,2024-06-30,-0.1329824,0.48061857,-0.38941818,-0.03276612,-0.20105281,0.08824636,1,0.48061856627464294
e2faeef9493878835a31a790,920260.BJ,中寰股份,2024-03-25,0.23419255,-0.112423934,0.005782755,-0.14733674,0.23328188,-0.126784,0,0.23419255018234253
96d35aadca58fdcc2c9f26b9,920405.BJ,海希通讯,2024-03-15,0.11598035,-0.03318614,-0.16833287,-0.1025722,0.26023927,-0.09951125,4,0.26023927330970764
1e5fb988f81b357c7a0a4cba,920419.BJ,路斯股份,2024-03-15,-0.092384726,-0.02543078,0.056593735,0.17519435,-0.08256809,-0.007027371,3,0.17519435286521912
c7b8ef7355dd49a7a8193244,920436.BJ,大地电气,2024-03-15,0.17914575,-0.2619517,0.03021976,-0.22497758,0.4192195,-0.09999128,4,0.4192194938659668
9a53f609099dcff9d62165c7,920454.BJ,同心传动,2024-03-15,0.25247836,-0.3660025,0.19663464,-0.17828918,0.40455934,-0.16314463,4,0.40455934405326843
d5d09025326adb5153cc19f9,920533.BJ,骏创科技,2024-06-15,0.15079062,-0.362172,0.14039817,-0.20678921,0.4687801,-0.11642025,4,0.4687801003456116
1f975b678a849668df9ffe48,920689.BJ,克莱特,2024-04-05,0.31283137,-0.2652601,0.062703595,-0.2661424,0.45291376,-0.17072715,4,0.452913761138916
e219148b570472fcf3000277,920720.BJ,吉冈精密,2024-06-15,0.18477984,-0.3903525,0.20002525,-0.16971469,0.437356,-0.1347652,4,0.43735599517822266
0d06a089a5423885b1d2ff90,920873.BJ,中设咨询,2024-06-15,-0.08920231,0.3816807,-0.25396964,-0.07634697,-0.23097709,0.1088671,1,0.3816806972026825
80ce90a9b6f3e2fa2b270f9b,920892.BJ,广咨国际,2024-06-15,-0.15461418,0.5024202,-0.3070302,-0.056656674,-0.33125994,0.1457981,1,0.50242018699646
c5334fc6a4bb144933fc90d9,920924.BJ,广脉科技,2024-06-30,-0.035141155,0.19816145,-0.21152374,-0.03218762,-0.038152285,0.025806189,1,0.19816145300865173
09f5ef9cdbb61ab325ec702a,920925.BJ,锦好医疗,2024-06-30,0.07597379,-0.13901179,-0.07873099,0.24124195,0.23654884,-0.12351018,3,0.2412419468164444
e9a882cda4007df827350842,920932.BJ,科达自控,2024-06-15,0.059452225,0.12394569,-0.113939404,-0.074020095,0.018341046,-0.056019045,1,0.1239456906914711
11d655eb563ac9457d60fc68,920981.BJ,晶赛科技,2024-06-15,0.18415433,-0.4005393,0.08093846,-0.11417751,0.5615122,-0.21430483,4,0.5615121722221375
f7142c9ef854aba63f90572c,001286.SZ,陕西能源,2024-06-30,-0.07492917,0.20874335,-0.06695671,-0.037003905,-0.24701056,0.072834924,1,0.20874334871768951
6f4f6882410f3442a9f186f4,001287.SZ,中电港,2024-06-30,0.024108078,0.027683364,-0.25398564,-0.07259476,0.25809208,-0.03658822,4,0.25809207558631897
b40c8bf21c8196677a722bb1,301261.SZ,恒工精密,2024-06-30,0.20704137,-0.37719885,0.32334375,-0.15750976,0.30829957,-0.14494616,2,0.32334375381469727
8b5e4506f074f6f1b5e382a9,301310.SZ,鑫宏业,2024-06-15,0.32372472,-0.48384407,0.21985182,-0.24009997,0.58147883,-0.21174908,4,0.5814788341522217
370174999b5334dda456d026,301348.SZ,蓝箭电子,2024-06-15,0.23654105,-0.40881163,0.054232765,-0.18540351,0.64362454,-0.21722196,4,0.6436245441436768
e33472f4157758fd34513516,301383.SZ,天键股份,2024-06-15,0.20266698,-0.2647072,0.032262705,-0.21393618,0.48709416,-0.16407312,4,0.4870941638946533
ee3450c995f416ea6a3a205b,301390.SZ,经纬股份,2024-06-15,0.03289151,0.45685107,-0.30821988,-0.15250002,-0.1850584,0.08333865,1,0.456851065158844
e268f77db76929b5d91af33c,301393.SZ,昊帆生物,2024-06-30,-0.08127016,-0.19550334,0.30801028,0.3252495,-0.06573697,-0.09092775,3,0.32524949312210083
9032dcd863ec7448e253e5dd,301510.SZ,固高科技,2024-06-15,0.27490738,-0.23308364,-0.050788052,-0.19816247,0.49002248,-0.1785829,4,0.4900224804878235
427c1533843b4291827e2e91,301511.SZ,德福科技,2024-06-15,0.46232527,-0.44755596,0.2920853,-0.14090204,0.32472765,-0.17763276,0,0.4623252749443054
b9aaf0081611150685731c7d,301512.SZ,智信精密,2024-06-15,0.3077201,-0.37581033,0.023883643,-0.2613473,0.6742343,-0.21329385,4,0.6742342710494995
94c403e7c6e5c449dc9cfc38,301515.SZ,港通医疗,2024-06-28,0.027406579,0.11455343,-0.2546972,0.18822868,0.051608652,-0.047539473,3,0.18822868168354034
adc0ff3bd23dad87cdb6023d,301517.SZ,陕西华达,2024-06-15,0.17390825,-0.25936398,0.015249753,-0.12728284,0.42520097,-0.16590303,4,0.4252009689807892
64ce56c27ec6b11962122060,301525.SZ,儒竞科技,2024-06-15,0.3243032,-0.23061395,0.027050318,-0.20840247,0.42619896,-0.16398434,4,0.42619895935058594
1d4379641d686fdf64586021,301528.SZ,多浦乐,2024-06-15,0.19548246,-0.20069571,-0.019016087,-0.09527937,0.3735646,-0.16509959,4,0.37356460094451904
7ddffa4ff022ca5607e983bf,601061.SH,中信金属,2024-03-25,-0.093847536,0.1063815,0.0145447515,0.012223888,-0.18148856,0.059946436,1,0.10638149827718735
a3798a1d4f70454984ad9916,603282.SH,亚光股份,2024-06-15,0.16529703,-0.27719522,0.30976278,-0.14087634,0.15527096,-0.090234764,2,0.30976277589797974
164f83f29b0eb0ec11510d31,603373.SH,安邦护卫,2024-06-15,-0.15101114,0.41974983,-0.31285352,-0.03349958,-0.24547403,0.13222395,1,0.41974982619285583
25d3723350aa200144993c34,688031.SH,星环科技-U,2024-04-05,-0.07705104,0.37834895,-0.3891531,0.05964355,-0.059816763,0.012967894,1,0.3783489465713501
d03db26f5b7c7f4b99a9e3c9,688073.SH,毕得医药,2024-04-05,-0.15512,0.04025378,-0.045764126,0.39956605,-0.16238828,0.017820712,3,0.39956605434417725
ad6893711eabed33873b2334,688184.SH,ST帕瓦,2024-03-25,0.35561618,-0.34039402,0.3259993,-0.010819444,0.06403775,-0.08057851,0,0.35561618208885193
0b57f3417e0df90cd64e848e,688293.SH,奥浦迈,2024-06-15,-0.10679638,-0.10577139,0.0602552,0.420404,-0.08811087,-0.016798548,3,0.42040398716926575
b3fa82857a4530dc410c4fba,688381.SH,帝奥微,2024-06-30,0.15928926,-0.28436154,-0.08239342,-0.13589992,0.55255365,-0.16604912,4,0.552553653717041
e148f149f1dbb7be057ed083,688391.SH,钜泉科技,2024-06-15,0.24109848,-0.12503445,-0.15395199,-0.15069148,0.44001678,-0.12833653,4,0.4400167763233185
53d3baf8530600387001e0d7,688409.SH,富创精密,2024-06-30,0.15065765,-0.34712043,0.13199191,-0.09028412,0.40779287,-0.1636,4,0.407792866230011
86eb3d06b1b6c6dec7ea232f,688419.SH,耐科装备,2024-03-25,0.2487827,-0.43172014,0.16969043,-0.20678255,0.5710062,-0.20932785,4,0.571006178855896
785aa5e5261201aac8b49f2a,688439.SH,振华风光,2024-06-15,0.113248415,-0.15098095,-0.017243514,-0.11607571,0.2853091,-0.10645196,4,0.2853091061115265
cc83a689225a13e315d281fc,688475.SH,萤石网络,2024-03-25,-0.076382436,0.29014975,-0.29263958,-0.005789262,-0.06804831,0.05121459,1,0.2901497483253479
2ef636038fb768ea47727e88,688489.SH,三未信安,2024-03-15,-0.0056998646,0.059809513,-0.09604592,-0.0033682375,0.009462072,-0.0050770286,1,0.05980951339006424
97db0c1c98eede2a9215f56d,688506.SH,百利天恒,2024-06-30,-0.2081397,0.037640885,-0.15308236,0.62120837,-0.19584954,0.006504735,3,0.6212083697319031
ad4e59905d9c474c5e1e9d4d,688657.SH,浩辰软件,2024-03-20,-0.015547346,0.3008662,-0.32143873,-0.04243314,0.039637104,-0.0068137404,1,0.30086618661880493
16ec391c1df27f85c060298e,920046.BJ,亿能电力,2024-06-15,0.7153969,-0.25545555,0.09087135,-0.27093893,0.27352804,-0.12874201,0,0.7153968811035156
c7269e59a33f7815b9e3edee,920062.BJ,科润智控,2024-06-30,0.33362353,-0.034808066,-0.0028305426,-0.11835173,0.05836359,-0.04079694,0,0.3336235284805298
b938d842d3c88679d48468dc,920152.BJ,昆工科技,2024-03-15,0.109130524,-0.25969747,0.29376197,-0.04733673,0.116438985,-0.095058955,2,0.2937619686126709
ccbbea5d30d42b0075f54661,920169.BJ,七丰精工,2024-06-15,0.26506823,-0.39117178,0.28579906,-0.17550151,0.38858235,-0.1636527,4,0.38858234882354736
eb4842ad2feb92d5d9ec6645,920179.BJ,凯德石英,2024-06-15,0.11512119,-0.3041265,0.24461755,-0.06318483,0.24508771,-0.13896328,4,0.24508771300315857
b1839f0a48a4fecdf2787849,920204.BJ,沪江材料,2024-06-15,0.041405737,-0.31848964,0.41932148,0.020889144,0.0841052,-0.104358315,2,0.4193214774131775
89be2f67efb55d4e3811bc7b,920223.BJ,荣亿精密,2024-06-15,0.23608775,-0.451642,0.19956997,-0.16492882,0.51995575,-0.17630436,4,0.5199557542800903
c3d667046165074d7d9d581e,920245.BJ,威博液压,2024-03-15,0.31914166,-0.26378632,0.076138884,-0.22904062,0.4006853,-0.16232754,4,0.40068531036376953
fc4d1f53a914b123b2b89d96,920299.BJ,灿能电力,2024-06-15,0.51006794,0.11831541,-0.24683723,-0.12515727,0.06966914,-0.05534012,0,0.5100679397583008
fb21dbece10d7f36eced8362,920346.BJ,威贸电子,2024-03-15,0.2336906,-0.43828106,0.12448924,-0.18060727,0.58968896,-0.17357004,4,0.5896889567375183
73dc0536f4c3455b56b2def2,920378.BJ,泰德股份,2024-06-15,0.20984875,-0.41516182,0.24438117,-0.20672435,0.4581174,-0.16203365,4,0.45811739563941956
6d4fc7d1d9ae893cf82271ce,920564.BJ,天润科技,2024-03-20,-0.12824667,0.4299009,-0.3115935,-0.054775357,-0.2134259,0.066337734,1,0.4299009144306183
78dfe3b6541c5edc9426afea,920580.BJ,科创新材,2024-06-15,0.08759529,-0.24045172,0.30144438,-0.042723894,0.08557026,-0.09224385,2,0.3014443814754486
7a01609eac64cd40c12888ec,920821.BJ,则成电子,2024-06-15,0.22162129,-0.44092,0.106460534,-0.21086308,0.64379853,-0.2007865,4,0.6437985301017761
08e1096ac167926b4c930f1c,920834.BJ,三维装备,2024-06-15,0.115516536,0.017431486,-0.046829626,-0.16240568,0.11054094,-0.060747072,0,0.1155165359377861
f2a1b0985ef0b9696af2417a,920857.BJ,泓禧科技,2024-06-15,0.15588187,-0.30354443,0.037415914,-0.12335139,0.4355715,-0.13575594,4,0.43557149171829224
76fee9f3b800c347846c015b,920879.BJ,基康技术,2024-06-15,0.10479553,0.11448391,-0.20057672,-0.10822352,0.13821436,-0.06811664,4,0.1382143646478653
edcde3674324aaaaf983e55b,920943.BJ,优机股份,2024-06-15,0.22495227,-0.36494693,0.23647621,-0.19786564,0.37840793,-0.16298872,4,0.37840792536735535
5f6df3718f4da82725a02f78,920970.BJ,大禹生物,2024-06-15,-0.048678797,-0.030058833,0.0700653,0.16862357,-0.108092315,-0.016935524,3,0.16862356662750244
8b44df30dbadedf041186de9,001367.SZ,海森药业,2024-06-15,-0.16041867,-0.066435345,0.112285785,0.5984616,-0.24675244,0.0012501134,3,0.5984616279602051
e3bda95df10214687b5d01da,301203.SZ,国泰环保,2024-06-15,-0.1348834,0.34277427,-0.019163413,-0.0049533187,-0.35737047,0.096863985,1,0.34277427196502686
f195811dd1d8c461e699c810,301291.SZ,明阳电气,2024-06-15,0.7494912,-0.22424288,0.021878947,-0.24933721,0.32953706,-0.15783693,0,0.7494912147521973
0811bb57c56a86ae5c1186d9,301392.SZ,汇成真空,2024-06-15,0.30286923,-0.5013859,0.28201616,-0.1569556,0.5648068,-0.24862298,4,0.5648068189620972
65e761751bcd1931d2d615d3,301421.SZ,波长光电,2024-06-15,0.28136864,-0.5093722,0.21287224,-0.119088545,0.65152675,-0.25743192,4,0.6515267491340637
09f66f71dc0bfeb8612f600a,301459.SZ,丰茂股份,2024-06-15,0.2759161,-0.48699418,0.279765,-0.21547957,0.5376992,-0.21595755,4,0.5376992225646973
b2dcc03b888d094fdf1f8da5,301487.SZ,盟固利,2024-06-15,0.15015052,-0.34318238,0.383713,-0.07152388,0.2081626,-0.10641712,2,0.3837130069732666
3345381b4ea0d1522df892f5,301498.SZ,乖宝宠物,2024-06-30,-0.13147165,0.085065566,-0.034563888,0.17400958,-0.15420167,0.035985216,3,0.17400957643985748
3675a46f80319830576de4fa,301499.SZ,维科精密,2024-06-15,0.2666479,-0.40578556,0.06248325,-0.262195,0.66195524,-0.17402576,4,0.6619552373886108
16f604ed0c45b9f64423baab,301507.SZ,民生健康,2024-06-15,-0.24793586,0.13841224,-0.099210516,0.46434292,-0.29984763,0.14121036,3,0.4643429219722748
e2aea0674e5c762a82d64dbe,301509.SZ,金凯生科,2024-06-15,-0.08318378,-0.041033763,0.042527158,0.36413804,-0.11680974,-0.020536762,3,0.36413803696632385
ee24caf1615ddc2de30f187d,301533.SZ,威马农机,2024-06-15,-0.0027145129,0.034763794,-0.051529754,-0.00040852,-0.0066998973,0.007917795,1,0.034763794392347336
f92ad2acc78438be47fdbd33,301548.SZ,崇德科技,2024-06-15,0.28813565,-0.34391004,0.215097,-0.20172523,0.38609785,-0.17851585,4,0.38609784841537476
35681264b98498fc5d27c43b,301550.SZ,斯菱智驱,2024-06-15,0.31919506,-0.38786831,0.04236239,-0.25052714,0.61839443,-0.19502996,4,0.6183944344520569
ddba5de8b0d5390c7f00c66c,301559.SZ,中集环科,2024-06-15,0.06609746,-0.059581257,0.16828923,-0.03351949,-6.394088e-05,-0.05499945,2,0.16828922927379608
e3a13dd1c8b7f69cbc88c7df,301563.SZ,云汉芯城,2024-06-15,-0.07543766,0.04240146,-0.25187215,0.061296187,0.16304366,-0.010906849,4,0.16304366290569305
4ac258a2ee3feaa98508f923,301577.SZ,美信科技,2024-06-15,0.36910233,-0.45800057,0.111832574,-0.25605917,0.6811739,-0.23158734,4,0.6811739206314087
0a9b10fa882d6667a4cc94df,301578.SZ,辰奕智能,2024-03-15,0.09093695,0.0056878403,-0.14754252,-0.09230905,0.26548725,-0.07488339,4,0.2654872536659241
27598fb4aa7125ac273a6a06,301589.SZ,诺瓦星云,2024-06-30,0.078232706,0.009482477,-0.13768677,-0.06540218,0.19138078,-0.08407559,4,0.19138078391551971
11ed963fb78153fef06ec60b,301632.SZ,广东建科,2024-04-05,-0.081284255,0.26537415,-0.16303393,-0.03220921,-0.17981495,0.069217496,1,0.26537415385246277
0180ce63dd49413960a3d618,601065.SH,江盐集团,2024-03-20,-0.166276,0.07211845,0.27358007,0.1339226,-0.36940712,0.07835588,2,0.27358007431030273
dfa3a590c29f7bcb57cfeba8,603125.SH,常青科技,2024-06-15,0.06682982,-0.47727108,0.65672296,0.04800923,0.106200874,-0.14601235,2,0.6567229628562927
dbb39ce0f1a027e8c2b2dc87,603135.SH,中重科技,2024-06-15,0.17963444,-0.2352084,0.22553715,-0.14549427,0.21027553,-0.066158555,2,0.22553715109825134
c1d7a1762625d85c46e458d8,688061.SH,灿瑞科技,2024-03-15,0.19554327,-0.34599832,-0.028338112,-0.14797975,0.60567373,-0.18347485,4,0.6056737303733826
b2a4b8b399c1ebda7e0ecf79,688084.SH,晶品特装,2024-06-30,0.0803998,0.16677502,-0.30749846,-0.099948876,0.190691,-0.046761565,4,0.1906909942626953
8386bc4807a76ec519ea1f66,688137.SH,近岸蛋白,2024-06-15,-0.10542613,-0.022561138,-0.059884466,0.39403367,-0.08632617,-0.016629994,3,0.39403367042541504
093fba199d42054604ea0bcf,688143.SH,长盈通,2024-06-30,0.19235809,-0.2901664,0.1201686,-0.11597044,0.36528924,-0.16659178,4,0.36528924107551575
03a7215afa2b749ffe4d4b52,688152.SH,麒麟信安,2024-06-30,6.90826e-05,0.29545045,-0.34735236,-0.018820748,0.021132696,-0.03271583,1,0.29545044898986816
8caeddfae3179943c68bee90,688271.SH,联影医疗,2024-06-30,0.017369311,0.038489535,-0.26956886,0.33120602,0.12903243,-0.060348433,3,0.3312060236930847
8d9e31417f66858ed4572633,688361.SH,中科飞测,2024-06-30,0.1690883,-0.31971347,-0.028531948,-0.06617552,0.55710274,-0.19809033,4,0.5571027398109436
3379f597103de87c24741809,688372.SH,伟测科技,2024-06-15,0.08638696,-0.112590745,-0.18619782,-0.07895135,0.43034896,-0.11774806,4,0.4303489625453949
f8116657f338f6902962a9f7,688387.SH,信科移动-U,2024-06-30,0.08094041,0.11837991,-0.25884855,-0.07101626,0.17126304,-0.047657095,4,0.17126303911209106
ed42a72b7e233bff66ae4f6e,688392.SH,骄成超声,2024-06-15,0.31020597,-0.43530467,0.11173647,-0.20883496,0.62891316,-0.21349092,4,0.628913164138794
403f5d6b1d82debca7ed2481,688432.SH,有研硅,2024-06-15,0.105901316,-0.3976382,0.22245172,-0.07636235,0.39967984,-0.15683691,4,0.39967983961105347
50faaf86326ccabf79c233c5,688435.SH,英方软件,2024-03-15,-0.067003086,0.4099583,-0.42690077,0.072181165,-0.064284645,0.021202117,1,0.4099583029747009
13344577d33a71a24352025a,688448.SH,磁谷科技,2024-03-15,0.3312175,-0.28788677,0.1388652,-0.15423568,0.39540988,-0.16843286,4,0.39540988206863403
a2e1eed1c670e23f181bbdea,688459.SH,哈铁科技,2024-06-15,0.0592603,0.1047654,-0.14967231,-0.08794791,0.056699507,-0.03272827,1,0.1047654002904892
f63357b8e9add683bf408dc7,688480.SH,赛恩斯,2024-03-25,-0.010419602,-0.032997474,0.15912649,0.09990017,-0.08227111,-0.033937506,2,0.15912649035453796
44f32f03d51be120ec206560,688496.SH,清越科技,2024-03-25,0.21559262,-0.40661097,0.057640232,-0.12931445,0.6579875,-0.2102918,4,0.6579874753952026
30094dac5cf0f4bfa9891031,688702.SH,盛科通信-U,2024-06-30,0.09308234,-0.035397552,-0.25628996,-0.03611772,0.37621886,-0.10318812,4,0.37621885538101196
1484f65bf5fe9927f8586521,920130.BJ,立方控股,2024-06-15,-0.009433714,0.05134834,-0.06714086,-0.013739815,-0.006787217,0.00289601,1,0.05134833976626396
5ebf1a6c1a5ed6118d10742e,920267.BJ,鑫汇科,2024-04-05,0.20098832,-0.28446445,-0.062328275,-0.17468274,0.576138,-0.17622888,4,0.5761380195617676
997df1809783d83b155e3d59,920271.BJ,邦德股份,2024-06-15,0.26210764,-0.43410686,0.27741587,-0.2563505,0.48644605,-0.17758152,4,0.4864460527896881
44c3e8f549f74e0df60f7bf6,920395.BJ,朗鸿科技,2024-06-15,0.15114592,-0.31388888,0.196505,-0.16890366,0.37064448,-0.13987093,4,0.3706444799900055
0ddd797c7c71f9eae05420ee,920402.BJ,硅烷科技,2024-03-15,0.09957142,-0.3675707,0.4090487,-0.019357381,0.18798938,-0.14444344,2,0.4090487062931061
c63310033e7f1b44c7fe2ab3,920491.BJ,奥迪威,2024-06-15,0.25579438,-0.40872154,0.06368206,-0.20275861,0.63535196,-0.22451103,4,0.6353519558906555
0daa63057eaa1a61ab058126,920639.BJ,晨光电缆,2024-06-15,0.5788853,-0.23438096,0.17874643,-0.1921615,0.13871956,-0.11106706,0,0.5788853168487549
1d3293921fb3cf49d378d380,920790.BJ,联迪信息,2024-06-15,-0.09462322,0.53461254,-0.4562202,-0.093731135,-0.18100366,0.10194172,1,0.5346125364303589
e5473c0e20b0c804e0ec6fe6,920870.BJ,恒进感应,2024-06-15,0.14021285,-0.23579657,0.12266622,-0.09560959,0.24549972,-0.10878757,4,0.24549971520900726
979930ef7e8eefd745c0e82c,920871.BJ,派特尔,2024-06-15,0.15676314,-0.30763733,0.28332263,-0.123622246,0.27400225,-0.14007868,2,0.28332263231277466
c01a93f572f2e44bcdd94de0,001278.SZ,一彬科技,2024-06-30,0.12306421,-0.35417828,0.23611243,-0.24149004,0.3966749,-0.062513284,4,0.39667490124702454
394173b3f61367162b25ea11,001282.SZ,三联锻造,2024-06-15,0.19089802,-0.41514838,0.30307952,-0.2586533,0.4341612,-0.13037953,4,0.4341611862182617
626517b68196406cffd98a78,001289.SZ,龙源电力,2024-06-30,-0.053155877,0.17819789,-0.09667382,-0.029831402,-0.17042525,0.0685655,1,0.17819789052009583
f3584cf8290670ab2ce26343,001306.SZ,夏厦精密,2024-06-30,0.276218,-0.42181063,0.19212694,-0.2209082,0.5076111,-0.1610177,4,0.507611095905304
ca7b73f240f9cf2677185c61,001324.SZ,长青科技,2024-06-15,0.15507148,-0.24229671,0.18410163,-0.18790737,0.2847032,-0.1050578,4,0.28470319509506226
080c5373180ad8973dca730b,001360.SZ,南矿集团,2024-06-15,0.13075842,-0.18508,0.21557923,-0.06797566,0.10200196,-0.08347439,2,0.21557922661304474
a9cbe538c5c4a7a77e7eb7e6,001373.SZ,翔腾新材,2024-06-15,0.060636908,-0.4651708,0.30347055,-0.10766305,0.41494372,-0.1440638,4,0.41494372487068176
08e9501d242918d6182acbf8,001378.SZ,德冠新材,2024-06-30,0.04023776,-0.37663972,0.4556171,-0.022511248,0.17900424,-0.12148107,2,0.45561710000038147
e8f5bcded7325024cb4a2500,001380.SZ,华纬科技,2024-06-15,0.2573252,-0.5245863,0.31756938,-0.2210758,0.53877616,-0.18395147,4,0.538776159286499
23b21f79cc8b82347696c2e6,001386.SZ,马可波罗,2024-06-30,-0.041523896,-0.11140716,0.29372877,-0.01940965,-0.032334,0.015888538,2,0.293728768825531
d37a7c767ede19e8c9d3b855,300784.SZ,利安科技,2024-06-15,-0.11591263,0.09409104,-0.062398817,0.026420254,-0.11880019,0.04774245,1,0.09409104287624359
489071ffe44a7d3454d12d80,301508.SZ,中机认检,2024-06-15,-0.020244924,0.26445293,-0.24847879,-0.11164912,-0.034724176,0.029536922,1,0.2644529342651367
07ea0390a51398a19b9deb2b,301518.SZ,长华化学,2024-06-15,0.013000782,-0.34760225,0.6543907,0.11654912,-0.070132546,-0.090136126,2,0.6543906927108765
11f35c9dc137ed32082e063b,301529.SZ,福赛科技,2024-06-15,0.06097571,-0.2474497,0.0858147,-0.17455746,0.36961737,-0.077623196,4,0.36961737275123596
231f5d879ae6bb6536c6ef5e,301535.SZ,浙江华远,2024-06-15,0.27732173,-0.4618039,0.261983,-0.2417356,0.5533967,-0.18717317,4,0.5533967018127441
3a82c856a3e4dcb10ea52414,301539.SZ,宏鑫科技,2024-06-15,0.2612373,-0.49107867,0.30427045,-0.22287264,0.5478804,-0.19678049,4,0.5478804111480713
619098a2d5fb44396db96b89,301568.SZ,思泰克,2024-06-15,0.21994483,-0.2530305,-0.046296965,-0.11918479,0.50884575,-0.19261682,4,0.5088457465171814
e9ecdcbeb08dfac2164be760,301580.SZ,爱迪特,2024-06-15,0.10449063,-0.25283784,0.105329156,0.16650245,0.24735843,-0.14547561,4,0.24735842645168304
28ac20573fa4e1b6a3e4b15a,301588.SZ,美新科技,2024-06-15,-0.02070412,-0.120862246,0.288182,-0.03713642,-0.006717624,-0.0017318707,2,0.28818199038505554
f82bbc57510d18e6ddbfff7b,301598.SZ,博科测试,2024-06-15,0.26612177,-0.14548855,-0.12523647,-0.16152675,0.4658345,-0.1559503,4,0.46583449840545654
a84c457336d69426dd09b41b,601133.SH,柏诚股份,2024-04-05,-0.009984139,0.20483927,-0.16912301,0.0073631965,-0.056100026,0.009225419,1,0.20483927428722382
ac1ea98edd8e6684c7a8703e,603120.SH,肯特催化,2024-06-15,0.19170918,-0.45682567,0.66376376,-0.1041487,0.19294931,-0.16578285,2,0.6637637615203857
6f4c012545fe640f005cd410,603137.SH,恒尚节能,2024-06-15,0.036924064,0.059031878,0.019876594,-0.14543943,-0.026114017,0.046882674,1,0.05903187766671181
dfb9541277fa1c42a1ca656d,603172.SH,万丰股份,2024-06-15,-0.051089387,-0.15428838,0.33431163,0.115143396,-0.10169534,-0.016969938,2,0.3343116343021393
79570fe36e473a27b6ef7dd4,603193.SH,润本股份,2024-06-30,-0.1581314,0.11285045,-0.0498373,0.13986386,-0.18195544,0.08689724,3,0.13986386358737946
c28097e76712d6b81678ac3d,603276.SH,恒兴新材,2024-06-15,-0.00518033,-0.413388,0.68874097,0.11410171,-0.03869342,-0.09680786,2,0.6887409687042236
2c29224304b68b9514426e8b,688141.SH,杰华特,2024-03-15,0.17923145,-0.32108575,-0.045432735,-0.13076322,0.5806836,-0.17922395,4,0.5806835889816284
a87ddbd9235a356a565c3821,688172.SH,燕东微,2024-03-25,0.17786305,-0.3732456,0.034984466,-0.15976815,0.58370817,-0.18690744,4,0.5837081670761108
cbed32ac302864e2731ffa8b,688275.SH,万润新能,2024-06-30,0.4989373,-0.38242996,0.2916934,-0.10497282,0.22557741,-0.12453651,0,0.49893730878829956
358776798473c7d97ba3da13,688352.SH,颀中科技,2024-06-30,0.076216415,-0.31117958,0.021620873,-0.11111507,0.5107299,-0.16290413,4,0.5107299089431763
9348937ce6c3eeda95228a76,688478.SH,晶升股份,2024-03-25,0.1606522,-0.37033767,0.13634276,-0.065948196,0.4430157,-0.169463,4,0.4430156946182251
7c725d2fef15521644f10c1a,688498.SH,源杰科技,2024-06-30,0.11079551,-0.21882994,-0.011183923,-0.13209943,0.37647948,-0.12776977,4,0.37647947669029236
cd2d66abcb926f7ae3b9940d,688512.SH,慧智微-U,2024-06-30,0.12335565,-0.1920594,-0.10465739,-0.12477952,0.4802982,-0.15238898,4,0.4802981913089752
7791bd6b1fe3a152dafcf64b,688525.SH,佰维存储,2024-06-30,0.14386691,-0.20708293,-0.13116834,-0.16362007,0.5093919,-0.13451931,4,0.5093919038772583
64de6703ddae808c876cb2f1,688549.SH,中巨芯-U,2024-03-25,0.11434342,-0.43813148,0.3013538,-0.036396198,0.3853431,-0.1757074,4,0.38534310460090637
a6a1f94afd6dbcef45db78ae,688709.SH,成都华微,2024-06-15,0.1166047,-0.15073375,-0.12035908,-0.104604356,0.40435135,-0.14814933,4,0.4043513536453247
13d48bfc05ae7d265789e48c,920110.BJ,雷特科技,2024-06-15,0.55781966,-0.1680676,-0.091471046,-0.18284813,0.35082364,-0.13959414,0,0.557819664478302
5891e870c4dc24c62ffb2e14,920122.BJ,中纺标,2024-06-15,-0.11006842,0.15899108,-0.08472185,0.049111113,-0.14176497,0.03576415,1,0.15899108350276947
39ef176629f1544bb50f5b67,920207.BJ,众诚科技,2024-03-15,-0.1437633,0.50555056,-0.42761707,-0.008999585,-0.22589353,0.10098203,1,0.5055505633354187
49566840e317b52751d587d1,920230.BJ,欧康医药,2024-06-15,-0.10074206,-0.14544378,0.13359578,0.41792756,-0.10370227,-0.058221012,3,0.4179275631904602
2013f658fff0dfb9ab63475d,920261.BJ,一诺威,2024-06-15,0.086013526,-0.42312002,0.57980406,-0.041976973,0.17097478,-0.13893005,2,0.5798040628433228
a923a4b34b7a6c270f8be69f,920270.BJ,天铭科技,2024-06-15,0.24584611,-0.26684582,0.034883987,-0.2256883,0.48200515,-0.15542448,4,0.48200514912605286
5443d3b84c6ad17ff3376dff,920273.BJ,一致魔芋,2024-06-15,-0.14637035,-0.106696546,0.15560769,0.36431772,-0.16327968,-0.018214975,3,0.36431771516799927
a366a1fd5a684fe1738dd234,920367.BJ,新赣江,2024-06-15,-0.22949313,0.038964942,-0.06588338,0.5335084,-0.25085515,0.03664064,3,0.5335084199905396
b7849fc27259b95edd0ecefe,920429.BJ,康比特,2024-06-15,-0.24031028,0.11650713,-0.10202128,0.41274458,-0.24744108,0.06349583,3,0.41274458169937134
85e0dde072bee7d50cbe2087,920575.BJ,康乐卫士,2024-06-15,-0.15899415,0.045285188,-0.14017525,0.49660134,-0.16403635,0.0013337098,3,0.4966013431549072
c4b1363dfbac18715cbfafb6,920718.BJ,合肥高科,2024-06-15,0.13146341,-0.27972698,0.22201057,-0.14100026,0.29404658,-0.12234097,4,0.2940465807914734
6d0a4304b6acaed28d6c8c72,920725.BJ,惠丰钻石,2024-06-30,0.11790413,-0.29694387,0.27823907,-0.055893164,0.18052483,-0.12013871,2,0.27823907136917114
28114811015a46ddde0770b9,920866.BJ,绿亨科技,2024-03-15,-0.16399509,0.05970552,0.024593646,0.30722752,-0.23189846,0.04608092,3,0.3072275221347809
2fb6c2cb958daf86114aa983,920985.BJ,海泰新能,2024-06-15,0.43082786,-0.12464237,0.0861274,-0.1300984,0.10507821,-0.05133703,0,0.4308278560638428
2ef0e879874c7014f1caa5d6,001326.SZ,联域股份,2024-06-15,0.50646603,-0.24148712,0.076097935,-0.25559336,0.2898984,-0.08511692,0,0.5064660310745239
a2c8cd16a24f42a4a10f8a24,001328.SZ,登康口腔,2024-04-05,-0.1669227,0.13524063,-0.09878184,0.13518076,-0.18517353,0.0970815,1,0.13524062931537628
3b7900c17927be1c12df0fe2,301501.SZ,恒鑫生活,2024-06-15,-0.08893806,-0.09977633,0.19505206,0.068265915,-0.043433502,-0.01826512,2,0.19505205750465393
32dd41b50c22e74aeeca8450,301538.SZ,骏鼎达,2024-06-15,0.21847482,-0.32448646,0.17957388,-0.20001993,0.41976085,-0.16240776,4,0.4197608530521393
bf1f9ba6de0cfb3bd0aba4ba,301552.SZ,科力装备,2024-06-15,0.011160193,-0.11418315,0.018667355,0.0050027147,0.106786445,-0.071546875,4,0.10678644478321075
d5eda517f10db4ce7d874f41,301565.SZ,中仑新材,2024-06-15,0.03523444,-0.32008776,0.3924355,0.010019826,0.1439961,-0.12312702,2,0.3924354910850525
21324691ca89448392b96d81,301571.SZ,国科天成,2024-06-15,0.18310736,-0.310006,-0.02171712,-0.15789416,0.57275325,-0.20365027,4,0.5727532505989075
7db7a6a2f67d3628a5a44dfc,301586.SZ,佳力奇,2024-06-15,0.09764791,-0.28440413,0.21649815,-0.13630155,0.28341737,-0.12428625,4,0.28341737389564514
719546f38d581ad0b2f267af,301596.SZ,瑞迪智驱,2024-06-15,0.21776126,-0.27645907,0.00067787385,-0.1691669,0.47158444,-0.15504171,4,0.4715844392776489
5a661800b8af6db36330a3f5,301601.SZ,惠通科技,2024-06-15,0.2751872,-0.18418428,-0.07437533,-0.17578268,0.4169764,-0.16356184,4,0.4169763922691345
cbf8b515635729a290bd7d1e,301602.SZ,超研股份,2024-04-05,0.06186452,-0.37770715,0.21119674,0.34436727,0.24814482,-0.17881572,3,0.34436726570129395
7a133d5274caae8ecb0b9261,301606.SZ,绿联科技,2024-06-15,-0.047105514,0.114397466,-0.31524128,-0.07022233,0.20179729,0.08479007,4,0.20179729163646698
52a3e2b9557d1a4790f655a8,301607.SZ,富特科技,2024-03-15,0.34138244,-0.3143821,-0.04044631,-0.24518932,0.6120114,-0.18085116,4,0.6120113730430603
db0bc725357652a4e16a2680,301608.SZ,博实结,2024-06-15,0.116805464,-0.010850944,-0.26494345,-0.14933905,0.3919605,-0.10085212,4,0.3919605016708374
1885c8bb87dddaadf5243140,301616.SZ,浙江华业,2024-04-05,0.24465999,-0.08166368,-0.14960952,-0.2356657,0.33128577,-0.08079625,4,0.3312857747077942
804d0c8f9cc97b545f85006c,301617.SZ,博苑股份,2024-04-05,-0.011060154,-0.28684297,0.5092647,0.24587898,-0.058369126,-0.10722016,2,0.5092647075653076
d2b1a6afc06248d77e068384,301626.SZ,苏州天脉,2024-06-15,0.3311699,-0.47005004,0.155595,-0.31515688,0.710796,-0.23167884,4,0.7107959985733032
eeceab9d036bfc4c96226211,301629.SZ,矽电股份,2024-03-15,0.22653621,-0.32621735,-0.05347725,-0.11635986,0.6142234,-0.21639782,4,0.6142234206199646
8436793dabbffe9a99afda6c,301658.SZ,首航新能,2024-06-15,0.69795585,-0.108743675,-0.116759196,-0.17931475,0.28299195,-0.111919805,0,0.697955846786499
630bf2d5bce07f5d19fd06cc,603004.SH,鼎龙科技,2024-06-15,0.20390488,-0.54619235,0.6126751,-0.19294223,0.36546937,-0.18027963,2,0.6126750707626343
b85531ff852c4668b9176054,603119.SH,浙江荣泰,2024-06-15,0.30361003,-0.5654655,0.33277577,-0.27661103,0.6255344,-0.20722848,4,0.6255344152450562
ab946602795a30f1e50f7470,603162.SH,海通发展,2024-06-30,-0.1048922,0.1880336,-0.045416094,0.00334052,-0.23976403,0.070250645,1,0.1880335956811905
4bbbd73b07b463673c094e17,688307.SH,中润光学,2024-06-15,0.20635724,-0.38789976,0.056227937,-0.062599435,0.59528077,-0.21704972,4,0.5952807664871216
053dcea01374fda7ad8bcb7d,688458.SH,美芯晟,2024-06-15,0.14262739,-0.24507976,-0.093591824,-0.1277892,0.525542,-0.15460144,4,0.5255420207977295
919f04fdb602d3619bec5895,688535.SH,华海诚科,2024-06-15,0.23253134,-0.5387517,0.24392089,-0.10317907,0.59605277,-0.24896213,4,0.5960527658462524
deb99d47f8d16373fc024fa8,688562.SH,航天软件,2024-06-30,-0.047024455,0.35564053,-0.37627602,-0.06460065,0.02563131,-0.025654072,1,0.3556405305862427
5c6fc8ec9277e5ab700d7b18,688620.SH,安凯微,2024-06-30,0.12331233,-0.116284356,-0.20467547,-0.12516487,0.4754296,-0.122546166,4,0.47542959451675415
a87423d15f6042f4622c72ab,688627.SH,精智达,2024-03-15,0.22890984,-0.30204585,-0.056060914,-0.14910977,0.6086006,-0.20345221,4,0.6086006164550781
b4370e545f8310d833c91c9f,688671.SH,碧兴物联,2024-03-25,-0.01804246,0.26651064,-0.2684648,-0.028744688,-0.022984903,0.07823155,1,0.26651063561439514
a36170dc6a0dd92b76f90089,688693.SH,锴威特,2024-06-15,0.29613623,-0.39877203,0.045102436,-0.22093832,0.624954,-0.21647596,4,0.6249539852142334
05ffc9bbd7a0b5cc23bfdc1b,688708.SH,佳驰科技,2024-03-15,0.12572168,-0.25948066,0.28771573,-0.1902391,0.27374685,-0.14226541,2,0.28771573305130005
e13e6c06953f28eb4012b130,920017.BJ,星昊医药,2024-06-30,-0.20117356,0.04516077,-0.14477864,0.6021117,-0.20612514,0.0083409855,3,0.6021116971969604
499810eb35ebf7e859f99d23,920023.BJ,田野股份,2024-06-15,-0.13840447,-0.042637452,0.08610745,0.2578538,-0.15473287,0.01662473,3,0.25785380601882935
99e80750e5d25cab168150ba,920058.BJ,华洋赛车,2024-06-15,0.0076424163,0.0059843236,-0.02813545,-0.029283978,0.028078688,-0.007986015,4,0.02807868830859661
e7e68f9b0924133819dbaa2c,920237.BJ,力佳科技,2024-06-15,0.50001866,-0.36385298,0.13904974,-0.09651584,0.3539663,-0.17071776,0,0.5000186562538147
8f3cfac18e662b60e6570d29,920247.BJ,华密新材,2024-03-15,0.09889253,-0.21764816,0.1806262,-0.057486735,0.15399976,-0.09787397,2,0.18062619864940643
f9c785c7dfbe82cb9d9303a2,920476.BJ,海能技术,2024-03-15,0.077329814,-0.08505335,-0.012626627,0.098190896,0.16522016,-0.12838194,4,0.16522015631198883
dd65d44c0bfc28b4fb27f951,920556.BJ,雅达股份,2024-03-15,0.18948066,0.02999897,-0.19580849,-0.116526455,0.21103014,-0.07343038,4,0.21103014051914215
b912bd367f6e601cbdb73eb1,920571.BJ,国航远洋,2024-06-15,-0.12372094,0.15906073,-0.043637373,0.04789191,-0.22049035,0.05536842,1,0.15906073153018951
4057ad6cea650b152bc8ba36,920608.BJ,丰安股份,2024-06-15,0.22445628,-0.4119316,0.25883895,-0.17710075,0.39685106,-0.14995831,4,0.3968510627746582
002febaac74fe9b1bba6633f,920627.BJ,力王股份,2024-06-15,0.46867043,-0.34528416,0.23240076,-0.070167616,0.22787878,-0.121567324,0,0.46867042779922485
6c86c7d0e9e22ee0c9ed843c,920662.BJ,方盛股份,2024-03-15,0.24009928,-0.3286251,0.19630946,-0.17527014,0.34893352,-0.15466018,4,0.34893351793289185
2cd47aca4806ca31ae59a00d,920685.BJ,新芝生物,2024-06-15,0.01989608,-0.1137178,-0.005464865,0.20830299,0.15444054,-0.12031363,3,0.20830298960208893
f5e21fbd66841fc959aef7d2,920753.BJ,天纺标,2024-06-15,-0.13980706,0.15140803,-0.03369274,0.06734625,-0.1821062,0.06499072,1,0.15140803158283234
f58c2cf86f3f72a494fe7abb,920876.BJ,慧为智能,2024-06-30,0.08599425,0.012865454,-0.27414137,-0.15669842,0.39251202,-0.065220915,4,0.3925120234489441
80ecc1db8050a209c512a202,920895.BJ,花溪科技,2024-06-15,0.046322864,-0.0301275,0.058766037,0.0033893741,-0.01634053,-0.028531779,2,0.05876603722572327
c1da214923e90ce00b9ddaba,920914.BJ,远航精密,2024-06-15,0.21451584,-0.43447682,0.34865826,-0.16421455,0.36841542,-0.16264391,4,0.3684154152870178
fb1cc353fd63a816f4c35d40,920971.BJ,天马新材,2024-06-30,0.10613267,-0.42649755,0.43601537,-0.08814349,0.2554025,-0.15699887,2,0.43601536750793457
c0963330a6839b686f79c205,920974.BJ,凯大催化,2024-06-15,0.19330393,-0.49893486,0.6031011,-0.13073911,0.2745211,-0.19904217,2,0.6031010746955872
1a519efadc605abf427edb63,920982.BJ,锦波生物,2024-06-15,-0.17338704,-0.0060129333,-0.020030025,0.43060347,-0.16937883,0.0044951653,3,0.4306034743785858
53b25c6e5fa5352207c6490d,001279.SZ,强邦新材,2024-06-30,-0.07146167,-0.15891436,0.32686415,0.044307366,-0.054778043,-0.030055009,2,0.3268641531467438
c1bb88b64cb50ffd18206527,001395.SZ,亚联机械,2024-06-15,0.06518762,0.08367466,-0.16905859,-0.050184265,0.0897015,-0.0041702637,4,0.08970150351524353
57955a44c232255c4c14a179,301251.SZ,威尔高,2024-06-15,0.16791603,-0.3615431,0.11364159,-0.13611075,0.48486272,-0.16168854,4,0.48486271500587463
3278082e06d0a03b0c829194,301502.SZ,华阳智能,2024-06-15,0.64315,-0.48977086,0.16730079,-0.2788612,0.5624512,-0.1993782,0,0.6431499719619751
c0a4fd552de9e71037b3c0cf,301536.SZ,星宸科技,2024-06-15,0.1083874,-0.07001998,-0.20132999,-0.115017295,0.3918919,-0.1265389,4,0.3918918967247009
4b309d22d903f3756be800a0,301556.SZ,托普云农,2024-06-15,-0.13541006,0.43265274,-0.3346214,0.062772,-0.21731171,0.06840023,1,0.4326527416706085
6ee51c81a9b344443af68576,301575.SZ,艾芬达,2024-06-15,0.075864576,-0.15522026,0.14622408,-0.072853915,0.1743893,-0.07677522,4,0.1743893027305603
634665d7cdc941182c3da0f7,301603.SZ,乔锋智能,2024-06-15,0.15569337,-0.20740467,0.04532098,-0.09748273,0.2964028,-0.11599803,4,0.29640281200408936
844fd9caafd68ff7ca2cab06,301628.SZ,强达电路,2024-04-05,0.24138312,-0.4442352,0.12619652,-0.23557168,0.6614041,-0.19969699,4,0.6614040732383728
f4bd7cc6d2d514cdb384fec7,301631.SZ,壹连科技,2024-06-15,0.33118376,-0.35597792,0.005187612,-0.29326865,0.6342688,-0.1897152,4,0.6342688202857971
3c9efddb204b2942715e898e,301662.SZ,宏工科技,2024-06-15,0.32839882,-0.4391039,0.27936485,-0.12489189,0.46595776,-0.23559272,4,0.46595776081085205
a00c67bd86cc3a76c6adeef5,301678.SZ,新恒汇,2024-06-15,0.20628178,-0.3183376,0.082799904,-0.16616969,0.49954894,-0.17826249,4,0.49954894185066223
96c3377f1e5be82c843fc424,601096.SH,宏盛华源,2024-06-30,0.07940824,0.009026425,0.10908398,-0.088806994,-0.06445061,-0.0017158892,2,0.10908398032188416
b70930b12a008319484e0f6a,603075.SH,热威股份,2024-06-15,0.2535258,-0.39431548,0.25762972,-0.23247966,0.4561964,-0.17047715,4,0.4561963975429535
11521d1c108ed445428b88e4,603205.SH,健尔康,2024-04-05,-0.18314737,-0.098661944,0.098147355,0.51208735,-0.15176356,-0.021403342,3,0.512087345123291
0fdac0765ca3c4c717eb55f2,603273.SH,天元智能,2024-06-15,0.25603372,-0.2920457,0.32711968,-0.20077807,0.25612128,-0.10377161,2,0.3271196782588959
6ed171164035118d775cab94,603275.SH,众辰科技,2024-06-15,0.29416433,-0.23422784,0.011226427,-0.17741516,0.4104638,-0.13943441,4,0.410463809967041
ead830d9350e2772413ec5f7,603310.SH,巍华新材,2024-06-30,-0.013410261,-0.29206377,0.57594603,0.18899846,-0.090379596,-0.07282799,2,0.575946033000946
1666697549dfe248f36315d6,603350.SH,安乃达,2024-06-15,0.66197956,-0.21366015,-0.0628439,-0.28649968,0.39677966,-0.11168309,0,0.6619795560836792
08a54799da9a0bfbac8230f5,688146.SH,中船特气,2024-06-30,0.05317741,-0.3176388,0.20973647,-0.02643454,0.25335032,-0.13249761,4,0.25335031747817993
e596b91ae56522c2a8e61e67,688429.SH,时创能源,2024-03-15,0.5991738,-0.26507947,0.113989025,-0.1672038,0.28490853,-0.08774054,0,0.5991737842559814
cc4cd57dc561ab6cc047c442,688443.SH,智翔金泰-U,2024-04-05,-0.17483503,0.030837778,-0.12022678,0.49227408,-0.17639075,0.018305797,3,0.49227407574653625
776e17c8c8fae854fc284907,688484.SH,南芯科技,2024-03-15,0.20060427,-0.291645,-0.06957724,-0.12906174,0.56008863,-0.16510254,4,0.5600886344909668
3a081eb67ec12562e7253a50,688523.SH,航天环宇,2024-06-15,0.10158121,-0.17076285,0.11272015,-0.10002529,0.21084125,-0.10821124,4,0.21084125339984894
c247f840bcd7d823b1ab6ef0,688531.SH,日联科技,2024-06-15,0.31710204,-0.41883644,0.0952893,-0.14758036,0.6197629,-0.2503584,4,0.6197628974914551
7d37934eca743986dd0f367b,688543.SH,国科军工,2024-06-30,0.12625141,-0.17041612,0.05900378,-0.10583285,0.27429616,-0.13552128,4,0.2742961645126343
da6323f022aafa32eb3f14f0,688563.SH,航材股份,2024-06-30,0.14125143,-0.31785896,0.27657363,-0.11488852,0.24333805,-0.12469917,2,0.27657362818717957
5ae244372dc2927baf7fcc27,688570.SH,天玛智控,2024-06-30,0.19500118,0.015563237,-0.15504864,-0.12646325,0.2381557,-0.09044662,4,0.23815569281578064
3112a54edb00f5f7bc84eaac,688576.SH,西山科技,2024-06-30,0.065060906,-0.06996725,-0.15238793,0.21719635,0.19485025,-0.08659553,3,0.21719634532928467
4f8370ce76a4c91faedb9ae2,688582.SH,芯动联科,2024-06-30,0.10962503,-0.22660947,-0.08714207,-0.12985016,0.5099856,-0.17102143,4,0.509985625743866
a653af3288e27b75690db473,688610.SH,埃科光电,2024-06-15,0.15341552,-0.18878193,-0.05999167,-0.096872926,0.40914,-0.1636513,4,0.4091399908065796
7c4cd94d9b93081e39fece8e,688612.SH,威迈斯,2024-03-25,0.33564487,-0.2888203,-0.07332616,-0.2370633,0.60337013,-0.17479056,4,0.6033701300621033
a6919318b9f34249cb722420,688623.SH,双元科技,2024-06-15,0.26754695,-0.31823182,0.08750507,-0.17300625,0.5150429,-0.20261072,4,0.5150429010391235
f56bab813cbc88a85af4b613,688631.SH,莱斯信息,2024-03-15,-0.031636395,0.4360247,-0.4035625,-0.11932134,-0.035399303,0.009827495,1,0.4360246956348419
d5f1db359aa62b6f7029fc95,688646.SH,ST逸飞,2024-04-05,0.20810968,-0.2935404,0.03932851,-0.1392366,0.4404625,-0.15924257,4,0.44046249985694885
e6ff5d4972e365c384abf429,920087.BJ,秋乐种业,2024-06-15,-0.11964432,0.07533695,-0.0055559976,0.12641014,-0.17682123,0.038469233,3,0.12641014158725739
822ff0993fd4230cb4c904f5,920139.BJ,华岭股份,2024-06-28,0.06994904,-0.046859223,-0.23263037,-0.10191577,0.3664415,-0.0935228,4,0.3664414882659912
85a5fc44d7c0d70c136e5708,920195.BJ,三祥科技,2024-06-15,0.255326,-0.37257186,0.1357244,-0.24222426,0.5233865,-0.18343616,4,0.5233864784240723
0ab65dce994fd0e8636304b4,920199.BJ,倍益康,2024-06-15,-0.08756979,0.1422646,-0.17591752,0.14140323,-0.04334645,0.023762137,1,0.14226460456848145
9f5ee6a421e16acae7360248,920252.BJ,天宏锂电,2024-03-20,0.5352607,-0.22393522,0.025586812,-0.18215106,0.29662648,-0.11392559,0,0.5352606773376465
c0ec22fe171bb014635834da,920374.BJ,云里物里,2024-06-15,0.10238071,0.01821791,-0.17997289,-0.06418386,0.25537997,-0.09082331,4,0.25537997484207153
21101f06465ce502d594da31,920422.BJ,润普食品,2024-03-25,-0.09803358,-0.15265587,0.14243875,0.3021402,-0.10100953,-0.037349865,3,0.3021402060985565
7865b98b8c3dcb4b7582e05b,920527.BJ,夜光明,2024-06-30,0.05355418,-0.3740604,0.45822075,-0.015811909,0.24475245,-0.15741885,2,0.4582207500934601
cae796dfe82977b77ce29cc9,920641.BJ,格利尔,2024-06-15,0.18825965,-0.19325374,0.07657547,-0.13046885,0.28340474,-0.118468545,4,0.28340473771095276
47089e0c3e7928032720bac7,920802.BJ,保丽洁,2024-06-15,0.15008377,-0.12599006,0.15570414,-0.05712723,0.11609962,-0.106855966,2,0.15570414066314697
675e5b90e3038f42b3c70725,920808.BJ,曙光数创,2024-06-15,0.09913454,0.0688439,-0.12645192,-0.11545694,0.12871589,-0.05175492,4,0.1287158876657486
d23aa1f5854d4ed66ed79d92,920855.BJ,浙江大农,2024-06-15,-0.000102086095,0.009246642,-0.022246439,0.03636037,-0.0062698387,-0.016005732,3,0.036360371857881546
54c80dfd6a8522e554169691,920906.BJ,舜宇精工,2024-06-15,0.18012516,-0.4165204,0.16313264,-0.21513079,0.54161155,-0.15177831,4,0.5416115522384644
7c34e090d287372720f41596,920942.BJ,恒立钻具,2024-06-15,0.11473406,-0.20344,0.1745607,-0.005441776,0.16993636,-0.11113142,2,0.17456069588661194
5b2085d8ff9d52a147b3f3fc,920957.BJ,汉维科技,2024-06-15,0.15719774,-0.4301052,0.5283301,-0.053063158,0.20493926,-0.17355826,2,0.5283300876617432
50d2cf8d33db7261e839a7c2,301446.SZ,福事特,2024-06-15,0.23022752,-0.25963998,0.14416827,-0.1512284,0.3130049,-0.1439983,4,0.31300491094589233
95dbade06c9879e8a8353a09,301522.SZ,上大股份,2024-06-15,-0.1128557,0.086426646,-0.06528009,0.02216686,-0.11789559,0.043225512,1,0.08642664551734924
8eecd5f9a7c3d54fde3f8b21,301557.SZ,常友科技,2024-06-28,0.67322165,-0.50466853,0.37554815,-0.23922248,0.386471,-0.18833292,0,0.6732216477394104
4c41713e840ac114f64e9816,301584.SZ,建发致新,2024-03-20,-0.15323108,0.21491116,-0.21533027,0.20722544,-0.17538926,0.06803574,1,0.21491116285324097
a7a35a841b1a4bf5a6f752bc,301592.SZ,六九一二,2024-06-15,0.033352476,0.12248429,-0.20264092,-0.15016109,0.15823424,-0.056279607,4,0.15823423862457275
8d7bddf459e4586bab7451a8,301611.SZ,珂玛科技,2024-06-15,0.19579786,-0.5086386,0.30036905,-0.03138289,0.5010759,-0.2415017,4,0.5010759234428406
35aa9117d6382f42e350bc2c,301618.SZ,长联科技,2026-04-15,-0.009757483,-0.18337548,0.2945318,0.063404344,0.0039053373,-0.06774007,2,0.29453179240226746
83d482bc95f7760df00946ad,301630.SZ,同宇新材,2024-06-15,0.15814428,-0.44976217,0.44911337,-0.14498574,0.36186516,-0.18388055,2,0.4491133689880371
56d493a31af1aa9627e13694,688433.SH,华曙高科,2024-06-15,0.20354906,-0.3969818,0.17315954,-0.042340606,0.44738925,-0.20460002,4,0.44738924503326416
c881382c6fbf048cca48c34b,688507.SH,索辰科技,2024-06-30,0.06951089,0.11263834,-0.2356961,-0.07175722,0.18422157,-0.0732012,4,0.1842215657234192
a28dd48ddbecfd9c16b784d5,688515.SH,裕太微-U,2024-03-15,0.19207197,-0.2681003,-0.089041695,-0.18114655,0.564399,-0.16748172,4,0.564399003982544
b8dca8b868314fe6fb24e272,688552.SH,航天南湖,2024-06-15,0.006875081,0.072404854,-0.15239486,-0.062110398,0.1249608,-0.05581629,4,0.12496080249547958
9a7902738b7c9d68177d6040,688573.SH,信宇人,2024-06-15,0.28923735,-0.39145857,0.09725815,-0.18424581,0.5794363,-0.1861439,4,0.5794363021850586
d118f30af8846d2338888ba7,688592.SH,司南导航,2024-06-15,0.09846633,0.036258414,-0.26687413,-0.077975325,0.27626663,-0.0699683,4,0.2762666344642639
59625d806e43c18ac4bdb3a3,688593.SH,新相微,2024-06-15,0.12602259,-0.2971463,-0.06395911,-0.10710098,0.56435245,-0.15574478,4,0.5643524527549744
140a6da2f1452eabd3088e4a,688629.SH,华丰科技,2024-03-25,0.24507366,-0.35532922,0.06382,-0.16819838,0.53552246,-0.2067003,4,0.5355224609375
b93dffd85b8bdfe10372bb8e,688638.SH,誉辰智能,2024-06-15,0.3388926,-0.35416612,0.07118295,-0.2512965,0.5629052,-0.17704323,4,0.5629051923751831
3a09266a2fa65d0fdea65574,688651.SH,盛邦安全,2024-03-15,-0.11655109,0.41497293,-0.4310598,0.08278154,-0.08553847,0.0077570993,1,0.4149729311466217
aa624fac9337dd968e43e964,688692.SH,达梦数据,2024-03-15,-0.074855044,0.40651783,-0.4049886,-0.0028845053,-0.06608869,0.015277622,1,0.4065178334712982
9f7424d8399537c6688f933b,688695.SH,中创股份,2024-06-15,-0.038051616,0.3542169,-0.36132076,0.055134468,-0.05015375,-0.010009196,1,0.35421690344810486
e97714e215d630b6d956ca42,688759.SH,必贝特-U,2024-06-15,-0.1829103,0.06312141,-0.17931676,0.5458652,-0.18181907,0.021347255,3,0.5458651781082153
c72db17c40b178744029f6ef,920014.BJ,特瑞斯,2024-06-15,0.22917467,-0.0017221272,-0.058896627,-0.15333103,0.20692733,-0.075833395,0,0.2291746735572815
f1e6a79361676b20eaf25b14,920033.BJ,康普化学,2024-06-15,-0.019950194,-0.2511915,0.39380157,0.10201227,-0.030225111,-0.06273797,2,0.39380156993865967
52bd5540993f0f9087a98a26,920057.BJ,百甲科技,2024-03-28,0.014974613,0.039817438,0.024743736,-0.0868362,-0.027964141,0.025342327,1,0.039817437529563904
79b04824fec1febdc3894489,920075.BJ,柏星龙,2024-06-15,-0.12602128,0.0247175,0.04411256,0.06206508,-0.05473314,0.02309592,3,0.06206507980823517
dd35214e39bfddaf1d8a3522,920190.BJ,雷神科技,2024-06-15,-0.02652102,0.07203262,-0.1789974,-0.066858634,0.11283852,0.04011769,4,0.11283852159976959
3e7e48c793946a816399d085,920208.BJ,青矩技术,2024-06-15,-0.10477028,0.48317766,-0.30884495,-0.08156352,-0.24571246,0.09506666,1,0.48317766189575195
40689d439567032358a9499e,920227.BJ,美登科技,2024-06-15,0.23129259,-0.029450819,-0.16913764,-0.1732691,0.34447348,-0.14714788,4,0.3444734811782837
38ab3c4fabaa8af2acbfc543,920249.BJ,利尔达,2024-03-15,0.1410306,-0.028070346,-0.22786376,-0.14569056,0.37550563,-0.09407829,4,0.37550562620162964
0449df4762e433007b8d8b25,920262.BJ,太湖雪,2024-06-15,-0.16503637,0.04837567,0.09148936,0.101132475,-0.17691311,0.071083754,3,0.10113247483968735
31044cf66298a23e3c3d12db,920300.BJ,辰光医疗,2024-06-15,0.11799988,-0.14403741,-0.08349156,0.26464456,0.23890376,-0.1250795,3,0.2646445631980896
f66ca089b852cf45119d5066,920339.BJ,恒太照明,2024-06-15,-0.007009349,-0.043996908,0.0289113,-0.0404922,0.09519931,-0.0061278576,4,0.09519930928945541
ff0ed4495a66f554acd50da4,920351.BJ,华光源海,2024-06-15,-0.16813976,0.2777867,-0.15359467,0.07026803,-0.2661745,0.07665768,1,0.2777867019176483
793710725b160998c715fef7,920371.BJ,欧福蛋业,2024-06-30,-0.09593281,-0.11297482,0.1358186,0.38347864,-0.14905262,-0.02324332,3,0.38347864151000977
85576633fcac5b7a42d61019,920392.BJ,佳合科技,2024-06-15,-0.013832126,-0.09709897,0.060751833,-0.013051373,0.07049798,-0.057297472,4,0.07049798220396042
24576e6acf2242a5bb92f413,920414.BJ,欧普泰,2024-06-15,0.2237283,-0.19742784,0.001305569,-0.12291324,0.35732028,-0.13684979,4,0.35732027888298035
1742747030d6a045e62f43e1,920478.BJ,峆一药业,2024-03-15,-0.14477152,-0.121143855,0.07289057,0.5511408,-0.14823887,-0.046693712,3,0.5511407852172852
32f20edf171194e7722bb12b,920493.BJ,并行科技,2024-06-15,0.003591734,0.2526231,-0.29501104,-0.057102375,0.0031149625,-0.0015981849,1,0.2526231110095978
565953fcf3a070a925478812,920526.BJ,凯华材料,2024-04-05,0.15092435,-0.3988071,0.36733416,-0.10861978,0.30823672,-0.15193558,2,0.36733415722846985
06ca43c9c178f8a5de184e12,920541.BJ,铁大科技,2024-06-15,0.04820784,0.14041989,-0.20035559,-0.079299726,0.07456269,-0.021541277,1,0.1404198855161667
aaabb6d6bbe0a531ff692542,920579.BJ,机科股份,2024-06-15,0.09481112,-0.0010085385,-0.13449027,-0.107248984,0.21675104,-0.068045735,4,0.21675103902816772
43f6e08e4fb35a714aeba539,920634.BJ,新威凌,2024-03-15,0.07498107,-0.21259306,0.22461149,-0.008984781,0.07075991,-0.072623864,2,0.22461149096488953
813442322624684dd98dd5ec,920663.BJ,明阳科技,2024-04-05,0.2956505,-0.4715755,0.29681247,-0.21042745,0.49117205,-0.19046944,4,0.49117204546928406
cc2bd9b39e0327e5d9c39271,920748.BJ,路桥信息,2024-06-15,-0.04413204,0.3701531,-0.36501187,-0.07102505,-0.07042908,0.093790144,1,0.3701530992984772
23fe85ab0a94359c585a2524,920770.BJ,艾能聚,2024-06-15,0.16772458,0.33326256,-0.22547947,0.0045526363,-0.36449265,0.16695479,1,0.33326256275177
57a3876baca23975019b1efd,920781.BJ,瑞奇智造,2024-06-15,0.19799441,-0.2636233,0.20227154,-0.15503868,0.28047115,-0.13366324,4,0.28047114610671997
5eb10eeb2a3c611cbb3df517,920792.BJ,东和新材,2024-06-15,0.030768974,-0.22180216,0.30071414,-0.026221633,0.029361611,-0.056663714,2,0.3007141351699829
bbe31f829ba6b4002a506de0,920810.BJ,春光智能,2024-06-15,0.17398304,-0.28623027,0.1325608,-0.18068296,0.347737,-0.10730623,4,0.34773701429367065
87e7cbba8f00829fc765923f,920950.BJ,迅安科技,2024-06-15,0.32386836,-0.3600575,0.057297975,-0.25123852,0.5503505,-0.19639406,4,0.5503504872322083
a9b00d1445d1c972e1a98be2,920992.BJ,中科美菱,2024-06-15,-0.009791471,-0.047288183,-0.09777898,0.3474842,0.071386546,-0.086181976,3,0.34748420119285583
36d5a4e809556ccf3bea90e1,001221.SZ,悍高集团,2024-06-15,0.042107157,-0.14734833,0.23214641,-0.06083857,0.06460406,-0.030363835,2,0.23214641213417053
b6b87e91b999404f54f0e699,001239.SZ,永达股份,2024-06-28,0.10814949,-0.24642086,0.251075,-0.13301276,0.1629454,-0.07000044,2,0.25107499957084656
f64fe9686060b7e180509319,001277.SZ,速达股份,2024-06-15,0.1840605,-0.016003774,-0.0626269,-0.10313612,0.16325156,-0.07137013,0,0.1840604990720749
5496b993f15f9990f22ff5fb,001356.SZ,富岭股份,2024-07-01,-0.10348738,-0.1197732,0.27419138,0.034767065,-0.032982815,0.016945494,2,0.27419137954711914
5b45fa94a631b81e60dfb5c8,001359.SZ,平安电工,2024-06-15,0.1681545,-0.33026493,0.30221727,-0.11336305,0.23117,-0.122261055,2,0.3022172749042511
f875d2df9d58944b7649ae42,001369.SZ,双欣材料,2024-06-15,-2.9996969e-05,-0.18017893,0.2606704,0.014656788,0.007107662,-0.048092727,2,0.26067039370536804
50fd208542255f0db05b58e9,001379.SZ,腾达科技,2024-06-15,0.2175973,-0.121395126,-0.13629095,-0.16088907,0.38324216,-0.102906555,4,0.3832421600818634
482857dc12e062441712f33b,001389.SZ,广合科技,2024-06-15,0.2758529,-0.32359436,0.025919212,-0.24917668,0.5809786,-0.16654925,4,0.5809785723686218
9a936412519685c17a49cb5e,001390.SZ,古麒绒材,2024-06-15,-0.0412742,-0.20103435,0.30109036,0.028332714,-0.0071624136,-0.052924782,2,0.3010903596878052
79855d3337ef53b35bc558c4,301560.SZ,众捷汽车,2024-06-15,0.32135272,-0.3573321,0.01958518,-0.28903472,0.6232578,-0.19341952,4,0.6232578158378601
e39f0f534433929e6dcdf5b3,301600.SZ,慧翰股份,2024-06-15,0.1005935,0.015611002,-0.22950351,-0.14966017,0.2950219,-0.099721625,4,0.2950218915939331
e843afe1d84c137b44b1301c,301622.SZ,英思特,2024-04-05,0.15785734,-0.19334,0.0862726,-0.12326965,0.23756574,-0.10293914,4,0.23756574094295502
98588a65815aeebfa2466628,600930.SH,华电新能,2024-03-25,-0.077079356,0.21380831,-0.07439608,-0.03330522,-0.25776997,0.0982523,1,0.2138083130121231
4bd7dd4364f488a2a926a191,603082.SH,北自科技,2024-06-15,0.047719073,0.080023095,-0.15556279,-0.120181516,0.08666909,0.000749856,4,0.08666908740997314
2dfd6f8e13d7d8ba74a7dbe1,603124.SH,江南新材,2024-06-15,0.08848106,-0.2546998,0.2134094,-0.06533802,0.16153353,-0.088492304,2,0.2134093940258026
4e805267de7088121cb1db5c,603194.SH,中力股份,2024-07-01,0.108193025,-0.033569045,0.020213865,-0.08614126,0.08335174,-0.019509315,0,0.10819302499294281
be684257fa953e614d09254d,603207.SH,小方制药,2024-06-15,-0.24096283,0.051397953,-0.08654323,0.62709785,-0.2825526,0.058528274,3,0.6270978450775146
1ddfa9ba22694095b17be355,603231.SH,索宝蛋白,2024-06-15,-0.043067887,-0.19951919,0.244476,0.34965712,-0.098610595,-0.053153187,3,0.3496571183204651
aaa4f42625860c927b05bd9a,603257.SH,中国瑞林,2024-06-15,-0.005454643,0.030480059,0.13956738,-0.072337106,-0.103296965,-0.005930458,2,0.13956737518310547
43999342d31a53496744fe8f,603270.SH,金帝股份,2024-06-30,0.22973555,-0.44285965,0.31286743,-0.19454095,0.427812,-0.15769163,4,0.42781201004981995
c5b9de534da107ba73bd4780,603271.SH,永杰新材,2024-06-15,0.093175255,-0.30710125,0.3370676,-0.07224769,0.14754795,-0.08931239,2,0.3370676040649414
cafea41f50e414354d1d8fca,603285.SH,键邦股份,2024-06-15,0.06107176,-0.44990635,0.65156,0.064891584,0.07778686,-0.14763978,2,0.6515600085258484
de5fd683ef9b5208fbe417a5,603296.SH,华勤技术,2024-06-15,0.15238431,-0.111998245,-0.20173393,-0.22717807,0.51730293,-0.09024281,4,0.517302930355072
cc07795a45f62be80e5c0f99,603344.SH,星德胜,2024-06-15,0.73423076,-0.39759454,0.13576153,-0.31074548,0.47469747,-0.16841893,0,0.7342307567596436
c3ff6d4e1d17fda49ae94a8b,603375.SH,盛景微,2024-06-15,0.21247078,-0.19043672,0.01504865,-0.093730845,0.3379714,-0.14976099,4,0.33797138929367065
36f71d9a93bf86a0c9525793,603391.SH,力聚热能,2024-04-05,0.14741096,0.041751463,0.091878995,-0.15746124,-0.009819657,0.027627364,0,0.14741095900535583
5a64ca86de97813c1f013d32,603395.SH,红四方,2024-06-15,-0.122873805,-0.0049556196,0.18692532,0.21879485,-0.2567247,0.03145644,3,0.21879485249519348
17be6b4a3706408f3e474c96,688334.SH,西高院,2024-06-15,0.3899211,0.052251305,-0.14426294,-0.14959057,0.053301815,-0.04779273,0,0.389921098947525
ddcd94e5793c73b5d5d450cc,688450.SH,光格科技,2024-03-20,0.19973925,0.016999401,-0.13945481,-0.13304368,0.19454257,-0.079409,0,0.1997392475605011
5859656ab398b31aa1a6c2c4,688469.SH,芯联集成-U,2024-03-25,0.23638734,-0.41551855,0.116175495,-0.19192348,0.5802093,-0.18348098,4,0.5802093148231506
2079a61db696e50673a993b1,688539.SH,高华科技,2024-06-15,0.17797323,-0.16424951,-0.08867463,-0.159403,0.42093095,-0.16599545,4,0.420930951833725
2344ad70f8f38f297f1d186c,688591.SH,泰凌微,2024-06-15,0.1252855,-0.12223542,-0.21044388,-0.10874697,0.4652324,-0.11162405,4,0.46523240208625793
35abfbada35642c1d6db0465,688603.SH,天承科技,2024-06-15,0.1725411,-0.51497585,0.44234338,-0.047790937,0.41811973,-0.19814502,2,0.4423433840274811
97edc0d7ca9ce55078039f2f,688648.SH,中邮科技,2024-06-15,0.01685492,0.09790419,-0.16499342,-0.017291479,0.03962798,0.0040175347,1,0.09790419042110443
117c5af782b283a395930231,688717.SH,艾罗能源,2024-06-15,0.5152662,0.049891602,-0.1997023,-0.16398627,0.15424097,-0.010076566,0,0.5152661800384521
47a0f7a8b1ff64b6e4b0ec24,920001.BJ,纬达光电,2024-06-30,0.17765227,-0.46179193,0.21491088,-0.14620997,0.57207245,-0.20208094,4,0.572072446346283
bc04ba9b2812e7ffdef635c5,920221.BJ,易实精密,2024-06-15,0.25542134,-0.47743616,0.23712477,-0.23765774,0.56715626,-0.1747048,4,0.5671562552452087
c6d726808a5c7f86fef0018f,920357.BJ,雅葆轩,2024-06-15,0.1451245,-0.4124259,0.17997965,-0.1732694,0.49807122,-0.16372105,4,0.49807122349739075
3ef7b4853f665e0b2355e4fe,920394.BJ,民士达,2024-06-15,0.13872764,-0.32317686,0.27999648,-0.111646436,0.24833466,-0.12975225,2,0.27999648451805115
f8df8f28bac50c9e61160177,920407.BJ,驰诚股份,2024-03-15,0.18999225,-0.15115476,0.0128909405,-0.09891284,0.26603296,-0.1426944,4,0.26603296399116516
f068ac4adae3a9c9a32ee37c,920425.BJ,乐创技术,2024-03-20,0.20606072,-0.18852052,-0.10586533,-0.16001955,0.45743442,-0.15591693,4,0.45743441581726074
17d1d7f170158e7372df412f,920455.BJ,汇隆活塞,2024-06-15,0.22445537,-0.34353065,0.25179166,-0.1733423,0.32443404,-0.14477623,4,0.3244340419769287
d7a88859a17a68367ef8710b,920471.BJ,美邦科技,2024-03-15,-0.06019687,-0.16927679,0.32446724,0.1732664,-0.0658066,-0.062288355,2,0.3244672417640686
6dd18dfb61858a7c5bd62243,920505.BJ,九菱科技,2024-06-15,0.23651606,-0.42467096,0.22713414,-0.15747608,0.4512455,-0.17536962,4,0.4512454867362976
818a75c2f4e4b383002728e9,920592.BJ,华信永道,2024-06-15,-0.17673302,0.54679245,-0.4649835,-0.0075104795,-0.23192835,0.11048674,1,0.5467924475669861
6dedfea9cfe639206cb1012a,920694.BJ,中裕科技,2024-03-15,0.21298735,-0.38137394,0.36226076,-0.110367104,0.29373494,-0.17390916,2,0.36226075887680054
7ba6c4cd71ca59e85eb0e7c2,920779.BJ,武汉蓝电,2024-06-15,0.17592779,-0.18050753,-0.048904143,-0.052650765,0.33500552,-0.13849771,4,0.335005521774292
8a8615be02caeecff6ded234,920786.BJ,骑士乳业,2024-06-15,-0.14330417,0.107565716,-0.02995761,0.10483041,-0.19067796,0.061138507,1,0.10756571590900421
754349dd6e0dfa2d5c207a68,920807.BJ,奔朗新材,2024-06-30,0.19665547,-0.42124698,0.3252086,-0.13610795,0.37103242,-0.1547527,4,0.3710324168205261
4e9b006c37d6c1ffdcef3677,920837.BJ,华原股份,2024-06-15,0.15348415,-0.24143064,0.11771012,-0.12319141,0.2807141,-0.12023643,4,0.28071409463882446
12dbe393103c37d335673a83,001335.SZ,信凯科技,2024-06-15,0.19918844,-0.5853428,0.56247795,-0.13626376,0.46412638,-0.2319297,2,0.5624779462814331
0353a363c4aa380cf905334a,001387.SZ,雪祺电气,2024-06-15,-0.0044953376,-0.021560911,0.03906162,-0.01653275,0.067652546,-0.0064134337,4,0.06765254586935043
5ed22b5e157cd8f3cb9f8eec,301458.SZ,钧崴电子,2024-06-15,0.31580818,-0.5141671,0.15801257,-0.20533967,0.6951188,-0.24602267,4,0.69511878490448
b728d21cd9318eb365b1cadf,301585.SZ,蓝宇股份,2024-06-15,0.08035986,-0.31093708,0.29803216,-0.08086507,0.19124885,-0.09984366,2,0.29803216457366943
1960328fa641d0e5f3682fa3,301590.SZ,优优绿能,2024-06-15,0.71378744,-0.26826492,-0.026846096,-0.30993444,0.46262145,-0.16348751,0,0.7137874364852905
747e83c8ba99340f91192941,301595.SZ,太力科技,2024-06-15,-0.021078143,-0.058301456,0.04552865,0.026165783,0.05405093,-0.018417789,4,0.054050929844379425
52d8698d3c91217fbc078abb,301613.SZ,新铝时代,2024-06-15,0.18602885,-0.34396246,0.19446632,-0.18113862,0.37354243,-0.10990887,4,0.3735424280166626
89da86260ca113f7901a009f,601033.SH,永兴股份,2024-06-15,0.15359008,-0.38015682,0.43426293,-0.12850064,0.1851263,-0.13096756,2,0.4342629313468933
dab97e6acf94b808bfc9e2dc,603062.SH,麦加芯彩,2024-06-15,0.0420639,-0.1717994,0.31457478,0.01235542,-0.016947158,-0.028719766,2,0.3145747780799866
cd2d4d314242f7897db85605,603091.SH,众鑫股份,2024-06-15,0.02142653,-0.26719227,0.46111867,0.04744543,-0.025949039,-0.06508788,2,0.4611186683177948
0432e1e12ea5384b88a80161,688347.SH,华虹公司,2024-06-30,0.16436163,-0.38872987,0.061150968,-0.1406585,0.55520666,-0.17468481,4,0.5552066564559937
b11ebee549ca3112ce422497,688449.SH,联芸科技,2024-03-25,0.011716811,-0.033369362,-0.026763769,-0.026208196,0.079005525,-0.02342391,4,0.07900552451610565
c0a082ee99979712daec9603,688530.SH,欧莱新材,2024-06-15,0.11371764,-0.47783652,0.28672788,-0.095415615,0.44046146,-0.17397091,4,0.4404614567756653
c3973d8c955b1b01634aab45,688548.SH,广钢气体,2024-06-30,0.057657275,-0.19937447,0.3779598,-0.051872518,0.03402469,-0.07484552,2,0.3779597878456116
4561e8a39e877ecd8b1b254c,688652.SH,京仪装备,2024-03-25,0.22069135,-0.33460206,0.018307112,-0.136887,0.56920177,-0.20766914,4,0.5692017674446106
4349cefcd62f78ab0c526d8f,688653.SH,康希通信,2024-06-15,0.13354117,-0.22897941,-0.083808444,-0.13092813,0.4990607,-0.1469793,4,0.4990606904029846
d5c1f5e081c84ebe98030924,688691.SH,灿芯股份,2024-06-30,0.03237718,-0.033190355,-0.24704418,-0.11522253,0.35681522,-0.060028307,4,0.3568152189254761
24fde65b3df27708aebd66db,688710.SH,益诺思,2024-06-15,-0.12438528,0.14908725,-0.19089557,0.38087368,-0.16947468,0.023941506,3,0.3808736801147461
b62b4a5e6f47047e0373f4fe,688719.SH,爱科赛博,2024-03-25,0.4835822,-0.15505265,-0.10083477,-0.12433716,0.2779937,-0.12605375,0,0.48358219861984253
75a99cba8094acb12cd98148,688720.SH,艾森股份,2024-06-15,0.18906379,-0.5131922,0.25021812,-0.03880226,0.5294183,-0.21606874,4,0.5294182896614075
09eb3429b20f9e4c1cd53312,688758.SH,赛分科技,2024-06-15,-0.036671773,-0.27311066,0.3307942,0.22912988,0.10008676,-0.12462714,2,0.33079418540000916
024fd80278c12c1c0684a018,688765.SH,禾元生物-U,2024-06-15,-0.15043405,-0.05950994,-0.03424403,0.5373144,-0.13757114,-0.027888305,3,0.5373144149780273
9ec3d87403565ebb5b4a14ff,920006.BJ,晟楠科技,2024-06-15,0.19299844,-0.2515732,0.0663415,-0.1658574,0.35092422,-0.14409043,4,0.35092422366142273
16ffb42eeccd81ffdc587eea,920016.BJ,中草香料,2024-06-15,-0.09601608,-0.08397432,0.100807875,0.15575871,-0.061540917,-0.036114007,3,0.15575870871543884
33a00aebe9f1ba66e5ed562c,920099.BJ,瑞华技术,2024-06-15,-0.09497357,0.07225039,-0.07149685,0.018730922,-0.09551512,0.039845537,1,0.07225038856267929
80c5dc14c8dfbe5d89b32eb9,920175.BJ,东方碳素,2024-06-15,0.19812092,-0.46213835,0.48675185,-0.11024826,0.29644978,-0.18814328,2,0.48675185441970825
98a4904726e4702d76e1df0d,920274.BJ,宏裕包材,2024-06-15,0.009444,-0.22660127,0.2688601,0.073404245,0.059365425,-0.08027308,2,0.2688601016998291
3dbf7b1cce5c084398b5adef,920284.BJ,灵鸽科技,2024-06-15,0.29200962,-0.40480158,0.23296343,-0.092693545,0.4335032,-0.21782476,4,0.4335032105445862
fd42a2e253e18065e9af0e91,920304.BJ,迪尔化工,2024-06-15,0.09440415,-0.4079939,0.5424677,0.04733036,0.122082286,-0.1701199,2,0.5424677133560181
e1c08f8fbd3ed3f1100041ba,920375.BJ,派诺科技,2024-06-15,0.5655583,-0.0043111295,-0.19020575,-0.13949081,0.18666008,-0.09272407,0,0.5655583143234253
7311ab813e2ce79c8432ca8c,920438.BJ,戈碧迦,2024-04-05,0.09487449,-0.40598232,0.28905854,-0.069552414,0.32375288,-0.16077036,4,0.32375288009643555
18011b56b77c514ed2bfe759,920469.BJ,富恒新材,2024-03-15,0.113846526,-0.36421916,0.35202095,-0.12262544,0.24090846,-0.12161599,2,0.3520209491252899
908e101d96f645f476db2673,920496.BJ,许昌智能,2024-03-25,0.4221735,0.12921053,-0.20847932,-0.12606367,0.041315243,-0.03917846,0,0.42217350006103516
2733215e166f4a5a80f78767,920504.BJ,博迅生物,2024-04-05,-0.09430173,-0.06533854,-0.09167697,0.46006495,-0.030490182,-0.05901059,3,0.46006494760513306
3426be95b720b8c232b432d9,920519.BJ,万德股份,2024-06-15,0.18034478,-0.40314665,0.39657015,-0.13996324,0.28417212,-0.16357927,2,0.3965701460838318
6a79ecf4c54df8b939eb5642,920576.BJ,天力复合,2024-03-20,0.12705892,-0.2907332,0.3390488,-0.13065341,0.14921263,-0.115540355,2,0.3390488028526306
707f8d53ab3564bcaa46e98c,920578.BJ,巨能股份,2024-06-15,0.15293084,-0.1778589,0.0478261,-0.13302545,0.2512117,-0.0969026,4,0.2512117028236389
8d774f921101ec26a8957618,920593.BJ,鼎智科技,2024-06-15,0.26377785,-0.30023557,-0.019958353,-0.13726877,0.5244584,-0.17776987,4,0.5244584083557129
2f7e28bbd911923c5e60fe0d,920651.BJ,天罡股份,2024-06-15,0.09489545,0.07863227,-0.20564665,-0.10421935,0.13942769,-0.04397272,4,0.13942769169807434
8cdb91d9575059dc682b634e,920699.BJ,海达尔,2024-04-05,0.1988841,-0.34185436,0.18574667,-0.16549848,0.37696072,-0.15209606,4,0.37696072459220886
27b6ef8fffd343d156e0d578,920701.BJ,豪声电子,2024-06-15,0.24173787,-0.46212226,0.16872197,-0.19580173,0.625446,-0.21594581,4,0.6254460215568542
842d1619df5eb9ea00baa907,920717.BJ,瑞星股份,2024-06-15,0.0033829822,0.18902905,-0.29019454,-0.036283292,0.05319091,-0.011361606,1,0.1890290528535843
afe8cde0a83243b87a21f7fe,920719.BJ,宁新新材,2024-06-15,0.17126761,-0.42839283,0.5014704,-0.13123387,0.24439402,-0.15552665,2,0.5014703869819641
f881094f2c3cd334b5b314fb,920751.BJ,惠同新材,2024-06-15,0.13736506,-0.37672666,0.37648365,-0.098070726,0.21549894,-0.15031648,2,0.37648364901542664
7a96d43df26c2f88b4e1033b,920809.BJ,安达科技,2024-06-15,0.28818285,-0.26963016,0.2332475,-0.044209298,0.1057358,-0.08813316,0,0.2881828546524048
b303ac82132b9135e892de9a,920896.BJ,旺成科技,2024-03-25,0.19922432,-0.309739,0.1581583,-0.19002105,0.35218042,-0.11613647,4,0.3521804213523865
3d44bbdefd8e918cdb2e8182,920926.BJ,鸿智科技,2024-03-25,0.08847326,-0.20641269,0.08437227,-0.08826291,0.27161506,-0.09601101,4,0.27161505818367004
dea0b1cbe86f2b4b48ee13db,920953.BJ,国子软件,2024-06-15,-0.17336799,0.52251697,-0.40470627,0.06167594,-0.25896502,0.07380897,1,0.5225169658660889
ba54cdc733dae2c902a010fc,920976.BJ,视声智能,2024-03-15,0.13579412,0.054284304,-0.16597548,-0.12418811,0.2104048,-0.037424114,4,0.21040479838848114
8cb14dba4c72bff617618e06,920978.BJ,开特股份,2024-06-15,0.24181001,-0.29975295,-0.0014651539,-0.21716964,0.5308891,-0.17000444,4,0.530889093875885
ab9fc8815f5c57fa84a19228,001233.SZ,海安集团,2024-06-15,0.25035104,-0.40916398,0.2549677,-0.23235926,0.41568896,-0.16620255,4,0.41568896174430847
94b52ea46bca1dd4dd368f4a,001325.SZ,元创股份,2024-06-15,0.13723725,-0.21350913,0.15605137,-0.11357314,0.19033419,-0.0837692,4,0.19033418595790863
35c013b12d63292e0c15379e,001382.SZ,新亚电缆,2024-06-15,0.61939394,-0.40458277,0.40026164,-0.16642357,0.18196201,-0.13049112,0,0.6193939447402954
28840dae7cc87e25049c55c0,001391.SZ,国货航,2024-06-15,-0.17536247,0.30888048,-0.13187683,0.037451923,-0.30739626,0.100855395,1,0.308880478143692
10e0cc01d8564e54ad3470d7,001396.SZ,誉帆科技,2024-06-15,-0.06292389,0.21165276,-0.18636091,-0.04833299,-0.12026553,0.07001065,1,0.2116527557373047
bebbee7854f2fdb49a0fa814,301173.SZ,毓恬冠佳,2024-06-30,0.2050898,-0.37429997,0.11793879,-0.21491714,0.5416828,-0.14643131,4,0.541682779788971
7852b1809ed6214d55a19d0f,301479.SZ,弘景光电,2024-06-15,0.2014936,-0.35657248,0.00041666254,-0.211194,0.64957035,-0.19966325,4,0.6495703458786011
428e96b3ac7956bab1860cdb,301581.SZ,黄山谷捷,2024-06-15,0.27519393,-0.47244287,0.25513646,-0.15978839,0.512662,-0.21831289,4,0.5126619935035706
460272d39582a1dd56c5ef8d,301633.SZ,港迪技术,2024-04-05,0.19459589,0.0220031,-0.12919274,-0.17211692,0.23439646,-0.087529026,4,0.23439645767211914
f3796bc4a823c6a6ca0160da,301636.SZ,泽润新能,2024-04-05,0.0035960674,0.09331402,-0.117723,0.025342207,-0.11966685,0.04671156,1,0.0933140218257904
9578c71a22d87773851080b6,301668.SZ,昊创瑞通,2024-06-15,-0.0074910074,0.108791195,-0.12555236,0.02826424,-0.13188054,0.051777154,1,0.10879119485616684
0f790ece4a524dd54d600da8,601026.SH,道生天合,2024-06-15,0.59555084,-0.462422,0.3124709,-0.24523649,0.35041875,-0.14168501,0,0.5955508351325989
b165b36b7f4b01c6ff653a48,601083.SH,锦江航运,2024-06-15,-0.13231355,0.21926083,-0.09503559,0.025269475,-0.24198714,0.09446082,1,0.2192608267068863
9ecd5216dbeb485e2a719608,603049.SH,中策橡胶,2024-03-25,-0.014568057,-0.19883038,0.22047457,-0.060287386,0.14468268,-0.00726917,2,0.22047457098960876
1eae0d57c8e5a5fbe1ff7aa4,603210.SH,泰鸿万立,2024-06-28,0.30407652,-0.46726573,0.23500344,-0.32790875,0.6024816,-0.1793052,4,0.6024816036224365
161762350d84702ed909c736,603248.SH,锡华科技,2024-06-15,-0.056045875,0.19167487,-0.06055145,-0.06845709,-0.20685981,0.10303808,1,0.1916748732328415
b544165db778fa2f47d87ef4,603262.SH,技源集团,2024-06-15,0.0015672194,-0.25205228,0.26962134,0.39229172,-0.069043264,-0.07923574,3,0.39229172468185425
ba2fe248af9a1a3a8d24a630,603312.SH,西典新能,2024-06-30,0.71550584,-0.21640994,0.077157974,-0.2943017,0.27029702,-0.09453294,0,0.715505838394165
64fd96d128c6d20ebe46846d,603334.SH,丰倍生物,2024-06-15,0.14718772,-0.13788728,0.2463478,-0.06906873,0.14116009,-0.06765785,2,0.2463477998971939
40d6f621f005ea9dff0ae9be,603341.SH,龙旗科技,2024-04-05,0.060771704,0.07233759,-0.23154528,-0.16404514,0.2580772,-0.031506035,4,0.2580772042274475
5df9974b58e1c009c0769865,603370.SH,华新精科,2024-06-15,0.71342313,-0.47209564,0.12952979,-0.24246252,0.5433045,-0.23077108,0,0.7134231328964233
10ec283982b95ed4456841f0,603376.SH,大明电子,2024-06-15,0.19568104,-0.26514545,-0.032120265,-0.29357192,0.5200025,-0.10166498,4,0.5200024843215942
fd0faac9a218d8d1d267267b,603381.SH,永臻股份,2024-06-15,0.59732187,-0.521051,0.39454344,-0.15933627,0.3015499,-0.13410465,0,0.5973218679428101
1d3e71b97a903047e35f14aa,603400.SH,华之杰,2024-06-15,0.24739659,-0.18422808,-0.07258453,-0.24268644,0.45750666,-0.11764834,4,0.4575066566467285
f5ba4e8c18bf749c080ccc98,603406.SH,天富龙,2024-06-15,0.124589056,-0.28726906,0.30423015,-0.12377811,0.16796866,-0.09845889,2,0.3042301535606384
f3bc6a77bc41e854b9c35879,603409.SH,汇通控股,2024-06-15,0.16094907,-0.11713724,-0.13496238,-0.27770472,0.4380688,-0.100458324,4,0.43806880712509155
b7b8c90dd7239f55548b58ce,688411.SH,海博思创,2024-06-30,0.59718394,0.07413953,-0.2060929,-0.1378864,0.09406058,-0.044237588,0,0.5971839427947998
7a106827ca266e9732916801,688545.SH,兴福电子,2024-06-15,0.12770128,-0.44017392,0.2571198,-0.007104596,0.4204703,-0.19185248,4,0.42047029733657837
183cead8240aeb6fdf29ad9f,688583.SH,思看科技,2024-06-15,0.1304363,-0.09599186,-0.15754774,-0.07178579,0.35522324,-0.12561482,4,0.35522323846817017
6bf1ef73a8ccdb0c76bc3981,688605.SH,先锋精科,2024-06-15,0.24385774,-0.48912963,0.14090686,-0.13515231,0.63114333,-0.23750219,4,0.63114333152771
b53b5feabd14233df80d9ac6,688721.SH,龙图光罩,2024-06-30,0.14425623,-0.4018573,0.16291007,-0.115521416,0.49270877,-0.18070677,4,0.4927087724208832
da49a01559d44013b17e262a,688726.SH,拉普拉斯,2024-06-15,0.30961725,-0.4820534,0.19350198,-0.14300783,0.6043041,-0.23893338,4,0.6043040752410889
0dc8870930d6104eec3eedbe,688757.SH,胜科纳米,2024-06-15,-0.015323289,-0.0012021754,-0.1397976,0.029999336,0.18236053,-0.06818829,4,0.18236052989959717
ce3371cbd90056bbc900a3d5,688796.SH,百奥赛图,2024-06-15,-0.13753232,0.122580014,-0.16781905,0.3019668,-0.13483614,0.02607823,3,0.3019667863845825
f7504328202309aec7f9b64c,920029.BJ,开发科技,2024-06-15,-0.12246417,0.10149228,-0.107794866,0.024430508,-0.103885315,0.04816968,1,0.10149227827787399
18e026e4386a2307b362d285,920060.BJ,万源通,2024-04-05,0.21581279,-0.25598368,-0.019041395,-0.20154393,0.44698226,-0.13495664,4,0.4469822645187378
1fd836fcacfc430bec55eb63,920061.BJ,西磁科技,2024-04-05,0.33620575,-0.4191984,0.18324293,-0.27220052,0.5330467,-0.1918016,4,0.5330467224121094
46175de5c59be194e665cab1,920091.BJ,大鹏工业,2024-06-15,-0.11209393,0.08715781,-0.10030198,0.02602889,-0.09424266,0.041964844,1,0.08715780824422836
98a5f1322222544cd64dca68,920132.BJ,泰鹏智能,2024-06-15,0.009808494,0.20918368,-0.118272595,-0.09683805,-0.063200444,0.034874864,1,0.2091836780309677
d0100e757ad68ec4731b0c03,920363.BJ,莱赛激光,2024-06-15,0.17331134,-0.15409267,-0.05708365,-0.12251505,0.3891134,-0.13151392,4,0.3891133964061737
646573a63f35e564eef4308d,920403.BJ,康农种业,2024-06-15,-0.09557094,0.03965659,0.013006165,0.115365125,-0.14680482,0.026431061,3,0.11536512523889542
54893ea78f72955fe45b57bb,920522.BJ,纳科诺尔,2024-06-15,0.22076064,-0.37132308,0.22060035,-0.12208453,0.3773649,-0.1635245,4,0.3773649036884308
83d8b222e25f749dcc3398eb,920547.BJ,无锡晶海,2024-06-15,-0.1012725,-0.16487104,0.13856615,0.48924202,-0.11525705,-0.056919202,3,0.4892420172691345
ed47129067d86854841a8ea9,920570.BJ,坤博精工,2024-06-15,0.24918006,-0.4949604,0.3923725,-0.16578102,0.42976567,-0.19474027,4,0.4297656714916229
0456efc802b741dbf9a41c3c,920656.BJ,海昇药业,2024-04-05,-0.14607778,-0.14703754,0.06069279,0.547061,-0.13540968,-0.041670933,3,0.547061026096344
13db752a4c822f532e62229c,920665.BJ,科强股份,2024-06-15,0.1438482,-0.2594451,0.18672441,-0.1068984,0.22431082,-0.11036241,4,0.22431081533432007
5b66b32b2a826c7e78d42cd3,920679.BJ,前进科技,2024-04-05,0.1989133,-0.11892619,0.0019792118,-0.1846706,0.24382852,-0.087916784,4,0.24382852017879486
87dd1830c48a8f3774e95671,920690.BJ,捷众科技,2024-06-15,0.22434822,-0.40409964,0.08215058,-0.23103134,0.5931649,-0.17255886,4,0.5931649208068848
a18feafa0e7bd3c907c22615,920693.BJ,阿为特,2024-06-15,0.07999094,-0.2480187,0.0035444042,-0.020923741,0.3561725,-0.11094667,4,0.35617250204086304
7b8c5ba5e2664e88be820e19,920703.BJ,广厦环能,2024-06-15,0.23395516,-0.1884802,0.22133785,-0.19419116,0.17806938,-0.10210754,0,0.23395515978336334
f2df6355a39f3e4f991f0101,001280.SZ,中国铀业,2024-06-30,-0.11191105,0.118587926,0.08597927,-0.0060653165,-0.25736523,0.07135363,1,0.118587926030159
bddfca9e6befb99ba66dfa4a,001285.SZ,瑞立科密,2024-06-15,0.28395674,-0.29982743,0.062146027,-0.26236683,0.53297496,-0.17261371,4,0.5329749584197998
cf63dd1ea723a1e68c2bf0ff,301275.SZ,汉朔科技,2024-06-15,-0.024129387,0.20979662,-0.34723416,0.0042733233,0.13383491,-0.021081578,1,0.20979662239551544
09a1edc785cb67e2aeea39c2,301449.SZ,天溯计量,2024-06-15,-0.074168,0.24889357,-0.3046853,0.035840284,-0.026996762,-0.0003087595,1,0.24889357388019562
484fc8f074b1aaddee90a089,301491.SZ,汉桑科技,2024-06-28,0.10828571,0.056669395,-0.21114016,-0.08858903,0.21961027,-0.08519097,4,0.2196102738380432
d79b22bf28f237641c029799,301609.SZ,山大电力,2024-04-05,0.20384175,0.03554098,-0.121327534,-0.07650866,0.035508566,-0.01954691,0,0.20384174585342407
fc8bd255ccbfbb9aed1cdad9,301667.SZ,纳百川,2024-06-15,0.31047297,-0.48871642,0.22051945,-0.28697553,0.6187893,-0.19892538,4,0.6187893152236938
bb633eaedc982b3c6ff658ac,301687.SZ,新广益,2024-04-05,0.21604785,-0.41594398,0.27892423,-0.22385898,0.47188094,-0.16800588,4,0.4718809425830841
5ff6fc0bc6d07a8c9d078d0b,603175.SH,超颖电子,2024-06-15,0.15223776,-0.37646472,0.08675354,-0.1723327,0.54883265,-0.1655111,4,0.5488326549530029
9717ed83084093056d1d4c3f,603202.SH,天有为,2024-06-15,0.08632017,-0.095055,-0.117119595,-0.14187978,0.30484524,-0.06684135,4,0.30484524369239807
3d00571487de6ff9dae96bae,603382.SH,海阳科技,2024-06-15,0.007709565,-0.25281033,0.32163745,-0.009435456,0.023140771,-0.060036197,2,0.32163745164871216
6932ae72662156faef217480,688727.SH,恒坤新材,2024-06-15,0.12116569,-0.45805824,0.298476,-0.023249205,0.40491092,-0.19140342,4,0.4049109220504761
ae7dbe0c6e50648c22447d43,688750.SH,金天钛业,2024-06-15,0.12706253,-0.31409025,0.29723626,-0.10648634,0.21721433,-0.13230622,2,0.29723626375198364
58974ff21d643c0a0ac489d7,688755.SH,汉邦科技,2024-06-15,-0.029222362,-0.25567165,0.19198307,0.30716345,0.08918228,-0.11398069,3,0.30716344714164734
d12eb11e603f6a85bd0eded4,688809.SH,强一股份,2024-06-15,-0.116691634,0.084712535,-0.11571829,0.028676072,-0.07780641,0.048972607,1,0.08471253514289856
03be040e15c19d41c4789071,920002.BJ,万达轴承,2024-03-15,0.17148471,-0.2255359,0.16647822,-0.13688973,0.2281797,-0.09451095,4,0.2281796932220459
d0bd00a86ede52267f5025cf,920003.BJ,中诚咨询,2024-06-15,-0.1238781,0.4241889,-0.23411469,-0.057143856,-0.31804496,0.11913733,1,0.42418891191482544
c87a8ed32f0f26fb27e71655,920007.BJ,酉立智能,2024-06-15,-0.0036013797,0.08453851,-0.10808101,0.022763804,-0.11651196,0.047188178,1,0.08453851193189621
97c808d1ba2c4a54e89e9095,920008.BJ,成电光信,2024-06-15,0.15516777,-0.11152336,-0.09706001,-0.13116045,0.37126815,-0.1349897,4,0.3712681531906128
8a4f7de8f1dbba45b2e3693e,920009.BJ,丹娜生物,2024-06-15,-0.08363902,-0.042334616,-0.05148959,0.3907274,-0.033487212,-0.041948564,3,0.3907274007797241
6cf606c6b981dcce2cc42541,920015.BJ,锦华新材,2024-06-15,0.15251376,-0.5073313,0.604401,-0.057664886,0.22374262,-0.175258,2,0.6044009923934937
c80ed70fce8c75339809b9f3,920018.BJ,宏远股份,2024-06-15,0.40251756,-0.36466762,0.24389893,-0.12837201,0.25096178,-0.1681624,0,0.40251755714416504
343c8bcbc7ea5455be72059f,920019.BJ,铜冠矿建,2024-06-15,-0.10835139,0.21327111,-0.029963998,-0.033553887,-0.24558273,0.06793988,1,0.2132711112499237
6f2d9ecfe19706b9f9bee997,920022.BJ,世昌股份,2024-03-15,-0.1136688,-0.055305395,0.019935882,0.23556906,-0.06190554,-0.031520743,3,0.2355690598487854
3273e5d63bed3ad3248d56e0,920026.BJ,卓兆点胶,2024-06-15,0.19655359,-0.40087354,0.13060112,-0.08708645,0.51513565,-0.21063508,4,0.515135645866394
5200c79b9c2105d7d85f9a90,920027.BJ,交大铁发,2024-06-15,0.038335316,0.17912725,-0.19694516,-0.09805784,0.02795855,-0.016234728,1,0.17912724614143372
32e2f22ad4a4673bec56fab7,920035.BJ,精创电气,2024-06-15,-0.008858744,0.15601589,-0.2619896,0.16974571,0.029215083,-0.023232874,3,0.16974571347236633
727e7672e2c0af7cc70ff8f3,920037.BJ,广信科技,2024-06-15,0.5389511,-0.35639945,0.13122408,-0.22739379,0.37705415,-0.18072185,0,0.5389510989189148
62acd10aed862cb20e32d3f9,920045.BJ,蘅东光,2024-06-15,-0.12189698,0.1134822,-0.12012702,0.024725152,-0.10304734,0.048686422,1,0.11348219960927963
8634093808c9c75fd34bf132,920050.BJ,爱舍伦,2024-06-15,-0.1166383,0.08702508,-0.11347596,0.09100269,-0.11196055,0.046276756,3,0.0910026878118515
a7a613fa4002dd9d1fa88e73,920056.BJ,能之光,2024-06-15,0.18909027,-0.4095224,0.36028603,-0.13669266,0.34286484,-0.16830795,2,0.36028602719306946
76cc04d4e060e4b1e365f630,920066.BJ,科拜尔,2024-04-05,0.012216408,-0.21670252,0.16084427,0.08718452,0.14954157,-0.10637972,2,0.16084426641464233
d3f6749427e6c9bb6b82648d,920068.BJ,天工股份,2024-06-15,0.15661764,-0.38353512,0.4132421,-0.133194,0.2000558,-0.12903816,2,0.4132421016693115
61172e76ebc5ea831dc27b50,920080.BJ,奥美森,2024-06-15,0.2885511,-0.45277447,0.22688715,-0.18560672,0.52846503,-0.21481529,4,0.5284650325775146
352e5de9d77f4715bc2891d1,920082.BJ,方正阀门,2024-06-15,0.27197614,-0.26505375,0.1723356,-0.1663731,0.30011818,-0.14601617,4,0.30011817812919617
2ec46073f95719777b626b04,920088.BJ,科力股份,2024-06-15,0.10291278,-0.097524464,0.028939066,-0.10503422,0.12668064,-0.07810816,4,0.1266806423664093
1fd0ae680a6c21d55dc832b3,920098.BJ,科隆新材,2024-06-15,-0.0010055273,-0.13227206,0.19386998,0.019661473,0.002829909,-0.033668123,2,0.19386997818946838
233d412344c73cc19d39dad0,920100.BJ,三协电机,2024-06-15,0.50338525,-0.33209252,0.055181913,-0.17486499,0.39822564,-0.17283896,0,0.5033852458000183
a3bf745fc74cce07b9227644,920101.BJ,志高机械,2024-06-15,0.26468077,-0.22220084,0.15449369,-0.16002524,0.28516203,-0.14548108,4,0.2851620316505432
5f26206752b0472d9b71512f,920108.BJ,宏海科技,2024-06-15,-0.11840028,0.09595887,-0.09738781,0.022982858,-0.10350432,0.047159307,1,0.09595887362957001
a839d02289061466c8eae2ac,920111.BJ,聚星科技,2024-06-15,-0.006750211,0.090705864,-0.10729402,0.026680911,-0.12566367,0.049608704,1,0.09070586413145065
74b7044aaf933be936b170b0,920112.BJ,巴兰仕,2024-06-15,0.13515452,-0.15408657,-0.09955137,-0.113909714,0.3501455,-0.09071525,4,0.35014548897743225
a090bb014c13d78b27681aeb,920116.BJ,星图测控,2024-06-15,-0.11257899,0.36957824,-0.36532134,-0.015275806,-0.08802748,0.021927927,1,0.3695782423019409
378578f3b6f9c3ccc79af5d1,920118.BJ,太湖远大,2024-06-15,0.08188811,-0.342414,0.37634227,-0.062133275,0.18497968,-0.09020845,2,0.3763422667980194
fb05ad7066051e451cc10e11,920123.BJ,芭薇股份,2024-06-15,-0.11413784,0.026033869,0.0035299244,0.1355527,-0.088179454,0.015856212,3,0.13555270433425903
c7998dd25459f62561cc68cc,920128.BJ,胜业电气,2024-06-15,0.3316974,-0.28295007,-0.00090219453,-0.25570253,0.49634182,-0.16416809,4,0.4963418245315552
2eb523ea37204cfd6f5042f4,920706.BJ,铁拓机械,2024-06-15,0.11500988,-0.15646213,0.17163692,-0.09410202,0.13157524,-0.085282564,2,0.1716369241476059
3dd5a7e575e8b1933d353dcc,920806.BJ,云星宇,2024-06-30,-0.060579862,0.5132606,-0.45621654,-0.1393011,-0.10390506,0.05797658,1,0.5132606029510498
4dd4f258f23b1cfe8ec04e1b,920833.BJ,美心翼申,2024-04-05,0.1409854,-0.30782577,0.18406518,-0.12996607,0.3064864,-0.103166945,4,0.3064863979816437
4537c6ddc8ab933ef7d69d46,920931.BJ,无锡鼎邦,2024-04-05,0.1269127,-0.19681454,0.15272526,-0.0993553,0.16279194,-0.083465464,4,0.16279193758964539
b6c677570f3986603a54a5b2,001220.SZ,世盟股份,2024-06-30,-0.21827875,0.34602156,-0.15201175,0.048515588,-0.34241626,0.13099702,1,0.3460215628147125
bc33aabb6581fbe17dbe2619,001257.SZ,盛龙股份,2026-04-15,-0.056012854,-0.07928106,0.2336894,0.0013204906,-0.14635369,0.00560551,2,0.23368939757347107
bb4d44ac6aa2e8420b0f6eda,301638.SZ,南网数字,2024-03-15,0.018442217,0.07692691,-0.08001544,-0.02820904,-0.007525472,-0.003913262,1,0.07692690938711166
3c17c6d371032691d71faadc,301656.SZ,联合动力,2024-06-15,0.38884196,-0.28440678,0.12419042,-0.27070183,0.4155479,-0.14983967,4,0.4155479073524475
f9ae6923c14804f30b925f0b,301680.SZ,固德电材,2024-04-05,0.23523608,-0.54513913,0.32452667,-0.19001696,0.5758467,-0.23381406,4,0.5758466720581055
295db1429d8fb568392dfb35,301682.SZ,宏明电子,2026-04-15,0.28316584,-0.46862122,0.20041396,-0.1973574,0.57363397,-0.2308245,4,0.5736339688301086
51ccf6b0aa21ce1f1188b2fa,301683.SZ,慧谷新材,2026-04-15,0.11793346,-0.3380717,0.34592184,-0.048932265,0.205744,-0.122602984,2,0.3459218442440033
5dab393b61292885fff5fed4,301696.SZ,C三瑞,2026-04-15,0.46354344,-0.089328974,-0.09065647,-0.17715901,0.23304568,-0.1080667,0,0.46354344487190247
dcdea933d860c2af4e1a065e,601112.SH,振石股份,2024-06-15,0.08792843,-0.25457478,0.28413367,-0.08812865,0.1212553,-0.071894266,2,0.2841336727142334
e62ced8528672039e1e1144f,603014.SH,威高血净,2024-06-15,-0.049150646,-0.09478414,0.036826916,0.45039856,-0.019120615,-0.08476688,3,0.4503985643386841
256a19b343ed5ec44870fc15,603092.SH,德力佳,2024-06-15,0.28914905,-0.36132476,0.306276,-0.25254816,0.35024387,-0.11618717,4,0.35024386644363403
9b9ebaa00a736ffa06a8a566,603284.SH,林平发展,2024-06-15,-0.12070675,0.090370275,-0.06271045,0.021552186,-0.12397459,0.04889165,1,0.09037027508020401
d864f49b583b68c649ab7600,603352.SH,至信股份,2024-06-15,0.20606574,-0.37918895,0.210107,-0.17945826,0.4051993,-0.124766015,4,0.4051992893218994
2397940cda521084417a10a6,603459.SH,C红板,2026-04-15,0.19149879,-0.32691234,0.08287662,-0.2208966,0.49636522,-0.1550664,4,0.4963652193546295
32f6637641d7fe729adf65ed,688712.SH,北芯生命-U,2024-03-15,0.07157274,-0.17037494,-0.040181465,0.3525258,0.20052494,-0.13568917,3,0.3525258004665375
be0c8f6b8ef833556d456a4a,688781.SH,视涯科技-UW,2026-04-15,0.10326851,-0.28228515,-0.03978937,-0.11216003,0.53658813,-0.17681107,4,0.5365881323814392
85505f16a1606b90a20e82ab,688783.SH,西安奕斯伟材料技术股份有限公司,2024-06-15,0.09359634,-0.3621571,0.18575646,-0.057946973,0.35644636,-0.14460492,4,0.35644635558128357
12d1d57a0f0cf10f3952293e,688785.SH,恒运昌,2024-04-05,-0.12006065,0.087841794,-0.12223658,0.023957076,-0.07351692,0.049376506,1,0.08784179389476776
e0a44fe783b225498e3c14e0,688790.SH,昂瑞微-UW,2024-06-30,0.13396735,-0.23535444,-0.12076881,-0.12829436,0.52892274,-0.15882468,4,0.5289227366447449
b49160cfabbc2091749e6ebf,688795.SH,摩尔线程-U,2024-04-05,0.06489503,-0.0809837,-0.18228975,-0.05293021,0.31643277,-0.09180534,4,0.31643277406692505
8c76b8083c7829028243ea78,688802.SH,沐曦股份-U,2024-06-15,0.098487765,-0.04724869,-0.23448148,-0.025010146,0.34445846,-0.08574797,4,0.3444584608078003
3fc2db93967fe0d5fe97f963,688805.SH,健信超导,2024-06-15,0.13993926,-0.19398676,0.027672328,0.20306627,0.2259601,-0.13156316,4,0.22596010565757751
4c2ec480864703597b62db26,688807.SH,优迅股份,2024-03-25,0.016485982,-0.02481349,-0.035019863,-0.016371623,0.07305553,-0.024848664,4,0.07305552810430527
ea94718ee354f46cd6e40f2c,688813.SH,泰金新能,2026-04-15,0.25029042,-0.42651832,0.25501502,-0.16024037,0.43877414,-0.1989698,4,0.43877413868904114
ab2290d7d892ba9c4631b314,688816.SH,易思维,2024-03-15,0.20872822,-0.16581234,-0.11666098,-0.19950049,0.4771726,-0.14298487,4,0.4771726131439209
6cb8bc5a09e6d2da17a8b706,688818.SH,电科蓝天,2024-06-15,0.13397697,-0.123164445,-0.016774122,-0.14397919,0.2520441,-0.0890268,4,0.25204411149024963
4d88a12ef9e67b4c46d1e1fe,920005.BJ,鼎佳精密,2024-06-15,0.23554657,-0.5078343,0.21606012,-0.21676704,0.6036507,-0.19038525,4,0.603650689125061
04bf6a4471eacd466f3de419,920011.BJ,晨光电机,2026-04-15,0.64556116,-0.36865214,0.10518304,-0.21434379,0.45057034,-0.183809,0,0.645561158657074
cdb0342fc2a76c0bee23e758,920020.BJ,泰凯英,2024-06-15,0.03347077,-0.23898023,0.26177812,-0.049551968,0.096027784,-0.07850705,2,0.2617781162261963
2e14dc44e13367da72949b30,920028.BJ,新恒泰,2026-04-15,0.13756865,-0.37785697,0.4360056,-0.110966966,0.24851264,-0.13650072,2,0.4360055923461914
a05777d00f9a8732655c9858,920036.BJ,觅睿科技,2024-06-15,0.095319994,-0.053329207,-0.1527334,-0.114134245,0.29191887,-0.1002782,4,0.29191887378692627
abd5a8931062ea5551ef8a4e,920055.BJ,隆源股份,2026-04-15,0.2275539,-0.5016762,0.28385636,-0.21393563,0.53519607,-0.1772282,4,0.53519606590271
9356bf29bc14308c7fd10900,920069.BJ,普昂医疗,2026-04-15,0.020081444,-0.22801188,0.09597148,0.36905956,0.13978483,-0.12767363,3,0.36905956268310547
6fa501f400f9d03ed1b830c1,920076.BJ,国亮新材,2024-06-15,0.09022788,-0.21581797,0.29062322,-0.07405448,0.06455031,-0.0769088,2,0.2906232178211212
4f1f8de728b12eb39a5a438a,920078.BJ,族兴新材,2026-04-15,0.064718686,-0.36099154,0.40748727,-0.010806804,0.11549247,-0.115137294,2,0.40748727321624756
83134a8949a759dcf10f7299,920086.BJ,科马材料,2024-04-05,0.21642838,-0.49068975,0.3214094,-0.19956033,0.5010442,-0.20339756,4,0.5010442137718201
fbb0d090bda2eedc11d074f4,920106.BJ,林泰新材,2024-04-05,0.20519876,-0.5111556,0.34196964,-0.15972665,0.47208145,-0.19664218,4,0.4720814526081085
fd00d3e0b084f7354aafc7b2,920119.BJ,美德乐,2024-06-15,-0.09320744,0.003875197,-0.101876244,0.12691243,0.0365146,-0.009055432,3,0.1269124299287796
68d65475f939c8bfa116c0e9,920121.BJ,江天科技,2024-06-15,0.20094536,-0.3239969,0.19220278,-0.15515077,0.3600899,-0.15876745,4,0.36008989810943604
f9ce5437f29cddfd62eb5328,920124.BJ,南特科技,2024-06-15,0.17257535,-0.00093815103,-0.19671889,-0.14123,0.2275911,-0.06975733,4,0.22759109735488892
866c2787d219ee3337b6027c,920158.BJ,长江能科,2024-06-15,0.23943299,0.032312334,-0.156896,-0.19277315,0.15237123,-0.04236321,0,0.23943299055099487
ad2317a1c93f0bff73f7a837,920159.BJ,农大科技,2024-06-15,-0.07132225,-0.07121526,0.13000326,0.27088165,-0.13703626,-0.030995449,3,0.27088165283203125
00fd4217d7202554dfc27e1f,920160.BJ,北矿检测,2024-06-15,-0.08223443,0.12858923,-0.013821576,0.09011396,-0.16737445,0.010727342,1,0.1285892277956009
75a65b2c97e8ca9c659a5d16,920166.BJ,海圣医疗,2024-06-15,-0.13247153,-0.120952375,0.035772964,0.41498825,-0.03520883,-0.06000097,3,0.414988249540329
7c67b40bfc8b40bcb62d88ed,920168.BJ,通宝光电,2024-04-05,0.17161897,-0.314494,0.031880252,-0.20883009,0.48213497,-0.13575765,4,0.48213496804237366
72c0d3dc074534a649db1624,920180.BJ,爱得科技,2024-06-15,0.2366831,-0.19704022,-0.13065745,-0.02574332,0.3939121,-0.16287214,4,0.39391210675239563
75f93d11e607597b1860ed42,920181.BJ,N赛英,2026-04-15,0.31029993,-0.52078813,0.21449424,-0.25989962,0.6625765,-0.23276688,4,0.6625764966011047
d91dd4e2e659e51413d89f10,920183.BJ,海菲曼,2024-06-15,-0.055750147,0.03991268,-0.12913312,-0.014281175,0.07745218,0.045649208,4,0.07745218276977539
e9fb1ea2bc494ece03409341,920187.BJ,通领科技,2024-06-15,0.187572,-0.20548834,-0.038419254,-0.24021263,0.44197756,-0.09153679,4,0.4419775605201721
179a7524da425b5d07deb0eb,920188.BJ,悦龙科技,2026-04-15,0.10969404,-0.17639308,0.15622665,-0.08295604,0.14414619,-0.093840346,2,0.15622664988040924
deac20ec0b8319ca764b0070,688811.SH,N有研,2026-04-15,0.1827015,-0.3806736,0.34574777,-0.12439297,0.29039,-0.15144071,2,0.34574776887893677
793aaed4758cf706052cc301,920012.BJ,创达新材,2026-04-15,0.19909717,-0.525524,0.3038329,-0.17244266,0.5623182,-0.21318564,4,0.5623182058334351
