ts_code,cluster_id,cluster_distance
000001.SZ,26,0.719606
000002.SZ,91,0.72713965
000006.SZ,13,0.6499215
000007.SZ,91,0.73309594
000008.SZ,91,0.7711247
000009.SZ,95,0.6917749
000010.SZ,69,0.6282718
000011.SZ,21,0.84358674
000012.SZ,91,0.6671925
000014.SZ,69,0.7379375
000016.SZ,91,0.7490337
000017.SZ,91,0.7446879
000019.SZ,27,0.7446828
000020.SZ,27,0.77867955
000021.SZ,23,0.7401325
000025.SZ,93,0.6837742
000026.SZ,91,0.80493635
000027.SZ,29,0.7380131
000028.SZ,21,0.6869749
000029.SZ,90,0.5882569
000030.SZ,91,0.72469324
000031.SZ,80,0.6504494
000032.SZ,91,0.7188785
000034.SZ,33,0.66699666
000035.SZ,33,0.6439713
000036.SZ,51,0.6213114
000037.SZ,91,0.67844504
000039.SZ,77,0.63284415
000042.SZ,94,0.69410884
000045.SZ,91,0.70783216
000048.SZ,6,0.6324873
000049.SZ,43,0.6793233
000050.SZ,1,0.6914828
000055.SZ,22,0.7213818
000056.SZ,5,0.73613626
000058.SZ,91,0.71056825
000059.SZ,59,0.71942407
000060.SZ,15,0.72331643
000061.SZ,74,0.6477006
000062.SZ,57,0.77101296
000063.SZ,93,0.6758015
000065.SZ,52,0.64830637
000066.SZ,21,0.7101309
000068.SZ,33,0.6936039
000069.SZ,21,0.6462753
000070.SZ,91,0.7347711
000078.SZ,52,0.65449
000088.SZ,90,0.6190451
000089.SZ,94,0.59319395
000090.SZ,94,0.7386134
000096.SZ,91,0.6664418
000099.SZ,77,0.67196494
000100.SZ,94,0.66607904
000151.SZ,22,0.674461
000153.SZ,21,0.6731259
000155.SZ,12,0.677781
000156.SZ,74,0.7133843
000157.SZ,100,0.61168665
000158.SZ,5,0.6762016
000159.SZ,33,0.6917805
000166.SZ,57,0.7924124
000301.SZ,87,0.6783251
000333.SZ,1,0.6617492
000338.SZ,74,0.7927999
000400.SZ,91,0.7455876
000401.SZ,7,0.7234782
000402.SZ,19,0.73138916
000403.SZ,77,0.70492554
000404.SZ,74,0.700591
000407.SZ,33,0.70623577
000408.SZ,5,0.7173203
000409.SZ,90,0.74199593
000410.SZ,94,0.7175359
000411.SZ,91,0.77602166
000415.SZ,91,0.7270596
000417.SZ,87,0.6664465
000419.SZ,91,0.73268825
000420.SZ,15,0.82018983
000421.SZ,12,0.7200166
000422.SZ,5,0.6486897
000423.SZ,74,0.78257364
000425.SZ,76,0.6865865
000426.SZ,91,0.7928286
000428.SZ,91,0.74707013
000429.SZ,20,0.7648115
000498.SZ,21,0.7338066
000501.SZ,91,0.73026544
000503.SZ,40,0.70847327
000505.SZ,7,0.6940097
000506.SZ,27,0.7775309
000507.SZ,74,0.69018227
000509.SZ,94,0.6819938
000510.SZ,69,0.7038051
000513.SZ,15,0.7019661
000514.SZ,12,0.6999746
000516.SZ,91,0.746263
000517.SZ,40,0.7409338
000519.SZ,91,0.7307418
000520.SZ,94,0.6387068
000521.SZ,91,0.70609325
000523.SZ,12,0.6922841
000524.SZ,89,0.6907659
000525.SZ,94,0.7209762
000526.SZ,19,0.7428264
000528.SZ,53,0.545483
000529.SZ,91,0.80586207
000530.SZ,15,0.7090392
000531.SZ,59,0.74957263
000532.SZ,5,0.68496805
000533.SZ,57,0.7214874
000534.SZ,19,0.7592664
000536.SZ,77,0.6547899
000537.SZ,91,0.79759395
000538.SZ,5,0.7263509
000539.SZ,69,0.70881265
000541.SZ,22,0.6398673
000543.SZ,24,0.65705264
000544.SZ,12,0.6850037
000545.SZ,77,0.6690059
000546.SZ,80,0.7354355
000547.SZ,77,0.6239124
000548.SZ,51,0.6590621
000550.SZ,74,0.73393965
000551.SZ,74,0.6693072
000552.SZ,89,0.64818805
000553.SZ,91,0.6964773
000554.SZ,80,0.75278974
000555.SZ,95,0.7129495
000557.SZ,32,0.68138665
000558.SZ,15,0.7129481
000559.SZ,77,0.8108993
000560.SZ,33,0.7075299
000561.SZ,77,0.6865762
000563.SZ,91,0.76128995
000564.SZ,80,0.7079356
000565.SZ,91,0.82666665
000566.SZ,89,0.70658743
000567.SZ,91,0.79959005
000568.SZ,57,0.6933721
000570.SZ,69,0.7435921
000571.SZ,12,0.6573397
000572.SZ,91,0.74683404
000573.SZ,34,0.58493
000576.SZ,5,0.705895
000581.SZ,5,0.7645606
000582.SZ,80,0.7555269
000586.SZ,74,0.74921733
000589.SZ,89,0.64203817
000590.SZ,5,0.6895366
000591.SZ,94,0.6935565
000592.SZ,52,0.6634834
000593.SZ,53,0.52392566
000596.SZ,93,0.7482348
000597.SZ,24,0.5958217
000598.SZ,91,0.7832137
000599.SZ,77,0.6851303
000600.SZ,13,0.7075777
000601.SZ,34,0.67314315
000603.SZ,12,0.68330985
000605.SZ,21,0.761673
000607.SZ,53,0.5703275
000610.SZ,77,0.630387
000612.SZ,24,0.7605695
000617.SZ,74,0.6605954
000619.SZ,94,0.71456885
000620.SZ,91,0.6933052
000623.SZ,24,0.68116605
000625.SZ,91,0.70402956
000626.SZ,91,0.7253903
000628.SZ,32,0.7222447
000629.SZ,40,0.7136673
000630.SZ,91,0.7363598
000631.SZ,69,0.7007985
000632.SZ,11,3.1026343e-07
000633.SZ,12,0.71869314
000635.SZ,80,0.77887994
000636.SZ,57,0.7017342
000637.SZ,1,0.7069963
000639.SZ,74,0.6640611
000650.SZ,74,0.65146124
000651.SZ,91,0.77871263
000652.SZ,2,0.7262722
000655.SZ,74,0.67309874
000657.SZ,15,0.68884677
000659.SZ,93,0.62161714
000661.SZ,15,0.66172594
000663.SZ,33,0.75337344
000665.SZ,27,0.761283
000670.SZ,12,0.6685097
000672.SZ,19,0.70182943
000676.SZ,51,0.63204867
000677.SZ,74,0.66006804
000678.SZ,91,0.6589592
000679.SZ,74,0.6839987
000680.SZ,20,0.7808337
000681.SZ,2,0.78045547
000682.SZ,100,0.54746205
000683.SZ,21,0.6782487
000685.SZ,77,0.7152892
000686.SZ,61,0.6126203
000688.SZ,12,0.72016525
000690.SZ,74,0.7418695
000692.SZ,59,0.7137148
000695.SZ,87,0.66549265
000700.SZ,5,0.73092717
000701.SZ,91,0.76173246
000702.SZ,5,0.6986143
000703.SZ,59,0.7693428
000705.SZ,19,0.7027964
000707.SZ,15,0.7076722
000708.SZ,21,0.70850617
000709.SZ,102,0.74765915
000710.SZ,74,0.6789371
000712.SZ,77,0.6366959
000713.SZ,13,0.69537264
000715.SZ,77,0.6831033
000716.SZ,77,0.6466404
000717.SZ,74,0.69288677
000718.SZ,15,0.6781252
000719.SZ,80,0.6921138
000720.SZ,36,5.0504585e-08
000721.SZ,43,0.7014047
000722.SZ,87,0.6755719
000723.SZ,90,0.6596252
000725.SZ,15,0.6627391
000726.SZ,74,0.6764729
000727.SZ,74,0.73752654
000728.SZ,7,0.6366271
000729.SZ,21,0.66361076
000731.SZ,102,0.67206115
000733.SZ,15,0.79397815
000735.SZ,76,0.77055234
000737.SZ,27,0.7544135
000738.SZ,74,0.7430392
000739.SZ,91,0.692152
000750.SZ,30,0.6399454
000751.SZ,24,0.7012104
000753.SZ,27,0.76285565
000755.SZ,91,0.6762734
000756.SZ,32,0.68109417
000757.SZ,87,0.6913761
000758.SZ,22,0.6938217
000759.SZ,102,0.628525
000761.SZ,34,0.69566745
000762.SZ,15,0.7221768
000766.SZ,96,0.6078952
000767.SZ,43,0.7199284
000768.SZ,13,0.72985095
000776.SZ,74,0.66681594
000777.SZ,5,0.7087444
000778.SZ,22,0.6556426
000779.SZ,89,0.6883411
000782.SZ,12,0.68240154
000783.SZ,102,0.63079196
000785.SZ,74,0.6254639
000786.SZ,34,0.7173283
000788.SZ,71,1.6852398e-07
000789.SZ,91,0.79591715
000790.SZ,12,0.64927495
000791.SZ,80,0.74094963
000792.SZ,74,0.6237805
000795.SZ,27,0.76853293
000796.SZ,74,0.7694729
000797.SZ,74,0.7342968
000798.SZ,12,0.7271045
000799.SZ,77,0.64710593
000800.SZ,89,0.7719164
000801.SZ,102,0.57772404
000802.SZ,14,0.69670975
000803.SZ,74,0.7539755
000807.SZ,21,0.78432274
000809.SZ,59,0.7724092
000810.SZ,102,0.69328547
000811.SZ,2,0.7122462
000812.SZ,69,0.72309333
000813.SZ,12,0.6523257
000815.SZ,21,0.7613429
000816.SZ,12,0.710271
000818.SZ,77,0.6025209
000819.SZ,15,0.72373486
000822.SZ,30,0.78482246
000823.SZ,17,0.6282128
000825.SZ,101,0.64281225
000826.SZ,91,0.6690169
000828.SZ,27,0.7817225
000829.SZ,34,0.62293
000830.SZ,80,0.76488507
000831.SZ,95,0.6872763
000833.SZ,91,0.76213807
000837.SZ,51,0.771436
000838.SZ,74,0.7048669
000839.SZ,91,0.7472047
000848.SZ,52,0.71877027
000850.SZ,19,0.73910576
000852.SZ,20,0.6987334
000856.SZ,12,0.7112167
000858.SZ,33,0.7070706
000859.SZ,19,0.733632
000860.SZ,89,0.70653206
000862.SZ,15,0.7366466
000863.SZ,13,0.67533994
000868.SZ,5,0.67773676
000869.SZ,15,0.6837832
000875.SZ,93,0.6445678
000876.SZ,74,0.70265764
000877.SZ,51,0.57312995
000878.SZ,21,0.7143315
000880.SZ,59,0.6879445
000881.SZ,15,0.6992458
000882.SZ,74,0.6943595
000883.SZ,74,0.7212991
000885.SZ,5,0.72627276
000886.SZ,91,0.7137006
000887.SZ,89,0.5917127
000888.SZ,27,0.7437875
000889.SZ,87,0.65136373
000890.SZ,5,0.62645614
000892.SZ,5,0.69829255
000893.SZ,34,0.59015906
000895.SZ,6,0.5453202
000897.SZ,34,0.6876796
000898.SZ,77,0.67942303
000899.SZ,91,0.7708074
000900.SZ,80,0.7982944
000901.SZ,34,0.6759084
000902.SZ,77,0.6314011
000905.SZ,43,0.71116424
000906.SZ,87,0.7256157
000910.SZ,74,0.60503346
000911.SZ,5,0.65160877
000912.SZ,95,0.7115937
000913.SZ,91,0.71110463
000915.SZ,77,0.6355259
000917.SZ,51,0.5504837
000919.SZ,94,0.7316113
000920.SZ,80,0.6725266
000921.SZ,76,0.7388113
000922.SZ,52,0.6545223
000923.SZ,87,0.7047736
000925.SZ,59,0.7755694
000926.SZ,15,0.73305565
000927.SZ,43,0.7482576
000928.SZ,91,0.73167706
000930.SZ,74,0.7050391
000931.SZ,77,0.63535404
000932.SZ,91,0.71781355
000933.SZ,89,0.65953016
000935.SZ,15,0.71814495
000936.SZ,80,0.6867803
000937.SZ,77,0.66319674
000938.SZ,94,0.64462113
000948.SZ,57,0.6905985
000949.SZ,12,0.6888598
000950.SZ,33,0.70269704
000951.SZ,2,0.65824765
000952.SZ,27,0.7784657
000953.SZ,15,0.69114953
000955.SZ,5,0.74847853
000957.SZ,12,0.7449247
000958.SZ,76,0.6139608
000959.SZ,12,0.66271347
000960.SZ,14,0.71812
000962.SZ,19,0.7146451
000963.SZ,19,0.65708256
000965.SZ,74,0.6573321
000966.SZ,33,0.76544565
000967.SZ,91,0.7101896
000968.SZ,57,0.78321034
000969.SZ,74,0.69966286
000970.SZ,15,0.6829075
000973.SZ,43,0.6953198
000975.SZ,12,0.7108389
000977.SZ,5,0.7098241
000978.SZ,32,0.6635672
000980.SZ,74,0.72216433
000981.SZ,87,0.6359135
000983.SZ,32,0.61505604
000985.SZ,33,0.6984682
000987.SZ,33,0.71113104
000988.SZ,87,0.645254
000989.SZ,90,0.65634847
000990.SZ,5,0.7535441
000993.SZ,43,0.71652573
000995.SZ,15,0.65855515
000997.SZ,87,0.72944397
000998.SZ,1,0.7776671
000999.SZ,77,0.6698458
001201.SZ,74,0.6888483
001202.SZ,74,0.6678868
001203.SZ,74,0.68302184
001205.SZ,12,0.6755967
001206.SZ,91,0.6845983
001207.SZ,77,0.6615283
001208.SZ,51,0.61207545
001209.SZ,32,0.6673547
001210.SZ,69,0.64452195
001211.SZ,18,6.356229e-08
001212.SZ,7,0.6427031
001213.SZ,6,0.59719044
001215.SZ,74,0.7016642
001216.SZ,33,0.75969887
001217.SZ,91,0.75975305
001218.SZ,80,0.7300969
001219.SZ,1,0.69552475
001220.SZ,32,0.58485746
001221.SZ,15,0.6575223
001222.SZ,91,0.7212505
001223.SZ,96,0.65141934
001225.SZ,12,0.70250976
001226.SZ,15,0.69550014
001227.SZ,77,0.7828841
001228.SZ,34,0.68131256
001229.SZ,59,0.6925351
001230.SZ,43,0.73806566
001231.SZ,12,0.77799493
001233.SZ,15,0.65274364
001234.SZ,30,0.7300514
001236.SZ,26,0.6749999
001238.SZ,76,0.7490093
001239.SZ,20,0.6662697
001255.SZ,91,0.7276174
001256.SZ,51,0.5816809
001257.SZ,94,0.7316236
001258.SZ,74,0.6648053
001259.SZ,77,0.59215117
001260.SZ,21,0.84243125
001266.SZ,26,0.731129
001267.SZ,26,0.6374965
001268.SZ,74,0.6812422
001269.SZ,21,0.78801864
001277.SZ,77,0.6524927
001278.SZ,94,0.6303376
001279.SZ,76,0.8009131
001280.SZ,76,0.7213609
001282.SZ,102,0.55946255
001283.SZ,5,0.7252793
001285.SZ,91,0.74350494
001286.SZ,91,0.7994635
001287.SZ,26,0.69799256
001288.SZ,100,0.58237094
001289.SZ,5,0.71944964
001296.SZ,21,0.6999078
001298.SZ,52,0.66496366
001299.SZ,77,0.68801373
001300.SZ,69,0.78621626
001301.SZ,91,0.77354276
001306.SZ,0,4.429315e-08
001308.SZ,90,0.658643
001309.SZ,57,0.68601984
001311.SZ,74,0.69070894
001312.SZ,40,0.65339947
001313.SZ,34,0.63194245
001314.SZ,22,0.7333608
001316.SZ,102,0.73426205
001317.SZ,12,0.6824677
001318.SZ,69,0.6933663
001319.SZ,91,0.71758604
001322.SZ,80,0.7715125
001323.SZ,69,0.6416242
001324.SZ,22,0.65914834
001325.SZ,94,0.66961974
001326.SZ,56,0.0
001328.SZ,15,0.715804
001330.SZ,20,0.72347677
001331.SZ,15,0.7374095
001332.SZ,12,0.7346967
001333.SZ,12,0.6738146
001335.SZ,80,0.6889471
001336.SZ,91,0.72820705
001337.SZ,34,0.7160779
001338.SZ,12,0.68896776
001339.SZ,30,0.785017
001356.SZ,24,0.63865477
001358.SZ,91,0.7479711
001359.SZ,102,0.65315306
001360.SZ,15,0.790125
001366.SZ,94,0.7550908
001367.SZ,77,0.63677615
001368.SZ,5,0.8220045
001369.SZ,33,0.65994716
001373.SZ,77,0.73977053
001376.SZ,20,0.7281204
001378.SZ,80,0.801325
001379.SZ,80,0.73059064
001380.SZ,21,0.73801285
001382.SZ,1,0.7089856
001386.SZ,27,0.76619375
001387.SZ,102,0.5945508
001388.SZ,69,0.71803963
001389.SZ,74,0.68713945
001390.SZ,27,0.7723813
001391.SZ,80,0.6843507
001395.SZ,94,0.74284786
001396.SZ,77,0.6654741
001400.SZ,74,0.6940262
001696.SZ,95,0.72082967
001872.SZ,57,0.698345
001896.SZ,91,0.7061869
001914.SZ,32,0.5526659
001965.SZ,32,0.73353183
001979.SZ,57,0.67228633
002001.SZ,74,0.67592067
002003.SZ,27,0.73591727
002004.SZ,57,0.69596756
002006.SZ,12,0.7124551
002007.SZ,13,0.72514623
002008.SZ,52,0.6156813
002009.SZ,34,0.68510157
002010.SZ,91,0.7039948
002011.SZ,6,0.6110381
002012.SZ,13,0.7241931
002014.SZ,87,0.72148037
002015.SZ,91,0.7248363
002016.SZ,15,0.6919113
002017.SZ,5,0.6759153
002019.SZ,91,0.7142386
002020.SZ,94,0.6682908
002021.SZ,1,0.7005408
002022.SZ,1,0.6567671
002023.SZ,91,0.7363854
002025.SZ,33,0.66325307
002026.SZ,87,0.66334426
002027.SZ,32,0.63962793
002028.SZ,91,0.71488386
002029.SZ,91,0.74592423
002030.SZ,15,0.718226
002031.SZ,7,0.69789755
002032.SZ,91,0.6747169
002033.SZ,77,0.65974194
002034.SZ,15,0.7036223
002035.SZ,80,0.7546772
002036.SZ,91,0.73255706
002037.SZ,21,0.69371945
002038.SZ,5,0.6866943
002039.SZ,91,0.7032239
002040.SZ,70,1.3239294e-07
002041.SZ,69,0.7688928
002042.SZ,1,0.65764105
002043.SZ,69,0.6646875
002044.SZ,27,0.7356752
002045.SZ,80,0.6704716
002046.SZ,57,0.66228163
002048.SZ,32,0.70669943
002049.SZ,53,0.6539495
002050.SZ,93,0.66926974
002051.SZ,22,0.67355186
002052.SZ,27,0.73960733
002053.SZ,43,0.7089386
002054.SZ,21,0.69067246
002056.SZ,32,0.5396148
002057.SZ,34,0.7584813
002059.SZ,15,0.7636023
002060.SZ,19,0.68516695
002061.SZ,13,0.69255227
002062.SZ,43,0.69698447
002063.SZ,12,0.7475347
002064.SZ,34,0.6268004
002065.SZ,52,0.6405673
002066.SZ,34,0.67793083
002067.SZ,43,0.6053848
002068.SZ,5,0.73190993
002069.SZ,93,0.6619578
002072.SZ,69,0.63009936
002073.SZ,69,0.6754511
002074.SZ,91,0.69054544
002075.SZ,20,0.6329714
002077.SZ,12,0.65981936
002078.SZ,1,0.6679372
002079.SZ,1,0.74258715
002080.SZ,12,0.6354983
002081.SZ,51,0.66984284
002082.SZ,5,0.68825835
002083.SZ,74,0.7189774
002084.SZ,94,0.7067023
002085.SZ,12,0.66035134
002086.SZ,27,0.7563834
002088.SZ,1,0.6990149
002090.SZ,15,0.71322316
002091.SZ,59,0.7851495
002092.SZ,30,0.67271996
002093.SZ,15,0.6311641
002094.SZ,74,0.7989634
002095.SZ,87,0.68667835
002096.SZ,57,0.73006576
002097.SZ,21,0.67877364
002098.SZ,20,0.72112554
002099.SZ,77,0.72436476
002100.SZ,93,0.66421556
002101.SZ,34,0.7054667
002102.SZ,91,0.71604425
002103.SZ,1,0.7565938
002104.SZ,74,0.8754615
002105.SZ,65,6.238209e-08
002106.SZ,91,0.6739095
002107.SZ,12,0.77842206
002108.SZ,91,0.6978138
002109.SZ,15,0.7299794
002110.SZ,84,0.50031775
002111.SZ,69,0.6630847
002112.SZ,25,0.44107404
002114.SZ,27,0.7660937
002115.SZ,91,0.7571549
002116.SZ,25,0.06301055
002117.SZ,22,0.78728986
002119.SZ,5,0.6915506
002120.SZ,2,0.7543857
002121.SZ,91,0.751263
002123.SZ,12,0.6751803
002124.SZ,1,0.6844543
002125.SZ,91,0.7599418
002126.SZ,33,0.7495429
002127.SZ,12,0.7023798
002128.SZ,15,0.6392179
002129.SZ,12,0.685199
002130.SZ,57,0.6796616
002131.SZ,94,0.6754513
002132.SZ,91,0.752582
002133.SZ,69,0.78513765
002134.SZ,74,0.69040763
002135.SZ,21,0.708426
002136.SZ,21,0.6491874
002137.SZ,12,0.69946194
002138.SZ,27,0.73430884
002139.SZ,22,0.6244835
002140.SZ,52,0.6087103
002141.SZ,77,0.5697948
002142.SZ,69,0.6719345
002144.SZ,87,0.74368817
002145.SZ,43,0.710028
002146.SZ,43,0.64198506
002148.SZ,27,0.73352075
002149.SZ,74,0.6973608
002150.SZ,5,0.72975963
002151.SZ,80,0.7594832
002152.SZ,34,0.66936046
002153.SZ,74,0.7436343
002154.SZ,87,0.73527414
002155.SZ,15,0.67103046
002156.SZ,77,0.6229373
002157.SZ,19,0.6963884
002158.SZ,43,0.78411394
002159.SZ,27,0.72582626
002160.SZ,89,0.73967654
002161.SZ,59,0.6999375
002162.SZ,15,0.7256115
002163.SZ,94,0.69258887
002164.SZ,91,0.70121026
002165.SZ,51,0.65515983
002166.SZ,91,0.71499836
002167.SZ,74,0.71725607
002169.SZ,27,0.758173
002170.SZ,15,0.6257389
002171.SZ,12,0.69983983
002172.SZ,69,0.6585867
002173.SZ,15,0.7122834
002174.SZ,12,0.70625716
002175.SZ,77,0.69770336
002176.SZ,80,0.7319821
002177.SZ,19,0.73290145
002178.SZ,2,0.65853614
002179.SZ,74,0.685912
002180.SZ,21,0.67539924
002181.SZ,91,0.69355506
002182.SZ,5,0.6784689
002183.SZ,52,0.6208073
002184.SZ,87,0.652139
002185.SZ,32,0.6619077
002186.SZ,94,0.67567754
002187.SZ,12,0.69943
002188.SZ,87,0.7016636
002189.SZ,93,0.63980514
002190.SZ,43,0.79220325
002191.SZ,59,0.74318486
002192.SZ,20,0.6859571
002193.SZ,13,0.67851174
002194.SZ,27,0.77479976
002195.SZ,61,0.6334115
002196.SZ,69,0.63048303
002197.SZ,74,0.60974085
002198.SZ,22,0.6001288
002201.SZ,34,0.63006264
002202.SZ,17,0.58410096
002203.SZ,74,0.70095724
002204.SZ,57,0.7267526
002205.SZ,102,0.58998406
002206.SZ,87,0.6516856
002207.SZ,43,0.7689481
002208.SZ,95,0.67654103
002209.SZ,30,0.5001892
002210.SZ,5,0.74205333
002212.SZ,91,0.7071185
002213.SZ,76,0.72040474
002215.SZ,96,0.5865445
002216.SZ,22,0.6565885
002217.SZ,12,0.67537314
002218.SZ,43,0.69971466
002219.SZ,74,0.7277447
002221.SZ,91,0.71316516
002222.SZ,91,0.70129526
002223.SZ,51,0.6409191
002224.SZ,15,0.7307976
002225.SZ,91,0.7595161
002226.SZ,95,0.66383547
002227.SZ,74,0.6864228
002228.SZ,32,0.65304
002229.SZ,77,0.5955509
002230.SZ,74,0.67059517
002232.SZ,27,0.74385905
002233.SZ,5,0.72050774
002234.SZ,27,0.73332644
002235.SZ,32,0.5671924
002236.SZ,1,0.63583314
002237.SZ,14,0.77441186
002238.SZ,32,0.6439093
002239.SZ,15,0.68430233
002240.SZ,33,0.72689646
002241.SZ,57,0.7099279
002242.SZ,5,0.6706528
002243.SZ,80,0.76706344
002244.SZ,27,0.71945125
002245.SZ,12,0.64173573
002246.SZ,50,0.0
002247.SZ,12,0.6682762
002248.SZ,15,0.7021689
002249.SZ,74,0.8279221
002250.SZ,15,0.66742265
002251.SZ,94,0.63448125
002252.SZ,27,0.7418465
002254.SZ,20,0.6667183
002255.SZ,89,0.6594292
002256.SZ,12,0.72908133
002258.SZ,24,0.6907677
002259.SZ,27,0.7276952
002261.SZ,5,0.7137875
002262.SZ,33,0.69632596
002263.SZ,87,0.6069434
002264.SZ,74,0.72510564
002265.SZ,77,0.816399
002266.SZ,61,0.61790085
002267.SZ,69,0.6957494
002268.SZ,69,0.6549808
002269.SZ,74,0.69408935
002270.SZ,61,0.64209664
002271.SZ,51,0.68655556
002272.SZ,91,0.73187727
002273.SZ,27,0.7565612
002274.SZ,19,0.6565273
002275.SZ,53,0.594559
002276.SZ,15,0.68214905
002277.SZ,21,0.6937633
002278.SZ,33,0.69064873
002279.SZ,91,0.7255505
002281.SZ,1,0.6772495
002282.SZ,12,0.71211123
002283.SZ,80,0.6556806
002284.SZ,24,0.66885483
002285.SZ,77,0.6421034
002286.SZ,15,0.70549023
002287.SZ,24,0.76284647
002290.SZ,12,0.6745137
002291.SZ,74,0.6820038
002292.SZ,74,0.66556835
002293.SZ,21,0.74266785
002294.SZ,87,0.6495709
002295.SZ,5,0.7618642
002296.SZ,23,0.6740852
002297.SZ,74,0.6610628
002298.SZ,52,0.68204087
002299.SZ,5,0.69143015
002300.SZ,15,0.64445853
002301.SZ,89,0.750097
002302.SZ,91,0.65031284
002303.SZ,91,0.76607364
002304.SZ,77,0.7328808
002307.SZ,87,0.7000784
002309.SZ,80,0.7376848
002310.SZ,77,0.6692924
002311.SZ,77,0.64513916
002312.SZ,87,0.7056462
002313.SZ,90,0.62220883
002314.SZ,91,0.67523664
002315.SZ,12,0.6664078
002316.SZ,94,0.6745653
002317.SZ,69,0.69063157
002318.SZ,10,0.0
002319.SZ,12,0.66341156
002320.SZ,34,0.64664894
002321.SZ,93,0.6920346
002322.SZ,12,0.6743737
002323.SZ,24,0.62974674
002324.SZ,95,0.71730494
002326.SZ,1,0.69849855
002327.SZ,51,0.67207575
002328.SZ,87,0.6418128
002329.SZ,5,0.65935504
002330.SZ,12,0.77427053
002331.SZ,12,0.73224247
002332.SZ,74,0.6437234
002333.SZ,91,0.75162226
002334.SZ,12,0.69175106
002335.SZ,33,0.6247823
002337.SZ,24,0.63606405
002338.SZ,12,0.7017857
002339.SZ,74,0.73935914
002340.SZ,87,0.71170735
002342.SZ,34,0.66396195
002343.SZ,87,0.68912774
002344.SZ,32,0.5704149
002345.SZ,74,0.6944334
002346.SZ,21,0.7372148
002347.SZ,103,0.5875098
002348.SZ,1,0.6982753
002349.SZ,30,0.64647573
002350.SZ,22,0.6740435
002351.SZ,59,0.69871
002352.SZ,12,0.6265652
002353.SZ,5,0.7608388
002354.SZ,34,0.63024336
002355.SZ,74,0.6948323
002356.SZ,57,0.73646736
002357.SZ,89,0.6353796
002358.SZ,93,0.68073845
002360.SZ,12,0.69357836
002361.SZ,20,0.72354543
002362.SZ,12,0.7533425
002363.SZ,74,0.74012566
002364.SZ,33,0.6748249
002365.SZ,29,0.58362955
002366.SZ,12,0.692378
002367.SZ,34,0.7081681
002368.SZ,32,0.6159636
002369.SZ,91,0.7334463
002370.SZ,23,0.66956383
002371.SZ,77,0.5990969
002372.SZ,15,0.6307155
002373.SZ,1,0.7456683
002374.SZ,74,0.77209634
002375.SZ,95,0.68674815
002376.SZ,94,0.664151
002377.SZ,61,0.64947516
002378.SZ,21,0.75847566
002379.SZ,69,0.69683874
002380.SZ,33,0.7298503
002381.SZ,11,3.1026343e-07
002382.SZ,1,0.6147711
002383.SZ,5,0.70871717
002384.SZ,91,0.73756677
002385.SZ,12,0.6542054
002386.SZ,74,0.7041568
002387.SZ,11,3.1026343e-07
002388.SZ,40,0.6569691
002389.SZ,15,0.7162764
002390.SZ,27,0.72793204
002391.SZ,27,0.7924876
002392.SZ,13,0.72056293
002393.SZ,34,0.67381483
002394.SZ,93,0.6445018
002395.SZ,33,0.6355784
002396.SZ,57,0.68338865
002397.SZ,91,0.6944678
002398.SZ,77,0.6102572
002399.SZ,91,0.7147432
002400.SZ,13,0.67680025
002401.SZ,80,0.7344133
002402.SZ,15,0.6781255
002403.SZ,91,0.7287972
002404.SZ,27,0.7451594
002405.SZ,12,0.64808106
002406.SZ,34,0.6381636
002407.SZ,77,0.64981025
002408.SZ,15,0.6703658
002409.SZ,19,0.6600636
002410.SZ,91,0.720843
002412.SZ,102,0.64704233
002413.SZ,91,0.6631746
002414.SZ,15,0.6576678
002415.SZ,13,0.6666509
002416.SZ,80,0.78244865
002418.SZ,90,0.7066395
002419.SZ,91,0.67868793
002420.SZ,27,0.7334315
002421.SZ,59,0.7231555
002422.SZ,77,0.68042344
002423.SZ,75,0.0
002425.SZ,91,0.738949
002426.SZ,91,0.7080007
002427.SZ,91,0.6745763
002428.SZ,59,0.66598105
002429.SZ,11,3.1026343e-07
002430.SZ,77,0.64120996
002431.SZ,76,0.76272374
002432.SZ,77,0.66204375
002434.SZ,7,0.7283537
002436.SZ,57,0.7046521
002437.SZ,91,0.63708663
002438.SZ,91,0.75018495
002439.SZ,93,0.72819984
002440.SZ,76,0.7427451
002441.SZ,33,0.6719471
002442.SZ,76,0.7068589
002443.SZ,91,0.75122434
002444.SZ,91,0.6675228
002445.SZ,80,0.7084022
002446.SZ,59,0.7824943
002448.SZ,91,0.7354214
002449.SZ,91,0.6836119
002451.SZ,12,0.67729545
002452.SZ,91,0.7116581
002453.SZ,22,0.66479164
002454.SZ,22,0.690172
002455.SZ,12,0.75738835
002456.SZ,12,0.70385253
002457.SZ,69,0.72112834
002458.SZ,77,0.65110123
002459.SZ,91,0.6935254
002460.SZ,57,0.67215616
002461.SZ,74,0.6665289
002462.SZ,57,0.7311578
002463.SZ,77,0.66533375
002465.SZ,7,0.6959076
002466.SZ,91,0.7293455
002467.SZ,91,0.7274577
002468.SZ,89,0.7216896
002469.SZ,80,0.7151949
002470.SZ,87,0.7179426
002471.SZ,87,0.6560059
002472.SZ,19,0.67352474
002474.SZ,32,0.6857455
002475.SZ,91,0.72039264
002476.SZ,91,0.73275083
002478.SZ,27,0.72687954
002479.SZ,34,0.64209676
002480.SZ,27,0.7215001
002481.SZ,80,0.68725014
002482.SZ,1,0.7285732
002483.SZ,34,0.5851233
002484.SZ,22,0.65358245
002486.SZ,57,0.6604182
002487.SZ,91,0.74497974
002488.SZ,22,0.64738905
002489.SZ,91,0.73517543
002490.SZ,21,0.68917745
002491.SZ,74,0.6339417
002492.SZ,76,0.7584883
002493.SZ,90,0.64564186
002494.SZ,74,0.6393444
002495.SZ,91,0.73218435
002497.SZ,91,0.6754482
002498.SZ,94,0.5947142
002500.SZ,33,0.64964193
002501.SZ,77,0.6690342
002506.SZ,21,0.7086953
002507.SZ,12,0.6592801
002508.SZ,15,0.675437
002510.SZ,91,0.72986394
002511.SZ,32,0.70505595
002513.SZ,77,0.677978
002514.SZ,15,0.7328658
002515.SZ,33,0.68548036
002516.SZ,91,0.7535021
002517.SZ,91,0.7330609
002518.SZ,15,0.6757041
002519.SZ,24,0.65112716
002520.SZ,1,0.74192137
002521.SZ,33,0.6888441
002522.SZ,87,0.710574
002523.SZ,21,0.6898403
002524.SZ,27,0.75799453
002526.SZ,27,0.72203004
002527.SZ,43,0.71441907
002530.SZ,32,0.70614374
002531.SZ,80,0.6758714
002532.SZ,80,0.7050019
002533.SZ,13,0.7887004
002534.SZ,77,0.6426638
002535.SZ,93,0.6516115
002536.SZ,15,0.68867815
002537.SZ,91,0.69435596
002539.SZ,91,0.7339349
002540.SZ,12,0.7098675
002541.SZ,94,0.6914626
002542.SZ,13,0.6859902
002543.SZ,91,0.7839872
002544.SZ,57,0.65782064
002545.SZ,33,0.66618115
002546.SZ,30,0.579268
002547.SZ,77,0.6925679
002548.SZ,94,0.76226246
002549.SZ,95,0.7657001
002550.SZ,1,0.70799816
002551.SZ,40,0.6663613
002552.SZ,89,0.666476
002553.SZ,5,0.6417208
002554.SZ,80,0.7093351
002555.SZ,77,0.6814964
002556.SZ,33,0.7310923
002557.SZ,12,0.68979675
002558.SZ,91,0.70874524
002559.SZ,91,0.69117844
002560.SZ,95,0.6945996
002561.SZ,52,0.671339
002562.SZ,13,0.7635563
002563.SZ,76,0.8567449
002564.SZ,34,0.6137007
002565.SZ,77,0.63736576
002566.SZ,74,0.69137704
002567.SZ,76,0.78475183
002568.SZ,74,0.7266691
002570.SZ,27,0.8271982
002571.SZ,57,0.6347062
002572.SZ,12,0.6862971
002573.SZ,87,0.7381284
002574.SZ,91,0.7541372
002575.SZ,32,0.5660893
002576.SZ,20,0.77283996
002577.SZ,57,0.6948029
002578.SZ,77,0.5905088
002579.SZ,43,0.69714314
002580.SZ,33,0.6291054
002582.SZ,94,0.6518606
002583.SZ,15,0.67460245
002584.SZ,74,0.7302029
002585.SZ,74,0.75887674
002587.SZ,77,0.6785366
002588.SZ,29,0.60067093
002589.SZ,91,0.64608824
002590.SZ,74,0.7360532
002591.SZ,87,0.63968354
002593.SZ,12,0.70484704
002594.SZ,91,0.7623277
002595.SZ,5,0.727443
002596.SZ,91,0.80555004
002597.SZ,51,0.7198133
002599.SZ,5,0.6755473
002600.SZ,69,0.7472472
002601.SZ,21,0.68003345
002602.SZ,77,0.6731863
002603.SZ,57,0.683493
002605.SZ,27,0.73216724
002606.SZ,30,0.5437833
002607.SZ,91,0.7265982
002608.SZ,91,0.76849836
002609.SZ,76,0.77805483
002611.SZ,90,0.6288678
002612.SZ,57,0.7971207
002613.SZ,100,0.5787733
002614.SZ,90,0.62365776
002615.SZ,91,0.7507788
002616.SZ,91,0.70848143
002617.SZ,11,3.1026343e-07
002622.SZ,34,0.6509497
002623.SZ,5,0.7052049
002624.SZ,19,0.70066696
002625.SZ,5,0.6775184
002626.SZ,87,0.7179012
002627.SZ,33,0.6827833
002628.SZ,21,0.71531856
002629.SZ,1,0.77027863
002631.SZ,91,0.6975198
002632.SZ,33,0.7235101
002633.SZ,12,0.74104476
002634.SZ,21,0.7093512
002635.SZ,19,0.74344087
002636.SZ,95,0.65333754
002637.SZ,76,0.8010405
002638.SZ,27,0.82270664
002639.SZ,91,0.7847763
002640.SZ,5,0.7678038
002641.SZ,91,0.74469346
002642.SZ,96,0.6540755
002643.SZ,77,0.60589325
002644.SZ,91,0.6964236
002645.SZ,91,0.7201307
002646.SZ,43,0.6920472
002648.SZ,12,0.68569803
002649.SZ,91,0.70613736
002651.SZ,5,0.68700325
002652.SZ,21,0.6682874
002653.SZ,27,0.7232223
002654.SZ,43,0.7614503
002655.SZ,51,0.58498955
002657.SZ,77,0.70511276
002658.SZ,24,0.63982004
002659.SZ,61,0.64959294
002660.SZ,89,0.6665264
002661.SZ,59,0.70139873
002662.SZ,12,0.74575484
002663.SZ,27,0.7206365
002664.SZ,74,0.85280716
002666.SZ,22,0.6833041
002667.SZ,1,0.676003
002668.SZ,77,0.6138697
002669.SZ,27,0.7380483
002670.SZ,69,0.6392995
002671.SZ,87,0.6499579
002672.SZ,59,0.7323727
002673.SZ,89,0.70215064
002674.SZ,19,0.7022166
002675.SZ,91,0.68092394
002676.SZ,90,0.670558
002677.SZ,87,0.74552494
002678.SZ,12,0.69115764
002679.SZ,19,0.7519394
002681.SZ,23,0.5804406
002682.SZ,7,0.73680645
002683.SZ,22,0.7121081
002685.SZ,1,0.64808685
002686.SZ,57,0.6718493
002687.SZ,19,0.7146005
002688.SZ,20,0.6909212
002690.SZ,20,0.6709699
002691.SZ,77,0.6869774
002692.SZ,91,0.7783903
002694.SZ,33,0.71538806
002695.SZ,12,0.6977557
002696.SZ,12,0.64626276
002697.SZ,74,0.7684649
002698.SZ,7,0.637622
002700.SZ,95,0.71691346
002701.SZ,13,0.78716147
002702.SZ,95,0.7303262
002703.SZ,5,0.64197344
002705.SZ,76,0.8069085
002706.SZ,54,5.12014e-08
002707.SZ,27,0.7464672
002708.SZ,7,0.6572876
002709.SZ,53,0.63005304
002712.SZ,19,0.7368039
002714.SZ,91,0.7521866
002715.SZ,51,0.5706634
002716.SZ,19,0.6902258
002718.SZ,22,0.67029005
002719.SZ,94,0.7189342
002721.SZ,77,0.675769
002722.SZ,80,0.6488029
002723.SZ,64,0.0
002724.SZ,20,0.66303545
002725.SZ,5,0.7561696
002726.SZ,21,0.7245375
002727.SZ,43,0.760772
002728.SZ,12,0.6583747
002729.SZ,74,0.6262052
002730.SZ,32,0.5780648
002732.SZ,59,0.731957
002733.SZ,74,0.70279855
002734.SZ,95,0.7361524
002735.SZ,74,0.7133896
002736.SZ,12,0.7224258
002737.SZ,77,0.65971094
002738.SZ,32,0.61266893
002739.SZ,95,0.7710014
002741.SZ,12,0.69879425
002743.SZ,77,0.64085037
002745.SZ,94,0.69650835
002746.SZ,43,0.80432236
002747.SZ,87,0.66140187
002748.SZ,2,0.74171656
002749.SZ,76,0.79979265
002752.SZ,19,0.7171791
002753.SZ,23,0.6073341
002755.SZ,91,0.74579597
002756.SZ,80,0.6834563
002757.SZ,61,0.58496326
002758.SZ,14,0.6933674
002759.SZ,21,0.6544404
002760.SZ,100,0.7056076
002761.SZ,77,0.67859185
002763.SZ,15,0.717939
002765.SZ,80,0.7095659
002766.SZ,17,0.5234796
002767.SZ,17,0.5779326
002768.SZ,14,0.64096457
002769.SZ,91,0.7441376
002771.SZ,21,0.6986538
002772.SZ,21,0.6987891
002773.SZ,21,0.65329045
002774.SZ,33,0.667251
002775.SZ,87,0.70316875
002777.SZ,33,0.65017533
002778.SZ,95,0.7185469
002779.SZ,74,0.72039306
002780.SZ,77,0.58179015
002782.SZ,91,0.68227327
002783.SZ,69,0.7028779
002785.SZ,5,0.7183669
002786.SZ,74,0.6648668
002787.SZ,27,0.7521822
002788.SZ,27,0.7371926
002790.SZ,69,0.7372868
002791.SZ,32,0.5978363
002792.SZ,69,0.6934974
002793.SZ,77,0.73124146
002795.SZ,57,0.679037
002796.SZ,77,0.6413917
002797.SZ,19,0.7058121
002798.SZ,5,0.66918075
002799.SZ,87,0.67354554
002800.SZ,32,0.58033603
002801.SZ,32,0.6838561
002802.SZ,26,0.6340818
002803.SZ,69,0.6781403
002805.SZ,20,0.7091388
002806.SZ,69,0.71601474
002807.SZ,27,0.75618315
002809.SZ,13,0.73784584
002810.SZ,53,0.6449347
002811.SZ,1,0.65076345
002812.SZ,74,0.7065499
002813.SZ,13,0.65579927
002815.SZ,21,0.692457
002817.SZ,20,0.76109993
002818.SZ,93,0.68946975
002819.SZ,69,0.5882206
002820.SZ,91,0.73486936
002821.SZ,12,0.6765114
002823.SZ,87,0.690952
002824.SZ,2,0.7473756
002825.SZ,80,0.70113
002826.SZ,43,0.74355197
002827.SZ,69,0.7336584
002828.SZ,14,0.6689657
002829.SZ,69,0.6968252
002830.SZ,15,0.6233884
002831.SZ,59,0.67116123
002832.SZ,27,0.8469118
002833.SZ,59,0.7135739
002835.SZ,59,0.7741507
002836.SZ,5,0.74696386
002837.SZ,87,0.7471498
002838.SZ,12,0.67606705
002839.SZ,43,0.6406462
002840.SZ,80,0.6459677
002841.SZ,15,0.661491
002842.SZ,20,0.6651161
002843.SZ,33,0.7080562
002845.SZ,40,0.80428284
002846.SZ,74,0.7072331
002847.SZ,33,0.6533766
002849.SZ,12,0.66396356
002850.SZ,33,0.68225455
002851.SZ,94,0.65542275
002852.SZ,94,0.60179555
002853.SZ,94,0.7280732
002855.SZ,94,0.7185558
002856.SZ,26,0.7435219
002857.SZ,91,0.7179984
002858.SZ,32,0.61813474
002859.SZ,32,0.57820684
002860.SZ,94,0.7075892
002861.SZ,77,0.66631716
002862.SZ,5,0.7178046
002863.SZ,22,0.672778
002864.SZ,12,0.6915908
002865.SZ,69,0.6768136
002866.SZ,15,0.67139125
002867.SZ,95,0.68526924
002869.SZ,1,0.7216803
002870.SZ,74,0.67212874
002871.SZ,52,0.6666813
002873.SZ,5,0.7338108
002875.SZ,33,0.7207757
002876.SZ,93,0.6370235
002877.SZ,57,0.75406855
002878.SZ,1,0.633158
002879.SZ,19,0.7093439
002880.SZ,59,0.66819686
002881.SZ,43,0.70778805
002882.SZ,69,0.68765116
002883.SZ,80,0.70434034
002884.SZ,27,0.7744546
002885.SZ,77,0.6012418
002886.SZ,22,0.6772824
002887.SZ,69,0.6977211
002888.SZ,5,0.6824383
002889.SZ,69,0.6866947
002890.SZ,91,0.6903884
002891.SZ,93,0.67584556
002892.SZ,21,0.7510644
002893.SZ,69,0.69258624
002895.SZ,29,0.6494091
002896.SZ,93,0.66261834
002897.SZ,19,0.6729128
002899.SZ,15,0.694601
002900.SZ,69,0.71505016
002901.SZ,29,0.6557124
002902.SZ,15,0.78920233
002903.SZ,7,0.60498804
002905.SZ,5,0.69480824
002906.SZ,74,0.7249655
002907.SZ,74,0.70897603
002908.SZ,9,0.0
002909.SZ,94,0.65298
002910.SZ,26,0.6731278
002911.SZ,74,0.70589393
002912.SZ,26,0.82293546
002913.SZ,26,0.6202796
002915.SZ,74,0.65257293
002916.SZ,102,0.791094
002917.SZ,94,0.6200884
002918.SZ,26,0.65052426
002919.SZ,26,0.6521728
002920.SZ,74,0.6899034
002921.SZ,91,0.7150698
002922.SZ,48,0.0
002923.SZ,69,0.77606195
002925.SZ,24,0.6542373
002926.SZ,85,0.4182893
002927.SZ,33,0.6516809
002928.SZ,33,0.71325105
002929.SZ,27,0.7289583
002930.SZ,74,0.6449364
002932.SZ,61,0.5689934
002933.SZ,43,0.6998245
002935.SZ,5,0.7013499
002936.SZ,91,0.7256069
002937.SZ,69,0.69986844
002938.SZ,33,0.6865406
002939.SZ,40,0.75702006
002940.SZ,91,0.6915454
002941.SZ,5,0.6640253
002942.SZ,69,0.66398704
002943.SZ,43,0.7414139
002945.SZ,74,0.8695774
002946.SZ,1,0.73175585
002947.SZ,19,0.64957285
002948.SZ,69,0.6234081
002949.SZ,98,0.5893171
002950.SZ,40,0.6598782
002951.SZ,59,0.77377874
002952.SZ,93,0.71585345
002953.SZ,5,0.68684125
002955.SZ,68,0.7509895
002956.SZ,14,0.67215115
002957.SZ,22,0.71926486
002958.SZ,59,0.7263255
002959.SZ,74,0.6713726
002960.SZ,57,0.6712546
002961.SZ,14,0.70957583
002962.SZ,96,0.6617211
002963.SZ,91,0.6912549
002965.SZ,22,0.62662065
002966.SZ,1,0.6882294
002967.SZ,69,0.6496858
002968.SZ,1,0.6959301
002969.SZ,26,0.65626705
002970.SZ,32,0.58207756
002971.SZ,26,0.6332254
002972.SZ,94,0.6646765
002973.SZ,77,0.72756124
002975.SZ,4,0.0
002976.SZ,27,0.753115
002978.SZ,91,0.7150206
002979.SZ,95,0.7088773
002980.SZ,20,0.64383125
002981.SZ,87,0.73163134
002982.SZ,67,6.2150825e-08
002983.SZ,33,0.6929351
002984.SZ,1,0.67721564
002985.SZ,33,0.66287345
002986.SZ,12,0.7342465
002987.SZ,93,0.6201318
002988.SZ,91,0.7043477
002989.SZ,69,0.64119875
002990.SZ,24,0.6573795
002991.SZ,74,0.68175954
002992.SZ,5,0.6991236
002993.SZ,21,0.753632
002995.SZ,69,0.694758
002996.SZ,21,0.7261501
002997.SZ,91,0.72553635
002998.SZ,20,0.70030254
002999.SZ,57,0.84135014
003000.SZ,13,0.79474086
003001.SZ,52,0.66979504
003002.SZ,1,0.6683909
003003.SZ,89,0.69884026
003005.SZ,15,0.7114433
003006.SZ,27,0.73324627
003007.SZ,93,0.7028964
003008.SZ,24,0.62074673
003009.SZ,40,0.7345666
003010.SZ,77,0.71701795
003011.SZ,22,0.6517022
003012.SZ,40,0.6335936
003013.SZ,5,0.73586756
003015.SZ,69,0.6886611
003016.SZ,15,0.7268349
003017.SZ,1,0.6610449
003018.SZ,20,0.6672162
003019.SZ,95,0.66329247
003020.SZ,102,0.63911957
003021.SZ,91,0.7340764
003022.SZ,21,0.71761525
003023.SZ,91,0.7609503
003025.SZ,94,0.64820284
003026.SZ,32,0.48666614
003027.SZ,74,0.63524455
003028.SZ,32,0.599768
003029.SZ,74,0.73660856
003030.SZ,30,0.6097043
003031.SZ,59,0.7371417
003033.SZ,33,0.7103008
003035.SZ,59,0.70687973
003036.SZ,74,0.7426976
003037.SZ,43,0.70496017
003038.SZ,59,0.7102992
003039.SZ,33,0.70871973
003040.SZ,74,0.6938222
003042.SZ,100,0.58250576
003043.SZ,80,0.7094554
003816.SZ,1,0.69559103
300001.SZ,93,0.7116582
300002.SZ,19,0.73622996
300003.SZ,59,0.75861716
300004.SZ,91,0.6775854
300005.SZ,1,0.71757054
300006.SZ,15,0.7478077
300007.SZ,2,0.6920437
300008.SZ,5,0.68098474
300009.SZ,19,0.7175157
300010.SZ,15,0.6885488
300011.SZ,27,0.6855654
300012.SZ,7,0.73382866
300013.SZ,22,0.6382485
300014.SZ,5,0.645611
300015.SZ,69,0.6838972
300016.SZ,15,0.7072255
300017.SZ,77,0.7545463
300018.SZ,33,0.65591216
300019.SZ,12,0.683899
300021.SZ,6,0.7047425
300022.SZ,27,0.7381496
300024.SZ,95,0.7031892
300025.SZ,74,0.6676594
300026.SZ,77,0.69087994
300027.SZ,33,0.67563903
300030.SZ,27,0.72923076
300031.SZ,19,0.66784257
300032.SZ,21,0.77383196
300033.SZ,5,0.6812546
300034.SZ,22,0.64033383
300035.SZ,15,0.63987994
300036.SZ,12,0.6935959
300037.SZ,5,0.7197909
300039.SZ,5,0.67325795
300040.SZ,52,0.6631935
300041.SZ,21,0.72900724
300042.SZ,21,0.6179728
300043.SZ,5,0.6611092
300045.SZ,102,0.56554127
300046.SZ,27,0.7404695
300047.SZ,5,0.7134001
300048.SZ,22,0.6782224
300049.SZ,5,0.6747639
300050.SZ,80,0.73487633
300051.SZ,91,0.7408592
300053.SZ,43,0.7098376
300054.SZ,12,0.71812207
300055.SZ,22,0.71995336
300056.SZ,69,0.65871793
300057.SZ,59,0.726937
300058.SZ,27,0.79672134
300059.SZ,27,0.72418725
300061.SZ,12,0.73410094
300062.SZ,23,0.6361078
300063.SZ,95,0.70607966
300065.SZ,69,0.6512645
300066.SZ,33,0.6516196
300067.SZ,43,0.7046021
300068.SZ,24,0.63658947
300069.SZ,33,0.6799722
300070.SZ,21,0.7394668
300071.SZ,34,0.6195912
300072.SZ,91,0.73324347
300073.SZ,52,0.7250007
300074.SZ,21,0.7184037
300075.SZ,59,0.707295
300076.SZ,19,0.63822466
300077.SZ,33,0.7269816
300078.SZ,12,0.69937915
300079.SZ,27,0.74839085
300080.SZ,5,0.6892664
300082.SZ,89,0.69173646
300083.SZ,5,0.67795664
300084.SZ,34,0.70538014
300085.SZ,59,0.75407577
300086.SZ,2,0.66114604
300087.SZ,5,0.6784223
300088.SZ,24,0.6076125
300092.SZ,59,0.72366303
300094.SZ,33,0.6665556
300095.SZ,95,0.69856966
300097.SZ,14,0.6497166
300098.SZ,19,0.63252556
300099.SZ,31,0.0
300100.SZ,102,0.7668185
300101.SZ,1,0.71453285
300102.SZ,80,0.8014408
300103.SZ,5,0.65346926
300105.SZ,27,0.7716228
300106.SZ,20,0.71326876
300107.SZ,5,0.68727416
300109.SZ,24,0.67446816
300110.SZ,43,0.6988004
300111.SZ,74,0.6877455
300112.SZ,59,0.7026273
300113.SZ,91,0.7204297
300115.SZ,33,0.6890594
300118.SZ,12,0.6343779
300119.SZ,69,0.6463342
300120.SZ,20,0.6507552
300121.SZ,94,0.69251
300122.SZ,43,0.7403932
300123.SZ,27,0.7326117
300124.SZ,80,0.69517756
300126.SZ,33,0.69451106
300127.SZ,91,0.72777176
300128.SZ,33,0.72473603
300129.SZ,5,0.69360983
300130.SZ,69,0.6471193
300131.SZ,1,0.7170144
300132.SZ,40,0.64803344
300133.SZ,5,0.7058192
300134.SZ,27,0.7656169
300135.SZ,12,0.71617335
300136.SZ,14,0.6710854
300137.SZ,89,0.6791226
300138.SZ,7,0.6532897
300139.SZ,59,0.7389388
300140.SZ,95,0.6905324
300141.SZ,7,0.7269477
300142.SZ,57,0.69375646
300143.SZ,1,0.6833678
300144.SZ,76,0.81023777
300145.SZ,59,0.67895424
300146.SZ,1,0.6741182
300148.SZ,69,0.6919749
300149.SZ,33,0.7138302
300150.SZ,21,0.72306
300151.SZ,19,0.75348014
300153.SZ,5,0.74314094
300154.SZ,12,0.70484215
300155.SZ,91,0.76646423
300157.SZ,33,0.7546849
300158.SZ,59,0.7518859
300160.SZ,15,0.6325114
300161.SZ,77,0.7135049
300162.SZ,74,0.6737129
300163.SZ,30,0.62119395
300164.SZ,19,0.63973343
300165.SZ,14,0.66363907
300166.SZ,80,0.7357937
300168.SZ,69,0.67469037
300169.SZ,15,0.6664044
300170.SZ,24,0.7175311
300171.SZ,27,0.7794398
300172.SZ,12,0.69289637
300174.SZ,69,0.7242197
300176.SZ,24,0.6785462
300177.SZ,1,0.69944125
300179.SZ,53,0.58408356
300180.SZ,22,0.64144367
300181.SZ,14,0.61872894
300182.SZ,74,0.6998099
300183.SZ,79,0.0
300184.SZ,59,0.7835085
300185.SZ,27,0.76377654
300187.SZ,16,0.56183654
300188.SZ,2,0.7589466
300189.SZ,5,0.69580877
300190.SZ,93,0.747552
300191.SZ,12,0.6833456
300192.SZ,93,0.7541694
300193.SZ,57,0.694182
300194.SZ,5,0.71382195
300195.SZ,59,0.6678737
300196.SZ,59,0.6781361
300197.SZ,57,0.75885177
300199.SZ,19,0.6710088
300200.SZ,12,0.7024929
300201.SZ,91,0.7061977
300203.SZ,5,0.7321552
300204.SZ,15,0.65737784
300206.SZ,15,0.71728045
300207.SZ,69,0.7731514
300209.SZ,91,0.6970224
300210.SZ,91,0.7321146
300212.SZ,59,0.70546186
300213.SZ,24,0.66116065
300214.SZ,7,0.7067002
300215.SZ,5,0.6884236
300217.SZ,93,0.65280867
300218.SZ,69,0.80341804
300219.SZ,69,0.6426555
300220.SZ,33,0.689131
300221.SZ,15,0.6414692
300222.SZ,69,0.62921965
300223.SZ,61,0.6700994
300224.SZ,40,0.7020399
300226.SZ,15,0.6506258
300227.SZ,15,0.73764044
300228.SZ,69,0.6634401
300229.SZ,80,0.7009192
300230.SZ,1,0.620941
300231.SZ,5,0.7246639
300232.SZ,19,0.7003082
300233.SZ,33,0.6878608
300234.SZ,93,0.6820025
300235.SZ,96,0.62275404
300236.SZ,69,0.7155323
300238.SZ,59,0.72208565
300239.SZ,20,0.7244467
300240.SZ,33,0.6934742
300241.SZ,69,0.68057036
300242.SZ,74,0.70932084
300243.SZ,15,0.7289765
300244.SZ,14,0.6139176
300245.SZ,40,0.70753175
300246.SZ,85,0.5420104
300247.SZ,93,0.63755745
300248.SZ,43,0.65801805
300249.SZ,15,0.67585385
300250.SZ,69,0.7021252
300251.SZ,12,0.7001669
300252.SZ,87,0.66293395
300253.SZ,2,0.68453896
300254.SZ,14,0.736115
300255.SZ,12,0.6969098
300256.SZ,21,0.72495586
300257.SZ,12,0.65269655
300258.SZ,19,0.68482083
300259.SZ,22,0.7145949
300260.SZ,59,0.7436172
300261.SZ,95,0.7022177
300263.SZ,89,0.566584
300264.SZ,1,0.68111295
300265.SZ,33,0.61785126
300266.SZ,24,0.6581666
300267.SZ,40,0.6704808
300269.SZ,52,0.6495317
300270.SZ,24,0.63907486
300271.SZ,59,0.71241957
300272.SZ,22,0.66162086
300274.SZ,59,0.72172624
300275.SZ,5,0.6959376
300276.SZ,53,0.53995913
300277.SZ,5,0.60303026
300278.SZ,5,0.7255114
300279.SZ,102,0.58255583
300281.SZ,91,0.73882616
300283.SZ,22,0.68920296
300284.SZ,93,0.6260923
300285.SZ,89,0.709
300286.SZ,12,0.6714587
300287.SZ,15,0.7142727
300288.SZ,87,0.7275301
300289.SZ,69,0.7389409
300290.SZ,12,0.6976189
300291.SZ,59,0.7167659
300292.SZ,94,0.69366825
300293.SZ,1,0.6859892
300294.SZ,2,0.75793236
300296.SZ,87,0.6716657
300298.SZ,59,0.7724712
300299.SZ,5,0.6822384
300300.SZ,15,0.7983618
300302.SZ,15,0.70163494
300303.SZ,69,0.65923697
300304.SZ,91,0.74124104
300305.SZ,12,0.6458848
300306.SZ,89,0.6103672
300307.SZ,89,0.6433678
300308.SZ,33,0.77898633
300310.SZ,59,0.73036796
300314.SZ,80,0.6633611
300315.SZ,93,0.7187996
300316.SZ,12,0.80629826
300317.SZ,57,0.7818605
300318.SZ,101,0.655467
300319.SZ,74,0.72307193
300320.SZ,69,0.6992235
300321.SZ,13,0.709537
300322.SZ,89,0.64779997
300323.SZ,51,0.6418581
300324.SZ,51,0.68237615
300327.SZ,6,0.6235094
300328.SZ,59,0.7315856
300329.SZ,102,0.70008445
300331.SZ,59,0.6655594
300332.SZ,19,0.75109243
300333.SZ,20,0.6572214
300334.SZ,94,0.7268848
300335.SZ,14,0.64542246
300337.SZ,1,0.69596136
300339.SZ,43,0.7892749
300340.SZ,33,0.7050923
300341.SZ,76,0.7615386
300342.SZ,32,0.5737092
300345.SZ,21,0.7083829
300346.SZ,5,0.7429121
300347.SZ,12,0.69491196
300348.SZ,23,0.5910352
300349.SZ,87,0.6871285
300350.SZ,35,0.0
300351.SZ,96,0.71593785
300352.SZ,21,0.74588394
300353.SZ,40,0.6610652
300354.SZ,80,0.729397
300355.SZ,93,0.6490414
300357.SZ,12,0.6465538
300358.SZ,33,0.6914721
300359.SZ,87,0.6937049
300360.SZ,29,0.6959545
300363.SZ,5,0.7319429
300364.SZ,23,0.754626
300365.SZ,5,0.7142182
300368.SZ,22,0.6317559
300369.SZ,22,0.61477405
300370.SZ,24,0.5833502
300371.SZ,74,0.8426941
300373.SZ,15,0.6815794
300374.SZ,15,0.71742165
300375.SZ,22,0.7248723
300376.SZ,40,0.68915904
300377.SZ,12,0.74523467
300378.SZ,87,0.6938162
300380.SZ,1,0.6715987
300381.SZ,51,0.69510806
300382.SZ,69,0.65319175
300383.SZ,1,0.7033015
300384.SZ,33,0.7349314
300385.SZ,33,0.6114709
300386.SZ,33,0.69478106
300387.SZ,61,0.7200694
300388.SZ,40,0.61137307
300389.SZ,59,0.73351747
300390.SZ,24,0.6322658
300393.SZ,15,0.65832144
300394.SZ,23,0.73082817
300395.SZ,14,0.66928774
300396.SZ,12,0.6861402
300397.SZ,85,0.53192854
300398.SZ,1,0.6856727
300399.SZ,33,0.72323406
300400.SZ,40,0.6567698
300401.SZ,24,0.6368171
300402.SZ,53,0.6904048
300403.SZ,94,0.7238396
300404.SZ,76,0.65118355
300405.SZ,69,0.6772309
300406.SZ,1,0.7138264
300407.SZ,1,0.6652153
300408.SZ,33,0.72209114
300409.SZ,80,0.70839083
300410.SZ,21,0.7168981
300411.SZ,43,0.6825901
300412.SZ,1,0.70990306
300413.SZ,90,0.59374666
300414.SZ,93,0.66713417
300415.SZ,89,0.5573294
300416.SZ,57,0.7008491
300417.SZ,15,0.7081882
300418.SZ,15,0.68433744
300420.SZ,1,0.6998876
300421.SZ,15,0.67968696
300422.SZ,69,0.6994057
300423.SZ,33,0.69969267
300424.SZ,33,0.7062198
300425.SZ,93,0.645599
300426.SZ,27,0.8744224
300427.SZ,5,0.63886505
300428.SZ,69,0.7286364
300429.SZ,27,0.7616136
300430.SZ,5,0.6651933
300432.SZ,33,0.68769497
300433.SZ,1,0.6454913
300434.SZ,95,0.67394924
300435.SZ,80,0.67716175
300436.SZ,22,0.5963223
300437.SZ,21,0.7210896
300438.SZ,27,0.75479156
300439.SZ,15,0.66619796
300440.SZ,12,0.6710371
300441.SZ,1,0.6998682
300442.SZ,19,0.721141
300443.SZ,5,0.66970223
300444.SZ,77,0.6685222
300445.SZ,69,0.74693793
300446.SZ,52,0.6643971
300447.SZ,40,0.68806213
300448.SZ,19,0.6875231
300449.SZ,6,0.59770906
300450.SZ,87,0.6912342
300451.SZ,94,0.64048296
300452.SZ,94,0.60178983
300453.SZ,5,0.7316424
300454.SZ,26,0.65729564
300455.SZ,102,0.5864845
300456.SZ,57,0.64941144
300457.SZ,87,0.7166098
300458.SZ,1,0.74097127
300459.SZ,66,0.0
300461.SZ,23,0.6961343
300463.SZ,5,0.6860871
300464.SZ,51,0.6177452
300465.SZ,21,0.68005455
300466.SZ,27,0.73677945
300467.SZ,91,0.7313653
300468.SZ,21,0.6991672
300469.SZ,13,0.7013631
300470.SZ,27,0.7065973
300471.SZ,5,0.63752896
300473.SZ,80,0.6521279
300474.SZ,52,0.65167713
300475.SZ,15,0.71690303
300476.SZ,27,0.73142904
300478.SZ,15,0.7434545
300479.SZ,102,0.6352414
300480.SZ,24,0.68677
300481.SZ,69,0.7589171
300482.SZ,95,0.6905833
300483.SZ,5,0.7108348
300484.SZ,27,0.74215466
300485.SZ,5,0.7019492
300486.SZ,40,0.7051996
300487.SZ,20,0.79952836
300488.SZ,12,0.7172235
300489.SZ,40,0.7181774
300490.SZ,14,0.6126465
300491.SZ,59,0.67581123
300492.SZ,23,0.6070454
300493.SZ,24,0.66670555
300494.SZ,43,0.73009986
300496.SZ,22,0.68719226
300497.SZ,15,0.7018326
300498.SZ,7,0.70817924
300499.SZ,89,0.5844618
300500.SZ,69,0.67751086
300501.SZ,17,0.58490187
300502.SZ,97,0.0
300503.SZ,24,0.6908297
300504.SZ,59,0.7096309
300505.SZ,59,0.74046344
300507.SZ,61,0.6678384
300508.SZ,69,0.7482037
300509.SZ,19,0.7755489
300510.SZ,95,0.7600859
300511.SZ,90,0.6748742
300512.SZ,30,0.542304
300513.SZ,26,0.68832254
300514.SZ,87,0.70558214
300515.SZ,5,0.7028137
300516.SZ,69,0.71729374
300517.SZ,27,0.7466661
300518.SZ,19,0.7199263
300519.SZ,16,0.5491903
300520.SZ,27,0.7886395
300521.SZ,13,0.6357647
300522.SZ,15,0.7054022
300523.SZ,22,0.657226
300525.SZ,27,0.7706309
300528.SZ,29,0.62201923
300529.SZ,59,0.7302003
300530.SZ,1,0.6753245
300531.SZ,5,0.69032633
300532.SZ,6,0.59954786
300533.SZ,23,0.599292
300534.SZ,14,0.6633768
300535.SZ,1,0.7180435
300536.SZ,69,0.6805707
300537.SZ,74,0.62297285
300538.SZ,91,0.7528345
300539.SZ,69,0.7145758
300540.SZ,57,0.72295105
300541.SZ,61,0.6951873
300542.SZ,15,0.68804383
300543.SZ,93,0.72243375
300545.SZ,14,0.84934413
300546.SZ,43,0.7723671
300547.SZ,23,0.6352646
300548.SZ,1,0.69057095
300549.SZ,7,0.6702883
300550.SZ,40,0.640448
300551.SZ,91,0.7441706
300552.SZ,5,0.708992
300553.SZ,27,0.72459406
300554.SZ,59,0.7247763
300556.SZ,12,0.7252974
300557.SZ,40,0.7188038
300558.SZ,5,0.6938013
300559.SZ,19,0.7174938
300560.SZ,5,0.7985497
300562.SZ,12,0.61975837
300563.SZ,33,0.70750415
300564.SZ,22,0.68283165
300565.SZ,43,0.74544394
300566.SZ,1,0.6937397
300567.SZ,94,0.62943554
300568.SZ,2,0.6427191
300569.SZ,94,0.6693867
300570.SZ,40,0.69749504
300571.SZ,5,0.6558487
300572.SZ,33,0.6871168
300573.SZ,24,0.65326226
300575.SZ,74,0.7531313
300576.SZ,1,0.6813171
300577.SZ,19,0.7049159
300578.SZ,5,0.67474043
300579.SZ,80,0.63433146
300580.SZ,68,0.55382824
300581.SZ,15,0.70602953
300582.SZ,80,0.6864013
300583.SZ,5,0.69651705
300584.SZ,21,0.6981918
300585.SZ,52,0.64039785
300586.SZ,5,0.6864033
300587.SZ,12,0.6815323
300588.SZ,40,0.64771986
300589.SZ,27,0.7446056
300590.SZ,43,0.6967392
300591.SZ,27,0.71102893
300592.SZ,59,0.7003286
300593.SZ,27,0.73139733
300594.SZ,12,0.73266214
300595.SZ,1,0.6422849
300596.SZ,95,0.6819513
300597.SZ,22,0.673587
300598.SZ,96,0.6660091
300599.SZ,22,0.64580256
300600.SZ,6,0.67619336
300601.SZ,5,0.74893194
300602.SZ,95,0.690735
300603.SZ,33,0.6214132
300604.SZ,33,0.6734458
300605.SZ,69,0.63722503
300606.SZ,33,0.73591596
300607.SZ,5,0.70768243
300608.SZ,51,0.62075967
300609.SZ,69,0.67710257
300610.SZ,27,0.77194357
300611.SZ,80,0.61766744
300612.SZ,85,0.6015708
300613.SZ,87,0.68724614
300614.SZ,12,0.69811785
300615.SZ,33,0.7399965
300616.SZ,12,0.6423557
300617.SZ,61,0.6788682
300618.SZ,27,0.7581683
300619.SZ,5,0.76238954
300620.SZ,27,0.7406402
300621.SZ,19,0.7050186
300622.SZ,1,0.65948516
300623.SZ,43,0.68014264
300624.SZ,5,0.6786524
300625.SZ,23,0.6358532
300626.SZ,59,0.7894084
300627.SZ,15,0.7054822
300628.SZ,59,0.75423884
300629.SZ,5,0.72082776
300631.SZ,5,0.75105816
300632.SZ,27,0.72354585
300633.SZ,20,0.6658989
300634.SZ,59,0.78242797
300635.SZ,1,0.69593394
300636.SZ,57,0.70737565
300637.SZ,59,0.7399282
300638.SZ,14,0.7841281
300639.SZ,61,0.6469841
300640.SZ,5,0.64214426
300641.SZ,51,0.61592597
300642.SZ,33,0.6375713
300643.SZ,33,0.6382729
300644.SZ,51,0.6360806
300645.SZ,20,0.68689907
300647.SZ,95,0.6792554
300648.SZ,20,0.656772
300649.SZ,87,0.66576093
300650.SZ,51,0.65138125
300651.SZ,21,0.72658277
300652.SZ,22,0.64888555
300653.SZ,12,0.6741149
300654.SZ,52,0.67574036
300655.SZ,11,3.1026343e-07
300656.SZ,13,0.6871829
300657.SZ,15,0.7000655
300658.SZ,22,0.6890386
300659.SZ,33,0.6686618
300660.SZ,69,0.71953374
300661.SZ,24,0.6860503
300662.SZ,80,0.6825044
300663.SZ,15,0.6801808
300664.SZ,69,0.6792506
300665.SZ,21,0.7419836
300666.SZ,15,0.69064325
300667.SZ,33,0.75531363
300668.SZ,19,0.6512033
300669.SZ,5,0.65686613
300670.SZ,21,0.70479465
300671.SZ,80,0.69211304
300672.SZ,91,0.7330716
300673.SZ,15,0.69689316
300674.SZ,24,0.6725555
300675.SZ,27,0.73263544
300676.SZ,19,0.7245327
300677.SZ,2,0.7057453
300678.SZ,51,0.6893599
300679.SZ,27,0.7467114
300680.SZ,59,0.7817438
300681.SZ,5,0.685362
300682.SZ,69,0.72915477
300683.SZ,93,0.62061214
300684.SZ,1,0.6477621
300685.SZ,7,0.734607
300686.SZ,27,0.7648041
300687.SZ,52,0.69378227
300688.SZ,15,0.7205464
300689.SZ,80,0.69278693
300690.SZ,80,0.7213718
300691.SZ,12,0.6929053
300692.SZ,69,0.63094705
300693.SZ,19,0.70995224
300694.SZ,40,0.63549465
300695.SZ,1,0.7091353
300696.SZ,5,0.7137667
300697.SZ,33,0.6947414
300698.SZ,1,0.6900658
300699.SZ,55,9.1259224e-08
300700.SZ,49,8.8251014e-08
300701.SZ,22,0.64973307
300702.SZ,69,0.69986284
300703.SZ,19,0.6459828
300705.SZ,17,0.53188753
300706.SZ,13,0.6713658
300707.SZ,74,0.7257769
300708.SZ,22,0.6922625
300709.SZ,33,0.6429569
300710.SZ,59,0.71714157
300711.SZ,19,0.71190566
300712.SZ,5,0.7210933
300713.SZ,22,0.82272035
300715.SZ,69,0.6491915
300717.SZ,87,0.654157
300718.SZ,69,0.6170401
300719.SZ,5,0.65068525
300720.SZ,24,0.6491275
300721.SZ,87,0.63537896
300722.SZ,27,0.7574282
300723.SZ,91,0.7772389
300724.SZ,80,0.7055142
300725.SZ,93,0.65806407
300726.SZ,6,0.5895101
300727.SZ,94,0.7152042
300729.SZ,22,0.6476707
300730.SZ,15,0.7368003
300731.SZ,90,0.6822224
300732.SZ,80,0.7057604
300733.SZ,1,0.69766957
300735.SZ,21,0.7336641
300736.SZ,15,0.69642556
300737.SZ,5,0.6913922
300738.SZ,93,0.6651122
300739.SZ,74,0.69809616
300740.SZ,59,0.6937776
300741.SZ,12,0.6709521
300743.SZ,59,0.6860098
300745.SZ,21,0.8273917
300746.SZ,77,0.6653074
300747.SZ,91,0.7106402
300748.SZ,43,0.7261348
300749.SZ,91,0.7435371
300750.SZ,15,0.70238596
300751.SZ,20,0.6490361
300752.SZ,15,0.6902495
300753.SZ,77,0.64969015
300755.SZ,5,0.70172584
300756.SZ,20,0.7415768
300757.SZ,22,0.6909051
300758.SZ,12,0.6120636
300759.SZ,69,0.63669837
300760.SZ,22,0.6934928
300761.SZ,5,0.7118801
300762.SZ,43,0.7007487
300763.SZ,22,0.653685
300765.SZ,59,0.68638146
300766.SZ,69,0.6897944
300767.SZ,7,0.63311666
300768.SZ,40,0.635827
300769.SZ,33,0.71337074
300770.SZ,33,0.6812809
300771.SZ,59,0.7984934
300772.SZ,12,0.64365005
300773.SZ,23,0.65781695
300774.SZ,23,0.632505
300775.SZ,43,0.7593117
300776.SZ,1,0.71984553
300777.SZ,40,0.6306382
300778.SZ,5,0.70705664
300779.SZ,102,0.62340856
300780.SZ,27,0.7327784
300781.SZ,12,0.6735453
300782.SZ,20,0.66489416
300783.SZ,27,0.7246009
300784.SZ,51,0.6580032
300785.SZ,22,0.67428553
300786.SZ,24,0.70607746
300787.SZ,59,0.7640061
300788.SZ,89,0.66029114
300789.SZ,21,0.7049797
300790.SZ,5,0.7013066
300791.SZ,2,0.68026596
300792.SZ,5,0.6410039
300793.SZ,27,0.7180757
300795.SZ,93,0.6702039
300796.SZ,15,0.7138033
300797.SZ,27,0.6875665
300798.SZ,21,0.70105463
300800.SZ,91,0.71962774
300801.SZ,22,0.70226777
300802.SZ,2,0.6841152
300803.SZ,93,0.6943321
300804.SZ,12,0.67473793
300805.SZ,14,0.6066759
300806.SZ,69,0.6714606
300808.SZ,15,0.6510764
300809.SZ,96,0.61664164
300810.SZ,24,0.75879705
300811.SZ,51,0.6111132
300812.SZ,12,0.6847694
300813.SZ,27,0.68206453
300814.SZ,22,0.6042863
300815.SZ,14,0.6894391
300816.SZ,24,0.605112
300817.SZ,95,0.7061575
300818.SZ,1,0.68544203
300819.SZ,58,1.3481795e-07
300820.SZ,21,0.6499082
300821.SZ,7,0.7056381
300822.SZ,22,0.63939565
300823.SZ,2,0.8092509
300824.SZ,5,0.704113
300825.SZ,32,0.609731
300826.SZ,102,0.67143315
300827.SZ,69,0.729557
300828.SZ,21,0.65402377
300829.SZ,80,0.72378945
300830.SZ,91,0.6931198
300831.SZ,24,0.65105456
300832.SZ,80,0.6992657
300833.SZ,87,0.7384941
300834.SZ,51,0.71333474
300835.SZ,22,0.6832451
300836.SZ,93,0.6560385
300837.SZ,21,0.7081171
300838.SZ,5,0.74565893
300839.SZ,33,0.62045944
300840.SZ,74,0.6879693
300841.SZ,34,0.6683799
300842.SZ,59,0.71416986
300843.SZ,15,0.62891895
300844.SZ,59,0.686612
300845.SZ,34,0.70283073
300846.SZ,5,0.67824966
300847.SZ,69,0.66260576
300848.SZ,93,0.70478135
300849.SZ,13,0.71398807
300850.SZ,11,3.1026343e-07
300851.SZ,23,0.67335653
300852.SZ,80,0.793582
300853.SZ,74,0.6956917
300854.SZ,19,0.73439294
300855.SZ,102,0.66139734
300856.SZ,43,0.638719
300857.SZ,1,0.6760214
300858.SZ,93,0.6679022
300859.SZ,6,0.71926504
300860.SZ,69,0.64020985
300861.SZ,14,0.6912925
300862.SZ,33,0.6259495
300863.SZ,40,0.7392438
300864.SZ,7,0.64365524
300865.SZ,33,0.6592578
300866.SZ,59,0.7399143
300867.SZ,52,0.6480171
300868.SZ,53,0.6164063
300869.SZ,91,0.75574225
300870.SZ,7,0.6493188
300871.SZ,89,0.68984634
300872.SZ,57,0.7050232
300873.SZ,95,0.71490085
300875.SZ,32,0.6876015
300876.SZ,95,0.7035394
300877.SZ,76,0.8258913
300878.SZ,33,0.6899904
300879.SZ,21,0.71698976
300880.SZ,94,0.6570524
300881.SZ,30,0.5909285
300882.SZ,100,0.5022861
300883.SZ,27,0.761586
300884.SZ,15,0.71159023
300885.SZ,59,0.7308034
300886.SZ,12,0.66441923
300887.SZ,22,0.6737401
300888.SZ,33,0.64560235
300889.SZ,51,0.69386196
300890.SZ,59,0.778352
300891.SZ,1,0.69012105
300892.SZ,27,0.7707804
300893.SZ,21,0.6864484
300894.SZ,69,0.5899662
300895.SZ,102,0.66652834
300896.SZ,21,0.69980264
300897.SZ,51,0.608156
300898.SZ,87,0.768978
300900.SZ,12,0.6996694
300901.SZ,23,0.71817833
300902.SZ,2,0.6967311
300903.SZ,5,0.68529785
300904.SZ,43,0.7156292
300905.SZ,20,0.70728827
300906.SZ,22,0.68596226
300907.SZ,52,0.64293575
300908.SZ,33,0.6764165
300909.SZ,22,0.7099444
300910.SZ,33,0.6526324
300911.SZ,1,0.68086034
300912.SZ,22,0.6717534
300913.SZ,87,0.7002835
300915.SZ,52,0.66437733
300916.SZ,52,0.61383724
300917.SZ,33,0.70727307
300918.SZ,13,0.6608017
300919.SZ,40,0.64480156
300920.SZ,59,0.7791976
300921.SZ,24,0.6139058
300922.SZ,5,0.69427496
300923.SZ,13,0.6430613
300925.SZ,61,0.6504544
300926.SZ,34,0.66615677
300927.SZ,5,0.7540308
300928.SZ,93,0.6585062
300929.SZ,87,0.6937291
300930.SZ,74,0.7043516
300931.SZ,6,0.5812912
300932.SZ,80,0.7596672
300933.SZ,30,0.7579447
300935.SZ,27,0.7510439
300936.SZ,57,0.7135305
300937.SZ,24,0.69860417
300938.SZ,21,0.6867369
300939.SZ,19,0.69423795
300940.SZ,2,0.79780823
300941.SZ,74,0.7772011
300942.SZ,93,0.6980315
300943.SZ,94,0.7450506
300945.SZ,95,0.7492311
300946.SZ,5,0.6987152
300947.SZ,19,0.7669777
300948.SZ,37,0.5468368
300949.SZ,22,0.6768965
300950.SZ,95,0.71567094
300951.SZ,5,0.73777866
300952.SZ,12,0.6802231
300953.SZ,21,0.70827466
300955.SZ,14,0.67701733
300956.SZ,20,0.7181533
300957.SZ,20,0.70912045
300958.SZ,1,0.6741071
300959.SZ,72,0.656102
300960.SZ,93,0.6094344
300961.SZ,93,0.6942028
300962.SZ,22,0.6448107
300963.SZ,93,0.6789022
300964.SZ,77,0.6633873
300965.SZ,33,0.71043175
300966.SZ,6,0.67674035
300967.SZ,21,0.7309019
300968.SZ,69,0.6463853
300969.SZ,13,0.7196009
300970.SZ,33,0.6927552
300971.SZ,40,0.60286164
300972.SZ,19,0.7167124
300973.SZ,69,0.736535
300975.SZ,12,0.7464906
300976.SZ,22,0.6294897
300977.SZ,12,0.7606847
300978.SZ,33,0.6670281
300979.SZ,14,0.6584125
300980.SZ,33,0.7315019
300981.SZ,89,0.622798
300982.SZ,93,0.6602761
300983.SZ,33,0.70036024
300984.SZ,7,0.78117776
300985.SZ,2,0.7079115
300986.SZ,15,0.6615176
300987.SZ,69,0.72724295
300988.SZ,12,0.7446612
300989.SZ,19,0.71309566
300990.SZ,69,0.7587858
300991.SZ,5,0.69066817
300992.SZ,74,0.74769235
300993.SZ,74,0.76978606
300994.SZ,27,0.71146995
300995.SZ,11,3.1026343e-07
300996.SZ,80,0.6759288
300997.SZ,80,0.66015816
300998.SZ,69,0.6833435
300999.SZ,2,0.7118223
301000.SZ,43,0.7137789
301001.SZ,5,0.74659413
301002.SZ,74,0.67740935
301003.SZ,2,0.77183884
301004.SZ,27,0.6994677
301005.SZ,74,0.749063
301006.SZ,69,0.74878657
301007.SZ,19,0.70594877
301008.SZ,80,0.7196573
301009.SZ,90,0.6211432
301010.SZ,27,0.748806
301011.SZ,19,0.6808978
301012.SZ,52,0.62028193
301013.SZ,93,0.6404369
301015.SZ,93,0.6505929
301016.SZ,33,0.6370029
301017.SZ,95,0.6962663
301018.SZ,21,0.72679436
301019.SZ,68,0.61900437
301020.SZ,33,0.69467163
301021.SZ,14,0.6141909
301022.SZ,20,0.71448237
301023.SZ,51,0.6295851
301024.SZ,22,0.68596745
301025.SZ,40,0.63563627
301026.SZ,80,0.8102483
301027.SZ,77,0.69400424
301028.SZ,77,0.61688
301029.SZ,80,0.7442644
301030.SZ,5,0.61123174
301031.SZ,74,0.7162363
301032.SZ,80,0.6524637
301033.SZ,23,0.6271843
301035.SZ,80,0.68792945
301036.SZ,24,0.67930007
301037.SZ,27,0.7549999
301038.SZ,5,0.6731572
301039.SZ,43,0.67438835
301040.SZ,22,0.6884697
301041.SZ,14,0.6950194
301042.SZ,27,0.68904996
301043.SZ,6,0.60744977
301045.SZ,93,0.6908681
301046.SZ,19,0.7734138
301047.SZ,27,0.78169733
301048.SZ,19,0.7025726
301049.SZ,91,0.768127
301050.SZ,59,0.7458014
301051.SZ,19,0.72876483
301052.SZ,43,0.715671
301053.SZ,12,0.6478157
301055.SZ,15,0.7205485
301056.SZ,12,0.67197645
301057.SZ,19,0.6702362
301058.SZ,69,0.7038399
301059.SZ,23,0.68123454
301060.SZ,59,0.7795864
301061.SZ,7,0.6579116
301062.SZ,59,0.7272562
301063.SZ,14,0.5957745
301065.SZ,12,0.7177886
301066.SZ,86,0.5265734
301067.SZ,93,0.6719054
301068.SZ,1,0.64871687
301069.SZ,33,0.71682227
301070.SZ,33,0.70580536
301071.SZ,33,0.69294167
301072.SZ,51,0.6431927
301073.SZ,33,0.6405123
301075.SZ,15,0.66561556
301076.SZ,1,0.70704657
301077.SZ,59,0.6555716
301078.SZ,19,0.67946625
301079.SZ,15,0.69731945
301080.SZ,68,0.5518303
301081.SZ,93,0.6495395
301082.SZ,95,0.73670655
301083.SZ,33,0.7427594
301085.SZ,24,0.63410777
301086.SZ,77,0.63378763
301087.SZ,94,0.6639376
301088.SZ,34,0.6956913
301089.SZ,6,0.6638282
301090.SZ,61,0.6542796
301091.SZ,1,0.6646841
301092.SZ,94,0.7096004
301093.SZ,91,0.7568154
301095.SZ,14,0.671003
301096.SZ,95,0.67497015
301097.SZ,57,0.6873998
301098.SZ,80,0.66477495
301099.SZ,43,0.71935385
301100.SZ,74,0.6413072
301101.SZ,76,0.82289624
301102.SZ,2,0.7280434
301103.SZ,5,0.71901876
301105.SZ,95,0.70500135
301106.SZ,2,0.6532017
301107.SZ,57,0.72746384
301108.SZ,69,0.67397827
301109.SZ,24,0.59770006
301110.SZ,69,0.6430816
301111.SZ,95,0.6683051
301112.SZ,5,0.7881039
301113.SZ,12,0.6833019
301115.SZ,5,0.6895628
301116.SZ,12,0.658127
301117.SZ,21,0.72180516
301118.SZ,1,0.65168095
301119.SZ,59,0.6914428
301120.SZ,61,0.62104005
301121.SZ,1,0.6336991
301122.SZ,20,0.69136864
301123.SZ,74,0.6995931
301125.SZ,20,0.7769908
301126.SZ,51,0.6410353
301127.SZ,33,0.80644643
301128.SZ,69,0.6757875
301129.SZ,102,0.65426
301130.SZ,102,0.6407397
301131.SZ,102,0.60587007
301132.SZ,102,0.5119868
301133.SZ,86,0.49205476
301135.SZ,91,0.75849897
301136.SZ,80,0.6498642
301137.SZ,69,0.6959884
301138.SZ,2,0.7161468
301139.SZ,95,0.7740142
301141.SZ,63,0.0
301148.SZ,78,0.0
301149.SZ,2,0.63300055
301150.SZ,5,0.746492
301151.SZ,80,0.6577747
301152.SZ,80,0.68124235
301153.SZ,15,0.73916477
301155.SZ,2,0.6416848
301156.SZ,21,0.7240124
301157.SZ,21,0.70934063
301158.SZ,21,0.6480845
301159.SZ,87,0.7216284
301160.SZ,20,0.78285235
301161.SZ,5,0.65675855
301162.SZ,80,0.7111454
301163.SZ,19,0.6738182
301165.SZ,27,0.7426729
301166.SZ,20,0.6344497
301167.SZ,13,0.69739974
301168.SZ,91,0.6786534
301169.SZ,14,0.69577336
301170.SZ,69,0.6518724
301171.SZ,33,0.667504
301172.SZ,80,0.7081912
301173.SZ,2,0.7546206
301175.SZ,2,0.6661233
301176.SZ,87,0.69428664
301177.SZ,69,0.6388655
301178.SZ,7,0.67406595
301179.SZ,5,0.70001465
301180.SZ,96,0.7295084
301181.SZ,5,0.6934926
301182.SZ,5,0.65742856
301183.SZ,68,0.5039091
301185.SZ,33,0.67124623
301186.SZ,12,0.7097993
301187.SZ,89,0.6499765
301188.SZ,7,0.5840998
301189.SZ,43,0.8200091
301190.SZ,1,0.6406092
301191.SZ,33,0.64975387
301192.SZ,1,0.6998295
301193.SZ,100,0.68511677
301195.SZ,91,0.8001031
301196.SZ,2,0.7011973
301197.SZ,5,0.65743417
301198.SZ,80,0.68992376
301199.SZ,14,0.7373981
301200.SZ,47,0.0
301201.SZ,27,0.7748781
301202.SZ,15,0.67109776
301203.SZ,77,0.7047181
301205.SZ,19,0.65754646
301206.SZ,90,0.68386173
301207.SZ,34,0.6464729
301208.SZ,33,0.67341065
301209.SZ,33,0.7440175
301210.SZ,5,0.7327538
301211.SZ,27,0.71782064
301212.SZ,95,0.6867742
301213.SZ,69,0.7288242
301215.SZ,80,0.7119041
301216.SZ,27,0.7601708
301217.SZ,90,0.5656444
301218.SZ,69,0.64881396
301219.SZ,93,0.60743964
301220.SZ,1,0.6536887
301221.SZ,12,0.6858254
301222.SZ,96,0.64062893
301223.SZ,5,0.70862615
301225.SZ,15,0.700972
301226.SZ,12,0.6405761
301227.SZ,27,0.7393636
301228.SZ,80,0.70607626
301229.SZ,21,0.72335684
301230.SZ,27,0.84838253
301231.SZ,91,0.7321725
301232.SZ,95,0.6717085
301233.SZ,59,0.6814321
301234.SZ,95,0.7064415
301235.SZ,69,0.6250955
301236.SZ,95,0.6685648
301237.SZ,59,0.74043953
301238.SZ,33,0.6840001
301239.SZ,14,0.73267627
301246.SZ,33,0.65642416
301248.SZ,33,0.63174975
301251.SZ,91,0.74139595
301252.SZ,7,0.6716412
301255.SZ,95,0.6839197
301256.SZ,32,0.6915582
301257.SZ,74,0.7202554
301258.SZ,91,0.6909949
301259.SZ,30,0.5767653
301260.SZ,5,0.6921428
301261.SZ,20,0.6755495
301262.SZ,77,0.7002789
301263.SZ,21,0.71098286
301265.SZ,93,0.78890336
301266.SZ,1,0.711169
301267.SZ,12,0.73223865
301268.SZ,12,0.6637565
301269.SZ,27,0.772031
301270.SZ,33,0.6478532
301272.SZ,5,0.7032805
301273.SZ,52,0.7230646
301275.SZ,34,0.72466284
301276.SZ,80,0.7803578
301277.SZ,94,0.7534348
301278.SZ,20,0.70134085
301279.SZ,21,0.6934151
301280.SZ,33,0.67081267
301281.SZ,74,0.69224286
301282.SZ,12,0.71352845
301283.SZ,30,0.6199587
301285.SZ,80,0.6811027
301286.SZ,13,0.70939165
301287.SZ,20,0.74201024
301289.SZ,90,0.76087904
301290.SZ,91,0.7405645
301291.SZ,12,0.703204
301292.SZ,1,0.660188
301293.SZ,93,0.69550776
301295.SZ,91,0.7255753
301296.SZ,23,0.6419106
301297.SZ,5,0.69311035
301298.SZ,95,0.7182755
301299.SZ,1,0.7026826
301300.SZ,22,0.6075833
301301.SZ,1,0.67231405
301302.SZ,19,0.7149126
301303.SZ,22,0.57944065
301305.SZ,86,0.41913626
301306.SZ,59,0.696026
301307.SZ,33,0.6897324
301308.SZ,69,0.79980505
301309.SZ,12,0.6681446
301310.SZ,15,0.735394
301311.SZ,80,0.7019221
301312.SZ,13,0.6817292
301313.SZ,33,0.8447395
301314.SZ,6,0.63063765
301315.SZ,21,0.6752624
301316.SZ,53,0.56899005
301317.SZ,5,0.6921936
301318.SZ,13,0.7056616
301319.SZ,5,0.6934353
301320.SZ,52,0.7038465
301321.SZ,61,0.66856796
301322.SZ,52,0.7042456
301323.SZ,22,0.72662354
301325.SZ,14,0.6865338
301326.SZ,87,0.69128025
301327.SZ,57,0.6855263
301328.SZ,51,0.614551
301329.SZ,74,0.68767405
301330.SZ,1,0.7004475
301331.SZ,33,0.6614421
301332.SZ,69,0.6366019
301333.SZ,2,0.63720745
301335.SZ,19,0.7505236
301336.SZ,91,0.71074796
301337.SZ,2,0.6718125
301338.SZ,34,0.68613607
301339.SZ,61,0.5989807
301345.SZ,15,0.7116173
301348.SZ,27,0.7590078
301349.SZ,69,0.668693
301353.SZ,19,0.7596162
301355.SZ,14,0.7486314
301356.SZ,102,0.73624057
301357.SZ,69,0.7252538
301358.SZ,21,0.6748372
301359.SZ,12,0.7120887
301360.SZ,12,0.68910116
301361.SZ,27,0.72934103
301362.SZ,12,0.68464655
301363.SZ,95,0.6924108
301365.SZ,93,0.6219168
301366.SZ,22,0.7106791
301367.SZ,51,0.6647341
301368.SZ,22,0.707292
301369.SZ,40,0.64697284
301370.SZ,93,0.6758172
301371.SZ,95,0.7815953
301372.SZ,5,0.65387076
301373.SZ,21,0.73292786
301376.SZ,21,0.71681035
301377.SZ,20,0.68912786
301378.SZ,5,0.6892261
301379.SZ,95,0.72199947
301380.SZ,12,0.7333217
301381.SZ,41,0.8461217
301382.SZ,51,0.6462336
301383.SZ,11,3.1026343e-07
301386.SZ,74,0.68984884
301387.SZ,27,0.77631384
301388.SZ,89,0.66768676
301389.SZ,30,0.61025023
301390.SZ,21,0.7257111
301391.SZ,40,0.6987371
301392.SZ,59,0.7214759
301393.SZ,27,0.74578565
301395.SZ,12,0.74511975
301396.SZ,34,0.6234262
301397.SZ,2,0.6775634
301398.SZ,21,0.6826417
301399.SZ,22,0.6597127
301408.SZ,43,0.62939316
301413.SZ,74,0.70234257
301418.SZ,5,0.69113773
301419.SZ,80,0.68852943
301421.SZ,27,0.7736436
301428.SZ,93,0.5993534
301429.SZ,95,0.7352477
301439.SZ,13,0.710558
301446.SZ,33,0.7334606
301448.SZ,20,0.7019381
301449.SZ,1,0.69506764
301456.SZ,27,0.800275
301458.SZ,23,0.60277593
301459.SZ,27,0.75507957
301468.SZ,30,0.7083431
301469.SZ,96,0.6530271
301479.SZ,12,0.6817213
301486.SZ,95,0.7088292
301487.SZ,5,0.714376
301488.SZ,19,0.6788798
301489.SZ,33,0.7168204
301491.SZ,89,0.6327844
301498.SZ,61,0.6398359
301499.SZ,23,0.6617443
301500.SZ,33,0.7169364
301501.SZ,12,0.66672784
301502.SZ,24,0.6507813
301503.SZ,22,0.6631506
301505.SZ,33,0.65906835
301507.SZ,91,0.74980366
301508.SZ,69,0.66011417
301509.SZ,80,0.7287491
301510.SZ,12,0.64612424
301511.SZ,76,0.8046688
301512.SZ,21,0.7194058
301513.SZ,53,0.63492805
301515.SZ,91,0.6982516
301516.SZ,27,0.73117316
301517.SZ,20,0.7235103
301518.SZ,95,0.68516594
301519.SZ,7,0.6674102
301520.SZ,5,0.67604953
301522.SZ,5,0.6848042
301525.SZ,34,0.652395
301526.SZ,40,0.6544263
301528.SZ,80,0.68212974
301529.SZ,13,0.6638291
301533.SZ,96,0.64890295
301535.SZ,5,0.67969793
301536.SZ,5,0.68244225
301538.SZ,19,0.7489803
301539.SZ,93,0.80049205
301548.SZ,95,0.6983526
301550.SZ,93,0.6260415
301551.SZ,95,0.7400185
301552.SZ,90,0.6705776
301555.SZ,27,0.8434465
301556.SZ,27,0.7484636
301557.SZ,1,0.6774717
301558.SZ,69,0.66108465
301559.SZ,21,0.7532721
301560.SZ,89,0.61860776
301563.SZ,38,0.0
301565.SZ,95,0.71747327
301566.SZ,51,0.6522621
301567.SZ,80,0.7252833
301568.SZ,89,0.6545308
301571.SZ,12,0.70479566
301575.SZ,1,0.7115036
301577.SZ,5,0.6943641
301578.SZ,96,0.6834897
301580.SZ,20,0.74766314
301581.SZ,33,0.6662973
301584.SZ,33,0.6488361
301585.SZ,19,0.69317955
301586.SZ,22,0.6237962
301587.SZ,23,0.60706973
301588.SZ,69,0.6039794
301589.SZ,89,0.62969005
301590.SZ,1,0.79357135
301591.SZ,91,0.7248129
301592.SZ,69,0.69183165
301595.SZ,27,0.7306663
301596.SZ,5,0.6770793
301598.SZ,87,0.73370975
301600.SZ,5,0.7545929
301601.SZ,5,0.698614
301602.SZ,34,0.7234465
301603.SZ,95,0.7338349
301606.SZ,41,8.327761e-08
301607.SZ,15,0.7030914
301608.SZ,96,0.66506445
301609.SZ,2,0.7448879
301611.SZ,11,3.1026343e-07
301613.SZ,59,0.75045145
301616.SZ,51,0.59850585
301617.SZ,52,0.66846335
301618.SZ,15,0.7456047
301622.SZ,7,0.6152074
301626.SZ,89,0.6734609
301628.SZ,1,0.6873594
301629.SZ,15,0.7168375
301630.SZ,13,0.60846066
301631.SZ,95,0.6621669
301632.SZ,13,0.7210065
301633.SZ,5,0.6658849
301636.SZ,40,0.6749573
301638.SZ,102,0.59742886
301656.SZ,80,0.68999416
301658.SZ,21,0.8007403
301662.SZ,12,0.74140584
301665.SZ,6,0.66423196
301666.SZ,95,0.72923666
301667.SZ,11,3.1026343e-07
301668.SZ,1,0.7055817
301678.SZ,80,0.725923
301680.SZ,12,0.6975745
301682.SZ,7,0.745825
301683.SZ,95,0.6544718
301687.SZ,24,0.66042054
301696.SZ,1,0.6517268
302132.SZ,59,0.73621994
600000.SH,7,0.65468156
600004.SH,69,0.74358475
600006.SH,96,0.7100347
600007.SH,61,0.6372267
600008.SH,22,0.7225024
600009.SH,52,0.6998426
600010.SH,23,0.64203733
600011.SH,93,0.66790247
600012.SH,52,0.60784864
600015.SH,13,0.6438086
600016.SH,21,0.70712006
600017.SH,22,0.6814292
600018.SH,12,0.741505
600019.SH,69,0.7047496
600020.SH,76,0.7110975
600021.SH,102,0.5773935
600022.SH,19,0.66118544
600023.SH,33,0.6684876
600025.SH,15,0.71764266
600026.SH,57,0.6605291
600027.SH,95,0.7288166
600028.SH,27,0.7371241
600029.SH,24,0.75024563
600030.SH,19,0.72451293
600031.SH,59,0.7372372
600032.SH,69,0.69828343
600033.SH,24,0.66213715
600035.SH,91,0.721757
600036.SH,77,0.66076934
600037.SH,2,0.75076586
600038.SH,24,0.61387783
600039.SH,27,0.7579686
600048.SH,12,0.6911485
600050.SH,27,0.7204078
600051.SH,15,0.7110585
600052.SH,26,0.6293882
600053.SH,80,0.64894146
600054.SH,20,0.67245203
600055.SH,26,0.67445123
600056.SH,103,0.0
600057.SH,24,0.65627474
600058.SH,52,0.69997585
600059.SH,93,0.6990492
600060.SH,59,0.79218906
600061.SH,33,0.6770155
600062.SH,61,0.6400513
600063.SH,69,0.65525156
600064.SH,14,0.7124643
600066.SH,69,0.6437877
600067.SH,5,0.733858
600071.SH,52,0.6963552
600072.SH,33,0.70155036
600073.SH,59,0.7410816
600075.SH,19,0.6826672
600076.SH,59,0.72647005
600078.SH,12,0.7178779
600080.SH,5,0.6668688
600081.SH,69,0.64243823
600082.SH,22,0.67150867
600084.SH,95,0.7223383
600085.SH,26,0.6716042
600088.SH,26,0.6136108
600089.SH,26,0.6609486
600094.SH,26,0.6635752
600095.SH,53,0.60710675
600096.SH,26,0.62670004
600097.SH,30,0.64842004
600098.SH,26,0.6962196
600099.SH,80,0.6921494
600100.SH,21,0.7112778
600101.SH,69,0.5998157
600103.SH,93,0.6855616
600104.SH,80,0.70123416
600105.SH,52,0.6638225
600106.SH,26,0.6766865
600108.SH,19,0.6799074
600109.SH,74,0.6882605
600110.SH,13,0.7291766
600111.SH,23,0.6664538
600113.SH,12,0.6218021
600114.SH,27,0.73325264
600115.SH,40,0.69515437
600116.SH,5,0.72313726
600117.SH,59,0.7525332
600118.SH,27,0.7701304
600119.SH,20,0.73159957
600120.SH,2,0.70512676
600121.SH,1,0.68120664
600123.SH,43,0.70957947
600125.SH,22,0.71184814
600126.SH,93,0.6786729
600127.SH,14,0.69881713
600128.SH,19,0.69578195
600129.SH,59,0.7435044
600131.SH,95,0.6973341
600132.SH,52,0.6837144
600133.SH,22,0.706123
600135.SH,40,0.631187
600137.SH,52,0.67144746
600138.SH,52,0.6030732
600141.SH,22,0.6121159
600143.SH,93,0.60279536
600148.SH,15,0.6983578
600149.SH,22,0.69888365
600150.SH,95,0.71448547
600151.SH,93,0.679611
600152.SH,93,0.62794065
600153.SH,59,0.72221535
600155.SH,93,0.6400419
600156.SH,93,0.6192877
600157.SH,74,0.65881246
600158.SH,26,0.674513
600159.SH,102,0.6717879
600160.SH,15,0.7277651
600161.SH,51,0.6876375
600162.SH,5,0.69784415
600163.SH,93,0.6147265
600166.SH,1,0.69798315
600167.SH,27,0.7638068
600168.SH,27,0.7386169
600170.SH,12,0.68267965
600171.SH,5,0.72912043
600172.SH,40,0.70021766
600173.SH,15,0.8194693
600176.SH,5,0.6724186
600177.SH,5,0.6872244
600178.SH,43,0.7242384
600179.SH,23,0.6562835
600180.SH,51,0.56669986
600182.SH,87,0.72717947
600183.SH,2,0.6855464
600184.SH,27,0.7319305
600185.SH,5,0.7970311
600186.SH,5,0.69014424
600187.SH,40,0.6306434
600188.SH,102,0.62187576
600189.SH,20,0.7393203
600191.SH,27,0.7210805
600192.SH,80,0.7218204
600195.SH,2,0.63814425
600196.SH,23,0.6337229
600197.SH,93,0.6470954
600198.SH,27,0.7350252
600199.SH,1,0.73673826
600201.SH,6,0.6437467
600202.SH,59,0.73596495
600203.SH,22,0.6652088
600206.SH,33,0.639761
600207.SH,80,0.62378955
600208.SH,89,0.6931349
600210.SH,59,0.6728609
600211.SH,52,0.6129983
600212.SH,33,0.7085427
600215.SH,22,0.63093466
600216.SH,1,0.68532556
600217.SH,33,0.617246
600218.SH,59,0.6892911
600219.SH,93,0.59660554
600221.SH,30,0.7588059
600222.SH,94,0.6164316
600223.SH,102,0.6837013
600226.SH,1,0.6550453
600227.SH,80,0.6742052
600229.SH,87,0.74201196
600230.SH,33,0.6770299
600231.SH,80,0.67841333
600232.SH,80,0.69511396
600233.SH,20,0.7217348
600234.SH,2,0.65954083
600235.SH,15,0.65942013
600236.SH,87,0.72820884
600237.SH,22,0.7512567
600239.SH,6,0.66495895
600241.SH,95,0.7511422
600246.SH,80,0.6652687
600248.SH,15,0.7058691
600249.SH,69,0.7471944
600250.SH,20,0.75911874
600251.SH,23,0.64570093
600252.SH,69,0.7713581
600255.SH,12,0.6725602
600256.SH,51,0.6217552
600257.SH,27,0.73446506
600258.SH,59,0.7668658
600259.SH,27,0.75069284
600261.SH,19,0.7198086
600262.SH,14,0.6121022
600266.SH,27,0.74284905
600267.SH,91,0.7536168
600268.SH,27,0.77596503
600269.SH,27,0.7286839
600271.SH,80,0.67050695
600272.SH,102,0.7570483
600273.SH,15,0.7667969
600276.SH,27,0.71768296
600278.SH,43,0.74749297
600279.SH,1,0.701091
600280.SH,1,0.64535433
600281.SH,69,0.65965676
600282.SH,1,0.6422943
600283.SH,33,0.69010806
600284.SH,5,0.7706164
600285.SH,93,0.6688907
600287.SH,14,0.6992783
600288.SH,5,0.68969417
600292.SH,51,0.5965099
600293.SH,21,0.6915033
600295.SH,100,0.47353816
600298.SH,91,0.80777675
600299.SH,15,0.7689574
600300.SH,19,0.64775217
600301.SH,22,0.6778936
600302.SH,30,0.65828806
600303.SH,15,0.68096757
600305.SH,33,0.705825
600307.SH,5,0.72155255
600308.SH,80,0.6975192
600309.SH,2,0.67649823
600310.SH,2,0.6911056
600312.SH,77,0.70811546
600313.SH,24,0.6441237
600315.SH,27,0.7023166
600316.SH,27,0.7629634
600318.SH,95,0.6889676
600319.SH,80,0.6732942
600320.SH,80,0.68744665
600322.SH,1,0.7698606
600325.SH,52,0.6944759
600326.SH,12,0.769895
600327.SH,21,0.6403996
600328.SH,69,0.6852454
600329.SH,93,0.6443066
600330.SH,21,0.6667717
600331.SH,1,0.6895406
600332.SH,69,0.661109
600333.SH,93,0.6472798
600335.SH,19,0.6571788
600336.SH,80,0.68682206
600337.SH,43,0.66956997
600338.SH,33,0.6955733
600339.SH,23,0.6889467
600340.SH,14,0.73139864
600343.SH,12,0.6875997
600345.SH,22,0.6764737
600346.SH,74,0.7151553
600348.SH,22,0.71599334
600350.SH,102,0.6468212
600351.SH,12,0.6755105
600352.SH,93,0.6815682
600353.SH,33,0.71434224
600354.SH,5,0.77135235
600356.SH,52,0.7518338
600359.SH,7,0.66743386
600361.SH,29,0.74209523
600362.SH,15,0.65408283
600363.SH,59,0.70427746
600366.SH,61,0.60683703
600367.SH,2,0.6631801
600368.SH,74,0.6528072
600369.SH,52,0.6496075
600370.SH,33,0.704726
600371.SH,21,0.6724662
600372.SH,23,0.67351305
600373.SH,27,0.77456164
600375.SH,33,0.70078754
600376.SH,20,0.69252104
600377.SH,5,0.7395314
600378.SH,12,0.7430179
600379.SH,12,0.63024086
600380.SH,14,0.702605
600382.SH,12,0.6781076
600383.SH,33,0.6935635
600386.SH,5,0.73499626
600388.SH,33,0.61334056
600389.SH,61,0.8439941
600390.SH,80,0.70500124
600391.SH,80,0.70309025
600392.SH,11,3.1026343e-07
600395.SH,5,0.6981254
600396.SH,19,0.7082877
600397.SH,91,0.7710992
600398.SH,69,0.74952763
600399.SH,96,0.69827956
600400.SH,95,0.69607526
600403.SH,80,0.8137906
600405.SH,5,0.74571425
600406.SH,93,0.66903985
600408.SH,14,0.6421382
600409.SH,1,0.7144776
600410.SH,7,0.71915036
600415.SH,5,0.72975624
600416.SH,69,0.6778765
600418.SH,77,0.6177111
600419.SH,12,0.67356485
600420.SH,89,0.73637015
600422.SH,23,0.64778256
600423.SH,23,0.6768174
600425.SH,43,0.7236954
600426.SH,12,0.640661
600428.SH,89,0.7915461
600429.SH,40,0.6981645
600433.SH,21,0.7518636
600435.SH,33,0.69121313
600436.SH,33,0.6322383
600438.SH,59,0.6623903
600439.SH,80,0.6751833
600444.SH,40,0.7712713
600446.SH,7,0.6081824
600448.SH,21,0.69933534
600449.SH,102,0.6801966
600452.SH,74,0.6950231
600455.SH,59,0.728506
600456.SH,1,0.6818093
600458.SH,43,0.63723296
600459.SH,102,0.74995315
600460.SH,11,3.1026343e-07
600461.SH,21,0.6438039
600463.SH,8,0.0
600467.SH,80,0.6741951
600468.SH,21,0.67864674
600469.SH,7,0.7564115
600470.SH,95,0.72293377
600475.SH,27,0.73756194
600476.SH,5,0.7202072
600477.SH,59,0.7183153
600478.SH,27,0.7486995
600479.SH,2,0.6600386
600480.SH,5,0.6901407
600481.SH,5,0.70418143
600482.SH,40,0.7852308
600483.SH,69,0.66270846
600486.SH,15,0.6890526
600487.SH,69,0.6646365
600488.SH,5,0.6273288
600489.SH,21,0.7190939
600490.SH,21,0.65808386
600491.SH,52,0.769783
600493.SH,33,0.6870132
600495.SH,22,0.61167675
600496.SH,91,0.70468175
600497.SH,22,0.7699521
600498.SH,96,0.6365125
600499.SH,85,0.52443695
600500.SH,59,0.6840147
600501.SH,40,0.61180973
600502.SH,52,0.6647105
600503.SH,12,0.6477007
600505.SH,69,0.62551534
600506.SH,14,0.6649183
600507.SH,1,0.68358254
600508.SH,22,0.73012006
600509.SH,80,0.6860905
600510.SH,40,0.7112397
600511.SH,61,0.6270183
600512.SH,33,0.760308
600513.SH,33,0.7371448
600515.SH,19,0.662077
600516.SH,7,0.64346784
600517.SH,7,0.5985561
600518.SH,80,0.6578672
600519.SH,69,0.69788635
600520.SH,69,0.663983
600521.SH,22,0.7150453
600522.SH,22,0.6511363
600523.SH,5,0.8005564
600526.SH,15,0.66164964
600527.SH,74,0.6478892
600528.SH,34,0.7726145
600529.SH,23,0.64325845
600530.SH,69,0.649104
600531.SH,33,0.6423165
600533.SH,33,0.65977585
600535.SH,15,0.7527863
600536.SH,30,0.5994347
600537.SH,91,0.6827264
600538.SH,87,0.6260014
600539.SH,20,0.7078533
600540.SH,2,0.7031094
600543.SH,90,0.63113064
600545.SH,5,0.72808987
600546.SH,57,0.64784306
600547.SH,57,0.65085864
600548.SH,69,0.6339153
600549.SH,69,0.6639842
600550.SH,95,0.6683846
600551.SH,91,0.69752795
600552.SH,12,0.66466177
600556.SH,74,0.8061601
600557.SH,17,0.57014036
600558.SH,21,0.70355433
600559.SH,93,0.7055022
600560.SH,5,0.6997728
600561.SH,69,0.65798706
600562.SH,27,0.7314936
600563.SH,69,0.71967953
600566.SH,93,0.6591172
600567.SH,2,0.7647957
600569.SH,15,0.6778637
600570.SH,7,0.634056
600571.SH,91,0.72066957
600572.SH,5,0.77479845
600573.SH,69,0.63170743
600575.SH,93,0.62433076
600576.SH,87,0.7004179
600577.SH,19,0.6815995
600578.SH,93,0.7332597
600579.SH,95,0.62706715
600580.SH,61,0.6041138
600582.SH,1,0.6954963
600583.SH,69,0.7043791
600584.SH,1,0.62288857
600585.SH,20,0.6890735
600586.SH,43,0.7763857
600587.SH,12,0.72806966
600588.SH,5,0.71527547
600589.SH,40,0.697503
600590.SH,51,0.63411504
600592.SH,102,0.5752062
600593.SH,102,0.59730285
600594.SH,77,0.6040967
600595.SH,30,0.55457145
600596.SH,91,0.7936877
600597.SH,69,0.72034955
600598.SH,93,0.69531167
600600.SH,2,0.6206912
600601.SH,57,0.6640704
600602.SH,21,0.68971115
600603.SH,19,0.720387
600604.SH,12,0.66790223
600605.SH,5,0.7008883
600606.SH,2,0.6326333
600609.SH,80,0.6738511
600610.SH,57,0.6798871
600611.SH,7,0.64481026
600612.SH,87,0.6879959
600613.SH,27,0.76423496
600615.SH,93,0.7101701
600616.SH,43,0.7369565
600617.SH,19,0.6442901
600618.SH,15,0.71863115
600619.SH,23,0.66142887
600620.SH,12,0.6751548
600621.SH,40,0.629499
600622.SH,80,0.76287764
600623.SH,91,0.70948887
600626.SH,80,0.6874699
600628.SH,61,0.60736334
600629.SH,40,0.6909944
600630.SH,93,0.6335609
600633.SH,1,0.6437907
600635.SH,12,0.7151846
600637.SH,33,0.70619035
600638.SH,59,0.727428
600639.SH,52,0.653542
600640.SH,22,0.6034762
600641.SH,69,0.6603449
600642.SH,21,0.70411175
600643.SH,12,0.7105379
600644.SH,93,0.7392338
600645.SH,91,0.76825225
600648.SH,19,0.7227571
600649.SH,22,0.6805343
600650.SH,12,0.7200427
600651.SH,68,0.60044366
600653.SH,80,0.72765905
600654.SH,15,0.7210847
600655.SH,21,0.7120098
600657.SH,1,0.6899351
600658.SH,80,0.679634
600660.SH,19,0.72570616
600661.SH,43,0.68940175
600662.SH,2,0.7356497
600663.SH,93,0.6466493
600664.SH,93,0.6377783
600665.SH,20,0.6879759
600666.SH,20,0.6906241
600667.SH,95,0.7130462
600668.SH,59,0.74941635
600671.SH,27,0.7504038
600673.SH,69,0.6507125
600674.SH,27,0.7324449
600675.SH,69,0.65845436
600676.SH,80,0.65084016
600678.SH,20,0.73825365
600679.SH,80,0.73877496
600681.SH,26,0.7363529
600682.SH,5,0.6803165
600683.SH,19,0.7357848
600684.SH,96,0.6508957
600685.SH,12,0.6793189
600686.SH,33,0.6986743
600688.SH,52,0.66298467
600689.SH,2,0.73681325
600690.SH,27,0.7428785
600691.SH,23,0.6517318
600692.SH,93,0.6759606
600693.SH,95,0.7011701
600694.SH,5,0.70531857
600697.SH,87,0.6772569
600698.SH,1,0.61845994
600699.SH,95,0.6909541
600702.SH,69,0.7009779
600703.SH,12,0.681487
600704.SH,23,0.58014655
600706.SH,1,0.6374448
600707.SH,69,0.67451185
600708.SH,14,0.6832854
600710.SH,33,0.700687
600711.SH,20,0.7337947
600712.SH,12,0.64478725
600713.SH,27,0.76484936
600714.SH,91,0.7361982
600715.SH,74,0.6672542
600716.SH,12,0.7601364
600717.SH,59,0.69875145
600718.SH,77,0.6660274
600719.SH,94,0.6685389
600720.SH,74,0.66937494
600721.SH,51,0.58431363
600722.SH,91,0.7660056
600724.SH,27,0.76793176
600725.SH,7,0.6488907
600726.SH,46,0.0
600727.SH,91,0.7134883
600728.SH,5,0.6740584
600729.SH,80,0.71867096
600730.SH,2,0.6870419
600731.SH,19,0.71645725
600732.SH,61,0.5783016
600733.SH,1,0.7050989
600734.SH,80,0.6934423
600736.SH,57,0.65118784
600737.SH,87,0.64996755
600738.SH,27,0.76373595
600739.SH,43,0.7197885
600740.SH,12,0.70614177
600741.SH,27,0.7368223
600742.SH,93,0.6445362
600743.SH,15,0.73848134
600744.SH,95,0.7130073
600745.SH,93,0.647582
600746.SH,26,0.6977085
600748.SH,102,0.6538128
600749.SH,102,0.66516495
600750.SH,42,0.47198942
600751.SH,42,0.5266994
600754.SH,26,0.66017574
600755.SH,15,0.7487555
600756.SH,95,0.8015042
600757.SH,33,0.66287583
600758.SH,80,0.66667145
600759.SH,22,0.70363027
600760.SH,52,0.64786327
600761.SH,5,0.6992502
600763.SH,95,0.69781375
600764.SH,93,0.6332308
600765.SH,69,0.684984
600768.SH,69,0.6264749
600769.SH,33,0.70013386
600770.SH,69,0.71708214
600771.SH,69,0.69455725
600773.SH,24,0.66851985
600774.SH,14,0.6232901
600775.SH,90,0.6547431
600776.SH,5,0.6898526
600778.SH,77,0.6542294
600779.SH,11,3.1026343e-07
600780.SH,26,0.72665954
600782.SH,26,0.66095936
600783.SH,27,0.7301691
600784.SH,80,0.6639114
600785.SH,53,0.60570997
600787.SH,23,0.66001713
600789.SH,6,0.7457825
600790.SH,20,0.78409636
600791.SH,12,0.6558386
600792.SH,20,0.6802227
600793.SH,2,0.70526934
600794.SH,12,0.714045
600795.SH,22,0.6945752
600796.SH,19,0.7114937
600797.SH,57,0.6731887
600798.SH,19,0.6789891
600800.SH,27,0.7564211
600801.SH,69,0.6660934
600802.SH,12,0.67626065
600803.SH,93,0.6769309
600805.SH,94,0.81455016
600807.SH,74,0.6974093
600808.SH,23,0.727837
600809.SH,2,0.703722
600810.SH,59,0.6989169
600812.SH,20,0.7120439
600814.SH,22,0.660355
600815.SH,33,0.6179248
600816.SH,27,0.7514143
600817.SH,69,0.70507556
600818.SH,15,0.6970611
600819.SH,89,0.64892685
600820.SH,24,0.60924524
600821.SH,12,0.7014997
600822.SH,21,0.694902
600824.SH,80,0.7273506
600825.SH,93,0.6404167
600826.SH,21,0.7414645
600827.SH,27,0.7259452
600828.SH,1,0.6295758
600829.SH,59,0.7313954
600830.SH,59,0.70965827
600831.SH,27,0.71394455
600833.SH,59,0.72582597
600834.SH,22,0.6988678
600835.SH,59,0.6822396
600838.SH,89,0.6344924
600839.SH,43,0.6865745
600841.SH,69,0.6806576
600843.SH,33,0.7285193
600844.SH,69,0.64749855
600845.SH,40,0.9095007
600846.SH,23,0.60558516
600847.SH,26,0.6936534
600848.SH,51,0.5122696
600850.SH,102,0.6474823
600851.SH,24,0.6402997
600853.SH,5,0.69353485
600854.SH,87,0.6228319
600855.SH,15,0.7416627
600857.SH,73,7.022844e-08
600858.SH,19,0.7657675
600859.SH,80,0.6805487
600860.SH,19,0.68839556
600861.SH,20,0.7140358
600862.SH,93,0.6553055
600863.SH,1,0.7097004
600864.SH,80,0.7138037
600865.SH,1,0.7019173
600866.SH,5,0.6753084
600867.SH,15,0.70973605
600868.SH,22,0.6492819
600869.SH,69,0.7102341
600871.SH,40,0.67713684
600872.SH,93,0.65840036
600873.SH,20,0.73765814
600874.SH,22,0.66177124
600875.SH,2,0.71378887
600876.SH,24,0.6344329
600877.SH,22,0.68173045
600879.SH,40,0.6122457
600880.SH,33,0.6606307
600881.SH,59,0.6956059
600882.SH,30,0.66484076
600883.SH,15,0.7009152
600884.SH,20,0.711028
600885.SH,1,0.6534304
600886.SH,20,0.6773783
600887.SH,19,0.71513826
600888.SH,14,0.69555366
600893.SH,15,0.7345102
600894.SH,95,0.722882
600895.SH,27,0.73286515
600897.SH,51,0.7036134
600900.SH,15,0.71498775
600901.SH,20,0.6686196
600903.SH,69,0.6706121
600905.SH,59,0.7243476
600906.SH,69,0.6127148
600908.SH,102,0.5924188
600909.SH,22,0.7196106
600916.SH,19,0.7599043
600917.SH,52,0.66953385
600918.SH,69,0.64261943
600919.SH,93,0.6311093
600925.SH,5,0.68642545
600926.SH,40,0.6417818
600927.SH,91,0.77982146
600928.SH,52,0.622723
600929.SH,77,0.61126024
600930.SH,14,0.6259053
600933.SH,77,0.7445029
600935.SH,69,0.6493408
600936.SH,27,0.7348486
600938.SH,22,0.5880652
600939.SH,59,0.7599971
600941.SH,21,0.73043275
600955.SH,90,0.6686366
600956.SH,77,0.6803487
600959.SH,23,0.57900745
600960.SH,12,0.65137994
600961.SH,21,0.6863956
600962.SH,27,0.75715154
600963.SH,33,0.67956597
600965.SH,30,0.7673407
600966.SH,80,0.6950535
600967.SH,12,0.66055286
600968.SH,17,0.53833294
600969.SH,40,0.6053006
600970.SH,22,0.653042
600971.SH,15,0.70600265
600973.SH,12,0.70188075
600975.SH,89,0.6777568
600976.SH,22,0.66534793
600977.SH,17,0.6274261
600979.SH,74,0.71549344
600980.SH,17,0.5716663
600981.SH,87,0.70954007
600982.SH,40,0.6912356
600983.SH,40,0.67333364
600984.SH,59,0.701776
600985.SH,19,0.68962264
600986.SH,12,0.7376118
600987.SH,69,0.6374511
600988.SH,27,0.77021563
600989.SH,91,0.7210276
600990.SH,102,0.73781306
600992.SH,77,0.76244396
600993.SH,80,0.6711862
600995.SH,69,0.70194966
600996.SH,12,0.6923353
600997.SH,19,0.7541211
600998.SH,22,0.66183275
600999.SH,69,0.6509977
601000.SH,93,0.6594499
601001.SH,69,0.66123664
601002.SH,22,0.720185
601005.SH,19,0.83546126
601006.SH,6,0.69575226
601007.SH,27,0.7526806
601008.SH,15,0.6751256
601009.SH,43,0.66462094
601010.SH,87,0.74217147
601011.SH,15,0.69534475
601012.SH,69,0.6749968
601015.SH,5,0.7085278
601016.SH,80,0.6974722
601018.SH,69,0.6856729
601019.SH,69,0.7336175
601020.SH,91,0.82619476
601021.SH,93,0.6496546
601022.SH,22,0.68674994
601026.SH,27,0.7253651
601033.SH,93,0.6143508
601038.SH,21,0.7436953
601058.SH,40,0.665957
601059.SH,22,0.6677873
601061.SH,14,0.7305492
601065.SH,74,0.7957149
601066.SH,33,0.6944894
601068.SH,2,0.709717
601069.SH,95,0.6950524
601077.SH,69,0.6911511
601083.SH,59,0.7175506
601086.SH,1,0.6998544
601088.SH,89,0.61798334
601089.SH,24,0.6455852
601096.SH,59,0.65248597
601098.SH,24,0.7044146
601099.SH,91,0.7049168
601100.SH,23,0.6717623
601101.SH,95,0.69620097
601106.SH,59,0.7368076
601107.SH,33,0.7421279
601108.SH,23,0.65981555
601111.SH,7,0.66499424
601112.SH,95,0.69542724
601113.SH,91,0.788789
601116.SH,69,0.6988753
601117.SH,95,0.6240334
601118.SH,22,0.68255734
601121.SH,12,0.6740075
601126.SH,69,0.67768145
601127.SH,69,0.67630273
601128.SH,80,0.6125082
601133.SH,26,0.7504419
601136.SH,94,0.6613007
601137.SH,91,0.82349265
601138.SH,26,0.67169493
601139.SH,26,0.6206239
601155.SH,69,0.72643983
601156.SH,61,0.6451837
601158.SH,87,0.657225
601162.SH,80,0.662287
601163.SH,12,0.7082794
601166.SH,19,0.70547765
601168.SH,59,0.7231196
601169.SH,69,0.66401523
601177.SH,43,0.7196173
601179.SH,57,0.7550771
601186.SH,91,0.732746
601187.SH,21,0.72756416
601188.SH,15,0.72158563
601198.SH,7,0.6140271
601199.SH,95,0.64728016
601200.SH,20,0.68741375
601208.SH,27,0.78134733
601211.SH,23,0.63294476
601212.SH,22,0.61925375
601216.SH,27,0.75407
601218.SH,53,0.5736085
601222.SH,12,0.6823452
601225.SH,59,0.74627566
601226.SH,51,0.62367845
601228.SH,61,0.59669167
601229.SH,27,0.7695842
601231.SH,87,0.68911
601233.SH,7,0.6640773
601236.SH,14,0.67898345
601238.SH,19,0.69758993
601279.SH,95,0.6870841
601288.SH,95,0.69529635
601298.SH,43,0.7277393
601311.SH,90,0.6270953
601318.SH,24,0.6611155
601319.SH,96,0.66507715
601326.SH,15,0.77430975
601328.SH,32,0.6781691
601330.SH,26,0.7043902
601333.SH,1,0.7311592
601336.SH,24,0.66097057
601339.SH,52,0.6883098
601360.SH,69,0.7036845
601366.SH,19,0.76362
601368.SH,24,0.670282
601369.SH,52,0.6850794
601375.SH,23,0.65125656
601377.SH,1,0.71376467
601388.SH,20,0.6885784
601390.SH,89,0.72598
601398.SH,80,0.66364
601399.SH,20,0.7552462
601456.SH,15,0.647973
601500.SH,33,0.67493767
601512.SH,14,0.6346278
601515.SH,80,0.6753849
601518.SH,2,0.6896973
601519.SH,96,0.7389157
601528.SH,33,0.69861364
601555.SH,19,0.748118
601566.SH,19,0.74883014
601567.SH,91,0.70197725
601568.SH,20,0.70305943
601577.SH,15,0.7162457
601579.SH,95,0.7223954
601588.SH,51,0.8324063
601595.SH,89,0.70529455
601598.SH,95,0.7083286
601599.SH,23,0.6327107
601600.SH,77,0.6392726
601601.SH,22,0.64741516
601606.SH,93,0.6715461
601607.SH,15,0.71287453
601608.SH,74,0.69322354
601609.SH,22,0.64791644
601611.SH,59,0.7024793
601615.SH,22,0.7123859
601616.SH,5,0.67123353
601618.SH,51,0.7041231
601619.SH,5,0.7630552
601628.SH,87,0.6465306
601633.SH,80,0.7089435
601636.SH,33,0.7255636
601658.SH,33,0.6871661
601665.SH,43,0.69382405
601666.SH,92,0.0
601668.SH,40,0.6401516
601669.SH,27,0.7435966
601677.SH,80,0.67043024
601678.SH,77,0.61741287
601686.SH,74,0.6981788
601688.SH,26,0.63550156
601689.SH,77,0.6820642
601696.SH,19,0.7036097
601698.SH,93,0.6558071
601699.SH,1,0.73734105
601700.SH,1,0.70834213
601702.SH,1,0.71687716
601717.SH,2,0.6835391
601718.SH,19,0.7120159
601727.SH,27,0.6928304
601728.SH,21,0.7110078
601766.SH,15,0.66241586
601777.SH,5,0.66360795
601778.SH,74,0.69052076
601788.SH,77,0.6731773
601789.SH,27,0.74824417
601798.SH,77,0.7588995
601799.SH,43,0.7190372
601800.SH,93,0.66736925
601801.SH,23,0.61019695
601808.SH,22,0.6729039
601811.SH,96,0.6877715
601816.SH,33,0.6994129
601818.SH,93,0.69428647
601825.SH,1,0.743995
601827.SH,22,0.6342641
601828.SH,69,0.6783466
601838.SH,19,0.7013573
601857.SH,1,0.7095675
601858.SH,22,0.74029654
601860.SH,23,0.67670166
601865.SH,14,0.6768788
601866.SH,59,0.71622705
601868.SH,43,0.6741355
601869.SH,69,0.6887535
601872.SH,23,0.68465006
601877.SH,69,0.6942637
601878.SH,27,0.69689393
601880.SH,80,0.71512246
601881.SH,57,0.59804785
601882.SH,102,0.5953758
601886.SH,80,0.682571
601888.SH,24,0.5865347
601890.SH,51,0.65396297
601898.SH,94,0.71176744
601899.SH,2,0.6437966
601900.SH,12,0.7202819
601901.SH,24,0.6822347
601908.SH,80,0.7085046
601916.SH,19,0.68227184
601918.SH,19,0.7009715
601919.SH,21,0.7653718
601921.SH,80,0.72261393
601928.SH,61,0.656392
601929.SH,22,0.65854096
601933.SH,61,0.6498127
601939.SH,69,0.70794815
601949.SH,22,0.6906613
601952.SH,33,0.72513384
601956.SH,33,0.740596
601958.SH,61,0.6116095
601963.SH,69,0.66656536
601965.SH,95,0.7181946
601966.SH,7,0.6876276
601968.SH,7,0.6783596
601969.SH,1,0.62634623
601975.SH,43,0.6490657
601985.SH,15,0.7113632
601988.SH,69,0.7002784
601990.SH,27,0.7061044
601991.SH,59,0.70729464
601992.SH,87,0.72427624
601995.SH,57,0.6569532
601996.SH,80,0.70833784
601997.SH,69,0.7789776
601998.SH,5,0.6804395
601999.SH,27,0.73499805
603000.SH,22,0.6513831
603001.SH,61,0.68008757
603002.SH,22,0.6527528
603004.SH,22,0.66982496
603005.SH,61,0.6236866
603006.SH,95,0.65784395
603008.SH,40,0.6495289
603009.SH,61,0.6591173
603010.SH,69,0.6733055
603011.SH,1,0.65570617
603012.SH,33,0.67972475
603013.SH,96,0.68931127
603014.SH,33,0.6695009
603015.SH,80,0.7117933
603016.SH,59,0.7212585
603017.SH,59,0.72862864
603018.SH,51,0.694265
603019.SH,33,0.64057624
603020.SH,7,0.62407565
603022.SH,33,0.6994646
603023.SH,23,0.61056644
603025.SH,14,0.6502528
603026.SH,40,0.6651381
603027.SH,61,0.682649
603028.SH,7,0.6808479
603029.SH,7,0.7175148
603030.SH,59,0.7422157
603031.SH,12,0.66103035
603032.SH,33,0.7066299
603033.SH,95,0.7352156
603035.SH,69,0.62304
603036.SH,95,0.7359916
603037.SH,33,0.6462428
603038.SH,96,0.72274435
603039.SH,1,0.72643477
603040.SH,23,0.7229779
603041.SH,7,0.709721
603042.SH,12,0.7357738
603043.SH,33,0.70054823
603045.SH,59,0.7350249
603048.SH,95,0.71713144
603049.SH,5,0.66189206
603050.SH,22,0.646124
603051.SH,6,0.6098503
603052.SH,51,0.609551
603053.SH,80,0.7221409
603055.SH,87,0.7227383
603057.SH,59,0.72645926
603058.SH,69,0.6590024
603059.SH,5,0.6854971
603060.SH,1,0.5994129
603061.SH,95,0.6659792
603062.SH,6,0.64702886
603063.SH,80,0.6978935
603065.SH,22,0.65402067
603066.SH,40,0.66563076
603067.SH,33,0.7590914
603068.SH,39,5.8795827e-08
603069.SH,52,0.6718017
603070.SH,43,0.7140713
603071.SH,43,0.66005266
603072.SH,6,0.7059218
603073.SH,33,0.7170956
603075.SH,69,0.73411596
603076.SH,22,0.68115836
603077.SH,1,0.7247841
603078.SH,14,0.678445
603079.SH,7,0.69838494
603080.SH,51,0.71491927
603081.SH,22,0.6771272
603082.SH,43,0.7707871
603083.SH,40,0.7003752
603085.SH,69,0.6393485
603086.SH,7,0.7021194
603087.SH,69,0.6967135
603088.SH,7,0.6257171
603089.SH,22,0.6058004
603090.SH,69,0.6148643
603091.SH,40,0.61268306
603092.SH,69,0.6737309
603093.SH,40,0.62753063
603095.SH,40,0.6517169
603096.SH,61,0.6986082
603097.SH,33,0.6776098
603098.SH,69,0.7423205
603099.SH,7,0.6700237
603100.SH,7,0.63188726
603101.SH,33,0.74397373
603102.SH,7,0.6534738
603103.SH,95,0.7640671
603105.SH,33,0.8748419
603106.SH,80,0.7057873
603107.SH,87,0.6929885
603108.SH,21,0.79677826
603109.SH,21,0.7229058
603110.SH,23,0.67013776
603111.SH,14,0.68251574
603112.SH,59,0.73389673
603113.SH,93,0.6653487
603115.SH,74,0.7293342
603116.SH,15,0.6789026
603117.SH,59,0.72229576
603118.SH,1,0.69002265
603119.SH,59,0.7540266
603120.SH,43,0.6426565
603121.SH,95,0.68749017
603122.SH,14,0.7265881
603123.SH,69,0.6420541
603124.SH,22,0.6758288
603125.SH,69,0.678949
603126.SH,80,0.72641754
603127.SH,91,0.7370838
603128.SH,33,0.6602036
603129.SH,69,0.7647436
603130.SH,42,0.27373537
603131.SH,62,6.629489e-08
603132.SH,87,0.7181037
603135.SH,27,0.72622377
603136.SH,19,0.65838003
603137.SH,20,0.7682333
603138.SH,12,0.71286076
603139.SH,22,0.6253855
603150.SH,69,0.70056915
603151.SH,77,0.6972497
603153.SH,69,0.69228697
603155.SH,1,0.7475001
603156.SH,80,0.64417267
603158.SH,2,0.7734265
603159.SH,27,0.71681374
603160.SH,52,0.644966
603161.SH,69,0.671056
603162.SH,7,0.6973085
603163.SH,51,0.8421047
603165.SH,1,0.68770325
603166.SH,33,0.6960789
603167.SH,22,0.6404185
603168.SH,51,0.7104921
603169.SH,12,0.74340576
603170.SH,14,0.6468424
603171.SH,24,0.5996102
603172.SH,27,0.69865704
603173.SH,33,0.7445356
603175.SH,52,0.67786586
603176.SH,69,0.7202601
603177.SH,22,0.65180236
603178.SH,69,0.6493751
603179.SH,19,0.7134394
603180.SH,61,0.7381233
603181.SH,51,0.721419
603182.SH,93,0.7017418
603183.SH,59,0.73961645
603185.SH,87,0.66561633
603186.SH,74,0.7161171
603187.SH,95,0.7174619
603188.SH,27,0.7534282
603189.SH,22,0.6196529
603190.SH,89,0.67069477
603191.SH,15,0.6700993
603192.SH,19,0.7254988
603193.SH,5,0.74655455
603194.SH,22,0.693371
603195.SH,59,0.73234385
603196.SH,96,0.7232742
603197.SH,1,0.6822247
603198.SH,80,0.6803524
603199.SH,22,0.6392451
603200.SH,80,0.71924174
603201.SH,20,0.75789195
603202.SH,1,0.65854925
603203.SH,15,0.72646517
603205.SH,27,0.7457933
603206.SH,80,0.71795446
603207.SH,20,0.6841053
603208.SH,87,0.66451347
603209.SH,43,0.7688792
603210.SH,21,0.7320373
603211.SH,80,0.65359247
603212.SH,12,0.70368147
603213.SH,40,0.6827325
603214.SH,13,0.73879504
603215.SH,93,0.6725665
603216.SH,80,0.67784196
603217.SH,19,0.7064247
603218.SH,27,0.7172019
603219.SH,40,0.6664908
603220.SH,20,0.7303528
603221.SH,20,0.7479758
603222.SH,33,0.685589
603223.SH,12,0.7169885
603225.SH,59,0.7016322
603226.SH,22,0.5961548
603227.SH,15,0.7195688
603228.SH,20,0.7156212
603229.SH,19,0.675935
603230.SH,33,0.6631678
603231.SH,51,0.67268795
603232.SH,59,0.7186836
603233.SH,5,0.7335362
603235.SH,5,0.69680625
603236.SH,14,0.61319745
603237.SH,80,0.70625013
603238.SH,95,0.7230531
603239.SH,5,0.67845225
603248.SH,95,0.76324004
603255.SH,69,0.66302055
603256.SH,93,0.70536757
603257.SH,7,0.6782582
603258.SH,14,0.6441616
603259.SH,30,0.68872064
603260.SH,80,0.6589056
603262.SH,26,0.6973606
603266.SH,69,0.66987646
603267.SH,95,0.7474616
603269.SH,21,0.6710286
603270.SH,1,0.69977754
603271.SH,80,0.64385486
603272.SH,93,0.6645917
603273.SH,5,0.6824765
603275.SH,80,0.73340374
603276.SH,21,0.6740306
603277.SH,13,0.66199553
603278.SH,24,0.6805913
603279.SH,87,0.72434676
603280.SH,27,0.7104504
603281.SH,93,0.61091673
603282.SH,19,0.7563069
603283.SH,27,0.7198501
603284.SH,33,0.75666165
603285.SH,40,0.66370296
603286.SH,95,0.7264453
603288.SH,12,0.6203685
603289.SH,1,0.6993417
603290.SH,95,0.7147825
603291.SH,61,0.6527611
603293.SH,59,0.708776
603296.SH,22,0.6646449
603297.SH,1,0.68608576
603298.SH,12,0.66435885
603299.SH,33,0.77276623
603300.SH,96,0.7022054
603301.SH,27,0.69067794
603303.SH,93,0.6349418
603305.SH,21,0.70059305
603306.SH,51,0.700166
603307.SH,19,0.67368567
603308.SH,87,0.7118624
603309.SH,93,0.6859283
603310.SH,91,0.6757401
603311.SH,80,0.6553877
603312.SH,90,0.5799183
603313.SH,27,0.7366364
603315.SH,19,0.74494416
603316.SH,22,0.63851434
603317.SH,51,0.74399483
603318.SH,80,0.68023556
603319.SH,74,0.70547366
603320.SH,57,0.6905431
603321.SH,5,0.7662685
603322.SH,26,0.6652845
603323.SH,59,0.7433496
603324.SH,22,0.6762114
603325.SH,77,0.6475156
603326.SH,77,0.6856717
603327.SH,5,0.70884377
603328.SH,80,0.64623743
603329.SH,93,0.7043768
603330.SH,5,0.72438955
603331.SH,95,0.66788685
603332.SH,27,0.73552805
603333.SH,95,0.73643804
603334.SH,80,0.6679246
603335.SH,69,0.62609386
603336.SH,1,0.8563207
603337.SH,22,0.61923593
603338.SH,51,0.6416748
603339.SH,7,0.6890084
603341.SH,7,0.7445943
603344.SH,61,0.6492178
603345.SH,7,0.72712874
603348.SH,7,0.7794092
603350.SH,95,0.71956706
603351.SH,61,0.6818188
603352.SH,33,0.7262202
603353.SH,1,0.7149237
603355.SH,5,0.6979825
603356.SH,69,0.6869075
603357.SH,12,0.7043754
603358.SH,7,0.71121186
603359.SH,61,0.6632998
603360.SH,1,0.66544026
603363.SH,77,0.70651066
603365.SH,93,0.6416409
603366.SH,19,0.72550553
603367.SH,87,0.69568944
603368.SH,69,0.67293006
603369.SH,59,0.703043
603370.SH,33,0.708327
603373.SH,22,0.6495067
603375.SH,5,0.68361676
603376.SH,21,0.718754
603378.SH,83,0.0
603379.SH,21,0.73491645
603380.SH,102,0.6553596
603381.SH,94,0.7480458
603382.SH,22,0.6758489
603383.SH,43,0.70760334
603385.SH,74,0.70941174
603386.SH,21,0.75236005
603387.SH,59,0.6793886
603390.SH,40,0.62071663
603391.SH,33,0.65899533
603392.SH,43,0.7564162
603393.SH,17,0.6546997
603395.SH,96,0.6701513
603396.SH,1,0.6400352
603399.SH,43,0.69326663
603400.SH,69,0.73296624
603402.SH,33,0.6420962
603406.SH,61,0.6473208
603408.SH,51,0.6254036
603409.SH,89,0.65026504
603416.SH,12,0.67976993
603418.SH,7,0.6445452
603421.SH,7,0.689769
603439.SH,69,0.6427369
603444.SH,24,0.6040246
603456.SH,52,0.62767017
603458.SH,61,0.5940732
603459.SH,96,0.6619248
603466.SH,95,0.6800142
603477.SH,95,0.7113309
603486.SH,5,0.73186314
603488.SH,40,0.63756603
603489.SH,69,0.7015004
603496.SH,95,0.7125643
603499.SH,61,0.64889663
603500.SH,33,0.65717506
603501.SH,69,0.6493858
603505.SH,14,0.6670141
603506.SH,60,1.16522926e-07
603507.SH,77,0.663708
603508.SH,5,0.7311793
603511.SH,33,0.6361798
603515.SH,19,0.6828424
603516.SH,96,0.69463444
603518.SH,91,0.7185987
603519.SH,21,0.67765373
603520.SH,51,0.6943354
603527.SH,89,0.5836715
603528.SH,27,0.83980906
603529.SH,80,0.65821576
603530.SH,91,0.72269243
603533.SH,14,0.6989755
603535.SH,69,0.7111006
603536.SH,27,0.74043155
603538.SH,77,0.618379
603551.SH,77,0.62245584
603556.SH,15,0.6754877
603558.SH,51,0.6855204
603565.SH,69,0.7288574
603566.SH,27,0.7346385
603567.SH,69,0.68384975
603568.SH,22,0.6734823
603569.SH,7,0.6782616
603577.SH,6,0.64676803
603578.SH,33,0.73505515
603579.SH,22,0.6669113
603583.SH,7,0.70077485
603585.SH,95,0.76922345
603586.SH,61,0.6900009
603587.SH,7,0.65156215
603588.SH,22,0.64726937
603589.SH,22,0.6736876
603590.SH,33,0.7003559
603596.SH,19,0.6410973
603598.SH,51,0.69710237
603599.SH,22,0.6426048
603600.SH,22,0.6771101
603601.SH,6,0.7023826
603602.SH,7,0.6644958
603605.SH,24,0.63830096
603606.SH,69,0.6253609
603607.SH,69,0.63940185
603608.SH,1,0.6727421
603609.SH,22,0.630026
603610.SH,61,0.80381745
603611.SH,96,0.7258611
603612.SH,69,0.6863491
603613.SH,14,0.6555839
603615.SH,1,0.63703483
603616.SH,69,0.6761005
603617.SH,93,0.60958886
603618.SH,15,0.7414766
603619.SH,23,0.66101
603626.SH,93,0.6185405
603628.SH,12,0.7013829
603629.SH,43,0.68346846
603630.SH,27,0.72705734
603633.SH,93,0.688185
603636.SH,69,0.70449173
603637.SH,27,0.7352082
603638.SH,23,0.6099032
603639.SH,22,0.7011992
603648.SH,59,0.6774424
603650.SH,23,0.68563753
603655.SH,29,0.69880533
603656.SH,15,0.68092984
603657.SH,59,0.66545635
603658.SH,93,0.63758194
603659.SH,15,0.70057774
603660.SH,87,0.6565035
603661.SH,27,0.7001272
603662.SH,40,0.66742873
603663.SH,19,0.71386033
603665.SH,95,0.7457512
603666.SH,33,0.7247508
603667.SH,95,0.6969681
603668.SH,69,0.7666716
603669.SH,61,0.6845783
603676.SH,95,0.699826
603677.SH,12,0.7483647
603678.SH,22,0.641976
603679.SH,69,0.7183165
603680.SH,5,0.74780446
603681.SH,22,0.57013434
603682.SH,95,0.6712177
603683.SH,1,0.6389507
603685.SH,61,0.7768914
603686.SH,19,0.7883065
603687.SH,7,0.6381313
603688.SH,12,0.7300929
603689.SH,40,0.68782985
603690.SH,61,0.6724333
603693.SH,40,0.6129179
603696.SH,12,0.64499766
603697.SH,22,0.7396968
603698.SH,93,0.6945221
603699.SH,22,0.66313726
603700.SH,14,0.6501523
603701.SH,61,0.5875225
603703.SH,27,0.7616373
603706.SH,69,0.7288315
603707.SH,33,0.6933394
603708.SH,12,0.7252115
603709.SH,5,0.6306716
603711.SH,102,0.6214305
603712.SH,1,0.6830733
603713.SH,12,0.6950483
603716.SH,1,0.64021266
603717.SH,7,0.6539596
603718.SH,7,0.63139224
603719.SH,22,0.59945357
603722.SH,61,0.6898899
603725.SH,59,0.723937
603726.SH,12,0.68118256
603727.SH,12,0.6818691
603728.SH,1,0.69961244
603729.SH,93,0.65552115
603730.SH,14,0.64297867
603733.SH,95,0.67873776
603737.SH,7,0.679955
603738.SH,40,0.68555355
603739.SH,15,0.67939454
603755.SH,6,0.6137088
603757.SH,33,0.63428044
603758.SH,20,0.74432445
603759.SH,7,0.64897853
603766.SH,40,0.6156626
603767.SH,14,0.68803656
603768.SH,52,0.6749574
603773.SH,33,0.7101242
603776.SH,40,0.6414815
603777.SH,93,0.74898654
603778.SH,22,0.6169284
603779.SH,69,0.7393909
603786.SH,89,0.65213966
603787.SH,61,0.6545082
603788.SH,69,0.6420827
603790.SH,5,0.6628131
603797.SH,23,0.6649108
603798.SH,51,0.59000236
603799.SH,6,0.6085166
603800.SH,22,0.65704596
603801.SH,7,0.68891156
603803.SH,61,0.6390301
603806.SH,22,0.7035088
603808.SH,43,0.66050386
603809.SH,1,0.6761495
603810.SH,89,0.6104408
603811.SH,61,0.6581158
603815.SH,57,0.659598
603816.SH,69,0.682867
603817.SH,27,0.75617105
603818.SH,15,0.70199
603819.SH,80,0.7013236
603823.SH,30,0.5720486
603826.SH,2,0.62840396
603829.SH,15,0.7294582
603833.SH,69,0.7425642
603836.SH,19,0.705644
603839.SH,6,0.5700716
603848.SH,87,0.6634223
603855.SH,12,0.70244026
603856.SH,93,0.65990686
603858.SH,89,0.64045584
603859.SH,22,0.6550365
603860.SH,69,0.72924757
603861.SH,40,0.65807587
603863.SH,1,0.68816006
603866.SH,95,0.69565135
603867.SH,23,0.65937847
603868.SH,69,0.6723819
603871.SH,1,0.67745405
603876.SH,40,0.6482367
603877.SH,7,0.6358414
603878.SH,7,0.70995766
603879.SH,1,0.63504875
603880.SH,95,0.6760541
603881.SH,5,0.71194446
603882.SH,69,0.6767592
603883.SH,7,0.6255517
603885.SH,51,0.64372265
603886.SH,19,0.6659534
603887.SH,1,0.7296025
603888.SH,14,0.7121947
603889.SH,72,0.65206194
603890.SH,59,0.6955931
603893.SH,19,0.69041604
603895.SH,40,0.6512716
603896.SH,69,0.72361034
603897.SH,43,0.64939314
603898.SH,24,0.67885756
603899.SH,61,0.6892535
603900.SH,1,0.7121391
603901.SH,1,0.70019764
603903.SH,96,0.66242594
603906.SH,22,0.6841633
603908.SH,7,0.7109976
603909.SH,69,0.66635644
603912.SH,96,0.7008677
603915.SH,94,0.67233825
603916.SH,1,0.6963837
603917.SH,27,0.71302074
603918.SH,2,0.7667831
603919.SH,69,0.70475996
603920.SH,57,0.6799744
603922.SH,15,0.66585505
603926.SH,27,0.7628508
603927.SH,22,0.65555155
603928.SH,5,0.70247835
603929.SH,80,0.7092461
603931.SH,93,0.6313989
603933.SH,91,0.7429659
603936.SH,5,0.7333131
603937.SH,1,0.7222387
603938.SH,69,0.68477815
603939.SH,23,0.6795909
603948.SH,80,0.6610194
603949.SH,40,0.65859526
603950.SH,2,0.7469677
603955.SH,104,0.0
603956.SH,69,0.6590868
603958.SH,33,0.6968187
603959.SH,69,0.6738115
603960.SH,80,0.6407882
603966.SH,81,5.3758747e-08
603967.SH,57,0.6540682
603968.SH,87,0.66914165
603969.SH,5,0.7394792
603970.SH,1,0.690987
603976.SH,77,0.68954813
603977.SH,93,0.6485569
603978.SH,21,0.6978641
603979.SH,96,0.6428104
603980.SH,1,0.6472622
603982.SH,7,0.71366817
603983.SH,61,0.64918107
603985.SH,33,0.67424536
603986.SH,61,0.63338095
603987.SH,7,0.7041757
603988.SH,33,0.704667
603989.SH,6,0.6749298
603990.SH,5,0.7174118
603991.SH,33,0.7144696
603992.SH,14,0.67825985
603993.SH,95,0.70541763
603995.SH,93,0.66421545
603997.SH,69,0.6677189
603998.SH,40,0.7277452
603999.SH,12,0.6593461
605001.SH,93,0.6578862
605003.SH,91,0.7752793
605005.SH,51,0.6345636
605006.SH,27,0.75630796
605007.SH,23,0.63906175
605008.SH,27,0.74948287
605009.SH,6,0.76774067
605011.SH,23,0.5981606
605016.SH,91,0.7760101
605018.SH,5,0.68406624
605020.SH,93,0.65228456
605028.SH,5,0.7580901
605033.SH,101,0.3501095
605050.SH,33,0.71302706
605055.SH,20,0.7079171
605056.SH,40,0.7353552
605058.SH,5,0.6630439
605060.SH,69,0.7114788
605066.SH,91,0.7488898
605068.SH,1,0.7706419
605069.SH,5,0.64351845
605077.SH,19,0.71563554
605080.SH,51,0.70112354
605086.SH,27,0.80463016
605088.SH,69,0.75795484
605089.SH,7,0.67522675
605090.SH,2,0.61627746
605098.SH,12,0.68991786
605099.SH,87,0.6894058
605100.SH,93,0.6783432
605108.SH,19,0.81257117
605111.SH,23,0.6753983
605116.SH,6,0.5648829
605117.SH,27,0.7667024
605118.SH,19,0.7192583
605122.SH,33,0.6904587
605123.SH,12,0.7184202
605128.SH,12,0.7306269
605133.SH,93,0.6781334
605136.SH,27,0.76336694
605138.SH,15,0.62664664
605151.SH,19,0.6571695
605155.SH,14,0.6692143
605158.SH,1,0.6621058
605162.SH,33,0.6803787
605166.SH,33,0.69664836
605167.SH,20,0.74558985
605168.SH,2,0.7319261
605169.SH,1,0.69267327
605177.SH,61,0.6035159
605178.SH,19,0.74155825
605179.SH,95,0.7064317
605180.SH,19,0.670598
605183.SH,1,0.6595868
605186.SH,5,0.71934056
605188.SH,21,0.683141
605189.SH,57,0.65769625
605196.SH,93,0.67255723
605198.SH,89,0.61305976
605208.SH,87,0.6778339
605218.SH,5,0.7206638
605222.SH,87,0.6591955
605228.SH,21,0.71851146
605255.SH,22,0.7379667
605258.SH,5,0.7245638
605259.SH,59,0.6967626
605266.SH,40,0.6353553
605268.SH,27,0.761226
605277.SH,69,0.7171661
605286.SH,21,0.69245106
605287.SH,15,0.71166646
605288.SH,22,0.74285364
605289.SH,40,0.6921571
605296.SH,1,0.61989766
605298.SH,80,0.6489436
605299.SH,90,0.65374225
605300.SH,23,0.6333939
605303.SH,80,0.65647596
605305.SH,23,0.66325957
605318.SH,69,0.6584003
605319.SH,7,0.6315446
605333.SH,33,0.7059003
605336.SH,93,0.66175467
605337.SH,80,0.6097403
605338.SH,12,0.766807
605339.SH,20,0.7738718
605358.SH,30,0.7168615
605365.SH,40,0.8072501
605366.SH,40,0.74106705
605368.SH,51,0.6486082
605369.SH,40,0.6512694
605376.SH,80,0.6587498
605377.SH,80,0.7230766
605378.SH,22,0.7102345
605388.SH,40,0.61571836
605389.SH,80,0.6921931
605398.SH,69,0.71891874
605399.SH,33,0.6518389
605488.SH,61,0.6001539
605499.SH,93,0.69535553
605500.SH,22,0.63395333
605507.SH,24,0.640738
605555.SH,7,0.69258744
605566.SH,5,0.6976744
605567.SH,5,0.67305523
605577.SH,12,0.6723109
605580.SH,7,0.68976635
605588.SH,69,0.7227752
605589.SH,59,0.716844
605598.SH,12,0.72605854
605599.SH,1,0.64265835
688001.SH,93,0.6283866
688002.SH,69,0.85197973
688003.SH,51,0.63978785
688004.SH,69,0.67308617
688005.SH,19,0.69130313
688006.SH,95,0.6708992
688007.SH,74,0.7099495
688008.SH,1,0.67633355
688009.SH,21,0.79508
688010.SH,96,0.6525829
688011.SH,20,0.64482665
688012.SH,12,0.71891063
688013.SH,95,0.7618102
688015.SH,15,0.6918682
688016.SH,27,0.7370827
688017.SH,33,0.66162246
688018.SH,12,0.7608424
688019.SH,61,0.6018758
688020.SH,40,0.71767926
688021.SH,43,0.67568004
688022.SH,29,0.5940529
688023.SH,24,0.6249121
688025.SH,44,0.0
688026.SH,69,0.70588094
688027.SH,95,0.6586498
688028.SH,96,0.74241805
688029.SH,61,0.5818823
688030.SH,22,0.63509053
688031.SH,22,0.6714261
688032.SH,1,0.68980235
688033.SH,7,0.6915722
688035.SH,51,0.7486878
688036.SH,69,0.65921086
688037.SH,96,0.7292145
688038.SH,87,0.67486066
688039.SH,61,0.65581757
688041.SH,7,0.60414964
688045.SH,69,0.7010746
688046.SH,61,0.6155918
688047.SH,69,0.709625
688048.SH,93,0.6171731
688049.SH,12,0.6727272
688050.SH,59,0.7594084
688051.SH,2,0.6778937
688052.SH,33,0.66228783
688055.SH,51,0.5566309
688056.SH,19,0.67568153
688057.SH,21,0.80361664
688058.SH,52,0.62415624
688059.SH,93,0.6887608
688060.SH,5,0.6897099
688061.SH,5,0.7220602
688062.SH,14,0.79932714
688063.SH,21,0.6454911
688065.SH,27,0.74024814
688066.SH,14,0.67964303
688067.SH,93,0.67932206
688068.SH,19,0.6750899
688069.SH,12,0.6816445
688070.SH,43,0.7288925
688071.SH,12,0.661734
688072.SH,74,0.72494173
688073.SH,80,0.69502723
688075.SH,33,0.6336469
688077.SH,12,0.74974865
688078.SH,23,0.61986834
688079.SH,23,0.64569175
688080.SH,59,0.6981639
688081.SH,59,0.7395002
688082.SH,1,0.67431456
688083.SH,15,0.70845056
688084.SH,27,0.73375297
688085.SH,30,0.64700526
688087.SH,7,0.64064366
688088.SH,96,0.64128816
688089.SH,95,0.7010429
688090.SH,95,0.734589
688091.SH,96,0.70831954
688092.SH,61,0.69459224
688093.SH,33,0.71264344
688095.SH,33,0.6517201
688096.SH,61,0.6262801
688097.SH,89,0.640631
688098.SH,84,0.5021777
688099.SH,7,0.7263129
688100.SH,95,0.72564065
688101.SH,93,0.6987704
688102.SH,22,0.7362374
688103.SH,22,0.7197479
688105.SH,27,0.7597304
688106.SH,57,0.72101665
688107.SH,22,0.655946
688108.SH,51,0.7110647
688109.SH,40,0.6836243
688110.SH,23,0.72267413
688111.SH,96,0.6471296
688112.SH,23,0.6735346
688113.SH,52,0.7030052
688114.SH,51,0.5515397
688115.SH,43,0.7337453
688116.SH,15,0.633566
688117.SH,69,0.62700427
688118.SH,86,0.6356165
688119.SH,2,0.7593361
688120.SH,80,0.6859349
688121.SH,69,0.6580784
688122.SH,15,0.6450332
688123.SH,23,0.65193254
688125.SH,5,0.65537685
688126.SH,93,0.6262724
688127.SH,33,0.68967426
688128.SH,33,0.7201984
688129.SH,69,0.6936689
688130.SH,27,0.75428927
688131.SH,74,0.68657863
688132.SH,19,0.67956644
688133.SH,77,0.6581147
688135.SH,5,0.7052698
688136.SH,91,0.7660625
688137.SH,24,0.67033964
688138.SH,7,0.66899925
688139.SH,69,0.62707007
688141.SH,93,0.66907644
688143.SH,7,0.622888
688146.SH,69,0.712839
688147.SH,96,0.6085064
688148.SH,1,0.68957543
688150.SH,1,0.71176976
688151.SH,23,0.60260195
688152.SH,40,0.6913577
688153.SH,61,0.6442183
688155.SH,40,0.69827443
688156.SH,61,0.6149483
688157.SH,7,0.7360963
688158.SH,89,0.65761596
688159.SH,95,0.7021251
688160.SH,61,0.568203
688161.SH,5,0.6991218
688162.SH,93,0.684634
688163.SH,2,0.7123982
688165.SH,40,0.65737253
688166.SH,93,0.68462247
688167.SH,5,0.8038032
688168.SH,22,0.6332581
688169.SH,80,0.69806606
688170.SH,80,0.7410977
688171.SH,20,0.6650545
688172.SH,12,0.7117618
688173.SH,21,0.6856348
688175.SH,33,0.6695512
688176.SH,59,0.7294187
688177.SH,59,0.768324
688178.SH,27,0.7673055
688179.SH,87,0.72601026
688180.SH,40,0.7553328
688181.SH,69,0.6405396
688182.SH,33,0.7111288
688183.SH,93,0.6605419
688185.SH,69,0.60990316
688186.SH,40,0.5737087
688187.SH,93,0.5921122
688188.SH,40,0.66925186
688189.SH,5,0.7248326
688190.SH,57,0.79843116
688191.SH,102,0.61233425
688192.SH,52,0.61443233
688193.SH,80,0.71265256
688195.SH,40,0.67862344
688196.SH,21,0.65898675
688197.SH,57,0.6972734
688198.SH,19,0.70125586
688199.SH,30,0.7532867
688200.SH,61,0.5811903
688201.SH,61,0.6170039
688202.SH,61,0.7825312
688203.SH,5,0.70283663
688205.SH,22,0.61827344
688206.SH,17,0.68883777
688207.SH,12,0.7124971
688208.SH,12,0.7142272
688209.SH,33,0.7051791
688210.SH,61,0.602535
688211.SH,12,0.717128
688212.SH,89,0.68022805
688213.SH,96,0.6334578
688215.SH,24,0.67548615
688216.SH,7,0.7182752
688217.SH,5,0.69733804
688218.SH,69,0.64640194
688219.SH,77,0.6609556
688220.SH,23,0.7066373
688221.SH,15,0.6748005
688222.SH,93,0.654762
688223.SH,43,0.6364442
688225.SH,1,0.66111284
688226.SH,93,0.6748876
688227.SH,15,0.70578897
688228.SH,19,0.71303135
688229.SH,33,0.68550086
688230.SH,95,0.7942402
688231.SH,93,0.6942743
688232.SH,93,0.6794735
688233.SH,93,0.68711424
688234.SH,5,0.71567
688235.SH,19,0.68619794
688236.SH,1,0.7118448
688237.SH,23,0.5960021
688238.SH,93,0.64684093
688239.SH,20,0.69361943
688244.SH,80,0.71195436
688246.SH,93,0.73210126
688247.SH,91,0.7279389
688248.SH,93,0.65762544
688249.SH,1,0.65308666
688251.SH,90,0.65135163
688252.SH,93,0.6806435
688253.SH,23,0.60452086
688255.SH,1,0.6300965
688256.SH,74,0.6718545
688257.SH,43,0.719064
688258.SH,19,0.7089783
688259.SH,27,0.7344087
688260.SH,61,0.6043976
688261.SH,89,0.6488289
688262.SH,22,0.6170463
688265.SH,61,0.63556176
688266.SH,89,0.6683708
688267.SH,12,0.7306584
688268.SH,61,0.64201003
688269.SH,69,0.69481236
688270.SH,95,0.82209224
688271.SH,7,0.70082647
688272.SH,12,0.68677884
688273.SH,1,0.6843254
688275.SH,61,0.67447746
688276.SH,96,0.7039052
688277.SH,12,0.7155446
688278.SH,61,0.66043204
688279.SH,93,0.67857724
688280.SH,57,0.6507636
688281.SH,51,0.68626016
688282.SH,19,0.7094647
688283.SH,19,0.6945
688285.SH,1,0.6730451
688286.SH,93,0.6653896
688288.SH,22,0.6763985
688289.SH,61,0.69254047
688290.SH,80,0.6555796
688291.SH,27,0.71784186
688292.SH,2,0.66987294
688293.SH,11,3.1026343e-07
688295.SH,95,0.6710645
688296.SH,22,0.6525367
688297.SH,96,0.6888692
688298.SH,12,0.6718234
688299.SH,14,0.76271474
688300.SH,14,0.6941192
688301.SH,24,0.6574497
688302.SH,19,0.72703075
688303.SH,14,0.6518188
688305.SH,93,0.6576211
688306.SH,2,0.7529135
688307.SH,21,0.7425903
688308.SH,100,0.58747506
688309.SH,23,0.5622926
688310.SH,6,0.626884
688311.SH,5,0.7913771
688312.SH,80,0.6435916
688313.SH,22,0.62033266
688314.SH,61,0.5720599
688315.SH,22,0.6312439
688316.SH,7,0.6562644
688317.SH,61,0.6756558
688318.SH,33,0.75639236
688319.SH,7,0.6369842
688320.SH,61,0.6297248
688321.SH,69,0.66765076
688322.SH,61,0.6837216
688323.SH,33,0.697887
688325.SH,87,0.7148095
688326.SH,96,0.6101735
688327.SH,61,0.6378143
688328.SH,7,0.7003928
688329.SH,61,0.6537517
688330.SH,61,0.62698776
688331.SH,22,0.63976246
688332.SH,22,0.58795744
688333.SH,89,0.68597376
688334.SH,22,0.66625786
688335.SH,27,0.7918406
688336.SH,5,0.6969764
688337.SH,15,0.73348826
688338.SH,51,0.7582263
688339.SH,34,0.7455504
688343.SH,5,0.7207561
688345.SH,20,0.6786486
688347.SH,12,0.683764
688348.SH,24,0.6137728
688349.SH,22,0.70720446
688350.SH,14,0.68323743
688351.SH,14,0.6830229
688352.SH,17,0.6485771
688353.SH,40,0.6846461
688355.SH,22,0.6703556
688356.SH,2,0.717109
688357.SH,93,0.6418771
688358.SH,33,0.65363574
688359.SH,5,0.7043542
688360.SH,69,0.64355505
688361.SH,93,0.6417085
688362.SH,93,0.7538502
688363.SH,19,0.66543263
688365.SH,5,0.7193354
688366.SH,2,0.72774833
688367.SH,7,0.67119664
688368.SH,61,0.712828
688369.SH,93,0.72302294
688370.SH,93,0.65901494
688371.SH,61,0.6801375
688372.SH,24,0.6007443
688373.SH,69,0.706862
688375.SH,33,0.65080076
688376.SH,19,0.82343054
688377.SH,61,0.6518733
688378.SH,89,0.6263716
688379.SH,40,0.6672625
688380.SH,95,0.6496728
688381.SH,22,0.6870593
688382.SH,1,0.73665935
688383.SH,24,0.60794127
688385.SH,40,0.66298085
688386.SH,1,0.6933878
688387.SH,51,0.6918115
688388.SH,14,0.6835532
688389.SH,57,0.70817506
688390.SH,24,0.63387513
688391.SH,80,0.6893119
688392.SH,95,0.7426923
688393.SH,69,0.65561444
688395.SH,95,0.69488394
688396.SH,2,0.689335
688398.SH,69,0.6797622
688399.SH,80,0.63876003
688400.SH,89,0.6675954
688401.SH,2,0.75403124
688403.SH,69,0.70300823
688408.SH,33,0.6654466
688409.SH,96,0.6982749
688410.SH,23,0.64123553
688411.SH,2,0.6536835
688416.SH,77,0.70481896
688418.SH,59,0.70942646
688419.SH,43,0.64964604
688420.SH,61,0.64617395
688425.SH,14,0.6512887
688426.SH,80,0.68837833
688428.SH,14,0.71627337
688429.SH,12,0.6800458
688432.SH,23,0.6420433
688433.SH,19,0.6912214
688435.SH,5,0.6915682
688439.SH,1,0.7174967
688443.SH,89,0.7636516
688448.SH,23,0.6816324
688449.SH,59,0.68513864
688450.SH,93,0.62713575
688455.SH,2,0.68098676
688456.SH,23,0.70093954
688458.SH,22,0.6629559
688459.SH,19,0.6186967
688466.SH,19,0.70893866
688468.SH,93,0.68382305
688469.SH,80,0.707489
688472.SH,82,4.9546717e-08
688475.SH,1,0.6938042
688478.SH,52,0.64166224
688479.SH,69,0.6423518
688480.SH,12,0.6982403
688484.SH,27,0.7161173
688485.SH,43,0.6487127
688486.SH,21,0.82373995
688488.SH,27,0.6971642
688489.SH,80,0.68510187
688496.SH,19,0.6918732
688498.SH,5,0.74622196
688499.SH,52,0.6877871
688500.SH,80,0.64766115
688501.SH,12,0.6808522
688502.SH,21,0.7052959
688503.SH,96,0.7042127
688505.SH,69,0.71465546
688506.SH,5,0.71084535
688507.SH,69,0.67188793
688508.SH,80,0.6669571
688509.SH,93,0.66965586
688510.SH,40,0.6603729
688512.SH,1,0.7103789
688513.SH,12,0.70586
688515.SH,33,0.7145685
688516.SH,1,0.68032795
688517.SH,40,0.7397465
688518.SH,33,0.67836547
688519.SH,22,0.6634796
688520.SH,69,0.6533672
688521.SH,59,0.7495918
688522.SH,52,0.64378047
688523.SH,21,0.7313127
688525.SH,15,0.69598943
688526.SH,22,0.6626198
688528.SH,77,0.7251643
688529.SH,59,0.7053617
688530.SH,76,0.7977399
688533.SH,69,0.693356
688535.SH,21,0.71036154
688536.SH,69,0.67647266
688538.SH,24,0.6530556
688539.SH,95,0.75056255
688543.SH,33,0.7032614
688545.SH,69,0.7013184
688548.SH,22,0.6570608
688549.SH,80,0.78254724
688550.SH,12,0.716145
688551.SH,40,0.64700717
688552.SH,33,0.70262986
688553.SH,22,0.62117326
688556.SH,51,0.70060295
688557.SH,33,0.70113164
688558.SH,3,4.9056975e-08
688559.SH,69,0.7060112
688560.SH,74,0.6906523
688561.SH,69,0.7227162
688562.SH,93,0.68729687
688563.SH,24,0.7489143
688565.SH,43,0.6905821
688566.SH,33,0.71361
688567.SH,15,0.6847831
688568.SH,12,0.7430928
688569.SH,52,0.67522323
688570.SH,21,0.7861352
688571.SH,20,0.7047047
688573.SH,20,0.7357543
688575.SH,77,0.6368668
688576.SH,17,0.5142514
688577.SH,19,0.752683
688578.SH,94,0.71531856
688579.SH,102,0.663918
688580.SH,77,0.7040152
688581.SH,93,0.6432983
688582.SH,15,0.64279675
688583.SH,17,0.52630645
688584.SH,87,0.6950699
688585.SH,69,0.7022571
688586.SH,89,0.8528895
688588.SH,89,0.55394125
688589.SH,12,0.734727
688590.SH,33,0.6923171
688591.SH,80,0.73872614
688592.SH,80,0.7847125
688593.SH,7,0.7522517
688595.SH,33,0.70344776
688596.SH,80,0.6843123
688597.SH,93,0.63694286
688598.SH,5,0.69304323
688599.SH,1,0.66074765
688600.SH,51,0.6882977
688601.SH,43,0.6523575
688602.SH,7,0.71244967
688603.SH,14,0.6617321
688605.SH,21,0.74685913
688606.SH,12,0.67300355
688607.SH,1,0.6785419
688608.SH,93,0.63630605
688609.SH,23,0.6243713
688610.SH,1,0.71856505
688611.SH,20,0.6936463
688612.SH,12,0.689205
688613.SH,5,0.7059079
688615.SH,89,0.6814808
688616.SH,40,0.6921709
688617.SH,69,0.70971096
688618.SH,34,0.6865743
688619.SH,12,0.6724731
688620.SH,2,0.71941864
688621.SH,69,0.68808
688622.SH,27,0.7406013
688623.SH,15,0.82191783
688625.SH,5,0.7049629
688626.SH,15,0.69398427
688627.SH,95,0.6964649
688628.SH,5,0.6749112
688629.SH,21,0.68663996
688630.SH,74,0.71342236
688631.SH,69,0.6287107
688633.SH,19,0.6886712
688636.SH,33,0.7494115
688638.SH,80,0.65136683
688639.SH,33,0.6947365
688648.SH,23,0.63663876
688651.SH,95,0.6857808
688652.SH,40,0.7092094
688653.SH,93,0.67138594
688655.SH,22,0.61750036
688656.SH,1,0.67697704
688657.SH,12,0.6896355
688658.SH,32,0.5874037
688659.SH,94,0.6533471
688660.SH,87,0.745002
688661.SH,69,0.6480644
688662.SH,27,0.7421908
688663.SH,93,0.70183843
688665.SH,33,0.6984319
688667.SH,61,0.6076982
688668.SH,22,0.68132174
688669.SH,95,0.72153044
688670.SH,22,0.68604887
688671.SH,96,0.67528945
688676.SH,12,0.7600684
688677.SH,61,0.6644383
688678.SH,40,0.69090736
688679.SH,61,0.6056891
688680.SH,7,0.64618325
688681.SH,69,0.737765
688682.SH,33,0.68925035
688683.SH,51,0.71234685
688685.SH,33,0.6679461
688686.SH,5,0.66144556
688687.SH,95,0.8267682
688689.SH,27,0.75238764
688690.SH,1,0.74312156
688691.SH,5,0.6992613
688692.SH,80,0.6427273
688693.SH,95,0.69179493
688695.SH,23,0.6123794
688696.SH,21,0.66752595
688697.SH,21,0.7578678
688698.SH,52,0.7032827
688699.SH,40,0.7865969
688700.SH,14,0.80476815
688701.SH,93,0.64158195
688702.SH,77,0.6836944
688707.SH,93,0.65541875
688708.SH,23,0.62554747
688709.SH,1,0.66309935
688710.SH,93,0.65076596
688711.SH,93,0.6597528
688712.SH,21,0.7486073
688716.SH,43,0.7679312
688717.SH,96,0.6806226
688718.SH,93,0.68757766
688719.SH,23,0.6034283
688720.SH,40,0.6493764
688721.SH,89,0.61312777
688722.SH,1,0.65232927
688726.SH,5,0.7164587
688727.SH,74,0.62800664
688728.SH,5,0.7535416
688729.SH,91,0.7636943
688733.SH,33,0.6472171
688737.SH,12,0.73848736
688739.SH,69,0.83498466
688750.SH,7,0.712108
688755.SH,61,0.80660975
688757.SH,61,0.65684754
688758.SH,23,0.64636135
688759.SH,23,0.7104066
688765.SH,96,0.6553858
688766.SH,59,0.71803665
688767.SH,33,0.7384213
688768.SH,7,0.68787736
688772.SH,33,0.7412968
688775.SH,1,0.6773479
688776.SH,19,0.66720164
688777.SH,45,1.3029592e-07
688778.SH,23,0.6810825
688779.SH,22,0.66888434
688781.SH,20,0.659069
688783.SH,23,0.6109507
688785.SH,5,0.7536543
688786.SH,1,0.6649095
688787.SH,93,0.6547431
688788.SH,80,0.66836494
688789.SH,33,0.6849111
688790.SH,69,0.629319
688793.SH,93,0.6395853
688795.SH,95,0.75518113
688796.SH,93,0.6481724
688798.SH,95,0.67667985
688799.SH,5,0.66285443
688800.SH,43,0.6556303
688802.SH,12,0.68968195
688805.SH,51,0.58141786
688807.SH,24,0.6541186
688809.SH,22,0.698022
688811.SH,22,0.62281275
688813.SH,5,0.68683213
688816.SH,1,0.6642949
688818.SH,27,0.73302954
688819.SH,23,0.6388895
688820.SH,12,0.73599595
688981.SH,7,0.72280073
689009.SH,5,0.7631593
920000.BJ,5,0.66628927
920001.BJ,1,0.7535108
920002.BJ,57,0.8334505
920003.BJ,93,0.6548041
920005.BJ,17,0.58621895
920006.BJ,19,0.68778896
920007.BJ,22,0.73133665
920008.BJ,21,0.6554544
920009.BJ,15,0.7542912
920010.BJ,15,0.6665041
920011.BJ,5,0.65569425
920012.BJ,61,0.6233643
920014.BJ,95,0.6840716
920015.BJ,7,0.7132659
920016.BJ,22,0.67712516
920017.BJ,33,0.6623047
920018.BJ,40,0.667145
920019.BJ,22,0.65076125
920020.BJ,61,0.64517695
920021.BJ,28,0.0
920022.BJ,1,0.69597584
920023.BJ,61,0.70997906
920026.BJ,33,0.6833338
920027.BJ,5,0.6949538
920028.BJ,95,0.66485244
920029.BJ,74,0.6990604
920030.BJ,22,0.6601078
920033.BJ,61,0.6523014
920035.BJ,59,0.72429514
920036.BJ,93,0.6617211
920037.BJ,80,0.627061
920039.BJ,93,0.7250104
920045.BJ,69,0.69261515
920046.BJ,93,0.701193
920047.BJ,24,0.7312795
920050.BJ,33,0.63723946
920055.BJ,5,0.6799316
920056.BJ,5,0.7527314
920057.BJ,80,0.6761265
920058.BJ,80,0.6611946
920060.BJ,77,0.64988285
920061.BJ,23,0.69234794
920062.BJ,80,0.6888737
920066.BJ,5,0.69373053
920068.BJ,6,0.6191386
920069.BJ,6,0.5855827
920075.BJ,96,0.6597443
920076.BJ,2,0.7556365
920077.BJ,11,3.1026343e-07
920078.BJ,5,0.7714233
920080.BJ,15,0.6357817
920082.BJ,80,0.69478655
920086.BJ,80,0.640377
920087.BJ,80,0.67097926
920088.BJ,93,0.65288883
920089.BJ,40,0.6910525
920091.BJ,2,0.70851403
920092.BJ,1,0.6901444
920098.BJ,21,0.73130316
920099.BJ,15,0.69798887
920100.BJ,91,0.72268516
920101.BJ,87,0.6475294
920106.BJ,27,0.7702246
920108.BJ,15,0.6763367
920110.BJ,61,0.5963545
920111.BJ,61,0.6328823
920112.BJ,69,0.6728618
920116.BJ,93,0.6478276
920118.BJ,72,0.0
920119.BJ,22,0.6174624
920121.BJ,61,0.6326727
920122.BJ,61,0.7079579
920123.BJ,61,0.71085364
920124.BJ,61,0.60500854
920128.BJ,19,0.7055585
920130.BJ,87,0.72284555
920132.BJ,33,0.6728599
920139.BJ,12,0.6920792
920145.BJ,69,0.6859574
920146.BJ,5,0.6622871
920149.BJ,27,0.7279763
920152.BJ,12,0.68574363
920158.BJ,27,0.74784446
920159.BJ,7,0.73186004
920160.BJ,19,0.7257734
920163.BJ,69,0.714376
920166.BJ,15,0.7276381
920167.BJ,24,0.5754043
920168.BJ,22,0.67564636
920169.BJ,12,0.7418807
920171.BJ,20,0.68292314
920174.BJ,80,0.7025313
920175.BJ,20,0.8044018
920177.BJ,6,0.6173666
920179.BJ,22,0.6742281
920180.BJ,69,0.7096376
920181.BJ,19,0.7280008
920183.BJ,14,0.6147006
920184.BJ,40,0.685516
920185.BJ,59,0.74144757
920187.BJ,1,0.66094375
920188.BJ,1,0.70657766
920190.BJ,19,0.6474569
920191.BJ,15,0.6598625
920195.BJ,93,0.6585217
920198.BJ,61,0.655007
920199.BJ,24,0.6338889
920204.BJ,69,0.6891147
920207.BJ,80,0.6799967
920208.BJ,94,0.69151765
920212.BJ,22,0.6403882
920221.BJ,61,0.6685362
920223.BJ,96,0.6868995
920225.BJ,89,0.718568
920227.BJ,61,0.6177362
920230.BJ,22,0.6460957
920237.BJ,14,0.7045651
920239.BJ,61,0.6702096
920242.BJ,89,0.680706
920245.BJ,12,0.6658295
920247.BJ,27,0.7455163
920249.BJ,80,0.70858294
920252.BJ,1,0.66292983
920260.BJ,69,0.68340945
920261.BJ,19,0.7156441
920262.BJ,29,0.50654685
920263.BJ,94,0.70126647
920266.BJ,5,0.6910893
920267.BJ,1,0.70625806
920270.BJ,5,0.7092114
920271.BJ,7,0.6932343
920273.BJ,87,0.7143191
920274.BJ,59,0.72932076
920275.BJ,5,0.8128733
920278.BJ,23,0.646107
920284.BJ,69,0.6578386
920299.BJ,69,0.7322729
920300.BJ,7,0.7502098
920304.BJ,20,0.6530568
920339.BJ,95,0.7209167
920344.BJ,93,0.65795803
920346.BJ,23,0.6124451
920351.BJ,61,0.6262562
920357.BJ,33,0.76439875
920363.BJ,2,0.7365736
920367.BJ,23,0.700632
920368.BJ,93,0.6526563
920370.BJ,99,0.0
920371.BJ,69,0.63685066
920374.BJ,93,0.6713214
920375.BJ,5,0.7145355
920378.BJ,93,0.71647805
920392.BJ,40,0.63902354
920394.BJ,5,0.73590916
920395.BJ,95,0.6629891
920396.BJ,15,0.64954793
920402.BJ,29,0.6985121
920403.BJ,96,0.69242483
920405.BJ,24,0.6659819
920407.BJ,7,0.74681836
920414.BJ,61,0.60817915
920415.BJ,89,0.7355334
920418.BJ,22,0.65840393
920419.BJ,89,0.61399084
920422.BJ,69,0.71694195
920425.BJ,14,0.6909566
920427.BJ,40,0.7123367
920429.BJ,61,0.6482452
920433.BJ,22,0.6164118
920436.BJ,1,0.6636786
920438.BJ,95,0.708855
920445.BJ,95,0.7485727
920454.BJ,22,0.65425795
920455.BJ,27,0.81279707
920469.BJ,61,0.6871499
920471.BJ,80,0.70749277
920475.BJ,40,0.665122
920476.BJ,1,0.6688088
920478.BJ,19,0.76274425
920489.BJ,27,0.7498586
920491.BJ,22,0.7165722
920493.BJ,19,0.81194425
920496.BJ,19,0.71556157
920504.BJ,33,0.7300574
920505.BJ,5,0.7719644
920508.BJ,23,0.642776
920509.BJ,5,0.73482025
920510.BJ,15,0.6808543
920519.BJ,5,0.7104161
920522.BJ,11,3.1026343e-07
920523.BJ,105,0.0
920526.BJ,7,0.6308631
920527.BJ,89,0.6771197
920533.BJ,96,0.67473155
920541.BJ,87,0.7353031
920547.BJ,69,0.6403382
920553.BJ,96,0.6419733
920556.BJ,95,0.70345294
920564.BJ,61,0.62390953
920566.BJ,89,0.6650931
920570.BJ,1,0.68974084
920571.BJ,85,0.49075747
920575.BJ,61,0.61701596
920576.BJ,96,0.62747836
920578.BJ,1,0.66908365
920579.BJ,33,0.7125999
920580.BJ,33,0.7026099
920592.BJ,33,0.67687404
920593.BJ,12,0.7139829
920599.BJ,14,0.716078
920608.BJ,74,0.70728207
920627.BJ,91,0.7387954
920634.BJ,20,0.7385523
920639.BJ,59,0.7181427
920640.BJ,21,0.6921101
920641.BJ,95,0.6814145
920642.BJ,61,0.7234368
920651.BJ,27,0.7693912
920656.BJ,98,0.53181434
920662.BJ,19,0.7346412
920663.BJ,57,0.80229557
920665.BJ,43,0.76071185
920670.BJ,20,0.8725809
920675.BJ,24,0.6281838
920679.BJ,12,0.7018433
920682.BJ,33,0.7193932
920685.BJ,69,0.69293785
920689.BJ,95,0.69254863
920690.BJ,95,0.68311137
920693.BJ,69,0.6956933
920694.BJ,80,0.63850814
920699.BJ,21,0.68818486
920701.BJ,24,0.68333995
920703.BJ,5,0.72440314
920706.BJ,69,0.66518176
920717.BJ,19,0.7522272
920718.BJ,95,0.68674195
920719.BJ,7,0.76817316
920720.BJ,2,0.7425843
920725.BJ,80,0.69808555
920726.BJ,95,0.733374
920729.BJ,20,0.70910466
920735.BJ,69,0.68286073
920748.BJ,69,0.7129779
920751.BJ,1,0.68411654
920753.BJ,93,0.650307
920765.BJ,87,0.7498869
920768.BJ,80,0.68960226
920770.BJ,1,0.66401494
920779.BJ,17,0.5695151
920781.BJ,77,0.59433436
920786.BJ,59,0.7480098
920790.BJ,69,0.6437458
920792.BJ,1,0.68597
920799.BJ,12,0.7244599
920802.BJ,43,0.7267451
920806.BJ,74,0.65848196
920807.BJ,80,0.67294395
920808.BJ,69,0.6874653
920809.BJ,69,0.6887697
920810.BJ,93,0.68049955
920819.BJ,5,0.68456787
920821.BJ,95,0.7080256
920826.BJ,19,0.70088685
920832.BJ,15,0.74542165
920833.BJ,1,0.7553703
920834.BJ,22,0.6978093
920837.BJ,61,0.6542644
920839.BJ,96,0.58660644
920855.BJ,61,0.66778684
920856.BJ,93,0.6734283
920857.BJ,57,0.706799
920866.BJ,1,0.6831628
920870.BJ,22,0.6291266
920871.BJ,23,0.5498805
920873.BJ,23,0.589901
920876.BJ,87,0.70740044
920879.BJ,14,0.6907971
920885.BJ,93,0.6931442
920892.BJ,5,0.798335
920895.BJ,15,0.72437227
920896.BJ,80,0.67059225
920906.BJ,33,0.69330597
920914.BJ,5,0.694633
920924.BJ,1,0.66650057
920925.BJ,27,0.79030573
920926.BJ,69,0.67122465
920931.BJ,80,0.6894094
920932.BJ,69,0.63373035
920942.BJ,19,0.67804164
920943.BJ,93,0.63212025
920946.BJ,80,0.69358295
920950.BJ,1,0.67262113
920953.BJ,19,0.70790756
920957.BJ,80,0.65080863
920961.BJ,69,0.6583782
920964.BJ,20,0.7374771
920970.BJ,87,0.6872324
920971.BJ,61,0.6703514
920974.BJ,61,0.6122857
920976.BJ,69,0.65916723
920978.BJ,22,0.728715
920981.BJ,61,0.6602425
920982.BJ,61,0.6448851
920985.BJ,61,0.62350196
920992.BJ,7,0.70064193
