ts_code,degree,weighted_degree,pagerank,eigenvector_centrality,betweenness_approx,clustering_coefficient,kcore_number,community_id,community_size,bridge_score,neighbor_style_dispersion,neighbor_avg_pct_chg,neighbor_avg_roe,semantic_industry_consistency
000001.SZ,9.433391,9.433391,9.9167315e-05,0.00018804062,0.3554164,0.48735633,1,26,39,0.8,0.0,0.25564998,3.73937,0.2
000002.SZ,44.825455,44.825455,0.00033739425,0.00018804062,0.41166636,0.21225226,1,91,229,0.7866667,0.0,-1.0610307,-17.63508,0.21333334
000006.SZ,10.924884,10.924884,0.00010872285,0.00018804062,0.38666636,0.33103448,1,13,40,0.73333335,0.0,-1.3403034,-23.698889,0.26666668
000007.SZ,19.40803,19.40803,0.00015674258,0.00018804062,0.38916636,0.3153153,1,91,229,0.6486486,0.0,-1.307973,-25.819246,0.35135135
000008.SZ,23.153173,23.153173,0.00017169575,0.00018804062,0.38833302,0.41532975,1,91,229,1.0,0.0,-1.24375,-30.107937,0.0
000009.SZ,15.728323,15.728323,0.00015052359,0.00018804062,0.36166638,0.23655914,1,95,151,0.58064514,0.0,-0.017467752,4.892538,0.41935483
000010.SZ,23.80009,23.80009,0.00018655715,0.00018804062,0.39499968,0.27210885,1,69,305,0.6122449,0.0,-1.1968387,-19.09879,0.3877551
000011.SZ,7.223291,7.223291,8.095885e-05,0.00018804062,0.37583303,0.16781609,1,21,149,0.96666664,0.0,-0.6321466,-11.668976,0.033333335
000012.SZ,17.486296,17.486296,0.00017035438,0.00018804062,0.37166637,0.1391129,1,91,229,0.375,0.0,-1.2700374,-2.278268,0.625
000014.SZ,20.525064,20.525064,0.00016799799,0.00018804062,0.39416635,0.43010753,1,69,305,0.7741935,0.0,-1.6192162,-23.588558,0.22580644
000016.SZ,25.602015,25.602015,0.00018548935,0.00018804062,0.39999968,0.34848484,1,91,229,0.7878788,0.0,-1.0675728,-31.107521,0.21212122
000017.SZ,13.134136,13.134136,0.00012740829,0.00018804062,0.38583302,0.23174603,1,91,229,0.8055556,0.0,-1.2731862,13.136239,0.19444445
000019.SZ,9.86971,9.86971,0.00010635909,0.00018804062,0.3774997,0.31264368,1,27,217,1.0,0.0,-0.30188,8.339623,0.0
000020.SZ,13.48111,13.48111,0.0001338549,0.00018804062,0.39999968,0.1996435,1,27,217,0.7647059,0.0,-2.1341295,-12.470431,0.23529412
000021.SZ,8.979041,8.979041,0.00010289509,0.00018804062,0.35958305,0.22528736,1,23,94,0.96666664,0.0,-1.0093867,3.8105865,0.033333335
000025.SZ,10.222222,10.222222,0.000115030234,0.00018804062,0.3674997,0.26666668,1,93,192,0.96666664,0.0,-0.8215301,7.151999,0.033333335
000026.SZ,7.8234215,7.8234215,9.0739915e-05,0.00018804062,0.3699997,0.22528736,1,91,229,0.9,0.0,-1.1700699,5.6033335,0.1
000027.SZ,9.467629,9.467629,0.00010963968,0.00018804062,0.35833305,0.41609195,1,29,12,0.96666664,0.0,2.0413933,7.5722127,0.033333335
000028.SZ,12.203867,12.203867,0.00013330327,0.00018804062,0.34958306,0.31439394,1,21,149,0.93939394,0.0,-1.0660636,2.935621,0.060606062
000029.SZ,15.637515,15.637515,0.000153397,0.00018804062,0.35624972,0.2850575,1,90,27,0.23333333,0.0,-0.76214325,0.6768306,0.76666665
000030.SZ,12.101413,12.101413,0.00012798389,0.00018804062,0.35708305,0.14712644,1,91,229,0.6,0.0,-1.1570134,0.66878134,0.4
000031.SZ,17.013353,17.013353,0.00016498126,0.00018804062,0.37916636,0.11408199,1,80,208,0.4117647,0.0,-0.9174794,-5.1803255,0.5882353
000032.SZ,14.810551,14.810551,0.00014587575,0.00018804062,0.39749968,0.1882353,1,91,229,0.5714286,0.0,-1.0206286,-11.638785,0.42857143
000034.SZ,13.101437,13.101437,0.00013560837,0.00018804062,0.36083305,0.11264368,1,33,251,0.6,0.0,-0.99750334,3.4058867,0.4
000035.SZ,16.556135,16.556135,0.00016114744,0.00018804062,0.37541637,0.14973262,1,33,251,0.38235295,0.0,-0.21258529,1.1795831,0.61764705
000036.SZ,15.908645,15.908645,0.00015849128,0.00018804062,0.36083305,0.27526882,1,51,81,0.29032257,0.0,-1.7476614,3.5234196,0.7096774
000037.SZ,44.36212,44.36212,0.0003636928,0.00018804062,0.40666634,0.1916972,1,91,229,0.7692308,0.0,0.17024401,9.535126,0.23076923
000039.SZ,13.956115,13.956115,0.00013427419,0.00018804062,0.3724997,0.17011495,1,77,117,0.5,0.0,-1.6696434,-2.5629728,0.5
000042.SZ,29.970695,29.970695,0.00022893967,0.00018804062,0.39333302,0.27922705,1,94,65,0.82608694,0.0,-2.1906893,-21.69339,0.17391305
000045.SZ,13.410386,13.410386,0.00013578155,0.00018804062,0.37166637,0.17424242,1,91,229,0.4848485,0.0,-2.1115,-2.2891665,0.5151515
000048.SZ,15.611566,15.611566,0.00015228175,0.00018804062,0.3787497,0.21572581,1,6,36,0.84375,0.0,-1.2798562,4.642684,0.15625
000049.SZ,14.461494,14.461494,0.000146014,0.00018804062,0.35124972,0.28030303,1,43,94,0.36363637,0.0,-0.30894238,1.9306178,0.6363636
000050.SZ,12.164875,12.164875,0.00012869037,0.00018804062,0.36083305,0.1889483,1,1,211,0.7352941,0.0,-2.4881177,-2.757967,0.2647059
000055.SZ,15.206684,15.206684,0.00013287527,0.00018804062,0.39499968,0.30793652,1,22,208,0.9722222,0.0,-1.1501918,-25.418892,0.027777778
000056.SZ,35.801414,35.801414,0.00027189823,0.00018804062,0.4024997,0.24242425,1,5,286,0.96363634,0.0,-1.4199764,-14.204517,0.036363635
000058.SZ,7.996746,7.996746,9.66037e-05,0.00018804062,0.3699997,0.22988506,1,91,229,0.8333333,0.0,-0.08930668,0.7875062,0.16666667
000059.SZ,18.424139,18.424139,0.00016049121,0.00018804062,0.38333303,0.28879893,1,59,157,0.8974359,0.0,-0.9503744,-25.702168,0.102564104
000060.SZ,12.693965,12.693965,0.00013490966,0.00018804062,0.36666638,0.14717741,1,15,191,0.78125,0.0,-2.4883437,6.411472,0.21875
000061.SZ,18.619347,18.619347,0.00017695097,0.00018804062,0.37583303,0.24603175,1,74,159,0.33333334,0.0,-0.22408332,1.7469783,0.6666667
000062.SZ,10.914865,10.914865,0.00012055292,0.00018804062,0.36291638,0.17634408,1,57,68,0.9677419,0.0,-1.4753871,5.7420683,0.032258064
000063.SZ,12.474801,12.474801,0.00012303458,0.00018804062,0.38166636,0.12413793,1,93,192,0.73333335,0.0,-2.2856035,3.0240073,0.26666668
000065.SZ,13.902549,13.902549,0.00014331874,0.00018804062,0.3674997,0.12873563,1,52,65,0.5,0.0,-1.6004134,2.7468574,0.5
000066.SZ,10.953002,10.953002,0.00011277352,0.00018804062,0.40416637,0.12413793,1,21,149,0.8666667,0.0,-1.6215932,-12.692142,0.13333334
000068.SZ,21.339897,21.339897,0.00017669534,0.00018804062,0.3924997,0.24637681,1,33,251,0.65217394,0.0,-1.6838892,-21.887577,0.3478261
000069.SZ,32.254578,32.254578,0.00024378802,0.00018804062,0.39583302,0.21938775,1,21,149,0.877551,0.0,-1.1762816,-20.028261,0.12244898
000070.SZ,30.107962,30.107962,0.00020678004,0.00018804062,0.39499968,0.35277382,1,91,229,0.65789473,0.0,-1.9164184,-28.246952,0.34210527
000078.SZ,16.016737,16.016737,0.00015096054,0.00018804062,0.39583302,0.17305459,1,52,65,0.8095238,0.0,-0.5785452,-10.378035,0.1904762
000088.SZ,16.983984,16.983984,0.00016380647,0.00018804062,0.38333303,0.21262458,1,90,27,0.60465115,0.0,-0.7410791,6.454401,0.39534885
000089.SZ,18.137806,18.137806,0.00017145429,0.00018804062,0.3649997,0.30492425,1,94,65,0.24242425,0.0,-1.6957514,1.2694279,0.75757575
000090.SZ,14.462188,14.462188,0.00013881455,0.00018804062,0.3849997,0.21609196,1,94,65,0.6,0.0,-1.5934434,-11.367796,0.4
000096.SZ,15.770952,15.770952,0.0001588917,0.00018804062,0.35833305,0.15322581,1,91,229,0.375,0.0,-0.90103126,3.1869469,0.625
000099.SZ,14.714123,14.714123,0.00015008396,0.00018804062,0.3637497,0.14193548,1,77,117,0.7096774,0.0,-1.8377807,4.8747344,0.29032257
000100.SZ,13.624795,13.624795,0.00013958041,0.00018804062,0.35333306,0.13547237,1,94,65,0.7058824,0.0,-1.918606,1.8217782,0.29411766
000151.SZ,56.81486,56.81486,0.00048898533,0.00018804062,0.45916632,0.10137391,1,22,208,0.8700565,0.0,-0.73286897,14.757313,0.1299435
000153.SZ,16.779984,16.779984,0.00015827321,0.00018804062,0.36583304,0.11264368,1,21,149,0.6666667,0.0,-0.64489,-0.15126069,0.33333334
000155.SZ,13.885315,13.885315,0.00014144043,0.00018804062,0.3624997,0.15927419,1,12,252,0.34375,0.0,0.6109219,0.6096437,0.65625
000156.SZ,14.409081,14.409081,0.00014470975,0.00018804062,0.3674997,0.103225805,1,74,159,0.83870965,0.0,-0.95778704,1.2130775,0.16129032
000157.SZ,17.56322,17.56322,0.00016906107,0.00018804062,0.3674997,0.16129032,1,100,10,0.78125,0.0,-1.3049719,3.4629464,0.21875
000158.SZ,27.593874,27.593874,0.00021039115,0.00018804062,0.38083303,0.2508711,1,5,286,0.5952381,0.0,0.61350477,0.84949046,0.4047619
000159.SZ,8.816597,8.816597,0.00010132077,0.00018804062,0.36291638,0.20229885,1,33,251,0.8333333,0.0,-0.65795004,-0.4620368,0.16666667
000166.SZ,9.686749,9.686749,0.00010281028,0.00018804062,0.34874973,0.4,1,57,68,0.9,0.0,-0.067229986,6.526862,0.1
000301.SZ,14.357627,14.357627,0.00014261313,0.00018804062,0.3849997,0.18716578,1,87,102,0.64705884,0.0,-0.37098527,-9.695453,0.3529412
000333.SZ,18.85023,18.85023,0.00017172158,0.00018804062,0.35833305,0.227957,1,1,211,0.58064514,0.0,-0.5460065,3.8411016,0.41935483
000338.SZ,8.461212,8.461212,9.546618e-05,0.00018804062,0.36666638,0.20229885,1,74,159,0.9,0.0,-2.1273668,7.9422507,0.1
000400.SZ,8.03733,8.03733,9.638707e-05,0.00018804062,0.3491664,0.3586207,1,91,229,0.93333334,0.0,-1.2824334,5.4337597,0.06666667
000401.SZ,11.747564,11.747564,0.00012838669,0.00018804062,0.36083305,0.22068965,1,7,111,0.76666665,0.0,-0.63878655,-0.38874996,0.23333333
000402.SZ,15.838905,15.838905,0.00014044663,0.00018804062,0.39083302,0.3183183,1,19,162,0.6756757,0.0,-1.6297921,-22.818253,0.3243243
000403.SZ,12.39116,12.39116,0.00012484744,0.00018804062,0.3849997,0.24597701,1,77,117,0.5,0.0,-1.1350199,5.8321514,0.5
000404.SZ,14.072093,14.072093,0.00013834643,0.00018804062,0.38666636,0.16856061,1,74,159,0.72727275,0.0,-0.7370061,1.0568218,0.27272728
000407.SZ,13.708967,13.708967,0.00013995556,0.00018804062,0.3699997,0.2651515,1,33,251,0.8787879,0.0,-0.2252546,6.3283634,0.121212125
000408.SZ,17.04078,17.04078,0.0001538575,0.00018804062,0.3924997,0.31463414,1,5,286,0.73170733,0.0,-1.7233754,13.131377,0.2682927
000409.SZ,8.249015,8.249015,9.248449e-05,0.00018804062,0.36124972,0.04137931,1,90,27,0.9,0.0,-0.20911993,-3.159893,0.1
000410.SZ,8.40209,8.40209,9.6013595e-05,0.00018804062,0.3899997,0.27586207,1,94,65,0.8333333,0.0,-1.5560735,-13.868522,0.16666667
000411.SZ,12.754691,12.754691,0.00013784674,0.00018804062,0.35333306,0.27731094,1,91,229,0.8,0.0,-1.2634029,3.8651454,0.2
000415.SZ,10.800032,10.800032,0.000108716384,0.00018804062,0.38333303,0.26024956,1,91,229,0.7647059,0.0,-0.5515794,-27.771456,0.23529412
000417.SZ,15.47373,15.47373,0.00016023795,0.00018804062,0.3499997,0.24810606,1,87,102,0.42424244,0.0,-0.51192737,4.3267727,0.57575756
000419.SZ,15.274124,15.274124,0.00015870249,0.00018804062,0.3599997,0.21969697,1,91,229,0.75757575,0.0,-0.7507031,2.9369879,0.24242425
000420.SZ,7.644178,7.644178,8.837808e-05,0.00018804062,0.39333302,0.25376344,1,15,191,0.9032258,0.0,-1.9242839,-12.513122,0.09677419
000421.SZ,12.593163,12.593163,0.00013534921,0.00018804062,0.37416637,0.28275862,1,12,252,0.6,0.0,-0.9324533,-4.521362,0.4
000422.SZ,16.222124,16.222124,0.00015387725,0.00018804062,0.38333303,0.16129032,1,5,286,0.2580645,0.0,-0.1020968,1.3179995,0.7419355
000423.SZ,17.10199,17.10199,0.00014837917,0.00018804062,0.3774997,0.57931036,1,74,159,0.8333333,0.0,-0.6464833,19.582739,0.16666667
000425.SZ,8.517612,8.517612,0.00010063174,0.00018804062,0.35833305,0.25747126,1,76,26,0.8666667,0.0,-1.5912099,10.183161,0.13333334
000426.SZ,20.095722,20.095722,0.00017544077,0.00018804062,0.3949997,0.33873144,1,91,229,0.84615386,0.0,-1.0242718,16.21644,0.15384616
000428.SZ,23.478502,23.478502,0.00018833244,0.00018804062,0.39166635,0.34009662,1,91,229,0.5869565,0.0,-1.678574,-22.358807,0.41304347
000429.SZ,19.269867,19.269867,0.00017525758,0.00018804062,0.3824997,0.32657003,1,20,96,0.8695652,0.0,-0.055147864,13.423734,0.13043478
000498.SZ,12.540437,12.540437,0.00013440948,0.00018804062,0.36333305,0.29435483,1,21,149,0.8125,0.0,-0.5767375,4.7663155,0.1875
000501.SZ,13.356276,13.356276,0.0001427361,0.00018804062,0.36333305,0.13825758,1,91,229,0.72727275,0.0,-0.2567121,2.7628126,0.27272728
000503.SZ,25.891071,25.891071,0.00019904305,0.00018804062,0.38916636,0.36349207,1,40,114,0.8611111,0.0,-1.8903251,-24.116615,0.1388889
000505.SZ,15.480815,15.480815,0.00014039653,0.00018804062,0.39416635,0.3213213,1,7,111,0.7297297,0.0,-1.0903217,-23.936205,0.27027026
000506.SZ,21.036264,21.036264,0.00017439375,0.00018804062,0.39666635,0.3092437,1,27,217,0.7714286,0.0,-1.7406256,16.187717,0.22857143
000507.SZ,18.78935,18.78935,0.00018058559,0.00018804062,0.35833305,0.2905526,1,74,159,0.38235295,0.0,0.44565004,3.9674468,0.61764705
000509.SZ,29.064638,29.064638,0.0002121856,0.00018804062,0.39166635,0.3040404,1,94,65,0.62222224,0.0,-1.6240535,-21.319418,0.37777779
000510.SZ,19.136637,19.136637,0.00016125475,0.00018804062,0.39749968,0.2173913,1,69,305,0.76086956,0.0,-0.59184784,-17.94406,0.23913044
000513.SZ,15.408714,15.408714,0.00013833876,0.00018804062,0.38083303,0.51008064,1,15,191,0.65625,0.0,-1.1720812,18.133305,0.34375
000514.SZ,17.303255,17.303255,0.000145345,0.00018804062,0.36166638,0.27563027,1,12,252,0.6571429,0.0,-1.2993628,0.74999875,0.34285715
000516.SZ,16.623789,16.623789,0.00014565987,0.00018804062,0.39333302,0.30778164,1,91,229,0.8333333,0.0,-0.89866674,-24.93771,0.16666667
000517.SZ,9.690203,9.690203,0.000102895356,0.00018804062,0.3799997,0.2,1,40,114,0.8666667,0.0,-0.96063,-16.334005,0.13333334
000519.SZ,10.587485,10.587485,0.000113154056,0.00018804062,0.3849997,0.21149425,1,91,229,0.6333333,0.0,-1.2695735,-12.026088,0.36666667
000520.SZ,24.246727,24.246727,0.00019523714,0.00018804062,0.408333,0.25797874,1,94,65,0.6458333,0.0,-1.4117604,-18.819038,0.35416666
000521.SZ,10.800759,10.800759,0.0001117737,0.00018804062,0.38166636,0.16091955,1,91,229,0.56666666,0.0,-0.9013267,-17.636633,0.43333334
000523.SZ,14.412608,14.412608,0.00015103939,0.00018804062,0.36541638,0.2137931,1,12,252,0.56666666,0.0,-0.61543,3.0823855,0.43333334
000524.SZ,10.170322,10.170322,0.000111936344,0.00018804062,0.3674997,0.08735632,1,89,72,0.8333333,0.0,-0.6983734,3.5555587,0.16666667
000525.SZ,17.57661,17.57661,0.00015600295,0.00018804062,0.3849997,0.25853658,1,94,65,0.80487806,0.0,-1.3203658,-22.244442,0.19512194
000526.SZ,13.700074,13.700074,0.00013073962,0.00018804062,0.3874997,0.2798574,1,19,162,0.7352941,0.0,-1.3337588,16.689493,0.2647059
000528.SZ,16.841482,16.841482,0.00016739628,0.00018804062,0.34999973,0.23361345,1,53,16,0.6,0.0,-1.4670341,7.462838,0.4
000529.SZ,6.855206,6.855206,8.673992e-05,0.00018804062,0.36833304,0.28275862,1,91,229,0.96666664,0.0,-0.17846331,-0.013455963,0.033333335
000530.SZ,16.392479,16.392479,0.0001633322,0.00018804062,0.34333307,0.33333334,1,15,191,0.32352942,0.0,-1.2096148,4.5205054,0.6764706
000531.SZ,14.09992,14.09992,0.00014527208,0.00018804062,0.3699997,0.21746881,1,59,157,0.7647059,0.0,0.78625876,5.0444145,0.23529412
000532.SZ,16.672108,16.672108,0.00015243923,0.00018804062,0.38833302,0.28803718,1,5,286,0.64285713,0.0,-1.0653502,13.750008,0.35714287
000533.SZ,17.768124,17.768124,0.00016262245,0.00018804062,0.39333302,0.18181819,1,57,68,0.8888889,0.0,-1.1747823,11.8941965,0.11111111
000534.SZ,13.855494,13.855494,0.00012827785,0.00018804062,0.38166636,0.3139785,1,19,162,0.7419355,0.0,-1.5947839,13.607318,0.2580645
000536.SZ,362.61035,362.61035,0.0024402505,0.00018804062,0.5324996,0.062369715,1,77,117,0.95530725,0.0,-1.4495038,-14.754977,0.044692736
000537.SZ,9.812011,9.812011,0.00010864616,0.00018804062,0.38083303,0.22528736,1,91,229,0.93333334,0.0,2.0890203,5.574819,0.06666667
000538.SZ,10.553371,10.553371,0.000105389394,0.00018804062,0.38416636,0.43218392,1,5,286,0.8,0.0,-0.72438335,19.781952,0.2
000539.SZ,16.645498,16.645498,0.0001633421,0.00018804062,0.38083303,0.13495277,1,69,305,0.7692308,0.0,1.5432332,-2.8356807,0.23076923
000541.SZ,20.746647,20.746647,0.00018470235,0.00018804062,0.39999968,0.1996997,1,22,208,0.3783784,0.0,-0.70375144,0.9872845,0.6216216
000543.SZ,14.8056965,14.8056965,0.0001479868,0.00018804062,0.38083303,0.20766129,1,24,84,0.9375,0.0,-0.050609365,4.260291,0.0625
000544.SZ,15.485233,15.485233,0.0001589461,0.00018804062,0.34999973,0.13563219,1,12,252,0.26666668,0.0,-1.4679399,1.818926,0.73333335
000545.SZ,26.181227,26.181227,0.0002006322,0.00018804062,0.39333302,0.31923077,1,77,117,0.6,0.0,-1.3299825,-24.087349,0.4
000546.SZ,13.501754,13.501754,0.0001309479,0.00018804062,0.39083302,0.28735632,1,80,208,0.93333334,0.0,-1.2564967,-11.744028,0.06666667
000547.SZ,23.789534,23.789534,0.00018504314,0.00018804062,0.40249968,0.31707317,1,77,117,0.4878049,0.0,-1.1063585,-23.354794,0.5121951
000548.SZ,16.308086,16.308086,0.00016717326,0.00018804062,0.35999972,0.27094474,1,51,81,0.5588235,0.0,-0.6960235,3.8802083,0.44117647
000550.SZ,10.142377,10.142377,0.00011151947,0.00018804062,0.36833304,0.22068965,1,74,159,0.8666667,0.0,-0.5975767,5.970571,0.13333334
000551.SZ,15.160826,15.160826,0.0001448485,0.00018804062,0.39083302,0.15151516,1,74,159,0.5588235,0.0,-0.7142558,9.280007,0.44117647
000552.SZ,18.414444,18.414444,0.00017663337,0.00018804062,0.3874997,0.22698413,1,89,72,0.5833333,0.0,-0.22715002,-2.1025846,0.41666666
000553.SZ,17.02329,17.02329,0.0001697443,0.00018804062,0.38333303,0.12912913,1,91,229,0.6216216,0.0,-0.8005594,-6.7066784,0.3783784
000554.SZ,13.668695,13.668695,0.00013798647,0.00018804062,0.3824997,0.23106061,1,80,208,0.7878788,0.0,-1.6239424,9.572446,0.21212122
000555.SZ,8.146322,8.146322,9.002892e-05,0.00018804062,0.3712497,0.10344828,1,95,151,0.96666664,0.0,-0.7063333,0.6961333,0.033333335
000557.SZ,13.4710865,13.4710865,0.00014161546,0.00018804062,0.3762497,0.12878788,1,32,38,0.8787879,0.0,-0.79780596,5.4704924,0.121212125
000558.SZ,14.272898,14.272898,0.00013906567,0.00018804062,0.37833303,0.3419355,1,15,191,0.3548387,0.0,-1.360784,-10.289716,0.6451613
000559.SZ,7.2856174,7.2856174,8.83442e-05,0.00018804062,0.36458305,0.20229885,1,77,117,0.93333334,0.0,-2.320517,11.494522,0.06666667
000560.SZ,11.893657,11.893657,0.00012213085,0.00018804062,0.38583302,0.19959678,1,33,251,0.625,0.0,-0.9632437,-17.861973,0.375
000561.SZ,11.01779,11.01779,0.000105695544,0.00018804062,0.39416635,0.36989248,1,77,117,0.87096775,0.0,-1.8942937,-26.441425,0.12903225
000563.SZ,15.825566,15.825566,0.00015446487,0.00018804062,0.3824997,0.3266129,1,91,229,0.40625,0.0,-1.3454094,2.991512,0.59375
000564.SZ,9.697601,9.697601,0.00010979141,0.00018804062,0.36333305,0.16781609,1,80,208,0.7,0.0,-0.14559664,-3.330062,0.3
000565.SZ,13.613937,13.613937,0.00011956253,0.00018804062,0.37166637,0.43655914,1,91,229,0.9032258,0.0,-1.1695,0.32877088,0.09677419
000566.SZ,152.71188,152.71188,0.00090859935,0.00018804062,0.42499965,0.2706422,1,89,72,0.9724771,0.0,-1.7094924,-24.209654,0.027522936
000567.SZ,13.796687,13.796687,0.00013268014,0.00018804062,0.38083303,0.38866398,1,91,229,0.84615386,0.0,-0.9252231,10.807031,0.15384616
000568.SZ,213.58226,213.58226,0.0016750533,0.00018804062,0.50999963,0.058479533,1,57,68,0.98054475,0.0,-0.9456348,10.948211,0.019455252
000570.SZ,8.533321,8.533321,9.5970056e-05,0.00018804062,0.37333304,0.15632184,1,69,305,0.8666667,0.0,-2.3734734,5.416229,0.13333334
000571.SZ,74.15769,74.15769,0.00045649454,0.00018804062,0.40249968,0.31911165,1,12,252,0.66101694,0.0,-0.7527169,-22.090021,0.33898306
000572.SZ,13.829418,13.829418,0.000117426025,0.00018804062,0.3924997,0.47586206,1,91,229,0.8666667,0.0,-0.92433333,-30.65046,0.13333334
000573.SZ,16.533867,16.533867,0.00015429627,0.00018804062,0.36583304,0.4229885,1,34,43,0.1,0.0,-0.47874668,1.9755353,0.9
000576.SZ,10.396469,10.396469,0.00010812976,0.00018804062,0.37583303,0.21609196,1,5,286,0.6333333,0.0,-1.4374766,8.216513,0.36666667
000581.SZ,7.293302,7.293302,8.8530134e-05,0.00018804062,0.3649997,0.27816093,1,5,286,0.8666667,0.0,-1.1420568,10.305376,0.13333334
000582.SZ,10.81047,10.81047,0.00011836297,0.00018804062,0.3479164,0.20229885,1,80,208,0.8666667,0.0,-0.6793033,3.053158,0.13333334
000586.SZ,13.875561,13.875561,0.00012271007,0.00018804062,0.3874997,0.26612905,1,74,159,0.90625,0.0,-0.9052594,-9.096054,0.09375
000589.SZ,14.797895,14.797895,0.00015304408,0.00018804062,0.35749972,0.16287878,1,89,72,0.7878788,0.0,-1.1270092,4.7047997,0.21212122
000590.SZ,21.608978,21.608978,0.0001776259,0.00018804062,0.408333,0.29384437,1,5,286,0.8333333,0.0,-1.4881737,-19.25327,0.16666667
000591.SZ,12.439548,12.439548,0.00012824562,0.00018804062,0.35708305,0.31724137,1,94,65,0.46666667,0.0,-0.23983675,2.1232936,0.53333336
000592.SZ,15.147579,15.147579,0.0001449109,0.00018804062,0.38666636,0.1655914,1,52,65,0.5483871,0.0,-0.8086258,-8.540125,0.4516129
000593.SZ,101.34328,101.34328,0.0006806291,0.00018804062,0.410833,0.20148546,1,53,16,0.8761062,0.0,-1.50633,2.0763087,0.123893805
000596.SZ,14.162914,14.162914,0.00012524702,0.00018804062,0.37916636,0.6666667,1,93,192,0.93333334,0.0,0.6652734,18.807148,0.06666667
000597.SZ,17.75351,17.75351,0.00017120386,0.00018804062,0.36333305,0.17471264,1,24,84,0.4,0.0,-1.5050467,5.610155,0.6
000598.SZ,8.902394,8.902394,0.00010115882,0.00018804062,0.38166636,0.3266129,1,91,229,0.9375,0.0,-0.10944063,14.248936,0.0625
000599.SZ,20.30219,20.30219,0.0001715425,0.00018804062,0.3899997,0.28405797,1,77,117,0.67391306,0.0,-1.3422215,-21.497715,0.32608697
000600.SZ,12.926227,12.926227,0.00013695363,0.00018804062,0.3624997,0.21969697,1,13,40,0.93939394,0.0,1.0926607,5.300746,0.060606062
000601.SZ,18.929716,18.929716,0.00016823066,0.00018804062,0.37083304,0.2914634,1,34,43,0.58536583,0.0,0.005443817,3.326365,0.41463414
000603.SZ,17.152197,17.152197,0.00016109868,0.00018804062,0.39416635,0.17211948,1,12,252,0.57894737,0.0,-0.6363368,12.601392,0.42105263
000605.SZ,7.1345205,7.1345205,8.740447e-05,0.00018804062,0.35791638,0.32873562,1,21,149,0.8333333,0.0,-0.9485934,2.27492,0.16666667
000607.SZ,13.108851,13.108851,0.00012257152,0.00018804062,0.3849997,0.41290322,1,53,16,0.61290324,0.0,-1.1514646,-25.20949,0.38709676
000610.SZ,31.373034,31.373034,0.00022231085,0.00018804062,0.39416635,0.2969697,1,77,117,0.5555556,0.0,-0.9284532,-22.019571,0.44444445
000612.SZ,13.698389,13.698389,0.00013313057,0.00018804062,0.38833302,0.2936508,1,24,84,0.9444444,0.0,-1.7679334,17.825323,0.055555556
000617.SZ,18.198946,18.198946,0.00017411758,0.00018804062,0.36916637,0.22617353,1,74,159,0.31578946,0.0,-0.9983447,3.8629713,0.68421054
000619.SZ,14.451205,14.451205,0.00014121777,0.00018804062,0.40166634,0.14634146,1,94,65,0.8292683,0.0,-1.5693121,-14.095605,0.17073171
000620.SZ,22.444838,22.444838,0.0001815352,0.00018804062,0.39416635,0.33681765,1,91,229,0.9047619,0.0,-0.81168336,-20.809288,0.0952381
000623.SZ,17.166426,17.166426,0.00015731707,0.00018804062,0.3924997,0.23366556,1,24,84,0.74418604,0.0,-0.9562674,10.672271,0.25581396
000625.SZ,12.945651,12.945651,0.00013295829,0.00018804062,0.37833303,0.13563219,1,91,229,0.56666666,0.0,-0.44131005,-0.38059542,0.43333334
000626.SZ,16.442856,16.442856,0.0001649902,0.00018804062,0.38416636,0.2184874,1,91,229,0.4857143,0.0,-2.1792946,-1.5955645,0.51428574
000628.SZ,14.261206,14.261206,0.00012854798,0.00018804062,0.38583302,0.23674242,1,32,38,0.8787879,0.0,-0.33889097,-13.797998,0.121212125
000629.SZ,8.50682,8.50682,9.017711e-05,0.00018804062,0.38333303,0.20645161,1,40,114,0.87096775,0.0,-2.0985227,-13.755761,0.12903225
000630.SZ,14.528319,14.528319,0.00014984063,0.00018804062,0.3554164,0.18371212,1,91,229,0.8787879,0.0,-2.007485,6.933902,0.121212125
000631.SZ,12.866308,12.866308,0.00013454814,0.00018804062,0.3649997,0.15396826,1,69,305,0.6944444,0.0,-0.33313054,-0.77509725,0.30555555
000632.SZ,25.075296,25.075296,0.00020580727,0.00018804062,0.39333302,0.31707317,1,11,17,0.6097561,0.0,-0.8648732,-14.312725,0.3902439
000633.SZ,17.454042,17.454042,0.00015643159,0.00018804062,0.405833,0.18181819,1,12,252,0.6666667,0.0,-0.79900444,-9.944323,0.33333334
000635.SZ,19.74448,19.74448,0.00016176312,0.00018804062,0.3924997,0.3768769,1,80,208,0.7837838,0.0,-1.5192596,-26.951351,0.21621622
000636.SZ,12.912161,12.912161,0.00013705413,0.00018804062,0.36291638,0.18145162,1,57,68,0.75,0.0,-2.0391688,5.141632,0.25
000637.SZ,18.032915,18.032915,0.0001511191,0.00018804062,0.3899997,0.34358975,1,1,211,0.95,0.0,-1.2994249,-27.13679,0.05
000639.SZ,15.466128,15.466128,0.00015819742,0.00018804062,0.36333305,0.14919356,1,74,159,0.71875,0.0,-0.8084063,2.0327663,0.28125
000650.SZ,16.64192,16.64192,0.00015906399,0.00018804062,0.3737497,0.28275862,1,74,159,0.13333334,0.0,-1.2442834,6.754207,0.8666667
000651.SZ,9.241905,9.241905,9.963861e-05,0.00018804062,0.3874997,0.3218391,1,91,229,0.6666667,0.0,-0.31924668,18.241566,0.33333334
000652.SZ,13.743829,13.743829,0.0001369563,0.00018804062,0.38333303,0.23481782,1,2,80,0.7948718,0.0,-0.7245999,-19.775654,0.20512821
000655.SZ,16.910002,16.910002,0.00016648277,0.00018804062,0.3649997,0.16781609,1,74,159,0.8333333,0.0,-0.44378334,2.6317444,0.16666667
000657.SZ,17.460585,17.460585,0.00016308347,0.00018804062,0.3774997,0.23346828,1,15,191,0.4871795,0.0,-1.8045641,10.679382,0.51282054
000659.SZ,37.42615,37.42615,0.0002625482,0.00018804062,0.398333,0.18316498,1,93,192,0.74545455,0.0,-1.7310182,-16.610641,0.25454545
000661.SZ,15.539351,15.539351,0.00014504191,0.00018804062,0.38083303,0.17211948,1,15,191,0.6315789,0.0,-1.3297342,-3.8857791,0.36842105
000663.SZ,8.40854,8.40854,8.849039e-05,0.00018804062,0.3812497,0.3494253,1,33,251,0.9,0.0,-1.83005,-21.934605,0.1
000665.SZ,14.505366,14.505366,0.00012177983,0.00018804062,0.39749968,0.44206774,1,27,217,0.7647059,0.0,-1.5352236,-29.62104,0.23529412
000670.SZ,39.230812,39.230812,0.00027302554,0.00018804062,0.39333302,0.20464441,1,12,252,0.5283019,0.0,-1.3504001,-18.17178,0.4716981
000672.SZ,14.105995,14.105995,0.00015063157,0.00018804062,0.34958306,0.19153225,1,19,162,0.40625,0.0,-1.4826845,1.3177159,0.59375
000676.SZ,15.242175,15.242175,0.00015417988,0.00018804062,0.37208304,0.2172043,1,51,81,0.41935483,0.0,-1.5136225,3.0731807,0.58064514
000677.SZ,18.117458,18.117458,0.00015775624,0.00018804062,0.38666636,0.28106853,1,74,159,0.54761904,0.0,0.14667141,2.885019,0.45238096
000678.SZ,18.248808,18.248808,0.00015996845,0.00018804062,0.40166634,0.27596018,1,91,229,0.31578946,0.0,-0.9200658,-20.202782,0.68421054
000679.SZ,38.60706,38.60706,0.00026378068,0.00018804062,0.39666635,0.2780127,1,74,159,0.90909094,0.0,-1.7499658,-23.45135,0.09090909
000680.SZ,11.663751,11.663751,0.000120091085,0.00018804062,0.38583302,0.3093093,1,20,96,0.8918919,0.0,-0.5651271,18.342497,0.10810811
000681.SZ,10.447287,10.447287,0.000115667935,0.00018804062,0.36583304,0.13563219,1,2,80,0.9,0.0,-0.8526667,0.3676306,0.1
000682.SZ,15.88739,15.88739,0.000163759,0.00018804062,0.3674997,0.21587302,1,100,10,0.75,0.0,-1.4870805,4.05208,0.25
000683.SZ,10.862985,10.862985,0.00011645054,0.00018804062,0.36916637,0.101149425,1,21,149,0.8666667,0.0,-0.95764,-0.47226277,0.13333334
000685.SZ,14.157005,14.157005,0.00014596061,0.00018804062,0.36041638,0.13068181,1,77,117,0.75757575,0.0,-0.7217363,1.3875453,0.24242425
000686.SZ,17.541931,17.541931,0.0001635826,0.00018804062,0.35999972,0.21401516,1,61,124,0.36363637,0.0,-1.4082121,3.6935153,0.6363636
000688.SZ,15.468003,15.468003,0.0001402939,0.00018804062,0.36541638,0.2761905,1,12,252,0.8333333,0.0,-2.0472612,11.940034,0.16666667
000690.SZ,17.000214,17.000214,0.00016211023,0.00018804062,0.3824997,0.21906117,1,74,159,0.7368421,0.0,-1.6189526,8.596532,0.2631579
000692.SZ,66.28031,66.28031,0.0005011879,0.00018804062,0.448333,0.136606,1,59,157,0.8581081,0.0,-0.99198246,-11.648222,0.1418919
000695.SZ,60.03914,60.03914,0.00039543718,0.00018804062,0.40833303,0.24694708,1,87,102,0.880597,0.0,-1.8786821,-22.982714,0.11940298
000700.SZ,13.54791,13.54791,0.00014037333,0.00018804062,0.38333303,0.21022727,1,5,286,0.7878788,0.0,-1.5614454,5.371386,0.21212122
000701.SZ,9.244352,9.244352,9.5657175e-05,0.00018804062,0.38416636,0.33333334,1,91,229,0.9354839,0.0,-0.78875154,-25.989609,0.06451613
000702.SZ,13.811344,13.811344,0.0001284253,0.00018804062,0.41249967,0.2617354,1,5,286,0.7105263,0.0,-1.654179,-19.928936,0.28947368
000703.SZ,7.5705414,7.5705414,9.00388e-05,0.00018804062,0.35833305,0.2413793,1,59,157,0.8666667,0.0,-0.2756167,-1.7100734,0.13333334
000705.SZ,17.189522,17.189522,0.00017099993,0.00018804062,0.35374972,0.21763869,1,19,162,0.94736844,0.0,-1.0285606,4.4511085,0.05263158
000707.SZ,10.888666,10.888666,0.00011818915,0.00018804062,0.39499968,0.14919356,1,15,191,0.65625,0.0,-0.49515626,-3.2944925,0.34375
000708.SZ,13.497055,13.497055,0.0001379273,0.00018804062,0.35708305,0.1816092,1,21,149,0.56666666,0.0,-1.0210668,1.6155535,0.43333334
000709.SZ,9.413216,9.413216,0.00010041402,0.00018804062,0.38333303,0.29435483,1,102,50,0.8125,0.0,-0.4314438,-14.703762,0.1875
000710.SZ,14.747279,14.747279,0.0001401565,0.00018804062,0.38583302,0.23529412,1,74,159,0.42857143,0.0,-1.2731172,-6.4105473,0.5714286
000712.SZ,14.651137,14.651137,0.00014134402,0.00018804062,0.36124972,0.1655914,1,77,117,0.38709676,0.0,-1.5605838,2.276174,0.61290324
000713.SZ,13.486809,13.486809,0.00012793174,0.00018804062,0.39749968,0.2688478,1,13,40,0.94736844,0.0,-1.2558159,-22.191833,0.05263158
000715.SZ,16.69349,16.69349,0.00015196165,0.00018804062,0.39083302,0.2240216,1,77,117,0.53846157,0.0,-0.67589736,2.437207,0.46153846
000716.SZ,19.749893,19.749893,0.00018380399,0.00018804062,0.3774997,0.17460318,1,77,117,0.5,0.0,-0.23381943,-0.5366328,0.5
000717.SZ,9.247359,9.247359,9.468879e-05,0.00018804062,0.3812497,0.36344087,1,74,159,0.87096775,0.0,-1.1428709,-29.64102,0.12903225
000718.SZ,18.05951,18.05951,0.00017771663,0.00018804062,0.36291638,0.16611296,1,15,191,0.41860464,0.0,-1.2780837,4.009314,0.5813953
000719.SZ,18.423763,18.423763,0.00017836894,0.00018804062,0.37833303,0.21923077,1,80,208,0.6,0.0,-1.0238575,8.103186,0.4
000720.SZ,11.703446,11.703446,0.0001152036,0.00018804062,0.40666634,0.2344086,1,36,1,1.0,0.0,-0.5807452,-11.0827,0.0
000721.SZ,31.285091,31.285091,0.00021976647,0.00018804062,0.38333303,0.3562753,1,43,94,0.5641026,0.0,-1.3394538,-25.63294,0.43589744
000722.SZ,16.581093,16.581093,0.00015353282,0.00018804062,0.38666636,0.25384617,1,87,102,0.8,0.0,-1.0139724,4.9890995,0.2
000723.SZ,15.722849,15.722849,0.00014279717,0.00018804062,0.39583302,0.26585695,1,90,27,0.71794873,0.0,-1.2325821,-20.82535,0.2820513
000725.SZ,14.665704,14.665704,0.00014875706,0.00018804062,0.37916636,0.15864527,1,15,191,0.61764705,0.0,-2.415638,3.0526142,0.38235295
000726.SZ,17.702784,17.702784,0.00017073545,0.00018804062,0.35083306,0.23885918,1,74,159,0.5588235,0.0,-1.3777353,3.6791353,0.44117647
000727.SZ,22.237917,22.237917,0.00018251022,0.00018804062,0.39166635,0.27676767,1,74,159,0.62222224,0.0,-1.52936,-21.692627,0.37777779
000728.SZ,15.373065,15.373065,0.00015090461,0.00018804062,0.35499972,0.13763441,1,7,111,0.48387095,0.0,-1.4411806,2.085094,0.516129
000729.SZ,14.482058,14.482058,0.00014368336,0.00018804062,0.3849997,0.28225806,1,21,149,0.8125,0.0,-0.8906187,13.72404,0.1875
000731.SZ,14.371555,14.371555,0.00014259852,0.00018804062,0.37749973,0.13563219,1,102,50,0.6333333,0.0,-1.46071,2.3447287,0.36666667
000733.SZ,9.83764,9.83764,0.000108611566,0.00018804062,0.3674997,0.2782258,1,15,191,0.9375,0.0,-2.5323532,-0.45603383,0.0625
000735.SZ,9.378239,9.378239,0.00010968147,0.00018804062,0.35208306,0.26236558,1,76,26,0.8064516,0.0,-1.6452516,1.1575807,0.19354838
000737.SZ,9.145205,9.145205,0.00010637287,0.00018804062,0.3641664,0.2344086,1,27,217,0.83870965,0.0,-2.9319062,11.294356,0.16129032
000738.SZ,12.513568,12.513568,0.00012992292,0.00018804062,0.3554164,0.2807808,1,74,159,0.7027027,0.0,-0.21519457,3.1601002,0.2972973
000739.SZ,15.155408,15.155408,0.00015094123,0.00018804062,0.3624997,0.13333334,1,91,229,0.4516129,0.0,-1.0808065,2.658641,0.5483871
000750.SZ,17.444952,17.444952,0.00017161097,0.00018804062,0.3491664,0.31428573,1,30,30,0.4,0.0,-0.66073143,3.5477514,0.6
000751.SZ,43.29114,43.29114,0.00036142668,0.00018804062,0.43166634,0.14378649,1,24,84,0.95454544,0.0,0.037479956,2.427219,0.045454547
000753.SZ,11.140894,11.140894,0.00012268867,0.00018804062,0.37666637,0.27816093,1,27,217,0.76666665,0.0,-0.93874663,-8.448586,0.23333333
000755.SZ,19.23692,19.23692,0.00018643352,0.00018804062,0.37666637,0.18583043,1,91,229,0.8095238,0.0,-0.6545929,6.1500483,0.1904762
000756.SZ,9.819858,9.819858,0.00010674015,0.00018804062,0.36333305,0.1827957,1,32,38,0.9032258,0.0,-1.2842162,4.1508064,0.09677419
000757.SZ,11.226666,11.226666,0.000121714,0.00018804062,0.35249972,0.089655176,1,87,102,0.73333335,0.0,-1.1350434,1.6521633,0.26666668
000758.SZ,8.377727,8.377727,9.91099e-05,0.00018804062,0.36833304,0.14712644,1,22,208,0.8,0.0,-2.3060899,7.6365805,0.2
000759.SZ,48.81301,48.81301,0.00035537538,0.00018804062,0.410833,0.23157895,1,102,50,0.75,0.0,-0.68964875,-17.58264,0.25
000761.SZ,34.48673,34.48673,0.00026874832,0.00018804062,0.398333,0.19368342,1,34,43,0.84931505,0.0,-1.0699672,-13.452608,0.15068494
000762.SZ,13.0940075,13.0940075,0.000122047284,0.00018804062,0.39499968,0.2825397,1,15,191,0.8055556,0.0,-2.5263083,-18.733404,0.19444445
000766.SZ,22.67158,22.67158,0.00017754587,0.00018804062,0.38583302,0.21718931,1,96,56,0.88095236,0.0,-1.1375523,-0.5456662,0.11904762
000767.SZ,17.24216,17.24216,0.00016877273,0.00018804062,0.38333303,0.16581632,1,43,94,0.79591835,0.0,1.5111735,1.3871806,0.20408164
000768.SZ,14.16916,14.16916,0.00014781805,0.00018804062,0.38666636,0.2857143,1,13,40,0.9722222,0.0,0.0036277804,2.2352421,0.027777778
000776.SZ,13.1469,13.1469,0.00013249603,0.00018804062,0.34249973,0.28817204,1,74,159,0.7096774,0.0,-0.05421937,7.5910234,0.29032257
000777.SZ,15.574848,15.574848,0.00015619727,0.00018804062,0.36833304,0.22093023,1,5,286,0.6818182,0.0,-1.2435501,2.1429522,0.3181818
000778.SZ,11.693893,11.693893,0.000121055185,0.00018804062,0.36333305,0.1632184,1,22,208,0.6,0.0,-1.40521,-1.7065979,0.4
000779.SZ,15.323091,15.323091,0.00015787892,0.00018804062,0.3624997,0.31152204,1,89,72,0.8947368,0.0,-0.6857632,2.635841,0.10526316
000782.SZ,18.588255,18.588255,0.00015997318,0.00018804062,0.40166637,0.25050506,1,12,252,0.64444447,0.0,-1.1321445,-20.730448,0.35555556
000783.SZ,17.751911,17.751911,0.00016768271,0.00018804062,0.35499972,0.24324325,1,102,50,0.47368422,0.0,-1.2165765,3.0763557,0.5263158
000785.SZ,20.094202,20.094202,0.00018556142,0.00018804062,0.3649997,0.23492064,1,74,159,0.25,0.0,-0.1777445,1.4847057,0.75
000786.SZ,13.678345,13.678345,0.00013490548,0.00018804062,0.398333,0.21040975,1,34,43,0.8372093,0.0,-1.3369651,11.85317,0.1627907
000788.SZ,9.600099,9.600099,0.00010213529,0.00018804062,0.40166634,0.096551724,1,71,1,1.0,0.0,-1.2532767,3.3174002,0.0
000789.SZ,10.736008,10.736008,0.00011691803,0.00018804062,0.38166636,0.291954,1,91,229,0.8,0.0,-1.0542434,-2.7180593,0.2
000790.SZ,92.831436,92.831436,0.00066062436,0.00018804062,0.4491663,0.1418239,1,12,252,0.80625,0.0,-1.391415,-10.886991,0.19375
000791.SZ,12.368554,12.368554,0.00012075014,0.00018804062,0.39333302,0.34581104,1,80,208,0.8235294,0.0,-0.25262058,19.151012,0.1764706
000792.SZ,22.817528,22.817528,0.00019493287,0.00018804062,0.38833302,0.27378437,1,74,159,0.59090906,0.0,-0.7610819,13.062518,0.4090909
000795.SZ,14.155175,14.155175,0.00015008338,0.00018804062,0.36541638,0.24420677,1,27,217,0.7647059,0.0,-2.639897,6.5768394,0.23529412
000796.SZ,9.291993,9.291993,9.17833e-05,0.00018804062,0.38166636,0.49655172,1,74,159,0.8333333,0.0,-1.9783232,-36.214478,0.16666667
000797.SZ,14.200166,14.200166,0.00013495698,0.00018804062,0.39749968,0.2448718,1,74,159,0.7,0.0,-0.791975,-20.614483,0.3
000798.SZ,10.25717,10.25717,0.00010584095,0.00018804062,0.36958304,0.34408602,1,12,252,0.67741936,0.0,-1.1391289,17.022472,0.32258064
000799.SZ,17.565163,17.565163,0.000163393,0.00018804062,0.36124972,0.2731183,1,77,117,0.32258064,0.0,-1.3018677,0.16827065,0.67741936
000800.SZ,15.272935,15.272935,0.0001582269,0.00018804062,0.37083304,0.25,1,89,72,0.875,0.0,-0.88229066,2.7891662,0.125
000801.SZ,19.78007,19.78007,0.0001813236,0.00018804062,0.35874972,0.40285206,1,102,50,0.11764706,0.0,-0.5232472,1.8172418,0.88235295
000802.SZ,379.95465,379.95465,0.0026759917,0.00018804062,0.55416626,0.046049554,1,14,83,0.975,0.0,-1.2780154,-10.410522,0.025
000803.SZ,9.430156,9.430156,0.00010683401,0.00018804062,0.36208305,0.21975806,1,74,159,0.96875,0.0,-0.11538121,2.2185564,0.03125
000807.SZ,25.054518,25.054518,0.00022705662,0.00018804062,0.408333,0.18842106,1,21,149,0.8947368,0.0,-1.4555131,13.07207,0.10526316
000809.SZ,16.364464,16.364464,0.0001505454,0.00018804062,0.3924997,0.2057971,1,59,157,0.76086956,0.0,-1.0129718,-10.95139,0.23913044
000810.SZ,11.3468075,11.3468075,0.000115283634,0.00018804062,0.3849997,0.27526882,1,102,50,0.7419355,0.0,-0.13399681,-12.737907,0.2580645
000811.SZ,12.058443,12.058443,0.00012916845,0.00018804062,0.37416637,0.2321839,1,2,80,0.6333333,0.0,-1.0543067,7.871591,0.36666667
000812.SZ,13.578231,13.578231,0.0001416117,0.00018804062,0.36041638,0.22521009,1,69,305,0.85714287,0.0,-1.0791199,2.8563542,0.14285715
000813.SZ,22.041676,22.041676,0.00018801553,0.00018804062,0.38166636,0.23404256,1,12,252,0.5208333,0.0,-1.3211917,-6.486338,0.47916666
000815.SZ,14.553922,14.553922,0.00013466417,0.00018804062,0.39583302,0.20056899,1,21,149,0.8684211,0.0,-1.5989369,1.7083634,0.13157895
000816.SZ,12.136951,12.136951,0.00013217062,0.00018804062,0.36333305,0.16042781,1,12,252,0.64705884,0.0,-1.9795,6.2903233,0.3529412
000818.SZ,21.48671,21.48671,0.00019519751,0.00018804062,0.36416638,0.24039829,1,77,117,0.2631579,0.0,-0.72661847,2.751021,0.7368421
000819.SZ,14.932867,14.932867,0.00014607489,0.00018804062,0.38583302,0.24193548,1,15,191,0.78125,0.0,-0.23081252,-4.4825616,0.21875
000822.SZ,28.289322,28.289322,0.0002118119,0.00018804062,0.3899997,0.3541963,1,30,30,0.84210527,0.0,-0.66378164,-26.519428,0.15789473
000823.SZ,14.966516,14.966516,0.00015304645,0.00018804062,0.36833304,0.2031746,1,17,17,0.75,0.0,-1.8872918,4.9862924,0.25
000825.SZ,15.5158825,15.5158825,0.00015759187,0.00018804062,0.36124972,0.17142858,1,101,3,0.94285715,0.0,-1.2373626,0.012131337,0.057142857
000826.SZ,57.47157,57.47157,0.0003709937,0.00018804062,0.40416634,0.3021858,1,91,229,0.8360656,0.0,-1.7348477,-20.81149,0.16393442
000828.SZ,16.233015,16.233015,0.0001550704,0.00018804062,0.3899997,0.2890071,1,27,217,0.8541667,0.0,-0.4963479,11.499272,0.14583333
000829.SZ,18.07254,18.07254,0.000161369,0.00018804062,0.400833,0.34412956,1,34,43,0.33333334,0.0,-1.2941924,-7.8991175,0.6666667
000830.SZ,7.4119563,7.4119563,9.216475e-05,0.00018804062,0.35791638,0.23225807,1,80,208,0.87096775,0.0,0.22673225,-0.11643219,0.12903225
000831.SZ,19.23237,19.23237,0.00016222967,0.00018804062,0.3774997,0.25128207,1,95,151,0.875,0.0,-1.3351825,3.9156575,0.125
000833.SZ,14.818046,14.818046,0.00014392563,0.00018804062,0.3899997,0.24738675,1,91,229,0.8095238,0.0,-1.5079451,12.4887495,0.1904762
000837.SZ,6.8525696,6.8525696,8.3752835e-05,0.00018804062,0.35749972,0.2091954,1,51,81,0.96666664,0.0,-1.7133101,2.2015607,0.033333335
000838.SZ,16.42613,16.42613,0.00014751393,0.00018804062,0.39499968,0.2414175,1,74,159,0.7906977,0.0,-0.9879606,-21.83552,0.20930232
000839.SZ,8.359736,8.359736,8.480221e-05,0.00018804062,0.38083303,0.36806723,1,91,229,0.85714287,0.0,-1.4890513,-28.129011,0.14285715
000848.SZ,12.2586775,12.2586775,0.00011755048,0.00018804062,0.37916636,0.49247313,1,52,65,0.9677419,0.0,-1.3195643,19.620903,0.032258064
000850.SZ,11.329659,11.329659,0.00012235073,0.00018804062,0.35833305,0.23991935,1,19,162,0.6875,0.0,-0.7101313,3.045597,0.3125
000852.SZ,15.641271,15.641271,0.00014217144,0.00018804062,0.3674997,0.20930232,1,20,96,0.6976744,0.0,-0.83195347,-0.38103214,0.30232558
000856.SZ,12.625775,12.625775,0.00013270073,0.00018804062,0.36916637,0.20769231,1,12,252,0.7,0.0,-2.4790726,3.7914665,0.3
000858.SZ,23.40253,23.40253,0.00020293258,0.00018804062,0.39083302,0.32929292,1,33,251,0.75555557,0.0,-0.8974955,14.146685,0.24444444
000859.SZ,11.090019,11.090019,0.000111520756,0.00018804062,0.39749968,0.33650795,1,19,162,0.9722222,0.0,-2.0092669,-23.842918,0.027777778
000860.SZ,8.033648,8.033648,8.995758e-05,0.00018804062,0.39666635,0.17931035,1,89,72,0.96666664,0.0,1.2801967,-0.6522512,0.033333335
000862.SZ,11.989732,11.989732,0.000117031246,0.00018804062,0.36916637,0.2983871,1,15,191,0.9375,0.0,1.8099407,2.158422,0.0625
000863.SZ,17.327831,17.327831,0.00017290852,0.00018804062,0.3649997,0.11517165,1,13,40,0.9302326,0.0,-0.05870229,1.6248882,0.069767445
000868.SZ,15.794076,15.794076,0.00013517986,0.00018804062,0.39749968,0.36302522,1,5,286,0.74285716,0.0,-0.9687972,-31.606142,0.25714287
000869.SZ,15.397808,15.397808,0.000149444,0.00018804062,0.3674997,0.17137097,1,15,191,0.4375,0.0,-1.6279907,1.1551063,0.5625
000875.SZ,14.487219,14.487219,0.00014497098,0.00018804062,0.3529164,0.18850575,1,93,192,0.56666666,0.0,0.8071667,2.1254132,0.43333334
000876.SZ,19.481337,19.481337,0.00018454506,0.00018804062,0.3516664,0.32085562,1,74,159,0.3529412,0.0,-1.0588088,3.5367763,0.64705884
000877.SZ,21.993011,21.993011,0.0001951958,0.00018804062,0.398333,0.25925925,1,51,81,0.54545456,0.0,-1.1399709,-13.730837,0.45454547
000878.SZ,15.770137,15.770137,0.00015985843,0.00018804062,0.36041638,0.18346775,1,21,149,0.8125,0.0,-2.0188313,7.3624864,0.1875
000880.SZ,16.36122,16.36122,0.00015048111,0.00018804062,0.39749968,0.15924427,1,59,157,0.84615386,0.0,-1.1519592,7.0946255,0.15384616
000881.SZ,14.456205,14.456205,0.00014165763,0.00018804062,0.38666636,0.1627907,1,15,191,0.627907,0.0,-0.60008836,-5.9314303,0.37209302
000882.SZ,12.936266,12.936266,0.00012246636,0.00018804062,0.38083303,0.24615385,1,74,159,0.85,0.0,-1.115,-14.032419,0.15
000883.SZ,13.575073,13.575073,0.00013992793,0.00018804062,0.36541638,0.15172414,1,74,159,0.9,0.0,0.8701266,0.6084406,0.1
000885.SZ,11.549988,11.549988,0.000121669356,0.00018804062,0.36166635,0.23674242,1,5,286,0.8181818,0.0,-0.019251527,3.1843543,0.18181819
000886.SZ,19.070423,19.070423,0.00016976471,0.00018804062,0.37666637,0.21631205,1,91,229,0.6875,0.0,-0.6015958,2.7349606,0.3125
000887.SZ,22.861067,22.861067,0.00021329512,0.00018804062,0.36583304,0.1108156,1,89,72,0.7708333,0.0,-1.5392,2.8832521,0.22916667
000888.SZ,13.615468,13.615468,0.00013490273,0.00018804062,0.38166636,0.40113798,1,27,217,0.7105263,0.0,-0.8484184,15.338931,0.28947368
000889.SZ,133.24571,133.24571,0.00093027076,0.00018804062,0.4741663,0.08035714,1,87,102,0.90625,0.0,-0.9319581,-4.5236173,0.09375
000890.SZ,249.90053,249.90053,0.001640417,0.00018804062,0.5108329,0.06740352,1,5,286,0.8818182,0.0,-1.0651382,-7.83947,0.11818182
000892.SZ,16.116049,16.116049,0.00014224487,0.00018804062,0.38083303,0.2347084,1,5,286,0.7894737,0.0,-1.230171,-16.524939,0.21052632
000893.SZ,19.045269,19.045269,0.00016663986,0.00018804062,0.39166635,0.35245144,1,34,43,0.4680851,0.0,-0.35971493,11.940535,0.5319149
000895.SZ,23.902807,23.902807,0.0002086176,0.00018804062,0.40249968,0.17987013,1,6,36,0.73214287,0.0,-1.1237072,13.054396,0.26785713
000897.SZ,14.564934,14.564934,0.00014696835,0.00018804062,0.36041638,0.13780488,1,34,43,0.68292683,0.0,-0.5835488,1.4720951,0.31707317
000898.SZ,16.039713,16.039713,0.00014005585,0.00018804062,0.398333,0.33001423,1,77,117,0.65789473,0.0,-0.7292131,-24.161308,0.34210527
000899.SZ,16.166054,16.166054,0.0001581908,0.00018804062,0.3874997,0.21219513,1,91,229,0.5121951,0.0,-0.26786587,4.6210093,0.4878049
000900.SZ,9.468201,9.468201,0.00011409253,0.00018804062,0.35624972,0.34879032,1,80,208,0.875,0.0,-0.46664685,5.9918685,0.125
000901.SZ,13.998455,13.998455,0.00013752955,0.00018804062,0.38166636,0.19838056,1,34,43,0.4871795,0.0,-1.2665923,6.04069,0.51282054
000902.SZ,13.755604,13.755604,0.00013276121,0.00018804062,0.38916636,0.18571429,1,77,117,0.6111111,0.0,-1.2663417,11.304276,0.3888889
000905.SZ,16.228397,16.228397,0.00016304338,0.00018804062,0.3516664,0.24033614,1,43,94,0.6,0.0,0.28728002,2.4998858,0.4
000906.SZ,16.992203,16.992203,0.00016863334,0.00018804062,0.3874997,0.15353535,1,87,102,0.9777778,0.0,-0.8447378,0.18330781,0.022222223
000910.SZ,19.276525,19.276525,0.0001847758,0.00018804062,0.3504164,0.1891892,1,74,159,0.3243243,0.0,-1.1413108,3.809054,0.6756757
000911.SZ,27.660782,27.660782,0.00020282279,0.00018804062,0.400833,0.27826086,1,5,286,0.6304348,0.0,-1.3790914,-21.525152,0.36956522
000912.SZ,9.305751,9.305751,9.4644565e-05,0.00018804062,0.39583302,0.30040324,1,95,151,1.0,0.0,-0.87231565,-0.4300189,0.0
000913.SZ,17.137735,17.137735,0.00015921517,0.00018804062,0.3999997,0.22929293,1,91,229,0.7111111,0.0,-1.2023488,15.104414,0.2888889
000915.SZ,169.05913,169.05913,0.0013379502,0.00018804062,0.4866663,0.069026336,1,77,117,0.9408867,0.0,-0.84994704,9.342809,0.0591133
000917.SZ,21.329153,21.329153,0.00020261541,0.00018804062,0.35333306,0.38825756,1,51,81,0.121212125,0.0,-1.3667425,3.3213062,0.8787879
000919.SZ,15.819425,15.819425,0.00015974346,0.00018804062,0.36333305,0.16733871,1,94,65,0.84375,0.0,-1.4782593,4.248469,0.15625
000920.SZ,14.216428,14.216428,0.00014654569,0.00018804062,0.37333304,0.15686275,1,80,208,0.5294118,0.0,-1.8713058,3.009597,0.47058824
000921.SZ,13.219997,13.219997,0.00013501557,0.00018804062,0.38333303,0.33868092,1,76,26,0.88235295,0.0,-0.29532647,19.249405,0.11764706
000922.SZ,13.402107,13.402107,0.00014211799,0.00018804062,0.36916637,0.33277312,1,52,65,0.7714286,0.0,-1.6603199,6.0602045,0.22857143
000923.SZ,11.469031,11.469031,0.000119959215,0.00018804062,0.37666637,0.3181818,1,87,102,0.8787879,0.0,-1.6823152,12.783862,0.121212125
000925.SZ,14.48198,14.48198,0.00013758763,0.00018804062,0.39749968,0.20966184,1,59,157,0.82608694,0.0,0.01859347,-5.0235076,0.17391305
000926.SZ,23.86847,23.86847,0.00018854665,0.00018804062,0.39166635,0.33809525,1,15,191,0.8333333,0.0,-1.667414,-25.216343,0.16666667
000927.SZ,17.987383,17.987383,0.00017883512,0.00018804062,0.3554164,0.23784356,1,43,94,0.72727275,0.0,0.24967952,1.6355611,0.27272728
000928.SZ,15.735935,15.735935,0.00015870456,0.00018804062,0.39083302,0.14022988,1,91,229,0.36666667,0.0,-0.9283866,1.0687207,0.6333333
000930.SZ,18.363054,18.363054,0.0001765781,0.00018804062,0.36666638,0.30252102,1,74,159,0.37142858,0.0,-0.24932289,1.596892,0.62857145
000931.SZ,18.18137,18.18137,0.00017064558,0.00018804062,0.37083304,0.16935484,1,77,117,0.3125,0.0,-1.4028561,4.8478146,0.6875
000932.SZ,12.41512,12.41512,0.00013213906,0.00018804062,0.35958305,0.19139785,1,91,229,0.7096774,0.0,-0.85079026,-1.3135066,0.29032257
000933.SZ,17.496546,17.496546,0.00017100468,0.00018804062,0.38916636,0.19390243,1,89,72,0.6585366,0.0,-1.296839,7.8862586,0.34146342
000935.SZ,13.386753,13.386753,0.0001366011,0.00018804062,0.36666638,0.24242425,1,15,191,0.5151515,0.0,-1.5456182,7.811614,0.4848485
000936.SZ,15.305909,15.305909,0.00015413323,0.00018804062,0.3749997,0.09848485,1,80,208,0.7878788,0.0,-0.5557817,3.152376,0.21212122
000937.SZ,12.517754,12.517754,0.00012961416,0.00018804062,0.3674997,0.20229885,1,77,117,0.6666667,0.0,0.6108833,-1.5222927,0.33333334
000938.SZ,19.526176,19.526176,0.00018054048,0.00018804062,0.3824997,0.21763869,1,94,65,0.42105263,0.0,-1.5857236,6.5624657,0.57894737
000948.SZ,13.510723,13.510723,0.00013607094,0.00018804062,0.35708305,0.103225805,1,57,68,0.7096774,0.0,-0.9598935,1.1557516,0.29032257
000949.SZ,9.836528,9.836528,0.00011198299,0.00018804062,0.36291638,0.18850575,1,12,252,0.6333333,0.0,-0.8052367,2.7268732,0.36666667
000950.SZ,15.015706,15.015706,0.0001577276,0.00018804062,0.35958302,0.17825311,1,33,251,0.7647059,0.0,-0.90938234,1.2142531,0.23529412
000951.SZ,14.2326975,14.2326975,0.00014387569,0.00018804062,0.3874997,0.24761905,1,2,80,0.44444445,0.0,-0.5425972,10.889512,0.5555556
000952.SZ,17.911749,17.911749,0.00015232534,0.00018804062,0.39666635,0.2775842,1,27,217,0.8333333,0.0,-1.6254904,-22.726166,0.16666667
000953.SZ,17.753016,17.753016,0.00015810756,0.00018804062,0.398333,0.1536232,1,15,191,0.65217394,0.0,-1.5164846,6.815816,0.3478261
000955.SZ,116.466644,116.466644,0.0008172402,0.00018804062,0.45166633,0.14029557,1,5,286,0.9085714,0.0,-1.1779698,0.8900217,0.09142857
000957.SZ,7.160083,7.160083,8.705609e-05,0.00018804062,0.3799997,0.2091954,1,12,252,0.9,0.0,-0.9657466,11.908157,0.1
000958.SZ,9.52657,9.52657,0.00011188217,0.00018804062,0.35208306,0.19310345,1,76,26,0.8,0.0,-0.85987335,4.4433537,0.2
000959.SZ,19.214764,19.214764,0.00018472754,0.00018804062,0.3466664,0.18412699,1,12,252,0.30555555,0.0,-1.4525084,0.05356966,0.6944444
000960.SZ,16.793566,16.793566,0.00016307613,0.00018804062,0.39333302,0.13333334,1,14,83,0.9444444,0.0,-1.7219777,6.010897,0.055555556
000962.SZ,13.858181,13.858181,0.00014042525,0.00018804062,0.38666636,0.17741935,1,19,162,0.5,0.0,-1.6129062,11.848467,0.5
000963.SZ,18.00576,18.00576,0.00016906543,0.00018804062,0.38583302,0.17142858,1,19,162,0.82857144,0.0,-1.2243112,10.819763,0.17142858
000965.SZ,15.684828,15.684828,0.00015662932,0.00018804062,0.3541664,0.15079366,1,74,159,0.44444445,0.0,-0.74128056,-0.3230471,0.5555556
000966.SZ,14.463134,14.463134,0.00015039525,0.00018804062,0.35999972,0.25882354,1,33,251,0.8857143,0.0,1.1370001,4.6323037,0.114285715
000967.SZ,11.535052,11.535052,0.00012450507,0.00018804062,0.3749997,0.19128788,1,91,229,0.6363636,0.0,-1.0913181,1.4323189,0.36363637
000968.SZ,5.5640054,5.5640054,7.0184156e-05,0.00018804062,0.3874997,0.4413793,1,57,68,0.96666664,0.0,1.69589,10.86858,0.033333335
000969.SZ,17.663517,17.663517,0.00017113052,0.00018804062,0.37416637,0.2145749,1,74,159,0.74358976,0.0,-1.0575051,5.5364327,0.25641027
000970.SZ,16.536629,16.536629,0.00016760701,0.00018804062,0.35333306,0.13650794,1,15,191,0.5833333,0.0,-2.2091167,4.259864,0.41666666
000973.SZ,15.541138,15.541138,0.00013628267,0.00018804062,0.39416635,0.2535991,1,43,94,0.8604651,0.0,-0.98879766,-0.10876704,0.13953489
000975.SZ,12.355547,12.355547,0.0001230712,0.00018804062,0.3824997,0.3951613,1,12,252,0.78125,0.0,-1.2160281,17.19934,0.21875
000977.SZ,18.301846,18.301846,0.00017739192,0.00018804062,0.37666637,0.18282828,1,5,286,0.8888889,0.0,-1.3843067,2.1972332,0.11111111
000978.SZ,12.19771,12.19771,0.000119719145,0.00018804062,0.37416637,0.23484848,1,32,38,0.75757575,0.0,-0.08509693,1.8896241,0.24242425
000980.SZ,197.99103,197.99103,0.0012060389,0.00018804062,0.45166633,0.16440065,1,74,159,0.9142857,0.0,-1.5193079,-18.510439,0.08571429
000981.SZ,28.653084,28.653084,0.00024164158,0.00018804062,0.40499967,0.16969697,1,87,102,0.6818182,0.0,-1.7004015,12.248179,0.3181818
000983.SZ,16.248144,16.248144,0.00015895038,0.00018804062,0.36666638,0.40689656,1,32,38,0.36666667,0.0,0.6255133,2.8220332,0.6333333
000985.SZ,9.836107,9.836107,0.00010998477,0.00018804062,0.35999972,0.2344086,1,33,251,0.83870965,0.0,0.11149678,0.68628067,0.16129032
000987.SZ,21.368324,21.368324,0.00020550002,0.00018804062,0.36916637,0.17907801,1,33,251,0.7916667,0.0,-0.7577687,6.324801,0.20833333
000988.SZ,15.730479,15.730479,0.00014809407,0.00018804062,0.3899997,0.20647773,1,87,102,0.5897436,0.0,-2.3873384,13.980024,0.41025642
000989.SZ,14.938051,14.938051,0.00014538282,0.00018804062,0.38416636,0.2691622,1,90,27,0.5588235,0.0,-0.84031177,8.643969,0.44117647
000990.SZ,14.1901865,14.1901865,0.00014052526,0.00018804062,0.3824997,0.17780939,1,5,286,0.81578946,0.0,-0.6935499,0.99212897,0.18421052
000993.SZ,10.837814,10.837814,0.00011521375,0.00018804062,0.36333305,0.15402299,1,43,94,0.8333333,0.0,1.3625335,7.94114,0.16666667
000995.SZ,21.159985,21.159985,0.00016515455,0.00018804062,0.39666635,0.24039829,1,15,191,0.68421054,0.0,-1.0224762,-20.429304,0.31578946
000997.SZ,14.639313,14.639313,0.00014230605,0.00018804062,0.3924997,0.1915836,1,87,102,0.8372093,0.0,-1.2856766,12.1104,0.1627907
000998.SZ,9.389526,9.389526,0.00011009925,0.00018804062,0.37666637,0.2137931,1,1,211,0.96666664,0.0,1.02265,0.10104739,0.033333335
000999.SZ,16.710796,16.710796,0.00015051547,0.00018804062,0.39333302,0.29615384,1,77,117,0.725,0.0,-0.80596,14.471921,0.275
001201.SZ,18.825731,18.825731,0.00018027103,0.00018804062,0.35249972,0.3,1,74,159,0.3888889,0.0,-1.124939,2.0373807,0.6111111
001202.SZ,12.171232,12.171232,0.00012538256,0.00018804062,0.3699997,0.22782259,1,74,159,0.71875,0.0,-0.9348032,4.3873587,0.28125
001203.SZ,12.164322,12.164322,0.00011921077,0.00018804062,0.38166636,0.21969697,1,74,159,0.8484849,0.0,-0.89661217,12.830887,0.15151516
001205.SZ,16.821964,16.821964,0.0001681048,0.00018804062,0.3574997,0.14285715,1,12,252,0.51428574,0.0,-1.2847115,3.9899633,0.4857143
001206.SZ,15.210281,15.210281,0.00015243265,0.00018804062,0.3874997,0.14789917,1,91,229,0.71428573,0.0,-1.5278286,8.571917,0.2857143
001207.SZ,12.775943,12.775943,0.0001309348,0.00018804062,0.36041638,0.21169356,1,77,117,0.5625,0.0,-0.9589687,5.2214785,0.4375
001208.SZ,20.50151,20.50151,0.00019685626,0.00018804062,0.37458304,0.20708749,1,51,81,0.37209302,0.0,-1.1646303,4.2318034,0.627907
001209.SZ,12.078316,12.078316,0.00012845294,0.00018804062,0.34874973,0.21771772,1,32,38,0.7837838,0.0,-1.0211837,2.926896,0.21621622
001210.SZ,19.701145,19.701145,0.00018460205,0.00018804062,0.36208305,0.0855615,1,69,305,0.7352941,0.0,-1.3812058,2.6090584,0.2647059
001211.SZ,18.096176,18.096176,0.00017834989,0.00018804062,0.35499972,0.17142858,1,18,1,1.0,0.0,-1.2539372,5.4777412,0.0
001212.SZ,17.147621,17.147621,0.00016886872,0.00018804062,0.36166638,0.21269841,1,7,111,0.4722222,0.0,-1.6956695,3.0465972,0.5277778
001213.SZ,15.899583,15.899583,0.00016177668,0.00018804062,0.3649997,0.16287878,1,6,36,0.6060606,0.0,-1.4327576,5.035762,0.3939394
001215.SZ,15.328027,15.328027,0.00015465803,0.00018804062,0.35624972,0.29892474,1,74,159,0.48387095,0.0,-1.0126485,3.267742,0.516129
001216.SZ,14.179733,14.179733,0.00014022541,0.00018804062,0.39416635,0.25641027,1,33,251,0.82051283,0.0,-0.8028436,13.682227,0.17948718
001217.SZ,16.051788,16.051788,0.00016342425,0.00018804062,0.35874972,0.25525525,1,91,229,0.5405405,0.0,-0.06102977,1.5350648,0.45945945
001218.SZ,12.46975,12.46975,0.00013487782,0.00018804062,0.3674997,0.13068181,1,80,208,0.6363636,0.0,-0.1587182,4.90167,0.36363637
001219.SZ,12.840185,12.840185,0.00012531166,0.00018804062,0.38999972,0.4688057,1,1,211,0.9705882,0.0,-0.3674147,18.343485,0.029411765
001220.SZ,22.34775,22.34775,0.00019583805,0.00018804062,0.40249968,0.21803921,1,32,38,0.60784316,0.0,-1.1771039,11.827976,0.39215687
001221.SZ,20.598793,20.598793,0.00017813193,0.00018804062,0.39583302,0.18164252,1,15,191,0.76086956,0.0,-0.97491306,14.330816,0.23913044
001222.SZ,12.608464,12.608464,0.00012868224,0.00018804062,0.38166636,0.2388664,1,91,229,0.7692308,0.0,-0.7457308,14.071465,0.23076923
001223.SZ,19.192774,19.192774,0.00018238359,0.00018804062,0.3724997,0.07308378,1,96,56,0.9411765,0.0,-1.721694,3.7697117,0.05882353
001225.SZ,20.474632,20.474632,0.0002019724,0.00018804062,0.3554164,0.15614618,1,12,252,0.37209302,0.0,-1.2661,2.9103744,0.627907
001226.SZ,10.70652,10.70652,0.00011736869,0.00018804062,0.3541664,0.17471264,1,15,191,0.76666665,0.0,-2.11699,7.5887303,0.23333333
001227.SZ,9.941517,9.941517,0.00010295731,0.00018804062,0.35124972,0.6781609,1,77,117,0.9,0.0,1.47946,8.156463,0.1
001228.SZ,12.764119,12.764119,0.00012797132,0.00018804062,0.37166637,0.292437,1,34,43,0.4,0.0,-1.2437657,3.996229,0.6
001229.SZ,14.417587,14.417587,0.00013882133,0.00018804062,0.38916636,0.22820513,1,59,157,0.85,0.0,-1.029165,8.60055,0.15
001230.SZ,15.004483,15.004483,0.0001534896,0.00018804062,0.37583303,0.14081997,1,43,94,0.7647059,0.0,-0.23469995,2.484527,0.23529412
001231.SZ,10.33133,10.33133,0.000116771014,0.00018804062,0.35624972,0.3083779,1,12,252,0.8235294,0.0,-0.8417706,2.343136,0.1764706
001233.SZ,33.917435,33.917435,0.0002808293,0.00018804062,0.410833,0.1811424,1,15,191,0.875,0.0,-1.0041902,14.99762,0.125
001234.SZ,13.761924,13.761924,0.00013750498,0.00018804062,0.37166637,0.1780303,1,30,30,0.6969697,0.0,-1.9391667,6.420535,0.3030303
001236.SZ,81.225044,81.225044,0.0005736908,0.00018804062,0.40999967,0.15682685,1,26,39,0.87826085,0.0,-0.7693113,1.8880442,0.12173913
001238.SZ,9.772587,9.772587,0.000109485,0.00018804062,0.3662497,0.2731183,1,76,26,0.83870965,0.0,-1.3218935,3.5688934,0.16129032
001239.SZ,11.728969,11.728969,0.00012752543,0.00018804062,0.35583305,0.1632184,1,20,96,0.6,0.0,-1.4785933,5.2661395,0.4
001255.SZ,15.230756,15.230756,0.00013742482,0.00018804062,0.37916636,0.18484849,1,91,229,0.7777778,0.0,-1.5411866,0.2471544,0.22222222
001256.SZ,18.85802,18.85802,0.00018023804,0.00018804062,0.38416636,0.3493761,1,51,81,0.23529412,0.0,-1.8494471,4.738305,0.7647059
001257.SZ,88.90793,88.90793,0.00069735665,0.00018804062,0.45249966,0.1222148,1,94,65,0.94505495,0.0,-0.66799825,9.092202,0.054945055
001258.SZ,15.815724,15.815724,0.00015734778,0.00018804062,0.3404164,0.23655914,1,74,159,0.29032257,0.0,1.2394999,5.569218,0.7096774
001259.SZ,22.25456,22.25456,0.00018478725,0.00018804062,0.38833302,0.25411764,1,77,117,0.54901963,0.0,-0.8580862,2.1624157,0.4509804
001260.SZ,12.6880865,12.6880865,0.00013469758,0.00018804062,0.3687497,0.22539683,1,21,149,0.8611111,0.0,-1.7887331,6.553478,0.1388889
001266.SZ,10.96199,10.96199,0.00011813236,0.00018804062,0.35708305,0.28787878,1,26,39,0.75757575,0.0,-1.5008606,0.49575448,0.24242425
001267.SZ,23.835976,23.835976,0.00018929329,0.00018804062,0.39666635,0.26045883,1,26,39,0.5897436,0.0,0.045525625,2.5084846,0.41025642
001268.SZ,19.771593,19.771593,0.00018867828,0.00018804062,0.3699997,0.17923187,1,74,159,0.57894737,0.0,-0.92674214,4.528163,0.42105263
001269.SZ,18.841986,18.841986,0.00016296533,0.00018804062,0.39749968,0.27990708,1,21,149,0.9047619,0.0,-1.3021952,-20.977316,0.0952381
001277.SZ,20.100286,20.100286,0.00018647873,0.00018804062,0.37333304,0.14545454,1,77,117,0.51111114,0.0,-1.02902,5.11911,0.4888889
001278.SZ,19.075314,19.075314,0.000173651,0.00018804062,0.40416634,0.19903381,1,94,65,0.54347825,0.0,-1.3690131,-12.305267,0.45652175
001279.SZ,6.608259,6.608259,8.558021e-05,0.00018804062,0.3529164,0.17634408,1,76,26,0.9354839,0.0,-0.9360581,1.1414968,0.06451613
001280.SZ,14.988272,14.988272,0.00014129824,0.00018804062,0.37916636,0.26180837,1,76,26,0.9230769,0.0,-2.725513,15.763609,0.07692308
001282.SZ,25.243021,25.243021,0.00022755259,0.00018804062,0.400833,0.15171026,1,102,50,0.6760563,0.0,-0.793676,7.923945,0.32394367
001283.SZ,12.107837,12.107837,0.00012195408,0.00018804062,0.39999968,0.13825758,1,5,286,0.6363636,0.0,-1.7623364,5.220192,0.36363637
001285.SZ,21.28299,21.28299,0.00020579668,0.00018804062,0.40416634,0.15312682,1,91,229,0.86440676,0.0,-1.6703798,7.232542,0.13559322
001286.SZ,15.206762,15.206762,0.000158523,0.00018804062,0.36083305,0.2358871,1,91,229,0.6875,0.0,-0.12088442,7.1682467,0.3125
001287.SZ,12.18616,12.18616,0.00012780889,0.00018804062,0.34999973,0.2215909,1,26,39,0.6969697,0.0,-0.5197,5.9476395,0.3030303
001288.SZ,14.87696,14.87696,0.00015097817,0.00018804062,0.37416637,0.24947146,1,100,10,0.84090906,0.0,-0.65512276,3.5402222,0.1590909
001289.SZ,11.585221,11.585221,0.00012647502,0.00018804062,0.35083306,0.16551724,1,5,286,0.8666667,0.0,1.1575967,3.9566967,0.13333334
001296.SZ,15.134264,15.134264,0.00015105412,0.00018804062,0.3774997,0.17540322,1,21,149,0.6875,0.0,-2.2153783,2.2818286,0.3125
001298.SZ,11.779954,11.779954,0.0001240125,0.00018804062,0.36666638,0.19507575,1,52,65,0.8484849,0.0,-2.0926516,5.086416,0.15151516
001299.SZ,17.813,17.813,0.00016706501,0.00018804062,0.38583302,0.12012012,1,77,117,0.7837838,0.0,-1.1138701,6.7224865,0.21621622
001300.SZ,9.099868,9.099868,0.00010411824,0.00018804062,0.3849997,0.25201613,1,69,305,0.96875,0.0,-1.1565282,-5.7086153,0.03125
001301.SZ,9.876775,9.876775,0.00010349484,0.00018804062,0.400833,0.24920635,1,91,229,0.9166667,0.0,-1.8017335,15.7982435,0.083333336
001306.SZ,15.213645,15.213645,0.00015479042,0.00018804062,0.38166636,0.28106853,1,0,1,1.0,0.0,-1.2517309,-3.0814273,0.0
001308.SZ,15.694077,15.694077,0.0001537207,0.00018804062,0.3624997,0.18548387,1,90,27,0.65625,0.0,-0.7569844,-1.3128897,0.34375
001309.SZ,94.39403,94.39403,0.00068468595,0.00018804062,0.44249964,0.14803922,1,57,68,0.9411765,0.0,-2.022672,12.369151,0.05882353
001311.SZ,11.262484,11.262484,0.000121515644,0.00018804062,0.37333304,0.18548387,1,74,159,0.65625,0.0,-1.7493968,6.802511,0.34375
001312.SZ,77.29054,77.29054,0.0006163774,0.00018804062,0.448333,0.12639007,1,40,114,0.86904764,0.0,-0.46303454,9.540651,0.13095239
001313.SZ,24.335285,24.335285,0.0001933132,0.00018804062,0.3749997,0.27482268,1,34,43,0.5208333,0.0,-1.2112793,2.148597,0.47916666
001314.SZ,17.761824,17.761824,0.00016448284,0.00018804062,0.3899997,0.18743962,1,22,208,0.95652175,0.0,-2.1459413,-0.6379696,0.04347826
001316.SZ,13.895133,13.895133,0.00013275859,0.00018804062,0.3899997,0.32063493,1,102,50,0.9166667,0.0,-0.4996472,15.567452,0.083333336
001317.SZ,15.469727,15.469727,0.0001581589,0.00018804062,0.38583302,0.15151516,1,12,252,0.3939394,0.0,-0.76733935,-3.408695,0.6060606
001318.SZ,14.617002,14.617002,0.00014189564,0.00018804062,0.38916636,0.1536273,1,69,305,0.7105263,0.0,-1.728908,6.2299876,0.28947368
001319.SZ,13.706913,13.706913,0.00014364591,0.00018804062,0.37083304,0.17943548,1,91,229,0.6875,0.0,-1.404903,5.2327895,0.3125
001322.SZ,10.175063,10.175063,0.00011497538,0.00018804062,0.37166637,0.12903225,1,80,208,0.90625,0.0,-1.4437655,1.3336225,0.09375
001323.SZ,19.559834,19.559834,0.00018065394,0.00018804062,0.38166636,0.15897436,1,69,305,0.4,0.0,-1.4771925,6.8920836,0.6
001324.SZ,15.786892,15.786892,0.00015256542,0.00018804062,0.3566664,0.22177419,1,22,208,0.375,0.0,-0.8338156,3.0801551,0.625
001325.SZ,31.139194,31.139194,0.00026528173,0.00018804062,0.398333,0.20807727,1,94,65,0.88235295,0.0,-0.06790452,7.4558344,0.11764706
001326.SZ,14.486922,14.486922,0.00015102529,0.00018804062,0.35874972,0.22988506,1,56,1,1.0,0.0,-0.9724167,3.31986,0.0
001328.SZ,14.657746,14.657746,0.00013775367,0.00018804062,0.38916636,0.3328592,1,15,191,0.7894737,0.0,-0.8929132,15.784379,0.21052632
001330.SZ,63.02024,63.02024,0.00045934645,0.00018804062,0.44249967,0.16872974,1,20,96,0.96581197,0.0,-1.3246815,-11.362262,0.034188036
001331.SZ,118.80641,118.80641,0.0008296108,0.00018804062,0.45749965,0.14053673,1,15,191,0.94350284,0.0,-1.1886604,1.1994288,0.056497175
001332.SZ,11.907862,11.907862,0.00012384499,0.00018804062,0.39083302,0.14957984,1,12,252,0.82857144,0.0,-1.5646942,7.72585,0.17142858
001333.SZ,15.378435,15.378435,0.00015261337,0.00018804062,0.3566664,0.15151516,1,12,252,0.44117647,0.0,-1.7893852,0.65510124,0.5588235
001335.SZ,15.333173,15.333173,0.00015760785,0.00018804062,0.36833304,0.13903743,1,80,208,0.7352941,0.0,-1.3384119,4.109632,0.2647059
001336.SZ,13.144078,13.144078,0.0001358284,0.00018804062,0.39499968,0.20766129,1,91,229,0.625,0.0,-1.1451938,-2.71423,0.375
001337.SZ,175.46538,175.46538,0.0013253778,0.00018804062,0.4999996,0.09506928,1,34,43,0.9573864,0.0,-1.334342,17.457294,0.042613637
001338.SZ,16.25374,16.25374,0.00016472503,0.00018804062,0.36124972,0.17936508,1,12,252,0.41666666,0.0,-0.8564444,2.1963608,0.5833333
001339.SZ,13.37609,13.37609,0.00013643356,0.00018804062,0.37666637,0.171123,1,30,30,0.7941176,0.0,-1.8311588,9.787138,0.20588236
001356.SZ,21.27591,21.27591,0.00019513871,0.00018804062,0.35333306,0.1579832,1,24,84,0.9714286,0.0,-0.16587424,2.458083,0.028571429
001358.SZ,11.447389,11.447389,0.00012836639,0.00018804062,0.36041638,0.24561404,1,91,229,0.8717949,0.0,-0.49122313,5.559641,0.12820514
001359.SZ,16.363811,16.363811,0.00015252356,0.00018804062,0.3874997,0.23902439,1,102,50,0.63414633,0.0,-1.2499635,11.351078,0.36585367
001360.SZ,9.553852,9.553852,0.00010760763,0.00018804062,0.36541638,0.29946524,1,15,191,0.85294116,0.0,-1.2527913,3.5573058,0.14705883
001366.SZ,11.917051,11.917051,0.00012429043,0.00018804062,0.40416634,0.22580644,1,94,65,0.87096775,0.0,-1.7774452,-9.410836,0.12903225
001367.SZ,20.522135,20.522135,0.0001824081,0.00018804062,0.39999968,0.20629047,1,77,117,0.65957445,0.0,-1.3811063,8.60101,0.34042552
001368.SZ,6.5494676,6.5494676,8.262406e-05,0.00018804062,0.38083303,0.4,1,5,286,0.9,0.0,-1.0891335,9.435388,0.1
001369.SZ,13.642793,13.642793,0.00013679625,0.00018804062,0.3912497,0.1997301,1,33,251,0.6666667,0.0,-1.8433127,11.964686,0.33333334
001373.SZ,8.575055,8.575055,8.931052e-05,0.00018804062,0.38666636,0.2159091,1,77,117,0.8484849,0.0,-2.261639,-13.052993,0.15151516
001376.SZ,13.769199,13.769199,0.00013617973,0.00018804062,0.38916636,0.26190478,1,20,96,0.75,0.0,-1.274889,13.422823,0.25
001378.SZ,9.820656,9.820656,0.000110389155,0.00018804062,0.36291638,0.21075268,1,80,208,0.7419355,0.0,-2.6275456,2.034945,0.2580645
001379.SZ,13.003034,13.003034,0.00013857047,0.00018804062,0.35458305,0.21780303,1,80,208,0.8787879,0.0,-0.92605454,5.2074757,0.121212125
001380.SZ,18.127117,18.127117,0.00016948559,0.00018804062,0.40416634,0.23346938,1,21,149,0.82,0.0,-1.4262999,13.735809,0.18
001382.SZ,12.800415,12.800415,0.00013291565,0.00018804062,0.39333305,0.13903743,1,1,211,0.88235295,0.0,-2.2818851,6.966136,0.11764706
001386.SZ,12.979001,12.979001,0.0001321415,0.00018804062,0.39333302,0.18634424,1,27,217,0.84210527,0.0,-1.2009001,11.47813,0.15789473
001387.SZ,19.859093,19.859093,0.00018307829,0.00018804062,0.35958305,0.35416666,1,102,50,0.21212122,0.0,-0.32340917,0.26273754,0.7878788
001388.SZ,16.3443,16.3443,0.00016012436,0.00018804062,0.37083304,0.16399287,1,69,305,0.7058824,0.0,-0.53558826,5.142085,0.29411766
001389.SZ,29.403175,29.403175,0.00024647778,0.00018804062,0.38916636,0.22020201,1,74,159,0.8363636,0.0,-1.8082637,15.849418,0.16363636
001390.SZ,11.761364,11.761364,0.00011677531,0.00018804062,0.398333,0.3030303,1,27,217,0.9117647,0.0,-1.6489382,17.20372,0.0882353
001391.SZ,14.2297535,14.2297535,0.00014229747,0.00018804062,0.3874997,0.15365854,1,80,208,0.8780488,0.0,-1.6564562,12.634874,0.12195122
001395.SZ,16.035492,16.035492,0.00015144923,0.00018804062,0.39166635,0.2915215,1,94,65,0.8095238,0.0,-1.0587308,15.510639,0.1904762
001396.SZ,21.592598,21.592598,0.00019010119,0.00018804062,0.3899997,0.22534014,1,77,117,0.6938776,0.0,-1.6198081,12.578052,0.30612245
001400.SZ,22.060198,22.060198,0.00019104399,0.00018804062,0.38166636,0.20295984,1,74,159,0.65909094,0.0,-1.7060933,11.911648,0.3409091
001696.SZ,12.3259735,12.3259735,0.00012652487,0.00018804062,0.3749997,0.2347084,1,95,151,0.94736844,0.0,-1.3729683,6.751789,0.05263158
001872.SZ,15.578766,15.578766,0.00015311847,0.00018804062,0.37666637,0.21322536,1,57,68,0.7948718,0.0,-0.53925383,9.830309,0.20512821
001896.SZ,17.322567,17.322567,0.00015908275,0.00018804062,0.39166635,0.14512195,1,91,229,0.9268293,0.0,-0.15410493,3.2344368,0.07317073
001914.SZ,19.207722,19.207722,0.00017778427,0.00018804062,0.36416638,0.4092742,1,32,38,0.28125,0.0,-0.35587814,4.2016435,0.71875
001965.SZ,10.29896,10.29896,0.00011728547,0.00018804062,0.3849997,0.35416666,1,32,38,0.969697,0.0,-0.2585,9.115777,0.030303031
001979.SZ,16.303995,16.303995,0.00015696847,0.00018804062,0.37083304,0.11931818,1,57,68,0.6969697,0.0,-2.1032603,-4.5165176,0.3030303
002001.SZ,25.286478,25.286478,0.00021841706,0.00018804062,0.38666636,0.21988389,1,74,159,0.754717,0.0,-1.0796396,12.125611,0.24528302
002003.SZ,15.014796,15.014796,0.00013793375,0.00018804062,0.39083302,0.33033034,1,27,217,0.7567568,0.0,-1.1898863,14.732419,0.24324325
002004.SZ,14.054197,14.054197,0.00013651249,0.00018804062,0.38583302,0.14444445,1,57,68,0.8333333,0.0,-2.0053697,0.5699911,0.16666667
002006.SZ,14.797324,14.797324,0.000151165,0.00018804062,0.37083304,0.12655972,1,12,252,0.61764705,0.0,-1.924291,3.8809752,0.38235295
002007.SZ,10.843455,10.843455,0.000107237276,0.00018804062,0.3774997,0.42365593,1,13,40,0.87096775,0.0,-1.0490547,16.399755,0.12903225
002008.SZ,18.978153,18.978153,0.00018197704,0.00018804062,0.36708304,0.10887097,1,52,65,0.8125,0.0,-1.67045,4.6035905,0.1875
002009.SZ,13.13536,13.13536,0.00012968088,0.00018804062,0.39499968,0.14712644,1,34,43,0.6,0.0,-0.8336166,2.3390236,0.4
002010.SZ,11.3000965,11.3000965,0.00012138602,0.00018804062,0.35333306,0.15714286,1,91,229,0.7222222,0.0,-1.7002362,2.5886445,0.2777778
002011.SZ,18.507683,18.507683,0.00017681243,0.00018804062,0.38291636,0.16031747,1,6,36,0.6944444,0.0,-1.4370084,6.102373,0.30555555
002012.SZ,10.542216,10.542216,0.00011589966,0.00018804062,0.37083304,0.18390805,1,13,40,0.9,0.0,-0.76884323,1.2199434,0.1
002014.SZ,14.066832,14.066832,0.00014489132,0.00018804062,0.39416635,0.15630253,1,87,102,0.7714286,0.0,-1.5402488,9.271032,0.22857143
002015.SZ,16.875685,16.875685,0.00016281096,0.00018804062,0.3724997,0.24561404,1,91,229,0.51282054,0.0,-0.40435126,6.3426394,0.4871795
002016.SZ,12.21052,12.21052,0.00012743867,0.00018804062,0.36666638,0.12873563,1,15,191,0.6333333,0.0,-0.9925133,-2.2374632,0.36666667
002017.SZ,12.10302,12.10302,0.00012701587,0.00018804062,0.3749997,0.103225805,1,5,286,0.7419355,0.0,-0.96737415,4.290073,0.2580645
002019.SZ,14.702464,14.702464,0.00014938311,0.00018804062,0.3799997,0.14022988,1,91,229,0.4,0.0,-1.0256333,8.374301,0.6
002020.SZ,15.956412,15.956412,0.00015021484,0.00018804062,0.37916636,0.21839081,1,94,65,0.7,0.0,-1.0091733,8.336704,0.3
002021.SZ,12.757706,12.757706,0.00013166704,0.00018804062,0.39083302,0.23908046,1,1,211,1.0,0.0,-1.3780965,0.07926372,0.0
002022.SZ,43.720276,43.720276,0.00032907285,0.00018804062,0.42166635,0.17183544,1,1,211,0.7625,0.0,-1.4826537,-11.68273,0.2375
002023.SZ,10.265857,10.265857,0.00011206405,0.00018804062,0.35583305,0.1908046,1,91,229,0.8666667,0.0,-0.65172666,4.083033,0.13333334
002025.SZ,16.317589,16.317589,0.00016016027,0.00018804062,0.35458305,0.13103448,1,33,251,0.33333334,0.0,-2.9388068,3.6547933,0.6666667
002026.SZ,14.7665825,14.7665825,0.000148833,0.00018804062,0.36583304,0.14022988,1,87,102,0.43333334,0.0,-1.7454067,2.7985651,0.56666666
002027.SZ,166.22855,166.22855,0.0012773812,0.00018804062,0.4891663,0.09171883,1,32,38,0.9640884,0.0,-0.81044674,13.711008,0.0359116
002028.SZ,17.283825,17.283825,0.00015369763,0.00018804062,0.39166635,0.25825825,1,91,229,0.8648649,0.0,-1.1059109,17.087418,0.13513513
002029.SZ,11.68449,11.68449,0.00012243672,0.00018804062,0.35833305,0.15698925,1,91,229,0.58064514,0.0,-0.86524516,-1.8615378,0.41935483
002030.SZ,13.714182,13.714182,0.00012538262,0.00018804062,0.37666637,0.31653225,1,15,191,0.75,0.0,-1.8535657,-14.824089,0.25
002031.SZ,14.40335,14.40335,0.0001338603,0.00018804062,0.39916635,0.38508064,1,7,111,0.65625,0.0,-1.574275,-26.698532,0.34375
002032.SZ,63.102745,63.102745,0.0005351037,0.00018804062,0.4641663,0.10183184,1,91,229,0.8351064,0.0,-0.9023207,14.459914,0.16489361
002033.SZ,35.10167,35.10167,0.00029365066,0.00018804062,0.40999967,0.23787168,1,77,117,0.8611111,0.0,-0.37705693,7.989066,0.1388889
002034.SZ,11.16249,11.16249,0.0001146137,0.00018804062,0.38166636,0.3276515,1,15,191,0.8181818,0.0,-0.5380424,14.567386,0.18181819
002035.SZ,10.851915,10.851915,0.00011637501,0.00018804062,0.37916636,0.26881722,1,80,208,0.7419355,0.0,-0.652471,11.001081,0.2580645
002036.SZ,10.109698,10.109698,0.00010631759,0.00018804062,0.37666637,0.20689656,1,91,229,0.93333334,0.0,-1.75823,-4.0719943,0.06666667
002037.SZ,15.856878,15.856878,0.00015175187,0.00018804062,0.3774997,0.24955437,1,21,149,0.7352941,0.0,-1.237106,-15.386342,0.2647059
002038.SZ,15.997352,15.997352,0.00015244493,0.00018804062,0.3837497,0.1632184,1,5,286,0.4,0.0,-0.79906005,2.6154878,0.6
002039.SZ,19.552002,19.552002,0.00017169034,0.00018804062,0.38916636,0.2747456,1,91,229,0.87234044,0.0,-1.2873297,12.186476,0.12765957
002040.SZ,14.257949,14.257949,0.00014239036,0.00018804062,0.3824997,0.20766129,1,70,1,1.0,0.0,-0.7570906,7.422614,0.0
002041.SZ,9.37156,9.37156,0.000106473235,0.00018804062,0.35958305,0.2091954,1,69,305,0.8666667,0.0,0.48932323,2.6835532,0.13333334
002042.SZ,12.186555,12.186555,0.00012534975,0.00018804062,0.38083303,0.19153225,1,1,211,0.78125,0.0,-0.9819219,-9.801293,0.21875
002043.SZ,19.030931,19.030931,0.00017424556,0.00018804062,0.40249968,0.17681159,1,69,305,0.7173913,0.0,-0.61520654,14.394118,0.2826087
002044.SZ,12.80254,12.80254,0.00013915572,0.00018804062,0.35999972,0.23655914,1,27,217,0.4516129,0.0,-0.9195129,1.5153846,0.5483871
002045.SZ,18.830685,18.830685,0.00017576941,0.00018804062,0.38833302,0.1579832,1,80,208,0.7714286,0.0,-0.82159424,-3.9285746,0.22857143
002046.SZ,11.733387,11.733387,0.00012320856,0.00018804062,0.40166634,0.19310345,1,57,68,0.8333333,0.0,-2.37262,3.369339,0.16666667
002048.SZ,8.661078,8.661078,9.901171e-05,0.00018804062,0.37916636,0.1954023,1,32,38,1.0,0.0,-1.91001,7.5147552,0.0
002049.SZ,13.24928,13.24928,0.0001265323,0.00018804062,0.37916636,0.4659091,1,53,16,0.6969697,0.0,-0.44965148,16.499695,0.3030303
002050.SZ,15.051345,15.051345,0.00013882498,0.00018804062,0.39749968,0.31111112,1,93,192,0.75,0.0,-1.5872304,17.226933,0.25
002051.SZ,12.270727,12.270727,0.00012702568,0.00018804062,0.39333302,0.15402299,1,22,208,0.5,0.0,-2.2300935,1.8921607,0.5
002052.SZ,113.609924,113.609924,0.0008525058,0.00018804062,0.46999964,0.10075188,1,27,217,0.9285714,0.0,-1.775161,16.654083,0.071428575
002053.SZ,15.363291,15.363291,0.0001535685,0.00018804062,0.3674997,0.16287878,1,43,94,0.7878788,0.0,-0.4272424,4.36762,0.21212122
002054.SZ,15.773594,15.773594,0.00015683818,0.00018804062,0.3504164,0.20860215,1,21,149,0.58064514,0.0,-0.39843547,1.2336711,0.41935483
002056.SZ,19.109257,19.109257,0.00017545994,0.00018804062,0.36583304,0.43870968,1,32,38,0.29032257,0.0,-0.25640655,3.765174,0.7096774
002057.SZ,11.98775,11.98775,0.00013000854,0.00018804062,0.35749972,0.19354838,1,34,43,0.83870965,0.0,-1.219,3.78915,0.16129032
002059.SZ,171.71288,171.71288,0.001237182,0.00018804062,0.49499962,0.071747854,1,15,191,0.9714286,0.0,-1.2596704,-8.826093,0.028571429
002060.SZ,12.530175,12.530175,0.00013078761,0.00018804062,0.35874972,0.17634408,1,19,162,0.7419355,0.0,0.73372585,3.3878064,0.2580645
002061.SZ,11.974113,11.974113,0.00012925333,0.00018804062,0.3799997,0.2924731,1,13,40,0.7741935,0.0,-0.84770006,1.3524591,0.22580644
002062.SZ,12.4416895,12.4416895,0.00013050858,0.00018804062,0.36124972,0.2580645,1,43,94,0.5,0.0,-0.5863,3.3784375,0.5
002063.SZ,9.302293,9.302293,0.000101472266,0.00018804062,0.35624972,0.096551724,1,12,252,0.8333333,0.0,-1.6698568,-1.4955665,0.16666667
002064.SZ,15.989648,15.989648,0.00015004355,0.00018804062,0.3724997,0.3778966,1,34,43,0.23529412,0.0,-1.0294765,4.3357897,0.7647059
002065.SZ,16.63957,16.63957,0.00016326006,0.00018804062,0.38333303,0.12873563,1,52,65,0.5,0.0,-0.6788367,2.2366862,0.5
002066.SZ,16.987295,16.987295,0.00015468353,0.00018804062,0.39333302,0.24947146,1,34,43,0.54545456,0.0,-1.2112386,-12.052557,0.45454547
002067.SZ,18.448248,18.448248,0.00017777056,0.00018804062,0.36124972,0.23015873,1,43,94,0.5833333,0.0,-0.9469222,3.20325,0.41666666
002068.SZ,18.585873,18.585873,0.00015974838,0.00018804062,0.38666636,0.32380953,1,5,286,0.8611111,0.0,-1.2694556,-27.493452,0.1388889
002069.SZ,40.97164,40.97164,0.0002956624,0.00018804062,0.39499968,0.20871143,1,93,192,0.82758623,0.0,-1.8502294,-4.1788316,0.1724138
002072.SZ,20.145971,20.145971,0.00018434052,0.00018804062,0.38416636,0.13765182,1,69,305,0.43589744,0.0,-1.3371923,-1.9417236,0.5641026
002073.SZ,16.56072,16.56072,0.0001591997,0.00018804062,0.36416638,0.17471264,1,69,305,0.6333333,0.0,-1.3651365,2.2817657,0.36666667
002074.SZ,13.3711195,13.3711195,0.00014030034,0.00018804062,0.36333305,0.16470589,1,91,229,0.8,0.0,-2.6942143,2.2644522,0.2
002075.SZ,15.348764,15.348764,0.00015201456,0.00018804062,0.35708305,0.116935484,1,20,96,0.4375,0.0,-1.3165469,3.6098347,0.5625
002077.SZ,17.060665,17.060665,0.00016865546,0.00018804062,0.37166637,0.13725491,1,12,252,0.38235295,0.0,-1.3664736,2.9675293,0.61764705
002078.SZ,9.910046,9.910046,0.00010700596,0.00018804062,0.3924997,0.22379032,1,1,211,0.75,0.0,-0.83626556,13.47566,0.25
002079.SZ,10.466919,10.466919,0.000110097055,0.00018804062,0.37333304,0.21572581,1,1,211,0.90625,0.0,-1.2653157,-0.7586755,0.09375
002080.SZ,17.094528,17.094528,0.00016237149,0.00018804062,0.3624997,0.15686275,1,12,252,0.29411766,0.0,-0.05833822,2.2307587,0.7058824
002081.SZ,14.03347,14.03347,0.00013637694,0.00018804062,0.37291637,0.19784947,1,51,81,0.6451613,0.0,-0.0687646,2.4154148,0.3548387
002082.SZ,17.157116,17.157116,0.0001637652,0.00018804062,0.3749997,0.1724138,1,5,286,0.5,0.0,-1.1468667,-2.0507722,0.5
002083.SZ,16.384106,16.384106,0.00015998934,0.00018804062,0.35958305,0.18181819,1,74,159,0.72727275,0.0,-0.7032848,3.5492578,0.27272728
002084.SZ,17.42168,17.42168,0.00015857149,0.00018804062,0.39666635,0.25687104,1,94,65,0.77272725,0.0,-1.4913342,-19.734945,0.22727273
002085.SZ,17.547731,17.547731,0.00017686703,0.00018804062,0.36166638,0.15719697,1,12,252,0.24242425,0.0,-1.0354395,4.3082433,0.75757575
002086.SZ,19.156212,19.156212,0.00015881556,0.00018804062,0.3899997,0.38257575,1,27,217,0.8787879,0.0,-1.3810242,-22.841057,0.121212125
002088.SZ,15.863787,15.863787,0.00016002955,0.00018804062,0.36708304,0.15053764,1,1,211,0.87096775,0.0,-1.3409097,3.4484868,0.12903225
002090.SZ,13.107176,13.107176,0.00013651901,0.00018804062,0.36416638,0.24193548,1,15,191,0.6875,0.0,-0.8036063,2.3361533,0.3125
002091.SZ,6.5142264,6.5142264,7.9224454e-05,0.00018804062,0.3749997,0.17701149,1,59,157,0.93333334,0.0,-0.42461666,7.197238,0.06666667
002092.SZ,15.1094265,15.1094265,0.00015197319,0.00018804062,0.3624997,0.32954547,1,30,30,0.42424244,0.0,-0.50059086,4.2248216,0.57575756
002093.SZ,19.003231,19.003231,0.00017931606,0.00018804062,0.37833303,0.24193548,1,15,191,0.21875,0.0,-1.6562469,6.6174603,0.78125
002094.SZ,8.326357,8.326357,9.655203e-05,0.00018804062,0.36208305,0.1816092,1,74,159,0.7,0.0,-0.83638996,1.7748398,0.3
002095.SZ,14.263963,14.263963,0.00014447058,0.00018804062,0.38916636,0.16774194,1,87,102,0.516129,0.0,-2.3859289,-4.7154474,0.48387095
002096.SZ,11.090133,11.090133,0.00011762447,0.00018804062,0.3824997,0.32263815,1,57,68,0.88235295,0.0,-1.3449471,17.106527,0.11764706
002097.SZ,17.822721,17.822721,0.00017162033,0.00018804062,0.36458305,0.18939394,1,21,149,0.54545456,0.0,-2.2982333,1.4394822,0.45454547
002098.SZ,10.4700575,10.4700575,0.00010820949,0.00018804062,0.38416636,0.43371212,1,20,96,0.75757575,0.0,-1.243515,17.151949,0.24242425
002099.SZ,12.897371,12.897371,0.00013050463,0.00018804062,0.3624997,0.16989248,1,77,117,0.6451613,0.0,-1.088887,1.1768427,0.3548387
002100.SZ,15.599556,15.599556,0.00015117144,0.00018804062,0.36458305,0.1391129,1,93,192,0.71875,0.0,-2.2101655,0.29431254,0.28125
002101.SZ,12.689217,12.689217,0.0001333023,0.00018804062,0.35583305,0.09425288,1,34,43,0.73333335,0.0,-1.6929736,4.9539027,0.26666668
002102.SZ,13.531388,13.531388,0.00013946265,0.00018804062,0.37416637,0.089655176,1,91,229,0.53333336,0.0,-1.23317,3.8822305,0.46666667
002103.SZ,10.044893,10.044893,0.00010981286,0.00018804062,0.38666636,0.31729054,1,1,211,0.9705882,0.0,-0.41845882,17.803732,0.029411765
002104.SZ,7.110537,7.110537,7.924734e-05,0.00018804062,0.3774997,0.22068965,1,74,159,0.9,0.0,-0.8563467,-0.47198284,0.1
002105.SZ,14.214552,14.214552,0.00013873553,0.00018804062,0.39583302,0.17310925,1,65,1,1.0,0.0,-1.3330685,-15.249707,0.0
002106.SZ,16.235563,16.235563,0.0001588492,0.00018804062,0.35874972,0.15396826,1,91,229,0.6944444,0.0,-1.9936082,1.6675195,0.30555555
002107.SZ,9.631,9.631,9.860202e-05,0.00018804062,0.38166636,0.49195403,1,12,252,0.8666667,0.0,-0.6838933,17.646955,0.13333334
002108.SZ,18.129215,18.129215,0.00018074017,0.00018804062,0.36333305,0.11260504,1,91,229,0.4857143,0.0,-1.4234715,2.8886456,0.51428574
002109.SZ,20.503942,20.503942,0.00017230159,0.00018804062,0.3999997,0.2589372,1,15,191,0.82608694,0.0,-0.7637587,-18.679472,0.17391305
002110.SZ,12.856804,12.856804,0.00013139649,0.00018804062,0.38166636,0.21290323,1,84,2,1.0,0.0,-1.1065419,-13.869469,0.0
002111.SZ,17.117495,17.117495,0.00016674017,0.00018804062,0.35874972,0.13103448,1,69,305,0.56666666,0.0,-0.42683333,5.751703,0.43333334
002112.SZ,18.808924,18.808924,0.00017850734,0.00018804062,0.3774997,0.15966387,1,25,2,0.9714286,0.0,-0.51636565,4.3549547,0.028571429
002114.SZ,14.918794,14.918794,0.00013119014,0.00018804062,0.39583302,0.39159665,1,27,217,0.74285716,0.0,-1.52614,-28.42856,0.25714287
002115.SZ,10.136633,10.136633,0.00011050284,0.00018804062,0.38166636,0.2580645,1,91,229,0.7741935,0.0,-1.4180645,-8.492557,0.22580644
002116.SZ,18.278095,18.278095,0.00017709685,0.00018804062,0.3799997,0.15465465,1,25,2,0.972973,0.0,-1.4332595,4.4223456,0.027027028
002117.SZ,13.819427,13.819427,0.00013960776,0.00018804062,0.38166636,0.28629032,1,22,208,0.65625,0.0,-1.2250156,13.894555,0.34375
002119.SZ,14.050471,14.050471,0.00014154594,0.00018804062,0.37958303,0.09677419,1,5,286,0.7419355,0.0,-1.8574871,0.08505818,0.2580645
002120.SZ,8.210063,8.210063,9.709265e-05,0.00018804062,0.35374972,0.1908046,1,2,80,0.8,0.0,-1.2040168,3.0640001,0.2
002121.SZ,42.042847,42.042847,0.00028441008,0.00018804062,0.39083302,0.31400967,1,91,229,0.5869565,0.0,-1.4068346,-21.520018,0.41304347
002123.SZ,15.6922,15.6922,0.00014878593,0.00018804062,0.38583302,0.21269841,1,12,252,0.33333334,0.0,-1.3046973,-10.811551,0.6666667
002124.SZ,18.860823,18.860823,0.0001740136,0.00018804062,0.37916636,0.16666667,1,1,211,0.8333333,0.0,0.43750834,6.9294744,0.16666667
002125.SZ,15.628862,15.628862,0.00015673811,0.00018804062,0.37416637,0.1590909,1,91,229,0.7878788,0.0,-1.0760516,2.7221901,0.21212122
002126.SZ,9.199946,9.199946,9.7095515e-05,0.00018804062,0.3799997,0.26666668,1,33,251,0.93333334,0.0,-0.96732676,18.636717,0.06666667
002127.SZ,11.769323,11.769323,0.00012395225,0.00018804062,0.35833305,0.12873563,1,12,252,0.6666667,0.0,-0.6740933,2.806753,0.33333334
002128.SZ,20.178385,20.178385,0.00017875638,0.00018804062,0.400833,0.28584644,1,15,191,0.61702126,0.0,-1.0044702,14.807628,0.38297874
002129.SZ,27.192719,27.192719,0.0002056093,0.00018804062,0.39499968,0.30897436,1,12,252,0.7,0.0,-1.288265,-25.818005,0.3
002130.SZ,18.20044,18.20044,0.00016296953,0.00018804062,0.40499967,0.21091582,1,57,68,0.7234042,0.0,-0.36200216,14.72988,0.27659574
002131.SZ,14.903652,14.903652,0.00014659905,0.00018804062,0.35999972,0.2505747,1,94,65,0.5,0.0,-1.7575233,3.6668565,0.5
002132.SZ,12.291009,12.291009,0.0001148765,0.00018804062,0.37666637,0.3326613,1,91,229,0.8125,0.0,-0.57212514,2.7409687,0.1875
002133.SZ,7.7010417,7.7010417,9.1774295e-05,0.00018804062,0.36333305,0.13793103,1,69,305,0.9,0.0,-1.1660633,-5.7827525,0.1
002134.SZ,18.847792,18.847792,0.00017034638,0.00018804062,0.3762497,0.21337126,1,74,159,0.5,0.0,-0.46913946,4.224756,0.5
002135.SZ,17.79777,17.79777,0.00016929691,0.00018804062,0.3874997,0.1579832,1,21,149,0.7714286,0.0,-0.86515427,-0.59600395,0.22857143
002136.SZ,17.12549,17.12549,0.00016281968,0.00018804062,0.35958305,0.20215054,1,21,149,0.48387095,0.0,-1.5252677,-0.74707365,0.516129
002137.SZ,10.788579,10.788579,0.000120120145,0.00018804062,0.34708306,0.16129032,1,12,252,0.61290324,0.0,-2.5055707,2.6431224,0.38709676
002138.SZ,17.228914,17.228914,0.00016064606,0.00018804062,0.39416635,0.22074468,1,27,217,0.7708333,0.0,-1.5116583,13.420822,0.22916667
002139.SZ,17.004814,17.004814,0.00016085744,0.00018804062,0.34958306,0.14482759,1,22,208,0.4,0.0,-2.4575267,3.611632,0.6
002140.SZ,18.354723,18.354723,0.00017357817,0.00018804062,0.39083302,0.122689076,1,52,65,0.54285717,0.0,-1.0486943,2.1424725,0.45714286
002141.SZ,20.841043,20.841043,0.00018908862,0.00018804062,0.35958305,0.34280303,1,77,117,0.18181819,0.0,-0.83172125,3.817594,0.8181818
002142.SZ,33.706886,33.706886,0.00029177908,0.00018804062,0.3799997,0.31411952,1,69,305,0.7258065,0.0,0.36293876,7.5803246,0.27419356
002144.SZ,8.640439,8.640439,0.000102080485,0.00018804062,0.35833305,0.3204301,1,87,102,0.9032258,0.0,-1.444987,4.284687,0.09677419
002145.SZ,10.741184,10.741184,0.000113462724,0.00018804062,0.35958305,0.11264368,1,43,94,0.73333335,0.0,-0.6550835,-3.290114,0.26666668
002146.SZ,23.566786,23.566786,0.00019464188,0.00018804062,0.38583302,0.29166666,1,43,94,0.53061223,0.0,-1.4300327,-21.146507,0.46938777
002148.SZ,10.547403,10.547403,0.00011482884,0.00018804062,0.37666637,0.15725806,1,27,217,0.8125,0.0,-0.66454065,-0.6871513,0.1875
002149.SZ,21.050497,21.050497,0.00017349795,0.00018804062,0.39333302,0.2645074,1,74,159,0.61538464,0.0,-0.9639949,-0.34916312,0.3846154
002150.SZ,9.129383,9.129383,0.000105990504,0.00018804062,0.3529164,0.25747126,1,5,286,0.96666664,0.0,-1.3687633,2.7572532,0.033333335
002151.SZ,11.0350065,11.0350065,0.0001020388,0.00018804062,0.39166635,0.4413793,1,80,208,0.8333333,0.0,-2.4187398,-23.560558,0.16666667
002152.SZ,14.152178,14.152178,0.0001418449,0.00018804062,0.37583303,0.27586207,1,34,43,0.43333334,0.0,-1.1882668,3.4597852,0.56666666
002153.SZ,13.526461,13.526461,0.00012939383,0.00018804062,0.37333304,0.3448276,1,74,159,0.46666667,0.0,-1.84184,-12.286195,0.53333336
002154.SZ,12.858744,12.858744,0.00013159422,0.00018804062,0.3724997,0.2594697,1,87,102,0.8484849,0.0,-0.9411515,11.624656,0.15151516
002155.SZ,26.26535,26.26535,0.00023385152,0.00018804062,0.41499966,0.14409938,1,15,191,0.78571427,0.0,-1.4317571,12.406511,0.21428572
002156.SZ,14.90382,14.90382,0.00014520192,0.00018804062,0.3724997,0.16551724,1,77,117,0.43333334,0.0,-2.0405233,0.5976737,0.56666666
002157.SZ,18.419819,18.419819,0.00017533926,0.00018804062,0.36166638,0.20793651,1,19,162,0.8055556,0.0,-1.0131001,0.97471726,0.19444445
002158.SZ,13.143244,13.143244,0.00013343628,0.00018804062,0.3874997,0.28403363,1,43,94,0.7714286,0.0,-0.5308915,12.051643,0.22857143
002159.SZ,16.639578,16.639578,0.00015225844,0.00018804062,0.38833302,0.3883357,1,27,217,0.7368421,0.0,-0.21816841,15.671288,0.2631579
002160.SZ,11.497732,11.497732,0.00012773463,0.00018804062,0.36166638,0.31439394,1,89,72,0.8484849,0.0,-1.7327969,6.021429,0.15151516
002161.SZ,10.307015,10.307015,0.00010907949,0.00018804062,0.38416636,0.34957984,1,59,157,0.8857143,0.0,-1.1049744,17.091267,0.114285715
002162.SZ,12.523017,12.523017,0.00011991312,0.00018804062,0.3624997,0.29915968,1,15,191,0.74285716,0.0,-1.1027514,1.4118086,0.25714287
002163.SZ,37.09432,37.09432,0.00024326524,0.00018804062,0.38916636,0.3846154,1,94,65,0.974359,0.0,-1.6191821,-29.135216,0.025641026
002164.SZ,12.664293,12.664293,0.000132331,0.00018804062,0.3649997,0.14623655,1,91,229,0.48387095,0.0,-1.0973451,0.641396,0.516129
002165.SZ,15.693977,15.693977,0.0001552512,0.00018804062,0.39083302,0.24064171,1,51,81,0.44117647,0.0,-0.50432646,-3.704536,0.5588235
002166.SZ,14.9312935,14.9312935,0.00014854221,0.00018804062,0.35999972,0.17045455,1,91,229,0.42424244,0.0,-0.41666666,1.7954184,0.57575756
002167.SZ,17.471983,17.471983,0.00017313,0.00018804062,0.3649997,0.15524194,1,74,159,0.75,0.0,-2.2404406,3.4235005,0.25
002169.SZ,12.205084,12.205084,0.00013320328,0.00018804062,0.37333304,0.19886364,1,27,217,0.8787879,0.0,-1.3127697,0.39480072,0.121212125
002170.SZ,26.084145,26.084145,0.00022326333,0.00018804062,0.403333,0.28860936,1,15,191,0.46296296,0.0,-1.134813,13.8913145,0.537037
002171.SZ,17.412169,17.412169,0.00017385447,0.00018804062,0.34999973,0.17468806,1,12,252,0.32352942,0.0,-1.8085647,4.307312,0.6764706
002172.SZ,23.077404,23.077404,0.00019906288,0.00018804062,0.38791636,0.17441078,1,69,305,0.8181818,0.0,-1.7064345,11.624695,0.18181819
002173.SZ,12.515631,12.515631,0.00012937225,0.00018804062,0.38333303,0.1816092,1,15,191,0.76666665,0.0,-0.00022330284,-0.016202664,0.23333333
002174.SZ,13.755616,13.755616,0.000144829,0.00018804062,0.37041637,0.12413793,1,12,252,0.5,0.0,-1.0847766,4.235728,0.5
002175.SZ,17.7525,17.7525,0.00017127764,0.00018804062,0.3516664,0.35402298,1,77,117,0.1,0.0,-1.4911435,2.07199,0.9
002176.SZ,16.15614,16.15614,0.00014861872,0.00018804062,0.4049997,0.21035941,1,80,208,0.79545456,0.0,-0.10847952,-16.647715,0.20454545
002177.SZ,16.227108,16.227108,0.00013511676,0.00018804062,0.37666637,0.36774194,1,19,162,0.7096774,0.0,-1.682984,2.036471,0.29032257
002178.SZ,19.528982,19.528982,0.00016832445,0.00018804062,0.3824997,0.28339142,1,2,80,0.5,0.0,-0.7658738,3.2527356,0.5
002179.SZ,13.139751,13.139751,0.00013459827,0.00018804062,0.35916638,0.2413793,1,74,159,0.4,0.0,-1.1344967,4.400147,0.6
002180.SZ,18.652218,18.652218,0.00017438867,0.00018804062,0.37333304,0.20689656,1,21,149,0.6,0.0,-1.97758,-7.0425816,0.4
002181.SZ,13.384586,13.384586,0.00013788091,0.00018804062,0.3824997,0.23185484,1,91,229,0.5,0.0,-0.36213753,1.4213755,0.5
002182.SZ,18.207645,18.207645,0.00017797775,0.00018804062,0.36958304,0.19073084,1,5,286,0.7941176,0.0,-1.127094,1.6269946,0.20588236
002183.SZ,17.384878,17.384878,0.0001659075,0.00018804062,0.3899997,0.15294118,1,52,65,0.5714286,0.0,-0.9399714,-7.043216,0.42857143
002184.SZ,16.864536,16.864536,0.00016363169,0.00018804062,0.3662497,0.15698925,1,87,102,0.61290324,0.0,-0.8376677,0.06854642,0.38709676
002185.SZ,14.070721,14.070721,0.00014613445,0.00018804062,0.36083305,0.13763441,1,32,38,0.83870965,0.0,-1.898039,3.2591965,0.16129032
002186.SZ,18.235718,18.235718,0.0001665133,0.00018804062,0.38083303,0.18794326,1,94,65,0.8125,0.0,-1.0970229,3.0852273,0.1875
002187.SZ,14.644597,14.644597,0.00014846612,0.00018804062,0.37833303,0.1827957,1,12,252,0.29032257,0.0,-0.57679355,-5.091282,0.7096774
002188.SZ,12.380287,12.380287,0.00012834281,0.00018804062,0.38583302,0.15402299,1,87,102,0.7,0.0,-1.2888867,6.341512,0.3
002189.SZ,29.527937,29.527937,0.00021281026,0.00018804062,0.39583302,0.28609985,1,93,192,0.84615386,0.0,-1.4867333,-25.892817,0.15384616
002190.SZ,9.900854,9.900854,0.00010970991,0.00018804062,0.36708304,0.2137931,1,43,94,0.8333333,0.0,-1.4813435,4.3026037,0.16666667
002191.SZ,12.16513,12.16513,0.00012957392,0.00018804062,0.35333306,0.26612905,1,59,157,0.875,0.0,-1.4099032,3.5203528,0.125
002192.SZ,18.085278,18.085278,0.0001707189,0.00018804062,0.38583302,0.1897436,1,20,96,0.475,0.0,-1.8504727,7.6358576,0.525
002193.SZ,23.25032,23.25032,0.0001802212,0.00018804062,0.39166635,0.33109245,1,13,40,0.8857143,0.0,-1.4501972,-27.851109,0.114285715
002194.SZ,21.714577,21.714577,0.00019429588,0.00018804062,0.39416635,0.21306123,1,27,217,0.82,0.0,-0.53540593,1.0093844,0.18
002195.SZ,20.203842,20.203842,0.00017353677,0.00018804062,0.37416637,0.20766129,1,61,124,0.53125,0.0,-1.0224031,-1.261864,0.46875
002196.SZ,21.53621,21.53621,0.00020078733,0.00018804062,0.36833304,0.20365854,1,69,305,0.31707317,0.0,-0.91035116,2.9777217,0.68292683
002197.SZ,18.346663,18.346663,0.00017450876,0.00018804062,0.35208306,0.28735632,1,74,159,0.033333335,0.0,-0.9359367,2.3228033,0.96666664
002198.SZ,20.067112,20.067112,0.00018013184,0.00018804062,0.36958304,0.17931035,1,22,208,0.06666667,0.0,-1.8068066,3.2798886,0.93333334
002201.SZ,36.234615,36.234615,0.00029869168,0.00018804062,0.418333,0.20129298,1,34,43,0.74698794,0.0,0.44580123,6.297911,0.25301206
002202.SZ,13.417642,13.417642,0.00014040539,0.00018804062,0.3566664,0.2091954,1,17,17,0.6333333,0.0,-1.3290632,4.8312726,0.36666667
002203.SZ,9.4139805,9.4139805,0.00010851774,0.00018804062,0.35874972,0.2,1,74,159,0.96666664,0.0,-2.2556834,6.60424,0.033333335
002204.SZ,13.484576,13.484576,0.00013888745,0.00018804062,0.3674997,0.13118279,1,57,68,0.87096775,0.0,-1.7025485,4.456797,0.12903225
002205.SZ,26.184853,26.184853,0.00020304704,0.00018804062,0.39916635,0.30588236,1,102,50,0.47058824,0.0,-1.2995764,-19.339083,0.5294118
002206.SZ,15.420628,15.420628,0.00015492692,0.00018804062,0.3849997,0.13445379,1,87,102,0.71428573,0.0,-1.181017,10.107088,0.2857143
002207.SZ,208.6004,208.6004,0.0013208056,0.00018804062,0.48083296,0.10683261,1,43,94,0.9411765,0.0,-1.3331406,-12.85122,0.05882353
002208.SZ,21.163778,21.163778,0.00020558176,0.00018804062,0.38416636,0.22132254,1,95,151,0.64102566,0.0,-0.82128465,-3.4471593,0.35897437
002209.SZ,20.247936,20.247936,0.0001955473,0.00018804062,0.35083306,0.39831933,1,30,30,0.2857143,0.0,-1.0723314,4.2582407,0.71428573
002210.SZ,18.535913,18.535913,0.00014960457,0.00018804062,0.37916636,0.35402298,1,5,286,0.93333334,0.0,-0.71301997,-0.63866603,0.06666667
002212.SZ,19.774103,19.774103,0.00016678433,0.00018804062,0.3749997,0.21997301,1,91,229,0.61538464,0.0,-1.4081589,-3.0254784,0.3846154
002213.SZ,16.33375,16.33375,0.00013460909,0.00018804062,0.398333,0.3862069,1,76,26,0.9,0.0,0.010119978,-28.648531,0.1
002215.SZ,18.581253,18.581253,0.00017828567,0.00018804062,0.39666635,0.09803922,1,96,56,0.5882353,0.0,-0.50148237,6.269798,0.4117647
002216.SZ,16.318104,16.318104,0.00015412312,0.00018804062,0.3849997,0.15165165,1,22,208,0.7567568,0.0,-0.39018378,3.2397177,0.24324325
002217.SZ,31.734554,31.734554,0.00023010508,0.00018804062,0.38833302,0.23925668,1,12,252,0.7380952,0.0,-0.8465595,0.8571523,0.26190478
002218.SZ,14.480287,14.480287,0.00013171692,0.00018804062,0.39083302,0.28609985,1,43,94,0.71794873,0.0,-0.8139462,-17.15697,0.2820513
002219.SZ,9.871792,9.871792,9.903246e-05,0.00018804062,0.37583303,0.28520498,1,74,159,0.9117647,0.0,-0.62809706,1.258188,0.0882353
002221.SZ,17.352325,17.352325,0.00017128335,0.00018804062,0.3624997,0.15714286,1,91,229,0.3611111,0.0,-0.49630553,0.51188886,0.6388889
002222.SZ,26.979815,26.979815,0.00021976116,0.00018804062,0.3849997,0.25387755,1,91,229,0.88,0.0,-1.642922,10.118163,0.12
002223.SZ,19.656378,19.656378,0.00017694035,0.00018804062,0.39166635,0.24524313,1,51,81,0.6818182,0.0,-0.13895454,12.083846,0.3181818
002224.SZ,14.724547,14.724547,0.0001316884,0.00018804062,0.37083304,0.2846154,1,15,191,0.825,0.0,-1.3644799,1.1024024,0.175
002225.SZ,9.593161,9.593161,0.00011136554,0.00018804062,0.35874972,0.27462122,1,91,229,0.8787879,0.0,-1.8313818,3.7334335,0.121212125
002226.SZ,21.234045,21.234045,0.00020718297,0.00018804062,0.36166638,0.2031746,1,95,151,0.6666667,0.0,-0.81958604,3.6418555,0.33333334
002227.SZ,15.374934,15.374934,0.0001363717,0.00018804062,0.39333302,0.31428573,1,74,159,0.8055556,0.0,-1.1407194,-17.994446,0.19444445
002228.SZ,12.793912,12.793912,0.00013747613,0.00018804062,0.35833305,0.27462122,1,32,38,0.6666667,0.0,-0.9063031,5.0363255,0.33333334
002229.SZ,25.220587,25.220587,0.00019491081,0.00018804062,0.40749967,0.26352942,1,77,117,0.49019608,0.0,-1.4303373,-20.782299,0.50980395
002230.SZ,14.376456,14.376456,0.00013896658,0.00018804062,0.37833303,0.1724138,1,74,159,0.8333333,0.0,-1.2390666,-14.015006,0.16666667
002232.SZ,12.291226,12.291226,0.00013041377,0.00018804062,0.36166638,0.11954023,1,27,217,0.36666667,0.0,-1.4925267,4.0587463,0.6333333
002233.SZ,17.608788,17.608788,0.00017223,0.00018804062,0.36583304,0.20504202,1,5,286,0.8857143,0.0,-1.1594715,1.5817407,0.114285715
002234.SZ,19.996141,19.996141,0.00017379005,0.00018804062,0.39333302,0.25531915,1,27,217,0.63829786,0.0,-1.5775554,-18.488691,0.3617021
002235.SZ,147.81212,147.81212,0.0009950742,0.00018804062,0.45999962,0.1512075,1,32,38,0.8989899,0.0,-1.1948298,1.3550091,0.1010101
002236.SZ,17.287539,17.287539,0.00016648589,0.00018804062,0.35499972,0.114285715,1,1,211,0.6571429,0.0,-1.5174142,1.9498291,0.34285715
002237.SZ,8.425669,8.425669,9.585051e-05,0.00018804062,0.38666636,0.06896552,1,14,83,0.9,0.0,-2.5440204,7.338756,0.1
002238.SZ,18.800222,18.800222,0.0001590702,0.00018804062,0.39499968,0.33333334,1,32,38,0.64102566,0.0,-1.4642437,-22.854343,0.35897437
002239.SZ,14.066261,14.066261,0.00014495503,0.00018804062,0.36916637,0.120430104,1,15,191,0.58064514,0.0,-1.7324226,4.1344604,0.41935483
002240.SZ,12.20309,12.20309,0.00010907219,0.00018804062,0.39166635,0.45967743,1,33,251,0.875,0.0,-1.7235407,-30.72016,0.125
002241.SZ,15.027187,15.027187,0.00015327995,0.00018804062,0.36666638,0.11034483,1,57,68,0.73333335,0.0,-1.7061566,6.22037,0.26666668
002242.SZ,14.929828,14.929828,0.00014656017,0.00018804062,0.3724997,0.11895161,1,5,286,0.65625,0.0,-1.127175,4.547752,0.34375
002243.SZ,8.561825,8.561825,0.00010460753,0.00018804062,0.36083305,0.27096775,1,80,208,0.7741935,0.0,-0.45348388,2.514187,0.22580644
002244.SZ,15.7647705,15.7647705,0.00016100435,0.00018804062,0.37083304,0.20512821,1,27,217,0.53846157,0.0,-0.5974205,0.117000565,0.46153846
002245.SZ,19.935297,19.935297,0.0001860373,0.00018804062,0.36458305,0.18095239,1,12,252,0.2777778,0.0,-0.5187056,-0.7436023,0.7222222
002246.SZ,9.06649,9.06649,0.00010096231,0.00018804062,0.38083303,0.18620689,1,50,1,1.0,0.0,-1.7676333,7.6772513,0.0
002247.SZ,13.750967,13.750967,0.00014038186,0.00018804062,0.37333304,0.15765765,1,12,252,0.5945946,0.0,-1.5891812,-0.15038605,0.4054054
002248.SZ,23.806295,23.806295,0.0001920987,0.00018804062,0.37416637,0.19630156,1,15,191,0.6315789,0.0,-1.7209396,7.2713637,0.36842105
002249.SZ,8.765344,8.765344,0.000103354076,0.00018804062,0.38833302,0.3939394,1,74,159,0.93939394,0.0,-1.7297485,9.579444,0.060606062
002250.SZ,14.065535,14.065535,0.00014595767,0.00018804062,0.35583305,0.17777778,1,15,191,0.7222222,0.0,-0.74744165,4.5586805,0.2777778
002251.SZ,16.78214,16.78214,0.00016344039,0.00018804062,0.36166638,0.15913978,1,94,65,0.6451613,0.0,-0.6382613,-1.5320089,0.3548387
002252.SZ,14.278095,14.278095,0.00014593998,0.00018804062,0.37583303,0.22379032,1,27,217,0.4375,0.0,-1.5770344,6.9436746,0.5625
002254.SZ,15.516699,15.516699,0.00015396043,0.00018804062,0.36833304,0.11491936,1,20,96,0.6875,0.0,-1.2976781,4.597272,0.3125
002255.SZ,13.8951845,13.8951845,0.00013952557,0.00018804062,0.39666635,0.22727273,1,89,72,0.8181818,0.0,-0.2395515,13.275125,0.18181819
002256.SZ,12.341408,12.341408,0.000121189296,0.00018804062,0.3874997,0.2487395,1,12,252,0.6571429,0.0,0.05264296,-2.0652275,0.34285715
002258.SZ,11.659418,11.659418,0.00012592862,0.00018804062,0.35833305,0.22184874,1,24,84,0.9714286,0.0,-0.9151828,3.762711,0.028571429
002259.SZ,30.310066,30.310066,0.0002610077,0.00018804062,0.40916634,0.15506329,1,27,217,0.8875,0.0,-0.64917123,16.109802,0.1125
002261.SZ,16.366285,16.366285,0.00014020129,0.00018804062,0.38666636,0.28219697,1,5,286,0.90909094,0.0,-1.9172758,-8.948663,0.09090909
002262.SZ,21.897846,21.897846,0.00018810749,0.00018804062,0.40916634,0.26060605,1,33,251,0.7777778,0.0,-1.17242,10.870656,0.22222222
002263.SZ,31.7267,31.7267,0.00027356806,0.00018804062,0.40166634,0.13891594,1,87,102,0.6455696,0.0,-1.0475913,1.3441882,0.35443038
002264.SZ,16.384888,16.384888,0.0001624619,0.00018804062,0.36083305,0.13547237,1,74,159,0.7647059,0.0,-1.2628323,1.1733066,0.23529412
002265.SZ,5.9999967,5.9999967,7.716094e-05,0.00018804062,0.36208305,0.31034482,1,77,117,0.96666664,0.0,-2.22761,9.285755,0.033333335
002266.SZ,17.823769,17.823769,0.00017008971,0.00018804062,0.3724997,0.15294118,1,61,124,0.62857145,0.0,-0.22841428,6.154301,0.37142858
002267.SZ,17.961123,17.961123,0.00017942184,0.00018804062,0.3649997,0.2087087,1,69,305,0.7567568,0.0,0.18870811,5.6140475,0.24324325
002268.SZ,24.908524,24.908524,0.00019857875,0.00018804062,0.3924997,0.2358804,1,69,305,0.55813956,0.0,-2.0993187,-11.990809,0.44186047
002269.SZ,30.275444,30.275444,0.00021332919,0.00018804062,0.39583302,0.2874494,1,74,159,0.7948718,0.0,-1.116341,-25.122688,0.20512821
002270.SZ,22.583221,22.583221,0.0001861239,0.00018804062,0.40166634,0.30641025,1,61,124,0.65,0.0,-0.85081494,15.751821,0.35
002271.SZ,12.395447,12.395447,0.00013194118,0.00018804062,0.3774997,0.19318181,1,51,81,0.72727275,0.0,-0.93029696,-1.8480016,0.27272728
002272.SZ,15.84715,15.84715,0.00013914991,0.00018804062,0.408333,0.24252492,1,91,229,0.90697676,0.0,-1.2930001,-16.018963,0.093023255
002273.SZ,7.3053694,7.3053694,8.5749074e-05,0.00018804062,0.35999972,0.17471264,1,27,217,0.8666667,0.0,-3.55112,2.7978837,0.13333334
002274.SZ,19.865091,19.865091,0.00018149165,0.00018804062,0.3799997,0.17301588,1,19,162,0.6388889,0.0,-0.17145275,-4.3942785,0.3611111
002275.SZ,19.965702,19.965702,0.00017443244,0.00018804062,0.3849997,0.35191637,1,53,16,0.6904762,0.0,-0.86158335,13.809062,0.30952382
002276.SZ,11.661527,11.661527,0.00012335088,0.00018804062,0.3799997,0.17613636,1,15,191,0.6969697,0.0,-1.5896786,3.4201505,0.3030303
002277.SZ,14.527193,14.527193,0.0001433203,0.00018804062,0.37166637,0.14015152,1,21,149,0.8787879,0.0,-0.70341516,-2.6232843,0.121212125
002278.SZ,11.483191,11.483191,0.00011377202,0.00018804062,0.38791636,0.31494254,1,33,251,0.8,0.0,-1.2686999,7.405826,0.2
002279.SZ,13.085802,13.085802,0.00012538188,0.00018804062,0.3849997,0.33793104,1,91,229,0.76666665,0.0,-2.4684968,-19.240997,0.23333333
002281.SZ,10.751667,10.751667,0.00010220535,0.00018804062,0.39916635,0.27741936,1,1,211,0.87096775,0.0,-2.092581,-2.4965196,0.12903225
002282.SZ,13.118337,13.118337,0.0001348433,0.00018804062,0.3724997,0.1908046,1,12,252,0.43333334,0.0,-2.019677,-2.4477193,0.56666666
002283.SZ,14.018387,14.018387,0.00013987307,0.00018804062,0.3724997,0.10483871,1,80,208,0.65625,0.0,-1.8217655,7.626424,0.34375
002284.SZ,11.878924,11.878924,0.0001245267,0.00018804062,0.38083303,0.18390805,1,24,84,0.9,0.0,-0.7702867,15.230592,0.1
002285.SZ,35.327023,35.327023,0.00027217256,0.00018804062,0.41749966,0.19807692,1,77,117,0.8,0.0,-1.0751585,-13.495378,0.2
002286.SZ,17.833744,17.833744,0.00017118514,0.00018804062,0.3491664,0.3243243,1,15,191,0.36842105,0.0,-0.7095421,4.14195,0.6315789
002287.SZ,15.592875,15.592875,0.00014180972,0.00018804062,0.3849997,0.48172042,1,24,84,0.83870965,0.0,-0.5095645,16.251556,0.16129032
002290.SZ,21.617992,21.617992,0.00018527023,0.00018804062,0.38666636,0.23847517,1,12,252,0.6666667,0.0,-1.5522146,12.685772,0.33333334
002291.SZ,23.827227,23.827227,0.00019763356,0.00018804062,0.39666635,0.23921569,1,74,159,0.5294118,0.0,-1.0561824,-16.394184,0.47058824
002292.SZ,14.994503,14.994503,0.00014786761,0.00018804062,0.37916636,0.23870967,1,74,159,0.22580644,0.0,-0.925197,-0.14053832,0.7741935
002293.SZ,11.651078,11.651078,0.00011947876,0.00018804062,0.36041638,0.18850575,1,21,149,0.6666667,0.0,-1.7783101,-0.21314284,0.33333334
002294.SZ,16.488039,16.488039,0.00015841181,0.00018804062,0.37666637,0.1816092,1,87,102,0.26666668,0.0,-1.6167266,1.6486288,0.73333335
002295.SZ,9.809471,9.809471,0.00010937466,0.00018804062,0.36083305,0.21572581,1,5,286,0.90625,0.0,-2.043925,6.0279846,0.09375
002296.SZ,19.2726,19.2726,0.0001811046,0.00018804062,0.3774997,0.14717741,1,23,94,0.71875,0.0,-1.7404783,3.607996,0.28125
002297.SZ,25.996529,25.996529,0.00022352602,0.00018804062,0.4099997,0.1812596,1,74,159,0.6984127,0.0,-0.13919845,2.2040155,0.3015873
002298.SZ,14.108255,14.108255,0.00014260937,0.00018804062,0.34708306,0.11264368,1,52,65,0.7,0.0,-1.4004134,3.7504432,0.3
002299.SZ,13.3231945,13.3231945,0.00013430536,0.00018804062,0.36916637,0.13793103,1,5,286,0.93333334,0.0,-1.4766535,-4.9145145,0.06666667
002300.SZ,18.235077,18.235077,0.00016854245,0.00018804062,0.3799997,0.13414635,1,15,191,0.5609756,0.0,-1.3201708,0.29849628,0.4390244
002301.SZ,11.441353,11.441353,0.00012488013,0.00018804062,0.35791638,0.22580644,1,89,72,0.8064516,0.0,-1.9618871,3.0305774,0.19354838
002302.SZ,19.295431,19.295431,0.0001779199,0.00018804062,0.3874997,0.22048365,1,91,229,0.6315789,0.0,-1.7002895,-6.689503,0.36842105
002303.SZ,8.567934,8.567934,0.00010407641,0.00018804062,0.35833305,0.3139785,1,91,229,0.9032258,0.0,-1.7558224,5.0751586,0.09677419
002304.SZ,14.153485,14.153485,0.00013093103,0.00018804062,0.37916636,0.4858871,1,77,117,0.75,0.0,-0.4575469,15.840656,0.25
002307.SZ,16.0953,16.0953,0.00014104017,0.00018804062,0.39166635,0.30634922,1,87,102,0.9444444,0.0,-1.1682,-26.284449,0.055555556
002309.SZ,20.495298,20.495298,0.00017029482,0.00018804062,0.39583302,0.23920266,1,80,208,0.95348835,0.0,-1.065707,-18.666412,0.046511628
002310.SZ,14.867249,14.867249,0.00012699909,0.00018804062,0.38833302,0.33570412,1,77,117,0.8684211,0.0,-0.716729,-25.794607,0.13157895
002311.SZ,17.72755,17.72755,0.00016895871,0.00018804062,0.38166636,0.14260249,1,77,117,0.5,0.0,-1.0000118,8.4471655,0.5
002312.SZ,9.329814,9.329814,0.00010525879,0.00018804062,0.36583304,0.101149425,1,87,102,0.7,0.0,-1.32186,0.44617745,0.3
002313.SZ,147.91234,147.91234,0.00090695516,0.00018804062,0.43249965,0.20575455,1,90,27,0.8778626,0.0,-1.9003359,-17.435667,0.122137405
002314.SZ,19.165964,19.165964,0.00018612879,0.00018804062,0.37333304,0.10526316,1,91,229,0.7948718,0.0,-1.078723,1.3163359,0.20512821
002315.SZ,18.733177,18.733177,0.00016319366,0.00018804062,0.38833302,0.32539684,1,12,252,0.6388889,0.0,-0.92694175,14.502421,0.3611111
002316.SZ,25.121227,25.121227,0.00020620255,0.00018804062,0.39499968,0.15911193,1,94,65,0.7446808,0.0,-2.171185,6.472498,0.25531915
002317.SZ,13.188577,13.188577,0.0001301396,0.00018804062,0.38499972,0.291954,1,69,305,0.6666667,0.0,-0.9731502,13.766606,0.33333334
002318.SZ,11.945571,11.945571,0.00011745066,0.00018804062,0.39416635,0.3560606,1,10,1,1.0,0.0,-0.97923625,18.585836,0.0
002319.SZ,19.71284,19.71284,0.0001687822,0.00018804062,0.39583302,0.21663173,1,12,252,0.6296296,0.0,-1.8194351,-18.851961,0.37037036
002320.SZ,17.17102,17.17102,0.00015590551,0.00018804062,0.39749968,0.32747456,1,34,43,0.5744681,0.0,-0.8924744,14.530048,0.42553192
002321.SZ,10.4166,10.4166,0.00010874531,0.00018804062,0.3849997,0.12689394,1,93,192,0.93939394,0.0,-1.6620939,-19.29483,0.060606062
002322.SZ,18.637936,18.637936,0.00016782136,0.00018804062,0.38166636,0.23698781,1,12,252,0.4883721,0.0,-1.2533138,7.088501,0.5116279
002323.SZ,30.324808,30.324808,0.00023193478,0.00018804062,0.41499966,0.17662337,1,24,84,0.9285714,0.0,-1.0638179,-16.139942,0.071428575
002324.SZ,14.486965,14.486965,0.00015141237,0.00018804062,0.35874972,0.23674242,1,95,151,0.6666667,0.0,-0.9561424,2.481738,0.33333334
002326.SZ,11.459194,11.459194,0.00010849771,0.00018804062,0.39166635,0.37096775,1,1,211,0.9375,0.0,-1.7652063,-28.656939,0.0625
002327.SZ,13.490145,13.490145,0.00013806057,0.00018804062,0.38166636,0.19139785,1,51,81,0.5483871,0.0,-1.249358,8.2401085,0.4516129
002328.SZ,22.170706,22.170706,0.00020442503,0.00018804062,0.39083302,0.1621244,1,87,102,0.6481481,0.0,-1.3064203,8.449467,0.35185185
002329.SZ,18.347506,18.347506,0.00017607039,0.00018804062,0.37666637,0.16329284,1,5,286,0.6666667,0.0,-0.9547256,1.9687186,0.33333334
002330.SZ,10.049534,10.049534,0.00011380908,0.00018804062,0.38416636,0.21839081,1,12,252,0.93333334,0.0,-1.1009634,-3.5813851,0.06666667
002331.SZ,22.265112,22.265112,0.00017229069,0.00018804062,0.39749968,0.32263815,1,12,252,0.9411765,0.0,-1.8479706,-29.771246,0.05882353
002332.SZ,17.841272,17.841272,0.00016369102,0.00018804062,0.37916636,0.2825397,1,74,159,0.33333334,0.0,-0.61731386,8.34885,0.6666667
002333.SZ,7.9198484,7.9198484,9.458716e-05,0.00018804062,0.37916636,0.29233512,1,91,229,0.85294116,0.0,-1.4682088,1.1103858,0.14705883
002334.SZ,12.889059,12.889059,0.00013527629,0.00018804062,0.37916636,0.23707666,1,12,252,0.6764706,0.0,-0.9824029,-0.42081597,0.32352942
002335.SZ,21.048168,21.048168,0.00019620234,0.00018804062,0.3554164,0.17780939,1,33,251,0.2631579,0.0,-1.5861447,4.0865803,0.7368421
002337.SZ,19.918463,19.918463,0.00018717631,0.00018804062,0.36124972,0.1358885,1,24,84,0.64285713,0.0,-1.6496928,2.5617611,0.35714287
002338.SZ,12.201018,12.201018,0.00012281403,0.00018804062,0.39083302,0.19914651,1,12,252,0.81578946,0.0,-2.2211633,7.20143,0.18421052
002339.SZ,11.754242,11.754242,0.000115780924,0.00018804062,0.38666636,0.3240418,1,74,159,0.9285714,0.0,-1.1582716,-21.68805,0.071428575
002340.SZ,12.638895,12.638895,0.00013014663,0.00018804062,0.3674997,0.2015873,1,87,102,0.8611111,0.0,-1.6859751,-0.4318856,0.1388889
002342.SZ,76.2584,76.2584,0.0005617195,0.00018804062,0.44749966,0.12212644,1,34,43,0.91034484,0.0,-0.6685986,2.9227455,0.089655176
002343.SZ,12.078658,12.078658,0.00012027877,0.00018804062,0.39583302,0.27450982,1,87,102,0.88235295,0.0,-0.8537265,-21.003534,0.11764706
002344.SZ,17.411402,17.411402,0.00016705786,0.00018804062,0.37166637,0.31907308,1,32,38,0.44117647,0.0,-0.60282654,1.3942444,0.5588235
002345.SZ,15.497944,15.497944,0.00015253846,0.00018804062,0.3849997,0.25210086,1,74,159,0.4857143,0.0,-0.6650258,10.315681,0.51428574
002346.SZ,16.443634,16.443634,0.00015355891,0.00018804062,0.38666636,0.24696356,1,21,149,0.8717949,0.0,-0.81500256,14.802608,0.12820514
002347.SZ,19.963934,19.963934,0.00017187423,0.00018804062,0.3999997,0.23215686,1,103,2,0.98039216,0.0,-1.591257,-19.097855,0.019607844
002348.SZ,24.284653,24.284653,0.00019352729,0.00018804062,0.39083302,0.23764706,1,1,211,0.8235294,0.0,-1.6969706,-17.836922,0.1764706
002349.SZ,16.086626,16.086626,0.0001537688,0.00018804062,0.3749997,0.39687055,1,30,30,0.47368422,0.0,-0.76857644,13.642625,0.5263158
002350.SZ,14.104928,14.104928,0.00014513856,0.00018804062,0.37041637,0.20362903,1,22,208,0.8125,0.0,-0.9104594,5.8250394,0.1875
002351.SZ,17.34258,17.34258,0.00015872075,0.00018804062,0.403333,0.3485064,1,59,157,0.65789473,0.0,-1.200563,16.736942,0.34210527
002352.SZ,20.002918,20.002918,0.00019002536,0.00018804062,0.35374972,0.14844805,1,12,252,0.25641027,0.0,-1.3475435,0.890687,0.74358976
002353.SZ,10.323135,10.323135,0.000107364496,0.00018804062,0.40416634,0.27021042,1,5,286,0.95348835,0.0,-0.96077675,15.217116,0.046511628
002354.SZ,17.351269,17.351269,0.00015764167,0.00018804062,0.398333,0.3109756,1,34,43,0.36585367,0.0,-1.0163074,-4.8425517,0.63414633
002355.SZ,23.536871,23.536871,0.00018389676,0.00018804062,0.38833302,0.29871795,1,74,159,0.975,0.0,-1.3060925,-22.698385,0.025
002356.SZ,15.4943495,15.4943495,0.00016116684,0.00018804062,0.37416637,0.20634921,1,57,68,0.8611111,0.0,-0.5806556,0.89119804,0.1388889
002357.SZ,16.612522,16.612522,0.00016478346,0.00018804062,0.37666637,0.12941177,1,89,72,0.7714286,0.0,-1.1288543,9.262254,0.22857143
002358.SZ,12.86897,12.86897,0.00013226882,0.00018804062,0.3624997,0.20320855,1,93,192,0.7647059,0.0,-1.5116646,5.3074913,0.23529412
002360.SZ,15.4995985,15.4995985,0.00014709712,0.00018804062,0.3849997,0.20793651,1,12,252,0.6111111,0.0,0.0008361207,-1.3943934,0.3888889
002361.SZ,47.74126,47.74126,0.00036208515,0.00018804062,0.42499968,0.19354838,1,20,96,0.8924731,0.0,-0.0012527435,2.0544183,0.10752688
002362.SZ,18.930101,18.930101,0.00014785457,0.00018804062,0.39166635,0.4185606,1,12,252,0.8484849,0.0,-1.7855425,-30.790117,0.15151516
002363.SZ,12.9390745,12.9390745,0.00013302868,0.00018804062,0.3566664,0.21512605,1,74,159,0.62857145,0.0,-1.9919087,3.194626,0.37142858
002364.SZ,19.40052,19.40052,0.00017609845,0.00018804062,0.40916634,0.13647059,1,33,251,0.5882353,0.0,-1.2599491,3.4020677,0.4117647
002365.SZ,16.99256,16.99256,0.00017216548,0.00018804062,0.3749997,0.14224751,1,29,12,0.94736844,0.0,-1.6178553,4.2799845,0.05263158
002366.SZ,14.84042,14.84042,0.00014327707,0.00018804062,0.38666636,0.20199147,1,12,252,0.5263158,0.0,-1.5569028,-8.651979,0.47368422
002367.SZ,12.544754,12.544754,0.00013006036,0.00018804062,0.36583304,0.1827957,1,34,43,0.58064514,0.0,-1.1670871,3.6548276,0.41935483
002368.SZ,16.796045,16.796045,0.00016008534,0.00018804062,0.36666638,0.30871212,1,32,38,0.45454547,0.0,-0.80976063,3.204327,0.54545456
002369.SZ,37.303066,37.303066,0.00027115474,0.00018804062,0.403333,0.24124295,1,91,229,0.6333333,0.0,-1.6973783,-16.463453,0.36666667
002370.SZ,17.208736,17.208736,0.00015882685,0.00018804062,0.39583302,0.20975609,1,23,94,0.85365856,0.0,-1.7753171,14.724313,0.14634146
002371.SZ,20.363688,20.363688,0.00018093475,0.00018804062,0.37416637,0.20107962,1,77,117,0.35897437,0.0,-1.3880104,4.7163124,0.64102566
002372.SZ,20.690056,20.690056,0.00018158543,0.00018804062,0.400833,0.24818578,1,15,191,0.5471698,0.0,-1.0892321,12.45372,0.4528302
002373.SZ,10.851977,10.851977,0.00011423149,0.00018804062,0.36708304,0.09274194,1,1,211,0.875,0.0,-0.8775313,2.169611,0.125
002374.SZ,29.272284,29.272284,0.00021936429,0.00018804062,0.3899997,0.31707317,1,74,159,0.6666667,0.0,-1.5472524,-22.650782,0.33333334
002375.SZ,15.486284,15.486284,0.00014798026,0.00018804062,0.37666637,0.12701613,1,95,151,0.84375,0.0,-2.3557377,-4.626771,0.15625
002376.SZ,19.439917,19.439917,0.00018185469,0.00018804062,0.38583302,0.19061166,1,94,65,0.7894737,0.0,-1.2244104,-1.0375572,0.21052632
002377.SZ,18.182964,18.182964,0.00017109794,0.00018804062,0.36916637,0.14444445,1,61,124,0.6944444,0.0,-1.2487638,1.7531561,0.30555555
002378.SZ,16.810928,16.810928,0.00014759644,0.00018804062,0.39083302,0.32698414,1,21,149,0.9444444,0.0,-1.4698694,11.884999,0.055555556
002379.SZ,79.96634,79.96634,0.00067725626,0.00018804062,0.48583296,0.07667139,1,69,305,0.9221311,0.0,-1.05798,14.305584,0.07786885
002380.SZ,8.224417,8.224417,9.1084905e-05,0.00018804062,0.36291638,0.109848484,1,33,251,0.8787879,0.0,-0.8437485,-1.8215696,0.121212125
002381.SZ,19.69402,19.69402,0.0001756581,0.00018804062,0.36333305,0.4185606,1,11,17,0.5151515,0.0,-1.3726606,1.0634612,0.4848485
002382.SZ,20.625046,20.625046,0.00019193269,0.00018804062,0.37166637,0.114285715,1,1,211,0.74285716,0.0,-0.6350857,5.5236077,0.25714287
002383.SZ,17.527983,17.527983,0.00017187299,0.00018804062,0.3774997,0.16410257,1,5,286,0.675,0.0,-2.5938075,1.7599255,0.325
002384.SZ,16.69258,16.69258,0.00014807568,0.00018804062,0.40833303,0.1480111,1,91,229,0.82978725,0.0,-1.3080341,0.96710944,0.17021276
002385.SZ,17.387117,17.387117,0.00016879395,0.00018804062,0.3516664,0.1697479,1,12,252,0.25714287,0.0,-1.9669486,2.6822886,0.74285716
002386.SZ,17.999102,17.999102,0.00017629279,0.00018804062,0.3799997,0.14709851,1,74,159,0.84615386,0.0,-0.9312923,1.4194468,0.15384616
002387.SZ,33.35179,33.35179,0.00024990036,0.00018804062,0.39916635,0.30530614,1,11,17,0.68,0.0,-1.8448181,-19.021734,0.32
002388.SZ,17.71981,17.71981,0.0001697401,0.00018804062,0.35999972,0.19703104,1,40,114,0.4871795,0.0,-1.6921203,2.3434541,0.51282054
002389.SZ,23.040565,23.040565,0.00018259132,0.00018804062,0.37583303,0.28812057,1,15,191,0.875,0.0,-1.0159249,3.1668377,0.125
002390.SZ,15.617975,15.617975,0.00015994738,0.00018804062,0.3554164,0.23295455,1,27,217,0.42424244,0.0,-1.1225727,4.084503,0.57575756
002391.SZ,11.938883,11.938883,0.00012821649,0.00018804062,0.3649997,0.26585695,1,27,217,0.82051283,0.0,-0.68414104,3.3969622,0.17948718
002392.SZ,10.728509,10.728509,0.00011911329,0.00018804062,0.37416637,0.21370968,1,13,40,0.90625,0.0,-1.2668155,1.3970068,0.09375
002393.SZ,16.303774,16.303774,0.00015032139,0.00018804062,0.38583302,0.30454043,1,34,43,0.6744186,0.0,-0.72073495,12.654487,0.3255814
002394.SZ,20.047808,20.047808,0.00018669254,0.00018804062,0.36583304,0.24324325,1,93,192,0.4473684,0.0,-1.4940445,4.7128067,0.55263156
002395.SZ,17.82475,17.82475,0.00016950167,0.00018804062,0.403333,0.13765182,1,33,251,0.43589744,0.0,-1.3349718,6.3182635,0.5641026
002396.SZ,13.857784,13.857784,0.00013728248,0.00018804062,0.3699997,0.13825758,1,57,68,0.75757575,0.0,-3.4177058,4.990426,0.24242425
002397.SZ,14.985734,14.985734,0.00015474817,0.00018804062,0.35208303,0.13508065,1,91,229,0.625,0.0,-0.7565719,4.5840406,0.375
002398.SZ,19.821022,19.821022,0.00018607445,0.00018804062,0.3699997,0.17948718,1,77,117,0.4871795,0.0,-0.3863487,3.1845849,0.51282054
002399.SZ,12.067641,12.067641,0.00012427567,0.00018804062,0.37583303,0.109848484,1,91,229,0.6060606,0.0,-1.7205848,-0.8947897,0.3939394
002400.SZ,11.794132,11.794132,0.00012270195,0.00018804062,0.35874972,0.16129032,1,13,40,0.96875,0.0,0.13077813,-1.2579219,0.03125
002401.SZ,9.206252,9.206252,0.000103999475,0.00018804062,0.36083305,0.2042042,1,80,208,0.9189189,0.0,-0.6236243,0.253108,0.08108108
002402.SZ,17.78655,17.78655,0.00017266722,0.00018804062,0.38166636,0.121816166,1,15,191,0.8372093,0.0,-1.647749,6.468178,0.1627907
002403.SZ,15.127312,15.127312,0.00014671596,0.00018804062,0.39916635,0.1697479,1,91,229,0.74285716,0.0,-1.3156685,-13.828398,0.25714287
002404.SZ,16.626816,16.626816,0.00016606625,0.00018804062,0.37916636,0.19358975,1,27,217,0.7,0.0,-0.9789525,3.380507,0.3
002405.SZ,21.832697,21.832697,0.0001847685,0.00018804062,0.39166635,0.21343537,1,12,252,0.5510204,0.0,-1.6807286,-14.332858,0.4489796
002406.SZ,16.745092,16.745092,0.0001621018,0.00018804062,0.37083304,0.24871795,1,34,43,0.4,0.0,-1.217775,2.7560441,0.6
002407.SZ,19.326475,19.326475,0.00018497655,0.00018804062,0.37416637,0.2784091,1,77,117,0.33333334,0.0,-1.2646424,1.213131,0.6666667
002408.SZ,20.904629,20.904629,0.00019878603,0.00018804062,0.3479164,0.21337126,1,15,191,0.36842105,0.0,-1.3428447,3.3502922,0.6315789
002409.SZ,18.76132,18.76132,0.00018276481,0.00018804062,0.37333304,0.07058824,1,19,162,0.6571429,0.0,-2.5626311,3.9390485,0.34285715
002410.SZ,15.03043,15.03043,0.00014649413,0.00018804062,0.3899997,0.2027027,1,91,229,0.7297297,0.0,-1.2322676,9.964524,0.27027026
002412.SZ,15.1484995,15.1484995,0.00014250315,0.00018804062,0.3799997,0.26190478,1,102,50,0.5555556,0.0,-1.5824306,6.4237747,0.44444445
002413.SZ,19.736988,19.736988,0.00017753486,0.00018804062,0.40499967,0.14954577,1,91,229,0.6851852,0.0,-1.7372705,-5.956559,0.3148148
002414.SZ,21.975386,21.975386,0.00020300725,0.00018804062,0.3824997,0.17641844,1,15,191,0.5416667,0.0,-2.164402,2.7622144,0.45833334
002415.SZ,16.995272,16.995272,0.00015372249,0.00018804062,0.40749967,0.28609985,1,13,40,0.7948718,0.0,-1.0753845,12.960823,0.20512821
002416.SZ,5.553771,5.553771,7.399405e-05,0.00018804062,0.37916636,0.12298387,1,80,208,0.9375,0.0,0.12702501,6.212488,0.0625
002418.SZ,36.319744,36.319744,0.00030998955,0.00018804062,0.40166634,0.18123497,1,90,27,0.9195402,0.0,0.051889602,0.41603032,0.08045977
002419.SZ,20.196829,20.196829,0.00018666648,0.00018804062,0.36083305,0.1511471,1,91,229,0.7948718,0.0,-1.6216232,-4.569183,0.20512821
002420.SZ,12.467017,12.467017,0.00013392104,0.00018804062,0.3724997,0.2184874,1,27,217,0.94285715,0.0,-1.6685085,4.0313945,0.057142857
002421.SZ,21.855148,21.855148,0.00017817151,0.00018804062,0.40666634,0.2691952,1,59,157,0.85106385,0.0,-1.6416001,-20.803059,0.14893617
002422.SZ,14.3350525,14.3350525,0.00014049611,0.00018804062,0.3824997,0.2117117,1,77,117,0.8378378,0.0,-1.400211,9.5314865,0.16216215
002423.SZ,15.049271,15.049271,0.00015110507,0.00018804062,0.36083305,0.17923187,1,75,1,1.0,0.0,-0.79516584,4.9218545,0.0
002425.SZ,16.489944,16.489944,0.00014721963,0.00018804062,0.38916636,0.22435898,1,91,229,0.9,0.0,-1.2707925,-13.610479,0.1
002426.SZ,17.980337,17.980337,0.00017342762,0.00018804062,0.3924997,0.16578014,1,91,229,0.6041667,0.0,-1.6741918,-5.8667407,0.39583334
002427.SZ,18.32083,18.32083,0.00017957468,0.00018804062,0.36708304,0.11336032,1,91,229,0.51282054,0.0,-1.871323,3.974587,0.4871795
002428.SZ,271.64825,271.64825,0.001872049,0.00018804062,0.5191663,0.055602416,1,59,157,0.95348835,0.0,-1.7088819,3.9652014,0.046511628
002429.SZ,19.552912,19.552912,0.00017209123,0.00018804062,0.3724997,0.4090909,1,11,17,0.5151515,0.0,-1.6260486,5.9136543,0.4848485
002430.SZ,14.500795,14.500795,0.00014394619,0.00018804062,0.37333304,0.19102564,1,77,117,0.7,0.0,-0.5631375,1.6606379,0.3
002431.SZ,25.391672,25.391672,0.00019275506,0.00018804062,0.39666635,0.3918919,1,76,26,0.8648649,0.0,-1.3885813,-29.34985,0.13513513
002432.SZ,17.299501,17.299501,0.00015706058,0.00018804062,0.39749968,0.25692138,1,77,117,0.5813953,0.0,-1.1794325,11.113397,0.41860464
002434.SZ,11.001557,11.001557,0.00011968171,0.00018804062,0.37583303,0.2240216,1,7,111,0.8974359,0.0,-2.0309896,7.5347166,0.102564104
002436.SZ,16.815825,16.815825,0.00015914088,0.00018804062,0.3849997,0.12912913,1,57,68,0.7837838,0.0,-1.4489053,-5.7683897,0.21621622
002437.SZ,20.617594,20.617594,0.00019262252,0.00018804062,0.38833302,0.12179487,1,91,229,0.65,0.0,-1.2982451,7.3319473,0.35
002438.SZ,17.942564,17.942564,0.00018367104,0.00018804062,0.3799997,0.17946346,1,91,229,0.78723407,0.0,-1.7940745,2.5726323,0.21276596
002439.SZ,17.958565,17.958565,0.00015602498,0.00018804062,0.3874997,0.30952382,1,93,192,0.8611111,0.0,-1.7386222,-14.486749,0.1388889
002440.SZ,9.42418,9.42418,0.00010914502,0.00018804062,0.34749973,0.15402299,1,76,26,0.8,0.0,-0.2677534,3.7064002,0.2
002441.SZ,17.445395,17.445395,0.00016451262,0.00018804062,0.3849997,0.20967741,1,33,251,0.5,0.0,-1.795975,0.47187924,0.5
002442.SZ,8.191796,8.191796,9.977928e-05,0.00018804062,0.35249972,0.21075268,1,76,26,0.8064516,0.0,-1.6386709,4.618407,0.19354838
002443.SZ,14.032262,14.032262,0.0001363876,0.00018804062,0.38083303,0.22016807,1,91,229,0.85714287,0.0,-0.70417714,6.596009,0.14285715
002444.SZ,16.941214,16.941214,0.00015923944,0.00018804062,0.403333,0.22705314,1,91,229,0.8913044,0.0,-1.2335782,13.441214,0.10869565
002445.SZ,16.564934,16.564934,0.00016869478,0.00018804062,0.37333304,0.20408164,1,80,208,0.94,0.0,-1.9237779,3.738966,0.06
002446.SZ,12.447058,12.447058,0.00012848667,0.00018804062,0.36583304,0.24705882,1,59,157,0.71428573,0.0,-1.9517057,1.7197875,0.2857143
002448.SZ,14.810033,14.810033,0.00014227959,0.00018804062,0.38333303,0.26666668,1,91,229,0.8888889,0.0,-1.8190267,10.8426,0.11111111
002449.SZ,15.344179,15.344179,0.00015454563,0.00018804062,0.37166637,0.12605043,1,91,229,0.4,0.0,-2.2183316,2.207248,0.6
002451.SZ,15.585685,15.585685,0.00014178791,0.00018804062,0.38166636,0.21919192,1,12,252,0.7111111,0.0,-1.0468667,2.3439379,0.2888889
002452.SZ,15.03218,15.03218,0.00015179299,0.00018804062,0.38833305,0.15853658,1,91,229,0.5365854,0.0,-0.61402446,5.5694942,0.46341464
002453.SZ,22.646523,22.646523,0.00017808686,0.00018804062,0.38916636,0.30156472,1,22,208,0.84210527,0.0,-1.3953948,-23.34851,0.15789473
002454.SZ,10.755878,10.755878,0.000116103096,0.00018804062,0.36916637,0.22063492,1,22,208,0.9166667,0.0,-1.546461,6.048867,0.083333336
002455.SZ,65.72632,65.72632,0.0005018545,0.00018804062,0.44083297,0.112943806,1,12,252,0.9591837,0.0,0.2901524,2.6207001,0.040816326
002456.SZ,21.82095,21.82095,0.00017443822,0.00018804062,0.3799997,0.24156545,1,12,252,0.6923077,0.0,-0.9720641,0.9450154,0.30769232
002457.SZ,11.334435,11.334435,0.00012067414,0.00018804062,0.37416637,0.16129032,1,69,305,0.9375,0.0,-1.0356281,-0.432037,0.0625
002458.SZ,16.093885,16.093885,0.00015832332,0.00018804062,0.35958305,0.24301076,1,77,117,0.4516129,0.0,-1.2324518,1.6930387,0.5483871
002459.SZ,18.946354,18.946354,0.0001608235,0.00018804062,0.39166635,0.2589852,1,91,229,0.6363636,0.0,-0.63996595,-21.522377,0.36363637
002460.SZ,14.221759,14.221759,0.00014451094,0.00018804062,0.37833303,0.13763441,1,57,68,0.8064516,0.0,-1.0579098,2.421125,0.19354838
002461.SZ,11.189337,11.189337,0.000113673275,0.00018804062,0.39166635,0.25376344,1,74,159,0.6451613,0.0,-0.8897355,11.198352,0.3548387
002462.SZ,12.309369,12.309369,0.00013297207,0.00018804062,0.3504164,0.23185484,1,57,68,1.0,0.0,-1.2403562,1.2416155,0.0
002463.SZ,17.365547,17.365547,0.00016641269,0.00018804062,0.3712497,0.17682926,1,77,117,0.58536583,0.0,-2.1750314,5.387828,0.41463414
002465.SZ,16.029776,16.029776,0.00014087484,0.00018804062,0.3924997,0.36219513,1,7,111,0.8780488,0.0,-2.1109266,-23.46691,0.12195122
002466.SZ,13.083549,13.083549,0.00013225719,0.00018804062,0.39416638,0.14112903,1,91,229,0.53125,0.0,-1.6356812,3.3594759,0.46875
002467.SZ,26.3023,26.3023,0.00020623088,0.00018804062,0.40499967,0.24251208,1,91,229,0.7173913,0.0,-1.6038564,-17.352898,0.2826087
002468.SZ,12.383897,12.383897,0.00013250743,0.00018804062,0.3529164,0.22857143,1,89,72,0.8611111,0.0,-1.4833667,5.6488547,0.1388889
002469.SZ,13.740987,13.740987,0.00014460347,0.00018804062,0.39583302,0.08912656,1,80,208,0.7058824,0.0,-1.4798352,1.6002376,0.29411766
002470.SZ,15.848921,15.848921,0.00015265078,0.00018804062,0.3849997,0.15126051,1,87,102,0.7714286,0.0,-0.33668858,1.3522776,0.22857143
002471.SZ,17.928547,17.928547,0.00016737942,0.00018804062,0.39583302,0.17907801,1,87,102,0.6458333,0.0,-0.76900214,-4.7722707,0.35416666
002472.SZ,21.029741,21.029741,0.00020457161,0.00018804062,0.3824997,0.12794612,1,19,162,0.74545455,0.0,-1.2664399,4.9732127,0.25454545
002474.SZ,16.279196,16.279196,0.00015725149,0.00018804062,0.408333,0.13180272,1,32,38,0.8979592,0.0,-1.8372142,-13.056804,0.10204082
002475.SZ,13.95714,13.95714,0.0001382245,0.00018804062,0.39499968,0.17777778,1,91,229,0.8,0.0,-1.2849934,15.492844,0.2
002476.SZ,13.085764,13.085764,0.00013933265,0.00018804062,0.36041638,0.23529412,1,91,229,0.64705884,0.0,-0.038708847,1.3339177,0.3529412
002478.SZ,13.275399,13.275399,0.00013916373,0.00018804062,0.36916637,0.17011495,1,27,217,0.8666667,0.0,-1.4777865,4.87884,0.13333334
002479.SZ,16.272703,16.272703,0.00015544919,0.00018804062,0.36916637,0.375,1,34,43,0.21212122,0.0,-0.77493036,3.0422323,0.7878788
002480.SZ,18.986246,18.986246,0.0001651116,0.00018804062,0.39416635,0.23678647,1,27,217,0.84090906,0.0,-1.3388956,-21.18728,0.1590909
002481.SZ,10.770669,10.770669,0.00011585603,0.00018804062,0.3712497,0.14408602,1,80,208,0.7741935,0.0,-0.07197743,0.57006824,0.22580644
002482.SZ,21.050648,21.050648,0.00015679488,0.00018804062,0.3924997,0.4294355,1,1,211,0.875,0.0,-1.997853,-34.65823,0.125
002483.SZ,20.947544,20.947544,0.00019265193,0.00018804062,0.3662497,0.28460687,1,34,43,0.3488372,0.0,-1.2825722,2.9892013,0.6511628
002484.SZ,14.042256,14.042256,0.00013519339,0.00018804062,0.39499968,0.25035563,1,22,208,0.5263158,0.0,-1.7850027,11.801444,0.47368422
002486.SZ,12.964541,12.964541,0.000130436,0.00018804062,0.3649997,0.121212125,1,57,68,0.7058824,0.0,-0.23491468,5.2892146,0.29411766
002487.SZ,16.47045,16.47045,0.00015546441,0.00018804062,0.40166634,0.21483943,1,91,229,0.60465115,0.0,-0.80530226,8.376515,0.39534885
002488.SZ,16.550793,16.550793,0.00015845054,0.00018804062,0.36916637,0.17273954,1,22,208,0.64102566,0.0,-0.78343326,4.483355,0.35897437
002489.SZ,12.714819,12.714819,0.0001354839,0.00018804062,0.3554164,0.19959678,1,91,229,0.59375,0.0,-0.7181594,4.9920125,0.40625
002490.SZ,166.36739,166.36739,0.0011239686,0.00018804062,0.45916632,0.099753186,1,21,149,0.959276,0.0,-1.5981283,1.8920989,0.040723983
002491.SZ,144.8033,144.8033,0.0009766815,0.00018804062,0.45249963,0.123663574,1,74,159,0.8532609,0.0,-1.3725244,1.5784746,0.14673913
002492.SZ,15.327934,15.327934,0.0001464146,0.00018804062,0.38583302,0.25900117,1,76,26,0.8333333,0.0,-2.1186476,-11.798115,0.16666667
002493.SZ,16.28724,16.28724,0.000161993,0.00018804062,0.35874972,0.17540322,1,90,27,0.75,0.0,-0.5511875,0.47642565,0.25
002494.SZ,17.224672,17.224672,0.0001702382,0.00018804062,0.37916636,0.11962834,1,74,159,0.5714286,0.0,-0.36638808,3.623716,0.42857143
002495.SZ,15.62671,15.62671,0.00015644029,0.00018804062,0.35874972,0.15524194,1,91,229,0.65625,0.0,-0.9580344,4.96695,0.34375
002497.SZ,15.44187,15.44187,0.00015761454,0.00018804062,0.36208305,0.080213904,1,91,229,0.5588235,0.0,-1.8133883,1.787167,0.44117647
002498.SZ,20.139336,20.139336,0.00019040206,0.00018804062,0.36791638,0.25975975,1,94,65,0.4054054,0.0,-1.5457109,2.3571892,0.5945946
002500.SZ,18.493841,18.493841,0.00018020578,0.00018804062,0.36333305,0.11261261,1,33,251,0.6216216,0.0,-1.3350567,3.4087243,0.3783784
002501.SZ,40.442326,40.442326,0.00027689678,0.00018804062,0.39416635,0.26595744,1,77,117,0.6458333,0.0,-1.5593271,-20.054888,0.35416666
002506.SZ,29.657637,29.657637,0.00021990709,0.00018804062,0.38666636,0.29457363,1,21,149,0.55813956,0.0,-0.83741397,-22.253649,0.44186047
002507.SZ,18.504515,18.504515,0.00016704988,0.00018804062,0.38666636,0.30048308,1,12,252,0.5217391,0.0,-0.2751587,12.160406,0.47826087
002508.SZ,11.542938,11.542938,0.000112651054,0.00018804062,0.3824997,0.42689076,1,15,191,0.7714286,0.0,-0.4562972,13.584716,0.22857143
002510.SZ,12.243686,12.243686,0.00012911682,0.00018804062,0.35791638,0.18487395,1,91,229,0.94285715,0.0,-1.3848772,5.1022315,0.057142857
002511.SZ,8.773516,8.773516,0.0001018327,0.00018804062,0.37916636,0.3034483,1,32,38,0.9,0.0,-0.79222,12.517614,0.1
002513.SZ,206.87976,206.87976,0.001267104,0.00018804062,0.45999962,0.14217687,1,77,117,0.93877554,0.0,-1.6174066,-18.853016,0.06122449
002514.SZ,37.322987,37.322987,0.0002643765,0.00018804062,0.39499968,0.24165457,1,15,191,0.9433962,0.0,-1.563185,-17.168428,0.056603774
002515.SZ,13.3311405,13.3311405,0.00013576115,0.00018804062,0.38333303,0.14393939,1,33,251,0.6363636,0.0,0.0049697487,1.688831,0.36363637
002516.SZ,15.359108,15.359108,0.00015837504,0.00018804062,0.37666637,0.15555556,1,91,229,0.6388889,0.0,-1.3860639,6.176628,0.3611111
002517.SZ,48.618443,48.618443,0.00039693798,0.00018804062,0.413333,0.20929535,1,91,229,0.9137931,0.0,-0.60079134,10.774773,0.0862069
002518.SZ,16.598902,16.598902,0.00016128809,0.00018804062,0.35874972,0.34789917,1,15,191,0.25714287,0.0,-0.99281716,4.7290816,0.74285716
002519.SZ,15.224857,15.224857,0.00014010035,0.00018804062,0.3899997,0.31428573,1,24,84,0.71428573,0.0,-2.231143,-20.739367,0.2857143
002520.SZ,39.617756,39.617756,0.0002704781,0.00018804062,0.3924997,0.29386893,1,1,211,0.95454544,0.0,-1.8047001,-26.527973,0.045454547
002521.SZ,13.207404,13.207404,0.000139126,0.00018804062,0.3749997,0.15402299,1,33,251,0.76666665,0.0,-1.1361966,4.290316,0.23333333
002522.SZ,12.137823,12.137823,0.00012990335,0.00018804062,0.36416638,0.18850575,1,87,102,0.76666665,0.0,-2.9112365,3.0338953,0.23333333
002523.SZ,18.826483,18.826483,0.00018321144,0.00018804062,0.38333303,0.16063349,1,21,149,0.86538464,0.0,-1.3110288,3.5462909,0.13461539
002524.SZ,19.913092,19.913092,0.00015986373,0.00018804062,0.400833,0.2843552,1,27,217,0.77272725,0.0,-1.1261864,-23.066742,0.22727273
002526.SZ,16.998999,16.998999,0.00017267645,0.00018804062,0.3674997,0.11564626,1,27,217,0.75510204,0.0,-1.3376348,3.7256978,0.24489796
002527.SZ,85.12841,85.12841,0.0005979668,0.00018804062,0.42416632,0.16666667,1,43,94,0.9583333,0.0,-1.0387416,1.4736952,0.041666668
002530.SZ,12.879879,12.879879,0.00013438246,0.00018804062,0.37916636,0.23477298,1,32,38,0.8372093,0.0,-1.9366884,5.6282315,0.1627907
002531.SZ,14.213891,14.213891,0.00013812051,0.00018804062,0.39499968,0.18095239,1,80,208,0.5277778,0.0,-0.76651376,-14.83686,0.4722222
002532.SZ,13.857361,13.857361,0.00013768022,0.00018804062,0.39749968,0.2762763,1,80,208,0.7567568,0.0,-0.68018657,17.609732,0.24324325
002533.SZ,9.676795,9.676795,0.00010319256,0.00018804062,0.39999968,0.26190478,1,13,40,0.9166667,0.0,-1.3642222,17.22054,0.083333336
002534.SZ,14.616017,14.616017,0.00014071874,0.00018804062,0.38916636,0.2321839,1,77,117,0.33333334,0.0,-1.1548101,3.2131689,0.6666667
002535.SZ,18.395826,18.395826,0.00017366363,0.00018804062,0.37666637,0.12802276,1,93,192,0.84210527,0.0,-1.7822131,3.2137754,0.15789473
002536.SZ,18.056534,18.056534,0.00017697837,0.00018804062,0.39083302,0.13098039,1,15,191,0.8039216,0.0,-1.0258216,2.3937283,0.19607843
002537.SZ,14.20729,14.20729,0.00014458167,0.00018804062,0.36291638,0.13174604,1,91,229,0.5277778,0.0,-1.5958611,5.538764,0.4722222
002539.SZ,18.216427,18.216427,0.00017994162,0.00018804062,0.36208305,0.25846702,1,91,229,0.44117647,0.0,-1.6281706,2.0498734,0.5588235
002540.SZ,15.041577,15.041577,0.00015560402,0.00018804062,0.35374972,0.15725806,1,12,252,0.34375,0.0,-1.5171094,5.4775405,0.65625
002541.SZ,12.49763,12.49763,0.00013349061,0.00018804062,0.38833302,0.17931035,1,94,65,0.53333336,0.0,-1.8702834,5.073595,0.46666667
002542.SZ,448.2519,448.2519,0.0031739569,0.00018804062,0.5758329,0.03700897,1,13,40,0.988792,0.0,-1.3188928,-9.763891,0.01120797
002543.SZ,8.000234,8.000234,9.2566515e-05,0.00018804062,0.3874997,0.38064516,1,91,229,0.83870965,0.0,-0.42441294,19.471903,0.16129032
002544.SZ,93.50372,93.50372,0.0006593226,0.00018804062,0.4366663,0.1471171,1,57,68,0.92086333,0.0,-1.1092072,1.5464431,0.07913669
002545.SZ,14.539344,14.539344,0.00014480492,0.00018804062,0.39749968,0.19959678,1,33,251,0.4375,0.0,-1.1440219,9.327332,0.5625
002546.SZ,17.70325,17.70325,0.00017520606,0.00018804062,0.3566664,0.35795453,1,30,30,0.33333334,0.0,-0.9248152,5.888587,0.6666667
002547.SZ,15.397004,15.397004,0.00013303185,0.00018804062,0.40416637,0.27195123,1,77,117,0.8292683,0.0,-1.3918316,-19.06779,0.17073171
002548.SZ,10.890107,10.890107,0.000104525745,0.00018804062,0.38833302,0.43137255,1,94,65,0.85294116,0.0,-1.493706,-31.159252,0.14705883
002549.SZ,15.673292,15.673292,0.00015479355,0.00018804062,0.3849997,0.18461539,1,95,151,0.825,0.0,-0.986265,3.42514,0.175
002550.SZ,22.09833,22.09833,0.00019159263,0.00018804062,0.39416635,0.22588235,1,1,211,0.9607843,0.0,-1.0601196,12.538943,0.039215688
002551.SZ,12.480721,12.480721,0.00012756488,0.00018804062,0.3699997,0.11931818,1,40,114,0.6363636,0.0,-2.6863909,3.135038,0.36363637
002552.SZ,14.320002,14.320002,0.00014853601,0.00018804062,0.35916638,0.23186344,1,89,72,0.7894737,0.0,-1.475408,3.2128446,0.21052632
002553.SZ,67.05703,67.05703,0.00054930476,0.00018804062,0.44833297,0.10580445,1,5,286,0.83431953,0.0,-1.3407686,12.835683,0.16568047
002554.SZ,15.56701,15.56701,0.00015380137,0.00018804062,0.38416636,0.18494624,1,80,208,0.7741935,0.0,-0.04419678,-1.2803477,0.22580644
002555.SZ,23.473257,23.473257,0.0002001353,0.00018804062,0.38583302,0.29598308,1,77,117,0.8181818,0.0,-0.951325,13.166849,0.18181819
002556.SZ,9.302727,9.302727,0.000106221596,0.00018804062,0.35708305,0.11954023,1,33,251,0.73333335,0.0,-0.65454006,-1.5700835,0.26666668
002557.SZ,15.87748,15.87748,0.00016206621,0.00018804062,0.35208306,0.23106061,1,12,252,0.3030303,0.0,-0.67514247,2.7040563,0.6969697
002558.SZ,29.728844,29.728844,0.00025799195,0.00018804062,0.41416636,0.23650034,1,91,229,0.7922078,0.0,-1.296096,8.559472,0.20779221
002559.SZ,14.129362,14.129362,0.00014955692,0.00018804062,0.36666638,0.15864527,1,91,229,0.5588235,0.0,-1.125206,3.4836082,0.44117647
002560.SZ,39.796814,39.796814,0.00034224018,0.00018804062,0.413333,0.1425303,1,95,151,0.9680851,0.0,0.364051,5.4349976,0.031914894
002561.SZ,16.010635,16.010635,0.00015071641,0.00018804062,0.37583303,0.12689394,1,52,65,0.8181818,0.0,-1.2823424,-6.260863,0.18181819
002562.SZ,7.3187895,7.3187895,9.0792455e-05,0.00018804062,0.3516664,0.33669356,1,13,40,1.0,0.0,0.4786906,5.5228,0.0
002563.SZ,10.420305,10.420305,0.0001181662,0.00018804062,0.35749972,0.24624625,1,76,26,0.8378378,0.0,-1.0676324,3.2141232,0.16216215
002564.SZ,38.56232,38.56232,0.00029921552,0.00018804062,0.40499967,0.24582967,1,34,43,0.6764706,0.0,-1.5010266,10.608185,0.32352942
002565.SZ,43.04026,43.04026,0.00033627654,0.00018804062,0.43416634,0.17064048,1,77,117,0.8817204,0.0,-0.4536344,0.898142,0.11827957
002566.SZ,21.59218,21.59218,0.00019905437,0.00018804062,0.35916638,0.2807808,1,74,159,0.3783784,0.0,-1.2734513,1.6504734,0.6216216
002567.SZ,9.317914,9.317914,9.22763e-05,0.00018804062,0.3899997,0.42540324,1,76,26,0.96875,0.0,-1.6523468,-31.276531,0.03125
002568.SZ,12.022753,12.022753,0.00011460213,0.00018804062,0.3849997,0.51724136,1,74,159,1.0,0.0,0.10280666,15.563102,0.0
002570.SZ,10.072612,10.072612,0.00011583876,0.00018804062,0.3529164,0.26236558,1,27,217,0.87096775,0.0,-0.60045165,3.1450422,0.12903225
002571.SZ,19.47013,19.47013,0.00016872343,0.00018804062,0.40999967,0.20163265,1,57,68,0.7,0.0,-1.10227,-18.280407,0.3
002572.SZ,16.189587,16.189587,0.00015936671,0.00018804062,0.3824997,0.16329284,1,12,252,0.4871795,0.0,-1.1745846,8.4448,0.51282054
002573.SZ,9.831886,9.831886,0.00011253779,0.00018804062,0.36083305,0.30040324,1,87,102,0.9375,0.0,-0.4579437,3.4055781,0.0625
002574.SZ,11.113893,11.113893,0.00010871339,0.00018804062,0.38833302,0.32605043,1,91,229,0.7714286,0.0,-1.0266458,-27.628061,0.22857143
002575.SZ,19.331194,19.331194,0.00017762135,0.00018804062,0.39749968,0.2628205,1,32,38,0.425,0.0,-0.71938246,-3.918346,0.575
002576.SZ,10.893734,10.893734,0.00012034781,0.00018804062,0.3687497,0.41075268,1,20,96,0.8064516,0.0,-1.7705678,5.9489574,0.19354838
002577.SZ,15.276917,15.276917,0.00013890759,0.00018804062,0.3774997,0.32380953,1,57,68,0.7777778,0.0,-1.1431084,2.0233388,0.22222222
002578.SZ,21.249239,21.249239,0.000194392,0.00018804062,0.34833306,0.25378153,1,77,117,0.31428573,0.0,-1.0869857,3.1812143,0.6857143
002579.SZ,16.152817,16.152817,0.00015207399,0.00018804062,0.37333304,0.13333334,1,43,94,0.8055556,0.0,-1.3396777,1.085989,0.19444445
002580.SZ,27.384783,27.384783,0.00023585299,0.00018804062,0.39999968,0.21415608,1,33,251,0.6034483,0.0,-0.84311026,7.0741315,0.39655173
002582.SZ,16.437967,16.437967,0.00015962457,0.00018804062,0.37041637,0.2172043,1,94,65,0.516129,0.0,-1.3094289,4.558997,0.48387095
002583.SZ,22.290182,22.290182,0.00018008321,0.00018804062,0.39666635,0.26956522,1,15,191,0.54347825,0.0,-2.1305544,-19.552979,0.45652175
002584.SZ,13.948283,13.948283,0.00013407695,0.00018804062,0.3799997,0.24621212,1,74,159,0.8181818,0.0,-2.0284576,-18.168434,0.18181819
002585.SZ,15.1545515,15.1545515,0.00014585526,0.00018804062,0.39333302,0.18018018,1,74,159,0.8378378,0.0,-2.1484594,-12.900147,0.16216215
002587.SZ,16.706516,16.706516,0.00016404594,0.00018804062,0.3516664,0.26008064,1,77,117,0.4375,0.0,-1.5980344,2.7164502,0.5625
002588.SZ,15.493166,15.493166,0.00015776741,0.00018804062,0.3674997,0.10752688,1,29,12,0.8064516,0.0,-0.34420967,6.108294,0.19354838
002589.SZ,17.46975,17.46975,0.00016825333,0.00018804062,0.36666638,0.120910384,1,91,229,0.4473684,0.0,-1.0694448,3.7734287,0.55263156
002590.SZ,17.412947,17.412947,0.00016820233,0.00018804062,0.35708305,0.34252873,1,74,159,0.3,0.0,-1.2955601,5.6153083,0.7
002591.SZ,16.866488,16.866488,0.00016702377,0.00018804062,0.36458305,0.11827957,1,87,102,0.516129,0.0,-0.43744192,1.8783555,0.48387095
002593.SZ,13.681274,13.681274,0.0001393643,0.00018804062,0.3662497,0.15862069,1,12,252,0.46666667,0.0,-0.7610101,1.2945633,0.53333336
002594.SZ,12.686278,12.686278,0.00013367884,0.00018804062,0.3849997,0.2159091,1,91,229,0.54545456,0.0,-0.5952303,10.76897,0.45454547
002595.SZ,24.1279,24.1279,0.0002062933,0.00018804062,0.410833,0.25616837,1,5,286,0.7735849,0.0,-1.0725284,15.762064,0.2264151
002596.SZ,20.200695,20.200695,0.000149719,0.00018804062,0.39666635,0.46774194,1,91,229,0.90625,0.0,-1.2031,-33.99069,0.09375
002597.SZ,13.8518305,13.8518305,0.00014939984,0.00018804062,0.35749972,0.25210086,1,51,81,0.8857143,0.0,-1.4383028,5.8837657,0.114285715
002599.SZ,11.129803,11.129803,0.00012074489,0.00018804062,0.3516664,0.08735632,1,5,286,0.8,0.0,-0.85952663,1.6515167,0.2
002600.SZ,10.553802,10.553802,0.000116395015,0.00018804062,0.36333305,0.23870967,1,69,305,0.83870965,0.0,-1.3633966,6.5877223,0.16129032
002601.SZ,15.933477,15.933477,0.00016254814,0.00018804062,0.3566664,0.13333334,1,21,149,0.46666667,0.0,-0.8147633,1.9897832,0.53333336
002602.SZ,18.603743,18.603743,0.0001618339,0.00018804062,0.3849997,0.36638656,1,77,117,0.74285716,0.0,-0.8042857,16.674957,0.25714287
002603.SZ,16.771343,16.771343,0.00015413435,0.00018804062,0.38833302,0.31591174,1,57,68,0.78571427,0.0,-0.885712,14.832031,0.21428572
002605.SZ,11.491955,11.491955,0.00011324229,0.00018804062,0.38083303,0.43225807,1,27,217,0.9032258,0.0,-0.695729,17.400948,0.09677419
002606.SZ,19.130722,19.130722,0.00018185745,0.00018804062,0.36583304,0.43870968,1,30,30,0.2580645,0.0,-1.5434837,2.3506527,0.7419355
002607.SZ,17.285406,17.285406,0.00015475032,0.00018804062,0.38333303,0.20793651,1,91,229,0.8611111,0.0,-1.7884583,8.510504,0.1388889
002608.SZ,17.017939,17.017939,0.0001723157,0.00018804062,0.37166637,0.21471472,1,91,229,0.6756757,0.0,-0.096805416,4.6125593,0.3243243
002609.SZ,10.801813,10.801813,0.000120446566,0.00018804062,0.35208306,0.12873563,1,76,26,0.76666665,0.0,-1.7822232,2.24479,0.23333333
002611.SZ,18.386925,18.386925,0.00016777482,0.00018804062,0.40749967,0.21602787,1,90,27,0.64285713,0.0,-0.63184047,8.071539,0.35714287
002612.SZ,15.558991,15.558991,0.00014051907,0.00018804062,0.39083302,0.40504202,1,57,68,0.9714286,0.0,-0.35796574,18.468323,0.028571429
002613.SZ,10.10274,10.10274,0.000110199464,0.00018804062,0.3749997,0.15172414,1,100,10,0.73333335,0.0,-0.8572633,1.2171596,0.26666668
002614.SZ,10.309338,10.309338,0.00011101253,0.00018804062,0.37333304,0.17419355,1,90,27,0.61290324,0.0,-1.587158,-6.6387444,0.38709676
002615.SZ,12.080854,12.080854,0.00012661182,0.00018804062,0.36083305,0.10804598,1,91,229,0.8333333,0.0,-2.0783699,4.1966705,0.16666667
002616.SZ,16.867352,16.867352,0.00017007193,0.00018804062,0.35583305,0.13563219,1,91,229,0.46666667,0.0,-1.8299234,3.729616,0.53333336
002617.SZ,20.293522,20.293522,0.00017809759,0.00018804062,0.36458305,0.43908045,1,11,17,0.46666667,0.0,-0.19348669,-0.99887276,0.53333336
002622.SZ,17.90362,17.90362,0.00015879334,0.00018804062,0.39333302,0.2752613,1,34,43,0.47619048,0.0,-1.1817453,-12.599086,0.52380955
002623.SZ,16.63226,16.63226,0.00016390964,0.00018804062,0.38666636,0.20672269,1,5,286,0.7714286,0.0,-0.49547714,-11.218389,0.22857143
002624.SZ,10.842381,10.842381,0.00010561474,0.00018804062,0.38083303,0.34252873,1,19,162,0.8333333,0.0,-1.2290698,17.412533,0.16666667
002625.SZ,17.294867,17.294867,0.00016101004,0.00018804062,0.38833302,0.15913978,1,5,286,0.516129,0.0,-0.79076135,5.911284,0.48387095
002626.SZ,9.89847,9.89847,0.00010890106,0.00018804062,0.3849997,0.26008064,1,87,102,0.90625,0.0,-1.0635874,10.914884,0.09375
002627.SZ,14.97034,14.97034,0.00014953622,0.00018804062,0.36916637,0.09425288,1,33,251,0.7,0.0,-2.1563232,1.9684734,0.3
002628.SZ,12.919685,12.919685,0.00012754611,0.00018804062,0.39083305,0.23361345,1,21,149,0.82857144,0.0,-1.1003801,-19.999054,0.17142858
002629.SZ,60.961086,60.961086,0.0004378845,0.00018804062,0.41916633,0.24294631,1,1,211,0.9444444,0.0,-1.2598523,11.147631,0.055555556
002631.SZ,21.551682,21.551682,0.00018124658,0.00018804062,0.39333302,0.2535461,1,91,229,0.7916667,0.0,-2.0632622,-17.477055,0.20833333
002632.SZ,10.465001,10.465001,0.00011332545,0.00018804062,0.35499972,0.2229885,1,33,251,0.8666667,0.0,-2.0829496,2.43387,0.13333334
002633.SZ,9.809124,9.809124,9.384511e-05,0.00018804062,0.37166637,0.3586207,1,12,252,0.8,0.0,-0.62043995,0.47510338,0.2
002634.SZ,50.251907,50.251907,0.00038635498,0.00018804062,0.435833,0.1495614,1,21,149,0.90625,0.0,-0.98035,-8.538968,0.09375
002635.SZ,8.488672,8.488672,9.978568e-05,0.00018804062,0.3649997,0.28275862,1,19,162,0.8666667,0.0,-1.5796236,2.8600464,0.13333334
002636.SZ,16.686735,16.686735,0.00015987315,0.00018804062,0.3699997,0.121839084,1,95,151,0.96666664,0.0,-0.35976675,2.8083167,0.033333335
002637.SZ,10.0695,10.0695,0.000114598944,0.00018804062,0.3699997,0.28817204,1,76,26,0.8064516,0.0,-1.0085775,2.1575747,0.19354838
002638.SZ,83.28449,83.28449,0.00061774265,0.00018804062,0.448333,0.12390781,1,27,217,0.9532164,0.0,-1.7104374,-7.891853,0.046783626
002639.SZ,12.344221,12.344221,0.00011133706,0.00018804062,0.3824997,0.44153225,1,91,229,0.9375,0.0,-0.55267817,2.2230082,0.0625
002640.SZ,33.71157,33.71157,0.00022727979,0.00018804062,0.39583302,0.36336336,1,5,286,0.9459459,0.0,-1.1445702,-32.201996,0.054054055
002641.SZ,8.352009,8.352009,9.850057e-05,0.00018804062,0.37416637,0.25747126,1,91,229,0.8666667,0.0,-0.47522673,0.81068397,0.13333334
002642.SZ,14.769331,14.769331,0.00014842942,0.00018804062,0.3824997,0.1632184,1,96,56,0.93333334,0.0,-1.0497899,5.8254786,0.06666667
002643.SZ,19.041718,19.041718,0.00017357421,0.00018804062,0.36666638,0.25311944,1,77,117,0.29411766,0.0,-1.2084353,3.3092737,0.7058824
002644.SZ,15.084402,15.084402,0.00014794781,0.00018804062,0.36416638,0.11264368,1,91,229,0.8666667,0.0,-0.14297666,0.8356607,0.13333334
002645.SZ,13.26473,13.26473,0.00013725265,0.00018804062,0.37583303,0.18181819,1,91,229,0.6363636,0.0,0.025724266,8.709041,0.36363637
002646.SZ,15.110819,15.110819,0.00012856703,0.00018804062,0.3649997,0.3311828,1,43,94,0.7741935,0.0,-1.1606033,0.05616132,0.22580644
002648.SZ,11.583798,11.583798,0.00012377958,0.00018804062,0.37333304,0.16551724,1,12,252,0.7,0.0,-0.46437672,0.8414918,0.3
002649.SZ,9.677648,9.677648,0.000108682674,0.00018804062,0.36541638,0.07816092,1,91,229,0.8666667,0.0,-0.95456666,2.301956,0.13333334
002651.SZ,15.982946,15.982946,0.00015618345,0.00018804062,0.35958305,0.089655176,1,5,286,0.76666665,0.0,-1.0672166,1.6110164,0.23333333
002652.SZ,20.322693,20.322693,0.00017091396,0.00018804062,0.39666635,0.25531915,1,21,149,0.87234044,0.0,-1.9402002,-22.787704,0.12765957
002653.SZ,18.926706,18.926706,0.0001686508,0.00018804062,0.405833,0.1884058,1,27,217,0.6956522,0.0,-2.1436498,4.306773,0.3043478
002654.SZ,8.932435,8.932435,9.043706e-05,0.00018804062,0.39333302,0.25,1,43,94,0.8787879,0.0,-0.76948786,-18.50691,0.121212125
002655.SZ,21.349709,21.349709,0.00019395657,0.00018804062,0.38916636,0.28449503,1,51,81,0.28947368,0.0,-1.0956842,-5.6150475,0.7105263
002657.SZ,16.95577,16.95577,0.00014582097,0.00018804062,0.39583302,0.33650795,1,77,117,0.8888889,0.0,-1.5937582,-21.645613,0.11111111
002658.SZ,20.339802,20.339802,0.00019052834,0.00018804062,0.35916638,0.19354838,1,24,84,0.65625,0.0,-1.3347312,3.0300362,0.34375
002659.SZ,15.04442,15.04442,0.00014688233,0.00018804062,0.36041638,0.05376344,1,61,124,0.7419355,0.0,-1.3162936,3.0437484,0.2580645
002660.SZ,30.18885,30.18885,0.00023337615,0.00018804062,0.398333,0.30021143,1,89,72,0.77272725,0.0,-1.24075,-19.33954,0.22727273
002661.SZ,14.964519,14.964519,0.00015026394,0.00018804062,0.36458305,0.20643939,1,59,157,0.6969697,0.0,-0.5572969,3.4054909,0.3030303
002662.SZ,9.842364,9.842364,0.000108382985,0.00018804062,0.36833304,0.18709677,1,12,252,0.9032258,0.0,-1.5954742,5.567771,0.09677419
002663.SZ,13.5341835,13.5341835,0.00013828333,0.00018804062,0.38583302,0.24827586,1,27,217,0.36666667,0.0,-1.3690834,-13.621733,0.6333333
002664.SZ,8.300096,8.300096,9.7105476e-05,0.00018804062,0.36583304,0.18709677,1,74,159,0.7741935,0.0,-1.9046549,2.8520992,0.22580644
002666.SZ,11.832698,11.832698,0.00012692675,0.00018804062,0.35708305,0.1875,1,22,208,0.8484849,0.0,-0.8825212,4.031142,0.15151516
002667.SZ,23.269794,23.269794,0.00017889097,0.00018804062,0.39166635,0.2653846,1,1,211,0.9,0.0,-0.6961676,-23.44653,0.1
002668.SZ,20.101978,20.101978,0.00018411984,0.00018804062,0.35749972,0.33548388,1,77,117,0.12903225,0.0,-0.67349035,3.0246649,0.87096775
002669.SZ,12.23988,12.23988,0.00013158728,0.00018804062,0.3529164,0.20689656,1,27,217,0.46666667,0.0,-0.41176003,3.07513,0.53333336
002670.SZ,20.054644,20.054644,0.00018677974,0.00018804062,0.3554164,0.1733871,1,69,305,0.40625,0.0,-1.6266439,4.9045534,0.59375
002671.SZ,17.33134,17.33134,0.00016979923,0.00018804062,0.36666638,0.17741935,1,87,102,0.375,0.0,-1.5243375,2.685577,0.625
002672.SZ,39.489147,39.489147,0.00029965167,0.00018804062,0.41666633,0.20319635,1,59,157,0.8356164,0.0,-0.9625863,-15.771153,0.16438356
002673.SZ,17.374815,17.374815,0.00017230715,0.00018804062,0.37041637,0.20476191,1,89,72,0.8611111,0.0,-1.1976056,3.2878308,0.1388889
002674.SZ,12.849248,12.849248,0.00013941062,0.00018804062,0.35916638,0.19959678,1,19,162,0.8125,0.0,-1.0783157,2.6712408,0.1875
002675.SZ,16.149324,16.149324,0.00015887627,0.00018804062,0.38166636,0.16344085,1,91,229,0.5483871,0.0,-1.8027611,6.7146196,0.4516129
002676.SZ,13.571763,13.571763,0.0001408794,0.00018804062,0.36083305,0.22150537,1,90,27,0.67741936,0.0,-1.2076324,2.994891,0.32258064
002677.SZ,7.6128974,7.6128974,8.34648e-05,0.00018804062,0.36083305,0.35053763,1,87,102,0.87096775,0.0,-1.4245551,0.7312516,0.12903225
002678.SZ,31.556295,31.556295,0.00025412833,0.00018804062,0.40749967,0.19791667,1,12,252,0.796875,0.0,-1.7559891,-11.498276,0.203125
002679.SZ,14.528877,14.528877,0.00013804057,0.00018804062,0.38666636,0.37701613,1,19,162,0.90625,0.0,-1.0618,-25.399185,0.09375
002681.SZ,21.218082,21.218082,0.00019036807,0.00018804062,0.36666638,0.10037879,1,23,94,0.54545456,0.0,-1.3816031,2.355529,0.45454547
002682.SZ,15.879837,15.879837,0.00014284051,0.00018804062,0.39666635,0.3213213,1,7,111,0.7567568,0.0,-1.1315812,-27.063702,0.24324325
002683.SZ,12.486771,12.486771,0.00012402641,0.00018804062,0.38166636,0.26737967,1,22,208,0.61764705,0.0,-1.2040706,14.3348465,0.38235295
002685.SZ,17.205687,17.205687,0.0001681034,0.00018804062,0.37166637,0.13613446,1,1,211,0.8,0.0,-2.0085688,3.9292114,0.2
002686.SZ,14.653212,14.653212,0.00014055632,0.00018804062,0.37583303,0.19838056,1,57,68,0.7692308,0.0,-1.0935488,3.2886205,0.23076923
002687.SZ,11.481002,11.481002,0.00012551282,0.00018804062,0.35458305,0.22150537,1,19,162,0.7419355,0.0,-0.2744387,2.7134256,0.2580645
002688.SZ,13.319229,13.319229,0.00013857058,0.00018804062,0.3724997,0.13333334,1,20,96,0.8,0.0,-0.69701666,6.280132,0.2
002690.SZ,80.73334,80.73334,0.000641825,0.00018804062,0.44833297,0.13259733,1,20,96,0.95721924,0.0,-1.0188524,14.723056,0.04278075
002691.SZ,14.493918,14.493918,0.0001269185,0.00018804062,0.39583302,0.39310345,1,77,117,0.96666664,0.0,-1.5690199,-22.205305,0.033333335
002692.SZ,9.463619,9.463619,0.000105516825,0.00018804062,0.3749997,0.21839081,1,91,229,0.8333333,0.0,-1.71652,1.4202168,0.16666667
002694.SZ,265.10187,265.10187,0.0017737709,0.00018804062,0.5116663,0.088977896,1,33,251,0.92428195,0.0,-1.5259962,-18.024347,0.075718015
002695.SZ,8.372099,8.372099,9.841136e-05,0.00018804062,0.3699997,0.2045977,1,12,252,0.76666665,0.0,-0.7317933,7.8844237,0.23333333
002696.SZ,16.717371,16.717371,0.00016276733,0.00018804062,0.35624972,0.16532259,1,12,252,0.1875,0.0,-1.7958562,1.4131538,0.8125
002697.SZ,8.980469,8.980469,9.689241e-05,0.00018804062,0.3874997,0.29677418,1,74,159,0.8064516,0.0,-0.25471935,13.534,0.19354838
002698.SZ,17.607857,17.607857,0.00016762844,0.00018804062,0.3824997,0.22994652,1,7,111,0.38235295,0.0,-1.8571,6.1731806,0.61764705
002700.SZ,14.017589,14.017589,0.0001482201,0.00018804062,0.3624997,0.25757575,1,95,151,0.72727275,0.0,-0.14624852,7.76732,0.27272728
002701.SZ,8.236549,8.236549,9.223309e-05,0.00018804062,0.3774997,0.27816093,1,13,40,0.96666664,0.0,-0.035263337,16.05129,0.033333335
002702.SZ,13.2993355,13.2993355,0.00013330187,0.00018804062,0.39083302,0.3042017,1,95,151,0.9142857,0.0,-1.0266457,-12.521405,0.08571429
002703.SZ,19.00227,19.00227,0.00017200469,0.00018804062,0.39916635,0.12804878,1,5,286,0.75609756,0.0,-1.6646829,9.155565,0.24390244
002705.SZ,7.084945,7.084945,8.253224e-05,0.00018804062,0.38916636,0.36774194,1,76,26,0.9677419,0.0,-1.3322226,17.843088,0.032258064
002706.SZ,20.835064,20.835064,0.00018984734,0.00018804062,0.35624972,0.18846154,1,54,1,1.0,0.0,-0.9589201,1.8155625,0.0
002707.SZ,8.746502,8.746502,9.6428856e-05,0.00018804062,0.37333304,0.32873562,1,27,217,0.73333335,0.0,-1.2499535,15.608237,0.26666668
002708.SZ,15.325657,15.325657,0.00015213898,0.00018804062,0.36708304,0.120430104,1,7,111,0.4516129,0.0,-1.6148386,2.4993994,0.5483871
002709.SZ,15.230124,15.230124,0.00014903996,0.00018804062,0.3724997,0.18371212,1,53,16,0.72727275,0.0,-1.2249938,8.508462,0.27272728
002712.SZ,13.714627,13.714627,0.0001399918,0.00018804062,0.3874997,0.24395162,1,19,162,0.5625,0.0,-0.835675,-8.778937,0.4375
002714.SZ,14.565431,14.565431,0.00014387605,0.00018804062,0.38333303,0.3003003,1,91,229,0.5675676,0.0,-0.9169405,-14.071086,0.43243244
002715.SZ,19.780016,19.780016,0.0001895278,0.00018804062,0.3466664,0.41075268,1,51,81,0.06451613,0.0,-1.755032,2.9902806,0.9354839
002716.SZ,17.997778,17.997778,0.00016626851,0.00018804062,0.38666636,0.19396052,1,19,162,0.5714286,0.0,-1.7730762,10.404124,0.42857143
002718.SZ,24.024847,24.024847,0.00018579024,0.00018804062,0.38166636,0.31585366,1,22,208,0.70731705,0.0,-0.9354853,2.5349903,0.29268292
002719.SZ,19.477255,19.477255,0.00015691077,0.00018804062,0.39916635,0.33183184,1,94,65,0.7567568,0.0,-1.5128514,-27.07293,0.24324325
002721.SZ,18.368845,18.368845,0.00017456974,0.00018804062,0.36833304,0.2015873,1,77,117,0.44444445,0.0,-1.250825,4.6389832,0.5555556
002722.SZ,15.636764,15.636764,0.000156403,0.00018804062,0.37416637,0.11290322,1,80,208,0.5625,0.0,-2.0251281,5.099455,0.4375
002723.SZ,15.860511,15.860511,0.00014623014,0.00018804062,0.398333,0.30609757,1,64,1,1.0,0.0,-1.2418756,-23.632132,0.0
002724.SZ,17.427433,17.427433,0.00017230716,0.00018804062,0.35916638,0.16733871,1,20,96,0.4375,0.0,-0.3289344,3.5130343,0.5625
002725.SZ,9.101132,9.101132,9.260377e-05,0.00018804062,0.3674997,0.36541888,1,5,286,0.85294116,0.0,-0.75862944,2.801444,0.14705883
002726.SZ,14.218811,14.218811,0.00012528722,0.00018804062,0.38916636,0.35795453,1,21,149,0.969697,0.0,-0.8666424,-30.68572,0.030303031
002727.SZ,10.976433,10.976433,0.00012144117,0.00018804062,0.35083306,0.22068965,1,43,94,0.56666666,0.0,0.7042134,4.974413,0.43333334
002728.SZ,16.152653,16.152653,0.00015374066,0.00018804062,0.39166635,0.14022988,1,12,252,0.36666667,0.0,-1.2312434,1.7263659,0.6333333
002729.SZ,20.343912,20.343912,0.00019243156,0.00018804062,0.37333304,0.12280702,1,74,159,0.6923077,0.0,-0.74330753,4.887721,0.30769232
002730.SZ,15.852826,15.852826,0.00015217188,0.00018804062,0.35833305,0.4,1,32,38,0.26666668,0.0,-0.47773,3.553013,0.73333335
002732.SZ,13.99722,13.99722,0.00014389631,0.00018804062,0.36291638,0.18548387,1,59,157,0.65625,0.0,-0.16111878,1.9757993,0.34375
002733.SZ,15.552609,15.552609,0.00015535373,0.00018804062,0.36291638,0.26666668,1,74,159,0.38709676,0.0,-1.2714353,3.9641063,0.61290324
002734.SZ,11.590076,11.590076,0.00011946897,0.00018804062,0.39583302,0.23873875,1,95,151,0.8918919,0.0,-1.6733378,14.511557,0.10810811
002735.SZ,9.069865,9.069865,9.711034e-05,0.00018804062,0.38166636,0.24946237,1,74,159,0.9677419,0.0,-1.0895904,-21.403137,0.032258064
002736.SZ,13.621083,13.621083,0.00014144815,0.00018804062,0.3454164,0.22068965,1,12,252,0.4,0.0,-0.7683801,5.874257,0.6
002737.SZ,15.288296,15.288296,0.00014670452,0.00018804062,0.37083304,0.17701149,1,77,117,0.56666666,0.0,-1.6574066,-5.373686,0.43333334
002738.SZ,15.54604,15.54604,0.0001523237,0.00018804062,0.36583304,0.28030303,1,32,38,0.4848485,0.0,-1.9719576,4.6780815,0.5151515
002739.SZ,12.400122,12.400122,0.00012823606,0.00018804062,0.3924997,0.18494624,1,95,151,0.7741935,0.0,-0.9503581,-1.8835118,0.22580644
002741.SZ,12.99021,12.99021,0.00013924035,0.00018804062,0.36041638,0.20320855,1,12,252,0.7058824,0.0,-0.45364705,5.679453,0.29411766
002743.SZ,19.670034,19.670034,0.00018710303,0.00018804062,0.3849997,0.25675675,1,77,117,0.35135135,0.0,-0.90658385,3.586314,0.6486486
002745.SZ,17.732386,17.732386,0.00017659501,0.00018804062,0.36208305,0.13903743,1,94,65,0.7058824,0.0,-2.1380148,2.951435,0.29411766
002746.SZ,9.800722,9.800722,0.00011071063,0.00018804062,0.36166638,0.2505747,1,43,94,0.8,0.0,-1.5016633,-0.15230933,0.2
002747.SZ,18.5409,18.5409,0.00015690936,0.00018804062,0.400833,0.22222222,1,87,102,0.5777778,0.0,-1.3325711,-0.36582485,0.42222223
002748.SZ,6.8408246,6.8408246,8.267115e-05,0.00018804062,0.3674997,0.20689656,1,2,80,1.0,0.0,-0.17956667,1.3325187,0.0
002749.SZ,15.356025,15.356025,0.00014176118,0.00018804062,0.38666636,0.3783784,1,76,26,0.9459459,0.0,-1.0500972,15.895944,0.054054055
002752.SZ,10.586203,10.586203,0.00011841695,0.00018804062,0.35874972,0.12413793,1,19,162,1.0,0.0,0.51540333,2.8893287,0.0
002753.SZ,19.445107,19.445107,0.0001828815,0.00018804062,0.36416638,0.101604275,1,23,94,0.5882353,0.0,-1.0606823,5.2437477,0.4117647
002755.SZ,12.79382,12.79382,0.00012535241,0.00018804062,0.38083303,0.42988506,1,91,229,0.76666665,0.0,-1.05556,15.040266,0.23333333
002756.SZ,13.01805,13.01805,0.00013538048,0.00018804062,0.36083305,0.18390805,1,80,208,0.46666667,0.0,-2.3697667,4.292844,0.53333336
002757.SZ,18.72315,18.72315,0.00017368881,0.00018804062,0.35333306,0.2551724,1,61,124,0.13333334,0.0,-0.6683,1.3723739,0.8666667
002758.SZ,11.872665,11.872665,0.00012718457,0.00018804062,0.36333305,0.11264368,1,14,83,0.9,0.0,-0.84434,2.7365766,0.1
002759.SZ,19.390968,19.390968,0.0001782218,0.00018804062,0.36583304,0.16216215,1,21,149,0.5945946,0.0,-1.6816189,-1.0173646,0.4054054
002760.SZ,9.634587,9.634587,0.00010806889,0.00018804062,0.38416636,0.15172414,1,100,10,0.8666667,0.0,-1.8674101,1.1097907,0.13333334
002761.SZ,16.723879,16.723879,0.0001616569,0.00018804062,0.405833,0.15384616,1,77,117,0.7692308,0.0,-0.25158077,-8.669692,0.23076923
002763.SZ,9.551983,9.551983,0.000103300816,0.00018804062,0.37666637,0.32903227,1,15,191,0.7096774,0.0,-1.4748871,13.265426,0.29032257
002765.SZ,10.638377,10.638377,0.00011368851,0.00018804062,0.3849997,0.13563219,1,80,208,0.9,0.0,-1.5127167,6.302276,0.1
002766.SZ,20.572184,20.572184,0.00018438608,0.00018804062,0.39416635,0.16135266,1,17,17,0.7826087,0.0,-1.7239828,-8.064612,0.2173913
002767.SZ,17.651926,17.651926,0.00017257515,0.00018804062,0.3541664,0.18494624,1,17,17,0.6451613,0.0,-0.47683224,6.273277,0.3548387
002768.SZ,15.445483,15.445483,0.00015636467,0.00018804062,0.36708304,0.17943548,1,14,83,0.625,0.0,-1.5872781,4.8797092,0.375
002769.SZ,17.240122,17.240122,0.00017148998,0.00018804062,0.35458305,0.3548387,1,91,229,0.29032257,0.0,-1.2824967,2.6827066,0.7096774
002771.SZ,31.832014,31.832014,0.00025161263,0.00018804062,0.415833,0.2235577,1,21,149,0.7692308,0.0,-1.0504923,-13.081512,0.23076923
002772.SZ,15.537353,15.537353,0.00015645032,0.00018804062,0.35958305,0.12258065,1,21,149,0.67741936,0.0,0.09055812,3.643516,0.32258064
002773.SZ,32.10401,32.10401,0.0002737378,0.00018804062,0.39749968,0.22666667,1,21,149,0.84,0.0,-1.0715014,9.615048,0.16
002774.SZ,14.325782,14.325782,0.00014472425,0.00018804062,0.3674997,0.15268818,1,33,251,0.6451613,0.0,-1.5893196,5.6237135,0.3548387
002775.SZ,12.103935,12.103935,0.000121786536,0.00018804062,0.39249972,0.07586207,1,87,102,0.8666667,0.0,-0.84775,0.004094648,0.13333334
002777.SZ,19.10019,19.10019,0.00018416365,0.00018804062,0.36416638,0.15725806,1,33,251,0.21875,0.0,-0.86799693,5.3775015,0.78125
002778.SZ,12.604518,12.604518,0.000121082514,0.00018804062,0.3924997,0.32413793,1,95,151,0.9,0.0,-1.2967433,21.120579,0.1
002779.SZ,24.506151,24.506151,0.00020448299,0.00018804062,0.37666637,0.32525253,1,74,159,0.4888889,0.0,-1.3922311,12.2337265,0.51111114
002780.SZ,19.441725,19.441725,0.00017201815,0.00018804062,0.36041638,0.31612903,1,77,117,0.19354838,0.0,-1.2784452,-2.8595896,0.8064516
002782.SZ,14.865758,14.865758,0.00014608461,0.00018804062,0.3724997,0.17613636,1,91,229,0.3939394,0.0,-0.7701758,6.9812865,0.6060606
002783.SZ,14.150696,14.150696,0.00014529325,0.00018804062,0.36083305,0.11954023,1,69,305,0.6,0.0,-0.91156995,4.4749627,0.4
002785.SZ,16.554699,16.554699,0.00015559007,0.00018804062,0.398333,0.17717718,1,5,286,0.7837838,0.0,-1.1237133,-11.173679,0.21621622
002786.SZ,16.00147,16.00147,0.00013320296,0.00018804062,0.3849997,0.38146168,1,74,159,0.61764705,0.0,-1.6992999,-28.127184,0.38235295
002787.SZ,11.15422,11.15422,0.00011724462,0.00018804062,0.38791636,0.19251336,1,27,217,0.7058824,0.0,-0.31369695,-0.98767024,0.29411766
002788.SZ,15.926265,15.926265,0.00015804448,0.00018804062,0.3924997,0.19933555,1,27,217,0.7906977,0.0,-0.0663559,-3.0317636,0.20930232
002790.SZ,9.596189,9.596189,0.00010621051,0.00018804062,0.3554164,0.12413793,1,69,305,0.93333334,0.0,-1.8061565,2.794913,0.06666667
002791.SZ,16.923887,16.923887,0.00015873571,0.00018804062,0.403333,0.26990554,1,32,38,0.51282054,0.0,-0.8717308,-2.1488707,0.4871795
002792.SZ,141.16235,141.16235,0.00094677386,0.00018804062,0.45916632,0.13482995,1,69,305,0.9306358,0.0,-1.5911294,1.495471,0.06936416
002793.SZ,9.215217,9.215217,9.5359195e-05,0.00018804062,0.36958304,0.17471264,1,77,117,0.8666667,0.0,-1.7216766,-7.2471566,0.13333334
002795.SZ,32.044502,32.044502,0.00023095147,0.00018804062,0.40416634,0.25731707,1,57,68,0.85365856,0.0,-1.097783,-24.134918,0.14634146
002796.SZ,75.182655,75.182655,0.00051905034,0.00018804062,0.423333,0.21069308,1,77,117,0.85148513,0.0,-1.8936089,2.0672286,0.14851485
002797.SZ,14.056164,14.056164,0.00014363689,0.00018804062,0.35791638,0.1908046,1,19,162,0.5,0.0,-0.9262501,3.8904908,0.5
002798.SZ,16.720291,16.720291,0.00015960184,0.00018804062,0.405833,0.1904762,1,5,286,0.5277778,0.0,-0.55054164,-11.74607,0.4722222
002799.SZ,14.101801,14.101801,0.0001431913,0.00018804062,0.38333303,0.22103387,1,87,102,0.64705884,0.0,-2.072203,-2.3391001,0.3529412
002800.SZ,18.314049,18.314049,0.00017399699,0.00018804062,0.35708305,0.37254903,1,32,38,0.29411766,0.0,-1.0885648,3.3278708,0.7058824
002801.SZ,21.105764,21.105764,0.00018413727,0.00018804062,0.40166634,0.23894557,1,32,38,0.877551,0.0,-1.5162776,12.184776,0.12244898
002802.SZ,17.329231,17.329231,0.0001585618,0.00018804062,0.3749997,0.317139,1,26,39,0.61538464,0.0,-0.15224871,7.1903634,0.3846154
002803.SZ,16.09129,16.09129,0.00015317542,0.00018804062,0.39083302,0.17290552,1,69,305,0.5882353,0.0,-1.6747266,10.467747,0.4117647
002805.SZ,26.173685,26.173685,0.00019926118,0.00018804062,0.39999968,0.30897436,1,20,96,0.6,0.0,-1.3954926,-24.234135,0.4
002806.SZ,11.749586,11.749586,0.00012719704,0.00018804062,0.35958305,0.089655176,1,69,305,0.73333335,0.0,-1.1840534,7.926576,0.26666668
002807.SZ,12.92387,12.92387,0.00012834377,0.00018804062,0.35749972,0.42045453,1,27,217,0.7878788,0.0,-0.06794548,7.758663,0.21212122
002809.SZ,23.995457,23.995457,0.00018109319,0.00018804062,0.37749973,0.32873562,1,13,40,0.9,0.0,-1.17282,0.2429333,0.1
002810.SZ,13.7540865,13.7540865,0.00014097075,0.00018804062,0.37416637,0.16989248,1,53,16,0.6451613,0.0,-0.9468193,1.0593594,0.3548387
002811.SZ,15.559969,15.559969,0.00015095294,0.00018804062,0.3824997,0.18371212,1,1,211,0.5151515,0.0,-0.84985447,6.9793196,0.4848485
002812.SZ,19.128637,19.128637,0.00018179632,0.00018804062,0.3541664,0.37419355,1,74,159,0.29032257,0.0,-1.3538388,2.4444098,0.7096774
002813.SZ,34.152958,34.152958,0.00024151972,0.00018804062,0.39583302,0.28224102,1,13,40,0.90909094,0.0,-1.6426362,-24.711672,0.09090909
002815.SZ,13.071384,13.071384,0.00013919189,0.00018804062,0.35458305,0.1391129,1,21,149,0.9375,0.0,-1.9393001,4.2556562,0.0625
002817.SZ,10.8550205,10.8550205,0.000115813105,0.00018804062,0.35333306,0.17849462,1,20,96,0.83870965,0.0,-1.5347807,2.1656225,0.16129032
002818.SZ,16.173227,16.173227,0.00014430792,0.00018804062,0.3824997,0.32147938,1,93,192,0.8684211,0.0,-0.65946585,12.115695,0.13157895
002819.SZ,19.575138,19.575138,0.00017643142,0.00018804062,0.39083302,0.16733871,1,69,305,0.25,0.0,-1.2439812,-2.5245833,0.75
002820.SZ,13.239833,13.239833,0.00012680495,0.00018804062,0.39583302,0.29233512,1,91,229,0.8235294,0.0,-1.0773236,-10.106575,0.1764706
002821.SZ,16.918367,16.918367,0.00016262279,0.00018804062,0.37916636,0.103225805,1,12,252,0.7096774,0.0,-1.497226,7.2843843,0.29032257
002823.SZ,14.907947,14.907947,0.00015077299,0.00018804062,0.40499967,0.1948718,1,87,102,0.6,0.0,-1.9322026,4.6228156,0.4
002824.SZ,7.7877774,7.7877774,9.168718e-05,0.00018804062,0.37458304,0.28817204,1,2,80,1.0,0.0,-0.26495484,6.207133,0.0
002825.SZ,10.769369,10.769369,0.00011870674,0.00018804062,0.36166638,0.25287357,1,80,208,0.6666667,0.0,-1.6520798,3.9923434,0.33333334
002826.SZ,18.984116,18.984116,0.0001680625,0.00018804062,0.38583302,0.33854908,1,43,94,0.84210527,0.0,-1.1848867,14.3589945,0.15789473
002827.SZ,14.032678,14.032678,0.0001364621,0.00018804062,0.37833303,0.29579833,1,69,305,0.62857145,0.0,-0.8891714,18.84768,0.37142858
002828.SZ,15.490433,15.490433,0.00014131333,0.00018804062,0.37916636,0.18181819,1,14,83,0.9117647,0.0,-1.2080059,1.5722059,0.0882353
002829.SZ,12.867869,12.867869,0.00013279548,0.00018804062,0.36541638,0.059770115,1,69,305,0.8666667,0.0,-2.01702,3.8706367,0.13333334
002830.SZ,19.046597,19.046597,0.0001812808,0.00018804062,0.37166637,0.2358871,1,15,191,0.1875,0.0,-1.1691124,2.9444604,0.8125
002831.SZ,14.8822975,14.8822975,0.00014942915,0.00018804062,0.37833303,0.2,1,59,157,0.8,0.0,-1.4514942,3.4910235,0.2
002832.SZ,13.22166,13.22166,0.0001252973,0.00018804062,0.3824997,0.4672269,1,27,217,0.94285715,0.0,-0.52835435,16.265558,0.057142857
002833.SZ,11.982072,11.982072,0.000117930904,0.00018804062,0.3874997,0.36091954,1,59,157,0.93333334,0.0,-0.83328336,16.870754,0.06666667
002835.SZ,11.012538,11.012538,0.00011023995,0.00018804062,0.39333305,0.39327732,1,59,157,0.9714286,0.0,-1.3762828,15.289404,0.028571429
002836.SZ,11.834756,11.834756,0.000117997064,0.00018804062,0.39166635,0.27395412,1,5,286,0.8974359,0.0,-1.2743435,16.089622,0.102564104
002837.SZ,24.065908,24.065908,0.00019378263,0.00018804062,0.38916636,0.33522728,1,87,102,0.90909094,0.0,-1.9408454,11.729101,0.09090909
002838.SZ,19.130102,19.130102,0.00017895811,0.00018804062,0.35749972,0.16470589,1,12,252,0.2857143,0.0,-1.7602915,-0.23069371,0.71428573
002839.SZ,29.482826,29.482826,0.000257645,0.00018804062,0.3699997,0.3263452,1,43,94,0.5740741,0.0,0.16019814,6.346221,0.42592594
002840.SZ,15.660424,15.660424,0.00015219745,0.00018804062,0.3774997,0.19784947,1,80,208,0.516129,0.0,-1.682958,1.1685977,0.48387095
002841.SZ,17.62657,17.62657,0.00016610861,0.00018804062,0.37083304,0.09072581,1,15,191,0.71875,0.0,-1.6771061,-0.06688547,0.28125
002842.SZ,23.29182,23.29182,0.00020584962,0.00018804062,0.39499968,0.20571429,1,20,96,0.8,0.0,-2.001132,11.751954,0.2
002843.SZ,13.969998,13.969998,0.00013828454,0.00018804062,0.3874997,0.14712644,1,33,251,0.7,0.0,-1.1825067,1.9817203,0.3
002845.SZ,7.2932234,7.2932234,8.732211e-05,0.00018804062,0.37333304,0.2344086,1,40,114,0.9677419,0.0,-2.7410002,-5.0297565,0.032258064
002846.SZ,15.289695,15.289695,0.00014327036,0.00018804062,0.38083303,0.20168068,1,74,159,0.6,0.0,-0.6094343,-3.767736,0.4
002847.SZ,54.200115,54.200115,0.00045180588,0.00018804062,0.44333297,0.12078544,1,33,251,0.82758623,0.0,-1.1072186,15.7759905,0.1724138
002849.SZ,12.399953,12.399953,0.0001282428,0.00018804062,0.36208305,0.11034483,1,12,252,0.43333334,0.0,-1.6418167,2.9660633,0.56666666
002850.SZ,14.413685,14.413685,0.00013969217,0.00018804062,0.39999968,0.22782259,1,33,251,0.5,0.0,-0.7552875,13.766302,0.5
002851.SZ,15.934518,15.934518,0.00015158094,0.00018804062,0.37166637,0.2857143,1,94,65,0.45714286,0.0,-0.27248284,3.4874687,0.54285717
002852.SZ,19.948597,19.948597,0.0001871923,0.00018804062,0.37083304,0.3029872,1,94,65,0.34210527,0.0,-1.1678445,3.0185652,0.65789473
002853.SZ,15.793689,15.793689,0.00015938531,0.00018804062,0.36041638,0.21774194,1,94,65,0.71875,0.0,-1.3157313,3.1446533,0.28125
002855.SZ,133.73817,133.73817,0.0009615109,0.00018804062,0.48249963,0.100645036,1,94,65,0.9563492,0.0,-1.303467,-13.545882,0.043650795
002856.SZ,38.45779,38.45779,0.00026162685,0.00018804062,0.398333,0.33780488,1,26,39,0.8292683,0.0,-0.88783425,-25.191517,0.17073171
002857.SZ,16.39675,16.39675,0.00014438275,0.00018804062,0.39416635,0.2968961,1,91,229,0.5897436,0.0,-1.4681746,-24.798004,0.41025642
002858.SZ,13.531679,13.531679,0.00013580588,0.00018804062,0.38416636,0.3678161,1,32,38,0.26666668,0.0,-0.9014633,6.880302,0.73333335
002859.SZ,18.03065,18.03065,0.0001716769,0.00018804062,0.36583304,0.36174244,1,32,38,0.24242425,0.0,-0.77306664,5.016497,0.75757575
002860.SZ,13.30461,13.30461,0.00014005792,0.00018804062,0.39916638,0.23015873,1,94,65,0.7222222,0.0,-1.2283778,6.4055753,0.2777778
002861.SZ,13.029345,13.029345,0.00012000181,0.00018804062,0.39416635,0.20215054,1,77,117,0.5483871,0.0,-1.7627357,-12.606176,0.4516129
002862.SZ,22.587574,22.587574,0.00018383648,0.00018804062,0.40666634,0.2506938,1,5,286,0.7234042,0.0,-1.4343638,-18.38075,0.27659574
002863.SZ,11.85041,11.85041,0.00012674967,0.00018804062,0.35249972,0.2735632,1,22,208,0.73333335,0.0,-1.7361133,4.443227,0.26666668
002864.SZ,14.895666,14.895666,0.000151509,0.00018804062,0.37583303,0.18548387,1,12,252,0.46875,0.0,-1.0658281,7.309585,0.53125
002865.SZ,16.785463,16.785463,0.00015861362,0.00018804062,0.39499968,0.1139785,1,69,305,0.7741935,0.0,-0.94042253,-3.3600514,0.22580644
002866.SZ,23.860453,23.860453,0.00020853739,0.00018804062,0.398333,0.214539,1,15,191,0.7708333,0.0,0.28126457,2.0521715,0.22916667
002867.SZ,14.097883,14.097883,0.00013753878,0.00018804062,0.39333302,0.2952381,1,95,151,0.7777778,0.0,-1.0088556,16.664139,0.22222222
002869.SZ,9.762568,9.762568,9.5683434e-05,0.00018804062,0.38916636,0.26236558,1,1,211,0.83870965,0.0,-2.0281644,-13.113586,0.16129032
002870.SZ,14.405753,14.405753,0.00014157739,0.00018804062,0.3774997,0.16470589,1,74,159,0.51428574,0.0,-1.0907428,3.5972366,0.4857143
002871.SZ,15.074691,15.074691,0.00014363803,0.00018804062,0.40499967,0.24291497,1,52,65,0.82051283,0.0,-1.3597616,12.639911,0.17948718
002873.SZ,9.817245,9.817245,0.00010058195,0.00018804062,0.37166637,0.2172043,1,5,286,1.0,0.0,-1.4788129,-5.500886,0.0
002875.SZ,19.116007,19.116007,0.0001579593,0.00018804062,0.39666635,0.24738675,1,33,251,0.9047619,0.0,-1.2641596,-22.827477,0.0952381
002876.SZ,18.32946,18.32946,0.00017431339,0.00018804062,0.35999972,0.124624625,1,93,192,0.7837838,0.0,-2.3990538,1.9431676,0.21621622
002877.SZ,16.843733,16.843733,0.00015211373,0.00018804062,0.3774997,0.2078978,1,57,68,0.9047619,0.0,-1.4627737,2.7646263,0.0952381
002878.SZ,20.872017,20.872017,0.00018984066,0.00018804062,0.37916636,0.16216215,1,1,211,0.7027027,0.0,-1.0238028,2.2076757,0.2972973
002879.SZ,13.903353,13.903353,0.00014110008,0.00018804062,0.3699997,0.10685484,1,19,162,0.78125,0.0,-1.7696187,5.799705,0.21875
002880.SZ,15.853677,15.853677,0.00015294684,0.00018804062,0.3899997,0.19354838,1,59,157,0.6875,0.0,-1.4315062,8.128164,0.3125
002881.SZ,16.723639,16.723639,0.00016543464,0.00018804062,0.3624997,0.30967742,1,43,94,0.32258064,0.0,-0.018542012,2.1556451,0.67741936
002882.SZ,14.895003,14.895003,0.00014650197,0.00018804062,0.35958305,0.13508065,1,69,305,0.71875,0.0,-0.7064156,4.914803,0.28125
002883.SZ,15.813087,15.813087,0.00014432227,0.00018804062,0.39666635,0.2551282,1,80,208,0.725,0.0,-1.9290273,-16.045696,0.275
002884.SZ,23.014868,23.014868,0.00020487989,0.00018804062,0.41166633,0.23229814,1,27,217,0.95714283,0.0,-1.21729,12.806035,0.042857144
002885.SZ,22.170008,22.170008,0.000186952,0.00018804062,0.39916635,0.19738752,1,77,117,0.6415094,0.0,-0.62396616,0.88414717,0.35849056
002886.SZ,17.745495,17.745495,0.00016757542,0.00018804062,0.39333302,0.18412699,1,22,208,0.8055556,0.0,-1.1460612,2.0866222,0.19444445
002887.SZ,11.269513,11.269513,0.0001224686,0.00018804062,0.3662497,0.11034483,1,69,305,0.8333333,0.0,-1.1716367,-0.22848591,0.16666667
002888.SZ,13.783584,13.783584,0.00014072754,0.00018804062,0.3724997,0.11264368,1,5,286,0.56666666,0.0,-0.6215667,4.8417187,0.43333334
002889.SZ,14.319728,14.319728,0.00014337806,0.00018804062,0.35874972,0.12689394,1,69,305,0.8181818,0.0,-1.2889848,3.6869152,0.18181819
002890.SZ,13.064142,13.064142,0.00013428187,0.00018804062,0.35999972,0.13793103,1,91,229,0.5,0.0,-1.6167,3.109796,0.5
002891.SZ,17.11203,17.11203,0.00016206593,0.00018804062,0.3749997,0.32459676,1,93,192,0.1875,0.0,-1.8044125,5.612775,0.8125
002892.SZ,8.788575,8.788575,0.000103884384,0.00018804062,0.3699997,0.46896553,1,21,149,1.0,0.0,-2.01829,7.2626715,0.0
002893.SZ,13.156567,13.156567,0.00013525643,0.00018804062,0.35749972,0.16330644,1,69,305,0.84375,0.0,0.3350063,2.1941476,0.15625
002895.SZ,17.225878,17.225878,0.00016032167,0.00018804062,0.39749968,0.24841438,1,29,12,0.8636364,0.0,-0.8477476,16.02345,0.13636364
002896.SZ,13.203202,13.203202,0.00013157698,0.00018804062,0.38833302,0.19227053,1,93,192,0.84782606,0.0,-1.9415219,8.179408,0.1521739
002897.SZ,16.033026,16.033026,0.00015383535,0.00018804062,0.37166637,0.10107527,1,19,162,0.7419355,0.0,-1.7532514,5.1144505,0.2580645
002899.SZ,15.428052,15.428052,0.00015338697,0.00018804062,0.35249972,0.13725491,1,15,191,0.88235295,0.0,-0.64164996,2.0630767,0.11764706
002900.SZ,19.652548,19.652548,0.00015924506,0.00018804062,0.38833302,0.42365593,1,69,305,0.83870965,0.0,-1.6902871,-26.842585,0.16129032
002901.SZ,18.634928,18.634928,0.00016394009,0.00018804062,0.38833302,0.29419702,1,29,12,0.974359,0.0,-0.9371974,13.237912,0.025641026
002902.SZ,63.478603,63.478603,0.00048630947,0.00018804062,0.46083298,0.12850112,1,15,191,0.9266667,0.0,0.09171464,-6.4005504,0.07333333
002903.SZ,20.241796,20.241796,0.00019016737,0.00018804062,0.3724997,0.2793651,1,7,111,0.33333334,0.0,-1.9399611,3.3760836,0.6666667
002905.SZ,60.33535,60.33535,0.0004444432,0.00018804062,0.41499966,0.24153759,1,5,286,0.96428573,0.0,-1.8385524,13.4508915,0.035714287
002906.SZ,17.695145,17.695145,0.000169857,0.00018804062,0.37249973,0.24696356,1,74,159,0.4871795,0.0,-1.0461154,7.523223,0.51282054
002907.SZ,15.9510565,15.9510565,0.00015711496,0.00018804062,0.37083304,0.3034483,1,74,159,0.43333334,0.0,-1.2426265,6.2455573,0.56666666
002908.SZ,11.95705,11.95705,0.00012542603,0.00018804062,0.36083305,0.098790325,1,9,1,1.0,0.0,-0.98208123,2.148128,0.0
002909.SZ,16.177156,16.177156,0.00015443903,0.00018804062,0.37666637,0.31016043,1,94,65,0.4117647,0.0,-1.1152412,-9.531282,0.5882353
002910.SZ,14.52946,14.52946,0.000139366,0.00018804062,0.3849997,0.26666668,1,26,39,0.6,0.0,0.17202,-15.028717,0.4
002911.SZ,16.359041,16.359041,0.00016403788,0.00018804062,0.37583303,0.2474359,1,74,159,0.65,0.0,0.05522747,6.304715,0.35
002912.SZ,11.816415,11.816415,0.00012524695,0.00018804062,0.38666636,0.17408907,1,26,39,0.8717949,0.0,-1.4811257,3.5669987,0.12820514
002913.SZ,16.68729,16.68729,0.00016374793,0.00018804062,0.34749973,0.29166666,1,26,39,0.33333334,0.0,0.29816666,5.7782907,0.6666667
002915.SZ,17.485737,17.485737,0.00016510994,0.00018804062,0.36166638,0.14414415,1,74,159,0.6216216,0.0,-0.7212622,1.954689,0.3783784
002916.SZ,14.526404,14.526404,0.00013847438,0.00018804062,0.3924997,0.36185384,1,102,50,1.0,0.0,-0.96562934,18.267733,0.0
002917.SZ,18.280666,18.280666,0.00017419847,0.00018804062,0.37166637,0.23707666,1,94,65,0.44117647,0.0,-1.7639883,3.6151223,0.5588235
002918.SZ,15.192855,15.192855,0.00015099697,0.00018804062,0.34958306,0.2580645,1,26,39,0.53125,0.0,1.1520157,4.912822,0.46875
002919.SZ,15.694201,15.694201,0.00015437689,0.00018804062,0.36083305,0.22521009,1,26,39,0.51428574,0.0,0.05271715,6.4757385,0.4857143
002920.SZ,15.534661,15.534661,0.00014855374,0.00018804062,0.39083302,0.22759601,1,74,159,0.8684211,0.0,-0.78577375,15.485013,0.13157895
002921.SZ,15.007318,15.007318,0.0001530452,0.00018804062,0.35999972,0.18349929,1,91,229,0.42105263,0.0,-1.7411184,1.9799573,0.57894737
002922.SZ,12.237577,12.237577,0.00012859251,0.00018804062,0.36791638,0.1657754,1,48,1,1.0,0.0,-1.961544,4.986588,0.0
002923.SZ,12.931134,12.931134,0.000119593635,0.00018804062,0.38833302,0.45376346,1,69,305,0.87096775,0.0,-1.8173938,-28.807266,0.12903225
002925.SZ,21.317362,21.317362,0.00019844876,0.00018804062,0.39416635,0.15020408,1,24,84,0.82,0.0,-1.6643322,6.8037853,0.18
002926.SZ,16.393488,16.393488,0.00016065776,0.00018804062,0.34583306,0.19607843,1,85,6,0.85294116,0.0,-1.2372293,4.031674,0.14705883
002927.SZ,15.490147,15.490147,0.00015461424,0.00018804062,0.37916636,0.14015152,1,33,251,0.72727275,0.0,-1.6725606,2.0336673,0.27272728
002928.SZ,10.680936,10.680936,0.00011591552,0.00018804062,0.3874997,0.13846155,1,33,251,0.775,0.0,-0.5830201,13.660535,0.225
002929.SZ,15.658138,15.658138,0.00015661132,0.00018804062,0.38666636,0.20056899,1,27,217,0.57894737,0.0,-1.5972053,-5.963766,0.42105263
002930.SZ,18.843136,18.843136,0.00017638404,0.00018804062,0.38416636,0.19772404,1,74,159,0.36842105,0.0,-0.6920079,-0.06371478,0.6315789
002932.SZ,21.523142,21.523142,0.00018761733,0.00018804062,0.36916637,0.17813765,1,61,124,0.46153846,0.0,-1.8047564,1.0981436,0.53846157
002933.SZ,16.430742,16.430742,0.00016492917,0.00018804062,0.35791638,0.28589743,1,43,94,0.525,0.0,0.9032475,3.5970376,0.475
002935.SZ,12.327208,12.327208,0.00012930584,0.00018804062,0.37916636,0.25375375,1,5,286,0.7837838,0.0,-2.61043,0.62726533,0.21621622
002936.SZ,16.928465,16.928465,0.00016271904,0.00018804062,0.3674997,0.34046346,1,91,229,0.5,0.0,-0.18086472,2.1103451,0.5
002937.SZ,21.114006,21.114006,0.00019880994,0.00018804062,0.3724997,0.15447155,1,69,305,0.6666667,0.0,-1.3921643,3.995582,0.33333334
002938.SZ,11.397716,11.397716,0.00011954383,0.00018804062,0.398333,0.22804879,1,33,251,1.0,0.0,-1.656583,13.135477,0.0
002939.SZ,13.666152,13.666152,0.00014362688,0.00018804062,0.35708305,0.3394958,1,40,114,0.9142857,0.0,-0.9354114,6.204997,0.08571429
002940.SZ,14.872633,14.872633,0.00014805104,0.00018804062,0.3799997,0.19556452,1,91,229,0.84375,0.0,-1.6511407,10.238537,0.15625
002941.SZ,17.420218,17.420218,0.00017031375,0.00018804062,0.35583305,0.15079366,1,5,286,0.6111111,0.0,-0.65103334,4.194528,0.3888889
002942.SZ,18.430601,18.430601,0.00018271983,0.00018804062,0.36166638,0.14390244,1,69,305,0.63414633,0.0,-0.95434636,4.2446537,0.36585367
002943.SZ,13.92728,13.92728,0.00012531305,0.00018804062,0.400833,0.23492064,1,43,94,0.8055556,0.0,-0.5556722,-17.9166,0.19444445
002945.SZ,8.092616,8.092616,9.558117e-05,0.00018804062,0.35583305,0.41290322,1,74,159,0.9354839,0.0,-1.0799838,6.155835,0.06451613
002946.SZ,14.764579,14.764579,0.00014287516,0.00018804062,0.39499968,0.25101215,1,1,211,0.8974359,0.0,-0.2097641,17.227898,0.102564104
002947.SZ,26.424719,26.424719,0.00022700301,0.00018804062,0.38833302,0.14583333,1,19,162,0.875,0.0,-2.3220844,10.42722,0.125
002948.SZ,18.733118,18.733118,0.00017209449,0.00018804062,0.3529164,0.30014226,1,69,305,0.36842105,0.0,-0.31494737,5.9536266,0.6315789
002949.SZ,14.031694,14.031694,0.00014694073,0.00018804062,0.36333305,0.2688478,1,98,2,1.0,0.0,-1.0013081,4.3235865,0.0
002950.SZ,13.341991,13.341991,0.00013056984,0.00018804062,0.38666636,0.16477273,1,40,114,0.5151515,0.0,-1.1334121,10.383565,0.4848485
002951.SZ,26.524178,26.524178,0.00020431944,0.00018804062,0.37333304,0.29587483,1,59,157,0.7894737,0.0,-0.9267553,2.0525873,0.21052632
002952.SZ,16.496685,16.496685,0.00014959749,0.00018804062,0.3799997,0.23381643,1,93,192,0.9130435,0.0,-1.4476564,1.5648892,0.08695652
002953.SZ,15.640727,15.640727,0.00015691579,0.00018804062,0.38208303,0.18589744,1,5,286,0.875,0.0,-1.5823475,3.9607124,0.125
002955.SZ,15.907276,15.907276,0.00016329165,0.00018804062,0.35499972,0.14761905,1,68,6,0.9444444,0.0,-2.0439749,3.860661,0.055555556
002956.SZ,18.341269,18.341269,0.00017349106,0.00018804062,0.38833302,0.11269841,1,14,83,0.9166667,0.0,-1.2525722,4.769471,0.083333336
002957.SZ,10.484299,10.484299,0.00011351682,0.00018804062,0.3799997,0.2888889,1,22,208,0.8333333,0.0,-2.455336,8.752223,0.16666667
002958.SZ,13.5230875,13.5230875,0.00013213721,0.00018804062,0.35624972,0.48817205,1,59,157,0.9677419,0.0,0.5400194,6.63119,0.032258064
002959.SZ,17.789667,17.789667,0.00016997584,0.00018804062,0.3774997,0.114285715,1,74,159,0.7714286,0.0,-0.43488854,6.779047,0.22857143
002960.SZ,12.486758,12.486758,0.00013092636,0.00018804062,0.36833304,0.15862069,1,57,68,0.6333333,0.0,-1.4417268,5.782002,0.36666667
002961.SZ,12.743325,12.743325,0.000128516,0.00018804062,0.35374972,0.27272728,1,14,83,0.8787879,0.0,-0.2861424,8.995483,0.121212125
002962.SZ,17.8531,17.8531,0.00016582903,0.00018804062,0.3799997,0.1423077,1,96,56,0.9,0.0,-1.595135,3.1539826,0.1
002963.SZ,13.889672,13.889672,0.00013561547,0.00018804062,0.4049997,0.2016129,1,91,229,0.71875,0.0,-1.0799562,-13.131814,0.28125
002965.SZ,22.635038,22.635038,0.0002092323,0.00018804062,0.36333305,0.17996454,1,22,208,0.47916666,0.0,-1.4970897,4.0463605,0.5208333
002966.SZ,33.787018,33.787018,0.0002941323,0.00018804062,0.37708303,0.30860403,1,1,211,0.89705884,0.0,0.14800298,7.3524904,0.10294118
002967.SZ,18.991568,18.991568,0.00018063384,0.00018804062,0.38416636,0.16282052,1,69,305,0.5,0.0,-0.24922998,4.177428,0.5
002968.SZ,12.6717615,12.6717615,0.00012882691,0.00018804062,0.38666636,0.19770116,1,1,211,0.7,0.0,-0.89266676,8.264138,0.3
002969.SZ,18.267921,18.267921,0.00018044705,0.00018804062,0.35374972,0.2117117,1,26,39,0.5135135,0.0,0.08593244,6.022502,0.4864865
002970.SZ,22.689978,22.689978,0.00019489757,0.00018804062,0.40499967,0.21346802,1,32,38,0.6909091,0.0,-1.3121437,12.451179,0.3090909
002971.SZ,22.12485,22.12485,0.00021029559,0.00018804062,0.36833304,0.21808511,1,26,39,0.5,0.0,0.052802086,4.2825165,0.5
002972.SZ,20.315634,20.315634,0.0001904291,0.00018804062,0.39166635,0.16235293,1,94,65,0.7647059,0.0,-0.39170396,3.378659,0.23529412
002973.SZ,17.56528,17.56528,0.00017632134,0.00018804062,0.36541638,0.14035088,1,77,117,0.8974359,0.0,-0.66705376,4.1640515,0.102564104
002975.SZ,16.495266,16.495266,0.00015464875,0.00018804062,0.3849997,0.2772947,1,4,1,1.0,0.0,-1.8698587,9.379726,0.0
002976.SZ,19.846315,19.846315,0.00017392955,0.00018804062,0.3774997,0.17411764,1,27,217,0.74509805,0.0,-0.8668803,2.332051,0.25490198
002978.SZ,16.97918,16.97918,0.00016272298,0.00018804062,0.38583302,0.23292683,1,91,229,0.70731705,0.0,-1.1189561,9.810418,0.29268292
002979.SZ,15.572805,15.572805,0.00015413883,0.00018804062,0.39083302,0.21022727,1,95,151,0.6969697,0.0,-1.3439909,11.241677,0.3030303
002980.SZ,39.71684,39.71684,0.00032249288,0.00018804062,0.428333,0.16610645,1,20,96,0.8235294,0.0,-0.21130596,2.5418742,0.1764706
002981.SZ,9.511409,9.511409,0.00010953127,0.00018804062,0.35624972,0.34615386,1,87,102,0.95,0.0,-2.1435823,5.1720877,0.05
002982.SZ,10.717513,10.717513,0.00011241443,0.00018804062,0.38583302,0.27450982,1,67,1,1.0,0.0,-0.90081173,-0.16405869,0.0
002983.SZ,13.505196,13.505196,0.00013839503,0.00018804062,0.3541664,0.16666667,1,33,251,0.72727275,0.0,-2.8986423,3.9105294,0.27272728
002984.SZ,19.642881,19.642881,0.00019054832,0.00018804062,0.3699997,0.13963965,1,1,211,0.8648649,0.0,-0.91745394,5.3463583,0.13513513
002985.SZ,18.838264,18.838264,0.00018111515,0.00018804062,0.39416635,0.15512821,1,33,251,0.525,0.0,-1.2171175,7.361717,0.475
002986.SZ,11.556818,11.556818,0.00012072088,0.00018804062,0.38333303,0.23333333,1,12,252,0.6944444,0.0,-1.1099749,-14.225989,0.30555555
002987.SZ,16.80637,16.80637,0.00015650624,0.00018804062,0.3774997,0.15483871,1,93,192,0.6451613,0.0,-1.4960579,4.5252194,0.3548387
002988.SZ,20.26152,20.26152,0.00020147582,0.00018804062,0.3699997,0.14728682,1,91,229,0.74418604,0.0,-1.5810279,5.4275274,0.25581396
002989.SZ,21.298351,21.298351,0.00017602165,0.00018804062,0.39333302,0.2627551,1,69,305,0.5102041,0.0,-1.519951,-15.804154,0.48979592
002990.SZ,20.005112,20.005112,0.0001781148,0.00018804062,0.3949997,0.17119156,1,24,84,0.88461536,0.0,-0.8401308,6.1734304,0.115384616
002991.SZ,15.421255,15.421255,0.00015500773,0.00018804062,0.3529164,0.14962122,1,74,159,0.8181818,0.0,-0.6303425,3.2050412,0.18181819
002992.SZ,17.800833,17.800833,0.00014665053,0.00018804062,0.39416635,0.28181818,1,5,286,0.62222224,0.0,-2.0357022,-23.474655,0.37777779
002993.SZ,12.553848,12.553848,0.00013576008,0.00018804062,0.36583304,0.3319239,1,21,149,0.8636364,0.0,-2.370941,5.8090115,0.13636364
002995.SZ,16.41115,16.41115,0.0001531032,0.00018804062,0.39833304,0.13798009,1,69,305,0.94736844,0.0,-0.30657893,-10.967979,0.05263158
002996.SZ,12.05961,12.05961,0.00013206573,0.00018804062,0.36583304,0.2347084,1,21,149,0.8684211,0.0,-2.1466606,6.8886013,0.13157895
002997.SZ,14.59139,14.59139,0.00014622549,0.00018804062,0.39333302,0.19613527,1,91,229,0.7173913,0.0,-0.6743261,14.059569,0.2826087
002998.SZ,10.7134285,10.7134285,0.00011981266,0.00018804062,0.3566664,0.19139785,1,20,96,0.7741935,0.0,-1.3406194,4.845084,0.22580644
002999.SZ,5.9934278,5.9934278,7.238705e-05,0.00018804062,0.3874997,0.26136363,1,57,68,0.969697,0.0,-0.70679396,-17.965773,0.030303031
003000.SZ,6.1550393,6.1550393,7.933772e-05,0.00018804062,0.37166637,0.26666668,1,13,40,1.0,0.0,-1.00941,8.798063,0.0
003001.SZ,19.276146,19.276146,0.00018445226,0.00018804062,0.37458304,0.18634424,1,52,65,0.8684211,0.0,-1.6599762,2.8079727,0.13157895
003002.SZ,13.518051,13.518051,0.00013268285,0.00018804062,0.39166635,0.25042018,1,1,211,0.8,0.0,-0.66614574,14.196391,0.2
003003.SZ,11.078851,11.078851,0.00012247209,0.00018804062,0.3541664,0.125,1,89,72,0.84375,0.0,-1.3747406,3.23075,0.15625
003005.SZ,18.181217,18.181217,0.00016719653,0.00018804062,0.37666637,0.2117347,1,15,191,0.6530612,0.0,-0.9144387,-5.458496,0.3469388
003006.SZ,15.961867,15.961867,0.00015413965,0.00018804062,0.38583302,0.28118393,1,27,217,0.5681818,0.0,-0.5691068,11.658075,0.4318182
003007.SZ,16.44172,16.44172,0.000137789,0.00018804062,0.40249968,0.3219697,1,93,192,0.90909094,0.0,-1.2817726,-26.789822,0.09090909
003008.SZ,16.700829,16.700829,0.00016409806,0.00018804062,0.35999972,0.22522523,1,24,84,0.5405405,0.0,-0.71587026,2.9971108,0.45945945
003009.SZ,13.271517,13.271517,0.00011726102,0.00018804062,0.38333303,0.53333336,1,40,114,0.8333333,0.0,-1.8445933,-35.07561,0.16666667
003010.SZ,17.049776,17.049776,0.0001500805,0.00018804062,0.38916636,0.25825825,1,77,117,0.8918919,0.0,-1.2162106,16.702312,0.10810811
003011.SZ,14.269226,14.269226,0.00014155639,0.00018804062,0.36124972,0.1657754,1,22,208,0.61764705,0.0,-0.7464706,2.0911636,0.38235295
003012.SZ,17.253244,17.253244,0.00016858414,0.00018804062,0.35749972,0.21428572,1,40,114,0.33333334,0.0,-0.5346556,2.3062084,0.6666667
003013.SZ,15.169691,15.169691,0.00014515646,0.00018804062,0.403333,0.31346938,1,5,286,0.9,0.0,-0.5994379,13.472818,0.1
003015.SZ,13.599069,13.599069,0.00013628902,0.00018804062,0.38083303,0.20833333,1,69,305,0.6060606,0.0,-1.3145304,12.846601,0.3939394
003016.SZ,16.86882,16.86882,0.00016273627,0.00018804062,0.37916636,0.18357489,1,15,191,0.82608694,0.0,-1.0792173,-3.2607107,0.17391305
003017.SZ,11.34999,11.34999,0.00012271671,0.00018804062,0.3624997,0.16477273,1,1,211,0.75757575,0.0,-0.97619087,5.811821,0.24242425
003018.SZ,15.207818,15.207818,0.00014719166,0.00018804062,0.37916636,0.14509246,1,20,96,0.6052632,0.0,-1.5060447,6.338849,0.39473686
003019.SZ,18.82833,18.82833,0.00018269387,0.00018804062,0.37666637,0.14615385,1,95,151,0.7,0.0,-1.1822875,5.8323207,0.3
003020.SZ,15.299003,15.299003,0.00014696708,0.00018804062,0.38333306,0.23707666,1,102,50,0.47058824,0.0,-1.3090618,7.4046187,0.5294118
003021.SZ,16.912184,16.912184,0.00016829482,0.00018804062,0.36041638,0.2628205,1,91,229,0.95,0.0,-1.0665025,5.8571725,0.05
003022.SZ,20.305439,20.305439,0.00019339607,0.00018804062,0.3504164,0.19630156,1,21,149,0.7894737,0.0,-1.1370472,1.1667738,0.21052632
003023.SZ,7.237226,7.237226,8.966672e-05,0.00018804062,0.37916636,0.18390805,1,91,229,0.8666667,0.0,0.45801002,6.706152,0.13333334
003025.SZ,16.868763,16.868763,0.00016269082,0.00018804062,0.38666636,0.2057057,1,94,65,0.5945946,0.0,-1.0155945,9.68301,0.4054054
003026.SZ,22.720629,22.720629,0.00020173173,0.00018804062,0.36666638,0.35966387,1,32,38,0.4,0.0,-1.1771085,5.55566,0.6
003027.SZ,27.30767,27.30767,0.00023973448,0.00018804062,0.38666636,0.20089285,1,74,159,0.5625,0.0,0.67206085,4.933072,0.4375
003028.SZ,20.880444,20.880444,0.00019204686,0.00018804062,0.37166637,0.2192691,1,32,38,0.6976744,0.0,-0.9660116,4.3116884,0.30232558
003029.SZ,16.767971,16.767971,0.00014096992,0.00018804062,0.3874997,0.3885918,1,74,159,0.8235294,0.0,-1.6647207,-23.314188,0.1764706
003030.SZ,16.49551,16.49551,0.00016521789,0.00018804062,0.36416638,0.34453782,1,30,30,0.37142858,0.0,-0.72246855,5.318598,0.62857145
003031.SZ,12.786853,12.786853,0.00012377954,0.00018804062,0.39499968,0.21904762,1,59,157,0.9444444,0.0,-2.2233193,13.2989025,0.055555556
003033.SZ,8.010452,8.010452,8.786176e-05,0.00018804062,0.39749968,0.4455645,1,33,251,0.90625,0.0,-0.4195125,22.052097,0.09375
003035.SZ,13.509748,13.509748,0.00013713024,0.00018804062,0.3554164,0.15322581,1,59,157,0.9375,0.0,0.691325,4.5240526,0.0625
003036.SZ,11.055039,11.055039,0.000112915295,0.00018804062,0.39166635,0.1816092,1,74,159,0.9,0.0,-1.3358268,-1.3153508,0.1
003037.SZ,14.906416,14.906416,0.00014653514,0.00018804062,0.35749972,0.19354838,1,43,94,0.625,0.0,0.5829657,-0.9633844,0.375
003038.SZ,9.303512,9.303512,0.00010281048,0.00018804062,0.40416634,0.2782258,1,59,157,0.8125,0.0,-1.7219219,-7.0451074,0.1875
003039.SZ,17.78626,17.78626,0.00016555609,0.00018804062,0.40416634,0.14338575,1,33,251,0.7446808,0.0,-1.478517,6.0588975,0.25531915
003040.SZ,39.063164,39.063164,0.000288783,0.00018804062,0.38666636,0.2672131,1,74,159,0.73770493,0.0,-0.8934623,1.5349556,0.26229507
003042.SZ,16.00009,16.00009,0.0001581594,0.00018804062,0.38416636,0.17970401,1,100,10,0.79545456,0.0,-1.1122477,-12.154441,0.20454545
003043.SZ,13.813926,13.813926,0.00014024945,0.00018804062,0.3566664,0.111827955,1,80,208,0.7741935,0.0,-2.1371517,4.9357386,0.22580644
003816.SZ,16.75194,16.75194,0.00015811702,0.00018804062,0.36833304,0.20689656,1,1,211,0.6333333,0.0,-1.0604234,3.6745987,0.36666667
300001.SZ,12.819171,12.819171,0.00013156315,0.00018804062,0.37791637,0.1891892,1,93,192,0.8648649,0.0,-0.75748646,12.488112,0.13513513
300002.SZ,15.407738,15.407738,0.00014350425,0.00018804062,0.38916636,0.34708393,1,19,162,0.7105263,0.0,-1.1138579,14.561775,0.28947368
300003.SZ,9.322099,9.322099,0.00010437735,0.00018804062,0.35499972,0.14962122,1,59,157,0.969697,0.0,-0.96872425,6.288391,0.030303031
300004.SZ,16.629328,16.629328,0.00016737788,0.00018804062,0.36666638,0.120910384,1,91,229,0.5263158,0.0,-1.6310842,4.3689923,0.47368422
300005.SZ,14.393068,14.393068,0.00013622925,0.00018804062,0.38916636,0.16934046,1,1,211,0.7058824,0.0,-1.221303,3.153534,0.29411766
300006.SZ,12.327442,12.327442,0.0001167506,0.00018804062,0.3824997,0.32698414,1,15,191,0.9166667,0.0,-1.6601944,-14.170399,0.083333336
300007.SZ,14.802559,14.802559,0.00015260921,0.00018804062,0.37208304,0.13363363,1,2,80,0.8918919,0.0,-1.497935,6.3218136,0.10810811
300008.SZ,15.866455,15.866455,0.00015137125,0.00018804062,0.37666637,0.1889483,1,5,286,0.5882353,0.0,-1.0006323,11.493199,0.4117647
300009.SZ,19.223694,19.223694,0.00016461786,0.00018804062,0.38083303,0.3891129,1,19,162,0.90625,0.0,-1.1702499,16.594164,0.09375
300010.SZ,14.373896,14.373896,0.00014103054,0.00018804062,0.38083303,0.13306452,1,15,191,0.46875,0.0,-0.51750624,6.818321,0.53125
300011.SZ,18.398533,18.398533,0.00018336836,0.00018804062,0.35916638,0.15315315,1,27,217,0.6486486,0.0,-1.4203109,3.9722352,0.35135135
300012.SZ,11.679296,11.679296,0.00012836656,0.00018804062,0.35624972,0.2809524,1,7,111,0.8333333,0.0,-0.7353806,2.348775,0.16666667
300013.SZ,17.555586,17.555586,0.00016165362,0.00018804062,0.410833,0.18466899,1,22,208,0.71428573,0.0,-2.3762832,-6.0707808,0.2857143
300014.SZ,17.77466,17.77466,0.0001644653,0.00018804062,0.37166637,0.16734143,1,5,286,0.53846157,0.0,-1.7082052,-1.5326911,0.46153846
300015.SZ,18.513332,18.513332,0.0001633324,0.00018804062,0.39083302,0.24646464,1,69,305,0.73333335,0.0,-0.78041774,12.868936,0.26666668
300016.SZ,16.239342,16.239342,0.00015667593,0.00018804062,0.37416637,0.25042018,1,15,191,0.45714286,0.0,-0.5714371,6.9099145,0.54285717
300017.SZ,14.870484,14.870484,0.00014864746,0.00018804062,0.3824997,0.19241443,1,77,117,0.85106385,0.0,-1.6247151,8.835209,0.14893617
300018.SZ,18.616667,18.616667,0.00017139477,0.00018804062,0.38916636,0.16843972,1,33,251,0.6458333,0.0,-1.7990271,4.556706,0.35416666
300019.SZ,14.182844,14.182844,0.00014324678,0.00018804062,0.36124972,0.13709678,1,12,252,0.40625,0.0,-1.3745031,1.318722,0.59375
300021.SZ,5.105523,5.105523,6.774049e-05,0.00018804062,0.37833303,0.25747126,1,6,36,0.9,0.0,-1.18442,-24.848627,0.1
300022.SZ,14.273539,14.273539,0.0001396966,0.00018804062,0.39666635,0.20499109,1,27,217,0.7352941,0.0,-1.4856619,-13.404004,0.2647059
300024.SZ,11.296026,11.296026,0.00010738727,0.00018804062,0.39166635,0.41129032,1,95,151,0.9375,0.0,-1.2691687,-32.248848,0.0625
300025.SZ,30.972387,30.972387,0.00023297795,0.00018804062,0.3924997,0.2642706,1,74,159,0.77272725,0.0,-1.256275,-22.823711,0.22727273
300026.SZ,21.157034,21.157034,0.00017851019,0.00018804062,0.37333304,0.24545455,1,77,117,0.64444447,0.0,-1.55992,1.9056911,0.35555556
300027.SZ,38.209854,38.209854,0.00026769403,0.00018804062,0.398333,0.27676767,1,33,251,0.5555556,0.0,-1.2009112,-23.873692,0.44444445
300030.SZ,17.75396,17.75396,0.00017812438,0.00018804062,0.37416637,0.14285715,1,27,217,0.55813956,0.0,-1.0743443,4.4358945,0.44186047
300031.SZ,13.559741,13.559741,0.00013424449,0.00018804062,0.36666638,0.10282258,1,19,162,0.71875,0.0,-0.8623625,4.634983,0.28125
300032.SZ,12.671475,12.671475,0.00013797166,0.00018804062,0.36416638,0.2752613,1,21,149,0.95238096,0.0,-1.8157716,4.879038,0.04761905
300033.SZ,53.81011,53.81011,0.0004096238,0.00018804062,0.40666634,0.10240041,1,5,286,0.9101124,0.0,-1.4792067,4.326469,0.08988764
300034.SZ,14.053007,14.053007,0.00014142488,0.00018804062,0.35749972,0.16470589,1,22,208,0.4857143,0.0,-0.53345424,2.4902887,0.51428574
300035.SZ,19.83016,19.83016,0.00019070602,0.00018804062,0.37166637,0.09986505,1,15,191,0.43589744,0.0,-2.099041,4.7910595,0.5641026
300036.SZ,15.983069,15.983069,0.0001619076,0.00018804062,0.35624972,0.14193548,1,12,252,0.3548387,0.0,-1.7923644,1.3044032,0.6451613
300037.SZ,15.741202,15.741202,0.00015940743,0.00018804062,0.37541637,0.13963965,1,5,286,0.8918919,0.0,-1.654762,1.5387431,0.10810811
300039.SZ,21.369783,21.369783,0.00019530272,0.00018804062,0.39583302,0.16165413,1,5,286,0.84210527,0.0,-1.5425156,7.6408024,0.15789473
300040.SZ,16.475477,16.475477,0.00015492785,0.00018804062,0.38583302,0.19390243,1,52,65,0.9268293,0.0,1.3382293,2.9378636,0.07317073
300041.SZ,18.311502,18.311502,0.00017918648,0.00018804062,0.36833304,0.15719697,1,21,149,0.75757575,0.0,-1.6010213,3.9707065,0.24242425
300042.SZ,23.356953,23.356953,0.00019748132,0.00018804062,0.39333302,0.2074074,1,21,149,0.6545454,0.0,-1.4155236,0.34216946,0.34545454
300043.SZ,21.929905,21.929905,0.00019394017,0.00018804062,0.39083302,0.2310204,1,5,286,0.86,0.0,-0.33837596,12.573103,0.14
300045.SZ,21.527683,21.527683,0.00017818392,0.00018804062,0.39999968,0.2790347,1,102,50,0.5576923,0.0,-1.1252,-18.384968,0.44230768
300046.SZ,12.6459255,12.6459255,0.00013234017,0.00018804062,0.36583304,0.1816092,1,27,217,0.6333333,0.0,-1.6443565,2.7514267,0.36666667
300047.SZ,15.660649,15.660649,0.00015670552,0.00018804062,0.37333304,0.099907495,1,5,286,0.78723407,0.0,-1.4593767,-1.0920571,0.21276596
300048.SZ,15.873443,15.873443,0.00014634861,0.00018804062,0.3749997,0.21727395,1,22,208,0.6923077,0.0,-0.47757944,1.027377,0.30769232
300049.SZ,19.209145,19.209145,0.00017157626,0.00018804062,0.41166633,0.19237588,1,5,286,0.7916667,0.0,-1.1936291,10.284451,0.20833333
300050.SZ,11.960255,11.960255,0.00011568983,0.00018804062,0.3799997,0.32436976,1,80,208,0.8,0.0,-0.5193914,0.9876972,0.2
300051.SZ,290.9004,290.9004,0.001817821,0.00018804062,0.50833297,0.101913944,1,91,229,0.9413681,0.0,-1.7190262,-16.067694,0.058631923
300053.SZ,84.8746,84.8746,0.0006003486,0.00018804062,0.44499967,0.18067557,1,43,94,0.9328358,0.0,-1.416456,-9.972235,0.06716418
300054.SZ,16.137617,16.137617,0.00015002237,0.00018804062,0.38916636,0.25675675,1,12,252,0.6486486,0.0,-1.3165919,15.927542,0.35135135
300055.SZ,13.327492,13.327492,0.00012168352,0.00018804062,0.398333,0.3153153,1,22,208,0.8378378,0.0,-0.931608,-22.24424,0.16216215
300056.SZ,35.992443,35.992443,0.0002466318,0.00018804062,0.39416635,0.27564102,1,69,305,0.7,0.0,-0.84645253,-24.29346,0.3
300057.SZ,13.170592,13.170592,0.00012820565,0.00018804062,0.398333,0.21906117,1,59,157,0.7368421,0.0,-0.97909474,-6.66559,0.2631579
300058.SZ,34.065277,34.065277,0.00027701684,0.00018804062,0.41499966,0.18747918,1,27,217,0.96153843,0.0,0.7011731,-0.09758688,0.03846154
300059.SZ,39.759655,39.759655,0.00035116513,0.00018804062,0.4199997,0.13154387,1,27,217,0.89320385,0.0,-0.47583786,9.253024,0.106796116
300061.SZ,20.101194,20.101194,0.0001513278,0.00018804062,0.39166635,0.36720142,1,12,252,0.8235294,0.0,-1.3240442,-30.144966,0.1764706
300062.SZ,15.580104,15.580104,0.0001544282,0.00018804062,0.35999972,0.14616756,1,23,94,0.64705884,0.0,-0.3165382,4.9843163,0.3529412
300063.SZ,15.683426,15.683426,0.00015149674,0.00018804062,0.37333304,0.22459893,1,95,151,0.61764705,0.0,-0.71864414,7.7311816,0.38235295
300065.SZ,128.70943,128.70943,0.0008511698,0.00018804062,0.44166633,0.16671327,1,69,305,0.81632656,0.0,-1.7819259,2.3015227,0.18367347
300066.SZ,17.527279,17.527279,0.00016611649,0.00018804062,0.37416637,0.17234848,1,33,251,0.36363637,0.0,-1.8389909,2.1382368,0.6363636
300067.SZ,18.517775,18.517775,0.00017977101,0.00018804062,0.36833304,0.24634147,1,43,94,0.4878049,0.0,-0.72810733,2.624256,0.5121951
300068.SZ,18.197227,18.197227,0.00017054196,0.00018804062,0.39416635,0.14973262,1,24,84,0.7647059,0.0,-0.90672356,-4.6978264,0.23529412
300069.SZ,13.448188,13.448188,0.00012532607,0.00018804062,0.4124997,0.17948718,1,33,251,0.85,0.0,-1.8016926,-3.7429993,0.15
300070.SZ,12.704822,12.704822,0.00013326775,0.00018804062,0.3649997,0.19663866,1,21,149,0.85714287,0.0,-0.9078143,3.7079027,0.14285715
300071.SZ,44.912838,44.912838,0.00029725843,0.00018804062,0.39583302,0.35245144,1,34,43,0.5744681,0.0,-1.1898639,-21.82619,0.42553192
300072.SZ,14.905369,14.905369,0.00015314821,0.00018804062,0.39333302,0.2060606,1,91,229,0.82222223,0.0,-0.78916,2.4855387,0.17777778
300073.SZ,9.6520815,9.6520815,0.00010565721,0.00018804062,0.3687497,0.21969697,1,52,65,1.0,0.0,-1.9275092,-2.6244233,0.0
300074.SZ,18.333515,18.333515,0.00016117725,0.00018804062,0.39999968,0.2357488,1,21,149,0.76086956,0.0,-1.7997,-15.46089,0.23913044
300075.SZ,25.740196,25.740196,0.00020025822,0.00018804062,0.39166635,0.2838384,1,59,157,0.73333335,0.0,-2.1880045,-17.608181,0.26666668
300076.SZ,24.306034,24.306034,0.00020201145,0.00018804062,0.400833,0.19764706,1,19,162,0.6862745,0.0,-1.4256942,-9.084388,0.3137255
300077.SZ,18.70484,18.70484,0.00014635791,0.00018804062,0.3924997,0.32436976,1,33,251,0.82857144,0.0,-2.0545573,-28.63401,0.17142858
300078.SZ,17.1197,17.1197,0.00016102061,0.00018804062,0.39083302,0.08734694,1,12,252,0.72,0.0,-1.2161521,-1.4379928,0.28
300079.SZ,14.415117,14.415117,0.00014704127,0.00018804062,0.37666637,0.13691027,1,27,217,0.7446808,0.0,-1.3817085,1.1554916,0.25531915
300080.SZ,14.285937,14.285937,0.00012947948,0.00018804062,0.38416636,0.3939394,1,5,286,0.85294116,0.0,-1.160353,-27.065908,0.14705883
300082.SZ,14.184713,14.184713,0.00014296756,0.00018804062,0.40999967,0.13813815,1,89,72,0.9189189,0.0,-0.29821077,-0.39508918,0.08108108
300083.SZ,14.826005,14.826005,0.00015121752,0.00018804062,0.36124972,0.19786096,1,5,286,0.64705884,0.0,-1.1870323,3.0435352,0.3529412
300084.SZ,16.093405,16.093405,0.00014468595,0.00018804062,0.39333302,0.28536585,1,34,43,0.8292683,0.0,-1.5970732,-18.797804,0.17073171
300085.SZ,53.107132,53.107132,0.00034868857,0.00018804062,0.40416634,0.3188789,1,59,157,0.9032258,0.0,-1.7625468,-19.681377,0.09677419
300086.SZ,23.10885,23.10885,0.00019019186,0.00018804062,0.39499968,0.22367346,1,2,80,0.88,0.0,-1.8366679,-14.459934,0.12
300087.SZ,17.856625,17.856625,0.00015065215,0.00018804062,0.39583302,0.2682927,1,5,286,0.902439,0.0,-0.6973342,-23.936466,0.09756097
300088.SZ,19.358358,19.358358,0.00018273269,0.00018804062,0.36791638,0.21212122,1,24,84,0.3030303,0.0,-1.597597,-0.270754,0.6969697
300092.SZ,12.343106,12.343106,0.00013255318,0.00018804062,0.36833304,0.21187584,1,59,157,0.8717949,0.0,-0.9283461,4.857477,0.12820514
300094.SZ,165.38564,165.38564,0.0012126692,0.00018804062,0.503333,0.0702798,1,33,251,0.92156863,0.0,-1.2119027,-10.888177,0.078431375
300095.SZ,13.216626,13.216626,0.0001393505,0.00018804062,0.3662497,0.14761905,1,95,151,0.8333333,0.0,-0.9446083,4.997375,0.16666667
300097.SZ,416.2796,416.2796,0.0028298541,0.00018804062,0.54916626,0.05469231,1,14,83,0.9744,0.0,-1.4713328,-12.867689,0.0256
300098.SZ,17.395807,17.395807,0.000161142,0.00018804062,0.37583303,0.20564516,1,19,162,0.34375,0.0,-1.6059812,-7.508825,0.65625
300099.SZ,12.693652,12.693652,0.0001309565,0.00018804062,0.39333302,0.12948719,1,31,1,1.0,0.0,-0.355155,3.959682,0.0
300100.SZ,12.8514805,12.8514805,0.00012338633,0.00018804062,0.38583302,0.26349208,1,102,50,0.8611111,0.0,-0.73462504,13.373384,0.1388889
300101.SZ,11.329677,11.329677,0.00011983888,0.00018804062,0.38666636,0.18548387,1,1,211,0.875,0.0,-1.7524375,6.189013,0.125
300102.SZ,12.107295,12.107295,0.00011266057,0.00018804062,0.39083302,0.315508,1,80,208,0.88235295,0.0,-0.31021473,-4.7079687,0.11764706
300103.SZ,26.904118,26.904118,0.00021214932,0.00018804062,0.400833,0.21428572,1,5,286,0.81632656,0.0,-1.5985959,-16.895851,0.18367347
300105.SZ,10.543096,10.543096,0.00010420594,0.00018804062,0.39416635,0.26984128,1,27,217,0.8888889,0.0,-2.0503697,-18.023642,0.11111111
300106.SZ,16.948921,16.948921,0.00014552589,0.00018804062,0.39499968,0.25775978,1,20,96,0.7692308,0.0,0.052123044,-21.653446,0.23076923
300107.SZ,19.083923,19.083923,0.00017649576,0.00018804062,0.403333,0.11347517,1,5,286,0.8958333,0.0,-1.1970292,-2.788028,0.104166664
300109.SZ,18.883062,18.883062,0.00018076386,0.00018804062,0.3874997,0.08826946,1,24,84,0.85714287,0.0,-1.0611094,5.449178,0.14285715
300110.SZ,17.481564,17.481564,0.00017192886,0.00018804062,0.37166637,0.09175377,1,43,94,0.6666667,0.0,-1.0176833,-0.3179115,0.33333334
300111.SZ,17.550842,17.550842,0.00016215927,0.00018804062,0.39499968,0.1579832,1,74,159,0.7714286,0.0,-1.8509513,-9.516009,0.22857143
300112.SZ,11.517221,11.517221,0.00012119793,0.00018804062,0.37416637,0.14962122,1,59,157,0.90909094,0.0,-1.8920364,1.1433522,0.09090909
300113.SZ,19.221237,19.221237,0.00016676541,0.00018804062,0.39749968,0.26559713,1,91,229,0.7941176,0.0,-1.022153,15.146271,0.20588236
300115.SZ,15.878747,15.878747,0.00016225503,0.00018804062,0.37416637,0.17142858,1,33,251,0.6944444,0.0,-2.202161,3.7553542,0.30555555
300118.SZ,20.334284,20.334284,0.00017463585,0.00018804062,0.400833,0.2224736,1,12,252,0.46153846,0.0,-0.8444981,-18.374662,0.53846157
300119.SZ,17.201107,17.201107,0.00016289574,0.00018804062,0.38666636,0.1657754,1,69,305,0.5882353,0.0,-1.337647,6.641482,0.4117647
300120.SZ,14.204627,14.204627,0.00014925597,0.00018804062,0.35916638,0.09892473,1,20,96,0.6451613,0.0,-1.9836065,0.54880965,0.3548387
300121.SZ,11.360776,11.360776,0.00012182063,0.00018804062,0.35916638,0.14942528,1,94,65,0.6666667,0.0,-1.22019,2.8655336,0.33333334
300122.SZ,13.605354,13.605354,0.00012398582,0.00018804062,0.39499968,0.4223485,1,43,94,0.7878788,0.0,-1.1328213,-23.051043,0.21212122
300123.SZ,446.94785,446.94785,0.003063127,0.00018804062,0.54916626,0.04727805,1,27,217,0.94956774,0.0,-1.387527,-12.218968,0.050432276
300124.SZ,14.294177,14.294177,0.00014045804,0.00018804062,0.39416635,0.21052632,1,80,208,0.64102566,0.0,-1.4678665,12.295435,0.35897437
300126.SZ,17.712322,17.712322,0.00016975457,0.00018804062,0.39083302,0.11336032,1,33,251,0.82051283,0.0,-1.6456897,-2.540757,0.17948718
300127.SZ,15.181921,15.181921,0.00014421594,0.00018804062,0.39416635,0.26410258,1,91,229,0.95,0.0,-2.0661476,15.84696,0.05
300128.SZ,21.063986,21.063986,0.00015446094,0.00018804062,0.3924997,0.38487396,1,33,251,0.74285716,0.0,-1.5265572,-27.734066,0.25714287
300129.SZ,12.879166,12.879166,0.00012606959,0.00018804062,0.41166633,0.17983194,1,5,286,0.62857145,0.0,-1.0730172,-5.650145,0.37142858
300130.SZ,16.187628,16.187628,0.0001508165,0.00018804062,0.38166636,0.2159091,1,69,305,0.6060606,0.0,-1.4769001,7.5284595,0.3939394
300131.SZ,18.399673,18.399673,0.00014754076,0.00018804062,0.38916636,0.32413793,1,1,211,0.8333333,0.0,-0.6053367,-1.8634193,0.16666667
300132.SZ,14.877195,14.877195,0.00015121691,0.00018804062,0.35583305,0.1724138,1,40,114,0.53333336,0.0,-0.96923006,4.0377173,0.46666667
300133.SZ,16.60745,16.60745,0.00015418905,0.00018804062,0.418333,0.16500553,1,5,286,0.8604651,0.0,-0.09421394,2.8545506,0.13953489
300134.SZ,10.105267,10.105267,9.749136e-05,0.00018804062,0.38916636,0.4183908,1,27,217,0.76666665,0.0,-3.8688204,-27.090788,0.23333333
300135.SZ,19.185911,19.185911,0.00015678033,0.00018804062,0.35833305,0.2809524,1,12,252,0.8333333,0.0,-0.86557496,1.5341277,0.16666667
300136.SZ,15.021512,15.021512,0.00013652073,0.00018804062,0.39166635,0.19327731,1,14,83,0.8,0.0,-0.29873145,-2.6486552,0.2
300137.SZ,17.343016,17.343016,0.00017046854,0.00018804062,0.36124972,0.15698925,1,89,72,0.7741935,0.0,-1.2404064,1.7535194,0.22580644
300138.SZ,14.187063,14.187063,0.00014607042,0.00018804062,0.36291638,0.13763441,1,7,111,0.58064514,0.0,-1.2363515,5.78896,0.41935483
300139.SZ,20.690031,20.690031,0.00017842554,0.00018804062,0.39916635,0.22621565,1,59,157,0.75,0.0,-1.8830544,9.683979,0.25
300140.SZ,15.760155,15.760155,0.00015796321,0.00018804062,0.3541664,0.22580644,1,95,151,0.516129,0.0,0.2996291,4.0453906,0.48387095
300141.SZ,17.8179,17.8179,0.00017160314,0.00018804062,0.39416638,0.15873016,1,7,111,0.8611111,0.0,-1.5228916,-5.470012,0.1388889
300142.SZ,13.685113,13.685113,0.0001358247,0.00018804062,0.36666638,0.18346775,1,57,68,0.78125,0.0,-1.2356343,-1.9568408,0.21875
300143.SZ,13.066314,13.066314,0.00013123803,0.00018804062,0.36833304,0.15698925,1,1,211,0.67741936,0.0,-0.79042584,2.1961148,0.32258064
300144.SZ,15.455154,15.455154,0.00014113277,0.00018804062,0.3874997,0.4526515,1,76,26,0.969697,0.0,-0.71129084,15.907301,0.030303031
300145.SZ,11.36681,11.36681,0.00012288099,0.00018804062,0.36124972,0.2580645,1,59,157,0.75,0.0,-1.8291,6.4581203,0.25
300146.SZ,17.490242,17.490242,0.00016433425,0.00018804062,0.38333303,0.16966967,1,1,211,0.8378378,0.0,-0.6899649,7.795288,0.16216215
300148.SZ,14.915482,14.915482,0.00014964852,0.00018804062,0.40166634,0.13333334,1,69,305,0.6333333,0.0,-0.753,5.337161,0.36666667
300149.SZ,13.474417,13.474417,0.00014000261,0.00018804062,0.36916637,0.11491936,1,33,251,0.8125,0.0,-1.395625,4.1881,0.1875
300150.SZ,11.178543,11.178543,0.00012147322,0.00018804062,0.34958306,0.07526882,1,21,149,0.8064516,0.0,-0.97693866,1.4457353,0.19354838
300151.SZ,9.773972,9.773972,0.000106090505,0.00018804062,0.3724997,0.16551724,1,19,162,0.96666664,0.0,-1.8527267,5.975565,0.033333335
300153.SZ,9.689582,9.689582,0.00010177338,0.00018804062,0.3849997,0.19128788,1,5,286,0.90909094,0.0,-1.4506758,-0.4748542,0.09090909
300154.SZ,8.523869,8.523869,9.741012e-05,0.00018804062,0.35374972,0.28045976,1,12,252,0.8333333,0.0,-2.0865967,5.4523797,0.16666667
300155.SZ,19.06525,19.06525,0.00016481314,0.00018804062,0.39083305,0.31153846,1,91,229,0.825,0.0,-1.4943274,-11.982839,0.175
300157.SZ,18.24999,18.24999,0.00016965231,0.00018804062,0.403333,0.19918367,1,33,251,0.86,0.0,-0.601866,18.305609,0.14
300158.SZ,15.34048,15.34048,0.00013515157,0.00018804062,0.39083302,0.41935483,1,59,157,0.9032258,0.0,-1.726516,-20.79014,0.09677419
300160.SZ,17.117445,17.117445,0.00016767785,0.00018804062,0.35583305,0.20499109,1,15,191,0.44117647,0.0,-2.1750028,4.811103,0.5588235
300161.SZ,19.411491,19.411491,0.00018294966,0.00018804062,0.3699997,0.24126984,1,77,117,0.4722222,0.0,-1.9675249,-5.309764,0.5277778
300162.SZ,16.74541,16.74541,0.00016310831,0.00018804062,0.35458305,0.101604275,1,74,159,0.7058824,0.0,-2.2255826,3.9806585,0.29411766
300163.SZ,26.696968,26.696968,0.00023408874,0.00018804062,0.400833,0.20994183,1,30,30,0.67741936,0.0,-1.3336273,12.433844,0.32258064
300164.SZ,24.991018,24.991018,0.00021191059,0.00018804062,0.39916638,0.20979592,1,19,162,0.74,0.0,-0.58589,1.4051604,0.26
300165.SZ,16.57367,16.57367,0.00015798396,0.00018804062,0.35749972,0.12643678,1,14,83,0.8333333,0.0,-0.6205266,5.0564566,0.16666667
300166.SZ,13.420607,13.420607,0.00012508113,0.00018804062,0.39916635,0.27816093,1,80,208,0.93333334,0.0,-1.1030633,-14.69306,0.06666667
300168.SZ,26.045902,26.045902,0.00019718452,0.00018804062,0.38916636,0.32222223,1,69,305,0.6388889,0.0,-1.4825417,-28.17026,0.3611111
300169.SZ,35.944355,35.944355,0.00026705177,0.00018804062,0.39166635,0.2784314,1,15,191,0.6862745,0.0,-1.290951,-22.015888,0.3137255
300170.SZ,9.366555,9.366555,0.000108277476,0.00018804062,0.36333305,0.23678161,1,24,84,0.96666664,0.0,-1.0262034,2.1587498,0.033333335
300171.SZ,11.16066,11.16066,0.000120322125,0.00018804062,0.36166638,0.14482759,1,27,217,0.6,0.0,-1.3672599,1.5185201,0.4
300172.SZ,9.442051,9.442051,0.00010720483,0.00018804062,0.35499972,0.2,1,12,252,0.6333333,0.0,-1.2244267,2.5493836,0.36666667
300174.SZ,10.16081,10.16081,0.00011304724,0.00018804062,0.37333304,0.13548388,1,69,305,0.83870965,0.0,0.12764843,3.3153362,0.16129032
300176.SZ,14.918069,14.918069,0.00014596964,0.00018804062,0.38416636,0.062068965,1,24,84,0.93333334,0.0,-1.1439601,3.6342392,0.06666667
300177.SZ,13.958239,13.958239,0.0001277518,0.00018804062,0.39499968,0.34252873,1,1,211,0.73333335,0.0,-1.5731567,-25.3893,0.26666668
300179.SZ,16.343073,16.343073,0.00015793092,0.00018804062,0.3899997,0.21904762,1,53,16,0.6111111,0.0,-1.0646721,1.7866777,0.3888889
300180.SZ,116.583,116.583,0.0008219667,0.00018804062,0.44999966,0.1345156,1,22,208,0.85714287,0.0,-1.3211235,1.4588889,0.14285715
300181.SZ,21.683296,21.683296,0.00018405737,0.00018804062,0.39416635,0.26364693,1,14,83,0.88095236,0.0,-0.8836833,13.30322,0.11904762
300182.SZ,15.999776,15.999776,0.00015452734,0.00018804062,0.38166636,0.121839084,1,74,159,0.6666667,0.0,-0.36844668,1.124994,0.33333334
300183.SZ,19.194857,19.194857,0.00015831439,0.00018804062,0.36916637,0.315508,1,79,1,1.0,0.0,-1.4132648,1.7610459,0.0
300184.SZ,14.862303,14.862303,0.00014876001,0.00018804062,0.38583302,0.17417417,1,59,157,0.7297297,0.0,-0.42211887,5.776354,0.27027026
300185.SZ,9.065588,9.065588,0.000106159976,0.00018804062,0.35499972,0.227957,1,27,217,0.8064516,0.0,-1.8648,3.1216197,0.19354838
300187.SZ,12.011626,12.011626,0.00012460336,0.00018804062,0.36208305,0.1816092,1,16,2,1.0,0.0,-1.5910668,0.10624132,0.0
300188.SZ,23.652214,23.652214,0.00018667165,0.00018804062,0.405833,0.37310925,1,2,80,0.9142857,0.0,-2.1315744,-20.098158,0.08571429
300189.SZ,9.794041,9.794041,0.00010432854,0.00018804062,0.3899997,0.19959678,1,5,286,0.78125,0.0,0.21133745,-11.699987,0.21875
300190.SZ,16.221125,16.221125,0.00013994126,0.00018804062,0.3824997,0.38502672,1,93,192,0.9411765,0.0,-1.0563971,-29.169365,0.05882353
300191.SZ,15.709684,15.709684,0.00013801483,0.00018804062,0.39666635,0.22372372,1,12,252,0.6756757,0.0,-0.2168405,-1.1512232,0.3243243
300192.SZ,10.655375,10.655375,0.00010708762,0.00018804062,0.39333302,0.37298387,1,93,192,0.8125,0.0,-1.3308781,17.749908,0.1875
300193.SZ,8.370704,8.370704,9.693984e-05,0.00018804062,0.37583303,0.28045976,1,57,68,0.8666667,0.0,-2.700667,3.6763442,0.13333334
300194.SZ,11.630336,11.630336,0.00012040619,0.00018804062,0.3849997,0.101149425,1,5,286,0.8,0.0,-1.1765134,0.23392875,0.2
300195.SZ,14.388174,14.388174,0.00014031219,0.00018804062,0.39416635,0.15268818,1,59,157,0.4516129,0.0,-1.4455291,0.2435459,0.5483871
300196.SZ,19.382046,19.382046,0.000174472,0.00018804062,0.39166635,0.24144311,1,59,157,0.87234044,0.0,-0.9372489,8.5262575,0.12765957
300197.SZ,296.60913,296.60913,0.0020919405,0.00018804062,0.5391663,0.05516088,1,57,68,0.9906367,0.0,-1.1645088,-11.385119,0.0093632955
300199.SZ,29.24508,29.24508,0.0002323655,0.00018804062,0.3799997,0.23670213,1,19,162,0.7083333,0.0,-1.0734249,9.2853,0.29166666
300200.SZ,12.600183,12.600183,0.0001321044,0.00018804062,0.3566664,0.12413793,1,12,252,0.53333336,0.0,-0.53017676,1.8483974,0.46666667
300201.SZ,19.373167,19.373167,0.00017669359,0.00018804062,0.41166633,0.21449275,1,91,229,0.7173913,0.0,-1.7229912,15.434363,0.2826087
300203.SZ,13.692249,13.692249,0.00012685919,0.00018804062,0.38833302,0.3600713,1,5,286,0.85294116,0.0,-1.7632471,-28.998804,0.14705883
300204.SZ,22.383957,22.383957,0.00017879598,0.00018804062,0.38916636,0.22332859,1,15,191,0.6052632,0.0,-1.5371711,-16.681229,0.39473686
300206.SZ,15.192955,15.192955,0.00013690843,0.00018804062,0.39083302,0.4344086,1,15,191,0.83870965,0.0,-1.1882354,15.445832,0.16129032
300207.SZ,11.389912,11.389912,0.00012293091,0.00018804062,0.35791638,0.26451612,1,69,305,1.0,0.0,-2.5623064,3.8116486,0.0
300209.SZ,18.80955,18.80955,0.00015915539,0.00018804062,0.40166634,0.23292683,1,91,229,0.6097561,0.0,-0.6935732,-17.420444,0.3902439
300210.SZ,19.442427,19.442427,0.00015411632,0.00018804062,0.39083302,0.33033034,1,91,229,0.8378378,0.0,-2.5046704,-27.31181,0.16216215
300212.SZ,65.94274,65.94274,0.00043444394,0.00018804062,0.41499966,0.27568042,1,59,157,0.9411765,0.0,-1.5386235,-27.630045,0.05882353
300213.SZ,14.236542,14.236542,0.00014209368,0.00018804062,0.35833305,0.121839084,1,24,84,0.8,0.0,-1.7051834,3.9959333,0.2
300214.SZ,8.866961,8.866961,0.00010087827,0.00018804062,0.37166637,0.20689656,1,7,111,0.8666667,0.0,0.012639984,0.41041723,0.13333334
300215.SZ,18.021822,18.021822,0.00017531677,0.00018804062,0.36333305,0.122994654,1,5,286,0.88235295,0.0,-0.99514705,2.9881191,0.11764706
300217.SZ,18.382336,18.382336,0.00017513768,0.00018804062,0.3624997,0.078431375,1,93,192,0.7058824,0.0,-1.42455,1.8020232,0.29411766
300218.SZ,12.823567,12.823567,0.00013760105,0.00018804062,0.37833303,0.2580645,1,69,305,0.8064516,0.0,-0.8423966,3.4711618,0.19354838
300219.SZ,19.21904,19.21904,0.00018382112,0.00018804062,0.3554164,0.121212125,1,69,305,0.5,0.0,-1.4834646,2.687485,0.5
300220.SZ,174.85486,174.85486,0.001180085,0.00018804062,0.45999962,0.09339204,1,33,251,0.9189189,0.0,-1.6192728,4.006398,0.08108108
300221.SZ,18.129667,18.129667,0.00017211978,0.00018804062,0.3662497,0.104761906,1,15,191,0.7777778,0.0,-1.7278445,4.321295,0.22222222
300222.SZ,17.838335,17.838335,0.00017270497,0.00018804062,0.3699997,0.1906907,1,69,305,0.45945945,0.0,-2.1277487,2.0675678,0.5405405
300223.SZ,12.912736,12.912736,0.00013053016,0.00018804062,0.3749997,0.10107527,1,61,124,0.87096775,0.0,-1.3356936,0.13102329,0.12903225
300224.SZ,9.915223,9.915223,0.0001097871,0.00018804062,0.3749997,0.20229885,1,40,114,0.73333335,0.0,-2.3203964,0.7210046,0.26666668
300226.SZ,17.022148,17.022148,0.00016611138,0.00018804062,0.3687497,0.16755792,1,15,191,0.29411766,0.0,-1.7182148,5.6977496,0.7058824
300227.SZ,19.937838,19.937838,0.00016215091,0.00018804062,0.40166634,0.39215687,1,15,191,0.9117647,0.0,-1.5927649,-29.801046,0.0882353
300228.SZ,13.533801,13.533801,0.0001348307,0.00018804062,0.3849997,0.15632184,1,69,305,0.6,0.0,-0.53545994,9.879783,0.4
300229.SZ,25.871725,25.871725,0.00020442191,0.00018804062,0.3849997,0.35357624,1,80,208,0.84615386,0.0,-1.6118128,-11.35381,0.15384616
300230.SZ,20.55562,20.55562,0.00019005362,0.00018804062,0.3554164,0.13371266,1,1,211,0.68421054,0.0,-0.84783685,2.0572817,0.31578946
300231.SZ,10.42552,10.42552,0.000109107255,0.00018804062,0.38083303,0.06896552,1,5,286,0.93333334,0.0,-0.0023000876,-2.3547668,0.06666667
300232.SZ,15.411385,15.411385,0.00015224726,0.00018804062,0.3849997,0.27620968,1,19,162,0.875,0.0,-1.6730937,-15.618411,0.125
300233.SZ,12.316917,12.316917,0.000120746314,0.00018804062,0.36041638,0.14482759,1,33,251,0.76666665,0.0,-1.1459067,-1.7015159,0.23333333
300234.SZ,14.458462,14.458462,0.00014707021,0.00018804062,0.3674997,0.111827955,1,93,192,0.7741935,0.0,-1.3649645,3.5631096,0.22580644
300235.SZ,16.36377,16.36377,0.00015905633,0.00018804062,0.38583302,0.15725806,1,96,56,0.75,0.0,-1.9079032,7.4050198,0.25
300236.SZ,12.711714,12.711714,0.00013255599,0.00018804062,0.35916638,0.18151261,1,69,305,0.8,0.0,-0.75621426,6.001651,0.2
300238.SZ,11.333395,11.333395,0.00011543163,0.00018804062,0.3749997,0.14712644,1,59,157,0.8333333,0.0,-1.6215968,6.4574146,0.16666667
300239.SZ,9.753996,9.753996,0.000103642116,0.00018804062,0.3774997,0.15862069,1,20,96,0.6333333,0.0,-1.9359468,3.003606,0.36666667
300240.SZ,31.42514,31.42514,0.00023677226,0.00018804062,0.3824997,0.20673636,1,33,251,0.8333333,0.0,-0.94146657,1.1072358,0.16666667
300241.SZ,12.37048,12.37048,0.00012679845,0.00018804062,0.36666638,0.058064517,1,69,305,0.7741935,0.0,-2.807987,1.7814549,0.22580644
300242.SZ,21.592615,21.592615,0.00016166868,0.00018804062,0.39666635,0.44354838,1,74,159,0.84375,0.0,-1.2823187,-31.545841,0.15625
300243.SZ,13.832443,13.832443,0.00013279574,0.00018804062,0.39499968,0.22380953,1,15,191,0.8611111,0.0,-1.0767808,-1.0168,0.1388889
300244.SZ,16.188475,16.188475,0.00015490466,0.00018804062,0.4049997,0.1139785,1,14,83,0.67741936,0.0,-1.6459968,1.4055959,0.32258064
300245.SZ,11.3684025,11.3684025,0.0001084182,0.00018804062,0.39166635,0.3448276,1,40,114,0.8,0.0,-1.9123633,-19.799385,0.2
300246.SZ,10.716017,10.716017,0.00011326106,0.00018804062,0.39083302,0.1632184,1,85,6,0.8333333,0.0,-1.1605533,-4.1481442,0.16666667
300247.SZ,17.336351,17.336351,0.00016120012,0.00018804062,0.37916636,0.16129032,1,93,192,0.75,0.0,-2.1289592,5.051417,0.25
300248.SZ,15.855553,15.855553,0.00015366249,0.00018804062,0.36416638,0.3494253,1,43,94,0.13333334,0.0,-0.026119955,-1.4994361,0.8666667
300249.SZ,23.284422,23.284422,0.0001792681,0.00018804062,0.39583302,0.2388664,1,15,191,0.74358976,0.0,-1.7320029,-16.659105,0.25641027
300250.SZ,14.444472,14.444472,0.00014005114,0.00018804062,0.38333303,0.1954023,1,69,305,0.43333334,0.0,-1.8754866,-12.428329,0.56666666
300251.SZ,25.74064,25.74064,0.00021513517,0.00018804062,0.4124997,0.35520363,1,12,252,0.7307692,0.0,-0.5124308,10.665617,0.26923078
300252.SZ,22.035198,22.035198,0.00017704317,0.00018804062,0.3849997,0.2857143,1,87,102,0.54761904,0.0,-0.93118334,0.030635687,0.45238096
300253.SZ,15.875433,15.875433,0.0001589579,0.00018804062,0.35958305,0.13793103,1,2,80,0.56666666,0.0,-1.85594,4.30333,0.43333334
300254.SZ,9.898733,9.898733,0.00010077493,0.00018804062,0.37583303,0.26206896,1,14,83,0.96666664,0.0,-1.1369032,15.296664,0.033333335
300255.SZ,21.316671,21.316671,0.00016149673,0.00018804062,0.3824997,0.40524194,1,12,252,0.6875,0.0,-1.4852157,-31.960058,0.3125
300256.SZ,15.7761965,15.7761965,0.00014791913,0.00018804062,0.3899997,0.24367817,1,21,149,0.6,0.0,-2.0128934,-13.314988,0.4
300257.SZ,17.176788,17.176788,0.00016805915,0.00018804062,0.35499972,0.15402299,1,12,252,0.23333333,0.0,-1.1521701,5.3181806,0.76666665
300258.SZ,16.405243,16.405243,0.00015971845,0.00018804062,0.36083305,0.07459678,1,19,162,0.84375,0.0,-1.3770406,3.279325,0.15625
300259.SZ,13.905005,13.905005,0.00014582502,0.00018804062,0.35958305,0.13793103,1,22,208,1.0,0.0,-1.4349533,3.57379,0.0
300260.SZ,10.450675,10.450675,0.000110196444,0.00018804062,0.37083304,0.15402299,1,59,157,0.8333333,0.0,-1.1691133,3.098954,0.16666667
300261.SZ,11.727854,11.727854,0.00012403193,0.00018804062,0.36666638,0.1733871,1,95,151,0.90625,0.0,-0.80041564,4.951475,0.09375
300263.SZ,18.400053,18.400053,0.00017427985,0.00018804062,0.35249972,0.14712644,1,89,72,0.56666666,0.0,-1.2567867,5.454522,0.43333334
300264.SZ,143.01202,143.01202,0.0008565735,0.00018804062,0.42166632,0.26756513,1,1,211,0.9339623,0.0,-1.6818509,-20.836706,0.06603774
300265.SZ,22.71257,22.71257,0.0001904813,0.00018804062,0.403333,0.16163266,1,33,251,0.66,0.0,-1.2765281,-0.93740165,0.34
300266.SZ,58.247555,58.247555,0.0003785341,0.00018804062,0.415833,0.2989071,1,24,84,0.86885244,0.0,-1.6438131,-18.590174,0.13114753
300267.SZ,18.96586,18.96586,0.00015536985,0.00018804062,0.39083302,0.292437,1,40,114,0.7714286,0.0,-2.260934,-20.404242,0.22857143
300269.SZ,68.09523,68.09523,0.0004890324,0.00018804062,0.43083298,0.15802757,1,52,65,0.89215684,0.0,-1.5026294,6.289924,0.10784314
300270.SZ,17.75641,17.75641,0.00016933365,0.00018804062,0.35833305,0.13257575,1,24,84,0.45454547,0.0,-1.6011727,2.6113613,0.54545456
300271.SZ,14.9256525,14.9256525,0.00013485012,0.00018804062,0.40249968,0.3,1,59,157,0.6666667,0.0,-2.131878,-15.0163,0.33333334
300272.SZ,15.597187,15.597187,0.0001519656,0.00018804062,0.3899997,0.13963965,1,22,208,0.7567568,0.0,-1.7377,9.744653,0.24324325
300274.SZ,22.01872,22.01872,0.00019139996,0.00018804062,0.405833,0.22294173,1,59,157,0.89361703,0.0,-0.533766,16.078865,0.10638298
300275.SZ,10.599274,10.599274,0.0001121201,0.00018804062,0.38416636,0.11724138,1,5,286,0.76666665,0.0,-1.9329569,0.30154693,0.23333333
300276.SZ,14.176998,14.176998,0.00014340335,0.00018804062,0.35124972,0.25747126,1,53,16,0.53333336,0.0,-1.4336499,4.080997,0.46666667
300277.SZ,94.12433,94.12433,0.0006344754,0.00018804062,0.450833,0.16442126,1,5,286,0.7542373,0.0,-1.216117,-0.50981665,0.2457627
300278.SZ,22.124166,22.124166,0.00018591133,0.00018804062,0.36583304,0.19265306,1,5,286,0.9,0.0,-0.91038406,2.064542,0.1
300279.SZ,18.681408,18.681408,0.00017655779,0.00018804062,0.35874972,0.4233871,1,102,50,0.15625,0.0,-0.7013968,1.6779195,0.84375
300281.SZ,13.825942,13.825942,0.00014241163,0.00018804062,0.3541664,0.27741936,1,91,229,0.38709676,0.0,-2.041558,0.8401611,0.61290324
300283.SZ,14.813775,14.813775,0.00014077628,0.00018804062,0.398333,0.16927454,1,22,208,0.65789473,0.0,0.33727106,-1.9503963,0.34210527
300284.SZ,19.407104,19.407104,0.00018070615,0.00018804062,0.3874997,0.12258065,1,93,192,0.67741936,0.0,-1.3806418,3.620667,0.32258064
300285.SZ,12.277638,12.277638,0.00012832836,0.00018804062,0.3899997,0.24369748,1,89,72,0.8857143,0.0,-1.2018914,16.18419,0.114285715
300286.SZ,15.332128,15.332128,0.000155769,0.00018804062,0.35749972,0.14252874,1,12,252,0.36666667,0.0,-1.5367433,2.7259634,0.6333333
300287.SZ,23.378689,23.378689,0.00018760285,0.00018804062,0.39083302,0.33565623,1,15,191,0.5952381,0.0,-1.6447786,-23.518118,0.4047619
300288.SZ,12.226916,12.226916,0.00012678969,0.00018804062,0.36166638,0.04137931,1,87,102,0.9,0.0,-1.8657601,-0.24091673,0.1
300289.SZ,12.571311,12.571311,0.000117425,0.00018804062,0.3899997,0.38494623,1,69,305,0.8064516,0.0,-1.4069418,-12.6473255,0.19354838
300290.SZ,17.427376,17.427376,0.0001471787,0.00018804062,0.39749968,0.30769232,1,12,252,0.55,0.0,-1.6386601,-25.406132,0.45
300291.SZ,19.32343,19.32343,0.00016257478,0.00018804062,0.39166635,0.22804879,1,59,157,0.85365856,0.0,-1.8000392,-14.317972,0.14634146
300292.SZ,19.660885,19.660885,0.00017564217,0.00018804062,0.3899997,0.14617941,1,94,65,0.81395346,0.0,-0.18313493,-0.9914409,0.18604651
300293.SZ,17.790377,17.790377,0.00016831742,0.00018804062,0.39916635,0.09885058,1,1,211,0.8333333,0.0,-1.7036765,-2.8491106,0.16666667
300294.SZ,9.717483,9.717483,0.000104297986,0.00018804062,0.36166638,0.2321839,1,2,80,0.9,0.0,-1.4800166,-2.7126868,0.1
300296.SZ,16.659866,16.659866,0.00016904871,0.00018804062,0.35583305,0.15615615,1,87,102,0.5405405,0.0,-2.5273783,4.0402813,0.45945945
300298.SZ,7.8284373,7.8284373,9.2452516e-05,0.00018804062,0.35583305,0.28817204,1,59,157,1.0,0.0,-1.8399936,5.072855,0.0
300299.SZ,16.343948,16.343948,0.00015130355,0.00018804062,0.39083302,0.19770116,1,5,286,0.6,0.0,-0.89816326,-13.853475,0.4
300300.SZ,39.2955,39.2955,0.0002636113,0.00018804062,0.40166634,0.27300152,1,15,191,0.86538464,0.0,-1.1733115,-16.723698,0.13461539
300302.SZ,13.10756,13.10756,0.00012650575,0.00018804062,0.39666635,0.19770116,1,15,191,0.6,0.0,-1.4197599,-17.775473,0.4
300303.SZ,15.616093,15.616093,0.00014715409,0.00018804062,0.38083303,0.18318318,1,69,305,0.8918919,0.0,-2.6962676,10.338112,0.10810811
300304.SZ,12.388802,12.388802,0.00011758894,0.00018804062,0.38583302,0.44354838,1,91,229,0.9375,0.0,-1.4061937,19.61951,0.0625
300305.SZ,18.810966,18.810966,0.00016501389,0.00018804062,0.40499967,0.21333334,1,12,252,0.50980395,0.0,-1.730204,-13.061453,0.49019608
300306.SZ,14.649861,14.649861,0.00014878513,0.00018804062,0.3554164,0.11494253,1,89,72,0.5,0.0,-1.4975702,3.2517867,0.5
300307.SZ,16.671793,16.671793,0.00016223181,0.00018804062,0.35791638,0.17741935,1,89,72,0.78125,0.0,-1.6915969,2.828057,0.21875
300308.SZ,50.00569,50.00569,0.00037378116,0.00018804062,0.40249968,0.28884986,1,33,251,0.7941176,0.0,-2.3194718,14.142949,0.20588236
300310.SZ,12.706713,12.706713,0.000118447046,0.00018804062,0.3899997,0.33868092,1,59,157,0.85294116,0.0,-0.2783588,-2.084043,0.14705883
300314.SZ,14.393439,14.393439,0.00014095029,0.00018804062,0.3749997,0.10795455,1,80,208,0.4848485,0.0,-0.3993576,0.6614683,0.5151515
300315.SZ,8.970566,8.970566,9.460191e-05,0.00018804062,0.38166636,0.22150537,1,93,192,0.9032258,0.0,-1.6405935,2.242952,0.09677419
300316.SZ,6.1873794,6.1873794,7.843267e-05,0.00018804062,0.37416637,0.17931035,1,12,252,0.93333334,0.0,-1.25252,-2.5818264,0.06666667
300317.SZ,12.439723,12.439723,0.00012155424,0.00018804062,0.40749967,0.3042017,1,57,68,0.9142857,0.0,-0.8634314,-17.272202,0.08571429
300318.SZ,12.711029,12.711029,0.00011711314,0.00018804062,0.403333,0.3068182,1,101,3,0.969697,0.0,-1.7357846,-21.298494,0.030303031
300319.SZ,7.185452,7.185452,8.7693916e-05,0.00018804062,0.35458305,0.20689656,1,74,159,0.9,0.0,-1.3247299,7.915134,0.1
300320.SZ,15.941872,15.941872,0.00015721738,0.00018804062,0.35749972,0.13190731,1,69,305,0.7941176,0.0,-1.5695117,1.9112712,0.20588236
300321.SZ,15.780604,15.780604,0.00014191782,0.00018804062,0.3824997,0.24146341,1,13,40,1.0,0.0,-1.0280244,3.1878138,0.0
300322.SZ,17.836857,17.836857,0.0001553509,0.00018804062,0.40249968,0.18589744,1,89,72,0.75,0.0,-1.6753925,3.3170218,0.25
300323.SZ,20.34256,20.34256,0.0001880434,0.00018804062,0.38666636,0.17004049,1,51,81,0.4871795,0.0,-1.8649051,-1.563455,0.51282054
300324.SZ,14.073026,14.073026,0.00013342276,0.00018804062,0.3874997,0.31264368,1,51,81,0.6333333,0.0,-1.4511231,-18.84612,0.36666667
300327.SZ,12.037582,12.037582,0.00011667367,0.00018804062,0.37916636,0.17540322,1,6,36,0.78125,0.0,-2.0832345,0.104444504,0.21875
300328.SZ,16.254278,16.254278,0.00014370095,0.00018804062,0.3874997,0.30634278,1,59,157,0.74358976,0.0,-1.2774898,-23.879936,0.25641027
300329.SZ,26.094654,26.094654,0.00020039064,0.00018804062,0.39666635,0.31039137,1,102,50,0.8974359,0.0,-2.0625591,-22.904497,0.102564104
300331.SZ,15.203214,15.203214,0.00014304869,0.00018804062,0.3899997,0.16806723,1,59,157,0.62857145,0.0,-1.2283828,-4.79407,0.37142858
300332.SZ,13.548537,13.548537,0.00013744505,0.00018804062,0.36083305,0.22983871,1,19,162,0.625,0.0,-0.018353134,5.659047,0.375
300333.SZ,14.361025,14.361025,0.00014444457,0.00018804062,0.37333304,0.22068965,1,20,96,0.6,0.0,-1.10429,-6.5946956,0.4
300334.SZ,10.970082,10.970082,0.00011980755,0.00018804062,0.35958305,0.17011495,1,94,65,0.8333333,0.0,-1.40373,3.4041398,0.16666667
300335.SZ,13.321318,13.321318,0.00013733552,0.00018804062,0.3624997,0.18620689,1,14,83,0.6,0.0,0.20102666,5.8665495,0.4
300337.SZ,14.681786,14.681786,0.00014495479,0.00018804062,0.40166634,0.15714286,1,1,211,0.6944444,0.0,-1.461328,-7.544778,0.30555555
300339.SZ,12.946977,12.946977,0.0001178808,0.00018804062,0.3799997,0.3830645,1,43,94,0.84375,0.0,-0.3576937,0.63945687,0.15625
300340.SZ,205.10681,205.10681,0.0012640007,0.00018804062,0.46583295,0.13265306,1,33,251,0.9137056,0.0,-1.7819797,-17.821238,0.08629441
300341.SZ,12.641657,12.641657,0.00013646347,0.00018804062,0.3749997,0.19556452,1,76,26,0.75,0.0,-1.1527126,7.9274883,0.25
300342.SZ,208.07594,208.07594,0.0014165663,0.00018804062,0.49333295,0.0813984,1,32,38,0.9275862,0.0,-1.6025288,2.6216884,0.072413795
300345.SZ,23.49225,23.49225,0.00018421085,0.00018804062,0.39916635,0.28780487,1,21,149,0.73170733,0.0,-1.428378,-23.811003,0.2682927
300346.SZ,9.682731,9.682731,9.862541e-05,0.00018804062,0.38583302,0.33901516,1,5,286,0.969697,0.0,-1.2727516,15.901885,0.030303031
300347.SZ,13.881726,13.881726,0.00014276002,0.00018804062,0.35083306,0.12689394,1,12,252,0.5151515,0.0,-1.5432727,2.2401774,0.4848485
300348.SZ,21.043097,21.043097,0.00017150934,0.00018804062,0.37666637,0.303433,1,23,94,0.5116279,0.0,-1.7629954,1.0981432,0.4883721
300349.SZ,10.475176,10.475176,0.000115076684,0.00018804062,0.3662497,0.17931035,1,87,102,0.7,0.0,-0.89139336,4.621619,0.3
300350.SZ,12.312465,12.312465,0.00013239463,0.00018804062,0.35583305,0.14838709,1,35,1,1.0,0.0,-1.4490776,4.353572,0.0
300351.SZ,10.13829,10.13829,0.00011224838,0.00018804062,0.3529164,0.23225807,1,96,56,0.9677419,0.0,-0.24170324,3.1820517,0.032258064
300352.SZ,44.716526,44.716526,0.00032070512,0.00018804062,0.413333,0.35381463,1,21,149,0.85714287,0.0,-2.0727699,-13.5767975,0.14285715
300353.SZ,19.101374,19.101374,0.00016137982,0.00018804062,0.39416635,0.24102564,1,40,114,0.725,0.0,-2.48856,-21.001179,0.275
300354.SZ,17.71098,17.71098,0.00015349819,0.00018804062,0.3924997,0.38850576,1,80,208,0.8333333,0.0,-1.4745165,17.775536,0.16666667
300355.SZ,19.194082,19.194082,0.00017720992,0.00018804062,0.37916636,0.227957,1,93,192,0.2580645,0.0,-1.599158,1.503516,0.7419355
300357.SZ,58.47602,58.47602,0.00048471207,0.00018804062,0.43416634,0.14126518,1,12,252,0.8516129,0.0,-1.1306194,7.158648,0.14838709
300358.SZ,13.879305,13.879305,0.00014296273,0.00018804062,0.36666638,0.19073084,1,33,251,0.61764705,0.0,-0.7850235,4.552606,0.38235295
300359.SZ,18.685379,18.685379,0.00015432124,0.00018804062,0.3899997,0.37310925,1,87,102,0.82857144,0.0,-1.6886343,-24.806808,0.17142858
300360.SZ,14.642834,14.642834,0.00013720969,0.00018804062,0.39499968,0.37460318,1,29,12,0.8888889,0.0,-0.22742224,16.15738,0.11111111
300363.SZ,10.927806,10.927806,0.000119147866,0.00018804062,0.36916637,0.1780303,1,5,286,0.8787879,0.0,-1.9623272,2.979467,0.121212125
300364.SZ,39.209805,39.209805,0.00026551745,0.00018804062,0.39499968,0.320922,1,23,94,0.9791667,0.0,-1.5640187,-19.198343,0.020833334
300365.SZ,19.1387,19.1387,0.0001545756,0.00018804062,0.3874997,0.43951613,1,5,286,0.84375,0.0,-1.3585001,-27.004597,0.15625
300368.SZ,41.182014,41.182014,0.00027613316,0.00018804062,0.39499968,0.32828283,1,22,208,0.53333336,0.0,-1.6705576,-23.80873,0.46666667
300369.SZ,20.285658,20.285658,0.00018048694,0.00018804062,0.36083305,0.22537878,1,22,208,0.18181819,0.0,-1.1655484,3.0072503,0.8181818
300370.SZ,27.74008,27.74008,0.00021333707,0.00018804062,0.403333,0.31304348,1,24,84,0.5869565,0.0,-1.4559001,-22.52183,0.41304347
300371.SZ,8.592125,8.592125,9.154634e-05,0.00018804062,0.37833303,0.42365593,1,74,159,0.9354839,0.0,-1.6856773,14.450007,0.06451613
300373.SZ,15.369658,15.369658,0.00015531818,0.00018804062,0.3649997,0.12878788,1,15,191,0.57575756,0.0,-1.8054394,4.746409,0.42424244
300374.SZ,19.274515,19.274515,0.0001638791,0.00018804062,0.40249968,0.25369978,1,15,191,0.90909094,0.0,-1.4328932,-22.607645,0.09090909
300375.SZ,16.18709,16.18709,0.0001641531,0.00018804062,0.3674997,0.13508065,1,22,208,0.9375,0.0,-0.71800625,6.2163696,0.0625
300376.SZ,11.761307,11.761307,0.00012612404,0.00018804062,0.35833305,0.111827955,1,40,114,0.67741936,0.0,-1.1658162,3.7778423,0.32258064
300377.SZ,7.376798,7.376798,8.256598e-05,0.00018804062,0.3699997,0.1816092,1,12,252,0.93333334,0.0,-1.8533034,-5.5859027,0.06666667
300378.SZ,15.301147,15.301147,0.00015268371,0.00018804062,0.39083302,0.19569893,1,87,102,0.7741935,0.0,-1.2552352,8.192453,0.22580644
300380.SZ,17.319843,17.319843,0.00016601707,0.00018804062,0.36916637,0.12903225,1,1,211,0.7096774,0.0,-1.0680355,-2.2607696,0.29032257
300381.SZ,20.229073,20.229073,0.00017230827,0.00018804062,0.3737497,0.24312897,1,51,81,0.72727275,0.0,-1.4666706,1.5756364,0.27272728
300382.SZ,17.917545,17.917545,0.00016725004,0.00018804062,0.39583302,0.103225805,1,69,305,0.8064516,0.0,-1.453597,-4.5676327,0.19354838
300383.SZ,16.178942,16.178942,0.00015568535,0.00018804062,0.38333303,0.17717718,1,1,211,0.7837838,0.0,-0.9387702,1.8592637,0.21621622
300384.SZ,13.757955,13.757955,0.00013621218,0.00018804062,0.39666635,0.26349208,1,33,251,0.8611111,0.0,-0.88974994,13.145363,0.1388889
300385.SZ,334.09402,334.09402,0.002108209,0.00018804062,0.5291663,0.08350229,1,33,251,0.8842105,0.0,-1.6314447,-16.196688,0.11578947
300386.SZ,16.38173,16.38173,0.00014689387,0.00018804062,0.3799997,0.32857144,1,33,251,0.8333333,0.0,-1.0895834,-10.836668,0.16666667
300387.SZ,9.471052,9.471052,0.00010627887,0.00018804062,0.36083305,0.12413793,1,61,124,0.96666664,0.0,-0.4902834,1.5385805,0.033333335
300388.SZ,19.808914,19.808914,0.00018510825,0.00018804062,0.36083305,0.18538325,1,40,114,0.44117647,0.0,-1.3506912,2.0310206,0.5588235
300389.SZ,14.8208685,14.8208685,0.00014408115,0.00018804062,0.3787497,0.19102564,1,59,157,0.925,0.0,-0.93405753,14.683301,0.075
300390.SZ,15.979375,15.979375,0.00015233131,0.00018804062,0.37916636,0.13368984,1,24,84,0.6764706,0.0,-2.0095384,3.104062,0.32352942
300393.SZ,19.928888,19.928888,0.00016720263,0.00018804062,0.400833,0.29871795,1,15,191,0.775,0.0,-1.5180575,-24.81783,0.225
300394.SZ,58.159523,58.159523,0.0004300076,0.00018804062,0.40916634,0.20924765,1,23,94,0.9886364,0.0,-2.4413226,9.458763,0.011363637
300395.SZ,13.37931,13.37931,0.0001253352,0.00018804062,0.39999968,0.25604838,1,14,83,0.9375,0.0,-2.341381,9.516134,0.0625
300396.SZ,16.506845,16.506845,0.0001466112,0.00018804062,0.39666635,0.268556,1,12,252,0.51282054,0.0,-2.2770667,-16.663797,0.4871795
300397.SZ,16.084057,16.084057,0.00013693479,0.00018804062,0.39583302,0.43548387,1,85,6,0.875,0.0,-2.0114188,-28.845636,0.125
300398.SZ,17.791046,17.791046,0.00017054526,0.00018804062,0.38083303,0.11587302,1,1,211,0.8888889,0.0,-1.5396861,8.017911,0.11111111
300399.SZ,10.515416,10.515416,0.0001082131,0.00018804062,0.3924997,0.1724138,1,33,251,0.8333333,0.0,-1.4129965,-10.589219,0.16666667
300400.SZ,17.63191,17.63191,0.00016162149,0.00018804062,0.39499968,0.205074,1,40,114,0.59090906,0.0,-2.1571295,12.003144,0.4090909
300401.SZ,16.282824,16.282824,0.0001541232,0.00018804062,0.37416637,0.20766129,1,24,84,0.5625,0.0,-1.4850625,12.41239,0.4375
300402.SZ,11.965036,11.965036,0.000127187,0.00018804062,0.36041638,0.15053764,1,53,16,0.9354839,0.0,-1.7403613,3.2016644,0.06451613
300403.SZ,17.890598,17.890598,0.00016700233,0.00018804062,0.41249967,0.2122449,1,94,65,0.82,0.0,-1.6830978,12.074837,0.18
300404.SZ,17.426582,17.426582,0.00015124156,0.00018804062,0.36833304,0.2423077,1,76,26,0.95,0.0,-1.4585575,0.44712743,0.05
300405.SZ,15.271326,15.271326,0.00014070445,0.00018804062,0.39083302,0.26021504,1,69,305,0.8064516,0.0,-1.9022677,-22.659626,0.19354838
300406.SZ,15.333007,15.333007,0.00014177969,0.00018804062,0.38833302,0.39159665,1,1,211,0.9142857,0.0,-0.9842915,13.896825,0.08571429
300407.SZ,15.079853,15.079853,0.00014980252,0.00018804062,0.35749972,0.21176471,1,1,211,0.8,0.0,-1.1517743,0.7862376,0.2
300408.SZ,15.221144,15.221144,0.00014332987,0.00018804062,0.39583302,0.35135135,1,33,251,0.8108108,0.0,-1.4880701,16.756424,0.1891892
300409.SZ,10.697254,10.697254,0.00011430349,0.00018804062,0.36583304,0.25,1,80,208,0.75,0.0,-1.7904999,0.8226837,0.25
300410.SZ,18.0292,18.0292,0.00016351407,0.00018804062,0.3899997,0.22801933,1,21,149,0.73913044,0.0,-1.5840023,12.157769,0.26086956
300411.SZ,19.55624,19.55624,0.00015964263,0.00018804062,0.36583304,0.35828876,1,43,94,0.7352941,0.0,-0.30256474,0.13469116,0.2647059
300412.SZ,13.868394,13.868394,0.00013863658,0.00018804062,0.38333303,0.1908046,1,1,211,0.6333333,0.0,-0.92587334,3.0891464,0.36666667
300413.SZ,13.627476,13.627476,0.00013744252,0.00018804062,0.35458305,0.17424242,1,90,27,0.54545456,0.0,-0.71304846,0.8511642,0.45454547
300414.SZ,17.395472,17.395472,0.00016156245,0.00018804062,0.36416638,0.26386556,1,93,192,0.31428573,0.0,-1.8847543,1.7979543,0.6857143
300415.SZ,20.480614,20.480614,0.00018083047,0.00018804062,0.400833,0.22525252,1,89,72,0.6888889,0.0,-0.5758311,15.166051,0.31111112
300416.SZ,12.722357,12.722357,0.0001383106,0.00018804062,0.35708305,0.28877005,1,57,68,0.7941176,0.0,-0.63971764,3.7611823,0.20588236
300417.SZ,14.366158,14.366158,0.00014024205,0.00018804062,0.36208305,0.2229885,1,15,191,0.33333334,0.0,-1.4431199,-0.78196335,0.6666667
300418.SZ,20.546923,20.546923,0.0001724333,0.00018804062,0.39499968,0.25353536,1,15,191,0.8,0.0,-1.6433467,-11.298433,0.2
300420.SZ,11.451011,11.451011,0.00012356823,0.00018804062,0.3649997,0.3181818,1,1,211,0.90909094,0.0,-1.3891274,5.075324,0.09090909
300421.SZ,16.256708,16.256708,0.00015904129,0.00018804062,0.3504164,0.24798387,1,15,191,0.34375,0.0,-1.7361468,3.4821813,0.65625
300422.SZ,21.223612,21.223612,0.00017787759,0.00018804062,0.39416635,0.22479185,1,69,305,0.85106385,0.0,-1.3185085,-21.040277,0.14893617
300423.SZ,12.125113,12.125113,0.00012731734,0.00018804062,0.3491664,0.20766129,1,33,251,0.875,0.0,-0.92928123,4.184656,0.125
300424.SZ,18.518633,18.518633,0.00018210863,0.00018804062,0.36958304,0.17983194,1,33,251,0.5714286,0.0,-0.12949714,5.2882743,0.42857143
300425.SZ,20.513859,20.513859,0.00019476803,0.00018804062,0.3724997,0.12657005,1,93,192,0.8695652,0.0,-0.75638473,2.7070186,0.13043478
300426.SZ,560.21185,560.21185,0.0036765581,0.00018804062,0.5674996,0.047363717,1,27,217,0.96117806,0.0,-1.5414804,-13.985197,0.038821954
300427.SZ,16.917582,16.917582,0.00016245534,0.00018804062,0.37416637,0.122689076,1,5,286,0.6571429,0.0,-0.21389711,-1.3567389,0.34285715
300428.SZ,14.664963,14.664963,0.0001494856,0.00018804062,0.36416638,0.20833333,1,69,305,0.6969697,0.0,-2.0241485,8.539635,0.3030303
300429.SZ,9.452739,9.452739,0.000106592895,0.00018804062,0.35583305,0.26436782,1,27,217,0.8666667,0.0,-0.7609933,5.3504834,0.13333334
300430.SZ,15.717779,15.717779,0.00015363452,0.00018804062,0.3737497,0.13363363,1,5,286,0.7567568,0.0,-1.292108,3.6473186,0.24324325
300432.SZ,16.1699,16.1699,0.00015869105,0.00018804062,0.37708303,0.10084034,1,33,251,0.7714286,0.0,-1.7788943,6.9285264,0.22857143
300433.SZ,17.79841,17.79841,0.00017029131,0.00018804062,0.36916637,0.084084086,1,1,211,0.8108108,0.0,-1.7764839,3.8890347,0.1891892
300434.SZ,17.32569,17.32569,0.00016514285,0.00018804062,0.38166636,0.1632184,1,95,151,0.73333335,0.0,-1.6657567,7.0003505,0.26666668
300435.SZ,17.217974,17.217974,0.0001628083,0.00018804062,0.403333,0.2216312,1,80,208,0.8125,0.0,-0.48590627,14.885506,0.1875
300436.SZ,60.378246,60.378246,0.00040016984,0.00018804062,0.40749967,0.21803653,1,22,208,0.75342464,0.0,-2.0832891,-14.571875,0.24657534
300437.SZ,11.874804,11.874804,0.000118514916,0.00018804062,0.39916638,0.26464647,1,21,149,0.93333334,0.0,-1.2786489,-17.88662,0.06666667
300438.SZ,16.109589,16.109589,0.00015693967,0.00018804062,0.3874997,0.15214866,1,27,217,0.78571427,0.0,-1.3249239,-7.2644186,0.21428572
300439.SZ,15.949974,15.949974,0.00015742918,0.00018804062,0.36083305,0.11954023,1,15,191,0.36666667,0.0,-1.76129,2.8891866,0.6333333
300440.SZ,16.039795,16.039795,0.00015844789,0.00018804062,0.35833305,0.11363637,1,12,252,0.33333334,0.0,-1.1787939,1.4811484,0.6666667
300441.SZ,16.693752,16.693752,0.00016747596,0.00018804062,0.37041637,0.22702104,1,1,211,0.8372093,0.0,-1.8113375,4.2343116,0.1627907
300442.SZ,22.090105,22.090105,0.00018874444,0.00018804062,0.398333,0.24634147,1,19,162,0.9512195,0.0,-0.8406586,17.368004,0.048780486
300443.SZ,17.180069,17.180069,0.00016955394,0.00018804062,0.37333304,0.15864527,1,5,286,0.7941176,0.0,-1.594791,3.4451962,0.20588236
300444.SZ,16.194817,16.194817,0.00015337358,0.00018804062,0.38916636,0.14973262,1,77,117,0.5882353,0.0,-0.41644707,6.056492,0.4117647
300445.SZ,14.7293,14.7293,0.00014158446,0.00018804062,0.3924997,0.31721196,1,69,305,0.92105263,0.0,-1.440263,15.197597,0.078947365
300446.SZ,19.853743,19.853743,0.0001890195,0.00018804062,0.403333,0.12775841,1,52,65,0.85714287,0.0,-1.0151784,7.5280356,0.14285715
300447.SZ,16.430666,16.430666,0.00015960282,0.00018804062,0.3749997,0.14453782,1,40,114,0.74285716,0.0,-1.2597542,0.49619997,0.25714287
300448.SZ,15.256079,15.256079,0.00013914822,0.00018804062,0.3874997,0.22072072,1,19,162,0.8918919,0.0,-1.5039378,-12.676352,0.10810811
300449.SZ,29.468613,29.468613,0.00022387033,0.00018804062,0.403333,0.23492908,1,6,36,0.7708333,0.0,-1.5111002,-19.264414,0.22916667
300450.SZ,11.378594,11.378594,0.0001213054,0.00018804062,0.36416638,0.22983871,1,87,102,0.75,0.0,-1.8583062,8.216873,0.25
300451.SZ,23.492874,23.492874,0.00019010216,0.00018804062,0.400833,0.34030196,1,94,65,0.5714286,0.0,-2.0298524,-16.161373,0.42857143
300452.SZ,21.669622,21.669622,0.0001901947,0.00018804062,0.39749968,0.25443262,1,94,65,0.5833333,0.0,-1.4248708,12.318885,0.41666666
300453.SZ,10.176057,10.176057,0.00010091664,0.00018804062,0.38833302,0.4597701,1,5,286,0.8333333,0.0,-1.18293,20.345829,0.16666667
300454.SZ,15.66907,15.66907,0.00015274761,0.00018804062,0.34874973,0.24367817,1,26,39,0.33333334,0.0,0.48682338,2.2252898,0.6666667
300455.SZ,24.973545,24.973545,0.0001968717,0.00018804062,0.40499967,0.31183675,1,102,50,0.5,0.0,-1.0564018,-18.27119,0.5
300456.SZ,50.712147,50.712147,0.00040537646,0.00018804062,0.4466663,0.115746774,1,57,68,0.86440676,0.0,-0.68154395,-3.909696,0.13559322
300457.SZ,10.70848,10.70848,0.00011740905,0.00018804062,0.34958306,0.25747126,1,87,102,0.8333333,0.0,-2.91335,2.9881785,0.16666667
300458.SZ,10.907629,10.907629,0.00010715637,0.00018804062,0.3824997,0.35172415,1,1,211,0.8333333,0.0,-3.43402,15.468494,0.16666667
300459.SZ,17.582148,17.582148,0.00016629559,0.00018804062,0.38333303,0.12834224,1,66,1,1.0,0.0,-1.854409,-3.5876884,0.0
300461.SZ,16.114296,16.114296,0.00013623288,0.00018804062,0.39666635,0.25825825,1,23,94,0.8918919,0.0,-0.8542757,-18.122671,0.10810811
300463.SZ,16.790834,16.790834,0.00016012031,0.00018804062,0.37333304,0.15322581,1,5,286,0.625,0.0,-1.3360032,-0.066465676,0.375
300464.SZ,25.977198,25.977198,0.00019989627,0.00018804062,0.3849997,0.28989363,1,51,81,0.5833333,0.0,-1.476573,-20.698908,0.41666666
300465.SZ,14.335959,14.335959,0.00014168827,0.00018804062,0.38083303,0.09475806,1,21,149,0.78125,0.0,-1.3217562,1.5786877,0.21875
300466.SZ,12.036259,12.036259,0.00012876395,0.00018804062,0.36041638,0.2420168,1,27,217,0.6857143,0.0,-2.326754,2.1236684,0.31428573
300467.SZ,13.961969,13.961969,0.00012316923,0.00018804062,0.39416635,0.27563027,1,91,229,0.7714286,0.0,-0.9066629,2.6657586,0.22857143
300468.SZ,12.766745,12.766745,0.00012322732,0.00018804062,0.38833302,0.16856061,1,21,149,0.8484849,0.0,-2.007094,5.6084366,0.15151516
300469.SZ,49.193882,49.193882,0.00032804385,0.00018804062,0.40666634,0.30639097,1,13,40,0.9649123,0.0,-1.6139877,-20.70068,0.03508772
300470.SZ,18.925913,18.925913,0.00018839151,0.00018804062,0.36666638,0.17474748,1,27,217,0.82222223,0.0,-1.9402555,5.284164,0.17777778
300471.SZ,22.411562,22.411562,0.00019871714,0.00018804062,0.38833302,0.13333334,1,5,286,0.5777778,0.0,-1.2400823,-0.5902901,0.42222223
300473.SZ,17.899261,17.899261,0.00017345857,0.00018804062,0.3624997,0.14102565,1,80,208,0.55,0.0,-1.6304748,2.1819925,0.45
300474.SZ,20.657934,20.657934,0.0001932682,0.00018804062,0.38083303,0.108536586,1,52,65,0.63414633,0.0,-1.8131902,-1.2728659,0.36585367
300475.SZ,20.54666,20.54666,0.00017765469,0.00018804062,0.3849997,0.21816169,1,15,191,0.8604651,0.0,-1.367786,11.400835,0.13953489
300476.SZ,35.25527,35.25527,0.00029307095,0.00018804062,0.43499964,0.16849817,1,27,217,0.75641024,0.0,-1.1594282,15.213736,0.24358974
300478.SZ,45.027588,45.027588,0.0003062875,0.00018804062,0.408333,0.2653419,1,15,191,0.89830506,0.0,-1.3468084,-15.349168,0.10169491
300479.SZ,17.272657,17.272657,0.00016669983,0.00018804062,0.3737497,0.17682926,1,102,50,0.5609756,0.0,-1.1348757,3.7115,0.4390244
300480.SZ,16.582975,16.582975,0.00016321031,0.00018804062,0.36416638,0.16410257,1,24,84,0.925,0.0,-0.8496876,6.2400193,0.075
300481.SZ,10.938558,10.938558,0.000117195574,0.00018804062,0.37083304,0.22672673,1,69,305,0.972973,0.0,-0.06794594,5.239165,0.027027028
300482.SZ,17.905045,17.905045,0.00016529461,0.00018804062,0.3737497,0.10685484,1,95,151,0.71875,0.0,-1.931375,-2.6406775,0.28125
300483.SZ,12.224467,12.224467,0.00012496262,0.00018804062,0.37916636,0.2982456,1,5,286,0.82051283,0.0,-0.21579997,11.562687,0.17948718
300484.SZ,17.653315,17.653315,0.00018152212,0.00018804062,0.35958305,0.19601329,1,27,217,0.53488374,0.0,-1.9044534,4.37371,0.4651163
300485.SZ,14.160849,14.160849,0.00013164242,0.00018804062,0.37291637,0.22348484,1,5,286,0.8787879,0.0,-1.2714635,3.1047049,0.121212125
300486.SZ,16.409899,16.409899,0.00015911766,0.00018804062,0.38416636,0.09047619,1,40,114,0.75,0.0,-1.5976918,0.51713455,0.25
300487.SZ,16.671196,16.671196,0.00014604189,0.00018804062,0.39416635,0.41354725,1,20,96,0.9705882,0.0,-1.0573118,18.145199,0.029411765
300488.SZ,13.578269,13.578269,0.00013506961,0.00018804062,0.37916636,0.23285024,1,12,252,0.84782606,0.0,-1.3252088,11.821853,0.1521739
300489.SZ,20.880722,20.880722,0.00015333226,0.00018804062,0.38916636,0.40840337,1,40,114,0.9714286,0.0,-2.6633744,-27.528324,0.028571429
300490.SZ,18.774591,18.774591,0.00017180217,0.00018804062,0.40749967,0.17819148,1,14,83,0.7083333,0.0,-0.2580438,1.7253453,0.29166666
300491.SZ,13.563756,13.563756,0.00014207882,0.00018804062,0.3674997,0.16856061,1,59,157,0.57575756,0.0,-1.4856485,3.8098726,0.42424244
300492.SZ,142.77658,142.77658,0.0010580863,0.00018804062,0.47083297,0.08022412,1,23,94,0.91566265,0.0,-1.8886619,13.938231,0.084337346
300493.SZ,12.793804,12.793804,0.00013489202,0.00018804062,0.35249972,0.24369748,1,24,84,0.8,0.0,-2.0714772,4.2018604,0.2
300494.SZ,10.097895,10.097895,0.00010781134,0.00018804062,0.37166637,0.15172414,1,43,94,0.76666665,0.0,-0.7968067,7.3190436,0.23333333
300496.SZ,10.344097,10.344097,0.00011197596,0.00018804062,0.37166637,0.14717741,1,22,208,0.875,0.0,-1.228725,1.095303,0.125
300497.SZ,15.387368,15.387368,0.00015053627,0.00018804062,0.39166635,0.09677419,1,15,191,0.78125,0.0,-1.561575,-10.336884,0.21875
300498.SZ,16.479784,16.479784,0.0001579761,0.00018804062,0.38916636,0.2798574,1,7,111,0.61764705,0.0,-1.0780705,-6.129278,0.38235295
300499.SZ,117.51617,117.51617,0.00078209804,0.00018804062,0.42749965,0.16594803,1,89,72,0.9037037,0.0,-1.8101548,2.2575517,0.096296296
300500.SZ,13.705206,13.705206,0.00013873137,0.00018804062,0.3712497,0.3097561,1,69,305,0.80487806,0.0,-0.6834731,2.7092917,0.19512194
300501.SZ,15.606808,15.606808,0.00015851983,0.00018804062,0.38583302,0.21505377,1,17,17,0.5483871,0.0,-1.3981903,-2.8859136,0.4516129
300502.SZ,206.85619,206.85619,0.0015316542,0.00018804062,0.50499964,0.06536676,1,97,1,1.0,0.0,-2.0449855,14.980892,0.0
300503.SZ,19.769947,19.769947,0.0001786059,0.00018804062,0.403333,0.20096618,1,24,84,0.82608694,0.0,-1.147524,10.610271,0.17391305
300504.SZ,13.782934,13.782934,0.00013328003,0.00018804062,0.38916636,0.17424242,1,59,157,0.72727275,0.0,-0.9872425,-11.68705,0.27272728
300505.SZ,12.64,12.64,0.00013060306,0.00018804062,0.3724997,0.1816092,1,59,157,0.8666667,0.0,0.114679985,2.56582,0.13333334
300507.SZ,13.864097,13.864097,0.0001379429,0.00018804062,0.36958304,0.08172043,1,61,124,0.7096774,0.0,-1.7230062,6.831796,0.29032257
300508.SZ,12.738515,12.738515,0.00012024088,0.00018804062,0.38916636,0.2871795,1,69,305,0.875,0.0,-2.028835,-12.23077,0.125
300509.SZ,7.0162125,7.0162125,8.247248e-05,0.00018804062,0.38166636,0.27096775,1,19,162,0.9354839,0.0,-1.8601419,17.846182,0.06451613
300510.SZ,18.234959,18.234959,0.00018095179,0.00018804062,0.3874997,0.2347084,1,95,151,0.7105263,0.0,-1.3355473,-2.611199,0.28947368
300511.SZ,14.0686245,14.0686245,0.00013168612,0.00018804062,0.39499968,0.22617353,1,90,27,0.68421054,0.0,-0.9473581,-17.011398,0.31578946
300512.SZ,19.659407,19.659407,0.00019017905,0.00018804062,0.35333306,0.37142858,1,30,30,0.34285715,0.0,-1.1866829,3.6260505,0.6571429
300513.SZ,16.459824,16.459824,0.00014936434,0.00018804062,0.3874997,0.2647343,1,26,39,0.82608694,0.0,-1.364613,-21.132795,0.17391305
300514.SZ,9.813606,9.813606,0.00010528577,0.00018804062,0.38083303,0.18709677,1,87,102,0.8064516,0.0,-2.3604934,9.189877,0.19354838
300515.SZ,22.046741,22.046741,0.00020772885,0.00018804062,0.3899997,0.17171717,1,5,286,0.8,0.0,-1.5988532,3.441146,0.2
300516.SZ,18.253277,18.253277,0.00015828776,0.00018804062,0.3799997,0.20567375,1,69,305,0.8541667,0.0,-1.1167125,2.539898,0.14583333
300517.SZ,45.696377,45.696377,0.00033961868,0.00018804062,0.40333304,0.25696203,1,27,217,0.9,0.0,-1.0219762,1.2681439,0.1
300518.SZ,18.398924,18.398924,0.00016244,0.00018804062,0.39749968,0.26638478,1,19,162,0.70454544,0.0,-1.6278908,-16.319277,0.29545453
300519.SZ,10.913895,10.913895,0.000117246105,0.00018804062,0.39666635,0.18346775,1,16,2,1.0,0.0,-1.1924688,6.604796,0.0
300520.SZ,14.404988,14.404988,0.00012374457,0.00018804062,0.3899997,0.34285715,1,27,217,0.8,0.0,-1.4905487,-29.947914,0.2
300521.SZ,17.45427,17.45427,0.00015344725,0.00018804062,0.40749967,0.22923589,1,13,40,0.88372093,0.0,-1.9541466,-13.5270815,0.11627907
300522.SZ,14.453623,14.453623,0.00014284885,0.00018804062,0.35374972,0.31729054,1,15,191,0.4117647,0.0,-1.16015,3.7335618,0.5882353
300523.SZ,25.177202,25.177202,0.00019839895,0.00018804062,0.39916635,0.21365248,1,22,208,0.9166667,0.0,-1.343977,-21.074827,0.083333336
300525.SZ,14.740567,14.740567,0.00014442996,0.00018804062,0.37208304,0.24242425,1,27,217,0.57575756,0.0,-1.4399576,-5.265172,0.42424244
300528.SZ,15.756102,15.756102,0.00013225444,0.00018804062,0.38833302,0.43010753,1,29,12,0.9677419,0.0,-1.5352032,-31.469961,0.032258064
300529.SZ,18.597952,18.597952,0.00016390815,0.00018804062,0.39333305,0.31939605,1,59,157,0.71428573,0.0,-1.1260737,13.493189,0.2857143
300530.SZ,406.83698,406.83698,0.002583755,0.00018804062,0.5224996,0.070554,1,1,211,0.9444444,0.0,-1.5384706,-16.670343,0.055555556
300531.SZ,11.78765,11.78765,0.00012438805,0.00018804062,0.39083302,0.1891892,1,5,286,0.7894737,0.0,-1.6333051,4.7061605,0.21052632
300532.SZ,11.129229,11.129229,0.000118940785,0.00018804062,0.3662497,0.13306452,1,6,36,0.6875,0.0,-1.6676563,2.6963053,0.3125
300533.SZ,128.06346,128.06346,0.0009774665,0.00018804062,0.4716663,0.09337349,1,23,94,0.9196787,0.0,-1.1213901,14.225023,0.08032128
300534.SZ,18.64917,18.64917,0.00017437208,0.00018804062,0.400833,0.09530583,1,14,83,0.84210527,0.0,-0.50250787,5.7116876,0.15789473
300535.SZ,16.950035,16.950035,0.00016930353,0.00018804062,0.3674997,0.25252524,1,1,211,0.82222223,0.0,-0.6268155,3.6798449,0.17777778
300536.SZ,56.33249,56.33249,0.00040456103,0.00018804062,0.4174997,0.23939809,1,69,305,0.8604651,0.0,-2.1821325,-12.6781,0.13953489
300537.SZ,21.030521,21.030521,0.00019739743,0.00018804062,0.36666638,0.14102565,1,74,159,0.45,0.0,-0.53047,3.874909,0.55
300538.SZ,12.126571,12.126571,0.00012887294,0.00018804062,0.36833304,0.23991935,1,91,229,0.875,0.0,-1.8418,3.1319535,0.125
300539.SZ,16.303375,16.303375,0.00016288791,0.00018804062,0.36208305,0.19758065,1,69,305,0.65625,0.0,-1.168225,5.324875,0.34375
300540.SZ,16.918587,16.918587,0.00015485988,0.00018804062,0.38833302,0.17829457,1,57,68,0.90697676,0.0,-2.0629325,8.550014,0.093023255
300541.SZ,7.922145,7.922145,8.976926e-05,0.00018804062,0.3749997,0.10107527,1,61,124,0.9677419,0.0,-0.4629161,-2.9980385,0.032258064
300542.SZ,12.61621,12.61621,0.000115270355,0.00018804062,0.38583302,0.36185384,1,15,191,0.8235294,0.0,-1.4036295,-31.07592,0.1764706
300543.SZ,12.515685,12.515685,0.00013151698,0.00018804062,0.38416636,0.21621622,1,93,192,0.9189189,0.0,-0.7038,7.4410896,0.08108108
300545.SZ,9.73326,9.73326,0.000108033215,0.00018804062,0.3624997,0.2739496,1,14,83,1.0,0.0,-2.5344944,-1.1655537,0.0
300546.SZ,10.412605,10.412605,0.000113271526,0.00018804062,0.38833302,0.20782726,1,43,94,0.974359,0.0,-1.3767283,3.6902282,0.025641026
300547.SZ,18.03884,18.03884,0.00016713807,0.00018804062,0.38166636,0.15512821,1,23,94,0.725,0.0,-2.48135,9.314333,0.275
300548.SZ,121.37297,121.37297,0.0008851796,0.00018804062,0.45333296,0.1166249,1,1,211,0.94210523,0.0,-2.4272554,12.695005,0.057894737
300549.SZ,21.416054,21.416054,0.00018619132,0.00018804062,0.3824997,0.2051432,1,7,111,0.7457627,0.0,-1.6316881,2.9356067,0.2542373
300550.SZ,18.004295,18.004295,0.00017014184,0.00018804062,0.35124972,0.1534091,1,40,114,0.42424244,0.0,-1.9912031,1.2548636,0.57575756
300551.SZ,204.50497,204.50497,0.0014614235,0.00018804062,0.5174996,0.06632653,1,91,229,0.93384224,0.0,-1.4039533,-8.375869,0.06615776
300552.SZ,14.686321,14.686321,0.0001437571,0.00018804062,0.39416635,0.18292683,1,5,286,0.73170733,0.0,-0.6741147,-10.14153,0.2682927
300553.SZ,15.092452,15.092452,0.00014380759,0.00018804062,0.38583302,0.14545454,1,27,217,0.82222223,0.0,-1.6839066,1.3831067,0.17777778
300554.SZ,65.82457,65.82457,0.00049074,0.00018804062,0.4366663,0.14360705,1,59,157,0.9055118,0.0,-1.8580818,-10.200369,0.09448819
300556.SZ,26.99181,26.99181,0.00020753146,0.00018804062,0.3899997,0.27195123,1,12,252,0.70731705,0.0,-1.6328195,-22.9978,0.29268292
300557.SZ,15.063097,15.063097,0.00015437533,0.00018804062,0.36666638,0.17560975,1,40,114,0.9512195,0.0,-2.0947537,3.5915196,0.048780486
300558.SZ,14.49565,14.49565,0.00014273495,0.00018804062,0.39166635,0.16221035,1,5,286,0.9117647,0.0,-0.34777927,12.264392,0.0882353
300559.SZ,11.660184,11.660184,0.00011441083,0.00018804062,0.39499968,0.19663866,1,19,162,0.8857143,0.0,-1.8191942,-10.16672,0.114285715
300560.SZ,7.3170004,7.3170004,8.923028e-05,0.00018804062,0.3662497,0.24301076,1,5,286,0.9677419,0.0,-1.4553742,0.66854066,0.032258064
300562.SZ,19.730051,19.730051,0.00019092459,0.00018804062,0.37833303,0.0786268,1,12,252,0.39534885,0.0,-1.3153418,3.012564,0.60465115
300563.SZ,10.684172,10.684172,0.00011782374,0.00018804062,0.37416637,0.089655176,1,33,251,0.76666665,0.0,-1.5078065,4.9262075,0.23333333
300564.SZ,13.033316,13.033316,0.00012977015,0.00018804062,0.415833,0.27439612,1,22,208,0.82608694,0.0,-1.2336739,-3.2702744,0.17391305
300565.SZ,15.394927,15.394927,0.00012734007,0.00018804062,0.400833,0.34761906,1,43,94,0.8888889,0.0,-2.0513167,-27.553406,0.11111111
300566.SZ,10.805728,10.805728,0.00011631635,0.00018804062,0.35458305,0.12413793,1,1,211,0.8666667,0.0,-2.4948866,1.7404073,0.13333334
300567.SZ,19.59884,19.59884,0.00018595708,0.00018804062,0.37333304,0.20769231,1,94,65,0.45,0.0,-2.4485824,0.7287861,0.55
300568.SZ,23.8725,23.8725,0.00020353346,0.00018804062,0.3874997,0.17422867,1,2,80,0.6896552,0.0,-0.9227897,3.1391654,0.31034482
300569.SZ,14.638184,14.638184,0.000152155,0.00018804062,0.35708305,0.19327731,1,94,65,0.5714286,0.0,-1.1840572,1.6628715,0.42857143
300570.SZ,48.517,48.517,0.00038350566,0.00018804062,0.42499965,0.1837076,1,40,114,0.8913044,0.0,-1.9580717,11.110581,0.10869565
300571.SZ,18.793833,18.793833,0.00017280251,0.00018804062,0.3924997,0.17310925,1,5,286,0.54285717,0.0,-1.05984,-1.3223095,0.45714286
300572.SZ,15.51224,15.51224,0.00014851136,0.00018804062,0.38833302,0.20243903,1,33,251,0.63414633,0.0,-1.7823049,-6.712991,0.36585367
300573.SZ,227.20578,227.20578,0.0017394657,0.00018804062,0.50999963,0.06830828,1,24,84,0.96868473,0.0,-1.17466,13.80732,0.03131524
300575.SZ,15.858817,15.858817,0.0001447114,0.00018804062,0.3899997,0.28541225,1,74,159,0.8181818,0.0,-1.3363386,-20.67104,0.18181819
300576.SZ,15.074789,15.074789,0.00015102404,0.00018804062,0.38333303,0.17179488,1,1,211,0.85,0.0,-1.435035,7.888902,0.15
300577.SZ,10.231133,10.231133,0.000114066555,0.00018804062,0.38166636,0.21680672,1,19,162,0.9142857,0.0,-1.0429084,12.965236,0.08571429
300578.SZ,17.795704,17.795704,0.00016777775,0.00018804062,0.39416635,0.17825311,1,5,286,0.38235295,0.0,-0.52259994,1.1721486,0.61764705
300579.SZ,26.776375,26.776375,0.00021085762,0.00018804062,0.41249967,0.1923077,1,80,208,0.6415094,0.0,-1.9441718,-17.85813,0.35849056
300580.SZ,18.039736,18.039736,0.00017918297,0.00018804062,0.3874997,0.10782241,1,68,6,0.95454544,0.0,-0.6010068,3.3637009,0.045454547
300581.SZ,23.697302,23.697302,0.00018730917,0.00018804062,0.403333,0.28846154,1,15,191,0.825,0.0,-1.61103,-15.409597,0.175
300582.SZ,13.644379,13.644379,0.00012782085,0.00018804062,0.38166636,0.3123123,1,80,208,0.7837838,0.0,-1.9718243,-24.306475,0.21621622
300583.SZ,18.28406,18.28406,0.00017192353,0.00018804062,0.38416636,0.106097564,1,5,286,0.85365856,0.0,-1.2422048,-5.1160493,0.14634146
300584.SZ,16.306116,16.306116,0.000159872,0.00018804062,0.37333304,0.1579832,1,21,149,0.4857143,0.0,-1.6941715,3.5667903,0.51428574
300585.SZ,23.784752,23.784752,0.00019627697,0.00018804062,0.41749966,0.18831168,1,52,65,0.8214286,0.0,-1.6094875,-13.811716,0.17857143
300586.SZ,15.552476,15.552476,0.00015891984,0.00018804062,0.36666638,0.15789473,1,5,286,0.7894737,0.0,-1.8886789,3.039542,0.21052632
300587.SZ,15.320191,15.320191,0.00014765916,0.00018804062,0.38416636,0.18776672,1,12,252,0.55263156,0.0,-1.4806263,-13.993986,0.4473684
300588.SZ,27.626333,27.626333,0.00020121374,0.00018804062,0.39583302,0.26248547,1,40,114,0.71428573,0.0,-1.9234381,-23.918419,0.2857143
300589.SZ,17.128633,17.128633,0.00014681488,0.00018804062,0.403333,0.27073172,1,27,217,0.58536583,0.0,0.0106146205,-23.965641,0.41463414
300590.SZ,17.59596,17.59596,0.00016555289,0.00018804062,0.3824997,0.26684397,1,43,94,0.6041667,0.0,-0.83118343,7.4645305,0.39583334
300591.SZ,25.435953,25.435953,0.00019191774,0.00018804062,0.39999968,0.2535991,1,27,217,0.6976744,0.0,-1.5046372,-22.947844,0.30232558
300592.SZ,14.653684,14.653684,0.00014682874,0.00018804062,0.3699997,0.11174242,1,59,157,0.75757575,0.0,-1.3546697,1.190725,0.24242425
300593.SZ,17.815907,17.815907,0.00016747692,0.00018804062,0.39666635,0.18778908,1,27,217,0.44680852,0.0,-1.6798105,-11.518403,0.5531915
300594.SZ,11.264172,11.264172,0.000118069496,0.00018804062,0.37916636,0.19886364,1,12,252,0.7878788,0.0,-0.9963757,-2.4755807,0.21212122
300595.SZ,21.277521,21.277521,0.00019501777,0.00018804062,0.36083305,0.14367,1,1,211,0.7105263,0.0,-1.5394317,2.2732606,0.28947368
300596.SZ,19.451582,19.451582,0.00019086232,0.00018804062,0.36708304,0.11627907,1,95,151,0.74418604,0.0,-0.8924558,4.81443,0.25581396
300597.SZ,12.725809,12.725809,0.00012594448,0.00018804062,0.39499968,0.26031294,1,22,208,0.8947368,0.0,-1.3330685,-18.455137,0.10526316
300598.SZ,18.466244,18.466244,0.0001696543,0.00018804062,0.3899997,0.18583043,1,96,56,0.8333333,0.0,-0.8718001,-14.196883,0.16666667
300599.SZ,17.756542,17.756542,0.00016617456,0.00018804062,0.3774997,0.1697479,1,22,208,0.31428573,0.0,-1.8882486,-0.909085,0.6857143
300600.SZ,8.433851,8.433851,9.012451e-05,0.00018804062,0.38916636,0.23908046,1,6,36,1.0,0.0,-1.0539033,-11.417891,0.0
300601.SZ,11.163915,11.163915,0.00011154158,0.00018804062,0.36583304,0.2735632,1,5,286,0.8333333,0.0,-1.7590965,-7.037193,0.16666667
300602.SZ,17.2775,17.2775,0.00017333675,0.00018804062,0.36333305,0.18686868,1,95,151,0.9111111,0.0,-1.7120489,6.867464,0.08888889
300603.SZ,20.715618,20.715618,0.00017780124,0.00018804062,0.40666634,0.19529411,1,33,251,0.5882353,0.0,-1.8465801,-10.710122,0.4117647
300604.SZ,24.593761,24.593761,0.0002016836,0.00018804062,0.40249968,0.23572938,1,33,251,0.72727275,0.0,-2.502857,11.890771,0.27272728
300605.SZ,12.847983,12.847983,0.0001272968,0.00018804062,0.37333304,0.082539685,1,69,305,0.6111111,0.0,-1.1473193,4.366126,0.3888889
300606.SZ,9.158647,9.158647,9.8214514e-05,0.00018804062,0.39583302,0.24827586,1,33,251,0.8666667,0.0,-1.2174201,0.3186952,0.13333334
300607.SZ,12.800573,12.800573,0.00012946787,0.00018804062,0.38333303,0.17478992,1,5,286,0.8857143,0.0,-0.56479716,-3.7781615,0.114285715
300608.SZ,26.547897,26.547897,0.00021720544,0.00018804062,0.39916635,0.21038961,1,51,81,0.71428573,0.0,-1.1489589,-15.995381,0.2857143
300609.SZ,18.812054,18.812054,0.0001662826,0.00018804062,0.3924997,0.22512077,1,69,305,0.73913044,0.0,-1.3500282,-9.4312,0.26086956
300610.SZ,9.667802,9.667802,0.000112542875,0.00018804062,0.36916637,0.22816399,1,27,217,0.88235295,0.0,-0.07542647,4.1808586,0.11764706
300611.SZ,24.324995,24.324995,0.00022203689,0.00018804062,0.38916636,0.085255064,1,80,208,0.6296296,0.0,-1.4090612,3.5353193,0.37037036
300612.SZ,25.332304,25.332304,0.00020403643,0.00018804062,0.40749967,0.19946809,1,85,6,0.9166667,0.0,-1.0205625,-17.328196,0.083333336
300613.SZ,13.3783045,13.3783045,0.0001364841,0.00018804062,0.39749968,0.118618615,1,87,102,0.8108108,0.0,-1.9096946,3.237234,0.1891892
300614.SZ,15.792142,15.792142,0.00014106563,0.00018804062,0.39333302,0.29149798,1,12,252,0.6923077,0.0,-1.1341718,-21.717154,0.30769232
300615.SZ,10.692685,10.692685,0.00010184409,0.00018804062,0.400833,0.38324422,1,33,251,0.9705882,0.0,-1.8664646,-27.96753,0.029411765
300616.SZ,20.875977,20.875977,0.00019748998,0.00018804062,0.3799997,0.1475029,1,12,252,0.30952382,0.0,-1.0090452,-0.14842732,0.6904762
300617.SZ,12.0775795,12.0775795,0.00012933338,0.00018804062,0.35458305,0.22459893,1,61,124,0.85294116,0.0,-2.3782146,5.936338,0.14705883
300618.SZ,10.945018,10.945018,0.00012087219,0.00018804062,0.3799997,0.19770116,1,27,217,0.6666667,0.0,-2.1243033,-0.5873852,0.33333334
300619.SZ,11.4917965,11.4917965,0.00011180432,0.00018804062,0.37958303,0.3108108,1,5,286,0.9459459,0.0,-0.845246,-6.500188,0.054054055
300620.SZ,24.912823,24.912823,0.00019593498,0.00018804062,0.400833,0.15448658,1,27,217,0.78723407,0.0,-1.5766679,-1.6763154,0.21276596
300621.SZ,40.105747,40.105747,0.00030709576,0.00018804062,0.40749967,0.20105264,1,19,162,0.8552632,0.0,-1.1147475,-15.400149,0.14473684
300622.SZ,18.25007,18.25007,0.00017511507,0.00018804062,0.37666637,0.14962122,1,1,211,0.72727275,0.0,-1.3546697,6.0532794,0.27272728
300623.SZ,19.745699,19.745699,0.00018727637,0.00018804062,0.35458305,0.23809524,1,43,94,0.41666666,0.0,0.24083887,2.7448359,0.5833333
300624.SZ,19.624899,19.624899,0.00015740727,0.00018804062,0.38166636,0.23273273,1,5,286,0.7567568,0.0,-1.924916,-17.036325,0.24324325
300625.SZ,19.683735,19.683735,0.00018253771,0.00018804062,0.3674997,0.17267267,1,23,94,0.5945946,0.0,-1.4653324,1.9762206,0.4054054
300626.SZ,11.303327,11.303327,0.00012370179,0.00018804062,0.38166636,0.31729054,1,59,157,0.7941176,0.0,-1.90285,4.446158,0.20588236
300627.SZ,22.832214,22.832214,0.00019838796,0.00018804062,0.38916636,0.28705883,1,15,191,0.60784316,0.0,-1.1591883,13.411669,0.39215687
300628.SZ,15.275318,15.275318,0.00014220417,0.00018804062,0.39583302,0.36219513,1,59,157,0.75609756,0.0,-1.5575658,12.868801,0.24390244
300629.SZ,12.06821,12.06821,0.00011329888,0.00018804062,0.3849997,0.27563027,1,5,286,0.8,0.0,-1.2707342,2.3014972,0.2
300631.SZ,12.838751,12.838751,0.00013551966,0.00018804062,0.3824997,0.16098484,1,5,286,0.7878788,0.0,-0.4394576,1.419328,0.21212122
300632.SZ,16.386126,16.386126,0.00016718802,0.00018804062,0.35791638,0.20677362,1,27,217,0.4117647,0.0,-2.0467885,3.600721,0.5882353
300633.SZ,15.190695,15.190695,0.00015330284,0.00018804062,0.3799997,0.16507937,1,20,96,0.5,0.0,-1.9404166,6.2163854,0.5
300634.SZ,11.171747,11.171747,0.00011365876,0.00018804062,0.398333,0.24163266,1,59,157,1.0,0.0,-0.74830794,10.746422,0.0
300635.SZ,12.457083,12.457083,0.00013072131,0.00018804062,0.38666636,0.2228164,1,1,211,0.88235295,0.0,-0.030149993,-1.0772649,0.11764706
300636.SZ,13.420464,13.420464,0.00013876442,0.00018804062,0.36916637,0.1210084,1,57,68,0.85714287,0.0,-0.89149714,2.3714628,0.14285715
300637.SZ,14.396043,14.396043,0.00015078216,0.00018804062,0.38083303,0.2627197,1,59,157,0.9361702,0.0,-0.4917999,3.4028535,0.06382979
300638.SZ,11.474681,11.474681,0.00012047104,0.00018804062,0.38083303,0.13306452,1,14,83,0.90625,0.0,-1.5183437,-1.4630861,0.09375
300639.SZ,18.555862,18.555862,0.00015791752,0.00018804062,0.3899997,0.30084035,1,61,124,0.8857143,0.0,-1.8384888,-13.244854,0.114285715
300640.SZ,18.96028,18.96028,0.00017474713,0.00018804062,0.38416636,0.124358974,1,5,286,0.475,0.0,-0.8055876,3.2377765,0.525
300641.SZ,73.18571,73.18571,0.00060961157,0.00018804062,0.45499966,0.10285208,1,51,81,0.8910891,0.0,-1.2811669,11.220034,0.10891089
300642.SZ,16.832827,16.832827,0.00015661713,0.00018804062,0.39416635,0.17992425,1,33,251,0.3939394,0.0,-1.5838727,-5.5559645,0.6060606
300643.SZ,18.895336,18.895336,0.00017625498,0.00018804062,0.3924997,0.14285715,1,33,251,0.4722222,0.0,-2.1404278,8.454893,0.5277778
300644.SZ,16.854757,16.854757,0.0001654457,0.00018804062,0.38416636,0.17354196,1,51,81,0.5263158,0.0,-1.8550051,4.324318,0.47368422
300645.SZ,14.083957,14.083957,0.00014157458,0.00018804062,0.3816664,0.14603175,1,20,96,0.7222222,0.0,-1.7866554,1.9867251,0.2777778
300647.SZ,18.380194,18.380194,0.00017386576,0.00018804062,0.40749967,0.15987934,1,95,151,0.9230769,0.0,-1.9620789,-8.849517,0.07692308
300648.SZ,16.254229,16.254229,0.00015721584,0.00018804062,0.39499968,0.1565452,1,20,96,0.71794873,0.0,-1.7001718,-12.453869,0.2820513
300649.SZ,17.438385,17.438385,0.00016094932,0.00018804062,0.39083302,0.17117117,1,87,102,0.9189189,0.0,-0.3669919,-3.485472,0.08108108
300650.SZ,12.459037,12.459037,0.00012924663,0.00018804062,0.35999972,0.227957,1,51,81,0.7419355,0.0,-1.4949387,6.596152,0.2580645
300651.SZ,11.641155,11.641155,0.00012014593,0.00018804062,0.37916636,0.26126125,1,21,149,0.8918919,0.0,-1.8002758,8.3537035,0.10810811
300652.SZ,14.814099,14.814099,0.00014827077,0.00018804062,0.38666636,0.2012012,1,22,208,0.7297297,0.0,-1.5929242,13.68144,0.27027026
300653.SZ,23.36987,23.36987,0.00022128104,0.00018804062,0.3724997,0.114285715,1,12,252,0.73214287,0.0,-1.346057,3.525104,0.26785713
300654.SZ,15.202999,15.202999,0.00015487357,0.00018804062,0.3624997,0.12903225,1,52,65,0.8125,0.0,-1.0679843,5.4590816,0.1875
300655.SZ,19.966997,19.966997,0.00017715021,0.00018804062,0.36583304,0.40530303,1,11,17,0.5151515,0.0,-1.3728939,1.8207461,0.4848485
300656.SZ,18.683327,18.683327,0.00016147601,0.00018804062,0.39999968,0.25581396,1,13,40,0.8604651,0.0,-1.6655861,-16.242085,0.13953489
300657.SZ,18.400017,18.400017,0.0001582929,0.00018804062,0.40249968,0.14646465,1,15,191,0.8,0.0,-1.339029,2.592303,0.2
300658.SZ,15.970481,15.970481,0.00015100959,0.00018804062,0.39416635,0.17478992,1,22,208,0.62857145,0.0,-0.7806571,0.16250841,0.37142858
300659.SZ,17.70019,17.70019,0.00014890933,0.00018804062,0.39333302,0.2834008,1,33,251,0.7692308,0.0,-1.9243307,-17.82001,0.23076923
300660.SZ,8.454024,8.454024,0.00010254197,0.00018804062,0.37208304,0.51954025,1,69,305,0.8333333,0.0,-1.8641499,8.01205,0.16666667
300661.SZ,12.952078,12.952078,0.00012413255,0.00018804062,0.3924997,0.23863636,1,24,84,0.8484849,0.0,-2.9641392,15.189322,0.15151516
300662.SZ,10.81037,10.81037,0.00011453396,0.00018804062,0.3799997,0.27272728,1,80,208,0.75757575,0.0,-1.1151545,15.084827,0.24242425
300663.SZ,18.941778,18.941778,0.0001756185,0.00018804062,0.39583302,0.108013935,1,15,191,0.7619048,0.0,-1.3893048,-4.583262,0.23809524
300664.SZ,17.891895,17.891895,0.0001730904,0.00018804062,0.35708305,0.14304993,1,69,305,0.53846157,0.0,-0.5737077,3.5836506,0.46153846
300665.SZ,19.234009,19.234009,0.00016351083,0.00018804062,0.38583302,0.3195122,1,21,149,0.8292683,0.0,-0.7798903,-24.607975,0.17073171
300666.SZ,13.309027,13.309027,0.00013225985,0.00018804062,0.37833303,0.2516129,1,15,191,0.6451613,0.0,-2.4503453,14.240879,0.3548387
300667.SZ,9.185758,9.185758,0.00010394466,0.00018804062,0.36833304,0.19507575,1,33,251,0.8787879,0.0,-1.4083002,3.534626,0.121212125
300668.SZ,29.91821,29.91821,0.00023397704,0.00018804062,0.3874997,0.20112781,1,19,162,0.71929824,0.0,-0.66640353,2.764963,0.28070176
300669.SZ,18.032343,18.032343,0.00016078466,0.00018804062,0.38583302,0.17021276,1,5,286,0.70212764,0.0,-0.79313195,2.6628127,0.29787233
300670.SZ,25.027222,25.027222,0.00019963722,0.00018804062,0.400833,0.2522449,1,21,149,0.82,0.0,-1.475864,-19.178581,0.18
300671.SZ,19.815052,19.815052,0.00015949059,0.00018804062,0.39583302,0.30014226,1,80,208,0.94736844,0.0,-1.9074106,-25.273596,0.05263158
300672.SZ,27.561747,27.561747,0.0002054458,0.00018804062,0.39083302,0.2982456,1,91,229,0.8974359,0.0,-0.48270258,1.3360898,0.102564104
300673.SZ,9.408254,9.408254,0.00010516187,0.00018804062,0.36333305,0.14942528,1,15,191,0.8333333,0.0,-1.5298232,4.4347796,0.16666667
300674.SZ,18.001673,18.001673,0.00017554108,0.00018804062,0.39083302,0.079931974,1,24,84,0.9591837,0.0,-1.240798,3.0335426,0.040816326
300675.SZ,23.423052,23.423052,0.00018667556,0.00018804062,0.408333,0.23285024,1,27,217,0.82608694,0.0,-1.2635674,-18.774364,0.17391305
300676.SZ,11.2246065,11.2246065,0.00011504647,0.00018804062,0.37833306,0.33978495,1,19,162,0.9354839,0.0,-1.3486934,-9.879541,0.06451613
300677.SZ,11.248209,11.248209,0.00012005949,0.00018804062,0.35583305,0.13068181,1,2,80,0.6969697,0.0,-1.3850393,4.968957,0.3030303
300678.SZ,20.037083,20.037083,0.00016594266,0.00018804062,0.38583302,0.19981499,1,51,81,0.89361703,0.0,-0.6817596,1.9853616,0.10638298
300679.SZ,16.913567,16.913567,0.00017027029,0.00018804062,0.37666637,0.2060606,1,27,217,0.84444445,0.0,-1.7109334,4.7371154,0.15555556
300680.SZ,12.864435,12.864435,0.00013614622,0.00018804062,0.37833303,0.21463415,1,59,157,0.9512195,0.0,-1.7378584,8.044056,0.048780486
300681.SZ,18.6915,18.6915,0.00018037549,0.00018804062,0.36124972,0.1391129,1,5,286,0.625,0.0,-1.2198656,5.0963154,0.375
300682.SZ,16.996521,16.996521,0.00017156516,0.00018804062,0.36333305,0.096969694,1,69,305,0.93333334,0.0,-1.1225623,2.6740644,0.06666667
300683.SZ,25.75637,25.75637,0.00020627685,0.00018804062,0.39416635,0.24092889,1,93,192,0.5660377,0.0,-1.8481756,-12.317228,0.43396226
300684.SZ,16.915758,16.915758,0.00015593313,0.00018804062,0.39166635,0.17820513,1,1,211,0.75,0.0,-1.621165,14.610995,0.25
300685.SZ,58.660736,58.660736,0.0004784098,0.00018804062,0.418333,0.17831449,1,7,111,0.94285715,0.0,-0.8424101,8.879715,0.057142857
300686.SZ,14.59985,14.59985,0.00013184876,0.00018804062,0.39666635,0.26600283,1,27,217,0.65789473,0.0,-0.854416,-21.555025,0.34210527
300687.SZ,16.324316,16.324316,0.00016019939,0.00018804062,0.36458305,0.09102564,1,52,65,0.8,0.0,-0.89316255,2.4248276,0.2
300688.SZ,23.926458,23.926458,0.00017582801,0.00018804062,0.39083302,0.4,1,15,191,0.9677419,0.0,-1.7703034,-24.041075,0.032258064
300689.SZ,11.955893,11.955893,0.00011552467,0.00018804062,0.39333302,0.27217743,1,80,208,0.8125,0.0,-1.0745531,1.8149956,0.1875
300690.SZ,10.370202,10.370202,0.00011341987,0.00018804062,0.35791638,0.23295455,1,80,208,0.72727275,0.0,-2.141582,1.1351303,0.27272728
300691.SZ,13.302797,13.302797,0.0001382578,0.00018804062,0.36541638,0.13978495,1,12,252,0.5483871,0.0,-1.4863677,2.3196256,0.4516129
300692.SZ,16.908293,16.908293,0.00016210401,0.00018804062,0.3787497,0.12698413,1,69,305,0.5,0.0,-0.7624083,3.0588353,0.5
300693.SZ,16.860552,16.860552,0.000150971,0.00018804062,0.38916636,0.27629232,1,19,162,0.9705882,0.0,-1.5225705,17.985807,0.029411765
300694.SZ,16.76813,16.76813,0.00016614782,0.00018804062,0.36416638,0.12564103,1,40,114,0.575,0.0,-1.26534,5.4589815,0.425
300695.SZ,17.657059,17.657059,0.00015925383,0.00018804062,0.39416635,0.27439025,1,1,211,0.7804878,0.0,-1.0028268,14.38332,0.2195122
300696.SZ,12.308721,12.308721,0.00012351167,0.00018804062,0.3799997,0.24761905,1,5,286,0.8333333,0.0,-1.3117335,1.7541945,0.16666667
300697.SZ,9.483758,9.483758,0.000109101464,0.00018804062,0.3541664,0.17849462,1,33,251,0.8064516,0.0,-2.4594936,7.1730633,0.19354838
300698.SZ,17.67405,17.67405,0.00016496607,0.00018804062,0.37916636,0.15120968,1,1,211,0.78125,0.0,-0.9694437,-4.0647917,0.21875
300699.SZ,10.905244,10.905244,0.00011233187,0.00018804062,0.38916636,0.33522728,1,55,1,1.0,0.0,-1.1109605,17.651054,0.0
300700.SZ,22.948605,22.948605,0.00018445624,0.00018804062,0.39749968,0.2485482,1,49,1,1.0,0.0,-2.3568714,-21.53912,0.0
300701.SZ,17.592123,17.592123,0.00016519193,0.00018804062,0.3749997,0.18548387,1,22,208,0.59375,0.0,-1.225775,5.9677124,0.40625
300702.SZ,12.464614,12.464614,0.00012462537,0.00018804062,0.37416637,0.17204301,1,69,305,0.6451613,0.0,-0.4458936,6.2850156,0.3548387
300703.SZ,21.292313,21.292313,0.0001960442,0.00018804062,0.38166636,0.12698413,1,19,162,0.7777778,0.0,-0.84639436,2.201955,0.22222222
300705.SZ,21.397522,21.397522,0.00018765761,0.00018804062,0.3849997,0.33780488,1,17,17,0.70731705,0.0,-0.4086219,13.272592,0.29268292
300706.SZ,13.249415,13.249415,0.00011491496,0.00018804062,0.3899997,0.36290324,1,13,40,0.84375,0.0,-0.7132938,-30.397469,0.15625
300707.SZ,12.090313,12.090313,0.00012662038,0.00018804062,0.3529164,0.1655914,1,74,159,0.7419355,0.0,-1.1853422,7.973951,0.2580645
300708.SZ,13.081869,13.081869,0.00013341308,0.00018804062,0.36166638,0.125,1,22,208,0.75,0.0,-2.4805655,2.043547,0.25
300709.SZ,20.984665,20.984665,0.00020006529,0.00018804062,0.35499972,0.15462185,1,33,251,0.45714286,0.0,-1.0070801,4.2830596,0.54285717
300710.SZ,15.170636,15.170636,0.0001384797,0.00018804062,0.403333,0.2777778,1,59,157,0.9459459,0.0,-1.5496677,-19.82241,0.054054055
300711.SZ,14.362931,14.362931,0.00013418616,0.00018804062,0.3799997,0.3957219,1,19,162,0.9117647,0.0,-0.92405593,14.876656,0.0882353
300712.SZ,9.409149,9.409149,0.00010536721,0.00018804062,0.3874997,0.29677418,1,5,286,0.87096775,0.0,-1.450313,-1.8735137,0.12903225
300713.SZ,14.231715,14.231715,0.00012115898,0.00018804062,0.39083302,0.4331551,1,22,208,0.88235295,0.0,-1.369694,-30.578964,0.11764706
300715.SZ,20.422297,20.422297,0.00019172613,0.00018804062,0.36958304,0.12701613,1,69,305,0.6875,0.0,-0.78529686,2.741403,0.3125
300717.SZ,17.22011,17.22011,0.00017452259,0.00018804062,0.35916638,0.14973262,1,87,102,0.4117647,0.0,-1.5038352,2.5681705,0.5882353
300718.SZ,17.527828,17.527828,0.00015438857,0.00018804062,0.39416635,0.19238901,1,69,305,0.6363636,0.0,-1.7073159,12.213748,0.36363637
300719.SZ,19.187698,19.187698,0.0001625663,0.00018804062,0.38333303,0.16425121,1,5,286,0.8043478,0.0,-1.417013,1.0915543,0.19565217
300720.SZ,26.446115,26.446115,0.0002074255,0.00018804062,0.39166635,0.20295984,1,24,84,0.90909094,0.0,-1.7572956,5.1314106,0.09090909
300721.SZ,20.40191,20.40191,0.0001754766,0.00018804062,0.39666635,0.20824525,1,87,102,0.5681818,0.0,-1.5775138,-12.908288,0.4318182
300722.SZ,15.012348,15.012348,0.00014008832,0.00018804062,0.39416635,0.27731094,1,27,217,0.6857143,0.0,-1.1482886,16.125795,0.31428573
300723.SZ,22.458197,22.458197,0.00018284516,0.00018804062,0.3899997,0.27171716,1,91,229,0.7777778,0.0,-1.2053267,-18.824213,0.22222222
300724.SZ,16.21821,16.21821,0.00015048424,0.00018804062,0.39166635,0.2789916,1,80,208,0.8857143,0.0,-1.3356199,17.607353,0.114285715
300725.SZ,17.617249,17.617249,0.00016687505,0.00018804062,0.35916638,0.28629032,1,93,192,0.25,0.0,-1.1915718,3.702186,0.75
300726.SZ,16.176214,16.176214,0.00015055128,0.00018804062,0.37916636,0.22068965,1,6,36,0.76666665,0.0,-0.5139533,10.572241,0.23333333
300727.SZ,12.109339,12.109339,0.00012538844,0.00018804062,0.41166636,0.13103448,1,94,65,0.8333333,0.0,-1.6170866,2.9628532,0.16666667
300729.SZ,17.952932,17.952932,0.00017043737,0.00018804062,0.3466664,0.17419355,1,22,208,0.29032257,0.0,-1.4741902,3.1084645,0.7096774
300730.SZ,28.366428,28.366428,0.00020651342,0.00018804062,0.39583302,0.39037433,1,15,191,0.61764705,0.0,-2.126597,-29.701653,0.38235295
300731.SZ,16.895384,16.895384,0.00015520993,0.00018804062,0.3774997,0.15165165,1,90,27,0.7837838,0.0,-1.1153758,1.5185736,0.21621622
300732.SZ,11.433713,11.433713,0.00012296457,0.00018804062,0.39333302,0.22528736,1,80,208,0.9,0.0,-0.65460664,-2.0769365,0.1
300733.SZ,10.259166,10.259166,0.000112964495,0.00018804062,0.3749997,0.12903225,1,1,211,0.83870965,0.0,-1.9182677,6.717115,0.16129032
300735.SZ,9.798201,9.798201,0.00010929609,0.00018804062,0.35958305,0.22068965,1,21,149,0.93333334,0.0,-1.73885,3.233227,0.06666667
300736.SZ,69.046,69.046,0.00047177472,0.00018804062,0.43749964,0.1717114,1,15,191,0.89320385,0.0,-1.7314824,-11.611284,0.106796116
300737.SZ,9.2519,9.2519,9.988569e-05,0.00018804062,0.38166636,0.3908046,1,5,286,0.73333335,0.0,-1.2793434,-28.225925,0.26666668
300738.SZ,14.659463,14.659463,0.00013724975,0.00018804062,0.3924997,0.14314516,1,93,192,0.71875,0.0,-0.21911563,3.8046217,0.28125
300739.SZ,13.664951,13.664951,0.00013815115,0.00018804062,0.36583304,0.14022988,1,74,159,0.76666665,0.0,-1.21256,3.607707,0.23333333
300740.SZ,12.730128,12.730128,0.000131569,0.00018804062,0.37416637,0.21975806,1,59,157,0.625,0.0,-0.27358124,9.044772,0.375
300741.SZ,17.443464,17.443464,0.00017158681,0.00018804062,0.3479164,0.18468468,1,12,252,0.35135135,0.0,-1.6343081,3.6177163,0.6486486
300743.SZ,13.533721,13.533721,0.00013345238,0.00018804062,0.38999972,0.1724138,1,59,157,0.7,0.0,-1.2753799,0.72822064,0.3
300745.SZ,9.256453,9.256453,9.3788985e-05,0.00018804062,0.38666636,0.4455645,1,21,149,1.0,0.0,-1.6268938,-30.737152,0.0
300746.SZ,11.380066,11.380066,0.000118145326,0.00018804062,0.36291638,0.2045977,1,77,117,0.73333335,0.0,-0.011983343,3.2262518,0.26666668
300747.SZ,13.949737,13.949737,0.00014543306,0.00018804062,0.39916635,0.12873563,1,91,229,0.7,0.0,-1.7647,2.4593027,0.3
300748.SZ,11.002527,11.002527,0.00011915188,0.00018804062,0.37333304,0.17419355,1,43,94,0.8064516,0.0,-2.3288903,9.693232,0.19354838
300749.SZ,17.42033,17.42033,0.0001703507,0.00018804062,0.38083303,0.17638691,1,91,229,0.57894737,0.0,-0.58330005,-2.8316321,0.42105263
300750.SZ,16.775385,16.775385,0.00016165347,0.00018804062,0.34708306,0.3244207,1,15,191,0.38235295,0.0,-1.9693326,3.8015532,0.61764705
300751.SZ,13.401204,13.401204,0.00013712265,0.00018804062,0.37416637,0.11724138,1,20,96,0.8,0.0,-1.86974,6.796598,0.2
300752.SZ,13.856858,13.856858,0.00014044148,0.00018804062,0.35874972,0.12701613,1,15,191,0.75,0.0,-1.4987345,3.3785563,0.25
300753.SZ,18.659477,18.659477,0.00016897915,0.00018804062,0.3687497,0.30641025,1,77,117,0.425,0.0,-1.69421,-8.332278,0.575
300755.SZ,16.730536,16.730536,0.00015196172,0.00018804062,0.38916636,0.2369338,1,5,286,0.8095238,0.0,-1.1775167,-20.527853,0.1904762
300756.SZ,9.463077,9.463077,0.00010426415,0.00018804062,0.37083304,0.13978495,1,20,96,0.9032258,0.0,-2.591287,4.6128917,0.09677419
300757.SZ,29.73142,29.73142,0.00021247011,0.00018804062,0.3824997,0.30197445,1,22,208,0.5714286,0.0,-1.5997999,-22.091793,0.42857143
300758.SZ,19.090946,19.090946,0.00017854248,0.00018804062,0.35916638,0.17142858,1,12,252,0.25,0.0,-0.76302785,3.1366026,0.75
300759.SZ,18.716112,18.716112,0.00017573897,0.00018804062,0.37833303,0.15530303,1,69,305,0.27272728,0.0,-0.9690394,7.5670624,0.72727275
300760.SZ,23.211302,23.211302,0.00019388812,0.00018804062,0.3899997,0.31829268,1,22,208,0.85365856,0.0,-0.95498544,15.457854,0.14634146
300761.SZ,8.59027,8.59027,0.00010169644,0.00018804062,0.36416638,0.24597701,1,5,286,0.93333334,0.0,-1.5247867,0.5746159,0.06666667
300762.SZ,15.842266,15.842266,0.00013293346,0.00018804062,0.3924997,0.34046346,1,43,94,0.85294116,0.0,-1.1588529,-26.507206,0.14705883
300763.SZ,15.113684,15.113684,0.00014709725,0.00018804062,0.37083304,0.18064517,1,22,208,0.48387095,0.0,-1.069916,6.371748,0.516129
300765.SZ,24.619469,24.619469,0.00018231363,0.00018804062,0.40499967,0.37121212,1,59,157,0.6363636,0.0,-1.1780638,-31.425049,0.36363637
300766.SZ,16.296255,16.296255,0.00013450044,0.00018804062,0.40249968,0.34879032,1,69,305,0.625,0.0,-1.3504531,-18.20634,0.375
300767.SZ,20.0386,20.0386,0.00019039688,0.00018804062,0.34249973,0.25042018,1,7,111,0.4,0.0,-1.572143,3.9447484,0.6
300768.SZ,15.518438,15.518438,0.00014997194,0.00018804062,0.37666637,0.24193548,1,40,114,0.46875,0.0,-0.80262816,7.9291553,0.53125
300769.SZ,17.094893,17.094893,0.00014404127,0.00018804062,0.3924997,0.38146168,1,33,251,0.7647059,0.0,-0.89395,-30.159348,0.23529412
300770.SZ,17.252672,17.252672,0.00015126813,0.00018804062,0.38833302,0.36638656,1,33,251,0.85714287,0.0,-0.75862,16.06073,0.14285715
300771.SZ,9.111201,9.111201,0.000101707294,0.00018804062,0.3791664,0.22068965,1,59,157,0.8,0.0,-1.4301635,5.3379498,0.2
300772.SZ,17.85558,17.85558,0.00016729426,0.00018804062,0.3516664,0.13368984,1,12,252,0.23529412,0.0,-0.50836766,0.8435646,0.7647059
300773.SZ,16.270329,16.270329,0.00015540341,0.00018804062,0.38583302,0.11491936,1,23,94,0.6875,0.0,-1.1191094,6.6158133,0.3125
300774.SZ,19.202467,19.202467,0.00017886433,0.00018804062,0.3566664,0.12903225,1,23,94,0.5483871,0.0,-1.5439258,4.2581353,0.4516129
300775.SZ,7.230963,7.230963,8.435955e-05,0.00018804062,0.3849997,0.2045977,1,43,94,0.76666665,0.0,-0.75014,7.947428,0.23333333
300776.SZ,13.396773,13.396773,0.00012763287,0.00018804062,0.3899997,0.29924244,1,1,211,0.75757575,0.0,-2.929003,16.286253,0.24242425
300777.SZ,17.33665,17.33665,0.00016465377,0.00018804062,0.35333306,0.27126437,1,40,114,0.1,0.0,-1.3555734,2.5293365,0.9
300778.SZ,12.838061,12.838061,0.00012304651,0.00018804062,0.38416636,0.27816093,1,5,286,0.76666665,0.0,-1.50798,-15.249518,0.23333333
300779.SZ,16.499687,16.499687,0.00015572654,0.00018804062,0.3699997,0.34280303,1,102,50,0.24242425,0.0,-0.52377576,2.0562825,0.75757575
300780.SZ,13.996716,13.996716,0.00013428552,0.00018804062,0.40249968,0.22380953,1,27,217,0.6111111,0.0,-1.1981086,-12.648938,0.3888889
300781.SZ,16.676208,16.676208,0.00016133906,0.00018804062,0.3529164,0.15530303,1,12,252,0.33333334,0.0,-1.1345758,0.24242422,0.6666667
300782.SZ,13.354232,13.354232,0.00012814945,0.00018804062,0.39416635,0.20766129,1,20,96,0.53125,0.0,-1.1267875,-14.203757,0.46875
300783.SZ,15.854413,15.854413,0.00015916188,0.00018804062,0.35749972,0.1921922,1,27,217,0.43243244,0.0,-0.531946,4.5696816,0.5675676
300784.SZ,14.297758,14.297758,0.00014221932,0.00018804062,0.37333304,0.1724138,1,51,81,0.53333336,0.0,-1.3472899,6.047124,0.46666667
300785.SZ,13.833383,13.833383,0.00013807778,0.00018804062,0.40499967,0.104166664,1,22,208,0.8787879,0.0,-0.836303,-0.48072743,0.121212125
300786.SZ,14.487329,14.487329,0.00014295547,0.00018804062,0.40249968,0.2159091,1,24,84,0.90909094,0.0,-0.62760913,-5.468003,0.09090909
300787.SZ,10.876567,10.876567,0.0001174373,0.00018804062,0.36416638,0.23448277,1,59,157,0.6,0.0,-0.97776,5.53012,0.4
300788.SZ,11.815302,11.815302,0.00012525926,0.00018804062,0.36333305,0.26666668,1,89,72,0.9,0.0,-0.47467333,5.5720882,0.1
300789.SZ,12.856399,12.856399,0.00013320878,0.00018804062,0.37166637,0.1632184,1,21,149,0.6666667,0.0,-1.8682467,2.4054239,0.33333334
300790.SZ,10.646459,10.646459,0.00011385166,0.00018804062,0.37166637,0.13793103,1,5,286,0.8666667,0.0,-1.4413632,2.5631435,0.13333334
300791.SZ,13.795029,13.795029,0.00014172393,0.00018804062,0.38083303,0.19153225,1,2,80,0.5,0.0,-0.5489563,7.673538,0.5
300792.SZ,15.632457,15.632457,0.00015462324,0.00018804062,0.3649997,0.098790325,1,5,286,0.46875,0.0,-0.014456272,1.8425131,0.53125
300793.SZ,15.578164,15.578164,0.00015687293,0.00018804062,0.34958306,0.096551724,1,27,217,0.6666667,0.0,-2.5709333,2.6181686,0.33333334
300795.SZ,21.969688,21.969688,0.00018298646,0.00018804062,0.39499968,0.3097561,1,93,192,0.5609756,0.0,-1.0575902,14.424065,0.4390244
300796.SZ,102.82568,102.82568,0.0007235776,0.00018804062,0.43916634,0.14721407,1,15,191,0.9483871,0.0,-1.0221244,0.8942999,0.051612902
300797.SZ,17.945269,17.945269,0.00017636239,0.00018804062,0.36916637,0.11932773,1,27,217,0.6,0.0,-0.7471171,3.1931238,0.4
300798.SZ,15.170888,15.170888,0.00014670049,0.00018804062,0.38333303,0.17301588,1,21,149,0.7777778,0.0,-1.9703639,-3.312301,0.22222222
300800.SZ,13.986004,13.986004,0.00013932641,0.00018804062,0.3774997,0.13548388,1,91,229,0.58064514,0.0,-1.0929129,-6.5074735,0.41935483
300801.SZ,14.012579,14.012579,0.00013921502,0.00018804062,0.37416637,0.19770116,1,22,208,0.53333336,0.0,-0.46291324,2.13282,0.46666667
300802.SZ,12.336339,12.336339,0.00013272425,0.00018804062,0.39499968,0.13793103,1,2,80,0.8,0.0,-2.6151896,4.2785525,0.2
300803.SZ,21.497078,21.497078,0.00017584588,0.00018804062,0.39583302,0.17682926,1,93,192,0.9268293,0.0,-1.3500415,0.47370046,0.07317073
300804.SZ,15.085524,15.085524,0.00014971658,0.00018804062,0.37458304,0.124390244,1,12,252,0.6097561,0.0,0.09510246,0.790759,0.3902439
300805.SZ,17.568037,17.568037,0.00017069693,0.00018804062,0.36041638,0.12298387,1,14,83,0.625,0.0,-0.016468704,3.4888968,0.375
300806.SZ,21.159824,21.159824,0.00016657608,0.00018804062,0.38416636,0.3003003,1,69,305,0.7837838,0.0,-0.5885865,2.9931674,0.21621622
300808.SZ,18.75352,18.75352,0.00016378102,0.00018804062,0.400833,0.20212767,1,15,191,0.6666667,0.0,-2.2327604,-13.259045,0.33333334
300809.SZ,16.519773,16.519773,0.00015983569,0.00018804062,0.37583303,0.112299465,1,96,56,0.85294116,0.0,-0.96404403,1.863963,0.14705883
300810.SZ,15.930063,15.930063,0.00013894528,0.00018804062,0.400833,0.35135135,1,24,84,0.8947368,0.0,-1.235321,-25.711891,0.10526316
300811.SZ,18.91782,18.91782,0.00018210038,0.00018804062,0.35624972,0.26349208,1,51,81,0.30555555,0.0,-1.8687528,3.4669893,0.6944444
300812.SZ,13.300779,13.300779,0.0001317797,0.00018804062,0.39333302,0.1954023,1,12,252,0.53333336,0.0,-2.3633502,2.3836355,0.46666667
300813.SZ,17.390461,17.390461,0.000172646,0.00018804062,0.35458305,0.2045977,1,27,217,0.3,0.0,-1.5138534,1.4540367,0.7
300814.SZ,23.079826,23.079826,0.00018482294,0.00018804062,0.37916636,0.25581396,1,22,208,0.54545456,0.0,-0.75588185,0.67857736,0.45454547
300815.SZ,19.428324,19.428324,0.0001782187,0.00018804062,0.38083303,0.19251336,1,14,83,0.9411765,0.0,-1.1422735,1.0647154,0.05882353
300816.SZ,16.692736,16.692736,0.00016053198,0.00018804062,0.35874972,0.17701149,1,24,84,0.23333333,0.0,-2.0538235,6.2207074,0.76666665
300817.SZ,13.52385,13.52385,0.0001414367,0.00018804062,0.37083304,0.13118279,1,95,151,0.87096775,0.0,-1.1585646,3.9944317,0.12903225
300818.SZ,13.929307,13.929307,0.00014061034,0.00018804062,0.39916635,0.12903225,1,1,211,0.875,0.0,-1.3379968,3.0187938,0.125
300819.SZ,13.768552,13.768552,0.0001359161,0.00018804062,0.3899997,0.17139001,1,58,1,1.0,0.0,-2.119523,9.515271,0.0
300820.SZ,17.707745,17.707745,0.00016989125,0.00018804062,0.35999972,0.1210084,1,21,149,0.5714286,0.0,-0.9877513,4.4212685,0.42857143
300821.SZ,13.452065,13.452065,0.00013994434,0.00018804062,0.36541638,0.12643678,1,7,111,0.6666667,0.0,-0.38708666,3.9434364,0.33333334
300822.SZ,16.396175,16.396175,0.0001532885,0.00018804062,0.36041638,0.16781609,1,22,208,0.2,0.0,-1.0256066,1.0201399,0.8
300823.SZ,7.044261,7.044261,8.394669e-05,0.00018804062,0.38083303,0.21609196,1,2,80,0.93333334,0.0,-2.3364465,7.8872867,0.06666667
300824.SZ,11.987921,11.987921,0.00012628353,0.00018804062,0.3874997,0.2172043,1,5,286,0.5483871,0.0,-0.8228097,10.796872,0.4516129
300825.SZ,18.791492,18.791492,0.00016023211,0.00018804062,0.39499968,0.3219512,1,32,38,0.5609756,0.0,-1.2030708,-18.183182,0.4390244
300826.SZ,12.049459,12.049459,0.00012336155,0.00018804062,0.35958305,0.2689655,1,102,50,0.46666667,0.0,-1.0748966,2.1221836,0.53333336
300827.SZ,14.048545,14.048545,0.00013438494,0.00018804062,0.38833302,0.2957958,1,69,305,0.8378378,0.0,-0.87924063,11.893906,0.16216215
300828.SZ,17.564894,17.564894,0.00016791919,0.00018804062,0.3724997,0.14712644,1,21,149,0.7,0.0,-0.73874336,4.2903833,0.3
300829.SZ,15.397792,15.397792,0.00015498568,0.00018804062,0.35374972,0.23193277,1,80,208,0.8,0.0,-1.4946513,4.621568,0.2
300830.SZ,14.542514,14.542514,0.00012907716,0.00018804062,0.4124997,0.24420677,1,91,229,0.7058824,0.0,-1.8401648,-10.777384,0.29411766
300831.SZ,19.90036,19.90036,0.00016622675,0.00018804062,0.37416637,0.2448718,1,24,84,0.775,0.0,-1.9162325,2.1027324,0.225
300832.SZ,19.612696,19.612696,0.00017082575,0.00018804062,0.3899997,0.35704124,1,80,208,0.81578946,0.0,-0.93871045,15.349794,0.18421052
300833.SZ,12.419777,12.419777,0.00012925026,0.00018804062,0.3674997,0.3448276,1,87,102,0.8,0.0,-1.7654835,12.82735,0.2
300834.SZ,13.087585,13.087585,0.00013947202,0.00018804062,0.3637497,0.17701149,1,51,81,0.8,0.0,-2.0111399,2.9365265,0.2
300835.SZ,13.333843,13.333843,0.00012960641,0.00018804062,0.38166636,0.25525525,1,22,208,0.7027027,0.0,-1.8746651,15.52401,0.2972973
300836.SZ,16.255049,16.255049,0.00015543486,0.00018804062,0.38166636,0.12413793,1,93,192,0.6666667,0.0,-1.5063766,10.161433,0.33333334
300837.SZ,10.198586,10.198586,0.000114706956,0.00018804062,0.36166638,0.24367817,1,21,149,0.8333333,0.0,-1.1274766,4.9705005,0.16666667
300838.SZ,13.748342,13.748342,0.00012550163,0.00018804062,0.36124972,0.38494623,1,5,286,0.9354839,0.0,-1.427471,2.0255227,0.06451613
300839.SZ,17.655657,17.655657,0.00017200144,0.00018804062,0.36083305,0.13012478,1,33,251,0.38235295,0.0,-0.7776323,3.068403,0.61764705
300840.SZ,15.100115,15.100115,0.0001513915,0.00018804062,0.35249972,0.15913978,1,74,159,0.83870965,0.0,0.017135518,3.4632933,0.16129032
300841.SZ,23.693306,23.693306,0.00021673956,0.00018804062,0.38416636,0.18984663,1,34,43,0.7903226,0.0,-1.5053871,3.0677192,0.20967741
300842.SZ,18.255148,18.255148,0.00014970153,0.00018804062,0.39916635,0.32290184,1,59,157,0.84210527,0.0,-1.0290053,-28.070255,0.15789473
300843.SZ,20.50688,20.50688,0.00019076043,0.00018804062,0.36249968,0.16098484,1,15,191,0.27272728,0.0,-1.2393092,6.5201836,0.72727275
300844.SZ,15.704215,15.704215,0.00013968331,0.00018804062,0.40166634,0.23328592,1,59,157,0.8684211,0.0,-1.6424079,-15.771411,0.13157895
300845.SZ,14.980451,14.980451,0.00014779331,0.00018804062,0.36583304,0.16989248,1,34,43,0.7419355,0.0,-1.7098258,0.6118729,0.2580645
300846.SZ,27.025803,27.025803,0.0001941076,0.00018804062,0.3924997,0.33613446,1,5,286,0.62857145,0.0,-1.4261514,-27.391619,0.37142858
300847.SZ,12.928698,12.928698,0.0001313682,0.00018804062,0.38624972,0.15862069,1,69,305,0.6666667,0.0,-1.1253433,3.1757452,0.33333334
300848.SZ,15.86879,15.86879,0.00016152769,0.00018804062,0.3624997,0.13103448,1,93,192,0.73333335,0.0,-0.21745001,3.3331268,0.26666668
300849.SZ,9.295318,9.295318,0.00010174699,0.00018804062,0.39083302,0.21839081,1,13,40,0.8333333,0.0,-1.5308833,-11.942776,0.16666667
300850.SZ,21.391682,21.391682,0.00018392198,0.00018804062,0.38333303,0.40151516,1,11,17,0.5151515,0.0,-1.2292879,10.36056,0.4848485
300851.SZ,12.227829,12.227829,0.00012691096,0.00018804062,0.35499972,0.1889483,1,23,94,0.9117647,0.0,-1.3931882,2.347309,0.0882353
300852.SZ,6.5467424,6.5467424,8.135342e-05,0.00018804062,0.35749972,0.2850575,1,80,208,0.96666664,0.0,-3.00122,8.112877,0.033333335
300853.SZ,29.6335,29.6335,0.0002236995,0.00018804062,0.39916635,0.24541062,1,74,159,0.9130435,0.0,-1.7126155,-19.746756,0.08695652
300854.SZ,10.119881,10.119881,0.00010412547,0.00018804062,0.39916638,0.37471265,1,19,162,0.7,0.0,-1.34301,-20.532255,0.3
300855.SZ,15.000723,15.000723,0.00015041666,0.00018804062,0.3687497,0.23809524,1,102,50,0.6666667,0.0,-1.5269749,4.583542,0.33333334
300856.SZ,15.50928,15.50928,0.00015429819,0.00018804062,0.36041638,0.17634408,1,43,94,0.48387095,0.0,-0.54740006,2.0147486,0.516129
300857.SZ,52.52024,52.52024,0.0003967072,0.00018804062,0.41999966,0.23135135,1,1,211,0.85333335,0.0,-1.8351957,13.371363,0.14666666
300858.SZ,45.41576,45.41576,0.00037807776,0.00018804062,0.425833,0.12911995,1,93,192,0.94495416,0.0,-0.19690916,4.6686935,0.055045873
300859.SZ,9.737253,9.737253,9.942089e-05,0.00018804062,0.3849997,0.51209676,1,6,36,1.0,0.0,-0.8235656,17.495516,0.0
300860.SZ,13.655342,13.655342,0.00014026547,0.00018804062,0.35458305,0.089655176,1,69,305,0.53333336,0.0,-1.0629334,6.0413036,0.46666667
300861.SZ,19.493832,19.493832,0.00016317426,0.00018804062,0.39166635,0.21353066,1,14,83,0.95454544,0.0,-1.347116,1.0312072,0.045454547
300862.SZ,18.512022,18.512022,0.00016156874,0.00018804062,0.40249968,0.2060606,1,33,251,0.46666667,0.0,-1.8581735,-12.15083,0.53333336
300863.SZ,7.4586544,7.4586544,8.7746586e-05,0.00018804062,0.36208305,0.18390805,1,40,114,0.9,0.0,-1.31529,5.395752,0.1
300864.SZ,17.994583,17.994583,0.00017335339,0.00018804062,0.37666637,0.2739496,1,7,111,0.37142858,0.0,-1.7789457,7.0347924,0.62857145
300865.SZ,16.962963,16.962963,0.00015905357,0.00018804062,0.38083303,0.11954023,1,33,251,0.43333334,0.0,-0.81324345,2.0439832,0.56666666
300866.SZ,19.142159,19.142159,0.00016659076,0.00018804062,0.400833,0.32928476,1,59,157,0.84615386,0.0,-0.87685376,16.462193,0.15384616
300867.SZ,17.99469,17.99469,0.00017114071,0.00018804062,0.38916636,0.12298387,1,52,65,0.65625,0.0,-0.7731531,2.4969025,0.34375
300868.SZ,14.323892,14.323892,0.00014056555,0.00018804062,0.39333302,0.25747126,1,53,16,0.6,0.0,-1.4172534,-10.41931,0.4
300869.SZ,10.114548,10.114548,0.00010959356,0.00018804062,0.37208304,0.22103387,1,91,229,0.9411765,0.0,-1.5915676,-4.501602,0.05882353
300870.SZ,18.882988,18.882988,0.0001645559,0.00018804062,0.39333302,0.19102041,1,7,111,0.72,0.0,-1.1598179,9.322504,0.28
300871.SZ,9.859637,9.859637,0.00010150076,0.00018804062,0.39499968,0.43346775,1,89,72,0.96875,0.0,-0.8614031,18.831028,0.03125
300872.SZ,10.949288,10.949288,0.000117973526,0.00018804062,0.36291638,0.06666667,1,57,68,0.8666667,0.0,-0.89526,0.83106667,0.13333334
300873.SZ,8.954267,8.954267,0.00010003002,0.00018804062,0.3799997,0.20430107,1,95,151,0.9677419,0.0,-0.6621258,-1.9459834,0.032258064
300875.SZ,13.788401,13.788401,0.00013358788,0.00018804062,0.38666636,0.23015873,1,32,38,0.8611111,0.0,-1.4972278,-8.128338,0.1388889
300876.SZ,10.807943,10.807943,0.000108578286,0.00018804062,0.39083302,0.2793651,1,95,151,0.9444444,0.0,-1.171686,-19.202797,0.055555556
300877.SZ,9.608463,9.608463,0.00011183172,0.00018804062,0.36041638,0.29677418,1,76,26,0.9677419,0.0,-1.0948418,4.3958097,0.032258064
300878.SZ,25.55782,25.55782,0.00019662656,0.00018804062,0.3899997,0.3815126,1,33,251,0.62857145,0.0,-2.3929741,-23.284718,0.37142858
300879.SZ,14.64277,14.64277,0.00014809133,0.00018804062,0.36458305,0.17931035,1,21,149,0.6333333,0.0,-2.0173268,2.9271169,0.36666667
300880.SZ,18.755043,18.755043,0.00017884627,0.00018804062,0.35833305,0.20833333,1,94,65,0.90909094,0.0,-1.4908789,0.982752,0.09090909
300881.SZ,17.667372,17.667372,0.00017571701,0.00018804062,0.36416638,0.33109245,1,30,30,0.4,0.0,-0.9583544,5.762284,0.6
300882.SZ,15.889899,15.889899,0.00015171412,0.00018804062,0.39583305,0.3207317,1,100,10,0.7804878,0.0,-1.4066194,15.728065,0.2195122
300883.SZ,12.500295,12.500295,0.00013597499,0.00018804062,0.3541664,0.26325756,1,27,217,0.6363636,0.0,-1.372306,2.9919393,0.36363637
300884.SZ,17.99239,17.99239,0.00017203277,0.00018804062,0.3466664,0.3015873,1,15,191,0.3611111,0.0,-1.430475,3.0237443,0.6388889
300885.SZ,10.539657,10.539657,0.00011715315,0.00018804062,0.37416637,0.24597701,1,59,157,0.8666667,0.0,-1.6049702,0.368824,0.13333334
300886.SZ,18.333647,18.333647,0.00017335077,0.00018804062,0.35749972,0.16134454,1,12,252,0.25714287,0.0,-0.80472857,-0.5253309,0.74285716
300887.SZ,20.781675,20.781675,0.00017583207,0.00018804062,0.40416634,0.20567375,1,22,208,0.8541667,0.0,-1.6618376,-13.526054,0.14583333
300888.SZ,18.643532,18.643532,0.00017626873,0.00018804062,0.36083305,0.16934046,1,33,251,0.23529412,0.0,-0.68496764,2.3179488,0.7647059
300889.SZ,17.62916,17.62916,0.00016378664,0.00018804062,0.3899997,0.15614618,1,51,81,0.81395346,0.0,-1.9999723,-12.064371,0.18604651
300890.SZ,35.216694,35.216694,0.0003013056,0.00018804062,0.41166633,0.1770551,1,59,157,0.85365856,0.0,0.43160975,2.2528117,0.14634146
300891.SZ,16.46448,16.46448,0.00015596922,0.00018804062,0.3824997,0.15508021,1,1,211,0.7941176,0.0,-1.0888765,-11.06748,0.20588236
300892.SZ,16.34845,16.34845,0.00014218142,0.00018804062,0.37083304,0.29590017,1,27,217,0.7352941,0.0,-1.2672176,2.3984969,0.2647059
300893.SZ,16.226152,16.226152,0.00014928934,0.00018804062,0.39916635,0.27311522,1,21,149,0.68421054,0.0,-1.0349394,15.614716,0.31578946
300894.SZ,33.424313,33.424313,0.00025165928,0.00018804062,0.39666635,0.22473605,1,69,305,0.46153846,0.0,-1.8633653,-15.520273,0.53846157
300895.SZ,74.46576,74.46576,0.0005672624,0.00018804062,0.45916632,0.10900793,1,102,50,0.9207317,0.0,-0.5541646,-6.071615,0.07926829
300896.SZ,35.66509,35.66509,0.000313537,0.00018804062,0.415833,0.15023805,1,21,149,0.8598131,0.0,-1.7679412,5.5023174,0.14018692
300897.SZ,17.601032,17.601032,0.00016664584,0.00018804062,0.3541664,0.30574712,1,51,81,0.16666667,0.0,-1.2082467,2.67944,0.8333333
300898.SZ,9.736488,9.736488,0.00010171136,0.00018804062,0.3924997,0.27462122,1,87,102,0.969697,0.0,-1.749,16.56247,0.030303031
300900.SZ,16.223967,16.223967,0.0001340949,0.00018804062,0.39666635,0.3419355,1,12,252,0.7741935,0.0,-1.1234678,-27.343021,0.22580644
300901.SZ,9.590552,9.590552,0.00010302826,0.00018804062,0.40249968,0.13793103,1,23,94,0.96666664,0.0,-0.8564766,-3.5499115,0.033333335
300902.SZ,13.798858,13.798858,0.00014283776,0.00018804062,0.36416638,0.17931035,1,2,80,0.73333335,0.0,-1.6945901,2.635617,0.26666668
300903.SZ,19.28932,19.28932,0.00015328512,0.00018804062,0.40249968,0.27439025,1,5,286,0.5365854,0.0,-1.1469048,-22.266829,0.46341464
300904.SZ,17.848791,17.848791,0.0001563904,0.00018804062,0.398333,0.24970964,1,43,94,0.88095236,0.0,-1.3558929,-23.587534,0.11904762
300905.SZ,8.628046,8.628046,9.2708666e-05,0.00018804062,0.3824997,0.37478992,1,20,96,0.8857143,0.0,-1.218023,9.946521,0.114285715
300906.SZ,13.839463,13.839463,0.00013339189,0.00018804062,0.3799997,0.29462364,1,22,208,0.61290324,0.0,-1.8576096,6.988046,0.38709676
300907.SZ,12.047381,12.047381,0.0001272844,0.00018804062,0.35999972,0.35282257,1,52,65,0.78125,0.0,-1.5733311,4.982359,0.21875
300908.SZ,11.987063,11.987063,0.00012460221,0.00018804062,0.39333302,0.17634408,1,33,251,0.58064514,0.0,0.3377096,6.121143,0.41935483
300909.SZ,14.179166,14.179166,0.00014479294,0.00018804062,0.3454164,0.1889483,1,22,208,0.7058824,0.0,-1.9113469,0.76127946,0.29411766
300910.SZ,12.618272,12.618272,0.00013090423,0.00018804062,0.37583303,0.11494253,1,33,251,0.56666666,0.0,-1.43498,3.1892068,0.43333334
300911.SZ,19.769655,19.769655,0.00016275526,0.00018804062,0.38833302,0.30014226,1,1,211,0.8947368,0.0,-1.5406739,-23.808302,0.10526316
300912.SZ,13.468574,13.468574,0.00012003478,0.00018804062,0.39749968,0.3908046,1,22,208,0.76666665,0.0,-1.6432633,-32.01371,0.23333333
300913.SZ,12.233042,12.233042,0.00012350286,0.00018804062,0.39416635,0.24242425,1,87,102,0.72727275,0.0,-1.9691999,17.222383,0.27272728
300915.SZ,16.98908,16.98908,0.00015272314,0.00018804062,0.36791638,0.24615385,1,52,65,1.0,0.0,-0.88307744,2.0327876,0.0
300916.SZ,13.003987,13.003987,0.00013214967,0.00018804062,0.3749997,0.15483871,1,52,65,0.61290324,0.0,-1.6182517,5.74889,0.38709676
300917.SZ,11.530263,11.530263,0.0001205878,0.00018804062,0.38416636,0.28024194,1,33,251,0.6875,0.0,-0.92864066,14.695483,0.3125
300918.SZ,10.769543,10.769543,0.00012282834,0.00018804062,0.36083305,0.27096775,1,13,40,0.7741935,0.0,-1.2865096,5.4011774,0.22580644
300919.SZ,14.871699,14.871699,0.00014612262,0.00018804062,0.3674997,0.22916667,1,40,114,0.42424244,0.0,-1.4170213,1.9657574,0.57575756
300920.SZ,10.720765,10.720765,0.00011717848,0.00018804062,0.37208307,0.26206896,1,59,157,0.7,0.0,-1.8342034,2.8347635,0.3
300921.SZ,15.792068,15.792068,0.00015584753,0.00018804062,0.36666638,0.17741935,1,24,84,0.46875,0.0,-0.90162814,3.3003018,0.53125
300922.SZ,14.549196,14.549196,0.00014849195,0.00018804062,0.35749972,0.101149425,1,5,286,0.8666667,0.0,-0.35722,3.5810518,0.13333334
300923.SZ,10.39889,10.39889,0.000114028655,0.00018804062,0.35249972,0.23655914,1,13,40,0.8064516,0.0,-0.39669997,4.0744715,0.19354838
300925.SZ,14.671113,14.671113,0.00014352043,0.00018804062,0.36333305,0.059770115,1,61,124,0.6333333,0.0,-1.1388934,2.7353566,0.36666667
300926.SZ,20.164307,20.164307,0.00018183165,0.00018804062,0.3924997,0.23138298,1,34,43,0.6666667,0.0,-0.44790208,15.064977,0.33333334
300927.SZ,10.850884,10.850884,0.00010948535,0.00018804062,0.39166635,0.297479,1,5,286,0.9142857,0.0,0.27384856,-2.5090542,0.08571429
300928.SZ,13.422364,13.422364,0.0001242616,0.00018804062,0.38583302,0.24369748,1,93,192,0.8857143,0.0,-1.5705829,-18.195398,0.114285715
300929.SZ,10.938651,10.938651,0.00011746388,0.00018804062,0.36583304,0.14623655,1,87,102,0.61290324,0.0,-1.4405903,-1.1517226,0.38709676
300930.SZ,11.480965,11.480965,0.00012576194,0.00018804062,0.35708305,0.2782258,1,74,159,0.8125,0.0,-2.0792499,3.4849844,0.1875
300931.SZ,16.45591,16.45591,0.0001573337,0.00018804062,0.38666636,0.1697479,1,6,36,0.54285717,0.0,-1.6892799,-3.5894961,0.45714286
300932.SZ,14.945638,14.945638,0.00015479092,0.00018804062,0.35833305,0.28877005,1,80,208,0.88235295,0.0,-1.4138882,3.7603087,0.11764706
300933.SZ,10.211618,10.211618,0.00011008507,0.00018804062,0.38083303,0.2016129,1,30,30,0.8125,0.0,-1.9032407,3.527563,0.1875
300935.SZ,71.27773,71.27773,0.00054627616,0.00018804062,0.43583298,0.13598233,1,27,217,0.92715234,0.0,-1.6313848,-4.409645,0.07284768
300936.SZ,148.7877,148.7877,0.0009933691,0.00018804062,0.46583298,0.15581669,1,57,68,0.9351351,0.0,-1.6785709,1.1181839,0.06486487
300937.SZ,17.503803,17.503803,0.00016938231,0.00018804062,0.39583302,0.22121212,1,24,84,0.93333334,0.0,-1.2444445,-5.213424,0.06666667
300938.SZ,17.248678,17.248678,0.00015982999,0.00018804062,0.39166635,0.22608696,1,21,149,0.7826087,0.0,-1.8785545,5.8050814,0.2173913
300939.SZ,9.261609,9.261609,0.000102632344,0.00018804062,0.3662497,0.2091954,1,19,162,0.8,0.0,-1.9021833,-1.3174243,0.2
300940.SZ,8.906813,8.906813,9.8938006e-05,0.00018804062,0.38666636,0.17741935,1,2,80,0.96875,0.0,-2.0643125,8.2273035,0.03125
300941.SZ,10.475992,10.475992,0.0001141885,0.00018804062,0.38166636,0.16091955,1,74,159,1.0,0.0,-0.75874007,0.6045466,0.0
300942.SZ,12.5323515,12.5323515,0.00013048414,0.00018804062,0.3649997,0.06896552,1,93,192,0.73333335,0.0,-0.8399467,1.8006538,0.26666668
300943.SZ,12.553753,12.553753,0.0001320409,0.00018804062,0.36916637,0.20689656,1,94,65,0.9,0.0,-1.7784733,0.89385325,0.1
300945.SZ,12.047435,12.047435,0.00012646223,0.00018804062,0.37958303,0.21839081,1,95,151,0.8,0.0,-1.4278233,5.9435735,0.2
300946.SZ,11.082067,11.082067,0.000120938836,0.00018804062,0.36208305,0.16774194,1,5,286,0.83870965,0.0,-0.95504516,2.5849404,0.16129032
300947.SZ,8.651129,8.651129,0.00010211574,0.00018804062,0.36083305,0.2505747,1,19,162,0.96666664,0.0,-0.088219985,-1.3109256,0.033333335
300948.SZ,20.238382,20.238382,0.00017958338,0.00018804062,0.3662497,0.35913977,1,37,1,1.0,0.0,-0.7329354,0.87059075,0.0
300949.SZ,12.685582,12.685582,0.000118060125,0.00018804062,0.39583302,0.3951613,1,22,208,0.78125,0.0,-2.4491563,-24.811283,0.21875
300950.SZ,12.46339,12.46339,0.00012399594,0.00018804062,0.3799997,0.34408602,1,95,151,0.9032258,0.0,-0.40918714,15.783786,0.09677419
300951.SZ,11.554318,11.554318,0.00012151701,0.00018804062,0.3712497,0.21149425,1,5,286,0.8666667,0.0,-1.1796867,2.3053052,0.13333334
300952.SZ,14.05491,14.05491,0.00014560128,0.00018804062,0.36166638,0.11827957,1,12,252,0.61290324,0.0,-1.9910613,2.5027518,0.38709676
300953.SZ,13.013335,13.013335,0.00012783779,0.00018804062,0.37583303,0.26386556,1,21,149,0.82857144,0.0,-2.208123,12.705052,0.17142858
300955.SZ,16.394873,16.394873,0.00015494363,0.00018804062,0.39333302,0.15873016,1,14,83,0.8611111,0.0,-1.1149862,-13.233331,0.1388889
300956.SZ,19.801172,19.801172,0.00016115316,0.00018804062,0.3724997,0.3892473,1,20,96,0.7419355,0.0,-0.000364542,1.8852679,0.2580645
300957.SZ,12.731868,12.731868,0.00012573406,0.00018804062,0.38916636,0.26190478,1,20,96,0.7222222,0.0,-1.0691166,10.9236765,0.2777778
300958.SZ,19.010365,19.010365,0.00016339286,0.00018804062,0.3924997,0.23285024,1,1,211,0.84782606,0.0,-1.6471804,-19.714886,0.1521739
300959.SZ,46.52922,46.52922,0.00036861803,0.00018804062,0.43999967,0.14217822,1,72,3,0.980198,0.0,-0.7460001,0.5041485,0.01980198
300960.SZ,18.295374,18.295374,0.000169088,0.00018804062,0.3624997,0.0990991,1,93,192,0.6216216,0.0,-1.4229972,-1.1627055,0.3783784
300961.SZ,14.86735,14.86735,0.00013859665,0.00018804062,0.41583303,0.1891892,1,93,192,0.9459459,0.0,-0.8034891,-15.406817,0.054054055
300962.SZ,17.49206,17.49206,0.00015634777,0.00018804062,0.38416636,0.2915215,1,22,208,0.64285713,0.0,-1.082531,11.64284,0.35714287
300963.SZ,14.971309,14.971309,0.0001525652,0.00018804062,0.3724997,0.1936508,1,93,192,0.8611111,0.0,-1.8022251,5.5176935,0.1388889
300964.SZ,19.110239,19.110239,0.00018331569,0.00018804062,0.3649997,0.23674242,1,77,117,0.3939394,0.0,-0.90646964,3.9499998,0.6060606
300965.SZ,12.201916,12.201916,0.00013059501,0.00018804062,0.36666638,0.2924731,1,33,251,0.7741935,0.0,-0.0045032157,2.509071,0.22580644
300966.SZ,17.897858,17.897858,0.00016690556,0.00018804062,0.3924997,0.16774194,1,6,36,0.9354839,0.0,-0.9749129,-9.557995,0.06451613
300967.SZ,9.166308,9.166308,0.00010291636,0.00018804062,0.3849997,0.31048387,1,21,149,0.9375,0.0,-1.327625,15.008432,0.0625
300968.SZ,17.002241,17.002241,0.00016271303,0.00018804062,0.36083305,0.10107527,1,69,305,0.7096774,0.0,-1.5154033,5.893729,0.29032257
300969.SZ,11.307321,11.307321,0.00011074162,0.00018804062,0.39166635,0.36129034,1,13,40,0.9032258,0.0,-1.8895742,14.887691,0.09677419
300970.SZ,28.648308,28.648308,0.00024615915,0.00018804062,0.38916636,0.23365384,1,33,251,0.8,0.0,-0.40259233,7.4598575,0.2
300971.SZ,19.42056,19.42056,0.00018244014,0.00018804062,0.35333306,0.20229885,1,40,114,0.3,0.0,-0.60343343,4.0048933,0.7
300972.SZ,105.09829,105.09829,0.0008125373,0.00018804062,0.45999962,0.08794143,1,19,162,0.9722222,0.0,-1.5628222,16.840246,0.027777778
300973.SZ,8.42122,8.42122,9.498657e-05,0.00018804062,0.38333303,0.3830645,1,69,305,0.875,0.0,-0.0637125,16.115887,0.125
300975.SZ,10.515911,10.515911,0.00010998674,0.00018804062,0.38666636,0.23361345,1,12,252,0.85714287,0.0,-0.36863714,3.5540345,0.14285715
300976.SZ,15.192132,15.192132,0.00014779477,0.00018804062,0.3737497,0.11269841,1,22,208,0.5833333,0.0,-1.5199332,7.7173166,0.41666666
300977.SZ,9.130606,9.130606,0.00010077644,0.00018804062,0.3699997,0.3219697,1,12,252,0.8484849,0.0,-0.51659095,1.9926051,0.15151516
300978.SZ,18.625656,18.625656,0.0001799985,0.00018804062,0.3824997,0.12912913,1,33,251,0.7027027,0.0,-1.977238,7.101141,0.2972973
300979.SZ,20.036346,20.036346,0.00018082942,0.00018804062,0.400833,0.21062802,1,14,83,0.7173913,0.0,-0.798637,14.889853,0.2826087
300980.SZ,12.208747,12.208747,0.00013241144,0.00018804062,0.36416638,0.22758621,1,33,251,0.8,0.0,-1.7377734,5.3444133,0.2
300981.SZ,14.601107,14.601107,0.00015078417,0.00018804062,0.35374972,0.08275862,1,89,72,0.56666666,0.0,-2.01223,3.5045667,0.43333334
300982.SZ,19.105297,19.105297,0.00016390487,0.00018804062,0.37916636,0.23890063,1,93,192,0.8863636,0.0,-0.8697113,2.2549953,0.11363637
300983.SZ,21.105183,21.105183,0.00017839132,0.00018804062,0.39666635,0.19426458,1,33,251,0.7234042,0.0,-2.0305128,-9.484679,0.27659574
300984.SZ,12.877922,12.877922,0.00013596781,0.00018804062,0.3691664,0.30769232,1,7,111,0.974359,0.0,-1.8536514,4.759074,0.025641026
300985.SZ,12.407975,12.407975,0.00013379208,0.00018804062,0.36666638,0.23170732,1,2,80,0.8780488,0.0,-2.012105,3.6588387,0.12195122
300986.SZ,16.179304,16.179304,0.00016346431,0.00018804062,0.3662497,0.15151516,1,15,191,0.6060606,0.0,-1.9851696,3.7572453,0.3939394
300987.SZ,11.326345,11.326345,0.00012326389,0.00018804062,0.37291637,0.09425288,1,69,305,0.8333333,0.0,-0.45357665,2.2330968,0.16666667
300988.SZ,10.859769,10.859769,0.000117315576,0.00018804062,0.37166637,0.21609196,1,12,252,0.8666667,0.0,-1.7383368,6.7067404,0.13333334
300989.SZ,14.164419,14.164419,0.00014844138,0.00018804062,0.35958305,0.25910932,1,19,162,0.8717949,0.0,-0.72538716,3.8828516,0.12820514
300990.SZ,14.905132,14.905132,0.00013721763,0.00018804062,0.3874997,0.18412699,1,69,305,0.8333333,0.0,-1.8865473,13.714339,0.16666667
300991.SZ,14.121775,14.121775,0.00013257308,0.00018804062,0.3924997,0.21269841,1,5,286,0.75,0.0,-1.1297388,-19.302067,0.25
300992.SZ,12.0241995,12.0241995,0.00012870453,0.00018804062,0.3724997,0.36842105,1,74,159,0.8684211,0.0,-1.9012817,4.5880976,0.13157895
300993.SZ,11.55605,11.55605,0.00011446698,0.00018804062,0.38416636,0.40530303,1,74,159,0.7878788,0.0,-1.3980211,15.582072,0.21212122
300994.SZ,17.630787,17.630787,0.00017613645,0.00018804062,0.37583303,0.22698413,1,27,217,0.5,0.0,-0.5395334,4.1659875,0.5
300995.SZ,20.862032,20.862032,0.00018251945,0.00018804062,0.3724997,0.39962122,1,11,17,0.5151515,0.0,-1.5709786,-0.25093877,0.4848485
300996.SZ,13.544495,13.544495,0.00013161277,0.00018804062,0.36583304,0.11264368,1,80,208,0.53333336,0.0,-1.4697099,-2.1880608,0.46666667
300997.SZ,10.648066,10.648066,0.000110509485,0.00018804062,0.37666637,0.14942528,1,80,208,0.73333335,0.0,-0.6231566,4.8553953,0.26666668
300998.SZ,16.261211,16.261211,0.00015351514,0.00018804062,0.38333303,0.17137097,1,69,305,0.625,0.0,-1.476875,-5.754916,0.375
300999.SZ,13.132485,13.132485,0.00013891513,0.00018804062,0.3849997,0.12903225,1,2,80,0.7419355,0.0,-0.056016102,3.074525,0.2580645
301000.SZ,18.370981,18.370981,0.000170493,0.00018804062,0.3924997,0.28546098,1,43,94,0.6041667,0.0,-0.28734586,13.645093,0.39583334
301001.SZ,9.332952,9.332952,9.795819e-05,0.00018804062,0.36541638,0.3205645,1,5,286,0.875,0.0,-0.7963313,1.8763813,0.125
301002.SZ,16.887888,16.887888,0.00015994675,0.00018804062,0.3824997,0.21906117,1,74,159,0.47368422,0.0,-0.56831855,-4.0309114,0.5263158
301003.SZ,10.009659,10.009659,0.00010505173,0.00018804062,0.3799997,0.27450982,1,2,80,0.9411765,0.0,-0.68694407,6.4837546,0.05882353
301004.SZ,20.710896,20.710896,0.00018927602,0.00018804062,0.400833,0.2432653,1,27,217,0.54,0.0,-1.054556,13.665515,0.46
301005.SZ,177.43848,177.43848,0.0011878895,0.00018804062,0.45416632,0.10747198,1,74,159,0.94545454,0.0,-1.86435,2.8433845,0.054545455
301006.SZ,11.603286,11.603286,0.0001257773,0.00018804062,0.38416636,0.19251336,1,69,305,0.9411765,0.0,-2.3482175,5.1734557,0.05882353
301007.SZ,10.6683,10.6683,0.00011953509,0.00018804062,0.37208304,0.125,1,19,162,0.75757575,0.0,-1.3634394,6.2557297,0.24242425
301008.SZ,13.593805,13.593805,0.00014156992,0.00018804062,0.3749997,0.21921922,1,80,208,0.7297297,0.0,-1.5610676,5.5643296,0.27027026
301009.SZ,13.133026,13.133026,0.00013580397,0.00018804062,0.35249972,0.21149425,1,90,27,0.6,0.0,-1.1773965,3.8919668,0.4
301010.SZ,17.5426,17.5426,0.00017451719,0.00018804062,0.3687497,0.23170732,1,27,217,0.85365856,0.0,0.00221952,3.2079759,0.14634146
301011.SZ,10.785532,10.785532,0.00011885295,0.00018804062,0.3799997,0.2344086,1,19,162,0.87096775,0.0,-0.9329581,4.852637,0.12903225
301012.SZ,19.635586,19.635586,0.00018719195,0.00018804062,0.37791637,0.16366367,1,52,65,0.5135135,0.0,-0.8318215,5.7858677,0.4864865
301013.SZ,24.514162,24.514162,0.00019863123,0.00018804062,0.39583302,0.27636054,1,93,192,0.5102041,0.0,-1.7940184,-17.647194,0.48979592
301015.SZ,18.89376,18.89376,0.0001738967,0.00018804062,0.39333302,0.14747475,1,93,192,0.7111111,0.0,-0.67364216,6.9775133,0.2888889
301016.SZ,21.236607,21.236607,0.00019967966,0.00018804062,0.36583304,0.17004831,1,33,251,0.36956522,0.0,-1.4318588,2.2277045,0.6304348
301017.SZ,16.58307,16.58307,0.00016606889,0.00018804062,0.35249972,0.13793103,1,95,151,0.96666664,0.0,-0.5110467,3.7680297,0.033333335
301018.SZ,15.264849,15.264849,0.00013724463,0.00018804062,0.39083302,0.24444444,1,21,149,0.6666667,0.0,-0.48227495,1.7565688,0.33333334
301019.SZ,18.319952,18.319952,0.00017777216,0.00018804062,0.405833,0.14114115,1,68,6,0.9189189,0.0,-1.4306947,5.043659,0.08108108
301020.SZ,14.970436,14.970436,0.00015078581,0.00018804062,0.3649997,0.12941177,1,33,251,0.6,0.0,-1.6727487,4.70692,0.4
301021.SZ,18.254047,18.254047,0.000174293,0.00018804062,0.3749997,0.115530305,1,14,83,0.6969697,0.0,-1.7636153,3.038235,0.3030303
301022.SZ,12.394758,12.394758,0.00012609593,0.00018804062,0.37916636,0.27665317,1,20,96,0.84615386,0.0,-1.1171898,10.568752,0.15384616
301023.SZ,18.551567,18.551567,0.00017945337,0.00018804062,0.3799997,0.20598006,1,51,81,0.55813956,0.0,-1.5986489,5.100334,0.44186047
301024.SZ,24.49412,24.49412,0.00020055512,0.00018804062,0.39666635,0.23441559,1,22,208,0.71428573,0.0,-1.8164071,-14.673632,0.2857143
301025.SZ,28.399305,28.399305,0.0002263071,0.00018804062,0.38083303,0.19924812,1,40,114,0.80701756,0.0,-1.3253509,1.3968508,0.19298245
301026.SZ,7.0515165,7.0515165,8.564639e-05,0.00018804062,0.3774997,0.22068965,1,80,208,1.0,0.0,-3.9401796,8.672148,0.0
301027.SZ,21.265808,21.265808,0.00020077878,0.00018804062,0.36833304,0.22201665,1,77,117,0.5531915,0.0,-1.3226552,2.2558978,0.44680852
301028.SZ,24.468872,24.468872,0.00022051904,0.00018804062,0.39583302,0.21945702,1,77,117,0.59615386,0.0,-1.1340712,5.866681,0.40384614
301029.SZ,12.504866,12.504866,0.000120991564,0.00018804062,0.38416636,0.40504202,1,80,208,0.7714286,0.0,-1.5844085,14.884254,0.22857143
301030.SZ,28.528088,28.528088,0.00022361058,0.00018804062,0.40999967,0.18170427,1,5,286,0.6315789,0.0,-1.0564579,-16.816704,0.36842105
301031.SZ,17.080017,17.080017,0.0001561881,0.00018804062,0.38833302,0.1871036,1,74,159,0.84090906,0.0,-1.7697499,14.172748,0.1590909
301032.SZ,20.498896,20.498896,0.00020004132,0.00018804062,0.37083304,0.1884058,1,80,208,0.5869565,0.0,-1.6857911,5.7040915,0.41304347
301033.SZ,23.201159,23.201159,0.0001992178,0.00018804062,0.39333302,0.21960784,1,23,94,0.8627451,0.0,-0.9512805,12.4810915,0.13725491
301035.SZ,16.909163,16.909163,0.00016701655,0.00018804062,0.37666637,0.15750529,1,80,208,0.8181818,0.0,-0.6722864,9.083183,0.18181819
301036.SZ,11.416569,11.416569,0.00012274788,0.00018804062,0.36083305,0.18850575,1,24,84,0.73333335,0.0,-0.75220007,5.0174894,0.26666668
301037.SZ,13.6729145,13.6729145,0.0001423946,0.00018804062,0.36541638,0.21839081,1,27,217,0.7,0.0,-1.3220501,3.56135,0.3
301038.SZ,16.040459,16.040459,0.00016296718,0.00018804062,0.3687497,0.20441347,1,5,286,0.64285713,0.0,-1.0768477,1.2508371,0.35714287
301039.SZ,15.915853,15.915853,0.0001574838,0.00018804062,0.36583304,0.27058825,1,43,94,0.4,0.0,-0.9790572,3.3644016,0.6
301040.SZ,21.664467,21.664467,0.00018170274,0.00018804062,0.41083303,0.22666667,1,22,208,0.84313726,0.0,-1.923806,-16.907833,0.15686275
301041.SZ,16.439777,16.439777,0.00016132317,0.00018804062,0.38916636,0.18333334,1,14,83,0.775,0.0,-1.4382224,3.2359862,0.225
301042.SZ,20.10743,20.10743,0.00016626695,0.00018804062,0.38166636,0.24102564,1,27,217,0.6,0.0,-0.7637249,1.1576099,0.4
301043.SZ,13.909396,13.909396,0.00014083611,0.00018804062,0.3699997,0.20215054,1,6,36,0.67741936,0.0,-1.1284518,1.9289019,0.32258064
301045.SZ,13.501824,13.501824,0.00013778938,0.00018804062,0.37333304,0.16477273,1,93,192,0.8787879,0.0,-2.4794638,-1.3872839,0.121212125
301046.SZ,11.0860815,11.0860815,0.00012072133,0.00018804062,0.38333303,0.27462122,1,19,162,0.8484849,0.0,-1.7347666,1.1943138,0.15151516
301047.SZ,10.496272,10.496272,0.00010589599,0.00018804062,0.38583302,0.3655303,1,27,217,0.8484849,0.0,-2.0615788,5.441885,0.15151516
301048.SZ,16.185013,16.185013,0.00016137639,0.00018804062,0.36124972,0.17273954,1,19,162,0.71794873,0.0,-1.3943717,5.0735354,0.2820513
301049.SZ,20.342123,20.342123,0.00017144822,0.00018804062,0.39583302,0.2752613,1,91,229,0.6904762,0.0,-0.9620524,-17.927418,0.30952382
301050.SZ,13.350006,13.350006,0.00013955659,0.00018804062,0.3624997,0.18412699,1,59,157,0.6666667,0.0,-2.4132082,-0.15504685,0.33333334
301051.SZ,17.577024,17.577024,0.00016340465,0.00018804062,0.38916636,0.18775511,1,19,162,0.96,0.0,-1.5319079,-14.741198,0.04
301052.SZ,18.689308,18.689308,0.00017921529,0.00018804062,0.37916636,0.18743962,1,43,94,0.82608694,0.0,-0.65841955,-3.4081461,0.17391305
301053.SZ,17.336798,17.336798,0.00016691581,0.00018804062,0.3749997,0.11942959,1,12,252,0.47058824,0.0,-0.5590735,2.838068,0.5294118
301055.SZ,10.829224,10.829224,0.00011431064,0.00018804062,0.3674997,0.09892473,1,15,191,0.7419355,0.0,-1.4334968,5.4021373,0.2580645
301056.SZ,17.181074,17.181074,0.0001643623,0.00018804062,0.3516664,0.19786096,1,12,252,0.3529412,0.0,-0.9685501,1.1237911,0.64705884
301057.SZ,13.00104,13.00104,0.00013673867,0.00018804062,0.3762497,0.18181819,1,19,162,0.8484849,0.0,-0.72084856,5.3920803,0.15151516
301058.SZ,15.849136,15.849136,0.00016002129,0.00018804062,0.38166636,0.24830918,1,69,305,0.73913044,0.0,-0.4556109,3.1019785,0.26086956
301059.SZ,15.070924,15.070924,0.00014558257,0.00018804062,0.39416635,0.21816169,1,23,94,0.9767442,0.0,-1.0377698,11.469465,0.023255814
301060.SZ,9.549486,9.549486,0.000107109154,0.00018804062,0.3541664,0.12413793,1,59,157,0.8333333,0.0,-1.4059131,2.74623,0.16666667
301061.SZ,19.669615,19.669615,0.0001774534,0.00018804062,0.39499968,0.24421832,1,7,111,0.7234042,0.0,-1.037634,13.826208,0.27659574
301062.SZ,15.955164,15.955164,0.00015352349,0.00018804062,0.3899997,0.30011073,1,59,157,0.7209302,0.0,-1.5273582,-13.529602,0.27906978
301063.SZ,23.519138,23.519138,0.00021837,0.00018804062,0.3699997,0.12727273,1,14,83,0.84444445,0.0,-0.8897755,5.1000514,0.15555556
301065.SZ,14.231866,14.231866,0.00014303248,0.00018804062,0.36333305,0.20107962,1,12,252,0.6666667,0.0,-1.5677874,3.9412837,0.33333334
301066.SZ,20.034182,20.034182,0.00019093533,0.00018804062,0.36333305,0.12517782,1,86,4,0.94736844,0.0,-0.7279711,4.1975136,0.05263158
301067.SZ,113.16788,113.16788,0.0007942049,0.00018804062,0.45166633,0.13314962,1,93,192,0.9364162,0.0,-1.2307996,1.3649333,0.06358381
301068.SZ,20.35658,20.35658,0.0001824805,0.00018804062,0.400833,0.13536586,1,1,211,0.80487806,0.0,-0.22090486,-5.674824,0.19512194
301069.SZ,10.230775,10.230775,0.000114062044,0.00018804062,0.36916634,0.20320855,1,33,251,0.7941176,0.0,-0.24602938,1.6902723,0.20588236
301070.SZ,129.26717,129.26717,0.0008557192,0.00018804062,0.45166633,0.16660857,1,33,251,0.93421054,0.0,-1.7883164,1.4413295,0.065789476
301071.SZ,16.18288,16.18288,0.00016440869,0.00018804062,0.3699997,0.18924731,1,33,251,0.4516129,0.0,-1.9014647,3.4829679,0.5483871
301072.SZ,16.575884,16.575884,0.00015497845,0.00018804062,0.3874997,0.20320855,1,51,81,0.5294118,0.0,-1.3668618,-10.783552,0.47058824
301073.SZ,19.854713,19.854713,0.00018770825,0.00018804062,0.3749997,0.20320855,1,33,251,0.32352942,0.0,-0.2937353,-0.2496521,0.6764706
301075.SZ,30.509235,30.509235,0.00022584837,0.00018804062,0.39999968,0.28333333,1,15,191,0.7,0.0,-2.1163726,-24.949375,0.3
301076.SZ,19.539112,19.539112,0.00018763669,0.00018804062,0.36583304,0.1923077,1,1,211,0.8076923,0.0,-0.9089231,4.2572093,0.1923077
301077.SZ,19.045996,19.045996,0.00017443486,0.00018804062,0.40499967,0.12580943,1,59,157,0.80851066,0.0,-1.2548107,5.59952,0.19148937
301078.SZ,14.370822,14.370822,0.00015054949,0.00018804062,0.36458305,0.07816092,1,19,162,0.8333333,0.0,-0.91030663,6.6087856,0.16666667
301079.SZ,14.049855,14.049855,0.00012896575,0.00018804062,0.39166635,0.25210086,1,15,191,0.7714286,0.0,-1.6577514,-6.8958745,0.22857143
301080.SZ,21.676239,21.676239,0.00019850963,0.00018804062,0.3899997,0.2454902,1,68,6,0.98039216,0.0,-1.6953177,4.224554,0.019607844
301081.SZ,20.009281,20.009281,0.00018543575,0.00018804062,0.3774997,0.21666667,1,93,192,0.325,0.0,-1.7050927,5.4476786,0.675
301082.SZ,12.567723,12.567723,0.0001260066,0.00018804062,0.39416635,0.26794872,1,95,151,0.925,0.0,-1.7337024,-19.856508,0.075
301083.SZ,14.094073,14.094073,0.00014226786,0.00018804062,0.3899997,0.24291497,1,33,251,0.71794873,0.0,-1.3486001,4.1447678,0.2820513
301085.SZ,20.242617,20.242617,0.00018200904,0.00018804062,0.37416637,0.11764706,1,24,84,0.82857144,0.0,-0.37741148,-0.020213855,0.17142858
301086.SZ,20.238653,20.238653,0.00018668927,0.00018804062,0.37583303,0.15961945,1,77,117,0.47727272,0.0,-1.6894135,2.1073503,0.52272725
301087.SZ,17.672602,17.672602,0.00016947232,0.00018804062,0.37666637,0.22179487,1,94,65,0.525,0.0,-1.376165,7.053174,0.475
301088.SZ,15.289393,15.289393,0.00015096711,0.00018804062,0.36666638,0.27589852,1,34,43,0.5,0.0,-0.89396816,3.8329039,0.5
301089.SZ,21.57384,21.57384,0.00018773488,0.00018804062,0.41416633,0.18238993,1,6,36,0.9074074,0.0,-1.6258074,-8.821015,0.09259259
301090.SZ,19.91508,19.91508,0.00018251043,0.00018804062,0.36666638,0.16825397,1,61,124,0.6111111,0.0,-1.7602221,1.4784917,0.3888889
301091.SZ,22.951035,22.951035,0.00020828555,0.00018804062,0.3724997,0.1468599,1,1,211,0.84782606,0.0,-0.29290438,1.2413971,0.1521739
301092.SZ,13.796928,13.796928,0.00014361241,0.00018804062,0.38083303,0.1827957,1,94,65,0.8064516,0.0,-1.9542841,-0.012889035,0.19354838
301093.SZ,12.639047,12.639047,0.00013175695,0.00018804062,0.36958304,0.17460318,1,91,229,0.6944444,0.0,-0.88311946,2.9914305,0.30555555
301095.SZ,12.148449,12.148449,0.00012501916,0.00018804062,0.35874972,0.06595366,1,14,83,0.7941176,0.0,-2.1432412,1.093256,0.20588236
301096.SZ,16.330818,16.330818,0.00016121207,0.00018804062,0.3674997,0.1891892,1,95,151,0.6216216,0.0,-1.164246,-2.511837,0.3783784
301097.SZ,13.524953,13.524953,0.00013795726,0.00018804062,0.38666636,0.122689076,1,57,68,0.71428573,0.0,-1.7606056,2.2239594,0.2857143
301098.SZ,27.093376,27.093376,0.00021119314,0.00018804062,0.40166634,0.31501058,1,80,208,0.6363636,0.0,-1.7562275,-23.687653,0.36363637
301099.SZ,19.264137,19.264137,0.00017838129,0.00018804062,0.37666637,0.1865828,1,43,94,0.7407407,0.0,-0.5179852,8.779246,0.25925925
301100.SZ,21.095665,21.095665,0.0001984067,0.00018804062,0.39333302,0.12443439,1,74,159,0.61538464,0.0,-0.74701536,1.6626288,0.3846154
301101.SZ,9.457164,9.457164,0.00010639714,0.00018804062,0.38166636,0.34402853,1,76,26,0.9411765,0.0,-0.994303,10.320744,0.05882353
301102.SZ,7.624945,7.624945,8.827504e-05,0.00018804062,0.36833304,0.15698925,1,2,80,0.7741935,0.0,0.08984839,0.2647193,0.22580644
301103.SZ,10.293101,10.293101,0.00010701921,0.00018804062,0.36333305,0.21935484,1,5,286,0.9032258,0.0,-0.07283228,2.7316082,0.09677419
301105.SZ,9.656926,9.656926,0.00010044314,0.00018804062,0.39999968,0.18346775,1,95,151,0.96875,0.0,-1.4259937,-8.033963,0.03125
301106.SZ,17.567852,17.567852,0.00017520227,0.00018804062,0.3637497,0.20242915,1,2,80,0.53846157,0.0,-1.7774744,3.2594075,0.46153846
301107.SZ,10.758987,10.758987,0.00011756163,0.00018804062,0.3724997,0.36349207,1,57,68,0.9444444,0.0,-1.8171836,6.852013,0.055555556
301108.SZ,14.741821,14.741821,0.00014816182,0.00018804062,0.35958305,0.13563219,1,69,305,0.6,0.0,-0.87758666,4.4161696,0.4
301109.SZ,20.430895,20.430895,0.00018925393,0.00018804062,0.3812497,0.09878049,1,24,84,0.7804878,0.0,-0.3124707,2.2353966,0.2195122
301110.SZ,20.116583,20.116583,0.00018511308,0.00018804062,0.3874997,0.15425532,1,69,305,0.7083333,0.0,-0.65945417,5.341557,0.29166666
301111.SZ,15.758531,15.758531,0.00014706385,0.00018804062,0.3899997,0.24324325,1,95,151,0.8947368,0.0,-0.7400632,-9.444274,0.10526316
301112.SZ,7.87407,7.87407,8.878437e-05,0.00018804062,0.37666637,0.14942528,1,5,286,0.8333333,0.0,-1.7251735,-6.3378925,0.16666667
301113.SZ,28.018614,28.018614,0.00022055775,0.00018804062,0.37833303,0.18501388,1,12,252,0.78723407,0.0,-1.2273022,1.773985,0.21276596
301115.SZ,15.2696085,15.2696085,0.00015654131,0.00018804062,0.35499972,0.2,1,5,286,0.7777778,0.0,-1.0045528,2.8114164,0.22222222
301116.SZ,20.966885,20.966885,0.0001761578,0.00018804062,0.38916636,0.2230444,1,12,252,0.72727275,0.0,-1.5650773,-21.68363,0.27272728
301117.SZ,16.49831,16.49831,0.00015527618,0.00018804062,0.3724997,0.16066065,1,21,149,0.7837838,0.0,-1.0428866,3.5202484,0.21621622
301118.SZ,19.955164,19.955164,0.0001871476,0.00018804062,0.37708303,0.18048781,1,1,211,0.41463414,0.0,-0.6694829,4.046301,0.58536583
301119.SZ,12.427169,12.427169,0.00012613168,0.00018804062,0.39583302,0.32890365,1,59,157,0.8604651,0.0,-1.1767396,16.12876,0.13953489
301120.SZ,15.670989,15.670989,0.00015221635,0.00018804062,0.3566664,0.17815126,1,61,124,0.4857143,0.0,-1.3320657,5.095814,0.51428574
301121.SZ,18.170954,18.170954,0.00017127187,0.00018804062,0.38958302,0.13360325,1,1,211,0.6923077,0.0,-1.6077563,4.02765,0.30769232
301122.SZ,28.725353,28.725353,0.00022278276,0.00018804062,0.36666638,0.22727273,1,20,96,0.84090906,0.0,-1.3165637,1.4059364,0.1590909
301123.SZ,15.110869,15.110869,0.00015446745,0.00018804062,0.3699997,0.27246377,1,74,159,0.9347826,0.0,-2.0894911,3.7541802,0.06521739
301125.SZ,16.647554,16.647554,0.00014194445,0.00018804062,0.37083304,0.28780487,1,20,96,0.902439,0.0,-1.348178,2.538255,0.09756097
301126.SZ,15.855339,15.855339,0.00016021522,0.00018804062,0.36541638,0.2228164,1,51,81,0.7647059,0.0,-1.3751059,4.5467,0.23529412
301127.SZ,10.478332,10.478332,0.000117002994,0.00018804062,0.36541638,0.35846373,1,33,251,0.8684211,0.0,-0.73242897,3.815971,0.13157895
301128.SZ,22.830042,22.830042,0.00019229915,0.00018804062,0.41166633,0.16,1,69,305,0.7647059,0.0,-1.576808,11.536138,0.23529412
301129.SZ,24.030481,24.030481,0.00019439713,0.00018804062,0.3874997,0.25353536,1,102,50,0.6666667,0.0,-1.5903178,-8.330403,0.33333334
301130.SZ,16.844608,16.844608,0.0001587904,0.00018804062,0.37416637,0.23273273,1,102,50,0.43243244,0.0,-1.2077351,4.1286464,0.5675676
301131.SZ,18.24276,18.24276,0.00017353173,0.00018804062,0.36541638,0.27820513,1,102,50,0.375,0.0,-0.7060575,1.1931379,0.625
301132.SZ,22.423489,22.423489,0.00020451324,0.00018804062,0.3637497,0.30243903,1,102,50,0.2682927,0.0,-1.3873098,3.3307395,0.73170733
301133.SZ,19.692348,19.692348,0.00018462467,0.00018804062,0.36666638,0.13780488,1,86,4,0.9756098,0.0,-1.2382755,2.863851,0.024390243
301135.SZ,15.193572,15.193572,0.00016005036,0.00018804062,0.3724997,0.19772404,1,91,229,0.7894737,0.0,-1.4351473,4.126879,0.21052632
301136.SZ,104.64762,104.64762,0.0007450699,0.00018804062,0.43499967,0.13096821,1,80,208,0.8909091,0.0,-1.3266085,1.228126,0.10909091
301137.SZ,16.28847,16.28847,0.00016554809,0.00018804062,0.36833304,0.1882353,1,69,305,0.8627451,0.0,-1.3789842,5.5252776,0.13725491
301138.SZ,16.136168,16.136168,0.00015784767,0.00018804062,0.37333304,0.17540322,1,2,80,0.75,0.0,-1.1443561,2.768077,0.25
301139.SZ,11.038642,11.038642,0.00011814598,0.00018804062,0.37333304,0.24798387,1,95,151,0.875,0.0,-1.4581937,0.3201344,0.125
301141.SZ,17.223568,17.223568,0.00016838596,0.00018804062,0.36208305,0.14651494,1,63,1,1.0,0.0,-1.2269762,4.214805,0.0
301148.SZ,13.419478,13.419478,0.00014049116,0.00018804062,0.3662497,0.16410257,1,78,1,1.0,0.0,-1.3187151,2.295825,0.0
301149.SZ,18.98288,18.98288,0.00018488705,0.00018804062,0.36291638,0.19703104,1,2,80,0.30769232,0.0,-0.5630769,3.5518079,0.6923077
301150.SZ,19.428448,19.428448,0.00015930363,0.00018804062,0.37916636,0.2834008,1,5,286,0.84615386,0.0,-1.2828386,2.2832897,0.15384616
301151.SZ,20.784912,20.784912,0.00020138468,0.00018804062,0.37916636,0.14509805,1,80,208,0.7647059,0.0,-1.6252645,4.028405,0.23529412
301152.SZ,16.43522,16.43522,0.00014793719,0.00018804062,0.400833,0.2020202,1,80,208,0.73333335,0.0,-1.3692869,-18.65544,0.26666668
301153.SZ,14.661784,14.661784,0.00014358852,0.00018804062,0.37166637,0.16500711,1,15,191,0.6052632,0.0,-1.8714767,5.08302,0.39473686
301155.SZ,19.385841,19.385841,0.00019130479,0.00018804062,0.36083305,0.26713124,1,2,80,0.3809524,0.0,-1.559393,5.7273884,0.61904764
301156.SZ,14.073407,14.073407,0.00014606913,0.00018804062,0.36833304,0.2689394,1,21,149,0.969697,0.0,-1.5109091,5.210909,0.030303031
301157.SZ,13.195449,13.195449,0.00012755994,0.00018804062,0.38666636,0.22051282,1,21,149,0.85,0.0,0.12800007,2.8624153,0.15
301158.SZ,20.632156,20.632156,0.00019292376,0.00018804062,0.38833302,0.08585858,1,21,149,0.82222223,0.0,-1.2044667,5.1950035,0.17777778
301159.SZ,22.975933,22.975933,0.00018074606,0.00018804062,0.39583302,0.31009957,1,87,102,0.81578946,0.0,-2.6123054,-19.561253,0.18421052
301160.SZ,11.089583,11.089583,0.00011136777,0.00018804062,0.39083302,0.40151516,1,20,96,0.90909094,0.0,-1.3776,18.298874,0.09090909
301161.SZ,18.054518,18.054518,0.00017123255,0.00018804062,0.37666637,0.13513513,1,5,286,0.7027027,0.0,-1.4284134,6.21539,0.2972973
301162.SZ,14.503695,14.503695,0.00014087572,0.00018804062,0.38583302,0.26742533,1,80,208,0.7105263,0.0,-0.7861869,14.393517,0.28947368
301163.SZ,16.291592,16.291592,0.00015864434,0.00018804062,0.37666637,0.14864865,1,19,162,0.9189189,0.0,-0.97078663,2.742045,0.08108108
301165.SZ,14.252804,14.252804,0.00013275095,0.00018804062,0.37958303,0.2789916,1,27,217,0.62857145,0.0,-1.8492144,-20.457624,0.37142858
301166.SZ,16.42811,16.42811,0.00015113609,0.00018804062,0.3824997,0.121212125,1,20,96,0.7647059,0.0,-1.1240236,-0.33561477,0.23529412
301167.SZ,13.748297,13.748297,0.00014253148,0.00018804062,0.3624997,0.26666668,1,13,40,0.95,0.0,-1.1068424,4.2710166,0.05
301168.SZ,20.507978,20.507978,0.00018971985,0.00018804062,0.35333306,0.2620321,1,91,229,0.7647059,0.0,-1.9283912,-0.8809611,0.23529412
301169.SZ,22.852308,22.852308,0.00017806375,0.00018804062,0.3899997,0.3697479,1,14,83,0.6857143,0.0,-1.6661943,-25.344248,0.31428573
301170.SZ,18.885246,18.885246,0.00018346007,0.00018804062,0.3874997,0.13197587,1,69,305,0.71153843,0.0,-1.266752,6.2791166,0.28846154
301171.SZ,14.540717,14.540717,0.00013790699,0.00018804062,0.38666636,0.14761905,1,33,251,0.7222222,0.0,-1.1351084,-2.9633772,0.2777778
301172.SZ,16.894445,16.894445,0.00016032414,0.00018804062,0.39499968,0.12648498,1,80,208,0.8333333,0.0,-1.2616613,1.7492355,0.16666667
301173.SZ,10.023815,10.023815,0.00011507061,0.00018804062,0.36833304,0.23723723,1,2,80,0.9459459,0.0,-1.2983676,7.5767837,0.054054055
301175.SZ,15.404016,15.404016,0.00015304059,0.00018804062,0.37583303,0.15396826,1,2,80,0.5555556,0.0,-1.7137083,7.976481,0.44444445
301176.SZ,14.369373,14.369373,0.00014254471,0.00018804062,0.40416637,0.17124736,1,87,102,0.75,0.0,-2.0854774,-11.943114,0.25
301177.SZ,18.36305,18.36305,0.00017630887,0.00018804062,0.36291638,0.10420168,1,69,305,0.5714286,0.0,-0.9171858,2.1946683,0.42857143
301178.SZ,17.863264,17.863264,0.00015626689,0.00018804062,0.38666636,0.18530612,1,7,111,0.88,0.0,-0.71847993,2.1519918,0.12
301179.SZ,11.189959,11.189959,0.00012304974,0.00018804062,0.35624972,0.24798387,1,5,286,0.71875,0.0,-0.8664156,5.240672,0.28125
301180.SZ,14.787698,14.787698,0.00015555689,0.00018804062,0.3749997,0.21670191,1,96,56,0.97727275,0.0,-1.6584932,6.535814,0.022727273
301181.SZ,15.141665,15.141665,0.00014663914,0.00018804062,0.39749968,0.21040975,1,5,286,0.81395346,0.0,-1.4506302,12.215407,0.18604651
301182.SZ,20.01502,20.01502,0.00016328992,0.00018804062,0.40416634,0.20930232,1,5,286,0.70454544,0.0,-0.92746824,-23.126348,0.29545453
301183.SZ,41.094646,41.094646,0.00032934645,0.00018804062,0.41999966,0.14393939,1,68,6,0.97727275,0.0,-1.2625716,4.517982,0.022727273
301185.SZ,23.965984,23.965984,0.00021535049,0.00018804062,0.41249967,0.095022626,1,33,251,0.61538464,0.0,-1.7625406,1.7428633,0.3846154
301186.SZ,10.010789,10.010789,0.000113536844,0.00018804062,0.36166638,0.26666668,1,12,252,0.8611111,0.0,-1.921275,5.979886,0.1388889
301187.SZ,14.9385605,14.9385605,0.00015288105,0.00018804062,0.38708302,0.18951613,1,89,72,0.59375,0.0,-0.04685627,6.317177,0.40625
301188.SZ,20.756947,20.756947,0.00019477893,0.00018804062,0.34499973,0.22475107,1,7,111,0.34210527,0.0,-1.4683657,3.897934,0.65789473
301189.SZ,11.702879,11.702879,0.000107065855,0.00018804062,0.39083302,0.4516129,1,43,94,0.9677419,0.0,-1.4306291,-26.739151,0.032258064
301190.SZ,22.049362,22.049362,0.00020690785,0.00018804062,0.36958304,0.14146341,1,1,211,0.63414633,0.0,-0.42637318,3.2811413,0.36585367
301191.SZ,16.887945,16.887945,0.00016016878,0.00018804062,0.39583302,0.121212125,1,33,251,0.44117647,0.0,-1.5383971,-0.679149,0.5588235
301192.SZ,18.441607,18.441607,0.00018258534,0.00018804062,0.3874997,0.16161616,1,1,211,0.7818182,0.0,-1.2152056,5.271583,0.21818182
301193.SZ,13.547631,13.547631,0.00012970225,0.00018804062,0.39166635,0.23897582,1,100,10,0.8684211,0.0,-0.9924711,-20.875868,0.13157895
301195.SZ,11.077002,11.077002,0.00011754758,0.00018804062,0.3699997,0.15915915,1,91,229,0.972973,0.0,-1.9524217,-0.52810526,0.027027028
301196.SZ,16.603554,16.603554,0.00017069913,0.00018804062,0.36291638,0.16816817,1,2,80,0.6756757,0.0,-1.1102595,4.3488493,0.3243243
301197.SZ,16.148277,16.148277,0.00015162246,0.00018804062,0.408333,0.1092437,1,5,286,0.74285716,0.0,-0.9239314,-4.915592,0.25714287
301198.SZ,12.101441,12.101441,0.00012665454,0.00018804062,0.3849997,0.14117648,1,80,208,0.6857143,0.0,-1.3189117,-5.954105,0.31428573
301199.SZ,11.361791,11.361791,0.00012274191,0.00018804062,0.37083307,0.1139785,1,14,83,0.9354839,0.0,-1.7888324,2.4021118,0.06451613
301200.SZ,13.37353,13.37353,0.00014003382,0.00018804062,0.3699997,0.17054264,1,47,1,1.0,0.0,-2.2599442,4.3667707,0.0
301201.SZ,10.449001,10.449001,0.00011295705,0.00018804062,0.3699997,0.1764706,1,27,217,0.71428573,0.0,-2.0775857,0.16995038,0.2857143
301202.SZ,17.363028,17.363028,0.00016922716,0.00018804062,0.36208305,0.18371212,1,15,191,0.5151515,0.0,-1.8681637,1.1254029,0.4848485
301203.SZ,15.865741,15.865741,0.00015160198,0.00018804062,0.37666637,0.26955602,1,77,117,0.72727275,0.0,-0.8143454,11.008206,0.27272728
301205.SZ,22.761786,22.761786,0.00018282619,0.00018804062,0.405833,0.15924427,1,19,162,0.6923077,0.0,-1.3615257,3.7427015,0.30769232
301206.SZ,12.742073,12.742073,0.0001370614,0.00018804062,0.3554164,0.24174175,1,90,27,0.8108108,0.0,-0.09684866,4.9393244,0.1891892
301207.SZ,18.20522,18.20522,0.00016620236,0.00018804062,0.3799997,0.36507937,1,34,43,0.2777778,0.0,-1.239014,5.4159284,0.7222222
301208.SZ,19.522745,19.522745,0.00019109373,0.00018804062,0.3749997,0.09158249,1,33,251,0.6545454,0.0,-1.1414326,3.6355975,0.34545454
301209.SZ,10.359805,10.359805,0.000103977945,0.00018804062,0.3799997,0.25604552,1,33,251,0.8947368,0.0,-1.7779421,9.605519,0.10526316
301210.SZ,17.875254,17.875254,0.00017189445,0.00018804062,0.36333305,0.19556452,1,5,286,0.84375,0.0,-0.32405633,1.8764156,0.15625
301211.SZ,17.351141,17.351141,0.00017256648,0.00018804062,0.36916637,0.17678812,1,27,217,0.6666667,0.0,-1.3886744,1.6930376,0.33333334
301212.SZ,18.278072,18.278072,0.00018124933,0.00018804062,0.3824997,0.167517,1,95,151,0.8979592,0.0,-1.500039,2.6203678,0.10204082
301213.SZ,9.568466,9.568466,0.00010007935,0.00018804062,0.3724997,0.30241936,1,69,305,0.875,0.0,-2.8070877,-9.894552,0.125
301215.SZ,12.457442,12.457442,0.00012315353,0.00018804062,0.38166636,0.38709676,1,80,208,0.7419355,0.0,-0.7073161,13.265302,0.2580645
301216.SZ,12.230544,12.230544,0.00013383698,0.00018804062,0.38166636,0.19886364,1,27,217,0.57575756,0.0,-1.5287031,3.8513005,0.42424244
301217.SZ,24.094822,24.094822,0.00019093404,0.00018804062,0.39083302,0.28858352,1,90,27,0.54545456,0.0,-0.45230448,0.6924641,0.45454547
301218.SZ,23.847672,23.847672,0.00022132565,0.00018804062,0.36458305,0.09960784,1,69,305,0.6862745,0.0,-1.0755942,2.7771645,0.3137255
301219.SZ,15.830682,15.830682,0.00015397408,0.00018804062,0.37541637,0.09274194,1,93,192,0.75,0.0,-1.6677375,3.9254239,0.25
301220.SZ,15.987881,15.987881,0.00016045869,0.00018804062,0.35999972,0.15873016,1,1,211,0.6111111,0.0,-1.9170333,6.726733,0.3888889
301221.SZ,13.863261,13.863261,0.00014220906,0.00018804062,0.36166638,0.17741935,1,12,252,0.4375,0.0,-1.4749562,4.5042963,0.5625
301222.SZ,16.582167,16.582167,0.00015893641,0.00018804062,0.38041636,0.11494253,1,96,56,0.8,0.0,-1.50299,3.0235453,0.2
301223.SZ,14.445261,14.445261,0.00014773724,0.00018804062,0.37083304,0.18168168,1,5,286,0.8918919,0.0,-1.1993,2.9220376,0.10810811
301225.SZ,19.533005,19.533005,0.0001894671,0.00018804062,0.3824997,0.14074074,1,15,191,0.6545454,0.0,-1.7575127,6.518961,0.34545454
301226.SZ,18.30088,18.30088,0.00017742251,0.00018804062,0.35749972,0.17948718,1,12,252,0.41025642,0.0,-1.2588564,3.7965076,0.5897436
301227.SZ,17.655685,17.655685,0.00017339992,0.00018804062,0.37666637,0.13937283,1,27,217,0.52380955,0.0,-0.49843097,-2.1313748,0.47619048
301228.SZ,18.709345,18.709345,0.00015205496,0.00018804062,0.39666635,0.31025642,1,80,208,0.875,0.0,-1.81066,-26.613857,0.125
301229.SZ,11.845058,11.845058,0.00012713006,0.00018804062,0.39666635,0.2821256,1,21,149,0.8695652,0.0,-1.6961937,6.724326,0.13043478
301230.SZ,7.362838,7.362838,8.835146e-05,0.00018804062,0.3799997,0.23387097,1,27,217,0.9375,0.0,-1.7722187,3.6527126,0.0625
301231.SZ,14.1539545,14.1539545,0.00014049337,0.00018804062,0.37083304,0.21904762,1,91,229,0.8888889,0.0,-0.6891583,-2.0974329,0.11111111
301232.SZ,24.38348,24.38348,0.0001979517,0.00018804062,0.39999968,0.1764706,1,95,151,0.78431374,0.0,-0.17782943,0.35747138,0.21568628
301233.SZ,13.87125,13.87125,0.00013762462,0.00018804062,0.40416634,0.21680672,1,59,157,0.7714286,0.0,-1.03134,10.725743,0.22857143
301234.SZ,14.126079,14.126079,0.00014752203,0.00018804062,0.35833305,0.15151516,1,95,151,0.7352941,0.0,-1.2372351,4.3078866,0.2647059
301235.SZ,20.805117,20.805117,0.00018968334,0.00018804062,0.36291638,0.14509246,1,69,305,0.39473686,0.0,-0.7244711,5.82955,0.6052632
301236.SZ,20.143936,20.143936,0.00019873797,0.00018804062,0.35874972,0.11884058,1,95,151,0.6304348,0.0,-0.56799996,4.639169,0.36956522
301237.SZ,13.033436,13.033436,0.00012822366,0.00018804062,0.39041635,0.21771772,1,59,157,0.9189189,0.0,-1.6417487,-3.021096,0.08108108
301238.SZ,13.410205,13.410205,0.00013274135,0.00018804062,0.36916637,0.23655914,1,33,251,0.5483871,0.0,-1.2691548,2.283684,0.4516129
301239.SZ,7.8556666,7.8556666,9.102498e-05,0.00018804062,0.37416637,0.2137931,1,14,83,0.9,0.0,-1.3223633,-5.8807554,0.1
301246.SZ,24.189152,24.189152,0.0001953762,0.00018804062,0.3899997,0.20999075,1,33,251,0.5319149,0.0,-0.317917,3.486283,0.4680851
301248.SZ,75.05737,75.05737,0.000524325,0.00018804062,0.410833,0.14645103,1,33,251,0.7735849,0.0,-0.9916284,2.0003037,0.2264151
301251.SZ,10.5888605,10.5888605,0.00011637394,0.00018804062,0.36958304,0.22857143,1,91,229,0.9166667,0.0,-1.985761,6.541552,0.083333336
301252.SZ,13.649741,13.649741,0.00014017549,0.00018804062,0.36833304,0.16031747,1,7,111,0.8055556,0.0,-1.3345554,3.607797,0.19444445
301255.SZ,19.432405,19.432405,0.00018900362,0.00018804062,0.35958305,0.13333334,1,95,151,0.975,0.0,-1.6283226,4.7152824,0.025
301256.SZ,10.143523,10.143523,0.00011426903,0.00018804062,0.3674997,0.16330644,1,32,38,0.84375,0.0,-0.6901531,1.210531,0.15625
301257.SZ,16.371178,16.371178,0.00016367181,0.00018804062,0.38833305,0.1764706,1,74,159,0.5714286,0.0,-0.75771433,6.21976,0.42857143
301258.SZ,15.529789,15.529789,0.00015243127,0.00018804062,0.3724997,0.15630253,1,91,229,0.71428573,0.0,-1.1011543,1.0640007,0.2857143
301259.SZ,18.060524,18.060524,0.00017369981,0.00018804062,0.39166635,0.33613446,1,30,30,0.4,0.0,-1.6253115,-0.037265003,0.6
301260.SZ,15.566486,15.566486,0.00014961434,0.00018804062,0.38833302,0.16666667,1,5,286,0.7297297,0.0,-1.4669677,-11.110314,0.27027026
301261.SZ,13.569993,13.569993,0.00014261453,0.00018804062,0.36166638,0.19886364,1,20,96,0.57575756,0.0,-1.5799637,2.2399483,0.42424244
301262.SZ,14.118256,14.118256,0.00012992726,0.00018804062,0.400833,0.52473116,1,77,117,0.87096775,0.0,-1.0687325,16.02471,0.12903225
301263.SZ,19.624155,19.624155,0.0001682025,0.00018804062,0.37666637,0.20386474,1,21,149,0.7826087,0.0,-0.7933761,2.3387504,0.2173913
301265.SZ,7.9198017,7.9198017,9.395329e-05,0.00018804062,0.35874972,0.2451613,1,93,192,0.9354839,0.0,-0.38400638,3.0575225,0.06451613
301266.SZ,12.687427,12.687427,0.00013193444,0.00018804062,0.36416638,0.20645161,1,1,211,0.7419355,0.0,-0.94091934,0.29172572,0.2580645
301267.SZ,12.042415,12.042415,0.00012134419,0.00018804062,0.38499972,0.3541963,1,12,252,0.81578946,0.0,-0.4126868,14.1430645,0.18421052
301268.SZ,18.444199,18.444199,0.000178082,0.00018804062,0.3774997,0.1423077,1,12,252,0.4,0.0,-0.7194575,-2.285883,0.6
301269.SZ,39.960648,39.960648,0.0003200955,0.00018804062,0.40749967,0.11868132,1,27,217,0.8681319,0.0,-1.6407164,2.4513557,0.13186814
301270.SZ,19.289862,19.289862,0.00017893816,0.00018804062,0.3687497,0.11948791,1,33,251,0.55263156,0.0,-1.5094028,2.7129972,0.4473684
301272.SZ,14.480669,14.480669,0.00014445031,0.00018804062,0.36083305,0.21774194,1,5,286,0.75,0.0,-1.8109094,2.5470407,0.25
301273.SZ,16.35102,16.35102,0.00014746927,0.00018804062,0.39416635,0.25910932,1,52,65,0.8974359,0.0,-2.5388255,-14.861114,0.102564104
301275.SZ,10.516827,10.516827,0.0001087259,0.00018804062,0.37333304,0.21505377,1,34,43,0.67741936,0.0,-1.5658001,4.2836223,0.32258064
301276.SZ,8.322578,8.322578,9.814299e-05,0.00018804062,0.37208304,0.2782258,1,80,208,1.0,0.0,-0.66850626,3.4171019,0.0
301277.SZ,14.027244,14.027244,0.00013873505,0.00018804062,0.3824997,0.24537815,1,94,65,0.74285716,0.0,-1.7533628,11.635299,0.25714287
301278.SZ,14.097979,14.097979,0.0001286042,0.00018804062,0.39499968,0.19495799,1,20,96,0.9142857,0.0,-0.5368829,-5.5618587,0.08571429
301279.SZ,15.386545,15.386545,0.00015523317,0.00018804062,0.35624972,0.20860215,1,21,149,0.7096774,0.0,-1.5850031,4.877339,0.29032257
301280.SZ,13.287022,13.287022,0.00013068967,0.00018804062,0.413333,0.1697479,1,33,251,0.6857143,0.0,-1.4633542,11.002551,0.31428573
301281.SZ,14.555123,14.555123,0.00014120887,0.00018804062,0.37916636,0.12096774,1,74,159,0.8125,0.0,-1.8776625,0.19319439,0.1875
301282.SZ,12.239396,12.239396,0.00012099769,0.00018804062,0.37208304,0.23723723,1,12,252,0.8918919,0.0,-0.3626189,7.0475206,0.10810811
301283.SZ,18.563354,18.563354,0.0001804231,0.00018804062,0.36833304,0.38502672,1,30,30,0.29411766,0.0,-1.1046058,6.568798,0.7058824
301285.SZ,22.185394,22.185394,0.0001659448,0.00018804062,0.38916636,0.37254903,1,80,208,0.8235294,0.0,-1.7027413,-28.990734,0.1764706
301286.SZ,16.007143,16.007143,0.00014631457,0.00018804062,0.39083302,0.26031747,1,13,40,0.9166667,0.0,-1.70735,16.651428,0.083333336
301287.SZ,8.391564,8.391564,9.867769e-05,0.00018804062,0.36708304,0.28965518,1,20,96,0.8333333,0.0,-1.0652001,2.8749099,0.16666667
301289.SZ,11.417498,11.417498,0.00011711584,0.00018804062,0.38083303,0.39260313,1,90,27,0.92105263,0.0,-1.0060897,13.610231,0.078947365
301290.SZ,14.794882,14.794882,0.00013967713,0.00018804062,0.39166635,0.24466571,1,91,229,0.84210527,0.0,-1.4274001,-10.195801,0.15789473
301291.SZ,9.973676,9.973676,0.000111195746,0.00018804062,0.3749997,0.23010753,1,12,252,0.67741936,0.0,-0.95986444,9.238714,0.32258064
301292.SZ,46.5694,46.5694,0.00035620487,0.00018804062,0.410833,0.17056856,1,1,211,0.9673913,0.0,0.65832293,2.7982423,0.032608695
301293.SZ,12.376135,12.376135,0.00012912147,0.00018804062,0.36833304,0.1632184,1,93,192,0.8666667,0.0,-0.26423663,1.7920299,0.13333334
301295.SZ,16.062914,16.062914,0.00015479048,0.00018804062,0.39083302,0.14114115,1,91,229,0.8108108,0.0,-0.1259027,1.7953372,0.1891892
301296.SZ,13.52406,13.52406,0.00013683418,0.00018804062,0.3662497,0.19128788,1,23,94,0.6363636,0.0,-1.4079969,4.987416,0.36363637
301297.SZ,16.550426,16.550426,0.00015952265,0.00018804062,0.39374968,0.110887095,1,5,286,0.8125,0.0,-1.5054843,3.3586354,0.1875
301298.SZ,10.502451,10.502451,0.0001165658,0.00018804062,0.36208305,0.15632184,1,95,151,1.0,0.0,-1.8598,6.4302764,0.0
301299.SZ,18.88443,18.88443,0.00017023059,0.00018804062,0.400833,0.21428572,1,1,211,0.877551,0.0,-0.67098176,12.49124,0.12244898
301300.SZ,17.571247,17.571247,0.00016590548,0.00018804062,0.38833305,0.14973262,1,22,208,0.4117647,0.0,-1.8352382,4.085558,0.5882353
301301.SZ,9.538308,9.538308,0.00010382191,0.00018804062,0.36333305,0.15172414,1,1,211,0.8333333,0.0,-1.0609434,0.6863567,0.16666667
301302.SZ,15.969034,15.969034,0.00015463294,0.00018804062,0.39416635,0.20430107,1,19,162,0.9032258,0.0,-3.5312033,-5.4868298,0.09677419
301303.SZ,19.518915,19.518915,0.0001744119,0.00018804062,0.36916637,0.19153225,1,22,208,0.1875,0.0,-1.8084342,3.9930449,0.8125
301305.SZ,16.545378,16.545378,0.00016080783,0.00018804062,0.37083304,0.12477718,1,86,4,0.9117647,0.0,-0.8732382,1.1462222,0.0882353
301306.SZ,25.002064,25.002064,0.00018852655,0.00018804062,0.39416635,0.3512605,1,59,157,0.62857145,0.0,-1.4488314,-27.559902,0.37142858
301307.SZ,15.32207,15.32207,0.00013489022,0.00018804062,0.39499968,0.3262032,1,33,251,0.7352941,0.0,-1.4331028,-28.042385,0.2647059
301308.SZ,14.620641,14.620641,0.00012493895,0.00018804062,0.38666636,0.31724137,1,69,305,0.76666665,0.0,-2.4169364,10.016696,0.23333333
301309.SZ,13.728979,13.728979,0.00014385888,0.00018804062,0.35249972,0.10804598,1,12,252,0.3,0.0,-1.5970733,3.8105998,0.7
301310.SZ,13.3041315,13.3041315,0.0001333354,0.00018804062,0.37291637,0.23172906,1,15,191,0.88235295,0.0,0.3355176,7.931349,0.11764706
301311.SZ,13.625817,13.625817,0.00013656625,0.00018804062,0.38333303,0.22758621,1,80,208,0.76666665,0.0,-1.57424,-18.561163,0.23333333
301312.SZ,18.877626,18.877626,0.00016963863,0.00018804062,0.40166634,0.13691027,1,13,40,0.9148936,0.0,-1.867717,6.025895,0.08510638
301313.SZ,17.622244,17.622244,0.0001415136,0.00018804062,0.40166634,0.4233871,1,33,251,0.84375,0.0,-1.6169063,-32.502037,0.15625
301314.SZ,15.865978,15.865978,0.00015319491,0.00018804062,0.3699997,0.10344828,1,6,36,0.76666665,0.0,-1.0528532,4.2154303,0.23333333
301315.SZ,20.334316,20.334316,0.0001866758,0.00018804062,0.35833305,0.3326613,1,21,149,0.4375,0.0,-2.1520782,2.307503,0.5625
301316.SZ,18.007076,18.007076,0.00015853537,0.00018804062,0.3824997,0.28536585,1,53,16,0.6585366,0.0,-1.8332293,10.138375,0.34146342
301317.SZ,69.906296,69.906296,0.0005579081,0.00018804062,0.45083296,0.113541305,1,5,286,0.9013158,0.0,-1.7518961,16.494822,0.098684214
301318.SZ,10.07469,10.07469,0.00010851209,0.00018804062,0.3799997,0.13563219,1,13,40,0.9,0.0,-2.3509133,3.7091587,0.1
301319.SZ,12.591196,12.591196,0.0001236398,0.00018804062,0.37916636,0.24064171,1,5,286,0.85294116,0.0,-1.5009413,11.2076025,0.14705883
301320.SZ,10.171282,10.171282,0.000112458445,0.00018804062,0.3774997,0.32007575,1,52,65,0.8787879,0.0,-2.1372516,3.2688844,0.121212125
301321.SZ,12.004129,12.004129,0.00011180605,0.00018804062,0.39583302,0.28403363,1,61,124,0.74285716,0.0,-1.3939686,-26.400797,0.25714287
301322.SZ,15.1001,15.1001,0.00015228847,0.00018804062,0.36291638,0.13103448,1,52,65,0.8333333,0.0,-1.2723767,4.9752197,0.16666667
301323.SZ,14.823388,14.823388,0.00015539388,0.00018804062,0.3504164,0.19770116,1,22,208,0.6333333,0.0,-2.5596502,5.8939266,0.36666667
301325.SZ,11.946302,11.946302,0.00012551575,0.00018804062,0.35874972,0.2413793,1,14,83,0.9,0.0,-2.5931466,2.4727237,0.1
301326.SZ,16.753204,16.753204,0.00016459056,0.00018804062,0.36916637,0.14712644,1,87,102,0.6666667,0.0,-1.5020801,-2.7073572,0.33333334
301327.SZ,12.850712,12.850712,0.00013661856,0.00018804062,0.35958305,0.18346775,1,57,68,0.625,0.0,-2.1111844,6.178199,0.375
301328.SZ,16.51531,16.51531,0.00016378023,0.00018804062,0.35374972,0.2691622,1,51,81,0.4117647,0.0,-2.015353,5.7291355,0.5882353
301329.SZ,11.690981,11.690981,0.00012592226,0.00018804062,0.3516664,0.20860215,1,74,159,0.7741935,0.0,-1.5895452,4.3515353,0.22580644
301330.SZ,15.629791,15.629791,0.00015378889,0.00018804062,0.3874997,0.18346775,1,1,211,0.78125,0.0,-1.4801843,10.781483,0.21875
301331.SZ,15.796822,15.796822,0.00015412443,0.00018804062,0.3799997,0.15632184,1,33,251,0.3,0.0,-0.6827967,3.4103312,0.7
301332.SZ,16.95392,16.95392,0.00016640105,0.00018804062,0.36541638,0.13709678,1,69,305,0.375,0.0,-0.058003098,5.1595316,0.625
301333.SZ,19.004448,19.004448,0.00018341425,0.00018804062,0.398333,0.25384617,1,2,80,0.375,0.0,-2.1758475,5.453327,0.625
301335.SZ,8.856807,8.856807,0.00010355372,0.00018804062,0.35499972,0.2689655,1,19,162,0.8,0.0,-0.73451,3.2866867,0.2
301336.SZ,13.792181,13.792181,0.00014615909,0.00018804062,0.3541664,0.16129032,1,91,229,0.7741935,0.0,-0.794742,6.0680633,0.22580644
301337.SZ,13.789316,13.789316,0.00013678208,0.00018804062,0.37833303,0.28172043,1,2,80,0.516129,0.0,-1.7492031,-2.62168,0.48387095
301338.SZ,14.651393,14.651393,0.00013209469,0.00018804062,0.3849997,0.3935484,1,34,43,0.4516129,0.0,-1.7915162,8.739572,0.5483871
301339.SZ,15.600097,15.600097,0.00014682677,0.00018804062,0.3699997,0.17931035,1,61,124,0.16666667,0.0,-0.33914992,1.5202606,0.8333333
301345.SZ,20.640741,20.640741,0.00017635111,0.00018804062,0.40166634,0.22537112,1,15,191,0.9230769,0.0,-1.5662076,13.850906,0.07692308
301348.SZ,12.940323,12.940323,0.00012546725,0.00018804062,0.3899997,0.20142603,1,27,217,0.9117647,0.0,-0.7577647,-12.25305,0.0882353
301349.SZ,12.446553,12.446553,0.00012636275,0.00018804062,0.37458304,0.11827957,1,69,305,0.7741935,0.0,-2.0215614,0.4280424,0.22580644
301353.SZ,10.391299,10.391299,0.00011484367,0.00018804062,0.3624997,0.15402299,1,19,162,0.9,0.0,-1.25185,6.6005034,0.1
301355.SZ,12.087711,12.087711,0.0001166602,0.00018804062,0.37416637,0.2793651,1,14,83,0.8611111,0.0,-1.3124166,1.5970389,0.1388889
301356.SZ,6.6539135,6.6539135,8.5198684e-05,0.00018804062,0.3529164,0.18924731,1,102,50,0.9677419,0.0,-0.47630972,2.3696516,0.032258064
301357.SZ,27.977722,27.977722,0.00021164192,0.00018804062,0.3874997,0.2979798,1,69,305,0.9111111,0.0,-1.0758467,2.3104534,0.08888889
301358.SZ,15.631647,15.631647,0.00015604276,0.00018804062,0.36833304,0.16091955,1,21,149,0.6666667,0.0,-1.7120234,4.1572022,0.33333334
301359.SZ,10.554949,10.554949,0.000117066746,0.00018804062,0.35916638,0.26008064,1,12,252,0.6875,0.0,-2.189822,5.359569,0.3125
301360.SZ,15.396567,15.396567,0.00015110578,0.00018804062,0.3554164,0.16129032,1,12,252,0.41935483,0.0,-1.2025551,0.30181625,0.58064514
301361.SZ,17.422623,17.422623,0.00016292612,0.00018804062,0.3924997,0.21187943,1,27,217,0.6458333,0.0,-1.4759938,11.410896,0.35416666
301362.SZ,17.732456,17.732456,0.00016912763,0.00018804062,0.3874997,0.107563026,1,12,252,0.6571429,0.0,-0.4131742,3.7049618,0.34285715
301363.SZ,16.921968,16.921968,0.00015917962,0.00018804062,0.38583302,0.18360071,1,95,151,0.85294116,0.0,-0.8880617,10.49292,0.14705883
301365.SZ,19.519196,19.519196,0.00018136688,0.00018804062,0.36166638,0.16091955,1,93,192,0.6333333,0.0,-1.21658,4.1545835,0.36666667
301366.SZ,10.419135,10.419135,0.00010844759,0.00018804062,0.35833305,0.11034483,1,22,208,0.9,0.0,-0.8796233,2.5861897,0.1
301367.SZ,19.258799,19.258799,0.00017962046,0.00018804062,0.37666637,0.16349207,1,51,81,0.6111111,0.0,-1.5467,5.3354173,0.3888889
301368.SZ,11.925982,11.925982,0.00011198444,0.00018804062,0.39166635,0.37241378,1,22,208,0.93333334,0.0,-1.61301,-29.61307,0.06666667
301369.SZ,17.467287,17.467287,0.00015426405,0.00018804062,0.38416636,0.19061166,1,40,114,0.55263156,0.0,-0.59617114,1.6434025,0.4473684
301370.SZ,11.006228,11.006228,0.0001148572,0.00018804062,0.35833305,0.09885058,1,93,192,0.76666665,0.0,-1.19571,5.912221,0.23333333
301371.SZ,19.863014,19.863014,0.0001821029,0.00018804062,0.39666635,0.22597402,1,95,151,0.98214287,0.0,-0.078594685,6.918231,0.017857144
301372.SZ,13.971185,13.971185,0.00013665106,0.00018804062,0.39083302,0.085057475,1,5,286,0.6,0.0,-1.3628967,-0.82107383,0.4
301373.SZ,47.988354,47.988354,0.00039257182,0.00018804062,0.4224997,0.20899123,1,21,149,0.84375,0.0,-0.49436453,6.878691,0.15625
301376.SZ,16.496208,16.496208,0.00016623884,0.00018804062,0.35874972,0.12310606,1,21,149,0.93939394,0.0,-1.1826183,1.9838786,0.060606062
301377.SZ,30.200335,30.200335,0.00023868123,0.00018804062,0.3849997,0.31672204,1,20,96,0.81395346,0.0,-2.1844535,11.323535,0.18604651
301378.SZ,15.06487,15.06487,0.00013342783,0.00018804062,0.38833302,0.31746033,1,5,286,0.75,0.0,-2.29435,-16.111269,0.25
301379.SZ,12.860276,12.860276,0.00013582419,0.00018804062,0.36166638,0.2215909,1,95,151,0.90909094,0.0,-1.8292847,1.0703927,0.09090909
301380.SZ,6.070593,6.070593,7.827222e-05,0.00018804062,0.36791638,0.23908046,1,12,252,0.93333334,0.0,-0.47813663,-0.058891345,0.06666667
301381.SZ,5.7975144,5.7975144,7.029198e-05,0.00018804062,0.38416636,0.32413793,1,41,2,0.96666664,0.0,-0.38920334,12.25213,0.033333335
301382.SZ,15.088798,15.088798,0.00014904738,0.00018804062,0.37583303,0.18371212,1,51,81,0.3939394,0.0,-0.9751001,8.535125,0.6060606
301383.SZ,20.375463,20.375463,0.00017833804,0.00018804062,0.36833304,0.4183908,1,11,17,0.46666667,0.0,-1.3297366,-0.7393528,0.53333336
301386.SZ,15.62313,15.62313,0.00015434662,0.00018804062,0.36791638,0.2087087,1,74,159,0.43243244,0.0,-0.60239464,5.336611,0.5675676
301387.SZ,13.109155,13.109155,0.00012349711,0.00018804062,0.37666637,0.40719697,1,27,217,0.8181818,0.0,-0.58289385,2.2451637,0.18181819
301388.SZ,14.310484,14.310484,0.00015003346,0.00018804062,0.3479164,0.18850575,1,89,72,0.76666665,0.0,-1.12383,4.979017,0.23333333
301389.SZ,15.291614,15.291614,0.00014791694,0.00018804062,0.37208304,0.37878788,1,30,30,0.45454547,0.0,0.008727247,7.6914716,0.54545456
301390.SZ,13.653911,13.653911,0.0001404012,0.00018804062,0.36458305,0.20860215,1,21,149,0.9032258,0.0,-1.3083,3.9079342,0.09677419
301391.SZ,14.128651,14.128651,0.00013891641,0.00018804062,0.36583304,0.16781609,1,40,114,0.56666666,0.0,-0.66880333,4.28587,0.43333334
301392.SZ,25.723858,25.723858,0.00019371044,0.00018804062,0.3749997,0.37849462,1,59,157,0.8064516,0.0,-0.5497,3.8962183,0.19354838
301393.SZ,15.57287,15.57287,0.00015617673,0.00018804062,0.3924997,0.2358871,1,27,217,0.34375,0.0,-0.85524064,5.1275854,0.65625
301395.SZ,8.173667,8.173667,9.314539e-05,0.00018804062,0.37166637,0.18850575,1,12,252,0.8666667,0.0,-1.7446967,2.7588732,0.13333334
301396.SZ,127.2875,127.2875,0.00089721644,0.00018804062,0.4741663,0.09933506,1,34,43,0.8894472,0.0,-1.8069955,5.817256,0.110552765
301397.SZ,12.117565,12.117565,0.00012440849,0.00018804062,0.36916637,0.09892473,1,2,80,0.8064516,0.0,-1.740858,2.872049,0.19354838
301398.SZ,14.03999,14.03999,0.00014309984,0.00018804062,0.36583304,0.10967742,1,21,149,0.67741936,0.0,-1.2572967,3.3048615,0.32258064
301399.SZ,13.797123,13.797123,0.00013331936,0.00018804062,0.38583302,0.1462185,1,22,208,0.74285716,0.0,-0.8527,1.7797102,0.25714287
301408.SZ,26.533209,26.533209,0.00023411907,0.00018804062,0.38916636,0.20734464,1,43,94,0.73333335,0.0,0.68364495,7.8716416,0.26666668
301413.SZ,13.152401,13.152401,0.00013128702,0.00018804062,0.37166637,0.13563219,1,74,159,0.73333335,0.0,-1.6139433,2.9230638,0.26666668
301418.SZ,14.462847,14.462847,0.00015027409,0.00018804062,0.3637497,0.23707666,1,5,286,0.61764705,0.0,-1.3939353,1.6095359,0.38235295
301419.SZ,13.784674,13.784674,0.00014015996,0.00018804062,0.37666637,0.1954023,1,80,208,0.6666667,0.0,-1.58408,8.616236,0.33333334
301421.SZ,16.162195,16.162195,0.00014365221,0.00018804062,0.39333302,0.29445234,1,27,217,0.7105263,0.0,-1.3894345,0.6799533,0.28947368
301428.SZ,21.28691,21.28691,0.00019292637,0.00018804062,0.34458306,0.30481285,1,93,192,0.23529412,0.0,-1.5935,1.3480793,0.7647059
301429.SZ,13.323608,13.323608,0.00013777553,0.00018804062,0.37541637,0.18494624,1,95,151,0.87096775,0.0,-1.6188774,-0.77879953,0.12903225
301439.SZ,16.572252,16.572252,0.0001613299,0.00018804062,0.35999972,0.21609196,1,13,40,0.9,0.0,-0.9462833,3.2849166,0.1
301446.SZ,10.350839,10.350839,0.00010849312,0.00018804062,0.3874997,0.2735632,1,33,251,0.93333334,0.0,-1.6119434,10.564815,0.06666667
301448.SZ,24.781017,24.781017,0.0001932481,0.00018804062,0.37083304,0.21602787,1,20,96,0.7619048,0.0,-1.2410524,0.14469808,0.23809524
301449.SZ,18.035963,18.035963,0.00016510548,0.00018804062,0.37791637,0.2578397,1,1,211,0.8333333,0.0,-1.9573451,10.871059,0.16666667
301456.SZ,8.993294,8.993294,0.00010297997,0.00018804062,0.35833305,0.25201613,1,27,217,0.6875,0.0,-1.8801501,2.465878,0.3125
301458.SZ,18.184422,18.184422,0.00016598092,0.00018804062,0.38833302,0.12179487,1,23,94,0.7,0.0,-1.3955824,9.652928,0.3
301459.SZ,13.43942,13.43942,0.00014368742,0.00018804062,0.3529164,0.20499109,1,27,217,0.61764705,0.0,-1.5238442,5.110177,0.38235295
301468.SZ,14.282305,14.282305,0.00013864209,0.00018804062,0.38916638,0.1942959,1,30,30,0.7058824,0.0,-0.5058941,3.1335,0.29411766
301469.SZ,18.558134,18.558134,0.0001764316,0.00018804062,0.38083303,0.14789917,1,96,56,0.9142857,0.0,-1.4583144,3.5663435,0.08571429
301479.SZ,16.447048,16.447048,0.00015706712,0.00018804062,0.37416637,0.15329768,1,12,252,0.5,0.0,-1.5152148,-2.4227197,0.5
301486.SZ,17.55944,17.55944,0.0001512619,0.00018804062,0.39333305,0.2228164,1,95,151,0.9411765,0.0,-1.3998001,3.7839432,0.05882353
301487.SZ,13.670662,13.670662,0.00012256973,0.00018804062,0.3824997,0.3276515,1,5,286,0.969697,0.0,-0.60921526,1.5113515,0.030303031
301488.SZ,14.799458,14.799458,0.00014128337,0.00018804062,0.39583302,0.14772727,1,19,162,0.8484849,0.0,-1.4301121,-12.707866,0.15151516
301489.SZ,15.733125,15.733125,0.00014180184,0.00018804062,0.39666635,0.22672065,1,33,251,0.7692308,0.0,-1.6973923,10.112297,0.23076923
301491.SZ,17.190073,17.190073,0.00016410722,0.00018804062,0.3554164,0.14022988,1,89,72,0.6333333,0.0,-1.8444831,4.2872715,0.36666667
301498.SZ,15.274487,15.274487,0.00014492666,0.00018804062,0.36416638,0.13978495,1,61,124,0.41935483,0.0,-1.5330094,2.1807265,0.58064514
301499.SZ,10.604779,10.604779,0.00011360744,0.00018804062,0.37083304,0.116935484,1,23,94,0.875,0.0,-1.1946907,4.688265,0.125
301500.SZ,12.779068,12.779068,0.00012967575,0.00018804062,0.3774997,0.18064517,1,33,251,0.8064516,0.0,-0.8579098,9.021862,0.19354838
301501.SZ,12.819748,12.819748,0.00012447704,0.00018804062,0.39499968,0.31016043,1,12,252,0.64705884,0.0,-1.0426912,17.387526,0.3529412
301502.SZ,17.631536,17.631536,0.00017083852,0.00018804062,0.3624997,0.1808367,1,24,84,0.974359,0.0,-1.095377,5.7334485,0.025641026
301503.SZ,14.264427,14.264427,0.00014264358,0.00018804062,0.3724997,0.15632184,1,22,208,0.6,0.0,-2.6767335,1.2356907,0.4
301505.SZ,17.00909,17.00909,0.00016518038,0.00018804062,0.3662497,0.14193548,1,33,251,0.09677419,0.0,-1.8464483,5.464237,0.9032258
301507.SZ,13.290855,13.290855,0.00013055062,0.00018804062,0.37833303,0.3862069,1,91,229,0.8333333,0.0,-0.48285007,13.248174,0.16666667
301508.SZ,17.954865,17.954865,0.0001701536,0.00018804062,0.38166636,0.11932773,1,69,305,0.71428573,0.0,-1.3133116,7.3173385,0.2857143
301509.SZ,12.748618,12.748618,0.00013174668,0.00018804062,0.3924997,0.24596775,1,80,208,0.875,0.0,-1.5414907,8.626331,0.125
301510.SZ,15.51037,15.51037,0.00015353922,0.00018804062,0.35958305,0.16098484,1,12,252,0.15151516,0.0,-1.1883242,1.2401943,0.8484849
301511.SZ,135.29341,135.29341,0.0009130714,0.00018804062,0.433333,0.14920852,1,76,26,0.9631902,0.0,-1.6527828,1.6616772,0.036809817
301512.SZ,19.821402,19.821402,0.00016844054,0.00018804062,0.403333,0.24884367,1,21,149,0.7446808,0.0,-1.6995468,-14.153338,0.25531915
301513.SZ,75.46443,75.46443,0.0005989778,0.00018804062,0.43583298,0.12911497,1,53,16,0.92948717,0.0,-0.00035193027,9.819336,0.070512824
301515.SZ,16.286457,16.286457,0.00016162352,0.00018804062,0.38083303,0.0625,1,91,229,0.875,0.0,-1.6045125,0.93672186,0.125
301516.SZ,15.117353,15.117353,0.00014766434,0.00018804062,0.40416634,0.17948718,1,27,217,0.6666667,0.0,-0.23139746,-10.132395,0.33333334
301517.SZ,9.565597,9.565597,9.5970776e-05,0.00018804062,0.38416636,0.39310345,1,20,96,0.9,0.0,-1.0994567,-27.797401,0.1
301518.SZ,9.331129,9.331129,0.00010231124,0.00018804062,0.3699997,0.24395162,1,95,151,0.9375,0.0,-0.38903436,0.5899099,0.0625
301519.SZ,15.142239,15.142239,0.0001499664,0.00018804062,0.3699997,0.1724138,1,7,111,0.56666666,0.0,-0.99272,0.13031816,0.43333334
301520.SZ,14.597269,14.597269,0.00014328197,0.00018804062,0.38166636,0.08712121,1,5,286,0.72727275,0.0,-1.6596062,1.842997,0.27272728
301522.SZ,13.42284,13.42284,0.00013833208,0.00018804062,0.36916637,0.22521009,1,5,286,0.62857145,0.0,-0.9490772,1.7658919,0.37142858
301525.SZ,15.769192,15.769192,0.00015016829,0.00018804062,0.35708305,0.29411766,1,34,43,0.37142858,0.0,-0.3698686,0.2800337,0.62857145
301526.SZ,19.436083,19.436083,0.00016681742,0.00018804062,0.3999997,0.21341464,1,40,114,0.7804878,0.0,-0.30316094,-0.9536318,0.2195122
301528.SZ,16.579418,16.579418,0.0001573514,0.00018804062,0.36833304,0.09475806,1,80,208,0.78125,0.0,-1.0171125,-2.9335275,0.21875
301529.SZ,12.097546,12.097546,0.00012456995,0.00018804062,0.38583302,0.25,1,13,40,0.78125,0.0,-2.923603,13.612383,0.21875
301533.SZ,13.663544,13.663544,0.00014089375,0.00018804062,0.36541638,0.085057475,1,96,56,0.93333334,0.0,-0.68178,4.49479,0.06666667
301535.SZ,13.272517,13.272517,0.00013673247,0.00018804062,0.35833305,0.08275862,1,5,286,0.6333333,0.0,-0.74688333,4.456967,0.36666667
301536.SZ,11.987751,11.987751,0.00011524912,0.00018804062,0.3874997,0.3402299,1,5,286,0.8,0.0,-2.0565333,16.198309,0.2
301538.SZ,17.392588,17.392588,0.00015779851,0.00018804062,0.39749968,0.28333333,1,19,162,0.875,0.0,-1.0975825,14.661539,0.125
301539.SZ,7.780741,7.780741,9.41668e-05,0.00018804062,0.35249972,0.2689655,1,93,192,1.0,0.0,-1.0099801,5.5300503,0.0
301548.SZ,14.176978,14.176978,0.00013476398,0.00018804062,0.37041637,0.4223485,1,95,151,0.54545456,0.0,-1.698391,12.217073,0.45454547
301550.SZ,19.4512,19.4512,0.00016339401,0.00018804062,0.39666635,0.22051282,1,93,192,0.775,0.0,-2.2467923,8.115599,0.225
301551.SZ,15.084124,15.084124,0.0001405593,0.00018804062,0.3874997,0.43939394,1,95,151,0.969697,0.0,-0.7436849,16.138721,0.030303031
301552.SZ,15.878245,15.878245,0.00014329808,0.00018804062,0.38416636,0.25225225,1,90,27,0.7567568,0.0,-2.1716106,14.744269,0.24324325
301555.SZ,8.482866,8.482866,9.840534e-05,0.00018804062,0.3649997,0.21839081,1,27,217,0.76666665,0.0,-1.5674598,3.7181964,0.23333333
301556.SZ,12.151488,12.151488,0.0001173199,0.00018804062,0.38583302,0.2689655,1,27,217,0.8666667,0.0,-1.8298299,15.646407,0.13333334
301557.SZ,16.602531,16.602531,0.00016131665,0.00018804062,0.38583305,0.1882353,1,1,211,0.74285716,0.0,-1.6926973,5.102964,0.25714287
301558.SZ,99.13101,99.13101,0.00069578754,0.00018804062,0.43666634,0.16694573,1,69,305,0.91608393,0.0,-1.3551531,0.7875441,0.08391608
301559.SZ,7.809453,7.809453,9.209948e-05,0.00018804062,0.3566664,0.3218391,1,21,149,0.96666664,0.0,-1.5007802,1.9706367,0.033333335
301560.SZ,19.852833,19.852833,0.00018088464,0.00018804062,0.38083303,0.25792813,1,89,72,0.70454544,0.0,-0.7140613,11.765893,0.29545453
301563.SZ,14.420077,14.420077,0.00014327987,0.00018804062,0.37916636,0.13015874,1,38,1,1.0,0.0,-2.6995668,10.541244,0.0
301565.SZ,10.208591,10.208591,0.00011098576,0.00018804062,0.37916636,0.21609196,1,95,151,0.93333334,0.0,-3.221517,4.479732,0.06666667
301566.SZ,20.18435,20.18435,0.00017968088,0.00018804062,0.39666635,0.20744681,1,51,81,0.7708333,0.0,-0.9580563,10.828149,0.22916667
301567.SZ,11.619835,11.619835,0.00012382587,0.00018804062,0.36124972,0.15862069,1,80,208,0.73333335,0.0,0.07848334,3.2683501,0.26666668
301568.SZ,17.924429,17.924429,0.00016398993,0.00018804062,0.39583302,0.21585366,1,89,72,0.902439,0.0,-1.8858585,14.78659,0.09756097
301571.SZ,11.907274,11.907274,0.00012204501,0.00018804062,0.3649997,0.21839081,1,12,252,0.46666667,0.0,-1.50754,3.3963356,0.53333336
301575.SZ,12.657845,12.657845,0.00013077262,0.00018804062,0.3899997,0.16989248,1,1,211,0.9354839,0.0,-1.5953032,10.893201,0.06451613
301577.SZ,16.302296,16.302296,0.00015690032,0.00018804062,0.37708303,0.16091955,1,5,286,0.8333333,0.0,-0.16608334,0.597454,0.16666667
301578.SZ,14.202816,14.202816,0.000142065,0.00018804062,0.3674997,0.11827957,1,96,56,0.7741935,0.0,-1.4887353,3.9381855,0.22580644
301580.SZ,10.3881,10.3881,0.000104899635,0.00018804062,0.38416636,0.3678161,1,20,96,0.8,0.0,-1.6822368,18.308142,0.2
301581.SZ,16.799799,16.799799,0.00016272886,0.00018804062,0.37583303,0.16287878,1,33,251,0.3030303,0.0,-1.3888575,6.058808,0.6969697
301584.SZ,17.617968,17.617968,0.00016881377,0.00018804062,0.3899997,0.16585366,1,33,251,0.4390244,0.0,-1.3033171,-3.3452907,0.5609756
301585.SZ,15.650002,15.650002,0.0001577536,0.00018804062,0.36666638,0.13445379,1,19,162,0.82857144,0.0,-0.86278003,5.204008,0.17142858
301586.SZ,17.785137,17.785137,0.00016794704,0.00018804062,0.37833303,0.17419355,1,22,208,0.12903225,0.0,-0.9161613,2.9921153,0.87096775
301587.SZ,15.586875,15.586875,0.0001512495,0.00018804062,0.36916637,0.13903743,1,23,94,0.38235295,0.0,-1.949747,3.8300161,0.61764705
301588.SZ,25.662254,25.662254,0.00022401265,0.00018804062,0.39999968,0.17180884,1,69,305,0.6896552,0.0,0.5872551,4.3975296,0.31034482
301589.SZ,17.48474,17.48474,0.00015852637,0.00018804062,0.3849997,0.28589743,1,89,72,0.825,0.0,-0.50550747,15.110318,0.175
301590.SZ,9.806221,9.806221,0.00010754875,0.00018804062,0.3724997,0.19354838,1,1,211,0.9032258,0.0,-2.5686388,6.6760206,0.09677419
301591.SZ,13.13725,13.13725,0.00013336311,0.00018804062,0.38833305,0.2871795,1,91,229,0.875,0.0,-1.5909225,13.042499,0.125
301592.SZ,16.542511,16.542511,0.00014140648,0.00018804062,0.39416635,0.2916074,1,69,305,0.7105263,0.0,-1.9310763,-19.142145,0.28947368
301595.SZ,17.108706,17.108706,0.0001672804,0.00018804062,0.36916637,0.20564516,1,27,217,0.40625,0.0,-0.6241813,1.7989081,0.59375
301596.SZ,16.393074,16.393074,0.00015498475,0.00018804062,0.39749968,0.17142858,1,5,286,0.75,0.0,-1.1369027,12.529975,0.25
301598.SZ,9.165061,9.165061,9.771983e-05,0.00018804062,0.38666636,0.5218391,1,87,102,0.9,0.0,-1.4577866,20.825193,0.1
301600.SZ,12.839746,12.839746,0.00012300597,0.00018804062,0.40166634,0.29677418,1,5,286,0.87096775,0.0,-1.9530547,16.468246,0.12903225
301601.SZ,11.324323,11.324323,0.0001241821,0.00018804062,0.36666638,0.2,1,5,286,0.7,0.0,-0.9631432,1.851164,0.3
301602.SZ,16.762001,16.762001,0.0001556058,0.00018804062,0.38833302,0.3089431,1,34,43,0.88095236,0.0,-0.9996737,13.06998,0.11904762
301603.SZ,12.990873,12.990873,0.00012361574,0.00018804062,0.36833304,0.42067736,1,95,151,0.9705882,0.0,-1.8813177,14.775958,0.029411765
301606.SZ,16.399227,16.399227,0.00014357235,0.00018804062,0.39166635,0.41505376,1,41,2,0.9677419,0.0,-0.5815774,20.430033,0.032258064
301607.SZ,14.792275,14.792275,0.0001439042,0.00018804062,0.3837497,0.17424242,1,15,191,0.6060606,0.0,-1.8678272,14.439036,0.3939394
301608.SZ,14.956509,14.956509,0.00014633514,0.00018804062,0.39499968,0.101149425,1,96,56,0.93333334,0.0,-0.4147634,7.8411555,0.06666667
301609.SZ,14.512384,14.512384,0.00014003181,0.00018804062,0.39583302,0.23333333,1,2,80,0.825,0.0,-1.78211,16.072857,0.175
301611.SZ,51.398903,51.398903,0.00038568574,0.00018804062,0.41499966,0.26018018,1,11,17,0.7866667,0.0,-2.2456398,9.081991,0.21333334
301613.SZ,9.833436,9.833436,0.000101723585,0.00018804062,0.39333302,0.3419355,1,59,157,0.7096774,0.0,-0.6998774,18.087038,0.29032257
301616.SZ,20.758274,20.758274,0.000186071,0.00018804062,0.398333,0.25901943,1,51,81,0.5319149,0.0,-1.3195617,13.597872,0.4680851
301617.SZ,15.148476,15.148476,0.00014940699,0.00018804062,0.39083302,0.20860215,1,52,65,0.48387095,0.0,-2.4410613,5.2018147,0.516129
301618.SZ,15.727202,15.727202,0.00015710118,0.00018804062,0.3429164,0.30040324,1,15,191,0.4375,0.0,0.395525,4.6957936,0.5625
301622.SZ,19.097685,19.097685,0.000181024,0.00018804062,0.37833303,0.25506073,1,7,111,0.33333334,0.0,-2.302295,-0.15794165,0.6666667
301626.SZ,16.564693,16.564693,0.0001406821,0.00018804062,0.39583302,0.3935484,1,89,72,0.83870965,0.0,-2.6020098,10.015203,0.16129032
301628.SZ,17.772207,17.772207,0.00017176414,0.00018804062,0.37083304,0.123809524,1,1,211,0.8333333,0.0,-1.6310889,8.332307,0.16666667
301629.SZ,16.117027,16.117027,0.00013277467,0.00018804062,0.38583302,0.31907308,1,15,191,0.9705882,0.0,-1.1027411,4.577581,0.029411765
301630.SZ,15.224426,15.224426,0.00014658381,0.00018804062,0.37166637,0.31863442,1,13,40,0.7631579,0.0,-1.85035,11.99965,0.23684211
301631.SZ,19.648842,19.648842,0.00018427103,0.00018804062,0.38166636,0.11261261,1,95,151,0.8918919,0.0,-0.7485135,4.400402,0.10810811
301632.SZ,8.53615,8.53615,0.00010110264,0.00018804062,0.36416638,0.3219697,1,13,40,0.969697,0.0,-1.067003,2.6285362,0.030303031
301633.SZ,17.874077,17.874077,0.00017295763,0.00018804062,0.35791638,0.13968255,1,5,286,0.7222222,0.0,-1.0930417,6.01458,0.2777778
301636.SZ,16.50131,16.50131,0.00015392392,0.00018804062,0.37916636,0.25551683,1,40,114,0.64285713,0.0,-0.6138451,10.485535,0.35714287
301638.SZ,21.54352,21.54352,0.00018311036,0.00018804062,0.38833302,0.3089701,1,102,50,0.4883721,0.0,-1.4437257,6.602414,0.5116279
301656.SZ,14.427395,14.427395,0.00014488463,0.00018804062,0.3824997,0.17468806,1,80,208,0.7941176,0.0,-1.7837355,14.836076,0.20588236
301658.SZ,8.485123,8.485123,9.633007e-05,0.00018804062,0.38166636,0.27126437,1,21,149,0.9,0.0,-0.56197,7.50565,0.1
301662.SZ,12.36039,12.36039,0.000119640215,0.00018804062,0.39916635,0.28876245,1,12,252,0.81578946,0.0,-1.7157711,-21.982681,0.18421052
301665.SZ,16.134634,16.134634,0.00015764713,0.00018804062,0.38833302,0.19663866,1,6,36,0.85714287,0.0,-1.2213858,10.993345,0.14285715
301666.SZ,368.8228,368.8228,0.0024283107,0.00018804062,0.54666626,0.049061976,1,95,151,0.98373985,0.0,-1.2867094,-9.674515,0.016260162
301667.SZ,39.60019,39.60019,0.00031491282,0.00018804062,0.40749967,0.23401827,1,11,17,0.7808219,0.0,-1.0856836,6.918427,0.21917808
301668.SZ,13.279239,13.279239,0.00012809227,0.00018804062,0.40166634,0.2717949,1,1,211,0.9,0.0,-0.93271255,15.436824,0.1
301678.SZ,11.855193,11.855193,0.0001226726,0.00018804062,0.3899997,0.11034483,1,80,208,0.6666667,0.0,-2.7073264,-0.20638596,0.33333334
301680.SZ,32.37386,32.37386,0.00027177474,0.00018804062,0.408333,0.21044546,1,12,252,0.74603176,0.0,-1.4883349,14.772205,0.25396827
301682.SZ,12.383482,12.383482,0.000117792886,0.00018804062,0.3724997,0.41149426,1,7,111,0.8666667,0.0,-1.9126433,13.802916,0.13333334
301683.SZ,104.911934,104.911934,0.0008288568,0.00018804062,0.46333298,0.09356579,1,95,151,0.92727274,0.0,-0.6000717,9.491645,0.07272727
301687.SZ,21.819275,21.819275,0.00019002946,0.00018804062,0.39083302,0.23572938,1,24,84,0.8636364,0.0,-1.9818568,11.884259,0.13636364
301696.SZ,234.32773,234.32773,0.0017947758,0.00018804062,0.5349996,0.04365792,1,1,211,0.9194215,0.0,-1.2057369,11.906365,0.08057851
302132.SZ,10.314549,10.314549,0.000102882084,0.00018804062,0.38416636,0.32258064,1,59,157,0.8064516,0.0,-1.9604355,17.134895,0.19354838
600000.SH,14.645905,14.645905,0.00014303524,0.00018804062,0.34999973,0.28787878,1,7,111,0.54545456,0.0,-0.6566849,7.102418,0.45454547
600004.SH,5.867699,5.867699,7.314262e-05,0.00018804062,0.38083303,0.32873562,1,69,305,0.9,0.0,-0.79627675,15.085636,0.1
600006.SH,16.565496,16.565496,0.00014640245,0.00018804062,0.405833,0.25243902,1,96,56,0.902439,0.0,-1.3040901,-19.121561,0.09756097
600007.SH,20.103128,20.103128,0.00017276466,0.00018804062,0.38833302,0.30121952,1,61,124,0.75609756,0.0,-0.8383951,13.575021,0.24390244
600008.SH,11.8381815,11.8381815,0.0001281134,0.00018804062,0.3554164,0.27094474,1,22,208,0.7941176,0.0,-0.87441766,3.4761589,0.20588236
600009.SH,11.182205,11.182205,0.00012059576,0.00018804062,0.35499972,0.10344828,1,52,65,0.8666667,0.0,-1.1090467,5.9247885,0.13333334
600010.SH,13.546329,13.546329,0.00012729914,0.00018804062,0.35958305,0.23361345,1,23,94,0.71428573,0.0,-1.3983799,2.3111658,0.2857143
600011.SH,16.367334,16.367334,0.00016185053,0.00018804062,0.3624997,0.17142858,1,93,192,0.8611111,0.0,-0.4368639,4.4480996,0.1388889
600012.SH,19.755608,19.755608,0.00018624787,0.00018804062,0.38416636,0.16868687,1,52,65,0.6888889,0.0,-0.25269336,9.979902,0.31111112
600015.SH,12.867501,12.867501,0.00012789622,0.00018804062,0.35333306,0.39717743,1,13,40,0.875,0.0,-0.016540647,8.3804,0.125
600016.SH,17.573217,17.573217,0.00017044497,0.00018804062,0.3529164,0.2045977,1,21,149,0.5,0.0,-0.90573335,4.4852366,0.5
600017.SH,15.540847,15.540847,0.00015543393,0.00018804062,0.35208306,0.22580644,1,22,208,0.6451613,0.0,-0.2792129,4.55634,0.3548387
600018.SH,11.670821,11.670821,0.000117242926,0.00018804062,0.3849997,0.32290184,1,12,252,0.84210527,0.0,-0.5094158,16.075064,0.15789473
600019.SH,13.857504,13.857504,0.00014023398,0.00018804062,0.36416638,0.111827955,1,69,305,0.7096774,0.0,-0.8801742,2.1606762,0.29032257
600020.SH,8.292797,8.292797,0.00010212184,0.00018804062,0.35833305,0.33333334,1,76,26,0.9677419,0.0,-0.011232241,6.3288784,0.032258064
600021.SH,20.957893,20.957893,0.00019743647,0.00018804062,0.35874972,0.32317072,1,102,50,0.29268292,0.0,-0.10574392,5.0466638,0.70731705
600022.SH,15.981956,15.981956,0.00015160744,0.00018804062,0.3824997,0.14393939,1,19,162,0.8181818,0.0,-0.44526362,-11.736081,0.18181819
600023.SH,18.69376,18.69376,0.00018128933,0.00018804062,0.3699997,0.14714715,1,33,251,0.3783784,0.0,0.029794583,4.6697516,0.6216216
600025.SH,10.627134,10.627134,0.00010828959,0.00018804062,0.3824997,0.4117647,1,15,191,0.7941176,0.0,-0.22406471,14.1178665,0.20588236
600026.SH,18.525568,18.525568,0.00017990911,0.00018804062,0.3624997,0.12655972,1,57,68,0.9411765,0.0,-1.16245,2.5787385,0.05882353
600027.SH,18.126417,18.126417,0.00018119946,0.00018804062,0.35333306,0.24696356,1,95,151,0.6923077,0.0,0.5131615,6.7175612,0.30769232
600028.SH,12.555669,12.555669,0.00013311404,0.00018804062,0.36083305,0.17849462,1,27,217,0.48387095,0.0,-1.1354128,2.0082526,0.516129
600029.SH,7.010249,7.010249,8.1584985e-05,0.00018804062,0.38166636,0.3125,1,24,84,0.90625,0.0,-0.5207844,-18.919687,0.09375
600030.SH,9.360338,9.360338,9.91308e-05,0.00018804062,0.34833306,0.35632184,1,19,162,0.9,0.0,-0.32902002,7.3551364,0.1
600031.SH,13.1448965,13.1448965,0.00013636156,0.00018804062,0.39583302,0.2072072,1,59,157,0.5675676,0.0,-1.3322216,4.339415,0.43243244
600032.SH,11.526291,11.526291,0.000122673,0.00018804062,0.35333306,0.12873563,1,69,305,0.9,0.0,1.47336,3.0694532,0.1
600033.SH,15.717627,15.717627,0.00014870771,0.00018804062,0.38166636,0.36302295,1,24,84,0.7692308,0.0,-0.5023308,13.970193,0.23076923
600035.SH,12.579606,12.579606,0.00014146772,0.00018804062,0.3566664,0.23674242,1,91,229,0.6060606,0.0,-0.35825455,5.7395635,0.3939394
600036.SH,34.56431,34.56431,0.00030122467,0.00018804062,0.37333304,0.2850076,1,77,117,0.6849315,0.0,-0.22429861,7.120954,0.31506848
600037.SH,10.551467,10.551467,0.000105564526,0.00018804062,0.37041637,0.3951613,1,2,80,0.90625,0.0,-0.8751907,1.253778,0.09375
600038.SH,16.562542,16.562542,0.0001605173,0.00018804062,0.3874997,0.2184874,1,24,84,0.45714286,0.0,-0.1535686,3.9002392,0.54285717
600039.SH,12.840549,12.840549,0.00013940826,0.00018804062,0.35749972,0.27807486,1,27,217,0.61764705,0.0,-0.6821529,3.9826646,0.38235295
600048.SH,13.814222,13.814222,0.00014231443,0.00018804062,0.35916638,0.15512821,1,12,252,0.6,0.0,-1.0814075,-0.8699196,0.4
600050.SH,12.399497,12.399497,0.00013444311,0.00018804062,0.3529164,0.14408602,1,27,217,0.48387095,0.0,-0.74295807,4.937505,0.516129
600051.SH,10.156081,10.156081,0.00011282535,0.00018804062,0.36416638,0.2137931,1,15,191,0.8666667,0.0,-1.06561,-1.7781799,0.13333334
600052.SH,17.599972,17.599972,0.0001727944,0.00018804062,0.36458305,0.24174175,1,26,39,0.4054054,0.0,0.2830243,3.901484,0.5945946
600053.SH,19.480038,19.480038,0.00016668532,0.00018804062,0.37666637,0.25853658,1,80,208,0.70731705,0.0,-1.7843757,-9.066308,0.29268292
600054.SH,13.729032,13.729032,0.00013413318,0.00018804062,0.37833303,0.2923387,1,20,96,0.59375,0.0,-0.60235935,8.637337,0.40625
600055.SH,17.735113,17.735113,0.00015620902,0.00018804062,0.39416635,0.2794872,1,26,39,0.675,0.0,-0.84887505,-16.828648,0.325
600056.SH,13.208296,13.208296,0.00013688704,0.00018804062,0.3479164,0.3827957,1,103,2,0.9677419,0.0,-0.8676259,0.45319042,0.032258064
600057.SH,12.79654,12.79654,0.00013569939,0.00018804062,0.3516664,0.23484848,1,24,84,0.6666667,0.0,-0.8999,2.9708726,0.33333334
600058.SH,19.578617,19.578617,0.00016312025,0.00018804062,0.36583304,0.257468,1,52,65,0.92105263,0.0,-0.8088184,1.8059422,0.078947365
600059.SH,9.28071,9.28071,0.00010432521,0.00018804062,0.37083304,0.08045977,1,93,192,0.93333334,0.0,-0.62352,3.0300624,0.06666667
600060.SH,12.300401,12.300401,0.00012785758,0.00018804062,0.37666637,0.22782259,1,59,157,0.84375,0.0,-0.029246867,11.641869,0.15625
600061.SH,39.584156,39.584156,0.00035304666,0.00018804062,0.3824997,0.13610359,1,33,251,0.86585367,0.0,-0.79864633,5.077446,0.13414635
600062.SH,19.252073,19.252073,0.0001679263,0.00018804062,0.38416636,0.33414635,1,61,124,0.5609756,0.0,-1.6208243,13.6976185,0.4390244
600063.SH,16.46592,16.46592,0.00015809778,0.00018804062,0.37666637,0.13613446,1,69,305,0.7714286,0.0,-1.4742544,3.9253962,0.22857143
600064.SH,11.064878,11.064878,0.000119890356,0.00018804062,0.36333305,0.16470589,1,14,83,0.94285715,0.0,-0.5634771,-0.69751436,0.057142857
600066.SH,67.295845,67.295845,0.000570227,0.00018804062,0.4616663,0.10711076,1,69,305,0.8923077,0.0,-0.78971434,15.712635,0.10769231
600067.SH,11.153677,11.153677,0.00012019098,0.00018804062,0.36416638,0.17849462,1,5,286,0.8064516,0.0,-1.6422774,2.2496355,0.19354838
600071.SH,12.703417,12.703417,0.0001239841,0.00018804062,0.380833,0.22638147,1,52,65,0.9411765,0.0,-1.7082529,10.135595,0.05882353
600072.SH,19.054821,19.054821,0.00015600475,0.00018804062,0.405833,0.29512194,1,33,251,0.85365856,0.0,-1.8766904,-25.306763,0.14634146
600073.SH,13.223133,13.223133,0.00012530999,0.00018804062,0.3924997,0.34920636,1,59,157,0.9166667,0.0,-1.4824417,-26.36875,0.083333336
600075.SH,12.004465,12.004465,0.00012296523,0.00018804062,0.3824997,0.22379032,1,19,162,0.96875,0.0,-0.835725,-14.867722,0.03125
600076.SH,19.478876,19.478876,0.00016223121,0.00018804062,0.38583302,0.2987988,1,59,157,0.8648649,0.0,-1.6785028,-16.765923,0.13513513
600078.SH,26.4587,26.4587,0.00019903913,0.00018804062,0.38416636,0.3219697,1,12,252,0.8484849,0.0,-0.37951514,0.7517576,0.15151516
600080.SH,17.976654,17.976654,0.00016568808,0.00018804062,0.37791637,0.15725806,1,5,286,0.5625,0.0,-1.5118282,1.5198264,0.4375
600081.SH,17.588099,17.588099,0.00016605138,0.00018804062,0.3874997,0.16651249,1,69,305,0.80851066,0.0,-1.1797254,4.2346277,0.19148937
600082.SH,14.868333,14.868333,0.00014594407,0.00018804062,0.3724997,0.07356322,1,22,208,0.8333333,0.0,-0.16252327,-0.24042946,0.16666667
600084.SH,24.117895,24.117895,0.00019864911,0.00018804062,0.37083304,0.20833333,1,95,151,0.9183673,0.0,-1.8332796,2.039359,0.08163265
600085.SH,13.415243,13.415243,0.00013439718,0.00018804062,0.37166637,0.36091954,1,26,39,0.43333334,0.0,-0.1231967,13.986613,0.56666666
600088.SH,18.375477,18.375477,0.00017685778,0.00018804062,0.37833303,0.2580645,1,26,39,0.40625,0.0,0.61364686,0.004594326,0.59375
600089.SH,16.69554,16.69554,0.00016909256,0.00018804062,0.35458305,0.18319328,1,26,39,0.6,0.0,-0.19497144,5.3354735,0.4
600094.SH,14.754462,14.754462,0.00015030114,0.00018804062,0.35458305,0.21727395,1,26,39,0.5641026,0.0,0.8917924,1.6055436,0.43589744
600095.SH,13.554999,13.554999,0.00013556346,0.00018804062,0.34583306,0.3935484,1,53,16,0.58064514,0.0,0.030670943,7.4092646,0.41935483
600096.SH,18.829355,18.829355,0.0001728999,0.00018804062,0.39166635,0.20351526,1,26,39,0.63829786,0.0,-0.03014043,14.87687,0.3617021
600097.SH,12.215625,12.215625,0.00012710378,0.00018804062,0.3649997,0.291954,1,30,30,0.4,0.0,-0.8018334,5.0881577,0.6
600098.SH,15.297526,15.297526,0.00015757077,0.00018804062,0.35458305,0.24761905,1,26,39,0.6111111,0.0,1.5576916,7.206764,0.3888889
600099.SH,14.012881,14.012881,0.00014648188,0.00018804062,0.35791638,0.14022988,1,80,208,0.43333334,0.0,-1.5971034,4.374763,0.56666666
600100.SH,12.931496,12.931496,0.00013705039,0.00018804062,0.38833305,0.16399287,1,21,149,0.9411765,0.0,-1.7136176,3.1567175,0.05882353
600101.SH,21.50844,21.50844,0.00019324712,0.00018804062,0.35958305,0.15924427,1,69,305,0.35897437,0.0,-0.27217695,1.4803692,0.64102566
600103.SH,27.693533,27.693533,0.0002362063,0.00018804062,0.398333,0.19071038,1,93,192,0.9672131,0.0,-0.96659017,1.3515027,0.032786883
600104.SH,8.90494,8.90494,0.000102217666,0.00018804062,0.3712497,0.17011495,1,80,208,0.8,0.0,-1.1768434,-4.8686447,0.2
600105.SH,31.702261,31.702261,0.0002418373,0.00018804062,0.3924997,0.21960784,1,52,65,0.74509805,0.0,-1.5742587,2.8821094,0.25490198
600106.SH,27.201529,27.201529,0.00024995196,0.00018804062,0.39749968,0.2034632,1,26,39,0.8333333,0.0,-0.7653936,6.5285034,0.16666667
600108.SH,14.900432,14.900432,0.00014905004,0.00018804062,0.40666637,0.14438502,1,19,162,0.9117647,0.0,-0.33239415,1.5447971,0.0882353
600109.SH,15.107769,15.107769,0.00015429316,0.00018804062,0.35583305,0.22016807,1,74,159,0.74285716,0.0,-1.2123256,4.276897,0.25714287
600110.SH,13.717136,13.717136,0.00012989609,0.00018804062,0.3924997,0.24512196,1,13,40,0.9756098,0.0,-0.8375365,-2.9897716,0.024390243
600111.SH,11.704357,11.704357,0.000119783195,0.00018804062,0.3774997,0.17849462,1,23,94,0.83870965,0.0,-2.1693225,13.683811,0.16129032
600113.SH,21.483612,21.483612,0.00020189345,0.00018804062,0.3504164,0.1664296,1,12,252,0.23684211,0.0,-0.49163437,1.6373711,0.7631579
600114.SH,16.737116,16.737116,0.00016080381,0.00018804062,0.405833,0.18325792,1,27,217,0.75,0.0,-1.4912155,13.697268,0.25
600115.SH,19.399546,19.399546,0.00016132207,0.00018804062,0.398333,0.21881607,1,40,114,0.8636364,0.0,-1.3062205,-22.211763,0.13636364
600116.SH,11.643456,11.643456,0.00012046372,0.00018804062,0.35583305,0.15632184,1,5,286,0.9,0.0,0.83816993,1.2937133,0.1
600117.SH,19.527712,19.527712,0.00016366539,0.00018804062,0.39416635,0.29390243,1,59,157,0.9268293,0.0,-1.189578,-22.63926,0.07317073
600118.SH,168.69981,168.69981,0.0011140425,0.00018804062,0.44583297,0.14218326,1,27,217,0.9292929,0.0,-1.8228356,1.405356,0.07070707
600119.SH,18.383032,18.383032,0.00014205142,0.00018804062,0.38666636,0.30769232,1,20,96,0.825,0.0,-1.5285199,-25.617605,0.175
600120.SH,15.037481,15.037481,0.00015232833,0.00018804062,0.37583303,0.19487908,1,2,80,0.7894737,0.0,-0.52659744,7.6985993,0.21052632
600121.SH,33.49077,33.49077,0.0002468507,0.00018804062,0.40166634,0.21945702,1,1,211,0.84615386,0.0,-0.5216,-19.01318,0.15384616
600123.SH,19.280954,19.280954,0.00017214988,0.00018804062,0.37666637,0.20627451,1,43,94,0.7058824,0.0,0.26557264,1.9848863,0.29411766
600125.SH,11.290576,11.290576,0.00012332472,0.00018804062,0.3699997,0.19886364,1,22,208,0.90909094,0.0,-0.5526849,8.979702,0.09090909
600126.SH,125.920456,125.920456,0.00086207234,0.00018804062,0.448333,0.12981096,1,93,192,0.9244186,0.0,-1.1991162,1.0364826,0.075581394
600127.SH,30.583063,30.583063,0.00022647814,0.00018804062,0.37666637,0.31294453,1,14,83,0.92105263,0.0,-0.0956342,2.319629,0.078947365
600128.SH,11.560394,11.560394,0.00012253677,0.00018804062,0.38583302,0.20689656,1,19,162,0.8333333,0.0,-0.89937997,-7.321101,0.16666667
600129.SH,9.095124,9.095124,0.000102163285,0.00018804062,0.3699997,0.13563219,1,59,157,0.9,0.0,-0.5803133,7.347438,0.1
600131.SH,10.576654,10.576654,0.00011304763,0.00018804062,0.372083,0.14126985,1,95,151,0.8611111,0.0,-0.6439501,3.738411,0.1388889
600132.SH,86.75963,86.75963,0.00067620986,0.00018804062,0.4516663,0.11792511,1,52,65,0.9558011,0.0,-1.3741293,18.312143,0.044198897
600133.SH,12.321087,12.321087,0.00012811556,0.00018804062,0.36166638,0.12873563,1,22,208,0.76666665,0.0,-1.1548966,-1.9645427,0.23333333
600135.SH,17.909113,17.909113,0.00017297774,0.00018804062,0.3849997,0.18318318,1,40,114,0.4864865,0.0,-2.0835106,-2.8577638,0.5135135
600137.SH,17.245626,17.245626,0.00016866442,0.00018804062,0.3849997,0.18493909,1,52,65,0.9302326,0.0,-0.849265,2.7906168,0.069767445
600138.SH,16.428066,16.428066,0.00015555065,0.00018804062,0.38666636,0.10685484,1,52,65,0.71875,0.0,-0.44655615,2.0253272,0.28125
600141.SH,17.334654,17.334654,0.00016505689,0.00018804062,0.3762497,0.18709677,1,22,208,0.41935483,0.0,-1.7001905,4.8023233,0.58064514
600143.SH,19.132751,19.132751,0.0001768938,0.00018804062,0.37166637,0.15384616,1,93,192,0.6923077,0.0,-2.1703792,1.6762922,0.30769232
600148.SH,17.99422,17.99422,0.00016983764,0.00018804062,0.35291636,0.48735633,1,15,191,0.16666667,0.0,-0.90729326,3.8288765,0.8333333
600149.SH,16.726385,16.726385,0.0001610228,0.00018804062,0.37666637,0.1764706,1,22,208,0.61764705,0.0,-1.787853,10.740524,0.38235295
600150.SH,13.507973,13.507973,0.0001409837,0.00018804062,0.35958305,0.15172414,1,95,151,0.7,0.0,-0.25897333,6.0903487,0.3
600151.SH,19.563696,19.563696,0.00016076944,0.00018804062,0.41999966,0.21262458,1,93,192,0.88372093,0.0,-1.4151162,-20.01256,0.11627907
600152.SH,23.207424,23.207424,0.00019116688,0.00018804062,0.41249967,0.17271408,1,93,192,0.8490566,0.0,-1.6334623,-7.995188,0.1509434
600153.SH,10.764253,10.764253,0.000115257506,0.00018804062,0.38166636,0.26726726,1,59,157,0.8648649,0.0,-1.0457838,-14.843519,0.13513513
600155.SH,15.286257,15.286257,0.00014575903,0.00018804062,0.3724997,0.12873563,1,93,192,0.53333336,0.0,-1.4062399,4.2083883,0.46666667
600156.SH,33.948067,33.948067,0.0002671646,0.00018804062,0.415833,0.17600821,1,93,192,0.8961039,0.0,-0.8607896,-10.104834,0.103896104
600157.SH,18.487492,18.487492,0.00017715603,0.00018804062,0.3699997,0.26031747,1,74,159,0.25,0.0,0.20267503,3.1077585,0.75
600158.SH,20.733204,20.733204,0.0001771842,0.00018804062,0.38166636,0.22929293,1,26,39,0.64444447,0.0,0.18536222,3.2079933,0.35555556
600159.SH,25.053694,25.053694,0.00019674754,0.00018804062,0.39666635,0.2890071,1,102,50,0.7291667,0.0,-1.2394625,-20.25229,0.27083334
600160.SH,16.986975,16.986975,0.0001550336,0.00018804062,0.3849997,0.30769232,1,15,191,0.64102566,0.0,-1.1813821,15.930544,0.35897437
600161.SH,16.90428,16.90428,0.00015420714,0.00018804062,0.38833302,0.37553343,1,51,81,0.65789473,0.0,-0.7879842,14.912959,0.34210527
600162.SH,14.860808,14.860808,0.0001423003,0.00018804062,0.40416634,0.18466899,1,5,286,0.78571427,0.0,-1.0916096,-16.754723,0.21428572
600163.SH,21.42992,21.42992,0.00019318015,0.00018804062,0.3749997,0.2867868,1,93,192,0.24324325,0.0,-0.8951621,4.691478,0.7567568
600166.SH,10.502001,10.502001,0.00011188464,0.00018804062,0.3762497,0.18390805,1,1,211,0.8666667,0.0,-0.37844336,5.4170127,0.13333334
600167.SH,10.307384,10.307384,0.00011125355,0.00018804062,0.3799997,0.15172414,1,27,217,0.8,0.0,-0.6272,4.7152233,0.2
600168.SH,16.1241,16.1241,0.00016714656,0.00018804062,0.3662497,0.26859903,1,27,217,0.67391306,0.0,-1.0550413,2.3705742,0.32608697
600170.SH,16.661379,16.661379,0.00016207962,0.00018804062,0.37583303,0.16221035,1,12,252,0.32352942,0.0,-1.3487442,-2.504899,0.6764706
600171.SH,14.453685,14.453685,0.0001478797,0.00018804062,0.3899997,0.15465465,1,5,286,0.7837838,0.0,-1.2750728,1.765818,0.21621622
600172.SH,310.04782,310.04782,0.00202711,0.00018804062,0.52583295,0.08098032,1,40,114,0.97037035,0.0,-1.5327631,-16.996067,0.02962963
600173.SH,8.441536,8.441536,8.696103e-05,0.00018804062,0.38583302,0.4024024,1,15,191,0.972973,0.0,-0.97116756,-28.968964,0.027027028
600176.SH,17.250965,17.250965,0.00016949844,0.00018804062,0.39333302,0.09848485,1,5,286,0.6363636,0.0,-0.1232303,7.864302,0.36363637
600177.SH,15.354975,15.354975,0.0001535083,0.00018804062,0.38166636,0.22571693,1,5,286,0.7659575,0.0,-0.9812766,9.9513,0.23404256
600178.SH,15.913576,15.913576,0.0001421015,0.00018804062,0.37666637,0.18715394,1,43,94,0.7906977,0.0,-1.3716813,2.079228,0.20930232
600179.SH,16.52329,16.52329,0.00016089935,0.00018804062,0.39083302,0.13902439,1,23,94,0.8292683,0.0,-1.5343024,8.455256,0.17073171
600180.SH,21.802885,21.802885,0.00020784143,0.00018804062,0.36083305,0.2757475,1,51,81,0.3255814,0.0,-1.5189744,3.3594906,0.6744186
600182.SH,12.051901,12.051901,0.0001306697,0.00018804062,0.3491664,0.22580644,1,87,102,0.8125,0.0,-0.7095562,4.893147,0.1875
600183.SH,17.237957,17.237957,0.000160448,0.00018804062,0.39749968,0.26086956,1,2,80,0.76086956,0.0,-1.3703803,14.311786,0.23913044
600184.SH,11.163534,11.163534,0.000113514194,0.00018804062,0.38416636,0.20840336,1,27,217,0.6,0.0,-1.0810344,-2.8981612,0.4
600185.SH,41.224392,41.224392,0.00026255715,0.00018804062,0.3874997,0.43100995,1,5,286,0.94736844,0.0,-1.7668314,-29.422235,0.05263158
600186.SH,20.10481,20.10481,0.0001743519,0.00018804062,0.3849997,0.34603176,1,5,286,0.7777778,0.0,-2.7301805,14.080778,0.22222222
600187.SH,22.637657,22.637657,0.00021097547,0.00018804062,0.36916637,0.14196078,1,40,114,0.627451,0.0,-0.4810078,1.2963803,0.37254903
600188.SH,17.540007,17.540007,0.00016313464,0.00018804062,0.36666638,0.29302987,1,102,50,0.36842105,0.0,0.23008153,-1.089675,0.6315789
600189.SH,11.026905,11.026905,0.00010610493,0.00018804062,0.37166637,0.35913977,1,20,96,0.7741935,0.0,-1.0417031,2.5191147,0.22580644
600191.SH,12.562467,12.562467,0.00013360204,0.00018804062,0.35583305,0.21149425,1,27,217,0.43333334,0.0,-0.4055333,2.8435998,0.56666666
600192.SH,18.956278,18.956278,0.00015871765,0.00018804062,0.3999997,0.2792683,1,80,208,0.85365856,0.0,-1.6105413,-23.148344,0.14634146
600195.SH,16.86392,16.86392,0.00016883627,0.00018804062,0.3649997,0.31182796,1,2,80,0.19354838,0.0,-1.1479257,6.9142694,0.8064516
600196.SH,17.13413,17.13413,0.00016124769,0.00018804062,0.38583302,0.14204545,1,23,94,0.57575756,0.0,-1.428297,6.831672,0.42424244
600197.SH,12.740686,12.740686,0.00012859618,0.00018804062,0.37416637,0.15172414,1,93,192,0.56666666,0.0,0.5749967,6.8274674,0.43333334
600198.SH,35.709026,35.709026,0.0002492322,0.00018804062,0.39666635,0.28214616,1,27,217,0.80851066,0.0,-1.4992255,-20.791082,0.19148937
600199.SH,14.854983,14.854983,0.00013747446,0.00018804062,0.39666635,0.2762763,1,1,211,0.9459459,0.0,-1.7116053,-16.20687,0.054054055
600201.SH,13.511863,13.511863,0.00013690427,0.00018804062,0.36166638,0.09425288,1,6,36,0.8,0.0,-1.5186367,3.0463831,0.2
600202.SH,10.288523,10.288523,9.988785e-05,0.00018804062,0.398333,0.3778966,1,59,157,0.7941176,0.0,-0.9131882,-27.954363,0.20588236
600203.SH,14.868568,14.868568,0.00014929405,0.00018804062,0.39916635,0.20609756,1,22,208,0.85365856,0.0,-1.6493073,0.7934495,0.14634146
600206.SH,17.65127,17.65127,0.00016796692,0.00018804062,0.36416638,0.11092437,1,33,251,0.51428574,0.0,-2.079123,6.2975874,0.4857143
600207.SH,31.83923,31.83923,0.00024061021,0.00018804062,0.40166634,0.21644042,1,80,208,0.75,0.0,-1.2468385,-18.289408,0.25
600208.SH,15.039602,15.039602,0.00015537244,0.00018804062,0.35583305,0.14453782,1,89,72,0.8,0.0,0.16796573,0.98435986,0.2
600210.SH,15.229463,15.229463,0.00014939115,0.00018804062,0.3874997,0.15128206,1,59,157,0.75,0.0,-0.81892,11.777127,0.25
600211.SH,107.779274,107.779274,0.0008432327,0.00018804062,0.45166633,0.11817446,1,52,65,0.9246862,0.0,-0.6196557,11.365704,0.07531381
600212.SH,13.408056,13.408056,0.00012596027,0.00018804062,0.38916636,0.2347084,1,33,251,0.81578946,0.0,-1.0943551,-20.9744,0.18421052
600215.SH,20.233576,20.233576,0.00018047018,0.00018804062,0.39166635,0.16219512,1,22,208,0.7804878,0.0,-1.5994756,-7.6592274,0.2195122
600216.SH,20.078463,20.078463,0.00018663838,0.00018804062,0.40166634,0.103658535,1,1,211,0.75609756,0.0,-1.8931489,6.2429743,0.24390244
600217.SH,25.05734,25.05734,0.00020929042,0.00018804062,0.41666633,0.14915255,1,33,251,0.6666667,0.0,-0.80939513,-13.43888,0.33333334
600218.SH,19.525122,19.525122,0.00019333202,0.00018804062,0.36166638,0.085365854,1,59,157,0.9512195,0.0,-0.7088147,5.8874855,0.048780486
600219.SH,23.278885,23.278885,0.00021619478,0.00018804062,0.37833303,0.091966175,1,93,192,0.72727275,0.0,-1.414207,2.5256937,0.27272728
600221.SH,19.981876,19.981876,0.00018144326,0.00018804062,0.38583302,0.18079096,1,30,30,0.81666666,0.0,-0.903755,12.99437,0.18333334
600222.SH,19.390154,19.390154,0.00018236882,0.00018804062,0.36416638,0.27226892,1,94,65,0.42857143,0.0,-1.8250916,0.9611577,0.5714286
600223.SH,11.564414,11.564414,0.00012157982,0.00018804062,0.37916636,0.21935484,1,102,50,0.67741936,0.0,-0.39515486,8.199909,0.32258064
600226.SH,14.080511,14.080511,0.00014156212,0.00018804062,0.37583303,0.13012478,1,1,211,0.6764706,0.0,0.10925003,4.99434,0.32352942
600227.SH,30.766691,30.766691,0.00025830316,0.00018804062,0.41999966,0.1790991,1,80,208,0.8,0.0,-0.74646807,-6.432243,0.2
600229.SH,12.501975,12.501975,0.00013144614,0.00018804062,0.3554164,0.2505747,1,87,102,0.9,0.0,-0.02768999,3.3808832,0.1
600230.SH,13.333563,13.333563,0.00014342344,0.00018804062,0.3541664,0.11494253,1,33,251,0.4,0.0,-0.28657666,4.45133,0.6
600231.SH,28.64469,28.64469,0.0002226207,0.00018804062,0.3924997,0.29142857,1,80,208,0.92,0.0,-0.8432999,-21.270386,0.08
600232.SH,12.686492,12.686492,0.00013040814,0.00018804062,0.37666637,0.17011495,1,80,208,0.6333333,0.0,-1.7410333,1.4797938,0.36666667
600233.SH,10.486528,10.486528,0.000116069896,0.00018804062,0.35999972,0.2554622,1,20,96,0.6857143,0.0,-0.9455944,3.1200855,0.31428573
600234.SH,14.220334,14.220334,0.00013828251,0.00018804062,0.39083302,0.28030303,1,2,80,0.5151515,0.0,-1.6039485,9.968725,0.4848485
600235.SH,15.53314,15.53314,0.0001514894,0.00018804062,0.36583304,0.13825758,1,15,191,0.6363636,0.0,-0.6054757,2.3462207,0.36363637
600236.SH,12.674635,12.674635,0.00013366528,0.00018804062,0.3699997,0.13763441,1,87,102,0.87096775,0.0,0.30180967,7.7676606,0.12903225
600237.SH,11.698827,11.698827,0.00012837171,0.00018804062,0.37208304,0.24367817,1,22,208,0.7,0.0,-1.63361,7.314255,0.3
600239.SH,14.517084,14.517084,0.00014742553,0.00018804062,0.3674997,0.11612903,1,6,36,0.83870965,0.0,-1.8349258,1.0097892,0.16129032
600241.SH,16.728565,16.728565,0.00015166783,0.00018804062,0.39333302,0.2609756,1,95,151,0.9512195,0.0,-2.1961462,-18.238363,0.048780486
600246.SH,15.369299,15.369299,0.00015589267,0.00018804062,0.3637497,0.1015873,1,80,208,0.5277778,0.0,-0.9619611,0.658735,0.4722222
600248.SH,12.728151,12.728151,0.00013035737,0.00018804062,0.39499968,0.18816067,1,15,191,0.8863636,0.0,-0.26565683,-10.173165,0.11363637
600249.SH,11.527368,11.527368,0.00011377236,0.00018804062,0.37083304,0.34402853,1,69,305,0.8235294,0.0,-0.8472823,2.2742794,0.1764706
600250.SH,10.836794,10.836794,0.00010435638,0.00018804062,0.38333303,0.42780748,1,20,96,0.9117647,0.0,-0.38273233,2.5386105,0.0882353
600251.SH,15.7549515,15.7549515,0.00015429423,0.00018804062,0.37583303,0.111827955,1,23,94,0.5483871,0.0,-1.5232613,8.439007,0.4516129
600252.SH,15.715249,15.715249,0.00013109439,0.00018804062,0.39416635,0.41532975,1,69,305,0.88235295,0.0,-1.7105619,-21.175817,0.11764706
600255.SH,15.287411,15.287411,0.00015398678,0.00018804062,0.3516664,0.1969697,1,12,252,0.45454547,0.0,-1.0598333,2.6982884,0.54545456
600256.SH,17.726677,17.726677,0.00017644328,0.00018804062,0.35833305,0.19831933,1,51,81,0.34285715,0.0,-1.2282172,4.3405824,0.6571429
600257.SH,20.418222,20.418222,0.00017612318,0.00018804062,0.36583304,0.22626263,1,27,217,0.53333336,0.0,-0.84483117,3.228278,0.46666667
600258.SH,9.513252,9.513252,0.00010605813,0.00018804062,0.3799997,0.29425287,1,59,157,0.93333334,0.0,-0.77385,12.677954,0.06666667
600259.SH,9.862984,9.862984,9.845966e-05,0.00018804062,0.39333302,0.3608871,1,27,217,0.875,0.0,-1.7119124,1.6220412,0.125
600261.SH,13.03785,13.03785,0.00014164465,0.00018804062,0.37916636,0.20689656,1,19,162,0.76666665,0.0,-1.5088133,3.2192953,0.23333333
600262.SH,18.855185,18.855185,0.00018430687,0.00018804062,0.3774997,0.15503876,1,14,83,0.627907,0.0,-0.22102557,8.205102,0.37209302
600266.SH,14.035307,14.035307,0.00013492574,0.00018804062,0.40166634,0.22820513,1,27,217,0.75,0.0,-0.29238495,-18.72579,0.25
600267.SH,12.470154,12.470154,0.00012958744,0.00018804062,0.38083303,0.16134454,1,91,229,0.85714287,0.0,-1.4024286,5.465585,0.14285715
600268.SH,12.302243,12.302243,0.000121857054,0.00018804062,0.408333,0.26276276,1,27,217,0.7027027,0.0,-0.81447035,15.959337,0.2972973
600269.SH,9.787188,9.787188,0.00011583518,0.00018804062,0.38083303,0.36363637,1,27,217,0.85294116,0.0,-0.35097352,7.688146,0.14705883
600271.SH,18.91268,18.91268,0.00017169549,0.00018804062,0.40166634,0.1462585,1,80,208,0.79591835,0.0,-1.7800634,-11.046477,0.20408164
600272.SH,10.628168,10.628168,0.000119472425,0.00018804062,0.3516664,0.35282257,1,102,50,0.90625,0.0,-0.7168469,3.430472,0.09375
600273.SH,13.076026,13.076026,0.00013387327,0.00018804062,0.38333303,0.171123,1,15,191,0.7352941,0.0,-1.178647,8.676478,0.2647059
600276.SH,29.148136,29.148136,0.00026006516,0.00018804062,0.40999967,0.16632383,1,27,217,0.91566265,0.0,-1.9199252,6.0709662,0.084337346
600278.SH,10.013617,10.013617,0.00011014602,0.00018804062,0.37916636,0.20689656,1,43,94,0.9,0.0,-0.6427433,-8.443239,0.1
600279.SH,16.47593,16.47593,0.00016203953,0.00018804062,0.35458305,0.13903743,1,1,211,0.9705882,0.0,-0.2496206,4.0214467,0.029411765
600280.SH,19.907206,19.907206,0.00018350198,0.00018804062,0.37083304,0.110953055,1,1,211,0.7105263,0.0,-1.2480606,0.63486445,0.28947368
600281.SH,92.81495,92.81495,0.00069010904,0.00018804062,0.42499965,0.11651006,1,69,305,0.92,0.0,-2.0007207,12.604808,0.08
600282.SH,16.87852,16.87852,0.00016834491,0.00018804062,0.36583304,0.109848484,1,1,211,0.6969697,0.0,-0.9278667,-0.48565513,0.3030303
600283.SH,17.23255,17.23255,0.00016916756,0.00018804062,0.3649997,0.15795587,1,33,251,0.52380955,0.0,-0.8950166,0.86025494,0.47619048
600284.SH,9.191033,9.191033,0.00010711869,0.00018804062,0.37916636,0.42068964,1,5,286,0.93333334,0.0,-0.7987433,0.54357135,0.06666667
600285.SH,20.950983,20.950983,0.00017957811,0.00018804062,0.3849997,0.33333334,1,93,192,0.9,0.0,-0.30060247,16.180359,0.1
600287.SH,17.460752,17.460752,0.00017705656,0.00018804062,0.36124972,0.11363637,1,14,83,0.8787879,0.0,-1.4951394,5.4086337,0.121212125
600288.SH,10.368854,10.368854,0.00011228536,0.00018804062,0.3649997,0.07586207,1,5,286,0.73333335,0.0,-1.79813,-2.31085,0.26666668
600292.SH,18.664772,18.664772,0.00017971169,0.00018804062,0.37041637,0.3368984,1,51,81,0.2647059,0.0,-1.6215295,0.99425644,0.7352941
600293.SH,11.956092,11.956092,0.000114229566,0.00018804062,0.3899997,0.3083779,1,21,149,0.8235294,0.0,-1.4689764,-23.642378,0.1764706
600295.SH,13.208141,13.208141,0.00013781684,0.00018804062,0.39333302,0.24946237,1,100,10,0.7096774,0.0,-0.5019516,14.020346,0.29032257
600298.SH,11.562413,11.562413,0.00011979596,0.00018804062,0.39999968,0.28219697,1,91,229,0.969697,0.0,-0.20696057,14.505796,0.030303031
600299.SH,11.727192,11.727192,0.00012624031,0.00018804062,0.36416638,0.31439394,1,15,191,0.90909094,0.0,-1.0522727,6.4736595,0.09090909
600300.SH,19.074461,19.074461,0.0001776691,0.00018804062,0.37083304,0.25591397,1,19,162,0.5483871,0.0,-0.49677095,5.348531,0.4516129
600301.SH,22.804781,22.804781,0.00019526719,0.00018804062,0.39333302,0.19033816,1,22,208,0.9347826,0.0,-1.8152215,13.996006,0.06521739
600302.SH,20.133453,20.133453,0.00017007528,0.00018804062,0.403333,0.34009662,1,30,30,0.65217394,0.0,-1.4308631,-19.170887,0.3478261
600303.SH,28.863667,28.863667,0.00021758639,0.00018804062,0.39999968,0.269103,1,15,191,0.8372093,0.0,-0.8424349,-22.629223,0.1627907
600305.SH,10.304652,10.304652,0.0001151144,0.00018804062,0.37583303,0.17701149,1,33,251,0.6666667,0.0,-0.5237,7.8989615,0.33333334
600307.SH,22.219357,22.219357,0.00017937852,0.00018804062,0.3924997,0.33468285,1,5,286,0.84615386,0.0,-1.1105154,-27.5958,0.15384616
600308.SH,12.564968,12.564968,0.00012503099,0.00018804062,0.38666636,0.23123123,1,80,208,0.6756757,0.0,-0.6267108,-16.458698,0.3243243
600309.SH,17.117382,17.117382,0.00017354214,0.00018804062,0.35208306,0.30113637,1,2,80,0.36363637,0.0,-0.6888272,4.5566635,0.6363636
600310.SH,21.130856,21.130856,0.00018198411,0.00018804062,0.39916638,0.16578014,1,2,80,0.8958333,0.0,-0.28700623,-12.213585,0.104166664
600312.SH,17.29823,17.29823,0.00017037365,0.00018804062,0.3529164,0.26876876,1,77,117,0.5135135,0.0,-1.2733675,2.7289405,0.4864865
600313.SH,15.468823,15.468823,0.00014879213,0.00018804062,0.36833304,0.18003565,1,24,84,0.61764705,0.0,-0.5851177,1.5447,0.38235295
600315.SH,17.877855,17.877855,0.00018090657,0.00018804062,0.3554164,0.2782258,1,27,217,0.3125,0.0,-1.176075,3.0234656,0.6875
600316.SH,23.101807,23.101807,0.0001868347,0.00018804062,0.3774997,0.22812846,1,27,217,0.7209302,0.0,0.3501349,2.5691025,0.27906978
600318.SH,18.172762,18.172762,0.0001739618,0.00018804062,0.39666635,0.1897436,1,95,151,0.875,0.0,-0.44926748,5.632249,0.125
600319.SH,21.954021,21.954021,0.00017283561,0.00018804062,0.39333302,0.26688814,1,80,208,0.6976744,0.0,-1.1012256,-23.583614,0.30232558
600320.SH,13.679468,13.679468,0.0001434442,0.00018804062,0.36541638,0.20376523,1,80,208,0.6976744,0.0,-0.47568604,2.0554187,0.30232558
600322.SH,34.329296,34.329296,0.00028117056,0.00018804062,0.4149997,0.12306368,1,1,211,0.95238096,0.0,-0.9354869,-7.1093516,0.04761905
600325.SH,12.001985,12.001985,0.0001256918,0.00018804062,0.37333304,0.13825758,1,52,65,0.8484849,0.0,-0.38555458,-2.743512,0.15151516
600326.SH,10.0192995,10.0192995,0.000109738794,0.00018804062,0.3849997,0.37634408,1,12,252,0.83870965,0.0,-0.53754514,-17.567537,0.16129032
600327.SH,21.167213,21.167213,0.00019389793,0.00018804062,0.39083302,0.103846155,1,21,149,0.75,0.0,-0.25725752,-3.0880084,0.25
600328.SH,107.05987,107.05987,0.00075783464,0.00018804062,0.44416633,0.12545992,1,69,305,0.92814374,0.0,-0.98334736,1.184797,0.07185629
600329.SH,251.96112,251.96112,0.0019531355,0.00018804062,0.5191663,0.05402464,1,93,192,0.94501716,0.0,-0.9327183,14.141402,0.05498282
600330.SH,154.94612,154.94612,0.0010714385,0.00018804062,0.47833297,0.08746032,1,21,149,0.91555554,0.0,-1.4473443,1.9414594,0.08444444
600331.SH,18.38001,18.38001,0.00015464614,0.00018804062,0.40166634,0.24031007,1,1,211,0.88372093,0.0,-2.0432255,-20.324944,0.11627907
600332.SH,12.91361,12.91361,0.00013405856,0.00018804062,0.35791638,0.08901515,1,69,305,0.8181818,0.0,-1.4105878,4.7793336,0.18181819
600333.SH,15.959736,15.959736,0.00015452347,0.00018804062,0.38416636,0.12539683,1,93,192,0.6666667,0.0,-1.2565111,-6.9633017,0.33333334
600335.SH,11.37149,11.37149,0.00012075231,0.00018804062,0.3824997,0.19139785,1,19,162,0.8064516,0.0,-0.8706032,-11.017832,0.19354838
600336.SH,15.834259,15.834259,0.00013982372,0.00018804062,0.38666636,0.32290184,1,80,208,0.7368421,0.0,-0.52632374,-28.071173,0.2631579
600337.SH,16.727892,16.727892,0.00014930333,0.00018804062,0.39083302,0.28368795,1,43,94,0.6458333,0.0,-1.2977396,-20.70775,0.35416666
600338.SH,14.398875,14.398875,0.00013883876,0.00018804062,0.408333,0.22689076,1,33,251,0.9142857,0.0,-1.2154399,8.95841,0.08571429
600339.SH,8.837878,8.837878,9.6312586e-05,0.00018804062,0.37833303,0.2451613,1,23,94,1.0,0.0,-0.17134841,-22.49509,0.0
600340.SH,24.781033,24.781033,0.00020190247,0.00018804062,0.40333304,0.22960994,1,14,83,0.8125,0.0,-1.1717668,-13.14043,0.1875
600343.SH,26.661781,26.661781,0.0001998106,0.00018804062,0.39083302,0.27439025,1,12,252,0.73170733,0.0,-1.5179269,-24.263077,0.2682927
600345.SH,11.306821,11.306821,0.00011692462,0.00018804062,0.37666637,0.1632184,1,22,208,0.8,0.0,-1.0419966,0.5886974,0.2
600346.SH,14.626317,14.626317,0.0001480862,0.00018804062,0.35833305,0.12701613,1,74,159,0.90625,0.0,-0.5287125,1.249097,0.09375
600348.SH,10.556053,10.556053,0.000117098716,0.00018804062,0.3541664,0.2045977,1,22,208,0.8666667,0.0,1.0783999,-0.8928721,0.13333334
600350.SH,16.678417,16.678417,0.00016250629,0.00018804062,0.37083304,0.28017718,1,102,50,0.5116279,0.0,-0.600093,3.3975017,0.4883721
600351.SH,14.329774,14.329774,0.00014028965,0.00018804062,0.3712497,0.24242425,1,12,252,0.38235295,0.0,-0.7162529,9.603267,0.61764705
600352.SH,15.866239,15.866239,0.00015791293,0.00018804062,0.35458305,0.107563026,1,93,192,0.85714287,0.0,-0.27337155,2.35412,0.14285715
600353.SH,9.566448,9.566448,0.00010392666,0.00018804062,0.36916637,0.25604838,1,33,251,0.75,0.0,-2.1403062,5.9886684,0.25
600354.SH,8.865243,8.865243,9.4532385e-05,0.00018804062,0.39333302,0.36174244,1,5,286,0.93939394,0.0,-0.24862123,17.19018,0.060606062
600356.SH,9.567777,9.567777,0.00010975765,0.00018804062,0.39083302,0.2137931,1,52,65,0.8666667,0.0,-0.6646267,6.0107555,0.13333334
600359.SH,20.55587,20.55587,0.00019343737,0.00018804062,0.3624997,0.2621849,1,7,111,0.5714286,0.0,-0.61426574,4.368466,0.42857143
600361.SH,12.175375,12.175375,0.0001297561,0.00018804062,0.36833304,0.19487908,1,29,12,0.92105263,0.0,-1.7668892,4.9027333,0.078947365
600362.SH,16.358013,16.358013,0.00016530268,0.00018804062,0.36416638,0.12096774,1,15,191,0.53125,0.0,-1.5363562,4.2972517,0.46875
600363.SH,15.595835,15.595835,0.00016144066,0.00018804062,0.3824997,0.25990337,1,59,157,0.8043478,0.0,-1.9190457,4.7539577,0.19565217
600366.SH,19.120445,19.120445,0.00017687486,0.00018804062,0.38333303,0.16507937,1,61,124,0.41666666,0.0,-1.849614,1.4643974,0.5833333
600367.SH,16.187712,16.187712,0.00016243441,0.00018804062,0.38583302,0.2025641,1,2,80,0.6,0.0,-1.36497,8.996197,0.4
600368.SH,17.601925,17.601925,0.00016883269,0.00018804062,0.37833303,0.17560975,1,74,159,0.5121951,0.0,-0.5537195,6.4300222,0.4878049
600369.SH,20.227873,20.227873,0.00018952278,0.00018804062,0.37333304,0.16389811,1,52,65,0.6511628,0.0,-1.0562489,6.3096476,0.3488372
600370.SH,14.656283,14.656283,0.00013219629,0.00018804062,0.3874997,0.3183183,1,33,251,0.7027027,0.0,-1.117411,-25.875895,0.2972973
600371.SH,19.592539,19.592539,0.0001694382,0.00018804062,0.37833303,0.2599445,1,21,149,0.7234042,0.0,-1.1432213,2.132032,0.27659574
600372.SH,13.583144,13.583144,0.00014049027,0.00018804062,0.35916638,0.3092437,1,23,94,0.82857144,0.0,-0.2563343,3.7168941,0.17142858
600373.SH,10.651927,10.651927,0.00011487291,0.00018804062,0.3541664,0.31264368,1,27,217,0.8,0.0,-0.61938,3.5276167,0.2
600375.SH,12.445828,12.445828,0.00013183754,0.00018804062,0.38166636,0.2045977,1,33,251,0.56666666,0.0,-0.8033234,-0.95800424,0.43333334
600376.SH,28.560495,28.560495,0.00021379323,0.00018804062,0.398333,0.26945412,1,20,96,0.7380952,0.0,-1.576924,-23.824453,0.26190478
600377.SH,9.638466,9.638466,0.00010963166,0.00018804062,0.3874997,0.3600713,1,5,286,0.9117647,0.0,0.0052999645,12.793029,0.0882353
600378.SH,7.0042186,7.0042186,8.557981e-05,0.00018804062,0.35333306,0.115530305,1,12,252,0.969697,0.0,0.5174666,4.523243,0.030303031
600379.SH,21.06538,21.06538,0.00019522403,0.00018804062,0.3699997,0.12550607,1,12,252,0.35897437,0.0,-1.0477743,1.9542221,0.64102566
600380.SH,16.460224,16.460224,0.00015224084,0.00018804062,0.3824997,0.28803718,1,14,83,0.95238096,0.0,-0.31900474,13.801045,0.04761905
600382.SH,14.998608,14.998608,0.00014320189,0.00018804062,0.3749997,0.24537815,1,12,252,0.54285717,0.0,-0.6391429,11.856889,0.45714286
600383.SH,26.29713,26.29713,0.00020634868,0.00018804062,0.39333302,0.29849014,1,33,251,0.54761904,0.0,-0.8759929,-23.489643,0.45238096
600386.SH,10.471027,10.471027,0.00011145209,0.00018804062,0.37999973,0.32903227,1,5,286,0.87096775,0.0,-1.0010192,-22.497292,0.12903225
600388.SH,21.765272,21.765272,0.00020125022,0.00018804062,0.37916636,0.09047619,1,33,251,0.7777778,0.0,-1.5430332,3.9891734,0.22222222
600389.SH,8.52353,8.52353,0.0001008225,0.00018804062,0.36916637,0.27620968,1,61,124,0.90625,0.0,-1.1310532,6.543337,0.09375
600390.SH,12.896818,12.896818,0.0001351345,0.00018804062,0.35583305,0.17943548,1,80,208,0.6875,0.0,-0.2223,3.415256,0.3125
600391.SH,13.670003,13.670003,0.00013340004,0.00018804062,0.38833302,0.15151516,1,80,208,0.8787879,0.0,0.010069717,0.16257545,0.121212125
600392.SH,18.73299,18.73299,0.000166022,0.00018804062,0.37166637,0.4092742,1,11,17,0.5,0.0,-2.068578,4.590448,0.5
600395.SH,14.382319,14.382319,0.00014665538,0.00018804062,0.35583302,0.2091954,1,5,286,0.73333335,0.0,0.14368333,2.257242,0.26666668
600396.SH,39.07018,39.07018,0.00031492815,0.00018804062,0.40666637,0.20746401,1,19,162,0.97590363,0.0,1.2904555,0.9058319,0.024096385
600397.SH,60.958622,60.958622,0.00038334812,0.00018804062,0.40249968,0.34766215,1,91,229,0.9423077,0.0,-1.0787021,-22.169558,0.057692308
600398.SH,13.67473,13.67473,0.00013563654,0.00018804062,0.38166636,0.27804878,1,69,305,0.8780488,0.0,0.016995128,14.776495,0.12195122
600399.SH,19.235037,19.235037,0.00016069524,0.00018804062,0.39166635,0.30156472,1,96,56,0.9736842,0.0,-1.4393106,-23.82979,0.02631579
600400.SH,14.661832,14.661832,0.00012906574,0.00018804062,0.39583302,0.33781514,1,95,151,0.9142857,0.0,-1.9996088,-22.811823,0.08571429
600403.SH,69.42924,69.42924,0.00052361,0.00018804062,0.453333,0.11690904,1,80,208,0.96428573,0.0,-0.63068515,-10.589558,0.035714287
600405.SH,142.24878,142.24878,0.00096129143,0.00018804062,0.46333298,0.14892396,1,5,286,0.93658537,0.0,-1.3145332,-21.338028,0.06341463
600406.SH,7.9800673,7.9800673,9.414421e-05,0.00018804062,0.35708305,0.35632184,1,93,192,0.9,0.0,-1.3110566,4.708156,0.1
600408.SH,17.25127,17.25127,0.00015068914,0.00018804062,0.3849997,0.4,1,14,83,0.75,0.0,-1.2125362,-27.480833,0.25
600409.SH,15.891814,15.891814,0.00015840604,0.00018804062,0.36166638,0.1780303,1,1,211,0.8484849,0.0,-1.1104273,0.38130614,0.15151516
600410.SH,12.214394,12.214394,0.00012163548,0.00018804062,0.38583302,0.2968254,1,7,111,0.8055556,0.0,-0.8848473,9.535566,0.19444445
600415.SH,9.702887,9.702887,0.00011018156,0.00018804062,0.36416638,0.22580644,1,5,286,0.8064516,0.0,-0.019419344,-0.6983353,0.19354838
600416.SH,13.978696,13.978696,0.00014141038,0.00018804062,0.39166635,0.20336135,1,69,305,0.6571429,0.0,-1.8473343,4.728118,0.34285715
600418.SH,26.833937,26.833937,0.00021039417,0.00018804062,0.40666634,0.23689727,1,77,117,0.5740741,0.0,-0.98592955,-18.419064,0.42592594
600419.SH,13.516,13.516,0.00014038211,0.00018804062,0.36208305,0.16856061,1,12,252,0.6060606,0.0,-1.2510788,2.9190423,0.3939394
600420.SH,7.420055,7.420055,8.3796775e-05,0.00018804062,0.3899997,0.24955437,1,89,72,1.0,0.0,-0.86120874,2.3089516,0.0
600422.SH,19.811666,19.811666,0.00018540297,0.00018804062,0.3649997,0.08064516,1,23,94,0.71875,0.0,-0.89379066,3.6016476,0.28125
600423.SH,16.004204,16.004204,0.00014304867,0.00018804062,0.38333303,0.22299652,1,23,94,0.85714287,0.0,-0.66690236,2.2453299,0.14285715
600425.SH,18.76782,18.76782,0.00018559834,0.00018804062,0.35749972,0.2834008,1,43,94,0.43589744,0.0,0.18402055,4.2696023,0.5641026
600426.SH,20.92479,20.92479,0.00019021016,0.00018804062,0.36416638,0.20504202,1,12,252,0.14285715,0.0,-1.2700229,0.118657686,0.85714287
600428.SH,9.219694,9.219694,0.000106158775,0.00018804062,0.36958304,0.32473117,1,89,72,1.0,0.0,-1.0395257,13.750444,0.0
600429.SH,12.903782,12.903782,0.0001344993,0.00018804062,0.3566664,0.21839081,1,40,114,0.6333333,0.0,-1.07223,5.2894597,0.36666667
600433.SH,15.606691,15.606691,0.00013955781,0.00018804062,0.39333302,0.314367,1,21,149,0.92105263,0.0,-1.890529,-23.138554,0.078947365
600435.SH,12.492106,12.492106,0.00012586075,0.00018804062,0.37083304,0.16551724,1,33,251,0.56666666,0.0,-1.3397566,-0.23192593,0.43333334
600436.SH,20.849455,20.849455,0.00018161703,0.00018804062,0.423333,0.23496762,1,33,251,0.7234042,0.0,-1.2212211,13.373789,0.27659574
600438.SH,16.241955,16.241955,0.0001416694,0.00018804062,0.39333302,0.31932774,1,59,157,0.82857144,0.0,-0.74946564,-27.694319,0.17142858
600439.SH,12.819807,12.819807,0.00013413881,0.00018804062,0.36124972,0.17011495,1,80,208,0.6,0.0,-1.0641334,6.910497,0.4
600444.SH,11.680485,11.680485,0.00012336561,0.00018804062,0.3749997,0.18346775,1,40,114,0.78125,0.0,-1.6236218,6.1079383,0.21875
600446.SH,17.172,17.172,0.00016159225,0.00018804062,0.38083303,0.1657754,1,7,111,0.2647059,0.0,-1.3937854,-5.146988,0.7352941
600448.SH,21.047237,21.047237,0.00016891629,0.00018804062,0.398333,0.35873017,1,21,149,0.7777778,0.0,-1.2011056,-26.905535,0.22222222
600449.SH,12.95961,12.95961,0.00013572333,0.00018804062,0.35333306,0.2689655,1,102,50,0.56666666,0.0,-1.1344733,3.031057,0.43333334
600452.SH,13.945629,13.945629,0.00014350032,0.00018804062,0.36541638,0.2,1,74,159,0.5,0.0,0.72758,4.078492,0.5
600455.SH,12.613601,12.613601,0.00012304085,0.00018804062,0.39166635,0.4183908,1,59,157,0.8666667,0.0,-0.43668002,20.0595,0.13333334
600456.SH,11.729901,11.729901,0.00012245795,0.00018804062,0.3899997,0.1724138,1,1,211,0.93333334,0.0,-2.5649033,7.1176076,0.06666667
600458.SH,15.761477,15.761477,0.00015873321,0.00018804062,0.35958305,0.13825758,1,43,94,0.5151515,0.0,-0.3661091,2.9579394,0.4848485
600459.SH,11.442151,11.442151,0.00012526863,0.00018804062,0.3699997,0.15913978,1,102,50,0.9354839,0.0,-3.5573323,6.792273,0.06451613
600460.SH,20.257332,20.257332,0.00017661837,0.00018804062,0.3674997,0.4597701,1,11,17,0.46666667,0.0,-1.87339,-0.122232676,0.53333336
600461.SH,14.516528,14.516528,0.0001431914,0.00018804062,0.39666638,0.17943548,1,21,149,0.59375,0.0,-1.335978,9.743977,0.40625
600463.SH,18.994394,18.994394,0.00015656027,0.00018804062,0.38916636,0.32388663,1,8,1,1.0,0.0,-1.4020077,-24.566559,0.0
600467.SH,14.858072,14.858072,0.00015156135,0.00018804062,0.37916636,0.11724138,1,80,208,0.4,0.0,-1.2208666,-2.0888057,0.6
600468.SH,17.893936,17.893936,0.00017588327,0.00018804062,0.3541664,0.2620321,1,21,149,0.4117647,0.0,-1.411144,3.9341264,0.5882353
600469.SH,8.17196,8.17196,9.746254e-05,0.00018804062,0.3637497,0.2731183,1,7,111,0.9032258,0.0,-1.4022386,6.4394155,0.09677419
600470.SH,21.301718,21.301718,0.0001753732,0.00018804062,0.39083302,0.41680673,1,95,151,0.94285715,0.0,-1.4078058,-29.300789,0.057142857
600475.SH,15.265995,15.265995,0.00015461743,0.00018804062,0.35458305,0.19354838,1,27,217,0.29032257,0.0,-0.7925289,2.6217713,0.7096774
600476.SH,24.986954,24.986954,0.00018381457,0.00018804062,0.38583302,0.41889483,1,5,286,0.88235295,0.0,-1.7843177,-30.623356,0.11764706
600477.SH,9.818175,9.818175,0.000110592024,0.00018804062,0.39166635,0.22988506,1,59,157,0.9,0.0,-1.5431199,-0.8554028,0.1
600478.SH,8.412372,8.412372,9.874267e-05,0.00018804062,0.35583305,0.27586207,1,27,217,0.8666667,0.0,-2.6803434,4.204373,0.13333334
600479.SH,15.371776,15.371776,0.00015270906,0.00018804062,0.3866664,0.21149425,1,2,80,0.8666667,0.0,-1.0254767,10.452879,0.13333334
600480.SH,14.101703,14.101703,0.00014230338,0.00018804062,0.36666638,0.11724138,1,5,286,0.6,0.0,-0.5746334,6.030404,0.4
600481.SH,19.834974,19.834974,0.00016930749,0.00018804062,0.39999968,0.29678848,1,5,286,0.88372093,0.0,-1.5864744,-22.424019,0.11627907
600482.SH,6.886671,6.886671,8.5349646e-05,0.00018804062,0.35916638,0.26666668,1,40,114,0.93333334,0.0,-1.37746,2.0495038,0.06666667
600483.SH,17.018158,17.018158,0.00016584972,0.00018804062,0.3774997,0.15725806,1,69,305,0.5,0.0,-0.1658406,2.157332,0.5
600486.SH,18.940968,18.940968,0.00018006426,0.00018804062,0.35791638,0.31111112,1,15,191,0.2777778,0.0,-1.1939029,4.9818444,0.7222222
600487.SH,12.885647,12.885647,0.00012955567,0.00018804062,0.37666637,0.22857143,1,69,305,0.82857144,0.0,-0.9858856,10.171936,0.17142858
600488.SH,22.481026,22.481026,0.0001803984,0.00018804062,0.39666635,0.23477298,1,5,286,0.55813956,0.0,-0.78262335,0.5096559,0.44186047
600489.SH,15.378012,15.378012,0.00015024211,0.00018804062,0.38666636,0.19959678,1,21,149,0.71875,0.0,-1.6869313,10.583328,0.28125
600490.SH,19.533993,19.533993,0.00018837053,0.00018804062,0.3479164,0.1968254,1,21,149,0.33333334,0.0,-1.3818612,3.6521556,0.6666667
600491.SH,8.480325,8.480325,9.03344e-05,0.00018804062,0.38916636,0.30804598,1,52,65,0.93333334,0.0,-1.1989133,-25.998316,0.06666667
600493.SH,13.4218445,13.4218445,0.00012811278,0.00018804062,0.38333303,0.21153846,1,33,251,0.875,0.0,-1.278095,0.87667066,0.125
600495.SH,17.7953,17.7953,0.00016574917,0.00018804062,0.36541638,0.16934046,1,22,208,0.23529412,0.0,-2.266544,4.568787,0.7647059
600496.SH,13.1680975,13.1680975,0.00013852092,0.00018804062,0.3674997,0.13333334,1,91,229,0.6333333,0.0,-1.2604966,2.3560905,0.36666667
600497.SH,10.937466,10.937466,0.00012326645,0.00018804062,0.36458305,0.16091955,1,22,208,0.73333335,0.0,-2.38991,10.084794,0.26666668
600498.SH,17.625994,17.625994,0.00016418962,0.00018804062,0.38333303,0.07096774,1,96,56,0.9354839,0.0,-0.86796135,2.6521673,0.06451613
600499.SH,16.280598,16.280598,0.0001580919,0.00018804062,0.38416636,0.20689656,1,85,6,0.8333333,0.0,-1.1209767,10.751592,0.16666667
600500.SH,19.829653,19.829653,0.00016607453,0.00018804062,0.39749968,0.27738264,1,59,157,0.81578946,0.0,-1.0354737,-24.546251,0.18421052
600501.SH,20.262335,20.262335,0.00017184696,0.00018804062,0.39583302,0.2654949,1,40,114,0.44680852,0.0,-0.9257276,-19.485222,0.5531915
600502.SH,15.244858,15.244858,0.00015673954,0.00018804062,0.38083303,0.11764706,1,52,65,0.7714286,0.0,-0.37221715,3.3880913,0.22857143
600503.SH,16.378935,16.378935,0.00015435256,0.00018804062,0.3566664,0.2016129,1,12,252,0.1875,0.0,-1.6053376,0.35693425,0.8125
600505.SH,19.38492,19.38492,0.00016984888,0.00018804062,0.38833302,0.19237588,1,69,305,0.6458333,0.0,-0.2707542,2.9748833,0.35416666
600506.SH,19.072275,19.072275,0.00018223406,0.00018804062,0.3799997,0.1021021,1,14,83,0.8648649,0.0,-0.59344864,4.84214,0.13513513
600507.SH,12.368973,12.368973,0.00012990051,0.00018804062,0.37583303,0.17011495,1,1,211,0.8333333,0.0,-0.8536001,8.62743,0.16666667
600508.SH,15.629544,15.629544,0.00016372207,0.00018804062,0.36291638,0.17943548,1,22,208,0.78125,0.0,-0.4850656,1.2205844,0.21875
600509.SH,14.056259,14.056259,0.00014195949,0.00018804062,0.3799997,0.19663866,1,80,208,0.7714286,0.0,0.3965229,3.2221322,0.22857143
600510.SH,10.317437,10.317437,0.00010930853,0.00018804062,0.35624972,0.14712644,1,40,114,0.8333333,0.0,-1.4433135,-2.334659,0.16666667
600511.SH,15.194802,15.194802,0.00014932467,0.00018804062,0.36791638,0.21771772,1,61,124,0.6756757,0.0,-0.8873432,2.1117382,0.3243243
600512.SH,9.8238735,9.8238735,0.00011325428,0.00018804062,0.38083303,0.35632184,1,33,251,1.0,0.0,-0.59966666,-0.4885783,0.0
600513.SH,13.206354,13.206354,0.00012019741,0.00018804062,0.3899997,0.46896553,1,33,251,0.73333335,0.0,-1.5306498,-34.642403,0.26666668
600515.SH,17.589169,17.589169,0.00016707506,0.00018804062,0.35499972,0.19310345,1,19,162,0.6666667,0.0,-1.05148,2.1560435,0.33333334
600516.SH,18.814566,18.814566,0.00016163368,0.00018804062,0.36666638,0.2525641,1,7,111,0.775,0.0,-0.97327745,2.45977,0.225
600517.SH,19.51944,19.51944,0.00018800206,0.00018804062,0.36083305,0.23707666,1,7,111,0.2647059,0.0,-1.6745235,4.654008,0.7352941
600518.SH,107.00867,107.00867,0.0007558161,0.00018804062,0.440833,0.14528301,1,80,208,0.925,0.0,-1.211325,1.175533,0.075
600519.SH,341.64847,341.64847,0.0026724082,0.00018804062,0.54916626,0.03619928,1,69,305,0.9309927,0.0,-1.1122108,12.114402,0.06900726
600520.SH,21.073406,21.073406,0.00016630997,0.00018804062,0.38583302,0.38487396,1,69,305,0.62857145,0.0,-1.6118399,3.7686257,0.37142858
600521.SH,8.69883,8.69883,9.7402255e-05,0.00018804062,0.37666637,0.14482759,1,22,208,0.96666664,0.0,-1.9062833,2.5791752,0.033333335
600522.SH,13.076637,13.076637,0.00013026534,0.00018804062,0.36208305,0.14022988,1,22,208,0.53333336,0.0,-1.6092366,2.52007,0.46666667
600523.SH,8.100876,8.100876,9.703314e-05,0.00018804062,0.37416637,0.19569893,1,5,286,0.9032258,0.0,-1.9121164,6.433992,0.09677419
600526.SH,17.826033,17.826033,0.0001710073,0.00018804062,0.37166637,0.116935484,1,15,191,0.78125,0.0,-1.410578,2.1254897,0.21875
600527.SH,16.039125,16.039125,0.00016047222,0.00018804062,0.3749997,0.18003565,1,74,159,0.61764705,0.0,-0.13335587,3.4797792,0.38235295
600528.SH,11.241756,11.241756,0.00012159576,0.00018804062,0.3541664,0.24621212,1,34,43,0.8484849,0.0,-1.582897,2.6594303,0.15151516
600529.SH,18.594284,18.594284,0.0001722499,0.00018804062,0.38916636,0.10967742,1,23,94,0.7419355,0.0,-1.2580546,7.0903683,0.2580645
600530.SH,18.653738,18.653738,0.00017503316,0.00018804062,0.37583303,0.14264265,1,69,305,0.5945946,0.0,-0.5374216,-3.8568382,0.4054054
600531.SH,18.602304,18.602304,0.00017673841,0.00018804062,0.37166637,0.13363363,1,33,251,0.43243244,0.0,-1.252827,6.283092,0.5675676
600533.SH,17.43902,17.43902,0.00016575059,0.00018804062,0.3724997,0.15698925,1,33,251,0.41935483,0.0,-0.86368066,-1.0497794,0.58064514
600535.SH,13.727244,13.727244,0.00013146682,0.00018804062,0.38083303,0.5103448,1,15,191,0.9,0.0,-0.68839335,18.483517,0.1
600536.SH,15.421954,15.421954,0.00014584666,0.00018804062,0.3724997,0.4576613,1,30,30,0.375,0.0,-1.5453467,-15.066566,0.625
600537.SH,46.24309,46.24309,0.00031798772,0.00018804062,0.40416637,0.21920905,1,91,229,0.65,0.0,-0.30743837,-19.111021,0.35
600538.SH,24.262,24.262,0.00019945887,0.00018804062,0.40416637,0.2,1,87,102,0.84,0.0,-1.265366,-14.7683935,0.16
600539.SH,17.140339,17.140339,0.00014418035,0.00018804062,0.3899997,0.3226891,1,20,96,0.9142857,0.0,-1.3772401,-27.850168,0.08571429
600540.SH,15.9887495,15.9887495,0.00013751564,0.00018804062,0.39583302,0.31904763,1,2,80,0.7222222,0.0,-1.1079694,-27.007744,0.2777778
600543.SH,20.17112,20.17112,0.00017111211,0.00018804062,0.3924997,0.27575758,1,90,27,0.73333335,0.0,-1.6506156,-15.437755,0.26666668
600545.SH,14.294746,14.294746,0.00012861981,0.00018804062,0.39166635,0.3873016,1,5,286,0.8611111,0.0,-1.3505027,-27.386618,0.1388889
600546.SH,16.707561,16.707561,0.00016290009,0.00018804062,0.36583304,0.13825758,1,57,68,0.4848485,0.0,-0.46205458,2.778469,0.5151515
600547.SH,15.843774,15.843774,0.00015633047,0.00018804062,0.36833304,0.057471264,1,57,68,0.8333333,0.0,-1.5804801,5.4854994,0.16666667
600548.SH,21.925777,21.925777,0.0002031049,0.00018804062,0.35749972,0.17638691,1,69,305,0.5,0.0,-0.7805763,4.0722733,0.5
600549.SH,16.406872,16.406872,0.00016055,0.00018804062,0.37583303,0.06818182,1,69,305,0.6060606,0.0,-1.5181727,5.9460506,0.3939394
600550.SH,58.95028,58.95028,0.00044627197,0.00018804062,0.42499965,0.1654979,1,95,151,0.9247312,0.0,-1.5573732,11.629565,0.07526882
600551.SH,16.550354,16.550354,0.00016132498,0.00018804062,0.36666638,0.21022727,1,91,229,0.27272728,0.0,-0.7049697,-2.8910422,0.72727275
600552.SH,15.440731,15.440731,0.00015227469,0.00018804062,0.34833306,0.15615615,1,12,252,0.3783784,0.0,-1.4848324,1.074992,0.6216216
600556.SH,13.640177,13.640177,0.00012856633,0.00018804062,0.36333305,0.34879032,1,74,159,1.0,0.0,-1.5212282,0.6096281,0.0
600557.SH,17.318794,17.318794,0.0001647083,0.00018804062,0.37833303,0.12878788,1,17,17,0.6666667,0.0,-1.4975668,4.4942465,0.33333334
600558.SH,13.64424,13.64424,0.00013526603,0.00018804062,0.37916636,0.18850575,1,21,149,0.6666667,0.0,-1.1742634,5.944815,0.33333334
600559.SH,15.566041,15.566041,0.00014921522,0.00018804062,0.3874997,0.25668448,1,93,192,0.8235294,0.0,-0.068964705,11.301875,0.1764706
600560.SH,10.659485,10.659485,0.00011736405,0.00018804062,0.35999972,0.19139785,1,5,286,0.83870965,0.0,-0.4038516,4.9256067,0.16129032
600561.SH,19.320238,19.320238,0.00018324153,0.00018804062,0.37083304,0.09982175,1,69,305,0.7941176,0.0,-0.98090005,2.4625149,0.20588236
600562.SH,13.131143,13.131143,0.00013011064,0.00018804062,0.3799997,0.35172415,1,27,217,0.7,0.0,-0.9214534,14.256121,0.3
600563.SH,20.758497,20.758497,0.00018169208,0.00018804062,0.403333,0.30429733,1,69,305,0.71428573,0.0,-1.8056499,17.2773,0.2857143
600566.SH,19.646431,19.646431,0.00017375108,0.00018804062,0.3874997,0.27353266,1,93,192,0.90697676,0.0,-1.4277395,11.130783,0.093023255
600567.SH,8.751269,8.751269,9.514109e-05,0.00018804062,0.39083302,0.3268817,1,2,80,0.9354839,0.0,0.07492905,-23.751228,0.06451613
600569.SH,17.757994,17.757994,0.00015225454,0.00018804062,0.38666636,0.32380953,1,15,191,0.6944444,0.0,-1.4446387,-28.690605,0.30555555
600570.SH,18.102938,18.102938,0.00016137162,0.00018804062,0.3824997,0.35222673,1,7,111,0.5897436,0.0,-0.8683667,13.845771,0.41025642
600571.SH,13.622333,13.622333,0.00014011255,0.00018804062,0.38083303,0.103225805,1,91,229,0.6451613,0.0,-1.8807905,2.552142,0.3548387
600572.SH,10.548026,10.548026,0.00010904186,0.00018804062,0.3849997,0.40430108,1,5,286,0.9677419,0.0,-0.53336775,15.239477,0.032258064
600573.SH,19.130339,19.130339,0.0001761317,0.00018804062,0.36083305,0.16733871,1,69,305,0.625,0.0,-1.3236468,4.018259,0.375
600575.SH,15.157882,15.157882,0.00015027479,0.00018804062,0.35999972,0.07526882,1,93,192,0.7741935,0.0,-0.14244837,0.9081555,0.22580644
600576.SH,11.151378,11.151378,0.00011761137,0.00018804062,0.37333304,0.2735632,1,87,102,0.8333333,0.0,-1.1025767,8.737285,0.16666667
600577.SH,19.626158,19.626158,0.00018694703,0.00018804062,0.36708304,0.07575758,1,19,162,0.75757575,0.0,-0.4855727,4.2253213,0.24242425
600578.SH,11.3117695,11.3117695,0.00012275745,0.00018804062,0.35333306,0.26881722,1,93,192,0.9677419,0.0,0.24088389,8.602654,0.032258064
600579.SH,14.337514,14.337514,0.00014068522,0.00018804062,0.3874997,0.12873563,1,95,151,0.8,0.0,-0.68616664,-9.790205,0.2
600580.SH,19.708866,19.708866,0.00017982436,0.00018804062,0.36791638,0.24426451,1,61,124,0.30769232,0.0,-1.5493513,3.8014338,0.6923077
600582.SH,12.402984,12.402984,0.00012491591,0.00018804062,0.39999968,0.1908046,1,1,211,0.8666667,0.0,-1.0378367,14.489561,0.13333334
600583.SH,13.722383,13.722383,0.0001352223,0.00018804062,0.3949997,0.14942528,1,69,305,0.7,0.0,-0.19438666,2.264502,0.3
600584.SH,16.869753,16.869753,0.00016088535,0.00018804062,0.37333304,0.12701613,1,1,211,0.5625,0.0,-1.6119125,1.6999183,0.4375
600585.SH,8.783405,8.783405,0.000101035796,0.00018804062,0.3774997,0.22068965,1,20,96,0.8,0.0,-0.35881668,0.7730987,0.2
600586.SH,13.899262,13.899262,0.0001291169,0.00018804062,0.39749968,0.34984985,1,43,94,0.8108108,0.0,-1.0539918,-24.469793,0.1891892
600587.SH,10.679064,10.679064,0.00011520479,0.00018804062,0.35999972,0.052873563,1,12,252,0.73333335,0.0,-0.3213033,2.48982,0.26666668
600588.SH,20.982145,20.982145,0.00017231745,0.00018804062,0.38833302,0.34984985,1,5,286,0.6486486,0.0,-1.9611028,-25.958975,0.35135135
600589.SH,22.593435,22.593435,0.00016684897,0.00018804062,0.38833302,0.3407258,1,40,114,0.75,0.0,-1.5987437,-22.710783,0.25
600590.SH,17.293926,17.293926,0.00016251628,0.00018804062,0.37416637,0.24798387,1,51,81,0.34375,0.0,-0.42375,3.1978843,0.65625
600592.SH,18.228819,18.228819,0.00017194009,0.00018804062,0.34874973,0.445977,1,102,50,0.13333334,0.0,-1.3862901,1.5271606,0.8666667
600593.SH,24.925491,24.925491,0.000206556,0.00018804062,0.38833302,0.2797619,1,102,50,0.5102041,0.0,-1.5572877,10.500546,0.48979592
600594.SH,19.616356,19.616356,0.00017744831,0.00018804062,0.37458304,0.24064171,1,77,117,0.4117647,0.0,-1.3000324,-1.1123959,0.5882353
600595.SH,17.079395,17.079395,0.00017018887,0.00018804062,0.35916638,0.37967914,1,30,30,0.3529412,0.0,-1.0990382,4.6574006,0.64705884
600596.SH,14.968147,14.968147,0.00015113936,0.00018804062,0.36958304,0.2777778,1,91,229,0.5945946,0.0,-1.3290217,-0.37658063,0.4054054
600597.SH,12.636786,12.636786,0.00012789229,0.00018804062,0.40416634,0.17992425,1,69,305,0.75757575,0.0,-0.4286213,-8.033794,0.24242425
600598.SH,16.54784,16.54784,0.00015064466,0.00018804062,0.3899997,0.3108108,1,93,192,0.7837838,0.0,-0.91285956,15.791428,0.21621622
600600.SH,19.835808,19.835808,0.00017962497,0.00018804062,0.39333302,0.32358155,1,2,80,0.45833334,0.0,-1.1374959,14.09748,0.5416667
600601.SH,13.734703,13.734703,0.00013280804,0.00018804062,0.36958304,0.31034482,1,57,68,0.6333333,0.0,-1.0088732,17.442755,0.36666667
600602.SH,10.8822975,10.8822975,0.000114694914,0.00018804062,0.35833305,0.10804598,1,21,149,0.56666666,0.0,-1.7295899,0.5055965,0.43333334
600603.SH,11.140508,11.140508,0.00012471744,0.00018804062,0.34833306,0.2137931,1,19,162,0.8666667,0.0,-0.17199673,4.2516804,0.13333334
600604.SH,18.803215,18.803215,0.0001620619,0.00018804062,0.39916635,0.25555557,1,12,252,0.5777778,0.0,-1.3642,-19.154228,0.42222223
600605.SH,11.882386,11.882386,0.00012518185,0.00018804062,0.37666637,0.20075758,1,5,286,0.75757575,0.0,-0.11928482,0.33763397,0.24242425
600606.SH,20.197594,20.197594,0.00017862435,0.00018804062,0.400833,0.27510205,1,2,80,0.56,0.0,-1.077658,-18.074917,0.44
600609.SH,16.586977,16.586977,0.00015475154,0.00018804062,0.3899997,0.18758434,1,80,208,0.7692308,0.0,-0.78038967,16.705505,0.23076923
600610.SH,109.94325,109.94325,0.00081145705,0.00018804062,0.44999963,0.11276857,1,57,68,0.95027626,0.0,-1.763678,13.299772,0.049723756
600611.SH,15.307913,15.307913,0.00015420355,0.00018804062,0.3516664,0.16856061,1,7,111,0.6060606,0.0,-1.0596879,2.5356421,0.3939394
600612.SH,15.54697,15.54697,0.00015538627,0.00018804062,0.3849997,0.16984127,1,87,102,0.6666667,0.0,-0.3713167,7.573724,0.33333334
600613.SH,11.489692,11.489692,0.00011653398,0.00018804062,0.36916637,0.13103448,1,27,217,0.8333333,0.0,-1.7488835,-4.146063,0.16666667
600615.SH,12.085942,12.085942,0.000120430785,0.00018804062,0.3737497,0.26554623,1,93,192,0.94285715,0.0,-1.3506685,1.9365942,0.057142857
600616.SH,109.81453,109.81453,0.0007811299,0.00018804062,0.435833,0.1256395,1,43,94,0.94827586,0.0,-1.3860638,1.3427535,0.05172414
600617.SH,19.88584,19.88584,0.00018242034,0.00018804062,0.39083302,0.13658537,1,19,162,0.75609756,0.0,-1.4760756,-9.009047,0.24390244
600618.SH,13.89878,13.89878,0.00014216358,0.00018804062,0.3637497,0.14252874,1,15,191,0.73333335,0.0,-0.6694833,1.1037966,0.26666668
600619.SH,12.7044,12.7044,0.00012764517,0.00018804062,0.36333305,0.14838709,1,23,94,0.83870965,0.0,-1.957213,4.2090387,0.16129032
600620.SH,16.16573,16.16573,0.0001654258,0.00018804062,0.3541664,0.18655463,1,12,252,0.42857143,0.0,-1.20464,1.4346943,0.5714286
600621.SH,15.636904,15.636904,0.00015351686,0.00018804062,0.3529164,0.18709677,1,40,114,0.3548387,0.0,-0.9172387,5.3129034,0.6451613
600622.SH,53.063503,53.063503,0.00037657574,0.00018804062,0.40416637,0.28720036,1,80,208,0.880597,0.0,-1.5831149,-20.613907,0.11940298
600623.SH,11.557369,11.557369,0.00012656939,0.00018804062,0.36333305,0.12643678,1,91,229,0.76666665,0.0,0.48855007,2.5132468,0.23333333
600626.SH,13.632792,13.632792,0.00013820933,0.00018804062,0.39333302,0.13548388,1,80,208,0.7096774,0.0,-1.3487679,-3.3990908,0.29032257
600628.SH,19.165304,19.165304,0.00017607848,0.00018804062,0.35499972,0.26451612,1,61,124,0.2580645,0.0,-1.6957322,5.000532,0.7419355
600629.SH,9.485023,9.485023,9.8245466e-05,0.00018804062,0.36666638,0.2045977,1,40,114,0.76666665,0.0,-0.34978667,2.167782,0.23333333
600630.SH,17.842697,17.842697,0.00016869839,0.00018804062,0.35083306,0.14112903,1,93,192,0.5,0.0,-1.4090562,0.9744177,0.5
600633.SH,17.647009,17.647009,0.00016842187,0.00018804062,0.38583302,0.12473118,1,1,211,0.61290324,0.0,-0.70185804,4.846727,0.38709676
600635.SH,12.6953,12.6953,0.00013466265,0.00018804062,0.35958305,0.2215909,1,12,252,0.6969697,0.0,-0.056003034,6.7776413,0.3030303
600637.SH,10.426711,10.426711,0.00011322113,0.00018804062,0.36416638,0.085057475,1,33,251,0.6333333,0.0,-0.05903997,-0.8889666,0.36666667
600638.SH,6.9530163,6.9530163,8.151976e-05,0.00018804062,0.36083305,0.13793103,1,59,157,0.9,0.0,-0.8989933,-7.181953,0.1
600639.SH,15.524815,15.524815,0.00015177186,0.00018804062,0.3799997,0.14193548,1,52,65,0.87096775,0.0,-0.39941612,0.8685756,0.12903225
600640.SH,21.660452,21.660452,0.00017813501,0.00018804062,0.36833304,0.24862745,1,22,208,0.47058824,0.0,-1.2886038,-0.04565296,0.5294118
600641.SH,15.722943,15.722943,0.00014614213,0.00018804062,0.39166635,0.15862069,1,69,305,0.76666665,0.0,-1.8200834,-6.4216003,0.23333333
600642.SH,12.936448,12.936448,0.00013269595,0.00018804062,0.37166637,0.23106061,1,21,149,0.93939394,0.0,1.0554727,6.6031938,0.060606062
600643.SH,7.9847136,7.9847136,9.639242e-05,0.00018804062,0.3504164,0.24597701,1,12,252,0.8333333,0.0,-0.80454,4.95712,0.16666667
600644.SH,11.802856,11.802856,0.00011038899,0.00018804062,0.37833303,0.37478992,1,93,192,0.85714287,0.0,0.54018855,3.370577,0.14285715
600645.SH,9.021071,9.021071,0.00010054035,0.00018804062,0.36333305,0.09195402,1,91,229,0.96666664,0.0,-1.5462735,1.2299607,0.033333335
600648.SH,10.321498,10.321498,0.00011128624,0.00018804062,0.37416637,0.07126437,1,19,162,0.96666664,0.0,-0.53921664,2.1708086,0.033333335
600649.SH,16.211077,16.211077,0.00015801436,0.00018804062,0.37583303,0.094623655,1,22,208,0.8064516,0.0,-0.64792585,-0.7891716,0.19354838
600650.SH,7.2287297,7.2287297,9.3082694e-05,0.00018804062,0.35374972,0.33333334,1,12,252,0.9,0.0,-0.13453665,4.770637,0.1
600651.SH,15.622285,15.622285,0.0001491929,0.00018804062,0.3824997,0.18151261,1,68,6,0.8857143,0.0,-1.9106029,1.9674633,0.114285715
600653.SH,18.761417,18.761417,0.00015783786,0.00018804062,0.37083304,0.28235295,1,80,208,0.7714286,0.0,-1.0423514,1.7637429,0.22857143
600654.SH,8.208244,8.208244,8.305516e-05,0.00018804062,0.3849997,0.22528736,1,15,191,0.8666667,0.0,-0.65676004,-6.761591,0.13333334
600655.SH,16.59295,16.59295,0.00016245215,0.00018804062,0.36583304,0.23295455,1,21,149,0.5151515,0.0,-1.0560455,-1.7199897,0.4848485
600657.SH,75.60242,75.60242,0.0005388795,0.00018804062,0.438333,0.17209908,1,1,211,0.9322034,0.0,-1.2031543,-13.879148,0.06779661
600658.SH,18.42455,18.42455,0.00015351282,0.00018804062,0.3899997,0.3328592,1,80,208,0.6315789,0.0,-1.4098788,-23.830545,0.36842105
600660.SH,13.05947,13.05947,0.00014058301,0.00018804062,0.36458305,0.22537878,1,19,162,0.8484849,0.0,-1.5948123,3.7751787,0.15151516
600661.SH,14.891203,14.891203,0.0001454712,0.00018804062,0.34999973,0.31048387,1,43,94,0.3125,0.0,-0.5850405,4.3308606,0.6875
600662.SH,11.119865,11.119865,0.000118353775,0.00018804062,0.3899997,0.21401516,1,2,80,0.90909094,0.0,-1.0727333,11.344906,0.09090909
600663.SH,13.798934,13.798934,0.00013985873,0.00018804062,0.3541664,0.089655176,1,93,192,0.6666667,0.0,-0.03399335,1.6777431,0.33333334
600664.SH,14.6690855,14.6690855,0.00014134072,0.00018804062,0.3762497,0.105747126,1,93,192,0.46666667,0.0,-0.89898,2.4001687,0.53333336
600665.SH,14.609746,14.609746,0.00013309687,0.00018804062,0.3849997,0.3579832,1,20,96,0.6571429,0.0,-1.3095515,-29.94562,0.34285715
600666.SH,19.60374,19.60374,0.0001655895,0.00018804062,0.3924997,0.23273273,1,20,96,0.9189189,0.0,-2.3171513,12.753733,0.08108108
600667.SH,9.627484,9.627484,0.000105670406,0.00018804062,0.39083302,0.1908046,1,95,151,0.8666667,0.0,0.5085033,2.5436745,0.13333334
600668.SH,10.207057,10.207057,0.0001112045,0.00018804062,0.3774997,0.29885057,1,59,157,0.93333334,0.0,-0.82361335,9.086506,0.06666667
600671.SH,41.427692,41.427692,0.0003142528,0.00018804062,0.39416635,0.31268263,1,27,217,0.84745765,0.0,-1.8671405,14.805135,0.15254237
600673.SH,18.14345,18.14345,0.00016084305,0.00018804062,0.38583302,0.1979798,1,69,305,0.73333335,0.0,-1.0635978,3.574691,0.26666668
600674.SH,16.656124,16.656124,0.0001520367,0.00018804062,0.38416636,0.31707317,1,27,217,0.5714286,0.0,-0.26491666,13.418526,0.42857143
600675.SH,18.670774,18.670774,0.00017406471,0.00018804062,0.38333303,0.14414415,1,69,305,0.5405405,0.0,-1.2093081,-1.9130328,0.45945945
600676.SH,16.699448,16.699448,0.0001497068,0.00018804062,0.3924997,0.3117409,1,80,208,0.61538464,0.0,-1.4829385,-21.877823,0.3846154
600678.SH,15.511252,15.511252,0.00014066824,0.00018804062,0.40416634,0.1904762,1,20,96,0.9722222,0.0,-0.75726104,5.311462,0.027777778
600679.SH,9.229712,9.229712,0.00010393612,0.00018804062,0.38083303,0.18064517,1,80,208,0.7741935,0.0,-1.0156162,7.965158,0.22580644
600681.SH,10.839129,10.839129,0.00012027293,0.00018804062,0.35749972,0.31612903,1,26,39,0.87096775,0.0,0.7417096,7.475897,0.12903225
600682.SH,15.886,15.886,0.00016068725,0.00018804062,0.3699997,0.1733871,1,5,286,0.6875,0.0,-0.33390313,4.2688313,0.3125
600683.SH,20.287985,20.287985,0.00016236733,0.00018804062,0.3924997,0.33333334,1,19,162,1.0,0.0,-1.3051001,-26.23141,0.0
600684.SH,15.353278,15.353278,0.00015406816,0.00018804062,0.3874997,0.17613636,1,96,56,0.8484849,0.0,-0.8596697,7.9096494,0.15151516
600685.SH,16.298605,16.298605,0.00015606104,0.00018804062,0.35791638,0.19354838,1,12,252,0.2580645,0.0,-0.36124843,-1.391593,0.7419355
600686.SH,9.33565,9.33565,0.000104097606,0.00018804062,0.37666637,0.17701149,1,33,251,0.6666667,0.0,-1.0799667,2.4982615,0.33333334
600688.SH,16.793627,16.793627,0.00015075089,0.00018804062,0.39666635,0.22093023,1,52,65,0.95454544,0.0,-1.0222181,-17.793655,0.045454547
600689.SH,8.888371,8.888371,0.00010198658,0.00018804062,0.38833302,0.28735632,1,2,80,0.93333334,0.0,-0.52941334,-1.3778894,0.06666667
600690.SH,10.622409,10.622409,0.00010943068,0.00018804062,0.38916636,0.36129034,1,27,217,0.67741936,0.0,0.15806128,20.01291,0.32258064
600691.SH,19.313429,19.313429,0.00015737354,0.00018804062,0.39583302,0.35828876,1,23,94,0.7941176,0.0,-1.3269178,-29.60637,0.20588236
600692.SH,14.707595,14.707595,0.00014783992,0.00018804062,0.3674997,0.16031747,1,93,192,0.9444444,0.0,-0.38535833,-0.12140751,0.055555556
600693.SH,17.890368,17.890368,0.0001679893,0.00018804062,0.36541638,0.11904762,1,95,151,0.8611111,0.0,-0.8117694,-1.3561016,0.1388889
600694.SH,11.079211,11.079211,0.00012154729,0.00018804062,0.35458305,0.2172043,1,5,286,0.83870965,0.0,-0.7210677,0.14122649,0.16129032
600697.SH,15.958631,15.958631,0.00016215107,0.00018804062,0.3749997,0.1891892,1,87,102,0.5135135,0.0,-0.9522838,-1.3884758,0.4864865
600698.SH,131.19327,131.19327,0.00090490835,0.00018804062,0.46166632,0.13701658,1,1,211,0.9171271,0.0,-1.1659161,0.9496777,0.08287293
600699.SH,17.323503,17.323503,0.00016782043,0.00018804062,0.3724997,0.13368984,1,95,151,0.7941176,0.0,-0.8602353,3.7645257,0.20588236
600702.SH,15.333273,15.333273,0.00015257073,0.00018804062,0.36833304,0.15632184,1,69,305,0.6333333,0.0,0.42674664,5.8500595,0.36666667
600703.SH,28.24666,28.24666,0.00021739527,0.00018804062,0.3874997,0.21938775,1,12,252,0.71428573,0.0,-1.1772469,2.6887634,0.2857143
600704.SH,21.691652,21.691652,0.00020183135,0.00018804062,0.37041637,0.15757576,1,23,94,0.51111114,0.0,-1.3269933,5.998985,0.4888889
600706.SH,17.042732,17.042732,0.00016035838,0.00018804062,0.39166635,0.11586453,1,1,211,0.5588235,0.0,-0.7424647,-5.461978,0.44117647
600707.SH,14.101246,14.101246,0.00014058623,0.00018804062,0.37583303,0.13257575,1,69,305,0.8787879,0.0,-2.1257393,-0.6811292,0.121212125
600708.SH,17.990896,17.990896,0.00016152154,0.00018804062,0.3924997,0.21010101,1,14,83,0.8666667,0.0,-0.5428045,-19.70126,0.13333334
600710.SH,16.190407,16.190407,0.00015893455,0.00018804062,0.3899997,0.1929293,1,33,251,0.6888889,0.0,-1.1358533,12.864467,0.31111112
600711.SH,7.8635354,7.8635354,9.2131064e-05,0.00018804062,0.35624972,0.2091954,1,20,96,0.8333333,0.0,-1.0048001,5.5956964,0.16666667
600712.SH,20.308046,20.308046,0.00018551451,0.00018804062,0.3849997,0.18493909,1,12,252,0.4883721,0.0,-1.3017697,-8.915182,0.5116279
600713.SH,11.993561,11.993561,0.00013147767,0.00018804062,0.34874973,0.3908046,1,27,217,0.9,0.0,-0.77180666,3.6720307,0.1
600714.SH,13.088753,13.088753,0.00013695876,0.00018804062,0.3799997,0.13793103,1,91,229,0.7,0.0,-0.49434662,2.8417535,0.3
600715.SH,19.6802,19.6802,0.00016491527,0.00018804062,0.40416634,0.24113475,1,74,159,0.7291667,0.0,-1.371152,-19.007364,0.27083334
600716.SH,23.414282,23.414282,0.00018734053,0.00018804062,0.39499968,0.27395412,1,12,252,0.7692308,0.0,-1.5491053,-17.520372,0.23076923
600717.SH,12.697961,12.697961,0.0001344505,0.00018804062,0.3687497,0.17943548,1,59,157,0.875,0.0,-1.10745,6.3802643,0.125
600718.SH,16.332827,16.332827,0.00015362266,0.00018804062,0.38666636,0.32413793,1,77,117,0.33333334,0.0,-1.1163733,-8.1826105,0.6666667
600719.SH,25.091366,25.091366,0.00019498973,0.00018804062,0.39583302,0.28792912,1,94,65,0.76744187,0.0,-1.363007,-23.249733,0.23255815
600720.SH,17.253689,17.253689,0.00016650063,0.00018804062,0.36333305,0.12643678,1,74,159,0.6333333,0.0,-0.8132567,2.9623833,0.36666667
600721.SH,20.176908,20.176908,0.0001915519,0.00018804062,0.38666636,0.26031747,1,51,81,0.3888889,0.0,-1.6026639,4.135788,0.6111111
600722.SH,14.005394,14.005394,0.00013544914,0.00018804062,0.39916635,0.24324325,1,91,229,0.7567568,0.0,-2.0896702,7.3911667,0.24324325
600724.SH,9.405809,9.405809,0.00010615738,0.00018804062,0.3824997,0.1632184,1,27,217,0.8333333,0.0,-1.7181933,7.768318,0.16666667
600725.SH,25.067677,25.067677,0.00019770107,0.00018804062,0.39749968,0.22938776,1,7,111,0.68,0.0,-1.351018,-17.40445,0.32
600726.SH,9.609642,9.609642,0.00010346301,0.00018804062,0.38333303,0.25604838,1,46,1,1.0,0.0,0.333675,13.613738,0.0
600727.SH,11.947347,11.947347,0.00012403891,0.00018804062,0.3899997,0.14252874,1,91,229,0.6,0.0,-2.0891166,-8.457057,0.4
600728.SH,12.0518055,12.0518055,0.0001248565,0.00018804062,0.36124972,0.14942528,1,5,286,0.8,0.0,-0.08268666,2.0705197,0.2
600729.SH,12.186343,12.186343,0.00013649138,0.00018804062,0.37166637,0.24597701,1,80,208,0.8,0.0,-1.0661699,8.186771,0.2
600730.SH,18.270199,18.270199,0.00015172012,0.00018804062,0.38083303,0.24324325,1,2,80,0.65789473,0.0,-0.8060342,1.6519816,0.34210527
600731.SH,11.259323,11.259323,0.00012278321,0.00018804062,0.3674997,0.21512605,1,19,162,1.0,0.0,-1.2370286,4.655271,0.0
600732.SH,21.928495,21.928495,0.0001776928,0.00018804062,0.398333,0.23428571,1,61,124,0.56,0.0,-1.484462,-19.468836,0.44
600733.SH,197.17593,197.17593,0.0014346419,0.00018804062,0.5191663,0.06457153,1,1,211,0.9512195,0.0,-1.2897359,-10.911714,0.048780486
600734.SH,42.373417,42.373417,0.00029699257,0.00018804062,0.4149997,0.27142859,1,80,208,0.78571427,0.0,-1.5983374,-19.084547,0.21428572
600736.SH,19.528341,19.528341,0.0001882996,0.00018804062,0.3649997,0.11184939,1,57,68,0.55813956,0.0,-1.7356676,3.3024442,0.44186047
600737.SH,15.689753,15.689753,0.00015890178,0.00018804062,0.35833305,0.1724138,1,87,102,0.6,0.0,-0.5990766,3.277867,0.4
600738.SH,10.736783,10.736783,0.000108217915,0.00018804062,0.37583303,0.3815126,1,27,217,0.94285715,0.0,-0.5191885,13.2317705,0.057142857
600739.SH,16.122438,16.122438,0.0001609718,0.00018804062,0.36791638,0.31451613,1,43,94,0.375,0.0,0.048015565,-0.06450313,0.625
600740.SH,9.715177,9.715177,0.00010439451,0.00018804062,0.37916636,0.2413793,1,12,252,0.6,0.0,-0.63718665,-15.89354,0.4
600741.SH,15.114247,15.114247,0.00015603381,0.00018804062,0.38166636,0.24777183,1,27,217,0.47058824,0.0,-1.0662706,6.8633475,0.5294118
600742.SH,19.381304,19.381304,0.00018146752,0.00018804062,0.36583304,0.28787878,1,93,192,0.21212122,0.0,-1.5575696,5.403797,0.7878788
600743.SH,24.008633,24.008633,0.00018548821,0.00018804062,0.400833,0.25555557,1,15,191,0.82222223,0.0,-1.250509,-24.265015,0.17777778
600744.SH,21.12951,21.12951,0.00018313168,0.00018804062,0.40416634,0.1640058,1,95,151,0.8490566,0.0,-0.071052834,-6.12828,0.1509434
600745.SH,18.092707,18.092707,0.000172048,0.00018804062,0.3749997,0.104761906,1,93,192,0.5277778,0.0,-1.7553166,4.690578,0.4722222
600746.SH,11.454905,11.454905,0.00012387804,0.00018804062,0.35999972,0.13333334,1,26,39,0.73333335,0.0,0.85209006,0.5876635,0.26666668
600748.SH,16.791418,16.791418,0.00015272383,0.00018804062,0.39083302,0.2289855,1,102,50,0.5652174,0.0,-1.021974,-13.604153,0.4347826
600749.SH,14.471412,14.471412,0.00014068211,0.00018804062,0.38166636,0.16399287,1,102,50,0.61764705,0.0,-0.5851353,6.1643023,0.38235295
600750.SH,22.92215,22.92215,0.00019755871,0.00018804062,0.3824997,0.35,1,42,3,0.9512195,0.0,-0.034351233,16.848934,0.048780486
600751.SH,12.182288,12.182288,0.00013191407,0.00018804062,0.35499972,0.21505377,1,42,3,0.9354839,0.0,-0.43213227,6.513468,0.06451613
600754.SH,15.383089,15.383089,0.00015319308,0.00018804062,0.34958306,0.27586207,1,26,39,0.43333334,0.0,0.58725667,3.7516098,0.56666666
600755.SH,14.307053,14.307053,0.00014470404,0.00018804062,0.38083303,0.1590909,1,15,191,0.75757575,0.0,-1.1428878,1.7804698,0.24242425
600756.SH,14.795604,14.795604,0.00012082216,0.00018804062,0.39416635,0.5264368,1,95,151,0.9,0.0,-1.6661366,-31.171,0.1
600757.SH,18.14212,18.14212,0.00017715515,0.00018804062,0.37083304,0.1904762,1,33,251,0.3888889,0.0,-1.8992,6.1150627,0.6111111
600758.SH,13.710981,13.710981,0.00012816234,0.00018804062,0.41833302,0.25641027,1,80,208,0.82051283,0.0,-0.717518,-16.068373,0.17948718
600759.SH,9.370523,9.370523,9.9460536e-05,0.00018804062,0.3787497,0.32413793,1,22,208,0.9,0.0,1.0906501,7.47041,0.1
600760.SH,16.677036,16.677036,0.00015886356,0.00018804062,0.38083303,0.13621262,1,52,65,0.6511628,0.0,-0.7182977,7.952765,0.3488372
600761.SH,15.672751,15.672751,0.00015425636,0.00018804062,0.39583302,0.23902439,1,5,286,0.70731705,0.0,-1.1875683,11.488667,0.29268292
600763.SH,12.900931,12.900931,0.00013640588,0.00018804062,0.37833303,0.17849462,1,95,151,0.7096774,0.0,-0.42515162,6.6462374,0.29032257
600764.SH,18.678135,18.678135,0.0001703087,0.00018804062,0.34999973,0.10685484,1,93,192,0.65625,0.0,-0.27136248,3.0586925,0.34375
600765.SH,11.7449255,11.7449255,0.00012602749,0.00018804062,0.36416638,0.2809524,1,69,305,0.8055556,0.0,-0.4385611,3.2158532,0.19444445
600768.SH,18.891973,18.891973,0.0001769294,0.00018804062,0.39083302,0.11818182,1,69,305,0.62222224,0.0,-1.8568155,6.177202,0.37777779
600769.SH,81.09052,81.09052,0.00059032085,0.00018804062,0.42499965,0.18655463,1,33,251,0.8833333,0.0,-1.8461608,11.17759,0.11666667
600770.SH,13.569364,13.569364,0.00014287596,0.00018804062,0.3529164,0.2413793,1,69,305,0.6333333,0.0,-0.96429,1.7695432,0.36666667
600771.SH,11.772242,11.772242,0.00011868901,0.00018804062,0.38166636,0.32903227,1,69,305,0.7419355,0.0,-1.0248421,11.550283,0.2580645
600773.SH,28.071795,28.071795,0.00021138949,0.00018804062,0.40416634,0.2289855,1,24,84,0.84782606,0.0,-1.5090393,-19.69031,0.1521739
600774.SH,18.431376,18.431376,0.00017207635,0.00018804062,0.37916636,0.12689394,1,14,83,0.72727275,0.0,-1.5124484,-1.6544534,0.27272728
600775.SH,28.652576,28.652576,0.00020822285,0.00018804062,0.3699997,0.3707665,1,90,27,0.7352941,0.0,-0.7701706,2.1699324,0.2647059
600776.SH,11.229924,11.229924,0.000114213115,0.00018804062,0.39083302,0.23697479,1,5,286,0.71428573,0.0,-2.0367515,14.796452,0.2857143
600778.SH,19.473074,19.473074,0.00018554252,0.00018804062,0.35999972,0.257468,1,77,117,0.36842105,0.0,-1.4818447,2.3697395,0.6315789
600779.SH,21.812933,21.812933,0.00018458678,0.00018804062,0.3899997,0.4402852,1,11,17,0.5294118,0.0,-0.754353,8.408664,0.47058824
600780.SH,10.822729,10.822729,0.00011836774,0.00018804062,0.36208305,0.3262032,1,26,39,0.7352941,0.0,1.5784059,6.8780475,0.2647059
600782.SH,13.997775,13.997775,0.00013535329,0.00018804062,0.38333303,0.25604552,1,26,39,0.6315789,0.0,-0.38754213,-15.487387,0.36842105
600783.SH,14.290549,14.290549,0.00014408203,0.00018804062,0.37541637,0.21780303,1,27,217,0.8181818,0.0,-1.221,10.495252,0.18181819
600784.SH,14.627337,14.627337,0.00014516187,0.00018804062,0.37166637,0.14942528,1,80,208,0.56666666,0.0,-1.3045667,3.9896019,0.43333334
600785.SH,13.3446245,13.3446245,0.00014181239,0.00018804062,0.3541664,0.31048387,1,53,16,0.65625,0.0,-0.9097469,4.220525,0.34375
600787.SH,14.960225,14.960225,0.00015251614,0.00018804062,0.36166638,0.09411765,1,23,94,0.7714286,0.0,-1.3749658,2.767503,0.22857143
600789.SH,11.224658,11.224658,0.00011864201,0.00018804062,0.39749968,0.11034483,1,6,36,0.96666664,0.0,-1.4541767,0.7032617,0.033333335
600790.SH,7.4916954,7.4916954,8.540341e-05,0.00018804062,0.3849997,0.33333334,1,20,96,0.93333334,0.0,-0.6249966,-19.323416,0.06666667
600791.SH,27.76443,27.76443,0.00021511946,0.00018804062,0.39166635,0.22496371,1,12,252,0.5849057,0.0,-1.0516734,-19.024624,0.41509435
600792.SH,18.465448,18.465448,0.0001544427,0.00018804062,0.3849997,0.44959676,1,20,96,0.78125,0.0,-0.17160624,-31.886185,0.21875
600793.SH,14.12303,14.12303,0.00013244551,0.00018804062,0.3737497,0.26190478,1,2,80,0.8055556,0.0,-1.6098446,14.448345,0.19444445
600794.SH,14.612057,14.612057,0.00014040718,0.00018804062,0.3674997,0.14081997,1,12,252,0.64705884,0.0,-1.2112999,-4.649634,0.3529412
600795.SH,15.583928,15.583928,0.00016218032,0.00018804062,0.3541664,0.1996435,1,22,208,0.8235294,0.0,1.0651178,6.2761416,0.1764706
600796.SH,12.708699,12.708699,0.00013592067,0.00018804062,0.35791638,0.30641025,1,19,162,0.825,0.0,-1.2567375,4.574935,0.175
600797.SH,17.866354,17.866354,0.00015077296,0.00018804062,0.36666638,0.3,1,57,68,0.75,0.0,-0.6688972,1.7627168,0.25
600798.SH,15.343199,15.343199,0.0001561826,0.00018804062,0.35874972,0.16042781,1,19,162,0.88235295,0.0,-1.8610029,5.7516418,0.11764706
600800.SH,73.46812,73.46812,0.00055106496,0.00018804062,0.45499966,0.14503561,1,27,217,0.88387096,0.0,-0.6504329,-11.257286,0.11612903
600801.SH,15.770449,15.770449,0.00015516885,0.00018804062,0.3566664,0.20362903,1,69,305,0.59375,0.0,-0.6744406,1.064575,0.40625
600802.SH,20.182112,20.182112,0.00017027352,0.00018804062,0.39749968,0.25858587,1,12,252,0.64444447,0.0,-0.7829689,-20.336346,0.35555556
600803.SH,18.016886,18.016886,0.00017104957,0.00018804062,0.3849997,0.21247357,1,93,192,0.59090906,0.0,-0.4267682,12.138615,0.4090909
600805.SH,10.807747,10.807747,0.00011998265,0.00018804062,0.37416637,0.32413793,1,94,65,0.8333333,0.0,-0.8479465,-8.488291,0.16666667
600807.SH,200.99817,200.99817,0.0012096448,0.00018804062,0.45749962,0.18029934,1,74,159,0.9529412,0.0,-1.6368464,-21.740103,0.047058824
600808.SH,10.826445,10.826445,0.000112550675,0.00018804062,0.37666637,0.29677418,1,23,94,0.87096775,0.0,-1.2391646,-14.412933,0.12903225
600809.SH,212.07816,212.07816,0.001643354,0.00018804062,0.5149996,0.06546938,1,2,80,0.9749478,0.0,-0.96818876,14.046042,0.025052192
600810.SH,15.190413,15.190413,0.00014975833,0.00018804062,0.39499968,0.16507937,1,59,157,0.5833333,0.0,-0.8511694,-10.226729,0.41666666
600812.SH,11.165766,11.165766,0.000120616074,0.00018804062,0.35749972,0.049462367,1,20,96,0.87096775,0.0,-1.135629,4.931905,0.12903225
600814.SH,14.613585,14.613585,0.00013998001,0.00018804062,0.38333303,0.24182077,1,22,208,0.7631579,0.0,-0.20288415,9.673182,0.23684211
600815.SH,24.079382,24.079382,0.00020416101,0.00018804062,0.40666634,0.17293233,1,33,251,0.5263158,0.0,-1.1398054,-4.531442,0.47368422
600816.SH,9.424685,9.424685,0.00010343613,0.00018804062,0.3554164,0.2045977,1,27,217,0.8333333,0.0,-1.1267636,5.140279,0.16666667
600817.SH,14.3429985,14.3429985,0.00014349498,0.00018804062,0.39166635,0.19703104,1,69,305,0.7692308,0.0,-0.86478984,13.344955,0.23076923
600818.SH,13.277728,13.277728,0.00012380803,0.00018804062,0.3899997,0.31194296,1,15,191,0.7058824,0.0,-1.853391,-25.0675,0.29411766
600819.SH,13.237613,13.237613,0.00013999439,0.00018804062,0.3724997,0.089655176,1,89,72,0.7,0.0,-0.65606,4.1279464,0.3
600820.SH,21.010061,21.010061,0.00019504466,0.00018804062,0.36208305,0.15519568,1,24,84,0.61538464,0.0,-1.1938027,1.7800076,0.3846154
600821.SH,25.92047,25.92047,0.00022338364,0.00018804062,0.39583302,0.1954023,1,12,252,0.7758621,0.0,1.6436344,1.2638527,0.22413793
600822.SH,14.159309,14.159309,0.00014355271,0.00018804062,0.35374972,0.21609196,1,21,149,0.53333336,0.0,-1.7139599,1.4329,0.46666667
600824.SH,11.873809,11.873809,0.00012731802,0.00018804062,0.3699997,0.2580645,1,80,208,0.8125,0.0,-0.9113344,2.39345,0.1875
600825.SH,16.931423,16.931423,0.00016424383,0.00018804062,0.3699997,0.14603175,1,93,192,0.6111111,0.0,-1.20505,3.1758668,0.3888889
600826.SH,7.2444296,7.2444296,9.161268e-05,0.00018804062,0.35208306,0.31724137,1,21,149,0.8333333,0.0,-0.4241333,4.0488935,0.16666667
600827.SH,15.2140665,15.2140665,0.0001563999,0.00018804062,0.36166638,0.21008404,1,27,217,0.62857145,0.0,0.051331405,0.4881265,0.37142858
600828.SH,19.795444,19.795444,0.00018063813,0.00018804062,0.38583302,0.099883854,1,1,211,0.71428573,0.0,-1.2126143,-3.7641718,0.2857143
600829.SH,9.120988,9.120988,0.000104476065,0.00018804062,0.3724997,0.44946235,1,59,157,0.83870965,0.0,-0.7763096,-5.2176876,0.16129032
600830.SH,11.640777,11.640777,0.00012284107,0.00018804062,0.37333304,0.20075758,1,59,157,0.6666667,0.0,-0.5771333,2.2603173,0.33333334
600831.SH,31.601915,31.601915,0.00023929199,0.00018804062,0.40249968,0.27659574,1,27,217,0.63829786,0.0,-1.2749256,-21.355165,0.3617021
600833.SH,8.07647,8.07647,9.735416e-05,0.00018804062,0.35124972,0.2551724,1,59,157,0.8,0.0,-0.4552665,4.909587,0.2
600834.SH,10.133269,10.133269,0.00011568081,0.00018804062,0.36041638,0.2594697,1,22,208,0.93939394,0.0,-0.3463848,4.867015,0.060606062
600835.SH,15.874076,15.874076,0.00015600734,0.00018804062,0.3924997,0.14973262,1,59,157,0.88235295,0.0,-0.9363,0.6212246,0.11764706
600838.SH,18.141644,18.141644,0.00018067998,0.00018804062,0.3566664,0.17692308,1,89,72,0.65,0.0,-1.0452125,4.3156724,0.35
600839.SH,11.796287,11.796287,0.000120267345,0.00018804062,0.35874972,0.12643678,1,43,94,0.6333333,0.0,-0.6443367,2.812537,0.36666667
600841.SH,129.70403,129.70403,0.001076469,0.00018804062,0.5066663,0.04588667,1,69,305,0.89071035,0.0,-1.1464981,13.876297,0.10928962
600843.SH,11.143349,11.143349,0.00011742171,0.00018804062,0.39666635,0.2091954,1,33,251,0.9,0.0,-1.12274,-6.830014,0.1
600844.SH,55.107185,55.107185,0.00037369077,0.00018804062,0.4124997,0.16736843,1,69,305,0.82894737,0.0,-1.1041815,-13.859298,0.17105263
600845.SH,7.119394,7.119394,8.4292835e-05,0.00018804062,0.36333305,0.16098484,1,40,114,1.0,0.0,-0.58704853,-0.5452454,0.0
600846.SH,21.716,21.716,0.00019833837,0.00018804062,0.37708303,0.17375886,1,23,94,0.6666667,0.0,-1.0060959,4.452336,0.33333334
600847.SH,16.00382,16.00382,0.00014738213,0.00018804062,0.3924997,0.22880372,1,26,39,0.7619048,0.0,-0.804819,-14.546884,0.23809524
600848.SH,22.721458,22.721458,0.00021205266,0.00018804062,0.35083306,0.36507937,1,51,81,0.19444445,0.0,-1.349275,3.2070029,0.8055556
600850.SH,16.92652,16.92652,0.0001647534,0.00018804062,0.36291638,0.17290552,1,102,50,0.47058824,0.0,-0.78645,0.33803293,0.5294118
600851.SH,15.986572,15.986572,0.00015441938,0.00018804062,0.3824997,0.26814517,1,24,84,0.65625,0.0,-1.3017125,9.611865,0.34375
600853.SH,15.547692,15.547692,0.00015678674,0.00018804062,0.36833304,0.17478992,1,5,286,0.71428573,0.0,-0.87299424,5.0835276,0.2857143
600854.SH,18.210554,18.210554,0.0001765802,0.00018804062,0.39333302,0.13535354,1,87,102,0.53333336,0.0,-0.9193489,6.2825403,0.46666667
600855.SH,20.194424,20.194424,0.00016812958,0.00018804062,0.39499968,0.28484848,1,15,191,0.8,0.0,-1.9517488,-23.617401,0.2
600857.SH,15.196523,15.196523,0.00015309213,0.00018804062,0.34749973,0.18634424,1,73,1,1.0,0.0,0.676121,2.0239894,0.0
600858.SH,10.355639,10.355639,0.00011635563,0.00018804062,0.35958305,0.2983871,1,19,162,0.875,0.0,0.055881217,0.3757913,0.125
600859.SH,17.023333,17.023333,0.00016468612,0.00018804062,0.3724997,0.12222222,1,80,208,0.5555556,0.0,-0.6013333,1.7797478,0.44444445
600860.SH,16.94822,16.94822,0.00014806255,0.00018804062,0.40416634,0.24911347,1,19,162,0.9791667,0.0,-1.9428645,-21.371437,0.020833334
600861.SH,13.202777,13.202777,0.00013290104,0.00018804062,0.39166635,0.22475107,1,20,96,0.7368421,0.0,-0.93710256,12.809423,0.2631579
600862.SH,18.806635,18.806635,0.00017052899,0.00018804062,0.39499968,0.2734694,1,93,192,0.88,0.0,-0.5734741,13.7828455,0.12
600863.SH,14.194797,14.194797,0.00014210696,0.00018804062,0.39083305,0.19744483,1,1,211,0.88095236,0.0,0.5315857,14.135781,0.11904762
600864.SH,11.168877,11.168877,0.000116128285,0.00018804062,0.3516664,0.25376344,1,80,208,0.7741935,0.0,0.45612586,1.7752193,0.22580644
600865.SH,20.039843,20.039843,0.00018919034,0.00018804062,0.37666637,0.12996633,1,1,211,0.8545455,0.0,-1.16852,4.299975,0.14545454
600866.SH,19.455994,19.455994,0.00018501136,0.00018804062,0.3774997,0.11097561,1,5,286,0.8780488,0.0,-1.0433805,4.250677,0.12195122
600867.SH,62.45888,62.45888,0.00050425075,0.00018804062,0.430833,0.16547577,1,15,191,0.81578946,0.0,-0.8526756,10.20739,0.18421052
600868.SH,24.306614,24.306614,0.00019576351,0.00018804062,0.39333302,0.21545894,1,22,208,0.65217394,0.0,-1.7157632,-14.346145,0.3478261
600869.SH,15.8163595,15.8163595,0.00014508626,0.00018804062,0.39749968,0.17547569,1,69,305,0.75,0.0,-0.8191022,-0.8424946,0.25
600871.SH,14.23322,14.23322,0.00013996598,0.00018804062,0.38083303,0.08387097,1,40,114,0.83870965,0.0,-0.6385323,1.5612689,0.16129032
600872.SH,18.444515,18.444515,0.00016999236,0.00018804062,0.37666637,0.30756304,1,93,192,0.37142858,0.0,-1.0850942,7.102634,0.62857145
600873.SH,18.329927,18.329927,0.00016762248,0.00018804062,0.415833,0.19518964,1,20,96,0.9148936,0.0,-1.1008468,12.819688,0.08510638
600874.SH,20.019497,20.019497,0.0001905714,0.00018804062,0.3716664,0.1845238,1,22,208,0.67346936,0.0,-1.0093672,4.1027136,0.3265306
600875.SH,6.159372,6.159372,7.9695e-05,0.00018804062,0.3624997,0.1827957,1,2,80,0.87096775,0.0,-1.1680871,5.669295,0.12903225
600876.SH,26.629246,26.629246,0.0002056936,0.00018804062,0.39333302,0.25581396,1,24,84,0.8604651,0.0,-1.2721024,-22.651237,0.13953489
600877.SH,31.863827,31.863827,0.00023711666,0.00018804062,0.39166638,0.20289855,1,22,208,0.67391306,0.0,-0.7146325,1.9298426,0.32608697
600879.SH,21.08184,21.08184,0.0001842596,0.00018804062,0.3824997,0.21794872,1,40,114,0.325,0.0,-0.559995,1.4264874,0.675
600880.SH,15.9874525,15.9874525,0.00014196376,0.00018804062,0.3699997,0.2769231,1,33,251,0.625,0.0,-1.18422,2.34682,0.375
600881.SH,24.57985,24.57985,0.00019402892,0.00018804062,0.39416635,0.26945412,1,59,157,0.85714287,0.0,-1.4192548,-23.488535,0.14285715
600882.SH,13.469072,13.469072,0.00013678288,0.00018804062,0.35791638,0.23172906,1,30,30,0.7647059,0.0,-0.0909853,2.019662,0.23529412
600883.SH,17.00205,17.00205,0.00016488707,0.00018804062,0.36749968,0.08961593,1,15,191,0.7368421,0.0,0.014894685,2.5700624,0.2631579
600884.SH,12.857717,12.857717,0.00013084877,0.00018804062,0.3749997,0.20672269,1,20,96,0.7714286,0.0,-0.806637,-0.56706226,0.22857143
600885.SH,20.565586,20.565586,0.00018654934,0.00018804062,0.4074997,0.19007687,1,1,211,0.8888889,0.0,-1.1254499,12.723267,0.11111111
600886.SH,13.236883,13.236883,0.000140262,0.00018804062,0.38166636,0.18951613,1,20,96,0.53125,0.0,0.11767179,8.125296,0.46875
600887.SH,13.549011,13.549011,0.00013642554,0.00018804062,0.38999972,0.22475107,1,19,162,0.7105263,0.0,-0.99598944,11.968006,0.28947368
600888.SH,13.579204,13.579204,0.00014267006,0.00018804062,0.36333305,0.2762763,1,14,83,0.7027027,0.0,-1.8339324,5.660661,0.2972973
600893.SH,16.397942,16.397942,0.00016341984,0.00018804062,0.36124972,0.21592443,1,15,191,0.94871795,0.0,-0.35088715,5.0079303,0.051282052
600894.SH,12.7716055,12.7716055,0.00013430906,0.00018804062,0.3699997,0.14193548,1,95,151,0.83870965,0.0,-1.2010292,3.6460378,0.16129032
600895.SH,10.563115,10.563115,0.0001171904,0.00018804062,0.35958305,0.14252874,1,27,217,0.6333333,0.0,0.10534003,3.8472717,0.36666667
600897.SH,14.035155,14.035155,0.00013948872,0.00018804062,0.3824997,0.2923387,1,51,81,0.875,0.0,-1.5333593,11.082621,0.125
600900.SH,19.763433,19.763433,0.00017730685,0.00018804062,0.38083303,0.30509803,1,15,191,0.5686275,0.0,-0.74857837,12.749094,0.43137255
600901.SH,26.547977,26.547977,0.00024739813,0.00018804062,0.3712497,0.18964803,1,20,96,0.87142855,0.0,-0.5816643,6.278465,0.12857144
600903.SH,14.112564,14.112564,0.0001425236,0.00018804062,0.3749997,0.25042018,1,69,305,0.6857143,0.0,-0.24974856,4.046755,0.31428573
600905.SH,12.274398,12.274398,0.00012814383,0.00018804062,0.38583302,0.1816092,1,59,157,0.8333333,0.0,1.4747233,3.687714,0.16666667
600906.SH,23.448233,23.448233,0.0002064916,0.00018804062,0.38833302,0.16969697,1,69,305,0.42222223,0.0,-1.1900868,2.2263815,0.5777778
600908.SH,36.472057,36.472057,0.00031339575,0.00018804062,0.36791638,0.28105262,1,102,50,0.69736844,0.0,0.07359472,6.916471,0.3026316
600909.SH,14.92928,14.92928,0.00015025427,0.00018804062,0.36041638,0.23529412,1,22,208,0.9117647,0.0,-0.30044416,4.526745,0.0882353
600916.SH,7.3497744,7.3497744,9.0107984e-05,0.00018804062,0.36291638,0.12873563,1,19,162,0.93333334,0.0,-1.20878,-2.276553,0.06666667
600917.SH,12.211791,12.211791,0.00013073937,0.00018804062,0.37333304,0.29579833,1,52,65,0.82857144,0.0,0.14665717,6.7358904,0.17142858
600918.SH,20.978445,20.978445,0.00019313864,0.00018804062,0.35791638,0.10960961,1,69,305,0.6216216,0.0,-1.1773973,3.2410161,0.3783784
600919.SH,41.549526,41.549526,0.0003465783,0.00018804062,0.38916636,0.20403473,1,93,192,0.8426966,0.0,-0.13346516,5.58488,0.15730338
600925.SH,12.342915,12.342915,0.00012579294,0.00018804062,0.37583303,0.13118279,1,5,286,0.7741935,0.0,0.7666484,-4.7652783,0.22580644
600926.SH,45.04253,45.04253,0.0003308008,0.00018804062,0.39499968,0.19764465,1,40,114,0.8095238,0.0,-1.3051411,4.651436,0.1904762
600927.SH,7.970297,7.970297,9.570735e-05,0.00018804062,0.35833305,0.1827957,1,91,229,0.9032258,0.0,-1.0019193,7.170892,0.09677419
600928.SH,19.309237,19.309237,0.00018038345,0.00018804062,0.35791638,0.1605938,1,52,65,0.9230769,0.0,-0.4460077,4.680749,0.07692308
600929.SH,22.893635,22.893635,0.00021006046,0.00018804062,0.37083304,0.18170732,1,77,117,0.5121951,0.0,-0.7114195,3.2995737,0.4878049
600930.SH,18.82634,18.82634,0.0001814677,0.00018804062,0.36333305,0.14574899,1,14,83,0.64102566,0.0,1.2212538,6.1827908,0.35897437
600933.SH,12.0775585,12.0775585,0.00013083032,0.00018804062,0.37458304,0.29568106,1,77,117,0.8372093,0.0,-1.4706069,7.031879,0.1627907
600935.SH,14.917757,14.917757,0.00014090311,0.00018804062,0.3899997,0.1448203,1,69,305,0.84090906,0.0,-1.0837613,-13.201816,0.1590909
600936.SH,12.832253,12.832253,0.0001323111,0.00018804062,0.38083303,0.18620689,1,27,217,0.36666667,0.0,-1.0496767,-1.5796872,0.6333333
600938.SH,21.718357,21.718357,0.00018499223,0.00018804062,0.39583302,0.27878788,1,22,208,0.46666667,0.0,-0.7023067,13.588292,0.53333336
600939.SH,17.154804,17.154804,0.00015682122,0.00018804062,0.39749968,0.28546098,1,59,157,0.75,0.0,-0.71672297,-19.196548,0.25
600941.SH,9.65923,9.65923,0.000109724664,0.00018804062,0.3674997,0.14623655,1,21,149,0.87096775,0.0,0.008125867,-0.2944581,0.12903225
600955.SH,20.519926,20.519926,0.00017324563,0.00018804062,0.40499967,0.22251773,1,90,27,0.9166667,0.0,-1.4452416,-17.944817,0.083333336
600956.SH,13.431684,13.431684,0.00013946556,0.00018804062,0.35624972,0.2016129,1,77,117,0.65625,0.0,1.4060314,2.4705498,0.34375
600959.SH,20.708445,20.708445,0.00018907091,0.00018804062,0.38208303,0.15530303,1,23,94,0.42424244,0.0,-0.92463636,5.988505,0.57575756
600960.SH,21.597843,21.597843,0.00020750333,0.00018804062,0.37166637,0.13061224,1,12,252,0.44,0.0,-1.570298,3.9472632,0.56
600961.SH,47.494717,47.494717,0.00038234648,0.00018804062,0.41749966,0.22403902,1,21,149,0.86904764,0.0,-1.4122511,11.992256,0.13095239
600962.SH,10.302684,10.302684,0.000113500195,0.00018804062,0.3566664,0.16781609,1,27,217,0.76666665,0.0,-0.46419334,3.35487,0.23333333
600963.SH,15.563877,15.563877,0.00015099453,0.00018804062,0.38916636,0.22537112,1,33,251,0.5641026,0.0,-1.0046334,-9.254005,0.43589744
600965.SH,9.077593,9.077593,0.00010239992,0.00018804062,0.36333305,0.16330644,1,30,30,0.875,0.0,-1.1898,0.57388,0.125
600966.SH,11.161397,11.161397,0.00011702914,0.00018804062,0.38666636,0.18560606,1,80,208,0.6666667,0.0,-0.21602727,-6.769776,0.33333334
600967.SH,13.858691,13.858691,0.00014044736,0.00018804062,0.3479164,0.13763441,1,12,252,0.3548387,0.0,-1.3258226,0.86871684,0.6451613
600968.SH,15.787049,15.787049,0.00015473088,0.00018804062,0.3899997,0.23674242,1,17,17,0.6363636,0.0,-0.25256667,13.975735,0.36363637
600969.SH,18.580145,18.580145,0.00017911752,0.00018804062,0.36333305,0.22689076,1,40,114,0.25714287,0.0,0.57078856,2.9814034,0.74285716
600970.SH,17.628273,17.628273,0.00016701953,0.00018804062,0.37999973,0.10338681,1,22,208,0.61764705,0.0,-1.5755706,7.2149734,0.38235295
600971.SH,14.702363,14.702363,0.00014633805,0.00018804062,0.38583302,0.21008404,1,15,191,0.74285716,0.0,-0.050759975,-11.534083,0.25714287
600973.SH,17.540997,17.540997,0.0001675869,0.00018804062,0.38666636,0.16464238,1,12,252,0.53846157,0.0,-1.9957489,-5.993493,0.46153846
600975.SH,13.232851,13.232851,0.00012849871,0.00018804062,0.38833302,0.17301588,1,89,72,0.7777778,0.0,-0.8363,-6.406216,0.22222222
600976.SH,17.197123,17.197123,0.00016475504,0.00018804062,0.37583303,0.14126985,1,22,208,0.5555556,0.0,-1.8135474,3.5925488,0.44444445
600977.SH,17.696337,17.696337,0.00016806707,0.00018804062,0.37916636,0.11491936,1,17,17,0.84375,0.0,-1.6475875,-1.8594836,0.15625
600979.SH,15.537938,15.537938,0.00014974701,0.00018804062,0.37166637,0.22537112,1,74,159,0.82051283,0.0,1.620118,4.3770504,0.17948718
600980.SH,19.26718,19.26718,0.0001874646,0.00018804062,0.37083304,0.16161616,1,17,17,0.73333335,0.0,-1.096271,5.259577,0.26666668
600981.SH,11.328241,11.328241,0.000121666395,0.00018804062,0.3924997,0.20075758,1,87,102,0.6969697,0.0,-1.0373212,-6.891655,0.3030303
600982.SH,15.124319,15.124319,0.00014836733,0.00018804062,0.36916637,0.15294118,1,40,114,0.62857145,0.0,0.20476292,6.8849077,0.37142858
600983.SH,13.75505,13.75505,0.00013063615,0.00018804062,0.38916636,0.2621849,1,40,114,0.74285716,0.0,-0.67532295,16.314192,0.25714287
600984.SH,29.179129,29.179129,0.00022159985,0.00018804062,0.40166634,0.23214285,1,59,157,0.877551,0.0,-2.2308328,-18.09153,0.12244898
600985.SH,14.843536,14.843536,0.00015079038,0.00018804062,0.36916637,0.1724138,1,19,162,0.76666665,0.0,0.12980331,5.5187936,0.23333333
600986.SH,17.498825,17.498825,0.00015216383,0.00018804062,0.38416636,0.20641026,1,12,252,0.8,0.0,-0.3161725,-3.7009118,0.2
600987.SH,16.933485,16.933485,0.0001586361,0.00018804062,0.37416637,0.14285715,1,69,305,0.4857143,0.0,-1.5801601,10.449827,0.51428574
600988.SH,22.362974,22.362974,0.00018860222,0.00018804062,0.39333302,0.35079366,1,27,217,0.8055556,0.0,-1.4901668,18.090479,0.19444445
600989.SH,18.44642,18.44642,0.00016374156,0.00018804062,0.39333302,0.24157956,1,91,229,0.88095236,0.0,-0.7452333,15.225517,0.11904762
600990.SH,17.196793,17.196793,0.00014010696,0.00018804062,0.38666636,0.43724698,1,102,50,0.9230769,0.0,-1.8809464,-28.20403,0.07692308
600992.SH,16.146797,16.146797,0.0001523896,0.00018804062,0.39916635,0.22305764,1,77,117,0.84210527,0.0,-1.403642,-13.912998,0.15789473
600993.SH,18.55422,18.55422,0.00016559272,0.00018804062,0.400833,0.2769556,1,80,208,0.70454544,0.0,-0.45019314,11.794692,0.29545453
600995.SH,13.495209,13.495209,0.00013300031,0.00018804062,0.3849997,0.24761905,1,69,305,0.75,0.0,-0.119555555,13.557018,0.25
600996.SH,40.75578,40.75578,0.0003022852,0.00018804062,0.40916637,0.22259615,1,12,252,0.75384617,0.0,-1.6370969,-14.92294,0.24615385
600997.SH,10.342434,10.342434,0.00011294892,0.00018804062,0.3799997,0.29885057,1,19,162,0.8,0.0,0.44666335,-11.88054,0.2
600998.SH,14.834023,14.834023,0.00014315372,0.00018804062,0.35958305,0.26349208,1,22,208,0.41666666,0.0,-1.1365277,3.1191766,0.5833333
600999.SH,31.265265,31.265265,0.00028120994,0.00018804062,0.35999972,0.16890708,1,69,305,0.66101694,0.0,-1.0315101,5.7141256,0.33898306
601000.SH,19.537657,19.537657,0.00017511756,0.00018804062,0.39499968,0.20784314,1,93,192,0.88235295,0.0,-0.92662555,11.873816,0.11764706
601001.SH,17.183025,17.183025,0.00016328068,0.00018804062,0.3774997,0.12912913,1,69,305,0.4054054,0.0,-0.17067298,3.1971407,0.5945946
601002.SH,14.819896,14.819896,0.00015604678,0.00018804062,0.36124972,0.27012026,1,22,208,0.9574468,0.0,-1.6071512,3.4288912,0.04255319
601005.SH,16.646526,16.646526,0.00013635874,0.00018804062,0.38708302,0.53119427,1,19,162,1.0,0.0,-1.0806913,-31.22524,0.0
601006.SH,11.112783,11.112783,0.00012322678,0.00018804062,0.35374972,0.24946237,1,6,36,0.9032258,0.0,-0.5106742,3.7815032,0.09677419
601007.SH,15.536926,15.536926,0.00015930478,0.00018804062,0.35374972,0.25403225,1,27,217,0.1875,0.0,-1.1059093,0.10671568,0.8125
601008.SH,12.647819,12.647819,0.0001358639,0.00018804062,0.3566664,0.22528736,1,15,191,0.73333335,0.0,-0.24506332,4.4668636,0.26666668
601009.SH,32.372944,32.372944,0.00028171483,0.00018804062,0.36833304,0.3077317,1,43,94,0.73015875,0.0,0.36391434,7.884287,0.26984128
601010.SH,9.983649,9.983649,0.000108770626,0.00018804062,0.36916637,0.28024194,1,87,102,0.75,0.0,-1.1749344,-4.5055933,0.25
601011.SH,17.833252,17.833252,0.00017054494,0.00018804062,0.3416664,0.45967743,1,15,191,0.0625,0.0,-0.90259063,1.4491631,0.9375
601012.SH,18.334702,18.334702,0.00016086118,0.00018804062,0.39749968,0.23131312,1,69,305,0.75555557,0.0,-0.97595114,-19.876871,0.24444444
601015.SH,13.606851,13.606851,0.00011613773,0.00018804062,0.3849997,0.53103447,1,5,286,0.9,0.0,-0.68182003,-34.926945,0.1
601016.SH,11.415256,11.415256,0.00011515269,0.00018804062,0.3749997,0.3210084,1,80,208,0.85714287,0.0,1.94844,9.25594,0.14285715
601018.SH,12.216346,12.216346,0.00013216471,0.00018804062,0.37916636,0.2850575,1,69,305,0.6,0.0,-0.21934669,7.933386,0.4
601019.SH,9.992348,9.992348,0.00010964666,0.00018804062,0.3899997,0.42988506,1,69,305,0.8666667,0.0,-0.27918667,15.103107,0.13333334
601020.SH,15.355687,15.355687,0.00013914585,0.00018804062,0.39833304,0.45362905,1,91,229,0.875,0.0,-1.5060282,19.412115,0.125
601021.SH,19.007753,19.007753,0.00017909726,0.00018804062,0.35708305,0.33277312,1,93,192,0.22857143,0.0,-1.6596143,5.691038,0.7714286
601022.SH,16.705994,16.705994,0.00015904063,0.00018804062,0.38666636,0.17820513,1,22,208,0.8,0.0,-1.2321199,6.7905474,0.2
601026.SH,16.266254,16.266254,0.00016548205,0.00018804062,0.37583303,0.26554623,1,27,217,0.42857143,0.0,-1.7107971,6.574502,0.5714286
601033.SH,20.63221,20.63221,0.00018730122,0.00018804062,0.3699997,0.14264265,1,93,192,0.6756757,0.0,-0.78456485,3.9630044,0.3243243
601038.SH,11.387569,11.387569,0.00012129594,0.00018804062,0.3812497,0.16781609,1,21,149,0.8,0.0,-1.4463801,10.623626,0.2
601058.SH,16.534275,16.534275,0.00016131421,0.00018804062,0.38833302,0.14574899,1,40,114,0.64102566,0.0,-0.51285374,10.863249,0.35897437
601059.SH,16.57165,16.57165,0.0001571374,0.00018804062,0.36666638,0.23529412,1,22,208,0.51428574,0.0,-0.78369135,3.028439,0.4857143
601061.SH,13.433283,13.433283,0.00013869797,0.00018804062,0.36833304,0.18620689,1,14,83,0.9,0.0,-0.65636,4.2688355,0.1
601065.SH,8.62101,8.62101,0.000100389916,0.00018804062,0.38166636,0.16129032,1,74,159,0.90625,0.0,-0.42699063,3.2055535,0.09375
601066.SH,15.410175,15.410175,0.00014967988,0.00018804062,0.36083305,0.19153225,1,33,251,0.71875,0.0,-0.58106875,5.2341948,0.28125
601068.SH,13.336103,13.336103,0.00014266965,0.00018804062,0.38916636,0.21969697,1,2,80,0.7878788,0.0,-1.7587394,1.6900045,0.21212122
601069.SH,14.562119,14.562119,0.00014929801,0.00018804062,0.37333304,0.07096774,1,95,151,0.83870965,0.0,-1.7593452,8.589498,0.16129032
601077.SH,28.072943,28.072943,0.00024324053,0.00018804062,0.3699997,0.41436866,1,69,305,0.7358491,0.0,0.42975086,6.91566,0.26415095
601083.SH,15.274228,15.274228,0.00014020356,0.00018804062,0.3874997,0.38991597,1,59,157,0.85714287,0.0,-0.9814028,18.155611,0.14285715
601086.SH,11.704066,11.704066,0.00012450681,0.00018804062,0.35208306,0.1590909,1,1,211,0.54545456,0.0,-0.4402272,0.7961185,0.45454547
601088.SH,17.2975,17.2975,0.00015654272,0.00018804062,0.400833,0.2642706,1,89,72,0.84090906,0.0,-0.8058432,14.516389,0.1590909
601089.SH,16.865248,16.865248,0.00015088069,0.00018804062,0.38833302,0.33468285,1,24,84,0.7692308,0.0,-1.0091871,14.356796,0.23076923
601096.SH,10.937181,10.937181,0.000115759416,0.00018804062,0.39499968,0.18390805,1,59,157,0.6666667,0.0,-1.0445632,2.0090094,0.33333334
601098.SH,16.345354,16.345354,0.00015911978,0.00018804062,0.39749968,0.19495799,1,24,84,0.7714286,0.0,-1.181017,9.809256,0.22857143
601099.SH,11.584487,11.584487,0.000121974736,0.00018804062,0.3504164,0.1724138,1,91,229,0.8,0.0,-1.4006566,4.3509135,0.2
601100.SH,18.4728,18.4728,0.00016434149,0.00018804062,0.39333302,0.3109756,1,23,94,0.8292683,0.0,-0.9935366,16.015404,0.17073171
601101.SH,13.010635,13.010635,0.00013197961,0.00018804062,0.35749972,0.17471264,1,95,151,0.6333333,0.0,0.33999997,-1.0847245,0.36666667
601106.SH,14.075493,14.075493,0.00013239322,0.00018804062,0.403333,0.19981499,1,59,157,0.89361703,0.0,-0.99765104,-19.0482,0.10638298
601107.SH,9.67663,9.67663,0.00011500434,0.00018804062,0.35583305,0.36290324,1,33,251,0.875,0.0,-0.08817188,5.6652017,0.125
601108.SH,17.206236,17.206236,0.0001651819,0.00018804062,0.36541638,0.23015873,1,23,94,0.8333333,0.0,-1.1249499,6.207864,0.16666667
601111.SH,14.9638195,14.9638195,0.00014436222,0.00018804062,0.3874997,0.23076923,1,7,111,0.53846157,0.0,-1.3856975,-11.284485,0.46153846
601112.SH,11.787504,11.787504,0.000115725496,0.00018804062,0.39499968,0.27272728,1,95,151,0.8181818,0.0,-1.9320457,17.312628,0.18181819
601113.SH,15.119385,15.119385,0.00015147263,0.00018804062,0.37583303,0.32575756,1,91,229,0.4848485,0.0,-1.0655484,0.38939735,0.5151515
601116.SH,17.69924,17.69924,0.00016789376,0.00018804062,0.36041638,0.22459893,1,69,305,0.5588235,0.0,-1.5204295,2.981702,0.44117647
601117.SH,20.041761,20.041761,0.00019041012,0.00018804062,0.3699997,0.13277312,1,95,151,0.6857143,0.0,-0.38236856,4.888389,0.31428573
601118.SH,12.188821,12.188821,0.000120080724,0.00018804062,0.38666636,0.26890758,1,22,208,0.8,0.0,-0.32110003,-24.362356,0.2
601121.SH,13.965476,13.965476,0.00014000549,0.00018804062,0.35624972,0.13563219,1,12,252,0.4,0.0,-1.4906167,0.60636014,0.6
601126.SH,17.869019,17.869019,0.00016345318,0.00018804062,0.39583302,0.19878049,1,69,305,0.85365856,0.0,-1.1052097,16.950256,0.14634146
601127.SH,16.334875,16.334875,0.00015761866,0.00018804062,0.37833303,0.17273954,1,69,305,0.7692308,0.0,-0.4530564,14.316696,0.23076923
601128.SH,27.228756,27.228756,0.00023560545,0.00018804062,0.37583303,0.2677225,1,80,208,0.5769231,0.0,-0.4077654,5.066671,0.42307693
601133.SH,10.152458,10.152458,0.000108084205,0.00018804062,0.39666635,0.26021504,1,26,39,0.87096775,0.0,-0.8321548,3.0730627,0.12903225
601136.SH,17.549036,17.549036,0.00016825594,0.00018804062,0.35499972,0.3210084,1,94,65,0.51428574,0.0,-1.7117314,5.1413426,0.4857143
601137.SH,8.47598,8.47598,0.00010264343,0.00018804062,0.35708305,0.3448276,1,91,229,0.93333334,0.0,-2.3179398,5.7515574,0.06666667
601138.SH,20.747057,20.747057,0.00019177467,0.00018804062,0.39333302,0.18410286,1,26,39,0.7627119,0.0,-0.9642187,13.104199,0.23728813
601139.SH,17.865383,17.865383,0.0001727768,0.00018804062,0.3454164,0.23674242,1,26,39,0.3939394,0.0,0.32157272,6.036015,0.6060606
601155.SH,12.712088,12.712088,0.00012953364,0.00018804062,0.3749997,0.16551724,1,69,305,0.8333333,0.0,-0.79384667,-9.230178,0.16666667
601156.SH,17.63719,17.63719,0.00016236503,0.00018804062,0.40249968,0.19302721,1,61,124,0.75510204,0.0,-0.72972447,14.217476,0.24489796
601158.SH,15.89817,15.89817,0.00016175534,0.00018804062,0.35458305,0.1534091,1,87,102,0.4848485,0.0,-1.0596607,2.764934,0.5151515
601162.SH,15.07437,15.07437,0.00014897394,0.00018804062,0.34958306,0.19128788,1,80,208,0.3939394,0.0,-1.6671152,2.781224,0.6060606
601163.SH,11.047894,11.047894,0.000120569166,0.00018804062,0.36416638,0.24596775,1,12,252,0.84375,0.0,-1.6324126,5.170452,0.15625
601166.SH,15.025897,15.025897,0.00014615493,0.00018804062,0.37458304,0.34789917,1,19,162,0.7714286,0.0,0.32097143,9.1870365,0.22857143
601168.SH,15.441577,15.441577,0.00014825504,0.00018804062,0.38916636,0.2240216,1,59,157,0.974359,0.0,-1.2363486,16.205492,0.025641026
601169.SH,20.800842,20.800842,0.00018898505,0.00018804062,0.3637497,0.41219512,1,69,305,0.58536583,0.0,0.821,6.2163534,0.41463414
601177.SH,13.489531,13.489531,0.00014240635,0.00018804062,0.3529164,0.2,1,43,94,0.725,0.0,-1.2117649,4.8956513,0.275
601179.SH,9.073962,9.073962,0.00010513976,0.00018804062,0.35749972,0.28172043,1,57,68,0.9032258,0.0,-1.5426644,6.1740255,0.09677419
601186.SH,18.534828,18.534828,0.00018518922,0.00018804062,0.38666636,0.18699187,1,91,229,0.71428573,0.0,-0.9043572,2.551658,0.2857143
601187.SH,35.382484,35.382484,0.00030106492,0.00018804062,0.39166635,0.2757764,1,21,149,0.95714283,0.0,0.14400142,7.29192,0.042857144
601188.SH,14.256955,14.256955,0.00014942673,0.00018804062,0.37208304,0.23809524,1,15,191,0.8333333,0.0,-0.217025,4.1383,0.16666667
601198.SH,20.925919,20.925919,0.00019738842,0.00018804062,0.3554164,0.25243902,1,7,111,0.3902439,0.0,-1.7511561,4.833273,0.6097561
601199.SH,15.936601,15.936601,0.00016112356,0.00018804062,0.35583305,0.14973262,1,95,151,0.64705884,0.0,-0.9511766,6.4111786,0.3529412
601200.SH,11.642852,11.642852,0.00011830932,0.00018804062,0.37666637,0.21075268,1,20,96,0.67741936,0.0,-0.33652902,-3.8018599,0.32258064
601208.SH,10.066427,10.066427,0.000110184366,0.00018804062,0.38041636,0.20430107,1,27,217,0.7741935,0.0,-2.4383388,0.2844619,0.22580644
601211.SH,31.102165,31.102165,0.00028183314,0.00018804062,0.37166637,0.14480874,1,23,94,0.8196721,0.0,-1.3232738,5.7953486,0.18032786
601212.SH,18.644133,18.644133,0.0001737998,0.00018804062,0.37916636,0.20056899,1,22,208,0.23684211,0.0,-1.6372684,1.0551914,0.7631579
601216.SH,13.515311,13.515311,0.0001373367,0.00018804062,0.37666637,0.20454545,1,27,217,0.8181818,0.0,-0.3560849,5.714902,0.18181819
601218.SH,14.966004,14.966004,0.0001479296,0.00018804062,0.3674997,0.26386556,1,53,16,0.6,0.0,-1.6487973,8.37752,0.4
601222.SH,14.662291,14.662291,0.00014829726,0.00018804062,0.36124972,0.1139785,1,12,252,0.48387095,0.0,-1.004129,3.168961,0.516129
601225.SH,14.431683,14.431683,0.00013688726,0.00018804062,0.39666635,0.28609985,1,59,157,0.8717949,0.0,0.17401026,14.858309,0.12820514
601226.SH,19.08256,19.08256,0.00018313137,0.00018804062,0.38833302,0.17564103,1,51,81,0.475,0.0,-0.696715,1.3017553,0.525
601228.SH,19.114532,19.114532,0.00017733822,0.00018804062,0.3699997,0.2117117,1,61,124,0.3243243,0.0,-0.62967294,5.93345,0.6756757
601229.SH,30.759384,30.759384,0.0002703988,0.00018804062,0.37166637,0.35651666,1,27,217,0.88135594,0.0,0.45001522,6.3577046,0.118644066
601231.SH,12.995685,12.995685,0.00013675103,0.00018804062,0.35124972,0.20075758,1,87,102,0.57575756,0.0,-1.6396605,4.551845,0.42424244
601233.SH,12.15055,12.15055,0.00012684368,0.00018804062,0.3662497,0.16551724,1,7,111,0.8333333,0.0,-1.0912933,0.50291187,0.16666667
601236.SH,18.407314,18.407314,0.00017466488,0.00018804062,0.35958302,0.15686275,1,14,83,0.9411765,0.0,-1.7086912,3.4647264,0.05882353
601238.SH,18.583088,18.583088,0.00016242971,0.00018804062,0.38916636,0.28460687,1,19,162,0.6511628,0.0,-1.5265303,-20.751024,0.3488372
601279.SH,17.734005,17.734005,0.00017462549,0.00018804062,0.37833303,0.28629032,1,95,151,0.3125,0.0,0.17202188,-0.3246168,0.6875
601288.SH,29.220634,29.220634,0.0002554975,0.00018804062,0.3799997,0.30451128,1,95,151,0.98245615,0.0,0.4565579,6.513896,0.01754386
601298.SH,13.574858,13.574858,0.0001287419,0.00018804062,0.3824997,0.3485064,1,43,94,0.8684211,0.0,-0.89769745,14.632117,0.13157895
601311.SH,18.26461,18.26461,0.00017576574,0.00018804062,0.36583304,0.121212125,1,90,27,0.7058824,0.0,-0.9450793,4.357886,0.29411766
601318.SH,12.856068,12.856068,0.00013137564,0.00018804062,0.35208306,0.2551724,1,24,84,0.8,0.0,0.057493344,8.310155,0.2
601319.SH,13.857343,13.857343,0.00014219027,0.00018804062,0.3566664,0.1632184,1,96,56,0.8,0.0,-0.57505673,9.650239,0.2
601326.SH,10.264225,10.264225,0.00010506832,0.00018804062,0.38166636,0.46218488,1,15,191,0.82857144,0.0,-0.6964314,16.970184,0.17142858
601328.SH,14.715028,14.715028,0.00013975121,0.00018804062,0.36583304,0.3825397,1,32,38,0.8888889,0.0,-0.36269438,6.4355383,0.11111111
601330.SH,10.1194105,10.1194105,0.000108570275,0.00018804062,0.37833303,0.17634408,1,26,39,0.67741936,0.0,-0.8456452,3.2959137,0.32258064
601333.SH,8.585137,8.585137,0.00010064399,0.00018804062,0.34874973,0.18494624,1,1,211,0.9677419,0.0,-0.48870966,4.4413323,0.032258064
601336.SH,17.22116,17.22116,0.00016538854,0.00018804062,0.3724997,0.16031747,1,24,84,0.7222222,0.0,-0.24279168,10.617455,0.2777778
601339.SH,15.639528,15.639528,0.00015472327,0.00018804062,0.3749997,0.17943548,1,52,65,0.625,0.0,-1.7269719,2.2669687,0.375
601360.SH,18.187475,18.187475,0.00015557137,0.00018804062,0.3899997,0.23492064,1,69,305,0.8611111,0.0,-1.5531526,-14.6713295,0.1388889
601366.SH,14.42754,14.42754,0.00013677923,0.00018804062,0.39083302,0.29512194,1,19,162,0.73170733,0.0,-1.0072855,-20.394522,0.2682927
601368.SH,14.0049,14.0049,0.00013822495,0.00018804062,0.3737497,0.14942528,1,24,84,0.8,0.0,-0.7670267,0.36139864,0.2
601369.SH,15.794548,15.794548,0.00015904263,0.00018804062,0.36333305,0.16091955,1,52,65,0.5,0.0,-1.3981167,3.6041832,0.5
601375.SH,19.96195,19.96195,0.0001866159,0.00018804062,0.3724997,0.15079366,1,23,94,0.8333333,0.0,-1.3473417,4.5295825,0.16666667
601377.SH,12.401925,12.401925,0.00013192913,0.00018804062,0.3516664,0.2924731,1,1,211,0.87096775,0.0,-1.0605097,6.858393,0.12903225
601388.SH,10.808664,10.808664,0.0001213778,0.00018804062,0.36416638,0.2924731,1,20,96,0.83870965,0.0,-1.7252936,6.3088403,0.16129032
601390.SH,10.011392,10.011392,0.00011338826,0.00018804062,0.35749972,0.3448276,1,89,72,0.9,0.0,-0.5106267,2.2603106,0.1
601398.SH,33.941708,33.941708,0.00029183456,0.00018804062,0.3737497,0.2835821,1,80,208,0.8358209,0.0,0.057143282,6.759511,0.1641791
601399.SH,8.6424465,8.6424465,0.0001008715,0.00018804062,0.37083304,0.17011495,1,20,96,0.9,0.0,-0.8664033,3.6920533,0.1
601456.SH,15.563849,15.563849,0.00015284483,0.00018804062,0.36166638,0.14942528,1,15,191,0.33333334,0.0,-1.2858799,5.041957,0.6666667
601500.SH,14.897115,14.897115,0.00014762962,0.00018804062,0.35874972,0.17419355,1,33,251,0.41935483,0.0,-0.6840775,2.869618,0.58064514
601512.SH,15.549725,15.549725,0.00015173876,0.00018804062,0.38083303,0.16399287,1,14,83,0.7352941,0.0,-0.6175088,8.213272,0.2647059
601515.SH,12.731411,12.731411,0.0001227808,0.00018804062,0.38833302,0.3048048,1,80,208,0.8378378,0.0,-2.0444922,-14.511011,0.16216215
601518.SH,15.520065,15.520065,0.00014736352,0.00018804062,0.3824997,0.32804877,1,2,80,0.8292683,0.0,-0.78683174,14.836914,0.17073171
601519.SH,18.087685,18.087685,0.00014743781,0.00018804062,0.38083303,0.25882354,1,96,56,1.0,0.0,-2.1357944,-21.114014,0.0
601528.SH,31.092585,31.092585,0.00027116516,0.00018804062,0.3724997,0.31038252,1,33,251,0.8852459,0.0,-0.28935415,5.9073734,0.114754096
601555.SH,15.262352,15.262352,0.00015657592,0.00018804062,0.35124972,0.31451613,1,19,162,0.625,0.0,-0.9677625,4.782306,0.375
601566.SH,11.434827,11.434827,0.00011643649,0.00018804062,0.38083303,0.45376346,1,19,162,0.9354839,0.0,-0.58518714,16.445509,0.06451613
601567.SH,14.747689,14.747689,0.0001476725,0.00018804062,0.400833,0.14574899,1,91,229,0.7692308,0.0,-1.5398077,9.773828,0.23076923
601568.SH,16.07339,16.07339,0.00014414944,0.00018804062,0.37833303,0.26245847,1,20,96,0.7209302,0.0,-0.77685124,1.1078885,0.27906978
601577.SH,16.273935,16.273935,0.00015600449,0.00018804062,0.36458305,0.35585585,1,15,191,0.972973,0.0,0.2871108,6.0853114,0.027027028
601579.SH,13.2637825,13.2637825,0.00013216861,0.00018804062,0.38416636,0.34469697,1,95,151,0.6666667,0.0,-0.30841208,13.5020485,0.33333334
601588.SH,23.706972,23.706972,0.00017246453,0.00018804062,0.39666635,0.62068963,1,51,81,0.93333334,0.0,-2.1612635,-36.805984,0.06666667
601595.SH,8.0086975,8.0086975,8.912442e-05,0.00018804062,0.38666636,0.18390805,1,89,72,0.9,0.0,-0.8530467,-3.7163837,0.1
601598.SH,12.10365,12.10365,0.00012830888,0.00018804062,0.38583302,0.12903225,1,95,151,0.9375,0.0,-1.2294188,5.130992,0.0625
601599.SH,17.376274,17.376274,0.00016932435,0.00018804062,0.36291638,0.13012478,1,23,94,0.7647059,0.0,-2.0903704,4.678688,0.23529412
601600.SH,16.452055,16.452055,0.00015543748,0.00018804062,0.405833,0.1848853,1,77,117,0.71794873,0.0,-0.91908205,10.7133875,0.2820513
601601.SH,18.441423,18.441423,0.00017289068,0.00018804062,0.35583305,0.26666668,1,22,208,0.19354838,0.0,-1.0523258,6.4563584,0.8064516
601606.SH,17.384253,17.384253,0.00015387626,0.00018804062,0.38833302,0.2485482,1,93,192,0.8095238,0.0,-1.6283119,-21.299807,0.1904762
601607.SH,15.664815,15.664815,0.00015682046,0.00018804062,0.3454164,0.3033033,1,15,191,0.4864865,0.0,-1.2666165,1.8729813,0.5135135
601608.SH,13.139611,13.139611,0.00013748046,0.00018804062,0.36666638,0.14252874,1,74,159,0.8666667,0.0,-1.0185767,4.526291,0.13333334
601609.SH,15.64083,15.64083,0.00015551649,0.00018804062,0.35499972,0.18924731,1,22,208,0.7096774,0.0,-2.1751292,6.0990515,0.29032257
601611.SH,12.139777,12.139777,0.00013067559,0.00018804062,0.3824997,0.2701613,1,59,157,0.96875,0.0,-0.034975022,-3.100214,0.03125
601615.SH,12.202702,12.202702,0.00013285858,0.00018804062,0.3799997,0.11954023,1,22,208,0.6666667,0.0,-1.39579,1.7422006,0.33333334
601616.SH,16.499857,16.499857,0.00016298956,0.00018804062,0.35499972,0.18487395,1,5,286,0.62857145,0.0,-0.9868115,4.4605317,0.37142858
601618.SH,11.154887,11.154887,0.000119548364,0.00018804062,0.38833302,0.26612905,1,51,81,0.71875,0.0,-1.2218969,-6.5403366,0.28125
601619.SH,12.535491,12.535491,0.00012369806,0.00018804062,0.3849997,0.33183184,1,5,286,0.9189189,0.0,0.54029465,16.456951,0.08108108
601628.SH,18.973045,18.973045,0.0001879146,0.00018804062,0.36124972,0.16366367,1,87,102,0.5135135,0.0,-0.7558758,9.621604,0.4864865
601633.SH,7.785259,7.785259,8.9185865e-05,0.00018804062,0.37333304,0.3632184,1,80,208,0.8333333,0.0,-0.5433967,18.298084,0.16666667
601636.SH,12.167075,12.167075,0.00012520596,0.00018804062,0.38583302,0.2229885,1,33,251,0.73333335,0.0,-0.6815933,-12.518235,0.26666668
601658.SH,12.095402,12.095402,0.00012312351,0.00018804062,0.35374972,0.48735633,1,33,251,0.73333335,0.0,0.51963,8.315427,0.26666668
601665.SH,23.400934,23.400934,0.00021074187,0.00018804062,0.35333306,0.45748988,1,43,94,0.7948718,0.0,0.35115385,7.1315904,0.20512821
601666.SH,8.465389,8.465389,9.860518e-05,0.00018804062,0.37583303,0.2735632,1,92,1,1.0,0.0,1.1025999,-7.2338276,0.0
601668.SH,17.385353,17.385353,0.00016773495,0.00018804062,0.36583304,0.2413793,1,40,114,0.16666667,0.0,-2.0331566,1.8788067,0.8333333
601669.SH,15.222881,15.222881,0.00015842431,0.00018804062,0.3899997,0.2807808,1,27,217,0.4864865,0.0,-0.7443406,-0.8006174,0.5135135
601677.SH,11.668492,11.668492,0.00012748125,0.00018804062,0.3566664,0.23185484,1,80,208,0.78125,0.0,-1.7272844,6.913877,0.21875
601678.SH,18.282228,18.282228,0.00017216521,0.00018804062,0.37333304,0.18412699,1,77,117,0.4722222,0.0,-1.0989027,3.177013,0.5277778
601686.SH,14.929419,14.929419,0.00014991437,0.00018804062,0.36583304,0.12298387,1,74,159,0.625,0.0,-0.7616344,6.4090176,0.375
601688.SH,18.700106,18.700106,0.00017976246,0.00018804062,0.35458305,0.22638147,1,26,39,0.47058824,0.0,0.23110002,5.430965,0.5294118
601689.SH,17.171766,17.171766,0.00016514932,0.00018804062,0.3724997,0.33548388,1,77,117,0.3548387,0.0,-0.933871,5.8171263,0.6451613
601696.SH,10.651604,10.651604,0.000116090225,0.00018804062,0.35208306,0.38494623,1,19,162,0.83870965,0.0,-0.5985322,6.2755094,0.16129032
601698.SH,18.167807,18.167807,0.00015709936,0.00018804062,0.38833302,0.16538462,1,93,192,0.825,0.0,-1.3283427,0.96242297,0.175
601699.SH,14.016964,14.016964,0.00014694201,0.00018804062,0.3624997,0.2,1,1,211,0.9,0.0,0.14403333,1.9981174,0.1
601700.SH,17.25779,17.25779,0.00013816761,0.00018804062,0.39166635,0.48817205,1,1,211,0.8064516,0.0,-1.2624031,-32.161587,0.19354838
601702.SH,16.980421,16.980421,0.00015529257,0.00018804062,0.38833302,0.2207317,1,1,211,0.902439,0.0,-1.1744512,12.508661,0.09756097
601717.SH,13.442106,13.442106,0.00013149859,0.00018804062,0.38833302,0.27058825,1,2,80,0.74285716,0.0,-0.28362286,18.081778,0.25714287
601718.SH,9.415675,9.415675,0.00010096274,0.00018804062,0.3824997,0.1875,1,19,162,0.875,0.0,-0.8762281,-13.219455,0.125
601727.SH,11.85082,11.85082,0.00012674344,0.00018804062,0.3799997,0.16551724,1,27,217,0.46666667,0.0,-0.68346,0.49241927,0.53333336
601728.SH,15.319968,15.319968,0.00015553604,0.00018804062,0.36208305,0.16129032,1,21,149,0.58064514,0.0,-0.89092594,2.7157063,0.41935483
601766.SH,14.564296,14.564296,0.00014814387,0.00018804062,0.3541664,0.18346775,1,15,191,0.375,0.0,-1.1138563,4.937253,0.625
601777.SH,20.990152,20.990152,0.00017598078,0.00018804062,0.37083304,0.19556025,1,5,286,0.75,0.0,-1.4194614,3.398893,0.25
601778.SH,31.100666,31.100666,0.00026951576,0.00018804062,0.3874997,0.15814152,1,74,159,0.82608694,0.0,1.608555,4.9809804,0.17391305
601788.SH,14.193257,14.193257,0.00014383647,0.00018804062,0.34999973,0.23448277,1,77,117,0.6333333,0.0,-0.9464134,5.4808598,0.36666667
601789.SH,12.6248255,12.6248255,0.00013275666,0.00018804062,0.39166635,0.15864527,1,27,217,0.5,0.0,0.03077937,1.7802817,0.5
601798.SH,13.132618,13.132618,0.00013548885,0.00018804062,0.34999973,0.30804598,1,77,117,0.43333334,0.0,-1.8314866,3.0369766,0.56666666
601799.SH,12.382316,12.382316,0.0001224484,0.00018804062,0.38833302,0.24420677,1,43,94,0.7352941,0.0,-0.6791265,17.962837,0.2647059
601800.SH,17.23292,17.23292,0.00016557089,0.00018804062,0.39333302,0.22222222,1,93,192,0.8108108,0.0,-0.4648054,-2.008058,0.1891892
601801.SH,18.699856,18.699856,0.0001798324,0.00018804062,0.3774997,0.13368984,1,23,94,0.4117647,0.0,-1.0232912,5.8393655,0.5882353
601808.SH,10.168875,10.168875,0.00010879239,0.00018804062,0.38333303,0.10804598,1,22,208,0.76666665,0.0,0.49640664,-1.1225325,0.23333333
601811.SH,12.335693,12.335693,0.00012695664,0.00018804062,0.39874968,0.3608871,1,96,56,0.9375,0.0,-0.92901564,13.463614,0.0625
601816.SH,15.23481,15.23481,0.0001517873,0.00018804062,0.39499968,0.1891892,1,33,251,0.7105263,0.0,-0.93491846,10.495336,0.28947368
601818.SH,13.924234,13.924234,0.00013756125,0.00018804062,0.36041638,0.30252102,1,93,192,0.82857144,0.0,-0.28867427,8.401451,0.17142858
601825.SH,35.141193,35.141193,0.00030607058,0.00018804062,0.37208304,0.26378378,1,1,211,0.9066667,0.0,0.011388054,7.8199944,0.093333334
601827.SH,16.093075,16.093075,0.00015624604,0.00018804062,0.3824997,0.16638656,1,22,208,0.54285717,0.0,-0.76299435,10.439083,0.45714286
601828.SH,354.06393,354.06393,0.0024591985,0.00018804062,0.53333294,0.053797178,1,69,305,0.9268293,0.0,-1.2901034,-10.94069,0.07317073
601838.SH,38.42323,38.42323,0.00033190195,0.00018804062,0.38166636,0.24602401,1,19,162,0.8607595,0.0,0.3420342,8.4755335,0.1392405
601857.SH,9.963539,9.963539,0.000102800586,0.00018804062,0.38833302,0.23225807,1,1,211,0.9032258,0.0,-1.0120807,11.015403,0.09677419
601858.SH,13.527751,13.527751,0.00014558273,0.00018804062,0.35124972,0.22528736,1,22,208,0.73333335,0.0,-1.1370634,3.4756835,0.26666668
601860.SH,19.22628,19.22628,0.00017698495,0.00018804062,0.36208305,0.17992425,1,23,94,0.90909094,0.0,-0.1829273,8.455557,0.09090909
601865.SH,13.531939,13.531939,0.00013805268,0.00018804062,0.3849997,0.2159091,1,14,83,0.6969697,0.0,-0.7695272,-1.1641772,0.3030303
601866.SH,10.896035,10.896035,0.00012139303,0.00018804062,0.35333306,0.1954023,1,59,157,0.93333334,0.0,-1.6994898,5.769827,0.06666667
601868.SH,20.469011,20.469011,0.0001934299,0.00018804062,0.3799997,0.2695122,1,43,94,0.6585366,0.0,-0.9730024,3.802776,0.34146342
601869.SH,19.530687,19.530687,0.00016118633,0.00018804062,0.38916636,0.27731094,1,69,305,0.82857144,0.0,-2.1306343,8.492776,0.17142858
601872.SH,13.007789,13.007789,0.00012711139,0.00018804062,0.38583302,0.29411766,1,23,94,0.8857143,0.0,-1.0551802,16.64125,0.114285715
601877.SH,13.791004,13.791004,0.00014067418,0.00018804062,0.35749972,0.2784091,1,69,305,0.8181818,0.0,-1.9322212,5.6454973,0.18181819
601878.SH,16.355518,16.355518,0.0001647601,0.00018804062,0.35583305,0.18991597,1,27,217,0.45714286,0.0,-0.86623144,4.517411,0.54285717
601880.SH,10.482038,10.482038,0.00011585648,0.00018804062,0.3504164,0.21149425,1,80,208,0.9,0.0,-0.45780998,5.99339,0.1
601881.SH,19.335726,19.335726,0.00017994574,0.00018804062,0.36083305,0.2215909,1,57,68,0.45454547,0.0,-1.0928546,4.28684,0.54545456
601882.SH,19.61575,19.61575,0.00017971861,0.00018804062,0.37416637,0.31039137,1,102,50,0.30769232,0.0,-0.8691385,4.2884326,0.6923077
601886.SH,16.843782,16.843782,0.00016455475,0.00018804062,0.3624997,0.13563219,1,80,208,0.76666665,0.0,-1.5249232,1.2328498,0.23333333
601888.SH,18.333654,18.333654,0.00017200144,0.00018804062,0.3749997,0.2321839,1,24,84,0.26666668,0.0,-1.6714733,3.5553932,0.73333335
601890.SH,14.141095,14.141095,0.0001416945,0.00018804062,0.36916637,0.29885057,1,51,81,0.4,0.0,-0.6920999,5.3431287,0.6
601898.SH,11.272589,11.272589,0.000117021635,0.00018804062,0.39333302,0.24064171,1,94,65,0.7352941,0.0,-0.2708,9.22262,0.2647059
601899.SH,17.121569,17.121569,0.00015605253,0.00018804062,0.398333,0.23784356,1,2,80,0.59090906,0.0,-0.5534818,14.612744,0.4090909
601900.SH,10.900315,10.900315,0.00011138071,0.00018804062,0.39916635,0.4688057,1,12,252,0.8235294,0.0,-0.6113029,19.37369,0.1764706
601901.SH,12.807015,12.807015,0.000130679,0.00018804062,0.35916638,0.22068965,1,24,84,0.96666664,0.0,-1.06518,4.188124,0.033333335
601908.SH,10.781458,10.781458,0.00010968087,0.00018804062,0.39166635,0.3529412,1,80,208,0.7647059,0.0,-1.0102706,-24.328417,0.23529412
601916.SH,12.473905,12.473905,0.00012615266,0.00018804062,0.3529164,0.34712642,1,19,162,0.73333335,0.0,0.51450336,8.156592,0.26666668
601918.SH,10.68899,10.68899,0.00011100299,0.00018804062,0.38666636,0.25,1,19,162,0.8484849,0.0,1.0414029,12.634213,0.15151516
601919.SH,10.764059,10.764059,0.00011466913,0.00018804062,0.3924997,0.2888889,1,21,149,0.9444444,0.0,-0.6320889,16.684433,0.055555556
601921.SH,9.652773,9.652773,0.000106186846,0.00018804062,0.39416635,0.40524194,1,80,208,0.9375,0.0,-0.8732875,15.278221,0.0625
601928.SH,15.574098,15.574098,0.00015175431,0.00018804062,0.38916636,0.19495799,1,61,124,0.5714286,0.0,-1.1738658,9.142491,0.42857143
601929.SH,18.257078,18.257078,0.00015748086,0.00018804062,0.39583302,0.27061558,1,22,208,0.9047619,0.0,-1.4681524,-20.582077,0.0952381
601933.SH,35.734196,35.734196,0.000245044,0.00018804062,0.39583302,0.26794872,1,61,124,0.825,0.0,-1.6470749,-24.813423,0.175
601939.SH,30.552732,30.552732,0.0002671351,0.00018804062,0.36708304,0.36820573,1,69,305,0.7457627,0.0,0.09695253,6.9882097,0.2542373
601949.SH,11.818542,11.818542,0.00012621381,0.00018804062,0.35208306,0.2551724,1,22,208,0.76666665,0.0,-0.66102004,2.8442466,0.23333333
601952.SH,7.9476805,7.9476805,9.2378286e-05,0.00018804062,0.37166637,0.21609196,1,33,251,0.7,0.0,0.74679345,0.34023878,0.3
601956.SH,6.647787,6.647787,8.245899e-05,0.00018804062,0.36166638,0.3034483,1,33,251,0.93333334,0.0,-1.0567335,6.4443893,0.06666667
601958.SH,23.735382,23.735382,0.00019899757,0.00018804062,0.39166635,0.27567068,1,61,124,0.68085104,0.0,-0.9718425,12.629925,0.31914893
601963.SH,31.743505,31.743505,0.0002755078,0.00018804062,0.3687497,0.3487013,1,69,305,0.66071427,0.0,0.707434,6.7459426,0.3392857
601965.SH,15.049386,15.049386,0.00014039181,0.00018804062,0.39416635,0.32605043,1,95,151,0.9142857,0.0,-1.0443686,15.920208,0.08571429
601966.SH,18.10819,18.10819,0.00017961577,0.00018804062,0.35208306,0.12436975,1,7,111,0.6571429,0.0,-0.8651943,2.9024656,0.34285715
601968.SH,13.984221,13.984221,0.00014170504,0.00018804062,0.34749973,0.07126437,1,7,111,0.8,0.0,-1.22522,1.6699134,0.2
601969.SH,18.080925,18.080925,0.00017296623,0.00018804062,0.38291636,0.15053764,1,1,211,0.48387095,0.0,-1.2134485,6.068433,0.516129
601975.SH,18.807936,18.807936,0.0001774141,0.00018804062,0.3924997,0.20598006,1,43,94,0.627907,0.0,-1.0450372,9.042253,0.37209302
601985.SH,9.244157,9.244157,0.000103069455,0.00018804062,0.35499972,0.17011495,1,15,191,0.76666665,0.0,-0.5265166,7.6319246,0.23333333
601988.SH,19.910795,19.910795,0.00018218995,0.00018804062,0.36541638,0.36231884,1,69,305,0.73913044,0.0,-0.20806089,5.748348,0.26086956
601990.SH,19.322805,19.322805,0.00018830388,0.00018804062,0.36333305,0.21486643,1,27,217,0.3809524,0.0,-0.85880715,3.7549703,0.61904764
601991.SH,13.705534,13.705534,0.00014235229,0.00018804062,0.36541638,0.26381463,1,59,157,0.7941176,0.0,0.5179029,6.288703,0.20588236
601992.SH,16.972143,16.972143,0.00015227369,0.00018804062,0.39416635,0.2769231,1,87,102,0.875,0.0,-1.3334875,-23.437357,0.125
601995.SH,17.235973,17.235973,0.00016793731,0.00018804062,0.3441664,0.2172043,1,57,68,0.4516129,0.0,-1.0934548,4.8814836,0.5483871
601996.SH,15.283662,15.283662,0.00014259662,0.00018804062,0.38416636,0.20336135,1,80,208,0.8857143,0.0,-0.25034285,-14.261652,0.114285715
601997.SH,10.768561,10.768561,0.00011108783,0.00018804062,0.35124972,0.5776515,1,69,305,0.7878788,0.0,1.0859424,7.827324,0.21212122
601998.SH,15.798197,15.798197,0.00014629505,0.00018804062,0.37833303,0.30583215,1,5,286,0.7894737,0.0,-0.6242868,5.6502867,0.21052632
601999.SH,13.326127,13.326127,0.0001383403,0.00018804062,0.36416638,0.20320855,1,27,217,0.61764705,0.0,-1.4328177,3.7722528,0.38235295
603000.SH,16.33949,16.33949,0.00015823416,0.00018804062,0.36083305,0.17137097,1,22,208,0.5,0.0,-1.4363,2.6067903,0.5
603001.SH,16.498318,16.498318,0.00014652697,0.00018804062,0.39416635,0.34957984,1,61,124,0.82857144,0.0,-2.0499744,-18.943527,0.17142858
603002.SH,20.96078,20.96078,0.00017680142,0.00018804062,0.3799997,0.2277551,1,22,208,0.62,0.0,-0.490104,2.52817,0.38
603004.SH,15.222161,15.222161,0.00014633022,0.00018804062,0.3812497,0.23678161,1,22,208,0.4,0.0,-1.6191033,10.959367,0.6
603005.SH,20.306263,20.306263,0.00018039007,0.00018804062,0.39499968,0.18065433,1,61,124,0.57894737,0.0,-2.4055688,4.4867325,0.42105263
603006.SH,19.044403,19.044403,0.00018559492,0.00018804062,0.3674997,0.21505377,1,95,151,0.48387095,0.0,-0.8911677,4.745503,0.516129
603008.SH,17.882954,17.882954,0.00017185629,0.00018804062,0.36333305,0.17310925,1,40,114,0.4,0.0,-1.3629,5.1987696,0.6
603009.SH,11.801162,11.801162,0.00012146509,0.00018804062,0.37333304,0.121839084,1,61,124,0.6333333,0.0,-1.8557799,7.0020123,0.36666667
603010.SH,29.206938,29.206938,0.00021683365,0.00018804062,0.3899997,0.2972973,1,69,305,0.8947368,0.0,-1.3893921,-24.696863,0.10526316
603011.SH,16.754118,16.754118,0.00015596687,0.00018804062,0.39166635,0.14712644,1,1,211,0.8,0.0,-2.1533134,-6.1323366,0.2
603012.SH,13.377953,13.377953,0.00013992233,0.00018804062,0.36166638,0.121839084,1,33,251,0.5,0.0,-0.85389656,5.3950434,0.5
603013.SH,13.165117,13.165117,0.0001273922,0.00018804062,0.3874997,0.2505747,1,96,56,0.8666667,0.0,-1.6421165,14.353675,0.13333334
603014.SH,15.285926,15.285926,0.00014768935,0.00018804062,0.3774997,0.22068965,1,33,251,0.5,0.0,-1.1628133,6.1970334,0.5
603015.SH,12.667248,12.667248,0.00013378644,0.00018804062,0.3637497,0.24955437,1,80,208,0.88235295,0.0,-2.1600354,4.748152,0.11764706
603016.SH,9.890642,9.890642,0.00010958815,0.00018804062,0.3762497,0.35632184,1,59,157,0.96666664,0.0,-1.0127933,7.569347,0.033333335
603017.SH,12.636723,12.636723,0.00012469909,0.00018804062,0.36541638,0.26236558,1,59,157,0.83870965,0.0,0.4602517,7.1903777,0.16129032
603018.SH,10.152424,10.152424,0.00011128494,0.00018804062,0.36916637,0.26236558,1,51,81,0.83870965,0.0,-0.35617742,3.7426503,0.16129032
603019.SH,16.782146,16.782146,0.00016200164,0.00018804062,0.3749997,0.16091955,1,33,251,0.76666665,0.0,-2.1931267,8.584414,0.23333333
603020.SH,17.889715,17.889715,0.00017626377,0.00018804062,0.36291638,0.21153846,1,7,111,0.4,0.0,-1.5228626,5.75563,0.6
603022.SH,14.88551,14.88551,0.0001503959,0.00018804062,0.36333305,0.10483871,1,33,251,0.625,0.0,-0.7905594,5.7144613,0.375
603023.SH,37.278473,37.278473,0.0002812622,0.00018804062,0.36833304,0.16515426,1,23,94,0.8103448,0.0,-1.4864223,2.928862,0.18965517
603025.SH,21.029514,21.029514,0.00019672174,0.00018804062,0.38333303,0.13229018,1,14,83,0.68421054,0.0,-0.15593156,4.725577,0.31578946
603026.SH,124.39714,124.39714,0.00083810225,0.00018804062,0.43916634,0.15677786,1,40,114,0.9025974,0.0,-1.6515214,1.0689201,0.097402595
603027.SH,8.733281,8.733281,9.5850024e-05,0.00018804062,0.38416636,0.43448275,1,61,124,0.8,0.0,-0.18689671,14.767846,0.2
603028.SH,15.865047,15.865047,0.00013425916,0.00018804062,0.39333302,0.33333334,1,7,111,0.8181818,0.0,-1.5195879,-30.825983,0.18181819
603029.SH,14.3476715,14.3476715,0.00014625325,0.00018804062,0.36041638,0.13793103,1,7,111,0.9,0.0,-0.8453233,6.0964966,0.1
603030.SH,13.019303,13.019303,0.00011462977,0.00018804062,0.39333302,0.4827586,1,59,157,0.9,0.0,-1.3731102,-34.57888,0.1
603031.SH,19.866304,19.866304,0.00017331712,0.00018804062,0.39333302,0.25620568,1,12,252,0.5625,0.0,-0.80958337,14.031182,0.4375
603032.SH,10.874634,10.874634,0.000117413096,0.00018804062,0.35374972,0.27586207,1,33,251,0.76666665,0.0,-2.97382,3.0390933,0.23333333
603033.SH,11.025291,11.025291,0.00010580771,0.00018804062,0.39166635,0.3138138,1,95,151,0.9459459,0.0,-1.6866108,-24.694588,0.054054055
603035.SH,21.60244,21.60244,0.00020003231,0.00018804062,0.37833303,0.123755336,1,69,305,0.36842105,0.0,-1.2094448,2.9913366,0.6315789
603036.SH,12.602143,12.602143,0.00012331166,0.00018804062,0.38416636,0.44758064,1,95,151,1.0,0.0,-1.2032844,16.207335,0.0
603037.SH,17.77974,17.77974,0.00017208874,0.00018804062,0.36916637,0.15927419,1,33,251,0.15625,0.0,-1.1853594,5.1885676,0.84375
603038.SH,14.994662,14.994662,0.00015385367,0.00018804062,0.37166637,0.15686275,1,96,56,0.8235294,0.0,-0.85219115,6.074593,0.1764706
603039.SH,16.097998,16.097998,0.00014614897,0.00018804062,0.39333302,0.29233512,1,1,211,0.9117647,0.0,-0.9812411,16.555006,0.0882353
603040.SH,17.334772,17.334772,0.00015316663,0.00018804062,0.39083302,0.45806453,1,23,94,1.0,0.0,-1.0583937,16.94915,0.0
603041.SH,12.81489,12.81489,0.00013488223,0.00018804062,0.3529164,0.11954023,1,7,111,0.8666667,0.0,-0.6637733,5.06114,0.13333334
603042.SH,11.503914,11.503914,0.000103211794,0.00018804062,0.39916635,0.38104838,1,12,252,0.9375,0.0,-0.8498625,-25.725515,0.0625
603043.SH,14.48794,14.48794,0.00014190323,0.00018804062,0.38416636,0.25042018,1,33,251,0.71428573,0.0,-0.74301434,12.548691,0.2857143
603045.SH,9.227824,9.227824,0.00010499364,0.00018804062,0.3704164,0.30967742,1,59,157,0.8064516,0.0,-2.022271,5.757625,0.19354838
603048.SH,11.192137,11.192137,0.00012354043,0.00018804062,0.36166638,0.17701149,1,95,151,0.93333334,0.0,-1.2379736,6.228736,0.06666667
603049.SH,15.395357,15.395357,0.00015180351,0.00018804062,0.37916636,0.18560606,1,5,286,0.54545456,0.0,-1.9669758,4.4919415,0.45454547
603050.SH,15.5648775,15.5648775,0.00015258421,0.00018804062,0.38416636,0.1605938,1,22,208,0.6666667,0.0,-1.9569895,11.0985365,0.33333334
603051.SH,15.113662,15.113662,0.00015086743,0.00018804062,0.36458305,0.12873563,1,6,36,0.5,0.0,-1.5519066,6.6169415,0.5
603052.SH,25.289164,25.289164,0.00020208432,0.00018804062,0.3924997,0.2372449,1,51,81,0.6122449,0.0,-1.1515143,1.7823406,0.3877551
603053.SH,11.763623,11.763623,0.00012990013,0.00018804062,0.36583304,0.16935484,1,80,208,0.875,0.0,-0.44280937,4.0048375,0.125
603055.SH,10.073846,10.073846,0.00011161092,0.00018804062,0.38583302,0.26008064,1,87,102,0.84375,0.0,-1.008997,9.828774,0.15625
603057.SH,11.628088,11.628088,0.00012133823,0.00018804062,0.38166636,0.21975806,1,59,157,0.78125,0.0,-0.084649965,15.192108,0.21875
603058.SH,14.875725,14.875725,0.00015093652,0.00018804062,0.37541637,0.20168068,1,69,305,0.62857145,0.0,-1.0533799,1.888688,0.37142858
603059.SH,9.13809,9.13809,0.000104178085,0.00018804062,0.38166636,0.18390805,1,5,286,0.7,0.0,-0.79029334,11.5124655,0.3
603060.SH,20.23635,20.23635,0.00018883079,0.00018804062,0.405833,0.16596195,1,1,211,0.6363636,0.0,-0.99012053,-1.6250905,0.36363637
603061.SH,20.766207,20.766207,0.00019212841,0.00018804062,0.38666636,0.22820513,1,95,151,0.525,0.0,-0.6334825,5.922922,0.475
603062.SH,15.578705,15.578705,0.00015227881,0.00018804062,0.39166635,0.14264265,1,6,36,0.8378378,0.0,-1.3353729,12.226105,0.16216215
603063.SH,10.431879,10.431879,0.00011515279,0.00018804062,0.35458305,0.21780303,1,80,208,0.8787879,0.0,-1.8762848,2.3702183,0.121212125
603065.SH,14.338592,14.338592,0.00014261712,0.00018804062,0.36541638,0.2045977,1,22,208,0.43333334,0.0,-1.7511868,1.9178706,0.56666666
603066.SH,14.499303,14.499303,0.00013349284,0.00018804062,0.35999972,0.25238097,1,40,114,0.6944444,0.0,-1.0243583,2.3096168,0.30555555
603067.SH,10.373454,10.373454,0.00010674635,0.00018804062,0.39499968,0.34848484,1,33,251,0.90909094,0.0,-1.4879303,18.73323,0.09090909
603068.SH,11.456818,11.456818,0.00011476845,0.00018804062,0.37333304,0.2184874,1,39,1,1.0,0.0,-1.1209171,0.9549516,0.0
603069.SH,16.530771,16.530771,0.00014560563,0.00018804062,0.39666635,0.24622531,1,52,65,0.78571427,0.0,-1.1299071,-22.537678,0.21428572
603070.SH,13.599289,13.599289,0.00013694527,0.00018804062,0.36333305,0.1996435,1,43,94,0.85294116,0.0,-1.6596676,1.5432551,0.14705883
603071.SH,19.20648,19.20648,0.00018426857,0.00018804062,0.37416637,0.24751067,1,43,94,0.55263156,0.0,-0.4127079,2.7523272,0.4473684
603072.SH,12.553942,12.553942,0.00013459485,0.00018804062,0.35916638,0.21169356,1,6,36,0.9375,0.0,-2.4811687,7.019717,0.0625
603073.SH,10.028612,10.028612,0.00011514191,0.00018804062,0.34958306,0.23225807,1,33,251,0.67741936,0.0,-1.0059774,3.898584,0.32258064
603075.SH,14.738152,14.738152,0.00013966855,0.00018804062,0.40916634,0.27125505,1,69,305,0.7692308,0.0,-1.21771,15.072068,0.23076923
603076.SH,18.054277,18.054277,0.00016428561,0.00018804062,0.3799997,0.22068965,1,22,208,0.6333333,0.0,-1.23745,3.4046886,0.36666667
603077.SH,11.960942,11.960942,0.0001258802,0.00018804062,0.36208305,0.1632184,1,1,211,0.76666665,0.0,-1.4493501,1.6694038,0.23333333
603078.SH,14.876295,14.876295,0.00014774036,0.00018804062,0.3637497,0.13068181,1,14,83,0.8484849,0.0,-0.72474843,4.3399754,0.15151516
603079.SH,10.899472,10.899472,0.00011925936,0.00018804062,0.35208306,0.30492425,1,7,111,0.8181818,0.0,-0.123772696,5.1921663,0.18181819
603080.SH,9.828262,9.828262,0.00010307059,0.00018804062,0.38916636,0.4185606,1,51,81,0.8787879,0.0,-0.9892546,19.25207,0.121212125
603081.SH,10.827234,10.827234,0.00011406683,0.00018804062,0.37833303,0.10483871,1,22,208,0.8125,0.0,-1.0319062,1.44131,0.1875
603082.SH,8.976206,8.976206,0.00010088635,0.00018804062,0.3649997,0.1632184,1,43,94,1.0,0.0,-2.4374835,5.4622636,0.0
603083.SH,13.68147,13.68147,0.0001224724,0.00018804062,0.39666635,0.24395162,1,40,114,0.8125,0.0,-0.80250317,-2.3174465,0.1875
603085.SH,23.443594,23.443594,0.00019005197,0.00018804062,0.38916636,0.21010101,1,69,305,0.6,0.0,-0.7475,2.8797898,0.4
603086.SH,16.225027,16.225027,0.00016155196,0.00018804062,0.35124972,0.15765765,1,7,111,0.8918919,0.0,-1.0263729,2.0425785,0.10810811
603087.SH,16.702526,16.702526,0.00015484834,0.00018804062,0.3899997,0.23295455,1,69,305,0.8787879,0.0,-1.6682636,5.3906703,0.121212125
603088.SH,19.42776,19.42776,0.00018373427,0.00018804062,0.37666637,0.2730159,1,7,111,0.3611111,0.0,-1.7052639,6.223723,0.6388889
603089.SH,17.894035,17.894035,0.00016689635,0.00018804062,0.38291636,0.14112903,1,22,208,0.40625,0.0,-0.425625,6.6964693,0.59375
603090.SH,21.361937,21.361937,0.00018941004,0.00018804062,0.39083302,0.16173361,1,69,305,0.45454547,0.0,-1.2229477,9.470466,0.54545456
603091.SH,20.838432,20.838432,0.00019488402,0.00018804062,0.38583302,0.18585859,1,40,114,0.46666667,0.0,-1.300811,7.080207,0.53333336
603092.SH,21.979193,21.979193,0.00019078776,0.00018804062,0.38916636,0.33483484,1,69,305,0.8378378,0.0,-1.7367729,14.289157,0.16216215
603093.SH,31.085016,31.085016,0.00028095877,0.00018804062,0.3724997,0.14962675,1,40,114,0.6962025,0.0,-0.53811395,6.3426027,0.30379745
603095.SH,17.551378,17.551378,0.00016751024,0.00018804062,0.36166638,0.11491936,1,40,114,0.625,0.0,-1.5887063,3.9710548,0.375
603096.SH,13.489716,13.489716,0.00013596547,0.00018804062,0.38416636,0.21212122,1,61,124,0.75757575,0.0,-0.4800122,4.9766297,0.24242425
603097.SH,11.684132,11.684132,0.0001267643,0.00018804062,0.36583304,0.19607843,1,33,251,0.7058824,0.0,-1.3100294,6.2856927,0.29411766
603098.SH,14.270024,14.270024,0.00014421628,0.00018804062,0.37458304,0.1724138,1,69,305,0.8333333,0.0,-1.9946668,5.922298,0.16666667
603099.SH,15.363609,15.363609,0.00014861293,0.00018804062,0.38166636,0.24777183,1,7,111,0.7058824,0.0,-1.8814089,12.447081,0.29411766
603100.SH,15.729354,15.729354,0.00014816615,0.00018804062,0.39083302,0.28735632,1,7,111,0.3,0.0,-1.0903265,8.795461,0.7
603101.SH,9.323176,9.323176,0.00010794434,0.00018804062,0.3529164,0.2413793,1,33,251,0.8333333,0.0,-0.5848067,5.6072755,0.16666667
603102.SH,17.683762,17.683762,0.00017016324,0.00018804062,0.3824997,0.16031747,1,7,111,0.5833333,0.0,-0.71734995,7.337154,0.41666666
603103.SH,9.838064,9.838064,9.718521e-05,0.00018804062,0.37208304,0.372043,1,95,151,0.87096775,0.0,-1.5423387,15.487829,0.12903225
603105.SH,10.599335,10.599335,0.00010656036,0.00018804062,0.3899997,0.27651516,1,33,251,0.8787879,0.0,-1.4056212,15.48482,0.121212125
603106.SH,9.071523,9.071523,0.00010140146,0.00018804062,0.3799997,0.17471264,1,80,208,0.76666665,0.0,-1.4239135,2.2781398,0.23333333
603107.SH,10.961282,10.961282,0.00011849082,0.00018804062,0.3724997,0.1827957,1,87,102,0.67741936,0.0,-2.5983193,10.133307,0.32258064
603108.SH,10.768895,10.768895,0.00011831299,0.00018804062,0.37666637,0.37701613,1,21,149,0.8125,0.0,-1.0097219,-3.162917,0.1875
603109.SH,13.975353,13.975353,0.00014387266,0.00018804062,0.3637497,0.14712644,1,21,149,0.53333336,0.0,-1.3622367,3.738586,0.46666667
603110.SH,28.001019,28.001019,0.00021884785,0.00018804062,0.3874997,0.20979592,1,23,94,0.9,0.0,-0.74792993,2.1560998,0.1
603111.SH,15.132993,15.132993,0.00014835724,0.00018804062,0.39499968,0.16500711,1,14,83,0.7894737,0.0,-0.9654315,1.3467879,0.21052632
603112.SH,15.000653,15.000653,0.00015395547,0.00018804062,0.3712497,0.24761905,1,59,157,0.75,0.0,-1.4738946,2.3115618,0.25
603113.SH,15.601254,15.601254,0.00014607524,0.00018804062,0.39749968,0.2145749,1,93,192,0.51282054,0.0,-0.67716664,0.16912815,0.4871795
603115.SH,16.36494,16.36494,0.00016192319,0.00018804062,0.39916638,0.16153847,1,74,159,0.8,0.0,-1.320045,1.8307949,0.2
603116.SH,13.628613,13.628613,0.00013460693,0.00018804062,0.37833303,0.16806723,1,15,191,0.6857143,0.0,-1.6993314,-7.220439,0.31428573
603117.SH,14.020647,14.020647,0.00013203066,0.00018804062,0.3662497,0.26825398,1,59,157,0.9444444,0.0,-1.3167555,3.2714207,0.055555556
603118.SH,15.315236,15.315236,0.00014890647,0.00018804062,0.39166635,0.11491936,1,1,211,0.71875,0.0,-1.1041125,-2.4592302,0.28125
603119.SH,12.677244,12.677244,0.00011803071,0.00018804062,0.38333303,0.4,1,59,157,0.96666664,0.0,-2.2053533,17.803185,0.033333335
603120.SH,16.701647,16.701647,0.00016519958,0.00018804062,0.35624972,0.23870967,1,43,94,0.29032257,0.0,-0.9211,3.904213,0.7096774
603121.SH,13.726126,13.726126,0.00013192774,0.00018804062,0.36666638,0.2229885,1,95,151,0.9,0.0,-1.2069166,3.0672867,0.1
603122.SH,15.890215,15.890215,0.00015097094,0.00018804062,0.39666635,0.23381643,1,14,83,0.76086956,0.0,-1.0144306,-13.934408,0.23913044
603123.SH,17.734013,17.734013,0.00017031605,0.00018804062,0.400833,0.071428575,1,69,305,0.5833333,0.0,-0.9711806,-2.387738,0.41666666
603124.SH,18.49143,18.49143,0.00018163123,0.00018804062,0.3749997,0.14634146,1,22,208,0.7619048,0.0,-1.3497357,8.552073,0.23809524
603125.SH,14.907304,14.907304,0.00014183772,0.00018804062,0.39499968,0.10967742,1,69,305,0.67741936,0.0,-1.4174902,8.820684,0.32258064
603126.SH,12.552005,12.552005,0.00011778362,0.00018804062,0.37083304,0.26990554,1,80,208,0.8717949,0.0,-0.90051544,1.5244988,0.12820514
603127.SH,10.785362,10.785362,0.00012120273,0.00018804062,0.36666638,0.19139785,1,91,229,0.7419355,0.0,-1.8985646,4.552407,0.2580645
603128.SH,16.271536,16.271536,0.00015912912,0.00018804062,0.3824997,0.1462185,1,33,251,0.51428574,0.0,-1.7467401,0.59133816,0.4857143
603129.SH,12.517096,12.517096,0.00011849073,0.00018804062,0.39083302,0.43951613,1,69,305,0.875,0.0,0.092143744,20.806797,0.125
603130.SH,12.870203,12.870203,0.00013855463,0.00018804062,0.36166638,0.22994652,1,42,3,0.9411765,0.0,-1.0318941,4.753247,0.05882353
603131.SH,18.964573,18.964573,0.00018994651,0.00018804062,0.37083304,0.19344608,1,62,1,1.0,0.0,-1.3535999,6.037495,0.0
603132.SH,12.346607,12.346607,0.00012787843,0.00018804062,0.38916636,0.2057057,1,87,102,0.7837838,0.0,-1.2135891,10.623876,0.21621622
603135.SH,14.554722,14.554722,0.00014827868,0.00018804062,0.3541664,0.10537634,1,27,217,0.7741935,0.0,-1.4174289,3.1883676,0.22580644
603136.SH,16.751396,16.751396,0.00015801087,0.00018804062,0.37833303,0.18181819,1,19,162,0.6060606,0.0,-0.63466364,7.583763,0.3939394
603137.SH,8.989982,8.989982,8.848038e-05,0.00018804062,0.3874997,0.48387095,1,20,96,1.0,0.0,-1.1914678,-33.437737,0.0
603138.SH,15.626703,15.626703,0.00013974785,0.00018804062,0.39333302,0.3137255,1,12,252,0.7352941,0.0,-1.9723854,-22.61472,0.2647059
603139.SH,26.866726,26.866726,0.00020174282,0.00018804062,0.38916636,0.37381917,1,22,208,0.51282054,0.0,-1.68469,-24.961107,0.4871795
603150.SH,11.42534,11.42534,0.00012457313,0.00018804062,0.3749997,0.2505747,1,69,305,0.76666665,0.0,-1.54155,2.6247342,0.23333333
603151.SH,19.786322,19.786322,0.00018764535,0.00018804062,0.35374972,0.3244207,1,77,117,0.29411766,0.0,-1.4895028,2.530253,0.7058824
603153.SH,17.782064,17.782064,0.00017652912,0.00018804062,0.36916637,0.1659919,1,69,305,0.8717949,0.0,-0.9745231,4.243928,0.12820514
603155.SH,12.069817,12.069817,0.00012805322,0.00018804062,0.35624972,0.1655914,1,1,211,0.9354839,0.0,-1.3804806,3.115619,0.06451613
603156.SH,17.575823,17.575823,0.0001592612,0.00018804062,0.39583302,0.32179487,1,80,208,0.625,0.0,-1.41285,15.518643,0.375
603158.SH,8.516892,8.516892,0.00010013685,0.00018804062,0.37083304,0.23707666,1,2,80,0.9705882,0.0,-1.8517089,9.043449,0.029411765
603159.SH,19.60907,19.60907,0.0001659224,0.00018804062,0.37583303,0.2695122,1,27,217,0.6097561,0.0,-0.9307903,1.4092634,0.3902439
603160.SH,13.48794,13.48794,0.00013145574,0.00018804062,0.39999968,0.22916667,1,52,65,0.7878788,0.0,0.18060306,10.69032,0.21212122
603161.SH,14.589423,14.589423,0.00014604862,0.00018804062,0.37083304,0.10695187,1,69,305,0.61764705,0.0,-1.562497,7.195296,0.38235295
603162.SH,12.430227,12.430227,0.00013367843,0.00018804062,0.35708305,0.18951613,1,7,111,0.84375,0.0,-1.4117343,5.96675,0.15625
603163.SH,10.556778,10.556778,0.00010708078,0.00018804062,0.3874997,0.35135135,1,51,81,0.972973,0.0,-1.2133216,16.33587,0.027027028
603165.SH,15.335913,15.335913,0.00015455185,0.00018804062,0.37333304,0.13306452,1,1,211,0.6875,0.0,-0.7901656,4.595114,0.3125
603166.SH,11.874404,11.874404,0.000121925535,0.00018804062,0.39166635,0.35416666,1,33,251,0.72727275,0.0,-0.8287606,17.954987,0.27272728
603167.SH,14.172631,14.172631,0.00013697064,0.00018804062,0.38416636,0.2617354,1,22,208,0.65789473,0.0,-1.2346237,13.600043,0.34210527
603168.SH,26.392492,26.392492,0.00019988714,0.00018804062,0.39499968,0.42045453,1,51,81,0.75757575,0.0,-1.9456061,-23.863678,0.24242425
603169.SH,17.525097,17.525097,0.00014222179,0.00018804062,0.39749968,0.39204547,1,12,252,0.8484849,0.0,-1.323591,-31.568241,0.15151516
603170.SH,17.493605,17.493605,0.00016039258,0.00018804062,0.38916636,0.32875264,1,14,83,0.6818182,0.0,-0.55029094,15.230422,0.3181818
603171.SH,15.751108,15.751108,0.00014957719,0.00018804062,0.37916636,0.17540322,1,24,84,0.5,0.0,-2.229672,-7.209589,0.5
603172.SH,16.40067,16.40067,0.00016455686,0.00018804062,0.36583304,0.20320855,1,27,217,0.38235295,0.0,-0.9009529,3.4353929,0.61764705
603173.SH,13.11917,13.11917,0.00012415732,0.00018804062,0.39499968,0.26386556,1,33,251,0.62857145,0.0,-0.6059172,17.44012,0.37142858
603175.SH,13.598785,13.598785,0.00012452735,0.00018804062,0.39166635,0.23529412,1,52,65,0.9142857,0.0,-1.6612028,7.8440595,0.08571429
603176.SH,11.048004,11.048004,0.00011707438,0.00018804062,0.3849997,0.29946524,1,69,305,0.88235295,0.0,-0.3491147,-5.062665,0.11764706
603177.SH,14.494781,14.494781,0.00014329496,0.00018804062,0.38333303,0.12413793,1,22,208,0.56666666,0.0,-0.74605334,0.3146906,0.43333334
603178.SH,20.958302,20.958302,0.00018143585,0.00018804062,0.40916634,0.21212122,1,69,305,0.6888889,0.0,-1.4915358,-10.584246,0.31111112
603179.SH,10.60539,10.60539,0.00011700712,0.00018804062,0.37166637,0.17424242,1,19,162,0.969697,0.0,-1.5033244,5.713777,0.030303031
603180.SH,14.847061,14.847061,0.00014700547,0.00018804062,0.36416638,0.2344086,1,61,124,0.83870965,0.0,-0.8541292,3.9919696,0.16129032
603181.SH,8.897553,8.897553,0.00010329977,0.00018804062,0.36958304,0.22689076,1,51,81,0.94285715,0.0,0.02651717,3.8755658,0.057142857
603182.SH,9.935311,9.935311,0.00010838632,0.00018804062,0.3849997,0.1969697,1,93,192,0.969697,0.0,-0.21633637,12.984902,0.030303031
603183.SH,13.079023,13.079023,0.00014036166,0.00018804062,0.35999972,0.23897582,1,59,157,0.9736842,0.0,-0.62099737,3.2600944,0.02631579
603185.SH,13.467106,13.467106,0.00013653282,0.00018804062,0.3674997,0.15927419,1,87,102,0.40625,0.0,-1.3407625,-1.3080074,0.59375
603186.SH,12.202279,12.202279,0.00012448244,0.00018804062,0.38416636,0.24946237,1,74,159,0.8064516,0.0,-1.0691323,-11.090954,0.19354838
603187.SH,13.298584,13.298584,0.00014012003,0.00018804062,0.35124972,0.1954023,1,95,151,0.6666667,0.0,-1.5089267,5.619926,0.33333334
603188.SH,12.054248,12.054248,0.00013199502,0.00018804062,0.3466664,0.2,1,27,217,0.53333336,0.0,-0.3890967,3.5883234,0.46666667
603189.SH,23.664764,23.664764,0.0001872705,0.00018804062,0.3724997,0.23255815,1,22,208,0.627907,0.0,-0.9122605,1.6625395,0.37209302
603190.SH,16.942327,16.942327,0.00017235914,0.00018804062,0.36083305,0.1754386,1,89,72,0.7692308,0.0,-1.7266922,5.2540717,0.23076923
603191.SH,13.4446335,13.4446335,0.00013989577,0.00018804062,0.35499972,0.17478992,1,15,191,0.5714286,0.0,-1.7387972,6.861921,0.42857143
603192.SH,10.973339,10.973339,0.00012317476,0.00018804062,0.35874972,0.16129032,1,19,162,0.83870965,0.0,-0.636513,3.827197,0.16129032
603193.SH,19.02935,19.02935,0.00016640767,0.00018804062,0.38583302,0.2769231,1,5,286,0.85,0.0,-1.5149174,15.34908,0.15
603194.SH,15.56949,15.56949,0.00014503088,0.00018804062,0.40166637,0.27021042,1,22,208,0.81395346,0.0,-0.93167204,15.917088,0.18604651
603195.SH,16.152021,16.152021,0.00014396853,0.00018804062,0.3924997,0.40524194,1,59,157,0.9375,0.0,-1.0350406,18.017145,0.0625
603196.SH,23.202353,23.202353,0.00018638755,0.00018804062,0.37916636,0.2299517,1,96,56,0.95652175,0.0,-0.72623044,2.8377872,0.04347826
603197.SH,18.795181,18.795181,0.00017712868,0.00018804062,0.37666637,0.12896407,1,1,211,0.79545456,0.0,-1.5100545,3.7483118,0.20454545
603198.SH,18.670158,18.670158,0.00016709602,0.00018804062,0.3924997,0.3240418,1,80,208,0.88095236,0.0,-0.83360946,13.523657,0.11904762
603199.SH,19.683222,19.683222,0.00017198431,0.00018804062,0.398333,0.28646934,1,22,208,0.72727275,0.0,-0.8240795,12.724948,0.27272728
603200.SH,16.6079,16.6079,0.00015689225,0.00018804062,0.39666635,0.17517006,1,80,208,0.93877554,0.0,-1.6655325,10.711797,0.06122449
603201.SH,13.532647,13.532647,0.00013650797,0.00018804062,0.40416637,0.20772947,1,20,96,0.9347826,0.0,-1.3248718,15.377869,0.06521739
603202.SH,73.68793,73.68793,0.0006120447,0.00018804062,0.46333295,0.09455959,1,1,211,0.9119171,0.0,-1.0362259,15.399201,0.0880829
603203.SH,16.8679,16.8679,0.000154719,0.00018804062,0.39666635,0.3089701,1,15,191,0.74418604,0.0,-1.7049859,15.151835,0.25581396
603205.SH,13.822061,13.822061,0.00014205703,0.00018804062,0.35499972,0.12655972,1,27,217,0.88235295,0.0,-1.270447,2.7460527,0.11764706
603206.SH,12.269323,12.269323,0.00012964458,0.00018804062,0.38666636,0.18145162,1,80,208,0.71875,0.0,-1.9540563,-2.655918,0.28125
603207.SH,21.094694,21.094694,0.00018411533,0.00018804062,0.38083303,0.3753754,1,20,96,0.6486486,0.0,-1.3307433,15.942162,0.35135135
603208.SH,21.165888,21.165888,0.00017545867,0.00018804062,0.39166635,0.3031359,1,87,102,0.61904764,0.0,-1.2347977,-23.901236,0.3809524
603209.SH,10.945363,10.945363,0.00011865604,0.00018804062,0.36833304,0.2413793,1,43,94,0.8,0.0,-1.7863201,4.6295986,0.2
603210.SH,14.617457,14.617457,0.00015062978,0.00018804062,0.3799997,0.1979798,1,21,149,0.9777778,0.0,-2.143542,7.085528,0.022222223
603211.SH,19.276148,19.276148,0.00018288806,0.00018804062,0.37041637,0.19426458,1,80,208,0.5319149,0.0,-1.2726767,3.3941827,0.4680851
603212.SH,16.83508,16.83508,0.00015387486,0.00018804062,0.40166634,0.2253194,1,12,252,0.64285713,0.0,-1.2705382,-11.536849,0.35714287
603213.SH,14.336048,14.336048,0.00014108453,0.00018804062,0.36541638,0.17117117,1,40,114,0.8378378,0.0,-0.86578923,1.2243865,0.16216215
603214.SH,5.3421555,5.3421555,7.19695e-05,0.00018804062,0.38416636,0.32258064,1,13,40,1.0,0.0,-0.3281129,16.823332,0.0
603215.SH,18.040648,18.040648,0.00016528319,0.00018804062,0.37416637,0.13445379,1,93,192,0.85714287,0.0,-0.55246574,-0.7752517,0.14285715
603216.SH,14.504618,14.504618,0.00014762812,0.00018804062,0.37916636,0.17943548,1,80,208,0.59375,0.0,-1.5620999,0.17462432,0.40625
603217.SH,15.220831,15.220831,0.00015484658,0.00018804062,0.3724997,0.25731707,1,19,162,0.73170733,0.0,-1.2297293,1.5787642,0.2682927
603218.SH,17.415602,17.415602,0.00017555256,0.00018804062,0.36041638,0.18776672,1,27,217,0.31578946,0.0,-0.8976869,3.7299576,0.68421054
603219.SH,14.091599,14.091599,0.0001454737,0.00018804062,0.36333305,0.1655914,1,40,114,0.67741936,0.0,-1.0656291,5.4753923,0.32258064
603220.SH,42.736664,42.736664,0.00035253042,0.00018804062,0.41666633,0.17266324,1,20,96,0.94174755,0.0,1.1990981,2.2586524,0.058252428
603221.SH,8.112153,8.112153,9.466896e-05,0.00018804062,0.36416638,0.14623655,1,20,96,0.83870965,0.0,-0.26813224,1.5476032,0.16129032
603222.SH,14.897344,14.897344,0.00013606431,0.00018804062,0.39916635,0.28734,1,33,251,0.7105263,0.0,-2.0848184,-22.366789,0.28947368
603223.SH,11.207027,11.207027,0.00011935746,0.00018804062,0.35499972,0.18850575,1,12,252,0.6666667,0.0,-0.29672667,2.7056928,0.33333334
603225.SH,12.806981,12.806981,0.00013280439,0.00018804062,0.36333305,0.16344085,1,59,157,0.7419355,0.0,-1.1452355,2.2172322,0.2580645
603226.SH,27.070658,27.070658,0.00020988779,0.00018804062,0.410833,0.22060958,1,22,208,0.5849057,0.0,-1.7287716,-15.333184,0.41509435
603227.SH,9.564333,9.564333,0.00010856126,0.00018804062,0.36166638,0.15172414,1,15,191,0.8,0.0,-1.5806034,3.6046607,0.2
603228.SH,10.055375,10.055375,0.00011259775,0.00018804062,0.37166637,0.2302521,1,20,96,0.85714287,0.0,-2.590357,5.256886,0.14285715
603229.SH,20.306831,20.306831,0.00018388902,0.00018804062,0.39583302,0.17375886,1,19,162,0.8333333,0.0,-1.3209647,9.8155775,0.16666667
603230.SH,17.070267,17.070267,0.00016625556,0.00018804062,0.37166637,0.2,1,33,251,0.4722222,0.0,-0.18506104,1.0753379,0.5277778
603231.SH,10.608555,10.608555,0.000113517446,0.00018804062,0.3824997,0.20677362,1,51,81,0.8235294,0.0,-0.6560736,11.489222,0.1764706
603232.SH,20.087502,20.087502,0.00016823082,0.00018804062,0.408333,0.16722038,1,59,157,0.8604651,0.0,-1.4258907,-6.660547,0.13953489
603233.SH,9.621139,9.621139,0.0001057914,0.00018804062,0.3824997,0.25747126,1,5,286,0.9,0.0,0.32592,17.680523,0.1
603235.SH,18.407,18.407,0.00017063071,0.00018804062,0.39083302,0.226642,1,5,286,0.80851066,0.0,-0.31805524,10.654041,0.19148937
603236.SH,14.764896,14.764896,0.00014509138,0.00018804062,0.37833303,0.109848484,1,14,83,0.6363636,0.0,-1.0778302,11.973701,0.36363637
603237.SH,9.192936,9.192936,0.00010193403,0.00018804062,0.38166636,0.3778966,1,80,208,0.9117647,0.0,-0.46172354,14.493814,0.0882353
603238.SH,14.422066,14.422066,0.00014986523,0.00018804062,0.36124972,0.20499109,1,95,151,0.7647059,0.0,0.023776503,5.6803646,0.23529412
603239.SH,22.931292,22.931292,0.00020283918,0.00018804062,0.40166634,0.19090909,1,5,286,0.8214286,0.0,-1.5310661,13.597577,0.17857143
603248.SH,13.132825,13.132825,0.00012782539,0.00018804062,0.39083302,0.23897582,1,95,151,0.94736844,0.0,0.55285794,1.2961947,0.05263158
603255.SH,18.339027,18.339027,0.00017888601,0.00018804062,0.3749997,0.1961147,1,69,305,0.63829786,0.0,-0.6180873,2.3326643,0.3617021
603256.SH,40.93266,40.93266,0.0003075525,0.00018804062,0.39666635,0.259887,1,93,192,0.9166667,0.0,-2.0145917,8.562793,0.083333336
603257.SH,13.208094,13.208094,0.0001378997,0.00018804062,0.36666638,0.2820513,1,7,111,0.7948718,0.0,-0.8069179,3.3935504,0.20512821
603258.SH,32.518547,32.518547,0.00025464923,0.00018804062,0.39666635,0.26666668,1,14,83,0.8032787,0.0,-1.6309017,-10.414239,0.19672132
603259.SH,155.85905,155.85905,0.0012405023,0.00018804062,0.5066663,0.06826683,1,30,30,0.96758103,0.0,-1.1755991,14.205931,0.03241895
603260.SH,19.202217,19.202217,0.00016739017,0.00018804062,0.39083305,0.27906978,1,80,208,0.5681818,0.0,-1.1987773,-20.586317,0.4318182
603262.SH,13.061892,13.061892,0.00012712073,0.00018804062,0.39333302,0.29554656,1,26,39,0.7692308,0.0,-0.7472309,13.366928,0.23076923
603266.SH,16.311499,16.311499,0.00016022562,0.00018804062,0.410833,0.17948718,1,69,305,0.65,0.0,-2.1959326,4.662051,0.35
603267.SH,13.139123,13.139123,0.00013767315,0.00018804062,0.38083303,0.2578397,1,95,151,0.85714287,0.0,-2.4262667,3.239102,0.14285715
603269.SH,20.12779,20.12779,0.00019576531,0.00018804062,0.38666636,0.14799154,1,21,149,0.95454544,0.0,-1.0964863,4.324097,0.045454547
603270.SH,15.29408,15.29408,0.00015451846,0.00018804062,0.36416638,0.16794872,1,1,211,0.95,0.0,-0.83381253,5.6225395,0.05
603271.SH,17.535057,17.535057,0.00016720527,0.00018804062,0.39916635,0.18484849,1,80,208,0.64444447,0.0,-1.2483068,11.0529,0.35555556
603272.SH,17.231388,17.231388,0.00016194714,0.00018804062,0.36833304,0.3042017,1,93,192,0.2,0.0,-1.0317343,2.09431,0.8
603273.SH,13.612942,13.612942,0.00013638221,0.00018804062,0.35916638,0.15508021,1,5,286,0.7352941,0.0,-1.5126264,5.4807296,0.2647059
603275.SH,10.7001095,10.7001095,0.000118547345,0.00018804062,0.3516664,0.34274194,1,80,208,0.84375,0.0,-1.8961217,5.075872,0.15625
603276.SH,16.266768,16.266768,0.00016245777,0.00018804062,0.37083304,0.19933555,1,21,149,0.76744187,0.0,-0.9450745,5.34037,0.23255815
603277.SH,11.336333,11.336333,0.00012378699,0.00018804062,0.3541664,0.15862069,1,13,40,0.8666667,0.0,-1.2552533,5.2301164,0.13333334
603278.SH,17.754091,17.754091,0.0001656965,0.00018804062,0.41249967,0.1565339,1,24,84,0.8333333,0.0,-0.48548147,-0.15457924,0.16666667
603279.SH,13.16743,13.16743,0.00013741794,0.00018804062,0.37458304,0.23974359,1,87,102,0.925,0.0,-1.7536224,5.0139875,0.075
603280.SH,18.933512,18.933512,0.00018956474,0.00018804062,0.36083305,0.2062589,1,27,217,0.2631579,0.0,-1.3728263,5.582168,0.7368421
603281.SH,20.390205,20.390205,0.00018742701,0.00018804062,0.3541664,0.22698413,1,93,192,0.33333334,0.0,-1.6225833,3.1222808,0.6666667
603282.SH,9.66618,9.66618,0.00010859678,0.00018804062,0.37416637,0.22988506,1,19,162,0.93333334,0.0,-1.5970834,-0.2445193,0.06666667
603283.SH,17.691912,17.691912,0.00017429907,0.00018804062,0.39666635,0.21616162,1,27,217,0.5777778,0.0,-1.0753245,10.445971,0.42222223
603284.SH,16.180372,16.180372,0.00014861254,0.00018804062,0.39083302,0.27395412,1,33,251,0.6923077,0.0,-1.8213999,10.43919,0.30769232
603285.SH,20.578451,20.578451,0.0001859337,0.00018804062,0.37916636,0.18588236,1,40,114,0.7254902,0.0,-1.1995276,8.831654,0.27450982
603286.SH,16.134134,16.134134,0.000138833,0.00018804062,0.398333,0.27530363,1,95,151,0.84615386,0.0,-1.1928077,-24.70403,0.15384616
603288.SH,23.919388,23.919388,0.00020172202,0.00018804062,0.403333,0.21019608,1,12,252,0.50980395,0.0,-1.0204275,9.7825985,0.49019608
603289.SH,17.611322,17.611322,0.00017671697,0.00018804062,0.3824997,0.07254623,1,1,211,0.84210527,0.0,-1.5518184,3.7153924,0.15789473
603290.SH,14.273745,14.273745,0.0001432108,0.00018804062,0.38333303,0.16989248,1,95,151,0.9032258,0.0,-2.1135614,4.541864,0.09677419
603291.SH,18.412827,18.412827,0.00017060312,0.00018804062,0.36791638,0.18262412,1,61,124,0.7083333,0.0,-0.6904792,2.7673318,0.29166666
603293.SH,27.925793,27.925793,0.00024700156,0.00018804062,0.39499968,0.1843318,1,59,157,0.8888889,0.0,0.38403016,4.8240952,0.11111111
603296.SH,20.499744,20.499744,0.0001943629,0.00018804062,0.38833305,0.116558746,1,22,208,0.89361703,0.0,-1.4535874,5.6322613,0.10638298
603297.SH,18.24348,18.24348,0.00017289276,0.00018804062,0.398333,0.121212125,1,1,211,0.72727275,0.0,-1.1846122,7.075771,0.27272728
603298.SH,19.825014,19.825014,0.00018037054,0.00018804062,0.400833,0.2109929,1,12,252,0.6666667,0.0,-1.0291375,15.426429,0.33333334
603299.SH,6.871815,6.871815,8.121983e-05,0.00018804062,0.3849997,0.3806818,1,33,251,0.93939394,0.0,-0.67247885,16.211561,0.060606062
603300.SH,13.754147,13.754147,0.00014577522,0.00018804062,0.36083305,0.11895161,1,96,56,0.875,0.0,-1.6193218,8.499687,0.125
603301.SH,16.232674,16.232674,0.00016232432,0.00018804062,0.37166637,0.110516936,1,27,217,0.5,0.0,-1.2843587,5.1015563,0.5
603303.SH,18.061617,18.061617,0.00017203575,0.00018804062,0.36583304,0.11379801,1,93,192,0.68421054,0.0,-1.2276894,1.3273894,0.31578946
603305.SH,13.079034,13.079034,0.0001390729,0.00018804062,0.3649997,0.1876877,1,21,149,0.7567568,0.0,-1.4893324,6.470531,0.24324325
603306.SH,15.001085,15.001085,0.00014433666,0.00018804062,0.39749968,0.17681159,1,51,81,0.82608694,0.0,-2.3981264,7.937421,0.17391305
603307.SH,12.548052,12.548052,0.00013137868,0.00018804062,0.3724997,0.116935484,1,19,162,0.78125,0.0,-1.2100813,7.0816965,0.21875
603308.SH,13.384319,13.384319,0.00013000694,0.00018804062,0.3899997,0.18287526,1,87,102,0.9318182,0.0,-1.8469158,7.7703495,0.06818182
603309.SH,15.171363,15.171363,0.00015202333,0.00018804062,0.35583305,0.099159665,1,93,192,0.82857144,0.0,-1.4342772,6.4115944,0.17142858
603310.SH,12.486191,12.486191,0.00013437094,0.00018804062,0.3516664,0.06896552,1,91,229,0.8666667,0.0,-0.8876733,4.61064,0.13333334
603311.SH,15.555353,15.555353,0.00015426693,0.00018804062,0.37416637,0.19487908,1,80,208,0.68421054,0.0,-0.9402211,5.625495,0.31578946
603312.SH,15.538576,15.538576,0.000148077,0.00018804062,0.38583302,0.19860627,1,90,27,0.6904762,0.0,-0.59840953,12.398091,0.30952382
603313.SH,14.9102955,14.9102955,0.00015362793,0.00018804062,0.36124972,0.15465465,1,27,217,0.5135135,0.0,-0.72830534,5.131748,0.4864865
603315.SH,13.353648,13.353648,0.00014070491,0.00018804062,0.38333303,0.11034483,1,19,162,0.8,0.0,-1.6422967,1.4691409,0.2
603316.SH,23.592047,23.592047,0.00018350437,0.00018804062,0.398333,0.30128205,1,22,208,0.575,0.0,-2.1347425,-23.881233,0.425
603317.SH,13.441576,13.441576,0.0001269511,0.00018804062,0.3849997,0.5026738,1,51,81,0.9411765,0.0,-0.5048999,18.357061,0.05882353
603318.SH,13.892821,13.892821,0.00014257233,0.00018804062,0.3899997,0.23351158,1,80,208,0.7941176,0.0,-0.33089116,-0.08145678,0.20588236
603319.SH,19.305553,19.305553,0.00018608019,0.00018804062,0.38583302,0.18778908,1,74,159,0.7234042,0.0,-1.733366,3.8386538,0.27659574
603320.SH,16.265083,16.265083,0.00016321303,0.00018804062,0.38166636,0.24756098,1,57,68,0.75609756,0.0,-1.8230611,6.057896,0.24390244
603321.SH,9.229013,9.229013,0.00010601362,0.00018804062,0.35833305,0.13103448,1,5,286,0.96666664,0.0,-1.656017,3.3502164,0.033333335
603322.SH,21.585524,21.585524,0.0001849769,0.00018804062,0.3849997,0.27246377,1,26,39,0.6956522,0.0,-0.7350847,13.255829,0.3043478
603323.SH,27.119211,27.119211,0.00024102714,0.00018804062,0.36041638,0.4598183,1,59,157,0.9814815,0.0,0.6826444,7.988143,0.018518519
603324.SH,14.815171,14.815171,0.00014748535,0.00018804062,0.39583302,0.16470589,1,22,208,0.74285716,0.0,-1.0716028,1.1151626,0.25714287
603325.SH,20.275414,20.275414,0.00018699483,0.00018804062,0.38833302,0.16596195,1,77,117,0.59090906,0.0,-0.58725685,4.784403,0.4090909
603326.SH,16.59324,16.59324,0.00015445171,0.00018804062,0.38833302,0.23890063,1,77,117,0.72727275,0.0,-0.09118187,11.485352,0.27272728
603327.SH,16.261433,16.261433,0.00016352351,0.00018804062,0.37499973,0.19556025,1,5,286,0.8636364,0.0,-1.6822819,4.6912613,0.13636364
603328.SH,17.763548,17.763548,0.00016837637,0.00018804062,0.38666636,0.15121952,1,80,208,0.46341464,0.0,-1.6284146,6.8850565,0.5365854
603329.SH,9.729725,9.729725,0.000112120506,0.00018804062,0.35791638,0.30040324,1,93,192,0.90625,0.0,-1.2252188,4.4091907,0.09375
603330.SH,16.123713,16.123713,0.00016721615,0.00018804062,0.36124972,0.18487395,1,5,286,0.7714286,0.0,-1.5270973,2.6194456,0.22857143
603331.SH,15.056155,15.056155,0.00015323832,0.00018804062,0.37041634,0.23333333,1,95,151,0.5555556,0.0,-0.88340276,6.0259843,0.44444445
603332.SH,15.678962,15.678962,0.00015574062,0.00018804062,0.38416636,0.1659919,1,27,217,0.64102566,0.0,-1.7210873,6.0963545,0.35897437
603333.SH,9.671141,9.671141,0.000103177015,0.00018804062,0.39916635,0.24324325,1,95,151,0.92105263,0.0,-2.0893605,-10.5712805,0.078947365
603334.SH,15.623126,15.623126,0.00015721294,0.00018804062,0.38458303,0.16153847,1,80,208,0.55,0.0,-1.438995,8.99967,0.45
603335.SH,18.366127,18.366127,0.00016945026,0.00018804062,0.3749997,0.13414635,1,69,305,0.5365854,0.0,-0.92366594,5.700392,0.46341464
603336.SH,15.432282,15.432282,0.00012403993,0.00018804062,0.37416637,0.34046346,1,1,211,0.9117647,0.0,-0.076023534,1.0718794,0.0882353
603337.SH,21.56486,21.56486,0.000185867,0.00018804062,0.40166634,0.28235295,1,22,208,0.7647059,0.0,-1.2690117,13.481541,0.23529412
603338.SH,18.869009,18.869009,0.00016860088,0.00018804062,0.398333,0.3020202,1,51,81,0.5777778,0.0,-1.2289822,14.80521,0.42222223
603339.SH,17.90612,17.90612,0.00017685725,0.00018804062,0.35999972,0.14453782,1,7,111,0.6571429,0.0,-1.076717,4.255729,0.34285715
603341.SH,11.405711,11.405711,0.00012421768,0.00018804062,0.3637497,0.2777778,1,7,111,0.9189189,0.0,-1.5120515,2.9803567,0.08108108
603344.SH,18.80632,18.80632,0.00018232464,0.00018804062,0.36041638,0.19634147,1,61,124,0.8292683,0.0,-2.0292878,5.9537044,0.17073171
603345.SH,12.711771,12.711771,0.00013010371,0.00018804062,0.38333303,0.2602564,1,7,111,0.8,0.0,-1.0433375,13.417358,0.2
603348.SH,9.236812,9.236812,9.5765434e-05,0.00018804062,0.37083304,0.3022942,1,7,111,0.94871795,0.0,-2.0676384,3.8954432,0.051282052
603350.SH,10.446811,10.446811,0.00011980591,0.00018804062,0.3649997,0.43448275,1,95,151,0.96666664,0.0,-1.3419869,7.0760884,0.033333335
603351.SH,12.713964,12.713964,0.0001288294,0.00018804062,0.37916636,0.17825311,1,61,124,0.85294116,0.0,-1.2369295,5.706643,0.14705883
603352.SH,12.20866,12.20866,0.00013192635,0.00018804062,0.36124972,0.21337126,1,33,251,0.8684211,0.0,-2.2396526,6.5064116,0.13157895
603353.SH,22.076864,22.076864,0.0001741396,0.00018804062,0.3674997,0.26426426,1,1,211,0.972973,0.0,-0.7635702,0.8115923,0.027027028
603355.SH,11.459842,11.459842,0.00012390387,0.00018804062,0.3849997,0.15322581,1,5,286,0.65625,0.0,0.33710945,11.505428,0.34375
603356.SH,20.430027,20.430027,0.0001658936,0.00018804062,0.39916635,0.30952382,1,69,305,0.8611111,0.0,-0.7553499,-27.85229,0.1388889
603357.SH,12.587038,12.587038,0.00012674936,0.00018804062,0.39583302,0.20128205,1,12,252,0.8,0.0,-0.4200325,8.624433,0.2
603358.SH,14.464262,14.464262,0.00014775227,0.00018804062,0.37833303,0.21829268,1,7,111,0.80487806,0.0,-2.0979805,7.0639825,0.19512194
603359.SH,12.205007,12.205007,0.000112175214,0.00018804062,0.39166635,0.40229884,1,61,124,0.7,0.0,-1.9461935,-23.593023,0.3
603360.SH,18.988146,18.988146,0.00018076053,0.00018804062,0.38583302,0.12735327,1,1,211,0.55813956,0.0,-1.8860906,6.5094404,0.44186047
603363.SH,13.3965435,13.3965435,0.0001370766,0.00018804062,0.35499972,0.21033868,1,77,117,0.47058824,0.0,-0.6739793,1.2486326,0.5294118
603365.SH,18.36898,18.36898,0.00016989565,0.00018804062,0.38333303,0.24761905,1,93,192,0.41666666,0.0,-1.2647692,6.4884853,0.5833333
603366.SH,9.928903,9.928903,0.000109521505,0.00018804062,0.37833303,0.2137931,1,19,162,0.7,0.0,-1.3503034,-8.747182,0.3
603367.SH,16.470617,16.470617,0.00016290243,0.00018804062,0.37833303,0.14268292,1,87,102,0.70731705,0.0,-1.4965926,8.718712,0.29268292
603368.SH,13.862766,13.862766,0.00014340832,0.00018804062,0.36583304,0.22459893,1,69,305,0.61764705,0.0,-0.7124618,2.6082342,0.38235295
603369.SH,20.171524,20.171524,0.00017442921,0.00018804062,0.38666636,0.31578946,1,59,157,0.84615386,0.0,-0.42425126,13.998652,0.15384616
603370.SH,13.692266,13.692266,0.00013882859,0.00018804062,0.398333,0.26341462,1,33,251,0.68292683,0.0,-0.7084293,16.16001,0.31707317
603373.SH,9.768696,9.768696,0.000108345936,0.00018804062,0.37666637,0.20967741,1,22,208,0.65625,0.0,-0.29525936,7.356624,0.34375
603375.SH,13.842527,13.842527,0.00014545226,0.00018804062,0.3774997,0.11942959,1,5,286,0.7058824,0.0,-1.2056913,2.7092528,0.29411766
603376.SH,13.507341,13.507341,0.0001376666,0.00018804062,0.3774997,0.19507575,1,21,149,0.8787879,0.0,-1.2427515,15.490523,0.121212125
603378.SH,34.42674,34.42674,0.0002602604,0.00018804062,0.40833303,0.21730769,1,83,1,1.0,0.0,-1.5167154,-14.718363,0.0
603379.SH,36.829998,36.829998,0.0003124152,0.00018804062,0.4316663,0.15193503,1,21,149,0.95652175,0.0,-0.8668673,11.659503,0.04347826
603380.SH,17.902462,17.902462,0.00017234226,0.00018804062,0.398333,0.19326599,1,102,50,0.8363636,0.0,-1.8579562,12.328503,0.16363636
603381.SH,13.587054,13.587054,0.00012380905,0.00018804062,0.3924997,0.32732734,1,94,65,0.8918919,0.0,-0.6266838,-25.772036,0.10810811
603382.SH,13.031111,13.031111,0.00013523597,0.00018804062,0.37333304,0.14717741,1,22,208,0.8125,0.0,-1.2496939,4.574336,0.1875
603383.SH,16.69653,16.69653,0.00016227587,0.00018804062,0.3824997,0.12846069,1,43,94,0.81395346,0.0,-1.382749,4.791,0.18604651
603385.SH,11.297673,11.297673,0.00012125674,0.00018804062,0.36291638,0.125,1,74,159,0.8181818,0.0,-1.3585576,2.957188,0.18181819
603386.SH,9.953539,9.953539,0.00011134443,0.00018804062,0.36583304,0.2739496,1,21,149,0.9714286,0.0,-1.9103171,7.5774064,0.028571429
603387.SH,17.078,17.078,0.00016343387,0.00018804062,0.38083303,0.125,1,59,157,0.90909094,0.0,-1.0972394,6.2876277,0.09090909
603390.SH,17.856695,17.856695,0.00017600543,0.00018804062,0.36083305,0.15396826,1,40,114,0.41666666,0.0,-1.5384417,5.806459,0.5833333
603391.SH,21.505526,21.505526,0.00020150015,0.00018804062,0.39749968,0.1254902,1,33,251,0.88235295,0.0,-1.1629685,6.0164437,0.11764706
603392.SH,15.23035,15.23035,0.00013097335,0.00018804062,0.38416636,0.41075268,1,43,94,0.83870965,0.0,-1.5469517,-17.5675,0.16129032
603393.SH,11.397261,11.397261,0.00012309133,0.00018804062,0.36291638,0.31439394,1,17,17,0.8181818,0.0,1.0593213,6.7128325,0.18181819
603395.SH,13.819376,13.819376,0.00013935717,0.00018804062,0.36916637,0.16098484,1,96,56,0.8787879,0.0,-0.46547872,4.6002,0.121212125
603396.SH,13.403254,13.403254,0.00013588475,0.00018804062,0.3899997,0.16989248,1,1,211,0.61290324,0.0,-2.018955,2.0968404,0.38709676
603399.SH,16.60363,16.60363,0.00014171425,0.00018804062,0.39666635,0.2769231,1,43,94,0.725,0.0,-1.3758225,-23.280727,0.275
603400.SH,11.035402,11.035402,0.00012272375,0.00018804062,0.36166638,0.34262484,1,69,305,0.97619045,0.0,-1.6678525,3.5324285,0.023809524
603402.SH,56.148636,56.148636,0.00044592397,0.00018804062,0.42666632,0.19466549,1,33,251,0.8632479,0.0,-1.4920864,12.448121,0.13675214
603406.SH,15.442348,15.442348,0.000145875,0.00018804062,0.3924997,0.21621622,1,61,124,0.6315789,0.0,-1.8646343,13.300363,0.36842105
603408.SH,17.646023,17.646023,0.00017298947,0.00018804062,0.35333306,0.17460318,1,51,81,0.3888889,0.0,-0.8642638,2.7645082,0.6111111
603409.SH,13.648728,13.648728,0.00013325267,0.00018804062,0.39583302,0.3078078,1,89,72,0.8378378,0.0,-1.4098055,16.941483,0.16216215
603416.SH,15.379117,15.379117,0.00014994098,0.00018804062,0.3874997,0.1889483,1,12,252,0.7058824,0.0,-1.0473118,9.458791,0.29411766
603418.SH,20.412638,20.412638,0.00018997294,0.00018804062,0.37666637,0.20769231,1,7,111,0.525,0.0,-1.5222025,5.3064756,0.475
603421.SH,26.261097,26.261097,0.00019854581,0.00018804062,0.39416635,0.38487396,1,7,111,0.8857143,0.0,-2.198166,-27.0762,0.114285715
603439.SH,17.758554,17.758554,0.00016617004,0.00018804062,0.3774997,0.11596639,1,69,305,0.4857143,0.0,-1.0078114,5.9255075,0.51428574
603444.SH,264.0027,264.0027,0.0020404602,0.00018804062,0.5249996,0.050441362,1,24,84,0.9574468,0.0,-1.1514957,12.541864,0.04255319
603456.SH,20.67555,20.67555,0.00019562653,0.00018804062,0.38666636,0.1,1,52,65,0.675,0.0,-1.2250276,5.7845807,0.325
603458.SH,28.681639,28.681639,0.00022426667,0.00018804062,0.39916635,0.23245615,1,61,124,0.54385966,0.0,-1.5718774,-15.309002,0.45614034
603459.SH,99.53386,99.53386,0.00077805517,0.00018804062,0.4616663,0.09587,1,96,56,0.9905213,0.0,-1.0619535,10.852887,0.009478673
603466.SH,13.659486,13.659486,0.00013710454,0.00018804062,0.36833304,0.14583333,1,95,151,0.8787879,0.0,1.4325727,3.3758514,0.121212125
603477.SH,19.874592,19.874592,0.00019186812,0.00018804062,0.35458305,0.25555557,1,95,151,0.5,0.0,-0.25760835,4.7327113,0.5
603486.SH,15.097401,15.097401,0.00014094949,0.00018804062,0.39416635,0.3371266,1,5,286,0.84210527,0.0,0.29539478,17.41181,0.15789473
603488.SH,20.78534,20.78534,0.00017666494,0.00018804062,0.39166635,0.24916944,1,40,114,0.6511628,0.0,-1.3661395,-16.115015,0.3488372
603489.SH,11.807281,11.807281,0.00012555446,0.00018804062,0.3866664,0.39037433,1,69,305,0.7352941,0.0,-1.4588647,5.247737,0.2647059
603496.SH,16.665222,16.665222,0.0001472433,0.00018804062,0.38916638,0.2935606,1,95,151,0.8787879,0.0,-0.23419693,-0.45488065,0.121212125
603499.SH,19.389133,19.389133,0.00018566074,0.00018804062,0.37708303,0.11948791,1,61,124,0.7368421,0.0,-1.4436421,8.096469,0.2631579
603500.SH,15.756842,15.756842,0.00015613461,0.00018804062,0.39583302,0.18709677,1,33,251,0.2580645,0.0,-1.4353839,7.6591606,0.7419355
603501.SH,18.515415,18.515415,0.00017288903,0.00018804062,0.39916635,0.12222222,1,69,305,0.6944444,0.0,-1.4762112,6.038106,0.30555555
603505.SH,15.047656,15.047656,0.00014818997,0.00018804062,0.3724997,0.20677362,1,14,83,0.8235294,0.0,-1.6623263,12.6482115,0.1764706
603506.SH,12.476033,12.476033,0.00012845806,0.00018804062,0.3799997,0.20215054,1,60,1,1.0,0.0,-0.94476765,8.548933,0.0
603507.SH,14.324272,14.324272,0.00014378544,0.00018804062,0.37833303,0.14962122,1,77,117,0.6363636,0.0,-0.73162735,1.3236794,0.36363637
603508.SH,18.64909,18.64909,0.00016685501,0.00018804062,0.38333303,0.3033033,1,5,286,0.9459459,0.0,-0.9032244,15.108928,0.054054055
603511.SH,18.077497,18.077497,0.0001731489,0.00018804062,0.35999972,0.12955466,1,33,251,0.43589744,0.0,-0.8515692,3.3575099,0.5641026
603515.SH,15.667225,15.667225,0.00015354535,0.00018804062,0.3866664,0.16302522,1,19,162,0.85714287,0.0,-1.6000115,10.798116,0.14285715
603516.SH,179.45854,179.45854,0.0012233991,0.00018804062,0.46083298,0.09449985,1,96,56,0.95951414,0.0,-1.8162162,1.5688944,0.04048583
603518.SH,13.192333,13.192333,0.00013266815,0.00018804062,0.3824997,0.2804878,1,91,229,0.75609756,0.0,-0.8514391,12.370878,0.24390244
603519.SH,16.026068,16.026068,0.00015369314,0.00018804062,0.39499968,0.16329284,1,21,149,0.6666667,0.0,-0.9887744,10.559842,0.33333334
603520.SH,15.499316,15.499316,0.00015280268,0.00018804062,0.35499972,0.16399287,1,51,81,0.7352941,0.0,-1.4831029,2.1237352,0.2647059
603527.SH,18.49399,18.49399,0.00017774757,0.00018804062,0.35791638,0.12834224,1,89,72,0.7352941,0.0,-1.5962737,5.9899025,0.2647059
603528.SH,9.043229,9.043229,9.260182e-05,0.00018804062,0.37833303,0.37903225,1,27,217,0.90625,0.0,-1.6516938,-15.263114,0.09375
603529.SH,17.246717,17.246717,0.00016935589,0.00018804062,0.3699997,0.14772727,1,80,208,0.33333334,0.0,-1.0048848,4.319607,0.6666667
603530.SH,23.05882,23.05882,0.00019428688,0.00018804062,0.40499967,0.27125505,1,91,229,0.84615386,0.0,-1.1040564,17.527086,0.15384616
603533.SH,18.25682,18.25682,0.00015591868,0.00018804062,0.39749968,0.26031294,1,14,83,0.9736842,0.0,-1.987587,-15.964614,0.02631579
603535.SH,10.578436,10.578436,0.00011484988,0.00018804062,0.3649997,0.16134454,1,69,305,0.94285715,0.0,-1.1192658,3.438892,0.057142857
603536.SH,20.893585,20.893585,0.00017533514,0.00018804062,0.40166634,0.25443262,1,27,217,0.7083333,0.0,-0.9466605,-20.677656,0.29166666
603538.SH,29.039488,29.039488,0.0002456327,0.00018804062,0.39916635,0.14970602,1,77,117,0.73134327,0.0,-0.2147925,5.5598326,0.26865673
603551.SH,20.22103,20.22103,0.00018371701,0.00018804062,0.38416636,0.292437,1,77,117,0.34285715,0.0,-1.5743058,8.872289,0.6571429
603556.SH,18.160969,18.160969,0.00017132633,0.00018804062,0.35333306,0.26704547,1,15,191,0.33333334,0.0,-2.1605303,2.1909218,0.6666667
603558.SH,13.194683,13.194683,0.00013553638,0.00018804062,0.35749972,0.20564516,1,51,81,0.6875,0.0,-1.073225,4.8621874,0.3125
603565.SH,13.046079,13.046079,0.00013009342,0.00018804062,0.39499968,0.2746032,1,69,305,0.8888889,0.0,-0.82859445,17.299788,0.11111111
603566.SH,16.322037,16.322037,0.00016169825,0.00018804062,0.37833303,0.24285714,1,27,217,0.44444445,0.0,-1.3522723,6.5654173,0.5555556
603567.SH,15.418605,15.418605,0.00013222029,0.00018804062,0.3924997,0.33978495,1,69,305,0.7419355,0.0,-1.7232808,-20.789452,0.2580645
603568.SH,17.337603,17.337603,0.00015364257,0.00018804062,0.39166635,0.2897436,1,22,208,0.65,0.0,-0.79518753,14.052594,0.35
603569.SH,14.548292,14.548292,0.00014483435,0.00018804062,0.3824997,0.13903743,1,7,111,0.7647059,0.0,-0.57103235,-11.928043,0.23529412
603577.SH,15.692203,15.692203,0.00015753339,0.00018804062,0.37208304,0.14285715,1,6,36,0.7714286,0.0,-1.6697286,3.9617083,0.22857143
603578.SH,10.719656,10.719656,0.0001062282,0.00018804062,0.39249972,0.37903225,1,33,251,0.75,0.0,-0.8505375,-29.285093,0.25
603579.SH,15.404765,15.404765,0.00014623633,0.00018804062,0.37666637,0.21839081,1,22,208,0.2,0.0,-1.2703767,4.084327,0.8
603583.SH,16.459963,16.459963,0.00015865252,0.00018804062,0.35958305,0.25403225,1,7,111,0.53125,0.0,-1.9698249,2.763544,0.46875
603585.SH,9.857456,9.857456,0.0001125224,0.00018804062,0.35333306,0.3034483,1,95,151,0.96666664,0.0,-1.1780897,3.5559938,0.033333335
603586.SH,10.365204,10.365204,0.000113537746,0.00018804062,0.3699997,0.24039829,1,61,124,0.8947368,0.0,-1.3352184,7.5357146,0.10526316
603587.SH,16.67847,16.67847,0.00015510611,0.00018804062,0.3849997,0.26578072,1,7,111,0.627907,0.0,-1.4817977,10.304762,0.37209302
603588.SH,18.171581,18.171581,0.00017333552,0.00018804062,0.35916638,0.10516934,1,22,208,0.6764706,0.0,-1.4363881,4.169853,0.32352942
603589.SH,15.84811,15.84811,0.00015165404,0.00018804062,0.3799997,0.2159091,1,22,208,0.54545456,0.0,-0.74162126,6.7415204,0.45454547
603590.SH,28.093437,28.093437,0.00025691176,0.00018804062,0.398333,0.14925373,1,33,251,0.7761194,0.0,-2.152316,2.4266725,0.2238806
603596.SH,21.508694,21.508694,0.00020358166,0.00018804062,0.37166637,0.1402439,1,19,162,0.6585366,0.0,-0.5507586,7.513613,0.34146342
603598.SH,20.633995,20.633995,0.00016657672,0.00018804062,0.39999968,0.23529412,1,51,81,0.8235294,0.0,-1.9598941,-1.8174001,0.1764706
603599.SH,17.266384,17.266384,0.00016546025,0.00018804062,0.35499972,0.13903743,1,22,208,0.4117647,0.0,-1.2181706,4.6586046,0.5882353
603600.SH,13.113446,13.113446,0.00013563264,0.00018804062,0.36416638,0.171123,1,22,208,0.7941176,0.0,-1.3720884,3.889441,0.20588236
603601.SH,16.02395,16.02395,0.00013199836,0.00018804062,0.38083303,0.43225807,1,6,36,0.87096775,0.0,0.29074845,2.719184,0.12903225
603602.SH,11.048344,11.048344,0.00011670758,0.00018804062,0.35749972,0.20430107,1,7,111,0.5483871,0.0,-0.4774968,0.9328709,0.4516129
603605.SH,13.98958,13.98958,0.0001336773,0.00018804062,0.3849997,0.31587303,1,24,84,0.8055556,0.0,-0.60645837,12.267736,0.19444445
603606.SH,18.230476,18.230476,0.00016914203,0.00018804062,0.35541636,0.15686275,1,69,305,0.44117647,0.0,-1.2374941,5.2392383,0.5588235
603607.SH,19.560316,19.560316,0.00018008068,0.00018804062,0.35999972,0.14260249,1,69,305,0.38235295,0.0,-0.9381235,2.7025323,0.61764705
603608.SH,19.48833,19.48833,0.00018195245,0.00018804062,0.3699997,0.114285715,1,1,211,0.7777778,0.0,-1.6576113,0.8799259,0.22222222
603609.SH,15.89707,15.89707,0.00015361886,0.00018804062,0.36333305,0.17613636,1,22,208,0.4848485,0.0,-2.5153275,-1.8541691,0.5151515
603610.SH,8.120866,8.120866,9.903629e-05,0.00018804062,0.34833306,0.18951613,1,61,124,0.90625,0.0,-0.5828531,6.2230124,0.09375
603611.SH,10.523295,10.523295,0.00011549411,0.00018804062,0.37499973,0.2344086,1,96,56,0.9032258,0.0,-1.7004322,12.824293,0.09677419
603612.SH,10.656832,10.656832,0.00011484146,0.00018804062,0.39499968,0.18390805,1,69,305,0.8333333,0.0,-0.88151,0.87749714,0.16666667
603613.SH,15.6209955,15.6209955,0.00014959024,0.00018804062,0.40249968,0.15927419,1,14,83,0.625,0.0,-1.3432657,4.4843483,0.375
603615.SH,26.339228,26.339228,0.00020858737,0.00018804062,0.38083306,0.21449275,1,1,211,0.67391306,0.0,-1.7393367,1.4287742,0.32608697
603616.SH,18.504126,18.504126,0.0001715741,0.00018804062,0.37166637,0.15686275,1,69,305,0.5294118,0.0,-1.010997,0.6233452,0.47058824
603617.SH,19.111475,19.111475,0.00017738802,0.00018804062,0.36541635,0.15402299,1,93,192,0.73333335,0.0,-1.7625034,3.0304735,0.26666668
603618.SH,13.204868,13.204868,0.00012120836,0.00018804062,0.38833302,0.2556818,1,15,191,0.90909094,0.0,0.85136354,-5.675491,0.09090909
603619.SH,13.025749,13.025749,0.0001275693,0.00018804062,0.39083302,0.17825311,1,23,94,0.9411765,0.0,-1.2987823,14.146142,0.05882353
603626.SH,18.958578,18.958578,0.0001675013,0.00018804062,0.39166635,0.20975609,1,93,192,0.46341464,0.0,-1.3530097,11.358922,0.5365854
603628.SH,9.577692,9.577692,0.00010661401,0.00018804062,0.35791638,0.2,1,12,252,0.8,0.0,-0.7242934,-3.147763,0.2
603629.SH,19.306816,19.306816,0.00016431841,0.00018804062,0.410833,0.21322536,1,43,94,0.64102566,0.0,-1.6314025,5.13767,0.35897437
603630.SH,15.585922,15.585922,0.00015767754,0.00018804062,0.36583304,0.16221035,1,27,217,0.47058824,0.0,-0.47569993,0.13222945,0.5294118
603633.SH,8.709204,8.709204,9.808815e-05,0.00018804062,0.36791638,0.1816092,1,93,192,0.8333333,0.0,-0.9102966,4.12679,0.16666667
603636.SH,14.569746,14.569746,0.00013091523,0.00018804062,0.3874997,0.43655914,1,69,305,0.9032258,0.0,-0.8668354,-31.04147,0.09677419
603637.SH,11.965985,11.965985,0.00012594197,0.00018804062,0.38833302,0.19310345,1,27,217,0.6333333,0.0,-1.6762166,7.807938,0.36666667
603638.SH,16.965586,16.965586,0.0001644623,0.00018804062,0.35583305,0.1733871,1,23,94,0.65625,0.0,-2.2207875,4.6323185,0.34375
603639.SH,14.258344,14.258344,0.00014792099,0.00018804062,0.35124972,0.15686275,1,22,208,0.7647059,0.0,-1.1285294,1.9813291,0.23529412
603648.SH,12.332517,12.332517,0.00012965962,0.00018804062,0.35624972,0.121839084,1,59,157,0.8,0.0,-1.5657934,2.7702177,0.2
603650.SH,11.63331,11.63331,0.00012318835,0.00018804062,0.36083305,0.1632184,1,23,94,0.8666667,0.0,-1.0897467,6.5683007,0.13333334
603655.SH,11.915141,11.915141,0.00012031006,0.00018804062,0.38916636,0.25977013,1,29,12,0.8,0.0,-1.9932431,14.30533,0.2
603656.SH,16.045864,16.045864,0.00016206187,0.00018804062,0.3554164,0.14022988,1,15,191,0.6333333,0.0,-0.8486134,4.6313004,0.36666667
603657.SH,14.676815,14.676815,0.00014211878,0.00018804062,0.3874997,0.16666667,1,59,157,0.42424244,0.0,-1.3203213,-9.393782,0.57575756
603658.SH,19.028538,19.028538,0.0001756903,0.00018804062,0.37333304,0.13333334,1,93,192,0.6666667,0.0,-1.8226632,4.0118923,0.33333334
603659.SH,10.966887,10.966887,0.00011731674,0.00018804062,0.3674997,0.16344085,1,15,191,0.67741936,0.0,-1.4987,0.36500397,0.32258064
603660.SH,46.803146,46.803146,0.00033695978,0.00018804062,0.40499967,0.23460765,1,87,102,0.6760563,0.0,-2.0921466,-17.653296,0.32394367
603661.SH,11.62493,11.62493,0.00012740638,0.00018804062,0.3566664,0.18390805,1,27,217,0.8,0.0,-1.0113865,5.895315,0.2
603662.SH,11.947497,11.947497,0.00011881373,0.00018804062,0.38333303,0.33333334,1,40,114,0.5,0.0,-0.5555035,14.822909,0.5
603663.SH,12.607825,12.607825,0.000115870906,0.00018804062,0.38916636,0.3030303,1,19,162,0.969697,0.0,-1.443112,9.360958,0.030303031
603665.SH,7.1576366,7.1576366,8.630963e-05,0.00018804062,0.36166638,0.23908046,1,95,151,0.96666664,0.0,-1.2367232,11.78913,0.033333335
603666.SH,11.489361,11.489361,0.00011693973,0.00018804062,0.39166635,0.35268816,1,33,251,0.7741935,0.0,-2.320071,-17.3688,0.22580644
603667.SH,13.804439,13.804439,0.00013060772,0.00018804062,0.38708302,0.2091954,1,95,151,0.76666665,0.0,-0.33187333,2.8790536,0.23333333
603668.SH,6.683351,6.683351,7.5467826e-05,0.00018804062,0.36583304,0.3892473,1,69,305,0.9354839,0.0,-0.7963548,1.5027968,0.06451613
603669.SH,14.030178,14.030178,0.000126341,0.00018804062,0.39416635,0.3862069,1,61,124,0.76666665,0.0,-2.0154798,-21.619963,0.23333333
603676.SH,16.996696,16.996696,0.00014849499,0.00018804062,0.38416636,0.4752688,1,95,151,0.83870965,0.0,-1.0335548,16.994211,0.16129032
603677.SH,9.982647,9.982647,0.00011175333,0.00018804062,0.36291638,0.27419356,1,12,252,0.875,0.0,-1.7716656,6.0124564,0.125
603678.SH,12.501203,12.501203,0.00012515714,0.00018804062,0.3554164,0.14022988,1,22,208,0.5,0.0,-1.8638198,1.5775133,0.5
603679.SH,16.051,16.051,0.00014310329,0.00018804062,0.39583302,0.26585695,1,69,305,0.7692308,0.0,-1.5560306,-22.693472,0.23076923
603680.SH,9.480143,9.480143,0.00010086026,0.00018804062,0.3824997,0.25846702,1,5,286,0.9117647,0.0,-1.0397295,11.651468,0.0882353
603681.SH,21.415861,21.415861,0.00019429607,0.00018804062,0.37583303,0.1764706,1,22,208,0.44117647,0.0,-1.3802706,4.682367,0.5588235
603682.SH,22.998373,22.998373,0.00019586374,0.00018804062,0.39749968,0.22060958,1,95,151,0.8113208,0.0,-0.7607038,-17.806099,0.18867925
603683.SH,17.200537,17.200537,0.00016337384,0.00018804062,0.38249972,0.08275862,1,1,211,0.46666667,0.0,-1.3759466,2.8165429,0.53333336
603685.SH,11.043795,11.043795,0.000108931985,0.00018804062,0.36583304,0.29915968,1,61,124,0.8857143,0.0,-1.1249428,1.5912315,0.114285715
603686.SH,10.74966,10.74966,0.00011694863,0.00018804062,0.35999972,0.13333334,1,19,162,0.93333334,0.0,-1.6437266,-3.5489757,0.06666667
603687.SH,18.600056,18.600056,0.00017504937,0.00018804062,0.3762497,0.20819491,1,7,111,0.4883721,0.0,-1.1646464,4.447273,0.5116279
603688.SH,9.980828,9.980828,0.0001042353,0.00018804062,0.38166636,0.22988506,1,12,252,0.8333333,0.0,-1.8992168,0.1851898,0.16666667
603689.SH,11.637162,11.637162,0.00012690101,0.00018804062,0.36166638,0.33467743,1,40,114,0.75,0.0,1.141725,4.4310374,0.25
603690.SH,12.252556,12.252556,0.00012541909,0.00018804062,0.36916637,0.17204301,1,61,124,0.67741936,0.0,-1.9019613,8.030847,0.32258064
603693.SH,20.198055,20.198055,0.00019024326,0.00018804062,0.37166637,0.16666667,1,40,114,0.5,0.0,0.67656946,4.7456074,0.5
603696.SH,17.888472,17.888472,0.00017218292,0.00018804062,0.3516664,0.15329768,1,12,252,0.23529412,0.0,-1.1519881,1.782306,0.7647059
603697.SH,10.972293,10.972293,0.00011254047,0.00018804062,0.3874997,0.3936508,1,22,208,0.9722222,0.0,-1.066236,17.846949,0.027777778
603698.SH,12.041735,12.041735,0.00012374544,0.00018804062,0.38416636,0.16781609,1,93,192,0.73333335,0.0,-1.68222,9.830713,0.26666668
603699.SH,62.639393,62.639393,0.000513359,0.00018804062,0.4466663,0.11917841,1,22,208,0.8993711,0.0,-1.2095585,17.171242,0.10062893
603700.SH,18.363207,18.363207,0.00017137559,0.00018804062,0.37916636,0.096551724,1,14,83,1.0,0.0,-1.3878934,2.2943559,0.0
603701.SH,25.315895,25.315895,0.00019985785,0.00018804062,0.398333,0.22704081,1,61,124,0.5102041,0.0,-1.3207409,1.4709591,0.48979592
603703.SH,9.971845,9.971845,0.00010791383,0.00018804062,0.3674997,0.17419355,1,27,217,0.7419355,0.0,-2.3510742,0.8355283,0.2580645
603706.SH,13.556164,13.556164,0.0001357099,0.00018804062,0.39333302,0.30583215,1,69,305,0.81578946,0.0,-0.43991318,16.435785,0.18421052
603707.SH,14.274724,14.274724,0.00013845041,0.00018804062,0.398333,0.17701149,1,33,251,0.6666667,0.0,-1.3588299,-0.04977468,0.33333334
603708.SH,10.466527,10.466527,0.000116051815,0.00018804062,0.35499972,0.08045977,1,12,252,0.73333335,0.0,-1.2384932,0.061283365,0.26666668
603709.SH,20.592201,20.592201,0.00018492737,0.00018804062,0.3724997,0.18318318,1,5,286,0.3243243,0.0,-0.6681945,-0.7296099,0.6756757
603711.SH,17.312468,17.312468,0.0001583377,0.00018804062,0.37166637,0.28024194,1,102,50,0.4375,0.0,-0.54562503,-4.263029,0.5625
603712.SH,19.484035,19.484035,0.00016049168,0.00018804062,0.39499968,0.2792793,1,1,211,0.8378378,0.0,-1.1019216,-24.857899,0.16216215
603713.SH,13.550811,13.550811,0.00013690573,0.00018804062,0.37083304,0.075630255,1,12,252,0.54285717,0.0,-0.88343143,6.051959,0.45714286
603716.SH,19.842026,19.842026,0.00017549719,0.00018804062,0.40166634,0.22352941,1,1,211,0.6666667,0.0,-0.9812,-14.695722,0.33333334
603717.SH,16.22833,16.22833,0.00015756921,0.00018804062,0.37916636,0.24242425,1,7,111,0.5,0.0,-1.3258265,0.6551984,0.5
603718.SH,17.954786,17.954786,0.0001700339,0.00018804062,0.3662497,0.27094474,1,7,111,0.2647059,0.0,-1.5388293,3.0113006,0.7352941
603719.SH,20.333342,20.333342,0.0001768854,0.00018804062,0.3899997,0.21369103,1,22,208,0.5106383,0.0,-1.4744915,-12.528909,0.4893617
603722.SH,16.918839,16.918839,0.0001569165,0.00018804062,0.38416636,0.2091954,1,61,124,0.8,0.0,-1.9628868,-3.8415222,0.2
603725.SH,8.280007,8.280007,9.9312754e-05,0.00018804062,0.35708305,0.17701149,1,59,157,1.0,0.0,-0.82635003,2.4776933,0.0
603726.SH,16.6266,16.6266,0.00016296975,0.00018804062,0.37666637,0.16399287,1,12,252,0.38235295,0.0,-1.7571294,4.9503503,0.61764705
603727.SH,16.336138,16.336138,0.00015157952,0.00018804062,0.3924997,0.21862349,1,12,252,0.7948718,0.0,-0.9467565,-12.203089,0.20512821
603728.SH,16.381136,16.381136,0.00015491204,0.00018804062,0.3849997,0.18048781,1,1,211,0.8292683,0.0,-1.3189512,3.3971186,0.17073171
603729.SH,26.468801,26.468801,0.00020439444,0.00018804062,0.40666634,0.27439612,1,93,192,0.5217391,0.0,-1.2503891,-19.26325,0.47826087
603730.SH,21.042088,21.042088,0.00019614091,0.00018804062,0.36583304,0.17137097,1,14,83,0.71875,0.0,-0.58212817,2.8787563,0.28125
603733.SH,16.579044,16.579044,0.00016292548,0.00018804062,0.3649997,0.16989248,1,95,151,0.9032258,0.0,-1.0396129,4.489236,0.09677419
603737.SH,15.878946,15.878946,0.00014353252,0.00018804062,0.38083303,0.22307692,1,7,111,0.65,0.0,-1.6391426,14.691437,0.35
603738.SH,25.014954,25.014954,0.0002109894,0.00018804062,0.403333,0.24891147,1,40,114,0.9056604,0.0,-1.0384073,0.25288188,0.094339624
603739.SH,15.912524,15.912524,0.00015829517,0.00018804062,0.35749972,0.1936508,1,15,191,0.7222222,0.0,-1.0613638,4.753291,0.2777778
603755.SH,14.243475,14.243475,0.00013892411,0.00018804062,0.39333302,0.27450982,1,6,36,0.7352941,0.0,-0.6717,11.558599,0.2647059
603757.SH,18.426395,18.426395,0.00017576716,0.00018804062,0.3637497,0.20645161,1,33,251,0.12903225,0.0,-1.7457227,2.1420732,0.87096775
603758.SH,8.523865,8.523865,9.8179e-05,0.00018804062,0.36708304,0.16781609,1,20,96,0.9,0.0,-2.4536567,6.84514,0.1
603759.SH,16.108683,16.108683,0.00016062919,0.00018804062,0.35708305,0.15402299,1,7,111,0.33333334,0.0,-2.1503634,5.8098736,0.6666667
603766.SH,19.94881,19.94881,0.00018260597,0.00018804062,0.39083302,0.16722038,1,40,114,0.627907,0.0,-1.370951,10.8377285,0.37209302
603767.SH,13.540584,13.540584,0.00013861647,0.00018804062,0.37083304,0.12873563,1,14,83,0.8333333,0.0,-1.7463101,6.034586,0.16666667
603768.SH,10.837142,10.837142,0.00010688728,0.00018804062,0.38916636,0.3678161,1,52,65,0.76666665,0.0,-1.1762265,-29.641777,0.23333333
603773.SH,22.15761,22.15761,0.00017729931,0.00018804062,0.403333,0.22525252,1,33,251,0.7777778,0.0,-2.088127,-18.738197,0.22222222
603776.SH,17.007366,17.007366,0.00016146981,0.00018804062,0.38333303,0.16216215,1,40,114,0.4864865,0.0,-1.2479109,-2.869832,0.5135135
603777.SH,12.649488,12.649488,0.000116116455,0.00018804062,0.3924997,0.36984128,1,93,192,0.9166667,0.0,-0.99570835,-28.234982,0.083333336
603778.SH,61.998432,61.998432,0.0004354898,0.00018804062,0.440833,0.188083,1,22,208,0.8737864,0.0,-1.3316746,-10.7556925,0.1262136
603779.SH,9.267478,9.267478,9.628359e-05,0.00018804062,0.38666636,0.32873562,1,69,305,0.8,0.0,-1.4126734,-20.342802,0.2
603786.SH,18.269365,18.269365,0.00016928362,0.00018804062,0.38833302,0.20325203,1,89,72,0.9285714,0.0,-1.2633786,15.431924,0.071428575
603787.SH,13.062226,13.062226,0.00013036367,0.00018804062,0.38916636,0.16532259,1,61,124,0.6875,0.0,-0.45559058,5.5174966,0.3125
603788.SH,16.035568,16.035568,0.00015230673,0.00018804062,0.3849997,0.12903225,1,69,305,0.5483871,0.0,-1.2636131,8.81811,0.4516129
603790.SH,18.925888,18.925888,0.00017748305,0.00018804062,0.37083304,0.104761906,1,5,286,0.9444444,0.0,-0.79893327,4.54891,0.055555556
603797.SH,10.875952,10.875952,0.000117556454,0.00018804062,0.35458305,0.15172414,1,23,94,0.9,0.0,-0.52936006,5.0215464,0.1
603798.SH,17.907532,17.907532,0.00017235703,0.00018804062,0.35458305,0.28520498,1,51,81,0.32352942,0.0,-0.87294704,3.493165,0.6764706
603799.SH,18.375849,18.375849,0.00017637048,0.00018804062,0.36833304,0.16287878,1,6,36,0.6666667,0.0,-2.0132303,3.288914,0.33333334
603800.SH,18.05881,18.05881,0.00016761398,0.00018804062,0.35916638,0.2229885,1,22,208,0.3,0.0,-1.6032101,6.690505,0.7
603801.SH,15.799456,15.799456,0.00015653943,0.00018804062,0.35874972,0.14962122,1,7,111,0.72727275,0.0,-0.89084244,-0.10361813,0.27272728
603803.SH,19.810522,19.810522,0.00017016177,0.00018804062,0.3874997,0.2057057,1,61,124,0.4864865,0.0,-0.63853776,-5.263336,0.5135135
603806.SH,7.0432377,7.0432377,8.6522734e-05,0.00018804062,0.36458305,0.25747126,1,22,208,0.93333334,0.0,-0.8873167,-4.946304,0.06666667
603808.SH,17.906624,17.906624,0.00017250169,0.00018804062,0.3799997,0.29233512,1,43,94,0.5588235,0.0,-1.3255558,7.599342,0.44117647
603809.SH,18.412325,18.412325,0.0001736338,0.00018804062,0.36916637,0.26881722,1,1,211,0.7096774,0.0,-1.6287192,4.4532924,0.29032257
603810.SH,19.174105,19.174105,0.00018676944,0.00018804062,0.3624997,0.09243698,1,89,72,0.74285716,0.0,-1.5470628,4.5831914,0.25714287
603811.SH,18.126238,18.126238,0.00015996571,0.00018804062,0.38416636,0.36186185,1,61,124,0.5405405,0.0,-1.133208,14.224515,0.45945945
603815.SH,14.112283,14.112283,0.00013961986,0.00018804062,0.3749997,0.1474359,1,57,68,0.8,0.0,-0.8606726,6.133939,0.2
603816.SH,18.204493,18.204493,0.00017057885,0.00018804062,0.398333,0.22201665,1,69,305,0.68085104,0.0,-0.6854425,14.912562,0.31914893
603817.SH,15.060911,15.060911,0.00015793291,0.00018804062,0.35499972,0.26666668,1,27,217,0.2580645,0.0,-0.92314833,4.6735387,0.7419355
603818.SH,20.028955,20.028955,0.00019052786,0.00018804062,0.34249973,0.3920635,1,15,191,0.25,0.0,-1.119625,4.6440973,0.75
603819.SH,12.593201,12.593201,0.00013635437,0.00018804062,0.35749972,0.28235295,1,80,208,0.7714286,0.0,-2.1453946,5.539596,0.22857143
603823.SH,20.30531,20.30531,0.00019584839,0.00018804062,0.35749972,0.29302987,1,30,30,0.47368422,0.0,-0.7432974,5.66626,0.5263158
603826.SH,18.239574,18.239574,0.00017616132,0.00018804062,0.38083303,0.25675675,1,2,80,0.2972973,0.0,-1.7015296,5.8838863,0.7027027
603829.SH,9.877495,9.877495,0.00010951748,0.00018804062,0.3554164,0.34252873,1,15,191,0.9,0.0,-0.8420699,2.0794742,0.1
603833.SH,9.156734,9.156734,0.00010196539,0.00018804062,0.37916636,0.2850575,1,69,305,0.8333333,0.0,-1.12372,8.220433,0.16666667
603836.SH,17.664848,17.664848,0.00017242647,0.00018804062,0.35791638,0.17943548,1,19,162,0.84375,0.0,-1.5840625,3.494453,0.15625
603839.SH,16.60703,16.60703,0.00015590145,0.00018804062,0.38166636,0.14204545,1,6,36,0.6060606,0.0,-1.6408728,3.0050764,0.3939394
603848.SH,18.420082,18.420082,0.00017653979,0.00018804062,0.38416636,0.16500711,1,87,102,0.5,0.0,-0.5242341,4.876393,0.5
603855.SH,15.330389,15.330389,0.0001463059,0.00018804062,0.3799997,0.27731094,1,12,252,0.62857145,0.0,-0.97102267,13.056266,0.37142858
603856.SH,12.779256,12.779256,0.0001334709,0.00018804062,0.36833304,0.15402299,1,93,192,0.8333333,0.0,-1.4401735,2.407834,0.16666667
603858.SH,63.356068,63.356068,0.00045337575,0.00018804062,0.40333304,0.17964645,1,89,72,0.9347826,0.0,-1.5346773,1.3243542,0.06521739
603859.SH,12.73858,12.73858,0.0001226077,0.00018804062,0.38666636,0.34252873,1,22,208,0.76666665,0.0,-1.1785332,13.410363,0.23333333
603860.SH,11.504893,11.504893,0.00011803464,0.00018804062,0.37833303,0.23448277,1,69,305,0.7,0.0,-1.0920166,11.922064,0.3
603861.SH,13.667765,13.667765,0.00014260541,0.00018804062,0.36583304,0.2042042,1,40,114,0.7837838,0.0,-1.1825188,5.6642165,0.21621622
603863.SH,23.640554,23.640554,0.00017830232,0.00018804062,0.40666634,0.2672065,1,1,211,0.84615386,0.0,-0.8611821,-25.053009,0.15384616
603866.SH,14.555043,14.555043,0.00014831022,0.00018804062,0.3749997,0.16477273,1,95,151,0.75757575,0.0,-0.19060305,4.205099,0.24242425
603867.SH,15.962308,15.962308,0.00015612388,0.00018804062,0.37416637,0.094623655,1,23,94,0.61290324,0.0,-0.8761452,8.172013,0.38709676
603868.SH,17.501717,17.501717,0.00015363634,0.00018804062,0.39083302,0.35555556,1,69,305,0.6388889,0.0,-1.09605,13.57544,0.3611111
603871.SH,14.701295,14.701295,0.00013887625,0.00018804062,0.39583302,0.28403363,1,1,211,0.71428573,0.0,-0.2651543,15.715421,0.2857143
603876.SH,16.194355,16.194355,0.0001581659,0.00018804062,0.36833304,0.123809524,1,40,114,0.44444445,0.0,-1.6934139,2.8719246,0.5555556
603877.SH,15.477417,15.477417,0.00015243713,0.00018804062,0.34999973,0.17137097,1,7,111,0.40625,0.0,-1.1090344,4.7422967,0.59375
603878.SH,13.209134,13.209134,0.00013277328,0.00018804062,0.38416636,0.27096775,1,7,111,0.6451613,0.0,-0.7290742,-7.756266,0.3548387
603879.SH,35.008705,35.008705,0.00027468693,0.00018804062,0.42749968,0.14327122,1,1,211,0.67142856,0.0,-1.616127,-14.454724,0.32857144
603880.SH,18.646782,18.646782,0.0001564604,0.00018804062,0.39916635,0.22682928,1,95,151,0.8292683,0.0,-1.7005562,-22.625778,0.17073171
603881.SH,17.754183,17.754183,0.00017234372,0.00018804062,0.3674997,0.18571429,1,5,286,0.7222222,0.0,0.038622245,1.7421811,0.2777778
603882.SH,14.603398,14.603398,0.000142855,0.00018804062,0.37833303,0.22068965,1,69,305,0.6666667,0.0,-1.8020465,-9.398428,0.33333334
603883.SH,19.025879,19.025879,0.00017900419,0.00018804062,0.35749972,0.30846775,1,7,111,0.21875,0.0,-1.1234281,2.8160348,0.78125
603885.SH,17.401638,17.401638,0.0001729149,0.00018804062,0.35749972,0.16330644,1,51,81,0.4375,0.0,-1.0933406,5.581192,0.5625
603886.SH,19.322254,19.322254,0.00017962146,0.00018804062,0.3787497,0.20336135,1,19,162,0.51428574,0.0,-0.68485713,7.7531476,0.4857143
603887.SH,10.471059,10.471059,0.00011233906,0.00018804062,0.37916636,0.14712644,1,1,211,0.96666664,0.0,-0.54778665,-7.0354447,0.033333335
603888.SH,14.737621,14.737621,0.00014571253,0.00018804062,0.40249968,0.15524194,1,14,83,0.90625,0.0,-1.3381,7.9234657,0.09375
603889.SH,18.807013,18.807013,0.00017411984,0.00018804062,0.38083303,0.21921922,1,72,3,0.9459459,0.0,-1.2484756,4.617334,0.054054055
603890.SH,10.757817,10.757817,0.00010785956,0.00018804062,0.37291637,0.3908046,1,59,157,0.96666664,0.0,-0.75990975,13.29811,0.033333335
603893.SH,19.061945,19.061945,0.00017017257,0.00018804062,0.37083304,0.23346828,1,19,162,0.9230769,0.0,-1.9629693,10.007856,0.07692308
603895.SH,18.424894,18.424894,0.00016157313,0.00018804062,0.38583302,0.20609756,1,40,114,0.6097561,0.0,-1.2883633,9.487136,0.3902439
603896.SH,10.293895,10.293895,0.000105399035,0.00018804062,0.3774997,0.36551723,1,69,305,0.8333333,0.0,-1.6078967,8.509754,0.16666667
603897.SH,15.894052,15.894052,0.00015812057,0.00018804062,0.36083305,0.1139785,1,43,94,0.48387095,0.0,-1.2419419,3.5096211,0.516129
603898.SH,18.537722,18.537722,0.0001740605,0.00018804062,0.36958304,0.18991597,1,24,84,0.7714286,0.0,-1.0606344,3.8475516,0.22857143
603899.SH,13.404566,13.404566,0.00013115286,0.00018804062,0.39749968,0.27477476,1,61,124,0.8918919,0.0,-0.84332967,15.501128,0.10810811
603900.SH,10.912765,10.912765,0.00011580571,0.00018804062,0.36083305,0.14252874,1,1,211,0.8333333,0.0,-1.3211067,1.1491638,0.16666667
603901.SH,13.372833,13.372833,0.00014022911,0.00018804062,0.3674997,0.11954023,1,1,211,0.8,0.0,-2.0438,4.81676,0.2
603903.SH,11.428564,11.428564,0.00012520608,0.00018804062,0.3624997,0.2172043,1,96,56,0.83870965,0.0,-1.5112612,5.08928,0.16129032
603906.SH,22.164265,22.164265,0.00018929348,0.00018804062,0.39999968,0.18250377,1,22,208,0.8269231,0.0,-0.7537289,-7.632118,0.17307693
603908.SH,8.761234,8.761234,0.0001021939,0.00018804062,0.3554164,0.14712644,1,7,111,0.96666664,0.0,-1.0105268,4.593552,0.033333335
603909.SH,11.461605,11.461605,0.00012027798,0.00018804062,0.37208304,0.19959678,1,69,305,0.6875,0.0,-0.18833442,3.157002,0.3125
603912.SH,12.153198,12.153198,0.00011450746,0.00018804062,0.3924997,0.29915968,1,96,56,0.94285715,0.0,-1.474423,-15.214357,0.057142857
603915.SH,12.717715,12.717715,0.00013291035,0.00018804062,0.3674997,0.10107527,1,94,65,0.7096774,0.0,-2.3345196,2.75629,0.29032257
603916.SH,19.947796,19.947796,0.00019119009,0.00018804062,0.36124972,0.1579832,1,1,211,0.6857143,0.0,-0.70409995,3.4643602,0.31428573
603917.SH,14.831509,14.831509,0.00015090151,0.00018804062,0.3699997,0.13563219,1,27,217,0.56666666,0.0,-2.32251,3.1859844,0.43333334
603918.SH,12.571852,12.571852,0.0001103749,0.00018804062,0.38916636,0.5448276,1,2,80,1.0,0.0,-2.29611,-31.121769,0.0
603919.SH,10.606409,10.606409,0.000109429355,0.00018804062,0.38333303,0.4375,1,69,305,0.75,0.0,0.19430625,15.371983,0.25
603920.SH,12.633441,12.633441,0.00012586423,0.00018804062,0.37583303,0.23991935,1,57,68,0.8125,0.0,-2.7359188,13.095429,0.1875
603922.SH,13.911858,13.911858,0.00014151272,0.00018804062,0.38083303,0.11264368,1,15,191,0.6,0.0,-0.6174901,4.3942366,0.4
603926.SH,11.816761,11.816761,0.00012701287,0.00018804062,0.35499972,0.15172414,1,27,217,0.56666666,0.0,-1.7392199,3.642687,0.43333334
603927.SH,18.205105,18.205105,0.00016758243,0.00018804062,0.36124972,0.2,1,22,208,0.73333335,0.0,-1.197,0.2125621,0.26666668
603928.SH,10.405454,10.405454,0.00011575461,0.00018804062,0.38166636,0.17471264,1,5,286,0.73333335,0.0,-1.7231268,6.0101542,0.26666668
603929.SH,63.03512,63.03512,0.0005068576,0.00018804062,0.4491663,0.13794182,1,80,208,0.9352518,0.0,-1.4394135,17.662498,0.0647482
603931.SH,14.681053,14.681053,0.00014544651,0.00018804062,0.36916637,0.1590909,1,93,192,0.6363636,0.0,-0.3846,4.544208,0.36363637
603933.SH,12.246552,12.246552,0.00012580387,0.00018804062,0.3774997,0.20265152,1,91,229,0.93939394,0.0,-0.38848183,3.5485609,0.060606062
603936.SH,12.365238,12.365238,0.00012753934,0.00018804062,0.37833303,0.22580644,1,5,286,0.75,0.0,-2.7828844,2.7958336,0.25
603937.SH,10.065647,10.065647,0.00011165378,0.00018804062,0.38833302,0.24597701,1,1,211,0.93333334,0.0,-1.5693233,3.6840029,0.06666667
603938.SH,10.623925,10.623925,0.00011274975,0.00018804062,0.37333304,0.17931035,1,69,305,0.76666665,0.0,1.26639,-0.46416464,0.23333333
603939.SH,18.603191,18.603191,0.00018127525,0.00018804062,0.38166636,0.12605043,1,23,94,0.9142857,0.0,-0.31129432,9.058851,0.08571429
603948.SH,16.045626,16.045626,0.00015673933,0.00018804062,0.38666636,0.115530305,1,80,208,0.54545456,0.0,-1.9982758,5.361631,0.45454547
603949.SH,16.194828,16.194828,0.00015690726,0.00018804062,0.3774997,0.22068965,1,40,114,0.23333333,0.0,-0.7847766,11.088876,0.76666665
603950.SH,12.328342,12.328342,0.00012439935,0.00018804062,0.39499968,0.22758621,1,2,80,0.93333334,0.0,-0.52899,16.007574,0.06666667
603955.SH,17.74713,17.74713,0.0001465765,0.00018804062,0.39999968,0.50537634,1,104,1,1.0,0.0,-2.1719196,-26.537357,0.0
603956.SH,16.485386,16.485386,0.00015512652,0.00018804062,0.3924997,0.14516129,1,69,305,0.59375,0.0,-0.4981281,-9.503426,0.40625
603958.SH,12.343199,12.343199,0.000109437424,0.00018804062,0.38916636,0.33781514,1,33,251,0.71428573,0.0,-1.5981715,-29.775583,0.2857143
603959.SH,182.62764,182.62764,0.0011093202,0.00018804062,0.45499966,0.17523292,1,69,305,0.9130435,0.0,-1.4127266,-18.642458,0.08695652
603960.SH,15.560103,15.560103,0.00015947099,0.00018804062,0.36333305,0.11764706,1,80,208,0.4117647,0.0,-1.5875852,4.816906,0.5882353
603966.SH,12.57735,12.57735,0.0001327715,0.00018804062,0.37583303,0.227957,1,81,1,1.0,0.0,-0.66316134,12.2058935,0.0
603967.SH,16.567564,16.567564,0.00015977216,0.00018804062,0.3874997,0.15165165,1,57,68,0.5405405,0.0,-0.87193793,6.3508806,0.45945945
603968.SH,15.539915,15.539915,0.00015804272,0.00018804062,0.37916636,0.16966967,1,87,102,0.6756757,0.0,-1.0890324,-1.4526504,0.3243243
603969.SH,10.861405,10.861405,0.00010998423,0.00018804062,0.39416635,0.39310345,1,5,286,0.73333335,0.0,-0.7766467,21.166592,0.26666668
603970.SH,16.908445,16.908445,0.00016820185,0.00018804062,0.36416638,0.16042781,1,1,211,0.8235294,0.0,-1.1929675,5.0147347,0.1764706
603976.SH,11.157153,11.157153,0.00011749808,0.00018804062,0.36416638,0.1724138,1,77,117,0.7,0.0,-1.1719568,5.454198,0.3
603977.SH,12.073117,12.073117,0.00012841092,0.00018804062,0.35374972,0.12413793,1,93,192,0.76666665,0.0,-1.6269667,4.492334,0.23333333
603978.SH,14.035441,14.035441,0.0001357001,0.00018804062,0.3849997,0.19914651,1,21,149,0.7894737,0.0,-1.4366343,-15.658689,0.21052632
603979.SH,20.490593,20.490593,0.00018071131,0.00018804062,0.400833,0.23755102,1,96,56,0.8,0.0,-1.264702,14.244603,0.2
603980.SH,15.543825,15.543825,0.0001540117,0.00018804062,0.36291638,0.13978495,1,1,211,0.7419355,0.0,-0.6630581,0.8671323,0.2580645
603982.SH,17.506844,17.506844,0.00015280959,0.00018804062,0.3899997,0.31009957,1,7,111,0.8947368,0.0,-1.4338658,-23.913233,0.10526316
603983.SH,16.307697,16.307697,0.00014963096,0.00018804062,0.38666636,0.23573573,1,61,124,0.7297297,0.0,-1.2967514,10.572503,0.27027026
603985.SH,18.820946,18.820946,0.00018179839,0.00018804062,0.36833304,0.17290552,1,33,251,0.38235295,0.0,-0.15957057,2.0710175,0.61764705
603986.SH,17.380175,17.380175,0.00016039674,0.00018804062,0.3749997,0.16091955,1,61,124,0.56666666,0.0,-2.0159235,5.406581,0.43333334
603987.SH,10.289146,10.289146,0.000107485095,0.00018804062,0.38666636,0.23448277,1,7,111,0.6666667,0.0,-1.2946236,12.26141,0.33333334
603988.SH,10.351984,10.351984,0.00011738402,0.00018804062,0.36666638,0.44354838,1,33,251,0.78125,0.0,-1.9977031,7.165345,0.21875
603989.SH,12.724439,12.724439,0.00013056217,0.00018804062,0.35874972,0.18850575,1,6,36,0.9,0.0,-1.5350766,4.943073,0.1
603990.SH,9.857171,9.857171,0.000103119615,0.00018804062,0.35708305,0.08735632,1,5,286,0.93333334,0.0,-1.0316232,-2.9178467,0.06666667
603991.SH,20.158382,20.158382,0.00016065453,0.00018804062,0.398333,0.35462186,1,33,251,0.6857143,0.0,-1.5727601,-27.32673,0.31428573
603992.SH,19.683172,19.683172,0.00018370482,0.00018804062,0.36791638,0.1764706,1,14,83,0.88235295,0.0,-0.89217937,3.8735907,0.11764706
603993.SH,23.820795,23.820795,0.0002134461,0.00018804062,0.40499967,0.22867514,1,95,151,0.9655172,0.0,-1.1438793,15.157156,0.03448276
603995.SH,11.850378,11.850378,0.00012113088,0.00018804062,0.37583303,0.15862069,1,93,192,0.8,0.0,-1.0159299,7.6115417,0.2
603997.SH,12.346054,12.346054,0.000131101,0.00018804062,0.36541638,0.15927419,1,69,305,0.6875,0.0,-1.2288281,6.437196,0.3125
603998.SH,16.996693,16.996693,0.00015084168,0.00018804062,0.39749968,0.36638656,1,40,114,0.8,0.0,-0.51190567,13.570361,0.2
603999.SH,16.806889,16.806889,0.00016315625,0.00018804062,0.3529164,0.18168168,1,12,252,0.3783784,0.0,-0.09644323,-0.31345347,0.6216216
605001.SH,19.796171,19.796171,0.00018536068,0.00018804062,0.36333305,0.14709851,1,93,192,0.61538464,0.0,-0.8972513,5.1751194,0.3846154
605003.SH,8.3574295,8.3574295,9.778769e-05,0.00018804062,0.36583304,0.1816092,1,91,229,0.8333333,0.0,-0.92768,2.5668802,0.16666667
605005.SH,15.280913,15.280913,0.00014925408,0.00018804062,0.38833302,0.22580644,1,51,81,0.38709676,0.0,-1.8439548,4.4145017,0.61290324
605006.SH,13.155284,13.155284,0.00012280642,0.00018804062,0.3924997,0.19607843,1,27,217,0.6764706,0.0,-0.77708524,-15.526882,0.32352942
605007.SH,14.528336,14.528336,0.00014300567,0.00018804062,0.36166638,0.16344085,1,23,94,0.61290324,0.0,-1.1371679,1.1795856,0.38709676
605008.SH,27.777771,27.777771,0.00021315251,0.00018804062,0.3799997,0.23920266,1,27,217,0.81395346,0.0,-0.95331633,2.1215143,0.18604651
605009.SH,6.73514,6.73514,8.2030696e-05,0.00018804062,0.3824997,0.41379312,1,6,36,0.93333334,0.0,-0.9955933,16.424877,0.06666667
605011.SH,16.703856,16.703856,0.00015614551,0.00018804062,0.38416636,0.13825758,1,23,94,0.45454547,0.0,-1.1157334,0.56313705,0.54545456
605016.SH,17.003101,17.003101,0.0001502695,0.00018804062,0.39583302,0.37921727,1,91,229,0.9230769,0.0,-1.3073819,16.506464,0.07692308
605018.SH,11.546995,11.546995,0.00012206049,0.00018804062,0.3566664,0.14252874,1,5,286,0.76666665,0.0,-0.59526,4.049517,0.23333333
605020.SH,15.512878,15.512878,0.00015322748,0.00018804062,0.35916638,0.13793103,1,93,192,0.53333336,0.0,-1.7670933,4.072589,0.46666667
605028.SH,15.477587,15.477587,0.00014260378,0.00018804062,0.38083303,0.4223485,1,5,286,0.8484849,0.0,-0.21070307,16.919983,0.15151516
605033.SH,13.209667,13.209667,0.0001392414,0.00018804062,0.36416638,0.19327731,1,101,3,0.9714286,0.0,-0.74243426,1.6090807,0.028571429
605050.SH,11.371756,11.371756,0.00012777615,0.00018804062,0.35833305,0.2137931,1,33,251,0.8,0.0,-1.3462135,3.727917,0.2
605055.SH,12.702454,12.702454,0.00011793933,0.00018804062,0.38833302,0.27272728,1,20,96,0.8235294,0.0,-1.6335855,-23.739895,0.1764706
605056.SH,12.036816,12.036816,0.00011868353,0.00018804062,0.3799997,0.32413793,1,40,114,0.93333334,0.0,-0.79873,19.739523,0.06666667
605058.SH,16.495901,16.495901,0.00015889396,0.00018804062,0.3624997,0.08045977,1,5,286,0.8333333,0.0,-1.5577568,4.913205,0.16666667
605060.SH,15.310093,15.310093,0.00014987607,0.00018804062,0.3899997,0.14367,1,69,305,0.7631579,0.0,-0.982708,10.752688,0.23684211
605066.SH,12.388782,12.388782,0.00012976985,0.00018804062,0.35791638,0.24955437,1,91,229,0.85294116,0.0,-0.7068295,3.3588157,0.14705883
605068.SH,7.025237,7.025237,7.4563264e-05,0.00018804062,0.38083303,0.38064516,1,1,211,0.9354839,0.0,-1.2716709,0.24411039,0.06451613
605069.SH,25.493977,25.493977,0.00019420643,0.00018804062,0.398333,0.2792683,1,5,286,0.6097561,0.0,-1.6114342,-24.205067,0.3902439
605077.SH,10.762256,10.762256,0.00012214475,0.00018804062,0.37083304,0.2983871,1,19,162,0.90625,0.0,-1.321075,6.601449,0.09375
605080.SH,15.52022,15.52022,0.00015306796,0.00018804062,0.3824997,0.20910384,1,51,81,0.8684211,0.0,-0.9919159,10.052165,0.13157895
605086.SH,9.300441,9.300441,0.00010103922,0.00018804062,0.3899997,0.31907308,1,27,217,0.9411765,0.0,-2.070206,5.444787,0.05882353
605088.SH,9.452805,9.452805,0.00010764459,0.00018804062,0.37083304,0.1908046,1,69,305,0.8333333,0.0,-1.74111,9.275072,0.16666667
605089.SH,14.36602,14.36602,0.0001469569,0.00018804062,0.35458305,0.15719697,1,7,111,0.6363636,0.0,-0.8785242,2.8114517,0.36363637
605090.SH,20.620506,20.620506,0.00020084786,0.00018804062,0.3824997,0.19661734,1,2,80,0.59090906,0.0,-0.69437504,7.007886,0.4090909
605098.SH,78.56968,78.56968,0.0006118755,0.00018804062,0.43999967,0.13835403,1,12,252,0.9254658,0.0,-0.67454475,15.478543,0.07453416
605099.SH,18.05959,18.05959,0.00016478128,0.00018804062,0.3899997,0.30769232,1,87,102,0.8,0.0,-1.5473576,16.306423,0.2
605100.SH,15.641385,15.641385,0.00014341966,0.00018804062,0.3762497,0.20376523,1,93,192,0.74418604,0.0,-1.350586,2.4969976,0.25581396
605108.SH,4.38327,4.38327,6.3789135e-05,0.00018804062,0.35249972,0.15632184,1,19,162,0.93333334,0.0,-0.5259966,1.7183167,0.06666667
605111.SH,16.305464,16.305464,0.00015678018,0.00018804062,0.400833,0.18888889,1,23,94,0.8611111,0.0,-1.2280805,10.258083,0.1388889
605116.SH,24.369513,24.369513,0.0002070067,0.00018804062,0.39749968,0.27040815,1,6,36,0.7346939,0.0,-1.0506979,13.168065,0.26530612
605117.SH,57.456554,57.456554,0.00045649568,0.00018804062,0.44249967,0.18361905,1,27,217,0.9047619,0.0,-1.5109563,18.620989,0.0952381
605118.SH,18.880386,18.880386,0.00016286457,0.00018804062,0.39499968,0.25462306,1,19,162,1.0,0.0,-1.0593553,15.180356,0.0
605122.SH,12.414571,12.414571,0.00012260236,0.00018804062,0.3849997,0.24777183,1,33,251,0.6764706,0.0,-1.1901852,-20.176285,0.32352942
605123.SH,12.614522,12.614522,0.00013212017,0.00018804062,0.36083305,0.3,1,12,252,0.6388889,0.0,0.32762775,4.743144,0.3611111
605128.SH,14.18369,14.18369,0.00014831977,0.00018804062,0.37666637,0.16806723,1,12,252,0.7714286,0.0,-1.6031857,6.280281,0.22857143
605133.SH,10.425364,10.425364,0.00011423581,0.00018804062,0.36333305,0.21401516,1,93,192,0.8787879,0.0,-1.6830304,8.567154,0.121212125
605136.SH,14.658069,14.658069,0.00014107877,0.00018804062,0.37833303,0.19327731,1,27,217,0.7714286,0.0,-1.1422057,-11.356979,0.22857143
605138.SH,18.510601,18.510601,0.00018082131,0.00018804062,0.3649997,0.13229018,1,15,191,0.6315789,0.0,-0.80822897,4.8018866,0.36842105
605151.SH,20.968685,20.968685,0.00019220161,0.00018804062,0.36708304,0.16066065,1,19,162,0.7297297,0.0,-1.3016514,2.7760763,0.27027026
605155.SH,14.662747,14.662747,0.00014330164,0.00018804062,0.37833303,0.22727273,1,14,83,0.8484849,0.0,-0.6912272,11.170655,0.15151516
605158.SH,21.39185,21.39185,0.0002007413,0.00018804062,0.35958305,0.22564103,1,1,211,0.6,0.0,-1.2973601,3.6716323,0.4
605162.SH,14.032311,14.032311,0.0001374849,0.00018804062,0.39416635,0.17619048,1,33,251,0.9444444,0.0,-1.7480556,8.215139,0.055555556
605166.SH,9.367723,9.367723,0.00010744548,0.00018804062,0.36166638,0.22580644,1,33,251,0.6875,0.0,-0.84985316,4.5196877,0.3125
605167.SH,8.874603,8.874603,9.680131e-05,0.00018804062,0.39333302,0.2651515,1,20,96,0.93939394,0.0,-1.2254788,14.404603,0.060606062
605168.SH,10.516126,10.516126,0.000112117785,0.00018804062,0.3674997,0.17634408,1,2,80,0.8064516,0.0,-0.1479839,-2.0556197,0.19354838
605169.SH,13.937387,13.937387,0.00014586165,0.00018804062,0.3649997,0.26984128,1,1,211,0.8611111,0.0,-0.18623057,6.0728655,0.1388889
605177.SH,15.947229,15.947229,0.00014495595,0.00018804062,0.3824997,0.2505747,1,61,124,0.36666667,0.0,-1.5486902,-8.92137,0.6333333
605178.SH,47.044373,47.044373,0.00034988372,0.00018804062,0.40999967,0.18156283,1,19,162,0.94382024,0.0,-2.0476866,-12.297604,0.056179777
605179.SH,14.401777,14.401777,0.00014653803,0.00018804062,0.3649997,0.18181819,1,95,151,0.9117647,0.0,-0.70256764,4.6192517,0.0882353
605180.SH,18.181839,18.181839,0.00017751585,0.00018804062,0.3774997,0.1565452,1,19,162,0.7948718,0.0,-1.5439974,4.3051724,0.20512821
605183.SH,17.240572,17.240572,0.00015599262,0.00018804062,0.39083302,0.27317074,1,1,211,0.902439,0.0,-0.6084951,15.377824,0.09756097
605186.SH,12.484773,12.484773,0.0001198563,0.00018804062,0.37416637,0.26726726,1,5,286,0.7837838,0.0,-1.4080784,1.002938,0.21621622
605188.SH,13.6792345,13.6792345,0.00012454721,0.00018804062,0.37583303,0.26554623,1,21,149,0.71428573,0.0,-0.57180285,1.4956801,0.2857143
605189.SH,15.752552,15.752552,0.00015479584,0.00018804062,0.36166638,0.08377896,1,57,68,0.7647059,0.0,-1.9175235,1.0456266,0.23529412
605196.SH,13.494733,13.494733,0.00013288521,0.00018804062,0.38416636,0.2159091,1,93,192,0.4848485,0.0,-1.852585,7.419884,0.5151515
605198.SH,18.133236,18.133236,0.00016699464,0.00018804062,0.39499968,0.17829457,1,89,72,0.7209302,0.0,-1.7348163,13.30227,0.27906978
605208.SH,12.87102,12.87102,0.00013727494,0.00018804062,0.37333304,0.22822823,1,87,102,0.7567568,0.0,-1.4287324,4.3409176,0.24324325
605218.SH,15.703188,15.703188,0.00015992575,0.00018804062,0.3674997,0.20634921,1,5,286,0.9166667,0.0,-1.7861527,-0.48327997,0.083333336
605222.SH,16.250898,16.250898,0.00016052736,0.00018804062,0.36708304,0.13360325,1,87,102,0.61538464,0.0,-1.7142615,1.4096184,0.3846154
605228.SH,15.491028,15.491028,0.00015393797,0.00018804062,0.3724997,0.1902834,1,21,149,0.84615386,0.0,-1.7257797,5.242213,0.15384616
605255.SH,16.819115,16.819115,0.00014248831,0.00018804062,0.38333303,0.33669356,1,22,208,0.96875,0.0,-1.5074062,4.773203,0.03125
605258.SH,9.860943,9.860943,0.00011159531,0.00018804062,0.3554164,0.25201613,1,5,286,0.75,0.0,-2.5632594,7.357149,0.25
605259.SH,16.39763,16.39763,0.00015867635,0.00018804062,0.38833302,0.17983194,1,59,157,0.9142857,0.0,-1.3037802,14.026559,0.08571429
605266.SH,16.190445,16.190445,0.00016102183,0.00018804062,0.34999973,0.1724138,1,40,114,0.4,0.0,-0.38671336,4.233997,0.6
605268.SH,9.90057,9.90057,0.000111572626,0.00018804062,0.3541664,0.2091954,1,27,217,0.6666667,0.0,-1.28163,4.17534,0.33333334
605277.SH,11.841121,11.841121,0.00012623818,0.00018804062,0.36041638,0.2,1,69,305,0.8780488,0.0,-2.717695,5.360807,0.12195122
605286.SH,15.26525,15.26525,0.00015224417,0.00018804062,0.37666637,0.14979757,1,21,149,0.74358976,0.0,-0.91918457,11.447155,0.25641027
605287.SH,11.058206,11.058206,0.00011487426,0.00018804062,0.38583302,0.11724138,1,15,191,0.93333334,0.0,-1.3528632,-9.320877,0.06666667
605288.SH,11.568156,11.568156,0.00012572606,0.00018804062,0.35583305,0.3159664,1,22,208,0.85714287,0.0,-2.2551658,5.2340145,0.14285715
605289.SH,14.787256,14.787256,0.00014213247,0.00018804062,0.39583302,0.21727395,1,40,114,0.7692308,0.0,-1.5510614,10.501316,0.23076923
605296.SH,19.179342,19.179342,0.00018150984,0.00018804062,0.37666637,0.08108108,1,1,211,0.6756757,0.0,-1.6241298,4.89339,0.3243243
605298.SH,17.61452,17.61452,0.0001639141,0.00018804062,0.38333303,0.11205074,1,80,208,0.79545456,0.0,-1.7942772,4.1322436,0.20454545
605299.SH,14.041791,14.041791,0.0001432159,0.00018804062,0.36124972,0.22857143,1,90,27,0.62857145,0.0,-0.9810457,-1.3536395,0.37142858
605300.SH,16.1261,16.1261,0.00016024457,0.00018804062,0.3749997,0.15079366,1,23,94,0.7777778,0.0,-0.58990836,5.1771297,0.22222222
605303.SH,22.917707,22.917707,0.00018363449,0.00018804062,0.39499968,0.28902438,1,80,208,0.5609756,0.0,-1.6562854,-21.214205,0.4390244
605305.SH,19.638933,19.638933,0.0001752599,0.00018804062,0.38916636,0.2794872,1,23,94,0.9,0.0,-1.65518,16.888021,0.1
605318.SH,22.427395,22.427395,0.00018702132,0.00018804062,0.41499966,0.17731829,1,69,305,0.68421054,0.0,-2.094893,-12.456908,0.31578946
605319.SH,14.768384,14.768384,0.0001464697,0.00018804062,0.38083303,0.17305459,1,7,111,0.64285713,0.0,-1.3802118,12.2055645,0.35714287
605333.SH,11.285727,11.285727,0.00012124578,0.00018804062,0.37791637,0.20107962,1,33,251,0.84615386,0.0,-0.99185884,10.292859,0.15384616
605336.SH,16.043522,16.043522,0.0001413704,0.00018804062,0.38833302,0.26666668,1,93,192,0.8055556,0.0,-1.4872973,-12.472809,0.19444445
605337.SH,19.392944,19.392944,0.0001851254,0.00018804062,0.3699997,0.1344697,1,80,208,0.36363637,0.0,-1.6662605,3.1459625,0.6363636
605338.SH,7.981789,7.981789,9.6615666e-05,0.00018804062,0.3599997,0.27586207,1,12,252,0.96666664,0.0,-0.22160332,3.7378106,0.033333335
605339.SH,8.657338,8.657338,9.777637e-05,0.00018804062,0.37583306,0.2,1,20,96,0.8666667,0.0,-0.54640996,2.6302152,0.13333334
605358.SH,12.154188,12.154188,0.0001181193,0.00018804062,0.39583302,0.36129034,1,30,30,0.6451613,0.0,-1.1390033,-16.987112,0.3548387
605365.SH,5.093218,5.093218,6.9949245e-05,0.00018804062,0.36166638,0.14252874,1,40,114,0.96666664,0.0,-1.1447067,3.5092895,0.033333335
605366.SH,17.071524,17.071524,0.00015267471,0.00018804062,0.39666635,0.26799557,1,40,114,0.7906977,0.0,-0.8093489,-20.96266,0.20930232
605368.SH,18.584112,18.584112,0.0001858903,0.00018804062,0.3566664,0.21153846,1,51,81,0.475,0.0,0.039645005,5.6868577,0.525
605369.SH,16.717133,16.717133,0.00016425402,0.00018804062,0.36041638,0.11942959,1,40,114,0.61764705,0.0,-1.9114146,5.1692314,0.38235295
605376.SH,20.622854,20.622854,0.00017703259,0.00018804062,0.3899997,0.23366556,1,80,208,0.55813956,0.0,-2.3209162,11.911958,0.44186047
605377.SH,7.7322826,7.7322826,9.1491434e-05,0.00018804062,0.37583303,0.24597701,1,80,208,0.8333333,0.0,-1.4897467,1.4891366,0.16666667
605378.SH,10.936668,10.936668,0.00011905698,0.00018804062,0.36916637,0.08275862,1,22,208,0.76666665,0.0,-1.2587768,4.157727,0.23333333
605388.SH,19.221779,19.221779,0.00017952475,0.00018804062,0.3749997,0.13076924,1,40,114,0.6,0.0,-1.1755025,3.009566,0.4
605389.SH,13.956279,13.956279,0.00014079861,0.00018804062,0.3687497,0.1655914,1,80,208,0.67741936,0.0,-1.1098969,5.9038835,0.32258064
605398.SH,21.06471,21.06471,0.00017160203,0.00018804062,0.37083304,0.24893314,1,69,305,0.7631579,0.0,-1.2434579,2.4964764,0.23684211
605399.SH,16.342167,16.342167,0.00015529088,0.00018804062,0.39166635,0.1942959,1,33,251,0.3529412,0.0,-1.7763559,-7.9568715,0.64705884
605488.SH,19.289454,19.289454,0.00017740374,0.00018804062,0.37458304,0.2072072,1,61,124,0.3243243,0.0,-1.4116948,1.8549384,0.6756757
605499.SH,65.86174,65.86174,0.0005440162,0.00018804062,0.455833,0.104485676,1,93,192,0.93442625,0.0,-0.79371536,17.010342,0.06557377
605500.SH,14.284238,14.284238,0.00013949627,0.00018804062,0.38541636,0.20265152,1,22,208,0.54545456,0.0,-0.75573635,2.9574158,0.45454547
605507.SH,18.085722,18.085722,0.00017213232,0.00018804062,0.36666638,0.13765182,1,24,84,0.6666667,0.0,-1.5293771,1.5308938,0.33333334
605555.SH,12.412326,12.412326,0.00013391947,0.00018804062,0.36291638,0.12413793,1,7,111,0.7,0.0,-0.24930331,7.2245226,0.3
605566.SH,15.137904,15.137904,0.00015133641,0.00018804062,0.35916638,0.17540322,1,5,286,0.75,0.0,-0.97017187,5.0762815,0.25
605567.SH,16.703281,16.703281,0.00016779931,0.00018804062,0.35833305,0.15686275,1,5,286,0.61764705,0.0,0.10199705,3.0707912,0.38235295
605577.SH,14.125378,14.125378,0.00013774585,0.00018804062,0.38166636,0.2739496,1,12,252,0.51428574,0.0,-1.2085829,9.256613,0.4857143
605580.SH,13.393944,13.393944,0.0001312227,0.00018804062,0.3924997,0.25714287,1,7,111,0.75,0.0,-0.75667214,17.405235,0.25
605588.SH,13.336275,13.336275,0.00011740848,0.00018804062,0.3899997,0.3669355,1,69,305,0.96875,0.0,-0.8661468,-31.538403,0.03125
605589.SH,7.7271333,7.7271333,8.938739e-05,0.00018804062,0.37708303,0.24367817,1,59,157,0.9,0.0,-2.6095634,8.323149,0.1
605598.SH,9.975968,9.975968,0.000108653636,0.00018804062,0.39499968,0.24798387,1,12,252,0.84375,0.0,-1.8905094,1.6691419,0.15625
605599.SH,17.674246,17.674246,0.00016665956,0.00018804062,0.39583302,0.11587302,1,1,211,0.6111111,0.0,-1.0150833,6.016863,0.3888889
688001.SH,21.635542,21.635542,0.00020334954,0.00018804062,0.36833304,0.09751773,1,93,192,0.6458333,0.0,-1.1112374,3.947077,0.35416666
688002.SH,14.114819,14.114819,0.0001300873,0.00018804062,0.3899997,0.3066202,1,69,305,0.9285714,0.0,-1.741638,13.89027,0.071428575
688003.SH,16.4818,16.4818,0.00015701016,0.00018804062,0.3874997,0.18168168,1,51,81,0.5135135,0.0,-1.6255623,-6.9077773,0.4864865
688004.SH,19.201574,19.201574,0.00016533004,0.00018804062,0.38583302,0.23698781,1,69,305,0.6511628,0.0,-0.9480511,-9.076241,0.3488372
688005.SH,13.624337,13.624337,0.00013081229,0.00018804062,0.40249968,0.23698781,1,19,162,0.90697676,0.0,-1.124779,-19.364338,0.093023255
688006.SH,12.672351,12.672351,0.0001353976,0.00018804062,0.35458302,0.21075268,1,95,151,0.8064516,0.0,-2.794839,4.682303,0.19354838
688007.SH,12.6239195,12.6239195,0.000115774266,0.00018804062,0.39499968,0.3901515,1,74,159,0.8484849,0.0,-1.6811576,-24.49979,0.15151516
688008.SH,20.428827,20.428827,0.00017167366,0.00018804062,0.39999968,0.35472372,1,1,211,0.7352941,0.0,-1.2961764,14.876736,0.2647059
688009.SH,8.999118,8.999118,0.00010434447,0.00018804062,0.3479164,0.3608871,1,21,149,1.0,0.0,-1.074728,2.6061282,0.0
688010.SH,17.24503,17.24503,0.00014891117,0.00018804062,0.37708303,0.21718931,1,96,56,0.95238096,0.0,-1.322131,1.4054738,0.04761905
688011.SH,20.25277,20.25277,0.00016721018,0.00018804062,0.39749968,0.22386679,1,20,96,0.87234044,0.0,-1.9246659,-10.478211,0.12765957
688012.SH,10.665058,10.665058,0.00010515068,0.00018804062,0.3824997,0.31729054,1,12,252,0.85294116,0.0,-1.0462999,16.665333,0.14705883
688013.SH,17.58253,17.58253,0.00015708167,0.00018804062,0.38583302,0.4117647,1,95,151,0.94285715,0.0,-0.6766257,16.033022,0.057142857
688015.SH,19.309355,19.309355,0.00018767889,0.00018804062,0.3516664,0.22259136,1,15,191,0.4651163,0.0,-1.3002698,3.7281582,0.53488374
688016.SH,23.689627,23.689627,0.0002042159,0.00018804062,0.3874997,0.2432653,1,27,217,0.82,0.0,-1.236582,12.93854,0.18
688017.SH,18.929985,18.929985,0.00017612531,0.00018804062,0.3849997,0.17867868,1,33,251,0.35135135,0.0,-1.7502676,0.89761746,0.6486486
688018.SH,8.606244,8.606244,9.253433e-05,0.00018804062,0.38333303,0.18888889,1,12,252,0.8611111,0.0,-1.5561,1.876166,0.1388889
688019.SH,26.891655,26.891655,0.00022331756,0.00018804062,0.39999968,0.20784314,1,61,124,0.5882353,0.0,-0.9023549,11.680773,0.4117647
688020.SH,18.966581,18.966581,0.00016259741,0.00018804062,0.405833,0.2289855,1,40,114,0.82608694,0.0,-1.4706544,-17.531406,0.17391305
688021.SH,19.717873,19.717873,0.00018847681,0.00018804062,0.35749972,0.21341464,1,43,94,0.75609756,0.0,-1.182217,5.063771,0.24390244
688022.SH,18.021927,18.021927,0.00017595667,0.00018804062,0.36208302,0.09986505,1,29,12,0.9230769,0.0,-0.63729745,2.7243412,0.07692308
688023.SH,16.52353,16.52353,0.0001581079,0.00018804062,0.37583303,0.12903225,1,24,84,0.65625,0.0,-2.1318936,-3.73835,0.34375
688025.SH,14.318402,14.318402,0.00013029367,0.00018804062,0.3874997,0.29545453,1,44,1,1.0,0.0,-2.2704878,16.3452,0.0
688026.SH,14.479413,14.479413,0.00014575045,0.00018804062,0.35624972,0.13513513,1,69,305,0.92105263,0.0,-1.6682948,4.796126,0.078947365
688027.SH,167.3454,167.3454,0.0011421453,0.00018804062,0.45916632,0.10439852,1,95,151,0.9279279,0.0,-1.6493734,1.4629083,0.072072074
688028.SH,11.963173,11.963173,0.00012139866,0.00018804062,0.39666635,0.18951613,1,96,56,0.96875,0.0,-1.7907,5.0598664,0.03125
688029.SH,23.538185,23.538185,0.00020025221,0.00018804062,0.38666636,0.27224737,1,61,124,0.53846157,0.0,-1.3266635,11.874166,0.46153846
688030.SH,25.985529,25.985529,0.00019828287,0.00018804062,0.41166633,0.27439025,1,22,208,0.5609756,0.0,-1.6371098,-19.734615,0.4390244
688031.SH,61.73981,61.73981,0.0004317226,0.00018804062,0.423333,0.18626717,1,22,208,0.84444445,0.0,-1.7110043,-13.506968,0.15555556
688032.SH,15.884394,15.884394,0.00015267839,0.00018804062,0.37666637,0.14603175,1,1,211,0.75,0.0,-1.2767334,-2.2427304,0.25
688033.SH,26.58033,26.58033,0.00020931916,0.00018804062,0.39999968,0.24156862,1,7,111,0.84313726,0.0,-1.3186,-16.80769,0.15686275
688035.SH,9.135176,9.135176,0.00010369051,0.00018804062,0.36541638,0.27217743,1,51,81,0.96875,0.0,-0.37669688,4.562237,0.03125
688036.SH,12.324326,12.324326,0.00012471952,0.00018804062,0.38749972,0.101149425,1,69,305,0.6666667,0.0,-0.98265,7.448159,0.33333334
688037.SH,17.743189,17.743189,0.00014819017,0.00018804062,0.38083303,0.3018018,1,96,56,0.9189189,0.0,-1.1270865,1.7302647,0.08108108
688038.SH,13.426287,13.426287,0.00013738898,0.00018804062,0.39416635,0.15120968,1,87,102,0.59375,0.0,-1.0040344,-5.917251,0.40625
688039.SH,20.027018,20.027018,0.0001664039,0.00018804062,0.39499968,0.34534535,1,61,124,0.7297297,0.0,-2.0137813,-21.336952,0.27027026
688041.SH,30.633047,30.633047,0.00024807837,0.00018804062,0.39333302,0.20169492,1,7,111,0.56666666,0.0,-2.4893281,7.5857835,0.43333334
688045.SH,18.85988,18.85988,0.00017973864,0.00018804062,0.36166638,0.2,1,69,305,0.6,0.0,-1.3405743,3.7706425,0.4
688046.SH,18.494535,18.494535,0.00017282323,0.00018804062,0.37916636,0.17117117,1,61,124,0.45945945,0.0,-1.7008541,6.207658,0.5405405
688047.SH,75.34812,75.34812,0.00051757944,0.00018804062,0.42916632,0.19189034,1,69,305,0.8252427,0.0,-2.0002234,-12.848024,0.17475729
688048.SH,187.53645,187.53645,0.0012646235,0.00018804062,0.4741663,0.09302472,1,93,192,0.90873015,0.0,-1.8498558,2.0770068,0.09126984
688049.SH,18.317749,18.317749,0.00017247016,0.00018804062,0.3774997,0.17435898,1,12,252,0.45,0.0,-1.7724699,8.600375,0.55
688050.SH,14.5517645,14.5517645,0.00013776992,0.00018804062,0.3849997,0.30904183,1,59,157,0.8717949,0.0,-1.1190923,12.827189,0.12820514
688051.SH,36.496826,36.496826,0.00027792616,0.00018804062,0.39999968,0.21523003,1,2,80,0.83870965,0.0,-2.0123274,-15.977832,0.16129032
688052.SH,17.26343,17.26343,0.00016123445,0.00018804062,0.39083302,0.2025641,1,33,251,0.55,0.0,-1.244925,-8.845123,0.45
688055.SH,21.591198,21.591198,0.00019442577,0.00018804062,0.39416635,0.24734043,1,51,81,0.4375,0.0,-1.43055,-7.705162,0.5625
688056.SH,16.573242,16.573242,0.00016155356,0.00018804062,0.37291637,0.14935988,1,19,162,0.7105263,0.0,-1.9320948,5.229381,0.28947368
688057.SH,13.881495,13.881495,0.00014164243,0.00018804062,0.39416638,0.18980393,1,21,149,0.88235295,0.0,-1.1616019,5.57296,0.11764706
688058.SH,88.86004,88.86004,0.0006710156,0.00018804062,0.44499964,0.12234009,1,52,65,0.89385474,0.0,-1.5561984,-4.2573576,0.10614525
688059.SH,18.312181,18.312181,0.00017262486,0.00018804062,0.39333302,0.13842747,1,93,192,0.88372093,0.0,-1.1420535,10.333091,0.11627907
688060.SH,21.10543,21.10543,0.00019373908,0.00018804062,0.38499972,0.14390244,1,5,286,0.70731705,0.0,-1.2669659,2.3643177,0.29268292
688061.SH,14.207718,14.207718,0.00013975563,0.00018804062,0.39916635,0.21829268,1,5,286,0.80487806,0.0,-1.4923244,-9.798672,0.19512194
688062.SH,456.77383,456.77383,0.002912427,0.00018804062,0.5316663,0.06942291,1,14,83,0.9820717,0.0,-1.645906,-15.357951,0.017928287
688063.SH,20.156904,20.156904,0.00019264976,0.00018804062,0.3624997,0.19568151,1,21,149,0.46153846,0.0,-1.480313,4.017531,0.53846157
688065.SH,14.855431,14.855431,0.00015291429,0.00018804062,0.37083304,0.18170732,1,27,217,0.80487806,0.0,-1.7219415,1.716432,0.19512194
688066.SH,130.98189,130.98189,0.0008813394,0.00018804062,0.4441663,0.15688981,1,14,83,0.9382716,0.0,-1.281758,-17.519434,0.061728396
688067.SH,17.875393,17.875393,0.00016984213,0.00018804062,0.37916636,0.10282258,1,93,192,0.625,0.0,-1.4172001,5.990518,0.375
688068.SH,18.852568,18.852568,0.00015695157,0.00018804062,0.38916636,0.24756098,1,19,162,0.80487806,0.0,-1.175439,-13.102043,0.19512194
688069.SH,20.90829,20.90829,0.00019504529,0.00018804062,0.38583302,0.12669684,1,12,252,0.48076922,0.0,-0.6139846,2.1559274,0.5192308
688070.SH,18.788273,18.788273,0.00016792817,0.00018804062,0.37833303,0.21818182,1,43,94,0.8,0.0,-0.75868005,3.2069952,0.2
688071.SH,18.327265,18.327265,0.00015832814,0.00018804062,0.39166635,0.27567068,1,12,252,0.5531915,0.0,-1.0223063,-20.99984,0.44680852
688072.SH,19.281826,19.281826,0.0001695471,0.00018804062,0.37916636,0.23698781,1,74,159,0.7906977,0.0,-1.7538954,12.331275,0.20930232
688073.SH,13.0450535,13.0450535,0.00013372184,0.00018804062,0.38333303,0.26426426,1,80,208,0.8378378,0.0,-1.0782487,13.932882,0.16216215
688075.SH,20.265862,20.265862,0.00018730192,0.00018804062,0.3699997,0.1462185,1,33,251,0.45714286,0.0,-1.6171343,0.6267353,0.54285717
688077.SH,10.219631,10.219631,0.000113900256,0.00018804062,0.3529164,0.2016129,1,12,252,0.84375,0.0,-2.3701375,3.9920406,0.15625
688078.SH,19.950567,19.950567,0.00018316573,0.00018804062,0.3699997,0.13174604,1,23,94,0.6666667,0.0,-1.6205748,2.996818,0.33333334
688079.SH,22.417046,22.417046,0.00017908208,0.00018804062,0.39666635,0.27378437,1,23,94,0.8863636,0.0,-1.755257,-23.57504,0.11363637
688080.SH,16.835096,16.835096,0.00015410308,0.00018804062,0.39333302,0.25101215,1,59,157,0.8974359,0.0,-1.5786358,15.423935,0.102564104
688081.SH,22.617168,22.617168,0.00017247764,0.00018804062,0.38916636,0.33205128,1,59,157,0.85,0.0,-2.5014675,-19.459412,0.15
688082.SH,14.644518,14.644518,0.00013596658,0.00018804062,0.38333303,0.3462185,1,1,211,0.8,0.0,-0.5131743,16.631802,0.2
688083.SH,23.652336,23.652336,0.00021209783,0.00018804062,0.3774997,0.2047138,1,15,191,0.58181816,0.0,-1.7140837,1.1669236,0.4181818
688084.SH,19.152456,19.152456,0.00018864482,0.00018804062,0.36583304,0.19393939,1,27,217,0.6,0.0,-1.0428176,2.0551133,0.4
688085.SH,15.115147,15.115147,0.00015099462,0.00018804062,0.37166637,0.33901516,1,30,30,0.42424244,0.0,-0.69299394,7.225911,0.57575756
688087.SH,18.60563,18.60563,0.00018017145,0.00018804062,0.36416638,0.12762763,1,7,111,0.7027027,0.0,-2.0584028,3.5181003,0.2972973
688088.SH,27.012218,27.012218,0.00023506243,0.00018804062,0.40249968,0.17349896,1,96,56,0.9142857,0.0,-1.1744316,8.926051,0.08571429
688089.SH,17.739204,17.739204,0.0001654819,0.00018804062,0.38916636,0.23030303,1,95,151,0.8888889,0.0,-1.3640666,11.005746,0.11111111
688090.SH,22.22338,22.22338,0.00017642182,0.00018804062,0.38583302,0.2825397,1,95,151,0.8333333,0.0,-0.5845473,0.77947783,0.16666667
688091.SH,20.158272,20.158272,0.00018278815,0.00018804062,0.38416636,0.185884,1,96,56,0.8703704,0.0,-1.1240741,8.360681,0.12962963
688092.SH,13.663782,13.663782,0.00014164088,0.00018804062,0.3749997,0.21512605,1,61,124,0.82857144,0.0,-2.7466745,5.1597877,0.17142858
688093.SH,13.797092,13.797092,0.00013789622,0.00018804062,0.37833303,0.25384617,1,33,251,0.825,0.0,-1.4825599,9.066117,0.175
688095.SH,19.795828,19.795828,0.00017458275,0.00018804062,0.39416635,0.20718816,1,33,251,0.70454544,0.0,-2.0840158,-5.64491,0.29545453
688096.SH,17.261356,17.261356,0.00016733575,0.00018804062,0.36916637,0.13953489,1,61,124,0.65909094,0.0,-1.1448545,1.2655225,0.3409091
688097.SH,15.274286,15.274286,0.0001556152,0.00018804062,0.38666636,0.10752688,1,89,72,0.516129,0.0,-2.2430065,1.8853589,0.48387095
688098.SH,11.894253,11.894253,0.000117981326,0.00018804062,0.37333304,0.2777778,1,84,2,1.0,0.0,-1.3756194,-8.524569,0.0
688099.SH,15.810839,15.810839,0.0001477765,0.00018804062,0.40166634,0.30731708,1,7,111,0.85365856,0.0,-1.1428293,15.445901,0.14634146
688100.SH,13.227159,13.227159,0.000120078636,0.00018804062,0.3874997,0.4903226,1,95,151,0.9677419,0.0,-0.57577085,19.464115,0.032258064
688101.SH,12.963025,12.963025,0.00012934425,0.00018804062,0.39083302,0.29268292,1,93,192,0.95238096,0.0,-0.6166095,15.1414795,0.04761905
688102.SH,13.070358,13.070358,0.00012019018,0.00018804062,0.3849997,0.32820514,1,22,208,0.975,0.0,-2.33531,10.286942,0.025
688103.SH,13.418687,13.418687,0.00013551352,0.00018804062,0.36166638,0.21904762,1,22,208,0.9722222,0.0,-1.7810919,4.017785,0.027777778
688105.SH,14.361064,14.361064,0.00013783203,0.00018804062,0.36333305,0.26559713,1,27,217,0.7647059,0.0,-1.7406588,-7.3612843,0.23529412
688106.SH,12.878464,12.878464,0.000124235,0.00018804062,0.3899997,0.20365854,1,57,68,0.8780488,0.0,0.03248047,0.7605604,0.12195122
688107.SH,50.408417,50.408417,0.00037317662,0.00018804062,0.43999967,0.14527568,1,22,208,0.85106385,0.0,-1.6392871,-9.902403,0.14893617
688108.SH,9.556869,9.556869,9.842928e-05,0.00018804062,0.38166636,0.2620321,1,51,81,0.9705882,0.0,-1.3187765,14.408615,0.029411765
688109.SH,13.625268,13.625268,0.00013019907,0.00018804062,0.38166636,0.24024025,1,40,114,0.8378378,0.0,-1.8594539,12.594401,0.16216215
688110.SH,17.578852,17.578852,0.00014095653,0.00018804062,0.41166636,0.342246,1,23,94,1.0,0.0,-1.1807147,-23.57856,0.0
688111.SH,20.534147,20.534147,0.00017580438,0.00018804062,0.40249968,0.28876245,1,96,56,0.8947368,0.0,-0.60700524,15.778693,0.10526316
688112.SH,15.237093,15.237093,0.00014489311,0.00018804062,0.38416636,0.24537815,1,23,94,0.94285715,0.0,-0.4443257,12.468396,0.057142857
688113.SH,13.232849,13.232849,0.00013290283,0.00018804062,0.39083302,0.25454545,1,52,65,0.93333334,0.0,-1.1933135,13.17334,0.06666667
688114.SH,23.347614,23.347614,0.00021123765,0.00018804062,0.3824997,0.20869565,1,51,81,0.4347826,0.0,-1.5975935,0.5833264,0.5652174
688115.SH,12.197457,12.197457,0.00011834466,0.00018804062,0.3799997,0.33901516,1,43,94,0.8787879,0.0,-1.5044423,-12.212813,0.121212125
688116.SH,17.03379,17.03379,0.00016731162,0.00018804062,0.36416638,0.10873441,1,15,191,0.3529412,0.0,-1.7540206,4.1178913,0.64705884
688117.SH,19.927454,19.927454,0.00017604919,0.00018804062,0.39999968,0.22606383,1,69,305,0.5833333,0.0,-0.3757625,11.814425,0.41666666
688118.SH,24.117651,24.117651,0.00020511354,0.00018804062,0.400833,0.1566416,1,86,4,0.9649123,0.0,-1.7131686,-7.458879,0.03508772
688119.SH,9.774874,9.774874,0.00011242619,0.00018804062,0.36083305,0.2735632,1,2,80,0.93333334,0.0,-1.1405901,3.017903,0.06666667
688120.SH,15.419661,15.419661,0.0001409507,0.00018804062,0.40499967,0.28307256,1,80,208,0.6315789,0.0,-1.3455895,16.068853,0.36842105
688121.SH,21.272203,21.272203,0.0001965333,0.00018804062,0.3637497,0.12820514,1,69,305,0.5,0.0,-0.89812744,3.86921,0.5
688122.SH,18.28557,18.28557,0.00017871882,0.00018804062,0.38166636,0.14795008,1,15,191,0.32352942,0.0,-0.8714824,4.9500704,0.6764706
688123.SH,22.99131,22.99131,0.00019487603,0.00018804062,0.40249968,0.19183673,1,23,94,0.82,0.0,-1.5913119,13.090672,0.18
688125.SH,20.655325,20.655325,0.00017231244,0.00018804062,0.40333304,0.2030303,1,5,286,0.7777778,0.0,-1.6222088,-15.0955,0.22222222
688126.SH,26.659813,26.659813,0.00020839638,0.00018804062,0.39749968,0.2946939,1,93,192,0.48,0.0,-1.9478521,-15.9963045,0.52
688127.SH,19.104916,19.104916,0.00016369083,0.00018804062,0.403333,0.24751067,1,33,251,0.7631579,0.0,-1.279142,15.087834,0.23684211
688128.SH,12.627845,12.627845,0.00013167926,0.00018804062,0.3899997,0.13813815,1,33,251,0.8378378,0.0,-1.1398919,9.4565115,0.16216215
688129.SH,10.806918,10.806918,0.00011857897,0.00018804062,0.38916636,0.16287878,1,69,305,0.72727275,0.0,-1.0173546,5.087197,0.27272728
688130.SH,15.890786,15.890786,0.00014088578,0.00018804062,0.3824997,0.27317074,1,27,217,0.8292683,0.0,-1.4346902,-10.694648,0.17073171
688131.SH,16.030048,16.030048,0.00015792018,0.00018804062,0.3799997,0.12820514,1,74,159,0.71794873,0.0,-1.0979846,3.634189,0.2820513
688132.SH,21.339207,21.339207,0.00017569428,0.00018804062,0.3849997,0.27804878,1,19,162,0.68292683,0.0,-2.1626828,-12.4186,0.31707317
688133.SH,15.434167,15.434167,0.00015686422,0.00018804062,0.37833303,0.2173913,1,77,117,0.82978725,0.0,-0.4948233,2.1864002,0.17021276
688135.SH,12.728836,12.728836,0.00013219088,0.00018804062,0.37333304,0.14942528,1,5,286,0.7,0.0,-2.0933836,-3.5563543,0.3
688136.SH,14.802212,14.802212,0.00014118479,0.00018804062,0.3899997,0.24431819,1,91,229,0.45454547,0.0,-1.2876061,0.71699107,0.54545456
688137.SH,16.926807,16.926807,0.00014482054,0.00018804062,0.3874997,0.3598485,1,24,84,0.8181818,0.0,-1.5266181,-14.285684,0.18181819
688138.SH,15.60391,15.60391,0.00015504358,0.00018804062,0.3674997,0.111827955,1,7,111,0.5483871,0.0,-1.7080485,4.223328,0.4516129
688139.SH,21.436268,21.436268,0.00019772377,0.00018804062,0.36124972,0.1664296,1,69,305,0.34210527,0.0,-1.7704028,5.006713,0.65789473
688141.SH,37.69553,37.69553,0.0002526961,0.00018804062,0.38916636,0.2897436,1,93,192,0.875,0.0,-1.8828075,-25.173641,0.125
688143.SH,21.093218,21.093218,0.00017478727,0.00018804062,0.3849997,0.25,1,7,111,0.5510204,0.0,-1.5651327,1.5091368,0.4489796
688146.SH,12.949995,12.949995,0.00012398028,0.00018804062,0.39583302,0.24798387,1,69,305,0.84375,0.0,-0.11024064,4.030489,0.15625
688147.SH,15.922619,15.922619,0.00015262942,0.00018804062,0.3749997,0.12857144,1,96,56,0.75,0.0,-1.3703027,11.869616,0.25
688148.SH,17.808796,17.808796,0.00014268664,0.00018804062,0.38083303,0.3315508,1,1,211,0.9117647,0.0,-0.20667645,2.0552557,0.0882353
688150.SH,17.1634,17.1634,0.00015249853,0.00018804062,0.39166635,0.32222223,1,1,211,0.8611111,0.0,-0.6979305,15.1995325,0.1388889
688151.SH,17.49023,17.49023,0.00016373051,0.00018804062,0.3699997,0.14864865,1,23,94,0.5135135,0.0,-2.0087106,3.627262,0.4864865
688152.SH,15.802839,15.802839,0.00013958725,0.00018804062,0.38666636,0.33809525,1,40,114,0.75,0.0,-1.199561,-12.845913,0.25
688153.SH,17.298895,17.298895,0.00016209435,0.00018804062,0.3674997,0.15294118,1,61,124,0.37142858,0.0,-1.8399056,4.8119655,0.62857145
688155.SH,11.779011,11.779011,0.000116778385,0.00018804062,0.39416635,0.2867868,1,40,114,0.8918919,0.0,-0.7892676,16.04543,0.10810811
688156.SH,16.65727,16.65727,0.00015645206,0.00018804062,0.38416636,0.20512821,1,61,124,0.46153846,0.0,-1.826477,-6.5574536,0.53846157
688157.SH,10.458029,10.458029,0.00011031603,0.00018804062,0.36083305,0.25378788,1,7,111,0.75757575,0.0,-1.3410575,3.5211422,0.24242425
688158.SH,21.186903,21.186903,0.00019076322,0.00018804062,0.39749968,0.11693989,1,89,72,0.8852459,0.0,-0.8707656,-1.3989466,0.114754096
688159.SH,15.86526,15.86526,0.00015442583,0.00018804062,0.36791638,0.16755792,1,95,151,0.7058824,0.0,-0.48392054,4.5221014,0.29411766
688160.SH,23.213099,23.213099,0.00020302902,0.00018804062,0.37666637,0.24021593,1,61,124,0.30769232,0.0,-1.759436,1.4865367,0.6923077
688161.SH,18.436495,18.436495,0.00017205418,0.00018804062,0.3774997,0.14761905,1,5,286,0.8611111,0.0,-1.5122889,8.118099,0.1388889
688162.SH,19.605457,19.605457,0.00018889167,0.00018804062,0.37666637,0.10992908,1,93,192,0.7708333,0.0,-1.9722418,1.1514964,0.22916667
688163.SH,18.954369,18.954369,0.00017217323,0.00018804062,0.403333,0.24822696,1,2,80,0.7916667,0.0,-1.5094646,8.338886,0.20833333
688165.SH,83.55847,83.55847,0.00061432424,0.00018804062,0.44749963,0.105218135,1,40,114,0.9047619,0.0,-1.5342376,-10.556578,0.0952381
688166.SH,19.590006,19.590006,0.00016698921,0.00018804062,0.38833302,0.18888889,1,93,192,0.8666667,0.0,-1.0269157,3.2832944,0.13333334
688167.SH,14.297199,14.297199,0.00012519941,0.00018804062,0.39333302,0.3159664,1,5,286,0.82857144,0.0,-1.6887857,-19.600515,0.17142858
688168.SH,16.827856,16.827856,0.00015904402,0.00018804062,0.3541664,0.08045977,1,22,208,0.56666666,0.0,-0.18254997,-1.3587693,0.43333334
688169.SH,15.276197,15.276197,0.00015421047,0.00018804062,0.3924997,0.15220484,1,80,208,0.7631579,0.0,-0.6669157,9.623616,0.23684211
688170.SH,7.9592814,7.9592814,8.106928e-05,0.00018804062,0.405833,0.25977013,1,80,208,1.0,0.0,-1.6689867,-14.8936205,0.0
688171.SH,15.52822,15.52822,0.00014331174,0.00018804062,0.3699997,0.22439024,1,20,96,0.6097561,0.0,-0.92657554,1.7592096,0.3902439
688172.SH,16.608093,16.608093,0.00015967435,0.00018804062,0.37916636,0.16927454,1,12,252,0.5,0.0,-1.2748052,-1.2353529,0.5
688173.SH,22.119347,22.119347,0.00018765147,0.00018804062,0.41666636,0.21616162,1,21,149,0.93333334,0.0,-1.9786779,-15.491167,0.06666667
688175.SH,13.472681,13.472681,0.00012564442,0.00018804062,0.38666636,0.35685483,1,33,251,0.71875,0.0,-1.1501875,-13.766687,0.28125
688176.SH,175.2605,175.2605,0.0012655462,0.00018804062,0.49333295,0.08070483,1,59,157,0.9626168,0.0,-1.5139109,-6.2657013,0.037383176
688177.SH,51.73969,51.73969,0.00034245066,0.00018804062,0.41166633,0.22293265,1,59,157,0.95652175,0.0,-2.143191,-18.795664,0.04347826
688178.SH,13.537668,13.537668,0.00012903177,0.00018804062,0.39333302,0.25641027,1,27,217,0.65,0.0,-0.7888875,-18.322542,0.35
688179.SH,14.069154,14.069154,0.00014226744,0.00018804062,0.39166635,0.19556025,1,87,102,0.90909094,0.0,-0.67200005,11.628649,0.09090909
688180.SH,23.886692,23.886692,0.00018065708,0.00018804062,0.403333,0.35873017,1,40,114,0.9166667,0.0,-2.2743027,-19.455013,0.083333336
688181.SH,16.540401,16.540401,0.00015771837,0.00018804062,0.3899997,0.125,1,69,305,0.34375,0.0,-1.4312376,3.219953,0.65625
688182.SH,16.1724,16.1724,0.00015317244,0.00018804062,0.37083304,0.13103448,1,33,251,0.73333335,0.0,-1.4838132,4.257024,0.26666668
688183.SH,20.75031,20.75031,0.00017581618,0.00018804062,0.39583302,0.2195122,1,93,192,0.8780488,0.0,-1.354739,13.799934,0.12195122
688185.SH,25.365221,25.365221,0.0002079597,0.00018804062,0.37416637,0.17706822,1,69,305,0.5283019,0.0,-0.8725378,2.8353114,0.4716981
688186.SH,20.823622,20.823622,0.00019415842,0.00018804062,0.35583305,0.22332859,1,40,114,0.23684211,0.0,-1.2929026,4.1585317,0.7631579
688187.SH,21.35105,21.35105,0.00019457778,0.00018804062,0.36458305,0.1210084,1,93,192,0.51428574,0.0,-1.2239656,5.0546203,0.4857143
688188.SH,196.87532,196.87532,0.0015380144,0.00018804062,0.50749964,0.06382071,1,40,114,0.9617021,0.0,-1.1189498,10.874718,0.038297873
688189.SH,26.617514,26.617514,0.00020667845,0.00018804062,0.39749968,0.2597561,1,5,286,0.9268293,0.0,-1.3411951,-15.1853,0.07317073
688190.SH,11.205888,11.205888,0.000114544026,0.00018804062,0.38666636,0.34789917,1,57,68,0.9714286,0.0,-1.5679086,15.936525,0.028571429
688191.SH,18.010891,18.010891,0.00017274896,0.00018804062,0.36333305,0.27651516,1,102,50,0.36363637,0.0,-0.8573789,4.5873413,0.6363636
688192.SH,329.24347,329.24347,0.0022211869,0.00018804062,0.5091663,0.069619134,1,52,65,0.9712389,0.0,-1.5785561,-11.324604,0.028761063
688193.SH,11.1559,11.1559,0.00011234701,0.00018804062,0.37416637,0.18709677,1,80,208,0.7741935,0.0,-1.6159065,-1.1002934,0.22580644
688195.SH,77.41765,77.41765,0.00055317127,0.00018804062,0.42749965,0.16656671,1,40,114,0.9310345,0.0,-2.1821249,6.8391366,0.06896552
688196.SH,21.3778,21.3778,0.00020003512,0.00018804062,0.3724997,0.06852497,1,21,149,0.8333333,0.0,-1.270669,3.0868526,0.16666667
688197.SH,153.33905,153.33905,0.0011156563,0.00018804062,0.4791663,0.080181025,1,57,68,0.9783394,0.0,-1.6225321,-5.45372,0.02166065
688198.SH,25.391512,25.391512,0.00021717984,0.00018804062,0.39416635,0.26196077,1,19,162,0.7254902,0.0,-1.3509197,12.245136,0.27450982
688199.SH,11.018967,11.018967,0.000121508754,0.00018804062,0.36916637,0.23193277,1,30,30,0.7714286,0.0,-0.5553714,3.7817693,0.22857143
688200.SH,25.314285,25.314285,0.00020890131,0.00018804062,0.42249966,0.25656566,1,61,124,0.5272727,0.0,-1.3720127,9.747817,0.47272727
688201.SH,18.052437,18.052437,0.00015721215,0.00018804062,0.39166635,0.27260458,1,61,124,0.46153846,0.0,-1.7594565,-9.155487,0.53846157
688202.SH,12.105599,12.105599,0.00010595633,0.00018804062,0.39666635,0.41129032,1,61,124,0.9375,0.0,-1.8899907,-27.015766,0.0625
688203.SH,12.566151,12.566151,0.00012729045,0.00018804062,0.37166637,0.21269841,1,5,286,0.8055556,0.0,-1.1014888,2.6639385,0.19444445
688205.SH,24.486471,24.486471,0.00018958194,0.00018804062,0.38583302,0.28414634,1,22,208,0.5609756,0.0,-0.84792197,2.9228528,0.4390244
688206.SH,19.145794,19.145794,0.00017037205,0.00018804062,0.3824997,0.18528369,1,17,17,0.9791667,0.0,-1.957625,2.7040126,0.020833334
688207.SH,36.201805,36.201805,0.00028140773,0.00018804062,0.39666635,0.23744912,1,12,252,0.80597013,0.0,-1.9700477,-8.260626,0.19402985
688208.SH,19.515703,19.515703,0.0001685426,0.00018804062,0.3924997,0.31428573,1,12,252,0.75,0.0,-0.6297361,16.375065,0.25
688209.SH,13.047068,13.047068,0.00013588424,0.00018804062,0.3762497,0.19354838,1,33,251,0.5625,0.0,-1.6882062,3.529774,0.4375
688210.SH,17.91812,17.91812,0.00016614438,0.00018804062,0.3699997,0.14438502,1,61,124,0.47058824,0.0,-1.5209529,2.8424623,0.5294118
688211.SH,16.44942,16.44942,0.00015909341,0.00018804062,0.38583302,0.17478992,1,12,252,0.6,0.0,-1.0931543,-5.8774176,0.4
688212.SH,19.737043,19.737043,0.00017022324,0.00018804062,0.39083302,0.15656565,1,89,72,0.8666667,0.0,-1.6545823,-8.096547,0.13333334
688213.SH,14.764197,14.764197,0.00013970782,0.00018804062,0.39416635,0.28403363,1,96,56,0.82857144,0.0,-1.1082599,19.324411,0.17142858
688215.SH,17.01593,17.01593,0.00015844696,0.00018804062,0.39416638,0.19507575,1,24,84,0.7878788,0.0,-1.2876364,-2.7818098,0.21212122
688216.SH,18.653492,18.653492,0.00015618933,0.00018804062,0.38666636,0.32948717,1,7,111,0.9,0.0,-1.7431875,-24.423471,0.1
688217.SH,34.172443,34.172443,0.00028007154,0.00018804062,0.40666634,0.19894737,1,5,286,0.8552632,0.0,-1.1751407,-6.7356534,0.14473684
688218.SH,20.561342,20.561342,0.00017123658,0.00018804062,0.39916635,0.24911347,1,69,305,0.5833333,0.0,-1.3389125,-18.32209,0.41666666
688219.SH,18.213852,18.213852,0.00017134297,0.00018804062,0.38083303,0.17117117,1,77,117,0.4864865,0.0,-0.9085351,3.523277,0.5135135
688220.SH,12.378496,12.378496,0.00010686563,0.00018804062,0.3899997,0.41505376,1,23,94,0.9354839,0.0,-1.4415001,-29.117548,0.06451613
688221.SH,33.78781,33.78781,0.0002492476,0.00018804062,0.3924997,0.29787233,1,15,191,0.63829786,0.0,-1.7286319,-18.63255,0.3617021
688222.SH,15.646186,15.646186,0.00014934974,0.00018804062,0.38083303,0.26890758,1,93,192,0.42857143,0.0,-1.4970914,9.095844,0.5714286
688223.SH,22.867397,22.867397,0.000189288,0.00018804062,0.38833302,0.30357143,1,43,94,0.5510204,0.0,-1.3383205,-21.12093,0.4489796
688225.SH,18.487652,18.487652,0.00015460723,0.00018804062,0.39333302,0.3138138,1,1,211,0.7837838,0.0,-1.240938,-26.865324,0.21621622
688226.SH,14.77902,14.77902,0.00013308048,0.00018804062,0.39666635,0.27027026,1,93,192,0.8108108,0.0,-0.4669919,2.2295249,0.1891892
688227.SH,19.941423,19.941423,0.00016557096,0.00018804062,0.3899997,0.274359,1,15,191,0.725,0.0,-0.55398244,-18.333569,0.275
688228.SH,11.24739,11.24739,0.00011688606,0.00018804062,0.3799997,0.1724138,1,19,162,0.93333334,0.0,-1.73681,-5.3875093,0.06666667
688229.SH,24.035946,24.035946,0.00018404238,0.00018804062,0.39583302,0.3078078,1,33,251,0.9189189,0.0,-1.7719702,-15.987864,0.08108108
688230.SH,14.845812,14.845812,0.00014916304,0.00018804062,0.3699997,0.19251336,1,95,151,0.9705882,0.0,-2.1061234,1.8955119,0.029411765
688231.SH,10.738111,10.738111,0.00012081847,0.00018804062,0.3554164,0.31264368,1,93,192,0.9,0.0,-2.629767,4.3510637,0.1
688232.SH,14.262852,14.262852,0.0001376494,0.00018804062,0.3699997,0.14252874,1,93,192,0.8666667,0.0,-1.8811532,0.75093323,0.13333334
688233.SH,14.231426,14.231426,0.00013747765,0.00018804062,0.39458302,0.2358871,1,93,192,0.875,0.0,-1.9462374,12.870243,0.125
688234.SH,12.077245,12.077245,0.0001120012,0.00018804062,0.39666635,0.41075268,1,5,286,0.8064516,0.0,-1.7007194,-28.24485,0.19354838
688235.SH,17.684425,17.684425,0.00016142463,0.00018804062,0.39749968,0.12802276,1,19,162,0.81578946,0.0,-1.4219686,4.5697556,0.18421052
688236.SH,13.700483,13.700483,0.00012880028,0.00018804062,0.38083303,0.5126437,1,1,211,0.96666664,0.0,-1.0904034,17.904762,0.033333335
688237.SH,19.384127,19.384127,0.00017370778,0.00018804062,0.37666637,0.14117648,1,23,94,0.71428573,0.0,-1.9217913,2.5585244,0.2857143
688238.SH,50.12328,50.12328,0.00037802148,0.00018804062,0.415833,0.17491601,1,93,192,0.86315787,0.0,-1.8665916,-9.957771,0.1368421
688239.SH,9.002819,9.002819,0.00010429469,0.00018804062,0.35583305,0.28045976,1,20,96,0.7,0.0,0.14190668,4.5713797,0.3
688244.SH,18.941336,18.941336,0.00015894903,0.00018804062,0.3924997,0.35472372,1,80,208,0.85294116,0.0,-1.5630999,-15.827675,0.14705883
688246.SH,18.847841,18.847841,0.00014445548,0.00018804062,0.3899997,0.51954025,1,93,192,0.96666664,0.0,-2.1438203,-31.626904,0.033333335
688247.SH,8.93676,8.93676,9.833385e-05,0.00018804062,0.39583302,0.17701149,1,91,229,0.8666667,0.0,-1.6558666,0.24721095,0.13333334
688248.SH,16.188848,16.188848,0.00015032888,0.00018804062,0.398333,0.1952381,1,93,192,0.8333333,0.0,-0.84137225,11.126655,0.16666667
688249.SH,15.2731,15.2731,0.00015114798,0.00018804062,0.36041638,0.08275862,1,1,211,0.93333334,0.0,-2.1406333,2.8530393,0.06666667
688251.SH,14.270153,14.270153,0.00013846962,0.00018804062,0.3574997,0.15172414,1,90,27,0.56666666,0.0,-1.5557365,0.84521,0.43333334
688252.SH,9.344086,9.344086,0.00010094463,0.00018804062,0.37416637,0.121839084,1,93,192,0.8666667,0.0,-1.1097467,0.31200942,0.13333334
688253.SH,28.575361,28.575361,0.00024571034,0.00018804062,0.41166633,0.19778346,1,23,94,0.76811594,0.0,-1.7133927,8.362238,0.23188406
688255.SH,19.904396,19.904396,0.00018591038,0.00018804062,0.38166636,0.10282258,1,1,211,0.8125,0.0,-0.9160188,0.78428483,0.1875
688256.SH,200.20224,200.20224,0.0014842581,0.00018804062,0.50249964,0.06739723,1,74,159,0.9152047,0.0,-1.9906386,13.6259165,0.08479532
688257.SH,12.325181,12.325181,0.00012485274,0.00018804062,0.3749997,0.2505747,1,43,94,0.8,0.0,-1.19384,12.999139,0.2
688258.SH,16.132874,16.132874,0.0001458381,0.00018804062,0.38083303,0.29075631,1,19,162,0.8,0.0,-1.7635428,12.279048,0.2
688259.SH,12.0018215,12.0018215,0.00012424415,0.00018804062,0.38916636,0.12413793,1,27,217,0.56666666,0.0,-0.9803467,2.6946988,0.43333334
688260.SH,330.68494,330.68494,0.0021104405,0.00018804062,0.52083296,0.08239404,1,61,124,0.9410256,0.0,-1.5640154,-17.937963,0.05897436
688261.SH,12.359624,12.359624,0.00012564853,0.00018804062,0.37916636,0.19310345,1,89,72,0.76666665,0.0,-2.1015732,2.4604366,0.23333333
688262.SH,24.851616,24.851616,0.00019474597,0.00018804062,0.403333,0.2752613,1,22,208,0.52380955,0.0,-1.7936739,-16.126593,0.47619048
688265.SH,16.036839,16.036839,0.00014814736,0.00018804062,0.38416636,0.16825397,1,61,124,0.5,0.0,-1.4565473,1.3997521,0.5
688266.SH,33.836613,33.836613,0.00024112256,0.00018804062,0.38916636,0.27373737,1,89,72,0.9111111,0.0,-2.2734,-21.024527,0.08888889
688267.SH,12.4830475,12.4830475,0.00012354569,0.00018804062,0.37166637,0.35632184,1,12,252,0.7,0.0,-1.3158066,13.753308,0.3
688268.SH,16.207605,16.207605,0.00014966939,0.00018804062,0.39166635,0.18319328,1,61,124,0.45714286,0.0,-0.62450296,8.259458,0.54285717
688269.SH,9.739868,9.739868,0.00010438597,0.00018804062,0.38333303,0.24827586,1,69,305,0.8333333,0.0,-1.14168,-1.4736214,0.16666667
688270.SH,13.882691,13.882691,0.0001245258,0.00018804062,0.39749968,0.25490198,1,95,151,1.0,0.0,-2.2843351,8.300788,0.0
688271.SH,10.778602,10.778602,0.00011541339,0.00018804062,0.37083304,0.22782259,1,7,111,0.8125,0.0,-1.8296875,4.480861,0.1875
688272.SH,19.35542,19.35542,0.0001552068,0.00018804062,0.39083302,0.34402853,1,12,252,0.6764706,0.0,-1.2715293,-26.55757,0.32352942
688273.SH,15.191014,15.191014,0.00014933832,0.00018804062,0.36666638,0.16344085,1,1,211,0.83870965,0.0,-1.3705614,5.574377,0.16129032
688275.SH,16.438618,16.438618,0.00014306481,0.00018804062,0.40166634,0.3048048,1,61,124,0.7027027,0.0,-1.2882462,-23.775616,0.2972973
688276.SH,13.411185,13.411185,0.00012545234,0.00018804062,0.37166637,0.3827957,1,96,56,0.9032258,0.0,-1.6553258,-11.171589,0.09677419
688277.SH,29.026257,29.026257,0.00022306062,0.00018804062,0.39166635,0.3348751,1,12,252,0.78723407,0.0,-1.3440531,-13.075088,0.21276596
688278.SH,249.0609,249.0609,0.0019243709,0.00018804062,0.5216663,0.05580934,1,61,124,0.951049,0.0,-1.1519171,13.058618,0.04895105
688279.SH,13.330568,13.330568,0.00013058439,0.00018804062,0.37583303,0.31653225,1,93,192,0.8125,0.0,-1.2582124,12.586357,0.1875
688280.SH,16.122913,16.122913,0.00015769161,0.00018804062,0.38416636,0.19310345,1,57,68,0.46666667,0.0,-1.3313001,7.643111,0.53333336
688281.SH,12.195096,12.195096,0.0001283146,0.00018804062,0.38166636,0.16781609,1,51,81,0.6,0.0,-0.69269,5.899089,0.4
688282.SH,13.110281,13.110281,0.00013048676,0.00018804062,0.38333303,0.18064517,1,19,162,0.6451613,0.0,-0.95758384,-6.119243,0.3548387
688283.SH,14.634389,14.634389,0.00014747241,0.00018804062,0.3566664,0.09892473,1,19,162,0.8064516,0.0,-1.6171774,4.7393193,0.19354838
688285.SH,14.017209,14.017209,0.00014037658,0.00018804062,0.35708305,0.15530303,1,1,211,0.6666667,0.0,-1.0796939,2.259379,0.33333334
688286.SH,9.583386,9.583386,0.00010558355,0.00018804062,0.3899997,0.2,1,93,192,0.8,0.0,-0.7959,2.3882382,0.2
688288.SH,13.158211,13.158211,0.00013364859,0.00018804062,0.3799997,0.105747126,1,22,208,0.6666667,0.0,-1.7936168,3.586163,0.33333334
688289.SH,12.914881,12.914881,0.00013456703,0.00018804062,0.36083305,0.20967741,1,61,124,0.8125,0.0,-1.5262187,4.1537905,0.1875
688290.SH,16.9013,16.9013,0.0001599629,0.00018804062,0.37916636,0.11931818,1,80,208,0.6363636,0.0,-2.3566396,-1.3579782,0.36363637
688291.SH,14.959795,14.959795,0.00015324703,0.00018804062,0.3699997,0.31494254,1,27,217,0.33333334,0.0,-1.5092233,7.6774554,0.6666667
688292.SH,14.0157385,14.0157385,0.00013876795,0.00018804062,0.3774997,0.24597701,1,2,80,0.56666666,0.0,-1.34201,-7.4630046,0.43333334
688293.SH,20.9502,20.9502,0.00018198545,0.00018804062,0.3712497,0.43218392,1,11,17,0.46666667,0.0,-1.4295766,-2.5541422,0.53333336
688295.SH,23.796352,23.796352,0.00019437424,0.00018804062,0.41999966,0.1844898,1,95,151,0.88,0.0,-0.80807406,1.5431724,0.12
688296.SH,19.150347,19.150347,0.0001588981,0.00018804062,0.38833302,0.3213213,1,22,208,0.6756757,0.0,-2.0222054,-22.04974,0.3243243
688297.SH,13.44234,13.44234,0.00012668259,0.00018804062,0.36083305,0.2516129,1,96,56,0.87096775,0.0,-1.7834936,1.1899518,0.12903225
688298.SH,18.42834,18.42834,0.00015534897,0.00018804062,0.38083303,0.31904763,1,12,252,0.5277778,0.0,-1.5757972,-14.070088,0.4722222
688299.SH,12.455796,12.455796,0.00011396355,0.00018804062,0.38916636,0.39215687,1,14,83,0.8235294,0.0,-1.9199473,-28.305527,0.1764706
688300.SH,22.61238,22.61238,0.00019809713,0.00018804062,0.40666634,0.19806764,1,14,83,1.0,0.0,-2.1807282,13.7164345,0.0
688301.SH,12.230635,12.230635,0.00011815062,0.00018804062,0.3824997,0.34469697,1,24,84,0.7878788,0.0,-0.4237394,13.254299,0.21212122
688302.SH,66.53737,66.53737,0.00049733865,0.00018804062,0.41749966,0.20894459,1,19,162,0.9327731,0.0,-1.6540091,-6.2342424,0.067226894
688303.SH,18.408243,18.408243,0.0001635148,0.00018804062,0.39999968,0.17373738,1,14,83,0.82222223,0.0,-0.9593888,-9.236881,0.17777778
688305.SH,12.244368,12.244368,0.00012490741,0.00018804062,0.36708304,0.1816092,1,93,192,0.8666667,0.0,-1.1163733,2.1116073,0.13333334
688306.SH,26.050898,26.050898,0.00019854211,0.00018804062,0.38333303,0.2554622,1,2,80,0.85714287,0.0,-0.8494343,-0.7661479,0.14285715
688307.SH,8.002004,8.002004,8.854725e-05,0.00018804062,0.3824997,0.13103448,1,21,149,0.8666667,0.0,-1.8016968,7.329232,0.13333334
688308.SH,15.832373,15.832373,0.00015636208,0.00018804062,0.3799997,0.1816092,1,100,10,0.76666665,0.0,0.1869866,3.9920022,0.23333333
688309.SH,19.904509,19.904509,0.00018022108,0.00018804062,0.37333304,0.23674242,1,23,94,0.36363637,0.0,-1.3193272,3.972446,0.6363636
688310.SH,15.825133,15.825133,0.00015279862,0.00018804062,0.3787497,0.16330644,1,6,36,0.84375,0.0,-1.5299313,5.1419144,0.15625
688311.SH,6.9851904,6.9851904,8.319709e-05,0.00018804062,0.3824997,0.29892474,1,5,286,0.87096775,0.0,-2.8493161,-2.0551803,0.12903225
688312.SH,17.317225,17.317225,0.00016136466,0.00018804062,0.38166636,0.18924731,1,80,208,0.516129,0.0,-1.8524061,6.7047877,0.48387095
688313.SH,42.289406,42.289406,0.0003120966,0.00018804062,0.400833,0.24874687,1,22,208,0.68421054,0.0,-2.7197263,8.012721,0.31578946
688314.SH,24.414927,24.414927,0.00020195066,0.00018804062,0.38666636,0.33535352,1,61,124,0.42222223,0.0,-0.92829317,12.5340185,0.5777778
688315.SH,16.70754,16.70754,0.00015861221,0.00018804062,0.3774997,0.23678161,1,22,208,0.36666667,0.0,-1.89292,6.2816663,0.6333333
688316.SH,207.18715,207.18715,0.0012657865,0.00018804062,0.46749964,0.15638867,1,7,111,0.9361702,0.0,-1.7347198,-17.774435,0.06382979
688317.SH,16.026976,16.026976,0.00014133439,0.00018804062,0.38083303,0.4516129,1,61,124,0.90625,0.0,-1.4936093,-12.917351,0.09375
688318.SH,36.07291,36.07291,0.00030753674,0.00018804062,0.418333,0.18633664,1,33,251,0.9207921,0.0,-1.5310138,6.655027,0.07920792
688319.SH,24.175457,24.175457,0.00019824882,0.00018804062,0.398333,0.20060332,1,7,111,0.53846157,0.0,-1.5435346,-0.23085451,0.46153846
688320.SH,20.558182,20.558182,0.00017262704,0.00018804062,0.39749968,0.24319728,1,61,124,0.6530612,0.0,-1.5606083,-16.477621,0.3469388
688321.SH,18.027935,18.027935,0.00017143173,0.00018804062,0.3824997,0.0855615,1,69,305,0.7058824,0.0,-0.3707353,-1.9207629,0.29411766
688322.SH,9.984676,9.984676,9.700636e-05,0.00018804062,0.39499968,0.27462122,1,61,124,0.8787879,0.0,-2.5076303,5.523046,0.121212125
688323.SH,13.801396,13.801396,0.000121360856,0.00018804062,0.39749968,0.35650623,1,33,251,0.7941176,0.0,-2.4739854,-29.154583,0.20588236
688325.SH,14.231531,14.231531,0.00014312699,0.00018804062,0.38166636,0.1936508,1,87,102,0.8055556,0.0,-0.89850277,6.1158886,0.19444445
688326.SH,19.008862,19.008862,0.0001775762,0.00018804062,0.40416634,0.11612903,1,96,56,0.9032258,0.0,-1.2344484,2.396626,0.09677419
688327.SH,23.360249,23.360249,0.00017462508,0.00018804062,0.39416635,0.39159665,1,61,124,0.6,0.0,-1.6619658,-24.737782,0.4
688328.SH,13.130352,13.130352,0.0001323009,0.00018804062,0.37583303,0.13333334,1,7,111,0.6,0.0,-1.7579267,5.772897,0.4
688329.SH,16.14623,16.14623,0.00015374381,0.00018804062,0.35499972,0.14717741,1,61,124,0.59375,0.0,-2.293775,3.4197657,0.40625
688330.SH,25.347391,25.347391,0.00021172214,0.00018804062,0.400833,0.25339368,1,61,124,0.65384614,0.0,-1.1604251,13.40119,0.34615386
688331.SH,33.269,33.269,0.00026702925,0.00018804062,0.39666635,0.19150026,1,22,208,0.6984127,0.0,-1.498292,11.1272135,0.3015873
688332.SH,163.41382,163.41382,0.0013216503,0.00018804062,0.52833295,0.04535377,1,22,208,0.9100877,0.0,-1.281776,12.774896,0.08991228
688333.SH,10.726774,10.726774,0.00011634295,0.00018804062,0.3662497,0.2321839,1,89,72,0.76666665,0.0,-1.2924366,6.0279064,0.23333333
688334.SH,18.136034,18.136034,0.00016071762,0.00018804062,0.40166634,0.27484143,1,22,208,0.75,0.0,-0.9064432,11.637386,0.25
688335.SH,12.651584,12.651584,0.00011259674,0.00018804062,0.36583304,0.42528737,1,27,217,0.76666665,0.0,-1.1883665,2.1889186,0.23333333
688336.SH,357.06384,357.06384,0.002801613,0.00018804062,0.5649996,0.032302674,1,5,286,0.9303653,0.0,-1.1676614,11.403794,0.069634706
688337.SH,15.253526,15.253526,0.00015080617,0.00018804062,0.3516664,0.28735632,1,15,191,0.33333334,0.0,-1.42327,2.4433634,0.6666667
688338.SH,9.768206,9.768206,0.00010071286,0.00018804062,0.3824997,0.38508064,1,51,81,0.9375,0.0,-1.0772312,10.015739,0.0625
688339.SH,31.44265,31.44265,0.00023893698,0.00018804062,0.400833,0.28941175,1,34,43,0.88235295,0.0,-1.9834764,-17.094997,0.11764706
688343.SH,20.0258,20.0258,0.00016226344,0.00018804062,0.40083304,0.31983805,1,5,286,0.71794873,0.0,-1.5583614,-23.39687,0.2820513
688345.SH,12.097528,12.097528,0.00012941241,0.00018804062,0.35583305,0.18145162,1,20,96,0.6875,0.0,-2.9609,3.6803563,0.3125
688347.SH,19.98298,19.98298,0.0001649555,0.00018804062,0.38583302,0.2653846,1,12,252,0.6,0.0,-1.0518725,2.21697,0.4
688348.SH,16.647081,16.647081,0.00015868565,0.00018804062,0.36916637,0.17701149,1,24,84,0.46666667,0.0,-1.1732733,4.6047664,0.53333336
688349.SH,9.796699,9.796699,0.000105096704,0.00018804062,0.38333303,0.2505747,1,22,208,0.93333334,0.0,-0.99584997,-24.585972,0.06666667
688350.SH,11.032143,11.032143,0.00011763061,0.00018804062,0.3699997,0.22988506,1,14,83,0.7,0.0,-0.67776006,2.555184,0.3
688351.SH,14.329296,14.329296,0.00014474928,0.00018804062,0.37416637,0.105747126,1,14,83,0.8333333,0.0,-1.4159733,2.8380902,0.16666667
688352.SH,12.813922,12.813922,0.00013226575,0.00018804062,0.36541638,0.21149425,1,17,17,0.73333335,0.0,-2.2033198,5.539137,0.26666668
688353.SH,117.83186,117.83186,0.0008100361,0.00018804062,0.450833,0.16600534,1,40,114,0.9461078,0.0,-1.1728922,0.67661023,0.053892214
688355.SH,14.035973,14.035973,0.00013870187,0.00018804062,0.36166638,0.11724138,1,22,208,0.73333335,0.0,-1.2829134,3.2600632,0.26666668
688356.SH,15.455231,15.455231,0.00015098811,0.00018804062,0.38166636,0.17011495,1,2,80,0.8,0.0,-0.9590467,7.975724,0.2
688357.SH,18.270124,18.270124,0.00016734423,0.00018804062,0.3699997,0.15698925,1,93,192,0.48387095,0.0,-1.9250777,1.7191005,0.516129
688358.SH,16.467459,16.467459,0.0001571369,0.00018804062,0.39083302,0.14393939,1,33,251,0.54545456,0.0,-1.361206,3.4435542,0.45454547
688359.SH,20.978838,20.978838,0.00016341348,0.00018804062,0.398333,0.27564102,1,5,286,0.825,0.0,-1.890585,-23.148705,0.175
688360.SH,14.510322,14.510322,0.00014671052,0.00018804062,0.36916637,0.17310925,1,69,305,0.7714286,0.0,-1.8316456,6.798144,0.22857143
688361.SH,33.76671,33.76671,0.00025359314,0.00018804062,0.3874997,0.18367347,1,93,192,0.64,0.0,-0.70209396,2.6741118,0.36
688362.SH,11.385635,11.385635,0.0001078214,0.00018804062,0.39666635,0.315508,1,93,192,0.9117647,0.0,-1.6583264,-27.034933,0.0882353
688363.SH,15.430685,15.430685,0.00014692481,0.00018804062,0.3649997,0.19770116,1,19,162,0.6666667,0.0,-0.95299,8.442455,0.33333334
688365.SH,14.161971,14.161971,0.0001310654,0.00018804062,0.37583303,0.28387097,1,5,286,0.8064516,0.0,-1.5657227,-16.129032,0.19354838
688366.SH,9.482591,9.482591,0.0001019355,0.00018804062,0.37083304,0.3770115,1,2,80,1.0,0.0,-1.72549,8.908433,0.0
688367.SH,16.841179,16.841179,0.00014407004,0.00018804062,0.38166636,0.2820513,1,7,111,0.75,0.0,-0.75957745,-0.22620764,0.25
688368.SH,10.480153,10.480153,0.000113731134,0.00018804062,0.36708304,0.14516129,1,61,124,0.84375,0.0,-0.570525,-1.1429716,0.15625
688369.SH,25.24314,25.24314,0.00018842983,0.00018804062,0.38916636,0.37967914,1,93,192,0.9117647,0.0,-2.2260149,-27.447004,0.0882353
688370.SH,13.626835,13.626835,0.00013615725,0.00018804062,0.36166638,0.17613636,1,93,192,0.7878788,0.0,-0.42443335,1.6471696,0.21212122
688371.SH,12.501118,12.501118,0.0001252119,0.00018804062,0.38333303,0.14962122,1,61,124,0.7878788,0.0,-0.39839393,3.1911333,0.21212122
688372.SH,20.438261,20.438261,0.00018936125,0.00018804062,0.37666637,0.2015873,1,24,84,0.3888889,0.0,-2.2535276,5.06038,0.6111111
688373.SH,348.63202,348.63202,0.0023402555,0.00018804062,0.5166663,0.0691539,1,69,305,0.91239315,0.0,-1.4503101,-12.428828,0.08760684
688375.SH,15.200084,15.200084,0.00014723372,0.00018804062,0.37666637,0.2229885,1,33,251,0.43333334,0.0,-1.7084633,10.493394,0.56666666
688376.SH,9.174414,9.174414,0.00010469993,0.00018804062,0.36916637,0.2551724,1,19,162,0.9,0.0,-2.2249568,0.03666393,0.1
688377.SH,12.995619,12.995619,0.00013192171,0.00018804062,0.39583302,0.12413793,1,61,124,0.73333335,0.0,-0.9044766,5.6405454,0.26666668
688378.SH,17.35586,17.35586,0.00016730836,0.00018804062,0.38083303,0.11942959,1,89,72,0.7058824,0.0,-1.7582382,5.668743,0.29411766
688379.SH,12.12355,12.12355,0.00011955973,0.00018804062,0.3799997,0.24367817,1,40,114,0.56666666,0.0,-2.0490565,16.635403,0.43333334
688380.SH,18.496046,18.496046,0.0001737522,0.00018804062,0.39666635,0.10967742,1,95,151,0.8064516,0.0,-1.6900675,6.387009,0.19354838
688381.SH,13.755566,13.755566,0.00012732943,0.00018804062,0.3899997,0.19607843,1,22,208,0.6764706,0.0,-2.1436825,-8.3706455,0.32352942
688382.SH,187.20854,187.20854,0.001349163,0.00018804062,0.49583295,0.06815198,1,1,211,0.97604793,0.0,-1.6611935,-5.585259,0.023952097
688383.SH,16.820656,16.820656,0.00015703408,0.00018804062,0.37833303,0.14942528,1,24,84,0.4,0.0,-1.82315,-3.1526833,0.6
688385.SH,13.677046,13.677046,0.00012841697,0.00018804062,0.38666636,0.22988506,1,40,114,0.56666666,0.0,-2.1318567,5.20817,0.43333334
688386.SH,16.994328,16.994328,0.00015712348,0.00018804062,0.38999972,0.1936937,1,1,211,0.6486486,0.0,-1.037373,8.820227,0.35135135
688387.SH,15.4044075,15.4044075,0.00013217596,0.00018804062,0.39416635,0.40504202,1,51,81,0.6857143,0.0,-1.153443,-29.591787,0.31428573
688388.SH,16.871044,16.871044,0.00015093024,0.00018804062,0.37666637,0.28222996,1,14,83,0.9285714,0.0,-0.3098928,2.0415046,0.071428575
688389.SH,17.463861,17.463861,0.0001731295,0.00018804062,0.3554164,0.16221035,1,57,68,0.9117647,0.0,-1.4766264,5.238735,0.0882353
688390.SH,14.332585,14.332585,0.00013999644,0.00018804062,0.38208303,0.22068965,1,24,84,0.5,0.0,-1.3224068,-7.801249,0.5
688391.SH,12.302046,12.302046,0.00013326427,0.00018804062,0.36291638,0.15524194,1,80,208,0.78125,0.0,-0.94790316,3.0850031,0.21875
688392.SH,11.817799,11.817799,0.000119268116,0.00018804062,0.38583302,0.26984128,1,95,151,0.75,0.0,-1.7686778,13.292719,0.25
688393.SH,14.194204,14.194204,0.00013039044,0.00018804062,0.37583303,0.34623656,1,69,305,0.7096774,0.0,-1.5657192,-9.686198,0.29032257
688395.SH,13.290356,13.290356,0.00013829482,0.00018804062,0.34999973,0.23185484,1,95,151,0.9375,0.0,-2.2892406,5.4437456,0.0625
688396.SH,12.577984,12.577984,0.00012669676,0.00018804062,0.36833304,0.07586207,1,2,80,0.8,0.0,-2.5513003,-0.7937228,0.2
688398.SH,14.80915,14.80915,0.00014545623,0.00018804062,0.37083304,0.121839084,1,69,305,0.8,0.0,-1.1606466,2.2287004,0.2
688399.SH,18.45087,18.45087,0.0001652721,0.00018804062,0.38583302,0.1754386,1,80,208,0.51282054,0.0,-1.8900741,-4.3900595,0.4871795
688400.SH,9.307987,9.307987,0.00010357743,0.00018804062,0.36916637,0.22758621,1,89,72,0.8,0.0,-2.3483303,6.0036483,0.2
688401.SH,13.337043,13.337043,0.00012693217,0.00018804062,0.3849997,0.26666668,1,2,80,0.9677419,0.0,-2.306342,17.0927,0.032258064
688403.SH,12.805644,12.805644,0.000130722,0.00018804062,0.36083305,0.19770116,1,69,305,0.6,0.0,-1.9391534,3.4458869,0.4
688408.SH,13.112186,13.112186,0.00013593429,0.00018804062,0.36916637,0.15725806,1,33,251,0.84375,0.0,-0.4287656,0.13863176,0.15625
688409.SH,11.211348,11.211348,0.000119366414,0.00018804062,0.36666638,0.125,1,96,56,0.96875,0.0,-2.1896157,3.9400163,0.03125
688410.SH,19.039192,19.039192,0.0001775106,0.00018804062,0.38416636,0.15465465,1,23,94,0.7027027,0.0,-1.408354,7.7657514,0.2972973
688411.SH,14.731612,14.731612,0.00014919306,0.00018804062,0.3762497,0.23484848,1,2,80,0.45454547,0.0,-0.7883182,12.697255,0.54545456
688416.SH,19.549473,19.549473,0.00016373902,0.00018804062,0.39416635,0.29302987,1,77,117,0.7894737,0.0,-1.9980288,-19.592106,0.21052632
688418.SH,16.968048,16.968048,0.00014337334,0.00018804062,0.398333,0.22923589,1,59,157,0.90697676,0.0,-1.8721883,-22.474434,0.093023255
688419.SH,18.26736,18.26736,0.0001727992,0.00018804062,0.37916636,0.24598931,1,43,94,0.23529412,0.0,-0.3754706,2.9189372,0.7647059
688420.SH,12.356837,12.356837,0.000125161,0.00018804062,0.3674997,0.11612903,1,61,124,0.7741935,0.0,-1.2106743,1.4685514,0.22580644
688425.SH,15.003866,15.003866,0.00014909846,0.00018804062,0.3874997,0.1764706,1,14,83,0.74285716,0.0,-2.0036342,3.4625816,0.25714287
688426.SH,20.006346,20.006346,0.00016248807,0.00018804062,0.38916636,0.4032258,1,80,208,0.78125,0.0,-1.7899532,-18.397379,0.21875
688428.SH,13.989836,13.989836,0.00013084419,0.00018804062,0.38416636,0.4091954,1,14,83,0.96666664,0.0,-0.90369993,15.874834,0.033333335
688429.SH,23.546694,23.546694,0.00018318479,0.00018804062,0.39083302,0.35135135,1,12,252,0.6486486,0.0,-1.4420811,-27.21337,0.35135135
688432.SH,20.193033,20.193033,0.00018741711,0.00018804062,0.38166636,0.08669355,1,23,94,0.78125,0.0,-0.96194065,5.9203577,0.21875
688433.SH,21.73394,21.73394,0.00018062138,0.00018804062,0.38916636,0.20101011,1,19,162,0.7777778,0.0,-1.1758112,1.2706693,0.22222222
688435.SH,26.101376,26.101376,0.00022168654,0.00018804062,0.39916635,0.1948718,1,5,286,0.8787879,0.0,-1.511644,-6.593336,0.121212125
688439.SH,8.893333,8.893333,9.948006e-05,0.00018804062,0.35749972,0.2321839,1,1,211,0.93333334,0.0,-2.1414137,1.87484,0.06666667
688443.SH,87.661705,87.661705,0.00063296274,0.00018804062,0.44166633,0.17640106,1,89,72,0.986014,0.0,-1.779565,-7.4616733,0.013986014
688448.SH,19.679024,19.679024,0.00016490901,0.00018804062,0.37583303,0.22626263,1,23,94,0.93333334,0.0,-1.8572042,3.4024923,0.06666667
688449.SH,16.010323,16.010323,0.00015074934,0.00018804062,0.38583302,0.15322581,1,59,157,0.84375,0.0,-1.9768281,9.833664,0.15625
688450.SH,22.35838,22.35838,0.00018543054,0.00018804062,0.39583302,0.22608696,1,93,192,0.67391306,0.0,-1.8851347,-10.640994,0.32608697
688455.SH,16.317438,16.317438,0.00013998146,0.00018804062,0.40499967,0.36786786,1,2,80,0.6756757,0.0,-1.1844999,-27.04132,0.3243243
688456.SH,11.317388,11.317388,0.00012171284,0.00018804062,0.3637497,0.2731183,1,23,94,0.7741935,0.0,-1.2566838,4.480705,0.22580644
688458.SH,17.38602,17.38602,0.00016725411,0.00018804062,0.35458305,0.08735632,1,22,208,0.73333335,0.0,-1.3326433,3.0833333,0.26666668
688459.SH,14.226339,14.226339,0.00014485208,0.00018804062,0.35499972,0.21344538,1,19,162,0.54285717,0.0,-0.3953028,4.313957,0.45714286
688466.SH,10.848473,10.848473,0.00011487664,0.00018804062,0.3554164,0.21370968,1,19,162,0.78125,0.0,-0.6057094,1.3024561,0.21875
688468.SH,14.020747,14.020747,0.00014053419,0.00018804062,0.37833303,0.13709678,1,93,192,0.84375,0.0,-0.8348,6.641308,0.15625
688469.SH,16.002655,16.002655,0.00013913977,0.00018804062,0.3874997,0.34759358,1,80,208,0.88235295,0.0,-1.3956354,-26.791626,0.11764706
688472.SH,11.248584,11.248584,0.00011797171,0.00018804062,0.37666637,0.03908046,1,82,1,1.0,0.0,-1.8619633,-4.520501,0.0
688475.SH,16.42866,16.42866,0.00015810801,0.00018804062,0.37083304,0.1092437,1,1,211,0.7714286,0.0,-2.2715974,3.7781334,0.22857143
688478.SH,19.351002,19.351002,0.00017732098,0.00018804062,0.37666637,0.11764706,1,52,65,0.8,0.0,-1.0218886,-1.834176,0.2
688479.SH,17.717884,17.717884,0.00016482733,0.00018804062,0.38083303,0.21609196,1,69,305,0.4,0.0,-0.9429567,3.231419,0.6
688480.SH,12.966939,12.966939,0.00013296967,0.00018804062,0.36916637,0.16091955,1,12,252,0.5,0.0,-1.23676,-1.701374,0.5
688484.SH,15.590544,15.590544,0.00016037928,0.00018804062,0.36124972,0.20677362,1,27,217,0.38235295,0.0,-1.1939589,3.8113475,0.61764705
688485.SH,17.873592,17.873592,0.0001600166,0.00018804062,0.39999968,0.18794326,1,43,94,0.5208333,0.0,-2.4279313,-8.374076,0.47916666
688486.SH,8.746805,8.746805,9.28329e-05,0.00018804062,0.3824997,0.445977,1,21,149,0.9,0.0,-1.09532,9.53055,0.1
688488.SH,18.693384,18.693384,0.00017249616,0.00018804062,0.38583302,0.19703104,1,27,217,0.51282054,0.0,-1.8268744,-5.8150535,0.4871795
688489.SH,15.513755,15.513755,0.00014215153,0.00018804062,0.3874997,0.2882883,1,80,208,0.8648649,0.0,-1.5987918,-10.536241,0.13513513
688496.SH,15.210874,15.210874,0.00013806665,0.00018804062,0.38166636,0.24761905,1,19,162,0.8055556,0.0,-1.6460668,-17.572197,0.19444445
688498.SH,79.40622,79.40622,0.00058075465,0.00018804062,0.43833297,0.12827523,1,5,286,0.9548872,0.0,-2.3146565,6.920481,0.04511278
688499.SH,9.92909,9.92909,0.00010849317,0.00018804062,0.35833305,0.25747126,1,52,65,0.8666667,0.0,-2.9017437,5.3861165,0.13333334
688500.SH,17.963547,17.963547,0.00016016357,0.00018804062,0.39499968,0.2617354,1,80,208,0.55263156,0.0,-1.8326131,-15.908118,0.4473684
688501.SH,15.392921,15.392921,0.00014961358,0.00018804062,0.38083303,0.13636364,1,12,252,0.72727275,0.0,-0.8518667,12.265713,0.27272728
688502.SH,23.507977,23.507977,0.00018762118,0.00018804062,0.38916636,0.24512196,1,21,149,0.73170733,0.0,-1.0819293,2.1212611,0.2682927
688503.SH,13.821974,13.821974,0.00013921055,0.00018804062,0.37083304,0.14603175,1,96,56,0.9722222,0.0,-0.36941946,6.880237,0.027777778
688505.SH,36.31336,36.31336,0.00029627775,0.00018804062,0.41166633,0.16190477,1,69,305,0.87058824,0.0,-1.4743153,-5.511939,0.12941177
688506.SH,23.466064,23.466064,0.00017371135,0.00018804062,0.3874997,0.37460318,1,5,286,0.9444444,0.0,-1.649364,-22.776014,0.055555556
688507.SH,23.380693,23.380693,0.00018784717,0.00018804062,0.3849997,0.2867868,1,69,305,0.6486486,0.0,-1.8220701,-10.043009,0.35135135
688508.SH,17.674688,17.674688,0.00016893049,0.00018804062,0.37166637,0.07954545,1,80,208,0.7878788,0.0,-1.9083302,2.6329575,0.21212122
688509.SH,17.217073,17.217073,0.00014933958,0.00018804062,0.39333302,0.32928476,1,93,192,0.71794873,0.0,-1.4815665,-24.225918,0.2820513
688510.SH,10.369346,10.369346,0.00011578401,0.00018804062,0.3516664,0.28965518,1,40,114,0.76666665,0.0,0.06238331,4.256167,0.23333333
688512.SH,16.90442,16.90442,0.00014387534,0.00018804062,0.39416635,0.34285715,1,1,211,0.85714287,0.0,-1.5083514,-22.775398,0.14285715
688513.SH,13.065745,13.065745,0.00013062933,0.00018804062,0.36208305,0.14942528,1,12,252,0.6,0.0,-1.4427435,3.208899,0.4
688515.SH,19.924988,19.924988,0.00016457388,0.00018804062,0.39333302,0.315508,1,33,251,0.7941176,0.0,-2.0727618,-18.448872,0.20588236
688516.SH,13.607133,13.607133,0.00013914,0.00018804062,0.3899997,0.19770116,1,1,211,0.56666666,0.0,-1.9226435,11.029327,0.43333334
688517.SH,13.370379,13.370379,0.00013818876,0.00018804062,0.36833304,0.24955437,1,40,114,0.88235295,0.0,-0.25221178,2.489862,0.11764706
688518.SH,12.180942,12.180942,0.00012945283,0.00018804062,0.37958303,0.07356322,1,33,251,0.7,0.0,-2.15221,0.5745734,0.3
688519.SH,15.002739,15.002739,0.00014193526,0.00018804062,0.36583304,0.18709677,1,22,208,0.516129,0.0,-1.4673096,9.204008,0.48387095
688520.SH,245.52321,245.52321,0.0015287204,0.00018804062,0.46499965,0.109492004,1,69,305,0.8729508,0.0,-1.7306151,-16.311487,0.12704918
688521.SH,35.870926,35.870926,0.00023832366,0.00018804062,0.3924997,0.3805668,1,59,157,0.8717949,0.0,-1.6980155,-24.189934,0.12820514
688522.SH,13.972801,13.972801,0.00013969962,0.00018804062,0.37083304,0.2551724,1,52,65,0.6333333,0.0,-1.5811435,2.7558973,0.36666667
688523.SH,25.10543,25.10543,0.00019507187,0.00018804062,0.38083303,0.31009957,1,21,149,0.7105263,0.0,-1.1761527,1.4468288,0.28947368
688525.SH,31.077988,31.077988,0.00025339128,0.00018804062,0.400833,0.22020568,1,15,191,0.87931037,0.0,-1.4775621,16.137947,0.12068965
688526.SH,21.75555,21.75555,0.00019096682,0.00018804062,0.39249972,0.26938775,1,22,208,0.78,0.0,-1.203004,12.133187,0.22
688528.SH,21.929562,21.929562,0.00017610916,0.00018804062,0.3849997,0.43333334,1,77,117,0.6388889,0.0,-1.9714001,-25.94681,0.3611111
688529.SH,349.8971,349.8971,0.0024904357,0.00018804062,0.55166626,0.04560629,1,59,157,0.95151514,0.0,-1.2586445,-10.5359,0.048484847
688530.SH,42.83754,42.83754,0.0003450302,0.00018804062,0.4391663,0.16989899,1,76,26,0.99,0.0,0.22621599,-3.9524417,0.01
688533.SH,14.28677,14.28677,0.00014446132,0.00018804062,0.3799997,0.13709678,1,69,305,0.625,0.0,-1.1073967,6.0565243,0.375
688535.SH,17.25909,17.25909,0.00014819775,0.00018804062,0.38416636,0.29149798,1,21,149,0.82051283,0.0,-1.6555436,0.39539018,0.17948718
688536.SH,13.679869,13.679869,0.00013437819,0.00018804062,0.37458304,0.12310606,1,69,305,0.57575756,0.0,-1.0321243,1.4183152,0.42424244
688538.SH,20.712198,20.712198,0.00016641182,0.00018804062,0.39333302,0.34957984,1,24,84,0.74285716,0.0,-1.4708344,-28.558788,0.25714287
688539.SH,8.2933,8.2933,9.598544e-05,0.00018804062,0.3749997,0.37011495,1,95,151,1.0,0.0,-1.6615167,10.836146,0.0
688543.SH,13.646321,13.646321,0.00013316945,0.00018804062,0.39583302,0.2809524,1,33,251,0.7222222,0.0,-1.5872585,15.458381,0.2777778
688545.SH,20.367567,20.367567,0.00018936409,0.00018804062,0.35083306,0.3276515,1,69,305,0.36363637,0.0,-0.9171152,3.9966938,0.6363636
688548.SH,14.203168,14.203168,0.00014107344,0.00018804062,0.36958304,0.09885058,1,22,208,0.96666664,0.0,-1.8702734,2.5517275,0.033333335
688549.SH,8.288447,8.288447,9.863772e-05,0.00018804062,0.3699997,0.26666668,1,80,208,0.9032258,0.0,-0.6887805,4.519154,0.09677419
688550.SH,14.181795,14.181795,0.00013847901,0.00018804062,0.3774997,0.33613446,1,12,252,0.71428573,0.0,-0.61208284,14.711804,0.2857143
688551.SH,15.405683,15.405683,0.00015330504,0.00018804062,0.35833305,0.20075758,1,40,114,0.42424244,0.0,-0.7035363,4.9227695,0.57575756
688552.SH,14.620489,14.620489,0.00014066359,0.00018804062,0.3899997,0.20265152,1,33,251,0.6363636,0.0,-2.2942634,-10.121323,0.36363637
688553.SH,21.178865,21.178865,0.00017936908,0.00018804062,0.400833,0.21341464,1,22,208,0.75609756,0.0,-1.0162343,-8.217616,0.24390244
688556.SH,11.715372,11.715372,0.00012797171,0.00018804062,0.39666635,0.14838709,1,51,81,0.7096774,0.0,-1.609971,3.1724865,0.29032257
688557.SH,14.168784,14.168784,0.00014462968,0.00018804062,0.3749997,0.2184874,1,33,251,0.6571429,0.0,-1.7303543,3.2964218,0.34285715
688558.SH,14.4170265,14.4170265,0.00014499262,0.00018804062,0.3899997,0.20504202,1,3,1,1.0,0.0,-1.9366342,7.294793,0.0
688559.SH,26.335247,26.335247,0.0001917532,0.00018804062,0.39666635,0.4090909,1,69,305,0.8484849,0.0,-1.7243212,-31.907963,0.15151516
688560.SH,16.528624,16.528624,0.00015505363,0.00018804062,0.3849997,0.14268292,1,74,159,0.8292683,0.0,-1.3398732,-7.501872,0.17073171
688561.SH,15.387307,15.387307,0.00012927497,0.00018804062,0.3849997,0.40120968,1,69,305,0.75,0.0,-2.0940156,-24.549963,0.25
688562.SH,14.392482,14.392482,0.0001440369,0.00018804062,0.36916637,0.101149425,1,93,192,0.73333335,0.0,-1.3822731,3.8367155,0.26666668
688563.SH,15.05788,15.05788,0.00015099454,0.00018804062,0.35791638,0.30084035,1,24,84,0.82857144,0.0,-1.0081714,3.11372,0.17142858
688565.SH,16.48294,16.48294,0.00016410166,0.00018804062,0.35916638,0.22626263,1,43,94,0.6,0.0,-1.0160688,4.0262113,0.4
688566.SH,27.732359,27.732359,0.00024259354,0.00018804062,0.40166634,0.21924603,1,33,251,0.78125,0.0,-1.3023797,8.66555,0.21875
688567.SH,18.243607,18.243607,0.00017129112,0.00018804062,0.38083303,0.19203414,1,15,191,0.47368422,0.0,-1.3903369,-4.279469,0.5263158
688568.SH,97.90309,97.90309,0.00066996354,0.00018804062,0.42749968,0.15998,1,12,252,0.9055118,0.0,-1.2432181,0.76214576,0.09448819
688569.SH,16.306047,16.306047,0.00016235703,0.00018804062,0.3699997,0.17354196,1,52,65,0.92105263,0.0,-1.1598816,3.9389832,0.078947365
688570.SH,9.090107,9.090107,0.00010661453,0.00018804062,0.3554164,0.372043,1,21,149,0.9354839,0.0,-1.9757034,4.5234547,0.06451613
688571.SH,12.502861,12.502861,0.00013131608,0.00018804062,0.36833304,0.16129032,1,20,96,0.875,0.0,-0.6854719,5.4651623,0.125
688573.SH,37.89442,37.89442,0.00026782745,0.00018804062,0.40249968,0.3701016,1,20,96,0.9245283,0.0,-2.3052378,-19.83326,0.0754717
688575.SH,17.171862,17.171862,0.00016094044,0.00018804062,0.37083304,0.18709677,1,77,117,0.4516129,0.0,-1.0384805,1.5032065,0.5483871
688576.SH,20.384306,20.384306,0.00019340862,0.00018804062,0.36166638,0.1733871,1,17,17,0.59375,0.0,-0.66414064,4.9052715,0.40625
688577.SH,7.715256,7.715256,9.127228e-05,0.00018804062,0.3566664,0.1816092,1,19,162,1.0,0.0,-1.8609,2.6569872,0.0
688578.SH,326.2219,326.2219,0.0025527366,0.00018804062,0.54583293,0.038031053,1,94,65,0.97686374,0.0,-1.1346828,11.819999,0.023136247
688579.SH,11.701346,11.701346,0.00012319532,0.00018804062,0.36208305,0.14962122,1,102,50,0.6666667,0.0,-1.2378,1.2270395,0.33333334
688580.SH,13.524209,13.524209,0.00012798473,0.00018804062,0.38166636,0.36349207,1,77,117,0.8888889,0.0,-1.4617195,13.637881,0.11111111
688581.SH,18.71242,18.71242,0.00016738028,0.00018804062,0.38583302,0.3499289,1,93,192,0.7368421,0.0,-1.0913578,15.0378,0.2631579
688582.SH,61.42399,61.42399,0.000506802,0.00018804062,0.44333297,0.1117236,1,15,191,0.9068323,0.0,-1.4908398,7.5372825,0.0931677
688583.SH,20.641142,20.641142,0.00018591686,0.00018804062,0.39416635,0.24791859,1,17,17,0.7446808,0.0,-1.75213,13.026149,0.25531915
688584.SH,10.197514,10.197514,0.000109384455,0.00018804062,0.3737497,0.08275862,1,87,102,0.8333333,0.0,-3.0641503,2.2069104,0.16666667
688585.SH,103.676544,103.676544,0.00071625976,0.00018804062,0.42416632,0.12666208,1,69,305,0.8951049,0.0,-1.6768972,3.7982917,0.10489511
688586.SH,8.999996,8.999996,0.00010400673,0.00018804062,0.35874972,0.34761906,1,89,72,1.0,0.0,-0.24150835,4.108206,0.0
688588.SH,19.951084,19.951084,0.00018225792,0.00018804062,0.3516664,0.13793103,1,89,72,0.53333336,0.0,-1.2646266,2.5351033,0.46666667
688589.SH,8.868423,8.868423,9.389969e-05,0.00018804062,0.37916636,0.19139785,1,12,252,0.87096775,0.0,-1.2109292,-0.07626061,0.12903225
688590.SH,10.610093,10.610093,0.00011340814,0.00018804062,0.36833304,0.06236559,1,33,251,0.7419355,0.0,-1.3193129,-0.18043873,0.2580645
688591.SH,7.3244357,7.3244357,8.3165214e-05,0.00018804062,0.3799997,0.16551724,1,80,208,0.96666664,0.0,-1.1872134,-0.6703492,0.033333335
688592.SH,9.945225,9.945225,9.645433e-05,0.00018804062,0.38666636,0.33467743,1,80,208,0.90625,0.0,-1.5548811,-16.285868,0.09375
688593.SH,128.90457,128.90457,0.0008937772,0.00018804062,0.45749965,0.13201164,1,7,111,0.94871795,0.0,-1.4659734,0.79039794,0.051282052
688595.SH,20.722637,20.722637,0.00016681147,0.00018804062,0.39916635,0.2792683,1,33,251,0.68292683,0.0,-1.2412902,-25.469011,0.31707317
688596.SH,15.379303,15.379303,0.00015310898,0.00018804062,0.39499968,0.14516129,1,80,208,0.6875,0.0,-2.0454657,-7.5071497,0.3125
688597.SH,18.818539,18.818539,0.0001772638,0.00018804062,0.35916638,0.10685484,1,93,192,0.46875,0.0,-1.0882031,3.0380156,0.53125
688598.SH,20.205946,20.205946,0.00017332926,0.00018804062,0.39999968,0.22037652,1,5,286,0.81395346,0.0,-1.7019093,-13.112302,0.18604651
688599.SH,22.207718,22.207718,0.00018730956,0.00018804062,0.398333,0.22109158,1,1,211,0.59574467,0.0,-1.094334,-19.590395,0.40425533
688600.SH,15.950696,15.950696,0.00015876911,0.00018804062,0.3624997,0.1462185,1,51,81,0.74285716,0.0,-1.060757,3.252514,0.25714287
688601.SH,16.648205,16.648205,0.00015980727,0.00018804062,0.36791638,0.21008404,1,43,94,0.31428573,0.0,-1.0825428,0.20772842,0.6857143
688602.SH,10.718671,10.718671,0.000117659736,0.00018804062,0.36666638,0.1908046,1,7,111,0.8666667,0.0,-0.6501367,3.5550401,0.13333334
688603.SH,15.72198,15.72198,0.00015111729,0.00018804062,0.403333,0.17813765,1,14,83,0.6923077,0.0,-2.090936,6.340931,0.30769232
688605.SH,14.777489,14.777489,0.00014027384,0.00018804062,0.38541636,0.26031294,1,21,149,0.68421054,0.0,-2.2677526,15.393532,0.31578946
688606.SH,14.096069,14.096069,0.0001409794,0.00018804062,0.3749997,0.13763441,1,12,252,0.41935483,0.0,-1.4351741,0.12515469,0.58064514
688607.SH,17.59735,17.59735,0.00016641145,0.00018804062,0.3749997,0.14126985,1,1,211,0.75,0.0,-1.1354443,-3.0218546,0.25
688608.SH,15.693862,15.693862,0.00015131941,0.00018804062,0.38333303,0.12688172,1,93,192,0.5483871,0.0,-1.413416,8.242682,0.4516129
688609.SH,21.987885,21.987885,0.00018091,0.00018804062,0.39666635,0.2358156,1,23,94,0.6875,0.0,-1.6866813,-20.378675,0.3125
688610.SH,12.784061,12.784061,0.00013514505,0.00018804062,0.36791638,0.21344538,1,1,211,0.7714286,0.0,-1.4307915,2.3410199,0.22857143
688611.SH,13.326682,13.326682,0.00012511585,0.00018804062,0.37291637,0.22692308,1,20,96,0.8,0.0,-1.702235,-14.30733,0.2
688612.SH,18.40928,18.40928,0.00018349463,0.00018804062,0.35249972,0.17560975,1,12,252,0.34146342,0.0,-1.4411073,3.075325,0.6585366
688613.SH,12.208388,12.208388,0.0001225569,0.00018804062,0.38166636,0.17701149,1,5,286,0.56666666,0.0,-1.5337666,0.5201407,0.43333334
688615.SH,19.259089,19.259089,0.00016729427,0.00018804062,0.39916635,0.33109245,1,89,72,0.82857144,0.0,-1.3124084,16.036728,0.17142858
688616.SH,8.668887,8.668887,9.411165e-05,0.00018804062,0.37833303,0.2551724,1,40,114,0.76666665,0.0,-2.2168067,10.718372,0.23333333
688617.SH,225.45589,225.45589,0.0017314244,0.00018804062,0.51249963,0.06708559,1,69,305,0.9512195,0.0,-1.2750396,14.164529,0.048780486
688618.SH,16.515654,16.515654,0.00016129312,0.00018804062,0.3774997,0.21572581,1,34,43,0.59375,0.0,-1.9255345,4.865985,0.40625
688619.SH,148.21156,148.21156,0.0010595784,0.00018804062,0.47333297,0.09815236,1,12,252,0.8959108,0.0,-1.3852105,-9.046561,0.10408922
688620.SH,10.3535385,10.3535385,0.000100891506,0.00018804062,0.38666636,0.3891129,1,2,80,0.75,0.0,-1.4376531,-22.266273,0.25
688621.SH,10.38653,10.38653,0.000102725455,0.00018804062,0.38166636,0.37903225,1,69,305,0.875,0.0,-0.86974996,16.810654,0.125
688622.SH,27.515833,27.515833,0.00020944436,0.00018804062,0.398333,0.22340426,1,27,217,0.75,0.0,-2.2904105,-19.81742,0.25
688623.SH,7.1564794,7.1564794,8.539675e-05,0.00018804062,0.38416636,0.18620689,1,15,191,0.96666664,0.0,-3.1094966,0.44553745,0.033333335
688625.SH,15.041561,15.041561,0.00014331465,0.00018804062,0.3874997,0.23902439,1,5,286,0.70731705,0.0,-1.0733244,15.0057955,0.29268292
688626.SH,10.144712,10.144712,0.000111770714,0.00018804062,0.37416637,0.19251336,1,15,191,0.88235295,0.0,-1.0060618,0.35960358,0.11764706
688627.SH,18.45665,18.45665,0.00015811114,0.00018804062,0.39083302,0.18743962,1,95,151,0.8695652,0.0,-1.1111282,2.2252693,0.13043478
688628.SH,18.436335,18.436335,0.00017422538,0.00018804062,0.399583,0.13356562,1,5,286,0.8095238,0.0,-1.4717404,8.366444,0.1904762
688629.SH,101.04964,101.04964,0.00073827873,0.00018804062,0.4491663,0.12853773,1,21,149,0.89375,0.0,-2.138993,12.273877,0.10625
688630.SH,19.849096,19.849096,0.00017600441,0.00018804062,0.40416634,0.20444034,1,74,159,0.68085104,0.0,-1.3637404,12.031711,0.31914893
688631.SH,16.66567,16.66567,0.00015036942,0.00018804062,0.3899997,0.17468806,1,69,305,0.5294118,0.0,-1.8381529,-11.171075,0.47058824
688633.SH,17.655397,17.655397,0.00017710577,0.00018804062,0.36708304,0.13414635,1,19,162,0.9268293,0.0,-1.2644926,4.4931197,0.07317073
688636.SH,12.951118,12.951118,0.000131783,0.00018804062,0.36333305,0.24242425,1,33,251,0.88235295,0.0,-1.8756207,2.700615,0.11764706
688638.SH,20.628935,20.628935,0.00016954905,0.00018804062,0.39499968,0.30249768,1,80,208,0.7234042,0.0,-1.4751214,-22.299824,0.27659574
688639.SH,14.045303,14.045303,0.000145651,0.00018804062,0.35791638,0.25882354,1,33,251,0.82857144,0.0,-1.0412343,4.711301,0.17142858
688648.SH,114.093414,114.093414,0.0009424393,0.00018804062,0.5066663,0.05387434,1,23,94,0.96716416,0.0,-1.2739316,13.979177,0.032835823
688651.SH,21.961056,21.961056,0.00018023144,0.00018804062,0.38916636,0.2628205,1,95,151,0.95,0.0,-1.6349825,-10.732256,0.05
688652.SH,13.52148,13.52148,0.00013401115,0.00018804062,0.3774997,0.125,1,40,114,0.6666667,0.0,-2.2384758,3.9732246,0.33333334
688653.SH,15.683752,15.683752,0.0001495967,0.00018804062,0.38583302,0.17354196,1,93,192,0.84210527,0.0,-2.0540235,-6.9239035,0.15789473
688655.SH,19.579538,19.579538,0.00017158697,0.00018804062,0.403333,0.12323232,1,22,208,0.75555557,0.0,-0.71285546,-12.203134,0.24444444
688656.SH,20.799402,20.799402,0.0001828024,0.00018804062,0.38166636,0.22369878,1,1,211,0.6976744,0.0,-1.6659443,3.5085907,0.30232558
688657.SH,23.897797,23.897797,0.0002180089,0.00018804062,0.39083302,0.12273524,1,12,252,0.6779661,0.0,-1.7691543,3.6127331,0.3220339
688658.SH,20.659777,20.659777,0.00017205732,0.00018804062,0.39999968,0.27474746,1,32,38,0.7111111,0.0,-1.2581134,-14.935121,0.2888889
688659.SH,18.347368,18.347368,0.00017822697,0.00018804062,0.3662497,0.18262412,1,94,65,0.7916667,0.0,-0.6545958,1.1509546,0.20833333
688660.SH,16.750105,16.750105,0.00014784677,0.00018804062,0.39916635,0.31428573,1,87,102,0.8611111,0.0,-1.3362361,-26.868814,0.1388889
688661.SH,23.488556,23.488556,0.00018574219,0.00018804062,0.41249967,0.22591361,1,69,305,0.60465115,0.0,-0.86241156,2.2010856,0.39534885
688662.SH,15.252026,15.252026,0.00015306167,0.00018804062,0.3849997,0.15256411,1,27,217,0.875,0.0,-1.91863,5.1095963,0.125
688663.SH,13.390015,13.390015,0.00014057645,0.00018804062,0.36208305,0.23529412,1,93,192,0.9714286,0.0,-1.3082,6.177945,0.028571429
688665.SH,16.477648,16.477648,0.00015545316,0.00018804062,0.39666635,0.2310204,1,33,251,0.84,0.0,-1.376708,12.452451,0.16
688667.SH,19.398975,19.398975,0.00017738786,0.00018804062,0.37583303,0.17211948,1,61,124,0.42105263,0.0,-1.6639079,3.5098507,0.57894737
688668.SH,15.978561,15.978561,0.00014499394,0.00018804062,0.37833303,0.23172906,1,22,208,0.7352941,0.0,-2.3389912,5.9632735,0.2647059
688669.SH,11.453714,11.453714,0.00012482585,0.00018804062,0.36124972,0.26666668,1,95,151,0.9,0.0,-1.7785265,4.9980803,0.1
688670.SH,109.427055,109.427055,0.00079176837,0.00018804062,0.46583298,0.13291205,1,22,208,0.93401015,0.0,-1.7596802,-7.008665,0.065989845
688671.SH,20.859049,20.859049,0.00017600605,0.00018804062,0.4099997,0.2410148,1,96,56,0.95454544,0.0,-1.5617726,-15.1537695,0.045454547
688676.SH,10.327545,10.327545,0.000106685344,0.00018804062,0.3824997,0.33483484,1,12,252,0.8918919,0.0,-1.3483973,17.736248,0.10810811
688677.SH,21.202957,21.202957,0.0001821223,0.00018804062,0.40666634,0.18938775,1,61,124,0.72,0.0,-2.282424,10.61973,0.28
688678.SH,10.996546,10.996546,0.000120614524,0.00018804062,0.38583302,0.25052854,1,40,114,0.8863636,0.0,-2.0615547,4.4247456,0.11363637
688679.SH,18.725555,18.725555,0.00017193005,0.00018804062,0.39333302,0.17560975,1,61,124,0.4390244,0.0,-0.92528546,-5.9495893,0.5609756
688680.SH,49.1471,49.1471,0.00037137343,0.00018804062,0.418333,0.15625644,1,7,111,0.8080808,0.0,-1.1103263,-11.61313,0.1919192
688681.SH,12.99008,12.99008,0.00013323977,0.00018804062,0.37833303,0.1996435,1,69,305,0.61764705,0.0,-1.3440146,5.176339,0.38235295
688682.SH,19.621716,19.621716,0.00018445811,0.00018804062,0.3674997,0.13732004,1,33,251,0.76744187,0.0,-1.6485232,1.4918772,0.23255815
688683.SH,14.5456915,14.5456915,0.0001482417,0.00018804062,0.37416637,0.17496444,1,51,81,0.8947368,0.0,-0.94200784,4.7378297,0.10526316
688685.SH,18.652544,18.652544,0.0001697893,0.00018804062,0.3924997,0.16816327,1,33,251,0.64,0.0,-0.316842,1.8997225,0.36
688686.SH,17.078243,17.078243,0.00016094903,0.00018804062,0.410833,0.13333334,1,5,286,0.7777778,0.0,-0.91814446,4.0549307,0.22222222
688687.SH,9.485874,9.485874,9.549936e-05,0.00018804062,0.38083303,0.42424244,1,95,151,1.0,0.0,-1.360485,11.033705,0.0
688689.SH,10.797706,10.797706,0.000113886774,0.00018804062,0.38166636,0.22068965,1,27,217,0.73333335,0.0,-2.7139332,4.461034,0.26666668
688690.SH,14.507653,14.507653,0.00013881031,0.00018804062,0.38416636,0.32948717,1,1,211,0.875,0.0,-1.6777575,14.4174595,0.125
688691.SH,20.97975,20.97975,0.00016678289,0.00018804062,0.40999967,0.30583215,1,5,286,0.68421054,0.0,-0.80770534,-24.977764,0.31578946
688692.SH,41.251637,41.251637,0.00034147582,0.00018804062,0.42249966,0.17783505,1,80,208,0.8453608,0.0,-1.5113238,9.082826,0.15463917
688693.SH,30.31301,30.31301,0.00023936165,0.00018804062,0.41416633,0.18907104,1,95,151,0.91803277,0.0,-1.5662131,-13.625509,0.08196721
688695.SH,22.276009,22.276009,0.00018425702,0.00018804062,0.38666636,0.2627197,1,23,94,0.68085104,0.0,-1.0886852,-9.267647,0.31914893
688696.SH,16.139421,16.139421,0.00016021548,0.00018804062,0.35874972,0.17849462,1,21,149,0.38709676,0.0,-0.7352258,4.8167176,0.61290324
688697.SH,12.010835,12.010835,0.000119897966,0.00018804062,0.39416635,0.2780027,1,21,149,0.82051283,0.0,-1.1526027,15.579648,0.17948718
688698.SH,12.615661,12.615661,0.00012605255,0.00018804062,0.39749968,0.29014844,1,52,65,0.94871795,0.0,-1.6788639,16.09489,0.051282052
688699.SH,8.143358,8.143358,8.53142e-05,0.00018804062,0.38916636,0.40285206,1,40,114,0.9705882,0.0,-1.6152264,-19.954372,0.029411765
688700.SH,12.254753,12.254753,0.00012868174,0.00018804062,0.39083302,0.23897582,1,14,83,0.9736842,0.0,-1.9710081,7.557972,0.02631579
688701.SH,36.959473,36.959473,0.00026541905,0.00018804062,0.39999968,0.26595744,1,93,192,0.8541667,0.0,-1.6781148,-19.95018,0.14583333
688702.SH,29.705599,29.705599,0.00021782337,0.00018804062,0.39749968,0.21545894,1,77,117,0.84782606,0.0,-2.120585,-15.824198,0.1521739
688707.SH,21.185778,21.185778,0.00017727222,0.00018804062,0.40166634,0.23091787,1,93,192,0.82608694,0.0,-1.6282523,-14.98894,0.17391305
688708.SH,22.708399,22.708399,0.00020074274,0.00018804062,0.39166635,0.18059614,1,23,94,0.7457627,0.0,-0.98725426,8.752654,0.2542373
688709.SH,17.559494,17.559494,0.00016592047,0.00018804062,0.37833303,0.0968254,1,1,211,0.7777778,0.0,-1.5771582,3.7767563,0.22222222
688710.SH,12.342899,12.342899,0.00012699263,0.00018804062,0.3849997,0.19128788,1,93,192,0.75757575,0.0,-1.901494,-5.8376436,0.24242425
688711.SH,17.131536,17.131536,0.00016488512,0.00018804062,0.37833303,0.09982175,1,93,192,0.7058824,0.0,-0.4723177,5.5434256,0.29411766
688712.SH,11.640829,11.640829,0.00011277953,0.00018804062,0.398333,0.23328592,1,21,149,0.9736842,0.0,-2.3379345,12.633308,0.02631579
688716.SH,11.167695,11.167695,0.00011043984,0.00018804062,0.3699997,0.3262032,1,43,94,0.9411765,0.0,-1.6372118,2.8549824,0.05882353
688717.SH,12.852478,12.852478,0.00013261414,0.00018804062,0.39666638,0.08912656,1,96,56,0.9411765,0.0,-0.9659765,2.8170288,0.05882353
688718.SH,16.60844,16.60844,0.0001631466,0.00018804062,0.3674997,0.13968255,1,93,192,0.8333333,0.0,-2.3001335,3.9229164,0.16666667
688719.SH,19.570328,19.570328,0.00017925866,0.00018804062,0.3637497,0.16470589,1,23,94,0.62857145,0.0,-1.7230799,2.7757418,0.37142858
688720.SH,17.008223,17.008223,0.00016358122,0.00018804062,0.36333305,0.08708709,1,40,114,0.5405405,0.0,-1.9590809,2.3741405,0.45945945
688721.SH,18.42279,18.42279,0.00017082186,0.00018804062,0.36541638,0.14919356,1,89,72,0.59375,0.0,-2.1694562,4.6192627,0.40625
688722.SH,18.242214,18.242214,0.00017099596,0.00018804062,0.38166636,0.0975976,1,1,211,0.8918919,0.0,-1.4144324,7.050911,0.10810811
688726.SH,13.86181,13.86181,0.00013538184,0.00018804062,0.3899997,0.17069702,1,5,286,0.8947368,0.0,-2.095687,14.854584,0.10526316
688727.SH,18.730507,18.730507,0.0001741625,0.00018804062,0.39083302,0.15462185,1,74,159,0.37142858,0.0,-0.92921144,2.5022519,0.62857145
688728.SH,17.973532,17.973532,0.00014956162,0.00018804062,0.36833304,0.26031747,1,5,286,0.9166667,0.0,-0.56926394,2.9958887,0.083333336
688729.SH,10.106774,10.106774,0.00011165707,0.00018804062,0.3649997,0.14482759,1,91,229,0.96666664,0.0,-1.41124,6.9067793,0.033333335
688733.SH,16.369717,16.369717,0.00016237066,0.00018804062,0.39333302,0.14102565,1,33,251,0.575,0.0,-1.0599675,1.3224324,0.425
688737.SH,15.433544,15.433544,0.00014625026,0.00018804062,0.39166635,0.1746454,1,12,252,0.7916667,0.0,-1.48045,-13.404133,0.20833333
688739.SH,14.326456,14.326456,0.00014104845,0.00018804062,0.37666637,0.21003401,1,69,305,0.9591837,0.0,-1.9571509,-0.5866877,0.040816326
688750.SH,10.496964,10.496964,0.00011484105,0.00018804062,0.36666638,0.18390805,1,7,111,0.8333333,0.0,-3.0867896,8.350009,0.16666667
688755.SH,10.312652,10.312652,0.000116556075,0.00018804062,0.36666638,0.2857143,1,61,124,0.8857143,0.0,-1.3256716,6.034033,0.114285715
688757.SH,17.362297,17.362297,0.00016290198,0.00018804062,0.3787497,0.16057585,1,61,124,0.8372093,0.0,-1.1340442,8.071242,0.1627907
688758.SH,21.52291,21.52291,0.00019702576,0.00018804062,0.39583302,0.13490196,1,23,94,0.9607843,0.0,-1.7114668,5.468665,0.039215688
688759.SH,31.309168,31.309168,0.0002304768,0.00018804062,0.40916634,0.17021276,1,23,94,0.9791667,0.0,-2.111894,-21.656105,0.020833334
688765.SH,83.87256,83.87256,0.0006013304,0.00018804062,0.433333,0.19300129,1,96,56,0.9708029,0.0,-1.7287854,-7.9718285,0.02919708
688766.SH,17.88285,17.88285,0.00015330822,0.00018804062,0.398333,0.213732,1,59,157,0.90697676,0.0,-2.2964513,7.854267,0.093023255
688767.SH,11.124144,11.124144,0.00011216156,0.00018804062,0.37833303,0.17634408,1,33,251,0.61290324,0.0,-1.1476903,-7.5983014,0.38709676
688768.SH,16.645628,16.645628,0.00016400748,0.00018804062,0.36833304,0.114102565,1,7,111,0.85,0.0,-1.4995075,2.6712914,0.15
688772.SH,8.706291,8.706291,0.00010105188,0.00018804062,0.35624972,0.30574712,1,33,251,0.9,0.0,-3.0805032,4.49879,0.1
688775.SH,19.296228,19.296228,0.00016587274,0.00018804062,0.38666636,0.24426451,1,1,211,0.7692308,0.0,-1.2302179,15.693567,0.23076923
688776.SH,21.098034,21.098034,0.00019441366,0.00018804062,0.37083304,0.15641026,1,19,162,0.675,0.0,-1.28536,3.4250703,0.325
688777.SH,15.899823,15.899823,0.00015912404,0.00018804062,0.35833305,0.16507937,1,45,1,1.0,0.0,-1.4385556,2.8028364,0.0
688778.SH,14.03214,14.03214,0.0001412949,0.00018804062,0.38833302,0.17408907,1,23,94,0.7692308,0.0,-1.2494847,1.6505225,0.23076923
688779.SH,19.797737,19.797737,0.00018584743,0.00018804062,0.40416634,0.12896407,1,22,208,0.84090906,0.0,-1.5388683,-0.68608135,0.1590909
688781.SH,45.788963,45.788963,0.00033733645,0.00018804062,0.40999967,0.1892405,1,20,96,0.9,0.0,-1.7853811,-12.493353,0.1
688783.SH,17.139654,17.139654,0.00015053118,0.00018804062,0.398333,0.2228164,1,23,94,0.5882353,0.0,-2.0084383,-16.603659,0.4117647
688785.SH,20.267902,20.267902,0.00017172105,0.00018804062,0.39083302,0.36302522,1,5,286,0.74285716,0.0,-1.6987115,17.502035,0.25714287
688786.SH,20.588366,20.588366,0.0001921701,0.00018804062,0.3554164,0.17069702,1,1,211,0.7105263,0.0,-0.97164214,2.669579,0.28947368
688787.SH,23.015707,23.015707,0.00018720522,0.00018804062,0.39666635,0.15510204,1,93,192,0.74,0.0,-0.99178207,1.4269382,0.26
688788.SH,104.19005,104.19005,0.00076960475,0.00018804062,0.46166632,0.11185164,1,80,208,0.89705884,0.0,-1.7287185,-6.055079,0.10294118
688789.SH,19.009684,19.009684,0.00016964962,0.00018804062,0.39999968,0.2808081,1,33,251,0.7777778,0.0,-1.2999198,14.689464,0.22222222
688790.SH,19.07875,19.07875,0.00017696849,0.00018804062,0.38333303,0.16500711,1,69,305,0.28947368,0.0,-1.3295,-0.9674012,0.7105263
688793.SH,24.529926,24.529926,0.00019130635,0.00018804062,0.38833302,0.29014397,1,93,192,0.60465115,0.0,-1.6323256,-20.605715,0.39534885
688795.SH,354.7776,354.7776,0.0023509255,0.00018804062,0.5274996,0.0692054,1,95,151,0.9830149,0.0,-1.6898928,-11.121475,0.016985139
688796.SH,22.473166,22.473166,0.00018680922,0.00018804062,0.39666635,0.1989899,1,93,192,0.6888889,0.0,-2.2189221,9.120195,0.31111112
688798.SH,15.9301405,15.9301405,0.00015837545,0.00018804062,0.39666635,0.13063063,1,95,151,0.9189189,0.0,-1.2960188,0.8672803,0.08108108
688799.SH,17.171362,17.171362,0.00016752395,0.00018804062,0.3624997,0.118618615,1,5,286,0.8108108,0.0,-0.5100757,-1.3843205,0.1891892
688800.SH,18.316156,18.316156,0.00017468777,0.00018804062,0.36583304,0.16500553,1,43,94,0.53488374,0.0,-1.5385674,7.1112494,0.4651163
688802.SH,47.110535,47.110535,0.00034851715,0.00018804062,0.428333,0.16011761,1,12,252,0.7356322,0.0,-1.6580871,-10.645658,0.26436782
688805.SH,22.360313,22.360313,0.00020735346,0.00018804062,0.38083303,0.20212767,1,51,81,0.39583334,0.0,-1.7131958,4.6131635,0.6041667
688807.SH,29.40903,29.40903,0.00024123341,0.00018804062,0.39749968,0.17767388,1,24,84,0.9491525,0.0,-1.5292847,7.178489,0.050847456
688809.SH,117.49299,117.49299,0.00090148253,0.00018804062,0.4666663,0.09615247,1,22,208,0.97890294,0.0,-1.94254,13.828608,0.021097047
688811.SH,40.01339,40.01339,0.00032476475,0.00018804062,0.4124997,0.20199183,1,22,208,0.752809,0.0,-0.0021112743,6.6013904,0.24719101
688813.SH,77.14989,77.14989,0.00061970553,0.00018804062,0.45083296,0.097351365,1,5,286,0.9112426,0.0,-0.057404142,9.036201,0.088757396
688816.SH,20.948212,20.948212,0.00018471977,0.00018804062,0.40249968,0.20578231,1,1,211,0.6938776,0.0,-1.2689612,13.018761,0.30612245
688818.SH,22.07663,22.07663,0.0001760528,0.00018804062,0.41166633,0.18893388,1,27,217,0.7692308,0.0,-1.7821358,5.5861206,0.23076923
688819.SH,17.026005,17.026005,0.0001589704,0.00018804062,0.3662497,0.104166664,1,23,94,0.72727275,0.0,-0.7519304,0.09492788,0.27272728
688820.SH,18.460123,18.460123,0.00016080025,0.00018804062,0.38999972,0.27317074,1,12,252,0.902439,0.0,-2.2222366,7.6372538,0.09756097
688981.SH,14.453537,14.453537,0.00013945007,0.00018804062,0.36583304,0.16781609,1,7,111,0.8333333,0.0,-1.8084466,0.80480903,0.16666667
689009.SH,17.081396,17.081396,0.00015923569,0.00018804062,0.39666635,0.31782946,1,5,286,0.9767442,0.0,-0.7769627,18.240204,0.023255814
920000.BJ,18.056461,18.056461,0.00017428084,0.00018804062,0.39083302,0.13265306,1,5,286,0.7346939,0.0,-1.7351205,9.268898,0.26530612
920001.BJ,11.802676,11.802676,0.00011789687,0.00018804062,0.39166635,0.21746032,1,1,211,0.8611111,0.0,-1.9872028,-14.750353,0.1388889
920002.BJ,13.584899,13.584899,0.00014092587,0.00018804062,0.39749968,0.24025974,1,57,68,1.0,0.0,-1.739234,7.699139,0.0
920003.BJ,46.60885,46.60885,0.00038905203,0.00018804062,0.42999965,0.14562134,1,93,192,0.91818184,0.0,0.46676454,6.1550283,0.08181818
920005.BJ,19.395538,19.395538,0.00018106468,0.00018804062,0.39166635,0.14009662,1,17,17,0.8913044,0.0,-1.667961,6.8369255,0.10869565
920006.BJ,11.665605,11.665605,0.000120467055,0.00018804062,0.36708304,0.2015873,1,19,162,0.8333333,0.0,-0.07216389,4.0677667,0.16666667
920007.BJ,15.335217,15.335217,0.00014276394,0.00018804062,0.3874997,0.17537747,1,22,208,0.7619048,0.0,-0.8458143,13.184836,0.23809524
920008.BJ,18.277918,18.277918,0.00017417216,0.00018804062,0.36041638,0.16216215,1,21,149,0.6315789,0.0,-1.889313,2.246179,0.36842105
920009.BJ,132.99286,132.99286,0.0010547397,0.00018804062,0.4666663,0.09077108,1,15,191,0.95611286,0.0,-0.8471674,9.475033,0.043887146
920010.BJ,16.064247,16.064247,0.0001606526,0.00018804062,0.36166638,0.14789917,1,15,191,0.6571429,0.0,0.25819996,3.8837943,0.34285715
920011.BJ,30.692501,30.692501,0.0002525118,0.00018804062,0.39583302,0.25084746,1,5,286,0.71666664,0.0,-1.1899265,10.397415,0.28333333
920012.BJ,55.637928,55.637928,0.0004447355,0.00018804062,0.42916632,0.1806258,1,61,124,0.8495575,0.0,0.43155754,7.2869434,0.15044248
920014.BJ,9.2768755,9.2768755,0.00010654002,0.00018804062,0.37333304,0.34475806,1,95,151,0.90625,0.0,0.94543433,6.7325563,0.09375
920015.BJ,12.291513,12.291513,0.00012290044,0.00018804062,0.3924997,0.31439394,1,7,111,0.7878788,0.0,-1.4350454,18.625452,0.21212122
920016.BJ,15.643916,15.643916,0.00015582383,0.00018804062,0.36666638,0.20634921,1,22,208,0.7777778,0.0,-1.4757556,5.5020375,0.22222222
920017.BJ,19.300478,19.300478,0.00017668321,0.00018804062,0.39416635,0.13765182,1,33,251,0.41025642,0.0,-0.48719484,2.3748922,0.5897436
920018.BJ,15.976574,15.976574,0.00015621209,0.00018804062,0.3849997,0.18065433,1,40,114,0.65789473,0.0,-1.1127105,10.846231,0.34210527
920019.BJ,19.540451,19.540451,0.00018044897,0.00018804062,0.3737497,0.17820513,1,22,208,0.75,0.0,-1.4028399,5.4574637,0.25
920020.BJ,20.30301,20.30301,0.00018318802,0.00018804062,0.40333304,0.15843137,1,61,124,0.8039216,0.0,-0.9743744,13.2930565,0.19607843
920021.BJ,17.560228,17.560228,0.00016630885,0.00018804062,0.38333303,0.17613636,1,28,1,1.0,0.0,-0.8935818,4.9820414,0.0
920022.BJ,19.620909,19.620909,0.0001826863,0.00018804062,0.40499967,0.18874773,1,1,211,0.9310345,0.0,-0.98924834,12.677141,0.06896552
920023.BJ,15.764251,15.764251,0.00015177677,0.00018804062,0.38583302,0.13903743,1,61,124,0.9411765,0.0,-0.88094705,1.6379231,0.05882353
920026.BJ,16.2079,16.2079,0.00015560385,0.00018804062,0.39583302,0.22525252,1,33,251,0.8,0.0,-1.5110378,14.151194,0.2
920027.BJ,10.069642,10.069642,0.00011436647,0.00018804062,0.3491664,0.28387097,1,5,286,0.83870965,0.0,-0.46309033,1.7089032,0.16129032
920028.BJ,21.219748,21.219748,0.00019310896,0.00018804062,0.39583302,0.21802935,1,95,151,0.6296296,0.0,-1.0902834,11.535337,0.37037036
920029.BJ,17.083807,17.083807,0.0001508691,0.00018804062,0.38333303,0.43493763,1,74,159,0.9411765,0.0,-1.8038472,16.655281,0.05882353
920030.BJ,14.128327,14.128327,0.00013269212,0.00018804062,0.39333302,0.22857143,1,22,208,0.54285717,0.0,-0.6456029,-13.9703245,0.45714286
920033.BJ,16.555023,16.555023,0.00016644229,0.00018804062,0.3924997,0.21117562,1,61,124,0.8301887,0.0,-1.0408019,3.5537155,0.16981132
920035.BJ,12.71294,12.71294,0.00012277061,0.00018804062,0.39416635,0.2935606,1,59,157,0.8181818,0.0,-1.2065423,15.81365,0.18181819
920036.BJ,73.930084,73.930084,0.0005820883,0.00018804062,0.43499964,0.13306412,1,93,192,0.96503496,0.0,-1.3200041,11.755796,0.034965035
920037.BJ,47.389393,47.389393,0.00038568792,0.00018804062,0.43499964,0.15109034,1,80,208,0.7962963,0.0,-1.5312455,13.808087,0.2037037
920039.BJ,7.423159,7.423159,8.9027235e-05,0.00018804062,0.37666637,0.32258064,1,93,192,0.9032258,0.0,-0.657458,4.6014323,0.09677419
920045.BJ,148.11877,148.11877,0.0010909812,0.00018804062,0.49499962,0.08225108,1,69,305,0.9367589,0.0,-1.9241214,13.187819,0.06324111
920046.BJ,14.6610155,14.6610155,0.00014193602,0.00018804062,0.400833,0.12436975,1,93,192,0.7714286,0.0,-0.17639998,1.9452543,0.22857143
920047.BJ,41.370792,41.370792,0.00029444986,0.00018804062,0.405833,0.26753247,1,24,84,0.9285714,0.0,-1.7640266,-16.26916,0.071428575
920050.BJ,19.809576,19.809576,0.00018926716,0.00018804062,0.3749997,0.09390244,1,33,251,0.4878049,0.0,-1.1753902,5.768708,0.5121951
920055.BJ,17.69828,17.69828,0.00016718317,0.00018804062,0.39749968,0.17006803,1,5,286,0.81632656,0.0,-1.9169225,12.612304,0.18367347
920056.BJ,13.691103,13.691103,0.00013618461,0.00018804062,0.38333303,0.28076923,1,5,286,0.75,0.0,-2.048285,15.543463,0.25
920057.BJ,14.9169655,14.9169655,0.00015167781,0.00018804062,0.39166635,0.17931035,1,80,208,0.6,0.0,-1.2104833,-0.8529647,0.4
920058.BJ,14.808761,14.808761,0.00014483854,0.00018804062,0.37083304,0.2184874,1,80,208,0.71428573,0.0,-1.1191744,13.352331,0.2857143
920060.BJ,18.661482,18.661482,0.00017344959,0.00018804062,0.3824997,0.15647227,1,77,117,0.4473684,0.0,-0.9961263,5.269284,0.55263156
920061.BJ,14.683335,14.683335,0.00013607892,0.00018804062,0.37833303,0.23404256,1,23,94,0.9574468,0.0,-1.6984617,3.2505295,0.04255319
920062.BJ,11.770838,11.770838,0.00012665117,0.00018804062,0.3479164,0.19784947,1,80,208,0.87096775,0.0,-0.90148073,5.2975287,0.12903225
920066.BJ,13.696086,13.696086,0.00014314364,0.00018804062,0.35791638,0.21505377,1,5,286,0.61290324,0.0,-1.2028872,2.9211147,0.38709676
920068.BJ,17.104282,17.104282,0.00015631218,0.00018804062,0.400833,0.19630156,1,6,36,0.7368421,0.0,-2.1029737,11.994973,0.2631579
920069.BJ,21.963192,21.963192,0.00019106109,0.00018804062,0.38416636,0.21932366,1,6,36,0.7173913,0.0,-1.8711631,13.108229,0.2826087
920075.BJ,12.421814,12.421814,0.00013347063,0.00018804062,0.35499972,0.26008064,1,96,56,0.96875,0.0,-0.8899625,3.503197,0.03125
920076.BJ,8.52907,8.52907,0.00010234156,0.00018804062,0.37083304,0.227957,1,2,80,0.83870965,0.0,-1.3397453,4.9090796,0.16129032
920077.BJ,19.464663,19.464663,0.0001742883,0.00018804062,0.37416637,0.37310606,1,11,17,0.5151515,0.0,-0.81466967,2.5075963,0.4848485
920078.BJ,36.227436,36.227436,0.00031260814,0.00018804062,0.4024997,0.1697407,1,5,286,0.9770115,0.0,0.34478962,5.5490346,0.022988506
920080.BJ,22.73909,22.73909,0.00021222404,0.00018804062,0.37583303,0.09013605,1,15,191,0.7346939,0.0,-1.9067816,4.7214675,0.26530612
920082.BJ,14.498228,14.498228,0.00015040798,0.00018804062,0.36666638,0.22972973,1,80,208,0.7567568,0.0,-1.898,4.4265747,0.24324325
920086.BJ,24.641056,24.641056,0.00022321813,0.00018804062,0.41416633,0.13426574,1,80,208,0.7121212,0.0,-1.0980726,10.592295,0.28787878
920087.BJ,15.557754,15.557754,0.00014704956,0.00018804062,0.39416635,0.18776672,1,80,208,0.6315789,0.0,-1.4340264,-12.783364,0.36842105
920088.BJ,35.93935,35.93935,0.00030065665,0.00018804062,0.41499966,0.18096958,1,93,192,0.8780488,0.0,-0.11544758,5.380126,0.12195122
920089.BJ,13.780571,13.780571,0.00013732526,0.00018804062,0.38416636,0.17301588,1,40,114,0.8611111,0.0,-0.943475,14.737802,0.1388889
920091.BJ,18.942465,18.942465,0.0001699167,0.00018804062,0.403333,0.14876632,1,2,80,0.8490566,0.0,-1.8539962,11.561867,0.1509434
920092.BJ,27.763695,27.763695,0.00022469684,0.00018804062,0.4074997,0.16282642,1,1,211,0.8888889,0.0,-1.4587142,-13.3880415,0.11111111
920098.BJ,13.227022,13.227022,0.00013770473,0.00018804062,0.35833305,0.15053764,1,21,149,0.9032258,0.0,-1.9688452,5.210387,0.09677419
920099.BJ,16.078825,16.078825,0.00016307668,0.00018804062,0.37583303,0.1807611,1,15,191,0.9318182,0.0,-1.4279568,3.4883776,0.06818182
920100.BJ,15.97857,15.97857,0.00015570631,0.00018804062,0.4049997,0.17560975,1,91,229,0.8292683,0.0,-1.1703464,10.919588,0.17073171
920101.BJ,16.223005,16.223005,0.00015597051,0.00018804062,0.39166635,0.11596639,1,87,102,0.7714286,0.0,-1.6545714,4.5546417,0.22857143
920106.BJ,101.75907,101.75907,0.00081621995,0.00018804062,0.4766663,0.11094245,1,27,217,0.9590164,0.0,-1.2967249,14.844907,0.040983606
920108.BJ,19.09534,19.09534,0.00018649772,0.00018804062,0.36791638,0.15931721,1,15,191,0.7105263,0.0,-0.5282421,3.6503131,0.28947368
920110.BJ,21.107447,21.107447,0.00018271859,0.00018804062,0.40249968,0.25960785,1,61,124,0.54901963,0.0,-0.9864176,12.284075,0.4509804
920111.BJ,32.471424,32.471424,0.00026955313,0.00018804062,0.40999967,0.23501006,1,61,124,0.8028169,0.0,-0.34351125,9.201353,0.1971831
920112.BJ,29.07838,29.07838,0.0002484375,0.00018804062,0.4149997,0.16019787,1,69,305,0.79452056,0.0,-1.3804219,11.441167,0.20547946
920116.BJ,49.75348,49.75348,0.00038216406,0.00018804062,0.40916634,0.1619699,1,93,192,0.9186047,0.0,-1.9250696,10.617722,0.08139535
920118.BJ,21.547247,21.547247,0.00019362094,0.00018804062,0.3724997,0.19568151,1,72,3,0.94871795,0.0,-1.3043565,2.1897564,0.051282052
920119.BJ,20.828064,20.828064,0.00017631499,0.00018804062,0.40666634,0.22801933,1,22,208,0.67391306,0.0,-1.4821132,12.924967,0.32608697
920121.BJ,20.056463,20.056463,0.00017631512,0.00018804062,0.39416635,0.29358974,1,61,124,0.675,0.0,-1.1606975,15.76333,0.325
920122.BJ,11.273716,11.273716,0.00012313902,0.00018804062,0.37833303,0.25042018,1,61,124,0.8857143,0.0,-0.49507436,5.011386,0.114285715
920123.BJ,16.510916,16.510916,0.00016308384,0.00018804062,0.36541638,0.15913978,1,61,124,0.87096775,0.0,-0.7736548,5.318405,0.12903225
920124.BJ,17.920982,17.920982,0.00016530507,0.00018804062,0.38583302,0.1984127,1,61,124,0.3888889,0.0,-1.7650166,3.193916,0.6111111
920128.BJ,13.768432,13.768432,0.00014388391,0.00018804062,0.34874973,0.22528736,1,19,162,0.73333335,0.0,-1.4897567,6.6134825,0.26666668
920130.BJ,14.348077,14.348077,0.00013989191,0.00018804062,0.3874997,0.19163764,1,87,102,0.85714287,0.0,-1.795469,-10.714369,0.14285715
920132.BJ,14.560032,14.560032,0.000148116,0.00018804062,0.36041638,0.15864527,1,33,251,0.7941176,0.0,-0.7060588,5.876921,0.20588236
920139.BJ,16.507666,16.507666,0.00014859956,0.00018804062,0.39666635,0.25667828,1,12,252,0.64285713,0.0,-2.1764646,-17.002869,0.35714287
920145.BJ,14.659535,14.659535,0.00013188577,0.00018804062,0.40499967,0.22475107,1,69,305,0.7368421,0.0,-1.6150131,-11.156778,0.2631579
920146.BJ,20.19791,20.19791,0.00019062748,0.00018804062,0.40916634,0.073737375,1,5,286,0.8,0.0,-1.1685512,-2.5539212,0.2
920149.BJ,24.467758,24.467758,0.00019566192,0.00018804062,0.39749968,0.21515152,1,27,217,0.7111111,0.0,-1.5916201,-20.971601,0.2888889
920152.BJ,22.037983,22.037983,0.00017574892,0.00018804062,0.39666635,0.2752613,1,12,252,0.71428573,0.0,-1.8156548,-24.744644,0.2857143
920158.BJ,14.639782,14.639782,0.00013806732,0.00018804062,0.38833302,0.22539683,1,27,217,0.9166667,0.0,-1.4661944,15.160231,0.083333336
920159.BJ,71.268364,71.268364,0.00057191134,0.00018804062,0.4441663,0.11422663,1,7,111,0.9358974,0.0,-0.055451944,8.903281,0.06410257
920160.BJ,19.80267,19.80267,0.00017250997,0.00018804062,0.39416635,0.34684685,1,19,162,0.8108108,0.0,-1.3935703,16.88373,0.1891892
920163.BJ,12.759482,12.759482,0.0001322528,0.00018804062,0.38083303,0.15913978,1,69,305,0.7096774,0.0,-1.7097386,10.389843,0.29032257
920166.BJ,20.968033,20.968033,0.00017952012,0.00018804062,0.38583302,0.33681765,1,15,191,0.71428573,0.0,-1.1758381,16.068748,0.2857143
920167.BJ,19.248142,19.248142,0.00018275477,0.00018804062,0.3849997,0.16516517,1,24,84,0.43243244,0.0,-0.9517054,0.6397777,0.5675676
920168.BJ,18.081728,18.081728,0.00017213514,0.00018804062,0.3687497,0.1655914,1,22,208,0.41935483,0.0,-1.1260127,5.060998,0.58064514
920169.BJ,13.800745,13.800745,0.00013881958,0.00018804062,0.3874997,0.21479374,1,12,252,0.7631579,0.0,-1.8086659,13.172807,0.23684211
920171.BJ,17.512781,17.512781,0.00015142388,0.00018804062,0.38416636,0.2871795,1,20,96,0.725,0.0,-0.20791253,1.027575,0.275
920174.BJ,10.411158,10.411158,0.00011452143,0.00018804062,0.35624972,0.19770116,1,80,208,0.93333334,0.0,-1.9795834,7.452454,0.06666667
920175.BJ,20.588356,20.588356,0.00016111974,0.00018804062,0.39999968,0.48185483,1,20,96,0.9375,0.0,-2.4611907,-29.361511,0.0625
920177.BJ,128.8065,128.8065,0.0010102404,0.00018804062,0.4816663,0.070423275,1,6,36,0.9711191,0.0,-0.64664763,10.317981,0.028880866
920179.BJ,12.649162,12.649162,0.00012443066,0.00018804062,0.3824997,0.26881722,1,22,208,0.83870965,0.0,-0.78754187,4.9552126,0.16129032
920180.BJ,19.628702,19.628702,0.00017175946,0.00018804062,0.39666635,0.3066202,1,69,305,0.8095238,0.0,-0.95108575,14.898515,0.1904762
920181.BJ,116.21206,116.21206,0.0009174844,0.00018804062,0.48583296,0.074383,1,19,162,0.96456695,0.0,-0.997265,10.107833,0.035433073
920183.BJ,168.89168,168.89168,0.0012956919,0.00018804062,0.4999996,0.08395316,1,14,83,0.9719101,0.0,-1.5076897,14.714344,0.028089888
920184.BJ,11.233807,11.233807,0.00011488822,0.00018804062,0.36124972,0.08735632,1,40,114,0.96666664,0.0,-1.0981766,0.21495996,0.033333335
920185.BJ,9.938296,9.938296,0.00010696174,0.00018804062,0.36583304,0.19354838,1,59,157,0.90625,0.0,-2.0707657,0.6206567,0.09375
920187.BJ,17.982288,17.982288,0.00016505737,0.00018804062,0.40999967,0.19933555,1,1,211,0.76744187,0.0,-0.9577697,13.39347,0.23255815
920188.BJ,32.453884,32.453884,0.00026532114,0.00018804062,0.405833,0.25191256,1,1,211,0.86885244,0.0,-1.8955867,13.683434,0.13114753
920190.BJ,17.645317,17.645317,0.0001686983,0.00018804062,0.3529164,0.15053764,1,19,162,0.58064514,0.0,-0.7537226,2.3745062,0.41935483
920191.BJ,61.324306,61.324306,0.00048824144,0.00018804062,0.42749965,0.18264464,1,15,191,0.892562,0.0,0.27878764,8.942049,0.10743801
920195.BJ,13.345991,13.345991,0.00013539106,0.00018804062,0.38416636,0.14260249,1,93,192,0.88235295,0.0,-1.6593205,9.305912,0.11764706
920198.BJ,30.247541,30.247541,0.0002279052,0.00018804062,0.398333,0.24541062,1,61,124,0.82608694,0.0,-1.7504936,-16.33678,0.17391305
920199.BJ,18.36651,18.36651,0.00015155059,0.00018804062,0.38499972,0.2912913,1,24,84,0.6486486,0.0,-1.0721703,1.0918077,0.35135135
920204.BJ,14.959212,14.959212,0.00015032763,0.00018804062,0.3554164,0.10685484,1,69,305,0.71875,0.0,-1.7182,3.7628489,0.28125
920207.BJ,143.88252,143.88252,0.0009518633,0.00018804062,0.44999966,0.16082779,1,80,208,0.95151514,0.0,-1.5524595,1.3247819,0.048484847
920208.BJ,11.270373,11.270373,0.000120904006,0.00018804062,0.36958304,0.2,1,94,65,0.7096774,0.0,-1.3054065,0.4243481,0.29032257
920212.BJ,17.59884,17.59884,0.00016436097,0.00018804062,0.35749972,0.25287357,1,22,208,0.2,0.0,-1.7203535,3.2805085,0.8
920221.BJ,14.433709,14.433709,0.00013695333,0.00018804062,0.38416636,0.3268817,1,61,124,0.4516129,0.0,-1.1365935,13.961603,0.5483871
920223.BJ,19.126436,19.126436,0.00015410545,0.00018804062,0.3924997,0.34789917,1,96,56,0.9142857,0.0,-1.4207,-29.082932,0.08571429
920225.BJ,19.599554,19.599554,0.00018419429,0.00018804062,0.39666635,0.20487265,1,89,72,0.81395346,0.0,-1.3685231,10.892296,0.18604651
920227.BJ,17.639118,17.639118,0.00015419064,0.00018804062,0.38583302,0.35384616,1,61,124,0.6,0.0,-1.1318,12.687496,0.4
920230.BJ,13.963557,13.963557,0.0001381792,0.00018804062,0.36124972,0.105747126,1,22,208,0.6666667,0.0,-1.5687536,1.8865566,0.33333334
920237.BJ,12.017074,12.017074,0.00012962567,0.00018804062,0.3566664,0.21169356,1,14,83,0.84375,0.0,-2.6545062,4.569403,0.15625
920239.BJ,15.499627,15.499627,0.0001457117,0.00018804062,0.3874997,0.14795008,1,61,124,0.6764706,0.0,-1.3852764,9.099281,0.32352942
920242.BJ,15.495044,15.495044,0.00014354668,0.00018804062,0.3899997,0.36185384,1,89,72,0.85294116,0.0,-1.0175499,17.126907,0.14705883
920245.BJ,14.088109,14.088109,0.00014251904,0.00018804062,0.35249972,0.15402299,1,12,252,0.53333336,0.0,-1.5595735,3.000217,0.46666667
920247.BJ,10.982237,10.982237,0.000117143,0.00018804062,0.38416636,0.33563218,1,27,217,0.73333335,0.0,-1.1779702,15.96275,0.26666668
920249.BJ,13.539576,13.539576,0.00012827094,0.00018804062,0.39166635,0.2731183,1,80,208,0.7419355,0.0,0.28651935,-7.713756,0.2580645
920252.BJ,19.152048,19.152048,0.000179918,0.00018804062,0.37583303,0.0960961,1,1,211,0.6216216,0.0,-1.5397515,3.2448108,0.3783784
920260.BJ,12.01643,12.01643,0.00012448069,0.00018804062,0.37583303,0.11034483,1,69,305,0.6666667,0.0,-1.1259564,2.8183546,0.33333334
920261.BJ,12.497745,12.497745,0.00013051556,0.00018804062,0.37833303,0.13508065,1,19,162,0.9375,0.0,-0.9619219,11.804005,0.0625
920262.BJ,12.842888,12.842888,0.00013761286,0.00018804062,0.35833302,0.13103448,1,29,12,0.7,0.0,-0.54479665,4.709954,0.3
920263.BJ,12.726081,12.726081,0.00013303065,0.00018804062,0.3849997,0.14712644,1,94,65,0.46666667,0.0,-1.35,1.7565962,0.53333336
920266.BJ,15.233562,15.233562,0.00013557606,0.00018804062,0.3849997,0.35282257,1,5,286,0.90625,0.0,-1.642175,-14.219514,0.09375
920267.BJ,12.99231,12.99231,0.00013179018,0.00018804062,0.38083306,0.13793103,1,1,211,0.7,0.0,-1.4671167,-4.1828885,0.3
920270.BJ,11.167324,11.167324,0.000110795954,0.00018804062,0.39166635,0.4275862,1,5,286,0.76666665,0.0,-0.7592267,16.323362,0.23333333
920271.BJ,16.20482,16.20482,0.0001459616,0.00018804062,0.38333303,0.46206897,1,7,111,0.73333335,0.0,-1.4459666,20.575296,0.26666668
920273.BJ,12.274688,12.274688,0.00012795409,0.00018804062,0.39666635,0.2347084,1,87,102,0.8947368,0.0,-1.5752946,14.275057,0.10526316
920274.BJ,10.43678,10.43678,0.0001094248,0.00018804062,0.3529164,0.11494253,1,59,157,0.8333333,0.0,-1.0931567,0.5481766,0.16666667
920275.BJ,7.0601783,7.0601783,7.862146e-05,0.00018804062,0.3724997,0.3770115,1,5,286,0.96666664,0.0,-1.7072934,2.3261263,0.033333335
920278.BJ,13.759412,13.759412,0.0001428369,0.00018804062,0.37666637,0.12688172,1,23,94,0.7741935,0.0,-1.5018517,6.0905147,0.22580644
920284.BJ,13.614576,13.614576,0.00013439136,0.00018804062,0.3824997,0.2321839,1,69,305,0.6,0.0,-1.7307832,-19.966198,0.4
920299.BJ,11.539955,11.539955,0.000120782905,0.00018804062,0.36833304,0.21780303,1,69,305,0.8484849,0.0,-1.3528119,3.0104935,0.15151516
920300.BJ,14.221729,14.221729,0.00011672995,0.00018804062,0.39083302,0.42528737,1,7,111,0.96666664,0.0,-1.7266867,-28.558872,0.033333335
920304.BJ,13.769055,13.769055,0.00013968373,0.00018804062,0.3674997,0.17634408,1,20,96,0.7096774,0.0,-0.8068935,5.756754,0.29032257
920339.BJ,15.9225445,15.9225445,0.00016254398,0.00018804062,0.36541638,0.17741935,1,95,151,0.84375,0.0,-1.9632595,2.6608906,0.15625
920344.BJ,21.196548,21.196548,0.00017741682,0.00018804062,0.39499968,0.19613527,1,93,192,0.5869565,0.0,-0.7957391,3.6848273,0.41304347
920346.BJ,19.413198,19.413198,0.0001769845,0.00018804062,0.3799997,0.24597701,1,23,94,0.4,0.0,-1.6996297,4.519484,0.6
920351.BJ,16.657547,16.657547,0.00015793204,0.00018804062,0.3824997,0.1590909,1,61,124,0.3939394,0.0,-1.8316545,0.42240953,0.6060606
920357.BJ,10.745527,10.745527,0.000106339896,0.00018804062,0.39333302,0.28965518,1,33,251,0.96666664,0.0,-2.1342766,19.285484,0.033333335
920363.BJ,10.037316,10.037316,9.748439e-05,0.00018804062,0.38916636,0.4229885,1,2,80,0.8333333,0.0,-0.83342,-1.872296,0.16666667
920367.BJ,10.196692,10.196692,0.00010851516,0.00018804062,0.3674997,0.096551724,1,23,94,0.9,0.0,-1.2680067,4.664889,0.1
920368.BJ,18.797123,18.797123,0.00017544159,0.00018804062,0.3674997,0.34046346,1,93,192,0.20588236,0.0,-1.8646911,5.004928,0.7941176
920370.BJ,16.19222,16.19222,0.00014577014,0.00018804062,0.39083302,0.2777778,1,99,1,1.0,0.0,-1.5081271,-19.311966,0.0
920371.BJ,16.64449,16.64449,0.00015825716,0.00018804062,0.405833,0.15078236,1,69,305,0.7894737,0.0,-0.81225795,11.215079,0.21052632
920374.BJ,13.794007,13.794007,0.0001360324,0.00018804062,0.36583304,0.09892473,1,93,192,0.9354839,0.0,-2.293174,2.456016,0.06451613
920375.BJ,11.872979,11.872979,0.00012653104,0.00018804062,0.35916638,0.25189394,1,5,286,0.75757575,0.0,-0.93996364,3.5934637,0.24242425
920378.BJ,8.550031,8.550031,9.9166675e-05,0.00018804062,0.36666638,0.22528736,1,93,192,1.0,0.0,-2.0247433,9.644617,0.0
920392.BJ,19.672962,19.672962,0.00018593397,0.00018804062,0.3529164,0.12550607,1,40,114,0.64102566,0.0,-1.5869025,2.3647277,0.35897437
920394.BJ,11.618556,11.618556,0.00012395243,0.00018804062,0.39999968,0.17701149,1,5,286,0.8333333,0.0,-1.6905668,6.372495,0.16666667
920395.BJ,24.186678,24.186678,0.00020476127,0.00018804062,0.39749968,0.22109158,1,95,151,0.87234044,0.0,-0.8286,12.732224,0.12765957
920396.BJ,16.93814,16.93814,0.00016184246,0.00018804062,0.36083305,0.11290322,1,15,191,0.71875,0.0,-1.2077906,2.6301103,0.28125
920402.BJ,20.870342,20.870342,0.00018157644,0.00018804062,0.40499967,0.17431973,1,29,12,0.9591837,0.0,-1.0975286,-13.891666,0.040816326
920403.BJ,15.885158,15.885158,0.00015314229,0.00018804062,0.39333302,0.18730159,1,96,56,0.8888889,0.0,-0.9481084,-10.702636,0.11111111
920405.BJ,12.308083,12.308083,0.00013090108,0.00018804062,0.3479164,0.28342247,1,24,84,0.6764706,0.0,-2.1786351,3.626406,0.32352942
920407.BJ,10.772901,10.772901,0.00011410542,0.00018804062,0.38333303,0.17701149,1,7,111,0.8333333,0.0,-0.6784967,4.256594,0.16666667
920414.BJ,22.900043,22.900043,0.00018784005,0.00018804062,0.405833,0.2532656,1,61,124,0.49056605,0.0,-1.7921095,-14.440396,0.509434
920415.BJ,15.504669,15.504669,0.00015458779,0.00018804062,0.3649997,0.1954023,1,89,72,0.6666667,0.0,-1.2305799,5.653203,0.33333334
920418.BJ,15.772997,15.772997,0.00014105492,0.00018804062,0.3874997,0.4597701,1,22,208,0.76666665,0.0,-1.4264834,19.052948,0.23333333
920419.BJ,17.40861,17.40861,0.00017295728,0.00018804062,0.37166637,0.12873563,1,89,72,0.4,0.0,-1.75785,4.8390455,0.6
920422.BJ,16.28079,16.28079,0.0001663602,0.00018804062,0.36833304,0.22063492,1,69,305,0.8055556,0.0,-0.40257502,2.300484,0.19444445
920425.BJ,17.427216,17.427216,0.00015985988,0.00018804062,0.3849997,0.30365855,1,14,83,0.8780488,0.0,-1.1192365,13.52444,0.12195122
920427.BJ,8.122257,8.122257,9.23427e-05,0.00018804062,0.39333302,0.3264368,1,40,114,0.8666667,0.0,-0.39661005,-2.0250506,0.13333334
920429.BJ,14.780184,14.780184,0.0001490494,0.00018804062,0.36708304,0.120430104,1,61,124,0.8064516,0.0,-1.2732,5.8448124,0.19354838
920433.BJ,27.329441,27.329441,0.00021336078,0.00018804062,0.39999968,0.26565656,1,22,208,0.6,0.0,-2.0832224,-12.867117,0.4
920436.BJ,17.400509,17.400509,0.00015572284,0.00018804062,0.39499968,0.20075758,1,1,211,0.6969697,0.0,-0.65894544,-14.972891,0.3030303
920438.BJ,11.995526,11.995526,0.00012284453,0.00018804062,0.36166638,0.15402299,1,95,151,1.0,0.0,-2.0075233,3.9566934,0.0
920445.BJ,8.5439205,8.5439205,9.9599325e-05,0.00018804062,0.38166636,0.20689656,1,95,151,1.0,0.0,-1.1278701,3.1073775,0.0
920454.BJ,13.416018,13.416018,0.00012795857,0.00018804062,0.3899997,0.30574712,1,22,208,0.6333333,0.0,-1.4266268,11.125466,0.36666667
920455.BJ,10.436526,10.436526,0.000107748245,0.00018804062,0.38666636,0.5264368,1,27,217,1.0,0.0,-0.7725134,16.53631,0.0
920469.BJ,12.945425,12.945425,0.00013408595,0.00018804062,0.38833302,0.227957,1,61,124,0.8064516,0.0,-1.6826609,0.013843336,0.19354838
920471.BJ,14.502143,14.502143,0.00014161885,0.00018804062,0.39583302,0.2321839,1,80,208,0.6666667,0.0,-1.9674935,-8.543062,0.33333334
920475.BJ,16.838894,16.838894,0.0001615334,0.00018804062,0.38666636,0.21839081,1,40,114,0.46666667,0.0,-1.1009266,-4.543788,0.53333336
920476.BJ,14.380034,14.380034,0.00013662965,0.00018804062,0.39749968,0.3311828,1,1,211,0.5483871,0.0,-1.2229484,10.6350155,0.4516129
920478.BJ,9.127476,9.127476,9.437919e-05,0.00018804062,0.38583302,0.43655914,1,19,162,1.0,0.0,-0.83288383,17.320292,0.0
920489.BJ,13.497566,13.497566,0.00013959667,0.00018804062,0.36916637,0.18181819,1,27,217,0.5882353,0.0,0.01967062,1.9798034,0.4117647
920491.BJ,8.957539,8.957539,9.68708e-05,0.00018804062,0.3824997,0.4905303,1,22,208,0.8181818,0.0,-1.3372574,17.937843,0.18181819
920493.BJ,22.44321,22.44321,0.000164008,0.00018804062,0.37416637,0.5126437,1,19,162,0.96666664,0.0,-0.22625667,0.8607633,0.033333335
920496.BJ,9.631682,9.631682,0.000109018576,0.00018804062,0.35791638,0.25591397,1,19,162,0.9677419,0.0,-1.3581806,6.5724635,0.032258064
920504.BJ,14.249692,14.249692,0.00014307098,0.00018804062,0.3724997,0.25977013,1,33,251,0.73333335,0.0,-1.8478099,8.442711,0.26666668
920505.BJ,10.6192875,10.6192875,0.00011696184,0.00018804062,0.36208305,0.23908046,1,5,286,0.9,0.0,-1.4254003,0.6914138,0.1
920508.BJ,20.918356,20.918356,0.00017473334,0.00018804062,0.37583303,0.22571693,1,23,94,0.70212764,0.0,-1.5451467,2.0915422,0.29787233
920509.BJ,13.130651,13.130651,0.00012871534,0.00018804062,0.38333303,0.2580645,1,5,286,0.7419355,0.0,-1.4461194,6.488887,0.2580645
920510.BJ,13.894474,13.894474,0.00013397615,0.00018804062,0.39916635,0.20229885,1,15,191,0.73333335,0.0,-1.78657,-12.86285,0.26666668
920519.BJ,10.404452,10.404452,0.000117136515,0.00018804062,0.35999972,0.13978495,1,5,286,0.9354839,0.0,0.30140963,3.3116257,0.06451613
920522.BJ,20.74913,20.74913,0.00018252435,0.00018804062,0.36791638,0.4224599,1,11,17,0.5294118,0.0,-2.437941,1.2017417,0.47058824
920523.BJ,21.62924,21.62924,0.00018248359,0.00018804062,0.39749968,0.28239202,1,105,1,1.0,0.0,-1.5133442,12.962932,0.0
920526.BJ,18.905846,18.905846,0.00017561486,0.00018804062,0.38666636,0.15946844,1,7,111,0.5813953,0.0,-1.3685582,6.11832,0.41860464
920527.BJ,7.210872,7.210872,8.7792796e-05,0.00018804062,0.35958305,0.27096775,1,89,72,0.9032258,0.0,-1.1313418,3.9273484,0.09677419
920533.BJ,16.875484,16.875484,0.00016106243,0.00018804062,0.37833303,0.14962122,1,96,56,0.90909094,0.0,-1.4083545,7.7831244,0.09090909
920541.BJ,11.5107765,11.5107765,0.00012591724,0.00018804062,0.34958306,0.23655914,1,87,102,0.9032258,0.0,-1.169,4.155039,0.09677419
920547.BJ,16.945124,16.945124,0.00015650874,0.00018804062,0.3874997,0.16129032,1,69,305,0.32258064,0.0,-1.5722934,6.130427,0.67741936
920553.BJ,9.409641,9.409641,0.000103481674,0.00018804062,0.38666636,0.29655173,1,96,56,0.9,0.0,-1.22058,13.496114,0.1
920556.BJ,11.539693,11.539693,0.00012506467,0.00018804062,0.36541638,0.085057475,1,95,151,0.9,0.0,-2.3014233,4.913644,0.1
920564.BJ,18.109241,18.109241,0.00015475694,0.00018804062,0.415833,0.16807611,1,61,124,0.5681818,0.0,-1.0358341,-2.2776983,0.4318182
920566.BJ,15.656483,15.656483,0.00014579306,0.00018804062,0.38166636,0.3882353,1,89,72,0.6857143,0.0,-1.3020401,14.914961,0.31428573
920570.BJ,14.406435,14.406435,0.00014625666,0.00018804062,0.38333303,0.19569893,1,1,211,0.516129,0.0,-1.8519613,7.22896,0.48387095
920571.BJ,15.252516,15.252516,0.00015600839,0.00018804062,0.36583304,0.18951613,1,85,6,0.84375,0.0,0.098337546,5.7958093,0.15625
920575.BJ,372.5072,372.5072,0.0025426613,0.00018804062,0.5341663,0.060823448,1,61,124,0.9557522,0.0,-1.3329612,-13.017903,0.044247787
920576.BJ,20.627743,20.627743,0.0001691981,0.00018804062,0.39416635,0.20101011,1,96,56,0.8888889,0.0,-1.3049221,3.6295633,0.11111111
920578.BJ,15.514205,15.514205,0.00015339075,0.00018804062,0.38833302,0.11931818,1,1,211,0.4848485,0.0,-1.9548546,2.0934258,0.5151515
920579.BJ,16.307281,16.307281,0.00014266418,0.00018804062,0.39333302,0.3277311,1,33,251,0.6571429,0.0,-1.5796314,-27.256159,0.34285715
920580.BJ,13.167323,13.167323,0.00014180568,0.00018804062,0.39083302,0.15172414,1,33,251,0.6666667,0.0,-2.1616135,8.30604,0.33333334
920592.BJ,26.832844,26.832844,0.00021052477,0.00018804062,0.39499968,0.2772947,1,33,251,0.54347825,0.0,-1.5636892,-18.01921,0.45652175
920593.BJ,16.361366,16.361366,0.00016080077,0.00018804062,0.36958304,0.15120968,1,12,252,0.6875,0.0,-1.6655937,2.5013938,0.3125
920599.BJ,18.897686,18.897686,0.00017270212,0.00018804062,0.39916635,0.29875886,1,14,83,0.9166667,0.0,-0.7592396,16.819708,0.083333336
920608.BJ,11.517938,11.517938,0.00012153167,0.00018804062,0.3824997,0.22528736,1,74,159,0.8333333,0.0,-0.85740334,11.263543,0.16666667
920627.BJ,9.440962,9.440962,0.000107525644,0.00018804062,0.36916637,0.085057475,1,91,229,0.8333333,0.0,-1.4691333,3.4767,0.16666667
920634.BJ,8.486988,8.486988,0.00010138348,0.00018804062,0.36583304,0.14022988,1,20,96,0.9,0.0,-3.434987,8.182087,0.1
920639.BJ,12.380861,12.380861,0.0001326535,0.00018804062,0.37416637,0.16129032,1,59,157,0.9375,0.0,-1.7044438,7.417883,0.0625
920640.BJ,12.30624,12.30624,0.00012456226,0.00018804062,0.37916636,0.13333334,1,21,149,0.83870965,0.0,-1.908471,5.7460904,0.16129032
920641.BJ,13.476935,13.476935,0.00013999651,0.00018804062,0.36124972,0.14482759,1,95,151,0.8666667,0.0,-1.4668,3.6212,0.13333334
920642.BJ,16.602825,16.602825,0.0001422186,0.00018804062,0.39083302,0.41935483,1,61,124,0.9032258,0.0,-1.7587646,-30.388176,0.09677419
920651.BJ,13.768792,13.768792,0.00012623549,0.00018804062,0.40249968,0.5264368,1,27,217,0.9,0.0,-1.3989731,17.32094,0.1
920656.BJ,10.758962,10.758962,0.00010357554,0.00018804062,0.38583302,0.48387095,1,98,2,1.0,0.0,-0.9602903,17.578695,0.0
920662.BJ,15.234173,15.234173,0.00015941725,0.00018804062,0.3529164,0.23790322,1,19,162,0.90625,0.0,-0.7920406,5.2013216,0.09375
920663.BJ,16.861172,16.861172,0.00014485957,0.00018804062,0.39583302,0.3806818,1,57,68,0.93939394,0.0,-1.4415059,16.241125,0.060606062
920665.BJ,7.7844944,7.7844944,9.3765986e-05,0.00018804062,0.37583303,0.24367817,1,43,94,1.0,0.0,-1.67915,5.6944685,0.0
920670.BJ,9.181832,9.181832,9.8701086e-05,0.00018804062,0.37666634,0.171123,1,20,96,0.9705882,0.0,-1.8639765,3.9232178,0.029411765
920675.BJ,18.785545,18.785545,0.00017903744,0.00018804062,0.3737497,0.1092437,1,24,84,0.74285716,0.0,-2.1716542,3.0347254,0.25714287
920679.BJ,11.415973,11.415973,0.00012065014,0.00018804062,0.35749972,0.13118279,1,12,252,0.516129,0.0,-0.85826135,2.4213903,0.48387095
920682.BJ,8.902447,8.902447,0.00010242805,0.00018804062,0.36833304,0.23908046,1,33,251,0.9,0.0,-2.2044866,5.255202,0.1
920685.BJ,11.82367,11.82367,0.00011685706,0.00018804062,0.37833303,0.44827586,1,69,305,0.8333333,0.0,-1.5758201,12.456914,0.16666667
920689.BJ,19.575687,19.575687,0.000188385,0.00018804062,0.37291637,0.28219697,1,95,151,0.4848485,0.0,-0.51758784,7.5290146,0.5151515
920690.BJ,15.3883095,15.3883095,0.00015058742,0.00018804062,0.38416636,0.1780303,1,95,151,0.8181818,0.0,-1.453497,9.9042425,0.18181819
920693.BJ,17.896551,17.896551,0.00014770306,0.00018804062,0.3699997,0.33669356,1,69,305,0.71875,0.0,-0.37981245,1.2340281,0.28125
920694.BJ,18.685627,18.685627,0.00017731883,0.00018804062,0.39333302,0.1036036,1,80,208,0.7837838,0.0,-1.9054918,8.931839,0.21621622
920699.BJ,19.838009,19.838009,0.00017849272,0.00018804062,0.398333,0.23361522,1,21,149,0.79545456,0.0,-1.4741523,15.56403,0.20454545
920701.BJ,10.510686,10.510686,0.00011542991,0.00018804062,0.36833304,0.27816093,1,24,84,0.73333335,0.0,-1.0406834,6.926068,0.26666668
920703.BJ,9.2195635,9.2195635,9.4934105e-05,0.00018804062,0.38416636,0.48505747,1,5,286,0.8,0.0,-0.4141133,18.395027,0.2
920706.BJ,12.465421,12.465421,0.00013142715,0.00018804062,0.37666637,0.16733871,1,69,305,0.78125,0.0,-2.0125375,6.486855,0.21875
920717.BJ,8.9526,8.9526,8.9468434e-05,0.00018804062,0.3662497,0.48505747,1,19,162,0.93333334,0.0,-1.7365934,1.4991869,0.06666667
920718.BJ,12.132365,12.132365,0.00012834658,0.00018804062,0.3649997,0.19139785,1,95,151,0.9032258,0.0,-1.5783033,5.269465,0.09677419
920719.BJ,32.3657,32.3657,0.00024512154,0.00018804062,0.41916633,0.26623377,1,7,111,0.98214287,0.0,-1.4364768,-17.370102,0.017857144
920720.BJ,7.3329387,7.3329387,8.868446e-05,0.00018804062,0.36083305,0.3139785,1,2,80,1.0,0.0,-1.5218065,4.305402,0.0
920725.BJ,12.156422,12.156422,0.00012000283,0.00018804062,0.39333302,0.24603175,1,80,208,0.75,0.0,-1.8510168,-13.622384,0.25
920726.BJ,7.625653,7.625653,8.882526e-05,0.00018804062,0.37041637,0.31724137,1,95,151,0.96666664,0.0,-0.13438997,11.121291,0.033333335
920729.BJ,11.236947,11.236947,0.00011798456,0.00018804062,0.38166636,0.28235295,1,20,96,0.85714287,0.0,-0.8098771,11.852568,0.14285715
920735.BJ,87.73413,87.73413,0.00070172566,0.00018804062,0.43999967,0.12984924,1,69,305,0.925,0.0,-0.61834097,10.326519,0.075
920748.BJ,27.430103,27.430103,0.00019681104,0.00018804062,0.38916636,0.508046,1,69,305,0.73333335,0.0,-1.3324769,-33.016575,0.26666668
920751.BJ,18.895582,18.895582,0.0001730092,0.00018804062,0.40249968,0.21469387,1,1,211,0.9,0.0,-1.02156,12.143655,0.1
920753.BJ,17.549965,17.549965,0.00016431171,0.00018804062,0.37166637,0.17936508,1,93,192,0.5555556,0.0,-1.1125529,7.609329,0.44444445
920765.BJ,10.049984,10.049984,0.00011180644,0.00018804062,0.37458304,0.2505747,1,87,102,0.8666667,0.0,-1.8778232,-8.641886,0.13333334
920768.BJ,12.814752,12.814752,0.00013326689,0.00018804062,0.3649997,0.18924731,1,80,208,0.6451613,0.0,-1.2162902,4.269989,0.3548387
920770.BJ,16.65762,16.65762,0.00015903542,0.00018804062,0.38083303,0.1827957,1,1,211,0.7741935,0.0,-1.3124193,9.4225025,0.22580644
920779.BJ,21.398321,21.398321,0.00018745825,0.00018804062,0.39083302,0.21088435,1,17,17,0.877551,0.0,-1.2983959,13.061298,0.12244898
920781.BJ,20.269754,20.269754,0.00018266628,0.00018804062,0.3774997,0.32258064,1,77,117,0.29032257,0.0,-0.92705804,0.43375617,0.7096774
920786.BJ,13.012514,13.012514,0.00013649013,0.00018804062,0.35499972,0.20229885,1,59,157,1.0,0.0,-2.07041,4.1389666,0.0
920790.BJ,20.199457,20.199457,0.00018432963,0.00018804062,0.35333306,0.2580645,1,69,305,0.12903225,0.0,-0.19710325,3.5438035,0.87096775
920792.BJ,15.281732,15.281732,0.00015524273,0.00018804062,0.3637497,0.1655914,1,1,211,0.8064516,0.0,-1.4276228,4.8664794,0.19354838
920799.BJ,14.626359,14.626359,0.00013419389,0.00018804062,0.37416637,0.31060606,1,12,252,0.6969697,0.0,-2.197994,14.18565,0.3030303
920802.BJ,11.512776,11.512776,0.000121171084,0.00018804062,0.39416635,0.14022988,1,43,94,0.8333333,0.0,-1.1858801,2.8946502,0.16666667
920806.BJ,13.554084,13.554084,0.00013610958,0.00018804062,0.35791638,0.08275862,1,74,159,0.6666667,0.0,-0.60643667,3.7748597,0.33333334
920807.BJ,16.228968,16.228968,0.00015826148,0.00018804062,0.3649997,0.20967741,1,80,208,0.59375,0.0,-1.5860438,0.009993762,0.40625
920808.BJ,22.315083,22.315083,0.00018131791,0.00018804062,0.3874997,0.21410257,1,69,305,0.675,0.0,-0.7403425,5.138802,0.325
920809.BJ,18.668856,18.668856,0.0001532977,0.00018804062,0.39333302,0.32859176,1,69,305,0.84210527,0.0,-1.8188186,-26.21318,0.15789473
920810.BJ,23.884497,23.884497,0.00019187955,0.00018804062,0.37833303,0.18393235,1,93,192,0.84090906,0.0,-1.8324726,2.7216089,0.1590909
920819.BJ,17.178925,17.178925,0.00016120124,0.00018804062,0.39166635,0.15165165,1,5,286,0.8648649,0.0,-0.73429996,-6.711307,0.13513513
920821.BJ,11.490821,11.490821,0.00012142618,0.00018804062,0.3874997,0.2091954,1,95,151,0.8333333,0.0,-1.9072632,4.2466297,0.16666667
920826.BJ,16.095951,16.095951,0.00016151842,0.00018804062,0.3849997,0.14264265,1,19,162,0.9189189,0.0,-0.8245622,8.962861,0.08108108
920832.BJ,9.459012,9.459012,0.00010418721,0.00018804062,0.38083303,0.20229885,1,15,191,0.8,0.0,-2.7895732,-8.588506,0.2
920833.BJ,11.472426,11.472426,0.0001197468,0.00018804062,0.36333305,0.2935606,1,1,211,0.8181818,0.0,-2.3395514,5.0070424,0.18181819
920834.BJ,16.628578,16.628578,0.00015558647,0.00018804062,0.39749968,0.24312897,1,22,208,0.84090906,0.0,-1.1653091,13.945773,0.1590909
920837.BJ,13.23643,13.23643,0.00012806912,0.00018804062,0.39083302,0.30537635,1,61,124,0.61290324,0.0,-1.3612581,13.196653,0.38709676
920839.BJ,20.429544,20.429544,0.00017686523,0.00018804062,0.40416634,0.23091787,1,96,56,0.8695652,0.0,-0.98953694,14.0448,0.13043478
920855.BJ,12.23318,12.23318,0.00012665614,0.00018804062,0.36416638,0.09677419,1,61,124,0.7096774,0.0,-2.4667451,6.240222,0.29032257
920856.BJ,14.97012,14.97012,0.00014647041,0.00018804062,0.34458306,0.15172414,1,93,192,0.5,0.0,-2.0384467,5.3433733,0.5
920857.BJ,14.065795,14.065795,0.00013668851,0.00018804062,0.38916636,0.2,1,57,68,0.87096775,0.0,-0.9902322,-14.239349,0.12903225
920866.BJ,13.268546,13.268546,0.00013702444,0.00018804062,0.36583304,0.18548387,1,1,211,0.8125,0.0,-1.0827281,4.822921,0.1875
920870.BJ,19.643557,19.643557,0.00018042086,0.00018804062,0.3762497,0.1951952,1,22,208,0.4054054,0.0,-1.4757514,3.4400017,0.5945946
920871.BJ,20.338148,20.338148,0.00018374936,0.00018804062,0.36333305,0.23678161,1,23,94,0.2,0.0,-1.6800433,3.7836218,0.8
920873.BJ,32.81582,32.81582,0.00025363365,0.00018804062,0.405833,0.24309765,1,23,94,0.6363636,0.0,-1.8504055,-12.759162,0.36363637
920876.BJ,10.358463,10.358463,0.000114100025,0.00018804062,0.35458305,0.2091954,1,87,102,0.8333333,0.0,-1.3849833,4.353463,0.16666667
920879.BJ,15.234302,15.234302,0.00014018951,0.00018804062,0.405833,0.36363637,1,14,83,0.8484849,0.0,-1.1295605,15.841682,0.15151516
920885.BJ,14.883864,14.883864,0.00014625417,0.00018804062,0.39666635,0.15462185,1,93,192,0.9142857,0.0,-2.46708,12.034654,0.08571429
920892.BJ,14.59363,14.59363,0.0001305371,0.00018804062,0.39416635,0.38508064,1,5,286,0.90625,0.0,-0.5367969,18.90197,0.09375
920895.BJ,11.381135,11.381135,0.000116665775,0.00018804062,0.3774997,0.17471264,1,15,191,0.73333335,0.0,-1.9079534,-7.2253127,0.26666668
920896.BJ,16.835976,16.835976,0.00016133985,0.00018804062,0.39499968,0.22348484,1,80,208,0.54545456,0.0,-1.9526092,12.899201,0.45454547
920906.BJ,16.247784,16.247784,0.00016353231,0.00018804062,0.3724997,0.19786096,1,33,251,0.47058824,0.0,-1.4492941,6.0833755,0.5294118
920914.BJ,16.151182,16.151182,0.00016213702,0.00018804062,0.36416638,0.121212125,1,5,286,0.6666667,0.0,-1.9311666,4.807105,0.33333334
920924.BJ,15.397602,15.397602,0.0001574563,0.00018804062,0.3774997,0.11491936,1,1,211,0.53125,0.0,-1.8790312,1.4867957,0.46875
920925.BJ,13.758788,13.758788,0.00014530515,0.00018804062,0.3674997,0.26209676,1,27,217,0.5,0.0,-1.0625312,7.3196735,0.5
920926.BJ,11.521981,11.521981,0.00012430942,0.00018804062,0.398333,0.15322581,1,69,305,0.6875,0.0,-0.41681248,9.10709,0.3125
920931.BJ,11.8242655,11.8242655,0.00012739173,0.00018804062,0.38333303,0.17931035,1,80,208,0.6666667,0.0,-0.75999665,3.2926126,0.33333334
920932.BJ,19.86842,19.86842,0.00018516528,0.00018804062,0.35791638,0.11494253,1,69,305,0.6666667,0.0,-1.34257,0.5239266,0.33333334
920942.BJ,15.35128,15.35128,0.00015209943,0.00018804062,0.36666638,0.19139785,1,19,162,0.48387095,0.0,-1.4849838,5.9992504,0.516129
920943.BJ,13.503179,13.503179,0.00013758622,0.00018804062,0.36041638,0.13103448,1,93,192,0.56666666,0.0,-1.4908799,6.114695,0.43333334
920946.BJ,17.046392,17.046392,0.00015682801,0.00018804062,0.38833302,0.32692307,1,80,208,0.825,0.0,-1.5230124,14.594559,0.175
920950.BJ,14.750791,14.750791,0.00013898488,0.00018804062,0.3849997,0.3885918,1,1,211,0.7941176,0.0,-0.98866475,17.892242,0.20588236
920953.BJ,14.278099,14.278099,0.00013148758,0.00018804062,0.38833302,0.4597701,1,19,162,0.93333334,0.0,-1.2858434,18.72349,0.06666667
920957.BJ,19.421488,19.421488,0.00018187042,0.00018804062,0.35374972,0.21290323,1,80,208,0.29032257,0.0,-2.1303804,1.8961806,0.7096774
920961.BJ,29.535736,29.535736,0.0002233928,0.00018804062,0.37333304,0.22626263,1,69,305,0.6,0.0,-0.59500223,2.611129,0.4
920964.BJ,6.63531,6.63531,7.6569064e-05,0.00018804062,0.38416636,0.35632184,1,20,96,0.96666664,0.0,-1.2713666,-30.463488,0.033333335
920970.BJ,11.23275,11.23275,0.00010697422,0.00018804062,0.398333,0.33277312,1,87,102,0.7714286,0.0,-1.9567742,-23.035234,0.22857143
920971.BJ,12.992977,12.992977,0.00013091156,0.00018804062,0.40166634,0.17011495,1,61,124,0.76666665,0.0,-1.7985466,5.676171,0.23333333
920974.BJ,15.724993,15.724993,0.0001544214,0.00018804062,0.36541638,0.15402299,1,61,124,0.3,0.0,-2.0268433,0.82537663,0.7
920976.BJ,26.322838,26.322838,0.00021584726,0.00018804062,0.39666635,0.2244898,1,69,305,0.67346936,0.0,-1.3528531,14.238824,0.3265306
920978.BJ,18.505621,18.505621,0.0001656114,0.00018804062,0.398333,0.31260505,1,22,208,0.9142857,0.0,-0.14412,19.196602,0.08571429
920981.BJ,37.68776,37.68776,0.0003007106,0.00018804062,0.41666633,0.19018987,1,61,124,0.925,0.0,-0.36791503,-1.5614429,0.075
920982.BJ,275.1815,275.1815,0.0021103236,0.00018804062,0.5316663,0.053538546,1,61,124,0.96339434,0.0,-1.2695538,13.294223,0.036605656
920985.BJ,26.001757,26.001757,0.00020034479,0.00018804062,0.40166634,0.32171893,1,61,124,0.5952381,0.0,-1.720081,-22.994755,0.4047619
920992.BJ,12.711216,12.711216,0.00013030523,0.00018804062,0.36333305,0.1534091,1,7,111,0.6666667,0.0,-1.7257727,2.1798909,0.33333334
