ts_code,name,industry,l1_name,close,pct_chg,roe,pe_ttm,cluster_id
000001.SZ,平安银行,银行,银行,11.0,0.1821,8.1514,6.891524,26
000002.SZ,万科Ａ,全国地产,房地产,3.81,-1.8041,-53.86618,47.4602,91
000006.SZ,深振业Ａ,区域地产,房地产,9.72,-0.4098,-0.7851,47.4602,13
000007.SZ,全新好,其他商业,商贸零售,13.68,-1.1561,1.8888,83.6413,91
000008.SZ,神州高铁,运输设备,机械设备,2.67,-1.1111,-32.0108,57.75575,91
000009.SZ,中国宝安,电气设备,电力设备,8.88,-1.0033,2.8333,324.9714,95
000010.SZ,美丽生态,建筑工程,建筑装饰,3.7,-0.8043,-10.156,94.2167,69
000011.SZ,深物业A,房产服务,房地产,8.41,-0.1188,1.003,147.917,21
000012.SZ,南玻Ａ,玻璃,建筑材料,4.47,-0.8869,1.123,47.81715,91
000014.SZ,沙河股份,全国地产,房地产,13.13,-1.2039,-9.7107,47.4602,69
000016.SZ,深康佳Ａ,家用电器,家用电器,3.22,-5.0147,-53.86618,35.6124,91
000017.SZ,深中华A,服饰,纺织服饰,6.37,-1.849,11.2989,106.7395,91
000019.SZ,深粮控股,农业综合,农林牧渔,8.08,4.9351,4.9154,28.718,27
000020.SZ,深华发Ａ,元器件,电子,15.49,-2.4559,1.178,126.3286,27
000021.SZ,深科技,元器件,电子,28.73,-2.4779,6.1412,44.0661,23
000025.SZ,特力Ａ,综合类,综合,15.71,-1.3191,8.0408,47.4007,93
000026.SZ,飞亚达,服饰,纺织服饰,18.09,3.9655,2.5955,84.0638,91
000027.SZ,深圳能源,火力发电,公用事业,7.07,2.3155,4.2601,15.9911,29
000028.SZ,国药一致,医药商业,医药生物,25.0,-0.7543,6.2621,12.7024,21
000029.SZ,深深房Ａ,区域地产,房地产,20.33,0.9434,2.806,205.761,90
000030.SZ,富奥股份,汽车配件,汽车,5.21,-2.4345,1.4712,13.4939,91
000031.SZ,大悦城,全国地产,房地产,2.89,-0.3448,-5.1423,47.4602,80
000032.SZ,深桑达Ａ,建筑工程,建筑装饰,18.32,-0.5969,-4.7374,141.3303,91
000034.SZ,神州数码,软件服务,计算机,36.69,-2.0032,5.1645,50.8657,33
000035.SZ,中国天楹,环境保护,环保,6.95,-0.9972,2.8896,72.2011,33
000036.SZ,华联控股,全国地产,房地产,5.05,-1.3672,0.7023,182.9987,51
000037.SZ,深南电A,火力发电,公用事业,11.58,2.6596,10.1828,43.3437,91
000039.SZ,中集集团,运输设备,机械设备,11.34,-2.2414,0.4329,276.9277,77
000042.SZ,中洲控股,全国地产,房地产,9.05,0.3326,-32.1737,47.4602,94
000045.SZ,深纺织Ａ,元器件,电子,11.82,-1.005,2.3069,87.5067,91
000048.SZ,京基智农,农业综合,农林牧渔,14.55,-1.5562,3.6504,50.4919,6
000049.SZ,德赛电池,电气设备,电力设备,28.77,-4.6404,4.3934,34.2046,43
000050.SZ,深天马Ａ,元器件,电子,8.32,-2.1176,0.6142,122.1709,1
000055.SZ,方大集团,其他建材,建筑材料,3.39,0.0,-8.8226,47.81715,22
000056.SZ,皇庭国际,其他商业,房地产,1.93,-2.5253,0.17500001,47.4602,5
000058.SZ,深赛格,商品城,商贸零售,8.07,-0.6158,3.452,143.1778,91
000059.SZ,华锦股份,石油加工,石油石化,5.29,0.9542,-16.6628,45.199,59
000060.SZ,中金岭南,铅锌,有色金属,6.49,-4.699,4.7617,35.9501,15
000061.SZ,农产品,农业综合,商贸零售,7.52,0.2667,3.5867,40.873,74
000062.SZ,深圳华强,元器件,电子,31.22,-4.3505,6.7631,70.5348,57
000063.SZ,中兴通讯,通信设备,通信,36.85,-1.3123,7.5796,31.3779,93
000065.SZ,北方国际,建筑工程,建筑装饰,13.61,-3.2694,7.0361,21.854,52
000066.SZ,中国长城,IT设备,计算机,16.19,3.7156,0.1439,92.9079,21
000068.SZ,华控赛格,环境保护,环保,3.19,0.0,-15.8824,35.3022,33
000069.SZ,华侨城Ａ,全国地产,房地产,2.17,-1.3636,-31.5435,47.4602,21
000070.SZ,特发信息,通信设备,通信,20.99,-1.2235,-39.4108,114.6508,91
000078.SZ,海王生物,医药商业,医药生物,3.33,-6.1972,1.421,38.1539,52
000088.SZ,盐田港,港口,交通运输,4.5,-0.8811,8.0565,15.8605,90
000089.SZ,深圳机场,机场,交通运输,6.88,0.0,4.084,24.1485,94
000090.SZ,天健集团,建筑工程,房地产,3.59,-1.6438,1.5348,30.022,94
000096.SZ,广聚能源,石油贸易,石油石化,9.79,1.6615,1.0958,45.199,91
000099.SZ,中信海直,空运,交通运输,17.96,-0.7735,5.7082,45.1384,77
000100.SZ,TCL科技,元器件,电子,4.26,-2.069,7.8827,19.6183,94
000151.SZ,中成股份,商贸代理,商贸零售,10.57,-2.3105,28.49996,10.3152,22
000153.SZ,丰原药业,化学制药,医药生物,6.32,-2.6194,4.8668,25.8031,21
000155.SZ,川能动力,新型电力,公用事业,16.73,-2.278,4.8437,61.4661,12
000156.SZ,华数传媒,影视音像,传媒,7.53,0.2663,3.1091,29.9126,74
000157.SZ,中联重科,工程机械,机械设备,8.0,-0.7444,8.4712,14.2407,100
000158.SZ,常山北明,软件服务,计算机,18.39,1.6022,0.6206,878.9734,5
000159.SZ,国际实业,石油贸易,电力设备,6.7,2.1341,1.8647,84.7142,33
000166.SZ,申万宏源,证券,非银金融,4.65,-0.8529,8.7875,12.2471,57
000301.SZ,东方盛虹,化纤,石油石化,12.47,-3.483,0.3698,45.199,87
000333.SZ,美的集团,家用电器,家用电器,79.85,0.6936,19.9765,13.8197,1
000338.SZ,潍柴动力,汽车配件,汽车,29.49,5.3967,12.1527,23.5056,74
000400.SZ,许继电气,电气设备,电力设备,26.15,-0.343,0.9093,24.8786,91
000401.SZ,金隅冀东,水泥,建筑材料,4.69,0.6438,0.7921,57.0041,7
000402.SZ,金融街,全国地产,房地产,2.68,-2.5455,-5.5738,47.4602,19
000403.SZ,派林生物,生物制药,医药生物,12.68,-0.9375,4.4786,21.5286,77
000404.SZ,长虹华意,家用电器,家用电器,8.64,6.7985,2.6377,11.7961,74
000407.SZ,胜利股份,供气供热,公用事业,4.74,0.4237,5.1821,26.7797,33
000408.SZ,藏格矿业,农药化肥,有色金属,87.29,-1.1326,9.2881,29.2946,5
000409.SZ,云鼎科技,软件服务,计算机,10.17,-5.3953,1.2165,97.4965,90
000410.SZ,沈阳机床,机床制造,机械设备,6.68,-2.1962,0.0434,134.6077,94
000411.SZ,英特集团,医药商业,医药生物,11.16,3.1423,10.2905,12.5763,91
000415.SZ,渤海租赁,多元金融,非银金融,4.56,-3.3898,-4.5498,21.0477,91
000417.SZ,合百集团,百货,商贸零售,6.39,-1.5408,3.4087,31.1048,87
000419.SZ,通程控股,百货,商贸零售,5.59,0.0,3.5893,24.7128,91
000420.SZ,吉林化纤,化纤,基础化工,5.26,-0.3788,0.7408,44.2648,15
000421.SZ,南京公用,供气供热,综合,5.99,0.1672,1.7621,71.5625,12
000422.SZ,湖北宜化,农药化肥,基础化工,16.28,-2.4566,12.2405,19.9209,5
000423.SZ,东阿阿胶,中成药,医药生物,52.21,-0.4006,16.843,19.337,74
000425.SZ,徐工机械,工程机械,机械设备,9.8,-1.7051,10.0308,17.3286,76
000426.SZ,兴业银锡,铅锌,有色金属,41.1,-5.7772,19.6001,42.8218,91
000428.SZ,华天酒店,酒店餐饮,社会服务,3.77,-1.0499,-10.6126,44.811447,91
000429.SZ,粤高速Ａ,路桥,交通运输,12.77,0.7098,16.6913,14.8221,20
000498.SZ,山东路桥,建筑工程,建筑装饰,5.76,0.1739,8.8033,6.891524,21
000501.SZ,武商集团,百货,商贸零售,8.26,-0.2415,1.6491,35.2036,91
000503.SZ,国新健康,软件服务,计算机,7.57,2.7137,-10.359,92.9079,40
000505.SZ,京粮控股,食品,农林牧渔,6.48,-0.6135,-8.8597,43.06775,7
000506.SZ,招金黄金,黄金,有色金属,16.48,-5.7208,23.6036,43.8226,27
000507.SZ,珠海港,新型电力,公用事业,5.28,0.5714,3.8521,16.0962,74
000509.SZ,华塑控股,元器件,电子,3.51,-2.2284,-8.315,85.9251,94
000510.SZ,新金路,化工原料,基础化工,13.62,-7.661,-6.165,44.2648,69
000513.SZ,丽珠集团,化学制药,医药生物,33.56,-0.4154,14.5816,14.7279,15
000514.SZ,渝开发,区域地产,房地产,4.72,-0.8403,0.1859,589.4245,12
000516.SZ,国际医学,医疗保健,医药生物,4.58,-0.8658,-8.3752,38.1539,91
000517.SZ,荣安地产,区域地产,房地产,1.87,-0.5319,-1.1102,47.4602,40
000519.SZ,中兵红箭,专用机械,国防军工,17.65,-1.5067,-0.5749,92.1232,91
000520.SZ,凤凰航运,水运,交通运输,3.91,-1.5113,-12.9113,19.7001,94
000521.SZ,长虹美菱,家用电器,家用电器,5.67,0.8897,1.1526,19.5315,91
000523.SZ,红棉股份,食品,综合,3.2,-0.9288,4.133,74.0093,12
000524.SZ,岭南控股,旅游服务,社会服务,10.24,0.1957,3.0765,97.9565,89
000525.SZ,红太阳,农药化肥,基础化工,5.63,-0.8803,-9.9174,81.6927,94
000526.SZ,学大教育,文教休闲,社会服务,34.54,1.4093,25.359,17.9056,19
000528.SZ,柳工,工程机械,机械设备,9.78,-0.4073,8.1233,13.6062,53
000529.SZ,广弘控股,食品,食品饮料,5.53,-1.0733,2.1177,31.0923,91
000530.SZ,冰山冷热,机械基件,机械设备,5.96,-2.2951,2.8599,47.3869,15
000531.SZ,穗恒运Ａ,火力发电,公用事业,7.19,2.1307,4.5269,24.7529,59
000532.SZ,华金资本,多元金融,非银金融,13.7,-0.94,10.4988,28.894,5
000533.SZ,顺钠股份,电气设备,电力设备,14.45,-9.9688,11.0981,97.9141,57
000534.SZ,万泽股份,生物制药,医药生物,44.01,3.0921,13.2927,113.823,19
000536.SZ,华映科技,元器件,电子,4.09,-2.1531,-53.86618,85.9251,77
000537.SZ,绿发电力,新型电力,公用事业,11.65,10.0094,4.0679,26.6531,91
000538.SZ,云南白药,中成药,医药生物,54.28,-0.3671,13.0673,18.7931,5
000539.SZ,粤电力Ａ,火力发电,公用事业,7.15,9.1603,2.5894,62.5719,69
000541.SZ,佛山照明,家用电器,家用电器,5.64,-1.2259,3.2045,40.3163,22
000543.SZ,皖能电力,火力发电,公用事业,8.31,0.8495,11.5507,7.8921,24
000544.SZ,中原环保,环境保护,环保,8.39,0.9627,10.2683,7.606,12
000545.SZ,金浦钛业,化工原料,基础化工,2.91,-3.3223,-22.6011,44.2648,77
000546.SZ,金圆股份,环境保护,环保,6.51,-2.6906,-2.478,35.3022,80
000547.SZ,航天发展,通信设备,国防军工,26.22,-3.6029,-9.8853,92.1232,77
000548.SZ,湖南投资,路桥,交通运输,5.14,-0.7722,2.057,60.9967,51
000550.SZ,江铃汽车,汽车整车,汽车,19.21,-0.4147,10.329,13.9645,74
000551.SZ,创元科技,专用机械,环保,14.98,1.4905,10.677,24.6175,74
000552.SZ,甘肃能化,煤炭开采,煤炭,2.64,0.7634,-1.6417,24.2568,89
000553.SZ,安道麦A,农药化肥,基础化工,6.09,-0.3273,-5.7195,44.2648,91
000554.SZ,泰山石油,石油贸易,石油石化,8.04,2.9449,10.3279,24.2799,80
000555.SZ,神州信息,软件服务,计算机,15.08,-2.7097,0.9959,260.7675,95
000557.SZ,西部创业,铁路,交通运输,4.65,-0.4283,4.7234,23.1799,32
000558.SZ,天府文旅,旅游景点,社会服务,4.28,-2.9478,-1.9699,44.811447,15
000559.SZ,万向钱潮,汽车配件,汽车,17.98,4.8397,11.5856,57.5622,77
000560.SZ,我爱我家,房产服务,房地产,2.9,-1.3605,-1.0355,47.4602,33
000561.SZ,烽火电子,通信设备,国防军工,9.68,-2.1234,-3.5612,92.1232,77
000563.SZ,陕国投Ａ,多元金融,非银金融,3.39,-0.2941,7.7791,12.1016,91
000564.SZ,供销大集,百货,商贸零售,1.82,-1.6216,0.4645,48.6264,80
000565.SZ,渝三峡Ａ,染料涂料,基础化工,7.17,-1.1034,1.3259,533.7922,91
000566.SZ,海南海药,化学制药,医药生物,5.13,-3.3898,-53.86618,38.1539,89
000567.SZ,海德股份,多元金融,非银金融,5.41,-1.6364,3.2202,21.0477,91
000568.SZ,泸州老窖,白酒,食品饮料,101.85,1.6061,22.1749,11.8583,57
000570.SZ,苏常柴Ａ,农用机械,汽车,6.8,0.4431,1.4934,94.4238,69
000571.SZ,新大洲A,煤炭开采,煤炭,5.89,-3.9152,-53.86618,24.2568,12
000572.SZ,海马汽车,汽车整车,汽车,5.56,-2.1127,-8.8259,37.8809,91
000573.SZ,粤宏远Ａ,区域地产,房地产,4.8,-2.0408,4.3134,44.6529,34
000576.SZ,甘化科工,电气设备,国防军工,9.47,-2.572,4.6458,54.5538,5
000581.SZ,威孚高科,汽车配件,汽车,19.25,1.476,5.3733,17.4229,5
000582.SZ,北部湾港,港口,交通运输,10.96,0.4583,5.6594,26.5767,80
000586.SZ,汇源通信,通信设备,通信,19.14,-7.4915,-0.5739,114.6508,74
000589.SZ,贵州轮胎,汽车配件,汽车,4.62,0.8734,5.0844,14.2235,89
000590.SZ,古汉医药,中成药,医药生物,10.77,-1.7336,-8.8173,38.1539,5
000591.SZ,太阳能,新型电力,公用事业,5.69,3.4545,4.7073,21.0759,94
000592.SZ,平潭发展,林业,农林牧渔,10.71,-3.3394,1.6416,43.06775,52
000593.SZ,德龙汇能,供气供热,公用事业,19.64,10.028,2.8758,1393.4236,53
000596.SZ,古井贡酒,白酒,食品饮料,109.86,4.6984,15.8033,12.2749,93
000597.SZ,东北制药,化学制药,医药生物,5.08,-0.7813,4.7933,27.8756,24
000598.SZ,兴蓉环境,水务,环保,6.91,1.6176,9.3734,10.2881,91
000599.SZ,青岛双星,汽车配件,汽车,5.36,0.3745,-17.914,37.8809,77
000600.SZ,建投能源,火力发电,公用事业,9.45,0.639,13.6045,10.1549,13
000601.SZ,韶能股份,水力发电,公用事业,7.51,5.1821,4.0616,152.497,34
000603.SZ,盛达资源,铅锌,有色金属,38.43,-6.7007,10.1883,50.4588,12
000605.SZ,渤海股份,水务,环保,6.64,-0.4498,0.6205,136.1389,21
000607.SZ,华媒控股,广告包装,传媒,3.91,-0.7614,-3.6784,46.5064,53
000610.SZ,西安旅游,旅游服务,社会服务,8.22,-3.5211,-40.8834,44.811447,77
000612.SZ,焦作万方,铝,有色金属,13.13,-2.6686,15.9566,14.6142,24
000617.SZ,中油资本,多元金融,非银金融,9.43,2.1668,3.8698,27.6797,74
000619.SZ,海螺新材,其他建材,建筑材料,5.88,-0.339,-3.3573,47.81715,94
000620.SZ,盈新发展,全国地产,房地产,2.74,-1.7921,-10.3853,47.4602,91
000623.SZ,吉林敖东,中成药,医药生物,17.92,-1.1583,8.025,8.9471,24
000625.SZ,长安汽车,汽车整车,汽车,10.01,0.1,5.2955,24.3492,91
000626.SZ,远大控股,商贸代理,交通运输,8.99,3.0963,1.362,19.7001,91
000628.SZ,高新发展,建筑工程,建筑装饰,63.33,4.6777,4.4236,194.4022,32
000629.SZ,钒钛股份,小金属,钢铁,3.45,-1.9886,-0.7539,28.3998,40
000630.SZ,铜陵有色,铜,有色金属,6.3,-3.5222,6.8151,34.9811,91
000631.SZ,顺发恒能,综合类,房地产,3.22,0.3115,1.0157,125.5741,69
000632.SZ,三木集团,综合类,综合,4.6,-0.2169,-14.4022,72.785904,11
000633.SZ,合金投资,小金属,有色金属,6.39,-2.2936,0.767,332.8714,12
000635.SZ,英力特,化工原料,基础化工,7.9,-1.7413,-11.0839,44.2648,80
000636.SZ,风华高科,元器件,电子,22.16,-1.4235,2.2909,90.4974,57
000637.SZ,茂化实华,石油加工,石油石化,4.43,-0.4494,-15.6222,45.199,1
000639.SZ,西王食品,食品,食品饮料,2.03,-1.9324,0.0764,29.62085,74
000650.SZ,仁和药业,中成药,医药生物,5.71,-0.5226,6.0538,17.9484,74
000651.SZ,格力电器,家用电器,家用电器,36.96,0.0541,15.2294,6.891524,91
000652.SZ,泰达股份,批发业,综合,4.22,1.199,-5.1329,72.785904,2
000655.SZ,金岭矿业,普钢,钢铁,8.34,-2.5701,0.9995,19.539,74
000657.SZ,中钨高新,小金属,有色金属,56.57,-2.6836,9.7108,100.6509,15
000659.SZ,珠海中富,广告包装,轻工制造,4.02,-1.9512,-27.2913,38.3958,93
000661.SZ,长春高新,生物制药,医药生物,85.62,-1.654,0.6886,38.1539,15
000663.SZ,永安林业,林业,农林牧渔,6.32,-0.3155,-1.9585,43.06775,33
000665.SZ,湖北广电,影视音像,传媒,4.59,-1.0776,-9.2152,46.5064,27
000670.SZ,盈方微,元器件,电子,7.53,-4.0764,-30.8017,85.9251,12
000672.SZ,上峰水泥,水泥,建筑材料,13.39,-2.7596,5.9255,17.2832,19
000676.SZ,智度股份,互联网,传媒,7.5,-1.4455,2.8293,53.4669,51
000677.SZ,恒天海龙,化纤,基础化工,4.19,-4.9887,0.5426,490.9316,74
000678.SZ,襄阳轴承,汽车配件,汽车,12.13,0.6639,-3.3638,37.8809,91
000679.SZ,大连友谊,百货,商贸零售,6.73,-1.0294,-47.28,48.6264,74
000680.SZ,山推股份,工程机械,机械设备,10.98,-1.7889,21.2202,13.6019,20
000681.SZ,视觉中国,互联网,传媒,20.69,-1.8035,2.3116,174.5801,2
000682.SZ,东方电子,电气设备,电力设备,13.58,0.9665,9.3262,19.9641,100
000683.SZ,博源化工,化工原料,基础化工,8.87,0.453,6.9643,32.225,21
000685.SZ,中山公用,水务,环保,11.64,0.7792,6.8262,12.3682,77
000686.SZ,东北证券,证券,非银金融,8.3,-1.0727,5.4623,13.245,61
000688.SZ,国城矿业,铅锌,有色金属,40.97,-7.0132,12.6095,59.3494,12
000690.SZ,宝新能源,火力发电,公用事业,5.48,2.0484,8.2058,11.6388,74
000692.SZ,惠天热电,供气供热,公用事业,4.46,0.4505,-53.86618,27.54705,59
000695.SZ,滨海能源,化工原料,电力设备,14.57,-1.6869,-53.86618,59.1951,87
000700.SZ,模塑科技,汽车配件,汽车,11.25,-4.418,9.9973,22.3396,5
000701.SZ,厦门信达,商贸代理,汽车,5.71,-2.3932,0.2972,37.8809,91
000702.SZ,正虹科技,饲料,农林牧渔,6.73,-1.1747,-4.026,43.06775,5
000703.SZ,恒逸石化,化纤,石油石化,14.98,-0.0667,7.7458,25.9989,59
000705.SZ,浙江震元,医药商业,医药生物,8.53,-1.0441,2.8185,60.357,19
000707.SZ,双环科技,化工原料,基础化工,6.0,-4.3062,-1.0115,44.2648,15
000708.SZ,中信特钢,特种钢,钢铁,15.71,-4.0904,3.4087,13.0922,21
000709.SZ,河钢股份,普钢,钢铁,2.29,-0.8658,1.4027,24.6145,102
000710.SZ,贝瑞基因,医疗保健,医药生物,9.7,-2.7081,-3.1865,38.1539,74
000712.SZ,锦龙股份,证券,非银金融,10.34,-1.711,6.1653,58.3036,77
000713.SZ,国投丰乐,种植业,农林牧渔,6.48,0.6211,-4.6328,103.0798,13
000715.SZ,中兴商业,百货,商贸零售,6.61,9.9834,5.7945,31.2749,77
000716.SZ,黑芝麻,食品,食品饮料,4.99,-1.7717,0.2667,87.7686,77
000717.SZ,中南股份,普钢,钢铁,2.41,-0.4132,-0.8538,28.3998,74
000718.SZ,苏宁环球,区域地产,房地产,2.08,-0.9524,1.0682,47.4602,15
000719.SZ,中原传媒,出版业,传媒,14.49,-0.069,11.5811,10.7776,80
000720.SZ,新能泰山,电气设备,电力设备,4.87,-3.1809,-0.1682,59.1951,36
000721.SZ,西安饮食,酒店餐饮,社会服务,7.68,-1.6645,-32.5814,44.811447,43
000722.SZ,湖南发展,水力发电,公用事业,15.63,6.9815,2.3052,100.5685,87
000723.SZ,美锦能源,焦炭加工,煤炭,4.51,1.5766,-5.2437,24.2568,90
000725.SZ,京东方Ａ,元器件,电子,4.19,-1.8735,4.3804,26.501,15
000726.SZ,鲁泰Ａ,纺织,纺织服饰,6.68,0.0,6.1672,9.2001,74
000727.SZ,冠捷科技,元器件,电子,2.67,-2.5547,-22.7375,85.9251,74
000728.SZ,国元证券,证券,非银金融,7.36,-0.5405,1.4077,13.7982,7
000729.SZ,燕京啤酒,啤酒,食品饮料,12.95,1.0929,11.157,21.7377,21
000731.SZ,四川美丰,农药化肥,基础化工,7.18,-1.1019,-0.1774,52.4942,102
000733.SZ,振华科技,元器件,国防军工,46.8,-1.8662,4.1488,27.334,15
000735.SZ,罗牛山,农业综合,农林牧渔,6.81,-1.8732,3.5795,50.9963,76
000737.SZ,北方铜业,铜,有色金属,13.84,-2.8772,10.6932,34.8935,27
000738.SZ,航发控制,航空,国防军工,21.45,0.2336,2.6959,84.356,74
000739.SZ,普洛药业,化学制药,医药生物,18.48,0.4348,3.8609,24.0229,91
000750.SZ,国海证券,证券,非银金融,3.83,-1.0336,3.4444,31.797,30
000751.SZ,锌业股份,铅锌,有色金属,6.74,6.4771,1.4368,159.0706,24
000753.SZ,漳州发展,综合类,综合,6.33,-2.3148,1.7923,96.5586,27
000755.SZ,山西高速,路桥,交通运输,5.19,1.1696,7.2347,16.046,91
000756.SZ,新华制药,化学制药,医药生物,14.36,-0.9655,5.6839,34.5111,32
000757.SZ,浩物股份,汽车服务,汽车,4.68,-1.4737,2.7218,53.4297,87
000758.SZ,中色股份,铅锌,有色金属,6.93,-3.8835,8.2716,25.2388,22
000759.SZ,中百集团,超市连锁,商贸零售,5.23,-2.0599,-53.86618,48.6264,102
000761.SZ,本钢板材,普钢,钢铁,2.98,0.3367,-39.7748,28.3998,34
000762.SZ,西藏矿业,小金属,有色金属,35.72,-4.1074,-1.0247,50.4728,15
000766.SZ,通化金马,化学制药,医药生物,22.96,-3.2448,1.5018,647.2149,96
000767.SZ,晋控电力,火力发电,公用事业,4.15,0.9732,1.7506,64.3862,43
000768.SZ,中航西飞,航空,国防军工,24.28,0.3306,5.3258,58.6439,13
000776.SZ,广发证券,证券,非银金融,20.32,-0.3433,9.0227,11.6046,74
000777.SZ,中核科技,机械基件,机械设备,22.08,-1.1638,5.0185,37.5943,5
000778.SZ,新兴铸管,钢加工,钢铁,4.61,-1.4957,3.6582,19.2895,22
000779.SZ,甘咨询,建筑工程,建筑装饰,8.65,0.8159,4.0661,20.6929,89
000782.SZ,恒申新材,化纤,基础化工,6.27,0.6421,-9.0264,44.2648,12
000783.SZ,长江证券,证券,非银金融,7.2,-0.9629,8.3491,10.5512,102
000785.SZ,居然智家,百货,商贸零售,2.55,-0.3906,1.9506,48.6264,74
000786.SZ,北新建材,其他建材,建筑材料,24.88,-1.6989,11.0011,14.572,34
000788.SZ,北大医药,化学制药,医药生物,6.31,-3.0722,8.6896,26.1871,71
000789.SZ,万年青,水泥,建筑材料,5.09,0.9921,0.4293,139.8776,91
000790.SZ,华神科技,中成药,医药生物,3.85,-2.2843,-36.7951,38.1539,12
000791.SZ,甘肃能源,水力发电,公用事业,8.53,3.5194,14.3372,13.488,80
000792.SZ,盐湖股份,农药化肥,基础化工,35.69,-2.8315,20.7902,18.3884,74
000795.SZ,英洛华,矿物制品,有色金属,9.18,-2.1322,9.3656,41.6352,27
000796.SZ,凯撒旅业,旅游服务,社会服务,5.12,-1.9157,-3.3962,44.811447,74
000797.SZ,中国武夷,全国地产,房地产,2.7,-1.0989,-2.8781,47.4602,74
000798.SZ,中水渔业,渔业,农林牧渔,9.86,-1.8905,21.0783,43.0709,12
000799.SZ,酒鬼酒,白酒,食品饮料,44.25,2.9549,-0.2537,29.62085,77
000800.SZ,一汽解放,汽车整车,汽车,7.08,0.8547,2.745,48.089,89
000801.SZ,四川九洲,家用电器,家用电器,14.05,-1.7483,5.8154,79.7058,102
000802.SZ,北京文化,影视音像,传媒,4.14,-2.3585,-47.4664,46.5064,14
000803.SZ,山高环能,环境保护,环保,7.83,0.9021,3.6321,47.1596,74
000807.SZ,云铝股份,铝,有色金属,33.55,-1.9579,20.0643,19.2165,21
000809.SZ,和展能源,电气设备,房地产,3.55,-0.838,-2.3038,47.4602,59
000810.SZ,创维数字,家用电器,家用电器,12.66,-1.4019,1.266,56.5672,102
000811.SZ,冰轮环境,工程机械,机械设备,22.43,0.0892,9.2599,39.4434,2
000812.SZ,陕西金叶,广告包装,轻工制造,3.88,0.2584,0.6548,38.3958,69
000813.SZ,德展健康,化学制药,医药生物,3.37,1.2012,-1.2043,38.1539,12
000815.SZ,美利云,通信设备,计算机,20.37,-3.5511,2.4241,92.9079,21
000816.SZ,智慧农业,农用机械,汽车,3.13,-2.1875,-3.4152,37.8809,12
000818.SZ,航锦科技,化工原料,基础化工,14.65,0.9649,0.6598,44.2648,77
000819.SZ,岳阳兴长,石油加工,石油石化,16.67,-2.6285,-2.4663,45.199,15
000822.SZ,山东海化,化工原料,基础化工,6.1,1.3289,-30.738,44.2648,30
000823.SZ,超声电子,元器件,电子,15.97,-3.0947,4.605,38.5523,17
000825.SZ,太钢不锈,特种钢,钢铁,4.5,-1.9608,1.7288,181.3854,101
000826.SZ,启迪环境,环境保护,环保,1.87,-3.1088,-53.86618,35.3022,91
000828.SZ,东莞控股,路桥,交通运输,10.11,0.2976,8.2259,12.7619,27
000829.SZ,天音控股,其他商业,商贸零售,12.14,5.1993,-1.9368,48.6264,34
000830.SZ,鲁西化工,化工原料,基础化工,16.16,3.0612,5.4231,20.8333,80
000831.SZ,中国稀土,小金属,有色金属,51.11,-7.3759,4.0561,500.9397,95
000833.SZ,粤桂股份,综合类,综合,24.97,-4.2561,12.81,41.7289,91
000837.SZ,秦川机床,机床制造,机械设备,10.77,-1.8232,1.0922,208.3284,51
000838.SZ,财信发展,区域地产,房地产,1.71,-1.7241,-4.4908,47.4602,74
000839.SZ,国安股份,综合类,通信,3.08,-1.9108,0.5772,114.6508,91
000848.SZ,承德露露,软饮料,食品饮料,8.39,0.7203,11.0288,13.5675,52
000850.SZ,华茂股份,纺织,纺织服饰,4.67,-2.0964,3.8186,14.3741,19
000852.SZ,石化机械,化工机械,机械设备,7.28,1.5342,0.2209,361.4152,20
000856.SZ,冀东装备,专用机械,机械设备,10.52,-1.5903,6.1302,91.4431,12
000858.SZ,五粮液,白酒,食品饮料,101.18,0.5366,15.6003,13.8125,33
000859.SZ,国风新材,塑料,基础化工,9.51,-2.261,-2.6302,44.2648,19
000860.SZ,顺鑫农业,白酒,食品饮料,12.9,1.0972,1.1003,29.62085,89
000862.SZ,银星能源,新型电力,公用事业,7.03,5.2395,1.2853,235.7407,15
000863.SZ,三湘印象,区域地产,房地产,4.44,-3.8961,0.1641,47.4602,13
000868.SZ,安凯客车,汽车整车,汽车,4.3,-0.9217,-6.6469,37.8809,5
000869.SZ,张裕Ａ,红黄酒,食品饮料,19.04,0.4219,0.6801,175.5313,15
000875.SZ,电投绿能,火力发电,公用事业,6.64,2.6275,3.0257,145.2069,93
000876.SZ,新希望,饲料,农林牧渔,8.68,0.0,2.9561,36.1779,74
000877.SZ,天山股份,水泥,建筑材料,4.71,-0.2119,-9.2352,47.81715,51
000878.SZ,云南铜业,铜,有色金属,19.35,-2.2727,8.63,36.0575,21
000880.SZ,潍柴重机,专用机械,汽车,31.55,-1.7134,11.534,60.964,59
000881.SZ,中广核技,化工原料,基础化工,7.66,-2.4204,-1.9481,44.2648,15
000882.SZ,华联股份,其他商业,商贸零售,1.58,-1.25,-2.0124,48.6264,74
000883.SZ,湖北能源,水力发电,公用事业,4.9,0.823,6.8171,18.2961,74
000885.SZ,城发环境,环境保护,环保,14.39,5.4212,3.2584,7.2334,5
000886.SZ,海南高速,区域地产,交通运输,5.6,-1.4085,-0.3509,508.6498,91
000887.SZ,中鼎股份,汽车配件,汽车,18.35,-1.8192,9.6521,16.0309,89
000888.SZ,峨眉山Ａ,旅游景点,社会服务,12.25,-1.0501,8.7699,28.6963,27
000889.SZ,中嘉博创,通信设备,通信,4.35,-5.8442,-30.392,114.6508,87
000890.SZ,法尔胜,环境保护,环保,16.76,9.9738,-53.86618,35.3022,5
000892.SZ,欢瑞世纪,影视音像,传媒,5.51,-9.9673,-4.0633,46.5064,5
000893.SZ,亚钾国际,农药化肥,基础化工,52.09,-2.1784,10.8361,26.8126,34
000895.SZ,双汇发展,食品,食品饮料,29.02,0.3111,24.0324,19.6968,6
000897.SZ,津滨发展,区域地产,房地产,2.07,-1.4286,0.5795,21.5559,34
000898.SZ,鞍钢股份,普钢,钢铁,2.3,-0.4329,-8.8861,28.3998,77
000899.SZ,赣能股份,火力发电,公用事业,13.37,0.8296,16.5018,12.9591,91
000900.SZ,现代投资,路桥,交通运输,4.11,0.489,3.2361,15.4207,80
000901.SZ,航天科技,汽车配件,汽车,22.83,-2.3107,2.2374,154.4422,34
000902.SZ,新洋丰,农药化肥,基础化工,15.47,-3.0094,12.3915,12.3185,77
000905.SZ,厦门港务,港口,交通运输,10.85,0.463,4.0989,81.3387,43
000906.SZ,浙商中拓,仓储物流,交通运输,5.78,0.6969,3.3124,20.8345,87
000910.SZ,大亚圣象,家居用品,轻工制造,6.89,-0.1449,0.1989,282.7891,74
000911.SZ,广农糖业,食品,农林牧渔,5.81,-3.1667,-3.5951,46.2793,5
000912.SZ,泸天化,农药化肥,基础化工,4.94,0.4065,0.4998,243.6805,95
000913.SZ,钱江摩托,摩托车,汽车,13.84,-1.2839,19.2345,8.5559,91
000915.SZ,华特达因,化学制药,医药生物,30.13,-0.1326,14.1623,12.6477,77
000917.SZ,电广传媒,广告包装,传媒,10.0,0.7049,1.2748,84.8546,51
000919.SZ,金陵药业,化学制药,医药生物,7.47,-3.2383,1.4247,86.1691,94
000920.SZ,沃顿科技,塑料,基础化工,11.54,-3.8333,2.2026,24.7685,80
000921.SZ,海信家电,家用电器,家用电器,22.49,-0.4427,19.3568,9.774,76
000922.SZ,佳电股份,电气设备,电力设备,14.1,0.0,6.3956,38.5688,52
000923.SZ,河钢资源,普钢,钢铁,18.58,-1.5368,5.4055,23.0459,87
000925.SZ,众合科技,运输设备,机械设备,8.36,10.0,-1.3767,86.5149,59
000926.SZ,福星股份,区域地产,房地产,1.95,-1.5152,-9.6019,47.4602,15
000927.SZ,中国铁物,仓储物流,机械设备,2.93,1.0345,6.0436,30.7811,43
000928.SZ,中钢国际,建筑工程,建筑装饰,6.83,-1.8678,6.622,13.0533,91
000930.SZ,中粮科技,农业综合,农林牧渔,6.41,0.6279,0.7477,125.6439,74
000931.SZ,中关村,化学制药,医药生物,4.99,-1.7717,2.9707,78.4811,77
000932.SZ,华菱钢铁,普钢,钢铁,4.92,-1.992,4.7746,12.9145,91
000933.SZ,神火股份,铝,有色金属,32.78,-1.1758,8.8986,13.1958,89
000935.SZ,四川双马,水泥,非银金融,28.63,-1.1054,3.8513,60.9918,15
000936.SZ,华西股份,化纤,基础化工,8.35,-0.7134,6.2525,23.2782,80
000937.SZ,冀中能源,煤炭开采,煤炭,5.68,1.9749,2.0359,50.0116,77
000938.SZ,紫光股份,IT设备,计算机,31.2,4.2781,12.0057,52.9418,94
000948.SZ,南天信息,软件服务,计算机,15.2,-1.1704,1.3475,161.8373,57
000949.SZ,新乡化纤,化纤,基础化工,8.13,0.1232,3.0022,68.0325,12
000950.SZ,重药控股,医药商业,医药生物,6.07,0.6633,3.3562,27.9901,33
000951.SZ,中国重汽,汽车整车,汽车,24.14,-1.8699,10.5806,17.0257,2
000952.SZ,广济药业,化学制药,医药生物,6.56,-1.6492,-9.5843,38.1539,27
000953.SZ,河化股份,化学制药,医药生物,6.51,-1.214,5.3034,301.8104,15
000955.SZ,欣龙控股,纺织,纺织服饰,4.99,-0.5976,0.1107,1393.4236,5
000957.SZ,中通客车,汽车整车,汽车,12.52,1.7886,9.1314,22.4278,12
000958.SZ,电投产融,新型电力,非银金融,6.23,1.6313,3.0618,120.6038,76
000959.SZ,首钢股份,普钢,钢铁,4.45,-2.4123,1.9923,40.9939,12
000960.SZ,锡业股份,小金属,有色金属,37.37,-7.9103,9.2283,31.2737,14
000962.SZ,东方钽业,小金属,有色金属,47.58,-6.6876,9.6328,97.177,19
000963.SZ,华东医药,化学制药,医药生物,34.09,-0.2049,11.6455,16.1682,19
000965.SZ,天保基建,区域地产,房地产,3.53,-1.3966,0.3529,203.9472,74
000966.SZ,长源电力,火力发电,公用事业,4.6,3.8375,2.4902,27.54705,33
000967.SZ,盈峰环境,环境保护,环保,13.73,0.5861,2.7038,116.0126,91
000968.SZ,蓝焰控股,石油开采,石油石化,9.25,4.8753,4.4232,22.3311,57
000969.SZ,安泰科技,小金属,有色金属,21.2,-3.942,6.454,61.0372,74
000970.SZ,中科三环,矿物制品,有色金属,11.99,-2.6786,1.4096,159.623,15
000973.SZ,佛塑科技,塑料,基础化工,17.26,-5.2169,3.7413,392.7729,43
000975.SZ,山金国际,黄金,有色金属,28.21,-5.3356,8.9473,21.3341,12
000977.SZ,浪潮信息,IT设备,计算机,73.83,-0.4987,11.5566,44.9331,5
000978.SZ,桂林旅游,旅游景点,社会服务,7.12,-1.9284,1.0239,302.1078,32
000980.SZ,众泰汽车,汽车配件,汽车,2.2,-7.9498,-53.86618,37.8809,74
000981.SZ,山子高科,汽车配件,汽车,3.93,-3.202,28.49996,37.8809,87
000983.SZ,山西焦煤,煤炭开采,煤炭,6.5,1.4041,3.9314,21.7577,32
000985.SZ,大庆华科,化工原料,石油石化,18.88,-0.3694,2.1698,45.199,33
000987.SZ,越秀资本,多元金融,非银金融,9.12,-0.5453,10.9297,13.0013,33
000988.SZ,华工科技,专用机械,机械设备,117.65,-2.7284,13.8528,80.4309,87
000989.SZ,九芝堂,中成药,医药生物,9.87,0.4069,4.3479,31.1733,90
000990.SZ,诚志股份,化工原料,基础化工,12.4,3.8526,1.3064,213.0071,5
000993.SZ,闽东电力,水力发电,公用事业,13.22,3.9308,2.3191,102.827,43
000995.SZ,皇台酒业,白酒,食品饮料,14.04,2.8571,-4.7653,29.62085,15
000997.SZ,新大陆,IT设备,计算机,21.04,-0.7547,13.0738,19.2206,87
000998.SZ,隆平高科,种植业,农林牧渔,9.68,-0.5139,2.8984,85.7801,1
000999.SZ,华润三九,中成药,医药生物,27.28,-0.3652,16.2615,13.2709,77
001201.SZ,东瑞股份,农业综合,农林牧渔,13.0,-0.8391,0.3381,147.0184,74
001202.SZ,炬申股份,仓储物流,交通运输,16.5,-2.884,9.0497,37.9474,74
001203.SZ,大中矿业,普钢,钢铁,44.77,-0.9513,9.033,100.8908,74
001205.SZ,盛航股份,水运,交通运输,14.46,-1.9661,1.8006,24.7075,12
001206.SZ,依依股份,造纸,美容护理,19.65,-2.0927,9.8157,19.8513,91
001207.SZ,联科科技,化工原料,基础化工,17.56,-2.2272,2.7322,19.3688,77
001208.SZ,华菱线缆,电气设备,电力设备,20.66,-5.2728,4.859,119.6816,51
001209.SZ,洪兴股份,服饰,纺织服饰,20.55,-0.6767,1.3358,105.5887,32
001210.SZ,金房能源,供气供热,公用事业,20.8,-1.0466,10.3664,24.2662,69
001211.SZ,双枪科技,家居用品,轻工制造,31.41,-1.7516,0.9724,99.5899,18
001212.SZ,中旗新材,其他建材,建筑材料,50.05,-4.5758,0.2106,47.81715,7
001213.SZ,中铁特货,铁路,交通运输,4.02,0.0,2.4743,31.5244,6
001215.SZ,千味央厨,食品,食品饮料,43.4,10.0127,2.9152,75.4155,74
001216.SZ,华瓷股份,家居用品,轻工制造,18.38,-2.286,10.6972,20.5259,33
001217.SZ,华尔泰,化工原料,基础化工,11.98,-0.3328,0.9755,44.2648,91
001218.SZ,丽臣实业,化工原料,基础化工,24.1,-6.8419,7.1044,19.4279,80
001219.SZ,青岛食品,食品,食品饮料,14.89,0.1345,10.6212,26.1864,1
001220.SZ,世盟股份,仓储物流,交通运输,43.79,-0.9052,18.4753,25.4088,32
001221.SZ,悍高集团,家居用品,轻工制造,63.8,0.4566,21.5514,38.3958,15
001222.SZ,源飞宠物,文教休闲,轻工制造,19.28,-1.6327,9.4621,21.0599,91
001223.SZ,欧克科技,专用机械,机械设备,57.51,-1.6923,4.8214,79.0109,96
001225.SZ,和泰机电,专用机械,机械设备,48.76,-2.7717,2.4254,94.1787,12
001226.SZ,拓山重工,工程机械,机械设备,44.63,-1.9552,2.2472,155.3851,15
001227.SZ,兰州银行,银行,银行,2.25,0.4464,3.9603,6.891524,77
001228.SZ,永泰运,仓储物流,交通运输,33.62,-1.7821,5.6159,37.6276,34
001229.SZ,魅视科技,IT设备,计算机,38.22,-2.9457,4.0897,57.5225,59
001230.SZ,劲旅环境,环境保护,环保,27.92,-0.3924,6.61,24.741,43
001231.SZ,农心科技,农药化肥,基础化工,23.34,-2.0562,4.0837,36.1098,12
001233.SZ,海安集团,汽车配件,汽车,68.51,-2.5462,25.734,19.9227,15
001234.SZ,泰慕士,服饰,纺织服饰,32.52,10.0135,5.1443,75.5354,30
001236.SZ,弘业期货,多元金融,非银金融,9.02,-1.7429,0.2134,1393.4236,26
001238.SZ,浙江正特,家居用品,轻工制造,46.98,-0.5925,4.1665,38.3958,76
001239.SZ,永达股份,工程机械,机械设备,14.88,-0.8661,3.5725,75.1298,20
001255.SZ,博菲电气,电气设备,基础化工,35.82,-2.6101,0.9845,387.6924,91
001256.SZ,炜冈科技,轻工机械,机械设备,23.48,-2.0851,6.8895,36.7345,51
001257.SZ,盛龙股份,小金属,有色金属,22.96,-5.3196,16.9955,47.6893,94
001258.SZ,立新能源,新型电力,公用事业,9.58,1.5907,2.8579,88.7188,74
001259.SZ,利仁科技,家用电器,家用电器,31.34,-1.2602,0.58,470.8818,77
001260.SZ,坤泰股份,汽车配件,汽车,21.38,-0.8349,4.6045,55.1543,21
001266.SZ,宏英智能,电器仪表,机械设备,32.08,-2.3737,1.2632,82.9235,26
001267.SZ,汇绿生态,通信设备,建筑装饰,50.92,10.0022,5.5232,453.8994,26
001268.SZ,联合精密,机械基件,家用电器,37.71,0.4529,5.8313,50.3824,74
001269.SZ,欧晶科技,矿物制品,电力设备,21.72,-0.5495,-8.5577,59.1951,21
001277.SZ,速达股份,专用机械,机械设备,35.24,-0.9277,5.6403,30.9368,77
001278.SZ,一彬科技,汽车配件,汽车,21.23,-3.0594,-5.8428,37.8809,94
001279.SZ,强邦新材,广告包装,轻工制造,31.34,-1.6013,4.5932,85.9234,76
001280.SZ,中国铀业,小金属,有色金属,82.59,-1.0306,14.6897,100.1107,76
001282.SZ,三联锻造,汽车配件,汽车,22.12,2.8837,6.9388,44.7752,102
001283.SZ,豪鹏科技,电气设备,电力设备,73.13,1.4286,6.8415,35.9908,5
001285.SZ,瑞立科密,汽车配件,汽车,52.46,-1.576,12.1366,28.3822,91
001286.SZ,陕西能源,火力发电,公用事业,11.62,0.3454,3.2929,13.6411,91
001287.SZ,中电港,元器件,电子,26.8,-2.7929,4.8503,58.8962,26
001288.SZ,运机集团,专用机械,机械设备,27.7,-1.3181,8.5472,33.2384,100
001289.SZ,龙源电力,新型电力,公用事业,16.36,1.4259,6.1079,30.2165,5
001296.SZ,长江材料,其他建材,基础化工,25.36,-0.51,6.5491,26.6659,21
001298.SZ,好上好,元器件,电子,21.41,-2.5046,4.7422,121.5244,52
001299.SZ,美能能源,供气供热,公用事业,15.28,5.7439,8.1598,36.1753,77
001300.SZ,三柏硕,文教休闲,轻工制造,17.18,-3.9687,-0.4399,38.3958,69
001301.SZ,尚太科技,电气设备,电力设备,74.98,1.0785,14.2474,20.6751,91
001306.SZ,夏厦精密,机械基件,机械设备,67.41,-2.4881,-1.2763,57.75575,0
001308.SZ,康冠科技,元器件,电子,20.14,-1.4677,6.4901,28.0544,90
001309.SZ,德明利,半导体,电子,494.69,-5.7733,23.9427,163.03,57
001311.SZ,多利科技,汽车配件,汽车,29.65,-5.8132,5.1002,39.2758,74
001312.SZ,,,纺织服饰,26.93,-7.457,19.3689,27.2794,40
001313.SZ,粤海饲料,饲料,农林牧渔,8.41,-0.7084,1.022,716.6427,34
001314.SZ,亿道信息,元器件,电子,48.5,10.0023,2.0341,62.9764,22
001316.SZ,润贝航科,批发业,石油石化,50.19,-2.977,14.6968,31.4209,102
001317.SZ,三羊马,铁路,交通运输,49.31,-1.5965,-1.3516,19.7001,12
001318.SZ,阳光乳业,乳制品,食品饮料,13.51,0.0,6.1388,32.7844,69
001319.SZ,铭科精技,汽车配件,汽车,24.96,-2.5,7.5096,26.1756,91
001322.SZ,箭牌家居,家居用品,轻工制造,7.15,-0.9695,0.6785,102.7184,80
001323.SZ,慕思股份,家居用品,轻工制造,24.43,0.3285,10.4528,14.93,69
001324.SZ,长青科技,运输设备,机械设备,20.3,-0.7335,3.2686,58.1914,22
001325.SZ,元创股份,橡胶,基础化工,65.59,0.5673,5.8303,31.7676,94
001326.SZ,联域股份,电气设备,家用电器,53.38,-2.4132,1.6033,145.7545,56
001328.SZ,登康口腔,日用化工,美容护理,34.09,-3.0984,12.2369,30.9381,15
001330.SZ,博纳影业,影视音像,传媒,8.44,3.1785,-23.4362,46.5064,20
001331.SZ,胜通能源,供气供热,公用事业,49.15,-0.4456,2.9718,1393.4236,15
001332.SZ,锡装股份,专用机械,机械设备,57.33,-1.0186,8.0766,25.6455,12
001333.SZ,光华股份,化工原料,基础化工,24.25,-2.3359,1.3945,27.0215,12
001335.SZ,信凯科技,化工原料,基础化工,45.04,0.1334,7.8854,41.0406,80
001336.SZ,楚环科技,专用机械,环保,25.79,-1.2256,2.5017,78.4628,91
001337.SZ,四川黄金,黄金,有色金属,47.55,-3.5301,28.3398,42.8724,34
001338.SZ,永顺泰,啤酒,农林牧渔,12.64,0.7974,6.4611,26.7924,12
001339.SZ,智微智能,IT设备,计算机,73.4,-0.851,6.028,106.6202,30
001356.SZ,富岭股份,塑料,轻工制造,10.81,-0.552,5.4381,69.6063,24
001358.SZ,兴欣新材,化工原料,基础化工,27.63,-0.6472,3.346,70.4547,91
001359.SZ,平安电工,矿物制品,基础化工,82.3,-2.0238,10.535,59.9468,102
001360.SZ,南矿集团,工程机械,机械设备,21.04,-2.3666,4.0115,83.7536,15
001366.SZ,播恩集团,饲料,农林牧渔,14.5,-2.8801,-1.2334,43.06775,94
001367.SZ,海森药业,化学制药,医药生物,25.91,-2.594,9.576,29.0508,77
001368.SZ,通达创智,文教休闲,轻工制造,28.4,-0.5254,7.1589,32.9074,5
001369.SZ,双欣材料,化纤,基础化工,15.77,-1.9888,9.311,33.7348,33
001373.SZ,翔腾新材,元器件,电子,34.62,-1.3394,-2.0689,85.9251,77
001376.SZ,百通能源,供气供热,公用事业,15.87,-1.7337,11.6728,41.9217,20
001378.SZ,德冠新材,塑料,基础化工,25.05,-1.1444,4.3866,40.4455,80
001379.SZ,腾达科技,机械基件,机械设备,21.39,-1.6552,4.2632,51.9963,80
001380.SZ,华纬科技,汽车配件,汽车,19.18,-1.4895,15.2116,18.8851,21
001382.SZ,新亚电缆,电气设备,电力设备,20.41,-1.2579,7.094,87.7261,1
001386.SZ,马可波罗,家居用品,轻工制造,19.48,1.3001,10.4242,18.5898,27
001387.SZ,雪祺电气,家用电器,家用电器,13.14,-1.4254,3.7496,25.6111,102
001388.SZ,信通电子,电气设备,电力设备,38.41,-1.6641,6.2797,43.5301,69
001389.SZ,广合科技,元器件,电子,168.38,6.22,28.49996,78.3188,74
001390.SZ,古麒绒材,纺织,纺织服饰,21.6,1.3133,14.0367,24.2288,27
001391.SZ,国货航,仓储物流,交通运输,5.32,-0.1876,10.0481,25.1292,80
001395.SZ,亚联机械,专用机械,机械设备,39.32,-3.0333,15.0522,18.4576,94
001396.SZ,誉帆科技,建筑工程,建筑装饰,45.66,-3.9141,17.5497,36.795,77
001400.SZ,江顺科技,专用机械,机械设备,205.94,-2.4166,20.0624,111.3509,74
001696.SZ,宗申动力,摩托车,机械设备,19.19,-1.9918,12.82,33.0166,95
001872.SZ,招商港口,港口,交通运输,22.1,2.8385,7.3272,11.8945,57
001896.SZ,豫能控股,火力发电,公用事业,17.97,2.6857,11.801,70.2387,91
001914.SZ,招商积余,房产服务,房地产,10.16,-0.5871,6.1918,16.3552,32
001965.SZ,招商公路,路桥,交通运输,9.45,0.8538,6.3367,13.9287,32
001979.SZ,招商蛇口,全国地产,房地产,8.62,-0.3468,0.9813,75.9127,57
002001.SZ,新和成,化学制药,基础化工,34.74,1.5789,21.7741,15.7847,74
002003.SZ,伟星股份,服饰,纺织服饰,10.16,1.2961,14.4569,18.739,27
002004.SZ,华邦健康,农药化肥,医药生物,5.41,3.0476,7.2935,15.019,57
002006.SZ,精工科技,专用机械,机械设备,17.65,-1.9989,7.7692,49.4573,12
002007.SZ,华兰生物,生物制药,医药生物,14.73,-1.0745,8.0516,28.6244,13
002008.SZ,大族激光,专用机械,机械设备,103.6,10.0021,1.8659,77.2791,52
002009.SZ,天奇股份,工程机械,机械设备,24.2,-3.006,3.4127,57.75575,34
002010.SZ,传化智联,仓储物流,交通运输,5.79,-1.8644,3.3488,27.1409,91
002011.SZ,盾安环境,家用电器,家用电器,12.09,-0.6574,12.9624,11.156,6
002012.SZ,凯恩股份,造纸,轻工制造,7.08,-1.6667,2.0559,104.447,13
002014.SZ,永新股份,塑料,轻工制造,11.62,-1.9409,12.5269,15.0754,87
002015.SZ,协鑫能科,新型电力,公用事业,20.68,4.0765,6.3307,52.0279,91
002016.SZ,世荣兆业,区域地产,房地产,5.43,-2.1622,2.8335,28.9229,15
002017.SZ,东信和平,通信设备,通信,18.95,-1.5584,6.3972,59.9989,5
002019.SZ,亿帆医药,化学制药,医药生物,11.75,-2.2463,4.4694,35.0847,91
002020.SZ,京新药业,化学制药,医药生物,15.09,-0.8541,9.9065,18.2341,94
002021.SZ,中捷资源,纺织机械,机械设备,2.94,-2.3256,0.1944,57.75575,1
002022.SZ,科华生物,医疗保健,医药生物,5.69,-1.5571,-24.4547,38.1539,1
002023.SZ,海特高新,航空,国防军工,12.91,-2.197,2.7522,74.7303,91
002025.SZ,航天电器,元器件,国防军工,73.6,-3.7279,2.7986,183.2936,33
002026.SZ,山东威达,机械基件,机械设备,12.84,-2.0595,6.7734,22.007,87
002027.SZ,分众传媒,广告包装,传媒,6.23,-0.4792,25.3203,16.5767,32
002028.SZ,思源电气,电气设备,电力设备,223.99,1.0968,22.6037,55.636,91
002029.SZ,七匹狼,服饰,纺织服饰,9.68,-1.626,4.9962,20.5157,91
002030.SZ,达安基因,医疗保健,医药生物,5.77,-0.6885,-1.8118,38.1539,15
002031.SZ,巨轮智能,汽车配件,机械设备,5.95,-1.8152,-4.1204,57.75575,7
002032.SZ,苏泊尔,家用电器,家用电器,47.27,1.2639,28.49996,18.07,91
002033.SZ,丽江股份,旅游景点,社会服务,10.9,4.4061,8.3935,28.0567,77
002034.SZ,旺能环境,环境保护,环保,18.25,-3.1316,10.3837,11.5025,15
002035.SZ,华帝股份,家用电器,家用电器,6.16,-0.6452,9.2823,11.9579,80
002036.SZ,联创电子,元器件,电子,8.91,-1.7641,2.3286,85.9251,91
002037.SZ,保利联合,化工原料,基础化工,8.26,-1.5495,-5.2157,44.2648,21
002038.SZ,双鹭药业,生物制药,医药生物,7.18,-2.4457,2.505,88.0572,5
002039.SZ,黔源电力,水力发电,公用事业,21.38,-1.9266,14.3725,15.2321,91
002040.SZ,南京港,港口,交通运输,9.81,-1.506,4.2331,26.3668,70
002041.SZ,登海种业,种植业,农林牧渔,10.09,-0.1978,2.5265,96.8781,69
002042.SZ,华孚时尚,纺织,纺织服饰,4.96,0.6085,0.9065,33.2675,1
002043.SZ,兔宝宝,其他建材,建筑材料,13.65,-1.7986,20.0936,15.6969,69
002044.SZ,美年健康,医疗保健,医药生物,5.26,-1.1278,0.6556,66.5309,27
002045.SZ,国光电器,元器件,电子,11.28,-2.3377,-2.6351,85.9251,80
002046.SZ,国机精工,机械基件,机械设备,53.31,-1.6421,6.6343,109.795,57
002048.SZ,宁波华翔,汽车配件,汽车,28.4,-1.0108,0.7804,71.1226,32
002049.SZ,紫光国微,半导体,电子,71.36,-1.4773,10.9992,42.188,53
002050.SZ,三花智控,家用电器,家用电器,45.16,-2.0178,15.9183,46.7731,93
002051.SZ,中工国际,建筑工程,建筑装饰,10.81,-6.3258,2.1465,43.5187,22
002052.SZ,同洲电子,家用电器,家用电器,10.06,-1.9493,28.49996,42.0016,27
002053.SZ,云南能投,新型电力,公用事业,11.99,2.5663,3.1857,46.7188,43
002054.SZ,德美化工,染料涂料,基础化工,8.14,-0.6105,4.7161,33.2061,21
002056.SZ,横店东磁,电气设备,电力设备,19.1,-3.2421,3.5653,17.4649,32
002057.SZ,中钢天源,矿物制品,社会服务,9.65,-1.2282,7.005,30.7261,34
002059.SZ,云南旅游,旅游景点,社会服务,4.92,-1.7964,-26.2442,44.811447,15
002060.SZ,广东建工,建筑工程,公用事业,3.93,2.3438,7.8714,13.3059,19
002061.SZ,浙江交科,建筑工程,建筑装饰,3.89,0.0,4.618,8.7744,13
002062.SZ,宏润建设,建筑工程,建筑装饰,9.23,-1.8085,4.863,41.2405,43
002063.SZ,远光软件,软件服务,计算机,6.45,-0.6163,3.3193,40.9159,12
002064.SZ,华峰化学,化纤,基础化工,11.36,-1.0453,2.4185,27.8825,34
002065.SZ,东华软件,软件服务,计算机,8.33,-1.4201,3.923,55.9442,52
002066.SZ,瑞泰科技,其他建材,建筑材料,23.18,-2.5641,-0.5112,47.81715,34
002067.SZ,景兴纸业,造纸,轻工制造,4.86,-2.8,0.6652,115.4347,43
002068.SZ,黑猫股份,化工原料,基础化工,8.53,-1.8412,-17.1542,44.2648,5
002069.SZ,獐子岛,渔业,农林牧渔,3.76,0.2667,7.9176,43.06775,93
002072.SZ,凯瑞德,商贸代理,商贸零售,7.41,-1.0681,-1.9263,48.6264,69
002073.SZ,软控股份,专用机械,机械设备,7.19,-1.776,6.5666,18.2653,69
002074.SZ,国轩高科,电气设备,电力设备,39.76,-1.8272,9.312,21.6755,91
002075.SZ,沙钢股份,特种钢,钢铁,4.61,-1.2848,3.5599,35.0798,20
002077.SZ,大港股份,半导体,电子,15.48,-3.0075,1.82,202.2415,12
002078.SZ,太阳纸业,造纸,轻工制造,14.58,0.1374,10.9974,12.5343,1
002079.SZ,苏州固锝,电气设备,电力设备,10.53,-1.5888,2.0468,89.1996,1
002080.SZ,中材科技,玻璃,建筑材料,53.12,2.687,9.4616,49.039,12
002081.SZ,金螳螂,装修装饰,建筑装饰,5.43,9.919,2.7917,31.5246,51
002082.SZ,万邦德,中成药,医药生物,27.97,-0.6747,0.1673,38.1539,5
002083.SZ,孚日股份,纺织,纺织服饰,11.06,-2.6408,3.7631,21.7508,74
002084.SZ,海鸥住工,家居用品,轻工制造,3.68,-1.3405,-8.4219,38.3958,94
002085.SZ,万丰奥威,汽车配件,汽车,14.36,-0.6916,10.033,37.2353,12
002086.SZ,东方海洋,渔业,医药生物,1.92,-3.0303,-7.6447,38.1539,27
002088.SZ,鲁阳节能,矿物制品,建筑材料,10.3,-0.675,3.7673,21.8555,1
002090.SZ,金智科技,电气设备,电力设备,10.48,-1.3183,4.3311,63.5862,15
002091.SZ,江苏国泰,商贸代理,商贸零售,9.52,-1.4493,5.8791,11.9733,59
002092.SZ,中泰化学,化工原料,基础化工,6.18,1.3115,-1.3335,44.2648,30
002093.SZ,国脉科技,文教休闲,社会服务,9.74,-0.9156,5.2295,45.3346,15
002094.SZ,青岛金王,日用化工,美容护理,6.04,-0.9836,1.4456,196.9443,74
002095.SZ,生意宝,互联网,传媒,16.28,-0.8526,-0.3144,46.5064,87
002096.SZ,易普力,化工原料,基础化工,11.67,-0.7653,10.2657,18.2633,57
002097.SZ,山河智能,工程机械,机械设备,9.92,-1.5873,2.0766,79.0675,21
002098.SZ,浔兴股份,服饰,纺织服饰,8.73,-1.6892,12.016,15.8596,20
002099.SZ,海翔药业,化学制药,医药生物,6.93,-1.7021,0.1421,38.1539,77
002100.SZ,天康生物,饲料,农林牧渔,7.81,0.2567,5.805,23.6328,93
002101.SZ,广东鸿图,汽车配件,汽车,10.13,-0.8806,2.6892,18.5337,34
002102.SZ,能特科技,化学制药,医药生物,2.8,-0.3559,13.2871,38.1539,91
002103.SZ,广博股份,文教休闲,轻工制造,8.1,-0.4914,14.3565,26.2984,1
002104.SZ,恒宝股份,通信设备,通信,14.45,-2.7591,1.7385,250.1669,74
002105.SZ,信隆健康,摩托车,汽车,6.16,-1.1236,-3.5106,37.8809,65
002106.SZ,莱宝高科,元器件,电子,10.53,-4.792,4.4573,30.3227,91
002107.SZ,沃华医药,中成药,医药生物,7.54,-0.5277,5.2355,39.7442,12
002108.SZ,沧州明珠,塑料,基础化工,5.96,-2.6144,0.8792,65.7237,91
002109.SZ,兴化股份,化工原料,基础化工,3.92,0.7712,-9.8714,44.2648,15
002110.SZ,三钢闽光,普钢,钢铁,3.55,-1.9337,0.9472,36.492,84
002111.SZ,威海广泰,航空,国防军工,9.89,-1.592,4.0846,72.604,69
002112.SZ,三变科技,电气设备,电力设备,20.57,-2.6963,5.2587,73.3926,25
002114.SZ,罗平锌电,铅锌,有色金属,8.88,-3.4783,-10.7638,50.4728,27
002115.SZ,三维通信,互联网,通信,12.48,-3.3308,0.1378,114.6508,91
002116.SZ,中国海诚,建筑工程,建筑装饰,10.25,-1.537,9.0468,13.9294,25
002117.SZ,东港股份,广告包装,轻工制造,10.25,-0.4854,10.1895,37.2361,22
002119.SZ,康强电子,半导体,电子,20.63,-5.193,1.8328,66.7312,5
002120.SZ,韵达股份,仓储物流,交通运输,7.42,1.0899,3.548,17.4043,2
002121.SZ,科陆电子,电器仪表,电力设备,7.51,-2.2135,-36.5132,59.1951,91
002123.SZ,梦网科技,互联网,通信,10.08,1.002,-3.3905,114.6508,12
002124.SZ,天邦食品,农业综合,农林牧渔,2.87,-5.5921,6.821,16.9297,1
002125.SZ,湘潭电化,化工原料,电力设备,13.92,-2.3158,5.1743,38.4028,91
002126.SZ,银轮股份,汽车配件,汽车,48.12,0.7116,14.1087,42.5684,33
002127.SZ,南极电商,互联网,商贸零售,2.8,1.4493,1.0205,48.6264,12
002128.SZ,电投能源,煤炭开采,煤炭,32.75,-1.3554,14.887,12.5251,15
002129.SZ,TCL中环,电气设备,电力设备,8.64,-0.8037,-35.0405,59.1951,12
002130.SZ,沃尔核材,电气设备,电子,26.06,-0.7994,19.0139,31.8927,57
002131.SZ,利欧股份,互联网,机械设备,7.86,-1.5038,4.5086,108.8123,94
002132.SZ,恒星科技,钢加工,机械设备,4.63,0.8715,0.5766,352.6464,91
002133.SZ,广宇集团,全国地产,房地产,3.23,-0.6154,3.2356,47.4602,69
002134.SZ,天津普林,元器件,电子,22.98,-1.7949,2.2904,357.6197,74
002135.SZ,东南网架,钢加工,建筑装饰,7.35,-4.1721,0.7849,105.0923,21
002136.SZ,安纳达,化工原料,基础化工,14.02,-1.7519,0.683,44.2648,21
002137.SZ,实益达,元器件,电子,8.07,-2.6538,2.8686,107.828,12
002138.SZ,顺络电子,元器件,电子,35.51,-1.7432,15.6568,28.043,27
002139.SZ,拓邦股份,元器件,电子,12.1,-1.3051,5.3297,41.4615,22
002140.SZ,东华科技,建筑工程,建筑装饰,12.45,-1.4252,11.7188,16.5424,52
002141.SZ,贤丰控股,农业综合,农林牧渔,3.67,-3.9267,1.936,241.5005,77
002142.SZ,宁波银行,银行,银行,32.02,0.1564,9.2397,7.2085,69
002144.SZ,宏达高科,纺织,纺织服饰,14.75,-2.2531,2.0795,60.2854,87
002145.SZ,钛能化学,化工原料,基础化工,4.65,-2.3109,2.6202,40.8381,43
002146.SZ,荣盛发展,全国地产,房地产,1.28,-2.2901,-23.1751,47.4602,43
002148.SZ,北纬科技,互联网,通信,7.53,-2.2078,-0.459,114.6508,27
002149.SZ,西部材料,小金属,有色金属,64.33,0.3588,2.3534,352.1515,74
002150.SZ,正泰电源,机械基件,机械设备,30.32,0.9993,0.6938,39.3462,5
002151.SZ,北斗星通,通信设备,国防军工,39.33,-1.6504,-5.1741,92.1232,80
002152.SZ,广电运通,IT设备,计算机,12.09,-0.7389,6.8696,34.8771,34
002153.SZ,石基信息,软件服务,计算机,9.63,-1.8349,-2.3793,92.9079,74
002154.SZ,报喜鸟,服饰,纺织服饰,3.63,-0.2747,5.3008,16.782,87
002155.SZ,湖南黄金,黄金,有色金属,29.89,-4.6571,19.8107,31.3897,15
002156.SZ,通富微电,半导体,电子,47.24,-3.3749,8.075,58.8256,77
002157.SZ,正邦科技,农业综合,农林牧渔,3.25,-2.6946,0.0714,43.06775,19
002158.SZ,汉钟精机,工程机械,机械设备,25.71,-1.7953,9.1334,29.2654,43
002159.SZ,三特索道,旅游服务,社会服务,17.64,2.3202,10.1418,21.8185,27
002160.SZ,常铝股份,铝,有色金属,4.91,-2.7723,0.9913,100.7625,89
002161.SZ,远望谷,通信设备,电子,7.31,0.137,9.0115,49.512,59
002162.SZ,悦心健康,陶瓷,轻工制造,4.42,-0.6742,-0.4107,347.7892,15
002163.SZ,海南发展,装修装饰,建筑装饰,12.18,-3.0255,-53.86618,40.5447,94
002164.SZ,宁波东力,机械基件,机械设备,12.61,-2.0202,4.1668,108.8564,91
002165.SZ,红宝丽,化工原料,基础化工,8.98,-5.2743,0.8547,44.2648,51
002166.SZ,莱茵生物,中成药,基础化工,8.8,1.0333,4.5579,45.5978,91
002167.SZ,东方锆业,小金属,有色金属,12.86,-1.5314,3.0414,183.8747,74
002169.SZ,智光电气,电气设备,电力设备,12.97,-6.8916,0.8081,51.9668,27
002170.SZ,芭田股份,农药化肥,基础化工,13.61,-1.5195,26.177,14.4884,15
002171.SZ,楚江新材,铜,有色金属,11.82,-1.5,4.3735,33.7254,12
002172.SZ,澳洋健康,医疗保健,医药生物,3.73,-1.061,26.6007,69.1714,69
002173.SZ,创新医疗,医疗保健,医药生物,24.73,-2.4458,0.2656,38.1539,15
002174.SZ,游族网络,互联网,传媒,9.47,-1.8653,1.6693,46.5064,12
002175.SZ,东方智造,电器仪表,机械设备,2.42,-4.3478,0.189,57.75575,77
002176.SZ,江特电机,小金属,电力设备,12.38,-0.0807,-3.2728,59.1951,80
002177.SZ,御银股份,其他商业,计算机,7.34,-2.6525,0.6866,556.6071,19
002178.SZ,延华智能,软件服务,计算机,5.97,-1.3223,2.065,475.0966,2
002179.SZ,中航光电,元器件,国防军工,35.85,-1.5651,9.0316,35.1187,74
002180.SZ,纳思达,IT设备,计算机,18.47,0.929,-7.527,92.9079,21
002181.SZ,粤传媒,出版业,传媒,13.12,1.0786,2.1777,165.4367,91
002182.SZ,宝武镁业,小金属,有色金属,15.91,-4.5591,1.6321,169.1106,5
002183.SZ,怡亚通,仓储物流,商贸零售,5.81,-3.4884,-3.4781,48.6264,52
002184.SZ,海得控制,机械基件,机械设备,11.29,-2.6724,0.4659,57.75575,87
002185.SZ,华天科技,半导体,电子,12.47,-2.6542,4.1223,57.3377,32
002186.SZ,全聚德,酒店餐饮,社会服务,10.3,0.6843,0.9199,407.8218,94
002187.SZ,广百股份,百货,商贸零售,6.03,-1.1475,-2.3923,48.6264,12
002188.SZ,中天服务,房产服务,房地产,6.32,-1.4041,7.1739,77.9655,87
002189.SZ,中光学,元器件,国防军工,20.65,-2.1327,-30.8365,92.1232,93
002190.SZ,成飞集成,汽车配件,汽车,31.1,-1.4575,-1.3517,37.8809,43
002191.SZ,劲嘉股份,广告包装,轻工制造,3.54,0.0,2.1829,38.3958,59
002192.SZ,融捷股份,小金属,有色金属,78.44,-3.8136,8.0933,73.0628,20
002193.SZ,如意集团,纺织,纺织服饰,6.17,-1.28,-19.7437,33.2675,13
002194.SZ,武汉凡谷,通信设备,通信,12.36,4.2159,-0.4081,114.6508,27
002195.SZ,岩山科技,软件服务,计算机,9.1,-2.9851,1.8466,298.8419,61
002196.SZ,方正电机,纺织机械,电力设备,14.03,-2.2981,1.4902,145.9282,69
002197.SZ,证通电子,IT设备,计算机,7.55,-1.178,-3.1246,92.9079,74
002198.SZ,嘉应制药,中成药,医药生物,7.38,-3.2765,2.9708,94.7428,22
002201.SZ,九鼎新材,玻璃,建筑材料,14.8,-3.3943,7.99,106.4935,34
002202.SZ,金风科技,电气设备,电力设备,25.7,-2.0206,6.7696,39.1267,17
002203.SZ,海亮股份,铜,有色金属,17.64,-3.3425,5.9345,53.9683,74
002204.SZ,大连重工,专用机械,机械设备,6.89,-0.2894,2.6271,21.7403,57
002205.SZ,国统股份,水泥,建筑材料,12.64,1.201,-26.877,47.81715,102
002206.SZ,海利得,化纤,基础化工,6.2,-0.3215,12.9917,14.0091,87
002207.SZ,准油股份,石油开采,石油石化,6.96,-1.9718,-53.86618,45.199,43
002208.SZ,合肥城建,区域地产,房地产,12.51,-3.2483,-8.3853,47.4602,95
002209.SZ,达意隆,轻工机械,机械设备,16.93,-2.3081,15.6305,27.6806,30
002210.SZ,飞马国际,环境保护,环保,2.52,-1.9455,2.1599,723.1353,5
002212.SZ,天融信,软件服务,计算机,7.77,0.1289,-2.5182,544.5521,91
002213.SZ,大为股份,半导体,电子,34.13,-4.6914,-2.8155,85.9251,76
002215.SZ,诺普信,农药化肥,农林牧渔,10.15,0.3956,14.4307,15.1627,96
002216.SZ,三全食品,食品,食品饮料,13.46,2.8266,8.8529,21.7656,22
002217.SZ,合力泰,元器件,电子,2.77,-5.4608,0.0442,1064.3049,12
002218.SZ,拓日新能,新型电力,公用事业,5.35,-4.2934,-4.8813,27.54705,43
002219.SZ,新里程,医疗保健,医药生物,2.35,-3.2922,1.572,309.0662,74
002221.SZ,东华能源,石油加工,石油石化,8.25,0.6098,0.678,33.5194,91
002222.SZ,福晶科技,元器件,电子,92.2,-6.2436,13.1083,165.3094,91
002223.SZ,鱼跃医疗,医疗保健,医药生物,32.38,-0.9786,11.2528,18.6537,51
002224.SZ,三力士,橡胶,基础化工,4.37,-0.907,0.8555,403.1511,15
002225.SZ,濮耐股份,其他建材,建筑材料,5.74,-1.2048,2.5213,62.1759,91
002226.SZ,江南化工,化工原料,基础化工,5.51,-1.9573,6.7385,18.1179,95
002227.SZ,奥特迅,电气设备,电力设备,7.81,-4.0541,-6.9347,59.1951,74
002228.SZ,合兴包装,广告包装,轻工制造,3.8,-3.3079,5.0005,42.3997,32
002229.SZ,鸿博股份,广告包装,轻工制造,18.76,-2.4441,-12.3827,38.3958,77
002230.SZ,科大讯飞,软件服务,计算机,48.89,-1.2523,-0.3747,135.0064,74
002232.SZ,启明信息,软件服务,计算机,18.09,-1.4706,2.3252,227.1064,27
002233.SZ,塔牌集团,水泥,建筑材料,9.51,2.8108,1.2148,18.1257,5
002234.SZ,民和股份,农业综合,农林牧渔,8.69,-1.1377,-14.1022,43.06775,27
002235.SZ,安妮股份,造纸,轻工制造,9.51,1.3859,-0.1855,1393.4236,32
002236.SZ,大华股份,IT设备,计算机,18.32,-1.7167,1.8318,15.4298,1
002237.SZ,恒邦股份,黄金,有色金属,17.13,-7.3052,5.5095,38.4149,14
002238.SZ,天威视讯,影视音像,传媒,7.04,-0.565,-9.1156,46.5064,32
002239.SZ,奥特佳,汽车配件,汽车,2.98,-1.6502,2.0315,78.2113,15
002240.SZ,盛新锂能,小金属,有色金属,46.3,-3.5417,-7.9734,50.4728,33
002241.SZ,歌尔股份,元器件,电子,24.31,-2.0942,7.5119,29.6477,57
002242.SZ,九阳股份,家用电器,家用电器,11.41,10.0289,3.4006,74.002,5
002243.SZ,力合科创,广告包装,社会服务,9.11,0.5519,2.4231,62.363,80
002244.SZ,滨江集团,区域地产,房地产,10.23,0.0,8.3663,9.6254,27
002245.SZ,蔚蓝锂芯,电气设备,电力设备,21.16,2.5194,9.7568,34.3573,12
002246.SZ,北化股份,化工原料,基础化工,25.91,-2.7037,8.9399,54.0845,50
002247.SZ,聚力文化,其他建材,建筑材料,2.71,-1.8116,7.4575,47.7591,12
002248.SZ,华东数控,机床制造,机械设备,12.08,-2.1862,7.357,109.5222,15
002249.SZ,大洋电机,电气设备,电力设备,9.31,-1.5856,11.3025,21.2007,74
002250.SZ,联化科技,化工原料,基础化工,16.32,-2.4507,4.8104,38.0014,15
002251.SZ,步步高,超市连锁,商贸零售,4.19,-0.2381,1.3814,102.2103,94
002252.SZ,上海莱士,生物制药,医药生物,5.58,-0.8881,4.8989,23.4874,27
002254.SZ,泰和新材,化纤,基础化工,10.89,0.184,0.5861,225.0905,20
002255.SZ,海陆重工,专用机械,电力设备,10.75,-0.8303,9.9474,21.4269,89
002256.SZ,兆新股份,新型电力,公用事业,4.46,-1.1086,0.8951,174.5885,12
002258.SZ,利尔化学,农药化肥,基础化工,13.85,0.508,6.1321,23.1554,24
002259.SZ,升达林业,供气供热,公用事业,5.7,-5.4726,28.49996,32.5273,27
002261.SZ,拓维信息,软件服务,计算机,38.22,-0.5464,4.13,92.9079,5
002262.SZ,恩华药业,化学制药,医药生物,21.37,-0.5584,13.7697,20.2109,33
002263.SZ,大东南,塑料,基础化工,4.37,-9.5238,0.4367,161.4968,87
002264.SZ,新华都,互联网,传媒,8.16,-0.609,9.2304,23.7055,74
002265.SZ,建设工业,专用机械,汽车,22.62,-1.1364,0.8885,100.3848,77
002266.SZ,浙富控股,环境保护,环保,4.54,-0.4386,6.4179,25.3539,61
002267.SZ,陕天然气,供气供热,公用事业,7.9,1.5424,7.2919,13.0165,69
002268.SZ,电科网安,IT设备,计算机,16.08,-2.0706,-2.7948,372.4289,69
002269.SZ,美邦服饰,服饰,纺织服饰,1.6,0.0,-29.4679,33.2675,74
002270.SZ,华明装备,电气设备,电力设备,28.0,-0.7444,22.5031,35.3572,61
002271.SZ,东方雨虹,其他建材,建筑材料,15.42,-1.7208,0.5026,114.1296,51
002272.SZ,川润股份,机械基件,机械设备,18.95,-3.2176,-2.094,57.75575,91
002273.SZ,水晶光电,元器件,电子,33.48,1.2398,2.4707,38.8556,27
002274.SZ,华昌化工,农药化肥,基础化工,6.33,0.4762,-3.7306,44.2648,19
002275.SZ,桂林三金,中成药,医药生物,14.11,0.0,12.318,15.8555,53
002276.SZ,万马股份,电气设备,电力设备,13.93,-5.3668,5.8891,40.5754,15
002277.SZ,友阿股份,百货,商贸零售,5.86,-1.3468,0.9493,48.6264,21
002278.SZ,神开股份,化工机械,机械设备,12.39,7.3657,3.2847,100.9821,33
002279.SZ,久其软件,软件服务,计算机,8.08,-1.3431,-2.0528,159.9817,91
002281.SZ,光迅科技,通信设备,通信,131.68,6.2192,2.3491,102.5254,1
002282.SZ,博深股份,机械基件,机械设备,6.83,-0.1462,4.3098,23.2638,12
002283.SZ,天润工业,汽车配件,汽车,11.18,0.1792,6.0563,34.6347,80
002284.SZ,亚太股份,汽车配件,汽车,13.74,-1.7167,15.6261,20.7195,24
002285.SZ,世联行,房产服务,房地产,2.97,-2.3026,-25.8024,47.4602,77
002286.SZ,保龄宝,食品,农林牧渔,10.36,0.485,6.3153,27.3627,15
002287.SZ,奇正藏药,中成药,医药生物,23.07,-0.1299,9.5534,20.4242,24
002290.SZ,禾盛新材,家用电器,家用电器,73.95,3.6876,18.4325,112.3069,12
002291.SZ,遥望科技,广告包装,传媒,6.21,-1.5848,-12.8577,46.5064,74
002292.SZ,奥飞娱乐,影视音像,传媒,8.13,-0.3676,1.6969,46.5064,74
002293.SZ,罗莱生活,纺织,纺织服饰,10.97,3.6862,3.4554,16.5001,21
002294.SZ,信立泰,化学制药,医药生物,55.97,-1.9618,2.4918,92.2411,87
002295.SZ,精艺股份,铜,有色金属,10.69,-1.7463,1.0425,220.0326,5
002296.SZ,辉煌科技,通信设备,通信,11.3,-2.5862,6.8943,14.5443,23
002297.SZ,博云新材,航空,国防军工,22.24,9.6106,2.9603,206.0649,74
002298.SZ,中电鑫龙,电气设备,计算机,10.0,-2.2483,2.3295,92.9079,52
002299.SZ,圣农发展,农业综合,农林牧渔,18.8,-1.4675,2.2299,15.7332,5
002300.SZ,太阳电缆,电气设备,电力设备,10.59,3.6204,4.4024,92.0017,15
002301.SZ,齐心集团,文教休闲,轻工制造,7.45,10.0443,4.5172,120.3245,89
002302.SZ,西部建设,水泥,建筑材料,5.57,-0.5357,-2.6624,47.81715,91
002303.SZ,美盈森,造纸,轻工制造,3.35,-0.8876,5.8312,19.6596,91
002304.SZ,洋河股份,白酒,食品饮料,50.03,1.2343,7.938,36.415,77
002307.SZ,北新路桥,建筑工程,建筑装饰,4.46,-1.3274,-2.3136,40.5447,87
002309.SZ,中利集团,电气设备,电力设备,4.2,-3.8902,-8.5553,59.1951,80
002310.SZ,东方新能,新型电力,建筑装饰,2.94,0.3413,-0.1344,40.5447,77
002311.SZ,海大集团,饲料,农林牧渔,46.84,-0.4463,16.8481,15.5159,77
002312.SZ,川发龙蟒,化工原料,基础化工,11.43,-1.6351,4.5794,39.6002,87
002313.SZ,日海智能,通信设备,通信,8.76,3.3019,-53.86618,114.6508,90
002314.SZ,南山控股,区域地产,房地产,2.46,-1.6,3.6599,47.4602,91
002315.SZ,焦点科技,互联网,商贸零售,32.0,-4.8186,19.174,26.2066,12
002316.SZ,亚联发展,软件服务,非银金融,5.11,-2.2945,8.3943,325.7712,94
002317.SZ,众生药业,中成药,医药生物,18.45,0.545,6.308,38.1539,69
002318.SZ,久立特材,特种钢,钢铁,28.75,-1.6085,15.7361,16.4575,10
002319.SZ,乐通股份,染料涂料,基础化工,10.88,-2.509,-0.2624,44.2648,12
002320.SZ,海峡股份,水运,交通运输,8.26,-1.1962,4.1796,106.662,34
002321.SZ,华英农业,农业综合,农林牧渔,2.09,-3.6866,-6.3112,43.06775,93
002322.SZ,理工能科,软件服务,计算机,14.19,0.4246,7.3953,24.1508,12
002323.SZ,雅博股份,建筑工程,建筑装饰,2.02,-0.4926,-15.8824,40.5447,24
002324.SZ,普利特,塑料,基础化工,16.83,-3.4423,7.3177,72.8258,95
002326.SZ,永太科技,化工原料,基础化工,25.31,1.3616,1.2067,44.2648,1
002327.SZ,富安娜,纺织,纺织服饰,7.22,0.979,4.3371,14.8051,51
002328.SZ,新朋股份,汽车配件,汽车,11.24,-4.8264,4.2853,58.1238,87
002329.SZ,皇氏集团,乳制品,食品饮料,3.92,-4.1565,-5.4128,29.62085,5
002330.SZ,得利斯,食品,食品饮料,4.61,-1.2848,0.2344,29.62085,12
002331.SZ,皖通科技,软件服务,计算机,9.01,4.0416,-20.5293,92.9079,12
002332.SZ,仙琚制药,化学制药,医药生物,8.96,0.2237,7.5706,19.7119,74
002333.SZ,罗普斯金,其他建材,建筑材料,5.59,-2.7826,2.3216,74.9528,91
002334.SZ,英威腾,电气设备,机械设备,7.96,-2.451,-0.9913,45.7341,12
002335.SZ,科华数据,电气设备,电力设备,67.53,-0.2216,6.2656,82.555,33
002337.SZ,赛象科技,化工机械,机械设备,5.94,-2.7823,3.7978,71.1677,24
002338.SZ,奥普光电,电器仪表,国防军工,61.87,-4.4626,5.8767,184.3992,12
002339.SZ,积成电子,电气设备,电力设备,10.36,-1.2393,-4.3113,112.5417,74
002340.SZ,格林美,小金属,电力设备,8.32,-2.9172,7.7449,26.8676,87
002342.SZ,巨力索具,机械基件,机械设备,18.96,-5.9057,0.7167,1043.8866,34
002343.SZ,慈文传媒,影视音像,传媒,6.22,-1.4263,-1.8396,46.5064,87
002344.SZ,海宁皮城,商品城,商贸零售,4.42,0.4545,0.8382,80.2899,32
002345.SZ,潮宏基,服饰,纺织服饰,10.86,-1.4519,13.6284,19.4145,74
002346.SZ,柘中股份,电气设备,电力设备,18.86,-2.2291,12.1945,14.5347,21
002347.SZ,泰尔股份,机械基件,机械设备,8.03,-1.7136,-8.1862,57.75575,103
002348.SZ,高乐股份,文教休闲,轻工制造,9.92,-0.8991,-2.5855,38.3958,1
002349.SZ,精华制药,中成药,医药生物,7.22,-2.0353,8.2187,27.3172,30
002350.SZ,北京科锐,电气设备,电力设备,14.25,1.6405,1.7362,116.5847,22
002351.SZ,漫步者,IT设备,电子,11.27,-0.5296,14.9423,23.2491,59
002352.SZ,顺丰控股,仓储物流,交通运输,36.7,-0.2717,11.6226,16.6361,12
002353.SZ,杰瑞股份,化工机械,机械设备,130.39,6.7371,12.1341,47.6269,5
002354.SZ,天娱数科,互联网,传媒,5.62,-0.8818,-4.0572,46.5064,34
002355.SZ,兴民智通,汽车配件,汽车,6.0,-0.9901,-14.6816,37.8809,74
002356.SZ,赫美集团,其他商业,商贸零售,3.34,-1.7647,6.5795,114.0911,57
002357.SZ,富临运业,公共交通,交通运输,10.8,-1.2797,9.3833,18.0101,89
002358.SZ,森源电气,电气设备,电力设备,7.47,-1.0596,4.3632,68.2076,93
002360.SZ,同德化工,化工原料,基础化工,6.4,-7.5145,-0.4965,44.2648,12
002361.SZ,神剑股份,化工原料,基础化工,22.99,-2.7907,1.3644,628.9254,20
002362.SZ,汉王科技,软件服务,计算机,18.36,-1.7657,-18.7523,92.9079,12
002363.SZ,隆基机械,汽车配件,汽车,8.23,-3.517,1.9527,66.3796,74
002364.SZ,中恒电气,电气设备,电力设备,43.53,-0.4801,5.1515,194.1212,33
002365.SZ,永安药业,化学制药,医药生物,13.16,-1.5707,1.1301,172.4069,29
002366.SZ,融发核电,专用机械,电力设备,7.08,-0.979,-1.593,59.1951,12
002367.SZ,康力电梯,运输设备,机械设备,6.32,-0.6289,9.2287,15.2697,34
002368.SZ,太极股份,软件服务,计算机,20.32,-1.0229,0.0776,56.6858,32
002369.SZ,卓翼科技,通信设备,电子,7.09,-2.8767,-40.2345,85.9251,91
002370.SZ,亚太药业,化学制药,医药生物,6.84,-4.2017,9.2861,37.8101,23
002371.SZ,北方华创,半导体,电子,475.0,-0.6172,16.0506,62.3499,77
002372.SZ,伟星新材,其他建材,建筑材料,10.42,-0.1916,14.848,22.3941,15
002373.SZ,千方科技,软件服务,计算机,9.88,-0.7035,2.363,58.1598,1
002374.SZ,中锐股份,广告包装,轻工制造,3.09,0.9804,-31.5265,38.3958,74
002375.SZ,亚厦股份,装修装饰,建筑装饰,4.24,1.6787,3.2705,18.0472,95
002376.SZ,新北洋,IT设备,计算机,7.16,-1.3774,1.5901,77.0518,94
002377.SZ,国创高新,其他建材,石油石化,3.21,-0.6192,4.595,148.9199,61
002378.SZ,章源钨业,小金属,有色金属,31.37,-6.442,13.0019,129.7698,21
002379.SZ,宏桥控股,铝,有色金属,26.68,-2.4497,28.49996,19.4626,69
002380.SZ,科远智慧,软件服务,计算机,33.96,-0.1764,3.1832,52.8405,33
002381.SZ,双箭股份,橡胶,基础化工,6.39,-0.312,3.0198,40.274,11
002382.SZ,蓝帆医疗,医疗保健,医药生物,7.5,-1.8325,-3.5567,38.1539,1
002383.SZ,合众思壮,通信设备,国防军工,9.58,-3.8153,0.0281,92.1232,5
002384.SZ,东山精密,元器件,电子,186.66,0.1717,6.8809,246.6605,91
002385.SZ,大北农,饲料,农林牧渔,3.9,-1.0152,2.9786,35.7343,12
002386.SZ,天原股份,化工原料,基础化工,6.62,0.303,1.1668,98.162,74
002387.SZ,维信诺,元器件,电子,8.06,-2.1845,-33.9401,85.9251,11
002388.SZ,新亚制程,元器件,电子,4.9,-3.9216,0.1735,85.9251,40
002389.SZ,航天彩虹,航空,国防军工,21.97,-1.3914,0.3357,803.3825,15
002390.SZ,信邦制药,医药商业,医药生物,3.17,-0.627,1.782,51.2281,27
002391.SZ,长青股份,农药化肥,基础化工,6.37,-2.3006,0.9563,75.8201,27
002392.SZ,北京利尔,其他建材,建筑材料,8.67,0.1155,7.1701,25.7412,13
002393.SZ,力生制药,化学制药,医药生物,22.56,-1.8277,8.859,13.9596,34
002394.SZ,联发股份,纺织,纺织服饰,13.75,-2.8269,6.2533,13.3032,93
002395.SZ,双象股份,塑料,基础化工,18.08,-2.0585,14.0219,23.998,33
002396.SZ,星网锐捷,通信设备,通信,27.02,-3.8776,0.5321,39.1751,57
002397.SZ,梦洁股份,纺织,纺织服饰,4.39,-4.3573,2.1636,104.2787,91
002398.SZ,垒知集团,其他建材,建筑材料,4.99,-1.3834,2.6748,68.4505,77
002399.SZ,海普瑞,化学制药,医药生物,10.98,-0.9025,2.8907,46.0989,91
002400.SZ,省广集团,广告包装,传媒,8.92,0.0,1.8107,172.8427,13
002401.SZ,中远海科,软件服务,计算机,14.45,-1.2303,1.9593,165.0397,80
002402.SZ,和而泰,元器件,电子,31.49,-2.5982,12.1356,47.5899,15
002403.SZ,爱仕达,家用电器,家用电器,10.38,-3.2619,-3.6162,35.6124,91
002404.SZ,嘉欣丝绸,纺织,纺织服饰,6.96,-0.1435,9.009,21.645,27
002405.SZ,四维图新,软件服务,计算机,9.17,-0.2176,-8.3418,92.9079,12
002406.SZ,远东传动,汽车配件,汽车,7.66,-1.2887,3.8576,35.8061,34
002407.SZ,多氟多,化工原料,基础化工,30.04,-5.8602,2.5153,168.0599,77
002408.SZ,齐翔腾达,化工原料,石油石化,6.13,-0.8091,-0.8304,45.199,15
002409.SZ,雅克科技,半导体,电子,89.13,-1.492,10.6062,46.1611,19
002410.SZ,广联达,软件服务,计算机,11.71,0.9483,6.7478,47.7502,91
002412.SZ,汉森制药,中成药,医药生物,6.45,-0.7692,3.6972,18.8682,102
002413.SZ,雷科防务,通信设备,国防军工,14.1,-5.6856,-2.5777,92.1232,91
002414.SZ,高德红外,电器仪表,国防军工,14.05,-1.5417,5.0649,61.9524,15
002415.SZ,海康威视,IT设备,计算机,33.49,-0.4163,17.3097,20.5472,13
002416.SZ,爱施德,电器连锁,商贸零售,13.55,0.5193,5.6473,42.6569,80
002418.SZ,康盛股份,家用电器,家用电器,6.51,-3.4125,0.9664,35.6124,90
002419.SZ,天虹股份,百货,商贸零售,5.65,-1.0508,2.0366,79.3872,91
002420.SZ,毅昌科技,家用电器,家用电器,7.68,-2.1656,6.534,51.6612,27
002421.SZ,达实智能,软件服务,计算机,2.8,-0.3559,-13.0282,92.9079,59
002422.SZ,科伦药业,化学制药,医药生物,33.2,-1.9492,7.2882,31.1736,77
002423.SZ,中粮资本,多元金融,非银金融,10.09,-0.689,4.5135,24.2683,75
002425.SZ,凯撒文化,互联网,传媒,3.16,-1.8634,-3.6612,46.5064,91
002426.SZ,胜利精密,元器件,电子,3.83,-3.7688,-2.993,85.9251,91
002427.SZ,尤夫股份,化纤,基础化工,6.28,-1.875,2.0671,227.264,91
002428.SZ,云南锗业,小金属,有色金属,76.88,2.1797,1.3824,1393.4236,59
002429.SZ,兆驰股份,家用电器,家用电器,13.1,9.9916,6.1956,48.2092,11
002430.SZ,杭氧股份,化工机械,基础化工,30.5,2.0067,9.947,31.4484,77
002431.SZ,棕榈股份,建筑工程,建筑装饰,2.4,-2.834,-36.7806,40.5447,76
002432.SZ,九安医疗,医疗保健,医药生物,86.15,-2.2023,7.4038,21.2041,77
002434.SZ,万里扬,汽车配件,汽车,7.2,-3.0956,4.1429,39.3626,7
002436.SZ,兴森科技,元器件,电子,28.4,-0.8034,2.5463,85.9251,57
002437.SZ,誉衡药业,化学制药,医药生物,3.65,-2.6667,11.8682,21.5943,91
002438.SZ,江苏神通,机械基件,机械设备,16.93,2.2343,7.8906,30.1063,91
002439.SZ,启明星辰,软件服务,计算机,15.07,-0.79,-5.1424,92.9079,93
002440.SZ,闰土股份,染料涂料,基础化工,11.66,-0.5968,2.3862,45.5699,76
002441.SZ,众业达,电气设备,电力设备,9.38,-1.4706,4.1812,27.1192,33
002442.SZ,龙星科技,化工原料,基础化工,5.79,0.0,3.309,32.0307,76
002443.SZ,金洲管道,钢加工,钢铁,11.14,6.2977,3.964,42.0996,91
002444.SZ,巨星科技,轻工机械,机械设备,31.36,-1.4456,12.2043,14.8449,91
002445.SZ,中南文化,钢加工,机械设备,3.49,1.1594,3.3496,111.0846,80
002446.SZ,盛路通信,通信设备,国防军工,10.47,-3.945,3.3551,92.1232,59
002448.SZ,中原内配,汽车配件,汽车,17.52,9.9812,9.0454,34.7278,91
002449.SZ,国星光电,半导体,电子,8.11,-2.2892,-0.3414,85.9251,91
002451.SZ,摩恩电气,电气设备,电力设备,9.48,-2.4691,1.376,394.7774,12
002452.SZ,长高电新,电气设备,电力设备,11.21,-0.7965,8.0959,25.4007,91
002453.SZ,华软科技,化工原料,基础化工,4.83,-3.012,-12.7217,44.2648,22
002454.SZ,松芝股份,汽车配件,汽车,10.41,-1.327,6.2461,26.4446,22
002455.SZ,百川股份,化工原料,基础化工,11.19,0.3587,0.244,750.4683,12
002456.SZ,欧菲光,元器件,电子,9.17,-2.4468,1.0866,740.462,12
002457.SZ,青龙管业,塑料,建筑材料,11.11,-1.4197,5.1714,28.5818,69
002458.SZ,益生股份,农业综合,农林牧渔,10.97,-1.3489,2.3561,43.0646,77
002459.SZ,晶澳科技,电气设备,电力设备,10.87,-1.0018,-13.9142,59.1951,91
002460.SZ,赣锋锂业,小金属,有色金属,79.88,-2.846,3.7111,103.835,57
002461.SZ,珠江啤酒,啤酒,食品饮料,9.92,0.5066,8.3892,24.2932,74
002462.SZ,嘉事堂,医药商业,医药生物,13.94,-0.5706,2.5777,36.5096,57
002463.SZ,沪电股份,元器件,电子,106.62,3.2439,7.7867,47.6939,77
002465.SZ,海格通信,通信设备,国防军工,16.58,-1.8935,-6.5467,92.1232,7
002466.SZ,天齐锂业,小金属,有色金属,67.97,-3.9022,1.0982,250.6855,91
002467.SZ,二六三,互联网,通信,7.14,-3.252,-16.3255,114.6508,91
002468.SZ,申通快递,仓储物流,交通运输,17.73,1.3143,7.5216,19.8255,89
002469.SZ,三维化学,化工原料,建筑装饰,8.24,-2.0214,6.9398,28.6725,80
002470.SZ,金正大,农药化肥,基础化工,2.96,-2.6316,1.6582,281.1539,87
002471.SZ,中超控股,电气设备,电力设备,9.11,-3.8015,-1.2883,59.1951,87
002472.SZ,双环传动,汽车配件,汽车,38.03,-2.2616,9.7459,27.2819,19
002474.SZ,榕基软件,软件服务,计算机,7.23,-1.0944,-2.3534,92.9079,32
002475.SZ,立讯精密,元器件,电子,67.77,-0.3822,21.5235,29.7457,91
002476.SZ,宝莫股份,化工原料,石油石化,5.83,-0.1712,4.0134,50.3277,91
002478.SZ,常宝股份,钢加工,钢铁,11.33,2.2563,6.7985,16.5869,27
002479.SZ,富春环保,新型电力,公用事业,5.76,1.5873,4.9152,23.6203,34
002480.SZ,新筑股份,运输设备,公用事业,6.25,0.0,-18.0816,27.54705,27
002481.SZ,双塔食品,食品,农林牧渔,4.41,-0.2262,1.2976,166.5703,80
002482.SZ,广田集团,装修装饰,建筑装饰,1.67,-1.7647,-18.0867,40.5447,1
002483.SZ,润邦股份,专用机械,机械设备,7.0,1.8923,5.1125,13.661,34
002484.SZ,江海股份,元器件,电子,34.59,-0.8314,11.1269,43.6108,22
002486.SZ,嘉麟杰,服饰,纺织服饰,2.76,-2.8169,4.899,42.0611,57
002487.SZ,大金重工,电气设备,电力设备,85.25,-2.7271,14.1882,49.2779,91
002488.SZ,金固股份,汽车配件,汽车,11.54,-0.6885,1.1971,350.0228,22
002489.SZ,浙江永强,家居用品,轻工制造,3.34,0.6024,10.8736,15.5757,91
002490.SZ,山东墨龙,化工机械,机械设备,9.77,10.0225,1.115,1393.4236,21
002491.SZ,通鼎互联,通信设备,通信,16.83,-2.2648,-2.6049,1393.4236,74
002492.SZ,恒基达鑫,仓储物流,交通运输,8.01,-1.233,-3.9129,19.7001,76
002493.SZ,荣盛石化,化纤,石油石化,11.89,-1.2458,2.0295,161.3215,90
002494.SZ,华斯股份,服饰,纺织服饰,5.5,-1.2567,1.6573,101.02,74
002495.SZ,佳隆股份,食品,食品饮料,2.48,-1.5873,1.0063,116.372,91
002497.SZ,雅化集团,小金属,基础化工,27.78,-2.0797,3.1398,73.3529,91
002498.SZ,汉缆股份,电气设备,电力设备,9.09,1.4509,5.6651,51.0533,94
002500.SZ,山西证券,证券,非银金融,5.56,-1.4184,4.0347,21.9134,33
002501.SZ,利源股份,铝,有色金属,1.71,-2.2857,-28.7719,50.4728,77
002506.SZ,协鑫集成,电气设备,电力设备,4.56,-3.1847,-26.672,59.1951,21
002507.SZ,涪陵榨菜,食品,食品饮料,12.33,0.4072,8.8038,18.525,12
002508.SZ,老板电器,家用电器,家用电器,19.38,-0.5133,10.2455,11.9493,15
002510.SZ,天汽模,汽车配件,汽车,6.73,-2.6049,2.6352,103.7384,91
002511.SZ,中顺洁柔,造纸,美容护理,8.85,-0.8959,5.8599,35.7319,32
002513.SZ,蓝丰生化,新型电力,基础化工,6.02,-2.7464,-53.86618,44.2648,77
002514.SZ,宝馨科技,机械基件,机械设备,4.13,-1.432,-36.1976,57.75575,15
002515.SZ,金字火腿,食品,食品饮料,6.57,0.1524,0.8409,146.3722,33
002516.SZ,旷达科技,汽车配件,汽车,5.77,-0.3454,4.9447,46.0792,91
002517.SZ,恺英网络,互联网,传媒,17.37,-0.5155,18.8919,19.2092,91
002518.SZ,科士达,电气设备,电力设备,49.13,1.049,9.9046,59.2021,15
002519.SZ,银河电子,通信设备,国防军工,8.12,-4.6948,-3.6749,92.1232,24
002520.SZ,日发精机,机床制造,机械设备,5.38,-2.8881,-53.86618,57.75575,1
002521.SZ,齐峰新材,造纸,轻工制造,8.59,-0.8083,2.588,31.0813,33
002522.SZ,浙江众成,塑料,基础化工,6.08,-2.4077,2.5331,94.5245,87
002523.SZ,天桥起重,专用机械,机械设备,4.03,-1.9465,3.4738,47.4425,21
002524.SZ,光正眼科,医疗保健,医药生物,4.05,-0.2463,0.1478,38.1539,27
002526.SZ,山东矿机,工程机械,机械设备,3.37,-1.7493,3.8604,49.0044,27
002527.SZ,新时达,电器仪表,机械设备,12.97,-3.1367,0.4404,1393.4236,43
002530.SZ,金财互联,专用机械,机械设备,8.91,-2.1954,4.9912,107.0459,32
002531.SZ,天顺风能,电气设备,电力设备,12.68,-2.8352,-2.6795,59.1951,80
002532.SZ,天山铝业,铝,有色金属,17.67,-1.8333,17.0849,16.9764,80
002533.SZ,金杯电工,电气设备,电力设备,13.91,-2.4544,14.0963,17.0176,13
002534.SZ,西子洁能,专用机械,电力设备,18.71,0.6455,8.8843,35.8249,77
002535.SZ,林州重机,工程机械,机械设备,3.34,-0.8902,10.5879,102.6522,93
002536.SZ,飞龙股份,汽车配件,汽车,38.11,-4.3424,1.6512,86.884,15
002537.SZ,海联金汇,汽车配件,汽车,7.71,-0.2587,4.8686,44.0216,91
002539.SZ,云图控股,农药化肥,基础化工,14.22,-0.6289,9.0803,20.7644,91
002540.SZ,亚太科技,铝,有色金属,6.16,-2.0668,0.7015,20.746,12
002541.SZ,鸿路钢构,钢加工,建筑装饰,19.4,-3.0,6.4428,21.2087,94
002542.SZ,中化岩土,建筑工程,建筑装饰,1.88,1.0753,-53.86618,40.5447,13
002543.SZ,万和电气,家用电器,家用电器,8.42,-0.8245,9.7662,9.1684,91
002544.SZ,普天科技,通信设备,通信,27.17,-1.6293,0.4705,1393.4236,57
002545.SZ,东方铁塔,农药化肥,基础化工,21.85,-2.8889,9.0287,29.3551,33
002546.SZ,新联电子,电气设备,电力设备,8.73,-0.4561,2.374,12.9522,30
002547.SZ,春兴精工,汽车配件,汽车,3.13,-7.6696,5.9569,37.8809,77
002548.SZ,金新农,饲料,农林牧渔,4.87,-3.373,-6.4105,43.06775,94
002549.SZ,凯美特气,环境保护,基础化工,18.8,-2.439,0.5189,274.9965,95
002550.SZ,千红制药,生物制药,医药生物,7.46,-2.611,14.5484,22.2199,1
002551.SZ,尚荣医疗,医疗保健,医药生物,3.37,-0.2959,-1.343,38.1539,40
002552.SZ,宝鼎科技,元器件,机械设备,21.51,-2.3161,8.4337,67.1741,89
002553.SZ,南方精工,汽车配件,汽车,24.4,-3.3663,25.5629,24.9509,5
002554.SZ,惠博普,石油开采,石油石化,3.44,1.1765,0.4493,45.199,80
002555.SZ,三七互娱,互联网,传媒,21.3,-1.5257,21.9258,16.2472,77
002556.SZ,辉隆股份,农药化肥,农林牧渔,6.29,0.319,5.351,30.7418,33
002557.SZ,洽洽食品,食品,食品饮料,22.9,-3.1712,5.7463,28.2912,12
002558.SZ,巨人网络,互联网,传媒,31.88,-0.6854,10.1224,36.2989,91
002559.SZ,亚威股份,机床制造,机械设备,10.54,-3.125,6.0741,54.8499,91
002560.SZ,通达股份,电气设备,电力设备,14.27,3.1069,6.14,46.4792,95
002561.SZ,徐家汇,百货,商贸零售,8.06,0.3736,-0.713,48.6264,52
002562.SZ,兄弟科技,化学制药,基础化工,5.74,-2.2147,2.9925,59.7899,13
002563.SZ,森马服饰,服饰,纺织服饰,5.35,-1.2915,7.6862,16.151,76
002564.SZ,天沃科技,化工机械,建筑装饰,6.31,0.318,28.49996,115.3763,34
002565.SZ,顺灏股份,造纸,轻工制造,19.76,-9.9772,3.5836,369.4521,77
002566.SZ,益盛药业,中成药,医药生物,7.57,-1.0458,1.2983,86.3919,74
002567.SZ,唐人神,饲料,农林牧渔,4.15,-1.4252,-6.4163,43.06775,76
002568.SZ,百润股份,红黄酒,食品饮料,17.13,0.2927,11.4782,25.7046,74
002570.SZ,贝因美,乳制品,食品饮料,4.93,-0.404,6.4706,38.7394,27
002571.SZ,德力股份,家居用品,轻工制造,11.62,-5.4516,-8.7731,38.3958,57
002572.SZ,索菲亚,家居用品,轻工制造,12.56,-0.4754,12.1337,13.4207,12
002573.SZ,清新环境,环境保护,环保,3.6,-0.277,0.3293,35.3022,87
002574.SZ,明牌珠宝,服饰,纺织服饰,5.3,-1.6698,-3.5297,33.2675,91
002575.SZ,群兴玩具,文教休闲,轻工制造,6.35,1.4377,-2.5687,38.3958,32
002576.SZ,通达动力,电气设备,电力设备,18.67,0.5927,6.3775,37.4175,20
002577.SZ,雷柏科技,IT设备,计算机,15.32,-2.046,0.6928,399.3422,57
002578.SZ,闽发铝业,铝,有色金属,3.77,-3.0848,-0.5329,50.4728,77
002579.SZ,中京电子,元器件,电子,12.95,-3.7175,1.062,249.1646,43
002580.SZ,圣阳股份,电气设备,电力设备,26.97,0.8979,7.0996,61.4794,33
002582.SZ,好想你,食品,食品饮料,12.72,-1.0117,-0.1409,29.62085,94
002583.SZ,海能达,通信设备,通信,10.59,-1.9444,-11.5321,114.6508,15
002584.SZ,西陇科学,化工原料,电子,7.91,1.2804,-2.7226,85.9251,74
002585.SZ,双星新材,塑料,基础化工,7.54,-3.949,-2.5463,44.2648,74
002587.SZ,奥拓电子,元器件,电子,6.28,-3.2357,1.1962,85.9251,77
002588.SZ,史丹利,农药化肥,基础化工,11.81,1.113,4.4219,12.5198,29
002589.SZ,瑞康医药,医药商业,医药生物,3.24,-2.7027,0.2966,303.3544,91
002590.SZ,万安科技,汽车配件,汽车,12.43,-1.5055,7.1624,30.2222,74
002591.SZ,恒大高新,环境保护,基础化工,6.84,-0.8696,-0.349,44.2648,87
002593.SZ,日上集团,钢加工,建筑装饰,5.08,-1.9305,4.5364,37.108,12
002594.SZ,比亚迪,汽车整车,汽车,99.98,-1.6139,15.118,27.945,91
002595.SZ,豪迈科技,专用机械,机械设备,90.86,-1.0563,21.8511,30.3711,5
002596.SZ,海南瑞泽,水泥,建筑材料,3.39,-0.8772,-33.4413,47.81715,91
002597.SZ,金禾实业,食品,基础化工,22.86,-1.21,4.5065,37.4338,51
002599.SZ,盛通股份,广告包装,轻工制造,6.89,-1.4306,0.6999,38.3958,5
002600.SZ,领益智造,元器件,电子,14.55,-2.6756,10.4348,46.4793,69
002601.SZ,龙佰集团,化工原料,基础化工,17.53,-1.8477,7.2033,32.6688,21
002602.SZ,世纪华通,互联网,传媒,16.54,-1.7815,16.1216,32.3591,77
002603.SZ,以岭药业,中成药,医药生物,16.65,0.9703,9.5607,38.1539,57
002605.SZ,姚记科技,互联网,传媒,20.18,-3.1205,10.7525,16.6875,27
002606.SZ,大连电瓷,电气设备,电力设备,13.34,9.9753,11.6854,23.3226,30
002607.SZ,中公教育,文教休闲,社会服务,2.53,-0.3937,11.9378,145.1621,91
002608.SZ,江苏国信,火力发电,公用事业,7.86,1.6818,10.196,8.5699,91
002609.SZ,捷顺科技,软件服务,计算机,8.31,-1.3064,2.9947,89.1589,76
002611.SZ,东方精工,轻工机械,机械设备,17.69,-1.7768,13.4917,29.6912,90
002612.SZ,朗姿股份,服饰,纺织服饰,16.46,-1.907,28.49996,7.0251,57
002613.SZ,北玻股份,专用机械,建筑材料,3.87,-1.7766,0.4843,47.81715,100
002614.SZ,奥佳华,家用电器,家用电器,6.01,-1.3136,1.2521,54.7193,90
002615.SZ,哈尔斯,家居用品,轻工制造,7.79,0.0,0.0597,145.5025,91
002616.SZ,长青集团,环境保护,公用事业,5.91,0.8532,8.7228,18.1211,91
002617.SZ,露笑科技,电气设备,公用事业,7.91,-0.6281,3.9361,55.9057,11
002622.SZ,皓宸医疗,医疗保健,医药生物,2.5,-0.3984,-6.9281,38.1539,34
002623.SZ,亚玛顿,玻璃,电力设备,22.3,-0.6239,-2.0414,59.1951,5
002624.SZ,完美世界,互联网,传媒,19.02,-5.8882,9.6207,46.5064,19
002625.SZ,光启技术,航空,国防军工,39.84,-1.2639,6.5579,119.0949,5
002626.SZ,金达威,医疗保健,食品饮料,16.18,-1.0398,7.7775,29.0337,87
002627.SZ,三峡旅游,旅游景点,社会服务,7.17,0.1397,2.777,56.768,33
002628.SZ,成都路桥,建筑工程,建筑装饰,5.56,-1.4184,-2.7527,40.5447,21
002629.SZ,仁智股份,石油开采,石油石化,6.66,-1.0401,15.2409,302.1265,1
002631.SZ,德尔未来,家居用品,轻工制造,7.26,-2.681,-10.2864,38.3958,91
002632.SZ,道明光学,塑料,基础化工,11.13,-8.0165,1.8585,32.9174,33
002633.SZ,申科股份,机械基件,机械设备,19.2,-1.7903,1.2174,303.0841,12
002634.SZ,棒杰股份,服饰,纺织服饰,4.75,-9.5238,3.7631,33.2675,21
002635.SZ,安洁科技,元器件,电子,16.6,-4.6525,1.9108,98.4672,19
002636.SZ,金安国纪,元器件,电子,43.25,-6.1211,5.0424,284.8193,95
002637.SZ,赞宇科技,日用化工,基础化工,12.32,-2.1446,4.8792,31.7768,76
002638.SZ,勤上股份,家用电器,家用电器,4.33,-3.3482,-15.7611,35.6124,27
002639.SZ,雪人集团,专用机械,机械设备,18.37,-4.7199,1.5751,341.3315,91
002640.SZ,跨境通,互联网,商贸零售,3.34,-1.7647,-53.86618,48.6264,5
002641.SZ,公元股份,塑料,建筑材料,4.08,-1.2107,0.8289,57.0044,91
002642.SZ,荣联科技,软件服务,计算机,7.77,-1.2706,1.6978,256.8215,96
002643.SZ,万润股份,化工原料,电子,16.78,-1.3521,4.3023,60.5049,77
002644.SZ,佛慈制药,中成药,医药生物,8.19,-0.8475,2.7167,84.9933,91
002645.SZ,华宏科技,专用机械,环保,21.96,-5.0584,5.5433,67.4573,91
002646.SZ,天佑德酒,白酒,食品饮料,7.9,0.894,0.7686,582.2114,43
002648.SZ,卫星化学,化工原料,基础化工,27.38,3.4769,6.1356,15.7416,12
002649.SZ,博彦科技,软件服务,计算机,11.78,-1.7515,4.366,53.4524,91
002651.SZ,利君股份,航空,国防军工,9.5,-1.3499,3.1216,170.612,5
002652.SZ,扬子新材,其他建材,建筑材料,4.68,-2.9046,-6.036,47.81715,21
002653.SZ,海思科,化学制药,医药生物,56.34,-3.5109,6.1055,243.0705,27
002654.SZ,万润科技,互联网,电子,14.74,-4.4099,1.7896,217.8037,43
002655.SZ,共达电声,元器件,电子,24.71,1.0221,0.6386,156.0958,51
002657.SZ,中科金财,软件服务,计算机,21.6,-2.7027,-6.2614,92.9079,77
002658.SZ,雪迪龙,环境保护,环保,8.88,0.1127,5.7895,37.4035,24
002659.SZ,凯文教育,文教休闲,社会服务,5.11,0.1961,0.0442,44.811447,61
002660.SZ,茂硕电源,电气设备,电子,8.5,-2.411,-20.1704,85.9251,89
002661.SZ,克明食品,食品,食品饮料,8.76,-0.7928,5.1932,25.4427,59
002662.SZ,峰璟股份,汽车配件,汽车,4.19,-1.1792,5.6841,25.2563,12
002663.SZ,普邦股份,建筑工程,建筑装饰,2.07,-2.3585,-1.6223,40.5447,27
002664.SZ,信质集团,汽车配件,汽车,19.99,-3.9866,3.8542,52.3697,74
002666.SZ,德联集团,化工原料,基础化工,5.27,-1.6791,2.2505,58.9812,22
002667.SZ,威领股份,小金属,机械设备,31.59,2.6983,-3.6411,57.75575,1
002668.SZ,TCL智家,家用电器,家用电器,9.78,-1.0121,8.2968,9.3982,77
002669.SZ,康达新材,化工原料,基础化工,13.83,-2.6056,4.5295,33.4505,27
002670.SZ,国盛证券,证券,非银金融,12.6,-2.6275,2.4314,119.4985,69
002671.SZ,龙泉股份,水泥,建筑材料,4.73,-0.6303,2.8659,56.121,87
002672.SZ,东江环保,环境保护,环保,4.19,0.0,-41.2164,35.3022,59
002673.SZ,西部证券,证券,非银金融,7.08,-1.1173,5.9496,18.045,89
002674.SZ,兴业科技,纺织,纺织服饰,13.82,-1.707,1.6501,57.0697,19
002675.SZ,东诚药业,化学制药,医药生物,13.69,-1.7934,4.4308,57.7047,91
002676.SZ,顺威股份,家用电器,家用电器,6.69,-1.4728,6.2188,60.4192,90
002677.SZ,浙江美大,家用电器,家用电器,7.33,-2.0053,1.1441,217.8096,87
002678.SZ,珠江钢琴,文教休闲,轻工制造,5.77,-2.3689,-11.4198,38.3958,12
002679.SZ,福建金森,林业,农林牧渔,10.74,2.0913,-3.154,174.4947,19
002681.SZ,奋达科技,元器件,电子,5.07,-3.0593,0.5456,85.9251,23
002682.SZ,龙洲股份,仓储物流,交通运输,5.84,-0.3413,-8.541,19.7001,7
002683.SZ,广东宏大,化工原料,基础化工,40.2,-1.9512,14.1633,31.9138,22
002685.SZ,华东重机,机床制造,机械设备,7.93,-3.0562,4.2687,119.7606,1
002686.SZ,亿利达,专用机械,机械设备,7.77,-2.7534,2.2044,359.8717,57
002687.SZ,乔治白,服饰,纺织服饰,4.83,-0.4124,5.6537,28.5437,19
002688.SZ,金河生物,农业综合,农林牧渔,5.74,-0.692,6.0516,35.1928,20
002690.SZ,美亚光电,专用机械,机械设备,17.69,-0.5621,25.166,21.7025,20
002691.SZ,冀凯股份,专用机械,机械设备,6.83,-1.7266,-5.2607,57.75575,77
002692.SZ,远程股份,电气设备,电力设备,6.69,-4.7009,4.1346,70.4233,91
002694.SZ,顾地科技,塑料,建筑材料,2.86,0.7042,-53.86618,47.81715,33
002695.SZ,煌上煌,食品,食品饮料,11.4,-0.3497,3.634,101.5921,12
002696.SZ,百洋股份,饲料,农林牧渔,6.74,-1.173,2.6736,45.3661,12
002697.SZ,红旗连锁,超市连锁,商贸零售,5.17,-0.3854,10.391,15.0704,74
002698.SZ,博实股份,化工机械,机械设备,13.8,-1.4286,10.9325,28.5872,7
002700.SZ,万憬能源,供气供热,公用事业,6.61,0.3035,4.7011,36.6889,95
002701.SZ,奥瑞金,广告包装,轻工制造,5.43,0.7421,11.4126,13.7084,13
002702.SZ,海欣食品,食品,食品饮料,5.54,-0.5386,-2.6591,29.62085,95
002703.SZ,浙江世宝,汽车配件,汽车,21.34,3.6929,8.9869,97.2484,5
002705.SZ,新宝股份,家用电器,家用电器,18.5,3.179,10.0439,14.9936,76
002706.SZ,良信股份,电气设备,电力设备,10.6,-1.3035,6.442,44.8889,54
002707.SZ,众信旅游,旅游服务,社会服务,6.39,-0.6221,7.4997,127.0207,27
002708.SZ,光洋股份,汽车配件,汽车,13.22,-2.5792,3.7567,99.8506,7
002709.SZ,天赐材料,化工原料,电力设备,49.41,-5.1631,8.7993,73.9584,53
002712.SZ,思美传媒,广告包装,传媒,5.11,-0.969,-1.0792,46.5064,19
002714.SZ,牧原股份,农业综合,农林牧渔,43.49,-2.7504,-1.4728,25.669,91
002715.SZ,登云股份,汽车配件,汽车,15.2,-2.0619,-3.3594,37.8809,51
002716.SZ,湖南白银,小金属,有色金属,11.79,-6.9455,9.9688,97.8414,19
002718.SZ,友邦吊顶,其他建材,建筑材料,71.09,-0.4481,1.3545,743.9047,22
002719.SZ,麦趣尔,乳制品,食品饮料,8.12,-1.2165,-15.8547,29.62085,94
002721.SZ,金一文化,服饰,纺织服饰,2.86,-0.6944,1.3681,264.2531,77
002722.SZ,物产金轮,钢加工,机械设备,14.99,-1.7049,5.4555,20.6478,80
002723.SZ,小崧股份,家用电器,家用电器,10.05,-1.7595,-7.2967,35.6124,64
002724.SZ,海洋王,元器件,家用电器,7.02,-0.5666,2.049,35.6124,20
002725.SZ,跃岭股份,汽车配件,汽车,16.46,-2.3725,1.4502,289.2615,5
002726.SZ,龙大美食,食品,食品饮料,3.15,-7.8947,-13.3509,29.62085,21
002727.SZ,一心堂,医药商业,医药生物,12.68,0.9554,3.6276,82.2981,43
002728.SZ,特一药业,中成药,医药生物,10.3,-1.9981,4.5545,64.736,12
002729.SZ,好利科技,元器件,电子,18.68,-1.6842,7.2577,82.1692,74
002730.SZ,电光科技,专用机械,机械设备,28.54,2.6619,4.1457,154.0657,32
002732.SZ,燕塘乳业,乳制品,食品饮料,15.97,-0.4984,3.8629,43.6074,59
002733.SZ,雄韬股份,电气设备,电力设备,30.33,2.7091,3.904,137.504,74
002734.SZ,利民股份,农药化肥,基础化工,17.55,1.0363,14.5302,17.4065,95
002735.SZ,王子新材,塑料,轻工制造,15.05,-2.7149,0.644,38.3958,74
002736.SZ,国信证券,证券,非银金融,11.14,-1.5031,8.8552,10.3039,12
002737.SZ,葵花药业,中成药,医药生物,12.12,-0.3289,-0.7955,38.1539,77
002738.SZ,中矿资源,小金属,有色金属,80.35,-3.8991,3.7569,126.6758,32
002739.SZ,万达电影,影视音像,传媒,10.15,0.495,9.721,46.5064,95
002741.SZ,光华科技,化工原料,电子,20.27,0.3962,2.1002,78.6565,12
002743.SZ,富煌钢构,钢加工,建筑装饰,5.11,-1.3514,1.2679,89.7336,77
002745.SZ,木林森,元器件,电子,8.88,-1.2236,1.6092,59.8896,94
002746.SZ,仙坛股份,农业综合,农林牧渔,6.22,0.4847,4.1894,18.6304,43
002747.SZ,埃斯顿,机械基件,机械设备,20.87,-1.4636,2.3986,449.1209,87
002748.SZ,世龙实业,化工原料,基础化工,12.1,-1.063,2.9746,67.3656,2
002749.SZ,国光股份,农药化肥,基础化工,12.66,2.2617,15.9726,20.0998,76
002752.SZ,昇兴股份,广告包装,轻工制造,7.25,0.5548,4.1906,19.363,19
002753.SZ,永东股份,化工原料,基础化工,7.26,-0.5479,2.0985,39.8136,23
002755.SZ,奥赛康,化学制药,医药生物,15.97,-2.2644,7.1261,57.7679,91
002756.SZ,永兴材料,小金属,有色金属,71.1,-2.8025,4.2729,63.4458,80
002757.SZ,南兴股份,专用机械,机械设备,22.38,-0.0893,4.5931,57.75575,61
002758.SZ,浙农股份,批发业,基础化工,9.79,-0.6091,4.5676,11.6077,14
002759.SZ,天际股份,电气设备,电力设备,31.95,-4.3699,2.5373,194.9247,21
002760.SZ,凤形股份,机械基件,机械设备,22.21,-3.686,2.4595,118.9043,100
002761.SZ,浙江建投,建筑工程,建筑装饰,8.09,-0.1235,1.7759,52.2406,77
002763.SZ,汇洁股份,服饰,纺织服饰,8.27,-0.1208,2.9408,61.844,15
002765.SZ,蓝黛科技,元器件,汽车,10.15,-2.4976,7.2343,35.8173,80
002766.SZ,索菱股份,汽车配件,汽车,4.68,-0.8475,-5.7854,37.8809,17
002767.SZ,先锋电子,电器仪表,机械设备,21.28,-1.4815,2.4753,85.0479,17
002768.SZ,国恩股份,塑料,基础化工,52.27,0.0191,15.7215,18.7169,14
002769.SZ,普路通,仓储物流,交通运输,10.12,-3.1579,3.091,19.7001,91
002771.SZ,真视通,软件服务,计算机,16.02,-7.5591,-9.9746,92.9079,21
002772.SZ,众兴菌业,种植业,农林牧渔,18.47,2.2702,4.5438,15.3995,21
002773.SZ,康弘药业,化学制药,医药生物,25.79,-3.5527,12.9563,22.1975,21
002774.SZ,快意电梯,运输设备,机械设备,11.51,-2.4576,5.7741,54.0574,33
002775.SZ,文科股份,建筑工程,建筑装饰,3.66,-0.5435,4.4442,40.5447,87
002777.SZ,久远银海,软件服务,计算机,16.32,-1.3301,4.5774,86.6726,33
002778.SZ,中晟高科,环境保护,环保,20.45,0.9877,22.1615,35.3022,95
002779.SZ,中坚科技,农用机械,机械设备,92.56,-2.9566,20.8634,99.1204,74
002780.SZ,三夫户外,服饰,纺织服饰,15.09,-0.2644,3.1295,33.2675,77
002782.SZ,可立克,元器件,电子,21.86,0.0,14.2819,36.1827,91
002783.SZ,凯龙股份,化工原料,基础化工,9.69,0.2068,5.2419,28.2529,69
002785.SZ,万里石,其他建材,建筑材料,41.32,-2.0621,0.2265,47.81715,5
002786.SZ,银宝山新,专用机械,机械设备,7.04,-1.9499,-4.8598,57.75575,74
002787.SZ,华源控股,广告包装,轻工制造,19.44,10.017,1.3849,55.7137,27
002788.SZ,鹭燕医药,医药商业,医药生物,14.18,-0.561,2.0336,19.8531,27
002790.SZ,瑞尔特,家居用品,轻工制造,7.79,1.0376,2.9059,27.9935,69
002791.SZ,坚朗五金,其他建材,建筑材料,18.29,-1.825,-1.8103,47.81715,32
002792.SZ,通宇通讯,通信设备,通信,49.1,-5.8124,0.908,1393.4236,69
002793.SZ,罗欣药业,化学制药,医药生物,5.63,9.9609,2.1336,38.1539,77
002795.SZ,永和智控,机械基件,机械设备,8.05,-3.4772,-31.1016,57.75575,57
002796.SZ,世嘉科技,通信设备,通信,60.99,-0.6516,-5.7937,1181.7571,77
002797.SZ,第一创业,证券,非银金融,7.79,-2.1357,4.6188,31.6847,19
002798.SZ,帝欧水华,家居用品,轻工制造,6.91,-0.8608,-7.6734,38.3958,5
002799.SZ,环球印务,广告包装,轻工制造,7.91,-1.3716,-1.5669,38.3958,87
002800.SZ,天顺股份,仓储物流,交通运输,17.68,-0.6183,0.3583,19.7001,32
002801.SZ,微光股份,电气设备,电力设备,32.06,-2.0171,20.4249,20.202,32
002802.SZ,洪汇新材,化工原料,基础化工,15.42,3.9084,4.8811,61.067,26
002803.SZ,吉宏股份,互联网,商贸零售,19.45,3.5125,11.2985,31.6451,69
002805.SZ,丰元股份,电气设备,电力设备,17.87,-0.9424,-27.761,59.1951,20
002806.SZ,华锋股份,汽车配件,汽车,14.14,-2.6841,-0.9215,42.7365,69
002807.SZ,江阴银行,银行,银行,4.79,1.0549,6.7748,6.891524,27
002809.SZ,红墙股份,化工原料,基础化工,10.25,-0.8704,-0.3873,994.6986,13
002810.SZ,山东赫达,化工原料,基础化工,26.28,-0.9797,6.1537,61.0094,53
002811.SZ,郑中设计,装修装饰,建筑装饰,13.14,-2.4499,12.1235,26.2985,1
002812.SZ,恩捷股份,电气设备,电力设备,70.16,-6.1279,1.0199,182.8383,74
002813.SZ,路畅科技,汽车配件,汽车,27.08,1.6898,-34.8796,37.8809,13
002815.SZ,崇达技术,元器件,电子,15.45,-2.7078,3.916,61.7056,21
002817.SZ,黄山胶囊,化学制药,医药生物,7.61,-1.4249,1.7922,35.8384,20
002818.SZ,富森美,其他商业,商贸零售,10.88,1.3035,9.7443,14.6595,93
002819.SZ,东方中科,电器仪表,机械设备,26.33,-1.5701,-5.2275,57.75575,69
002820.SZ,桂发祥,食品,食品饮料,10.35,0.5831,-2.7452,29.62085,91
002821.SZ,凯莱英,生物制药,医药生物,112.01,-0.9112,6.5693,35.6902,12
002823.SZ,凯中精密,机械基件,电力设备,15.82,-0.5031,11.6971,22.2381,87
002824.SZ,和胜股份,铝,有色金属,27.43,-4.7569,5.073,68.202,2
002825.SZ,纳尔股份,化工原料,基础化工,9.85,-2.4752,1.0661,37.5959,80
002826.SZ,易明医药,化学制药,医药生物,20.54,-0.5327,10.6107,45.6085,43
002827.SZ,高争民爆,化工原料,基础化工,31.8,-1.8215,19.8717,44.4928,69
002828.SZ,贝肯能源,石油开采,石油石化,11.91,2.4957,4.242,266.0351,14
002829.SZ,星网宇达,航空,国防军工,22.95,-2.713,2.246,92.1232,69
002830.SZ,名雕股份,装修装饰,建筑装饰,20.98,-6.5895,2.4033,69.0969,15
002831.SZ,裕同科技,广告包装,轻工制造,37.38,-2.0183,10.2705,23.3224,59
002832.SZ,比音勒芬,服饰,纺织服饰,18.1,-1.0388,11.7481,16.1872,27
002833.SZ,弘亚数控,专用机械,机械设备,18.01,-0.5522,11.6306,19.0373,59
002835.SZ,同为股份,IT设备,计算机,15.39,-1.3462,9.7093,19.7795,59
002836.SZ,新宏泽,广告包装,轻工制造,12.57,-2.4068,10.7419,50.8178,5
002837.SZ,英维克,专用机械,机械设备,100.68,-3.3781,16.4085,203.9297,87
002838.SZ,道恩股份,塑料,基础化工,28.35,2.3466,5.5891,71.7964,12
002839.SZ,张家港行,银行,银行,4.76,1.2766,9.8326,6.891524,43
002840.SZ,华统股份,食品,食品饮料,12.63,-3.8081,2.1953,111.7863,80
002841.SZ,视源股份,元器件,电子,38.79,5.9547,1.8342,24.5799,15
002842.SZ,翔鹭钨业,小金属,有色金属,32.31,-7.2085,14.5772,73.5605,20
002843.SZ,泰嘉股份,钢加工,机械设备,26.07,-2.1029,4.1407,155.1801,33
002845.SZ,同兴达,元器件,电子,14.96,0.1339,1.6067,117.3349,40
002846.SZ,英联股份,广告包装,轻工制造,16.15,-3.1194,0.8826,184.4524,74
002847.SZ,盐津铺子,食品,食品饮料,54.91,1.4597,28.49996,20.0083,33
002849.SZ,威星智能,电器仪表,机械设备,17.22,-2.9859,5.3575,97.4551,12
002850.SZ,科达利,电气设备,电力设备,205.87,-1.7655,14.1038,32.1812,33
002851.SZ,麦格米特,电气设备,电力设备,106.46,-1.7625,3.4624,260.5522,94
002852.SZ,道道全,食品,农林牧渔,9.62,-0.5171,10.6991,14.1672,94
002853.SZ,皮阿诺,家居用品,轻工制造,27.64,-4.2936,-0.8043,38.3958,94
002855.SZ,捷荣技术,元器件,电子,11.4,-2.3973,-53.86618,85.9251,94
002856.SZ,美芝股份,装修装饰,建筑装饰,11.85,-0.4202,-46.7368,40.5447,26
002857.SZ,三晖电气,电器仪表,电力设备,20.45,-2.1999,-5.462,247.9563,91
002858.SZ,力盛体育,文教休闲,社会服务,15.55,-3.7748,4.1218,44.811447,32
002859.SZ,洁美科技,元器件,电子,45.58,-3.5548,7.2455,89.4151,32
002860.SZ,星帅尔,家用电器,家用电器,12.9,-3.5153,9.6961,23.2561,94
002861.SZ,瀛通通讯,元器件,电子,15.33,-2.8517,-3.1519,270.9585,77
002862.SZ,实丰文化,文教休闲,轻工制造,17.5,-1.7957,-13.6325,38.3958,5
002863.SZ,今飞凯达,汽车配件,汽车,5.43,-2.3381,2.5951,41.2215,22
002864.SZ,盘龙药业,中成药,医药生物,30.26,-0.7869,5.4113,26.688,12
002865.SZ,钧达股份,电气设备,电力设备,76.38,-3.4387,0.3684,59.1951,69
002866.SZ,传艺科技,IT设备,电子,25.38,-7.033,4.185,85.6012,15
002867.SZ,周大生,服饰,纺织服饰,12.57,-0.7109,13.9743,13.1596,95
002869.SZ,金溢科技,通信设备,计算机,20.98,-1.0844,-1.3641,205.6145,1
002870.SZ,香山股份,汽车配件,汽车,36.92,-2.1987,5.813,51.3658,74
002871.SZ,伟隆股份,机械基件,机械设备,18.08,-2.5337,10.4719,31.5702,52
002873.SZ,新天药业,中成药,医药生物,9.36,-1.6807,0.7435,250.762,5
002875.SZ,安奈儿,服饰,纺织服饰,22.72,-1.6876,-9.3022,33.2675,33
002876.SZ,三利谱,元器件,电子,28.9,-3.3445,1.9845,106.7234,93
002877.SZ,智能自控,机械基件,机械设备,8.77,-1.9016,1.4139,523.2498,57
002878.SZ,元隆雅图,广告包装,传媒,18.34,-1.0254,0.7052,46.5064,1
002879.SZ,长缆科技,电气设备,电力设备,21.46,-0.9691,7.7519,30.9805,19
002880.SZ,卫光生物,生物制药,医药生物,26.11,-0.9108,6.9613,25.8958,59
002881.SZ,美格智能,元器件,通信,39.18,-1.4092,8.7302,82.9077,43
002882.SZ,金龙羽,电气设备,电力设备,27.81,-2.6261,5.031,112.5194,69
002883.SZ,中设股份,建筑工程,建筑装饰,9.39,-1.2618,-3.9737,40.5447,80
002884.SZ,凌霄泵业,机械基件,机械设备,18.78,-0.4769,19.2165,14.7661,27
002885.SZ,京泉华,元器件,电子,31.08,2.136,5.0002,124.2902,77
002886.SZ,沃特股份,塑料,基础化工,22.6,-1.9097,3.5608,92.3705,22
002887.SZ,绿茵生态,环境保护,环保,12.67,-1.7067,2.9728,32.69,69
002888.SZ,惠威科技,元器件,电子,18.69,-2.0953,2.5708,163.5786,5
002889.SZ,东方嘉盛,仓储物流,交通运输,13.38,-1.0355,5.7802,32.9301,69
002890.SZ,弘宇股份,农用机械,机械设备,15.49,0.9121,1.7337,254.2185,91
002891.SZ,中宠股份,饲料,农林牧渔,42.53,0.4725,12.5307,30.7544,93
002892.SZ,科力尔,电气设备,电力设备,10.9,-1.9784,3.5046,234.0203,21
002893.SZ,京能热力,供气供热,公用事业,10.78,2.4715,4.824,34.6837,69
002895.SZ,川恒股份,化工原料,基础化工,35.71,-1.2991,18.1568,17.1689,29
002896.SZ,中大力德,机械基件,机械设备,71.1,-1.6189,5.2783,222.8298,93
002897.SZ,意华股份,元器件,通信,66.64,-2.8146,10.4157,79.747,19
002899.SZ,英派斯,文教休闲,轻工制造,32.99,-1.2867,2.9478,67.2013,15
002900.SZ,哈三联,化学制药,医药生物,10.66,-2.381,-10.2784,38.1539,69
002901.SZ,大博医疗,医疗保健,医药生物,43.86,-1.5709,13.238,33.5299,29
002902.SZ,铭普光磁,通信设备,通信,27.02,-8.4068,-16.6367,114.6508,15
002903.SZ,宇环数控,机床制造,机械设备,31.73,-2.5192,-2.4637,57.75575,7
002905.SZ,金逸影视,影视音像,传媒,9.81,-1.2085,28.49996,125.0423,5
002906.SZ,华阳集团,汽车配件,汽车,31.91,-1.4211,11.6191,21.4304,74
002907.SZ,华森制药,中成药,医药生物,13.88,-1.4205,4.3273,77.6882,74
002908.SZ,德生科技,软件服务,计算机,8.86,-1.4461,0.3967,241.2921,9
002909.SZ,集泰股份,化工原料,基础化工,6.33,-1.7081,-3.0629,44.2648,94
002910.SZ,庄园牧场,乳制品,食品饮料,10.71,0.9425,-4.5374,29.62085,26
002911.SZ,佛燃能源,供气供热,公用事业,14.03,1.3728,11.7785,17.6783,74
002912.SZ,中新赛克,IT设备,计算机,27.38,-0.4364,4.0857,67.3555,26
002913.SZ,奥士康,元器件,电子,50.86,-0.5475,6.4255,45.2223,26
002915.SZ,中欣氟材,化工原料,基础化工,20.9,-1.8779,1.4388,372.2759,74
002916.SZ,深南电路,元器件,电子,301.3,0.0,20.6239,62.6532,102
002917.SZ,金奥博,化工原料,基础化工,12.97,-2.4078,2.2195,25.4408,94
002918.SZ,蒙娜丽莎,陶瓷,轻工制造,11.43,-0.6087,2.4155,71.9451,26
002919.SZ,名臣健康,互联网,传媒,20.7,1.62,5.1735,46.5064,26
002920.SZ,德赛西威,汽车配件,计算机,109.25,2.4379,19.5806,26.5739,74
002921.SZ,联诚精密,汽车配件,汽车,26.2,4.6744,-0.9561,37.8809,91
002922.SZ,伊戈尔,电气设备,电子,41.11,-1.4149,5.7285,86.8849,48
002923.SZ,润都股份,化学制药,医药生物,12.32,-0.1621,-4.9732,38.1539,69
002925.SZ,盈趣科技,元器件,电子,19.54,-3.363,11.8708,26.1295,24
002926.SZ,华西证券,证券,非银金融,8.55,1.5439,6.0853,14.3601,85
002927.SZ,泰永长征,电气设备,电力设备,17.81,-1.0556,3.2481,234.803,33
002928.SZ,华夏航空,空运,交通运输,8.54,-1.2717,16.8716,18.7814,33
002929.SZ,润建股份,通信设备,通信,57.12,0.8297,0.1031,114.6508,27
002930.SZ,宏川智慧,仓储物流,交通运输,12.85,-1.1538,-1.495,19.7001,74
002932.SZ,明德生物,医疗保健,医药生物,16.95,-3.6932,-0.2899,38.1539,61
002933.SZ,新兴装备,航空,国防军工,31.67,-1.8289,2.5951,94.1478,43
002935.SZ,天奥电子,航空,国防军工,21.52,-0.6922,0.961,140.8183,5
002936.SZ,郑州银行,银行,银行,1.82,0.5525,3.461,8.7322,91
002937.SZ,兴瑞科技,元器件,汽车,32.03,-0.1559,7.4031,61.6918,69
002938.SZ,鹏鼎控股,元器件,电子,75.42,-0.9976,11.2846,46.7723,33
002939.SZ,长城证券,证券,非银金融,8.95,-1.323,7.6014,15.3547,40
002940.SZ,昂利康,化学制药,医药生物,39.2,-1.458,4.973,73.1582,91
002941.SZ,新疆交建,建筑工程,建筑装饰,15.77,-1.3141,10.854,19.5845,5
002942.SZ,新农股份,农药化肥,基础化工,19.16,-2.3943,3.6917,29.9232,69
002943.SZ,宇晶股份,机床制造,机械设备,56.54,-0.2294,2.5757,57.75575,43
002945.SZ,华林证券,证券,非银金融,15.52,-1.6477,7.2741,82.7764,74
002946.SZ,新乳业,乳制品,食品饮料,18.32,1.4396,21.0362,21.5656,1
002947.SZ,恒铭达,元器件,电子,78.6,7.7155,16.9544,37.8592,19
002948.SZ,青岛银行,银行,银行,5.73,2.8725,11.1445,6.891524,69
002949.SZ,华阳国际,建筑工程,建筑装饰,14.12,-0.8427,5.7757,30.5572,98
002950.SZ,奥美医疗,医疗保健,医药生物,14.12,0.0,9.733,19.7686,40
002951.SZ,金时科技,广告包装,电力设备,16.22,-1.8754,-1.9186,940.8404,59
002952.SZ,亚世光电,元器件,电子,26.63,-2.7392,1.4398,353.7348,93
002953.SZ,日丰股份,电气设备,电力设备,12.05,-2.0325,7.3374,34.0957,5
002955.SZ,鸿合科技,IT设备,电子,25.72,-3.1262,1.5303,117.5759,68
002956.SZ,西麦食品,食品,食品饮料,27.95,0.1792,10.9924,36.3381,14
002957.SZ,科瑞技术,专用机械,机械设备,47.03,-5.6759,8.0817,89.1994,22
002958.SZ,青农商行,银行,银行,3.12,4.0,7.5483,6.891524,59
002959.SZ,小熊电器,家用电器,家用电器,42.86,0.4688,13.3539,17.0149,74
002960.SZ,青鸟消防,专用机械,机械设备,12.12,-2.1792,5.1154,33.3625,57
002961.SZ,瑞达期货,多元金融,非银金融,24.32,-2.8754,16.7328,21.2066,14
002962.SZ,五方光电,元器件,电子,17.05,-4.6421,2.0179,133.7645,96
002963.SZ,豪尔赛,装修装饰,建筑装饰,14.72,-2.5811,-1.9936,40.5447,91
002965.SZ,祥鑫科技,汽车配件,汽车,30.0,-3.9385,3.6638,51.3685,22
002966.SZ,苏州银行,银行,银行,8.81,0.6857,7.9902,7.3403,1
002967.SZ,广电计量,电器仪表,社会服务,21.7,-2.4719,0.3969,31.671,69
002968.SZ,新大正,房产服务,房地产,11.4,-0.5236,7.8449,27.1139,1
002969.SZ,嘉美包装,广告包装,轻工制造,21.54,-4.3941,1.6187,159.6707,26
002970.SZ,锐明技术,IT设备,计算机,63.22,-3.0368,20.3778,30.1857,32
002971.SZ,和远气体,化工原料,基础化工,33.88,10.0,3.8235,118.9156,26
002972.SZ,科安达,运输设备,机械设备,12.95,-2.7778,7.1545,36.4365,94
002973.SZ,侨银股份,环境保护,环保,12.64,-4.3149,6.0279,26.2367,77
002975.SZ,博杰股份,专用机械,机械设备,112.61,6.6989,7.1479,123.3681,4
002976.SZ,瑞玛精密,汽车配件,汽车,28.55,-0.7302,2.6182,540.9521,27
002978.SZ,安宁股份,小金属,有色金属,33.15,-3.6617,7.5944,19.5118,91
002979.SZ,雷赛智能,专用机械,机械设备,41.85,1.553,13.86,54.5692,95
002980.SZ,华盛昌,电器仪表,电力设备,75.9,-6.5501,5.9701,153.8526,20
002981.SZ,朝阳科技,元器件,电子,24.0,-2.0808,7.0261,44.731,87
002982.SZ,湘佳股份,农业综合,农林牧渔,14.36,-2.1132,1.9082,88.5631,67
002983.SZ,芯瑞达,元器件,电子,23.8,-3.7606,2.2175,48.4449,33
002984.SZ,森麒麟,汽车配件,汽车,17.34,-2.2548,7.4272,12.1774,1
002985.SZ,北摩高科,航空,国防军工,40.22,4.2779,7.7132,66.7241,33
002986.SZ,宇新股份,化工原料,石油石化,14.65,3.6801,-1.6269,45.199,12
002987.SZ,京北方,软件服务,计算机,16.35,-1.7428,11.3128,43.3216,93
002988.SZ,豪美新材,铝,有色金属,33.99,2.2563,5.3466,46.9691,91
002989.SZ,中天精装,装修装饰,建筑装饰,25.11,-4.1603,-4.1159,40.5447,69
002990.SZ,盛视科技,软件服务,计算机,49.19,1.36,3.4894,150.9767,24
002991.SZ,甘源食品,食品,食品饮料,51.05,0.3341,3.7984,21.4348,74
002992.SZ,宝明科技,元器件,电子,53.75,-3.7945,-0.6881,85.9251,5
002993.SZ,奥海科技,元器件,电子,48.04,0.5652,8.6637,38.5163,21
002995.SZ,天地在线,互联网,传媒,22.37,-2.8236,-4.8712,46.5064,69
002996.SZ,顺博合金,铝,有色金属,7.21,-2.3035,7.5131,33.1179,21
002997.SZ,瑞鹄模具,汽车配件,汽车,30.88,-1.5934,15.3416,14.2786,91
002998.SZ,优彩资源,化纤,基础化工,9.3,-0.8529,2.9441,48.1228,20
002999.SZ,天禾股份,批发业,基础化工,6.96,0.0,2.9264,51.5119,57
003000.SZ,劲仔食品,食品,食品饮料,11.17,5.278,4.9577,20.4374,13
003001.SZ,中岩大地,建筑工程,建筑装饰,16.31,-1.4502,1.1561,205.6418,52
003002.SZ,壶化股份,化工原料,基础化工,28.81,-2.3059,10.1182,31.6606,1
003003.SZ,天元股份,广告包装,轻工制造,12.91,-0.921,3.8636,36.1802,89
003005.SZ,竞业达,软件服务,计算机,18.0,-2.0675,-1.826,92.9079,15
003006.SZ,百亚股份,造纸,美容护理,19.22,1.532,9.5554,37.3539,27
003007.SZ,直真科技,软件服务,计算机,42.38,-6.0935,-5.4952,165.1518,93
003008.SZ,开普检测,电气设备,社会服务,21.64,-1.0969,0.6547,28.5144,24
003009.SZ,中天火箭,航空,国防军工,59.2,-1.9543,-6.4834,92.1232,40
003010.SZ,若羽臣,互联网,商贸零售,31.01,0.5512,21.3235,49.6188,77
003011.SZ,海象新材,家居用品,轻工制造,23.19,-2.6448,6.3859,17.148,22
003012.SZ,东鹏控股,陶瓷,轻工制造,6.24,1.1345,4.5709,19.5736,40
003013.SZ,地铁设计,建筑工程,建筑装饰,13.42,0.224,16.1179,13.279,5
003015.SZ,日久光电,元器件,电子,15.68,-4.215,9.9369,42.1552,69
003016.SZ,欣贺股份,服饰,纺织服饰,8.04,-1.107,0.3891,33.2675,15
003017.SZ,大洋生物,化工原料,基础化工,31.04,-1.7099,7.4465,28.1825,1
003018.SZ,金富科技,塑料,轻工制造,54.77,4.9234,6.3476,141.1553,20
003019.SZ,宸展光电,元器件,电子,36.05,-0.634,12.0055,32.8349,95
003020.SZ,立方制药,化学制药,医药生物,23.55,-1.9975,6.839,27.5517,102
003021.SZ,兆威机电,元器件,电力设备,97.54,-3.1188,7.5804,102.5995,91
003022.SZ,联泓新科,化工原料,电力设备,24.77,9.9911,1.9261,87.282,21
003023.SZ,彩虹集团,家用电器,家用电器,31.06,-3.5404,4.0896,63.4045,91
003025.SZ,思进智能,机床制造,机械设备,13.67,-1.9369,9.5936,26.7898,94
003026.SZ,中晶科技,半导体,电子,38.06,-0.1836,5.212,112.213,32
003027.SZ,同兴科技,环境保护,环保,24.15,-3.9379,4.3177,42.6736,74
003028.SZ,振邦智能,元器件,家用电器,28.22,-1.4665,4.1974,55.6286,32
003029.SZ,吉大正元,软件服务,计算机,20.76,-1.983,-10.448,92.9079,74
003030.SZ,祖名股份,食品,农林牧渔,20.3,-0.6849,3.1822,132.7292,30
003031.SZ,中瓷电子,元器件,通信,124.78,-0.4944,7.1922,91.7762,59
003033.SZ,征和工业,汽车配件,汽车,56.11,-2.5868,13.185,26.1899,33
003035.SZ,南网能源,新型电力,公用事业,9.18,8.6391,5.1096,100.3573,59
003036.SZ,泰坦股份,纺织机械,机械设备,30.54,5.7479,2.8896,132.1943,74
003037.SZ,三和管桩,水泥,建筑材料,7.05,-0.7042,2.8952,49.7501,43
003038.SZ,鑫铂股份,铝,有色金属,14.41,-2.7009,0.2205,90.1437,59
003039.SZ,顺控发展,水务,环保,15.28,-1.2282,10.772,31.0547,33
003040.SZ,楚天龙,通信设备,通信,15.5,-2.2699,-3.0755,1217.3174,74
003042.SZ,中农联合,农药化肥,基础化工,16.42,-1.5588,-3.3581,44.2648,100
003043.SZ,华亚智能,半导体,电子,56.48,-0.9123,2.748,118.7717,80
003816.SZ,中国广核,新型电力,公用事业,4.66,0.8658,8.0496,24.0979,1
300001.SZ,特锐德,电气设备,电力设备,31.08,1.6351,15.5185,26.3913,93
300002.SZ,神州泰岳,互联网,传媒,9.44,-1.8711,9.9269,23.2641,19
300003.SZ,乐普医疗,医疗保健,医药生物,14.84,-9.6774,1.5163,32.9484,59
300004.SZ,南风股份,电气设备,机械设备,13.69,-3.5915,1.8915,99.6036,91
300005.SZ,探路者,服饰,纺织服饰,14.95,2.7491,1.6822,348.456,1
300006.SZ,莱美药业,化学制药,医药生物,6.21,-2.9688,-0.8587,38.1539,15
300007.SZ,汉威科技,电器仪表,机械设备,43.04,-3.2374,5.5068,88.7399,2
300008.SZ,天海防务,船舶,国防军工,8.13,2.3929,13.2411,47.0837,5
300009.SZ,安科生物,生物制药,医药生物,9.67,-1.3265,16.9354,21.9829,19
300010.SZ,豆神教育,软件服务,社会服务,5.83,-1.8519,5.3902,102.0761,15
300011.SZ,鼎汉技术,运输设备,机械设备,7.38,0.6821,-1.0654,57.75575,27
300012.SZ,华测检测,电器仪表,社会服务,17.15,1.1799,2.2915,27.2644,7
300013.SZ,新宁物流,仓储物流,交通运输,3.71,-1.0667,-2.5509,19.7001,22
300014.SZ,亿纬锂能,电气设备,电力设备,71.87,0.1254,10.3486,37.4158,5
300015.SZ,爱尔眼科,医疗保健,医药生物,10.41,5.5781,14.4374,30.1574,69
300016.SZ,北陆药业,化学制药,医药生物,9.53,-2.7551,4.7238,57.8444,15
300017.SZ,网宿科技,软件服务,计算机,18.9,-1.2023,7.8883,58.1389,77
300018.SZ,中元股份,电气设备,电力设备,15.3,5.5172,2.0499,52.2373,33
300019.SZ,硅宝科技,化工原料,基础化工,18.61,-1.2732,1.684,28.8478,12
300021.SZ,大禹节水,建筑工程,农林牧渔,4.32,-1.1442,2.0974,90.3194,6
300022.SZ,吉峰科技,农用机械,商贸零售,9.64,-5.0246,0.8303,48.6264,27
300024.SZ,机器人,专用机械,机械设备,14.78,-1.2692,-3.6559,57.75575,95
300025.SZ,华星创业,通信设备,通信,5.17,-1.711,-28.9304,114.6508,74
300026.SZ,红日药业,中成药,医药生物,3.37,-1.173,0.2156,547.3873,77
300027.SZ,华谊兄弟,影视音像,传媒,1.97,6.4865,-36.4675,46.5064,33
300030.SZ,阳普医疗,医疗保健,医药生物,8.13,-2.9833,3.4347,88.5053,27
300031.SZ,宝通科技,互联网,传媒,21.07,-2.4537,5.2951,48.7367,19
300032.SZ,金龙机电,元器件,电子,5.59,-4.2808,4.3881,85.9251,21
300033.SZ,同花顺,软件服务,计算机,236.01,-4.3487,3.1058,53.1728,5
300034.SZ,钢研高纳,航空,国防军工,20.01,2.2483,1.7638,159.8108,22
300035.SZ,中科电气,电气设备,电力设备,23.96,-0.9508,8.3891,31.5099,15
300036.SZ,超图软件,软件服务,计算机,16.03,-1.8371,1.7604,168.6204,12
300037.SZ,新宙邦,化工原料,电力设备,62.31,-0.6379,10.6811,42.6905,5
300039.SZ,上海凯宝,中成药,医药生物,5.8,-1.0239,4.3262,17.5569,5
300040.SZ,九洲集团,新型电力,公用事业,7.36,4.8433,1.7537,27.54705,52
300041.SZ,回天新材,化工原料,基础化工,11.24,-0.4429,7.5135,28.5054,21
300042.SZ,朗科科技,IT设备,计算机,46.57,-4.7843,2.6002,343.7736,21
300043.SZ,星辉娱乐,互联网,传媒,5.94,2.9463,18.8789,24.5049,5
300045.SZ,华力创通,IT设备,国防军工,22.91,-2.4691,-4.4302,92.1232,102
300046.SZ,台基股份,半导体,电子,31.79,-2.7829,1.1945,164.6966,27
300047.SZ,天源迪科,软件服务,计算机,12.13,-2.0194,0.9364,251.9644,5
300048.SZ,合康新能,电气设备,机械设备,6.51,-7.7904,-0.6366,329.7381,22
300049.SZ,福瑞医科,医疗保健,医药生物,58.8,-1.0434,8.271,101.1141,5
300050.SZ,世纪鼎利,通信设备,通信,7.07,-4.4595,3.8554,248.5352,80
300051.SZ,琏升科技,综合类,电力设备,17.9,-2.3991,-45.0409,59.1951,91
300053.SZ,航宇微,半导体,电子,18.45,-2.4841,-21.2806,85.9251,43
300054.SZ,鼎龙股份,化工原料,电子,55.95,2.5289,14.8368,73.6519,12
300055.SZ,万邦达,石油加工,石油石化,12.09,4.4944,-5.0867,45.199,22
300056.SZ,中创环保,环境保护,环保,9.3,-2.4134,-27.4772,35.3022,69
300057.SZ,万顺新材,铝,有色金属,7.18,-2.973,-1.6709,50.4728,59
300058.SZ,蓝色光标,广告包装,传媒,19.0,-1.2474,1.5905,267.2269,27
300059.SZ,东方财富,证券,非银金融,19.89,-1.4371,14.0028,26.0118,27
300061.SZ,旗天科技,互联网,传媒,9.8,19.951,-16.5564,46.5064,12
300062.SZ,中能电气,电气设备,电力设备,7.6,-1.9355,0.4112,59.1951,23
300063.SZ,天龙集团,互联网,传媒,12.14,0.0824,6.5894,72.1305,95
300065.SZ,海兰信,船舶,国防军工,25.7,-1.5703,2.3235,1393.4236,69
300066.SZ,三川智慧,电器仪表,机械设备,6.31,-3.2209,5.5541,46.1909,33
300067.SZ,安诺其,染料涂料,基础化工,7.27,19.967,-1.4659,44.2648,43
300068.SZ,南都电源,电气设备,电力设备,12.13,-2.5703,-5.622,59.1951,24
300069.SZ,金利华电,电气设备,电力设备,24.81,6.3438,2.6024,124.988,33
300070.SZ,碧水源,环境保护,环保,4.04,-0.7371,0.2235,240.0962,21
300071.SZ,福石控股,广告包装,传媒,4.8,-1.2346,-37.7757,46.5064,34
300072.SZ,海新能科,化工原料,基础化工,4.66,0.6479,0.9644,44.2648,91
300073.SZ,当升科技,电气设备,电力设备,58.57,-0.7288,4.5394,50.4156,52
300074.SZ,华平股份,软件服务,计算机,3.91,-2.25,-4.7412,92.9079,21
300075.SZ,数字政通,软件服务,计算机,12.67,-1.4008,-11.336,92.9079,59
300076.SZ,GQY视讯,IT设备,电子,4.61,-3.7578,-3.449,85.9251,19
300077.SZ,国民技术,半导体,电子,23.71,5.1441,-12.09,85.9251,33
300078.SZ,思创智联,软件服务,计算机,3.81,-1.2953,-0.8228,92.9079,12
300079.SZ,数码视讯,IT设备,计算机,5.54,-0.8945,0.248,221.2558,27
300080.SZ,易成新能,电气设备,电力设备,4.47,-4.0773,-2.7804,59.1951,5
300082.SZ,奥克股份,化工原料,基础化工,12.23,0.9076,-0.2388,44.2648,89
300083.SZ,创世纪,机床制造,机械设备,8.4,0.1192,2.7838,97.6237,5
300084.SZ,海默科技,专用机械,机械设备,11.46,1.7762,-4.7248,57.75575,34
300085.SZ,银之杰,软件服务,计算机,36.59,-2.8154,-27.3105,92.9079,59
300086.SZ,康芝药业,化学制药,医药生物,7.09,-1.8006,-8.8245,38.1539,2
300087.SZ,荃银高科,种植业,农林牧渔,7.94,0.5063,-9.761,293.186,5
300088.SZ,长信科技,元器件,电子,7.13,-3.7787,3.3482,50.9779,24
300092.SZ,科新机电,专用机械,机械设备,15.71,-5.0755,1.5527,104.2135,59
300094.SZ,国联水产,渔业,农林牧渔,3.04,-1.2987,-53.86618,43.06775,33
300095.SZ,华伍股份,专用机械,机械设备,9.49,-1.4538,2.4318,57.75575,95
300097.SZ,智云股份,专用机械,机械设备,10.14,-1.5534,-53.86618,57.75575,14
300098.SZ,高新兴,软件服务,通信,5.19,-2.4436,-1.2272,114.6508,19
300099.SZ,尤洛卡,电器仪表,机械设备,9.15,-7.1066,0.5919,36.6335,31
300100.SZ,双林股份,汽车配件,汽车,29.98,-2.9459,17.1489,34.076,102
300101.SZ,振芯科技,通信设备,国防军工,22.77,-2.9825,5.1179,209.1122,1
300102.SZ,乾照光电,半导体,电子,33.96,-7.6923,0.6851,268.3193,80
300103.SZ,达刚控股,专用机械,机械设备,7.94,3.251,-12.5801,57.75575,5
300105.SZ,龙源技术,环境保护,环保,6.57,0.7669,-1.8853,35.3022,27
300106.SZ,西部牧业,乳制品,食品饮料,10.63,11.8947,-12.7581,29.62085,20
300107.SZ,建新股份,化工原料,基础化工,7.49,9.6633,-1.8647,44.2648,5
300109.SZ,新开源,化工原料,基础化工,19.2,1.1591,5.4643,38.7471,24
300110.SZ,华仁药业,化学制药,医药生物,3.05,-0.6515,4.1097,38.1539,43
300111.SZ,向日葵,化学制药,医药生物,3.76,-2.0833,-0.6409,38.1539,74
300112.SZ,万讯自控,电器仪表,机械设备,7.83,-3.4525,-0.5798,57.75575,59
300113.SZ,顺网科技,互联网,传媒,28.81,-2.9313,17.4515,46.5064,91
300115.SZ,长盈精密,元器件,电子,32.82,-3.584,1.4872,81.5272,33
300118.SZ,东方日升,电气设备,电力设备,16.35,-2.3297,-8.4774,59.1951,12
300119.SZ,瑞普生物,农业综合,农林牧渔,18.13,-1.4674,8.7324,21.038,69
300120.SZ,经纬辉开,元器件,电子,7.15,-2.9851,-0.3108,85.9251,20
300121.SZ,阳谷华泰,化工原料,基础化工,12.51,-4.0644,1.6505,28.592,94
300122.SZ,智飞生物,生物制药,医药生物,14.92,-2.356,-4.0106,38.1539,43
300123.SZ,亚光科技,半导体,国防军工,4.02,-6.9444,-53.86618,92.1232,27
300124.SZ,汇川技术,电器仪表,机械设备,65.34,-2.3464,13.6412,34.1105,80
300126.SZ,锐奇股份,轻工机械,机械设备,7.45,-2.8683,-4.3848,57.75575,33
300127.SZ,银河磁体,矿物制品,有色金属,29.6,-4.1451,11.9895,53.8202,91
300128.SZ,锦富技术,元器件,电力设备,6.13,-2.5437,-22.7825,59.1951,33
300129.SZ,泰胜风能,电气设备,电力设备,11.39,-10.8066,0.2629,68.9801,5
300130.SZ,新国都,IT设备,计算机,23.11,-2.3246,10.9023,27.9647,69
300131.SZ,英唐智控,元器件,电子,17.35,-3.7181,1.4852,491.4848,1
300132.SZ,青松股份,化工原料,美容护理,8.9,1.9473,8.182,34.4367,40
300133.SZ,华策影视,影视音像,传媒,8.5,5.3284,2.6439,89.0286,5
300134.SZ,大富科技,通信设备,通信,11.13,-3.7197,-4.3655,114.6508,27
300135.SZ,宝利国际,石油加工,石油石化,3.73,0.8108,-1.0606,661.2141,12
300136.SZ,信维通信,元器件,电子,83.41,4.8919,1.3149,109.641,14
300137.SZ,先河环保,环境保护,环保,16.61,-1.4243,0.3397,35.3022,89
300138.SZ,晨光生物,食品,农林牧渔,11.74,-2.0851,11.3523,15.3755,7
300139.SZ,晓程科技,黄金,有色金属,54.47,-5.7612,7.2709,180.452,59
300140.SZ,节能环境,环境保护,环保,6.69,6.1905,2.2589,22.7816,95
300141.SZ,和顺电气,电气设备,电力设备,13.09,-1.8005,-2.901,59.1951,7
300142.SZ,沃森生物,生物制药,医药生物,11.94,-2.7687,1.9694,107.4381,57
300143.SZ,盈康生命,医疗保健,医药生物,11.44,-3.4599,1.0193,133.327,1
300144.SZ,宋城演艺,旅游景点,社会服务,7.71,-0.5161,9.144,25.4682,76
300145.SZ,南方泵业,机械基件,机械设备,4.92,-2.5743,8.558,39.9732,59
300146.SZ,汤臣倍健,食品,食品饮料,10.72,0.5629,7.0591,23.1858,1
300148.SZ,天舟文化,出版业,传媒,4.2,-5.4054,0.9809,66.1634,69
300149.SZ,睿智医药,生物制药,医药生物,10.66,-2.7372,0.5748,38.1539,33
300150.SZ,世纪瑞尔,软件服务,计算机,5.43,-1.0929,2.6782,73.7426,21
300151.SZ,昌红科技,专用机械,机械设备,17.91,-2.1846,3.9451,147.6624,19
300153.SZ,科泰电源,电气设备,电力设备,27.75,-1.8047,4.2891,184.4621,5
300154.SZ,瑞凌股份,机械基件,机械设备,8.08,-1.5834,5.8731,34.7986,12
300155.SZ,安居宝,IT设备,计算机,4.54,-1.3043,-2.6723,92.9079,91
300157.SZ,新锦动力,专用机械,机械设备,6.17,0.6525,28.49996,211.6037,33
300158.SZ,振东制药,化学制药,医药生物,5.91,-0.6723,-8.5449,38.1539,59
300160.SZ,秀强股份,家用电器,家用电器,5.16,-3.1895,1.408,27.2392,15
300161.SZ,华中数控,机床制造,机械设备,28.79,-1.3027,-3.7953,57.75575,77
300162.SZ,雷曼光电,元器件,电子,9.29,-4.5221,0.9952,85.9251,74
300163.SZ,先锋新材,家居用品,基础化工,4.82,-1.2295,18.1111,24.6174,30
300164.SZ,通源石油,石油开采,石油石化,13.9,2.2811,2.6263,223.3667,19
300165.SZ,天瑞仪器,电器仪表,机械设备,6.27,0.6421,-0.0954,57.75575,14
300166.SZ,东方国信,软件服务,计算机,16.23,-3.1045,-1.6559,92.9079,80
300168.SZ,万达信息,软件服务,计算机,5.39,-1.4625,-28.3766,92.9079,69
300169.SZ,天晟新材,塑料,基础化工,5.77,-1.5358,-53.86618,44.2648,15
300170.SZ,汉得信息,软件服务,计算机,21.19,-2.0795,4.2109,95.7082,24
300171.SZ,东富龙,医疗保健,医药生物,14.14,-4.9731,1.6807,62.6222,27
300172.SZ,中电环保,环境保护,环保,5.33,-0.7449,1.3831,45.4808,12
300174.SZ,元力股份,化工原料,基础化工,17.32,-3.1861,6.7241,27.6435,69
300176.SZ,鸿特科技,汽车配件,汽车,7.08,-1.1173,2.9314,105.3043,24
300177.SZ,中海达,通信设备,国防军工,7.96,-1.8496,-2.9952,92.1232,1
300179.SZ,四方达,矿物制品,机械设备,27.95,-2.3751,3.4365,133.1618,53
300180.SZ,华峰超纤,化纤,基础化工,5.44,-3.3748,-0.0413,1393.4236,22
300181.SZ,佐力药业,中成药,医药生物,16.56,4.0201,17.3284,19.4795,14
300182.SZ,捷成股份,影视音像,传媒,5.82,0.3448,2.5565,174.9229,74
300183.SZ,东软载波,通信设备,通信,15.18,-2.5048,0.3343,670.3144,79
300184.SZ,力源信息,元器件,电子,13.07,-3.1134,4.3553,55.9372,59
300185.SZ,通裕重工,工程机械,电力设备,3.2,-0.6211,0.9548,197.2188,27
300187.SZ,永清环保,环境保护,环保,5.03,-2.7079,10.1952,28.8952,16
300188.SZ,国投智能,软件服务,计算机,12.77,-1.6936,-5.8955,92.9079,2
300189.SZ,神农种业,种植业,农林牧渔,6.57,-0.6051,0.7797,43.06775,5
300190.SZ,维尔利,环境保护,环保,4.04,-0.2469,-12.9313,35.3022,93
300191.SZ,潜能恒信,石油开采,石油石化,43.15,6.0718,3.9475,317.5544,12
300192.SZ,科德教育,文教休闲,社会服务,19.6,-1.3092,9.6444,49.1442,93
300193.SZ,佳士科技,专用机械,机械设备,8.54,-1.4994,8.6121,20.5266,57
300194.SZ,福安药业,化学制药,医药生物,4.1,-0.7264,3.7581,33.7581,5
300195.SZ,长荣股份,轻工机械,机械设备,7.44,-2.2339,0.2491,198.5275,59
300196.SZ,长海股份,玻璃,建筑材料,19.86,-1.2432,6.913,24.8657,59
300197.SZ,节能铁汉,环境保护,建筑装饰,1.64,-2.381,-53.86618,40.5447,57
300199.SZ,翰宇药业,化学制药,医药生物,22.05,-2.3039,11.6229,38.1539,19
300200.SZ,高盟新材,化工原料,基础化工,10.22,2.7136,1.4999,48.9397,12
300201.SZ,海伦哲,工程机械,机械设备,11.61,0.0862,18.311,36.2245,91
300203.SZ,聚光科技,电器仪表,环保,14.08,-3.4294,-8.0474,35.3022,5
300204.SZ,舒泰神,生物制药,医药生物,28.86,-2.861,-3.4102,38.1539,15
300206.SZ,理邦仪器,医疗保健,医药生物,15.38,-0.1947,14.5503,29.1692,15
300207.SZ,欣旺达,电气设备,电力设备,29.13,-2.1827,5.774,32.3915,69
300209.SZ,行云科技,互联网,计算机,13.18,-4.3541,-1.4462,166.5849,91
300210.SZ,森远股份,专用机械,环保,9.11,-3.4958,-3.0759,35.3022,91
300212.SZ,易华录,软件服务,计算机,7.9,-2.9484,-53.86618,92.9079,59
300213.SZ,佳讯飞鸿,通信设备,通信,7.67,-1.9182,-0.667,201.0204,24
300214.SZ,日科化学,化工原料,基础化工,7.82,-1.2626,0.165,44.2648,7
300215.SZ,电科院,电气设备,社会服务,8.08,-0.7371,-1.176,44.811447,5
300217.SZ,东方电热,家用电器,家用电器,5.22,-3.69,3.7379,49.5106,93
300218.SZ,安利股份,塑料,基础化工,14.27,-2.394,8.7736,23.5738,69
300219.SZ,鸿利智汇,元器件,电子,7.6,-3.4307,2.9056,81.5443,69
300220.SZ,金运激光,专用机械,轻工制造,13.86,-0.7163,2.4059,1391.4742,33
300221.SZ,银禧科技,塑料,基础化工,11.17,-3.3737,2.5861,40.3248,15
300222.SZ,科大智能,电气设备,电力设备,10.96,-1.704,1.5555,98.0875,69
300223.SZ,北京君正,半导体,电子,119.34,-3.6726,3.0709,153.0633,61
300224.SZ,正海磁材,矿物制品,有色金属,13.42,-4.484,0.9104,43.8369,40
300226.SZ,上海钢联,互联网,计算机,23.83,-2.6154,8.1131,37.6456,15
300227.SZ,光韵达,专用机械,机械设备,11.68,-4.1838,-19.0079,57.75575,15
300228.SZ,富瑞特装,化工机械,机械设备,9.05,0.3326,10.3243,22.4252,69
300229.SZ,拓尔思,软件服务,计算机,18.17,-4.1667,-2.0329,92.9079,80
300230.SZ,永利股份,塑料,基础化工,4.72,-1.6667,5.0803,17.119,1
300231.SZ,银信科技,软件服务,计算机,11.44,0.2629,3.2091,92.9079,5
300232.SZ,洲明科技,元器件,电子,6.3,-3.2258,-1.8193,85.9251,19
300233.SZ,金城医药,化学制药,医药生物,16.06,0.2497,1.1893,139.5236,33
300234.SZ,开尔新材,陶瓷,建筑材料,6.47,-2.118,0.3449,47.81715,93
300235.SZ,方直科技,软件服务,计算机,14.16,-1.324,2.6348,191.7479,96
300236.SZ,上海新阳,半导体,电子,85.4,-0.7092,6.2056,89.0098,69
300238.SZ,冠昊生物,医疗保健,医药生物,14.55,-2.6104,4.3771,158.4659,59
300239.SZ,东宝生物,生物制药,医药生物,5.35,1.1342,3.1384,58.4461,20
300240.SZ,飞力达,仓储物流,交通运输,6.46,-7.1839,-0.4861,1100.9998,33
300241.SZ,瑞丰光电,半导体,电子,6.72,-5.0847,2.3451,123.3043,69
300242.SZ,佳云科技,互联网,传媒,4.68,-1.0571,-13.1838,46.5064,74
300243.SZ,瑞丰高材,化工原料,基础化工,17.58,2.0906,2.66,97.4615,15
300244.SZ,迪安诊断,医疗保健,医药生物,19.37,-1.5752,0.6774,274.8041,14
300245.SZ,天玑科技,软件服务,计算机,12.44,-5.0382,-3.4033,92.9079,40
300246.SZ,宝莱特,医疗保健,医药生物,16.92,3.5496,-0.6864,38.1539,85
300247.SZ,融捷健康,医疗保健,家用电器,4.33,-1.3667,6.7884,46.542,93
300248.SZ,新开普,软件服务,计算机,10.2,-2.0173,-0.1952,50.7979,43
300249.SZ,依米康,IT设备,计算机,17.99,-1.4786,3.0129,240.5658,15
300250.SZ,初灵信息,软件服务,计算机,21.87,-3.3584,1.1206,92.9079,69
300251.SZ,光线传媒,影视音像,传媒,15.35,-1.2862,17.8664,46.5064,12
300252.SZ,金信诺,通信设备,国防军工,15.02,-2.9716,0.3632,670.5623,87
300253.SZ,卫宁健康,软件服务,计算机,8.72,1.8692,0.2508,92.9079,2
300254.SZ,仟源医药,化学制药,医药生物,11.88,-2.3026,7.0079,149.3779,14
300255.SZ,常山药业,生物制药,医药生物,40.1,-3.513,-2.9107,38.1539,12
300256.SZ,星星科技,元器件,电子,3.38,-2.3121,-0.684,85.9251,21
300257.SZ,开山股份,机械基件,机械设备,28.88,0.4522,5.5374,78.7999,12
300258.SZ,精锻科技,汽车配件,汽车,11.48,0.0872,3.0158,73.5649,19
300259.SZ,新天科技,电器仪表,机械设备,4.5,-7.0248,0.6344,21.6746,22
300260.SZ,新莱应材,机械基件,机械设备,49.25,-3.2417,7.2125,115.7346,59
300261.SZ,雅本化学,农药化肥,基础化工,6.01,-1.4754,-0.3447,44.2648,95
300263.SZ,隆华科技,专用机械,机械设备,10.46,-6.7736,5.1672,51.662,89
300264.SZ,佳创视讯,软件服务,计算机,8.37,-2.9002,-53.86618,92.9079,1
300265.SZ,通光线缆,电气设备,电力设备,19.15,-8.8529,0.1702,292.6625,33
300266.SZ,兴源环境,环境保护,环保,2.39,0.4202,-53.86618,35.3022,24
300267.SZ,尔康制药,化学制药,医药生物,4.27,4.1463,-8.9561,38.1539,40
300269.SZ,联建光电,元器件,电子,6.84,-7.0652,9.2087,440.0984,52
300270.SZ,中威电子,IT设备,计算机,12.72,2.2508,0.3691,92.9079,24
300271.SZ,华宇软件,软件服务,计算机,6.48,-1.3699,-3.6994,92.9079,59
300272.SZ,开能健康,家用电器,家用电器,8.65,0.0,7.1703,55.8146,22
300274.SZ,阳光电源,电气设备,电力设备,134.5,-1.7603,28.49996,20.7147,59
300275.SZ,梅安森,工程机械,计算机,10.95,-2.2321,4.3133,68.9987,5
300276.SZ,三丰智能,专用机械,机械设备,7.33,-2.656,1.9293,211.2666,53
300277.SZ,汽轮科技,机械基件,计算机,20.05,1.9319,0.8006,1393.4236,5
300278.SZ,华昌达,专用机械,机械设备,4.65,-1.8987,0.6678,549.6201,5
300279.SZ,和晶科技,元器件,家用电器,8.32,-6.8309,6.5248,62.7163,102
300281.SZ,金明精机,专用机械,机械设备,6.82,-0.8721,-0.2785,57.75575,91
300283.SZ,温州宏丰,电气设备,电力设备,9.79,-1.7068,2.552,193.2704,22
300284.SZ,苏交科,建筑工程,建筑装饰,6.69,0.2999,0.9406,55.1359,93
300285.SZ,国瓷材料,陶瓷,电子,36.0,-1.8003,8.8031,58.8114,89
300286.SZ,安科瑞,电器仪表,电力设备,24.02,-8.6345,2.211,29.6349,12
300287.SZ,飞利信,软件服务,计算机,4.45,6.2053,-8.976,92.9079,15
300288.SZ,朗玛信息,软件服务,计算机,12.54,-1.2598,1.246,92.9079,87
300289.SZ,利德曼,医疗保健,医药生物,6.67,-1.4771,-1.3924,38.1539,69
300290.SZ,荣科科技,软件服务,计算机,14.83,-3.0719,-3.9672,92.9079,12
300291.SZ,百纳千成,影视音像,传媒,6.55,-1.2066,-2.1816,46.5064,59
300292.SZ,吴通控股,互联网,通信,5.45,5.4159,2.8526,59.1725,94
300293.SZ,蓝英装备,专用机械,机械设备,18.07,-0.9863,-3.5144,57.75575,1
300294.SZ,博雅生物,生物制药,医药生物,18.56,-1.0133,1.5102,83.0434,2
300296.SZ,利亚德,元器件,电子,7.6,-4.0404,3.837,67.0908,87
300298.SZ,三诺生物,医疗保健,医药生物,16.2,0.0,6.3202,32.191,59
300299.SZ,富春股份,互联网,传媒,5.9,-0.6734,-2.1232,46.5064,5
300300.SZ,海峡创新,软件服务,计算机,12.33,-4.0467,-11.1193,203.1203,15
300302.SZ,同有科技,IT设备,计算机,23.5,-3.8462,0.8688,92.9079,15
300303.SZ,聚飞光电,半导体,电子,10.27,-0.677,8.1123,50.9805,69
300304.SZ,云意电气,汽车配件,汽车,12.38,-4.1796,14.5134,23.294,91
300305.SZ,裕兴股份,塑料,基础化工,6.17,-3.2915,-2.392,44.2648,12
300306.SZ,远方信息,电器仪表,机械设备,12.09,-2.657,0.6922,46.093,89
300307.SZ,慈星股份,纺织机械,机械设备,6.37,-1.2403,3.0376,52.3633,89
300308.SZ,中际旭创,通信设备,通信,897.0,1.1707,17.5495,66.821,33
300310.SZ,宜通世纪,通信设备,通信,5.9,-8.5271,-0.2694,312.0762,59
300314.SZ,戴维医疗,医疗保健,医药生物,11.4,-9.7387,0.7987,44.146,80
300315.SZ,掌趣科技,互联网,传媒,4.78,-1.848,1.5607,46.5064,93
300316.SZ,晶盛机电,专用机械,电力设备,43.59,-3.1118,5.2446,64.5194,12
300317.SZ,珈伟新能,电气设备,公用事业,4.89,-1.0121,-2.6038,27.54705,57
300318.SZ,博晖创新,医疗保健,医药生物,5.51,-1.9573,-2.4676,38.1539,101
300319.SZ,麦捷科技,元器件,电子,12.05,-5.2673,0.9608,35.5179,74
300320.SZ,海达股份,橡胶,基础化工,9.42,-0.2119,9.5711,24.3737,69
300321.SZ,同大股份,塑料,基础化工,38.49,-5.7542,0.0746,388.3495,13
300322.SZ,硕贝德,元器件,电子,31.16,-3.3499,6.5423,221.6115,89
300323.SZ,华灿光电,半导体,电子,10.67,-4.7321,-2.8519,85.9251,51
300324.SZ,旋极信息,软件服务,计算机,4.74,2.1552,-1.2237,92.9079,51
300327.SZ,中颖电子,半导体,电子,27.25,0.9259,1.1413,142.9152,6
300328.SZ,宜安科技,小金属,有色金属,16.73,2.0122,-1.648,50.4728,59
300329.SZ,海伦钢琴,文教休闲,轻工制造,13.85,-2.1201,-13.3451,38.3958,102
300331.SZ,苏大维格,元器件,电子,53.31,8.5301,2.2831,85.9251,59
300332.SZ,天壕能源,供气供热,公用事业,5.6,0.1789,2.2445,54.4663,19
300333.SZ,兆日科技,IT设备,计算机,8.9,-1.0011,-1.1074,92.9079,20
300334.SZ,津膜科技,专用机械,环保,7.13,-1.5193,0.2264,88.7323,94
300335.SZ,迪森股份,供气供热,公用事业,6.76,-2.5937,2.2927,73.3524,14
300337.SZ,银邦股份,铝,有色金属,14.13,-2.9533,3.0961,134.5615,1
300339.SZ,润和软件,软件服务,计算机,42.11,-0.4727,2.7627,345.8397,43
300340.SZ,科恒股份,电气设备,电力设备,10.93,-2.4978,-53.86618,59.1951,33
300341.SZ,麦克奥迪,电气设备,医药生物,15.02,-0.9888,7.7015,42.3978,76
300342.SZ,天银机电,家用电器,家用电器,72.33,9.2598,0.6587,1393.4236,32
300345.SZ,华民股份,电气设备,电力设备,6.36,-4.2169,-18.4166,59.1951,21
300346.SZ,南大光电,半导体,电子,52.36,1.7094,9.2934,113.177,5
300347.SZ,泰格医药,医疗保健,医药生物,56.11,-2.2304,4.2656,54.4123,12
300348.SZ,长亮科技,软件服务,计算机,13.45,-1.1756,0.9658,531.4346,23
300349.SZ,金卡智能,电器仪表,机械设备,13.55,-7.2553,0.6585,22.4408,87
300350.SZ,华鹏飞,仓储物流,交通运输,5.1,-1.9231,0.5468,19.7001,35
300351.SZ,永贵电器,运输设备,机械设备,20.28,-0.295,2.5294,126.1946,96
300352.SZ,北信源,软件服务,计算机,7.26,-2.0243,-12.6316,92.9079,21
300353.SZ,东土科技,通信设备,通信,19.15,-2.046,-7.1489,289.9073,40
300354.SZ,东华测试,电器仪表,机械设备,36.03,-1.8524,16.9879,36.8366,80
300355.SZ,蒙草生态,环境保护,建筑装饰,3.68,-1.6043,0.4792,238.5388,93
300357.SZ,我武生物,生物制药,医药生物,26.0,-2.4024,13.8238,34.8667,12
300358.SZ,楚天科技,医疗保健,医药生物,9.92,-9.3236,5.178,21.4302,33
300359.SZ,全通教育,文教休闲,社会服务,4.88,-0.4082,-9.7912,44.811447,87
300360.SZ,炬华科技,电器仪表,电力设备,16.04,-1.2923,11.7403,13.6855,29
300363.SZ,博腾股份,化学制药,医药生物,21.37,-2.9519,0.5204,90.3839,5
300364.SZ,中文在线,出版业,传媒,30.43,0.5618,-16.7232,46.5064,23
300365.SZ,恒华科技,软件服务,计算机,5.62,-2.7682,-13.1221,92.9079,5
300368.SZ,汇金股份,IT设备,计算机,10.16,-2.9608,-30.4819,92.9079,22
300369.SZ,绿盟科技,软件服务,计算机,8.1,-0.978,-1.7541,92.9079,22
300370.SZ,安控科技,电器仪表,机械设备,2.46,-1.6,-24.1656,57.75575,24
300371.SZ,汇中股份,电器仪表,机械设备,12.45,-2.5822,6.1127,37.8366,74
300373.SZ,扬杰科技,半导体,电子,82.16,-1.012,3.9573,32.5724,15
300374.SZ,中铁装配,其他建材,建筑材料,13.78,-1.1478,-15.2525,47.81715,15
300375.SZ,鹏翎股份,汽车配件,汽车,4.77,-2.8513,2.0563,77.095,22
300376.SZ,易事特,电气设备,电力设备,6.2,-3.125,1.3928,186.3729,40
300377.SZ,赢时胜,软件服务,计算机,17.11,-2.9495,-0.2107,92.9079,12
300378.SZ,鼎捷数智,软件服务,计算机,41.36,-2.4068,7.1371,68.6996,87
300380.SZ,安硕信息,软件服务,计算机,33.79,-2.5944,3.4203,201.64,1
300381.SZ,溢多利,化学制药,医药生物,6.11,-0.4886,0.7001,461.7776,51
300382.SZ,斯莱克,专用机械,机械设备,15.41,7.2373,0.6745,57.75575,69
300383.SZ,光环新网,软件服务,通信,17.61,-1.2339,1.131,193.0724,1
300384.SZ,三联虹普,建筑工程,建筑装饰,15.2,-2.3136,7.569,18.6429,33
300385.SZ,雪浪环境,环境保护,环保,15.0,-4.8223,-53.86618,35.3022,33
300386.SZ,飞天诚信,IT设备,计算机,12.77,-9.88,-1.9177,92.9079,33
300387.SZ,富邦科技,农药化肥,基础化工,8.86,1.8391,1.8264,40.8396,61
300388.SZ,节能国祯,环境保护,环保,8.28,6.0179,1.894,14.9085,40
300389.SZ,艾比森,元器件,电子,19.4,-4.9486,15.9826,28.4293,59
300390.SZ,天华新能,电气设备,电力设备,80.07,-5.6446,3.5439,165.3903,24
300393.SZ,中来股份,塑料,电力设备,10.25,-4.2056,-12.5758,59.1951,15
300394.SZ,天孚通信,通信设备,通信,350.09,-6.7446,8.5709,125.3146,23
300395.SZ,菲利华,玻璃,国防军工,110.19,-8.2744,7.6899,139.2439,14
300396.SZ,迪瑞医疗,医疗保健,医药生物,11.04,-0.9865,-4.424,38.1539,12
300397.SZ,天和防务,通信设备,国防军工,11.73,-2.005,-5.6005,92.1232,85
300398.SZ,飞凯材料,化工原料,电子,31.7,-0.0945,8.7426,44.7227,1
300399.SZ,天利科技,互联网,计算机,20.75,-2.0765,-0.7035,92.9079,33
300400.SZ,劲拓股份,专用机械,机械设备,26.11,-9.1194,10.6675,75.4355,40
300401.SZ,花园生物,化学制药,医药生物,13.25,-1.8519,9.0903,27.8544,24
300402.SZ,宝色股份,专用机械,机械设备,18.64,-2.0494,1.0663,89.5985,53
300403.SZ,汉宇集团,家用电器,家用电器,11.9,-2.2989,11.1678,30.3914,94
300404.SZ,博济医药,医疗保健,医药生物,10.1,-2.3211,2.1984,525.7305,76
300405.SZ,科隆股份,化工原料,基础化工,5.86,-1.8425,-6.7222,44.2648,69
300406.SZ,九强生物,医疗保健,医药生物,11.74,-1.1785,6.6954,15.9441,1
300407.SZ,凯发电气,电气设备,电力设备,13.07,-2.6806,3.7805,59.1261,1
300408.SZ,三环集团,元器件,电子,70.1,4.6269,12.6112,51.3089,33
300409.SZ,道氏技术,电气设备,电力设备,26.61,-2.4918,1.3306,36.4689,80
300410.SZ,正业科技,专用机械,电力设备,9.57,-3.9157,15.3305,95.5325,21
300411.SZ,金盾股份,专用机械,机械设备,10.47,-2.6952,1.5129,667.1073,43
300412.SZ,迦南科技,医疗保健,机械设备,5.31,-1.3011,2.8181,89.1674,1
300413.SZ,芒果超媒,影视音像,传媒,21.0,-0.3322,4.4511,41.977,90
300414.SZ,中光防雷,通信设备,通信,14.48,1.3296,0.8211,207.4377,93
300415.SZ,伊之密,专用机械,机械设备,23.88,-1.3631,22.787,15.7299,89
300416.SZ,苏试试验,电器仪表,社会服务,17.2,-6.7751,1.5614,33.6318,57
300417.SZ,南华仪器,电器仪表,机械设备,12.5,-1.9608,-0.0392,57.75575,15
300418.SZ,昆仑万维,互联网,传媒,52.36,-2.3681,-4.7001,46.5064,15
300420.SZ,五洋自控,机械基件,机械设备,3.64,-1.8868,1.6569,57.75575,1
300421.SZ,力星股份,机械基件,机械设备,24.14,-3.748,4.0939,126.3826,15
300422.SZ,博世科,环境保护,环保,4.63,0.0,-17.5329,35.3022,69
300423.SZ,昇辉科技,电气设备,电力设备,7.72,-2.8931,0.4802,59.1951,33
300424.SZ,航新科技,航空,国防军工,18.12,-0.4396,2.2853,92.1232,33
300425.SZ,中建环能,环境保护,环保,4.91,-0.4057,-0.0949,53.553,93
300426.SZ,华智数媒,影视音像,传媒,7.54,0.9371,-53.86618,46.5064,27
300427.SZ,红相股份,电气设备,电力设备,11.65,-2.9975,4.996,59.1951,5
300428.SZ,立中集团,汽车配件,汽车,20.62,-2.919,8.2602,15.8988,69
300429.SZ,强力新材,化工原料,电子,14.35,-1.2388,-1.285,85.9251,27
300430.SZ,诚益通,电器仪表,机械设备,17.38,-2.1947,3.0015,71.5557,5
300432.SZ,富临精工,汽车配件,电力设备,27.07,2.0739,7.3828,112.5665,33
300433.SZ,蓝思科技,元器件,电子,26.6,-2.3853,-0.2729,40.826,1
300434.SZ,金石亚药,化学制药,医药生物,10.37,1.2695,3.8979,31.9488,95
300435.SZ,中泰股份,供气供热,公用事业,23.3,-3.2794,14.0721,22.8866,80
300436.SZ,广生堂,化学制药,医药生物,119.4,1.9641,-30.0275,38.1539,22
300437.SZ,清水源,化工原料,环保,15.66,-2.6119,-2.8866,35.3022,21
300438.SZ,鹏辉能源,电气设备,电力设备,68.09,0.2798,2.2247,59.1951,27
300439.SZ,美康生物,医疗保健,医药生物,9.64,-1.3306,2.0535,39.3431,15
300440.SZ,运达科技,软件服务,计算机,17.05,-3.0148,5.2991,86.0855,12
300441.SZ,鲍斯股份,机床制造,机械设备,7.1,-2.069,6.4728,15.7673,1
300442.SZ,润泽科技,软件服务,通信,95.87,2.5348,28.49996,30.1201,19
300443.SZ,金雷股份,电气设备,电力设备,30.06,-0.9881,5.1092,30.5999,5
300444.SZ,双杰电气,电气设备,电力设备,16.0,3.9636,10.7771,68.9001,77
300445.SZ,康斯特,电器仪表,机械设备,21.05,-2.184,8.4331,42.8233,69
300446.SZ,航天智造,汽车配件,汽车,20.42,-3.4059,15.8112,19.5932,52
300447.SZ,全信股份,电气设备,国防军工,20.84,-4.1839,1.49,219.4763,40
300448.SZ,浩云科技,软件服务,计算机,7.67,4.3537,-2.7732,92.9079,19
300449.SZ,汉邦高科,IT设备,计算机,6.82,-2.0115,-15.9475,92.9079,6
300450.SZ,先导智能,专用机械,电力设备,57.08,-2.9252,12.643,61.1113,87
300451.SZ,创业慧康,软件服务,计算机,4.35,0.0,-9.53,92.9079,94
300452.SZ,山河药辅,化学制药,医药生物,13.81,-6.3094,18.4711,18.3512,94
300453.SZ,三鑫医疗,医疗保健,医药生物,9.94,-0.7984,13.6762,19.7704,5
300454.SZ,深信服,软件服务,计算机,108.38,-1.7051,4.1644,119.0767,26
300455.SZ,航天智装,IT设备,计算机,26.61,-1.0045,-10.2247,92.9079,102
300456.SZ,赛微电子,半导体,电子,47.07,-18.2103,-0.7351,24.2421,57
300457.SZ,赢合科技,专用机械,电力设备,28.18,-1.5718,8.0406,33.7836,87
300458.SZ,全志科技,半导体,电子,41.4,0.3636,6.3107,91.466,1
300459.SZ,汤姆猫,互联网,传媒,3.98,-1.9704,-1.9154,46.5064,66
300461.SZ,田中精机,专用机械,机械设备,59.09,-7.6574,0.8956,57.75575,23
300463.SZ,迈克生物,医疗保健,医药生物,10.52,-0.9416,0.5845,38.1539,5
300464.SZ,星徽股份,机械基件,商贸零售,7.99,-1.722,2.0028,48.6264,51
300465.SZ,高伟达,软件服务,计算机,14.44,-3.0222,4.3096,223.2983,21
300466.SZ,赛摩智能,电器仪表,机械设备,8.96,4.7953,0.7535,57.75575,27
300467.SZ,迅游科技,互联网,传媒,31.81,-1.1498,2.8029,400.5358,91
300468.SZ,四方精创,软件服务,计算机,29.67,-3.1974,4.5252,211.899,21
300469.SZ,信息发展,软件服务,计算机,50.37,-5.9559,-18.5706,92.9079,13
300470.SZ,中密控股,机械基件,机械设备,33.72,-6.2291,2.2671,19.6108,27
300471.SZ,厚普股份,专用机械,机械设备,12.54,-4.8558,-0.1461,57.75575,5
300473.SZ,德尔股份,汽车配件,汽车,35.2,0.5714,4.8664,69.4499,80
300474.SZ,景嘉微,元器件,国防军工,62.12,0.6318,-1.033,92.1232,52
300475.SZ,香农芯创,元器件,电子,156.39,-3.5344,11.3695,133.6073,15
300476.SZ,胜宏科技,元器件,电子,331.95,-3.1595,28.49996,74.5509,27
300478.SZ,杭州高新,塑料,基础化工,30.32,-3.2546,-25.5736,44.2648,15
300479.SZ,神思电子,软件服务,计算机,18.88,-2.4793,3.0325,221.5899,102
300480.SZ,光力科技,专用机械,机械设备,33.38,-1.5339,2.7944,57.75575,24
300481.SZ,濮阳惠成,化工原料,电子,14.81,-1.2667,5.4318,32.9122,69
300482.SZ,万孚生物,医疗保健,医药生物,18.45,5.852,-1.1491,38.1539,95
300483.SZ,首华燃气,石油开采,公用事业,21.25,0.9501,7.62,47.9165,5
300484.SZ,蓝海华腾,电气设备,机械设备,16.96,-1.7381,7.0754,64.9673,27
300485.SZ,赛升药业,生物制药,医药生物,11.51,-2.3749,0.4331,380.4807,5
300486.SZ,东杰智能,专用机械,机械设备,23.0,-6.0841,0.5928,57.75575,40
300487.SZ,蓝晓科技,化工原料,基础化工,63.56,-3.213,21.6059,36.5289,20
300488.SZ,恒锋工具,机械基件,机械设备,29.14,-3.0605,7.1935,37.9603,12
300489.SZ,光智科技,专用机械,电子,87.07,-3.3629,-5.3155,85.9251,40
300490.SZ,华自科技,专用机械,电力设备,18.8,-9.3976,3.8029,59.1951,14
300491.SZ,通合科技,电气设备,电力设备,26.53,-0.7482,3.4245,116.0705,59
300492.SZ,华图山鼎,文教休闲,建筑装饰,54.3,1.2116,28.49996,61.8463,23
300493.SZ,润欣科技,元器件,电子,15.87,-1.6119,4.075,179.4988,24
300494.SZ,盛天网络,互联网,传媒,11.81,-0.3376,2.132,46.5064,43
300496.SZ,中科创达,软件服务,计算机,65.08,0.8992,2.3082,66.6173,22
300497.SZ,富祥药业,化学制药,医药生物,18.0,-1.8539,-2.8991,38.1539,15
300498.SZ,温氏股份,农业综合,农林牧渔,16.02,-3.9568,-2.5963,48.5647,7
300499.SZ,高澜股份,专用机械,机械设备,42.4,-4.1808,2.5027,1393.4236,89
300500.SZ,启迪设计,建筑工程,建筑装饰,10.68,0.4704,3.9564,40.5447,69
300501.SZ,海顺新材,广告包装,轻工制造,19.21,0.4707,-0.6967,38.3958,17
300502.SZ,新易盛,通信设备,通信,608.28,-2.3173,28.49996,80.4162,97
300503.SZ,昊志机电,机械基件,机械设备,60.75,-3.5408,9.276,96.2202,24
300504.SZ,天邑股份,通信设备,通信,16.1,-3.6505,-2.5724,114.6508,59
300505.SZ,川金诺,农药化肥,基础化工,25.45,-2.7512,1.4019,16.5396,59
300507.SZ,苏奥传感,汽车配件,汽车,8.03,-6.9525,0.6033,61.6451,61
300508.SZ,维宏股份,软件服务,计算机,32.96,-2.5717,-2.096,63.1987,69
300509.SZ,新美星,专用机械,机械设备,12.06,-2.5848,13.2284,36.6562,19
300510.SZ,金冠股份,电气设备,电力设备,4.02,-1.4706,-3.1328,59.1951,95
300511.SZ,雪榕生物,种植业,农林牧渔,7.55,6.9405,-5.2053,43.06775,90
300512.SZ,中亚股份,专用机械,机械设备,8.9,-2.1978,2.8252,106.2746,30
300513.SZ,恒实科技,软件服务,通信,8.55,-1.4977,-6.3159,114.6508,26
300514.SZ,友讯达,电器仪表,电力设备,11.94,-10.8955,7.1604,82.5693,87
300515.SZ,三德科技,电器仪表,机械设备,17.0,-1.6773,3.4964,18.5373,5
300516.SZ,久之洋,电器仪表,电子,60.81,-2.3917,1.8665,453.0302,69
300517.SZ,海波重科,建筑工程,建筑装饰,11.74,-0.7608,0.1674,1321.2332,27
300518.SZ,新迅达,互联网,商贸零售,24.63,-2.3781,-3.6203,48.6264,19
300519.SZ,新光药业,中成药,医药生物,15.58,-1.5171,3.0998,44.4844,16
300520.SZ,科大国创,软件服务,计算机,34.54,-4.1088,-6.5513,92.9079,27
300521.SZ,爱司凯,专用机械,机械设备,26.78,-3.0413,-3.9073,57.75575,13
300522.SZ,世名科技,染料涂料,基础化工,13.46,-0.9566,0.2704,253.7395,15
300523.SZ,辰安科技,软件服务,计算机,22.52,-0.1773,-20.2283,92.9079,22
300525.SZ,博思软件,软件服务,计算机,10.17,-2.3992,0.2866,28.0643,27
300528.SZ,幸福蓝海,影视音像,传媒,16.35,-2.2714,-1.0848,46.5064,29
300529.SZ,健帆生物,医疗保健,医药生物,18.6,1.252,13.4029,30.8309,59
300530.SZ,领湃科技,电气设备,基础化工,23.96,-3.8909,-53.86618,44.2648,1
300531.SZ,优博讯,IT设备,计算机,19.44,-3.4757,6.1645,73.2106,5
300532.SZ,今天国际,软件服务,计算机,11.13,-5.4376,2.8461,23.2888,6
300533.SZ,冰川网络,互联网,传媒,30.78,2.7713,28.49996,14.9266,23
300534.SZ,陇神戎发,中成药,医药生物,9.15,-1.2945,6.4127,63.1526,14
300535.SZ,达威股份,化工原料,基础化工,19.55,-1.2626,2.8595,44.2648,1
300536.SZ,农尚环境,建筑工程,建筑装饰,8.77,-2.0112,-15.7397,40.5447,69
300537.SZ,广信材料,染料涂料,电子,23.38,-0.8061,1.0592,85.9251,74
300538.SZ,同益股份,塑料,基础化工,15.6,-1.825,0.7637,44.2648,91
300539.SZ,横河精密,塑料,基础化工,29.7,-5.5644,6.0326,150.9347,69
300540.SZ,蜀道装备,专用机械,机械设备,30.72,4.6678,5.3957,117.3756,57
300541.SZ,先进数通,软件服务,计算机,14.47,-1.8983,7.0285,52.1087,61
300542.SZ,新晨科技,软件服务,计算机,15.39,-1.912,-4.1037,92.9079,15
300543.SZ,朗科智能,元器件,家用电器,9.57,-3.0395,2.323,81.5765,93
300545.SZ,联得装备,专用机械,电子,31.47,-4.2301,1.2557,61.0965,14
300546.SZ,雄帝科技,IT设备,计算机,19.93,-2.5428,3.3311,143.8777,43
300547.SZ,川环科技,汽车配件,汽车,36.16,-4.7669,11.0538,40.806,23
300548.SZ,长芯博创,通信设备,通信,270.96,-2.9721,18.021,235.9394,1
300549.SZ,优德精密,专用机械,机械设备,17.25,-1.7654,0.1249,428.9625,7
300550.SZ,和仁科技,软件服务,计算机,11.04,-0.8977,-0.8007,68.4895,40
300551.SZ,古鳌科技,软件服务,计算机,13.32,-3.0568,-31.947,92.9079,91
300552.SZ,万集科技,IT设备,计算机,27.48,0.844,-1.4903,92.9079,5
300553.SZ,集智股份,电器仪表,机械设备,42.06,4.7572,0.7769,272.705,27
300554.SZ,三超新材,矿物制品,机械设备,22.15,-3.1906,-27.4874,57.75575,59
300556.SZ,丝路视觉,软件服务,计算机,17.64,-1.4525,-23.2349,92.9079,12
300557.SZ,理工光科,电器仪表,机械设备,35.57,-4.3817,4.6649,91.1789,40
300558.SZ,贝达药业,化学制药,医药生物,49.9,12.9726,5.0182,47.5899,5
300559.SZ,佳发教育,软件服务,计算机,13.09,1.5516,-0.4723,144.6871,19
300560.SZ,中富通,通信设备,通信,15.8,-1.9851,1.6753,114.6508,5
300562.SZ,乐心医疗,医疗保健,医药生物,14.38,2.1307,8.1163,38.3378,12
300563.SZ,神宇股份,通信设备,通信,33.38,-2.2834,6.7399,82.171,33
300564.SZ,筑博设计,建筑工程,建筑装饰,15.01,-0.9894,-1.2072,165.7297,22
300565.SZ,科信技术,通信设备,通信,12.51,-6.5022,-11.624,114.6508,43
300566.SZ,激智科技,元器件,电子,18.63,-1.844,8.1439,25.99,1
300567.SZ,精测电子,电器仪表,机械设备,132.5,-3.1716,2.7624,57.75575,94
300568.SZ,星源材质,化工原料,电力设备,15.35,-2.8481,0.3699,567.9936,2
300569.SZ,天能重工,电气设备,电力设备,6.39,-5.7522,2.0625,66.9769,94
300570.SZ,太辰光,通信设备,通信,135.03,-7.1959,18.3973,102.5842,40
300571.SZ,平治信息,互联网,通信,36.9,0.7096,0.5128,114.6508,5
300572.SZ,安车检测,电器仪表,社会服务,28.43,-3.1676,-1.1892,44.811447,33
300573.SZ,兴齐眼药,化学制药,医药生物,68.21,-0.496,28.49996,24.1558,24
300575.SZ,中旗股份,农药化肥,基础化工,6.14,0.3268,-9.4101,44.2648,74
300576.SZ,容大感光,染料涂料,电子,37.88,-1.0449,6.4778,119.6181,1
300577.SZ,开润股份,纺织,纺织服饰,18.71,-0.4787,12.6562,13.2723,19
300578.SZ,会畅科技,通信设备,通信,21.83,-0.4106,-1.184,114.6508,5
300579.SZ,数字认证,软件服务,计算机,26.87,0.7877,-11.0585,92.9079,80
300580.SZ,贝斯特,汽车配件,汽车,29.13,-4.5544,2.1988,51.9554,68
300581.SZ,晨曦航空,航空,国防军工,12.52,-2.5681,-4.4796,92.1232,15
300582.SZ,英飞特,元器件,电子,12.86,-2.5758,-5.6366,85.9251,80
300583.SZ,赛托生物,化学制药,医药生物,13.48,-1.8923,-3.8406,38.1539,5
300584.SZ,海辰药业,化学制药,医药生物,41.96,-2.5546,3.1631,112.444,21
300585.SZ,奥联电子,汽车配件,汽车,19.09,0.9519,-10.3508,37.8809,52
300586.SZ,美联新材,化工原料,基础化工,10.34,-5.0505,0.0772,44.2648,5
300587.SZ,天铁科技,橡胶,基础化工,5.84,2.2767,-2.4126,44.2648,12
300588.SZ,熙菱信息,IT设备,计算机,24.94,-3.9661,-13.5899,92.9079,40
300589.SZ,江龙船艇,船舶,国防军工,15.78,-1.0658,-4.5748,92.1232,27
300590.SZ,移为通信,通信设备,通信,14.56,20.033,2.7882,57.3804,43
300591.SZ,万里马,服饰,纺织服饰,6.7,-1.4706,-23.1848,33.2675,27
300592.SZ,华凯易佰,互联网,商贸零售,14.15,2.2399,2.1238,188.9303,59
300593.SZ,新雷能,电气设备,电力设备,29.86,-2.1625,-1.8729,59.1951,27
300594.SZ,朗进科技,运输设备,机械设备,26.22,-3.1042,-1.6208,57.75575,12
300595.SZ,欧普康视,医疗保健,医药生物,14.3,0.5626,2.9319,27.5068,1
300596.SZ,利安隆,化工原料,基础化工,39.8,-0.995,8.5013,18.1132,95
300597.SZ,吉大通信,通信设备,通信,9.26,-1.594,-2.9416,114.6508,22
300598.SZ,诚迈科技,软件服务,计算机,37.9,-0.7594,-4.4764,92.9079,96
300599.SZ,雄塑科技,塑料,建筑材料,10.83,-0.6422,-1.0552,47.81715,22
300600.SZ,国瑞科技,船舶,国防军工,13.88,4.4394,-0.349,92.1232,6
300601.SZ,康泰生物,生物制药,医药生物,14.27,-2.7929,0.3455,196.2025,5
300602.SZ,飞荣达,元器件,电子,34.55,-3.1127,7.2749,54.1405,95
300603.SZ,立昂技术,通信设备,通信,11.33,-1.5639,-2.4057,114.6508,33
300604.SZ,长川科技,半导体,电子,155.61,2.1733,22.7953,102.1505,33
300605.SZ,恒锋信息,软件服务,计算机,13.84,-1.844,2.1062,92.9079,69
300606.SZ,金太阳,机械基件,机械设备,37.0,-2.8871,3.136,57.75575,33
300607.SZ,拓斯达,专用机械,机械设备,29.27,6.9419,1.6617,118.2122,5
300608.SZ,思特奇,软件服务,计算机,13.0,-1.0654,-12.4371,92.9079,51
300609.SZ,汇纳科技,软件服务,计算机,37.71,0.8558,-3.5363,92.9079,69
300610.SZ,晨化股份,化工原料,基础化工,11.83,-1.9884,2.2099,39.2388,27
300611.SZ,美力科技,汽车配件,汽车,26.25,-4.5107,12.396,37.9758,80
300612.SZ,宣亚国际,广告包装,传媒,14.74,-1.1402,-15.6905,46.5064,85
300613.SZ,富瀚微,半导体,电子,46.73,1.8971,5.1129,75.0524,87
300614.SZ,百川畅银,环境保护,环保,13.56,3.749,-6.0954,35.3022,12
300615.SZ,欣天科技,通信设备,通信,13.41,-1.6141,-1.6751,114.6508,33
300616.SZ,尚品宅配,家居用品,轻工制造,14.6,4.8098,-2.4239,38.3958,12
300617.SZ,安靠智电,电气设备,电力设备,61.79,-1.9984,2.5134,139.1254,61
300618.SZ,寒锐钴业,小金属,有色金属,45.06,-5.495,1.1834,50.4868,27
300619.SZ,金银河,专用机械,电力设备,46.06,7.6923,0.7548,59.1951,5
300620.SZ,光库科技,通信设备,通信,246.93,-10.0503,2.0451,292.2152,27
300621.SZ,维业股份,装修装饰,建筑装饰,8.41,-0.1188,-53.86618,40.5447,19
300622.SZ,博士眼镜,其他商业,商贸零售,24.58,-1.0865,10.9196,51.8698,1
300623.SZ,捷捷微电,半导体,电子,27.81,-1.9739,1.648,49.7466,43
300624.SZ,万兴科技,软件服务,计算机,70.44,-1.9078,-5.5801,92.9079,5
300625.SZ,三雄极光,家用电器,家用电器,11.68,-1.4346,-0.5159,35.6124,23
300626.SZ,华瑞股份,电气设备,电力设备,28.01,-2.54,2.6149,59.1951,59
300627.SZ,华测导航,通信设备,通信,34.75,-2.2504,17.7636,39.8945,15
300628.SZ,亿联网络,通信设备,通信,37.28,-1.3757,6.7917,17.5278,59
300629.SZ,新劲刚,元器件,国防军工,25.43,-2.6789,0.6576,340.5293,5
300631.SZ,久吾高科,环境保护,环保,26.4,-4.0349,5.7038,45.952,5
300632.SZ,光莆股份,半导体,电子,16.5,-3.169,2.4861,203.8503,27
300633.SZ,开立医疗,医疗保健,医药生物,27.63,-0.683,6.1933,60.6034,20
300634.SZ,彩讯股份,软件服务,计算机,27.29,-1.0874,10.0852,42.3654,59
300635.SZ,中达安,建筑工程,建筑装饰,13.6,-1.6631,0.2608,40.5447,1
300636.SZ,同和药业,化学制药,医药生物,7.86,-1.0076,3.5719,34.9248,57
300637.SZ,扬帆新材,化工原料,基础化工,11.6,-1.1083,4.335,232.6916,59
300638.SZ,广和通,通信设备,通信,26.0,-2.1453,7.0365,67.3723,14
300639.SZ,凯普生物,医疗保健,医药生物,6.21,-2.6646,-3.212,38.1539,61
300640.SZ,德艺文创,家居用品,轻工制造,6.81,-1.7316,1.763,175.4631,5
300641.SZ,正丹股份,化工原料,基础化工,19.67,-0.7568,22.644,9.9408,51
300642.SZ,透景生命,医疗保健,医药生物,16.44,-1.9678,0.3878,167.8843,33
300643.SZ,万通智控,汽车配件,汽车,17.35,-1.922,10.5466,24.1675,33
300644.SZ,南京聚隆,塑料,基础化工,29.59,-2.5683,12.9005,24.7176,51
300645.SZ,正元智慧,软件服务,计算机,16.77,-1.815,0.6269,271.4083,20
300647.SZ,超频三,化工原料,电子,6.68,-3.1884,0.3834,85.9251,95
300648.SZ,星云股份,电气设备,电力设备,50.44,-2.6067,-3.2833,59.1951,20
300649.SZ,杭州园林,建筑工程,建筑装饰,18.83,12.4179,1.4088,40.5447,87
300650.SZ,太龙股份,元器件,电子,15.6,-3.0454,3.0466,68.9734,51
300651.SZ,金陵体育,文教休闲,轻工制造,28.52,0.4579,3.7065,99.9774,21
300652.SZ,雷迪克,汽车配件,汽车,42.33,-2.0819,9.4816,34.258,22
300653.SZ,正海生物,医疗保健,医药生物,18.55,-1.3822,1.6446,47.3398,12
300654.SZ,世纪天鸿,出版业,传媒,10.66,-1.0214,3.0339,104.7292,52
300655.SZ,晶瑞电材,半导体,电子,15.61,-0.9518,4.974,85.9251,11
300656.SZ,民德电子,IT设备,电子,23.25,-2.5157,-1.1208,85.9251,13
300657.SZ,弘信电子,元器件,电子,37.14,0.7323,7.513,193.3083,15
300658.SZ,延江股份,纺织,美容护理,20.17,-7.4771,3.0606,165.6487,22
300659.SZ,中孚信息,IT设备,计算机,12.86,-1.4559,-8.0326,92.9079,33
300660.SZ,江苏雷利,电气设备,电力设备,42.46,-3.192,7.744,59.6317,69
300661.SZ,圣邦股份,半导体,电子,86.99,6.2408,11.0477,98.6746,24
300662.SZ,科锐国际,文教休闲,社会服务,23.78,-2.2204,10.6054,15.3889,80
300663.SZ,科蓝软件,软件服务,计算机,12.92,-2.6375,-1.2986,92.9079,15
300664.SZ,鹏鹞环保,环境保护,环保,6.0,-1.6393,6.2726,20.6691,69
300665.SZ,飞鹿股份,染料涂料,基础化工,7.59,-0.9138,-13.5302,44.2648,21
300666.SZ,江丰电子,半导体,电子,155.95,-2.9317,10.5483,82.8359,15
300667.SZ,必创科技,电器仪表,机械设备,17.77,-3.5288,-0.1147,57.75575,33
300668.SZ,杰恩设计,装修装饰,建筑装饰,61.1,6.0764,-0.8334,736.9225,19
300669.SZ,沪宁股份,运输设备,机械设备,33.54,-1.8724,1.6759,395.8375,5
300670.SZ,大烨智能,电气设备,电力设备,6.24,-0.9524,-11.7207,59.1951,21
300671.SZ,富满微,半导体,电子,45.81,-1.5685,-11.4469,85.9251,80
300672.SZ,国科微,半导体,电子,161.08,-2.429,0.1813,1012.5133,91
300673.SZ,佩蒂股份,饲料,农林牧渔,15.81,-2.9466,5.9994,38.5181,15
300674.SZ,宇信科技,软件服务,计算机,20.31,-1.312,9.7727,33.1124,24
300675.SZ,建科院,建筑工程,建筑装饰,15.33,0.7227,-16.5009,40.5447,27
300676.SZ,华大基因,医疗保健,医药生物,39.09,-1.7098,-0.2328,38.1539,19
300677.SZ,英科医疗,医疗保健,医药生物,55.13,-0.7561,5.1986,21.2031,2
300678.SZ,中科信息,软件服务,计算机,28.69,-1.578,1.6714,594.1489,51
300679.SZ,电连技术,元器件,电子,42.39,-3.6591,7.4881,33.5659,27
300680.SZ,隆盛科技,汽车配件,汽车,39.06,-3.6032,10.7578,31.6495,59
300681.SZ,英搏尔,汽车配件,汽车,30.38,-0.589,7.2955,40.1099,5
300682.SZ,朗新科技,软件服务,计算机,16.16,-0.4313,1.5423,166.0071,69
300683.SZ,海特生物,生物制药,医药生物,32.24,-2.6276,-6.8358,38.1539,93
300684.SZ,中石科技,元器件,电子,60.05,-4.6068,12.1935,56.0257,1
300685.SZ,艾德生物,医疗保健,医药生物,22.24,-1.3747,18.5297,24.1042,7
300686.SZ,智动力,元器件,电子,19.81,-2.4138,-6.5212,85.9251,27
300687.SZ,赛意信息,软件服务,计算机,23.24,7.1462,1.0165,131.2182,52
300688.SZ,创业黑马,文教休闲,社会服务,24.59,-0.6063,-12.3675,44.811447,15
300689.SZ,澄天伟业,通信设备,通信,52.1,0.0,1.8164,255.3698,80
300690.SZ,双一科技,电气设备,电力设备,29.73,-1.7839,1.3208,32.6252,80
300691.SZ,联合光电,元器件,计算机,16.27,-6.2248,0.5689,148.9664,12
300692.SZ,中赋科技,环境保护,环保,9.33,-4.0123,3.6689,75.4236,69
300693.SZ,盛弘股份,电气设备,电力设备,48.8,-4.201,23.8877,32.0606,19
300694.SZ,蠡湖股份,汽车配件,汽车,12.68,-2.1605,0.9864,21.0735,40
300695.SZ,兆丰股份,汽车配件,汽车,68.05,-2.8274,12.8443,19.8555,1
300696.SZ,爱乐达,航空,国防军工,38.94,1.0903,2.5085,282.2226,5
300697.SZ,电工合金,铜,有色金属,16.05,-0.6192,4.7089,37.481,33
300698.SZ,万马科技,通信设备,通信,41.15,-2.0005,1.139,114.6508,1
300699.SZ,光威复材,化纤,国防军工,35.79,-3.1394,10.7743,49.3105,55
300700.SZ,岱勒新材,矿物制品,机械设备,16.74,-0.6528,-10.6699,57.75575,49
300701.SZ,森霸传感,元器件,电子,11.78,-1.505,6.4121,52.1527,22
300702.SZ,天宇股份,化学制药,医药生物,21.95,-1.1261,6.1217,39.8328,69
300703.SZ,创源股份,文教休闲,轻工制造,18.99,-6.3609,-2.4375,162.5466,19
300705.SZ,九典制药,化学制药,医药生物,13.65,-1.087,15.6241,14.5606,17
300706.SZ,阿石创,元器件,电子,38.33,-3.8384,-4.3188,85.9251,13
300707.SZ,威唐工业,汽车配件,汽车,15.87,-2.2181,2.7783,118.8003,74
300708.SZ,聚灿光电,半导体,电子,9.52,-3.3503,7.3517,43.5983,22
300709.SZ,精研科技,元器件,电子,39.4,-5.3112,6.7705,42.923,33
300710.SZ,万隆光电,通信设备,通信,28.61,-2.0876,-6.4015,114.6508,59
300711.SZ,广哈通信,通信设备,通信,24.57,-2.8854,12.3237,71.9131,19
300712.SZ,永福股份,建筑工程,建筑装饰,28.83,0.2086,2.8761,135.8685,5
300713.SZ,英可瑞,电气设备,电力设备,16.83,0.4776,-8.3864,59.1951,22
300715.SZ,凯伦股份,其他建材,建筑材料,13.1,1.3932,1.4529,47.81715,69
300717.SZ,华信新材,塑料,基础化工,20.55,-1.8625,7.6818,38.3722,87
300718.SZ,长盛轴承,机械基件,机械设备,69.1,-2.2769,11.3762,83.3439,69
300719.SZ,安达维尔,航空,国防军工,15.82,-2.1645,0.0545,441.7027,5
300720.SZ,海川智能,电器仪表,机械设备,70.45,-2.3562,4.7063,593.9812,24
300721.SZ,怡达股份,化工原料,基础化工,17.69,20.0136,-7.6557,44.2648,87
300722.SZ,新余国科,航空,国防军工,30.57,-1.3871,12.6298,102.572,27
300723.SZ,一品红,化学制药,医药生物,34.55,-3.1399,-7.4992,38.1539,91
300724.SZ,捷佳伟创,专用机械,电力设备,90.95,-3.0384,21.9901,12.1042,80
300725.SZ,药石科技,化学制药,医药生物,38.46,-1.2834,3.9565,45.6849,93
300726.SZ,宏达电子,元器件,国防军工,47.42,-1.8423,6.5771,56.6339,6
300727.SZ,润禾材料,化工原料,基础化工,33.7,-2.5166,8.3743,49.9085,94
300729.SZ,乐歌股份,家居用品,轻工制造,13.02,-0.0767,4.6166,18.5743,22
300730.SZ,科创信息,软件服务,计算机,13.45,-3.2374,-21.0082,92.9079,15
300731.SZ,科创新源,橡胶,基础化工,71.84,-3.8415,4.4903,270.4303,90
300732.SZ,设研院,建筑工程,建筑装饰,7.07,3.6657,-0.2432,40.5447,80
300733.SZ,西菱动力,汽车配件,汽车,17.63,-2.0011,0.6328,67.3297,1
300735.SZ,光弘科技,元器件,电子,23.02,-1.666,4.0284,54.2176,21
300736.SZ,百邦科技,通信设备,电子,28.07,2.9336,-19.4583,85.9251,15
300737.SZ,科顺股份,其他建材,建筑材料,6.8,3.6585,0.4258,47.81715,5
300738.SZ,奥飞数据,软件服务,通信,24.56,-0.5668,3.7052,182.8331,93
300739.SZ,明阳电路,元器件,电子,28.92,-4.5859,2.9753,208.2319,74
300740.SZ,水羊股份,日用化工,美容护理,23.2,-1.2766,6.3891,60.0731,59
300741.SZ,华宝股份,食品,基础化工,16.9,-0.2361,1.2348,124.1997,12
300743.SZ,天地数码,IT设备,计算机,18.87,-2.8321,5.9854,24.6789,59
300745.SZ,欣锐科技,汽车配件,汽车,26.98,-1.9978,-2.7509,37.8809,21
300746.SZ,汉嘉数智,建筑工程,建筑装饰,13.3,-0.7463,3.3428,40.5447,77
300747.SZ,锐科激光,专用机械,机械设备,36.43,-1.4073,1.2203,109.5639,91
300748.SZ,金力永磁,矿物制品,有色金属,32.25,-3.9893,9.6814,60.1239,43
300749.SZ,顶固集创,家居用品,轻工制造,24.55,-5.395,2.1028,38.3958,91
300750.SZ,宁德时代,电气设备,电力设备,438.9,0.5844,5.9731,25.3642,15
300751.SZ,迈为股份,专用机械,电力设备,229.46,-3.649,8.6076,77.1861,20
300752.SZ,隆利科技,元器件,电子,18.9,-1.5625,1.2493,94.177,15
300753.SZ,爱朋医疗,医疗保健,医药生物,27.17,-2.1254,-1.6648,38.1539,77
300755.SZ,华致酒行,其他商业,商贸零售,13.42,0.9023,-6.54,48.6264,5
300756.SZ,金马游乐,专用机械,机械设备,54.61,-2.3775,6.3555,105.5808,20
300757.SZ,罗博特科,专用机械,机械设备,515.88,-7.2492,-4.9564,57.75575,22
300758.SZ,七彩化学,染料涂料,基础化工,15.26,-2.1795,4.188,77.9929,12
300759.SZ,康龙化成,化学制药,医药生物,29.62,-2.6938,11.6018,32.7065,69
300760.SZ,迈瑞医疗,医疗保健,医药生物,161.04,0.9023,22.0035,23.9991,22
300761.SZ,立华股份,农业综合,农林牧渔,22.3,0.0449,1.6463,35.4571,5
300762.SZ,上海瀚讯,通信设备,国防军工,41.4,-3.6761,-2.0454,92.1232,43
300763.SZ,锦浪科技,电气设备,电力设备,96.45,2.2474,9.9345,43.2475,22
300765.SZ,新诺威,食品,医药生物,31.06,-3.0587,-7.5377,38.1539,59
300766.SZ,每日互动,互联网,计算机,38.86,-2.4843,-3.4548,92.9079,69
300767.SZ,震安科技,橡胶,基础化工,23.22,-1.6518,-0.1251,44.2648,7
300768.SZ,迪普科技,软件服务,计算机,17.36,0.6377,5.3281,56.8393,40
300769.SZ,德方纳米,化工原料,电力设备,49.86,0.4432,-10.1265,59.1951,33
300770.SZ,新媒股份,影视音像,传媒,39.67,-0.8993,18.4058,13.6855,33
300771.SZ,智莱科技,IT设备,计算机,13.97,-1.3418,4.2168,40.5196,59
300772.SZ,运达股份,电气设备,电力设备,16.37,-0.3652,4.9044,37.8918,12
300773.SZ,拉卡拉,软件服务,非银金融,27.05,-2.17,13.0006,12.6197,23
300774.SZ,倍杰特,环境保护,环保,16.25,-3.7892,5.6649,78.9834,23
300775.SZ,三角防务,航空,国防军工,37.9,1.9914,6.3834,45.4427,43
300776.SZ,帝尔激光,专用机械,电力设备,114.52,1.3451,14.0659,60.435,1
300777.SZ,中简科技,化纤,国防军工,35.92,4.2066,0.4173,71.6636,40
300778.SZ,新城市,建筑工程,建筑装饰,12.53,-0.7918,-1.563,40.5447,5
300779.SZ,惠城环保,环境保护,环保,86.66,-1.935,4.243,313.2588,102
300780.SZ,德恩精工,机械基件,机械设备,23.42,-5.9438,-3.1223,57.75575,27
300781.SZ,因赛集团,广告包装,传媒,35.31,-2.107,4.2094,46.5064,12
300782.SZ,卓胜微,半导体,电子,104.78,-8.561,-1.689,85.9251,20
300783.SZ,三只松鼠,食品,食品饮料,18.49,-0.8579,5.541,32.6891,27
300784.SZ,利安科技,塑料,电子,48.52,-4.3187,6.7431,50.826,51
300785.SZ,值得买,互联网,传媒,52.16,-3.3716,0.7092,122.1929,22
300786.SZ,国林科技,环境保护,环保,14.8,-2.1164,-1.5626,35.3022,24
300787.SZ,海能实业,元器件,电子,11.9,-2.9364,5.3164,32.8372,59
300788.SZ,中信出版,出版业,传媒,39.23,-1.7777,5.9577,57.3402,89
300789.SZ,唐源电气,运输设备,计算机,20.81,-2.3463,3.7215,51.8641,21
300790.SZ,宇瞳光学,元器件,计算机,29.9,-3.1422,7.5182,46.9615,5
300791.SZ,仙乐健康,医疗保健,食品饮料,20.37,0.9916,10.0881,18.1361,2
300792.SZ,壹网壹创,互联网,商贸零售,35.65,-1.1644,3.7154,78.5308,5
300793.SZ,佳禾智能,IT设备,电子,14.01,-2.3693,0.949,85.9251,27
300795.SZ,米奥会展,文教休闲,社会服务,11.29,-1.8261,21.413,24.683,93
300796.SZ,贝斯美,农药化肥,基础化工,8.47,-0.47,0.1728,1393.4236,15
300797.SZ,钢研纳克,电器仪表,社会服务,15.6,-0.9524,8.1334,37.7669,27
300798.SZ,锦鸡股份,染料涂料,基础化工,11.38,-2.735,-0.8804,44.2648,21
300800.SZ,力合科技,环境保护,环保,12.11,-2.2599,0.7277,62.5363,91
300801.SZ,泰和科技,化工原料,基础化工,31.07,1.1064,3.0443,51.2401,22
300802.SZ,矩子科技,专用机械,机械设备,19.1,-3.2911,5.3264,62.2777,2
300803.SZ,指南针,软件服务,计算机,98.17,-2.7635,9.0534,262.6547,93
300804.SZ,广康生化,农药化肥,基础化工,47.43,1.3245,2.5974,76.5691,12
300805.SZ,电声股份,广告包装,传媒,10.87,1.6838,2.1753,111.1196,14
300806.SZ,斯迪克,塑料,基础化工,67.12,-3.4245,2.0183,655.9888,69
300808.SZ,久量股份,家用电器,电子,22.99,-4.8821,-4.802,85.9251,15
300809.SZ,华辰装备,机床制造,机械设备,34.49,-0.8623,2.6628,185.1308,96
300810.SZ,中科海讯,船舶,国防军工,35.15,3.1094,-5.5185,92.1232,24
300811.SZ,铂科新材,矿物制品,有色金属,84.02,-5.0085,2.8739,56.2641,51
300812.SZ,易天股份,专用机械,电子,38.13,-3.785,4.471,85.9251,12
300813.SZ,泰林生物,医疗保健,机械设备,24.85,-4.4231,2.0298,182.6945,27
300814.SZ,中富电路,元器件,电子,97.58,-2.3516,1.9621,537.1121,22
300815.SZ,玉禾田,环境保护,环保,20.72,-1.9404,10.0921,16.1694,14
300816.SZ,艾可蓝,汽车配件,汽车,67.56,-1.0545,8.5352,74.6555,24
300817.SZ,双飞集团,机械基件,机械设备,19.44,-2.5564,4.4852,66.0005,95
300818.SZ,耐普矿机,专用机械,机械设备,34.99,-4.137,4.55,75.9297,1
300819.SZ,聚杰微纤,纺织,纺织服饰,56.61,4.6589,6.0117,143.0039,58
300820.SZ,英杰电气,电气设备,电力设备,46.38,-1.6748,7.8544,48.4578,21
300821.SZ,东岳硅材,化工原料,基础化工,14.29,-1.0388,3.8596,124.3466,7
300822.SZ,贝仕达克,元器件,电子,13.82,-1.637,0.9733,353.659,22
300823.SZ,建科智能,专用机械,机械设备,16.19,-1.4607,1.937,65.9878,2
300824.SZ,北鼎股份,家用电器,家用电器,9.84,-4.0936,4.2666,28.4358,5
300825.SZ,阿尔特,汽车服务,汽车,8.8,-1.4558,-6.864,37.8809,32
300826.SZ,测绘股份,建筑工程,建筑装饰,16.65,-1.4793,1.4531,188.7913,102
300827.SZ,上能电气,电气设备,电力设备,38.96,5.6686,13.5931,50.6972,69
300828.SZ,锐新科技,机械基件,机械设备,22.05,-2.4768,4.1174,112.5724,21
300829.SZ,金丹科技,食品,基础化工,18.3,2.1776,5.3993,36.263,80
300830.SZ,金现代,软件服务,计算机,10.81,-2.6126,-2.8576,352.8965,91
300831.SZ,派瑞股份,半导体,电子,16.4,-3.9813,0.6019,532.9199,24
300832.SZ,新产业,医疗保健,医药生物,46.77,2.3414,13.9111,22.276,80
300833.SZ,浩洋股份,专用机械,机械设备,34.26,-1.9462,5.5479,24.4027,87
300834.SZ,星辉环材,化工原料,基础化工,38.76,-1.6244,1.3393,114.1981,51
300835.SZ,龙磁科技,矿物制品,有色金属,94.95,-4.5441,14.7404,67.2016,22
300836.SZ,佰奥智能,专用机械,机械设备,61.59,-3.7054,9.2049,95.2349,93
300837.SZ,浙矿股份,专用机械,机械设备,36.3,-1.7857,3.6633,87.8424,21
300838.SZ,浙江力诺,机械基件,机械设备,15.78,-0.5671,1.0539,443.1763,5
300839.SZ,博汇股份,石油加工,石油石化,14.83,-3.1984,5.973,122.4301,33
300840.SZ,酷特智能,服饰,纺织服饰,19.08,-1.0886,3.2486,33.2675,74
300841.SZ,康华生物,生物制药,医药生物,58.13,-2.3682,0.7706,33.3424,34
300842.SZ,帝科股份,电气设备,电力设备,85.64,0.3986,-17.0138,59.1951,59
300843.SZ,胜蓝股份,元器件,电子,69.05,-4.4026,7.1476,101.0243,15
300844.SZ,山水比德,建筑工程,建筑装饰,34.83,-3.7845,-4.9961,40.5447,59
300845.SZ,捷安高科,软件服务,计算机,13.6,-0.5121,0.4221,56.5079,34
300846.SZ,首都在线,软件服务,计算机,29.01,-0.4119,-19.8091,92.9079,5
300847.SZ,中船汉光,化工原料,计算机,16.19,2.1451,7.8674,42.0164,69
300848.SZ,美瑞新材,化工原料,基础化工,17.01,2.6554,5.7433,88.8395,93
300849.SZ,锦盛新材,塑料,美容护理,21.21,-2.1679,-1.5945,38.55535,13
300850.SZ,新强联,机械基件,电力设备,41.01,-1.0615,13.5107,20.7559,11
300851.SZ,交大思诺,运输设备,机械设备,28.87,-1.8027,1.8024,48.123,23
300852.SZ,四会富仕,元器件,电子,47.53,4.8533,1.3103,59.1903,80
300853.SZ,申昊科技,专用机械,电力设备,25.85,-1.823,-16.1349,59.1951,74
300854.SZ,中兰环保,环境保护,环保,29.57,-0.1688,-2.1175,35.3022,19
300855.SZ,图南股份,小金属,有色金属,40.34,-0.6404,4.6496,76.2857,102
300856.SZ,科思股份,日用化工,美容护理,13.18,1.3067,1.456,62.196,43
300857.SZ,协创数据,IT设备,电子,257.11,-1.3998,28.49996,106.9987,1
300858.SZ,科拓生物,食品,基础化工,23.15,2.9804,5.2042,68.4299,93
300859.SZ,西域旅游,旅游服务,社会服务,32.48,-0.8244,9.7035,67.4116,6
300860.SZ,锋尚文化,文教休闲,社会服务,24.42,0.618,0.2727,162.2036,69
300861.SZ,美畅股份,矿物制品,机械设备,16.8,-1.6969,2.4602,540.6493,14
300862.SZ,蓝盾光电,电器仪表,机械设备,23.43,3.6267,-2.9533,57.75575,33
300863.SZ,卡倍亿,汽车配件,汽车,57.81,-3.1334,9.9247,64.6673,40
300864.SZ,南大环境,环境保护,环保,21.3,-1.5712,9.0084,21.7704,7
300865.SZ,大宏立,专用机械,机械设备,29.83,7.4955,1.2241,233.0251,33
300866.SZ,安克创新,元器件,电子,122.0,3.0144,26.1231,25.7006,59
300867.SZ,圣元环保,环境保护,环保,21.01,-1.3615,5.602,23.2203,52
300868.SZ,杰美特,元器件,电子,72.68,0.6509,-1.654,85.9251,53
300869.SZ,康泰医学,医疗保健,医药生物,12.82,-1.5361,0.5188,38.1539,91
300870.SZ,欧陆通,电气设备,电力设备,357.0,-4.2767,10.1298,159.5228,7
300871.SZ,回盛生物,农业综合,农林牧渔,26.99,-1.2079,13.9433,21.5131,89
300872.SZ,天阳科技,软件服务,计算机,16.25,-2.2262,1.6828,158.6356,57
300873.SZ,海晨股份,仓储物流,交通运输,20.7,-7.6717,0.0383,22.9289,95
300875.SZ,捷强装备,专用机械,国防军工,39.61,-0.677,-2.429,92.1232,32
300876.SZ,蒙泰高新,化纤,基础化工,27.28,-1.0877,-0.8378,44.2648,95
300877.SZ,金春股份,纺织,纺织服饰,28.63,-0.4866,4.5483,37.2789,76
300878.SZ,维康药业,中成药,医药生物,25.6,-2.5133,-11.4068,38.1539,33
300879.SZ,大叶股份,农用机械,机械设备,25.15,-1.7194,9.6243,42.8821,21
300880.SZ,迦南智能,电器仪表,电力设备,23.38,4.4216,1.1705,60.0943,94
300881.SZ,盛德鑫泰,钢加工,钢铁,47.65,-1.8942,14.13,28.3998,30
300882.SZ,万胜智能,电器仪表,电力设备,22.04,-1.4311,13.2868,36.0014,100
300883.SZ,龙利得,造纸,轻工制造,6.71,0.0,-0.2396,38.3958,27
300884.SZ,狄耐克,IT设备,计算机,12.96,-2.7757,-0.1261,92.9079,15
300885.SZ,海昌新材,机械基件,机械设备,24.22,-2.7309,6.2828,108.8336,59
300886.SZ,华业香料,化工原料,美容护理,29.21,-2.0127,5.2294,72.3046,12
300887.SZ,谱尼测试,电器仪表,社会服务,9.67,-2.1255,-6.6975,44.811447,22
300888.SZ,稳健医疗,医疗保健,美容护理,31.64,-2.4661,2.1619,23.9008,33
300889.SZ,爱克股份,电气设备,电子,24.92,-2.5801,-5.3475,85.9251,51
300890.SZ,翔丰华,电气设备,电力设备,42.64,7.1626,2.4502,59.2425,59
300891.SZ,惠云钛业,化工原料,基础化工,8.41,-1.0588,-4.7652,44.2648,1
300892.SZ,品渥食品,乳制品,食品饮料,27.69,-0.0722,0.4807,551.4258,27
300893.SZ,松原安全,汽车配件,汽车,23.71,0.5087,21.6687,30.6105,21
300894.SZ,火星人,家用电器,家用电器,10.04,2.0325,-23.4673,35.6124,69
300895.SZ,铜牛信息,软件服务,计算机,68.63,13.3256,-9.7477,92.9079,102
300896.SZ,爱美客,医疗保健,美容护理,117.43,2.4248,3.8597,31.0191,21
300897.SZ,山科智能,电器仪表,机械设备,26.51,0.4167,2.6611,85.8613,51
300898.SZ,熊猫乳品,乳制品,食品饮料,24.38,1.5833,10.7827,27.9888,87
300900.SZ,广联航空,航空,国防军工,45.76,-4.4277,-7.617,92.1232,12
300901.SZ,中胤时尚,服饰,纺织服饰,16.34,0.0,-1.2624,33.2675,23
300902.SZ,国安达,专用机械,机械设备,18.15,-2.3143,0.254,57.75575,2
300903.SZ,科翔股份,元器件,电子,42.64,-2.9144,-6.6887,85.9251,5
300904.SZ,威力传动,电气设备,电力设备,57.01,-2.3467,-8.1996,59.1951,43
300905.SZ,宝丽迪,染料涂料,基础化工,51.3,-7.6508,5.5876,65.9294,20
300906.SZ,日月明,运输设备,机械设备,35.0,-1.8233,1.6208,47.5921,22
300907.SZ,康平科技,电气设备,电力设备,29.58,-2.4728,6.3675,42.5845,52
300908.SZ,仲景食品,食品,食品饮料,28.82,0.4881,2.9429,21.3491,33
300909.SZ,汇创达,元器件,电子,43.91,-0.9698,2.8722,91.702,22
300910.SZ,瑞丰新材,化工原料,基础化工,47.26,5.0689,3.5969,20.5258,33
300911.SZ,亿田智能,家用电器,家用电器,31.82,-2.4824,-8.4125,35.6124,1
300912.SZ,凯龙高科,汽车配件,汽车,25.37,-5.0524,-5.3121,37.8809,22
300913.SZ,兆龙互连,通信设备,通信,54.78,-3.5394,10.8465,93.2444,87
300915.SZ,海融科技,乳制品,食品饮料,23.75,0.935,-1.0037,383.6686,52
300916.SZ,朗特智能,元器件,电子,35.64,0.3661,6.3882,37.7781,52
300917.SZ,特发服务,房产服务,房地产,32.74,-1.3558,10.7274,44.6671,33
300918.SZ,南山智尚,纺织,纺织服饰,14.49,-2.4242,4.277,57.2586,13
300919.SZ,中伟新材,电气设备,电力设备,57.1,-1.89,7.0795,37.9724,40
300920.SZ,润阳科技,塑料,基础化工,39.0,-1.3158,2.2886,144.6204,59
300921.SZ,南凌科技,互联网,通信,25.87,-1.2972,2.702,136.5914,24
300922.SZ,天秦装备,专用机械,国防军工,19.56,-1.5601,4.5588,73.3379,5
300923.SZ,研奥股份,运输设备,机械设备,27.41,-1.6152,2.2551,43.7342,13
300925.SZ,法本信息,软件服务,计算机,19.15,-3.087,3.9357,77.4297,61
300926.SZ,博俊科技,汽车配件,汽车,25.48,-2.3006,27.9748,13.1095,34
300927.SZ,江天化学,化工原料,基础化工,31.77,2.7823,2.0193,145.2398,5
300928.SZ,华安鑫创,汽车配件,汽车,29.59,-1.169,-5.1854,37.8809,93
300929.SZ,华骐环保,环境保护,环保,12.56,-0.0796,-0.229,35.3022,87
300930.SZ,屹通新材,小金属,有色金属,29.38,-2.683,5.0557,52.0321,74
300931.SZ,通用电梯,运输设备,机械设备,13.14,-2.2321,-1.3905,57.75575,6
300932.SZ,三友联众,电气设备,电力设备,13.73,-3.4459,4.1424,60.5091,80
300933.SZ,中辰股份,电气设备,电力设备,7.8,-2.2556,1.6559,199.5645,30
300935.SZ,盈建科,软件服务,计算机,31.16,-1.8583,-9.8408,92.9079,27
300936.SZ,中英科技,元器件,电子,76.22,0.3159,-0.1096,1393.4236,57
300937.SZ,药易购,医药商业,医药生物,27.68,-1.5997,-0.9941,38.1539,24
300938.SZ,信测标准,电器仪表,社会服务,55.43,6.6782,2.3702,66.1531,21
300939.SZ,秋田微,元器件,电子,39.74,-3.4265,5.6886,59.8368,19
300940.SZ,南极光,元器件,电子,22.86,-4.4314,9.7082,38.4673,2
300941.SZ,创识科技,IT设备,计算机,18.69,-6.1747,1.1956,89.7573,74
300942.SZ,易瑞生物,医疗保健,医药生物,8.16,-1.5682,2.0284,105.7966,93
300943.SZ,春晖智控,机械基件,机械设备,29.54,-2.3471,4.1358,109.3936,94
300945.SZ,曼卡龙,服饰,纺织服饰,15.39,-2.6565,6.2324,33.2675,95
300946.SZ,恒而达,机械基件,机械设备,45.91,-3.9941,3.6901,136.7922,5
300947.SZ,德必集团,房产服务,商贸零售,17.34,-1.0839,0.7981,119.4417,19
300948.SZ,冠中生态,环境保护,建筑装饰,19.25,-2.4328,-0.9469,40.5447,37
300949.SZ,奥雅股份,建筑工程,建筑装饰,37.7,-1.8485,-4.2096,40.5447,22
300950.SZ,德固特,专用机械,机械设备,21.72,-0.8219,9.425,46.9549,95
300951.SZ,博硕科技,元器件,电子,34.28,-12.26,6.1891,80.7247,5
300952.SZ,恒辉安防,纺织,纺织服饰,35.77,-3.8699,6.9691,60.5858,12
300953.SZ,震裕科技,电气设备,电力设备,218.35,-3.8868,13.791,73.8471,21
300955.SZ,嘉亨家化,日用化工,美容护理,36.97,-3.1438,-4.1171,38.55535,14
300956.SZ,英力股份,元器件,电子,14.46,-7.5448,-0.4176,726.7486,20
300957.SZ,贝泰妮,日用化工,美容护理,36.88,1.8503,4.4829,43.3758,20
300958.SZ,建工修复,环境保护,环保,13.33,-0.3737,-5.6045,35.3022,1
300959.SZ,线上线下,电信运营,通信,101.32,13.9067,0.3052,380.1448,72
300960.SZ,通业科技,运输设备,机械设备,23.06,-1.705,8.3219,63.1345,93
300961.SZ,深水海纳,环境保护,环保,13.82,3.2885,-3.2355,35.3022,93
300962.SZ,中金辐照,医疗保健,社会服务,16.16,-1.3431,9.2193,41.5063,22
300963.SZ,中洲特材,小金属,有色金属,16.54,-2.9343,4.9607,99.1418,93
300964.SZ,本川智能,元器件,电子,69.6,-6.8398,3.2811,149.0378,77
300965.SZ,恒宇信通,航空,国防军工,59.7,5.7386,2.9136,99.3165,33
300966.SZ,共同药业,化学制药,医药生物,21.67,-0.5963,-3.6149,38.1539,6
300967.SZ,晓鸣股份,农业综合,农林牧渔,16.55,-6.0726,10.6556,43.06775,21
300968.SZ,格林精密,元器件,电子,11.7,-2.7431,1.0184,192.1168,69
300969.SZ,恒帅股份,汽车配件,汽车,125.0,-4.3904,9.6855,78.1045,13
300970.SZ,华绿生物,种植业,农林牧渔,42.0,20.0,7.0483,23.5555,33
300971.SZ,博亚精工,机械基件,机械设备,23.65,-6.4848,1.1341,29.5965,40
300972.SZ,万辰集团,食品,商贸零售,216.01,3.364,28.49996,31.2008,19
300973.SZ,立高食品,食品,食品饮料,33.62,-0.3852,9.4161,18.2063,69
300975.SZ,商络电子,元器件,电子,20.74,-2.4,6.3643,89.791,12
300976.SZ,达瑞电子,元器件,电子,60.04,-2.5799,6.6633,27.7062,22
300977.SZ,深圳瑞捷,建筑工程,建筑装饰,20.07,3.6674,2.176,138.3316,12
300978.SZ,东箭科技,汽车配件,汽车,10.92,-2.0628,7.89,31.6896,33
300979.SZ,华利集团,服饰,纺织服饰,42.46,-0.2584,19.0471,15.4524,14
300980.SZ,祥源新材,塑料,基础化工,33.1,-5.1032,2.8962,100.8255,33
300981.SZ,中红医疗,医疗保健,医药生物,14.47,0.0692,-0.133,38.1539,89
300982.SZ,苏文电能,建筑工程,建筑装饰,22.03,0.87,0.34,504.8508,93
300983.SZ,尤安设计,建筑工程,建筑装饰,30.22,-1.3708,-3.0456,40.5447,33
300984.SZ,金沃股份,机械基件,机械设备,59.78,-3.8134,4.9098,153.1477,7
300985.SZ,致远新能,汽车配件,机械设备,22.57,-2.6316,4.6541,57.75575,2
300986.SZ,志特新材,建筑工程,建筑装饰,23.58,-2.562,6.4533,73.4684,15
300987.SZ,川网传媒,互联网,传媒,17.17,-1.5482,2.563,144.3019,69
300988.SZ,津荣天宇,机械基件,机械设备,27.62,-2.575,7.1076,37.6688,12
300989.SZ,蕾奥规划,建筑工程,建筑装饰,15.05,-0.9868,1.1422,40.5447,19
300990.SZ,同飞股份,专用机械,机械设备,88.66,-3.1673,12.7185,59.7998,69
300991.SZ,创益通,元器件,电子,48.99,-2.8747,-0.5012,85.9251,5
300992.SZ,泰福泵业,机械基件,机械设备,33.11,-1.3996,1.8893,179.7483,74
300993.SZ,玉马科技,家居用品,轻工制造,12.18,-1.536,9.8922,25.2257,74
300994.SZ,久祺股份,文教休闲,汽车,14.9,-2.0381,10.9428,20.4934,27
300995.SZ,奇德新材,塑料,基础化工,35.48,-1.6902,3.1182,152.079,11
300996.SZ,普联软件,软件服务,计算机,17.41,-1.2479,0.4456,52.4776,80
300997.SZ,欢乐家,软饮料,食品饮料,19.83,-5.3461,4.0535,196.382,80
300998.SZ,宁波方正,专用机械,汽车,26.18,0.0765,-1.736,37.8809,69
300999.SZ,金龙鱼,食品,农林牧渔,27.96,-0.675,3.3159,48.0789,2
301000.SZ,肇民科技,汽车配件,汽车,29.25,-2.6622,12.1516,47.6197,43
301001.SZ,凯淳股份,互联网,商贸零售,28.48,-1.1454,0.0458,250.839,5
301002.SZ,崧盛股份,电气设备,电力设备,45.56,1.4248,0.8491,59.1951,74
301003.SZ,江苏博云,塑料,基础化工,64.71,1.9376,1.5662,71.6571,2
301004.SZ,嘉益股份,家居用品,轻工制造,48.99,-2.0004,19.4828,12.5434,27
301005.SZ,超捷股份,汽车配件,汽车,174.9,-1.7084,2.1477,1393.4236,74
301006.SZ,迈拓股份,电器仪表,机械设备,17.39,-2.577,4.2901,27.4531,69
301007.SZ,德迈仕,汽车配件,汽车,35.97,0.3907,7.8314,106.7175,19
301008.SZ,宏昌科技,家用电器,家用电器,31.8,-5.3008,0.0953,186.3739,80
301009.SZ,可靠股份,造纸,美容护理,11.51,-1.371,2.0981,84.374,90
301010.SZ,晶雪节能,其他建材,建筑材料,20.36,-4.8153,1.2187,101.6723,27
301011.SZ,华立科技,文教休闲,轻工制造,21.77,-2.0252,8.0872,48.6671,19
301012.SZ,扬电科技,电气设备,电力设备,35.06,-5.9045,2.9923,134.2874,52
301013.SZ,利和兴,专用机械,机械设备,24.4,-3.0592,-8.1784,57.75575,93
301015.SZ,百洋医药,医药商业,医药生物,25.57,-0.853,19.6205,25.502,93
301016.SZ,雷尔伟,运输设备,机械设备,23.57,0.1274,6.8313,72.6905,33
301017.SZ,漱玉平民,医药商业,医药生物,15.27,2.004,5.2556,38.1539,95
301018.SZ,申菱环境,专用机械,机械设备,124.1,-1.8972,5.7873,268.9053,21
301019.SZ,宁波色母,塑料,基础化工,22.14,-3.4874,7.4277,32.8027,68
301020.SZ,密封科技,汽车配件,汽车,22.67,-1.177,3.0164,36.1961,33
301021.SZ,英诺激光,专用机械,机械设备,63.31,-2.7347,2.2263,224.7312,14
301022.SZ,海泰科,专用机械,汽车,34.77,-3.1476,4.7711,79.081,20
301023.SZ,奕帆传动,电气设备,电力设备,40.34,-2.3245,6.9929,39.0409,51
301024.SZ,霍普股份,建筑工程,建筑装饰,40.25,-1.3239,-7.5752,40.5447,22
301025.SZ,读客文化,出版业,传媒,11.04,-0.6301,1.049,717.2009,40
301026.SZ,浩通科技,小金属,有色金属,29.94,-3.5127,7.5035,35.1706,80
301027.SZ,华蓝集团,建筑工程,建筑装饰,24.6,-1.006,1.0471,184.5603,77
301028.SZ,鼎熔岩,专用机械,机械设备,14.03,-1.9567,12.2781,23.8258,77
301029.SZ,怡合达,专用机械,机械设备,27.46,-2.1731,9.9798,35.2848,80
301030.SZ,仕净科技,环境保护,环保,11.38,-4.3697,-23.8429,35.3022,5
301031.SZ,中熔电气,电气设备,电子,148.82,-2.6111,18.8634,47.3465,74
301032.SZ,新柴股份,工程机械,机械设备,13.08,-3.1828,8.848,28.0944,80
301033.SZ,迈普医学,医疗保健,医药生物,56.56,-2.7343,10.4552,37.2142,23
301035.SZ,润丰股份,农药化肥,基础化工,78.4,-0.6463,12.743,22.051,80
301036.SZ,双乐股份,染料涂料,基础化工,26.75,-7.5354,3.018,119.8463,24
301037.SZ,保立佳,染料涂料,基础化工,14.87,-0.7343,1.1183,44.2648,27
301038.SZ,深水规院,建筑工程,建筑装饰,20.68,-0.9579,1.769,63.5873,5
301039.SZ,中集车辆,汽车整车,汽车,9.29,0.324,6.209,19.2698,43
301040.SZ,中环海陆,机械基件,电力设备,32.73,2.2813,-9.3036,59.1951,22
301041.SZ,金百泽,元器件,电子,29.11,-3.5454,2.9515,154.0349,14
301042.SZ,安联锐视,IT设备,计算机,98.3,2.9319,1.4531,610.0359,27
301043.SZ,绿岛风,机械基件,机械设备,52.3,-0.947,7.202,41.3336,6
301045.SZ,天禄科技,元器件,电子,40.26,-2.7301,2.5023,136.9961,93
301046.SZ,能辉科技,建筑工程,建筑装饰,25.15,-3.8241,2.7621,172.6777,19
301047.SZ,义翘神州,生物制药,医药生物,72.67,-2.6393,2.6649,59.8321,27
301048.SZ,金鹰重工,运输设备,机械设备,10.68,-1.5668,4.6454,26.9912,19
301049.SZ,超越科技,环境保护,环保,23.15,0.0,-3.3123,35.3022,91
301050.SZ,雷电微力,航空,国防军工,48.7,-2.3069,5.1677,95.8456,59
301051.SZ,信濠光电,元器件,电子,22.49,-2.5141,-3.8904,85.9251,19
301052.SZ,果麦文化,出版业,传媒,34.44,-2.3533,-1.1901,46.5064,43
301053.SZ,远信工业,专用机械,机械设备,60.8,-1.1704,2.0813,206.1827,12
301055.SZ,张小泉,家居用品,轻工制造,33.47,-1.9625,5.8921,113.9575,15
301056.SZ,森赫股份,运输设备,机械设备,14.84,-1.6567,6.563,54.4698,12
301057.SZ,汇隆新材,化纤,基础化工,33.6,-1.9837,4.0579,105.5209,19
301058.SZ,中粮科工,建筑工程,建筑装饰,9.91,-0.502,5.4536,21.4824,69
301059.SZ,金三江,化工原料,基础化工,14.01,-1.7532,8.8705,46.9623,23
301060.SZ,兰卫医学,医疗保健,医药生物,9.48,-2.0661,-0.0413,38.1539,59
301061.SZ,匠心家居,家居用品,轻工制造,71.62,0.252,17.2979,17.2244,7
301062.SZ,上海艾录,广告包装,轻工制造,8.31,1.3415,-3.2007,38.3958,59
301063.SZ,海锅股份,电气设备,机械设备,24.62,-1.4017,3.1645,43.2415,14
301065.SZ,本立科技,化学制药,医药生物,23.05,-2.2891,4.2188,34.9367,12
301066.SZ,万事利,纺织,纺织服饰,14.09,-1.1921,2.0814,120.9824,86
301067.SZ,显盈科技,元器件,电子,33.7,-1.7206,-0.132,1393.4236,93
301068.SZ,大地海洋,环境保护,环保,38.07,4.2157,-2.1027,265.337,1
301069.SZ,凯盛新材,化工原料,基础化工,22.02,-0.5869,1.8586,71.7885,33
301070.SZ,开勒股份,机械基件,机械设备,98.72,-1.7222,2.7623,1393.4236,33
301071.SZ,力量钻石,矿物制品,基础化工,50.64,0.7962,0.8744,187.706,33
301072.SZ,中捷精工,汽车配件,汽车,22.6,-3.2948,-3.6202,37.8809,51
301073.SZ,君亭酒店,酒店餐饮,社会服务,25.55,-1.4275,1.027,295.9074,33
301075.SZ,多瑞医药,化学制药,医药生物,75.0,-2.2547,-12.5197,38.1539,15
301076.SZ,新瀚新材,化工原料,基础化工,38.15,-3.4422,5.707,100.1588,1
301077.SZ,星华新材,化工原料,基础化工,32.16,0.6258,10.8498,42.1634,59
301078.SZ,孩子王,其他商业,商贸零售,8.85,0.0,7.2287,37.4997,19
301079.SZ,邵阳液压,机械基件,机械设备,43.7,-3.3827,0.5166,57.75575,15
301080.SZ,百普赛斯,生物制药,医药生物,46.2,-3.75,1.7261,45.1024,68
301081.SZ,严牌股份,环境保护,环保,15.42,-4.5201,1.325,245.2949,93
301082.SZ,久盛电气,电气设备,电力设备,12.9,-2.7882,-0.6573,103.2111,95
301083.SZ,百胜智能,专用机械,机械设备,16.33,-4.5587,3.677,95.2322,33
301085.SZ,亚康股份,软件服务,计算机,69.29,-3.4958,0.2517,92.9079,24
301086.SZ,鸿富瀚,元器件,电子,189.96,0.0632,5.2114,168.4972,77
301087.SZ,可孚医疗,医疗保健,医药生物,53.55,-3.7217,7.691,30.1027,94
301088.SZ,戎美股份,服饰,纺织服饰,14.49,0.1382,1.7056,39.2846,34
301089.SZ,拓新药业,化学制药,医药生物,26.81,-2.5445,-4.5879,38.1539,6
301090.SZ,华润材料,化工原料,基础化工,8.59,0.7034,-1.3356,44.2648,61
301091.SZ,深城交,建筑工程,建筑装饰,23.01,-0.3465,1.8317,135.4215,1
301092.SZ,争光股份,化工原料,基础化工,33.92,-5.489,4.1344,43.5766,94
301093.SZ,华兰股份,医疗保健,医药生物,77.97,-4.8682,2.4127,252.7627,91
301095.SZ,广立微,半导体,计算机,84.1,-6.086,2.8034,189.9202,14
301096.SZ,百诚医药,医疗保健,医药生物,57.19,-0.8323,0.2371,38.1539,95
301097.SZ,天益医疗,医疗保健,医药生物,58.94,-1.273,0.8221,38.1539,57
301098.SZ,金埔园林,建筑工程,建筑装饰,8.67,-0.8009,-20.0011,40.5447,80
301099.SZ,雅创电子,元器件,电子,54.22,-3.144,9.7246,42.9169,43
301100.SZ,风光股份,化工原料,基础化工,18.33,-2.5518,-1.9775,44.2648,74
301101.SZ,明月镜片,文教休闲,轻工制造,36.06,2.9403,3.1356,35.9873,76
301102.SZ,兆讯传媒,广告包装,传媒,10.74,-0.1859,1.1057,104.1711,2
301103.SZ,何氏眼科,医疗保健,医药生物,19.04,-0.2096,2.8709,283.2721,5
301105.SZ,鸿铭股份,专用机械,机械设备,56.81,-0.6123,-1.1247,57.75575,95
301106.SZ,骏成科技,元器件,电子,33.05,1.9118,6.2881,35.1011,2
301107.SZ,瑜欣电子,机械基件,机械设备,27.92,-2.548,7.8112,35.2237,57
301108.SZ,洁雅股份,日用化工,美容护理,27.76,-2.6307,4.1667,40.437,69
301109.SZ,军信股份,环境保护,环保,16.52,7.3424,2.8402,17.076,24
301110.SZ,青木科技,互联网,商贸零售,73.51,4.9993,5.5422,69.4652,69
301111.SZ,粤万年青,中成药,医药生物,18.9,-2.7778,-1.0749,38.1539,95
301112.SZ,信邦智能,专用机械,机械设备,33.22,-4.0439,0.2967,57.75575,5
301113.SZ,雅艺科技,家居用品,轻工制造,24.54,-2.5804,-0.3814,892.913,12
301115.SZ,联检科技,建筑工程,社会服务,20.77,0.0482,1.3679,124.7018,5
301116.SZ,益客食品,食品,农林牧渔,10.34,0.0968,-17.8039,43.06775,12
301117.SZ,佳缘科技,软件服务,计算机,44.89,-3.5661,-0.7302,293.8242,21
301118.SZ,恒光股份,化工原料,基础化工,25.19,-1.0216,-0.1237,44.2648,1
301119.SZ,正强股份,汽车配件,汽车,42.33,-4.7908,10.9098,39.0506,59
301120.SZ,新特电气,电气设备,电力设备,23.32,-2.7523,2.4702,59.1951,61
301121.SZ,紫建电子,电气设备,电力设备,36.93,-2.5337,0.7292,95.1111,1
301122.SZ,采纳股份,医疗保健,医药生物,31.27,-1.0443,0.4584,982.2614,20
301123.SZ,奕东电子,元器件,电子,67.81,2.2775,0.9978,85.9251,74
301125.SZ,腾亚精工,机械基件,机械设备,24.27,-2.1371,0.2231,559.923,20
301126.SZ,达嘉维康,医药商业,医药生物,11.13,-1.0667,0.2911,38.1539,51
301127.SZ,武汉天源,环境保护,环保,15.21,-3.6122,4.2001,36.1401,33
301128.SZ,强瑞技术,专用机械,机械设备,181.5,-3.2,15.8374,132.5414,69
301129.SZ,瑞纳智能,电器仪表,机械设备,26.53,-3.7722,-1.1707,33.1482,102
301130.SZ,西点药业,化学制药,医药生物,29.68,-1.8519,3.6375,57.6986,102
301131.SZ,聚赛龙,塑料,基础化工,41.82,-2.631,4.2984,45.8774,102
301132.SZ,满坤科技,元器件,电子,40.72,-5.0373,5.6921,44.0601,102
301133.SZ,金钟股份,汽车配件,汽车,46.29,-1.9072,2.3162,124.0418,86
301135.SZ,瑞德智能,元器件,家用电器,27.91,-1.7599,1.8654,71.3102,91
301136.SZ,招标股份,建筑工程,建筑装饰,15.68,-1.8773,0.4936,1393.4236,80
301137.SZ,哈焊华通,机械基件,机械设备,43.81,-2.0787,0.4902,208.6271,69
301138.SZ,华研精机,专用机械,机械设备,35.86,-10.4843,0.9115,45.5773,2
301139.SZ,元道通信,通信设备,通信,17.26,-2.3756,0.906,157.9182,95
301141.SZ,中科磁业,矿物制品,有色金属,52.5,-4.5455,2.6572,164.6942,63
301148.SZ,嘉戎技术,环境保护,环保,69.7,5.6061,2.9178,158.6101,78
301149.SZ,隆华新材,化工原料,基础化工,13.01,0.931,5.0691,41.4381,2
301150.SZ,中一科技,电气设备,电力设备,56.33,-13.3918,1.0943,571.8962,5
301151.SZ,冠龙节能,机械基件,机械设备,18.49,-1.4917,1.3342,38.6177,80
301152.SZ,天力锂能,小金属,电力设备,29.88,-1.6782,-6.4323,59.1951,80
301153.SZ,中科江南,软件服务,计算机,23.74,-3.6135,5.6016,83.7067,15
301155.SZ,海力风电,电气设备,电力设备,64.4,-1.0144,6.2142,42.95,2
301156.SZ,美农生物,饲料,基础化工,18.87,-0.6842,5.5628,45.112,21
301157.SZ,华塑科技,电气设备,电力设备,74.36,-3.6538,1.7458,127.522,21
301158.SZ,德石股份,专用机械,机械设备,24.23,2.9749,8.5981,34.9365,21
301159.SZ,三维天地,软件服务,计算机,39.65,-2.7948,-12.089,92.9079,87
301160.SZ,翔楼新材,机械基件,钢铁,57.32,-2.7651,12.0354,31.2605,20
301161.SZ,唯万密封,工程机械,机械设备,30.85,-3.2005,7.3461,51.0008,5
301162.SZ,国能日新,软件服务,计算机,71.19,2.2845,9.5032,72.4638,80
301163.SZ,宏德股份,电气设备,电力设备,29.92,-6.2363,3.6161,59.1881,19
301165.SZ,锐捷网络,通信设备,通信,92.3,-3.5931,2.4288,103.1188,27
301166.SZ,优宁维,医药商业,医药生物,30.16,-1.5987,-0.7366,38.1539,20
301167.SZ,建研设计,建筑工程,建筑装饰,16.53,-1.1955,2.3014,85.3393,13
301168.SZ,通灵股份,电气设备,电力设备,42.72,-2.1978,2.0881,113.226,91
301169.SZ,零点有数,文教休闲,社会服务,65.92,1.1353,-11.6652,44.811447,14
301170.SZ,锡南科技,汽车配件,汽车,28.57,-2.9222,4.6014,25.4316,69
301171.SZ,易点天下,互联网,传媒,47.6,-2.3389,4.3476,142.0674,33
301172.SZ,君逸数码,软件服务,计算机,32.06,0.3757,1.1735,167.6094,80
301173.SZ,毓恬冠佳,汽车配件,汽车,42.06,-5.2489,1.1704,21.6237,2
301175.SZ,中科环保,环境保护,环保,6.21,-3.4215,10.4794,23.9424,2
301176.SZ,逸豪新材,元器件,电子,28.64,-3.9249,-1.266,85.9251,87
301177.SZ,迪阿股份,服饰,纺织服饰,28.95,-1.5641,1.6338,85.5945,69
301178.SZ,天亿马,软件服务,计算机,54.23,-3.7793,0.9757,484.0607,7
301179.SZ,泽宇智能,软件服务,电力设备,26.02,-5.2785,2.4,70.4055,5
301180.SZ,万祥科技,元器件,电子,17.81,-8.5259,0.737,85.9251,96
301181.SZ,标榜股份,汽车配件,汽车,47.26,-3.3735,8.2001,45.9845,5
301182.SZ,凯旺科技,元器件,计算机,65.99,-1.4928,-6.4362,92.9079,5
301183.SZ,东田微,元器件,电子,189.99,-11.2487,8.9464,159.0157,68
301185.SZ,鸥玛软件,软件服务,计算机,18.54,-1.8008,4.1552,39.0993,33
301186.SZ,超达装备,专用机械,汽车,73.78,-5.386,7.2348,45.6084,12
301187.SZ,欧圣电气,家用电器,家用电器,20.39,0.4433,8.6735,26.084,89
301188.SZ,力诺药包,玻璃,医药生物,26.56,-3.1364,2.3208,177.0288,7
301189.SZ,奥尼电子,IT设备,电子,80.88,-4.8583,-4.2096,85.9251,43
301190.SZ,善水科技,染料涂料,基础化工,23.66,4.5515,4.3366,72.6875,1
301191.SZ,菲菱科思,通信设备,通信,150.16,-4.2469,2.762,174.0331,33
301192.SZ,泰祥股份,汽车配件,汽车,25.74,-5.7833,1.4864,46.7284,1
301193.SZ,家联科技,家居用品,轻工制造,21.98,2.9026,-4.3867,38.3958,100
301195.SZ,北路智控,软件服务,计算机,32.4,-0.7657,4.3718,25.8403,91
301196.SZ,唯科科技,专用机械,基础化工,121.0,-3.0526,6.9111,57.2216,2
301197.SZ,工大科雅,软件服务,机械设备,28.3,-2.0761,-1.6241,82.837,5
301198.SZ,喜悦智行,塑料,轻工制造,16.52,-1.0186,-0.5082,38.3958,80
301199.SZ,迈赫股份,专用机械,机械设备,22.24,-2.1127,5.2269,35.3208,14
301200.SZ,大族数控,专用机械,机械设备,191.1,-3.6406,3.7394,89.6751,47
301201.SZ,诚达药业,生物制药,医药生物,39.97,-1.5517,0.7852,38.1539,27
301202.SZ,朗威股份,机械基件,通信,41.42,-2.587,4.6446,61.673,15
301203.SZ,国泰环保,环境保护,环保,44.1,0.777,6.8351,27.3754,77
301205.SZ,联特科技,通信设备,通信,270.23,-8.085,5.2821,311.6726,19
301206.SZ,三元生物,食品,基础化工,25.99,-0.6119,1.5307,57.5682,90
301207.SZ,华兰疫苗,生物制药,医药生物,19.15,-1.9959,3.1222,62.922,34
301208.SZ,中亦科技,软件服务,计算机,34.17,-2.4272,2.1048,63.1566,33
301209.SZ,联合化学,染料涂料,基础化工,94.79,-1.6701,6.3553,177.6391,33
301210.SZ,金杨精密,电气设备,电力设备,35.15,-3.4075,1.8369,75.5456,5
301211.SZ,亨迪药业,化学制药,医药生物,11.44,-3.0508,0.4047,141.3308,27
301212.SZ,联盛化学,化工原料,基础化工,28.23,2.7293,0.9262,188.7776,95
301213.SZ,观想科技,软件服务,国防军工,70.98,-1.7986,0.0973,92.1232,69
301215.SZ,中汽股份,汽车服务,汽车,6.26,-0.9494,5.5411,38.3808,80
301216.SZ,万凯新材,化工原料,基础化工,30.35,1.0656,1.3683,44.2648,27
301217.SZ,铜冠铜箔,元器件,电力设备,48.28,-6.2342,1.1631,638.866,90
301218.SZ,华是科技,软件服务,计算机,34.83,0.5195,-2.8694,92.9079,69
301219.SZ,腾远钴业,小金属,有色金属,81.25,-4.0392,5.5181,15.7707,93
301220.SZ,亚香股份,化工原料,基础化工,38.58,-2.9922,7.1519,33.0739,1
301221.SZ,光庭信息,软件服务,汽车,53.3,-1.5697,3.7419,65.9778,12
301222.SZ,浙江恒威,电气设备,电力设备,42.77,7.8961,4.295,41.3471,96
301223.SZ,中荣股份,广告包装,轻工制造,19.14,-1.2384,1.4222,23.5762,5
301225.SZ,恒勃股份,汽车配件,汽车,110.2,-3.0527,8.9744,83.5371,15
301226.SZ,祥明智能,电气设备,电力设备,38.63,-2.3755,2.1601,147.2433,12
301227.SZ,森鹰窗业,家居用品,轻工制造,32.21,-3.3603,-2.9095,38.3958,27
301228.SZ,实朴检测,电器仪表,社会服务,55.65,-2.6758,-10.2027,44.811447,80
301229.SZ,纽泰格,汽车配件,汽车,16.45,-10.7434,-0.7797,156.3559,21
301230.SZ,泓博医药,生物制药,医药生物,42.78,-2.3733,3.3756,163.2046,27
301231.SZ,荣信文化,出版业,传媒,30.99,-2.0544,-0.5967,46.5064,91
301232.SZ,飞沃科技,机械基件,电力设备,223.43,-3.7562,2.7157,444.3929,95
301233.SZ,盛帮股份,汽车配件,汽车,54.49,-1.1071,7.1653,32.193,59
301234.SZ,五洲医疗,医疗保健,医药生物,40.04,-1.9349,2.4802,127.7701,95
301235.SZ,华康洁净,医疗保健,医药生物,53.5,-8.9981,3.364,53.2262,69
301236.SZ,软通动力,软件服务,计算机,42.55,-0.7696,0.9445,216.6395,95
301237.SZ,和顺科技,塑料,基础化工,71.87,4.2652,0.1021,44.2648,59
301238.SZ,瑞泰新材,化工原料,电力设备,20.89,-2.3375,1.64,289.3891,33
301239.SZ,普瑞眼科,医疗保健,医药生物,39.44,2.4416,0.7738,38.1539,14
301246.SZ,宏源药业,化学制药,医药生物,23.65,-1.0874,-0.0253,665.1476,33
301248.SZ,杰创智能,软件服务,计算机,63.1,-0.5516,1.5214,1393.4236,33
301251.SZ,威尔高,元器件,电子,64.3,-5.4273,4.5462,110.283,91
301252.SZ,同星科技,机械基件,家用电器,36.99,-2.8114,7.0432,54.6425,7
301255.SZ,通力科技,机械基件,机械设备,29.13,-1.0866,3.1714,107.0206,95
301256.SZ,华融化学,化工原料,基础化工,14.11,0.3556,1.0008,92.1961,32
301257.SZ,普蕊斯,医疗保健,医药生物,56.21,-1.7136,7.2045,36.5363,74
301258.SZ,富士莱,化学制药,医药生物,28.5,-11.3806,-0.1485,69.5025,91
301259.SZ,艾布鲁,环境保护,环保,38.23,-0.5722,-0.8902,35.3022,30
301260.SZ,格力博,专用机械,机械设备,15.27,-1.6742,-2.0128,57.75575,5
301261.SZ,恒工精密,机械基件,机械设备,74.71,-3.3756,5.0674,126.987,20
301262.SZ,海看股份,影视音像,传媒,23.69,-1.3739,8.4529,25.3157,77
301263.SZ,泰恩康,医药商业,医药生物,28.77,-3.0007,1.794,525.6211,21
301265.SZ,华新科技,环境保护,环保,26.21,-1.8352,1.5331,97.3647,93
301266.SZ,宇邦新材,电气设备,电力设备,41.8,-1.0182,2.8652,157.5373,1
301267.SZ,华厦眼科,医疗保健,医药生物,17.67,1.9619,7.3543,33.6247,12
301268.SZ,铭利达,机械基件,机械设备,21.6,-3.4421,-2.0023,57.75575,12
301269.SZ,华大九天,半导体,计算机,86.78,-0.4817,0.1776,788.9678,27
301270.SZ,汉仪股份,软件服务,计算机,34.0,-2.9126,0.9102,229.3857,33
301272.SZ,英华特,专用机械,机械设备,42.3,-3.2037,1.9638,62.5603,5
301273.SZ,瑞晨环保,机械基件,机械设备,32.01,1.458,-4.1205,57.75575,52
301275.SZ,汉朔科技,元器件,电子,41.04,-1.5591,9.3635,34.9393,34
301276.SZ,嘉曼服饰,服饰,纺织服饰,26.75,0.6775,3.2327,25.7059,80
301277.SZ,新天地,化学制药,医药生物,11.45,-2.387,7.8388,37.0258,94
301278.SZ,快可电子,电气设备,电力设备,40.51,-7.9318,1.4852,121.2184,20
301279.SZ,金道科技,工程机械,机械设备,28.76,-3.2627,1.1153,57.3201,21
301280.SZ,珠城科技,元器件,家用电器,61.4,-2.3847,11.2213,40.1875,33
301281.SZ,科源制药,化学制药,医药生物,39.19,-0.4319,1.2197,256.3818,74
301282.SZ,金禄电子,元器件,电子,44.43,-6.4632,5.3277,74.2853,12
301283.SZ,聚胶股份,日用化工,基础化工,48.92,-1.8262,11.9803,20.5758,30
301285.SZ,鸿日达,元器件,电子,106.14,-0.4315,-6.7659,85.9251,80
301286.SZ,侨源股份,化工原料,基础化工,47.92,-1.2773,12.5051,82.5001,13
301287.SZ,康力源,文教休闲,轻工制造,40.49,-2.4102,5.9917,45.4711,20
301289.SZ,国缆检测,电器仪表,社会服务,57.16,-0.3139,6.7206,51.081,90
301290.SZ,东星医疗,医疗保健,医药生物,29.05,2.8319,-2.4299,38.1539,91
301291.SZ,明阳电气,电气设备,电力设备,56.31,-0.195,9.7566,25.3178,12
301292.SZ,海科新源,化工原料,电力设备,83.76,-14.6438,7.3034,584.0791,1
301293.SZ,三博脑科,医疗保健,医药生物,67.15,-2.9203,3.6279,164.3095,93
301295.SZ,美硕科技,电气设备,电力设备,46.25,-2.0542,2.143,222.6557,91
301296.SZ,新巨丰,广告包装,轻工制造,7.81,-0.8883,2.538,26.2374,23
301297.SZ,富乐德,半导体,电子,41.43,-2.2877,6.2144,128.1545,5
301298.SZ,东利机械,汽车配件,汽车,16.17,-1.7618,7.2584,35.1343,95
301299.SZ,卓创资讯,互联网,传媒,63.39,-1.1693,10.9846,58.3088,1
301300.SZ,远翔新材,化工原料,基础化工,45.2,-1.2885,8.0549,36.6334,22
301301.SZ,川宁生物,化学制药,医药生物,9.86,-2.4728,1.3606,37.1733,1
301302.SZ,华如科技,软件服务,国防军工,25.02,7.6129,-1.1232,92.1232,19
301303.SZ,真兰仪表,电器仪表,机械设备,15.98,-5.7783,10.2363,20.0273,22
301305.SZ,朗坤科技,环境保护,环保,28.39,1.1761,6.79,25.2332,86
301306.SZ,西测测试,航空,国防军工,168.8,-2.8321,-10.9693,92.1232,59
301307.SZ,美利信,通信设备,通信,41.77,-2.7247,-7.2357,114.6508,33
301308.SZ,江波龙,半导体,电子,358.19,-6.4143,10.1843,229.4311,69
301309.SZ,万得凯,机械基件,机械设备,33.92,-3.2516,5.2687,28.9068,12
301310.SZ,鑫宏业,汽车配件,汽车,63.46,-3.4388,5.7567,65.3121,15
301311.SZ,昆船智能,机械基件,机械设备,16.75,-0.2976,-2.2879,57.75575,80
301312.SZ,智立方,专用机械,机械设备,117.01,-6.5714,5.7728,166.7037,13
301313.SZ,凡拓数创,文教休闲,传媒,35.65,0.7347,-12.6007,46.5064,33
301314.SZ,科瑞思,元器件,通信,50.66,-2.3328,0.9974,187.5483,6
301315.SZ,威士顿,软件服务,计算机,51.17,1.6286,0.8957,139.0906,21
301316.SZ,慧博云通,软件服务,计算机,48.58,-0.6544,7.0436,193.3675,53
301317.SZ,鑫磊股份,机械基件,机械设备,60.08,0.7547,28.49996,23.8433,5
301318.SZ,维海德,IT设备,计算机,27.14,0.0369,4.6342,30.0811,13
301319.SZ,唯特偶,元器件,电子,78.21,8.0398,6.7741,112.2183,5
301320.SZ,豪江智能,电气设备,机械设备,17.03,-1.6744,1.7188,149.0544,52
301321.SZ,翰博高新,元器件,电子,23.69,-3.2271,-0.8727,85.9251,61
301322.SZ,绿通科技,摩托车,汽车,36.42,-1.541,2.4698,59.401,52
301323.SZ,新莱福,橡胶,有色金属,68.6,-1.2523,4.9112,50.7082,22
301325.SZ,曼恩斯特,专用机械,电力设备,45.08,-2.2338,-1.2388,59.1951,14
301326.SZ,捷邦科技,元器件,电子,159.06,-1.8451,-0.9826,85.9251,87
301327.SZ,华宝新能,电气设备,电力设备,64.29,-1.0771,2.2972,50.361,57
301328.SZ,维峰电子,元器件,电子,62.75,-1.2278,4.239,69.6296,51
301329.SZ,信音电子,元器件,电子,23.26,-2.2689,3.9427,64.2241,74
301330.SZ,熵基科技,IT设备,计算机,36.81,7.6631,6.2856,40.3487,1
301331.SZ,恩威医药,中成药,医药生物,26.24,-1.7596,3.417,51.8607,33
301332.SZ,德尔玛,家用电器,家用电器,9.27,-0.6431,3.0651,33.6535,69
301333.SZ,诺思格,医疗保健,医药生物,67.1,-2.3574,7.2039,47.3384,2
301335.SZ,天元宠物,文教休闲,轻工制造,25.41,-1.2053,3.1068,54.8031,19
301336.SZ,趣睡科技,家居用品,轻工制造,51.81,-1.8378,2.6358,65.723,91
301337.SZ,亚华电子,软件服务,计算机,27.35,-2.3563,-0.5291,92.9079,2
301338.SZ,凯格精机,专用机械,机械设备,180.61,-6.2643,7.9994,130.0766,34
301339.SZ,通行宝,IT设备,计算机,13.12,-1.3534,1.8956,33.6659,61
301345.SZ,涛涛车业,摩托车,汽车,283.57,1.275,24.005,37.8809,15
301348.SZ,蓝箭电子,半导体,电子,23.69,-3.3061,-1.758,85.9251,27
301349.SZ,信德新材,化工原料,电力设备,61.84,-3.1935,1.4264,163.3322,69
301353.SZ,普莱得,专用机械,机械设备,27.71,-2.0502,4.8083,39.3725,19
301355.SZ,南王科技,广告包装,轻工制造,12.21,-1.7699,0.5185,340.4155,14
301356.SZ,天振股份,家居用品,轻工制造,20.55,-2.2825,2.8659,49.1083,102
301357.SZ,北方长龙,专用机械,国防军工,113.89,-1.9542,0.9972,1003.8972,69
301358.SZ,湖南裕能,电气设备,电力设备,86.28,1.7573,10.4307,56.9718,21
301359.SZ,东南电子,元器件,电子,21.59,-1.9973,4.7265,64.1548,12
301360.SZ,荣旗科技,专用机械,机械设备,79.68,-1.7509,-0.0461,86.105,12
301361.SZ,众智科技,电气设备,电力设备,36.34,-3.4281,8.1289,43.8213,27
301362.SZ,民爆光电,电气设备,家用电器,150.49,-2.4945,5.9578,81.3455,12
301363.SZ,美好医疗,医疗保健,医药生物,26.4,-2.9412,7.8491,52.1665,95
301365.SZ,矩阵股份,建筑工程,建筑装饰,35.12,1.5322,3.9335,109.3148,93
301366.SZ,一博科技,元器件,电子,37.43,-1.3182,1.3468,268.6982,22
301367.SZ,瑞迈特,医疗保健,医药生物,72.27,1.9611,7.7026,28.696,51
301368.SZ,丰立智能,机械基件,机械设备,48.0,-2.6369,-2.7259,57.75575,22
301369.SZ,联动科技,半导体,电子,167.29,-1.513,2.2351,351.8838,40
301370.SZ,国科恒泰,医药商业,医药生物,10.15,-1.2646,2.7033,48.6156,93
301371.SZ,敷尔佳,日用化工,美容护理,26.43,5.7623,2.9677,26.8042,95
301372.SZ,科净源,环境保护,环保,32.26,1.0019,2.0449,35.3022,5
301373.SZ,凌玮科技,化工原料,基础化工,106.21,7.2612,8.4161,83.9435,21
301376.SZ,致欧科技,家居用品,轻工制造,16.5,-0.6024,8.1889,20.2595,21
301377.SZ,鼎泰高科,机械基件,机械设备,223.35,-5.6361,9.3902,147.3131,20
301378.SZ,通达海,软件服务,计算机,31.0,-1.0533,-3.7922,92.9079,5
301379.SZ,天山电子,元器件,电子,25.6,-6.2958,7.9981,32.2717,95
301380.SZ,挖金客,软件服务,通信,33.26,-2.1477,5.855,78.3795,12
301381.SZ,赛维时代,互联网,商贸零售,21.52,-1.1938,8.1892,38.0079,41
301382.SZ,蜂助手,互联网,通信,40.68,-6.8255,7.4392,65.8167,51
301383.SZ,天键股份,元器件,电子,28.31,-2.2107,-0.4638,133.8022,11
301386.SZ,未来电器,电气设备,电力设备,25.93,-1.6686,4.812,37.4462,74
301387.SZ,光大同创,元器件,电子,62.48,-4.6544,1.1127,368.1387,27
301388.SZ,欣灵电气,电气设备,电力设备,31.68,-0.5962,2.171,153.4056,89
301389.SZ,隆扬电子,元器件,电子,59.81,-5.4387,3.6783,163.6203,30
301390.SZ,经纬股份,建筑工程,建筑装饰,35.15,-1.6783,1.6384,85.428,21
301391.SZ,卡莱特,IT设备,计算机,72.1,-5.393,0.6305,325.7654,40
301392.SZ,汇成真空,专用机械,机械设备,162.43,-0.9935,3.0333,729.9165,59
301393.SZ,昊帆生物,化工原料,医药生物,61.22,-1.1145,4.962,57.6687,27
301395.SZ,仁信新材,化工原料,基础化工,12.4,-0.4815,2.0612,57.5585,12
301396.SZ,宏景科技,软件服务,计算机,333.33,2.7908,8.6578,816.8986,34
301397.SZ,溯联股份,汽车配件,汽车,37.23,-2.5393,5.1861,50.268,2
301398.SZ,星源卓镁,汽车配件,汽车,45.57,-2.9806,4.0455,73.6217,21
301399.SZ,英特科技,机械基件,机械设备,22.56,-4.2445,2.4457,186.8737,22
301408.SZ,华人健康,医药商业,医药生物,20.94,4.1791,7.6428,44.9135,43
301413.SZ,安培龙,电器仪表,机械设备,115.71,-3.9352,5.9532,121.9464,74
301418.SZ,协昌科技,电气设备,机械设备,39.63,-1.9787,1.0236,186.0468,5
301419.SZ,阿莱德,通信设备,通信,42.57,-6.5217,6.6655,80.3258,80
301421.SZ,波长光电,元器件,电子,96.4,-3.6,2.9863,314.6521,27
301428.SZ,世纪恒通,互联网,通信,33.33,-1.9706,3.795,74.9374,93
301429.SZ,森泰股份,其他建材,建筑材料,19.43,-1.7695,3.2074,44.3649,95
301439.SZ,泓淋电力,电气设备,电力设备,15.77,-2.4134,4.8906,30.5151,13
301446.SZ,福事特,机械基件,机械设备,38.73,-3.4165,6.5768,52.7554,33
301448.SZ,开创电气,机械基件,机械设备,38.75,-1.7246,-1.5137,789.5007,20
301449.SZ,天溯计量,电器仪表,社会服务,79.17,-3.4512,10.1378,50.0569,1
301456.SZ,盘古智能,电气设备,电力设备,29.78,-1.2927,2.8049,66.3061,27
301458.SZ,钧崴电子,元器件,电子,39.71,-5.2719,9.9804,80.7178,23
301459.SZ,丰茂股份,汽车配件,基础化工,36.92,-3.8542,6.9469,29.7744,27
301468.SZ,博盈特焊,专用机械,机械设备,55.18,-0.0724,1.8044,160.265,30
301469.SZ,恒达新材,造纸,轻工制造,36.04,-0.0277,1.7821,35.011,96
301479.SZ,弘景光电,元器件,电子,110.65,-0.8779,1.9698,53.5918,12
301486.SZ,致尚科技,元器件,电子,205.45,-3.7975,3.7383,281.0015,95
301487.SZ,盟固利,化工原料,电力设备,22.94,-2.4245,1.4369,387.7168,5
301488.SZ,豪恩汽电,汽车配件,汽车,132.9,-1.5628,1.1366,169.4431,19
301489.SZ,思泉新材,元器件,电子,208.99,-4.6926,5.9964,227.3416,33
301491.SZ,汉桑科技,IT设备,电子,48.61,-1.5593,1.3456,29.1594,89
301498.SZ,乖宝宠物,饲料,农林牧渔,57.0,-1.9439,2.6313,38.527,61
301499.SZ,维科精密,汽车配件,汽车,34.77,-2.714,2.744,90.8063,23
301500.SZ,飞南资源,环境保护,环保,25.3,1.6472,6.1844,49.4933,33
301501.SZ,恒鑫生活,造纸,轻工制造,37.93,0.0264,19.7207,23.1075,12
301502.SZ,华阳智能,电气设备,电力设备,47.81,-1.1169,2.9681,82.5791,24
301503.SZ,智迪科技,IT设备,计算机,35.51,-2.4182,7.2311,22.7997,22
301505.SZ,苏州规划,建筑工程,建筑装饰,23.09,-5.0576,2.2527,119.3477,33
301507.SZ,民生健康,化学制药,医药生物,14.08,-1.5385,7.2631,41.8106,91
301508.SZ,中机认检,电器仪表,社会服务,29.7,-0.6024,7.6234,44.2883,69
301509.SZ,金凯生科,化学制药,医药生物,41.84,-4.0587,4.752,49.047,80
301510.SZ,固高科技,电器仪表,机械设备,32.48,2.5253,3.2064,197.9619,12
301511.SZ,德福科技,电气设备,电力设备,63.38,-1.3848,1.6536,1393.4236,76
301512.SZ,智信精密,专用机械,机械设备,47.73,-3.1256,-3.9855,68.5094,21
301513.SZ,,,电力设备,85.92,-9.281,24.6646,53.4944,53
301515.SZ,港通医疗,医疗保健,医药生物,22.58,-2.2087,-0.8157,38.1539,91
301516.SZ,中远通,电气设备,电力设备,19.27,-1.533,-3.1736,59.1951,27
301517.SZ,陕西华达,元器件,国防军工,70.02,-3.2205,-1.0603,92.1232,20
301518.SZ,长华化学,化工原料,基础化工,42.24,-2.7848,5.2608,60.9396,95
301519.SZ,舜禹股份,专用机械,环保,14.34,-0.4858,-1.3306,35.3022,7
301520.SZ,万邦医药,生物制药,医药生物,40.94,-6.2085,-0.0173,112.2103,5
301522.SZ,上大股份,小金属,有色金属,31.98,0.1252,4.0836,104.8342,5
301525.SZ,儒竞科技,家用电器,机械设备,74.04,-2.8346,4.1697,45.4857,34
301526.SZ,国际复材,玻璃,建筑材料,14.99,7.148,3.363,207.4549,40
301528.SZ,多浦乐,电器仪表,机械设备,67.8,-8.0304,-0.0237,69.8201,80
301529.SZ,福赛科技,汽车配件,汽车,119.21,-0.4759,10.072,76.1756,13
301533.SZ,威马农机,农用机械,机械设备,31.8,-1.6089,3.1891,56.0631,96
301535.SZ,浙江华远,汽车配件,汽车,19.33,-3.8308,7.8175,65.6477,5
301536.SZ,星宸科技,半导体,电子,83.33,0.0,9.9385,113.9598,5
301538.SZ,骏鼎达,塑料,基础化工,79.35,-4.9359,14.454,31.8868,19
301539.SZ,宏鑫科技,汽车配件,汽车,19.14,-2.4465,5.4778,46.3527,93
301548.SZ,崇德科技,机械基件,机械设备,84.03,-1.3501,6.8058,55.2919,95
301550.SZ,斯菱智驱,汽车配件,汽车,151.54,-4.9131,9.6689,203.0537,93
301551.SZ,无线传媒,影视音像,传媒,29.27,-0.914,10.6463,46.0605,95
301552.SZ,科力装备,汽车配件,汽车,42.48,-3.9566,13.3345,26.052,90
301555.SZ,惠柏新材,化工原料,基础化工,36.11,-3.6553,5.52,45.1854,27
301556.SZ,托普云农,软件服务,计算机,90.42,-0.6592,9.4512,55.8117,27
301557.SZ,常友科技,电气设备,电力设备,107.46,0.9867,6.5169,52.2999,1
301558.SZ,三态股份,互联网,商贸零售,8.29,0.3632,2.378,1393.4236,69
301559.SZ,中集环科,专用机械,机械设备,16.7,-1.0077,2.4314,88.8926,21
301560.SZ,众捷汽车,汽车配件,汽车,39.43,1.4146,16.0712,53.886,89
301563.SZ,云汉芯城,元器件,电子,163.72,-2.4315,10.0684,81.9929,38
301565.SZ,中仑新材,塑料,基础化工,21.14,-2.2654,2.8102,130.6371,95
301566.SZ,达利凯普,元器件,电子,24.0,-4.3062,9.0631,63.2116,51
301567.SZ,贝隆精密,元器件,电子,41.28,-4.5108,2.3659,100.6984,80
301568.SZ,思泰克,专用机械,机械设备,54.76,-3.9467,10.9424,50.5936,89
301571.SZ,国科天成,元器件,国防军工,70.22,-5.4403,6.6385,61.869,12
301575.SZ,艾芬达,家居用品,轻工制造,45.27,0.6671,9.1643,30.6391,1
301577.SZ,美信科技,元器件,通信,65.35,-4.3332,1.4929,103.115,5
301578.SZ,辰奕智能,IT设备,家用电器,32.96,-1.8171,2.2983,74.7777,96
301580.SZ,爱迪特,医疗保健,医药生物,78.03,-1.4773,6.9496,45.9589,20
301581.SZ,黄山谷捷,半导体,汽车,45.31,-1.7137,5.4488,88.5861,33
301584.SZ,建发致新,医药商业,医药生物,27.12,-0.9134,3.2674,40.0053,33
301585.SZ,蓝宇股份,染料涂料,基础化工,28.48,-1.385,4.9599,44.9456,19
301586.SZ,佳力奇,航空,国防军工,42.54,-2.364,3.3607,54.9165,22
301587.SZ,中瑞股份,电气设备,电力设备,27.62,-2.8833,1.2499,88.22,23
301588.SZ,美新科技,家居用品,轻工制造,26.75,12.2535,3.0538,69.9531,69
301589.SZ,诺瓦星云,IT设备,计算机,169.5,-3.2258,11.8894,27.1249,89
301590.SZ,优优绿能,电气设备,电力设备,185.72,-1.1234,7.2531,72.8406,1
301591.SZ,肯特股份,塑料,基础化工,40.94,-2.5238,6.6708,47.9005,91
301592.SZ,六九一二,软件服务,国防军工,126.8,-0.2674,-2.466,140.4628,69
301595.SZ,太力科技,橡胶,轻工制造,45.4,-4.6819,1.2058,92.8294,27
301596.SZ,瑞迪智驱,机械基件,机械设备,67.29,-8.3991,12.3064,51.0702,5
301598.SZ,博科测试,专用机械,机械设备,62.23,-3.3996,12.2265,29.5096,87
301600.SZ,慧翰股份,通信设备,计算机,107.1,-3.0067,10.6365,63.4336,5
301601.SZ,惠通科技,专用机械,机械设备,23.73,0.4232,2.049,79.932,5
301602.SZ,超研股份,医疗保健,医药生物,18.93,-1.9679,8.1892,57.0201,34
301603.SZ,乔锋智能,机床制造,机械设备,108.0,-0.5433,12.6049,38.0253,95
301606.SZ,绿联科技,元器件,电子,72.5,-2.027,22.4468,42.6926,41
301607.SZ,富特科技,汽车配件,汽车,53.35,-3.5437,12.8023,55.6388,15
301608.SZ,博实结,通信设备,计算机,90.07,-3.6788,11.2344,32.1226,96
301609.SZ,山大电力,电气设备,电力设备,46.21,-2.3664,15.294,56.6761,2
301611.SZ,珂玛科技,半导体,电子,106.7,-2.0022,15.0647,141.1042,11
301613.SZ,新铝时代,汽车配件,汽车,46.0,-2.3769,14.6962,28.7613,59
301616.SZ,浙江华业,机械基件,机械设备,48.68,-5.0332,16.6383,19.7859,51
301617.SZ,博苑股份,化工原料,基础化工,59.0,-2.7686,7.9343,45.1584,52
301618.SZ,长联科技,染料涂料,基础化工,48.69,-1.3774,3.6031,92.0616,15
301622.SZ,英思特,矿物制品,有色金属,56.54,-11.1425,-0.8085,84.1181,7
301626.SZ,苏州天脉,元器件,电子,264.99,0.9486,9.2798,163.4096,89
301628.SZ,强达电路,元器件,电子,110.67,-3.5051,10.7395,69.005,1
301629.SZ,矽电股份,半导体,电子,327.0,-5.2174,5.5318,441.2281,15
301630.SZ,同宇新材,化工原料,电子,214.1,-1.218,10.1811,67.271,13
301631.SZ,壹连科技,元器件,汽车,108.92,-4.7902,9.1329,36.7901,95
301632.SZ,广东建科,建筑工程,社会服务,20.8,-0.858,0.1262,65.0782,13
301633.SZ,港迪技术,专用机械,机械设备,62.22,-1.7062,4.7175,43.4527,5
301636.SZ,泽润新能,电气设备,电力设备,68.2,-3.6995,6.3505,51.4048,40
301638.SZ,南网数字,软件服务,计算机,28.46,1.6429,6.6008,143.6851,102
301656.SZ,联合动力,汽车配件,汽车,21.7,-0.55,14.75,45.1585,80
301658.SZ,首航新能,电气设备,电力设备,41.75,-0.8314,3.9282,110.8337,21
301662.SZ,宏工科技,专用机械,电力设备,155.73,-5.5609,2.391,99.0405,12
301665.SZ,泰禾股份,农药化肥,基础化工,26.31,-1.4607,11.2444,25.363,6
301666.SZ,,,电子,221.99,-1.2939,-53.86618,85.9251,95
301667.SZ,纳百川,汽车配件,汽车,115.69,3.7299,10.1189,133.6688,11
301668.SZ,昊创瑞通,电气设备,电力设备,49.54,-1.5501,14.5839,51.894,1
301678.SZ,新恒汇,半导体,电子,59.36,-2.5127,0.5149,167.8857,80
301680.SZ,固德电材,汽车配件,汽车,102.27,-2.2462,26.3286,47.2662,12
301682.SZ,宏明电子,元器件,国防军工,123.54,-2.2936,11.7861,47.1138,7
301683.SZ,慧谷新材,染料涂料,基础化工,131.53,0.8588,18.8269,40.1463,95
301687.SZ,新广益,化工原料,基础化工,57.86,-4.237,15.4992,65.3684,24
301696.SZ,C三瑞,电气设备,电力设备,94.58,-3.0247,28.49996,89.786,1
302132.SZ,中航成飞,航空,国防军工,68.84,-0.549,19.336,84.4485,59
600000.SH,浦发银行,银行,银行,9.54,-0.7284,6.4403,6.891524,7
600004.SH,白云机场,机场,交通运输,8.83,-0.451,5.8598,16.8108,69
600006.SH,东风股份,汽车整车,汽车,6.29,-2.0249,-5.9709,37.8809,96
600007.SH,中国国贸,园区开发,房地产,21.73,-0.912,12.3945,18.2054,61
600008.SH,首创环保,水务,环保,3.06,0.3279,5.76,12.6771,22
600009.SH,上海机场,机场,交通运输,27.22,-0.5844,3.9044,28.6231,52
600010.SH,包钢股份,普钢,钢铁,2.77,-4.4828,0.7188,335.7653,23
600011.SH,华能国际,火力发电,公用事业,6.99,0.2869,10.2968,7.6151,93
600012.SH,皖通高速,路桥,交通运输,16.18,2.3403,14.3659,14.7248,52
600015.SH,华夏银行,银行,银行,7.18,1.1268,7.1794,6.891524,13
600016.SH,民生银行,银行,银行,3.74,0.0,4.5873,6.891524,21
600017.SH,日照港,港口,交通运输,3.0,1.0101,3.5686,18.6497,22
600018.SH,上港集团,港口,交通运输,4.92,0.4082,9.8922,8.4439,12
600019.SH,宝钢股份,普钢,钢铁,6.38,0.4724,3.9325,14.7226,69
600020.SH,中原高速,路桥,交通运输,3.81,-0.2618,4.076,13.624,76
600021.SH,上海电力,火力发电,公用事业,17.88,-0.39,8.7642,18.228,102
600022.SH,山东钢铁,普钢,钢铁,1.47,-2.649,-1.153,28.3998,19
600023.SH,浙能电力,火力发电,公用事业,5.8,0.6944,8.3968,10.6787,33
600025.SH,华能水电,水力发电,公用事业,9.77,0.4111,9.7409,21.1394,15
600026.SH,中远海能,水运,交通运输,21.45,-2.0548,9.8145,29.0364,57
600027.SH,华电国际,火力发电,公用事业,4.89,1.875,8.8944,9.354,95
600028.SH,中国石化,石油加工,石油石化,5.45,0.1838,3.8551,20.7188,27
600029.SH,南方航空,空运,交通运输,5.62,-1.7483,2.4378,118.8329,24
600030.SH,中信证券,证券,非银金融,26.48,-0.8611,9.8121,11.6291,19
600031.SH,三一重工,工程机械,机械设备,19.6,-0.91,10.4914,21.4345,59
600032.SH,浙江新能,新型电力,公用事业,12.04,6.0793,4.8319,54.0164,69
600033.SH,福建高速,路桥,交通运输,3.64,-0.274,7.8816,10.5344,24
600035.SH,楚天高速,路桥,交通运输,3.8,-1.5544,6.1727,11.3327,91
600036.SH,招商银行,银行,银行,39.81,0.1761,12.0198,6.891524,77
600037.SH,歌华有线,影视音像,传媒,7.59,-0.2628,0.0135,307.8588,2
600038.SH,中直股份,航空,国防军工,33.71,-0.2072,3.856,42.3993,24
600039.SH,四川路桥,建筑工程,建筑装饰,10.04,0.2997,10.7309,11.2843,27
600048.SH,保利发展,全国地产,房地产,5.87,-1.0118,0.5313,67.9102,12
600050.SH,中国联通,电信运营,通信,4.5,0.0,1.2596,16.2498,27
600051.SH,宁波联合,综合类,综合,7.35,-1.0767,2.489,27.0771,15
600052.SH,东望时代,供气供热,公用事业,4.58,10.0962,2.5139,27.54705,26
600053.SH,九鼎投资,多元金融,非银金融,14.33,-0.7618,-1.9209,21.0477,80
600054.SH,黄山旅游,旅游景点,社会服务,12.17,0.0822,6.1994,30.3492,20
600055.SH,万东医疗,医疗保健,医药生物,14.71,-0.7422,-4.9399,38.1539,26
600056.SH,中国医药,医药商业,医药生物,10.43,-0.572,3.842,28.7286,103
600057.SH,厦门象屿,仓储物流,交通运输,7.38,-8.5502,6.0175,9.6944,24
600058.SH,五矿发展,商贸代理,商贸零售,11.21,-0.1781,0.2559,628.9901,52
600059.SH,古越龙山,红黄酒,食品饮料,9.0,0.4464,1.0547,36.4113,93
600060.SH,海信视像,家用电器,家用电器,24.34,2.6138,12.0182,12.9433,59
600061.SH,国投资本,证券,非银金融,6.62,-1.194,5.8737,12.9077,33
600062.SH,华润双鹤,化学制药,医药生物,18.05,-0.4413,14.9438,11.3825,61
600063.SH,皖维高新,化纤,基础化工,6.89,-1.9915,1.6159,31.5089,69
600064.SH,南京高科,园区开发,房地产,8.16,-6.5292,3.228,7.9995,14
600066.SH,宇通客车,汽车整车,汽车,36.97,0.626,28.49996,14.7357,69
600067.SH,冠城新材,电气设备,电力设备,3.95,-5.5024,1.303,73.6071,5
600071.SH,凤凰光学,元器件,电子,20.53,-2.7014,6.9848,167.9352,52
600072.SH,中船科技,电气设备,电力设备,13.51,-0.8804,-13.846,59.1951,33
600073.SH,光明肉业,食品,食品饮料,5.84,0.0,-2.7625,29.62085,59
600075.SH,新疆天业,化工原料,基础化工,6.37,3.2415,-0.6152,44.2648,19
600076.SH,康欣新材,广告包装,轻工制造,3.29,-3.2353,-4.8449,38.3958,59
600078.SH,澄星股份,化工原料,基础化工,12.72,0.4739,0.5094,1016.1633,12
600080.SH,金花股份,中成药,医药生物,7.93,0.0,2.1928,37.7929,5
600081.SH,东风科技,汽车配件,汽车,10.66,-1.7512,0.4114,312.9373,69
600082.SH,海泰发展,园区开发,房地产,2.93,-1.0135,0.1363,31.3255,22
600084.SH,中信尼雅,红黄酒,食品饮料,6.52,0.6173,0.0116,617.3813,95
600085.SH,同仁堂,中成药,医药生物,27.69,0.2534,8.8584,31.9294,26
600088.SH,中视传媒,影视音像,传媒,14.16,-0.979,-1.4134,46.5064,26
600089.SH,特变电工,电气设备,电力设备,27.68,0.6912,8.3963,23.4891,26
600094.SH,大名城,区域地产,房地产,4.83,2.766,1.4069,77.8319,26
600095.SH,湘财股份,证券,非银金融,9.34,-1.5806,3.8544,57.5379,53
600096.SH,云天化,农药化肥,基础化工,34.0,-2.7182,21.9688,12.0212,26
600097.SH,开创国际,渔业,农林牧渔,10.76,-0.4625,3.2399,35.0837,30
600098.SH,广州发展,火力发电,公用事业,7.22,2.2663,8.6562,10.9131,26
600099.SH,林海股份,汽车整车,汽车,11.26,-1.4873,4.584,100.4895,80
600100.SH,同方股份,IT设备,计算机,8.59,0.1166,1.9992,72.787,21
600101.SH,明星电力,水力发电,公用事业,9.97,1.4242,6.0589,29.6615,69
600103.SH,青山纸业,造纸,轻工制造,5.14,-6.5455,1.386,210.6247,93
600104.SH,上汽集团,汽车整车,汽车,13.89,0.4338,3.4452,15.7998,80
600105.SH,永鼎股份,通信设备,通信,48.5,6.5232,4.8904,690.4792,52
600106.SH,重庆路桥,路桥,交通运输,6.11,-2.24,2.1995,95.3718,26
600108.SH,亚盛集团,种植业,农林牧渔,4.32,-1.5945,0.8198,88.6247,19
600109.SH,国金证券,证券,非银金融,8.55,-0.927,4.9532,12.7903,74
600110.SH,诺德股份,电气设备,电力设备,9.27,-10.0,0.7113,59.1951,13
600111.SH,北方稀土,小金属,有色金属,47.16,-5.9621,9.561,75.729,23
600113.SH,浙江东日,区域地产,商贸零售,45.97,2.5201,5.8074,134.3954,12
600114.SH,东睦股份,机械基件,机械设备,32.86,-0.1216,17.256,37.7261,27
600115.SH,中国东航,空运,交通运输,4.46,-2.8322,-4.1716,19.7001,40
600116.SH,三峡水利,水力发电,公用事业,6.7,0.7519,3.905,27.1098,5
600117.SH,西宁特钢,特种钢,钢铁,2.6,-0.3831,-13.0734,28.3998,59
600118.SH,中国卫星,航空,国防军工,102.0,4.5296,-0.6728,1393.4236,27
600119.SH,长江投资,仓储物流,交通运输,5.9,-2.3179,-11.6372,19.7001,20
600120.SH,浙江东方,多元金融,非银金融,5.76,2.3091,5.8123,21.0477,2
600121.SH,郑州煤电,煤炭开采,煤炭,4.18,0.7229,-53.86618,24.2568,1
600123.SH,兰花科创,煤炭开采,煤炭,6.6,4.1009,0.0662,454.2235,43
600125.SH,铁龙物流,铁路,交通运输,6.11,0.8251,7.0511,15.1923,22
600126.SH,杭钢股份,普钢,钢铁,10.43,1.6569,0.1243,1393.4236,93
600127.SH,金健米业,农业综合,农林牧渔,6.91,0.7289,0.5637,1175.4542,14
600128.SH,苏豪弘业,商贸代理,商贸零售,10.5,0.3824,2.2618,54.7477,19
600129.SH,太极集团,中成药,医药生物,15.96,-0.5607,3.448,72.9917,59
600131.SH,国网信通,通信设备,计算机,18.5,-0.4841,5.3905,32.6888,95
600132.SH,重庆啤酒,啤酒,食品饮料,53.26,0.5285,28.49996,20.9411,52
600133.SH,东湖高新,环境保护,环保,9.05,1.5713,0.8583,25.0474,22
600135.SH,乐凯胶片,塑料,基础化工,10.77,-2.2686,-4.0727,44.2648,40
600137.SH,浪莎股份,服饰,纺织服饰,22.79,-0.8699,3.6163,80.6691,52
600138.SH,中青旅,旅游景点,社会服务,9.14,-0.4357,1.9048,78.8666,52
600141.SH,兴发集团,农药化肥,基础化工,32.72,1.2376,6.8645,26.3536,22
600143.SH,金发科技,塑料,基础化工,16.86,-1.9767,6.1437,36.7627,93
600148.SH,长春一东,汽车配件,汽车,17.83,-1.4917,1.7423,266.834,15
600149.SH,廊坊发展,综合类,公用事业,6.26,0.4815,6.4119,154.7519,22
600150.SH,中国船舶,船舶,国防军工,38.6,5.8114,6.0944,40.3722,95
600151.SH,航天机电,汽车配件,电力设备,15.33,1.8605,-9.5836,59.1951,93
600152.SH,维科技术,电气设备,电力设备,11.78,-6.0606,-5.6439,59.1951,93
600153.SH,建发股份,仓储物流,交通运输,8.92,0.1122,1.5925,12.702,59
600155.SH,华创云信,证券,非银金融,6.25,-0.7937,1.0292,87.2514,93
600156.SH,华升股份,纺织,纺织服饰,9.84,-2.6706,-8.9201,33.2675,93
600157.SH,永泰能源,火力发电,煤炭,1.71,1.1834,0.4441,178.8344,74
600158.SH,中体产业,文教休闲,社会服务,10.66,-1.7512,-0.8047,551.1948,26
600159.SH,大龙地产,区域地产,房地产,2.95,-0.3378,-15.8629,47.4602,102
600160.SH,巨化股份,化工原料,基础化工,33.61,-0.9431,19.7949,23.9844,15
600161.SH,天坛生物,生物制药,医药生物,14.9,-0.6004,9.5379,27.0094,51
600162.SH,香江控股,全国地产,房地产,1.75,-1.1299,-1.5163,47.4602,5
600163.SH,中闽能源,新型电力,公用事业,6.68,5.1969,4.7822,22.2999,93
600166.SH,福田汽车,汽车整车,汽车,3.74,6.5527,7.4965,38.9104,1
600167.SH,联美控股,供气供热,公用事业,6.75,1.0479,5.0229,22.0093,27
600168.SH,武汉控股,水务,环保,5.02,1.006,1.4647,53.6777,27
600170.SH,上海建工,建筑工程,建筑装饰,2.7,-0.369,2.5632,19.3932,12
600171.SH,上海贝岭,半导体,电子,28.22,0.1419,5.2881,84.689,5
600172.SH,黄河旋风,矿物制品,机械设备,8.55,1.0638,-53.86618,57.75575,40
600173.SH,卧龙新能,全国地产,房地产,7.5,-1.0554,-5.1064,47.4602,15
600176.SH,中国巨石,玻璃,建筑材料,33.52,3.938,10.7481,40.8421,5
600177.SH,雅戈尔,服饰,纺织服饰,7.49,0.672,5.5921,13.2952,5
600178.SH,东安动力,汽车配件,汽车,11.32,-1.2216,0.4908,421.7514,43
600179.SH,安通控股,水运,交通运输,4.4,-2.2222,9.5984,17.1445,23
600180.SH,瑞茂通,仓储物流,交通运输,3.2,-0.3115,0.9481,216.6828,51
600182.SH,S佳通,汽车配件,汽车,14.65,-0.0682,4.1929,22.5524,87
600183.SH,生益科技,元器件,电子,74.95,-1.3816,16.0535,54.608,2
600184.SH,光电股份,专用机械,国防军工,25.17,-2.6306,0.8598,92.1232,27
600185.SH,珠免集团,旅游服务,商贸零售,5.86,-0.1704,-53.86618,48.6264,5
600186.SH,莲花控股,食品,食品饮料,9.45,10.0116,16.8949,48.1843,5
600187.SH,国中水务,水务,环保,1.72,0.0,-0.5055,150.5177,40
600188.SH,兖矿能源,煤炭开采,煤炭,20.63,3.7726,9.1558,24.7076,102
600189.SH,泉阳泉,软饮料,食品饮料,8.18,0.3681,1.2372,387.9836,20
600191.SH,华资实业,食品,农林牧渔,13.25,3.0327,3.5409,108.867,27
600192.SH,长城电工,电气设备,电力设备,8.15,-0.7308,-14.4424,59.1951,80
600195.SH,中牧股份,农业综合,农林牧渔,7.7,-0.7732,4.0162,36.6672,2
600196.SH,复星医药,化学制药,医药生物,25.57,-0.0782,7.0218,20.2586,23
600197.SH,伊力特,白酒,食品饮料,12.01,1.3502,3.569,31.2226,93
600198.SH,大唐电信,通信设备,通信,8.12,-4.2453,-19.7337,114.6508,27
600199.SH,金种子酒,白酒,食品饮料,8.23,2.875,-4.7398,29.62085,1
600201.SH,生物股份,农业综合,农林牧渔,14.08,-1.5385,1.4893,150.1187,6
600202.SH,哈空调,专用机械,机械设备,5.95,0.3373,-2.9027,57.75575,59
600203.SH,福日电子,元器件,电子,11.8,-3.1993,2.8558,183.1775,22
600206.SH,有研新材,半导体,电子,25.95,-3.1716,6.019,78.8885,33
600207.SH,安彩高科,电气设备,电力设备,5.79,2.1164,-30.4501,59.1951,80
600208.SH,衢州发展,全国地产,房地产,4.3,3.6145,1.2956,47.4602,89
600210.SH,紫江企业,广告包装,轻工制造,7.0,-0.2849,15.0536,8.5146,59
600211.SH,西藏药业,生物制药,医药生物,40.99,-0.8946,24.3106,14.0862,52
600212.SH,绿能慧充,电气设备,电力设备,7.74,-1.4013,2.5514,177.6203,33
600215.SH,派斯林,专用机械,机械设备,6.64,-2.7818,-4.1944,57.75575,22
600216.SH,浙江医药,化学制药,医药生物,14.65,0.4112,8.09,16.1304,1
600217.SH,中再资环,环境保护,环保,3.73,0.0,-11.4398,35.3022,33
600218.SH,全柴动力,汽车配件,汽车,9.48,-1.25,1.9957,64.0615,59
600219.SH,南山铝业,铝,有色金属,6.02,-2.1138,9.4801,14.5986,93
600221.SH,海航控股,空运,交通运输,1.45,-1.3605,28.49996,31.6544,30
600222.SH,太龙药业,中成药,医药生物,7.06,-0.9818,3.7744,67.5316,94
600223.SH,福瑞达,日用化工,美容护理,6.68,0.0,4.5037,36.1684,102
600226.SH,亨通股份,供气供热,公用事业,5.16,-3.1895,1.9578,75.7397,1
600227.SH,赤天化,农药化肥,基础化工,3.68,3.3708,-6.1732,44.2648,80
600229.SH,城市传媒,出版业,传媒,5.95,-0.5017,0.9887,46.5064,87
600230.SH,沧州大化,化工原料,基础化工,19.23,0.839,1.1894,147.073,33
600231.SH,凌钢股份,普钢,钢铁,2.12,1.9231,-32.2875,28.3998,80
600232.SH,金鹰股份,纺织机械,机械设备,8.57,-0.58,2.1732,150.01,80
600233.SH,圆通速递,仓储物流,交通运输,22.38,2.8966,3.8788,15.8167,20
600234.SH,科新发展,装修装饰,建筑装饰,23.55,-3.3648,6.418,103.7417,2
600235.SH,民丰特纸,造纸,轻工制造,6.71,-1.0324,1.0815,144.7598,15
600236.SH,桂冠电力,水力发电,公用事业,10.15,-2.4038,4.0514,22.2524,87
600237.SH,铜峰电子,元器件,电子,9.2,-2.5424,6.3361,48.3946,22
600239.SH,云南城投,区域地产,房地产,2.0,-1.4778,-2.709,47.4602,6
600241.SH,时代万恒,电气设备,电力设备,9.46,-4.0568,-11.9742,59.1951,95
600246.SH,万通发展,区域地产,房地产,10.03,1.9309,-0.3799,47.4602,80
600248.SH,陕建股份,建筑工程,建筑装饰,3.44,0.2915,3.2847,11.6119,15
600249.SH,两面针,日用化工,美容护理,5.93,-0.3361,0.4514,331.2463,69
600250.SH,南京商旅,商贸代理,商贸零售,11.22,-0.2667,0.7479,352.9594,20
600251.SH,冠农股份,农业综合,农林牧渔,11.9,0.933,9.4646,26.5358,23
600252.SH,中恒集团,中成药,医药生物,2.48,-0.8,-6.2691,38.1539,69
600255.SH,鑫科材料,小金属,有色金属,3.58,-2.981,2.1377,209.3207,12
600256.SH,广汇能源,石油开采,石油石化,6.59,5.2716,3.9827,21.3788,51
600257.SH,大湖股份,渔业,农林牧渔,6.25,0.0,0.6334,593.7906,27
600258.SH,首旅酒店,酒店餐饮,社会服务,15.23,0.8609,6.8244,20.9655,59
600259.SH,中稀有色,小金属,有色金属,94.65,-10.0029,3.7239,249.6447,27
600261.SH,阳光照明,家用电器,家用电器,4.02,-0.9852,5.343,28.463,19
600262.SH,北方股份,专用机械,机械设备,23.9,-1.7674,12.5849,18.8557,14
600266.SH,城建发展,区域地产,房地产,4.79,-1.2371,-1.9358,47.4602,27
600267.SH,海正药业,化学制药,医药生物,11.24,-1.1434,6.3806,19.1892,91
600268.SH,国电南自,电气设备,电力设备,15.67,-0.8855,13.5644,33.1568,27
600269.SH,赣粤高速,路桥,交通运输,4.45,-0.2242,6.706,8.1221,27
600271.SH,航天信息,软件服务,计算机,8.43,-1.6336,-5.4709,92.9079,80
600272.SH,开开实业,医药商业,医药生物,12.15,-0.1643,1.8542,246.6639,102
600273.SH,嘉化能源,化工原料,基础化工,8.98,0.0,9.7384,11.9216,15
600276.SH,恒瑞医药,化学制药,医药生物,56.4,1.7316,3.6546,46.1049,27
600278.SH,东方创业,商贸代理,商贸零售,7.21,-0.8253,2.359,30.1684,43
600279.SH,重庆港,港口,交通运输,4.8,-1.0309,0.7244,116.7524,1
600280.SH,中央商场,百货,商贸零售,2.98,0.0,-8.19,48.6264,1
600281.SH,华阳新材,小金属,有色金属,5.46,-1.7986,28.49996,50.4728,69
600282.SH,南钢股份,普钢,钢铁,5.3,-6.5256,2.1347,11.3215,1
600283.SH,钱江水利,水务,环保,9.25,-0.6445,6.9666,24.0088,33
600284.SH,浦东建设,建筑工程,建筑装饰,7.43,0.5413,4.5072,20.4112,5
600285.SH,羚锐制药,中成药,医药生物,21.44,-0.3717,20.5966,15.2061,93
600287.SH,苏豪时尚,商贸代理,商贸零售,5.54,-4.4828,0.2583,105.9495,14
600288.SH,大恒科技,元器件,计算机,15.01,-2.5325,5.5205,62.9474,5
600292.SH,电投水电,水力发电,环保,15.81,0.6365,4.8016,130.1191,51
600293.SH,三峡新材,玻璃,建筑材料,3.13,-1.5723,-3.4911,47.81715,21
600295.SH,鄂尔多斯,特种钢,钢铁,15.41,-0.6447,11.0572,18.2536,100
600298.SH,安琪酵母,食品,食品饮料,39.5,0.6369,13.5166,22.1983,91
600299.SH,安迪苏,饲料,基础化工,14.09,1.0036,6.5216,37.5859,15
600300.SH,维维股份,软饮料,食品饮料,3.53,-0.5634,9.4109,17.0636,19
600301.SH,华锡有色,小金属,有色金属,54.05,-6.1143,18.1958,41.2315,22
600302.SH,标准股份,纺织机械,机械设备,10.63,-0.932,-7.38,57.75575,30
600303.SH,曙光股份,汽车整车,汽车,3.09,-0.9615,-30.579,37.8809,15
600305.SH,恒顺醋业,食品,食品饮料,7.46,0.8108,4.3009,57.4657,33
600307.SH,酒钢宏兴,普钢,钢铁,1.77,-1.6667,-30.6782,28.3998,5
600308.SH,华泰股份,造纸,轻工制造,3.99,-0.7463,-0.7263,38.3958,80
600309.SH,万华化学,化工原料,基础化工,87.65,-0.057,12.3462,20.8455,2
600310.SH,广西能源,水力发电,公用事业,5.28,10.0,-7.3474,27.54705,2
600312.SH,平高电气,电气设备,电力设备,21.78,-0.366,3.6207,25.1247,77
600313.SH,农发种业,种植业,农林牧渔,7.3,-0.545,4.2828,101.4308,24
600315.SH,上海家化,日用化工,美容护理,20.16,-0.4936,3.9384,50.6466,27
600316.SH,洪都航空,航空,国防军工,41.29,3.3025,0.7424,744.7127,27
600318.SH,新力金融,多元金融,非银金融,7.69,-1.4103,1.8445,102.3299,95
600319.SH,亚星化学,化工原料,基础化工,7.38,-2.2517,-14.5811,44.2648,80
600320.SH,振华重工,专用机械,机械设备,5.1,1.1905,4.5677,36.7137,80
600322.SH,津投城开,区域地产,房地产,2.36,-0.8403,0.17500001,47.4602,1
600325.SH,华发股份,区域地产,房地产,3.52,-0.8451,0.5283,47.4602,52
600326.SH,西藏天路,水泥,建筑材料,9.16,-1.6112,-1.4576,47.81715,12
600327.SH,大东方,医疗保健,商贸零售,3.7,-2.1164,-7.9499,48.6264,21
600328.SH,中盐化工,化工原料,基础化工,8.72,-1.2458,0.4785,1393.4236,69
600329.SH,达仁堂,中成药,医药生物,40.36,-0.3703,28.49996,14.585,93
600330.SH,天通股份,专用机械,电子,25.6,-1.0437,0.7165,1393.4236,21
600331.SH,宏达股份,农药化肥,基础化工,16.93,-1.2252,-4.1971,44.2648,1
600332.SH,白云山,中成药,医药生物,22.68,-0.0881,8.0961,12.3606,69
600333.SH,长春燃气,供气供热,公用事业,5.35,0.1873,-2.976,27.54705,93
600335.SH,国机汽车,汽车服务,汽车,6.0,-0.4975,3.1399,21.3063,19
600336.SH,澳柯玛,家用电器,家用电器,7.06,0.2841,-9.168,35.6124,80
600337.SH,美克家居,家居用品,轻工制造,3.16,-5.1051,-8.365,38.3958,43
600338.SH,西藏珠峰,铅锌,有色金属,20.52,-10.0,3.9993,33.152,33
600339.SH,中油工程,石油开采,石油石化,3.95,3.4031,1.3396,61.9065,23
600340.SH,华夏幸福,园区开发,房地产,1.3,1.5625,0.17500001,47.4602,14
600343.SH,航天动力,机械基件,机械设备,36.38,-5.2604,-13.9657,57.75575,12
600345.SH,长江通信,通信设备,通信,51.81,-4.4096,0.4717,124.1765,22
600346.SH,恒力石化,石油加工,石油石化,24.12,-0.9446,5.6884,19.0045,74
600348.SH,华阳股份,煤炭开采,煤炭,10.03,-0.6931,3.3629,23.6501,22
600350.SH,山东高速,路桥,交通运输,10.95,2.7205,7.3041,16.5146,102
600351.SH,亚宝药业,中成药,医药生物,6.42,-1.3825,7.5626,19.9356,12
600352.SH,浙江龙盛,染料涂料,基础化工,12.97,0.2318,5.4643,23.0701,93
600353.SH,旭光电子,元器件,电子,17.1,4.0779,8.7037,87.8417,33
600354.SH,敦煌种业,种植业,农林牧渔,6.16,-0.8052,5.5529,47.0404,5
600356.SH,恒丰纸业,造纸,轻工制造,9.55,-1.5464,7.4496,15.9166,52
600359.SH,新农开发,种植业,农林牧渔,7.08,0.2833,-1.2254,43.06775,7
600361.SH,创新新材,铝,有色金属,4.51,-3.0108,6.4642,18.1195,29
600362.SH,江西铜业,铜,有色金属,44.66,-2.8074,8.9563,21.6888,15
600363.SH,联创光电,元器件,电子,52.83,-2.0941,9.3319,77.8056,59
600366.SH,宁波韵升,矿物制品,有色金属,12.87,0.6255,1.8538,34.4873,61
600367.SH,红星发展,化工原料,基础化工,22.46,-3.1479,4.411,55.1343,2
600368.SH,五洲交通,路桥,交通运输,3.82,-1.0363,7.9014,11.0491,74
600369.SH,西南证券,证券,非银金融,4.16,-0.9524,4.0813,26.0207,52
600370.SH,三房巷,化工原料,基础化工,2.4,-1.6393,-8.4755,44.2648,33
600371.SH,万向德农,种植业,农林牧渔,8.58,0.1167,0.9993,452.8888,21
600372.SH,中航机载,航空,国防军工,13.13,-0.6808,2.8305,59.5271,23
600373.SH,中文传媒,出版业,传媒,8.21,-0.4848,1.569,39.5459,27
600375.SH,汉马科技,汽车整车,汽车,5.16,-0.7692,1.4272,173.8547,33
600376.SH,首开股份,区域地产,房地产,4.45,-2.4123,-53.86618,47.4602,20
600377.SH,宁沪高速,路桥,交通运输,12.2,0.2465,11.479,13.3788,5
600378.SH,昊华科技,化工原料,基础化工,34.16,-2.3163,7.0142,30.7253,12
600379.SH,宝光股份,电气设备,电力设备,12.22,4.8927,6.7057,96.5902,12
600380.SH,健康元,化学制药,医药生物,10.9,-0.3656,8.9893,14.931,14
600382.SH,广东明珠,普钢,钢铁,8.81,-3.6105,6.2986,33.2232,12
600383.SH,金地集团,全国地产,房地产,2.7,-1.8182,-25.3734,47.4602,33
600386.SH,北巴传媒,汽车服务,汽车,4.01,-1.2315,-0.6018,37.8809,5
600388.SH,龙净环保,环境保护,环保,19.03,-2.0082,2.2,20.6339,33
600389.SH,江山股份,农药化肥,基础化工,29.76,0.371,13.8027,22.8958,61
600390.SH,五矿资本,多元金融,非银金融,5.23,-1.1342,0.9261,53.9985,80
600391.SH,航发科技,航空,国防军工,40.7,0.7426,3.5352,220.7117,80
600392.SH,盛和资源,小金属,有色金属,24.96,-8.8386,7.1471,48.5078,11
600395.SH,盘江股份,煤炭开采,煤炭,5.84,0.3436,3.1296,38.0465,5
600396.SH,华电辽能,火力发电,公用事业,9.83,9.9553,0.248,226.7994,19
600397.SH,江钨装备,专用机械,煤炭,14.63,-4.0026,-53.86618,24.2568,91
600398.SH,海澜之家,服饰,纺织服饰,6.36,-0.78,12.2602,14.1024,69
600399.SH,抚顺特钢,特种钢,钢铁,5.86,-0.846,-13.5721,28.3998,96
600400.SH,红豆股份,服饰,纺织服饰,2.16,4.3478,-8.9702,33.2675,95
600403.SH,大有能源,煤炭开采,煤炭,5.86,2.807,-43.1738,24.2568,80
600405.SH,动力源,电气设备,电力设备,5.08,-1.7408,-53.86618,59.1951,5
600406.SH,国电南瑞,电气设备,电力设备,26.95,-0.2221,9.864,27.082,93
600408.SH,安泰集团,焦炭加工,煤炭,3.15,-0.3165,-10.8566,24.2568,14
600409.SH,三友化工,化纤,基础化工,7.35,1.9417,0.876,67.1498,1
600410.SH,华胜天成,软件服务,计算机,27.52,-4.2116,7.8338,50.5876,7
600415.SH,小商品城,商品城,商贸零售,13.63,8.6922,4.2312,17.0227,5
600416.SH,湘电股份,电气设备,电力设备,12.65,-0.4721,2.619,83.0582,69
600418.SH,江淮汽车,汽车整车,汽车,45.41,-1.6035,-16.1766,37.8809,77
600419.SH,天润乳业,乳制品,食品饮料,9.32,-3.719,1.2075,20.3452,12
600420.SH,国药现代,化学制药,医药生物,9.77,0.1025,6.9793,13.9159,89
600422.SH,昆药集团,中成药,医药生物,11.08,-0.27,6.5928,23.9677,23
600423.SH,柳化股份,农药化肥,基础化工,2.81,2.1818,1.2616,366.2517,23
600425.SH,青松建化,水泥,建筑材料,4.09,0.7389,4.2973,23.7468,43
600426.SH,华鲁恒升,农药化肥,基础化工,36.33,1.7077,10.345,23.2651,12
600428.SH,中远海特,水运,交通运输,9.06,-0.9836,12.0907,13.9665,89
600429.SH,三元股份,乳制品,食品饮料,5.65,2.5408,4.6372,45.2834,40
600433.SH,冠豪高新,造纸,轻工制造,3.92,-0.5076,-6.8444,38.3958,21
600435.SH,北方导航,专用机械,国防军工,14.96,-2.0942,4.2416,187.5855,33
600436.SH,片仔癀,中成药,医药生物,142.43,0.3594,14.816,35.5134,33
600438.SH,通威股份,电气设备,电力设备,18.33,-0.758,-11.4368,59.1951,59
600439.SH,瑞贝卡,服饰,纺织服饰,2.45,-1.2097,0.4454,33.2675,80
600444.SH,国机通用,专用机械,机械设备,17.78,-0.9471,7.983,44.6309,40
600446.SH,金证股份,软件服务,计算机,13.59,2.1037,-4.6529,92.9079,7
600448.SH,华纺股份,纺织,纺织服饰,3.22,-2.719,-24.2888,33.2675,21
600449.SH,宁夏建材,水泥,建筑材料,12.83,2.3126,2.4863,33.6885,102
600452.SH,涪陵电力,水力发电,公用事业,12.05,0.2496,7.199,47.08,74
600455.SH,博通股份,文教休闲,计算机,25.27,-1.3276,14.66,35.5403,59
600456.SH,宝钛股份,小金属,有色金属,35.2,-3.3763,4.1021,40.4637,1
600458.SH,时代新材,塑料,机械设备,11.95,0.0,7.3343,21.6554,43
600459.SH,贵研铂业,小金属,有色金属,21.5,-4.2316,6.9119,25.7332,102
600460.SH,士兰微,半导体,电子,27.36,-0.9055,2.8901,84.3044,11
600461.SH,洪城环境,水务,环保,10.22,2.3023,12.3104,10.9989,21
600463.SH,空港股份,园区开发,房地产,10.0,0.0,-10.8868,47.4602,8
600467.SH,好当家,渔业,农林牧渔,2.36,-0.8403,0.7918,84.2348,80
600468.SH,百利电气,电气设备,电力设备,8.1,-0.6135,4.5124,98.9333,21
600469.SH,风神股份,汽车配件,汽车,7.01,0.4298,6.5704,27.271,7
600470.SH,六国化工,农药化肥,基础化工,6.84,-0.5814,-26.4744,44.2648,95
600475.SH,华光环能,电气设备,公用事业,17.71,-0.6173,3.9325,29.8438,27
600476.SH,湘邮科技,软件服务,计算机,10.66,-2.2915,-21.7841,92.9079,5
600477.SH,杭萧钢构,钢加工,建筑装饰,3.03,-0.9804,2.3152,61.4673,59
600478.SH,科力远,电气设备,电力设备,7.53,-2.4611,4.66,66.2808,27
600479.SH,千金药业,中成药,医药生物,10.5,0.1908,7.5489,17.9553,2
600480.SH,凌云股份,汽车配件,汽车,10.75,-3.5874,7.7089,17.6866,5
600481.SH,双良节能,电气设备,电力设备,6.4,-3.0303,-11.969,59.1951,5
600482.SH,中国动力,船舶,电力设备,42.26,7.2317,3.0452,51.6651,40
600483.SH,福能股份,新型电力,公用事业,10.0,-2.8183,2.342,9.7373,69
600486.SH,扬农化工,农药化肥,基础化工,70.99,0.2967,11.689,22.3756,15
600487.SH,亨通光电,通信设备,通信,69.52,5.6856,8.0112,60.5913,69
600488.SH,津药药业,化学制药,医药生物,6.74,2.7439,2.2873,451.6272,5
600489.SH,中金黄金,黄金,有色金属,25.83,-5.0368,13.002,28.3165,21
600490.SH,鹏欣资源,铜,有色金属,8.69,-3.6585,3.768,75.6131,21
600491.SH,龙元建设,建筑工程,建筑装饰,2.01,-4.2857,-2.5763,40.5447,52
600493.SH,凤竹纺织,纺织,纺织服饰,7.03,-0.4249,-0.6039,311.8292,33
600495.SH,晋西车轴,运输设备,机械设备,4.4,-1.3453,0.8796,184.9027,22
600496.SH,精工钢构,钢加工,建筑装饰,3.96,4.4855,6.6001,13.0271,91
600497.SH,驰宏锌锗,铅锌,有色金属,9.11,-4.3067,6.3583,44.3512,22
600498.SH,烽火通信,通信设备,通信,55.01,-2.2218,3.4504,90.9051,96
600499.SH,科达制造,专用机械,机械设备,18.01,0.9529,10.8747,26.3898,85
600500.SH,中化国际,塑料,基础化工,4.26,1.6706,-19.255,44.2648,59
600501.SH,航天晨光,专用机械,机械设备,23.39,-2.0929,-6.3653,57.75575,40
600502.SH,安徽建工,建筑工程,建筑装饰,5.99,0.8418,8.8323,6.891524,52
600503.SH,华丽家族,区域地产,房地产,2.26,-1.7391,-0.7304,47.4602,12
600505.SH,西昌电力,水力发电,公用事业,13.5,0.3717,0.9787,413.1391,69
600506.SH,统一股份,石油加工,石油石化,20.53,-0.5811,2.9475,301.448,14
600507.SH,方大特钢,特种钢,钢铁,6.1,-3.481,9.6893,14.975,1
600508.SH,上海能源,煤炭开采,煤炭,13.38,3.0817,1.7327,43.8686,22
600509.SH,天富能源,火力发电,公用事业,8.33,1.2151,2.2805,50.9592,80
600510.SH,黑牡丹,全国地产,房地产,11.19,4.8735,0.5331,136.7058,40
600511.SH,国药股份,医药商业,医药生物,28.83,1.5498,2.5233,10.8121,61
600512.SH,腾达建设,建筑工程,建筑装饰,2.46,-0.4049,0.4963,127.5664,33
600513.SH,联环药业,化学制药,医药生物,20.31,-1.6465,-7.373,38.1539,33
600515.SH,海南机场,机场,房地产,3.41,-2.2923,0.9284,178.2555,19
600516.SH,方大炭素,矿物制品,钢铁,5.44,-3.0303,0.6995,514.1217,7
600517.SH,国网英大,多元金融,非银金融,6.41,-0.1558,9.998,15.5673,7
600518.SH,康美药业,中成药,医药生物,1.72,-1.1494,0.1428,1393.4236,80
600519.SH,贵州茅台,白酒,食品饮料,1419.0,0.674,28.49996,21.5861,69
600520.SH,三佳科技,半导体,机械设备,28.81,-2.3721,1.9817,597.3235,69
600521.SH,华海药业,化学制药,医药生物,16.14,-0.9208,4.1326,90.5271,22
600522.SH,中天科技,通信设备,通信,34.07,-2.1539,6.5307,40.5782,22
600523.SH,贵航股份,汽车配件,汽车,13.89,-1.2091,6.142,29.1553,5
600526.SH,菲达环保,环境保护,环保,5.37,0.3738,6.689,15.9842,15
600527.SH,江南高纤,化纤,纺织服饰,2.5,-3.4749,0.9464,155.0005,74
600528.SH,中铁工业,运输设备,机械设备,7.87,-0.7566,5.0321,12.7917,34
600529.SH,山东药玻,医疗保健,医药生物,19.11,-0.313,8.4604,18.3892,23
600530.SH,交大昂立,医疗保健,食品饮料,5.14,0.0,0.551,156.088,69
600531.SH,豫光金铅,铅锌,有色金属,15.59,-4.939,14.2751,21.9191,33
600533.SH,栖霞建设,区域地产,房地产,2.38,-0.4184,0.3255,47.4602,33
600535.SH,天士力,中成药,医药生物,14.15,0.3546,9.0915,19.1313,15
600536.SH,中国软件,软件服务,计算机,37.55,-0.6876,-3.7118,92.9079,30
600537.SH,亿晶光电,电气设备,电力设备,3.38,-3.7037,-53.86618,59.1951,91
600538.SH,国发股份,医药商业,医药生物,6.87,1.0294,-11.9769,38.1539,87
600539.SH,狮头股份,互联网,商贸零售,16.12,-2.5393,-7.027,48.6264,20
600540.SH,新赛股份,种植业,农林牧渔,4.88,-0.4082,-10.2548,43.06775,2
600543.SH,莫高股份,红黄酒,食品饮料,4.8,-2.0408,-6.3559,29.62085,90
600545.SH,卓郎智能,纺织机械,机械设备,4.31,-0.4619,-7.5836,57.75575,5
600546.SH,山煤国际,煤炭开采,煤炭,12.72,5.0372,6.3668,20.4527,57
600547.SH,山东黄金,黄金,有色金属,35.84,-3.7852,11.4621,34.861,57
600548.SH,深高速,路桥,交通运输,9.23,0.8743,4.6975,20.3805,69
600549.SH,厦门钨业,小金属,有色金属,62.65,-5.5053,10.9028,43.0386,69
600550.SH,保变电气,电气设备,电力设备,15.8,-1.6189,27.4399,127.464,95
600551.SH,时代出版,出版业,传媒,8.2,0.1221,6.9981,13.5691,91
600552.SH,凯盛科技,元器件,电子,15.02,-4.3312,3.056,110.2678,12
600556.SH,天下秀,互联网,传媒,6.16,-0.8052,0.8055,360.7725,74
600557.SH,康缘药业,中成药,医药生物,14.46,1.831,6.513,26.9359,17
600558.SH,大西洋,钢加工,机械设备,5.28,-1.4925,7.6016,26.0126,21
600559.SH,老白干酒,白酒,食品饮料,14.19,6.0538,8.099,29.3131,93
600560.SH,金自天正,电气设备,机械设备,14.3,-1.2431,5.3626,61.9753,5
600561.SH,江西长运,公共交通,交通运输,6.67,-0.4478,1.7317,118.3602,69
600562.SH,国睿科技,通信设备,国防军工,29.79,3.9065,9.9335,58.6862,27
600563.SH,法拉电子,元器件,电子,119.16,-4.2892,21.0659,22.489,69
600566.SH,济川药业,中成药,医药生物,25.15,1.0852,7.1673,14.0383,93
600567.SH,山鹰国际,造纸,轻工制造,1.49,-1.9737,-1.9008,38.3958,2
600569.SH,安阳钢铁,普钢,钢铁,2.11,-1.4019,-20.7851,28.3998,15
600570.SH,恒生电子,软件服务,计算机,26.46,-1.4525,13.2998,40.6974,7
600571.SH,信雅达,软件服务,计算机,13.48,-0.5166,5.4824,94.1123,91
600572.SH,康恩贝,中成药,医药生物,4.51,-1.9565,6.8418,23.6687,5
600573.SH,惠泉啤酒,啤酒,食品饮料,12.86,1.4196,0.604,39.2562,69
600575.SH,淮河能源,火力发电,煤炭,3.72,0.0,10.153,15.7052,93
600576.SH,祥源文旅,旅游景点,社会服务,5.88,-1.1765,5.402,32.1944,87
600577.SH,精达股份,电气设备,电力设备,12.97,-2.4812,10.062,46.566,19
600578.SH,京能电力,火力发电,公用事业,5.53,0.5455,10.8247,10.6453,93
600579.SH,中化装备,化工机械,机械设备,7.75,-1.148,-1.6277,57.75575,95
600580.SH,卧龙电驱,电气设备,电力设备,37.88,-2.1694,10.7262,52.5443,61
600582.SH,天地科技,专用机械,机械设备,5.75,0.8772,9.7808,9.7253,1
600583.SH,海油工程,石油开采,石油石化,7.09,4.1116,7.889,15.0388,69
600584.SH,长电科技,半导体,电子,44.41,-2.4171,5.5614,50.7705,1
600585.SH,海螺水泥,水泥,建筑材料,21.65,-0.6881,4.2659,14.1414,20
600586.SH,金晶科技,玻璃,建筑材料,5.53,0.0,-4.7643,47.81715,43
600587.SH,新华医疗,医疗保健,医药生物,14.2,0.0,5.6301,16.9268,12
600588.SH,用友网络,软件服务,计算机,12.21,-1.2935,-17.535,92.9079,5
600589.SH,大位科技,软件服务,计算机,10.76,1.223,-2.9117,92.9079,40
600590.SH,泰豪科技,通信设备,国防军工,17.59,1.8529,1.925,247.8147,51
600592.SH,龙溪股份,机械基件,机械设备,19.82,-1.54,4.6768,103.3034,102
600593.SH,大连圣亚,旅游景点,社会服务,33.21,-4.2111,15.9433,158.9336,102
600594.SH,益佰制药,中成药,医药生物,4.55,-4.2105,-1.3587,38.1539,77
600595.SH,中孚实业,铝,有色金属,8.32,-4.1475,4.6874,15.0997,30
600596.SH,新安股份,化工原料,基础化工,12.5,0.9693,1.1793,114.8747,91
600597.SH,光明乳业,乳制品,食品饮料,7.41,0.2706,-1.5995,29.62085,69
600598.SH,北大荒,种植业,农林牧渔,16.01,0.3762,14.7613,24.405,93
600600.SH,青岛啤酒,啤酒,食品饮料,61.99,0.2102,15.3681,18.4317,2
600601.SH,方正科技,元器件,电子,11.67,-1.269,10.8057,105.6222,57
600602.SH,云赛智联,软件服务,计算机,22.82,-2.3952,4.0239,161.1047,21
600603.SH,广汇物流,区域地产,交通运输,6.75,-1.0264,4.4591,19.8749,19
600604.SH,市北高新,园区开发,房地产,5.08,2.4194,-5.039,47.4602,12
600605.SH,汇通能源,房产服务,商贸零售,29.95,-2.3157,1.7213,256.1701,5
600606.SH,绿地控股,全国地产,房地产,1.35,-2.8777,-11.0291,47.4602,2
600609.SH,金杯汽车,汽车配件,汽车,3.98,-1.9704,15.473,22.0977,80
600610.SH,中毅达,化工原料,基础化工,9.25,-2.2199,28.49996,195.411,57
600611.SH,大众交通,公共交通,交通运输,4.8,0.4184,0.7335,156.7359,7
600612.SH,老凤祥,服饰,纺织服饰,41.34,-0.3855,11.3377,12.3226,87
600613.SH,神奇制药,中成药,医药生物,5.77,-1.3675,2.1423,49.4353,27
600615.SH,鑫源智造,铝,有色金属,11.21,-0.8842,0.6954,274.8514,93
600616.SH,金枫酒业,红黄酒,食品饮料,4.95,0.2024,0.1047,1393.4236,43
600617.SH,国新能源,供气供热,公用事业,3.33,1.5244,-7.0925,27.54705,19
600618.SH,氯碱化工,化工原料,基础化工,13.03,-0.306,9.5768,17.4672,15
600619.SH,海立股份,家用电器,家用电器,17.48,-0.4556,1.1741,261.234,23
600620.SH,天宸股份,综合类,综合,6.01,0.3339,1.7495,66.423,12
600621.SH,华鑫股份,证券,非银金融,14.12,-0.4231,7.2088,23.5647,40
600622.SH,光大嘉宝,区域地产,房地产,2.53,-1.5564,-49.6288,47.4602,80
600623.SH,华谊集团,化工原料,基础化工,9.83,0.4086,2.4651,37.6185,91
600626.SH,申达股份,汽车配件,汽车,3.87,-0.2577,-0.794,59.8574,80
600628.SH,新世界,百货,商贸零售,7.09,-0.561,1.5804,68.8091,61
600629.SH,华建集团,建筑工程,建筑装饰,20.46,-1.9175,1.3633,277.1728,40
600630.SH,龙头股份,服饰,纺织服饰,7.93,0.8906,6.0962,71.603,93
600633.SH,浙数文化,互联网,传媒,13.72,6.0278,5.6546,30.384,1
600635.SH,大众公用,供气供热,公用事业,5.47,2.0522,4.7624,38.8992,12
600637.SH,东方明珠,影视音像,传媒,9.92,-1.1952,2.0629,54.0117,33
600638.SH,新黄浦,区域地产,房地产,6.48,1.4085,1.4966,34.0027,59
600639.SH,浦东金桥,园区开发,房地产,11.38,1.5165,7.2285,11.8984,52
600640.SH,国脉文化,影视音像,传媒,12.7,2.9173,0.1989,428.6339,22
600641.SH,先导基电,半导体,房地产,27.0,-0.2217,-1.5497,47.4602,69
600642.SH,申能股份,火力发电,公用事业,9.39,0.6431,8.4027,11.5515,21
600643.SH,爱建集团,多元金融,非银金融,4.91,-2.3857,1.5821,21.0477,12
600644.SH,乐山电力,水力发电,公用事业,12.67,1.1173,1.1924,314.24,93
600645.SH,中源协和,医疗保健,医药生物,27.78,-1.3494,2.9538,173.9171,91
600648.SH,外高桥,园区开发,房地产,10.6,0.6648,6.4566,15.4117,19
600649.SH,城投控股,区域地产,房地产,4.24,-1.1655,1.3797,36.7064,22
600650.SH,锦江在线,公共交通,交通运输,12.79,0.1566,3.2838,49.6944,12
600651.SH,飞乐音响,电器仪表,汽车,6.68,-2.4818,2.2128,304.3197,68
600653.SH,申华控股,汽车服务,汽车,1.73,0.0,-11.477,582.2669,80
600654.SH,中安科,仓储物流,计算机,3.89,-5.3528,3.2944,211.3638,15
600655.SH,豫园股份,百货,商贸零售,4.97,-0.2008,0.5234,48.6264,21
600657.SH,信达地产,全国地产,房地产,2.96,-1.0033,-39.5723,47.4602,1
600658.SH,电子城,园区开发,房地产,5.01,-1.378,-6.6341,47.4602,80
600660.SH,福耀玻璃,汽车配件,汽车,59.94,-0.7452,4.4631,17.3923,19
600661.SH,昂立教育,文教休闲,社会服务,10.03,1.3131,10.317,29.3711,43
600662.SH,外服控股,文教休闲,社会服务,5.14,0.0,10.3109,10.6129,2
600663.SH,陆家嘴,园区开发,房地产,7.59,0.0,4.9286,48.1085,93
600664.SH,哈药股份,化学制药,医药生物,3.88,-1.2723,6.5519,31.5423,93
600665.SH,天地源,全国地产,房地产,3.21,0.0,-7.9366,47.4602,20
600666.SH,奥瑞德,元器件,电子,6.56,-3.8123,15.3797,127.655,20
600667.SH,太极实业,半导体,建筑装饰,9.9,-3.3203,5.1472,35.3344,95
600668.SH,尖峰集团,水泥,建筑材料,11.23,-2.6019,7.7046,11.2574,59
600671.SH,天目药业,中成药,医药生物,18.85,-0.8417,28.49996,130.2606,27
600673.SH,东阳光,综合类,综合,34.14,-2.0654,2.9944,372.9852,69
600674.SH,川投能源,水力发电,公用事业,15.0,0.0,10.9258,15.4648,27
600675.SH,中华企业,区域地产,房地产,2.63,0.3817,0.8244,134.0334,69
600676.SH,交运股份,汽车配件,汽车,8.05,0.7509,-6.6142,37.8809,80
600678.SH,四川金顶,水泥,建筑材料,11.79,-3.5188,14.4499,216.1654,20
600679.SH,上海凤凰,文教休闲,汽车,11.08,-0.5386,5.5696,37.8809,80
600681.SH,百川能源,供气供热,公用事业,4.04,0.7481,5.2666,16.1256,26
600682.SH,南京新百,生物制药,综合,6.9,-1.0043,1.2046,42.0157,5
600683.SH,京投发展,区域地产,房地产,13.3,1.1407,-26.5983,47.4602,19
600684.SH,珠江股份,区域地产,房地产,4.64,0.0,8.5705,69.3528,96
600685.SH,中船防务,船舶,国防军工,32.24,5.4284,5.5923,45.198,12
600686.SH,金龙汽车,汽车整车,汽车,17.24,-0.058,7.5872,37.615,33
600688.SH,上海石化,石油加工,石油石化,2.79,0.0,-5.9478,45.199,52
600689.SH,上海三毛,综合类,综合,13.25,-1.3403,2.4502,233.3281,2
600690.SH,海尔智家,家用电器,家用电器,20.53,-0.7253,16.9977,9.8463,27
600691.SH,潞化科技,农药化肥,基础化工,3.25,1.2461,-23.1527,44.2648,23
600692.SH,亚通股份,区域地产,房地产,7.33,0.6868,1.5108,179.1446,93
600693.SH,东百集团,百货,商贸零售,11.04,-2.3873,1.293,209.844,95
600694.SH,大商股份,百货,商贸零售,17.04,1.6706,5.0795,11.7343,5
600697.SH,欧亚集团,百货,商贸零售,11.66,0.0,-2.2924,48.6264,87
600698.SH,湖南天雁,汽车配件,汽车,7.15,-0.9695,0.1678,1393.4236,1
600699.SH,均胜电子,汽车配件,汽车,29.51,1.1309,8.6515,34.2585,95
600702.SH,舍得酒业,白酒,食品饮料,46.45,1.6411,3.2987,142.5445,69
600703.SH,三安光电,半导体,电子,15.51,3.8153,0.2454,820.7539,12
600704.SH,物产中大,仓储物流,交通运输,5.19,-0.5747,7.1652,7.0651,23
600706.SH,曲江文旅,旅游景点,社会服务,9.33,-1.5823,-3.839,96.5044,1
600707.SH,彩虹股份,元器件,电子,8.53,-3.7246,1.7282,81.7901,69
600708.SH,光明地产,全国地产,房地产,3.27,-0.3049,-7.3015,47.4602,14
600710.SH,苏美达,商贸代理,商贸零售,13.39,1.6705,16.9463,12.9072,33
600711.SH,盛屯矿业,小金属,有色金属,13.9,-4.7945,6.0089,15.967,20
600712.SH,南宁百货,百货,商贸零售,5.76,-1.7065,-5.3279,48.6264,12
600713.SH,南京医药,医药商业,医药生物,5.7,0.0,8.9115,11.9403,27
600714.SH,金瑞矿业,化工原料,基础化工,18.3,-2.763,4.085,172.5271,91
600715.SH,文投控股,影视音像,传媒,2.14,0.4695,-4.101,46.5064,74
600716.SH,凤凰股份,区域地产,房地产,4.38,4.7847,-8.0756,47.4602,12
600717.SH,天津港,港口,交通运输,4.53,0.6667,4.9665,13.3678,59
600718.SH,东软集团,软件服务,计算机,9.05,-0.8762,-3.8687,92.9079,77
600719.SH,大连热电,供气供热,公用事业,7.36,-1.4726,-26.6899,27.54705,94
600720.SH,中交设计,建筑工程,建筑装饰,6.75,-1.0264,9.4008,10.6445,74
600721.SH,百花医药,生物制药,医药生物,8.65,-2.6997,5.215,81.7524,51
600722.SH,金牛化工,化工原料,基础化工,13.7,0.8094,3.9175,194.4668,91
600724.SH,宁波富达,综合类,房地产,7.28,-0.1372,6.3743,57.3815,27
600725.SH,云维股份,商贸代理,煤炭,4.08,-0.9709,-5.9944,24.2568,7
600726.SH,华电能源,火力发电,公用事业,5.27,10.0209,5.0991,128.339,46
600727.SH,鲁北化工,化工原料,基础化工,7.96,0.6321,1.2002,109.9398,91
600728.SH,佳都科技,软件服务,计算机,5.65,-0.5282,2.2454,69.304,5
600729.SH,重庆百货,百货,商贸零售,21.78,1.1612,13.6478,9.176,80
600730.SH,中国高科,文教休闲,社会服务,8.55,-4.3624,-0.7638,593.0594,2
600731.SH,湖南海利,农药化肥,基础化工,7.0,0.4304,7.6959,16.0526,19
600732.SH,爱旭股份,电气设备,电力设备,15.56,-1.4566,-10.6202,59.1951,61
600733.SH,北汽蓝谷,汽车整车,汽车,7.22,-0.4138,-53.86618,37.8809,1
600734.SH,实达集团,软件服务,通信,2.48,-6.0606,-24.7285,114.6508,80
600736.SH,苏州高新,园区开发,房地产,8.37,9.9869,2.9009,55.9839,57
600737.SH,中粮糖业,食品,农林牧渔,14.87,-0.1343,7.1531,23.2776,87
600738.SH,丽尚国潮,百货,商贸零售,4.71,-0.4228,8.1483,21.8673,27
600739.SH,辽宁成大,生物制药,医药生物,11.62,-0.3431,4.648,20.6021,43
600740.SH,山西焦化,焦炭加工,煤炭,4.21,1.6908,0.5443,79.7885,12
600741.SH,华域汽车,汽车配件,汽车,20.36,-0.9728,11.1577,8.9062,27
600742.SH,富维股份,汽车配件,汽车,9.44,-4.3566,0.9661,15.6543,93
600743.SH,华远控股,区域地产,房地产,2.5,1.2146,-17.1759,47.4602,15
600744.SH,华银电力,火力发电,公用事业,8.47,4.6972,8.0668,119.1969,95
600745.SH,闻泰科技,半导体,电子,28.35,-2.8444,4.3322,85.9251,93
600746.SH,江苏索普,化工原料,基础化工,8.8,2.4447,0.6277,157.1472,26
600748.SH,上实发展,全国地产,房地产,5.48,1.107,-5.7523,47.4602,102
600749.SH,西藏旅游,旅游景点,社会服务,20.0,-3.7073,3.0759,155.4412,102
600750.SH,华润江中,中成药,医药生物,27.31,-0.51,22.9959,19.1451,42
600751.SH,海航科技,水运,交通运输,3.67,-2.6525,1.366,103.4537,42
600754.SH,锦江酒店,酒店餐饮,社会服务,26.51,0.952,5.8922,30.5443,26
600755.SH,厦门国贸,仓储物流,交通运输,6.09,-2.4038,1.539,25.573,15
600756.SH,浪潮软件,软件服务,计算机,16.0,-1.3564,-11.4799,92.9079,95
600757.SH,长江传媒,出版业,传媒,8.77,0.8046,10.3966,10.4972,33
600758.SH,辽宁能源,煤炭开采,煤炭,4.14,4.0201,-5.023,24.2568,80
600759.SH,洲际油气,石油开采,石油石化,5.28,2.924,0.9536,52.7767,22
600760.SH,中航沈飞,航空,国防军工,49.33,-0.9438,17.3166,39.7569,52
600761.SH,安徽合力,工程机械,机械设备,16.96,-2.1915,11.6027,12.3351,5
600763.SH,通策医疗,医疗保健,医药生物,42.65,3.1439,4.3183,37.7838,95
600764.SH,中国海防,船舶,国防军工,24.69,1.1057,1.8794,75.2675,93
600765.SH,中航重机,航空,国防军工,16.48,-0.6631,4.3254,42.024,69
600768.SH,宁波富邦,铝,有色金属,16.6,-3.094,14.5109,37.896,69
600769.SH,祥龙电业,水务,环保,14.99,-1.2516,15.4255,304.1438,33
600770.SH,综艺股份,综合类,综合,6.34,10.0694,3.2639,75.5338,69
600771.SH,广誉远,中成药,医药生物,17.11,-4.8387,4.0058,126.5187,69
600773.SH,西藏城投,区域地产,房地产,23.44,-0.678,-12.0921,47.4602,24
600774.SH,汉商集团,化学制药,医药生物,8.53,-0.6985,0.56,38.1539,14
600775.SH,南京熊猫,通信设备,通信,13.14,-3.0258,0.344,1118.9119,90
600776.SH,东方通信,通信设备,通信,16.89,-2.3699,10.0226,51.5366,5
600778.SH,友好集团,百货,商贸零售,6.24,-1.1094,5.901,147.0146,77
600779.SH,水井坊,白酒,食品饮料,33.43,2.2637,6.379,30.0675,11
600780.SH,通宝能源,火力发电,公用事业,7.28,5.0505,6.125,13.5731,26
600782.SH,新钢股份,普钢,钢铁,3.23,-0.3086,-2.8353,28.3998,26
600783.SH,鲁信创投,专用机械,机械设备,21.68,0.9311,6.8049,93.5061,27
600784.SH,鲁银投资,综合类,基础化工,7.7,1.0499,5.0394,24.9283,80
600785.SH,新华百货,百货,商贸零售,17.22,-0.9206,4.7273,29.1014,53
600787.SH,中储股份,仓储物流,交通运输,5.35,0.0,3.9469,21.2812,23
600789.SH,鲁抗医药,化学制药,医药生物,8.19,-0.122,3.5858,45.3507,6
600790.SH,轻纺城,商品城,商贸零售,3.78,1.3405,-0.2742,48.6264,20
600791.SH,京能置业,全国地产,房地产,12.29,-6.3976,-17.42,47.4602,12
600792.SH,云煤能源,焦炭加工,煤炭,4.22,2.4272,-17.4674,24.2568,20
600793.SH,宜宾纸业,造纸,轻工制造,18.2,-2.9851,11.5703,117.7627,2
600794.SH,保税科技,仓储物流,交通运输,3.55,-0.838,-3.6142,19.7001,12
600795.SH,国电电力,火力发电,公用事业,4.95,1.0204,12.4002,12.328,22
600796.SH,钱江生化,环境保护,环保,6.24,1.6287,4.9541,32.5039,19
600797.SH,浙大网新,软件服务,计算机,9.15,-0.4353,0.9222,545.1811,57
600798.SH,宁波海运,水运,交通运输,3.56,-1.1111,-0.8025,19.7001,19
600800.SH,渤海化学,化工原料,石油石化,4.86,-1.2195,-44.838,45.199,27
600801.SH,华新建材,水泥,建筑材料,23.0,1.1434,9.1522,16.7583,69
600802.SH,福建水泥,水泥,建筑材料,5.46,-2.1505,-12.0197,47.81715,12
600803.SH,新奥股份,供气供热,公用事业,20.97,0.6238,19.4592,13.8676,93
600805.SH,悦达投资,综合类,综合,5.28,-1.3084,0.8519,121.848,94
600807.SH,济高发展,医疗保健,医药生物,2.88,-1.0309,-53.86618,38.1539,74
600808.SH,马钢股份,普钢,钢铁,4.05,3.0534,-0.8832,28.3998,23
600809.SH,山西汾酒,白酒,食品饮料,142.38,3.9953,28.49996,14.1837,2
600810.SH,神马股份,化纤,基础化工,8.46,-2.0833,-2.6266,44.2648,59
600812.SH,华北制药,化学制药,医药生物,5.32,-1.2987,3.3575,49.8628,20
600814.SH,杭州解百,百货,商贸零售,7.74,-0.3861,6.0843,25.3467,22
600815.SH,厦工股份,工程机械,机械设备,4.07,-9.9558,-4.9397,57.75575,33
600816.SH,建元信托,多元金融,非银金融,2.63,-3.3088,0.8385,221.2181,27
600817.SH,宇通重工,专用机械,环保,12.76,1.9169,12.3895,21.9942,69
600818.SH,中路股份,文教休闲,汽车,8.21,-1.9116,-3.2902,37.8809,15
600819.SH,耀皮玻璃,玻璃,建筑材料,7.08,-0.8403,3.7148,50.9917,89
600820.SH,隧道股份,建筑工程,建筑装饰,6.05,-1.626,5.8579,8.5917,24
600821.SH,金开新能,新型电力,公用事业,9.58,5.9735,1.1049,186.1271,12
600822.SH,上海物贸,汽车服务,汽车,9.76,-1.2146,1.623,197.7202,21
600824.SH,益民集团,百货,商贸零售,3.93,-0.2538,0.7967,221.4777,80
600825.SH,新华传媒,出版业,传媒,5.81,-0.8532,1.7085,143.6611,93
600826.SH,兰生股份,文教休闲,社会服务,9.38,-0.2128,4.2715,24.1593,21
600827.SH,百联股份,超市连锁,商贸零售,8.1,0.3717,3.1513,22.9001,27
600828.SH,茂业商业,百货,商贸零售,5.14,-0.3876,-3.5831,48.6264,1
600829.SH,人民同泰,医药商业,医药生物,9.67,-0.4119,1.5946,41.0919,59
600830.SH,香溢融通,多元金融,非银金融,8.7,-0.9112,3.6447,49.2195,59
600831.SH,广电网络,影视音像,传媒,3.45,1.4706,-34.0714,46.5064,27
600833.SH,第一医药,医药商业,医药生物,11.43,-0.4355,5.0283,44.1558,59
600834.SH,申通地铁,公共交通,交通运输,8.14,-1.0936,3.1569,71.6639,22
600835.SH,上海机电,运输设备,机械设备,23.67,3.0923,1.2655,31.5461,59
600838.SH,上海九百,百货,商贸零售,9.72,-0.1028,2.9068,85.9588,89
600839.SH,四川长虹,家用电器,家用电器,9.28,-2.6233,6.6914,31.3427,43
600841.SH,动力新科,汽车配件,汽车,9.75,3.9446,28.49996,6.891524,69
600843.SH,上工申贝,纺织机械,机械设备,8.59,-9.9581,0.2504,57.75575,33
600844.SH,金煤科技,化工原料,基础化工,3.5,2.3392,-48.1636,44.2648,69
600845.SH,宝信软件,软件服务,计算机,23.27,0.5184,3.3944,53.8023,40
600846.SH,同济科技,建筑工程,建筑装饰,12.4,0.5677,4.019,29.3326,23
600847.SH,万里股份,电气设备,电力设备,14.35,-1.7796,-6.2437,59.1951,26
600848.SH,上海临港,园区开发,房地产,9.19,-1.0764,5.8581,23.9217,51
600850.SH,电科数字,软件服务,计算机,20.56,-1.1538,5.2542,27.7924,102
600851.SH,海欣股份,化学制药,医药生物,8.31,-1.6568,3.8886,56.9936,24
600853.SH,龙建股份,建筑工程,建筑装饰,4.02,-1.2285,6.7539,10.074,5
600854.SH,春兰股份,家用电器,房地产,5.18,0.3876,5.2309,21.0827,87
600855.SH,航天长峰,专用机械,国防军工,19.3,-3.7406,-11.2652,92.1232,15
600857.SH,宁波中百,百货,商贸零售,11.91,-0.6672,3.8286,82.1137,73
600858.SH,银座股份,百货,商贸零售,5.54,-0.3597,2.2217,48.6264,19
600859.SH,王府井,百货,商贸零售,12.35,2.4896,-0.2043,48.6264,80
600860.SH,京城股份,专用机械,机械设备,11.01,-1.8717,-5.5244,57.75575,19
600861.SH,北京人力,文教休闲,社会服务,16.36,0.7389,14.7266,8.0043,20
600862.SH,中航高科,航空,国防军工,21.53,-0.2317,13.9623,29.0955,93
600863.SH,华能蒙电,火力发电,公用事业,4.65,-2.5157,14.8246,14.9088,1
600864.SH,哈投股份,证券,非银金融,7.28,-2.2819,4.1692,24.3975,80
600865.SH,百大集团,百货,商贸零售,11.43,1.6904,1.0334,170.7252,1
600866.SH,星湖科技,饲料,基础化工,6.72,1.9727,12.5444,8.7155,5
600867.SH,通化东宝,生物制药,医药生物,9.56,-3.5318,18.0779,15.3592,15
600868.SH,梅雁吉祥,水力发电,公用事业,3.57,3.1792,-4.8075,27.54705,22
600869.SH,远东股份,电气设备,电力设备,16.52,-3.8417,2.2872,334.6157,69
600871.SH,石化油服,石油开采,石油石化,2.72,1.8727,7.36,78.2634,40
600872.SH,中炬高新,食品,食品饮料,21.2,0.2364,9.3879,26.6735,93
600873.SH,梅花生物,食品,基础化工,10.0,0.3009,21.22,11.7821,20
600874.SH,创业环保,环境保护,环保,6.22,0.4847,8.6546,11.3271,22
600875.SH,东方电气,电气设备,电力设备,43.82,3.8143,9.1188,39.5545,2
600876.SH,凯盛新能,玻璃,建筑材料,9.78,-0.3058,-25.6833,47.81715,24
600877.SH,电科芯片,半导体,电子,17.05,-1.502,0.4027,1028.4456,22
600879.SH,航天电子,航空,国防军工,25.02,-0.7537,1.0928,363.6889,40
600880.SH,博瑞传播,广告包装,社会服务,5.12,-1.5385,0.2581,388.5086,33
600881.SH,亚泰集团,综合类,综合,1.44,-2.7027,-42.5192,72.785904,59
600882.SH,妙可蓝多,乳制品,食品饮料,20.72,0.5825,2.6417,94.6514,30
600883.SH,博闻科技,种植业,农林牧渔,8.0,0.0,2.443,78.7543,15
600884.SH,杉杉股份,电气设备,电力设备,14.96,-1.3193,1.3033,59.1951,20
600885.SH,宏发股份,电气设备,电力设备,28.92,-0.5502,15.8803,25.4656,1
600886.SH,国投电力,水力发电,公用事业,13.51,0.0,9.7301,16.4291,20
600887.SH,伊利股份,乳制品,食品饮料,25.27,-0.0791,19.0448,19.9541,19
600888.SH,新疆众和,铝,有色金属,8.75,-2.1253,2.1708,19.2713,14
600893.SH,航发动力,航空,国防军工,50.36,3.7709,1.5845,211.6244,15
600894.SH,广日股份,运输设备,机械设备,9.9,0.0,7.7916,12.232,95
600895.SH,张江高科,园区开发,房地产,37.12,-1.2766,6.4125,58.2964,27
600897.SH,厦门空港,机场,交通运输,15.95,-0.1877,8.3683,14.9705,51
600900.SH,长江电力,水力发电,公用事业,26.95,0.3351,13.0706,19.2999,15
600901.SH,江苏金租,多元金融,非银金融,7.18,0.1395,9.954,13.1538,20
600903.SH,贵州燃气,供气供热,公用事业,6.35,0.9539,1.5087,154.9531,69
600905.SH,三峡能源,新型电力,公用事业,4.15,1.467,4.9028,32.3354,59
600906.SH,财达证券,证券,非银金融,6.32,-1.0955,5.4828,20.914,69
600908.SH,无锡银行,银行,银行,5.87,2.2648,10.0003,6.891524,102
600909.SH,华安证券,证券,非银金融,5.62,-1.0563,9.1139,13.3926,22
600916.SH,中国黄金,服饰,纺织服饰,8.93,-1.326,4.5727,36.7975,19
600917.SH,重庆燃气,供气供热,公用事业,5.28,0.7634,3.6644,36.5833,52
600918.SH,中泰证券,证券,非银金融,6.0,-0.1664,3.1154,33.1144,69
600919.SH,江苏银行,银行,银行,11.2,0.7194,9.5769,6.891524,93
600925.SH,苏能股份,煤炭开采,煤炭,4.7,1.2931,1.4443,147.7436,5
600926.SH,杭州银行,银行,银行,17.23,-1.0907,3.9787,6.891524,40
600927.SH,永安期货,多元金融,非银金融,14.53,-0.8868,3.6596,33.5226,91
600928.SH,西安银行,银行,银行,3.85,3.4946,7.2096,6.891524,52
600929.SH,雪天盐业,食品,基础化工,7.05,-2.6243,1.0152,177.6038,77
600930.SH,华电新能,新型电力,公用事业,6.39,5.2718,5.9894,41.6321,14
600933.SH,爱柯迪,汽车配件,汽车,16.82,-0.767,10.1201,15.8517,77
600935.SH,华塑股份,化工原料,基础化工,2.6,1.1673,-2.5915,44.2648,69
600936.SH,北投科技,软件服务,传媒,4.02,0.5,2.543,46.5064,27
600938.SH,中国海油,石油开采,石油石化,38.04,2.5613,15.7495,14.81,22
600939.SH,重庆建工,建筑工程,建筑装饰,2.85,-0.3497,-8.1332,40.5447,59
600941.SH,中国移动,电信运营,通信,95.85,0.0313,2.084,15.2855,21
600955.SH,维远股份,化工原料,基础化工,18.76,2.0675,-12.2459,44.2648,90
600956.SH,新天绿能,供气供热,公用事业,9.19,8.6288,7.7368,22.7076,77
600959.SH,江苏有线,影视音像,传媒,3.95,-2.4691,1.1433,76.4429,23
600960.SH,渤海汽车,汽车配件,汽车,5.08,-1.5504,4.6997,28.8496,12
600961.SH,株冶集团,铅锌,有色金属,29.16,-0.0685,21.6451,15.7054,21
600962.SH,国投中鲁,软饮料,农林牧渔,21.64,0.3711,4.4319,138.6613,27
600963.SH,岳阳林纸,造纸,轻工制造,4.97,0.0,-2.9678,38.3958,33
600965.SH,福成股份,农业综合,农林牧渔,5.28,0.3802,2.4853,56.4707,30
600966.SH,博汇纸业,造纸,轻工制造,6.81,0.2946,1.7133,61.4663,80
600967.SH,内蒙一机,运输设备,国防军工,14.61,-1.8805,3.2946,47.6306,12
600968.SH,海油发展,石油开采,石油石化,4.27,0.9456,13.6921,11.1744,17
600969.SH,郴电国际,水力发电,公用事业,10.14,-1.4577,2.2507,27.54705,40
600970.SH,中材国际,建筑工程,建筑装饰,10.13,-0.8806,12.9888,9.2794,22
600971.SH,恒源煤电,煤炭开采,煤炭,7.79,3.8667,-1.5897,24.2568,15
600973.SH,宝胜股份,电气设备,电力设备,7.44,-1.847,-1.2486,59.1951,12
600975.SH,新五丰,农业综合,农林牧渔,5.6,-1.0601,-0.4372,280.778,89
600976.SH,健民集团,中成药,医药生物,32.91,0.1217,3.2491,14.9627,22
600977.SH,中国电影,影视音像,传媒,14.3,-0.6944,1.0539,229.0833,17
600979.SH,广安爱众,水力发电,公用事业,5.39,2.4715,3.2869,46.3117,74
600980.SH,北矿科技,专用机械,机械设备,22.59,-2.5032,8.6509,34.3247,17
600981.SH,苏豪汇鸿,商贸代理,商贸零售,2.88,0.0,1.026,39.177,87
600982.SH,宁波能源,供气供热,公用事业,6.35,3.5889,7.061,20.3994,40
600983.SH,惠而浦,家用电器,家用电器,10.8,2.2727,18.3925,15.927,40
600984.SH,建设机械,工程机械,机械设备,4.08,-2.1583,-21.8345,57.75575,59
600985.SH,淮北矿业,煤炭开采,煤炭,14.18,2.3827,3.5927,25.359,19
600986.SH,浙文互联,互联网,传媒,12.13,9.9728,1.6637,210.9578,12
600987.SH,航民股份,纺织,纺织服饰,7.44,0.1346,11.2454,10.3357,69
600988.SH,赤峰黄金,黄金,有色金属,41.17,-4.7432,28.49996,25.3831,27
600989.SH,宝丰能源,化工原料,基础化工,28.78,2.2017,24.8376,18.5946,91
600990.SH,四创电子,通信设备,国防军工,23.72,-1.8212,-16.4755,92.1232,102
600992.SH,贵绳股份,钢加工,机械设备,11.88,-1.0,-4.3255,57.75575,77
600993.SH,马应龙,中成药,医药生物,25.09,0.6822,11.9782,18.9208,80
600995.SH,南网储能,水力发电,公用事业,14.83,5.5516,7.6796,26.8032,69
600996.SH,贵广网络,影视音像,传媒,8.58,-0.9238,-30.6231,46.5064,12
600997.SH,开滦股份,焦炭加工,煤炭,5.85,2.2727,-0.2318,24.2568,19
600998.SH,九州通,医药商业,医药生物,5.41,0.7449,7.1197,9.7894,22
600999.SH,招商证券,证券,非银金融,15.46,0.0647,9.2098,10.8869,69
601000.SH,唐山港,港口,交通运输,4.91,1.2371,9.4592,14.5601,93
601001.SH,晋控煤业,煤炭开采,煤炭,17.95,2.1047,6.8464,15.536,69
601002.SH,晋亿实业,机械基件,机械设备,6.43,-3.0166,5.6959,25.3372,22
601005.SH,重庆钢铁,普钢,钢铁,1.4,0.0,-17.8373,28.3998,19
601006.SH,大秦铁路,铁路,交通运输,5.29,0.7619,3.8743,16.0026,6
601007.SH,金陵饭店,酒店餐饮,社会服务,8.47,-2.4194,3.9918,52.0769,27
601008.SH,连云港,港口,交通运输,4.81,0.4175,4.1186,34.9759,15
601009.SH,南京银行,银行,银行,11.79,2.4327,11.0463,6.891524,43
601010.SH,文峰股份,百货,商贸零售,2.34,-2.5,0.3901,40.523,87
601011.SH,宝泰隆,焦炭加工,煤炭,3.11,-0.639,0.8729,24.2568,15
601012.SH,隆基绿能,电气设备,电力设备,17.53,-0.114,-5.7551,59.1951,69
601015.SH,陕西黑猫,焦炭加工,煤炭,4.07,2.005,-12.405,24.2568,5
601016.SH,节能风电,新型电力,公用事业,4.48,10.0737,3.9149,42.7577,80
601018.SH,宁波港,港口,交通运输,3.83,0.0,6.4993,14.4163,69
601019.SH,山东出版,出版业,传媒,7.62,-0.3922,7.7444,13.546,69
601020.SH,华钰矿业,铅锌,有色金属,32.56,-3.9245,20.9542,29.6078,91
601021.SH,春秋航空,空运,交通运输,48.2,-0.1243,13.0395,20.3485,93
601022.SH,宁波远洋,水运,交通运输,8.76,-1.0169,10.9754,17.5261,22
601026.SH,道生天合,电气设备,基础化工,19.09,2.8556,9.2009,62.117,27
601033.SH,永兴股份,环境保护,环保,14.97,1.0121,8.0802,15.6564,93
601038.SH,一拖股份,农用机械,机械设备,12.76,0.7103,10.8867,17.6583,21
601058.SH,赛轮轮胎,汽车配件,汽车,13.6,-0.4392,14.154,12.1162,40
601059.SH,信达证券,证券,非银金融,16.75,-0.5344,7.3004,28.6847,22
601061.SH,中信金属,商贸代理,商贸零售,13.99,-2.0308,5.7998,19.6135,14
601065.SH,江盐集团,化工原料,基础化工,8.36,-1.993,5.6669,21.4272,74
601066.SH,中信建投,证券,非银金融,21.62,-0.8257,8.3694,17.7659,33
601068.SH,中铝国际,建筑工程,建筑装饰,6.32,0.0,3.8511,73.3026,2
601069.SH,西部黄金,黄金,有色金属,32.29,-4.3826,10.0757,62.3279,95
601077.SH,渝农商行,银行,银行,7.45,0.2692,9.0234,6.9761,69
601083.SH,锦江航运,水运,交通运输,12.91,-1.2242,16.6337,11.1357,59
601086.SH,国芳集团,百货,商贸零售,8.33,-1.7689,4.4081,78.9379,1
601088.SH,中国神华,煤炭开采,煤炭,46.98,2.4199,12.6437,19.2808,89
601089.SH,福元医药,化学制药,医药生物,22.09,-1.6036,12.8173,22.5906,24
601096.SH,宏盛华源,钢加工,建筑装饰,5.58,-0.5348,8.1959,40.2197,59
601098.SH,中南传媒,出版业,传媒,11.14,0.0898,10.0411,12.5509,24
601099.SH,太平洋,证券,非银金融,3.75,-1.3158,2.5006,77.5954,91
601100.SH,恒立液压,工程机械,机械设备,100.22,-0.8508,16.5431,49.1482,23
601101.SH,昊华能源,煤炭开采,煤炭,9.36,9.9882,2.6422,24.2568,95
601106.SH,中国一重,工程机械,机械设备,4.19,-1.8735,-1.4797,57.75575,59
601107.SH,四川成渝,路桥,交通运输,6.29,1.9449,7.8492,12.712,33
601108.SH,财通证券,证券,非银金融,8.24,-1.199,5.5204,13.1706,23
601111.SH,中国国航,空运,交通运输,6.85,-2.4217,-4.0374,19.7001,7
601112.SH,振石股份,玻璃,建筑材料,20.19,0.2981,22.3095,47.8752,95
601113.SH,华鼎股份,化纤,基础化工,4.58,-1.2931,5.7148,22.6252,91
601116.SH,三江购物,超市连锁,商贸零售,13.85,0.1446,3.5637,55.7903,69
601117.SH,中国化学,建筑工程,建筑装饰,8.58,0.5862,9.9426,8.1408,95
601118.SH,海南橡胶,橡胶,农林牧渔,6.85,1.3314,-2.7669,101.5321,22
601121.SH,宝地矿业,普钢,钢铁,7.73,-0.8974,4.5141,54.214,12
601126.SH,四方股份,电气设备,电力设备,52.28,-2.0974,17.5071,52.5448,69
601127.SH,赛力斯,汽车整车,汽车,92.48,2.2217,22.4014,27.0446,69
601128.SH,常熟银行,银行,银行,7.36,0.4093,11.3611,6.891524,80
601133.SH,柏诚股份,建筑工程,建筑装饰,23.34,-0.8496,6.9848,60.0685,26
601136.SH,首创证券,证券,非银金融,16.23,-0.9158,7.8296,41.9935,94
601137.SH,博威合金,小金属,有色金属,20.13,-1.2751,1.4451,148.0379,91
601138.SH,工业富联,通信设备,电子,67.92,1.5398,22.0901,38.1972,26
601139.SH,深圳燃气,供气供热,公用事业,7.1,2.3055,8.7856,14.1653,26
601155.SH,新城控股,区域地产,房地产,14.31,-1.6495,1.1107,47.4602,69
601156.SH,东航物流,仓储物流,交通运输,17.06,-0.9867,14.4289,10.0756,61
601158.SH,重庆水务,水务,环保,4.38,0.2288,4.7206,25.9944,87
601162.SH,天风证券,证券,非银金融,3.74,-1.3193,0.6023,57.1008,80
601163.SH,三角轮胎,汽车配件,汽车,14.07,0.788,5.0261,12.4856,12
601166.SH,兴业银行,银行,银行,18.2,-0.1098,8.6867,6.891524,19
601168.SH,西部矿业,铜,有色金属,28.9,-1.8342,20.5017,18.906,59
601169.SH,北京银行,银行,银行,5.48,0.9208,5.6716,6.891524,69
601177.SH,杭齿前进,机械基件,机械设备,14.59,-1.552,9.2291,23.4633,43
601179.SH,中国西电,电气设备,电力设备,18.02,0.39,5.6423,72.7494,57
601186.SH,中国铁建,建筑工程,建筑装饰,6.86,-0.2907,5.4934,6.891524,91
601187.SH,厦门银行,银行,银行,8.0,3.0928,6.0647,8.0156,21
601188.SH,龙江交通,路桥,交通运输,3.28,0.3058,3.7084,25.4734,15
601198.SH,东兴证券,证券,非银金融,12.84,-0.3879,6.8248,19.7475,7
601199.SH,江南水务,水务,环保,5.66,0.3546,6.1658,13.0416,95
601200.SH,上海环境,环境保护,环保,8.19,1.3614,5.2756,18.2803,20
601208.SH,东材科技,化工原料,基础化工,34.13,-6.8504,3.0805,90.6362,27
601211.SH,国泰海通,证券,非银金融,16.79,-0.0595,11.0972,10.6436,23
601212.SH,白银有色,铜,有色金属,7.76,-5.5961,-1.3878,324.8596,22
601216.SH,君正集团,化工原料,基础化工,5.24,0.3831,9.9822,13.1505,27
601218.SH,吉鑫科技,电气设备,电力设备,6.29,1.4516,4.6527,45.1002,53
601222.SH,林洋能源,新型电力,公用事业,6.28,1.9481,2.3017,63.5542,12
601225.SH,陕西煤业,煤炭开采,煤炭,26.12,2.5118,13.7426,15.3032,59
601226.SH,华电科工,建筑工程,建筑装饰,9.4,-1.2605,3.611,69.7124,51
601228.SH,广州港,港口,交通运输,3.26,0.9288,3.9004,29.9342,61
601229.SH,上海银行,银行,银行,9.87,1.3347,7.0278,6.891524,27
601231.SH,环旭电子,元器件,电子,41.3,-6.7299,9.5894,53.2362,87
601233.SH,桐昆股份,化纤,石油石化,20.28,0.9457,4.1621,27.6667,7
601236.SH,红塔证券,证券,非银金融,7.68,-0.3891,4.8883,29.8503,14
601238.SH,广汽集团,汽车整车,汽车,7.1,-0.838,-8.0002,37.8809,19
601279.SH,英利汽车,汽车配件,汽车,3.81,-1.039,-2.0003,37.8809,95
601288.SH,农业银行,银行,银行,7.03,-0.5658,9.1985,8.4537,95
601298.SH,青岛港,港口,交通运输,9.13,1.6704,11.9534,11.2423,43
601311.SH,骆驼股份,电气设备,电力设备,10.69,-1.6559,8.5334,14.9683,90
601318.SH,中国平安,保险,非银金融,57.88,-0.2585,13.9737,7.7763,24
601319.SH,中国人保,保险,非银金融,7.27,-0.6831,16.1482,6.8925,96
601326.SH,秦港股份,港口,交通运输,3.56,0.565,8.0797,12.3836,15
601328.SH,交通银行,银行,银行,6.99,0.2869,7.9238,6.891524,32
601330.SH,绿色动力,环境保护,环保,9.19,5.7537,7.5679,21.2908,26
601333.SH,广深铁路,铁路,交通运输,3.05,-0.3268,5.1471,15.1529,1
601336.SH,新华保险,保险,非银金融,62.85,-1.3189,28.49996,6.891524,24
601339.SH,百隆东方,纺织,纺织服饰,8.25,-2.9412,6.9799,18.8551,52
601360.SH,三六零,互联网,计算机,10.97,-1.0821,-0.4105,92.9079,69
601366.SH,利群股份,百货,商贸零售,3.84,-1.5385,-7.7263,48.6264,19
601368.SH,绿城水务,水务,环保,4.77,0.8457,1.9939,44.2299,24
601369.SH,陕鼓动力,机械基件,机械设备,9.16,0.7701,8.4148,21.1068,52
601375.SH,中原证券,证券,非银金融,4.01,-0.7426,3.205,40.8451,23
601377.SH,兴业证券,证券,非银金融,5.92,-1.0033,4.8058,17.8114,1
601388.SH,怡球资源,铝,有色金属,4.11,-1.4388,2.1763,233.2369,20
601390.SH,中国中铁,建筑工程,建筑装饰,5.24,-0.3802,6.3082,6.891524,89
601398.SH,工商银行,银行,银行,7.58,0.7979,8.9739,7.33,80
601399.SH,国机重装,工程机械,机械设备,4.32,-0.4608,3.172,67.2311,20
601456.SH,国联民生,证券,非银金融,9.34,-0.2137,5.653,26.4106,15
601500.SH,通用股份,汽车配件,汽车,4.27,0.4706,1.8279,65.1636,33
601512.SH,中新集团,园区开发,房地产,11.35,9.9806,7.0991,16.1101,14
601515.SH,衢州东峰,广告包装,轻工制造,4.54,-1.9438,-1.8514,38.3958,80
601518.SH,吉林高速,路桥,交通运输,2.85,0.7067,8.8433,10.9774,2
601519.SH,大智慧,软件服务,计算机,10.65,-2.7397,-3.1793,92.9079,96
601528.SH,瑞丰银行,银行,银行,5.38,2.0873,10.1704,6.891524,33
601555.SH,东吴证券,证券,非银金融,8.28,-0.4808,6.9853,11.8584,19
601566.SH,九牧王,服饰,纺织服饰,10.52,-1.1278,7.7325,17.2076,19
601567.SH,三星医疗,电气设备,电力设备,25.52,-0.0783,12.4714,18.1882,91
601568.SH,北元集团,化工原料,基础化工,3.99,-1.7241,0.1803,386.6391,20
601577.SH,长沙银行,银行,银行,9.96,3.2124,8.2567,6.891524,15
601579.SH,会稽山,红黄酒,食品饮料,19.31,2.3317,6.5443,37.8449,95
601588.SH,北辰实业,区域地产,房地产,1.77,-1.1173,-36.4367,47.4602,51
601595.SH,上海电影,影视音像,传媒,25.01,-0.4775,0.7716,184.8814,89
601598.SH,中国外运,仓储物流,交通运输,6.11,-0.1634,9.9479,10.8985,95
601599.SH,浙文影业,纺织,纺织服饰,3.75,0.0,8.7647,32.7923,23
601600.SH,中国铝业,铝,有色金属,11.9,-1.4901,17.5885,16.1074,77
601601.SH,中国太保,保险,非银金融,36.96,-0.2429,18.0285,6.891524,22
601606.SH,长城军工,专用机械,国防军工,38.94,-2.3081,-0.8,92.1232,93
601607.SH,上海医药,医药商业,医药生物,16.97,0.059,7.7586,10.9931,15
601608.SH,中信重工,专用机械,机械设备,6.18,-0.9615,4.0839,75.3782,74
601609.SH,金田股份,铜,有色金属,10.66,-3.0909,6.3547,24.1643,22
601611.SH,中国核建,建筑工程,建筑装饰,14.03,-1.0578,3.4656,24.6472,59
601615.SH,明阳智能,电气设备,电力设备,16.68,-3.6395,2.9101,124.3463,22
601616.SH,广电电气,电气设备,电力设备,4.77,-0.8316,-0.313,212.9867,5
601618.SH,中国中冶,建筑工程,建筑装饰,2.94,-0.339,0.8561,46.0954,51
601619.SH,嘉泽新能,新型电力,公用事业,6.27,-0.6339,9.6377,25.5703,5
601628.SH,中国人寿,保险,非银金融,36.88,-0.5394,27.8904,6.891524,87
601633.SH,长城汽车,汽车整车,汽车,20.45,0.0,11.8232,17.7398,80
601636.SH,旗滨集团,玻璃,建筑材料,6.03,-1.4706,0.088,110.0765,33
601658.SH,邮储银行,银行,银行,5.19,0.5814,7.9828,7.1312,33
601665.SH,齐鲁银行,银行,银行,6.4,2.0734,2.9477,6.891524,43
601666.SH,平煤股份,煤炭开采,煤炭,8.07,2.4112,1.0482,34.107,92
601668.SH,中国建筑,建筑工程,建筑装饰,4.85,0.0,8.1928,6.891524,40
601669.SH,中国电建,建筑工程,建筑装饰,5.94,1.1925,4.44,9.5787,27
601677.SH,明泰铝业,铝,有色金属,18.05,-2.221,3.6076,10.0999,80
601678.SH,滨化股份,化工原料,基础化工,5.16,0.7813,1.9671,47.1113,77
601686.SH,友发集团,钢加工,钢铁,5.7,-2.8961,10.0571,12.3391,74
601688.SH,华泰证券,证券,非银金融,19.08,-1.548,8.2202,10.5126,26
601689.SH,拓普集团,汽车配件,汽车,57.97,-2.849,12.7339,36.2504,77
601696.SH,中银证券,证券,非银金融,12.25,-1.5273,4.6557,30.9405,19
601698.SH,中国卫通,电信运营,国防军工,38.2,1.2994,2.7825,365.7259,93
601699.SH,潞安环能,煤炭开采,煤炭,14.38,4.2785,3.3442,35.6801,1
601700.SH,风范股份,电气设备,电力设备,5.03,-0.789,-16.0639,59.1951,1
601702.SH,华峰铝业,铝,有色金属,19.4,-3.2419,20.0866,16.1179,1
601717.SH,中创智领,专用机械,机械设备,19.96,-0.7952,18.6113,8.3003,2
601718.SH,际华集团,服饰,纺织服饰,2.91,-1.3559,-1.49,33.2675,19
601727.SH,上海电气,电气设备,电力设备,8.07,0.1241,2.2361,103.9685,27
601728.SH,中国电信,电信运营,通信,5.96,0.5059,7.2677,16.4347,21
601766.SH,中国中车,运输设备,机械设备,5.97,-0.8306,7.7332,12.9984,15
601777.SH,千里科技,摩托车,汽车,10.84,4.7343,0.8116,580.6156,5
601778.SH,晶科科技,新型电力,公用事业,7.19,9.9388,2.2244,55.8102,74
601788.SH,光大证券,证券,非银金融,14.92,-1.388,5.3084,18.4719,77
601789.SH,宁波建工,建筑工程,建筑装饰,5.72,2.509,4.927,36.9578,27
601798.SH,蓝科高新,化工机械,机械设备,9.05,-0.9847,3.8623,65.9669,77
601799.SH,星宇股份,汽车配件,汽车,124.65,-2.4877,15.0549,21.9261,43
601800.SH,中国交建,建筑工程,建筑装饰,7.2,-1.2346,4.7253,7.9435,93
601801.SH,皖新传媒,出版业,传媒,6.07,0.0,6.8806,14.835,23
601808.SH,中海油服,石油开采,石油石化,15.24,2.0764,1.819,19.0852,22
601811.SH,新华文轩,出版业,传媒,13.74,0.3652,10.5028,10.8087,96
601816.SH,京沪高铁,铁路,交通运输,4.92,-0.4049,6.4329,18.2748,33
601818.SH,光大银行,银行,银行,3.18,0.0,6.5117,6.891524,93
601825.SH,沪农商行,银行,银行,8.89,-1.9846,9.7821,6.9488,1
601827.SH,三峰环境,环境保护,环保,8.04,1.1321,10.6116,10.9202,22
601828.SH,美凯龙,其他商业,商贸零售,2.37,0.0,-53.86618,48.6264,69
601838.SH,成都银行,银行,银行,18.16,3.2405,14.3451,6.891524,19
601857.SH,中国石油,石油开采,石油石化,11.82,3.2314,10.1438,13.7526,1
601858.SH,中国科传,出版业,传媒,23.84,5.7206,5.718,35.8688,22
601860.SH,紫金银行,银行,银行,2.74,2.2388,5.9651,6.891524,23
601865.SH,福莱特,玻璃,电力设备,14.54,-1.1557,4.4356,34.7403,14
601866.SH,中远海发,水运,交通运输,2.68,-0.7407,5.2694,21.9769,59
601868.SH,中国能建,建筑工程,建筑装饰,2.99,0.3356,4.9495,22.6492,43
601869.SH,长飞光纤,通信设备,通信,385.02,-6.5485,6.3987,391.7235,69
601872.SH,招商轮船,水运,交通运输,17.52,-2.4499,14.4784,23.5302,23
601877.SH,正泰电器,电气设备,电力设备,32.52,-0.276,10.3948,15.1753,69
601878.SH,浙商证券,证券,非银金融,9.46,-1.1494,6.7029,17.9355,27
601880.SH,辽港股份,港口,交通运输,1.61,-0.6173,3.2612,29.041,80
601881.SH,中国银河,证券,非银金融,12.57,-0.7893,8.6864,10.9783,57
601882.SH,海天精工,机床制造,机械设备,19.42,-1.0194,15.1841,23.6306,102
601886.SH,江河集团,装修装饰,建筑装饰,10.01,1.1111,8.3241,18.585,80
601888.SH,中国中免,旅游服务,商贸零售,66.28,-0.5253,6.4869,38.402,24
601890.SH,亚星锚链,船舶,国防军工,10.99,3.1925,5.7661,35.1393,51
601898.SH,中煤能源,煤炭开采,煤炭,17.6,4.8868,11.4622,13.0484,94
601899.SH,紫金矿业,铜,有色金属,34.4,-3.1804,24.4994,14.8277,2
601900.SH,南方传媒,出版业,传媒,13.15,-0.9043,12.1946,11.1201,12
601901.SH,方正证券,证券,非银金融,7.01,-0.2845,8.0225,14.5356,24
601908.SH,京运通,电气设备,公用事业,4.35,-2.4664,-2.5518,27.54705,80
601916.SH,浙商银行,银行,银行,2.98,0.3367,6.437,6.891524,19
601918.SH,新集能源,煤炭开采,煤炭,8.15,4.8906,13.1383,9.8839,19
601919.SH,中远海控,水运,交通运输,14.45,-0.0692,13.2216,7.1682,21
601921.SH,浙版传媒,出版业,传媒,7.99,1.1392,9.1573,13.8101,80
601928.SH,凤凰传媒,出版业,传媒,9.49,-0.7322,9.1092,13.4536,61
601929.SH,吉视传媒,影视音像,传媒,2.94,-1.6722,-6.6821,46.5064,22
601933.SH,永辉超市,超市连锁,商贸零售,3.87,1.8421,-53.86618,48.6264,61
601939.SH,建设银行,银行,银行,9.73,-0.6129,9.7031,7.5106,69
601949.SH,中国出版,出版业,传媒,6.35,1.4377,2.4754,21.244,22
601952.SH,苏垦农发,种植业,农林牧渔,10.26,3.3233,7.8846,25.8065,33
601956.SH,东贝集团,家用电器,家用电器,6.01,-1.6367,3.0355,49.1587,33
601958.SH,金钼股份,小金属,有色金属,19.43,-5.6338,17.5742,19.8722,61
601963.SH,重庆银行,银行,银行,11.04,1.4706,9.1165,7.0794,69
601965.SH,中国汽研,汽车服务,汽车,16.73,-6.222,14.2007,16.0712,95
601966.SH,玲珑轮胎,汽车配件,汽车,14.03,-0.8481,5.1942,16.9993,7
601968.SH,宝钢包装,广告包装,轻工制造,5.29,1.341,3.889,35.3033,7
601969.SH,海南矿业,普钢,钢铁,11.2,-0.7092,6.2244,51.7593,1
601975.SH,招商南油,水运,交通运输,4.51,0.0,11.6777,16.095,43
601985.SH,中国核电,新型电力,公用事业,9.09,1.4509,7.0571,23.8284,15
601988.SH,中国银行,银行,银行,5.82,-0.3425,8.2656,7.7165,69
601990.SH,南京证券,证券,非银金融,7.3,-0.545,5.1021,26.3538,27
601991.SH,大唐发电,火力发电,公用事业,4.21,1.4458,9.4146,10.5484,59
601992.SH,金隅集团,水泥,建筑材料,1.7,-1.1628,-1.3949,47.81715,87
601995.SH,中金公司,证券,非银金融,34.17,0.2053,8.2479,16.8476,57
601996.SH,丰林集团,家居用品,轻工制造,2.59,-2.6316,-5.0493,38.3958,80
601997.SH,贵阳银行,银行,银行,6.28,6.9847,2.1056,6.891524,69
601998.SH,中信银行,银行,银行,8.37,0.1196,8.7286,6.891524,5
601999.SH,出版传媒,出版业,传媒,7.49,-1.8349,3.9755,39.2877,27
603000.SH,人民网,互联网,传媒,19.63,-0.8085,0.9069,116.2466,22
603001.SH,奥康国际,服饰,纺织服饰,8.63,-2.3756,-8.3314,33.2675,61
603002.SH,宏昌电子,化工原料,电子,13.87,-0.072,1.0256,444.6971,22
603004.SH,鼎龙科技,化工原料,基础化工,21.36,-0.2335,7.2932,33.7233,22
603005.SH,晶方科技,半导体,电子,31.69,-1.0615,8.3212,55.9154,61
603006.SH,联明股份,汽车配件,汽车,12.73,-2.0015,4.2596,43.7669,95
603008.SH,喜临门,家居用品,轻工制造,12.25,-4.595,10.4018,13.0188,40
603009.SH,北特科技,汽车配件,汽车,48.2,-6.0062,7.0409,139.6583,61
603010.SH,万盛股份,化工原料,基础化工,12.81,-3.028,-30.6536,44.2648,69
603011.SH,合锻智能,专用机械,机械设备,21.78,-2.0683,-2.0892,57.75575,1
603012.SH,创力集团,专用机械,机械设备,9.01,0.6704,2.3286,36.5568,33
603013.SH,亚普股份,汽车配件,汽车,19.09,-1.9517,12.1185,18.3675,96
603014.SH,威高血净,医疗保健,医药生物,37.14,-0.8278,7.586,32.1698,33
603015.SH,弘讯科技,电气设备,机械设备,11.98,-2.6807,2.3317,104.3104,80
603016.SH,新宏泰,电气设备,电力设备,52.76,-2.1695,5.7204,117.9678,59
603017.SH,中衡设计,建筑工程,建筑装饰,16.46,10.0267,3.3418,92.6742,59
603018.SH,华设集团,建筑工程,建筑装饰,7.28,-0.5464,5.1952,18.1501,51
603019.SH,中科曙光,IT设备,计算机,91.68,-0.1742,10.2089,60.5526,33
603020.SH,爱普股份,食品,基础化工,11.02,-0.8993,3.4141,23.1715,7
603022.SH,新通联,广告包装,轻工制造,10.38,-0.9542,4.5221,39.5744,33
603023.SH,威帝股份,汽车配件,汽车,4.33,-1.1416,0.0916,1092.0247,23
603025.SH,大豪科技,纺织机械,机械设备,16.16,-1.3431,8.3667,23.1447,14
603026.SH,石大胜华,化工原料,电力设备,102.76,-1.984,0.3611,1393.4236,40
603027.SH,千禾味业,食品,食品饮料,9.48,0.2114,7.3667,29.9286,61
603028.SH,赛福天,钢加工,机械设备,8.05,-5.2941,-9.1475,57.75575,7
603029.SH,天鹅股份,农用机械,机械设备,18.43,-1.5491,8.0717,29.9653,7
603030.SH,全筑股份,装修装饰,建筑装饰,2.47,-3.1373,-9.8288,40.5447,59
603031.SH,安孚科技,电气设备,电力设备,56.36,-2.9948,9.8667,64.2978,12
603032.SH,德新科技,专用机械,电力设备,21.87,-3.4437,3.8013,119.8548,33
603033.SH,三维股份,橡胶,基础化工,11.22,-0.089,-3.7844,44.2648,95
603035.SH,常熟汽饰,汽车配件,汽车,13.37,-1.0363,6.6007,14.1483,69
603036.SH,如通股份,专用机械,机械设备,17.52,-1.573,7.7659,34.3148,95
603037.SH,凯众股份,汽车配件,汽车,14.66,-2.0708,7.4473,53.1781,33
603038.SH,华立股份,家居用品,建筑材料,16.93,2.2961,3.4002,129.895,96
603039.SH,泛微网络,软件服务,计算机,46.91,3.5541,12.5893,41.6573,1
603040.SH,新坐标,汽车配件,汽车,82.3,-2.7072,14.908,43.3319,23
603041.SH,美思德,化工原料,基础化工,12.83,0.0,3.0213,74.2085,7
603042.SH,华脉科技,通信设备,通信,20.18,-6.3573,-7.2537,114.6508,12
603043.SH,广州酒家,食品,食品饮料,15.49,0.454,12.4886,18.0545,33
603045.SH,福达合金,小金属,有色金属,36.31,-2.7845,5.5791,82.5608,59
603048.SH,浙江黎明,汽车配件,汽车,22.42,-2.1815,2.4477,105.6954,95
603049.SH,中策橡胶,汽车配件,汽车,48.73,-0.9754,4.8428,10.1087,5
603050.SH,科林电气,电气设备,电力设备,19.42,-2.0676,14.5643,30.3612,22
603051.SH,鹿山新材,塑料,基础化工,22.16,-3.0197,0.7328,44.2648,6
603052.SH,可川科技,元器件,电子,94.66,3.6121,2.2602,521.2393,51
603053.SH,成都燃气,供气供热,公用事业,9.67,1.0449,10.0694,17.8622,80
603055.SH,台华新材,纺织,纺织服饰,9.22,-0.8602,10.2885,15.4508,87
603057.SH,紫燕食品,食品,食品饮料,27.05,-1.7078,11.6572,47.1941,59
603058.SH,永吉股份,广告包装,轻工制造,12.03,-0.2488,6.8437,60.6747,69
603059.SH,倍加洁,日用化工,美容护理,35.51,1.4571,7.5289,38.55535,5
603060.SH,国检集团,建筑工程,社会服务,6.63,9.9502,-1.2647,43.1954,1
603061.SH,金海通,半导体,电子,246.44,-1.3806,4.9668,91.8728,95
603062.SH,麦加芯彩,染料涂料,基础化工,51.5,4.1456,10.1315,26.4604,6
603063.SH,禾望电气,电气设备,电力设备,41.79,0.0479,0.9854,40.2138,80
603065.SH,宿迁联盛,化工原料,基础化工,8.02,-1.2315,0.4368,91.9891,22
603066.SH,音飞储存,仓储物流,交通运输,10.11,0.6972,4.4218,452.1926,40
603067.SH,振华股份,化工原料,基础化工,37.66,-1.025,12.343,51.6177,33
603068.SH,博通集成,半导体,电子,32.78,-1.8857,0.5552,266.8108,39
603069.SH,海汽集团,公共交通,交通运输,16.65,-1.4793,-5.9388,19.7001,52
603070.SH,万控智造,电气设备,电力设备,14.74,-1.9947,4.1395,66.2946,43
603071.SH,物产环能,批发业,煤炭,14.25,-0.3497,11.2591,12.1124,43
603072.SH,天和磁材,矿物制品,有色金属,35.88,-3.0008,5.705,63.486,6
603073.SH,彩蝶实业,纺织,基础化工,19.75,-1.2006,4.5961,23.6207,33
603075.SH,热威股份,家用电器,家用电器,23.61,0.4681,15.1055,29.4093,69
603076.SH,乐惠国际,专用机械,机械设备,30.19,4.6447,2.5804,257.1621,22
603077.SH,和邦生物,化工原料,基础化工,2.89,-3.6667,0.9649,44.2648,1
603078.SH,江化微,半导体,电子,23.65,-1.1701,4.1132,100.0477,14
603079.SH,圣达生物,食品,基础化工,16.59,-1.3674,3.761,51.3391,7
603080.SH,新疆火炬,供气供热,公用事业,21.82,0.8318,10.3461,16.8111,51
603081.SH,大丰实业,专用机械,机械设备,11.83,-0.1688,0.1187,84.938,22
603082.SH,北自科技,运输设备,机械设备,36.5,-1.5907,10.7171,34.3613,43
603083.SH,剑桥科技,通信设备,通信,164.33,-4.5592,5.3992,219.9404,40
603085.SH,天成自控,汽车配件,汽车,11.79,-1.0076,5.7474,616.2193,69
603086.SH,先达股份,农药化肥,基础化工,7.36,-2.7741,6.723,23.3584,7
603087.SH,甘李药业,生物制药,医药生物,59.48,-9.4397,1.6413,34.6899,69
603088.SH,宁波精达,机床制造,机械设备,13.56,-2.235,12.519,56.7152,7
603089.SH,正裕工业,汽车配件,汽车,11.9,-7.2486,7.8094,31.12,22
603090.SH,宏盛股份,专用机械,机械设备,68.85,-1.3752,13.6002,83.5707,69
603091.SH,众鑫股份,家居用品,轻工制造,82.09,-0.1945,12.6922,31.5245,40
603092.SH,德力佳,机械基件,电力设备,74.8,4.1058,19.7212,36.1627,69
603093.SH,南华期货,多元金融,非银金融,20.66,-2.9591,3.6072,24.4978,40
603095.SH,越剑智能,纺织机械,机械设备,17.52,-4.1051,3.5687,52.9958,40
603096.SH,新经典,出版业,传媒,17.74,1.4874,4.073,35.5326,61
603097.SH,江苏华辰,电气设备,电力设备,32.69,-0.2441,6.6933,53.3254,33
603098.SH,森特股份,装修装饰,建筑装饰,15.38,0.7864,3.6849,80.5237,69
603099.SH,长白山,旅游景点,社会服务,34.62,-1.4518,9.7307,72.8962,7
603100.SH,川仪股份,电器仪表,机械设备,19.29,-1.732,14.2793,15.4061,7
603101.SH,汇嘉时代,百货,商贸零售,10.31,0.6836,5.4947,63.0701,33
603102.SH,百合股份,医疗保健,食品饮料,40.04,-0.0998,7.8761,20.9823,7
603103.SH,横店影视,影视音像,传媒,22.49,-3.6831,13.2358,89.5854,95
603105.SH,芯能科技,电气设备,公用事业,12.05,2.728,8.3361,31.1023,33
603106.SH,恒银科技,IT设备,计算机,8.78,-2.0089,1.362,48.76,80
603107.SH,上海汽配,汽车配件,汽车,14.14,-0.4225,7.4151,30.5211,87
603108.SH,润达医疗,医药商业,医药生物,13.62,-1.9438,-3.8148,38.1539,21
603109.SH,神驰机电,电气设备,汽车,23.79,-3.0167,6.9279,37.1399,21
603110.SH,东方材料,染料涂料,基础化工,18.16,-0.9815,0.4564,820.6512,23
603111.SH,康尼机电,运输设备,机械设备,6.95,1.4599,6.6123,16.4762,14
603112.SH,华翔股份,机械基件,家用电器,20.58,-6.7512,3.3061,19.4371,59
603113.SH,金能科技,化工原料,基础化工,7.13,-0.8345,0.2645,274.5022,93
603115.SH,海星股份,铝,有色金属,58.55,9.3167,1.8494,63.4544,74
603116.SH,红蜻蜓,服饰,纺织服饰,5.96,4.1958,-1.9185,33.2675,15
603117.SH,万林物流,仓储物流,交通运输,4.4,-1.3453,1.3772,377.5297,59
603118.SH,共进股份,通信设备,通信,14.57,-3.8918,1.7254,114.6508,1
603119.SH,浙江荣泰,汽车配件,汽车,77.77,-2.7753,14.3959,101.6173,59
603120.SH,肯特催化,化工原料,基础化工,37.52,-5.0127,7.1856,38.1053,43
603121.SH,华培动力,汽车配件,汽车,20.99,-1.4554,2.2712,324.6587,95
603122.SH,合富中国,医药商业,医药生物,15.45,-2.9523,-3.0182,38.1539,14
603123.SH,翠微股份,多元金融,商贸零售,11.56,-2.0339,-1.8474,48.6264,69
603124.SH,江南新材,铜,有色金属,124.02,-2.7675,10.8795,87.7208,22
603125.SH,常青科技,化工原料,基础化工,18.6,-0.161,6.6164,47.6177,69
603126.SH,中材节能,环境保护,环保,8.15,-0.6098,0.6708,362.8439,80
603127.SH,昭衍新药,医疗保健,医药生物,37.3,-1.1135,3.6314,93.8443,91
603128.SH,华贸物流,仓储物流,交通运输,5.58,-0.1789,5.0928,19.5747,33
603129.SH,春风动力,摩托车,汽车,272.1,-0.7659,24.4649,24.8162,69
603130.SH,云中马,纺织,纺织服饰,48.23,1.3022,7.6057,63.4201,42
603131.SH,上海沪工,专用机械,机械设备,21.06,-2.6352,-1.363,57.75575,62
603132.SH,金徽股份,铅锌,有色金属,18.94,-1.5081,6.1949,28.3506,87
603135.SH,中重科技,专用机械,机械设备,11.87,1.2799,-0.1057,162.389,27
603136.SH,天目湖,旅游景点,社会服务,10.67,-0.6518,7.0337,31.3507,19
603137.SH,恒尚节能,装修装饰,建筑装饰,13.07,-1.1346,-2.9544,40.5447,20
603138.SH,海量数据,软件服务,计算机,20.1,-0.3964,-5.6846,92.9079,12
603139.SH,康惠股份,中成药,医药生物,35.3,-1.314,-16.7497,38.1539,22
603150.SH,万朗磁塑,塑料,基础化工,60.1,-3.3451,6.7093,46.1467,69
603151.SH,邦基科技,饲料,农林牧渔,15.19,-0.589,0.2929,29.9134,77
603153.SH,上海建科,建筑工程,建筑装饰,16.81,0.2983,2.9201,22.5952,69
603155.SH,新亚强,化工原料,基础化工,16.32,-2.4507,3.5548,54.7337,1
603156.SH,养元饮品,软饮料,食品饮料,33.26,-0.8939,11.7785,26.0029,80
603158.SH,腾龙股份,汽车配件,汽车,13.1,-4.0996,6.2713,41.1554,2
603159.SH,上海亚虹,专用机械,机械设备,25.68,-1.496,-0.8308,548.575,27
603160.SH,汇顶科技,半导体,电子,70.74,0.0566,9.252,39.3609,52
603161.SH,科华控股,汽车配件,汽车,14.42,-2.3035,5.5476,30.398,69
603162.SH,海通发展,水运,交通运输,14.15,-3.0158,4.592,21.6084,7
603163.SH,圣晖集成,建筑工程,建筑装饰,104.57,-3.7552,13.5633,67.6626,51
603165.SH,荣晟环保,造纸,轻工制造,17.19,0.703,9.977,24.6188,1
603166.SH,福达股份,汽车配件,汽车,13.5,-1.9608,12.5375,27.5318,33
603167.SH,渤海轮渡,水运,交通运输,9.4,0.7503,7.6389,15.265,22
603168.SH,莎普爱思,化学制药,医药生物,6.37,-1.6975,-16.2351,38.1539,51
603169.SH,兰石重装,专用机械,机械设备,8.82,-10.0,-19.9596,57.75575,12
603170.SH,宝立食品,食品,食品饮料,13.32,1.5244,13.7673,21.1761,14
603171.SH,税友股份,软件服务,计算机,56.02,-6.3367,1.2214,159.4385,24
603172.SH,万丰股份,染料涂料,基础化工,20.75,-3.4884,3.4695,49.4478,27
603173.SH,福斯达,机械基件,机械设备,40.29,-1.8514,19.5898,16.1809,33
603175.SH,超颖电子,元器件,电子,98.08,-3.862,9.7429,185.2773,52
603176.SH,汇通集团,建筑工程,建筑装饰,5.43,0.3697,-2.5683,40.5447,69
603177.SH,德创环保,环境保护,环保,11.6,-1.3605,3.4639,201.5515,22
603178.SH,圣龙股份,汽车配件,汽车,19.08,-9.8299,-5.8092,37.8809,69
603179.SH,新泉股份,汽车配件,汽车,62.01,-3.7112,12.5221,38.8112,19
603180.SH,金牌家居,家居用品,轻工制造,18.84,-0.2119,2.2994,20.1205,61
603181.SH,皇马科技,化工原料,基础化工,15.58,3.6593,3.1848,20.5072,51
603182.SH,嘉华股份,食品,农林牧渔,14.74,1.1668,7.5725,21.1198,93
603183.SH,建研院,建筑工程,社会服务,4.72,3.2823,0.4558,205.2732,59
603185.SH,弘元绿能,电气设备,电力设备,24.53,-1.7621,1.9622,59.1951,87
603186.SH,华正新材,元器件,电子,69.8,-5.6247,1.5185,37.8378,74
603187.SH,海容冷链,机械基件,机械设备,15.27,1.1258,7.1907,15.4349,95
603188.SH,亚邦股份,染料涂料,基础化工,4.76,-0.8333,2.7256,44.2648,27
603189.SH,网达软件,软件服务,计算机,12.6,-1.4855,0.3985,591.3651,22
603190.SH,亚通精工,汽车配件,汽车,25.32,-1.1324,4.8029,28.8014,89
603191.SH,望变电气,电气设备,电力设备,20.55,-1.7217,2.8217,97.9269,15
603192.SH,汇得科技,化工原料,基础化工,23.53,-2.2841,4.8402,31.5835,19
603193.SH,润本股份,日用化工,美容护理,26.04,5.9398,14.6231,32.6241,5
603194.SH,中力股份,工程机械,机械设备,33.52,-0.9163,16.8698,15.655,22
603195.SH,公牛集团,家用电器,轻工制造,41.52,0.1447,18.8967,18.8243,59
603196.SH,璞源材料,服饰,纺织服饰,32.75,-2.7613,1.4614,762.2516,96
603197.SH,保隆科技,汽车配件,汽车,33.73,-1.114,6.1293,28.6354,1
603198.SH,迎驾贡酒,白酒,食品饮料,39.02,10.0085,7.551,15.673,80
603199.SH,九华旅游,旅游景点,社会服务,38.48,2.6681,13.4411,20.0116,22
603200.SH,上海洗霸,环境保护,环保,65.1,-5.4604,11.6762,100.199,80
603201.SH,常润股份,汽车配件,汽车,15.77,-3.8415,12.632,13.8883,20
603202.SH,天有为,汽车配件,汽车,94.94,0.5082,28.49996,14.273,1
603203.SH,快克智能,专用机械,机械设备,45.28,-3.6596,13.8038,46.3598,15
603205.SH,健尔康,医疗保健,医药生物,25.46,-1.1646,5.3091,38.4963,27
603206.SH,嘉环科技,通信设备,通信,16.75,-1.6442,2.4698,103.4365,80
603207.SH,小方制药,化学制药,医药生物,27.68,-0.8241,14.8487,20.8505,20
603208.SH,江山欧派,家居用品,轻工制造,12.86,-0.6182,-16.2686,38.3958,87
603209.SH,兴通股份,水运,交通运输,15.31,1.3236,9.1165,16.1713,43
603210.SH,泰鸿万立,汽车配件,汽车,16.15,-1.8237,10.095,27.2088,21
603211.SH,晋拓股份,汽车配件,汽车,23.95,-6.4088,5.6638,94.5824,80
603212.SH,赛伍技术,塑料,电力设备,14.28,5.5432,-4.4738,59.1951,12
603213.SH,镇洋发展,化工原料,基础化工,13.41,-0.0745,3.9108,78.3787,40
603214.SH,爱婴室,百货,商贸零售,15.77,-1.2523,6.9794,26.8213,13
603215.SH,比依股份,家用电器,家用电器,19.6,3.1036,6.0423,33.4674,93
603216.SH,梦天家居,家居用品,轻工制造,29.61,-3.2985,0.4688,103.1347,80
603217.SH,元利科技,化工原料,基础化工,30.13,3.6107,4.5897,30.9467,19
603218.SH,日月股份,电气设备,电力设备,14.56,-1.2212,4.2693,27.1962,27
603219.SH,富佳股份,家用电器,家用电器,17.34,5.4745,6.6858,90.903,40
603220.SH,中贝通信,通信设备,通信,34.23,9.9936,3.972,225.6259,20
603221.SH,爱丽家居,家居用品,轻工制造,11.41,1.1525,1.3491,42.3138,20
603222.SH,济民健康,医疗保健,医药生物,9.91,-3.6929,-5.3581,38.1539,33
603223.SH,恒通股份,公路,石油石化,9.28,1.8661,2.3059,20.6745,12
603225.SH,新凤鸣,化纤,基础化工,17.07,-1.3295,5.782,28.1184,59
603226.SH,菲林格尔,家居用品,轻工制造,38.78,-1.0462,-1.6651,38.3958,22
603227.SH,雪峰科技,化工原料,基础化工,8.82,-0.4515,0.8795,19.5219,15
603228.SH,景旺电子,元器件,电子,70.0,1.5228,1.7643,60.5333,20
603229.SH,奥翔药业,化学制药,医药生物,9.92,-0.7007,8.964,44.5611,19
603230.SH,内蒙新华,出版业,传媒,10.9,-1.6245,6.3328,22.0449,33
603231.SH,索宝蛋白,食品,农林牧渔,17.76,-1.0585,7.6438,19.2993,51
603232.SH,格尔软件,软件服务,计算机,18.88,-3.0303,-4.7308,468.4282,59
603233.SH,大参林,医药商业,医药生物,17.98,1.068,15.3041,17.9993,5
603235.SH,天新药业,化学制药,基础化工,26.33,-0.4537,9.7925,18.6806,5
603236.SH,移远通信,通信设备,通信,85.03,4.2929,17.1383,25.3602,14
603237.SH,五芳斋,食品,食品饮料,17.53,0.9793,7.1694,28.4059,80
603238.SH,诺邦股份,纺织,纺织服饰,15.59,-1.8262,6.748,22.7193,95
603239.SH,浙江仙通,汽车配件,汽车,23.29,-4.4317,17.8597,28.4134,5
603248.SH,锡华科技,机械基件,电力设备,25.08,-5.7497,2.9227,58.9419,95
603255.SH,鼎际得,化工原料,基础化工,29.16,-1.0183,0.5739,44.2648,69
603256.SH,宏和科技,玻璃,建筑材料,105.89,-1.36,6.3432,307.7276,93
603257.SH,中国瑞林,建筑工程,建筑装饰,56.55,-3.3003,4.085,40.8697,7
603258.SH,电魂网络,互联网,传媒,17.15,-0.2907,-10.2683,46.5064,14
603259.SH,药明康德,化学制药,医药生物,100.19,0.9471,27.6853,15.6101,30
603260.SH,合盛硅业,化工原料,基础化工,45.08,-0.2434,-9.6324,44.2648,80
603262.SH,技源集团,食品,食品饮料,26.04,0.2695,9.435,67.4921,26
603266.SH,天龙股份,汽车配件,汽车,20.4,-0.4392,5.3876,36.7808,69
603267.SH,鸿远电子,元器件,国防军工,52.28,-2.3716,5.7738,48.3434,95
603269.SH,海鸥股份,机械基件,机械设备,15.21,-0.7828,5.1375,44.2232,21
603270.SH,金帝股份,机械基件,机械设备,26.04,-3.0168,6.6707,38.7654,1
603271.SH,永杰新材,铝,有色金属,49.29,-4.8456,18.0563,23.3494,80
603272.SH,联翔股份,家居用品,轻工制造,20.08,-9.9955,0.3903,99.5072,93
603273.SH,天元智能,专用机械,机械设备,17.35,-1.3083,2.2293,115.4609,5
603275.SH,众辰科技,电器仪表,机械设备,46.18,-3.3891,1.5142,37.904,80
603276.SH,恒兴新材,化工原料,基础化工,17.17,0.5269,2.3255,87.3951,21
603277.SH,银都股份,专用机械,机械设备,13.18,-7.1177,1.452,24.6314,13
603278.SH,大业股份,钢加工,机械设备,13.2,2.9641,-0.6632,57.75575,24
603279.SH,景津装备,环境保护,机械设备,17.75,-3.5326,9.4814,16.5376,87
603280.SH,南方路机,工程机械,机械设备,33.97,-1.764,5.7741,44.0793,27
603281.SH,江瀚新材,化工原料,基础化工,33.3,-3.3662,8.5861,29.2503,93
603282.SH,亚光股份,专用机械,环保,21.24,-1.8031,7.6872,23.2614,19
603283.SH,赛腾股份,专用机械,机械设备,50.49,-1.9421,12.4883,28.5177,27
603284.SH,林平发展,造纸,轻工制造,54.2,-2.8674,12.9011,22.0596,33
603285.SH,键邦股份,化工原料,基础化工,41.88,6.0522,6.5223,49.7624,40
603286.SH,日盈电子,汽车配件,汽车,64.5,-6.1682,-6.2275,37.8809,95
603288.SH,海天味业,食品,食品饮料,39.58,-0.6277,19.4904,32.9071,12
603289.SH,泰瑞机器,专用机械,机械设备,11.79,-3.202,6.2337,38.0387,1
603290.SH,斯达半导,半导体,电子,106.0,4.1769,5.6165,62.6558,95
603291.SH,联合水务,水务,环保,11.98,-1.8033,3.4529,62.3116,61
603293.SH,,,汽车,53.77,-6.9723,4.4155,38.1589,59
603296.SH,华勤技术,元器件,电子,103.86,-1.161,16.7739,26.0203,22
603297.SH,永新光学,元器件,电子,118.93,-1.9942,7.6762,60.1447,1
603298.SH,杭叉集团,工程机械,机械设备,25.61,0.4314,20.1294,15.3078,12
603299.SH,苏盐井神,食品,基础化工,11.21,-1.0591,8.462,22.784,33
603300.SH,海南华铁,多元金融,非银金融,7.05,-0.1416,8.3189,26.6749,96
603301.SH,振德医疗,医疗保健,医药生物,91.77,-1.8188,3.5816,86.2094,27
603303.SH,得邦照明,家用电器,家用电器,16.18,-1.6413,7.8393,29.1999,93
603305.SH,旭升集团,汽车配件,汽车,14.92,-3.4304,4.5988,47.2255,21
603306.SH,华懋科技,汽车配件,汽车,106.0,-1.3035,6.0352,160.3864,51
603307.SH,扬州金泉,文教休闲,纺织服饰,38.76,-1.9975,6.1988,21.8681,19
603308.SH,应流股份,机械基件,机械设备,83.0,10.0066,6.055,159.4423,87
603309.SH,维力医疗,医疗保健,医药生物,13.35,1.0598,4.1862,50.375,93
603310.SH,巍华新材,化工原料,基础化工,16.14,-0.6769,2.7378,31.2631,91
603311.SH,金海高科,家用电器,家用电器,18.2,-1.7809,5.7095,47.32,80
603312.SH,西典新能,电气设备,电力设备,41.02,-2.4495,15.0737,25.1617,90
603313.SH,梦百合,家居用品,轻工制造,7.73,-0.8974,4.3993,27.1484,27
603315.SH,福鞍股份,环境保护,环保,19.53,10.0282,2.5474,132.1202,19
603316.SH,诚邦股份,建筑工程,建筑装饰,15.42,-1.7208,-20.3025,40.5447,22
603317.SH,天味食品,食品,食品饮料,13.79,1.7712,12.5017,25.7717,51
603318.SH,水发燃气,供气供热,公用事业,10.35,9.9894,-3.1268,27.54705,80
603319.SH,美湖股份,汽车配件,汽车,37.7,4.0,0.9027,178.4674,74
603320.SH,迪贝电气,电气设备,电力设备,23.4,-2.0921,7.6492,43.3295,57
603321.SH,梅轮电梯,运输设备,机械设备,7.21,-1.5027,2.1056,53.8081,5
603322.SH,超讯通信,通信设备,通信,35.05,-2.3405,23.1912,114.6508,26
603323.SH,苏农银行,银行,银行,5.03,1.2072,9.3028,6.891524,59
603324.SH,盛剑科技,环境保护,环保,26.91,1.0894,-1.0236,35.3022,22
603325.SH,博隆技术,化工机械,机械设备,77.0,-0.786,12.5692,13.7022,77
603326.SH,我乐家居,家居用品,轻工制造,8.7,-0.7982,14.5381,15.9248,77
603327.SH,福蓉科技,元器件,电子,10.29,-2.2792,3.9088,108.7186,5
603328.SH,依顿电子,元器件,电子,13.67,-3.8001,11.1552,29.3096,80
603329.SH,上海雅仕,仓储物流,交通运输,10.2,-0.9709,2.3199,71.0809,93
603330.SH,天洋新材,塑料,基础化工,7.24,1.2587,0.2591,44.2648,5
603331.SH,百达精工,专用机械,机械设备,14.88,-2.0408,4.5789,42.1719,95
603332.SH,苏州龙杰,化纤,基础化工,14.88,3.4771,5.972,42.0077,27
603333.SH,尚纬股份,电气设备,电力设备,8.12,-2.1687,-2.2888,59.1951,95
603334.SH,丰倍生物,化工原料,基础化工,51.38,0.2732,11.4572,52.4567,80
603335.SH,迪生力,汽车配件,汽车,6.52,-7.7793,17.211,57.5797,69
603336.SH,宏辉果蔬,农业综合,农林牧渔,10.83,4.9419,0.8297,681.9734,1
603337.SH,杰克科技,纺织机械,机械设备,38.45,-4.6379,17.5858,21.4011,22
603338.SH,浙江鼎力,工程机械,机械设备,49.39,-0.9228,17.7149,13.1679,51
603339.SH,四方科技,专用机械,机械设备,13.84,0.6545,5.9114,27.7358,7
603341.SH,龙旗科技,通信设备,电子,37.49,-2.0893,10.237,33.4838,7
603344.SH,星德胜,电气设备,电力设备,28.2,-0.494,6.4881,28.2819,61
603345.SH,安井食品,食品,食品饮料,96.73,2.2516,9.5569,23.7185,7
603348.SH,文灿股份,汽车配件,汽车,19.51,-1.2652,0.055,303.0132,7
603350.SH,安乃达,电气设备,电力设备,35.25,-2.2734,8.5581,35.6967,95
603351.SH,威尔药业,化学制药,医药生物,25.72,-0.7716,6.5914,23.6025,61
603352.SH,至信股份,汽车配件,汽车,37.75,-0.4746,5.8159,36.7114,33
603353.SH,和顺石油,石油贸易,石油石化,36.51,-0.9764,1.3172,790.1781,1
603355.SH,莱克电气,家用电器,家用电器,30.48,6.7601,14.9653,21.8645,5
603356.SH,华菱精工,运输设备,机械设备,17.0,-1.8476,-18.0445,57.75575,69
603357.SH,设计总院,建筑工程,建筑装饰,8.16,0.4926,9.4483,12.5078,12
603358.SH,华达科技,汽车配件,汽车,36.34,-0.9809,10.9449,40.8247,7
603359.SH,东珠生态,建筑工程,建筑装饰,5.64,-1.0526,-1.1368,40.5447,61
603360.SH,百傲化学,农药化肥,基础化工,23.51,-1.0105,7.5877,76.8562,1
603363.SH,傲农生物,饲料,农林牧渔,3.63,-9.9256,2.7252,121.7284,77
603365.SH,水星家纺,纺织,纺织服饰,20.77,-0.5268,7.7618,14.009,93
603366.SH,日出东方,家用电器,家用电器,8.4,-1.9837,0.8822,37.5713,19
603367.SH,辰欣药业,化学制药,医药生物,15.49,-1.0856,6.9394,16.6485,87
603368.SH,柳药集团,医药商业,医药生物,16.76,-0.7109,8.3591,8.4841,69
603369.SH,今世缘,白酒,食品饮料,26.26,2.4181,15.9507,11.3874,59
603370.SH,华新精科,电气设备,电力设备,43.91,-1.7014,12.5759,43.256,33
603373.SH,安邦护卫,仓储物流,社会服务,39.01,-1.5396,5.0017,32.4144,22
603375.SH,盛景微,半导体,电子,42.12,0.0713,1.2209,183.2412,5
603376.SH,大明电子,汽车配件,汽车,32.75,-1.5038,16.5859,46.4382,21
603378.SH,亚士创能,染料涂料,建筑材料,5.52,-0.1808,-26.99,47.81715,83
603379.SH,三美股份,化工原料,基础化工,61.09,-1.3086,22.6397,20.6202,21
603380.SH,易德龙,元器件,电子,35.12,-0.3405,14.3577,26.7112,102
603381.SH,永臻股份,电气设备,电力设备,23.84,-1.4876,-6.2305,59.1951,94
603382.SH,海阳科技,化纤,基础化工,26.9,-1.2119,10.2122,35.3865,22
603383.SH,顶点软件,软件服务,计算机,33.41,-1.0953,3.0442,33.7481,43
603385.SH,惠达卫浴,家居用品,轻工制造,6.39,0.1567,0.4045,40.0559,74
603386.SH,骏亚科技,元器件,电子,14.16,-2.8807,1.6074,85.9251,21
603387.SH,基蛋生物,医疗保健,医药生物,9.33,-1.0604,6.0468,22.6658,59
603390.SH,通达电气,汽车配件,汽车,13.27,10.0332,3.8031,35.8026,40
603391.SH,力聚热能,专用机械,机械设备,63.13,-2.847,10.2799,25.43,33
603392.SH,万泰生物,生物制药,医药生物,38.56,-0.925,-3.3014,38.1539,43
603393.SH,新天然气,供气供热,公用事业,33.73,1.0183,9.3224,17.7211,17
603395.SH,红四方,农药化肥,基础化工,28.26,-0.9116,3.2974,270.56,96
603396.SH,金辰股份,专用机械,电力设备,34.95,-1.7983,1.9636,105.3766,1
603399.SH,永杉锂业,小金属,有色金属,13.52,1.2734,-9.5176,50.4728,43
603400.SH,华之杰,机械基件,机械设备,66.06,-1.3146,2.5553,59.4116,69
603402.SH,陕西旅游,旅游景点,社会服务,133.74,0.564,19.3983,26.9171,33
603406.SH,天富龙,化纤,基础化工,34.22,-1.0983,10.9885,31.763,61
603408.SH,建霖家居,家居用品,轻工制造,11.47,-3.3698,2.712,12.4709,51
603409.SH,汇通控股,汽车配件,汽车,42.02,-0.2848,12.9232,35.9311,89
603416.SH,信捷电气,电器仪表,机械设备,51.65,-1.6003,10.1484,31.9327,12
603418.SH,友升股份,汽车配件,汽车,50.29,-1.2566,11.2957,19.2578,7
603421.SH,鼎信通讯,通信设备,通信,8.3,0.1206,-22.5838,114.6508,7
603439.SH,三力制药,中成药,医药生物,10.86,-1.1829,5.3714,27.6382,69
603444.SH,吉比特,互联网,传媒,387.7,0.3105,28.49996,15.5716,24
603456.SH,九洲药业,医疗保健,医药生物,16.54,-2.3613,8.6475,20.3514,52
603458.SH,勘设股份,建筑工程,建筑装饰,11.56,0.2602,-13.7913,40.5447,61
603459.SH,C红板,元器件,电子,59.06,-7.2405,26.428,82.4614,96
603466.SH,风语筑,文教休闲,传媒,10.31,4.883,2.0334,46.5064,95
603477.SH,巨星农牧,农业综合,农林牧渔,18.11,-0.2753,0.9463,43.06775,95
603486.SH,科沃斯,家用电器,家用电器,63.92,-0.2341,17.8246,22.9985,5
603488.SH,展鹏科技,运输设备,机械设备,10.98,-2.7458,-5.7739,57.75575,40
603489.SH,八方股份,电气设备,电力设备,35.33,-2.6722,2.5061,104.2803,69
603496.SH,恒为科技,IT设备,计算机,31.86,1.1429,2.5414,291.9989,95
603499.SH,翔港科技,广告包装,轻工制造,20.51,-4.293,13.5415,53.3776,61
603500.SH,祥和实业,运输设备,机械设备,10.75,-1.6468,10.9752,24.4338,33
603501.SH,豪威集团,半导体,电子,92.44,-1.8684,15.4484,28.8179,69
603505.SH,金石资源,化工原料,基础化工,17.73,-3.0618,18.9971,45.8088,14
603506.SH,南都物业,房产服务,房地产,12.16,-0.0822,8.6944,23.0064,60
603507.SH,振江股份,电气设备,电力设备,45.51,-1.1941,4.4721,75.2877,77
603508.SH,思维列控,IT设备,计算机,24.26,-1.2215,12.7765,16.6318,5
603511.SH,爱慕股份,服饰,纺织服饰,14.21,0.0,2.3137,46.5895,33
603515.SH,欧普照明,家用电器,家用电器,19.88,-5.2431,8.6196,17.2121,19
603516.SH,淳中科技,IT设备,计算机,145.4,-2.344,-2.0611,1393.4236,96
603518.SH,锦泓集团,服饰,纺织服饰,9.06,0.2212,6.1621,13.8195,91
603519.SH,立霸股份,家用电器,家用电器,14.18,-0.2813,12.2226,24.115,21
603520.SH,司太立,化学制药,医药生物,10.58,-1.8553,1.1026,38.1539,51
603527.SH,众源新材,铜,有色金属,11.59,-3.5774,4.9143,27.0681,89
603528.SH,多伦科技,软件服务,计算机,7.95,-1.9729,-1.0273,92.9079,27
603529.SH,爱玛科技,摩托车,汽车,25.96,-9.9861,1.9416,13.8571,80
603530.SH,神马电力,电气设备,电力设备,61.61,1.449,24.1629,61.611,91
603533.SH,掌阅科技,互联网,传媒,26.84,-1.4322,-8.8506,46.5064,14
603535.SH,嘉诚国际,仓储物流,交通运输,8.16,-0.609,5.5374,22.2501,69
603536.SH,惠发食品,食品,食品饮料,9.75,0.1027,-16.7774,29.62085,27
603538.SH,美诺华,化学制药,医药生物,55.55,10.0,4.2563,123.1192,77
603551.SH,奥普科技,家居用品,家用电器,12.27,0.9046,13.1415,15.9879,77
603556.SH,海兴电力,电器仪表,电力设备,30.2,-0.9186,10.0574,20.1416,15
603558.SH,健盛集团,纺织,纺织服饰,13.67,-3.7324,3.8935,10.7394,51
603565.SH,中谷物流,水运,交通运输,11.03,-9.9592,18.6083,11.5757,69
603566.SH,普莱柯,农业综合,农林牧渔,12.44,-0.8765,6.0388,29.9647,27
603567.SH,珍宝岛,中成药,医药生物,6.71,-0.5926,-4.9453,38.1539,69
603568.SH,伟明环保,环境保护,环保,21.27,1.479,15.6455,16.433,22
603569.SH,长久物流,公路,交通运输,6.37,-5.9084,-3.1049,19.7001,7
603577.SH,汇金通,电气设备,电力设备,11.1,-1.5957,5.3547,36.5335,6
603578.SH,三星新材,家用电器,家用电器,13.13,-2.161,-3.7921,35.6124,33
603579.SH,荣泰健康,家用电器,家用电器,20.07,0.35,4.6543,25.1793,22
603583.SH,捷昌驱动,电气设备,机械设备,32.98,-1.5816,8.4623,34.4922,7
603585.SH,苏利股份,农药化肥,基础化工,21.29,-9.9789,7.4553,23.1259,95
603586.SH,金麒麟,汽车配件,汽车,19.8,4.5407,5.9569,28.4656,61
603587.SH,地素时尚,服饰,纺织服饰,12.95,1.014,7.1327,23.575,7
603588.SH,高能环境,环境保护,环保,15.29,-3.2891,6.0592,19.149,22
603589.SH,口子窖,白酒,食品饮料,24.94,2.381,3.111,38.0977,22
603590.SH,康辰药业,生物制药,医药生物,36.07,-3.5045,1.468,34.0017,33
603596.SH,伯特利,汽车配件,汽车,46.64,1.4134,17.9944,21.603,19
603598.SH,引力传媒,互联网,传媒,21.19,-0.2354,10.4145,46.5064,51
603599.SH,广信股份,农药化肥,基础化工,13.79,1.9217,5.2905,17.3142,22
603600.SH,永艺股份,家居用品,轻工制造,11.18,-0.0894,8.4773,14.0537,22
603601.SH,再升科技,玻璃,建筑材料,15.15,-4.2351,2.4108,469.4533,6
603602.SH,纵横通信,通信设备,传媒,13.03,-3.0506,2.9079,106.5212,7
603605.SH,珀莱雅,日用化工,美容护理,60.76,-0.6703,5.8449,16.3209,24
603606.SH,东方电缆,电气设备,电力设备,65.91,-1.9196,4.4262,33.2789,69
603607.SH,京华激光,造纸,轻工制造,23.49,-1.6743,7.212,38.8331,69
603608.SH,天创时尚,服饰,纺织服饰,12.89,-2.0517,-0.4949,33.2675,1
603609.SH,禾丰股份,饲料,农林牧渔,6.85,-0.2911,1.9263,34.1011,22
603610.SH,麒盛科技,家居用品,轻工制造,15.37,-2.3507,3.3963,51.7004,61
603611.SH,诺力股份,专用机械,机械设备,20.61,-0.7703,14.0426,12.3698,96
603612.SH,索通发展,矿物制品,基础化工,24.69,-9.4941,3.5541,17.3557,69
603613.SH,国联股份,互联网,商贸零售,27.73,-3.3798,13.1823,13.9195,14
603615.SH,茶花股份,家居用品,轻工制造,20.0,1.0611,0.5611,754.9998,1
603616.SH,韩建河山,水泥,建筑材料,6.31,-0.6299,4.043,47.81715,69
603617.SH,君禾股份,机械基件,机械设备,7.28,-0.274,2.0513,58.6363,93
603618.SH,杭电股份,电气设备,电力设备,31.41,10.0175,2.9836,59.1951,15
603619.SH,中曼石油,石油开采,石油石化,33.39,4.246,12.2525,30.2984,23
603626.SH,科森科技,元器件,电子,22.9,-3.3755,18.4742,99.4369,93
603628.SH,清源股份,电气设备,电力设备,13.44,-1.1765,7.5229,40.0895,12
603629.SH,利通电子,元器件,电子,116.48,7.6525,12.2491,162.6448,43
603630.SH,拉芳家化,日用化工,美容护理,16.31,0.0613,0.656,38.55535,27
603633.SH,徕木股份,汽车配件,电子,8.67,-2.4747,0.6556,229.6318,93
603636.SH,南威软件,软件服务,计算机,8.99,-1.5334,-4.3656,92.9079,69
603637.SH,镇海股份,建筑工程,建筑装饰,16.5,-1.7857,6.3789,59.5635,27
603638.SH,艾迪精密,专用机械,机械设备,22.28,-1.807,4.0409,41.7929,23
603639.SH,海利尔,农药化肥,基础化工,13.62,2.0225,6.0399,24.6212,22
603648.SH,畅联股份,仓储物流,交通运输,9.76,-0.611,4.9623,28.7119,59
603650.SH,彤程新材,化工原料,基础化工,55.67,0.5055,4.2859,58.6578,23
603655.SH,朗博科技,汽车配件,汽车,43.2,4.9563,5.9335,111.0989,29
603656.SH,泰禾智能,专用机械,机械设备,20.13,-1.5648,2.2324,126.4321,15
603657.SH,春光科技,家用电器,家用电器,26.02,-1.1398,0.5136,243.7566,59
603658.SH,安图生物,医疗保健,医药生物,33.91,-2.1921,2.6143,18.7293,93
603659.SH,璞泰来,化工原料,电力设备,34.38,-4.9751,3.3992,28.5193,15
603660.SH,苏州科达,IT设备,计算机,10.45,-1.97,-36.5672,92.9079,87
603661.SH,恒林股份,家居用品,轻工制造,31.68,1.7668,7.4465,15.971,27
603662.SH,柯力传感,电器仪表,机械设备,56.03,-1.8223,9.366,48.5693,40
603663.SH,三祥新材,小金属,基础化工,48.73,0.6402,5.9544,268.5896,19
603665.SH,康隆达,服饰,纺织服饰,26.29,-3.2389,12.51,53.2514,95
603666.SH,亿嘉和,专用机械,机械设备,26.85,0.7883,-1.979,57.75575,33
603667.SH,五洲新春,机械基件,机械设备,68.3,-4.1,3.341,272.9931,95
603668.SH,天马科技,饲料,农林牧渔,13.43,-7.6341,3.1065,247.9528,69
603669.SH,灵康药业,化学制药,医药生物,4.26,-3.1818,-4.5849,38.1539,61
603676.SH,卫信康,化学制药,医药生物,10.2,-1.1628,15.0539,19.9867,95
603677.SH,奇精机械,家用电器,家用电器,15.36,-1.2219,4.1668,61.3356,12
603678.SH,火炬电子,元器件,国防军工,34.84,-2.7902,5.5115,51.815,22
603679.SH,华体科技,电气设备,电子,13.73,-3.4459,-7.0803,85.9251,69
603680.SH,今创集团,运输设备,机械设备,12.75,-2.2989,10.5832,17.1707,5
603681.SH,永冠新材,化工原料,基础化工,17.43,-2.6257,4.2758,28.0233,22
603682.SH,锦和商管,房产服务,商贸零售,7.12,-0.1403,-13.4707,48.6264,95
603683.SH,晶华新材,化工原料,基础化工,28.77,0.6296,5.9982,93.7807,1
603685.SH,晨丰科技,电气设备,电子,31.96,-0.9299,2.0205,371.7066,61
603686.SH,福龙马,环境保护,环保,18.68,-2.0451,1.8827,49.4369,19
603687.SH,大胜达,广告包装,轻工制造,18.56,-0.1614,2.3691,132.3787,7
603688.SH,石英股份,矿物制品,基础化工,52.55,-3.2941,2.6473,185.644,12
603689.SH,皖天然气,供气供热,公用事业,8.19,0.738,9.2572,13.2719,40
603690.SH,至纯科技,半导体,电子,25.87,-1.6724,1.7182,85.9251,61
603693.SH,江苏新能,新型电力,公用事业,16.43,6.6883,5.7139,38.2178,40
603696.SH,安记食品,食品,食品饮料,15.6,0.8403,4.0058,91.1781,12
603697.SH,有友食品,食品,食品饮料,10.42,1.9569,10.4656,24.0172,22
603698.SH,航天工程,专用机械,机械设备,43.1,-8.2979,6.3004,106.7002,93
603699.SH,纽威股份,机械基件,机械设备,58.32,-1.2697,28.49996,28.2431,22
603700.SH,宁水集团,电器仪表,机械设备,12.71,-1.3199,5.7661,27.226,14
603701.SH,德宏股份,汽车配件,汽车,25.73,0.3119,1.4375,582.8991,61
603703.SH,盛洋科技,元器件,电子,13.78,-2.477,0.8767,85.9251,27
603706.SH,东方环宇,供气供热,公用事业,20.33,-0.1473,12.6105,17.8169,69
603707.SH,健友股份,生物制药,医药生物,9.37,-0.6363,6.4843,23.2963,33
603708.SH,家家悦,超市连锁,商贸零售,10.9,0.276,6.2661,33.0437,12
603709.SH,中源家居,家居用品,轻工制造,19.09,10.0288,-3.3356,38.3958,5
603711.SH,香飘飘,软饮料,食品饮料,12.38,0.0,-2.6249,34.9492,102
603712.SH,七一二,通信设备,国防军工,16.42,0.3667,-11.9073,92.1232,1
603713.SH,密尔克卫,仓储物流,交通运输,58.79,-1.5078,13.7901,14.8372,12
603716.SH,塞力医疗,医药商业,医药生物,21.86,-1.086,-8.615,38.1539,1
603717.SH,天域生物,农业综合,农林牧渔,6.69,-1.6176,-0.3108,43.06775,7
603718.SH,海利生物,农业综合,医药生物,3.87,-2.7638,1.314,14.7246,7
603719.SH,良品铺子,食品,食品饮料,10.15,-0.0984,-6.967,29.62085,22
603722.SH,阿科力,化工原料,基础化工,38.05,3.2284,-1.7382,44.2648,61
603725.SH,天安新材,塑料,轻工制造,9.67,0.3112,2.2757,25.4647,59
603726.SH,朗迪集团,家用电器,家用电器,23.25,-2.5157,13.0415,20.0701,12
603727.SH,博迈科,石油开采,石油石化,18.05,1.2907,-1.853,45.199,12
603728.SH,鸣志电器,电气设备,电力设备,57.48,-2.5267,1.6959,299.1943,1
603729.SH,龙韵股份,广告包装,传媒,16.75,0.0597,-19.217,46.5064,93
603730.SH,岱美股份,汽车配件,汽车,10.06,-0.2973,9.4338,34.6472,14
603733.SH,仙鹤股份,造纸,轻工制造,22.6,0.0443,9.3704,16.5777,95
603737.SH,三棵树,染料涂料,建筑材料,43.66,-8.0842,27.7764,41.4884,7
603738.SH,泰晶科技,元器件,电子,37.0,4.1667,2.9588,273.3941,40
603739.SH,蔚蓝生物,农业综合,基础化工,14.8,-1.4647,3.5184,44.811,15
603755.SH,日辰股份,食品,食品饮料,28.08,-1.5428,8.7088,32.8828,6
603757.SH,大元泵业,机械基件,机械设备,52.58,-2.0309,7.4496,67.7803,33
603758.SH,秦安股份,汽车配件,汽车,12.55,-0.6334,0.9076,39.3173,20
603759.SH,海天股份,水务,环保,9.42,0.2128,3.7185,16.4647,7
603766.SH,隆鑫通用,摩托车,汽车,15.95,0.1255,17.5654,20.3163,40
603767.SH,中马传动,汽车配件,汽车,18.58,-1.9007,-0.4164,37.8809,14
603768.SH,常青股份,汽车配件,汽车,10.91,-1.0879,-2.8461,37.8809,52
603773.SH,沃格光电,元器件,电子,60.5,-5.9975,-4.7353,85.9251,33
603776.SH,永安行,公共交通,汽车,20.56,-2.0486,-2.0706,37.8809,40
603777.SH,来伊份,食品,食品饮料,15.32,-5.2566,-7.5535,29.62085,93
603778.SH,国晟科技,电气设备,建筑装饰,26.54,1.6858,-18.9836,40.5447,22
603779.SH,威龙股份,红黄酒,食品饮料,6.17,-0.9631,-2.0988,29.62085,69
603786.SH,科博达,汽车配件,汽车,53.81,-4.6429,15.2563,28.049,89
603787.SH,新日股份,摩托车,汽车,12.05,-5.7858,7.4336,47.477,61
603788.SH,宁波高发,汽车配件,汽车,18.5,2.9494,10.31,19.0881,69
603790.SH,雅运股份,染料涂料,基础化工,23.28,0.0,5.3039,77.7422,5
603797.SH,联泰环保,环境保护,环保,4.67,-0.2137,3.4919,21.2571,23
603798.SH,康普顿,石油加工,石油石化,17.78,1.4261,4.7809,87.8798,51
603799.SH,华友钴业,小金属,有色金属,62.22,-3.8776,5.055,16.0443,6
603800.SH,洪田股份,专用机械,机械设备,48.05,-1.9988,7.4353,105.9935,22
603801.SH,志邦家居,家居用品,轻工制造,8.99,0.5593,5.0883,13.3542,7
603803.SH,瑞斯康达,通信设备,通信,14.87,-6.1237,-2.9542,114.6508,61
603806.SH,福斯特,塑料,电力设备,18.15,1.5669,4.6856,61.5177,22
603808.SH,歌力思,服饰,纺织服饰,10.3,-1.1516,4.4543,33.2675,43
603809.SH,豪能股份,汽车配件,汽车,10.83,-2.4324,8.2841,35.9623,1
603810.SH,丰山集团,农药化肥,基础化工,15.31,-3.0399,2.6524,88.831,89
603811.SH,诚意药业,化学制药,医药生物,11.91,1.6212,11.0548,17.2219,61
603815.SH,交建股份,建筑工程,建筑装饰,7.24,3.7249,5.7487,26.8628,57
603816.SH,顾家家居,家居用品,轻工制造,30.23,-0.7551,17.5221,13.8725,69
603817.SH,海峡环保,环境保护,环保,7.06,-0.1414,6.4135,18.8646,27
603818.SH,曲美家居,家居用品,轻工制造,3.38,0.8955,-3.1311,38.3958,15
603819.SH,神力股份,电气设备,电力设备,13.92,-0.3579,2.1525,115.127,80
603823.SH,百合花,染料涂料,基础化工,16.2,-2.8777,6.929,40.4065,30
603826.SH,坤彩科技,染料涂料,基础化工,34.87,-2.6521,4.0507,44.2648,2
603829.SH,洛凯股份,电气设备,电力设备,27.81,-1.9739,6.4753,45.584,15
603833.SH,欧派家居,家居用品,轻工制造,47.13,-3.2834,9.5391,11.9584,69
603836.SH,海程邦达,仓储物流,交通运输,13.12,0.1527,1.4747,103.0531,19
603839.SH,安正时尚,服饰,纺织服饰,7.58,-0.1318,-0.597,33.2675,6
603848.SH,好太太,家居用品,轻工制造,15.34,0.1305,8.119,29.3422,87
603855.SH,华荣股份,专用机械,机械设备,19.35,-0.6163,14.2228,14.8286,12
603856.SH,东宏股份,塑料,建筑材料,13.0,1.9608,1.6004,14.5992,93
603858.SH,步长制药,中成药,医药生物,16.5,0.426,8.3535,1393.4236,89
603859.SH,能科科技,软件服务,计算机,41.15,-1.555,5.5498,42.0981,22
603860.SH,中公高科,建筑工程,建筑装饰,31.45,-0.6633,5.5417,45.99,69
603861.SH,白云电器,电气设备,电力设备,17.23,2.4376,3.9742,42.2193,40
603863.SH,松炀资源,造纸,轻工制造,18.25,3.224,-20.9122,38.3958,1
603866.SH,桃李面包,食品,食品饮料,5.06,0.198,5.7571,21.0191,95
603867.SH,新化股份,化工原料,基础化工,33.42,-2.2521,7.6338,31.3693,23
603868.SH,飞科电器,家用电器,家用电器,33.0,1.0101,14.5019,31.9174,69
603871.SH,嘉友国际,仓储物流,交通运输,13.94,1.7518,15.3811,17.9612,1
603876.SH,鼎胜新材,铝,有色金属,24.5,-2.1956,4.3876,59.3997,40
603877.SH,太平鸟,服饰,纺织服饰,14.5,-1.4946,2.9983,36.5213,7
603878.SH,武进不锈,钢加工,钢铁,8.03,-6.4103,-0.6706,141.9532,7
603879.SH,永悦科技,化工原料,基础化工,5.54,-3.8194,-21.198,44.2648,1
603880.SH,南卫股份,医疗保健,医药生物,6.3,-1.4085,-9.3426,38.1539,95
603881.SH,数据港,软件服务,通信,38.81,-1.9206,4.2397,200.9571,5
603882.SH,金域医学,医疗保健,医药生物,28.71,-0.3471,-1.1249,38.1539,69
603883.SH,老百姓,医药商业,医药生物,14.33,4.4461,5.8225,27.5268,7
603885.SH,吉祥航空,空运,交通运输,12.16,0.0823,9.8805,25.5449,51
603886.SH,元祖股份,食品,食品饮料,13.54,-0.8059,8.6921,23.2789,19
603887.SH,城地香江,软件服务,计算机,16.72,1.6413,-1.9031,92.9079,1
603888.SH,新华网,互联网,传媒,20.42,-0.3416,5.6722,48.9374,14
603889.SH,新澳股份,纺织,纺织服饰,8.89,-2.8415,3.1967,13.0091,72
603890.SH,春秋电子,元器件,电子,19.76,-0.4032,9.1726,30.99,59
603893.SH,瑞芯微,半导体,电子,176.78,-0.8636,7.2332,64.1765,19
603895.SH,天永智能,专用机械,机械设备,29.86,3.7526,9.6403,175.4411,40
603896.SH,寿仙谷,中成药,医药生物,18.13,-1.1989,3.315,27.1491,69
603897.SH,长城科技,电气设备,电力设备,51.84,0.1739,12.4637,35.07,43
603898.SH,好莱客,家居用品,轻工制造,13.8,-4.4983,0.9995,205.4718,24
603899.SH,晨光股份,文教休闲,轻工制造,24.9,-0.4398,14.4025,17.4995,61
603900.SH,莱绅通灵,服饰,纺织服饰,7.44,-1.847,3.1029,42.7095,1
603901.SH,永创智能,专用机械,机械设备,12.84,-3.6759,5.2981,40.0898,1
603903.SH,中持股份,环境保护,环保,12.64,-2.0155,3.0912,35.3022,96
603906.SH,龙蟠科技,电气设备,电力设备,30.45,6.3941,-3.6387,59.1951,22
603908.SH,牧高笛,纺织,纺织服饰,22.64,-0.6582,6.6489,75.3466,7
603909.SH,建发合诚,建筑工程,建筑装饰,11.74,-4.0065,9.7856,28.0263,69
603912.SH,佳力图,专用机械,机械设备,11.46,9.9808,-2.9671,57.75575,96
603915.SH,国茂股份,机械基件,机械设备,15.39,-2.7181,5.0459,37.3842,94
603916.SH,苏博特,化工原料,基础化工,10.96,-2.2302,2.8115,38.6155,1
603917.SH,合力科技,汽车配件,汽车,12.81,-1.4615,1.7054,90.9185,27
603918.SH,金桥信息,软件服务,计算机,13.47,-1.3909,-5.7638,92.9079,2
603919.SH,金徽酒,白酒,食品饮料,18.63,2.4752,5.8733,29.0645,69
603920.SH,世运电路,元器件,电子,58.74,-6.0911,10.5227,61.8863,57
603922.SH,金鸿顺,汽车配件,汽车,23.7,6.0403,1.5259,215.1321,15
603926.SH,铁流股份,汽车配件,汽车,19.4,-3.5306,4.479,44.7613,27
603927.SH,中科软,软件服务,计算机,16.73,-1.0059,5.3871,58.2523,22
603928.SH,兴业股份,化工原料,基础化工,15.75,0.8969,6.5585,40.6523,5
603929.SH,亚翔集成,装修装饰,建筑装饰,185.4,-1.5296,28.49996,44.3381,80
603931.SH,格林达,化工原料,电子,32.01,0.6604,5.8079,50.0599,93
603933.SH,睿能科技,元器件,电子,23.19,-2.563,3.1164,281.4545,91
603936.SH,博敏电子,元器件,电子,16.04,-2.8468,0.9296,85.9251,5
603937.SH,丽岛新材,铝,有色金属,12.59,0.3187,-0.9378,50.4728,1
603938.SH,三孚股份,化工原料,基础化工,30.54,0.7921,1.5414,126.8117,69
603939.SH,益丰药房,医药商业,医药生物,24.7,5.4654,15.0133,17.3245,23
603948.SH,建业股份,化工原料,基础化工,26.64,-1.8423,8.3974,19.8138,80
603949.SH,雪龙集团,汽车配件,汽车,17.7,-4.5307,8.5762,41.4518,40
603950.SH,长源东谷,汽车配件,汽车,63.81,0.5357,13.6585,53.1709,2
603955.SH,大千生态,建筑工程,建筑装饰,25.78,-1.6781,-8.1625,40.5447,104
603956.SH,威派格,专用机械,机械设备,5.59,-0.8865,-4.0264,57.75575,69
603958.SH,哈森股份,服饰,纺织服饰,25.28,-6.7159,-2.6477,33.2675,33
603959.SH,百利科技,建筑工程,建筑装饰,5.9,-1.9934,-53.86618,40.5447,69
603960.SH,克来机电,汽车配件,机械设备,22.33,-1.9324,2.0483,132.9141,80
603966.SH,法兰泰克,专用机械,机械设备,13.87,-2.5983,12.6884,23.5684,81
603967.SH,中创物流,仓储物流,交通运输,13.39,0.9804,10.9979,17.7965,57
603968.SH,醋化股份,化工原料,基础化工,11.65,-0.8511,-1.3346,44.2648,87
603969.SH,银龙股份,其他建材,机械设备,9.06,-2.2654,14.044,21.5946,5
603970.SH,中农立华,农药化肥,基础化工,12.65,0.5564,9.8566,18.9426,1
603976.SH,正川股份,医疗保健,医药生物,21.0,2.6393,1.347,179.9285,77
603977.SH,国泰集团,化工原料,基础化工,14.84,-0.4695,7.6106,36.5517,93
603978.SH,深圳新星,小金属,有色金属,24.25,-3.0,-3.813,50.4728,21
603979.SH,金诚信,铜,有色金属,62.9,-2.4806,17.9441,17.4871,96
603980.SH,吉华集团,染料涂料,基础化工,6.29,0.0,0.3703,75.2715,1
603982.SH,泉峰汽车,汽车配件,汽车,7.67,-1.6667,-11.5031,37.8809,7
603983.SH,丸美生物,日用化工,美容护理,24.82,1.5964,7.3676,40.2558,61
603985.SH,恒润股份,电气设备,电力设备,24.42,-4.1225,2.5771,128.9589,33
603986.SH,兆易创新,半导体,电子,304.8,-2.9238,9.283,129.6681,61
603987.SH,康德莱,医疗保健,医药生物,8.61,-0.2317,9.1476,15.6471,7
603988.SH,中电电机,电气设备,电力设备,24.52,-2.2718,4.7024,188.1889,33
603989.SH,艾华集团,元器件,电子,19.46,-2.2602,5.881,35.0846,6
603990.SH,麦迪科技,软件服务,计算机,14.83,-1.1992,4.7913,115.9951,5
603991.SH,至正股份,半导体,电子,120.2,-0.6612,-13.9205,85.9251,33
603992.SH,松霖科技,家居用品,轻工制造,34.3,-0.8957,6.3135,73.9797,14
603993.SH,洛阳钼业,小金属,有色金属,19.36,-3.6336,26.5072,20.3648,95
603995.SH,甬金股份,特种钢,钢铁,18.19,-0.4923,9.4053,12.1208,93
603997.SH,继峰股份,汽车配件,汽车,12.74,-0.624,9.0683,35.7342,69
603998.SH,方盛制药,中成药,医药生物,10.4,0.2893,16.2844,15.4606,40
603999.SH,读者传媒,出版业,传媒,6.64,-0.4498,4.2207,44.7357,12
605001.SH,威奥股份,运输设备,机械设备,7.12,-0.5587,0.4476,34.266,93
605003.SH,众望布艺,纺织,纺织服饰,27.32,-1.0503,0.9348,47.5475,91
605005.SH,合兴股份,汽车配件,汽车,20.67,-0.4815,7.6419,37.3502,51
605006.SH,山东玻纤,玻璃,建筑材料,10.64,-3.5358,-0.5154,47.81715,27
605007.SH,五洲特纸,造纸,轻工制造,16.05,3.7492,6.8163,27.3152,23
605008.SH,长鸿高科,橡胶,基础化工,11.83,-0.4209,0.8018,992.1018,27
605009.SH,豪悦护理,造纸,美容护理,28.68,0.4905,6.0823,20.8085,6
605011.SH,杭州热电,供气供热,公用事业,20.53,0.1952,7.8325,44.0479,23
605016.SH,百龙创园,食品,基础化工,27.04,3.4034,20.2461,27.8553,91
605018.SH,长华集团,汽车配件,汽车,12.56,-1.0244,2.2367,69.7605,5
605020.SH,永和股份,化工原料,基础化工,26.4,-1.676,3.0863,20.9235,93
605028.SH,世茂能源,供气供热,公用事业,30.15,2.238,12.5508,27.9843,5
605033.SH,美邦股份,农药化肥,基础化工,22.1,-0.3157,3.1863,100.336,101
605050.SH,福然德,仓储物流,交通运输,12.79,-1.3878,8.5404,16.7877,33
605055.SH,迎丰股份,纺织,纺织服饰,11.35,1.5206,-3.8659,33.2675,20
605056.SH,咸亨国际,电器仪表,机械设备,25.94,-4.8073,14.7985,40.9088,40
605058.SH,澳弘电子,元器件,电子,37.04,-2.68,8.6225,34.7264,5
605060.SH,联德股份,机械基件,机械设备,62.11,-2.189,9.498,65.6279,69
605066.SH,天正电气,电气设备,电力设备,7.56,-1.4342,1.0847,49.2638,91
605068.SH,明新旭腾,汽车配件,汽车,27.46,0.219,0.8781,300.7222,1
605069.SH,正和生态,环境保护,环保,13.68,0.0,-19.8217,35.3022,5
605077.SH,华康股份,食品,基础化工,16.99,2.9697,5.2214,20.5993,19
605080.SH,浙江自然,文教休闲,轻工制造,25.07,-2.1468,8.6181,17.3292,51
605086.SH,龙高股份,矿物制品,基础化工,32.01,-6.0188,1.2791,50.0281,27
605088.SH,冠盛股份,汽车配件,汽车,36.08,-2.5392,8.4912,24.2036,69
605089.SH,味知香,食品,食品饮料,27.28,-0.0366,4.3218,51.7833,7
605090.SH,九丰能源,供气供热,公用事业,45.94,0.5692,12.5431,23.3145,2
605098.SH,行动教育,文教休闲,社会服务,68.1,1.8851,28.49996,25.3842,12
605099.SH,共创草坪,文教休闲,轻工制造,38.75,-0.9711,17.8767,24.648,87
605100.SH,华丰股份,机械基件,机械设备,50.24,-1.2773,1.252,376.4351,93
605108.SH,同庆楼,酒店餐饮,社会服务,17.19,2.9958,4.4986,43.7625,19
605111.SH,新洁能,半导体,电子,38.08,-1.7797,9.5103,40.1793,23
605116.SH,奥锐特,化学制药,医药生物,26.23,-1.8338,18.0077,23.7176,6
605117.SH,德业股份,电气设备,电力设备,148.8,2.4793,28.49996,42.6738,27
605118.SH,力鼎光电,元器件,计算机,44.09,-4.8759,17.1149,69.7311,19
605122.SH,四方新材,水泥,建筑材料,13.61,4.8536,-1.7651,47.81715,33
605123.SH,派克新材,航空,国防军工,103.14,-1.1027,5.6161,49.5199,12
605128.SH,上海沿浦,汽车配件,汽车,33.82,-0.8211,9.8607,38.051,12
605133.SH,嵘泰股份,汽车配件,汽车,32.72,-0.7884,5.9315,48.4875,93
605136.SH,丽人丽妆,其他商业,商贸零售,10.58,-0.5639,-3.2729,48.6264,27
605138.SH,盛泰集团,服饰,纺织服饰,6.9,0.8772,1.544,83.8162,15
605151.SH,西上海,汽车配件,汽车,19.59,-0.5584,0.0632,37.8809,19
605155.SH,西大门,家居用品,轻工制造,15.33,-1.3514,8.5115,26.2604,14
605158.SH,华达新材,钢加工,有色金属,7.15,0.5626,2.606,56.0044,1
605162.SH,新中港,供气供热,公用事业,13.06,-3.3309,6.9852,35.6388,33
605166.SH,聚合顺,化纤,基础化工,11.57,0.0,7.4269,25.1405,33
605167.SH,利柏特,建筑工程,建筑装饰,17.65,-1.7807,11.2849,36.2699,20
605168.SH,三人行,互联网,传媒,41.26,-2.3894,7.0206,45.7959,2
605169.SH,洪通燃气,供气供热,公用事业,12.6,1.7771,6.1621,29.3137,1
605177.SH,东亚药业,化学制药,医药生物,20.4,-0.6816,-4.4772,38.1539,61
605178.SH,时空科技,装修装饰,建筑装饰,67.2,-3.6006,-19.9836,40.5447,19
605179.SH,一鸣食品,乳制品,食品饮料,17.36,-0.1725,4.5894,129.6285,95
605180.SH,华生科技,纺织,纺织服饰,14.92,-0.1339,2.1456,94.3645,19
605183.SH,确成股份,化工原料,基础化工,19.69,0.3568,14.0687,16.4766,1
605186.SH,健麾信息,专用机械,机械设备,19.56,-0.8616,0.7856,298.1819,5
605188.SH,国光连锁,超市连锁,商贸零售,16.43,-3.0106,1.35,403.296,21
605189.SH,富春染织,纺织,纺织服饰,17.77,-1.6602,4.0196,44.9503,57
605196.SH,华通线缆,电气设备,电力设备,44.93,-4.5058,7.9802,76.8271,93
605198.SH,安德利,软饮料,农林牧渔,47.09,0.9865,12.1775,47.6378,89
605208.SH,永茂泰,铝,有色金属,14.69,-7.2601,3.1413,71.8009,87
605218.SH,伟时电子,元器件,电子,17.91,-2.9268,1.8508,88.9381,5
605222.SH,起帆电缆,电气设备,电力设备,33.27,-2.3194,4.7113,92.3587,87
605228.SH,神通科技,汽车配件,汽车,14.78,-1.9894,2.3271,41.5384,21
605255.SH,天普股份,汽车配件,汽车,111.29,-3.9859,2.1982,458.6892,22
605258.SH,协和电子,元器件,电子,36.96,-2.3514,5.5041,48.7564,5
605259.SH,绿田机械,农用机械,机械设备,21.53,-1.6895,11.4765,14.9957,59
605266.SH,健之佳,医药商业,医药生物,18.77,-0.1064,3.7101,22.6797,40
605268.SH,王力安防,家居用品,轻工制造,13.06,3.8156,7.1768,32.8908,27
605277.SH,新亚电子,元器件,电子,24.0,-1.2346,10.2745,36.9542,69
605286.SH,同力天启,运输设备,机械设备,44.04,-0.4746,9.6352,37.2381,21
605287.SH,德才股份,装修装饰,建筑装饰,45.9,-2.8982,3.1737,40.5447,15
605288.SH,凯迪股份,电气设备,机械设备,83.74,-2.4237,1.2918,133.503,22
605289.SH,罗曼股份,建筑工程,建筑装饰,128.9,-1.5805,4.2264,258.3779,40
605296.SH,神农集团,农业综合,农林牧渔,30.32,-0.0988,9.1817,23.8138,1
605298.SH,必得科技,运输设备,机械设备,60.35,0.7008,5.457,199.6615,80
605299.SH,舒华体育,文教休闲,轻工制造,19.82,-3.1754,6.9777,90.9187,90
605300.SH,佳禾食品,乳制品,食品饮料,10.8,-0.369,1.0362,179.8756,23
605303.SH,园林股份,建筑工程,建筑装饰,22.75,0.6192,-11.172,40.5447,80
605305.SH,中际联合,工程机械,机械设备,46.22,-1.6596,19.1882,18.5216,23
605318.SH,法狮龙,其他建材,建筑材料,95.88,0.461,-0.2163,47.81715,69
605319.SH,无锡振华,汽车配件,汽车,27.47,0.0729,12.6115,21.5669,7
605333.SH,沪光股份,汽车配件,汽车,26.26,-0.8308,15.0601,18.555,33
605336.SH,帅丰电器,家用电器,家用电器,14.99,-5.0063,-3.0208,35.6124,93
605337.SH,李子园,乳制品,食品饮料,11.01,0.182,8.8881,20.0253,80
605338.SH,巴比食品,食品,食品饮料,23.6,-2.9605,1.9996,19.9741,12
605339.SH,南侨食品,食品,食品饮料,15.8,0.1267,1.1838,164.8408,20
605358.SH,立昂微,半导体,电子,38.31,-3.4283,-1.4818,85.9251,30
605365.SH,立达信,家用电器,家用电器,32.0,5.194,3.3881,60.3248,40
605366.SH,宏柏新材,化工原料,基础化工,13.51,-5.1264,-7.0419,44.2648,40
605368.SH,蓝天燃气,供气供热,公用事业,7.7,-1.2821,8.1752,23.3361,51
605369.SH,拱东医疗,医疗保健,医药生物,17.71,-0.5615,4.2044,38.2085,40
605376.SH,博迁新材,小金属,有色金属,115.2,-2.0908,13.4896,137.491,80
605377.SH,华旺科技,造纸,轻工制造,9.6,0.3135,5.2908,20.0306,80
605378.SH,野马电池,电气设备,电力设备,20.05,-2.338,4.309,57.865,22
605388.SH,均瑶健康,乳制品,食品饮料,7.46,-7.0984,-0.1358,29.62085,40
605389.SH,长龄液压,机械基件,机械设备,85.84,1.2384,6.0103,97.9831,80
605398.SH,新炬网络,软件服务,计算机,27.2,-1.3778,0.9902,661.3114,69
605399.SH,晨光新材,化工原料,基础化工,14.7,-0.8097,-1.5537,44.2648,33
605488.SH,福莱新材,塑料,基础化工,33.26,-2.1765,4.3371,75.0999,61
605499.SH,东鹏饮料,软饮料,食品饮料,204.18,1.3803,28.49996,26.1172,93
605500.SH,森林包装,造纸,轻工制造,9.1,0.11,1.1756,42.754,22
605507.SH,国邦医药,化学制药,医药生物,23.99,-0.5802,1.8606,17.4907,24
605555.SH,德昌股份,家用电器,家用电器,16.25,-1.3956,5.3735,29.0031,7
605566.SH,福莱蒽特,染料涂料,基础化工,32.8,-1.4127,2.1616,142.8634,5
605567.SH,春雪食品,食品,食品饮料,10.5,-3.4039,3.625,56.8296,5
605577.SH,龙版传媒,出版业,传媒,12.52,-0.1595,7.6485,20.4685,12
605580.SH,恒盛能源,供气供热,公用事业,22.33,-0.7996,15.8825,40.0802,7
605588.SH,冠石科技,元器件,电子,58.37,-6.9059,-6.9977,85.9251,69
605589.SH,圣泉集团,化工原料,基础化工,38.52,2.0397,7.4658,31.1462,59
605598.SH,上海港湾,建筑工程,建筑装饰,50.9,-3.1583,4.3653,196.8149,12
605599.SH,菜百股份,服饰,纺织服饰,23.39,0.1713,15.878,22.4115,1
688001.SH,华兴源创,专用机械,机械设备,46.07,-3.0513,4.3612,254.214,93
688002.SH,睿创微纳,通信设备,国防军工,133.45,-2.0191,18.6559,55.2651,69
688003.SH,天准科技,专用机械,机械设备,68.73,-4.6608,-0.7991,169.9199,51
688004.SH,博汇科技,软件服务,计算机,21.8,-3.0249,-1.3618,92.9079,69
688005.SH,容百科技,电气设备,电力设备,33.15,0.1511,-2.281,59.1951,19
688006.SH,杭可科技,电气设备,电力设备,30.28,-1.3681,6.979,49.6215,95
688007.SH,光峰科技,元器件,电子,14.9,0.0,-5.1012,85.9251,74
688008.SH,澜起科技,半导体,电子,159.7,-2.2345,18.3792,87.309,1
688009.SH,中国通号,运输设备,机械设备,5.37,0.3738,7.5334,15.4262,21
688010.SH,福光股份,元器件,电子,34.76,-3.1755,-2.7826,439.6591,96
688011.SH,新光光电,元器件,国防军工,70.5,1.8786,-2.1551,92.1232,20
688012.SH,中微公司,半导体,电子,315.05,-1.5438,9.9524,93.5415,12
688013.SH,天臣医疗,医疗保健,医药生物,37.29,-2.2543,12.1834,35.9876,95
688015.SH,交控科技,运输设备,机械设备,22.74,-0.6119,3.3033,27.5832,15
688016.SH,心脉医疗,医疗保健,医药生物,100.2,0.3505,14.3209,21.9249,27
688017.SH,绿的谐波,机械基件,机械设备,203.77,-7.3731,3.5727,273.1734,33
688018.SH,乐鑫科技,半导体,电子,165.0,-2.5859,3.0297,51.0925,12
688019.SH,安集科技,半导体,电子,244.77,-1.6237,25.1496,54.6589,61
688020.SH,方邦股份,元器件,电子,117.73,-5.415,-6.1846,85.9251,40
688021.SH,奥福科技,汽车配件,汽车,23.64,-0.5469,-0.0079,128.7303,43
688022.SH,瀚川智能,专用机械,机械设备,16.19,-0.4917,6.47,80.4577,29
688023.SH,安恒信息,软件服务,计算机,50.35,-1.7177,-2.3553,92.9079,24
688025.SH,杰普特,专用机械,机械设备,301.68,-9.6766,12.8674,102.8539,44
688026.SH,洁特生物,医疗保健,医药生物,15.51,-2.5754,4.7214,45.1551,69
688027.SH,国盾量子,通信设备,通信,560.89,-3.0592,-0.5876,1393.4236,95
688028.SH,沃尔德,机械基件,机械设备,112.45,-7.2195,4.8027,179.604,96
688029.SH,南微医学,医疗保健,医药生物,74.7,0.4707,12.8959,24.613,61
688030.SH,山石网科,软件服务,计算机,15.24,-2.1823,-23.4046,92.9079,22
688031.SH,星环科技-U,软件服务,计算机,138.71,-1.5822,-25.0016,92.9079,22
688032.SH,禾迈股份,电气设备,电力设备,114.5,-0.2961,-0.9699,59.1951,1
688033.SH,天宜新材,电气设备,机械设备,7.75,-3.9653,-10.6529,57.75575,7
688035.SH,德邦科技,半导体,电子,71.62,1.3299,4.6601,94.6701,51
688036.SH,传音控股,通信设备,电子,54.46,-1.6079,12.6641,24.2938,69
688037.SH,芯源微,半导体,电子,183.02,-2.1283,2.6152,514.6329,96
688038.SH,中科通达,软件服务,计算机,22.52,0.5357,-1.1534,92.9079,87
688039.SH,当虹科技,软件服务,计算机,41.05,-3.0697,-8.2621,92.9079,61
688041.SH,海光信息,半导体,电子,263.4,1.6204,11.9075,224.5819,7
688045.SH,必易微,半导体,电子,53.66,-1.2877,0.9627,97.5121,69
688046.SH,药康生物,生物制药,医药生物,19.55,0.0512,2.0907,50.172,61
688047.SH,龙芯中科,半导体,电子,150.66,5.423,-14.3409,85.9251,69
688048.SH,长光华芯,半导体,电子,367.0,-1.5848,0.1488,1393.4236,93
688049.SH,炬芯科技,半导体,电子,46.91,-2.898,10.4242,40.1646,12
688050.SH,爱博医疗,医疗保健,医药生物,52.8,2.405,10.3177,38.5508,59
688051.SH,佳华科技,软件服务,计算机,39.19,15.4685,-18.3121,92.9079,2
688052.SH,纳芯微,半导体,电子,177.61,2.1922,-3.3808,85.9251,33
688055.SH,龙腾光电,元器件,电子,4.1,-6.6059,-4.9768,85.9251,51
688056.SH,莱伯泰科,电器仪表,机械设备,34.48,-3.0916,4.0138,59.0594,19
688057.SH,金达莱,环境保护,环保,12.28,-0.2437,2.3935,35.3022,21
688058.SH,宝兰德,软件服务,计算机,28.3,-3.1485,-13.5912,92.9079,52
688059.SH,华锐精密,机械基件,机械设备,117.94,-3.8637,12.6686,63.1811,93
688060.SH,云涌科技,IT设备,计算机,46.5,-0.1074,-1.0614,92.9079,5
688061.SH,灿瑞科技,半导体,电子,33.28,-2.9172,-1.5551,85.9251,5
688062.SH,迈威生物-U,生物制药,医药生物,38.1,-5.4356,-53.86618,38.1539,14
688063.SH,派能科技,电气设备,电力设备,75.01,-5.3143,0.2417,126.7604,21
688065.SH,凯赛生物,化工原料,基础化工,49.17,-0.3445,3.0969,62.6914,27
688066.SH,航天宏图,软件服务,计算机,17.94,-3.6002,-52.89,92.9079,14
688067.SH,爱威科技,医疗保健,医药生物,26.36,-3.2305,5.7655,61.9286,93
688068.SH,热景生物,医疗保健,医药生物,109.92,-4.4008,-3.627,38.1539,19
688069.SH,德林海,环境保护,环保,36.3,-7.256,7.7781,41.5573,12
688070.SH,纵横股份,航空,国防军工,47.8,-3.0229,1.8347,395.7394,43
688071.SH,华依科技,专用机械,机械设备,32.72,-4.2995,-6.1757,57.75575,12
688072.SH,拓荆科技,半导体,电子,380.04,-3.7776,9.7827,115.6055,74
688073.SH,毕得医药,化学制药,医药生物,57.5,-3.6044,7.4519,34.4391,80
688075.SH,安旭生物,医疗保健,医药生物,37.78,-1.0995,1.2417,65.4272,33
688077.SH,大地熊,矿物制品,有色金属,29.08,-3.6448,5.3075,57.9927,12
688078.SH,龙软科技,软件服务,计算机,24.48,-1.4889,-1.7539,92.9079,23
688079.SH,美迪凯,元器件,电子,15.63,-4.637,-11.8757,85.9251,23
688080.SH,映翰通,通信设备,通信,45.92,-6.1325,13.4773,24.8612,59
688081.SH,兴图新科,软件服务,国防军工,53.34,-4.3229,-10.8184,92.1232,59
688082.SH,盛美上海,半导体,电子,156.44,-2.8323,13.2095,53.8114,1
688083.SH,中望软件,软件服务,计算机,53.3,-3.6166,0.7735,297.3343,15
688084.SH,晶品特装,专用机械,国防军工,65.8,-4.5408,0.6949,92.1232,27
688085.SH,三友医疗,医疗保健,医药生物,17.06,-1.2731,3.1092,89.8865,30
688087.SH,英科再生,环境保护,基础化工,40.02,2.6154,8.5738,25.8111,7
688088.SH,虹软科技,软件服务,计算机,40.78,-2.0653,9.473,62.2453,96
688089.SH,嘉必优,食品,基础化工,16.02,-19.98,9.0105,48.8803,95
688090.SH,瑞松科技,专用机械,机械设备,72.34,-2.2829,-0.6865,743.1622,95
688091.SH,上海谊众,化学制药,医药生物,52.34,-3.2353,3.5352,168.6969,96
688092.SH,爱科科技,专用机械,机械设备,28.51,-3.0272,5.8247,46.2879,61
688093.SH,世华科技,化工原料,电子,31.94,-3.8531,3.0159,22.5513,33
688095.SH,福昕软件,软件服务,计算机,74.74,-2.4282,0.0553,248.1091,33
688096.SH,京源环保,环境保护,环保,8.07,-1.7052,-0.4457,35.3022,61
688097.SH,博众精工,专用机械,机械设备,63.36,-2.448,0.5946,43.3564,89
688098.SH,申联生物,农业综合,农林牧渔,8.56,-1.3825,0.0197,43.06775,84
688099.SH,晶晨股份,半导体,电子,86.18,-2.9177,12.7069,41.577,7
688100.SH,威胜信息,通信设备,通信,37.57,-2.4916,19.3375,27.7255,95
688101.SH,三达膜,环境保护,环保,16.24,-0.7335,8.926,14.2545,93
688102.SH,斯瑞新材,铜,有色金属,40.52,-1.7697,7.371,204.234,22
688103.SH,国力电子,元器件,电子,58.68,-0.3058,6.1761,79.4045,22
688105.SH,诺唯赞,生物制药,医药生物,19.73,5.508,0.1101,38.1539,27
688106.SH,金宏气体,化工原料,电子,34.4,5.0382,4.2585,130.8615,57
688107.SH,安路科技,半导体,电子,29.96,-0.9914,-25.238,85.9251,22
688108.SH,赛诺医疗,医疗保健,医药生物,21.09,-4.0491,5.27,186.4093,51
688109.SH,品茗科技,软件服务,计算机,114.15,-3.817,6.1291,190.3058,40
688110.SH,东芯股份,半导体,电子,116.65,-3.0018,-5.8208,85.9251,23
688111.SH,金山办公,软件服务,计算机,251.48,0.9109,15.1718,63.4527,96
688112.SH,鼎阳科技,电器仪表,机械设备,53.81,-0.4624,9.0889,60.2279,23
688113.SH,联测科技,专用机械,机械设备,38.17,-2.8259,7.9284,27.5971,52
688114.SH,华大智造,医疗保健,医药生物,48.6,0.3925,-1.5308,38.1539,51
688115.SH,思林杰,电器仪表,机械设备,48.36,0.3111,-0.6703,57.75575,43
688116.SH,天奈科技,化工原料,电力设备,41.23,-2.2291,5.8777,64.0831,15
688117.SH,圣诺生物,生物制药,医药生物,37.48,-1.3944,13.025,35.5728,69
688118.SH,普元信息,软件服务,计算机,28.44,-3.3967,-5.236,355.4018,86
688119.SH,中钢洛耐,其他建材,建筑材料,5.1,-2.1113,0.7639,47.81715,2
688120.SH,华海清科,半导体,电子,184.38,-3.8084,15.5578,59.4075,80
688121.SH,卓然股份,专用机械,机械设备,9.79,-5.5019,2.3148,31.308,69
688122.SH,西部超导,小金属,国防军工,72.0,-3.1216,9.5543,55.655,15
688123.SH,聚辰股份,半导体,电子,121.89,-3.1851,15.0619,53.0609,23
688125.SH,安达智能,专用机械,机械设备,218.69,-2.6747,-5.154,57.75575,5
688126.SH,沪硅产业,半导体,电子,20.7,3.8635,-10.3169,85.9251,93
688127.SH,蓝特光学,元器件,电子,69.47,-6.3115,19.3906,72.5211,33
688128.SH,中国电研,专用机械,机械设备,26.3,-1.2392,11.4882,19.9732,33
688129.SH,东来技术,染料涂料,基础化工,26.39,0.5716,7.6076,31.6562,69
688130.SH,晶华微,半导体,电子,21.37,-1.7471,-2.4556,85.9251,27
688131.SH,皓元医药,化学制药,医药生物,73.8,-4.5155,7.9751,65.2745,74
688132.SH,邦彦技术,通信设备,国防军工,17.07,-1.5003,-5.0412,92.1232,19
688133.SH,泰坦科技,化工原料,基础化工,22.15,-2.4659,0.4004,44.2648,77
688135.SH,利扬芯片,半导体,电子,36.0,-3.0695,0.067,85.9251,5
688136.SH,科兴制药,生物制药,医药生物,29.45,-4.1653,9.1892,38.0993,91
688137.SH,近岸蛋白,生物制药,医药生物,48.17,-4.0056,-1.3801,38.1539,24
688138.SH,清溢光电,半导体,电子,29.45,-4.6308,6.8194,49.5358,7
688139.SH,海尔生物,医疗保健,医药生物,33.6,0.8706,5.7328,42.4127,69
688141.SH,杰华特,半导体,电子,71.63,3.0055,-39.9208,85.9251,93
688143.SH,长盈通,通信设备,通信,72.84,-7.5165,2.5827,403.6522,7
688146.SH,中船特气,半导体,电子,70.81,1.0128,1.7419,104.0938,69
688147.SH,微导纳米,专用机械,电力设备,65.03,-4.8852,8.9365,140.907,96
688148.SH,芳源股份,电气设备,电力设备,9.53,-2.5562,11.8771,619.8417,1
688150.SH,莱特光电,元器件,电子,53.35,-4.7321,10.0259,97.6623,1
688151.SH,华强科技,医疗保健,医药生物,21.14,-1.03,0.1058,170.6437,23
688152.SH,麒麟信安,软件服务,计算机,34.35,-1.6605,-1.4765,92.9079,40
688153.SH,唯捷创芯,半导体,电子,34.39,-1.3199,0.2153,329.2257,61
688155.SH,先惠技术,电气设备,电力设备,86.46,-5.4152,16.4444,31.1705,40
688156.SH,路德科技,饲料,农林牧渔,25.42,-3.0511,-1.9517,43.06775,61
688157.SH,松井股份,染料涂料,基础化工,38.09,-2.208,1.8815,272.6744,7
688158.SH,优刻得-W,软件服务,计算机,50.08,1.8507,0.1133,92.9079,89
688159.SH,有方科技,通信设备,通信,47.2,0.3188,9.2455,171.397,95
688160.SH,步科股份,电器仪表,机械设备,105.0,-4.1534,7.0049,131.5846,61
688161.SH,威高骨科,医疗保健,医药生物,31.55,4.4702,6.6348,46.9768,5
688162.SH,巨一科技,专用机械,机械设备,34.6,-3.5674,3.4288,58.593,93
688163.SH,赛伦生物,生物制药,医药生物,40.75,-2.4886,5.7832,85.2769,2
688165.SH,埃夫特-U,专用机械,机械设备,16.76,-2.217,-35.1286,57.75575,40
688166.SH,博瑞医药,化学制药,医药生物,61.18,7.7872,2.2179,474.836,93
688167.SH,炬光科技,元器件,电子,359.0,-8.6514,0.1042,85.9251,5
688168.SH,安博通,软件服务,计算机,85.95,1.0582,1.2161,92.9079,22
688169.SH,石头科技,家用电器,家用电器,118.14,1.1819,10.1438,21.5716,80
688170.SH,德龙激光,专用机械,机械设备,58.44,-5.6506,-1.3781,239.7653,80
688171.SH,纬德信息,软件服务,计算机,54.77,2.2782,0.5301,375.3185,20
688172.SH,燕东微,半导体,电子,40.48,-4.9542,-0.0803,85.9251,12
688173.SH,希荻微,半导体,电子,14.74,-1.5364,-7.8468,85.9251,21
688175.SH,高凌信息,通信设备,国防军工,34.65,-1.8969,-2.3869,92.1232,33
688176.SH,亚虹医药-U,化学制药,医药生物,13.06,-2.099,-23.4862,38.1539,59
688177.SH,百奥泰,生物制药,医药生物,22.27,-1.4602,-37.5521,38.1539,59
688178.SH,万德斯,环境保护,环保,32.25,-4.7267,-3.6427,35.3022,27
688179.SH,阿拉丁,化学制药,基础化工,19.3,0.9942,5.417,64.9258,87
688180.SH,君实生物-U,生物制药,医药生物,40.72,-3.8943,-14.7201,38.1539,40
688181.SH,八亿时空,元器件,电子,37.12,7.1903,3.8727,61.0458,69
688182.SH,灿勤科技,通信设备,通信,31.5,-3.3742,5.4044,104.6835,33
688183.SH,生益电子,元器件,电子,113.6,-2.2375,23.6375,64.1448,93
688185.SH,康希诺,生物制药,医药生物,65.95,-3.975,0.5652,584.5335,69
688186.SH,广大特材,特种钢,电力设备,21.29,-1.4808,0.1115,43.6182,40
688187.SH,时代电气,运输设备,机械设备,52.29,0.5577,9.752,17.3334,93
688188.SH,柏楚电子,专用机械,计算机,139.12,-2.3445,19.2859,36.1046,40
688189.SH,南新制药,化学制药,医药生物,7.26,-2.5503,-7.6151,38.1539,5
688190.SH,云路股份,矿物制品,有色金属,85.95,0.5381,11.4705,35.0352,57
688191.SH,智洋创新,软件服务,电力设备,42.91,2.1423,7.092,159.6482,102
688192.SH,迪哲医药-U,生物制药,医药生物,56.82,-1.9669,-53.86618,38.1539,52
688193.SH,仁度生物,医疗保健,医药生物,58.0,3.0561,0.7664,244.403,80
688195.SH,腾景科技,元器件,电子,363.0,-8.5896,6.7619,665.1281,40
688196.SH,卓越新能,环境保护,基础化工,59.08,1.199,5.8776,44.1726,21
688197.SH,首药控股-U,化学制药,医药生物,38.61,-3.4509,-17.3026,38.1539,57
688198.SH,佰仁医疗,医疗保健,医药生物,103.82,1.0119,15.0082,70.6429,19
688199.SH,久日新材,化工原料,基础化工,27.69,-1.4941,0.1062,160.7551,30
688200.SH,华峰测控,半导体,电子,308.51,2.393,10.3859,77.6725,61
688201.SH,信安世纪,软件服务,计算机,11.25,-3.7639,-2.7913,187.8033,61
688202.SH,美迪西,医疗保健,医药生物,67.87,-3.3053,-8.2382,38.1539,61
688203.SH,海正生材,塑料,基础化工,13.18,4.7695,0.6646,270.7776,5
688205.SH,德科立,通信设备,通信,242.28,-9.597,3.1384,535.9357,22
688206.SH,概伦电子,半导体,计算机,33.45,-2.0211,1.7314,425.0975,17
688207.SH,格灵深瞳,软件服务,计算机,14.16,-2.1424,-6.4464,92.9079,12
688208.SH,道通科技,IT设备,计算机,36.36,-0.1099,25.1987,26.0375,12
688209.SH,英集芯,半导体,电子,22.91,0.9696,5.6197,56.0061,33
688210.SH,统联精密,元器件,电子,46.0,-3.7657,0.4451,85.9251,61
688211.SH,中科微至,专用机械,机械设备,32.81,-0.5758,-2.6463,57.75575,12
688212.SH,澳华内镜,医疗保健,医药生物,38.3,-1.5171,-4.2957,449.9847,89
688213.SH,思特威-W,半导体,电子,92.0,-1.0433,21.2778,36.9661,96
688215.SH,瑞晟智能,专用机械,机械设备,78.55,0.4733,1.9213,139.0159,24
688216.SH,气派科技,半导体,电子,28.26,-3.4506,-12.2011,85.9251,7
688217.SH,睿昂基因,医疗保健,医药生物,27.78,-1.594,-5.7438,38.1539,5
688218.SH,江苏北人,专用机械,机械设备,30.02,0.3007,-3.6831,57.75575,69
688219.SH,会通股份,塑料,基础化工,10.86,-2.3381,6.4795,29.0185,77
688220.SH,翱捷科技-U,半导体,电子,90.7,-1.2628,-7.0072,85.9251,23
688221.SH,前沿生物-U,生物制药,医药生物,18.99,-3.1122,-15.0562,38.1539,15
688222.SH,成都先导,化学制药,医药生物,26.81,-2.5091,6.4863,94.2164,93
688223.SH,晶科能源,电气设备,电力设备,6.73,-0.4438,-12.9177,59.1951,43
688225.SH,亚信安全,软件服务,计算机,16.56,-2.416,-22.9163,92.9079,1
688226.SH,威腾电气,电气设备,电力设备,59.35,-4.8878,0.8192,352.326,93
688227.SH,品高股份,软件服务,计算机,115.5,6.5498,-4.0446,92.9079,15
688228.SH,开普云,软件服务,计算机,105.16,-3.1765,-0.2747,92.9079,19
688229.SH,博睿数据,软件服务,计算机,94.04,-2.2352,-9.9577,92.9079,33
688230.SH,芯导科技,半导体,电子,64.34,-2.3376,1.3256,67.5314,95
688231.SH,隆达股份,航空,有色金属,35.41,3.72,2.7103,118.076,93
688232.SH,新点软件,软件服务,计算机,21.92,-1.9678,0.6599,195.2983,93
688233.SH,神工股份,半导体,电子,81.97,-2.0903,5.5409,136.8126,93
688234.SH,天岳先进,半导体,电子,107.41,3.9183,-3.3366,85.9251,5
688235.SH,百济神州-U,生物制药,医药生物,234.32,-2.8484,5.3296,247.2934,19
688236.SH,春立医疗,医疗保健,医药生物,20.08,-1.3752,9.3893,28.26,1
688237.SH,超卓航科,航空,国防军工,54.38,-1.8943,0.9152,385.0968,23
688238.SH,和元生物,医疗保健,医药生物,6.66,-3.1977,-14.9346,38.1539,93
688239.SH,航宇科技,航空,国防军工,63.15,0.8464,7.7035,64.7598,20
688244.SH,永信至诚,软件服务,计算机,18.92,-2.2727,-5.4993,92.9079,80
688246.SH,嘉和美康,软件服务,计算机,18.76,-0.5829,-11.8187,92.9079,93
688247.SH,宣泰医药,化学制药,医药生物,9.15,-2.0343,4.9177,84.7472,91
688248.SH,南网科技,电气设备,电力设备,59.61,3.3102,13.4699,79.9872,93
688249.SH,晶合集成,半导体,电子,30.14,-3.3045,3.3031,85.9251,1
688251.SH,井松智能,专用机械,计算机,32.51,-2.0193,0.962,99.0104,90
688252.SH,天德钰,半导体,电子,22.47,-1.663,1.8921,43.978,93
688253.SH,英诺特,医疗保健,医药生物,47.86,-0.7877,6.5176,44.8908,23
688255.SH,凯尔达,机械基件,机械设备,29.21,-2.7953,1.0356,99.5944,1
688256.SH,寒武纪,半导体,电子,1323.0,-1.0471,23.8629,270.9216,74
688257.SH,新锐股份,机械基件,机械设备,74.09,-3.9663,9.9213,82.6896,43
688258.SH,卓易信息,软件服务,计算机,119.04,-5.2531,9.1473,180.8537,19
688259.SH,创耀科技,半导体,电子,37.1,-2.214,4.4332,52.2854,27
688260.SH,昀冢科技,元器件,电子,31.1,3.1509,-53.86618,85.9251,61
688261.SH,东微半导,半导体,电子,73.05,-3.831,1.6601,203.2423,89
688262.SH,国芯科技,半导体,电子,35.96,-0.9639,-5.9829,85.9251,22
688265.SH,南模生物,医疗保健,医药生物,42.09,-2.5243,1.5813,101.1826,61
688266.SH,泽璟制药-U,生物制药,医药生物,98.0,-3.1429,-13.961,38.1539,89
688267.SH,中触媒,化工原料,基础化工,28.45,-2.5017,7.3684,25.6067,12
688268.SH,华特气体,化工原料,电子,147.33,6.8383,6.8313,130.6144,61
688269.SH,凯立新材,化工原料,基础化工,39.24,-1.6048,8.1362,46.5044,69
688270.SH,臻镭科技,半导体,电子,158.73,3.286,6.057,255.4885,95
688271.SH,联影医疗,医疗保健,医药生物,116.66,0.2578,5.5033,50.9304,7
688272.SH,富吉瑞,元器件,国防军工,44.05,-1.2553,-10.0005,92.1232,12
688273.SH,麦澜德,医疗保健,医药生物,48.29,-0.4535,1.6885,56.3508,1
688275.SH,万润新能,电气设备,电力设备,142.16,1.9141,-6.4919,59.1951,61
688276.SH,百克生物,生物制药,医药生物,17.73,-2.3678,-0.0903,38.1539,96
688277.SH,天智航-U,医疗保健,医药生物,20.2,-1.7032,-9.063,38.1539,12
688278.SH,特宝生物,生物制药,医药生物,61.15,-2.9827,28.49996,24.2047,61
688279.SH,峰岹科技,半导体,电子,196.32,0.8372,5.7407,103.2231,93
688280.SH,精进电动-UW,汽车配件,汽车,10.74,-4.6181,13.4127,39.1911,57
688281.SH,华秦科技,航空,国防军工,76.06,-1.782,5.2647,66.1435,51
688282.SH,理工导航,通信设备,国防军工,82.53,-6.7879,-0.7233,92.1232,19
688283.SH,坤恒顺维,电器仪表,通信,47.3,1.7204,2.7039,123.1866,19
688285.SH,高铁电气,运输设备,机械设备,9.2,5.2632,0.7235,58.8325,1
688286.SH,敏芯股份,半导体,电子,69.95,-1.9072,3.4842,104.8215,93
688288.SH,鸿泉技术,IT设备,计算机,26.82,-3.871,5.4727,90.9744,22
688289.SH,圣湘生物,医疗保健,医药生物,17.66,-1.2304,2.662,51.6378,61
688290.SH,景业智能,专用机械,机械设备,54.48,-0.4932,-0.5995,57.75575,80
688291.SH,金橙子,软件服务,计算机,42.84,-2.08,3.92,119.2674,27
688292.SH,浩瀚深度,通信设备,计算机,22.94,-3.5324,-0.8785,92.9079,2
688293.SH,奥浦迈,生物制药,医药生物,49.74,-6.1509,1.987,166.1303,11
688295.SH,中复神鹰,化纤,基础化工,65.03,7.2041,2.0581,608.4894,95
688296.SH,和达科技,软件服务,计算机,13.74,-1.5759,-10.8275,92.9079,22
688297.SH,中无人机,航空,国防军工,47.26,-2.6971,0.2946,360.0742,96
688298.SH,东方生物,医疗保健,医药生物,22.11,-1.3387,-3.2698,38.1539,12
688299.SH,长阳科技,元器件,电子,17.02,-2.4083,-7.1121,85.9251,14
688300.SH,联瑞新材,矿物制品,基础化工,90.05,-5.5882,18.2149,74.3027,14
688301.SH,奕瑞科技,医疗保健,医药生物,117.48,-1.0945,11.9921,38.2163,24
688302.SH,海创药业-U,生物制药,医药生物,47.13,4.7566,-8.6472,38.1539,19
688303.SH,大全能源,电气设备,电力设备,23.34,0.2147,-2.8521,59.1951,14
688305.SH,科德数控,机床制造,机械设备,58.32,-2.1477,4.7591,87.4795,93
688306.SH,均普智能,专用机械,机械设备,9.46,-0.8386,0.6784,950.5593,2
688307.SH,中润光学,元器件,计算机,94.68,-5.0446,7.1504,133.3168,21
688308.SH,欧科亿,机械基件,机械设备,92.28,-6.9007,1.9945,141.1309,100
688309.SH,恒誉环保,环境保护,环保,65.74,-14.3564,5.374,77.1252,23
688310.SH,迈得医疗,医疗保健,机械设备,16.23,-0.3683,1.0938,40.8672,6
688311.SH,盟升电子,元器件,国防军工,39.18,-3.0198,-0.9924,92.1232,5
688312.SH,燕麦科技,专用机械,机械设备,67.15,-3.2839,9.252,71.7397,80
688313.SH,仕佳光子,通信设备,通信,139.3,-4.576,7.2443,159.312,22
688314.SH,康拓医疗,医疗保健,医药生物,45.9,-1.6077,14.5867,37.7786,61
688315.SH,诺禾致源,医疗保健,医药生物,14.19,-1.4583,6.4926,36.3389,22
688316.SH,青云科技-U,软件服务,计算机,76.85,0.4444,-53.86618,92.9079,7
688317.SH,之江生物,医疗保健,医药生物,20.07,-1.714,-0.8357,38.1539,61
688318.SH,财富趋势,软件服务,计算机,112.93,-2.2928,8.4649,91.7035,33
688319.SH,欧林生物,生物制药,医药生物,28.85,-4.5966,2.435,525.8144,7
688320.SH,禾川科技,电器仪表,机械设备,30.83,-2.0648,-7.1398,57.75575,61
688321.SH,微芯生物,化学制药,医药生物,30.27,-2.4178,3.1781,263.1094,69
688322.SH,奥比中光-UW,元器件,电子,79.81,-3.4362,4.3774,250.2957,61
688323.SH,瑞华泰,塑料,基础化工,21.19,-3.5503,-6.8789,44.2648,33
688325.SH,赛微微电,半导体,电子,120.58,-1.1477,3.6136,106.6994,87
688326.SH,经纬恒润-W,汽车配件,计算机,120.7,-1.9178,-1.8471,145.4414,96
688327.SH,云从科技-UW,软件服务,计算机,13.33,1.0614,-1.7528,92.9079,61
688328.SH,深科达,专用机械,机械设备,41.22,-6.3182,2.9769,159.4485,7
688329.SH,艾隆科技,专用机械,机械设备,20.93,-1.5985,2.4181,168.0324,61
688330.SH,宏力达,电气设备,电力设备,49.45,-6.5217,15.6526,10.8578,61
688331.SH,荣昌生物,生物制药,医药生物,134.9,-4.9665,25.3672,107.3036,22
688332.SH,中科蓝讯,半导体,电子,125.06,-3.0016,28.49996,10.6552,22
688333.SH,铂力特,机械基件,机械设备,85.03,-3.9209,3.1949,111.1232,89
688334.SH,西高院,电气设备,社会服务,21.47,-1.378,8.7467,27.3276,22
688335.SH,复洁科技,环境保护,环保,34.24,-1.3256,0.2096,458.9596,27
688336.SH,三生国健,生物制药,医药生物,79.32,-4.5028,28.49996,16.9098,5
688337.SH,普源精电,电器仪表,机械设备,66.93,3.4787,0.7302,123.0521,15
688338.SH,赛科希德,医疗保健,医药生物,29.88,-1.2231,3.8995,36.3945,51
688339.SH,亿华通-U,汽车配件,电力设备,24.93,-0.8353,-12.9077,59.1951,34
688343.SH,云天励飞-U,软件服务,计算机,94.25,-1.8229,-7.6229,92.9079,5
688345.SH,博力威,电气设备,电力设备,54.35,-1.3612,5.1499,98.3813,20
688347.SH,华虹公司,半导体,电子,123.59,-4.4456,0.8486,570.2269,12
688348.SH,昱能科技,电气设备,电力设备,52.14,-1.6226,1.8399,59.1951,24
688349.SH,三一重能,电气设备,电力设备,24.74,-1.3163,1.2588,28.0194,22
688350.SH,富淼科技,化工原料,基础化工,27.49,-0.6146,1.0752,258.8893,14
688351.SH,微电生理,医疗保健,医药生物,24.05,-0.4965,2.8829,221.5627,14
688352.SH,颀中科技,半导体,电子,12.58,-1.1783,4.3863,85.9251,17
688353.SH,华盛锂电,化工原料,电力设备,115.77,-9.0288,0.3843,1392.918,40
688355.SH,明志科技,机械基件,机械设备,23.55,-4.2294,4.1068,36.6048,22
688356.SH,键凯科技,化学制药,医药生物,105.1,-3.3208,3.1759,100.5527,2
688357.SH,建龙微纳,化工原料,基础化工,37.03,-1.4111,5.3784,37.6074,93
688358.SH,祥生医疗,医疗保健,医药生物,28.79,-2.2743,6.6594,27.709,33
688359.SH,三孚新科,化工原料,电子,95.19,-2.4693,-8.7965,85.9251,5
688360.SH,德马科技,机械基件,机械设备,18.12,-2.0541,7.6941,51.1148,69
688361.SH,中科飞测,半导体,电子,167.12,-2.7694,-0.5896,1013.9811,93
688362.SH,甬矽电子,半导体,电子,45.95,-3.9707,1.0135,225.2617,93
688363.SH,华熙生物,医疗保健,美容护理,42.99,0.8445,4.2035,70.9014,19
688365.SH,光云科技,软件服务,计算机,18.99,-3.0133,-1.5791,92.9079,5
688366.SH,昊海生科,医疗保健,医药生物,39.1,0.7732,4.565,35.8245,2
688367.SH,工大高科,运输设备,机械设备,41.2,-1.5532,1.6946,444.5921,7
688368.SH,晶丰明源,半导体,电子,142.63,-6.4967,2.9007,232.5162,61
688369.SH,致远互联,软件服务,计算机,23.66,-2.8337,-24.7783,92.9079,93
688370.SH,丛麟科技,环境保护,环保,24.54,-1.6433,0.5805,140.4521,93
688371.SH,菲沃泰,元器件,电子,21.1,-2.3148,1.5588,234.3052,61
688372.SH,伟测科技,半导体,电子,143.07,-5.3457,10.8548,79.1629,24
688373.SH,盟科药业-U,化学制药,医药生物,5.89,-2.6446,-53.86618,38.1539,69
688375.SH,国博电子,元器件,国防军工,131.99,-2.8771,8.0233,155.0028,33
688376.SH,美埃科技,专用机械,环保,69.4,-3.5575,7.5682,80.6703,19
688377.SH,迪威尔,专用机械,机械设备,41.25,1.0782,6.4818,67.2675,61
688378.SH,奥来德,专用机械,电子,38.79,-3.6273,4.2565,79.8808,89
688379.SH,华光新材,机械基件,机械设备,61.28,0.7895,17.345,30.9466,40
688380.SH,中微半导,半导体,电子,46.59,-2.7552,9.2106,65.6377,95
688381.SH,帝奥微,半导体,电子,27.4,2.9688,-2.4966,85.9251,22
688382.SH,益方生物-U,生物制药,医药生物,22.63,-2.7921,-18.9349,38.1539,1
688383.SH,新益昌,专用机械,机械设备,99.8,-3.0409,0.5664,57.75575,24
688385.SH,复旦微电,半导体,电子,75.08,-1.2105,3.863,266.1853,40
688386.SH,泛亚微透,化工原料,基础化工,77.5,-3.2459,13.9149,71.1026,1
688387.SH,信科移动-U,通信设备,通信,17.7,-1.3928,-2.6692,114.6508,51
688388.SH,嘉元科技,电气设备,电力设备,47.0,-6.9307,0.8239,375.5682,14
688389.SH,普门科技,医疗保健,医药生物,12.57,-2.9344,1.5231,33.0392,57
688390.SH,固德威,电气设备,电力设备,91.78,-0.5957,2.9682,163.954,24
688391.SH,钜泉科技,半导体,电子,29.61,-2.1481,2.3901,79.5606,80
688392.SH,骄成超声,专用机械,电力设备,139.94,-1.9891,6.7303,137.7807,95
688393.SH,安必平,医疗保健,医药生物,22.88,-1.9288,-0.8677,38.1539,69
688395.SH,正弦电气,机械基件,机械设备,26.18,-2.204,3.8349,56.029,95
688396.SH,华润微,半导体,电子,52.69,2.0926,2.3252,105.8138,2
688398.SH,赛特新材,矿物制品,基础化工,30.63,0.4592,2.2284,205.9935,69
688399.SH,硕世生物,医疗保健,医药生物,62.36,0.2572,-1.3296,38.1539,80
688400.SH,凌云光,专用机械,机械设备,47.1,-6.8065,3.3392,140.3195,89
688401.SH,路维光电,半导体,电子,63.3,-9.3253,16.5042,48.5704,2
688403.SH,汇成股份,半导体,电子,16.35,-6.9966,4.5846,102.1217,69
688408.SH,中信博,电气设备,电力设备,42.34,-0.0944,-0.2373,59.1951,33
688409.SH,富创精密,半导体,电子,102.47,-0.3501,0.8156,85.9251,96
688410.SH,山外山,医疗保健,医药生物,15.99,-0.4359,6.0404,35.7083,23
688411.SH,海博思创,电气设备,电力设备,226.5,0.7159,16.3374,42.9815,2
688416.SH,恒烁股份,半导体,电子,103.8,1.9747,-7.5585,85.9251,77
688418.SH,震有科技,通信设备,通信,46.69,-8.1629,-5.3047,114.6508,59
688419.SH,耐科装备,半导体,电子,46.93,-3.3766,7.8445,66.9201,43
688420.SH,美腾科技,专用机械,机械设备,24.3,-2.4488,-0.4147,57.75575,61
688425.SH,铁建重工,工程机械,机械设备,4.83,-0.8214,8.2058,17.3704,14
688426.SH,康为世纪,生物制药,医药生物,19.45,-2.75,-5.3329,38.1539,80
688428.SH,诺诚健华,生物制药,医药生物,28.38,-4.7651,8.891,77.9504,14
688429.SH,时创能源,电气设备,电力设备,14.23,-1.9972,-16.287,59.1951,12
688432.SH,有研硅,半导体,电子,15.46,-1.5287,4.7229,92.3624,23
688433.SH,华曙高科,专用机械,机械设备,82.5,-1.8558,3.4398,496.8471,19
688435.SH,英方软件,软件服务,计算机,40.07,-1.8373,-1.3293,92.9079,5
688439.SH,振华风光,元器件,国防军工,51.48,-1.19,1.8386,76.1838,1
688443.SH,智翔金泰-U,生物制药,医药生物,31.19,-0.4151,-16.9956,38.1539,89
688448.SH,磁谷科技,专用机械,机械设备,62.63,-0.3976,0.9765,472.3903,23
688449.SH,联芸科技,半导体,电子,46.41,-3.0094,7.8637,150.1747,59
688450.SH,光格科技,电器仪表,机械设备,46.9,-1.2632,-4.5174,57.75575,93
688455.SH,科捷智能,机械基件,机械设备,23.1,-2.5316,-6.2205,122.1625,2
688456.SH,有研粉材,铜,有色金属,56.87,-2.3356,4.2088,83.1338,23
688458.SH,美芯晟,半导体,电子,36.07,-1.8503,0.5517,85.9251,22
688459.SH,哈铁科技,运输设备,机械设备,9.28,-1.1715,3.2351,40.0974,19
688466.SH,金科环境,环境保护,环保,17.1,-0.1168,3.5426,55.2804,19
688468.SH,科美诊断,医疗保健,医药生物,7.2,-0.9629,2.9427,65.0334,93
688469.SH,芯联集成-U,半导体,电子,6.66,-1.9146,-4.6924,85.9251,80
688472.SH,阿特斯,电气设备,电力设备,13.02,-0.1534,4.2641,46.446,82
688475.SH,萤石网络,IT设备,计算机,30.18,-0.5929,3.1057,38.8874,1
688478.SH,晶升股份,半导体,电子,44.44,5.5081,-0.7239,85.9251,52
688479.SH,友车科技,软件服务,计算机,36.2,-1.8438,2.247,122.4361,69
688480.SH,赛恩斯,环境保护,环保,91.97,-3.5145,6.8276,79.7118,12
688484.SH,南芯科技,半导体,电子,37.08,0.027,4.7721,66.6004,27
688485.SH,九州一轨,运输设备,机械设备,44.75,-5.8885,-1.3629,57.75575,43
688486.SH,龙迅股份,半导体,电子,74.44,-1.9236,2.4123,54.6869,21
688488.SH,艾迪药业,生物制药,医药生物,18.09,-0.6044,-2.0079,38.1539,27
688489.SH,三未信安,IT设备,计算机,38.66,-2.4723,-2.3683,92.9079,80
688496.SH,清越科技,元器件,电子,5.32,-4.1441,-4.3103,85.9251,19
688498.SH,源杰科技,半导体,电子,1394.99,-4.7171,8.6684,627.9787,5
688499.SH,利元亨,专用机械,电力设备,53.45,-4.2972,2.25,175.0965,52
688500.SH,慧辰股份,互联网,计算机,48.28,-3.44,-5.404,92.9079,80
688501.SH,青达环保,环境保护,环保,26.51,0.9136,16.8269,18.8254,12
688502.SH,茂莱光学,元器件,电子,487.55,-2.1416,3.7984,555.6332,21
688503.SH,聚和材料,电气设备,电力设备,90.87,-3.3504,8.6945,52.4055,96
688505.SH,复旦张江,化学制药,医药生物,7.72,-1.0256,-7.1226,38.1539,69
688506.SH,百利天恒,化学制药,医药生物,287.52,-2.6742,-8.945,38.1539,5
688507.SH,索辰科技,软件服务,计算机,94.5,-2.6777,-2.71,261.7474,69
688508.SH,芯朋微,半导体,电子,73.99,2.7639,0.5017,61.1233,80
688509.SH,正元地信,软件服务,计算机,4.46,-1.1086,-4.9437,92.9079,93
688510.SH,航亚科技,航空,国防军工,34.28,5.7046,1.6447,97.4496,40
688512.SH,慧智微-U,半导体,电子,12.46,-2.7322,-6.9176,85.9251,1
688513.SH,苑东生物,化学制药,医药生物,64.5,-3.4431,1.7172,41.5105,12
688515.SH,裕太微-U,半导体,电子,129.36,-2.3698,-8.1998,85.9251,33
688516.SH,奥特维,专用机械,电力设备,78.56,-1.3065,11.413,63.7838,1
688517.SH,金冠电气,电气设备,电力设备,21.83,-4.8802,7.3269,36.7193,40
688518.SH,联赢激光,专用机械,机械设备,28.29,-5.5741,3.4051,56.0638,33
688519.SH,南亚新材,元器件,电子,147.12,-8.0155,9.0582,143.7184,22
688520.SH,神州细胞,生物制药,医药生物,41.52,-3.1491,-53.86618,38.1539,69
688521.SH,芯原股份,半导体,电子,235.5,-6.1566,-19.0552,85.9251,59
688522.SH,纳睿雷达,通信设备,国防军工,34.73,-3.3936,1.1361,92.1232,52
688523.SH,航天环宇,航空,国防军工,70.81,-0.0706,3.106,671.1432,21
688525.SH,佰维存储,半导体,电子,264.3,-5.9431,28.49996,31.5083,15
688526.SH,科前生物,农业综合,农林牧渔,14.88,-1.1952,10.238,16.5646,22
688528.SH,秦川物联,电器仪表,机械设备,11.11,-2.0282,-13.4154,57.75575,77
688529.SH,豪森智能,专用机械,机械设备,19.13,0.7903,-53.86618,57.75575,59
688530.SH,欧莱新材,半导体,电子,36.66,-7.9588,-4.8146,85.9251,76
688533.SH,上声电子,汽车配件,汽车,26.42,-1.8938,8.2441,23.6742,69
688535.SH,华海诚科,半导体,电子,121.18,-4.8823,1.5097,479.7523,21
688536.SH,思瑞浦,半导体,电子,212.82,2.4059,3.0045,169.8648,69
688538.SH,和辉光电-U,半导体,电子,2.23,-1.7621,-14.6489,85.9251,24
688539.SH,高华科技,电器仪表,电子,42.6,-2.3831,2.9878,130.1539,95
688543.SH,国科军工,专用机械,国防军工,69.34,-2.2416,10.5075,58.7246,33
688545.SH,兴福电子,元器件,电子,51.5,-2.0913,8.7917,89.6442,69
688548.SH,广钢气体,化工原料,电子,30.05,0.7713,3.4175,138.5665,22
688549.SH,中巨芯-U,元器件,电子,9.74,-0.2049,-0.5502,85.9251,80
688550.SH,瑞联新材,化工原料,电子,42.54,0.3539,8.9581,23.7921,12
688551.SH,科威尔,专用机械,电力设备,49.45,-3.418,3.9614,64.0574,40
688552.SH,航天南湖,通信设备,国防军工,46.12,-9.4976,-0.1503,92.1232,33
688553.SH,汇宇制药-W,化学制药,医药生物,19.18,-0.7246,-1.3179,38.1539,22
688556.SH,高测股份,专用机械,电力设备,13.42,-4.7551,-1.0648,59.1951,51
688557.SH,兰剑智能,专用机械,机械设备,34.89,3.3166,9.1098,32.7267,33
688558.SH,国盛智科,机床制造,机械设备,33.3,-1.0989,9.3874,27.9523,3
688559.SH,海目星,专用机械,机械设备,57.1,-3.2695,-32.6546,57.75575,69
688560.SH,明冠新材,电气设备,电力设备,16.14,-3.6993,-2.7355,59.1951,74
688561.SH,奇安信-U,软件服务,计算机,30.05,-1.2812,-7.2958,92.9079,69
688562.SH,航天软件,软件服务,计算机,19.65,-1.9461,-0.6538,92.9079,93
688563.SH,航材股份,航空,国防军工,60.0,0.5699,5.162,50.354,24
688565.SH,力源科技,环境保护,环保,12.39,-1.3535,0.9699,191.8543,43
688566.SH,吉贝尔,化学制药,医药生物,29.52,-6.2857,8.5484,22.7597,33
688567.SH,孚能科技,电气设备,电力设备,13.67,-1.796,-3.9468,59.1951,15
688568.SH,中科星图,软件服务,计算机,62.61,-2.507,0.7712,1393.4236,12
688569.SH,铁科轨道,运输设备,机械设备,20.53,-4.556,0.6048,25.8322,52
688570.SH,天玛智控,专用机械,机械设备,17.78,-0.9471,2.2631,78.6908,21
688571.SH,杭华股份,染料涂料,基础化工,8.03,-0.8642,4.8105,31.3919,20
688573.SH,信宇人,专用机械,电力设备,21.1,-2.8545,-21.5994,59.1951,20
688575.SH,亚辉龙,医疗保健,医药生物,14.1,-0.8439,2.2133,335.4251,77
688576.SH,西山科技,医疗保健,医药生物,71.0,0.5951,2.4916,61.8185,17
688577.SH,浙海德曼,机床制造,机械设备,68.38,-1.7246,3.0721,160.4547,19
688578.SH,艾力斯,化学制药,医药生物,96.37,-1.4521,28.49996,17.9597,94
688579.SH,地纬智能,软件服务,计算机,10.9,-2.2422,4.3263,72.5177,102
688580.SH,伟思医疗,医疗保健,医药生物,59.27,-2.114,6.2186,41.5449,77
688581.SH,安杰思,医疗保健,医药生物,58.16,3.5613,9.024,21.2277,93
688582.SH,芯动联科,元器件,电子,62.04,-1.944,12.5184,82.1457,15
688583.SH,思看科技,电器仪表,机械设备,115.6,-2.2823,8.8855,107.021,17
688584.SH,上海合晶,半导体,电子,20.6,-0.7707,3.0312,109.9757,87
688585.SH,上纬新材,化工原料,基础化工,121.44,-4.0,3.145,1192.2484,69
688586.SH,江航装备,航空,国防军工,13.98,-1.1315,2.2136,201.092,89
688588.SH,凌志软件,软件服务,计算机,11.89,-1.8977,7.788,46.8213,89
688589.SH,力合微,半导体,电子,21.95,-2.747,1.9421,155.1009,12
688590.SH,新致软件,软件服务,计算机,14.43,-2.4341,2.0888,92.9079,33
688591.SH,泰凌微,半导体,电子,33.94,-3.6343,0.339,81.826,80
688592.SH,司南导航,通信设备,通信,45.94,-1.8376,-2.4353,253.1528,80
688593.SH,新相微,半导体,电子,31.46,-0.3484,0.5236,1393.4236,7
688595.SH,芯海科技,半导体,电子,33.82,-1.0532,-14.0659,85.9251,33
688596.SH,正帆科技,专用机械,机械设备,32.13,-1.8332,-0.6818,123.89,80
688597.SH,煜邦电力,电器仪表,电力设备,9.85,-4.0896,4.1231,43.4856,93
688598.SH,金博股份,矿物制品,电力设备,23.67,-1.9876,-5.4324,59.1951,5
688599.SH,天合光能,电气设备,电力设备,16.23,-0.5515,-17.3916,59.1951,1
688600.SH,皖仪科技,电器仪表,机械设备,27.9,-0.8881,3.3194,65.9559,51
688601.SH,力芯微,半导体,电子,50.26,-0.9265,2.9497,181.204,43
688602.SH,康鹏科技,化工原料,基础化工,7.93,-2.2195,-0.142,44.2648,7
688603.SH,天承科技,化工原料,电子,92.8,-4.1322,5.2465,138.3941,14
688605.SH,先锋精科,半导体,电子,64.61,-2.7397,12.0865,69.2221,21
688606.SH,奥泰生物,医疗保健,医药生物,56.64,-0.9963,0.4954,25.175,12
688607.SH,康众医疗,医疗保健,医药生物,68.56,-2.4612,0.0404,38.1539,1
688608.SH,恒玄科技,半导体,电子,169.5,-1.4535,8.7629,48.1375,93
688609.SH,九联科技,家用电器,家用电器,9.32,3.4406,-13.2071,35.6124,23
688610.SH,埃科光电,电器仪表,机械设备,116.85,-1.2924,4.3098,124.2162,1
688611.SH,杭州柯林,电气设备,电力设备,64.0,-1.5687,-0.3468,59.1951,20
688612.SH,威迈斯,汽车配件,汽车,32.29,-1.3745,3.5533,22.9971,12
688613.SH,奥精医疗,医疗保健,医药生物,19.74,-2.9499,0.9825,205.6598,5
688615.SH,合合信息,软件服务,计算机,183.61,-3.0007,16.2792,56.602,89
688616.SH,西力科技,电器仪表,电力设备,13.75,-2.8955,7.8918,23.7582,40
688617.SH,惠泰医疗,医疗保健,医药生物,247.79,-1.5613,28.49996,42.5874,69
688618.SH,三旺通信,通信设备,通信,39.54,-2.1287,4.0109,119.1326,34
688619.SH,罗普特,软件服务,计算机,16.16,-3.7522,-29.1652,92.9079,12
688620.SH,安凯微,半导体,电子,12.12,0.1653,-1.5298,85.9251,2
688621.SH,阳光诺和,医疗保健,医药生物,61.15,-2.5964,14.4319,34.928,69
688622.SH,禾信仪器,电器仪表,机械设备,79.02,-7.3731,-9.6413,57.75575,27
688623.SH,双元科技,专用机械,机械设备,95.2,-1.3982,2.4593,87.3082,15
688625.SH,呈和科技,化工原料,基础化工,70.8,-1.2552,16.1258,47.3443,5
688626.SH,翔宇医疗,医疗保健,医药生物,58.1,-3.4081,2.1637,118.1209,15
688627.SH,精智达,专用机械,机械设备,276.37,-4.3702,3.7979,397.15,95
688628.SH,优利德,电器仪表,机械设备,100.9,5.566,10.762,73.9724,5
688629.SH,华丰科技,元器件,国防军工,128.75,-3.9179,21.8497,165.5258,21
688630.SH,芯碁微装,专用机械,机械设备,240.95,-6.4853,13.2663,109.4837,74
688631.SH,莱斯信息,软件服务,计算机,58.53,3.0458,-2.667,173.2283,69
688633.SH,星球石墨,专用机械,机械设备,28.0,-0.8147,4.9837,24.1915,19
688636.SH,智明达,元器件,国防军工,46.77,-1.8262,1.2692,72.8106,33
688638.SH,誉辰智能,专用机械,电力设备,42.22,-2.6516,-11.481,59.1951,80
688639.SH,华恒生物,化学制药,基础化工,28.28,-2.751,1.5782,57.3137,33
688648.SH,中邮科技,机床制造,机械设备,57.83,-1.9831,28.49996,12.4958,23
688651.SH,盛邦安全,软件服务,计算机,37.5,-2.1143,-5.6625,92.9079,95
688652.SH,京仪装备,半导体,电子,106.16,-3.7359,6.9192,120.5667,40
688653.SH,康希通信,半导体,电子,13.35,-2.3409,-2.0715,85.9251,93
688655.SH,迅捷兴,元器件,电子,36.1,-5.2493,-3.347,85.9251,22
688656.SH,浩欧博,医疗保健,医药生物,139.0,1.0983,2.843,380.3183,1
688657.SH,浩辰软件,软件服务,计算机,51.24,-0.4662,3.5858,66.0797,12
688658.SH,悦康药业,化学制药,医药生物,19.84,0.202,-7.6134,38.1539,32
688659.SH,元琛科技,环境保护,基础化工,9.72,-2.3116,1.0069,44.2648,94
688660.SH,电气风电,电气设备,电力设备,12.34,-2.7581,-6.734,59.1951,87
688661.SH,和林微纳,元器件,电子,111.04,-6.8925,2.4455,566.116,69
688662.SH,富信科技,元器件,电子,68.8,-8.0828,4.6179,152.2032,27
688663.SH,新风光,电气设备,电力设备,68.94,5.4935,6.9109,102.2218,93
688665.SH,四方光电,电器仪表,机械设备,47.57,-1.3275,12.1485,36.3358,33
688667.SH,菱电电控,汽车配件,汽车,152.64,-1.7508,7.9617,59.3032,61
688668.SH,鼎通科技,通信设备,通信,235.37,3.2325,3.9806,122.3339,22
688669.SH,聚石化学,化工原料,基础化工,27.46,-1.0094,0.4416,44.2648,95
688670.SH,金迪克,生物制药,医药生物,16.87,-1.5753,-15.0179,38.1539,22
688671.SH,碧兴物联,环境保护,环保,21.23,-1.0256,-8.0692,35.3022,96
688676.SH,金盘科技,电气设备,电力设备,92.53,-1.2487,13.6268,64.5055,12
688677.SH,海泰新光,医疗保健,医药生物,100.52,4.1658,10.406,70.2202,61
688678.SH,福立旺,元器件,电子,23.56,-0.3384,3.2318,172.0142,40
688679.SH,通源环境,环境保护,环保,55.4,0.6175,-3.7286,35.3022,61
688680.SH,海优新材,塑料,电力设备,50.01,-2.2096,-36.1767,59.1951,7
688681.SH,科汇股份,电气设备,电力设备,18.71,-2.4505,7.8544,41.776,69
688682.SH,霍莱沃,软件服务,国防军工,47.91,-4.5618,1.0554,92.1232,33
688683.SH,莱尔科技,元器件,电子,43.4,5.5447,3.7898,168.0652,51
688685.SH,迈信林,航空,国防军工,44.38,-2.8033,7.1895,381.9074,33
688686.SH,奥普特,电器仪表,机械设备,105.0,-3.8109,6.2293,68.9374,5
688687.SH,凯因科技,生物制药,医药生物,20.75,-2.5364,5.6331,119.7082,95
688689.SH,银河微电,半导体,电子,38.3,1.5376,5.905,53.5968,27
688690.SH,纳微科技,化工原料,医药生物,33.32,-0.5373,7.4414,98.928,1
688691.SH,灿芯股份,半导体,电子,98.0,-5.4054,-8.4751,85.9251,5
688692.SH,达梦数据,软件服务,计算机,255.55,-0.0313,14.8945,56.015,80
688693.SH,锴威特,半导体,电子,82.3,-6.9636,-10.681,85.9251,95
688695.SH,中创股份,软件服务,计算机,23.2,-2.398,-2.4539,92.9079,23
688696.SH,极米科技,家用电器,家用电器,89.84,-1.253,4.8101,43.8533,21
688697.SH,纽威数控,机床制造,机械设备,16.33,-0.1223,16.974,24.5466,21
688698.SH,伟创电气,电气设备,机械设备,66.62,-4.0472,11.8317,54.2603,52
688699.SH,明微电子,半导体,电子,45.0,-2.4073,-2.1648,85.9251,40
688700.SH,东威科技,专用机械,机械设备,64.35,-1.0,4.8377,148.3854,14
688701.SH,卓锦股份,环境保护,环保,9.01,-1.2061,-30.1841,35.3022,93
688702.SH,盛科通信-U,半导体,电子,252.6,12.3715,-0.7631,85.9251,77
688707.SH,振华新材,电气设备,电力设备,16.48,-1.9048,-7.8282,59.1951,93
688708.SH,佳驰科技,化工原料,国防军工,53.58,-1.1621,7.6311,49.1318,23
688709.SH,成都华微,半导体,电子,42.55,-3.4491,2.2027,176.4119,1
688710.SH,益诺思,生物制药,医药生物,67.99,-4.0096,-0.6254,38.1539,93
688711.SH,宏微科技,半导体,电子,27.48,-3.2054,0.499,335.9027,93
688712.SH,北芯生命-U,医疗保健,医药生物,39.86,-1.8952,6.8601,206.1676,21
688716.SH,中研股份,化工原料,基础化工,32.2,-3.6217,0.8856,330.2183,43
688717.SH,艾罗能源,电气设备,电力设备,109.89,0.549,3.3593,151.9263,96
688718.SH,唯赛勃,塑料,基础化工,16.0,-1.7199,3.4787,60.2966,93
688719.SH,爱科赛博,电气设备,电力设备,56.89,-0.923,-1.0416,59.1951,23
688720.SH,艾森股份,半导体,电子,77.3,-4.6973,3.4748,135.0032,40
688721.SH,龙图光罩,半导体,电子,43.19,-5.2227,4.6435,102.7994,89
688722.SH,同益中,化纤,基础化工,17.35,-1.4764,7.9012,35.6062,1
688726.SH,拉普拉斯,专用机械,电力设备,59.98,-2.5824,15.5897,39.717,5
688727.SH,恒坤新材,半导体,电子,50.59,-1.6524,4.7877,221.4823,74
688728.SH,格科微,半导体,电子,13.26,-1.4859,0.6436,684.5769,5
688729.SH,屹唐股份,半导体,电子,22.7,-2.0708,7.5829,100.0198,91
688733.SH,壹石通,矿物制品,电力设备,28.46,-3.0324,-1.0265,59.1951,33
688737.SH,中自科技,汽车配件,汽车,30.05,-0.3977,-3.141,37.8809,12
688739.SH,成大生物,生物制药,医药生物,23.81,-0.7089,1.3934,75.2383,69
688750.SH,金天钛业,小金属,有色金属,18.61,-2.8198,2.4167,145.2122,7
688755.SH,汉邦科技,专用机械,医药生物,37.09,-2.0855,7.0089,54.7752,61
688757.SH,胜科纳米,电器仪表,社会服务,26.25,-3.8109,9.9189,169.9513,61
688758.SH,赛分科技,化工原料,医药生物,20.18,-5.6568,2.5917,60.7626,23
688759.SH,必贝特-U,生物制药,医药生物,34.94,-2.9444,-42.5142,38.1539,23
688765.SH,禾元生物-U,生物制药,医药生物,61.85,-1.1665,-15.2854,38.1539,96
688766.SH,普冉股份,半导体,电子,266.13,-2.6947,8.9542,189.8621,59
688767.SH,博拓生物,医疗保健,医药生物,36.06,0.0,0.9378,115.0738,33
688768.SH,容知日新,电器仪表,机械设备,46.17,-3.7122,2.5596,48.415,7
688772.SH,珠海冠宇,电气设备,电力设备,16.66,-2.6869,6.3494,39.9915,33
688775.SH,影石创新,IT设备,电子,194.59,-0.8711,17.7799,80.9387,1
688776.SH,国光电气,元器件,国防军工,81.87,-2.3846,-2.1833,92.1232,19
688777.SH,中控技术,专用机械,机械设备,67.0,-2.0754,4.3465,120.073,45
688778.SH,厦钨新能,电气设备,电力设备,79.91,-6.5708,2.3653,46.9912,23
688779.SH,五矿新能,电气设备,电力设备,10.96,-1.7921,-0.2858,92.7218,22
688781.SH,视涯科技-UW,元器件,电子,38.91,-2.4812,-15.8577,85.9251,20
688783.SH,西安奕材-U,半导体,电子,22.91,0.3504,-1.2828,85.9251,23
688785.SH,恒运昌,半导体,电子,289.9,-2.1501,22.3595,171.5936,5
688786.SH,悦安新材,小金属,有色金属,32.21,-2.6888,8.4283,53.1262,1
688787.SH,海天瑞声,软件服务,计算机,135.53,-0.616,0.5672,580.8996,93
688788.SH,科思科技,通信设备,国防军工,55.95,-2.814,-14.534,92.1232,80
688789.SH,宏华数科,专用机械,机械设备,69.6,-0.8829,15.7203,23.7482,33
688790.SH,昂瑞微-UW,半导体,电子,135.9,-3.617,-4.2119,85.9251,69
688793.SH,倍轻松,家用电器,家用电器,20.7,-1.4286,-20.2976,35.6124,93
688795.SH,摩尔线程-U,半导体,电子,605.62,-3.6711,-53.86618,85.9251,95
688796.SH,百奥赛图,生物制药,医药生物,99.41,1.2116,11.5122,256.5024,93
688798.SH,艾为电子,半导体,电子,68.92,-0.7631,7.8088,50.6837,95
688799.SH,华纳药厂,化学制药,医药生物,56.61,-2.1435,1.3052,33.1961,5
688800.SH,瑞可达,元器件,电子,91.5,-4.1885,13.0795,62.9262,43
688802.SH,沐曦股份-U,半导体,电子,670.0,-4.4904,-11.0075,85.9251,12
688805.SH,健信超导,医疗保健,医药生物,54.0,-2.4038,8.8551,120.5941,51
688807.SH,优迅股份,半导体,电子,338.0,-6.5937,7.0755,306.8332,24
688809.SH,强一股份,半导体,电子,404.5,-7.4371,23.2364,131.6831,22
688811.SH,N有研,小金属,有色金属,23.97,-4.3877,8.8791,174.5293,22
688813.SH,泰金新能,专用机械,机械设备,75.18,0.0532,28.49996,58.9326,5
688816.SH,易思维,专用机械,机械设备,65.3,-3.5308,15.049,83.228,1
688818.SH,电科蓝天,航空,国防军工,69.72,-2.1886,8.881,370.2687,27
688819.SH,天能股份,电气设备,电力设备,35.82,-0.3062,9.6589,21.8796,23
688820.SH,,,电子,88.6,-6.7368,6.5705,179.2954,12
688981.SH,中芯国际,半导体,电子,105.98,-1.7521,3.3716,168.4737,7
689009.SH,九号公司-WD,摩托车,汽车,43.85,-3.6899,26.4058,18.0236,5
920000.BJ,安徽凤凰,汽车配件,汽车,16.32,-2.0408,10.4319,22.6255,5
920001.BJ,纬达光电,元器件,电子,15.5,-3.6669,-2.655,85.9251,1
920002.BJ,万达轴承,工程机械,机械设备,85.5,-2.9071,6.8156,62.0731,57
920003.BJ,中诚咨询,建筑工程,建筑装饰,31.98,2.5,6.4951,19.1844,93
920005.BJ,鼎佳精密,元器件,电子,36.03,-3.3789,9.9025,49.5645,17
920006.BJ,晟楠科技,航空,国防军工,22.68,-2.9525,3.9728,258.4941,19
920007.BJ,酉立智能,电气设备,电力设备,55.59,-2.5933,19.6714,27.0209,22
920008.BJ,成电光信,通信设备,国防军工,26.29,-3.0605,1.7321,103.3631,21
920009.BJ,丹娜生物,医疗保健,医药生物,66.48,-2.1057,17.1277,37.6736,15
920010.BJ,凯添燃气,供气供热,公用事业,12.48,0.0802,4.0185,91.0833,15
920011.BJ,晨光电机,电气设备,电力设备,25.6,-4.1916,18.4842,22.6367,5
920012.BJ,创达新材,元器件,电子,60.18,-7.1726,11.4844,45.2446,61
920014.BJ,特瑞斯,专用机械,公用事业,12.66,-0.4717,2.7316,174.377,95
920015.BJ,锦华新材,化工原料,基础化工,41.96,-3.6288,12.7425,29.2101,7
920016.BJ,中草香料,日用化工,基础化工,17.19,-0.6932,5.1067,61.2421,22
920017.BJ,星昊医药,化学制药,医药生物,17.37,-0.9692,5.4355,20.4631,33
920018.BJ,宏远股份,电气设备,电力设备,28.92,-2.1651,14.1796,34.6194,40
920019.BJ,铜冠矿建,建筑工程,建筑装饰,18.33,-2.9131,4.9748,89.7302,22
920020.BJ,泰凯英,汽车配件,汽车,15.75,-2.5974,18.8198,20.3672,61
920021.BJ,流金科技,影视音像,传媒,10.05,-5.0992,-1.9376,308.3438,28
920022.BJ,世昌股份,汽车配件,汽车,26.96,-2.2125,21.1833,23.6126,1
920023.BJ,田野股份,食品,农林牧渔,3.09,-2.2152,2.1848,85.6821,61
920026.BJ,卓兆点胶,机械基件,机械设备,36.86,-3.7849,8.6221,58.5088,33
920027.BJ,交大铁发,运输设备,机械设备,18.0,-1.3699,5.5379,32.3768,5
920028.BJ,新恒泰,塑料,基础化工,16.19,-3.4586,15.3962,23.9232,95
920029.BJ,开发科技,电器仪表,电力设备,85.95,-1.6703,19.4711,16.8908,74
920030.BJ,德众汽车,汽车服务,汽车,5.66,-2.0761,-6.9574,37.8809,22
920033.BJ,康普化学,化工原料,基础化工,15.38,-1.347,3.018,82.9296,61
920035.BJ,精创电气,专用机械,机械设备,37.0,-3.5705,12.3459,36.0684,59
920036.BJ,觅睿科技,IT设备,计算机,48.04,-5.0593,26.2295,33.034,93
920037.BJ,广信科技,电气设备,电力设备,75.54,-2.9049,28.49996,34.923,80
920039.BJ,国义招标,建筑工程,社会服务,9.7,-2.1191,5.52,45.4697,93
920045.BJ,蘅东光,通信设备,通信,590.0,-5.5532,28.49996,133.0623,69
920046.BJ,亿能电力,电气设备,电力设备,26.82,0.5247,4.9474,180.7891,93
920047.BJ,诺思兰德,生物制药,医药生物,26.94,-7.5815,-11.7555,38.1539,24
920050.BJ,爱舍伦,医疗保健,医药生物,33.63,-0.2077,11.8128,24.3583,33
920055.BJ,隆源股份,汽车配件,汽车,35.09,-1.7087,19.3406,16.6804,5
920056.BJ,能之光,塑料,基础化工,22.16,-3.1892,12.023,32.8969,5
920057.BJ,百甲科技,钢加工,建筑装饰,6.22,-1.1129,1.1465,120.0495,80
920058.BJ,华洋赛车,摩托车,汽车,27.75,-2.2887,13.919,31.0153,80
920060.BJ,万源通,元器件,电子,34.45,-2.8209,11.8599,41.9995,77
920061.BJ,西磁科技,专用机械,机械设备,23.6,-4.685,0.4527,360.5423,23
920062.BJ,科润智控,电气设备,电力设备,10.36,-3.1776,2.7468,122.8473,80
920066.BJ,科拜尔,塑料,基础化工,21.92,-2.1429,5.589,48.7026,5
920068.BJ,天工股份,小金属,有色金属,20.73,-4.7335,11.8211,97.1138,6
920069.BJ,普昂医疗,医疗保健,医药生物,36.93,-4.8686,16.1428,21.7666,6
920075.BJ,柏星龙,广告包装,轻工制造,21.3,-2.4725,5.3847,63.6764,96
920076.BJ,国亮新材,其他建材,建筑材料,20.6,-3.0132,7.3334,21.3373,2
920077.BJ,吉林碳谷,化纤,基础化工,18.25,-3.1316,7.0377,60.057,11
920078.BJ,族兴新材,小金属,有色金属,27.61,-6.4068,4.5619,40.4893,5
920080.BJ,奥美森,专用机械,机械设备,23.46,-0.9709,11.6358,28.1683,15
920082.BJ,方正阀门,机械基件,机械设备,15.3,-1.9859,11.2057,38.7125,80
920086.BJ,科马材料,汽车配件,汽车,30.83,-3.5357,13.6816,28.2628,80
920087.BJ,秋乐种业,种植业,农林牧渔,14.68,-0.9447,-2.986,193.2458,80
920088.BJ,科力股份,石油开采,石油石化,52.36,4.6991,4.6018,81.355,93
920089.BJ,禾昌聚合,塑料,基础化工,18.59,-2.3121,13.9023,16.844,40
920091.BJ,大鹏工业,专用机械,机械设备,59.0,-5.2057,14.6554,93.5747,2
920092.BJ,汉鑫科技,软件服务,计算机,30.63,-3.6792,-10.306,92.9079,1
920098.BJ,科隆新材,橡胶,基础化工,26.33,-2.8413,6.4475,36.4063,21
920099.BJ,瑞华技术,石油加工,基础化工,33.4,3.2777,6.6601,24.3611,15
920100.BJ,三协电机,电气设备,电力设备,49.15,-3.495,12.4593,60.2774,91
920101.BJ,志高机械,专用机械,机械设备,34.73,-1.9204,10.7303,25.8265,87
920106.BJ,林泰新材,汽车配件,汽车,66.33,-5.378,27.6947,26.5861,27
920108.BJ,宏海科技,家用电器,家用电器,11.4,-0.8696,5.1533,117.3465,15
920110.BJ,雷特科技,电气设备,电力设备,34.94,-2.7554,12.3368,30.1335,61
920111.BJ,聚星科技,电气设备,电力设备,37.6,16.4087,9.3541,31.0124,61
920112.BJ,巴兰仕,专用机械,机械设备,33.51,-1.4412,21.0145,19.4351,69
920116.BJ,星图测控,软件服务,计算机,98.62,-4.4843,18.9778,156.2705,93
920118.BJ,太湖远大,塑料,电力设备,20.71,-2.4494,3.7641,40.361,72
920119.BJ,美德乐,专用机械,电力设备,93.22,-4.8678,23.9032,24.7785,22
920121.BJ,江天科技,广告包装,轻工制造,36.16,-2.2967,18.216,21.813,61
920122.BJ,中纺标,综合类,社会服务,26.4,-2.7624,4.9003,113.0642,61
920123.BJ,芭薇股份,日用化工,美容护理,13.81,1.0241,7.3076,39.7568,61
920124.BJ,南特科技,机械基件,家用电器,16.09,-2.1884,11.5098,24.1173,61
920128.BJ,胜业电气,元器件,电子,25.02,-2.9857,3.581,109.1194,19
920130.BJ,立方控股,软件服务,计算机,19.82,-3.7397,-2.745,92.9079,87
920132.BJ,泰鹏智能,家居用品,轻工制造,13.63,-2.5036,3.7131,61.7203,33
920139.BJ,华岭股份,半导体,电子,18.28,-4.1929,-5.2193,85.9251,12
920145.BJ,恒合股份,环境保护,环保,14.68,-3.1023,-2.3915,35.3022,69
920146.BJ,华阳变速,汽车配件,汽车,6.99,-2.7816,0.1069,37.8809,5
920149.BJ,旭杰科技,建筑工程,建筑装饰,10.23,-2.2923,-29.1902,40.5447,27
920152.BJ,昆工科技,小金属,电力设备,15.5,-4.2027,-15.6221,59.1951,12
920158.BJ,长江能科,专用机械,机械设备,17.08,-0.6399,11.9191,44.7399,27
920159.BJ,农大科技,农药化肥,基础化工,42.68,6.1164,27.4197,22.5137,7
920160.BJ,北矿检测,电器仪表,社会服务,22.97,-2.7931,18.4778,33.6952,19
920163.BJ,方大新材,塑料,轻工制造,12.59,-2.8549,9.19,36.5113,69
920166.BJ,海圣医疗,医疗保健,医药生物,28.27,-2.685,18.8866,24.8039,15
920167.BJ,同享科技,小金属,电力设备,17.21,-2.2159,1.912,87.2819,24
920168.BJ,通宝光电,汽车配件,汽车,21.65,-3.5205,11.3736,20.3307,22
920169.BJ,七丰精工,机械基件,机械设备,29.78,-2.7115,8.7382,79.7758,12
920171.BJ,志晟信息,软件服务,计算机,20.69,-5.1787,-1.8518,433.027,20
920174.BJ,五新隧装,工程机械,机械设备,38.61,-2.9899,8.2522,42.0685,80
920175.BJ,东方碳素,化工原料,基础化工,10.26,-2.8409,-16.658,44.2648,20
920177.BJ,,,机械设备,34.55,-7.9403,21.9043,22.8221,6
920179.BJ,凯德石英,矿物制品,电子,50.5,-8.3983,3.2571,156.7864,22
920180.BJ,爱得科技,医疗保健,医药生物,16.21,-3.5119,14.2891,24.6265,69
920181.BJ,N赛英,元器件,电子,86.89,4.9776,20.8227,42.6173,19
920183.BJ,海菲曼,IT设备,电子,38.9,-4.0691,28.49996,25.4507,14
920184.BJ,国源科技,软件服务,计算机,16.06,-3.0779,2.1653,98.2993,40
920185.BJ,贝特瑞,化工原料,电力设备,31.3,-1.8809,6.2206,39.6147,59
920187.BJ,通领科技,汽车配件,汽车,37.2,-2.0795,20.8142,15.7421,1
920188.BJ,悦龙科技,橡胶,基础化工,25.39,-3.7893,19.7819,23.3413,1
920190.BJ,雷神科技,IT设备,计算机,22.58,-2.8817,2.6756,98.627,19
920191.BJ,,,建筑材料,12.63,-4.2456,14.58,24.1859,15
920195.BJ,三祥科技,汽车配件,汽车,19.83,-1.6369,10.4255,17.5651,93
920198.BJ,微创光电,IT设备,计算机,8.79,-1.7877,-10.0368,92.9079,61
920199.BJ,倍益康,家用电器,家用电器,33.87,-3.7511,0.7579,580.7738,24
920204.BJ,沪江材料,塑料,轻工制造,15.8,-3.0675,3.5889,71.3922,69
920207.BJ,众诚科技,软件服务,计算机,31.96,-3.298,-3.3665,1393.4236,80
920208.BJ,青矩技术,建筑工程,建筑装饰,23.92,-1.5233,1.6235,16.6886,94
920212.BJ,智新电子,元器件,电子,11.98,-2.443,2.5082,120.4339,22
920221.BJ,易实精密,汽车配件,汽车,14.85,-2.0449,11.7479,28.774,61
920223.BJ,荣亿精密,机械基件,机械设备,18.29,-5.2332,-7.8055,57.75575,96
920225.BJ,利通科技,橡胶,基础化工,29.09,-5.6132,11.8465,44.357,89
920227.BJ,美登科技,软件服务,计算机,60.86,-3.8395,10.4768,54.705,61
920230.BJ,欧康医药,生物制药,医药生物,11.88,-3.6496,2.7937,104.106,22
920237.BJ,力佳科技,电气设备,电力设备,20.06,-5.1537,1.3291,43.5097,14
920239.BJ,长虹能源,电气设备,电力设备,30.24,-3.0769,18.353,22.1503,61
920242.BJ,建邦科技,汽车配件,汽车,25.79,-2.0137,13.4377,20.0881,89
920245.BJ,威博液压,机械基件,机械设备,25.46,-1.0878,3.7601,79.9654,12
920247.BJ,华密新材,橡胶,汽车,21.45,-3.9839,9.3135,77.7536,27
920249.BJ,利尔达,元器件,通信,10.24,-6.6545,1.9201,79.7842,80
920252.BJ,天宏锂电,电气设备,电力设备,27.3,-3.8394,2.6059,290.148,1
920260.BJ,中寰股份,专用机械,机械设备,10.14,-0.9766,5.7643,24.9425,69
920261.BJ,一诺威,化工原料,基础化工,15.79,3.6089,11.7244,23.5754,19
920262.BJ,太湖雪,纺织,纺织服饰,20.4,-1.4969,2.6539,35.0344,29
920263.BJ,中航泰达,环境保护,环保,11.7,-4.1769,3.4252,86.6835,94
920266.BJ,生物谷,中成药,医药生物,8.24,-0.6031,-3.9136,38.1539,5
920267.BJ,鑫汇科,元器件,电子,19.35,-2.7149,0.4982,85.9251,1
920270.BJ,天铭科技,汽车配件,汽车,16.08,-1.4706,8.6459,46.6394,5
920271.BJ,邦德股份,汽车配件,汽车,14.43,-1.0966,16.7797,18.8628,7
920273.BJ,一致魔芋,食品,农林牧渔,24.05,0.8386,10.3632,37.1866,87
920274.BJ,宏裕包材,广告包装,轻工制造,22.27,-2.963,3.7957,98.2565,59
920275.BJ,驱动力,农业综合,农林牧渔,7.41,-2.5,1.6744,259.3526,5
920278.BJ,鹿得医疗,医疗保健,医药生物,7.99,-1.9632,4.5217,73.7179,23
920284.BJ,灵鸽科技,专用机械,机械设备,32.12,-3.6882,2.3246,57.75575,69
920299.BJ,灿能电力,电气设备,电力设备,23.65,-2.9146,1.06,90.7194,69
920300.BJ,辰光医疗,医疗保健,医药生物,11.9,-2.379,-8.8504,38.1539,7
920304.BJ,迪尔化工,化工原料,基础化工,11.99,-1.3169,1.6999,38.155,20
920339.BJ,恒太照明,家用电器,家用电器,8.25,-0.722,6.6819,85.8233,95
920344.BJ,三元基因,生物制药,医药生物,21.78,-1.8034,0.8241,516.4068,93
920346.BJ,威贸电子,元器件,电子,21.2,-2.7523,7.4159,35.2551,23
920351.BJ,华光源海,仓储物流,交通运输,17.16,-2.9412,4.4463,78.8359,61
920357.BJ,雅葆轩,元器件,电子,26.75,0.9434,16.8626,28.7507,33
920363.BJ,莱赛激光,电器仪表,机械设备,17.09,-1.4418,1.2518,326.765,2
920367.BJ,新赣江,化学制药,医药生物,18.85,-3.3333,3.0562,91.5235,23
920368.BJ,连城数控,专用机械,电力设备,34.61,-6.206,2.2643,103.7916,93
920370.BJ,新安洁,环境保护,环保,3.43,-2.8329,-6.024,35.3022,99
920371.BJ,欧福蛋业,食品,农林牧渔,9.95,1.0152,11.5142,23.7491,69
920374.BJ,云里物里,通信设备,通信,20.32,-4.5113,3.3069,106.3322,93
920375.BJ,派诺科技,电气设备,电力设备,13.7,-2.9057,-1.1592,160.8391,5
920378.BJ,泰德股份,汽车配件,汽车,8.79,-2.2247,4.4104,53.2892,93
920392.BJ,佳合科技,广告包装,轻工制造,20.69,-1.8966,4.9095,76.6034,40
920394.BJ,民士达,造纸,轻工制造,48.19,-3.0577,3.6939,55.3221,5
920395.BJ,朗鸿科技,IT设备,机械设备,9.92,-2.8404,18.5356,36.8011,95
920396.BJ,常辅股份,电器仪表,机械设备,29.77,-3.187,7.9415,52.6243,15
920402.BJ,硅烷科技,化工原料,基础化工,9.35,-2.1967,-7.0441,44.2648,29
920403.BJ,康农种业,种植业,农林牧渔,22.96,1.5929,-1.2241,28.4082,96
920405.BJ,海希通讯,电器仪表,机械设备,19.85,-5.1147,6.027,47.307,24
920407.BJ,驰诚股份,电器仪表,机械设备,18.3,-3.072,7.1898,83.2608,7
920414.BJ,欧普泰,电器仪表,电力设备,12.43,-2.7387,-5.4746,59.1951,61
920415.BJ,恒拓开源,软件服务,计算机,12.76,-3.26,4.548,72.2644,89
920418.BJ,苏轴股份,汽车配件,汽车,25.48,-2.5249,17.3332,27.4688,22
920419.BJ,路斯股份,饲料,农林牧渔,13.78,-1.8519,8.0994,23.0026,89
920422.BJ,润普食品,食品,基础化工,11.59,-1.0248,3.2139,54.8848,69
920425.BJ,乐创技术,专用机械,机械设备,19.9,-2.832,9.1345,41.8954,14
920427.BJ,华维设计,建筑工程,建筑装饰,12.25,-2.7778,1.1595,40.5447,40
920429.BJ,康比特,食品,食品饮料,13.61,3.7348,1.7301,43.4482,61
920433.BJ,大唐药业,中成药,医药生物,5.15,-1.7176,-9.1245,38.1539,22
920436.BJ,大地电气,汽车配件,汽车,14.3,-3.0508,-3.5395,37.8809,1
920438.BJ,戈碧迦,元器件,电子,43.6,-13.2684,2.2477,223.6149,95
920445.BJ,龙竹科技,家居用品,轻工制造,10.04,-2.6188,7.624,60.3765,95
920454.BJ,同心传动,汽车配件,汽车,14.56,-0.8174,8.4228,54.1523,22
920455.BJ,汇隆活塞,专用机械,机械设备,7.88,-1.99,7.8702,51.3543,27
920469.BJ,富恒新材,塑料,基础化工,9.01,-3.9446,-0.6651,44.2648,61
920471.BJ,美邦科技,化工原料,基础化工,13.55,5.3655,-1.1081,44.2648,80
920475.BJ,三友科技,专用机械,机械设备,13.35,-2.7677,-2.0286,57.75575,40
920476.BJ,海能技术,电器仪表,机械设备,21.0,-3.7139,9.1504,42.4587,1
920478.BJ,峆一药业,化学制药,医药生物,16.75,-1.9895,10.0087,26.2807,19
920489.BJ,佳先股份,化工原料,基础化工,15.57,0.7767,0.8481,44.2648,27
920491.BJ,奥迪威,元器件,电子,26.53,-2.8205,9.0443,39.8231,22
920493.BJ,并行科技,软件服务,计算机,166.62,-3.2123,3.0734,814.2747,19
920496.BJ,许昌智能,电气设备,电力设备,9.22,-2.537,4.3113,141.0922,19
920504.BJ,博迅生物,医疗保健,医药生物,22.27,-1.3729,7.4561,64.7031,33
920505.BJ,九菱科技,机械基件,机械设备,39.8,-5.0799,5.0435,153.7964,5
920508.BJ,殷图网联,电气设备,电力设备,20.01,-2.6751,-0.371,525.9494,23
920509.BJ,同惠电子,电器仪表,机械设备,31.73,-4.829,3.0498,72.0931,5
920510.BJ,丰光精密,机械基件,机械设备,15.12,-3.4483,-2.1943,57.75575,15
920519.BJ,万德股份,化工原料,基础化工,12.04,-0.4959,2.1934,49.7431,5
920522.BJ,纳科诺尔,专用机械,电力设备,58.2,-4.5902,6.2137,138.3956,11
920523.BJ,德瑞锂电,电气设备,电力设备,23.93,-3.4691,22.2663,16.6926,105
920526.BJ,凯华材料,化工原料,电子,23.58,-9.3077,6.3795,135.3405,7
920527.BJ,夜光明,化工原料,纺织服饰,17.64,-0.7874,2.2278,59.9394,89
920533.BJ,骏创科技,汽车配件,汽车,23.6,-2.5196,10.0845,84.8691,96
920541.BJ,铁大科技,运输设备,机械设备,12.3,-1.6,3.9598,22.7812,87
920547.BJ,无锡晶海,化学制药,医药生物,23.32,-2.7523,7.0892,28.8802,69
920553.BJ,凯腾精工,专用机械,机械设备,8.91,-2.7293,6.5502,55.9042,96
920556.BJ,雅达股份,电器仪表,电力设备,9.66,-1.7294,3.9139,56.2558,95
920564.BJ,天润科技,软件服务,计算机,26.34,-3.5165,-3.0608,379.8362,61
920566.BJ,梓橦宫,化学制药,医药生物,10.59,-1.3966,7.0624,18.3328,89
920570.BJ,坤博精工,机械基件,机械设备,29.45,-1.6366,1.3241,149.797,1
920571.BJ,国航远洋,水运,交通运输,10.39,-2.2578,2.0435,208.2272,85
920575.BJ,康乐卫士,生物制药,医药生物,7.21,-5.6283,-52.2921,38.1539,61
920576.BJ,天力复合,小金属,有色金属,78.48,-6.2254,5.0204,387.7443,96
920578.BJ,巨能股份,专用机械,机械设备,19.24,-3.268,0.7707,57.75575,1
920579.BJ,机科股份,机械基件,机械设备,18.2,-3.243,-7.5955,57.75575,33
920580.BJ,科创新材,其他建材,建筑材料,14.08,1.0768,5.2679,68.4256,33
920592.BJ,华信永道,软件服务,计算机,31.86,-3.6298,-9.0444,92.9079,33
920593.BJ,鼎智科技,机械基件,机械设备,27.66,-3.1173,3.8172,182.1949,12
920599.BJ,同力股份,工程机械,机械设备,19.12,-1.0864,25.0141,10.5361,14
920608.BJ,丰安股份,机械基件,机械设备,16.86,-0.8235,5.7881,30.8611,74
920627.BJ,力王股份,电气设备,电力设备,19.98,-3.8499,5.874,70.5095,91
920634.BJ,新威凌,铅锌,有色金属,22.21,0.0901,6.3701,80.0293,20
920639.BJ,晨光电缆,电气设备,电力设备,7.76,-3.2419,3.8924,85.5483,59
920640.BJ,富士达,通信设备,通信,37.8,-5.1205,8.6435,91.297,21
920641.BJ,格利尔,矿物制品,家用电器,18.96,-3.0179,4.6372,160.5904,95
920642.BJ,通易航天,航空,国防军工,12.29,-3.0757,-7.0449,92.1232,61
920651.BJ,天罡股份,电器仪表,机械设备,28.5,-4.3624,14.7653,22.6329,27
920656.BJ,海昇药业,化学制药,医药生物,16.48,-1.5532,10.2438,21.6022,98
920662.BJ,方盛股份,机械基件,机械设备,25.76,-4.451,4.3444,113.7126,19
920663.BJ,明阳科技,汽车配件,汽车,15.68,-3.9216,21.914,24.531,57
920665.BJ,科强股份,橡胶,基础化工,11.22,-2.773,4.478,44.8794,43
920670.BJ,数字人,软件服务,医药生物,17.27,-4.6909,3.3336,224.0661,20
920675.BJ,秉扬科技,矿物制品,基础化工,9.78,-2.004,7.8282,35.1923,24
920679.BJ,前进科技,机械基件,机械设备,18.19,-0.7638,2.8622,52.2019,12
920682.BJ,球冠电缆,电气设备,电力设备,8.95,-1.6484,8.4977,30.0561,33
920685.BJ,新芝生物,电器仪表,机械设备,12.61,-2.3994,3.8239,32.8024,69
920689.BJ,克莱特,专用机械,机械设备,30.08,2.3129,11.4828,40.0751,95
920690.BJ,捷众科技,汽车配件,汽车,25.57,-2.9602,9.3659,23.0344,95
920693.BJ,阿为特,机械基件,机械设备,29.57,-5.2851,1.0657,576.8143,69
920694.BJ,中裕科技,塑料,基础化工,17.55,-2.5,10.5158,25.7895,80
920699.BJ,海达尔,家用电器,家用电器,43.4,1.3545,19.5342,31.2271,21
920701.BJ,豪声电子,元器件,电子,15.88,-2.337,8.4872,31.1023,24
920703.BJ,广厦环能,专用机械,机械设备,13.65,-2.0803,7.0715,22.7033,5
920706.BJ,铁拓机械,工程机械,机械设备,23.7,-5.5024,8.3816,45.452,69
920717.BJ,瑞星股份,专用机械,机械设备,9.25,-0.8574,0.659,342.0148,19
920718.BJ,合肥高科,家用电器,家用电器,13.08,-1.949,6.8275,30.3981,95
920719.BJ,宁新新材,化工原料,基础化工,12.52,1.4587,-18.2749,44.2648,7
920720.BJ,吉冈精密,机械基件,机械设备,12.34,-2.9874,9.2433,53.2228,2
920725.BJ,惠丰钻石,矿物制品,机械设备,31.25,-3.4003,-2.0232,57.75575,80
920726.BJ,朱老六,食品,食品饮料,19.13,-2.9427,4.4953,63.2488,95
920729.BJ,永顺生物,农业综合,农林牧渔,8.15,-0.9721,4.5768,54.9255,20
920735.BJ,德源药业,化学制药,医药生物,31.13,-1.674,19.6391,15.4141,69
920748.BJ,路桥信息,软件服务,计算机,35.94,-3.878,-13.0733,92.9079,69
920751.BJ,惠同新材,小金属,有色金属,23.46,-3.0178,11.8648,43.8293,1
920753.BJ,天纺标,纺织,社会服务,18.87,-2.0249,5.8252,46.718,93
920765.BJ,美之高,家居用品,轻工制造,14.77,-2.4439,-1.3707,38.3958,87
920768.BJ,拾比佰,家用电器,家用电器,12.3,0.3263,7.9428,25.2698,80
920770.BJ,艾能聚,电气设备,电力设备,16.11,-0.062,7.5042,46.3853,1
920779.BJ,武汉蓝电,电器仪表,电力设备,33.88,-3.9138,12.5274,43.1955,17
920781.BJ,瑞奇智造,专用机械,机械设备,7.57,-2.1964,-3.3217,57.75575,77
920786.BJ,骑士乳业,乳制品,食品饮料,8.55,0.5882,6.433,36.4667,59
920790.BJ,联迪信息,软件服务,计算机,26.01,-5.6241,2.3529,272.3757,69
920792.BJ,东和新材,其他建材,建筑材料,11.45,-2.6361,5.0182,25.254,1
920799.BJ,艾融软件,软件服务,计算机,36.0,-3.3557,12.7564,115.3186,12
920802.BJ,保丽洁,环境保护,环保,14.41,-2.2388,5.7155,47.6205,43
920806.BJ,云星宇,软件服务,计算机,11.81,-0.5892,1.6505,46.5371,74
920807.BJ,奔朗新材,机械基件,机械设备,11.94,-3.9421,3.204,93.0428,80
920808.BJ,曙光数创,IT设备,计算机,81.88,-4.9234,4.9851,443.8221,69
920809.BJ,安达科技,电气设备,电力设备,7.84,-2.6087,-14.3731,59.1951,69
920810.BJ,春光智能,专用机械,机械设备,11.71,-0.5098,1.7884,773.0274,93
920819.BJ,颖泰生物,农药化肥,基础化工,3.57,-0.5571,-5.2282,44.2648,5
920821.BJ,则成电子,元器件,电子,25.25,-3.2196,2.8417,197.5816,95
920826.BJ,盖世食品,食品,食品饮料,10.67,-0.1871,13.1331,31.51,19
920832.BJ,齐鲁华信,化工原料,基础化工,6.93,-0.8584,0.1688,44.2648,15
920833.BJ,美心翼申,汽车配件,机械设备,16.76,5.4088,4.732,47.7338,1
920834.BJ,三维装备,塑料,基础化工,12.24,-2.3923,12.8586,31.2125,22
920837.BJ,华原股份,汽车配件,汽车,12.9,-1.8265,13.6828,26.0644,61
920839.BJ,万通液压,工程机械,机械设备,34.24,-2.7273,20.1509,32.2427,96
920855.BJ,浙江大农,机床制造,机械设备,15.83,-3.2396,1.1031,43.5422,61
920856.BJ,浩淼科技,专用机械,机械设备,13.39,-3.6691,3.8644,71.9321,93
920857.BJ,泓禧科技,元器件,电子,23.64,-2.5155,-2.2457,85.9251,57
920866.BJ,绿亨科技,农药化肥,基础化工,7.58,-1.5584,4.1787,42.6055,1
920870.BJ,恒进感应,机床制造,机械设备,14.76,-1.5344,3.6457,120.1808,22
920871.BJ,派特尔,塑料,汽车,13.16,-2.0104,5.2535,102.3149,23
920873.BJ,中设咨询,建筑工程,建筑装饰,8.16,-4.0,-11.1636,40.5447,23
920876.BJ,慧为智能,元器件,电子,24.89,-4.0108,2.5841,244.4264,87
920879.BJ,基康技术,电器仪表,机械设备,21.45,-4.6243,13.4432,43.4628,14
920885.BJ,星辰科技,电器仪表,机械设备,20.45,-3.5377,8.5867,103.0824,93
920892.BJ,广咨国际,建筑工程,建筑装饰,15.13,-1.4974,24.9176,23.9424,5
920895.BJ,花溪科技,农用机械,机械设备,17.02,-1.5616,0.035,57.75575,15
920896.BJ,旺成科技,汽车配件,汽车,17.48,-6.3739,14.2631,28.7758,80
920906.BJ,舜宇精工,汽车配件,汽车,23.53,-4.3885,6.4909,45.8032,33
920914.BJ,远航精密,小金属,电力设备,24.52,-4.5914,4.3885,43.9913,5
920924.BJ,广脉科技,通信设备,通信,21.23,-3.2802,5.5842,130.9081,1
920925.BJ,锦好医疗,医疗保健,医药生物,16.98,-2.6376,4.2273,109.0743,27
920926.BJ,鸿智科技,家用电器,家用电器,14.61,-3.1167,7.6519,43.8883,69
920931.BJ,无锡鼎邦,化工机械,机械设备,12.23,-0.9717,2.6882,109.04,80
920932.BJ,科达自控,软件服务,计算机,15.41,-3.5066,0.3204,92.9079,69
920942.BJ,恒立钻具,机械基件,机械设备,25.4,-3.7149,4.2863,72.9499,19
920943.BJ,优机股份,机械基件,机械设备,20.54,-3.839,11.3943,28.6659,93
920946.BJ,森萱医药,化学制药,医药生物,10.07,-1.9474,10.7045,32.6964,80
920950.BJ,迅安科技,元器件,机械设备,16.1,-2.1277,13.5922,29.5506,1
920953.BJ,国子软件,软件服务,计算机,30.41,-3.4603,11.6901,58.1086,19
920957.BJ,汉维科技,化工原料,基础化工,11.4,-0.8696,1.241,249.6329,80
920961.BJ,创远信科,电器仪表,机械设备,23.7,-5.1621,0.4594,972.3575,69
920964.BJ,润农节水,建筑工程,农林牧渔,6.02,-2.1138,-1.9038,43.06775,20
920970.BJ,大禹生物,饲料,农林牧渔,7.28,-2.9333,-3.7208,43.06775,87
920971.BJ,天马新材,化工原料,基础化工,28.25,-5.9587,8.3018,77.7886,61
920974.BJ,凯大催化,化工原料,基础化工,7.63,-1.8018,4.0459,48.4838,61
920976.BJ,视声智能,通信设备,计算机,30.48,-2.6509,24.5734,32.1223,69
920978.BJ,开特股份,汽车配件,汽车,27.87,-4.2268,23.7335,28.9757,22
920981.BJ,晶赛科技,元器件,电子,42.0,-0.803,1.9008,331.6548,61
920982.BJ,锦波生物,医疗保健,美容护理,195.25,4.7591,28.49996,34.5015,61
920985.BJ,海泰新能,电气设备,电力设备,6.64,-3.4884,-20.2922,59.1951,61
920992.BJ,中科美菱,医疗保健,医药生物,15.87,-0.9981,0.963,76.3877,7
